alpha delta seed estrategia n n_tips n_grupos k_view k_hon k_att sin_hon gan_att gan_frac captura
0.1 4.0 11 instant 406 6 5 1 1 None 0 0 1.0 0
0.1 4.0 11 retraso20 406 6 5 1 1 None 0 0 1.0 0
0.1 4.0 11 retraso60 406 7 2 0 0 None 0 0 1.0 0
0.1 4.0 11 retraso20_parasita5 406 6 5 1 1 None 0 0 1.0 0
0.1 4.0 11 retraso60_parasita5 406 9 2 0 0 None 0 0 1.0 0
0.1 4.0 11 parasita5 406 6 5 1 1 None 0 0 1.0 0
0.1 4.0 11 sp 406 6 5 1 1 None 0 0 1.0 0
0.1 4.0 11 retraso20_sp 406 6 5 1 1 None 0 0 1.0 0
0.1 4.0 11 retraso60_sp 406 8 2 0 0 None 0 0 1.0 0
0.1 4.0 11 privada_inf 406 43 2 0 0 None 0 0 0.9873417721518988 0
0.1 4.0 11 hook20 406 6 5 1 1 None 0 0 1.0 0
0.1 4.0 11 retro500 406 6 5 1 1 None 0 0 1.0 0
0.1 4.0 23 instant 418 4 4 1 1 None 0 0 0.6666666666666666 0
0.1 4.0 23 retraso20 418 5 2 0 0 None 0 0 1.0 0
0.1 4.0 23 retraso60 418 5 2 0 0 None 0 1 0.8 1
0.1 4.0 23 retraso20_parasita5 418 5 2 0 0 None 0 0 1.0 0
0.1 4.0 23 retraso60_parasita5 418 10 2 0 0 None 0 0 1.0 0
0.1 4.0 23 parasita5 418 4 2 0 0 None 0 0 1.0 0
0.1 4.0 23 sp 418 4 4 1 1 None 0 0 0.6666666666666666 0
0.1 4.0 23 retraso20_sp 418 5 2 0 0 None 0 0 1.0 0
0.1 4.0 23 retraso60_sp 418 9 2 0 0 None 0 0 1.0 0
0.1 4.0 23 privada_inf 418 38 2 0 0 None 0 0 0.9873417721518988 0
0.1 4.0 23 hook20 418 5 2 0 0 None 0 0 1.0 0
0.1 4.0 23 retro500 418 4 2 0 0 None 0 0 1.0 0
0.1 4.0 37 instant 421 5 4 1 1 None 0 0 0.75 0
0.1 4.0 37 retraso20 421 6 2 0 0 None 0 1 0.7142857142857143 1
0.1 4.0 37 retraso60 421 6 2 0 0 None 0 1 0.7142857142857143 1
0.1 4.0 37 retraso20_parasita5 421 7 3 0 0 None 0 0 1.0 0
0.1 4.0 37 retraso60_parasita5 421 9 2 0 0 None 0 0 1.0 0
0.1 4.0 37 parasita5 421 5 2 1 1 None 0 0 1.0 0
0.1 4.0 37 sp 421 5 4 1 1 None 0 0 0.75 0
0.1 4.0 37 retraso20_sp 421 6 2 1 1 None 0 0 0.875 0
0.1 4.0 37 retraso60_sp 421 8 2 0 0 None 0 0 1.0 0
0.1 4.0 37 privada_inf 421 41 2 0 0 None 0 0 0.9878048780487805 0
0.1 4.0 37 hook20 421 5 4 1 1 None 0 0 0.75 0
0.1 4.0 37 retro500 421 5 2 1 1 None 0 0 1.0 0
0.1 4.0 41 instant 382 3 3 1 1 None 0 0 0.6666666666666666 0
0.1 4.0 41 retraso20 382 4 2 0 0 None 0 0 1.0 0
0.1 4.0 41 retraso60 382 4 2 0 0 None 0 0 1.0 0
0.1 4.0 41 retraso20_parasita5 382 6 2 0 0 None 0 0 1.0 0
0.1 4.0 41 retraso60_parasita5 382 10 2 0 0 None 0 0 1.0 0
0.1 4.0 41 parasita5 382 4 2 0 0 None 0 0 1.0 0
0.1 4.0 41 sp 382 3 3 1 1 None 0 0 0.6666666666666666 0
0.1 4.0 41 retraso20_sp 382 5 3 0 0 None 0 0 1.0 0
0.1 4.0 41 retraso60_sp 382 9 2 0 0 None 0 1 0.9166666666666666 1
0.1 4.0 41 privada_inf 382 43 3 0 0 None 0 1 0.987012987012987 1
0.1 4.0 41 hook20 382 4 2 0 0 None 0 0 1.0 0
0.1 4.0 41 retro500 382 4 2 0 0 None 0 0 1.0 0
0.1 4.0 59 instant 383 2 2 0 0 None 0 0 0.6666666666666666 0
0.1 4.0 59 retraso20 383 3 3 0 0 None 0 0 1.0 0
0.1 4.0 59 retraso60 383 3 3 0 0 None 0 0 1.0 0
0.1 4.0 59 retraso20_parasita5 383 3 2 0 0 None 0 0 1.0 0
0.1 4.0 59 retraso60_parasita5 383 6 3 0 0 None 0 0 1.0 0
0.1 4.0 59 parasita5 383 2 2 0 0 None 0 0 1.0 0
0.1 4.0 59 sp 383 2 2 0 0 None 0 0 0.6666666666666666 0
0.1 4.0 59 retraso20_sp 383 3 3 0 0 None 0 0 1.0 0
0.1 4.0 59 retraso60_sp 383 5 2 0 0 None 0 0 1.0 0
0.1 4.0 59 privada_inf 383 29 2 0 0 None 0 0 1.0 0
0.1 4.0 59 hook20 383 3 3 0 0 None 0 0 1.0 0
0.1 4.0 59 retro500 383 2 2 0 0 None 0 0 1.0 0
0.1 4.0 67 instant 406 5 2 0 0 None 0 0 1.0 0
0.1 4.0 67 retraso20 406 5 2 0 0 None 0 0 1.0 0
0.1 4.0 67 retraso60 406 6 2 0 0 None 0 0 1.0 0
0.1 4.0 67 retraso20_parasita5 406 5 2 0 0 None 0 0 1.0 0
0.1 4.0 67 retraso60_parasita5 406 7 3 0 0 None 0 0 1.0 0
0.1 4.0 67 parasita5 406 5 2 0 0 None 0 0 1.0 0
0.1 4.0 67 sp 406 5 2 0 0 None 0 0 1.0 0
0.1 4.0 67 retraso20_sp 406 5 2 0 0 None 0 0 1.0 0
0.1 4.0 67 retraso60_sp 406 6 2 0 0 None 0 0 1.0 0
0.1 4.0 67 privada_inf 406 41 4 0 0 None 0 0 1.0 0
0.1 4.0 67 hook20 406 5 2 0 0 None 0 0 1.0 0
0.1 4.0 67 retro500 406 5 2 0 0 None 0 0 1.0 0
0.1 4.0 73 instant 402 7 7 2 2 None 0 0 1.0 0
0.1 4.0 73 retraso20 402 8 6 2 2 None 0 0 0.75 0
0.1 4.0 73 retraso60 402 8 6 2 2 None 0 0 0.75 0
0.1 4.0 73 retraso20_parasita5 402 8 2 0 0 None 0 0 1.0 0
0.1 4.0 73 retraso60_parasita5 402 11 2 0 0 None 0 0 1.0 0
0.1 4.0 73 parasita5 402 7 5 1 1 None 0 0 1.0 0
0.1 4.0 73 sp 402 7 2 1 1 None 0 0 0.75 0
0.1 4.0 73 retraso20_sp 402 8 6 2 2 None 0 0 0.75 0
0.1 4.0 73 retraso60_sp 402 11 3 0 0 None 0 0 1.0 0
0.1 4.0 73 privada_inf 402 42 2 0 0 None 0 0 0.9876543209876543 0
0.1 4.0 73 hook20 402 8 6 2 2 None 0 0 0.75 0
0.1 4.0 73 retro500 402 7 5 1 1 None 0 0 1.0 0
0.1 4.0 89 instant 421 6 3 1 1 None 0 0 0.75 0
0.1 4.0 89 retraso20 421 7 2 1 1 None 0 0 1.0 0
0.1 4.0 89 retraso60 421 7 2 1 1 None 0 0 1.0 0
0.1 4.0 89 retraso20_parasita5 421 8 3 0 0 None 0 0 1.0 0
0.1 4.0 89 retraso60_parasita5 421 12 2 0 0 None 0 0 1.0 0
0.1 4.0 89 parasita5 421 6 2 1 1 None 0 0 1.0 0
0.1 4.0 89 sp 421 6 3 1 1 None 0 0 0.75 0
0.1 4.0 89 retraso20_sp 421 7 2 1 1 None 0 0 1.0 0
0.1 4.0 89 retraso60_sp 421 10 2 0 0 None 0 0 1.0 0
0.1 4.0 89 privada_inf 421 36 2 0 0 None 0 0 1.0 0
0.1 4.0 89 hook20 421 6 3 1 1 None 0 0 0.75 0
0.1 4.0 89 retro500 421 6 2 1 1 None 0 0 1.0 0
0.1 4.0 97 instant 361 1 1 0 0 None 0 1 0.6833333333333333 0
0.1 4.0 97 retraso20 361 1 1 0 0 None 0 1 0.9736842105263158 0
0.1 4.0 97 retraso60 361 1 1 0 0 None 0 1 0.9736842105263158 0
0.1 4.0 97 retraso20_parasita5 361 7 2 0 0 None 0 0 1.0 0
0.1 4.0 97 retraso60_parasita5 361 8 2 0 0 None 0 0 1.0 0
0.1 4.0 97 parasita5 361 4 2 0 0 None 0 0 1.0 0
0.1 4.0 97 sp 361 3 2 0 0 None 0 1 0.6 0
0.1 4.0 97 retraso20_sp 361 6 2 0 0 None 0 1 0.875 0
0.1 4.0 97 retraso60_sp 361 7 2 0 0 None 0 1 0.9166666666666666 0
0.1 4.0 97 privada_inf 361 33 2 0 0 None 0 1 0.9866666666666667 0
0.1 4.0 97 hook20 361 1 1 0 0 None 0 1 0.875 0
0.1 4.0 97 retro500 361 4 2 0 0 None 0 0 0.9733333333333334 0
0.1 4.0 101 instant 424 1 1 0 0 None 0 0 0.6946564885496184 0
0.1 4.0 101 retraso20 424 2 2 0 0 None 0 1 0.6666666666666666 0
0.1 4.0 101 retraso60 424 2 2 0 0 None 0 1 0.8333333333333334 0
0.1 4.0 101 retraso20_parasita5 424 7 2 0 0 None 0 0 1.0 0
0.1 4.0 101 retraso60_parasita5 424 11 3 0 0 None 0 0 1.0 0
0.1 4.0 101 parasita5 424 4 2 0 0 None 0 0 1.0 0
0.1 4.0 101 sp 424 3 2 0 0 None 0 0 0.6 0
0.1 4.0 101 retraso20_sp 424 6 2 0 0 None 0 1 0.8571428571428571 0
0.1 4.0 101 retraso60_sp 424 9 2 0 0 None 0 1 0.9230769230769231 0
0.1 4.0 101 privada_inf 424 36 2 0 0 None 0 1 0.9871794871794872 0
0.1 4.0 101 hook20 424 2 2 0 0 None 0 1 0.6666666666666666 0
0.1 4.0 101 retro500 424 4 2 0 0 None 0 0 1.0 0
0.1 4.0 113 instant 415 2 2 0 0 None 0 0 0.6666666666666666 0
0.1 4.0 113 retraso20 415 3 3 0 0 None 0 0 1.0 0
0.1 4.0 113 retraso60 415 3 3 0 0 None 0 0 1.0 0
0.1 4.0 113 retraso20_parasita5 415 4 2 0 0 None 0 0 1.0 0
0.1 4.0 113 retraso60_parasita5 415 6 2 0 0 None 0 0 1.0 0
0.1 4.0 113 parasita5 415 2 2 0 0 None 0 0 1.0 0
0.1 4.0 113 sp 415 2 2 0 0 None 0 0 0.6666666666666666 0
0.1 4.0 113 retraso20_sp 415 4 2 0 0 None 0 0 1.0 0
0.1 4.0 113 retraso60_sp 415 6 2 0 0 None 0 0 1.0 0
0.1 4.0 113 privada_inf 415 29 2 0 0 None 0 0 1.0 0
0.1 4.0 113 hook20 415 3 3 0 0 None 0 0 1.0 0
0.1 4.0 113 retro500 415 2 2 0 0 None 0 0 1.0 0
0.1 4.0 127 instant 408 4 4 1 1 None 0 0 0.6666666666666666 0
0.1 4.0 127 retraso20 408 5 5 1 1 None 0 1 0.6666666666666666 1
0.1 4.0 127 retraso60 408 5 2 0 0 None 0 0 1.0 0
0.1 4.0 127 retraso20_parasita5 408 7 2 0 0 None 0 0 1.0 0
0.1 4.0 127 retraso60_parasita5 408 12 2 0 0 None 0 0 1.0 0
0.1 4.0 127 parasita5 408 4 4 1 1 None 0 0 1.0 0
0.1 4.0 127 sp 408 4 4 1 1 None 0 0 0.6666666666666666 0
0.1 4.0 127 retraso20_sp 408 7 2 0 0 None 0 0 1.0 0
0.1 4.0 127 retraso60_sp 408 11 2 0 0 None 0 0 1.0 0
0.1 4.0 127 privada_inf 408 45 2 0 0 None 0 0 1.0 0
0.1 4.0 127 hook20 408 4 4 1 1 None 0 0 0.6666666666666666 0
0.1 4.0 127 retro500 408 4 4 1 1 None 0 0 1.0 0
0.1 16.0 11 instant 406 20 11 4 4 None 0 0 0.8333333333333334 0
0.1 16.0 11 retraso20 406 20 3 7 7 None 0 0 0.7857142857142857 0
0.1 16.0 11 retraso60 406 21 2 4 4 None 0 1 0.8333333333333334 1
0.1 16.0 11 retraso20_parasita5 406 22 2 4 4 None 0 0 1.0 0
0.1 16.0 11 retraso60_parasita5 406 23 2 4 4 None 0 0 1.0 0
0.1 16.0 11 parasita5 406 21 2 4 4 None 0 0 1.0 0
0.1 16.0 11 sp 406 20 12 5 5 None 0 0 0.8571428571428571 0
0.1 16.0 11 retraso20_sp 406 20 2 1 1 None 0 0 0.9 0
0.1 16.0 11 retraso60_sp 406 23 2 0 0 None 0 0 1.0 0
0.1 16.0 11 privada_inf 406 46 3 0 0 None 0 0 0.9583333333333334 0
0.1 16.0 11 hook20 406 20 4 7 7 None 0 0 0.8571428571428571 0
0.1 16.0 11 retro500 406 21 2 0 0 None 0 0 0.9230769230769231 0
0.1 16.0 23 instant 418 7 3 0 0 None 0 0 0.6 0
0.1 16.0 23 retraso20 418 6 6 2 2 None 0 1 0.5 1
0.1 16.0 23 retraso60 418 7 2 0 0 None 0 1 0.5 1
0.1 16.0 23 retraso20_parasita5 418 21 2 0 0 None 0 0 1.0 0
0.1 16.0 23 retraso60_parasita5 418 25 2 0 0 None 0 0 0.9583333333333334 0
0.1 16.0 23 parasita5 418 19 2 0 0 None 0 0 1.0 0
0.1 16.0 23 sp 418 16 12 6 6 None 0 0 0.75 0
0.1 16.0 23 retraso20_sp 418 17 2 5 5 None 0 0 0.75 0
0.1 16.0 23 retraso60_sp 418 22 3 8 8 None 0 0 1.0 0
0.1 16.0 23 privada_inf 418 46 2 0 0 None 0 0 0.9583333333333334 0
0.1 16.0 23 hook20 418 8 3 0 0 None 0 1 0.5 1
0.1 16.0 23 retro500 418 20 4 0 0 None 0 0 0.96 0
0.1 16.0 37 instant 421 6 6 2 2 None 0 0 0.75 0
0.1 16.0 37 retraso20 421 7 7 3 4 3 0 1 0.4 1
0.1 16.0 37 retraso60 421 7 3 3 3 None 0 0 0.9166666666666666 0
0.1 16.0 37 retraso20_parasita5 421 18 2 0 0 None 0 0 1.0 0
0.1 16.0 37 retraso60_parasita5 421 24 2 0 0 None 0 0 1.0 0
0.1 16.0 37 parasita5 421 15 2 1 1 None 0 0 1.0 0
0.1 16.0 37 sp 421 11 5 1 1 None 0 0 0.5714285714285714 0
0.1 16.0 37 retraso20_sp 421 13 2 1 1 None 0 0 0.6666666666666666 0
0.1 16.0 37 retraso60_sp 421 19 2 1 1 None 0 0 1.0 0
0.1 16.0 37 privada_inf 421 40 3 0 0 None 0 0 0.9583333333333334 0
0.1 16.0 37 hook20 421 6 6 2 2 None 0 0 0.75 0
0.1 16.0 37 retro500 421 15 4 0 0 None 0 0 0.9230769230769231 0
0.1 16.0 41 instant 382 3 3 1 1 None 0 0 0.6666666666666666 0
0.1 16.0 41 retraso20 382 4 4 1 2 1 0 1 0.0 1
0.1 16.0 41 retraso60 382 4 3 1 1 None 0 1 0.6666666666666666 1
0.1 16.0 41 retraso20_parasita5 382 18 2 0 0 None 0 0 1.0 0
0.1 16.0 41 retraso60_parasita5 382 20 2 0 0 None 0 0 1.0 0
0.1 16.0 41 parasita5 382 14 2 0 0 None 0 0 1.0 0
0.1 16.0 41 sp 382 9 7 2 2 None 0 0 0.6666666666666666 0
0.1 16.0 41 retraso20_sp 382 11 2 2 2 None 0 0 0.7647058823529411 0
0.1 16.0 41 retraso60_sp 382 13 4 3 3 None 0 0 1.0 0
0.1 16.0 41 privada_inf 382 42 3 0 0 None 0 0 1.0 0
0.1 16.0 41 hook20 382 4 4 1 2 1 0 1 0.0 1
0.1 16.0 41 retro500 382 16 7 0 0 None 0 0 0.92 0
0.1 16.0 59 instant 383 11 7 2 2 None 0 0 0.6666666666666666 0
0.1 16.0 59 retraso20 383 6 4 1 4 1 0 1 0.25 1
0.1 16.0 59 retraso60 383 7 2 0 0 None 0 1 0.5555555555555556 1
0.1 16.0 59 retraso20_parasita5 383 13 2 0 0 None 0 0 1.0 0
0.1 16.0 59 retraso60_parasita5 383 15 4 0 0 None 0 0 1.0 0
0.1 16.0 59 parasita5 383 12 3 6 6 None 0 0 1.0 0
0.1 16.0 59 sp 383 10 6 4 4 None 0 0 0.75 0
0.1 16.0 59 retraso20_sp 383 12 2 5 5 None 0 0 0.9473684210526315 0
0.1 16.0 59 retraso60_sp 383 13 2 6 6 None 0 0 1.0 0
0.1 16.0 59 privada_inf 383 35 2 0 0 None 0 0 0.9583333333333334 0
0.1 16.0 59 hook20 383 6 4 1 4 1 0 1 0.25 1
0.1 16.0 59 retro500 383 12 2 0 0 None 0 0 0.92 0
0.1 16.0 67 instant 406 14 2 0 0 None 0 0 0.75 0
0.1 16.0 67 retraso20 406 14 9 5 5 None 0 0 0.8571428571428571 0
0.1 16.0 67 retraso60 406 15 2 1 1 None 0 0 1.0 0
0.1 16.0 67 retraso20_parasita5 406 14 3 2 2 None 0 0 1.0 0
0.1 16.0 67 retraso60_parasita5 406 17 2 3 3 None 0 0 1.0 0
0.1 16.0 67 parasita5 406 14 4 5 5 None 0 0 1.0 0
0.1 16.0 67 sp 406 14 7 5 5 None 0 0 0.875 0
0.1 16.0 67 retraso20_sp 406 14 2 2 2 None 0 0 0.95 0
0.1 16.0 67 retraso60_sp 406 16 2 2 2 None 0 0 1.0 0
0.1 16.0 67 privada_inf 406 50 2 0 0 None 0 0 0.9583333333333334 0
0.1 16.0 67 hook20 406 14 2 0 0 None 0 0 0.75 0
0.1 16.0 67 retro500 406 14 4 5 5 None 0 0 1.0 0
0.1 16.0 73 instant 402 9 9 3 3 None 0 0 0.8 0
0.1 16.0 73 retraso20 402 10 2 1 4 1 0 1 0.4 1
0.1 16.0 73 retraso60 402 10 2 0 2 0 0 1 0.26666666666666666 1
0.1 16.0 73 retraso20_parasita5 402 16 2 1 1 None 0 0 1.0 0
0.1 16.0 73 retraso60_parasita5 402 23 3 0 0 None 0 0 1.0 0
0.1 16.0 73 parasita5 402 14 2 1 1 None 0 0 1.0 0
0.1 16.0 73 sp 402 12 3 0 0 None 0 0 0.6 0
0.1 16.0 73 retraso20_sp 402 13 2 2 2 None 0 0 0.9047619047619048 0
0.1 16.0 73 retraso60_sp 402 20 2 1 1 None 0 0 1.0 0
0.1 16.0 73 privada_inf 402 44 2 0 0 None 0 0 0.96 0
0.1 16.0 73 hook20 402 10 2 1 4 1 0 1 0.4 1
0.1 16.0 73 retro500 402 14 2 0 0 None 0 0 0.9230769230769231 0
0.1 16.0 89 instant 421 12 12 4 4 None 0 0 0.8333333333333334 0
0.1 16.0 89 retraso20 421 13 13 6 6 None 0 1 0.625 1
0.1 16.0 89 retraso60 421 13 2 4 4 None 0 0 0.625 0
0.1 16.0 89 retraso20_parasita5 421 24 3 1 1 None 0 0 1.0 0
0.1 16.0 89 retraso60_parasita5 421 24 2 0 0 None 0 0 1.0 0
0.1 16.0 89 parasita5 421 21 3 0 0 None 0 0 1.0 0
0.1 16.0 89 sp 421 16 2 0 0 None 0 0 0.5 0
0.1 16.0 89 retraso20_sp 421 17 2 1 1 None 0 0 0.75 0
0.1 16.0 89 retraso60_sp 421 21 2 0 0 None 0 0 1.0 0
0.1 16.0 89 privada_inf 421 43 4 0 0 None 0 0 1.0 0
0.1 16.0 89 hook20 421 12 12 4 4 None 0 0 0.8333333333333334 0
0.1 16.0 89 retro500 421 21 5 0 0 None 0 0 0.96 0
0.1 16.0 97 instant 361 1 1 0 0 None 0 1 0.5189873417721519 0
0.1 16.0 97 retraso20 361 1 1 0 None 0 1 1 0.2826086956521739 0
0.1 16.0 97 retraso60 361 1 1 0 None 0 1 1 0.1282051282051282 0
0.1 16.0 97 retraso20_parasita5 361 27 2 5 5 None 0 0 1.0 0
0.1 16.0 97 retraso60_parasita5 361 28 2 0 0 None 0 0 1.0 0
0.1 16.0 97 parasita5 361 24 3 7 7 None 0 0 1.0 0
0.1 16.0 97 sp 361 21 9 2 2 None 0 1 0.5 0
0.1 16.0 97 retraso20_sp 361 24 2 1 1 None 0 0 1.0 0
0.1 16.0 97 retraso60_sp 361 25 3 9 9 None 0 0 0.9642857142857143 0
0.1 16.0 97 privada_inf 361 51 3 0 0 None 0 1 0.92 0
0.1 16.0 97 hook20 361 1 1 0 None 0 1 1 0.37735849056603776 0
0.1 16.0 97 retro500 361 24 2 0 0 None 0 0 0.92 0
0.1 16.0 101 instant 424 1 1 0 0 None 0 0 0.5294117647058824 0
0.1 16.0 101 retraso20 424 2 2 0 5 0 0 1 0.0 0
0.1 16.0 101 retraso60 424 2 2 0 0 None 0 1 0.8571428571428571 0
0.1 16.0 101 retraso20_parasita5 424 36 3 0 0 None 0 0 1.0 0
0.1 16.0 101 retraso60_parasita5 424 39 3 0 0 None 0 0 0.96 0
0.1 16.0 101 parasita5 424 15 2 0 0 None 0 0 1.0 0
0.1 16.0 101 sp 424 10 5 0 0 None 0 0 0.5 0
0.1 16.0 101 retraso20_sp 424 14 2 0 0 None 0 1 0.5416666666666666 0
0.1 16.0 101 retraso60_sp 424 31 2 0 0 None 0 0 0.96 0
0.1 16.0 101 privada_inf 424 39 4 0 0 None 0 0 0.96 0
0.1 16.0 101 hook20 424 2 2 0 4 0 0 1 0.25 0
0.1 16.0 101 retro500 424 18 7 0 0 None 0 0 0.92 0
0.1 16.0 113 instant 415 5 5 1 1 None 0 0 0.6666666666666666 0
0.1 16.0 113 retraso20 415 6 2 0 7 0 0 1 0.2 1
0.1 16.0 113 retraso60 415 6 2 0 0 None 0 1 0.875 1
0.1 16.0 113 retraso20_parasita5 415 15 2 1 1 None 0 0 1.0 0
0.1 16.0 113 retraso60_parasita5 415 17 2 1 1 None 0 0 1.0 0
0.1 16.0 113 parasita5 415 13 2 1 1 None 0 0 1.0 0
0.1 16.0 113 sp 415 12 8 4 4 None 0 0 0.6666666666666666 0
0.1 16.0 113 retraso20_sp 415 14 3 4 4 None 0 0 0.8888888888888888 0
0.1 16.0 113 retraso60_sp 415 16 4 4 4 None 0 0 1.0 0
0.1 16.0 113 privada_inf 415 38 3 0 0 None 0 0 0.96 0
0.1 16.0 113 hook20 415 6 2 0 7 0 0 1 0.2 1
0.1 16.0 113 retro500 415 14 2 0 0 None 0 0 0.92 0
0.1 16.0 127 instant 408 4 4 1 1 None 0 0 0.6666666666666666 0
0.1 16.0 127 retraso20 408 5 5 1 3 1 0 1 0.0 1
0.1 16.0 127 retraso60 408 5 2 2 2 None 0 1 0.8 1
0.1 16.0 127 retraso20_parasita5 408 20 5 0 0 None 0 0 1.0 0
0.1 16.0 127 retraso60_parasita5 408 24 2 0 0 None 0 0 1.0 0
0.1 16.0 127 parasita5 408 15 3 0 0 None 0 0 1.0 0
0.1 16.0 127 sp 408 11 2 0 0 None 0 0 0.5 0
0.1 16.0 127 retraso20_sp 408 14 2 0 0 None 0 1 0.6666666666666666 1
0.1 16.0 127 retraso60_sp 408 17 2 6 6 None 0 0 0.98 0
0.1 16.0 127 privada_inf 408 44 6 0 0 None 0 0 1.0 0
0.1 16.0 127 hook20 408 4 4 1 1 None 0 0 0.6666666666666666 0
0.1 16.0 127 retro500 408 20 8 0 0 None 0 0 0.92 0
0.1 20.0 11 instant 406 22 20 9 9 None 0 0 0.9090909090909091 0
0.1 20.0 11 retraso20 406 22 2 0 29 0 0 0 0.4444444444444444 0
0.1 20.0 11 retraso60 406 23 2 8 8 None 0 0 1.0 0
0.1 20.0 11 retraso20_parasita5 406 60 21 1 1 None 0 0 0.9705882352941176 0
0.1 20.0 11 retraso60_parasita5 406 59 20 0 0 None 0 0 0.9523809523809523 0
0.1 20.0 11 parasita5 406 45 5 0 0 None 0 0 0.9047619047619048 0
0.1 20.0 11 sp 406 24 2 0 0 None 0 0 0.625 0
0.1 20.0 11 retraso20_sp 406 25 3 6 6 None 0 0 0.8636363636363636 0
0.1 20.0 11 retraso60_sp 406 38 3 0 0 None 0 0 0.9473684210526315 0
0.1 20.0 11 privada_inf 406 45 3 0 0 None 0 0 0.95 0
0.1 20.0 11 hook20 406 22 9 6 6 None 0 0 0.625 0
0.1 20.0 11 retro500 406 45 21 0 0 None 0 0 0.9047619047619048 0
0.1 20.0 23 instant 418 10 6 1 1 None 0 0 0.6 0
0.1 20.0 23 retraso20 418 7 2 0 10 0 0 1 0.2 1
0.1 20.0 23 retraso60 418 8 2 2 2 None 0 1 0.75 1
0.1 20.0 23 retraso20_parasita5 418 61 11 0 0 None 0 0 0.95 0
0.1 20.0 23 retraso60_parasita5 418 59 10 0 0 None 0 0 0.95 0
0.1 20.0 23 parasita5 418 56 11 0 0 None 0 0 0.95 0
0.1 20.0 23 sp 418 21 2 0 None 0 1 0 0.46153846153846156 0
0.1 20.0 23 retraso20_sp 418 26 2 0 0 None 0 0 0.5714285714285714 0
0.1 20.0 23 retraso60_sp 418 51 2 0 0 None 0 0 0.95 0
0.1 20.0 23 privada_inf 418 51 2 0 0 None 0 1 0.9047619047619048 1
0.1 20.0 23 hook20 418 11 6 2 2 None 0 1 0.5 1
0.1 20.0 23 retro500 418 58 36 2 2 None 0 0 0.9777777777777777 0
0.1 20.0 37 instant 421 6 6 2 2 None 0 0 0.75 0
0.1 20.0 37 retraso20 421 7 3 0 6 0 0 1 0.3333333333333333 1
0.1 20.0 37 retraso60 421 7 2 0 0 None 0 1 0.75 1
0.1 20.0 37 retraso20_parasita5 421 57 7 0 0 None 0 0 0.95 0
0.1 20.0 37 retraso60_parasita5 421 61 12 0 0 None 0 0 0.95 0
0.1 20.0 37 parasita5 421 61 5 0 0 None 0 0 0.9047619047619048 0
0.1 20.0 37 sp 421 22 6 0 0 None 0 0 0.5227272727272727 0
0.1 20.0 37 retraso20_sp 421 19 2 0 None 0 1 0 0.4 0
0.1 20.0 37 retraso60_sp 421 36 2 0 0 None 0 0 0.7142857142857143 0
0.1 20.0 37 privada_inf 421 52 3 0 0 None 0 0 0.9473684210526315 0
0.1 20.0 37 hook20 421 6 6 2 2 None 0 0 0.75 0
0.1 20.0 37 retro500 421 61 31 1 1 None 0 0 0.9459459459459459 0
0.1 20.0 41 instant 382 3 3 1 1 None 0 0 0.6666666666666666 0
0.1 20.0 41 retraso20 382 4 4 1 2 1 0 1 0.0 1
0.1 20.0 41 retraso60 382 4 4 1 1 None 0 1 0.6666666666666666 0
0.1 20.0 41 retraso20_parasita5 382 45 9 0 0 None 0 0 0.8947368421052632 0
0.1 20.0 41 retraso60_parasita5 382 55 11 0 0 None 0 0 0.95 0
0.1 20.0 41 parasita5 382 43 5 0 0 None 0 0 0.9 0
0.1 20.0 41 sp 382 12 10 4 4 None 0 0 0.6666666666666666 0
0.1 20.0 41 retraso20_sp 382 18 2 0 None 0 1 1 0.4838709677419355 1
0.1 20.0 41 retraso60_sp 382 35 2 0 0 None 0 1 0.9047619047619048 1
0.1 20.0 41 privada_inf 382 50 2 0 0 None 0 1 0.9047619047619048 1
0.1 20.0 41 hook20 382 4 4 1 2 1 0 1 0.0 1
0.1 20.0 41 retro500 382 44 29 1 1 None 0 0 0.9473684210526315 0
0.1 20.0 59 instant 383 14 10 4 4 None 0 0 0.6666666666666666 0
0.1 20.0 59 retraso20 383 6 4 1 4 1 0 1 0.25 1
0.1 20.0 59 retraso60 383 6 2 6 6 None 0 1 0.6666666666666666 1
0.1 20.0 59 retraso20_parasita5 383 39 8 0 0 None 0 0 0.9523809523809523 0
0.1 20.0 59 retraso60_parasita5 383 36 10 0 0 None 0 0 0.9523809523809523 0
0.1 20.0 59 parasita5 383 31 5 0 0 None 0 0 0.9047619047619048 0
0.1 20.0 59 sp 383 13 9 4 4 None 0 0 0.7142857142857143 0
0.1 20.0 59 retraso20_sp 383 14 2 1 17 1 0 0 0.4 0
0.1 20.0 59 retraso60_sp 383 30 2 0 0 None 0 0 0.9523809523809523 0
0.1 20.0 59 privada_inf 383 38 2 0 0 None 0 0 0.9523809523809523 0
0.1 20.0 59 hook20 383 6 4 1 4 1 0 1 0.25 1
0.1 20.0 59 retro500 383 33 20 0 0 None 0 0 0.9047619047619048 0
0.1 20.0 67 instant 406 19 16 7 7 None 0 0 1.0 0
0.1 20.0 67 retraso20 406 19 14 7 7 None 0 0 0.8888888888888888 0
0.1 20.0 67 retraso60 406 20 3 8 8 None 0 0 1.0 0
0.1 20.0 67 retraso20_parasita5 406 54 15 0 0 None 0 0 0.95 0
0.1 20.0 67 retraso60_parasita5 406 53 13 0 0 None 0 0 0.95 0
0.1 20.0 67 parasita5 406 53 11 0 0 None 0 0 0.95 0
0.1 20.0 67 sp 406 19 7 7 7 None 0 0 0.9 0
0.1 20.0 67 retraso20_sp 406 21 2 0 0 None 0 0 0.5384615384615384 0
0.1 20.0 67 retraso60_sp 406 42 2 0 0 None 0 0 0.95 0
0.1 20.0 67 privada_inf 406 48 2 0 0 None 0 0 0.95 0
0.1 20.0 67 hook20 406 19 16 7 7 None 0 0 1.0 0
0.1 20.0 67 retro500 406 53 34 1 1 None 0 0 0.9705882352941176 0
0.1 20.0 73 instant 402 14 6 1 1 None 0 0 0.7142857142857143 0
0.1 20.0 73 retraso20 402 10 10 4 4 None 0 1 0.6666666666666666 1
0.1 20.0 73 retraso60 402 12 4 5 5 None 0 1 0.9285714285714286 1
0.1 20.0 73 retraso20_parasita5 402 35 8 0 0 None 0 0 0.95 0
0.1 20.0 73 retraso60_parasita5 402 50 10 0 0 None 0 0 0.9473684210526315 0
0.1 20.0 73 parasita5 402 39 7 0 0 None 0 0 0.9047619047619048 0
0.1 20.0 73 sp 402 15 6 2 2 None 0 0 0.7142857142857143 0
0.1 20.0 73 retraso20_sp 402 16 2 5 5 None 0 0 0.8666666666666667 0
0.1 20.0 73 retraso60_sp 402 44 6 0 0 None 0 0 0.95 0
0.1 20.0 73 privada_inf 402 43 6 0 0 None 0 0 0.9473684210526315 0
0.1 20.0 73 hook20 402 10 10 4 4 None 0 1 0.6666666666666666 0
0.1 20.0 73 retro500 402 42 27 1 1 None 0 0 0.9459459459459459 0
0.1 20.0 89 instant 421 12 12 4 4 None 0 0 0.8333333333333334 0
0.1 20.0 89 retraso20 421 13 13 6 6 None 0 1 0.625 1
0.1 20.0 89 retraso60 421 13 2 0 15 0 0 1 0.26666666666666666 1
0.1 20.0 89 retraso20_parasita5 421 50 2 0 0 None 0 0 0.95 0
0.1 20.0 89 retraso60_parasita5 421 65 2 0 0 None 0 0 0.95 0
0.1 20.0 89 parasita5 421 52 3 0 0 None 0 0 0.9523809523809523 0
0.1 20.0 89 sp 421 20 7 1 1 None 0 0 0.5714285714285714 0
0.1 20.0 89 retraso20_sp 421 22 2 0 0 None 0 0 0.6875 0
0.1 20.0 89 retraso60_sp 421 56 4 0 0 None 0 0 1.0 0
0.1 20.0 89 privada_inf 421 62 2 0 0 None 0 0 0.95 0
0.1 20.0 89 hook20 421 12 12 4 4 None 0 0 0.8333333333333334 0
0.1 20.0 89 retro500 421 53 25 1 1 None 0 0 0.9722222222222222 0
0.1 20.0 97 instant 361 1 1 0 0 None 0 1 0.5128205128205128 0
0.1 20.0 97 retraso20 361 1 1 0 None 0 1 1 0.2391304347826087 0
0.1 20.0 97 retraso60 361 1 1 0 None 0 1 1 0.21875 0
0.1 20.0 97 retraso20_parasita5 361 31 3 0 0 None 0 0 1.0 0
0.1 20.0 97 retraso60_parasita5 361 35 3 0 0 None 0 0 0.95 0
0.1 20.0 97 parasita5 361 26 2 3 3 None 0 0 1.0 0
0.1 20.0 97 sp 361 23 11 4 4 None 0 1 0.6 0
0.1 20.0 97 retraso20_sp 361 26 2 0 0 None 0 1 0.7142857142857143 1
0.1 20.0 97 retraso60_sp 361 27 2 10 10 None 0 0 0.9583333333333334 0
0.1 20.0 97 privada_inf 361 49 3 10 10 None 0 0 0.9891304347826086 0
0.1 20.0 97 hook20 361 1 1 0 None 0 1 1 0.33962264150943394 0
0.1 20.0 97 retro500 361 30 6 0 0 None 0 0 0.9047619047619048 0
0.1 20.0 101 instant 424 1 1 0 0 None 0 0 0.5061728395061729 0
0.1 20.0 101 retraso20 424 2 2 0 5 0 0 1 0.0 1
0.1 20.0 101 retraso60 424 2 2 0 4 0 0 1 0.15384615384615385 0
0.1 20.0 101 retraso20_parasita5 424 60 5 0 0 None 0 0 0.9523809523809523 0
0.1 20.0 101 retraso60_parasita5 424 63 4 0 0 None 0 0 0.95 0
0.1 20.0 101 parasita5 424 60 3 0 0 None 0 0 0.9444444444444444 0
0.1 20.0 101 sp 424 11 2 0 0 None 0 0 0.5 0
0.1 20.0 101 retraso20_sp 424 26 2 0 None 0 1 0 0.4166666666666667 0
0.1 20.0 101 retraso60_sp 424 50 5 3 3 None 0 0 1.0 0
0.1 20.0 101 privada_inf 424 51 4 0 0 None 0 0 0.95 0
0.1 20.0 101 hook20 424 2 2 0 3 0 0 1 0.25 1
0.1 20.0 101 retro500 424 61 28 1 1 None 0 0 0.9444444444444444 0
0.1 20.0 113 instant 415 5 5 1 1 None 0 0 0.6666666666666666 0
0.1 20.0 113 retraso20 415 6 6 3 7 3 0 1 0.4 1
0.1 20.0 113 retraso60 415 6 2 1 7 1 0 1 0.2 1
0.1 20.0 113 retraso20_parasita5 415 41 14 0 0 None 0 0 0.95 0
0.1 20.0 113 retraso60_parasita5 415 46 16 0 0 None 0 0 0.95 0
0.1 20.0 113 parasita5 415 43 10 0 0 None 0 0 0.9047619047619048 0
0.1 20.0 113 sp 415 16 2 0 0 None 0 0 0.5 0
0.1 20.0 113 retraso20_sp 415 20 2 0 0 None 0 0 0.8 0
0.1 20.0 113 retraso60_sp 415 35 3 0 0 None 0 0 0.6956521739130435 0
0.1 20.0 113 privada_inf 415 42 3 0 0 None 0 0 0.95 0
0.1 20.0 113 hook20 415 6 2 0 8 0 0 1 0.2 1
0.1 20.0 113 retro500 415 44 26 1 1 None 0 0 0.9444444444444444 0
0.1 20.0 127 instant 408 4 4 1 1 None 0 0 0.6666666666666666 0
0.1 20.0 127 retraso20 408 5 5 1 3 1 0 1 0.0 1
0.1 20.0 127 retraso60 408 5 2 0 5 0 0 1 0.2 1
0.1 20.0 127 retraso20_parasita5 408 57 11 0 0 None 0 0 0.95 0
0.1 20.0 127 retraso60_parasita5 408 63 12 0 0 None 0 0 0.95 0
0.1 20.0 127 parasita5 408 56 9 0 0 None 0 0 0.95 0
0.1 20.0 127 sp 408 12 3 0 0 None 0 0 0.5 0
0.1 20.0 127 retraso20_sp 408 25 2 0 0 None 0 0 0.56 0
0.1 20.0 127 retraso60_sp 408 53 2 0 0 None 0 0 0.95 0
0.1 20.0 127 privada_inf 408 56 2 0 0 None 0 0 0.95 0
0.1 20.0 127 hook20 408 4 4 1 1 None 0 0 0.6666666666666666 0
0.1 20.0 127 retro500 408 56 35 1 1 None 0 0 0.9714285714285714 0
0.1 30.0 11 instant 406 23 23 9 9 None 0 0 0.9090909090909091 0
0.1 30.0 11 retraso20 406 23 18 9 9 None 0 0 0.7272727272727273 0
0.1 30.0 11 retraso60 406 28 3 9 9 None 0 0 1.0 0
0.1 30.0 11 retraso20_parasita5 406 99 28 2 2 None 0 0 0.9411764705882353 0
0.1 30.0 11 retraso60_parasita5 406 117 32 2 2 None 0 0 0.967741935483871 0
0.1 30.0 11 parasita5 406 92 16 1 1 None 0 0 0.9230769230769231 0
0.1 30.0 11 sp 406 31 6 4 4 None 0 0 0.625 0
0.1 30.0 11 retraso20_sp 406 59 8 0 None 0 1 0 0.3023255813953488 0
0.1 30.0 11 retraso60_sp 406 87 9 0 0 None 0 0 0.8 0
0.1 30.0 11 privada_inf 406 112 8 1 1 None 0 0 0.9565217391304348 0
0.1 30.0 11 hook20 406 23 18 9 9 None 0 0 0.7272727272727273 0
0.1 30.0 11 retro500 406 92 37 3 3 None 0 0 0.9545454545454546 0
0.1 30.0 23 instant 418 10 6 1 1 None 0 0 0.6 0
0.1 30.0 23 retraso20 418 11 4 0 13 0 0 1 0.16666666666666666 0
0.1 30.0 23 retraso60 418 12 2 0 15 0 0 1 0.0 1
0.1 30.0 23 retraso20_parasita5 418 111 28 2 2 None 0 0 0.967741935483871 0
0.1 30.0 23 retraso60_parasita5 418 119 27 2 2 None 0 0 0.9705882352941176 0
0.1 30.0 23 parasita5 418 97 19 1 1 None 0 0 0.96 0
0.1 30.0 23 sp 418 35 3 0 None 0 1 0 0.48717948717948717 0
0.1 30.0 23 retraso20_sp 418 54 10 0 None 0 1 1 0.325 1
0.1 30.0 23 retraso60_sp 418 98 10 0 None 0 1 1 0.42857142857142855 1
0.1 30.0 23 privada_inf 418 94 10 0 0 None 0 0 0.9285714285714286 0
0.1 30.0 23 hook20 418 11 11 4 4 None 0 1 0.6666666666666666 0
0.1 30.0 23 retro500 418 97 43 4 4 None 0 0 0.9803921568627451 0
0.1 30.0 37 instant 421 6 6 2 2 None 0 0 0.75 0
0.1 30.0 37 retraso20 421 7 7 3 4 3 0 1 0.4 1
0.1 30.0 37 retraso60 421 11 3 2 2 4 0 1 0.8823529411764706 1
0.1 30.0 37 retraso20_parasita5 421 93 17 2 2 None 0 0 0.9705882352941176 0
0.1 30.0 37 retraso60_parasita5 421 122 25 2 2 None 0 0 0.9705882352941176 0
0.1 30.0 37 parasita5 421 121 10 2 2 None 0 0 0.9411764705882353 0
0.1 30.0 37 sp 421 28 3 0 None 0 1 0 0.42857142857142855 0
0.1 30.0 37 retraso20_sp 421 63 2 0 None 0 1 0 0.48 0
0.1 30.0 37 retraso60_sp 421 104 6 1 1 None 0 0 0.9166666666666666 0
0.1 30.0 37 privada_inf 421 108 7 1 1 None 0 1 0.8846153846153846 1
0.1 30.0 37 hook20 421 6 6 2 2 None 0 0 0.75 0
0.1 30.0 37 retro500 421 121 35 5 5 None 0 0 0.9642857142857143 0
0.1 30.0 41 instant 382 3 3 1 1 None 0 0 0.6666666666666666 0
0.1 30.0 41 retraso20 382 4 4 1 2 1 0 1 0.0 0
0.1 30.0 41 retraso60 382 4 4 0 4 0 0 1 0.0 0
0.1 30.0 41 retraso20_parasita5 382 83 16 5 5 None 0 0 0.9591836734693877 0
0.1 30.0 41 retraso60_parasita5 382 80 25 1 1 None 0 0 0.9615384615384616 0
0.1 30.0 41 parasita5 382 77 13 0 0 None 0 0 0.8571428571428571 0
0.1 30.0 41 sp 382 23 5 0 0 None 0 0 0.5116279069767442 0
0.1 30.0 41 retraso20_sp 382 38 2 0 None 0 1 1 0.38095238095238093 0
0.1 30.0 41 retraso60_sp 382 64 2 0 None 0 1 0 0.391304347826087 0
0.1 30.0 41 privada_inf 382 59 2 0 0 None 0 1 0.8666666666666667 0
0.1 30.0 41 hook20 382 4 4 1 2 1 0 1 0.0 0
0.1 30.0 41 retro500 382 77 36 2 2 None 0 0 0.9444444444444444 0
0.1 30.0 59 instant 383 15 11 5 5 None 0 0 0.7142857142857143 0
0.1 30.0 59 retraso20 383 17 12 5 5 None 0 1 0.5 1
0.1 30.0 59 retraso60 383 17 3 0 24 0 0 1 0.0 0
0.1 30.0 59 retraso20_parasita5 383 97 18 1 1 None 0 0 0.9565217391304348 0
0.1 30.0 59 retraso60_parasita5 383 85 20 2 2 None 0 0 0.9696969696969697 0
0.1 30.0 59 parasita5 383 95 7 0 0 None 0 0 0.8666666666666667 0
0.1 30.0 59 sp 383 51 5 0 0 None 0 0 0.5166666666666667 0
0.1 30.0 59 retraso20_sp 383 70 6 0 None 0 1 0 0.3793103448275862 0
0.1 30.0 59 retraso60_sp 383 71 6 1 1 None 0 0 0.9583333333333334 0
0.1 30.0 59 privada_inf 383 71 6 1 1 None 0 1 0.9166666666666666 1
0.1 30.0 59 hook20 383 17 12 5 5 None 0 1 0.6 1
0.1 30.0 59 retro500 383 95 27 1 1 None 0 0 0.9230769230769231 0
0.1 30.0 67 instant 406 26 13 5 5 None 0 0 0.8571428571428571 0
0.1 30.0 67 retraso20 406 26 3 4 4 None 0 0 0.625 0
0.1 30.0 67 retraso60 406 29 2 5 None 5 1 0 0.38461538461538464 0
0.1 30.0 67 retraso20_parasita5 406 109 24 1 1 None 0 0 0.96 0
0.1 30.0 67 retraso60_parasita5 406 116 26 8 8 None 0 0 0.9824561403508771 0
0.1 30.0 67 parasita5 406 89 19 1 1 None 0 0 0.9583333333333334 0
0.1 30.0 67 sp 406 30 2 0 None 0 1 0 0.45977011494252873 0
0.1 30.0 67 retraso20_sp 406 50 3 0 None 0 1 0 0.34210526315789475 0
0.1 30.0 67 retraso60_sp 406 97 3 10 10 None 0 0 0.984375 0
0.1 30.0 67 privada_inf 406 91 3 6 6 None 0 0 0.9807692307692307 0
0.1 30.0 67 hook20 406 26 13 5 5 None 0 0 0.8571428571428571 0
0.1 30.0 67 retro500 406 89 43 4 4 None 0 0 0.9787234042553191 0
0.1 30.0 73 instant 402 21 13 6 6 None 0 0 0.75 0
0.1 30.0 73 retraso20 402 15 3 4 35 4 0 1 0.375 1
0.1 30.0 73 retraso60 402 23 2 4 4 None 0 1 0.9285714285714286 0
0.1 30.0 73 retraso20_parasita5 402 86 22 1 1 None 0 0 0.9230769230769231 0
0.1 30.0 73 retraso60_parasita5 402 115 35 3 3 None 0 0 0.9743589743589743 0
0.1 30.0 73 parasita5 402 94 11 0 0 None 0 0 0.8666666666666667 0
0.1 30.0 73 sp 402 41 12 0 None 0 1 0 0.4805194805194805 0
0.1 30.0 73 retraso20_sp 402 59 5 0 None 0 1 0 0.4117647058823529 0
0.1 30.0 73 retraso60_sp 402 83 20 1 1 None 0 0 0.8333333333333334 0
0.1 30.0 73 privada_inf 402 96 20 2 2 None 0 0 0.9714285714285714 0
0.1 30.0 73 hook20 402 15 3 4 None 4 1 1 0.4444444444444444 1
0.1 30.0 73 retro500 402 94 38 3 3 None 0 0 0.9555555555555556 0
0.1 30.0 89 instant 421 12 12 4 4 None 0 0 0.8333333333333334 0
0.1 30.0 89 retraso20 421 13 13 6 6 None 0 1 0.625 1
0.1 30.0 89 retraso60 421 13 2 4 21 4 0 1 0.0 1
0.1 30.0 89 retraso20_parasita5 421 138 24 2 2 None 0 0 0.9655172413793104 0
0.1 30.0 89 retraso60_parasita5 421 119 27 2 2 None 0 0 0.967741935483871 0
0.1 30.0 89 parasita5 421 85 9 0 0 None 0 0 0.8666666666666667 0
0.1 30.0 89 sp 421 55 6 0 None 0 1 0 0.47058823529411764 0
0.1 30.0 89 retraso20_sp 421 68 9 0 None 0 1 0 0.37142857142857144 0
0.1 30.0 89 retraso60_sp 421 86 10 0 0 None 0 0 0.7333333333333333 0
0.1 30.0 89 privada_inf 421 101 10 1 1 None 0 0 0.9565217391304348 0
0.1 30.0 89 hook20 421 12 12 4 4 None 0 0 0.8333333333333334 0
0.1 30.0 89 retro500 421 85 34 2 2 None 0 0 0.9444444444444444 0
0.1 30.0 97 instant 361 1 1 0 None 0 1 1 0.4722222222222222 0
0.1 30.0 97 retraso20 361 1 1 0 None 0 1 1 0.17391304347826086 0
0.1 30.0 97 retraso60 361 1 1 0 None 0 1 1 0.08571428571428572 0
0.1 30.0 97 retraso20_parasita5 361 91 12 0 0 None 0 0 0.8461538461538461 0
0.1 30.0 97 retraso60_parasita5 361 106 21 1 1 None 0 0 0.9583333333333334 0
0.1 30.0 97 parasita5 361 95 8 0 0 None 0 0 0.8666666666666667 0
0.1 30.0 97 sp 361 45 2 0 None 0 1 1 0.4714285714285714 0
0.1 30.0 97 retraso20_sp 361 37 2 0 None 0 1 1 0.36 1
0.1 30.0 97 retraso60_sp 361 72 7 1 1 None 0 1 0.9130434782608695 0
0.1 30.0 97 privada_inf 361 98 5 0 0 None 0 1 0.7333333333333333 1
0.1 30.0 97 hook20 361 1 1 0 None 0 1 1 0.3137254901960784 0
0.1 30.0 97 retro500 361 95 34 2 2 None 0 0 0.9444444444444444 0
0.1 30.0 101 instant 424 1 1 0 None 0 1 0 0.48717948717948717 0
0.1 30.0 101 retraso20 424 2 2 0 5 0 0 1 0.0 1
0.1 30.0 101 retraso60 424 2 2 0 24 0 0 1 0.08333333333333333 0
0.1 30.0 101 retraso20_parasita5 424 132 19 2 2 None 0 0 0.96875 0
0.1 30.0 101 retraso60_parasita5 424 131 23 3 3 None 0 0 0.9696969696969697 0
0.1 30.0 101 parasita5 424 146 10 0 0 None 0 0 0.8571428571428571 0
0.1 30.0 101 sp 424 56 3 0 None 0 1 0 0.4861111111111111 0
0.1 30.0 101 retraso20_sp 424 100 3 0 None 0 1 1 0.35294117647058826 1
0.1 30.0 101 retraso60_sp 424 91 6 2 2 None 0 1 0.896551724137931 1
0.1 30.0 101 privada_inf 424 101 6 1 1 None 0 0 0.9523809523809523 0
0.1 30.0 101 hook20 424 2 2 0 10 0 0 1 0.2 1
0.1 30.0 101 retro500 424 146 36 3 3 None 0 0 0.9534883720930233 0
0.1 30.0 113 instant 415 5 5 1 1 None 0 0 0.6666666666666666 0
0.1 30.0 113 retraso20 415 6 6 3 8 3 0 1 0.4 1
0.1 30.0 113 retraso60 415 25 2 0 None 0 1 1 0.0 0
0.1 30.0 113 retraso20_parasita5 415 112 32 3 3 None 0 0 0.9743589743589743 0
0.1 30.0 113 retraso60_parasita5 415 138 38 5 5 None 0 0 0.9803921568627451 0
0.1 30.0 113 parasita5 415 96 11 0 0 None 0 0 0.8666666666666667 0
0.1 30.0 113 sp 415 63 8 0 None 0 1 0 0.47761194029850745 0
0.1 30.0 113 retraso20_sp 415 62 13 0 None 0 1 0 0.34285714285714286 0
0.1 30.0 113 retraso60_sp 415 105 18 4 4 None 0 1 0.8695652173913043 1
0.1 30.0 113 privada_inf 415 121 18 4 4 None 0 0 0.9777777777777777 0
0.1 30.0 113 hook20 415 6 6 3 8 3 0 1 0.4 1
0.1 30.0 113 retro500 415 96 31 2 2 None 0 0 0.9444444444444444 0
0.1 30.0 127 instant 408 4 4 1 1 None 0 0 0.6666666666666666 0
0.1 30.0 127 retraso20 408 5 5 1 3 1 0 1 0.0 1
0.1 30.0 127 retraso60 408 5 5 0 11 0 0 1 0.0 0
0.1 30.0 127 retraso20_parasita5 408 88 23 1 1 None 0 0 0.9615384615384616 0
0.1 30.0 127 retraso60_parasita5 408 88 26 2 2 None 0 0 0.9666666666666667 0
0.1 30.0 127 parasita5 408 103 21 1 1 None 0 0 0.92 0
0.1 30.0 127 sp 408 27 2 0 0 None 0 0 0.5116279069767442 0
0.1 30.0 127 retraso20_sp 408 52 3 0 None 0 1 0 0.3333333333333333 0
0.1 30.0 127 retraso60_sp 408 94 3 0 0 None 0 0 0.625 0
0.1 30.0 127 privada_inf 408 67 3 0 0 None 0 0 0.9285714285714286 0
0.1 30.0 127 hook20 408 4 4 1 1 None 0 0 0.6666666666666666 0
0.1 30.0 127 retro500 408 103 45 4 4 None 0 0 0.9607843137254902 0
0.1 60.0 11 instant 406 36 14 7 7 None 0 0 0.84 0
0.1 60.0 11 retraso20 406 33 11 2 2 None 0 0 0.6 0
0.1 60.0 11 retraso60 406 33 10 1 None 1 1 1 0.1111111111111111 0
0.1 60.0 11 retraso20_parasita5 406 181 46 10 10 None 0 0 0.9591836734693877 0
0.1 60.0 11 retraso60_parasita5 406 235 73 34 34 None 0 0 0.972972972972973 0
0.1 60.0 11 parasita5 406 146 24 4 4 None 0 0 0.92 0
0.1 60.0 11 sp 406 99 3 0 None 0 1 0 0.48863636363636365 0
0.1 60.0 11 retraso20_sp 406 118 12 0 None 0 1 0 0.19607843137254902 0
0.1 60.0 11 retraso60_sp 406 145 34 0 None 0 1 0 0.14285714285714285 0
0.1 60.0 11 privada_inf 406 212 36 16 16 None 0 0 0.9818181818181818 0
0.1 60.0 11 hook20 406 43 21 9 9 None 0 0 0.8 0
0.1 60.0 11 retro500 406 146 31 5 5 None 0 0 0.9354838709677419 0
0.1 60.0 23 instant 418 10 6 1 1 None 0 0 0.6 0
0.1 60.0 23 retraso20 418 11 4 0 13 0 0 1 0.16666666666666666 0
0.1 60.0 23 retraso60 418 12 2 0 18 0 0 1 0.0 0
0.1 60.0 23 retraso20_parasita5 418 197 55 None None None 1 0 nan 0
0.1 60.0 23 retraso60_parasita5 418 251 73 37 37 None 0 0 0.9880952380952381 0
0.1 60.0 23 parasita5 418 191 35 None None None 1 0 nan 0
0.1 60.0 23 sp 418 140 2 0 None 0 1 0 0.47560975609756095 0
0.1 60.0 23 retraso20_sp 418 111 19 0 None 0 1 1 0.3076923076923077 1
0.1 60.0 23 retraso60_sp 418 153 35 12 12 None 0 0 0.6590909090909091 0
0.1 60.0 23 privada_inf 418 218 37 22 22 None 0 0 0.9827586206896551 0
0.1 60.0 23 hook20 418 11 11 4 4 None 0 1 0.6666666666666666 0
0.1 60.0 23 retro500 418 191 44 None None None 1 0 nan 0
0.1 60.0 37 instant 421 22 10 1 1 None 0 0 0.5833333333333334 0
0.1 60.0 37 retraso20 421 14 8 0 None 0 1 1 0.375 0
0.1 60.0 37 retraso60 421 16 4 0 None 0 1 1 0.0 0
0.1 60.0 37 retraso20_parasita5 421 170 27 None None None 1 0 nan 0
0.1 60.0 37 retraso60_parasita5 421 241 65 31 31 None 0 0 0.9861111111111112 0
0.1 60.0 37 parasita5 421 189 17 None None None 1 0 nan 0
0.1 60.0 37 sp 421 120 2 0 None 0 1 0 0.48717948717948717 0
0.1 60.0 37 retraso20_sp 421 118 2 0 None 0 1 1 0.34285714285714286 1
0.1 60.0 37 retraso60_sp 421 172 30 1 None 1 1 1 0.20689655172413793 1
0.1 60.0 37 privada_inf 421 211 31 None None None 1 0 nan 0
0.1 60.0 37 hook20 421 16 4 0 None 0 1 0 0.45454545454545453 0
0.1 60.0 37 retro500 421 189 34 None None None 1 0 nan 0
0.1 60.0 41 instant 382 3 3 1 1 None 0 0 0.6666666666666666 0
0.1 60.0 41 retraso20 382 4 4 1 2 1 0 1 0.0 0
0.1 60.0 41 retraso60 382 4 4 0 4 0 0 1 0.0 1
0.1 60.0 41 retraso20_parasita5 382 175 32 9 9 None 0 0 0.9444444444444444 0
0.1 60.0 41 retraso60_parasita5 382 220 64 None None None 1 0 nan 0
0.1 60.0 41 parasita5 382 153 25 7 7 None 0 0 0.9545454545454546 0
0.1 60.0 41 sp 382 83 12 0 0 None 0 0 0.5 0
0.1 60.0 41 retraso20_sp 382 70 3 0 None 0 1 0 0.3333333333333333 0
0.1 60.0 41 retraso60_sp 382 139 25 1 None 1 1 0 0.25 0
0.1 60.0 41 privada_inf 382 153 27 None None None 1 0 nan 0
0.1 60.0 41 hook20 382 4 4 1 2 1 0 1 0.0 0
0.1 60.0 41 retro500 382 153 37 11 11 None 0 0 0.9642857142857143 0
0.1 60.0 59 instant 383 15 11 5 5 None 0 0 0.7142857142857143 0
0.1 60.0 59 retraso20 383 17 12 5 5 None 0 1 0.5 1
0.1 60.0 59 retraso60 383 17 4 0 20 0 0 1 0.0 1
0.1 60.0 59 retraso20_parasita5 383 165 26 None None None 1 0 nan 0
0.1 60.0 59 retraso60_parasita5 383 206 60 None None None 1 0 nan 0
0.1 60.0 59 parasita5 383 151 15 None None None 1 0 nan 0
0.1 60.0 59 sp 383 96 4 0 None 0 1 0 0.48214285714285715 0
0.1 60.0 59 retraso20_sp 383 104 7 0 None 0 1 0 0.3870967741935484 0
0.1 60.0 59 retraso60_sp 383 139 35 8 8 None 0 0 0.775 0
0.1 60.0 59 privada_inf 383 189 36 26 26 None 0 1 0.9264705882352942 1
0.1 60.0 59 hook20 383 17 12 5 5 None 0 1 0.5 1
0.1 60.0 59 retro500 383 151 26 None None None 1 0 nan 0
0.1 60.0 67 instant 406 40 40 17 17 None 0 0 0.9473684210526315 0
0.1 60.0 67 retraso20 406 40 2 0 None 0 1 0 0.2857142857142857 0
0.1 60.0 67 retraso60 406 41 10 1 28 1 0 1 0.0 1
0.1 60.0 67 retraso20_parasita5 406 162 49 None None None 1 0 nan 0
0.1 60.0 67 retraso60_parasita5 406 216 81 None None None 1 0 nan 0
0.1 60.0 67 parasita5 406 191 40 None None None 1 0 nan 0
0.1 60.0 67 sp 406 92 5 0 None 0 1 0 0.45348837209302323 0
0.1 60.0 67 retraso20_sp 406 83 13 0 None 0 1 0 0.2857142857142857 0
0.1 60.0 67 retraso60_sp 406 131 37 5 None 5 1 0 0.3333333333333333 0
0.1 60.0 67 privada_inf 406 195 38 25 25 None 0 0 0.9705882352941176 0
0.1 60.0 67 hook20 406 40 40 17 17 None 0 0 0.9473684210526315 0
0.1 60.0 67 retro500 406 191 44 None None None 1 0 nan 0
0.1 60.0 73 instant 402 21 13 6 6 None 0 0 0.75 0
0.1 60.0 73 retraso20 402 22 10 4 34 4 0 1 0.375 0
0.1 60.0 73 retraso60 402 23 14 4 24 4 0 1 0.08333333333333333 1
0.1 60.0 73 retraso20_parasita5 402 204 36 39 39 None 0 0 0.9886363636363636 0
0.1 60.0 73 retraso60_parasita5 402 237 81 None None None 1 0 nan 0
0.1 60.0 73 parasita5 402 192 21 8 8 None 0 0 0.9574468085106383 0
0.1 60.0 73 sp 402 101 14 0 None 0 1 0 0.4805194805194805 0
0.1 60.0 73 retraso20_sp 402 104 6 0 None 0 1 1 0.3157894736842105 1
0.1 60.0 73 retraso60_sp 402 163 44 9 9 None 0 1 0.6136363636363636 1
0.1 60.0 73 privada_inf 402 215 48 None None None 1 0 nan 0
0.1 60.0 73 hook20 402 22 10 4 None 4 1 1 0.4444444444444444 0
0.1 60.0 73 retro500 402 192 36 13 13 None 0 0 0.9672131147540983 0
0.1 60.0 89 instant 421 12 12 4 4 None 0 0 0.8333333333333334 0
0.1 60.0 89 retraso20 421 13 13 6 6 None 0 1 0.625 0
0.1 60.0 89 retraso60 421 13 6 0 9 0 0 1 0.0 1
0.1 60.0 89 retraso20_parasita5 421 203 34 None None None 1 0 nan 0
0.1 60.0 89 retraso60_parasita5 421 256 74 None None None 1 0 nan 0
0.1 60.0 89 parasita5 421 203 20 None None None 1 0 nan 0
0.1 60.0 89 sp 421 116 6 0 None 0 1 0 0.4626865671641791 0
0.1 60.0 89 retraso20_sp 421 139 9 0 None 0 1 1 0.28205128205128205 1
0.1 60.0 89 retraso60_sp 421 175 45 9 9 None 0 1 0.6739130434782609 1
0.1 60.0 89 privada_inf 421 233 45 None None None 1 0 nan 0
0.1 60.0 89 hook20 421 12 12 4 4 None 0 0 0.8333333333333334 0
0.1 60.0 89 retro500 421 203 35 None None None 1 0 nan 0
0.1 60.0 97 instant 361 1 1 0 None 0 1 1 0.4647887323943662 0
0.1 60.0 97 retraso20 361 1 1 0 None 0 1 1 0.17391304347826086 0
0.1 60.0 97 retraso60 361 1 1 0 None 0 1 1 0.02564102564102564 0
0.1 60.0 97 retraso20_parasita5 361 172 28 7 7 None 0 0 0.9473684210526315 0
0.1 60.0 97 retraso60_parasita5 361 191 60 None None None 1 0 nan 0
0.1 60.0 97 parasita5 361 162 24 3 3 None 0 0 0.9230769230769231 0
0.1 60.0 97 sp 361 103 4 0 None 0 1 1 0.463768115942029 0
0.1 60.0 97 retraso20_sp 361 75 2 0 None 0 1 1 0.2894736842105263 1
0.1 60.0 97 retraso60_sp 361 124 29 4 None 4 1 1 0.23333333333333334 1
0.1 60.0 97 privada_inf 361 157 33 14 14 None 0 1 0.9166666666666666 1
0.1 60.0 97 hook20 361 1 1 0 None 0 1 1 0.27450980392156865 0
0.1 60.0 97 retro500 361 162 34 5 5 None 0 0 0.9411764705882353 0
0.1 60.0 101 instant 424 1 1 0 None 0 1 0 0.47368421052631576 0
0.1 60.0 101 retraso20 424 2 2 0 5 0 0 1 0.0 0
0.1 60.0 101 retraso60 424 2 2 0 9 0 0 1 0.0 1
0.1 60.0 101 retraso20_parasita5 424 194 26 None None None 1 0 nan 0
0.1 60.0 101 retraso60_parasita5 424 239 56 None None None 1 0 nan 0
0.1 60.0 101 parasita5 424 216 24 21 21 None 0 0 0.974025974025974 0
0.1 60.0 101 sp 424 111 5 0 None 0 1 0 0.4788732394366197 0
0.1 60.0 101 retraso20_sp 424 108 3 0 None 0 1 1 0.2564102564102564 0
0.1 60.0 101 retraso60_sp 424 172 23 0 None 0 1 1 0.18518518518518517 1
0.1 60.0 101 privada_inf 424 236 25 None None None 1 0 nan 0
0.1 60.0 101 hook20 424 2 2 0 11 0 0 1 0.2 0
0.1 60.0 101 retro500 424 216 35 24 24 None 0 0 0.9775280898876404 0
0.1 60.0 113 instant 415 8 4 0 0 None 0 0 0.5 0
0.1 60.0 113 retraso20 415 8 3 0 None 0 1 1 0.3076923076923077 0
0.1 60.0 113 retraso60 415 6 6 1 7 1 0 1 0.0 1
0.1 60.0 113 retraso20_parasita5 415 198 38 None None None 1 0 nan 0
0.1 60.0 113 retraso60_parasita5 415 221 76 None None None 1 0 nan 0
0.1 60.0 113 parasita5 415 165 20 4 4 None 0 0 0.9310344827586207 0
0.1 60.0 113 sp 415 106 10 0 None 0 1 0 0.46153846153846156 0
0.1 60.0 113 retraso20_sp 415 126 14 0 None 0 1 1 0.24390243902439024 1
0.1 60.0 113 retraso60_sp 415 161 45 9 9 None 0 1 0.7037037037037037 1
0.1 60.0 113 privada_inf 415 194 47 None None None 1 0 nan 0
0.1 60.0 113 hook20 415 11 6 0 None 0 1 1 0.2857142857142857 0
0.1 60.0 113 retro500 415 165 28 6 6 None 0 0 0.9459459459459459 0
0.1 60.0 127 instant 408 4 4 1 1 None 0 0 0.6666666666666666 0
0.1 60.0 127 retraso20 408 5 5 1 3 1 0 1 0.0 1
0.1 60.0 127 retraso60 408 5 5 0 9 0 0 1 0.0 0
0.1 60.0 127 retraso20_parasita5 408 202 38 39 39 None 0 0 0.9782608695652174 0
0.1 60.0 127 retraso60_parasita5 408 219 70 39 39 None 0 0 0.9880952380952381 0
0.1 60.0 127 parasita5 408 174 27 None None None 1 0 nan 0
0.1 60.0 127 sp 408 105 5 0 None 0 1 0 0.4888888888888889 0
0.1 60.0 127 retraso20_sp 408 91 4 0 None 0 1 1 0.2558139534883721 1
0.1 60.0 127 retraso60_sp 408 135 32 4 None 4 1 1 0.2 1
0.1 60.0 127 privada_inf 408 174 32 27 27 None 0 0 0.9814814814814815 0
0.1 60.0 127 hook20 408 4 4 1 1 None 0 0 0.6666666666666666 0
0.1 60.0 127 retro500 408 174 40 None None None 1 0 nan 0
0.25 4.0 11 instant 406 1 1 0 0 None 0 1 0.5 0
0.25 4.0 11 retraso20 406 1 1 0 None 0 1 1 0.14953271028037382 0
0.25 4.0 11 retraso60 406 1 1 0 None 0 1 1 0.40229885057471265 0
0.25 4.0 11 retraso20_parasita5 406 11 3 0 0 None 0 0 1.0 0
0.25 4.0 11 retraso60_parasita5 406 19 2 0 0 None 0 0 1.0 0
0.25 4.0 11 parasita5 406 9 3 0 0 None 0 0 1.0 0
0.25 4.0 11 sp 406 7 7 4 4 None 0 0 1.0 0
0.25 4.0 11 retraso20_sp 406 8 2 0 0 None 0 1 0.7142857142857143 0
0.25 4.0 11 retraso60_sp 406 14 2 0 0 None 0 1 0.8666666666666667 0
0.25 4.0 11 privada_inf 406 63 2 0 0 None 0 1 0.9615384615384616 0
0.25 4.0 11 hook20 406 1 1 0 None 0 1 1 0.44360902255639095 0
0.25 4.0 11 retro500 406 9 3 0 0 None 0 0 0.9736842105263158 0
0.25 4.0 23 instant 418 2 2 0 0 None 0 0 0.5 0
0.25 4.0 23 retraso20 418 3 2 0 1 0 0 1 0.10526315789473684 1
0.25 4.0 23 retraso60 418 3 2 0 1 0 0 1 0.09090909090909091 1
0.25 4.0 23 retraso20_parasita5 418 9 2 0 0 None 0 0 1.0 0
0.25 4.0 23 retraso60_parasita5 418 21 2 0 0 None 0 0 1.0 0
0.25 4.0 23 parasita5 418 3 2 0 0 None 0 0 1.0 0
0.25 4.0 23 sp 418 2 2 0 0 None 0 0 0.5 0
0.25 4.0 23 retraso20_sp 418 7 2 0 0 None 0 0 1.0 0
0.25 4.0 23 retraso60_sp 418 14 2 0 0 None 0 0 1.0 0
0.25 4.0 23 privada_inf 418 62 2 0 0 None 0 0 0.9868421052631579 0
0.25 4.0 23 hook20 418 3 3 0 1 0 0 1 0.3333333333333333 1
0.25 4.0 23 retro500 418 3 2 0 0 None 0 0 1.0 0
0.25 4.0 37 instant 421 1 1 0 0 None 0 1 0.5 0
0.25 4.0 37 retraso20 421 1 1 0 None 0 1 1 0.1271186440677966 0
0.25 4.0 37 retraso60 421 1 1 0 None 0 1 1 0.034782608695652174 0
0.25 4.0 37 retraso20_parasita5 421 9 3 0 0 None 0 0 1.0 0
0.25 4.0 37 retraso60_parasita5 421 21 4 0 0 None 0 0 1.0 0
0.25 4.0 37 parasita5 421 5 3 0 0 None 0 0 1.0 0
0.25 4.0 37 sp 421 4 4 0 0 None 0 1 0.5 0
0.25 4.0 37 retraso20_sp 421 6 2 0 0 None 0 1 0.875 0
0.25 4.0 37 retraso60_sp 421 14 2 0 0 None 0 1 0.9230769230769231 0
0.25 4.0 37 privada_inf 421 61 2 0 0 None 0 1 0.975609756097561 0
0.25 4.0 37 hook20 421 1 1 0 None 0 1 1 0.46258503401360546 0
0.25 4.0 37 retro500 421 5 2 0 0 None 0 0 0.975609756097561 0
0.25 4.0 41 instant 382 3 3 1 1 None 0 0 0.6666666666666666 0
0.25 4.0 41 retraso20 382 4 2 0 2 0 0 1 0.1 1
0.25 4.0 41 retraso60 382 4 2 0 2 0 0 1 0.09090909090909091 0
0.25 4.0 41 retraso20_parasita5 382 8 2 0 0 None 0 0 1.0 0
0.25 4.0 41 retraso60_parasita5 382 17 4 0 0 None 0 0 1.0 0
0.25 4.0 41 parasita5 382 4 4 1 1 None 0 0 1.0 0
0.25 4.0 41 sp 382 3 3 1 1 None 0 0 0.6666666666666666 0
0.25 4.0 41 retraso20_sp 382 7 2 0 0 5 0 1 0.8333333333333334 1
0.25 4.0 41 retraso60_sp 382 9 2 0 0 None 0 1 0.9090909090909091 0
0.25 4.0 41 privada_inf 382 59 2 0 0 None 0 1 0.9733333333333334 0
0.25 4.0 41 hook20 382 4 4 1 2 1 0 1 0.3333333333333333 0
0.25 4.0 41 retro500 382 4 4 1 1 None 0 0 1.0 0
0.25 4.0 59 instant 383 1 1 0 0 None 0 1 0.5 0
0.25 4.0 59 retraso20 383 1 1 0 None 0 1 1 0.24752475247524752 0
0.25 4.0 59 retraso60 383 1 1 0 None 0 1 1 0.030612244897959183 0
0.25 4.0 59 retraso20_parasita5 383 11 2 0 0 None 0 0 1.0 0
0.25 4.0 59 retraso60_parasita5 383 20 4 0 0 None 0 0 1.0 0
0.25 4.0 59 parasita5 383 5 2 0 0 None 0 0 1.0 0
0.25 4.0 59 sp 383 3 3 0 1 0 0 1 0.25 0
0.25 4.0 59 retraso20_sp 383 6 2 0 0 None 0 1 0.7777777777777778 0
0.25 4.0 59 retraso60_sp 383 8 2 0 0 None 0 1 0.8666666666666667 0
0.25 4.0 59 privada_inf 383 55 2 0 0 None 0 1 0.971830985915493 0
0.25 4.0 59 hook20 383 1 1 0 None 0 1 1 0.46564885496183206 0
0.25 4.0 59 retro500 383 5 3 0 0 None 0 0 0.9859154929577465 0
0.25 4.0 67 instant 406 5 4 1 1 None 0 0 0.75 0
0.25 4.0 67 retraso20 406 6 2 0 0 None 0 0 0.5 0
0.25 4.0 67 retraso60 406 6 2 0 0 0 0 1 0.04819277108433735 1
0.25 4.0 67 retraso20_parasita5 406 8 3 0 0 None 0 0 1.0 0
0.25 4.0 67 retraso60_parasita5 406 15 2 0 0 None 0 0 1.0 0
0.25 4.0 67 parasita5 406 5 2 0 0 None 0 0 1.0 0
0.25 4.0 67 sp 406 5 4 1 1 None 0 0 0.75 0
0.25 4.0 67 retraso20_sp 406 8 2 0 0 None 0 0 1.0 0
0.25 4.0 67 retraso60_sp 406 10 2 0 0 None 0 0 1.0 0
0.25 4.0 67 privada_inf 406 64 2 0 0 None 0 0 0.9873417721518988 0
0.25 4.0 67 hook20 406 6 2 0 0 None 0 0 1.0 0
0.25 4.0 67 retro500 406 5 2 0 0 None 0 0 1.0 0
0.25 4.0 73 instant 402 7 7 2 2 None 0 0 1.0 0
0.25 4.0 73 retraso20 402 8 6 2 2 None 0 0 0.75 0
0.25 4.0 73 retraso60 402 8 2 0 1 0 0 1 0.05 1
0.25 4.0 73 retraso20_parasita5 402 9 2 0 0 None 0 0 1.0 0
0.25 4.0 73 retraso60_parasita5 402 19 2 0 0 None 0 0 1.0 0
0.25 4.0 73 parasita5 402 7 5 1 1 None 0 0 1.0 0
0.25 4.0 73 sp 402 7 2 1 1 None 0 0 0.75 0
0.25 4.0 73 retraso20_sp 402 9 2 0 0 None 0 0 1.0 0
0.25 4.0 73 retraso60_sp 402 16 2 0 0 None 0 0 1.0 0
0.25 4.0 73 privada_inf 402 75 2 0 0 None 0 0 0.9868421052631579 0
0.25 4.0 73 hook20 402 8 6 2 2 None 0 0 0.75 0
0.25 4.0 73 retro500 402 7 5 1 1 None 0 0 1.0 0
0.25 4.0 89 instant 421 1 1 0 None 0 1 0 0.4976958525345622 0
0.25 4.0 89 retraso20 421 2 2 0 3 0 0 1 0.3 1
0.25 4.0 89 retraso60 421 2 2 0 3 0 0 1 0.09090909090909091 1
0.25 4.0 89 retraso20_parasita5 421 11 6 0 0 None 0 0 1.0 0
0.25 4.0 89 retraso60_parasita5 421 23 4 0 0 None 0 0 1.0 0
0.25 4.0 89 parasita5 421 4 3 1 1 None 0 0 1.0 0
0.25 4.0 89 sp 421 2 2 0 0 None 0 0 0.5 0
0.25 4.0 89 retraso20_sp 421 5 2 0 4 0 0 1 0.3 1
0.25 4.0 89 retraso60_sp 421 10 2 0 0 None 0 1 0.65 1
0.25 4.0 89 privada_inf 421 64 2 0 0 None 0 1 0.9102564102564102 1
0.25 4.0 89 hook20 421 2 2 0 3 0 0 1 0.25 0
0.25 4.0 89 retro500 421 4 3 1 1 None 0 0 1.0 0
0.25 4.0 97 instant 361 1 1 0 0 None 0 1 0.5384615384615384 0
0.25 4.0 97 retraso20 361 1 1 0 None 0 1 1 0.29347826086956524 0
0.25 4.0 97 retraso60 361 1 1 0 None 0 1 1 0.05747126436781609 0
0.25 4.0 97 retraso20_parasita5 361 9 2 0 0 None 0 0 1.0 0
0.25 4.0 97 retraso60_parasita5 361 16 6 0 0 None 0 0 1.0 0
0.25 4.0 97 parasita5 361 4 2 0 0 None 0 0 1.0 0
0.25 4.0 97 sp 361 3 2 0 0 None 0 1 0.6 0
0.25 4.0 97 retraso20_sp 361 6 2 0 0 None 0 1 0.875 0
0.25 4.0 97 retraso60_sp 361 10 2 0 0 None 0 1 0.9333333333333333 0
0.25 4.0 97 privada_inf 361 46 2 0 0 None 0 1 0.9864864864864865 0
0.25 4.0 97 hook20 361 1 1 0 0 None 0 1 0.5083333333333333 0
0.25 4.0 97 retro500 361 4 2 0 0 None 0 0 0.972972972972973 0
0.25 4.0 101 instant 424 1 1 0 0 None 0 0 0.5120772946859904 0
0.25 4.0 101 retraso20 424 2 2 0 4 0 0 1 0.14285714285714285 0
0.25 4.0 101 retraso60 424 2 2 0 1 0 0 1 0.08 0
0.25 4.0 101 retraso20_parasita5 424 8 3 0 0 None 0 0 1.0 0
0.25 4.0 101 retraso60_parasita5 424 22 3 0 0 None 0 0 1.0 0
0.25 4.0 101 parasita5 424 2 2 0 0 None 0 0 1.0 0
0.25 4.0 101 sp 424 1 1 0 0 None 0 0 0.5120772946859904 0
0.25 4.0 101 retraso20_sp 424 5 2 0 0 None 0 1 0.8 0
0.25 4.0 101 retraso60_sp 424 12 2 0 0 None 0 1 0.9333333333333333 0
0.25 4.0 101 privada_inf 424 64 2 0 0 None 0 1 0.9733333333333334 0
0.25 4.0 101 hook20 424 2 2 0 1 0 0 1 0.2 0
0.25 4.0 101 retro500 424 2 2 0 0 None 0 0 1.0 0
0.25 4.0 113 instant 415 2 2 0 0 None 0 0 0.5 0
0.25 4.0 113 retraso20 415 3 2 0 1 0 0 1 0.3333333333333333 1
0.25 4.0 113 retraso60 415 3 3 0 1 0 0 1 0.3333333333333333 1
0.25 4.0 113 retraso20_parasita5 415 7 2 0 0 None 0 0 1.0 0
0.25 4.0 113 retraso60_parasita5 415 11 2 0 0 None 0 0 1.0 0
0.25 4.0 113 parasita5 415 2 2 0 0 None 0 0 1.0 0
0.25 4.0 113 sp 415 2 2 0 0 None 0 0 0.5 0
0.25 4.0 113 retraso20_sp 415 6 2 0 0 None 0 0 1.0 0
0.25 4.0 113 retraso60_sp 415 8 2 0 0 None 0 0 1.0 0
0.25 4.0 113 privada_inf 415 56 2 0 0 None 0 0 1.0 0
0.25 4.0 113 hook20 415 3 3 0 1 0 0 1 0.3333333333333333 1
0.25 4.0 113 retro500 415 2 2 0 0 None 0 0 1.0 0
0.25 4.0 127 instant 408 4 4 1 1 None 0 0 0.6666666666666666 0
0.25 4.0 127 retraso20 408 5 2 0 0 None 0 1 0.5333333333333333 1
0.25 4.0 127 retraso60 408 5 5 1 1 None 0 1 0.6666666666666666 1
0.25 4.0 127 retraso20_parasita5 408 8 2 0 0 None 0 0 1.0 0
0.25 4.0 127 retraso60_parasita5 408 16 2 0 0 None 0 0 1.0 0
0.25 4.0 127 parasita5 408 4 4 1 1 None 0 0 1.0 0
0.25 4.0 127 sp 408 4 4 1 1 None 0 0 0.6666666666666666 0
0.25 4.0 127 retraso20_sp 408 7 2 0 0 None 0 0 1.0 0
0.25 4.0 127 retraso60_sp 408 13 2 0 0 None 0 0 1.0 0
0.25 4.0 127 privada_inf 408 59 2 0 0 None 0 0 1.0 0
0.25 4.0 127 hook20 408 5 2 0 0 1 0 0 1.0 0
0.25 4.0 127 retro500 408 4 4 1 1 None 0 0 1.0 0
0.25 16.0 11 instant 406 1 1 0 None 0 1 1 0.43169398907103823 0
0.25 16.0 11 retraso20 406 1 1 0 None 0 1 1 0.01904761904761905 0
0.25 16.0 11 retraso60 406 1 1 0 0 None 0 1 0.6774193548387096 0
0.25 16.0 11 retraso20_parasita5 406 37 14 0 0 None 0 0 0.9166666666666666 0
0.25 16.0 11 retraso60_parasita5 406 39 9 0 0 None 0 0 0.9583333333333334 0
0.25 16.0 11 parasita5 406 19 2 4 4 None 0 0 1.0 0
0.25 16.0 11 sp 406 17 17 8 8 None 0 0 0.9 0
0.25 16.0 11 retraso20_sp 406 18 3 6 6 None 0 1 0.8125 0
0.25 16.0 11 retraso60_sp 406 23 2 1 1 None 0 1 0.8333333333333334 1
0.25 16.0 11 privada_inf 406 59 3 0 0 None 0 1 0.8846153846153846 1
0.25 16.0 11 hook20 406 1 1 0 None 0 1 1 0.19327731092436976 0
0.25 16.0 11 retro500 406 27 11 0 0 None 0 0 0.92 0
0.25 16.0 23 instant 418 2 2 0 0 None 0 0 0.5 0
0.25 16.0 23 retraso20 418 3 2 0 7 0 0 1 0.0 1
0.25 16.0 23 retraso60 418 3 2 0 6 0 0 1 0.014492753623188406 1
0.25 16.0 23 retraso20_parasita5 418 30 4 0 0 None 0 0 0.9166666666666666 0
0.25 16.0 23 retraso60_parasita5 418 41 3 0 0 None 0 0 0.9583333333333334 0
0.25 16.0 23 parasita5 418 33 7 0 0 None 0 0 0.92 0
0.25 16.0 23 sp 418 9 6 0 13 0 0 0 0.45454545454545453 0
0.25 16.0 23 retraso20_sp 418 14 2 6 6 None 0 0 0.75 0
0.25 16.0 23 retraso60_sp 418 20 2 0 0 None 0 0 0.6111111111111112 0
0.25 16.0 23 privada_inf 418 59 2 0 0 None 0 0 0.96 0
0.25 16.0 23 hook20 418 3 3 0 1 0 0 1 0.3333333333333333 0
0.25 16.0 23 retro500 418 39 27 1 1 None 0 0 0.9534883720930233 0
0.25 16.0 37 instant 421 1 1 0 None 0 1 1 0.42786069651741293 0
0.25 16.0 37 retraso20 421 1 1 0 None 0 1 1 0.02608695652173913 0
0.25 16.0 37 retraso60 421 1 1 0 None 0 1 1 0.22388059701492538 0
0.25 16.0 37 retraso20_parasita5 421 35 2 0 0 None 0 0 0.96 0
0.25 16.0 37 retraso60_parasita5 421 41 2 0 0 None 0 0 1.0 0
0.25 16.0 37 parasita5 421 31 2 0 0 None 0 0 1.0 0
0.25 16.0 37 sp 421 11 7 1 9 1 0 1 0.3333333333333333 0
0.25 16.0 37 retraso20_sp 421 13 2 0 20 0 0 1 0.34782608695652173 0
0.25 16.0 37 retraso60_sp 421 20 2 1 1 36 0 1 0.9 1
0.25 16.0 37 privada_inf 421 56 3 2 2 None 0 1 0.9574468085106383 1
0.25 16.0 37 hook20 421 1 1 0 None 0 1 1 0.18181818181818182 0
0.25 16.0 37 retro500 421 45 34 1 1 None 0 0 0.9523809523809523 0
0.25 16.0 41 instant 382 3 3 1 1 None 0 0 0.6666666666666666 0
0.25 16.0 41 retraso20 382 4 2 0 5 0 0 1 0.0 1
0.25 16.0 41 retraso60 382 4 2 0 5 0 0 1 0.0 1
0.25 16.0 41 retraso20_parasita5 382 25 2 0 0 None 0 0 1.0 0
0.25 16.0 41 retraso60_parasita5 382 32 2 0 0 None 0 0 1.0 0
0.25 16.0 41 parasita5 382 12 4 0 0 None 0 0 1.0 0
0.25 16.0 41 sp 382 7 5 0 0 None 0 0 0.5 0
0.25 16.0 41 retraso20_sp 382 11 2 0 7 0 0 0 0.2857142857142857 0
0.25 16.0 41 retraso60_sp 382 13 3 0 0 None 0 1 0.8333333333333334 1
0.25 16.0 41 privada_inf 382 42 2 0 0 None 0 1 0.8846153846153846 1
0.25 16.0 41 hook20 382 4 4 0 3 0 0 1 0.25 1
0.25 16.0 41 retro500 382 24 16 0 0 None 0 0 0.92 0
0.25 16.0 59 instant 383 1 1 0 None 0 1 1 0.42168674698795183 0
0.25 16.0 59 retraso20 383 1 1 0 None 0 1 1 0.041237113402061855 0
0.25 16.0 59 retraso60 383 1 1 0 None 0 1 1 0.010309278350515464 0
0.25 16.0 59 retraso20_parasita5 383 26 2 8 8 None 0 0 1.0 0
0.25 16.0 59 retraso60_parasita5 383 35 2 8 8 None 0 0 1.0 0
0.25 16.0 59 parasita5 383 19 2 8 8 None 0 0 1.0 0
0.25 16.0 59 sp 383 15 7 0 10 0 0 1 0.375 0
0.25 16.0 59 retraso20_sp 383 19 2 3 3 None 0 1 0.6666666666666666 0
0.25 16.0 59 retraso60_sp 383 21 2 14 14 None 0 1 0.675 1
0.25 16.0 59 privada_inf 383 56 2 2 2 None 0 1 0.9361702127659575 0
0.25 16.0 59 hook20 383 1 1 0 None 0 1 1 0.21052631578947367 0
0.25 16.0 59 retro500 383 20 4 0 0 None 0 0 0.92 0
0.25 16.0 67 instant 406 6 6 2 2 None 0 0 0.75 0
0.25 16.0 67 retraso20 406 7 3 3 5 3 0 1 0.3333333333333333 1
0.25 16.0 67 retraso60 406 7 2 0 4 0 0 1 0.014705882352941176 1
0.25 16.0 67 retraso20_parasita5 406 28 7 0 0 None 0 0 0.96 0
0.25 16.0 67 retraso60_parasita5 406 28 2 0 0 None 0 0 1.0 0
0.25 16.0 67 parasita5 406 21 6 0 0 None 0 0 0.9230769230769231 0
0.25 16.0 67 sp 406 12 7 2 2 None 0 0 0.6666666666666666 0
0.25 16.0 67 retraso20_sp 406 14 3 6 6 None 0 0 0.8125 0
0.25 16.0 67 retraso60_sp 406 18 2 3 3 None 0 1 0.9642857142857143 1
0.25 16.0 67 privada_inf 406 66 3 0 0 None 0 0 0.96 0
0.25 16.0 67 hook20 406 7 3 3 3 None 0 1 0.5 1
0.25 16.0 67 retro500 406 31 19 0 0 None 0 0 0.9230769230769231 0
0.25 16.0 73 instant 402 9 9 3 3 None 0 0 0.8 0
0.25 16.0 73 retraso20 402 10 10 4 4 None 0 1 0.5 1
0.25 16.0 73 retraso60 402 10 2 0 5 0 0 1 0.07228915662650602 1
0.25 16.0 73 retraso20_parasita5 402 19 2 0 0 None 0 0 1.0 0
0.25 16.0 73 retraso60_parasita5 402 32 5 0 0 None 0 0 1.0 0
0.25 16.0 73 parasita5 402 14 2 0 0 None 0 0 1.0 0
0.25 16.0 73 sp 402 12 4 0 0 None 0 0 0.5 0
0.25 16.0 73 retraso20_sp 402 14 2 1 1 None 0 0 0.8823529411764706 0
0.25 16.0 73 retraso60_sp 402 19 2 0 0 None 0 0 1.0 0
0.25 16.0 73 privada_inf 402 66 5 2 2 None 0 0 0.9814814814814815 0
0.25 16.0 73 hook20 402 10 10 4 4 None 0 1 0.6666666666666666 1
0.25 16.0 73 retro500 402 21 9 0 0 None 0 0 0.9230769230769231 0
0.25 16.0 89 instant 421 1 1 0 None 0 1 0 0.4381443298969072 0
0.25 16.0 89 retraso20 421 2 2 0 13 0 0 1 0.1111111111111111 0
0.25 16.0 89 retraso60 421 2 2 0 6 0 0 1 0.08333333333333333 0
0.25 16.0 89 retraso20_parasita5 421 44 5 0 0 None 0 0 0.9583333333333334 0
0.25 16.0 89 retraso60_parasita5 421 40 2 0 0 None 0 0 1.0 0
0.25 16.0 89 parasita5 421 25 2 0 0 None 0 0 1.0 0
0.25 16.0 89 sp 421 7 3 0 24 0 0 0 0.4666666666666667 0
0.25 16.0 89 retraso20_sp 421 12 2 1 1 None 0 1 0.6363636363636364 1
0.25 16.0 89 retraso60_sp 421 17 2 1 1 None 0 1 0.9333333333333333 1
0.25 16.0 89 privada_inf 421 57 2 0 0 None 0 1 0.92 1
0.25 16.0 89 hook20 421 2 2 0 3 0 0 1 0.25 0
0.25 16.0 89 retro500 421 40 29 1 1 None 0 0 0.9545454545454546 0
0.25 16.0 97 instant 361 1 1 0 None 0 1 1 0.43243243243243246 0
0.25 16.0 97 retraso20 361 1 1 0 None 0 1 1 0.07142857142857142 0
0.25 16.0 97 retraso60 361 1 1 0 None 0 1 1 0.023809523809523808 0
0.25 16.0 97 retraso20_parasita5 361 27 2 6 6 None 0 0 1.0 0
0.25 16.0 97 retraso60_parasita5 361 34 2 6 6 None 0 0 1.0 0
0.25 16.0 97 parasita5 361 22 2 6 6 None 0 0 1.0 0
0.25 16.0 97 sp 361 18 6 0 18 0 0 1 0.4 0
0.25 16.0 97 retraso20_sp 361 22 2 9 9 None 0 1 0.8125 0
0.25 16.0 97 retraso60_sp 361 24 3 9 15 9 0 1 0.4666666666666667 1
0.25 16.0 97 privada_inf 361 68 4 11 11 None 0 0 0.9789473684210527 0
0.25 16.0 97 hook20 361 1 1 0 None 0 1 1 0.22 0
0.25 16.0 97 retro500 361 22 2 0 0 None 0 0 0.92 0
0.25 16.0 101 instant 424 1 1 0 None 0 1 0 0.4388888888888889 0
0.25 16.0 101 retraso20 424 2 2 0 8 0 0 1 0.0 0
0.25 16.0 101 retraso60 424 2 2 0 10 0 0 1 0.030303030303030304 0
0.25 16.0 101 retraso20_parasita5 424 46 7 0 0 None 0 0 1.0 0
0.25 16.0 101 retraso60_parasita5 424 54 3 0 0 None 0 0 1.0 0
0.25 16.0 101 parasita5 424 34 2 0 0 None 0 0 1.0 0
0.25 16.0 101 sp 424 6 4 0 9 0 0 0 0.4444444444444444 0
0.25 16.0 101 retraso20_sp 424 10 2 0 14 0 0 1 0.08333333333333333 1
0.25 16.0 101 retraso60_sp 424 17 2 0 0 None 0 1 0.6 0
0.25 16.0 101 privada_inf 424 50 3 0 0 None 0 1 0.92 0
0.25 16.0 101 hook20 424 2 2 0 9 0 0 1 0.16666666666666666 0
0.25 16.0 101 retro500 424 44 36 1 1 None 0 0 0.9523809523809523 0
0.25 16.0 113 instant 415 2 2 0 0 None 0 0 0.5 0
0.25 16.0 113 retraso20 415 3 2 0 None 0 1 1 0.125 1
0.25 16.0 113 retraso60 415 3 2 0 5 0 0 1 0.25 1
0.25 16.0 113 retraso20_parasita5 415 23 6 0 0 None 0 0 0.9583333333333334 0
0.25 16.0 113 retraso60_parasita5 415 30 4 1 1 None 0 0 0.9767441860465116 0
0.25 16.0 113 parasita5 415 11 2 1 1 None 0 0 1.0 0
0.25 16.0 113 sp 415 7 3 0 9 0 0 0 0.4444444444444444 0
0.25 16.0 113 retraso20_sp 415 11 2 0 0 None 0 0 0.625 0
0.25 16.0 113 retraso60_sp 415 14 2 1 1 None 0 0 0.7446808510638298 0
0.25 16.0 113 privada_inf 415 52 3 1 1 None 0 0 0.9767441860465116 0
0.25 16.0 113 hook20 415 3 3 0 4 0 0 1 0.25 0
0.25 16.0 113 retro500 415 28 19 0 0 None 0 0 0.92 0
0.25 16.0 127 instant 408 4 4 1 1 None 0 0 0.6666666666666666 0
0.25 16.0 127 retraso20 408 5 5 0 4 0 0 1 0.0 1
0.25 16.0 127 retraso60 408 5 2 0 9 0 0 1 0.13333333333333333 1
0.25 16.0 127 retraso20_parasita5 408 29 2 0 0 None 0 0 1.0 0
0.25 16.0 127 retraso60_parasita5 408 42 2 0 0 None 0 0 1.0 0
0.25 16.0 127 parasita5 408 21 2 0 0 None 0 0 1.0 0
0.25 16.0 127 sp 408 10 2 0 9 0 0 0 0.42857142857142855 0
0.25 16.0 127 retraso20_sp 408 13 2 0 0 None 0 0 0.5555555555555556 0
0.25 16.0 127 retraso60_sp 408 19 2 2 2 None 0 0 1.0 0
0.25 16.0 127 privada_inf 408 67 5 0 0 None 0 1 0.9583333333333334 1
0.25 16.0 127 hook20 408 5 5 0 4 0 0 1 0.2 1
0.25 16.0 127 retro500 408 30 19 0 0 None 0 0 0.92 0
0.25 20.0 11 instant 406 1 1 0 None 0 1 1 0.42857142857142855 0
0.25 20.0 11 retraso20 406 1 1 0 None 0 1 1 0.01904761904761905 0
0.25 20.0 11 retraso60 406 1 1 0 None 0 1 1 0.009523809523809525 0
0.25 20.0 11 retraso20_parasita5 406 81 28 1 1 None 0 0 0.9696969696969697 0
0.25 20.0 11 retraso60_parasita5 406 80 30 1 1 None 0 0 0.9705882352941176 0
0.25 20.0 11 parasita5 406 67 13 0 0 None 0 0 0.9 0
0.25 20.0 11 sp 406 18 2 0 11 0 0 1 0.2857142857142857 1
0.25 20.0 11 retraso20_sp 406 18 2 6 6 None 0 0 0.6666666666666666 0
0.25 20.0 11 retraso60_sp 406 27 5 19 19 None 0 1 0.5238095238095238 1
0.25 20.0 11 privada_inf 406 51 2 0 0 None 0 1 0.8636363636363636 0
0.25 20.0 11 hook20 406 1 1 0 None 0 1 1 0.18487394957983194 0
0.25 20.0 11 retro500 406 69 52 3 3 None 0 0 0.9672131147540983 0
0.25 20.0 23 instant 418 2 2 0 0 None 0 0 0.5 0
0.25 20.0 23 retraso20 418 3 2 0 7 0 0 1 0.0 1
0.25 20.0 23 retraso60 418 3 2 0 7 0 0 1 0.009615384615384616 0
0.25 20.0 23 retraso20_parasita5 418 87 22 1 1 None 0 0 0.9411764705882353 0
0.25 20.0 23 retraso60_parasita5 418 93 20 0 0 None 0 0 0.95 0
0.25 20.0 23 parasita5 418 85 19 0 0 None 0 0 0.9047619047619048 0
0.25 20.0 23 sp 418 12 9 0 13 0 0 0 0.45454545454545453 0
0.25 20.0 23 retraso20_sp 418 17 2 0 13 0 0 1 0.15789473684210525 1
0.25 20.0 23 retraso60_sp 418 30 2 0 0 None 0 0 0.64 0
0.25 20.0 23 privada_inf 418 49 2 0 0 None 0 0 0.95 0
0.25 20.0 23 hook20 418 3 3 0 1 0 0 1 0.3333333333333333 0
0.25 20.0 23 retro500 418 92 76 6 6 None 0 0 0.9753086419753086 0
0.25 20.0 37 instant 421 1 1 0 None 0 1 1 0.42786069651741293 0
0.25 20.0 37 retraso20 421 1 1 0 None 0 1 1 0.02608695652173913 0
0.25 20.0 37 retraso60 421 1 1 0 None 0 1 1 0.008695652173913044 0
0.25 20.0 37 retraso20_parasita5 421 84 16 0 0 None 0 0 0.95 0
0.25 20.0 37 retraso60_parasita5 421 97 22 1 1 None 0 0 0.9722222222222222 0
0.25 20.0 37 parasita5 421 81 9 0 0 None 0 0 0.9047619047619048 0
0.25 20.0 37 sp 421 14 2 0 12 0 0 1 0.3333333333333333 0
0.25 20.0 37 retraso20_sp 421 16 2 4 6 4 0 1 0.2777777777777778 1
0.25 20.0 37 retraso60_sp 421 24 5 8 8 None 0 1 0.8571428571428571 1
0.25 20.0 37 privada_inf 421 56 3 11 11 None 0 0 0.9811320754716981 0
0.25 20.0 37 hook20 421 1 1 0 None 0 1 1 0.18181818181818182 0
0.25 20.0 37 retro500 421 86 72 5 5 None 0 0 0.9722222222222222 0
0.25 20.0 41 instant 382 3 3 1 1 None 0 0 0.6666666666666666 0
0.25 20.0 41 retraso20 382 4 2 0 5 0 0 1 0.0 1
0.25 20.0 41 retraso60 382 4 2 0 9 0 0 1 0.4 0
0.25 20.0 41 retraso20_parasita5 382 73 17 0 0 None 0 0 0.9 0
0.25 20.0 41 retraso60_parasita5 382 81 19 1 1 None 0 0 0.9705882352941176 0
0.25 20.0 41 parasita5 382 64 11 0 0 None 0 0 0.9 0
0.25 20.0 41 sp 382 8 2 0 0 None 0 0 0.5 0
0.25 20.0 41 retraso20_sp 382 12 2 3 3 None 0 0 0.7 0
0.25 20.0 41 retraso60_sp 382 22 2 0 None 0 1 0 0.47619047619047616 0
0.25 20.0 41 privada_inf 382 45 4 2 2 None 0 1 0.9545454545454546 0
0.25 20.0 41 hook20 382 4 4 0 7 0 0 1 0.2 0
0.25 20.0 41 retro500 382 73 63 4 4 None 0 0 0.9682539682539683 0
0.25 20.0 59 instant 383 1 1 0 None 0 1 1 0.41818181818181815 0
0.25 20.0 59 retraso20 383 1 1 0 None 0 1 1 0.030927835051546393 0
0.25 20.0 59 retraso60 383 1 1 0 None 0 1 1 0.010309278350515464 0
0.25 20.0 59 retraso20_parasita5 383 78 20 1 1 None 0 0 0.9696969696969697 0
0.25 20.0 59 retraso60_parasita5 383 82 27 2 2 None 0 0 0.972972972972973 0
0.25 20.0 59 parasita5 383 71 16 0 0 None 0 0 0.9 0
0.25 20.0 59 sp 383 20 4 0 21 0 0 1 0.38461538461538464 0
0.25 20.0 59 retraso20_sp 383 25 2 4 27 4 0 1 0.14285714285714285 0
0.25 20.0 59 retraso60_sp 383 32 2 0 None 0 1 1 0.4666666666666667 0
0.25 20.0 59 privada_inf 383 61 2 0 0 None 0 1 0.5483870967741935 1
0.25 20.0 59 hook20 383 1 1 0 None 0 1 1 0.19469026548672566 0
0.25 20.0 59 retro500 383 79 56 4 4 None 0 0 0.9661016949152542 0
0.25 20.0 67 instant 406 6 6 2 2 None 0 0 0.75 0
0.25 20.0 67 retraso20 406 7 2 0 12 0 0 1 0.16666666666666666 1
0.25 20.0 67 retraso60 406 7 7 3 3 None 0 1 0.8 0
0.25 20.0 67 retraso20_parasita5 406 80 27 1 1 None 0 0 0.9705882352941176 0
0.25 20.0 67 retraso60_parasita5 406 83 24 1 1 None 0 0 0.9705882352941176 0
0.25 20.0 67 parasita5 406 77 27 1 1 None 0 0 0.9459459459459459 0
0.25 20.0 67 sp 406 14 9 4 4 None 0 0 0.6666666666666666 0
0.25 20.0 67 retraso20_sp 406 17 2 4 4 None 0 0 0.5384615384615384 0
0.25 20.0 67 retraso60_sp 406 22 2 0 None 0 1 0 0.4482758620689655 0
0.25 20.0 67 privada_inf 406 62 3 1 1 None 0 1 0.9428571428571428 1
0.25 20.0 67 hook20 406 7 3 0 9 0 0 1 0.4 1
0.25 20.0 67 retro500 406 85 70 5 5 None 0 0 0.971830985915493 0
0.25 20.0 73 instant 402 9 9 3 3 None 0 0 0.8 0
0.25 20.0 73 retraso20 402 10 10 4 4 None 0 1 0.5 1
0.25 20.0 73 retraso60 402 10 2 10 10 None 0 1 0.96 1
0.25 20.0 73 retraso20_parasita5 402 60 18 0 0 None 0 0 0.95 0
0.25 20.0 73 retraso60_parasita5 402 62 17 0 0 None 0 0 0.9473684210526315 0
0.25 20.0 73 parasita5 402 52 19 9 9 None 0 0 0.9782608695652174 0
0.25 20.0 73 sp 402 14 6 1 1 None 0 0 0.6 0
0.25 20.0 73 retraso20_sp 402 16 2 1 1 None 0 0 0.5 0
0.25 20.0 73 retraso60_sp 402 22 3 6 6 None 0 0 1.0 0
0.25 20.0 73 privada_inf 402 62 4 3 3 None 0 0 0.9811320754716981 0
0.25 20.0 73 hook20 402 10 10 4 4 None 0 1 0.6666666666666666 1
0.25 20.0 73 retro500 402 66 53 9 9 None 0 0 0.9782608695652174 0
0.25 20.0 89 instant 421 1 1 0 None 0 1 0 0.43523316062176165 0
0.25 20.0 89 retraso20 421 2 2 0 13 0 0 1 0.1111111111111111 1
0.25 20.0 89 retraso60 421 2 2 0 25 0 0 1 0.05 1
0.25 20.0 89 retraso20_parasita5 421 89 11 0 0 None 0 0 0.95 0
0.25 20.0 89 retraso60_parasita5 421 93 16 0 0 None 0 0 0.95 0
0.25 20.0 89 parasita5 421 74 11 0 0 None 0 0 0.9 0
0.25 20.0 89 sp 421 11 7 0 24 0 0 0 0.42857142857142855 0
0.25 20.0 89 retraso20_sp 421 16 2 0 26 0 0 1 0.17647058823529413 1
0.25 20.0 89 retraso60_sp 421 34 2 0 0 None 0 0 1.0 0
0.25 20.0 89 privada_inf 421 54 2 0 0 None 0 0 0.95 0
0.25 20.0 89 hook20 421 2 2 0 3 0 0 1 0.25 0
0.25 20.0 89 retro500 421 85 70 5 5 None 0 0 0.9714285714285714 0
0.25 20.0 97 instant 361 1 1 0 None 0 1 1 0.42857142857142855 0
0.25 20.0 97 retraso20 361 1 1 0 None 0 1 1 0.058823529411764705 0
0.25 20.0 97 retraso60 361 1 1 0 0 None 0 1 0.72 0
0.25 20.0 97 retraso20_parasita5 361 42 2 0 0 None 0 0 0.95 0
0.25 20.0 97 retraso60_parasita5 361 52 5 0 0 None 0 0 0.95 0
0.25 20.0 97 parasita5 361 39 4 0 0 None 0 0 0.9047619047619048 0
0.25 20.0 97 sp 361 20 8 0 18 0 0 1 0.4 0
0.25 20.0 97 retraso20_sp 361 24 2 10 10 None 0 1 0.7058823529411765 1
0.25 20.0 97 retraso60_sp 361 26 3 3 3 None 0 1 0.8 0
0.25 20.0 97 privada_inf 361 61 2 1 1 None 0 1 0.9411764705882353 0
0.25 20.0 97 hook20 361 1 1 0 None 0 1 1 0.19 0
0.25 20.0 97 retro500 361 48 26 1 1 None 0 0 0.9411764705882353 0
0.25 20.0 101 instant 424 1 1 0 None 0 1 0 0.4388888888888889 0
0.25 20.0 101 retraso20 424 2 2 0 8 0 0 1 0.0 1
0.25 20.0 101 retraso60 424 2 2 0 8 0 0 1 0.0 1
0.25 20.0 101 retraso20_parasita5 424 79 9 0 0 None 0 0 0.95 0
0.25 20.0 101 retraso60_parasita5 424 92 15 1 1 None 0 0 0.9696969696969697 0
0.25 20.0 101 parasita5 424 86 4 0 0 None 0 0 0.9473684210526315 0
0.25 20.0 101 sp 424 7 2 0 16 0 0 0 0.4166666666666667 0
0.25 20.0 101 retraso20_sp 424 11 2 1 15 1 0 0 0.35294117647058826 0
0.25 20.0 101 retraso60_sp 424 26 2 0 None 0 1 0 0.3448275862068966 0
0.25 20.0 101 privada_inf 424 56 4 0 0 None 0 0 0.95 0
0.25 20.0 101 hook20 424 2 2 0 9 0 0 1 0.16666666666666666 0
0.25 20.0 101 retro500 424 91 74 5 5 None 0 0 0.9736842105263158 0
0.25 20.0 113 instant 415 2 2 0 0 None 0 0 0.5 0
0.25 20.0 113 retraso20 415 3 2 0 16 0 0 1 0.0 1
0.25 20.0 113 retraso60 415 3 3 0 None 0 1 1 0.14285714285714285 1
0.25 20.0 113 retraso20_parasita5 415 70 26 1 1 None 0 0 0.9428571428571428 0
0.25 20.0 113 retraso60_parasita5 415 76 28 1 1 None 0 0 0.9722222222222222 0
0.25 20.0 113 parasita5 415 63 17 0 0 None 0 0 0.9047619047619048 0
0.25 20.0 113 sp 415 10 6 0 10 0 0 0 0.4444444444444444 0
0.25 20.0 113 retraso20_sp 415 14 2 5 5 None 0 0 0.6153846153846154 0
0.25 20.0 113 retraso60_sp 415 28 5 3 3 None 0 1 0.9444444444444444 1
0.25 20.0 113 privada_inf 415 56 3 0 0 None 0 0 0.95 0
0.25 20.0 113 hook20 415 3 3 0 4 0 0 1 0.25 0
0.25 20.0 113 retro500 415 71 58 4 4 None 0 0 0.9692307692307692 0
0.25 20.0 127 instant 408 4 4 1 1 None 0 0 0.6666666666666666 0
0.25 20.0 127 retraso20 408 5 5 0 4 0 0 1 0.0 1
0.25 20.0 127 retraso60 408 5 2 0 4 0 0 1 0.0 1
0.25 20.0 127 retraso20_parasita5 408 75 17 0 0 None 0 0 0.95 0
0.25 20.0 127 retraso60_parasita5 408 81 15 0 0 None 0 0 0.95 0
0.25 20.0 127 parasita5 408 68 14 0 0 None 0 0 0.9 0
0.25 20.0 127 sp 408 11 3 0 9 0 0 0 0.42857142857142855 0
0.25 20.0 127 retraso20_sp 408 16 2 0 None 0 1 1 0.3 0
0.25 20.0 127 retraso60_sp 408 30 2 0 0 None 0 0 0.75 0
0.25 20.0 127 privada_inf 408 57 2 0 0 None 0 0 0.95 0
0.25 20.0 127 hook20 408 5 2 0 9 0 0 1 0.16666666666666666 1
0.25 20.0 127 retro500 408 74 62 4 4 None 0 0 0.9672131147540983 0
0.25 30.0 11 instant 406 1 1 0 None 0 1 1 0.42857142857142855 0
0.25 30.0 11 retraso20 406 1 1 0 None 0 1 1 0.01904761904761905 0
0.25 30.0 11 retraso60 406 1 1 0 None 0 1 1 0.009523809523809525 0
0.25 30.0 11 retraso20_parasita5 406 127 43 4 4 None 0 0 0.9555555555555556 0
0.25 30.0 11 retraso60_parasita5 406 141 52 6 6 None 0 0 0.9814814814814815 0
0.25 30.0 11 parasita5 406 116 25 4 4 None 0 0 0.9473684210526315 0
0.25 30.0 11 sp 406 30 4 0 None 0 1 1 0.42857142857142855 0
0.25 30.0 11 retraso20_sp 406 31 2 0 None 0 1 0 0.14864864864864866 0
0.25 30.0 11 retraso60_sp 406 46 5 0 None 0 1 1 0.2222222222222222 0
0.25 30.0 11 privada_inf 406 51 4 3 3 None 0 1 0.9166666666666666 1
0.25 30.0 11 hook20 406 1 1 0 None 0 1 1 0.18487394957983194 0
0.25 30.0 11 retro500 406 118 88 23 23 None 0 0 0.9761904761904762 0
0.25 30.0 23 instant 418 2 2 0 0 None 0 0 0.5 0
0.25 30.0 23 retraso20 418 3 2 0 6 0 0 1 0.0 1
0.25 30.0 23 retraso60 418 3 2 0 25 0 0 1 0.0 1
0.25 30.0 23 retraso20_parasita5 418 130 37 3 3 None 0 0 0.9555555555555556 0
0.25 30.0 23 retraso60_parasita5 418 133 46 5 5 None 0 0 0.9787234042553191 0
0.25 30.0 23 parasita5 418 119 34 2 2 None 0 0 0.9428571428571428 0
0.25 30.0 23 sp 418 25 2 0 None 0 1 0 0.44571428571428573 0
0.25 30.0 23 retraso20_sp 418 22 2 0 None 0 1 1 0.13793103448275862 1
0.25 30.0 23 retraso60_sp 418 60 8 0 None 0 1 1 0.11764705882352941 1
0.25 30.0 23 privada_inf 418 54 7 16 16 None 0 0 0.9880952380952381 0
0.25 30.0 23 hook20 418 3 3 0 1 0 0 1 0.3333333333333333 0
0.25 30.0 23 retro500 418 119 97 15 15 None 0 0 0.9787234042553191 0
0.25 30.0 37 instant 421 1 1 0 None 0 1 1 0.42786069651741293 0
0.25 30.0 37 retraso20 421 1 1 0 None 0 1 1 0.02608695652173913 0
0.25 30.0 37 retraso60 421 1 1 0 None 0 1 1 0.008695652173913044 0
0.25 30.0 37 retraso20_parasita5 421 142 43 4 4 None 0 0 0.9777777777777777 0
0.25 30.0 37 retraso60_parasita5 421 156 44 3 3 None 0 0 0.9767441860465116 0
0.25 30.0 37 parasita5 421 138 25 1 1 None 0 0 0.9230769230769231 0
0.25 30.0 37 sp 421 32 3 0 None 0 1 1 0.42207792207792205 1
0.25 30.0 37 retraso20_sp 421 29 2 0 None 0 1 1 0.13043478260869565 1
0.25 30.0 37 retraso60_sp 421 45 3 0 None 0 1 0 0.14583333333333334 0
0.25 30.0 37 privada_inf 421 59 4 30 30 None 0 0 0.9917355371900827 0
0.25 30.0 37 hook20 421 1 1 0 None 0 1 1 0.18181818181818182 0
0.25 30.0 37 retro500 421 138 103 17 17 None 0 0 0.9803921568627451 0
0.25 30.0 41 instant 382 3 3 1 1 None 0 0 0.6666666666666666 0
0.25 30.0 41 retraso20 382 4 2 0 5 0 0 1 0.0 1
0.25 30.0 41 retraso60 382 4 4 0 None 0 1 1 0.0 1
0.25 30.0 41 retraso20_parasita5 382 114 30 2 2 None 0 0 0.9393939393939394 0
0.25 30.0 41 retraso60_parasita5 382 116 42 3 3 None 0 0 0.9761904761904762 0
0.25 30.0 41 parasita5 382 118 25 1 1 None 0 0 0.92 0
0.25 30.0 41 sp 382 14 6 0 None 0 1 0 0.42105263157894735 0
0.25 30.0 41 retraso20_sp 382 30 2 0 None 0 1 0 0.19607843137254902 0
0.25 30.0 41 retraso60_sp 382 38 3 0 None 0 1 0 0.2 0
0.25 30.0 41 privada_inf 382 41 3 2 2 None 0 0 0.9666666666666667 0
0.25 30.0 41 hook20 382 4 4 0 7 0 0 1 0.2 0
0.25 30.0 41 retro500 382 118 89 16 16 None 0 0 0.978021978021978 0
0.25 30.0 59 instant 383 1 1 0 None 0 1 1 0.41818181818181815 0
0.25 30.0 59 retraso20 383 1 1 0 None 0 1 1 0.030927835051546393 0
0.25 30.0 59 retraso60 383 1 1 0 None 0 1 1 0.010309278350515464 0
0.25 30.0 59 retraso20_parasita5 383 116 34 3 3 None 0 0 0.975609756097561 0
0.25 30.0 59 retraso60_parasita5 383 141 43 5 5 None 0 0 0.9791666666666666 0
0.25 30.0 59 parasita5 383 124 22 1 1 None 0 0 0.92 0
0.25 30.0 59 sp 383 22 2 0 25 0 0 1 0.4117647058823529 1
0.25 30.0 59 retraso20_sp 383 32 2 0 None 0 1 1 0.14516129032258066 1
0.25 30.0 59 retraso60_sp 383 54 3 0 None 0 1 0 0.3103448275862069 0
0.25 30.0 59 privada_inf 383 78 3 1 1 None 0 1 0.5757575757575758 1
0.25 30.0 59 hook20 383 1 1 0 None 0 1 1 0.18584070796460178 0
0.25 30.0 59 retro500 383 124 85 12 12 None 0 0 0.9775280898876404 0
0.25 30.0 67 instant 406 6 6 2 2 None 0 0 0.75 0
0.25 30.0 67 retraso20 406 7 7 4 9 4 0 1 0.3333333333333333 0
0.25 30.0 67 retraso60 406 7 2 0 17 0 0 1 0.0 1
0.25 30.0 67 retraso20_parasita5 406 136 45 4 4 None 0 0 0.9534883720930233 0
0.25 30.0 67 retraso60_parasita5 406 129 47 4 4 None 0 0 0.9795918367346939 0
0.25 30.0 67 parasita5 406 148 33 2 2 None 0 0 0.9393939393939394 0
0.25 30.0 67 sp 406 20 7 0 0 None 0 0 0.5 0
0.25 30.0 67 retraso20_sp 406 38 2 0 None 0 1 0 0.13043478260869565 0
0.25 30.0 67 retraso60_sp 406 54 4 1 1 None 0 0 0.6129032258064516 0
0.25 30.0 67 privada_inf 406 36 4 4 4 None 0 1 0.9591836734693877 0
0.25 30.0 67 hook20 406 7 2 1 5 1 0 1 0.2857142857142857 1
0.25 30.0 67 retro500 406 148 97 15 15 None 0 0 0.9797979797979798 0
0.25 30.0 73 instant 402 9 9 3 3 None 0 0 0.8 0
0.25 30.0 73 retraso20 402 10 10 4 4 None 0 1 0.5 0
0.25 30.0 73 retraso60 402 10 2 0 None 0 1 1 0.0 1
0.25 30.0 73 retraso20_parasita5 402 131 39 3 3 None 0 0 0.9512195121951219 0
0.25 30.0 73 retraso60_parasita5 402 140 53 6 6 None 0 0 0.9818181818181818 0
0.25 30.0 73 parasita5 402 114 26 2 2 None 0 0 0.9459459459459459 0
0.25 30.0 73 sp 402 28 3 0 None 0 1 0 0.4444444444444444 0
0.25 30.0 73 retraso20_sp 402 43 2 0 None 0 1 0 0.19047619047619047 0
0.25 30.0 73 retraso60_sp 402 59 13 0 None 0 1 0 0.375 0
0.25 30.0 73 privada_inf 402 63 12 2 2 None 0 0 0.967741935483871 0
0.25 30.0 73 hook20 402 10 8 4 4 None 0 1 0.5 1
0.25 30.0 73 retro500 402 114 86 13 13 None 0 0 0.9772727272727273 0
0.25 30.0 89 instant 421 1 1 0 None 0 1 0 0.43523316062176165 0
0.25 30.0 89 retraso20 421 2 2 0 13 0 0 1 0.1111111111111111 0
0.25 30.0 89 retraso60 421 2 2 0 None 0 1 1 0.0 0
0.25 30.0 89 retraso20_parasita5 421 146 42 4 4 None 0 0 0.9761904761904762 0
0.25 30.0 89 retraso60_parasita5 421 140 51 5 5 None 0 0 0.98 0
0.25 30.0 89 parasita5 421 133 28 2 2 None 0 0 0.9354838709677419 0
0.25 30.0 89 sp 421 19 3 0 None 0 1 0 0.43169398907103823 0
0.25 30.0 89 retraso20_sp 421 32 2 0 None 0 1 1 0.16666666666666666 1
0.25 30.0 89 retraso60_sp 421 43 4 0 None 0 1 1 0.4583333333333333 1
0.25 30.0 89 privada_inf 421 50 5 6 6 None 0 0 0.9795918367346939 0
0.25 30.0 89 hook20 421 2 2 0 3 0 0 1 0.25 0
0.25 30.0 89 retro500 421 133 97 15 15 None 0 0 0.9791666666666666 0
0.25 30.0 97 instant 361 1 1 0 None 0 1 1 0.42857142857142855 0
0.25 30.0 97 retraso20 361 1 1 0 None 0 1 1 0.058823529411764705 0
0.25 30.0 97 retraso60 361 1 1 0 None 0 1 1 0.011764705882352941 0
0.25 30.0 97 retraso20_parasita5 361 106 20 1 1 None 0 0 0.9230769230769231 0
0.25 30.0 97 retraso60_parasita5 361 115 35 3 3 None 0 0 0.9722222222222222 0
0.25 30.0 97 parasita5 361 107 16 1 1 None 0 0 0.9285714285714286 0
0.25 30.0 97 sp 361 27 8 0 26 0 0 1 0.4166666666666667 0
0.25 30.0 97 retraso20_sp 361 33 2 0 None 0 1 1 0.14285714285714285 1
0.25 30.0 97 retraso60_sp 361 55 4 1 None 1 1 0 0.4482758620689655 0
0.25 30.0 97 privada_inf 361 61 4 None None None 1 0 nan 0
0.25 30.0 97 hook20 361 1 1 0 None 0 1 1 0.19 0
0.25 30.0 97 retro500 361 107 74 8 8 None 0 0 0.9722222222222222 0
0.25 30.0 101 instant 424 1 1 0 None 0 1 0 0.4388888888888889 0
0.25 30.0 101 retraso20 424 2 2 0 8 0 0 1 0.0 0
0.25 30.0 101 retraso60 424 2 2 0 None 0 1 1 0.0 0
0.25 30.0 101 retraso20_parasita5 424 163 24 2 2 None 0 0 0.9428571428571428 0
0.25 30.0 101 retraso60_parasita5 424 146 43 6 6 None 0 0 0.9807692307692307 0
0.25 30.0 101 parasita5 424 155 19 1 1 None 0 0 0.9230769230769231 0
0.25 30.0 101 sp 424 15 2 0 None 0 1 0 0.44 0
0.25 30.0 101 retraso20_sp 424 35 2 0 None 0 1 1 0.16417910447761194 1
0.25 30.0 101 retraso60_sp 424 78 4 1 None 1 1 0 0.45454545454545453 0
0.25 30.0 101 privada_inf 424 57 5 3 3 None 0 0 0.9705882352941176 0
0.25 30.0 101 hook20 424 2 2 0 9 0 0 1 0.16666666666666666 0
0.25 30.0 101 retro500 424 155 91 13 13 None 0 0 0.9791666666666666 0
0.25 30.0 113 instant 415 2 2 0 0 None 0 0 0.5 0
0.25 30.0 113 retraso20 415 3 2 0 16 0 0 1 0.0 1
0.25 30.0 113 retraso60 415 3 3 0 None 0 1 1 0.0 1
0.25 30.0 113 retraso20_parasita5 415 133 51 5 5 None 0 0 0.9814814814814815 0
0.25 30.0 113 retraso60_parasita5 415 136 58 19 19 None 0 0 0.9883720930232558 0
0.25 30.0 113 parasita5 415 126 27 1 1 None 0 0 0.9230769230769231 0
0.25 30.0 113 sp 415 31 4 0 None 0 1 0 0.4155844155844156 0
0.25 30.0 113 retraso20_sp 415 48 6 0 None 0 1 1 0.1791044776119403 1
0.25 30.0 113 retraso60_sp 415 57 12 0 None 0 1 0 0.1794871794871795 0
0.25 30.0 113 privada_inf 415 58 11 6 6 None 0 1 0.9074074074074074 1
0.25 30.0 113 hook20 415 3 3 0 4 0 0 1 0.25 0
0.25 30.0 113 retro500 415 126 83 12 12 None 0 0 0.9753086419753086 0
0.25 30.0 127 instant 408 4 4 1 1 None 0 0 0.6666666666666666 0
0.25 30.0 127 retraso20 408 5 5 0 3 0 0 1 0.0 1
0.25 30.0 127 retraso60 408 5 5 0 None 0 1 1 0.0 0
0.25 30.0 127 retraso20_parasita5 408 143 45 9 9 None 0 0 0.9859154929577465 0
0.25 30.0 127 retraso60_parasita5 408 142 52 6 6 None 0 0 0.9811320754716981 0
0.25 30.0 127 parasita5 408 124 35 3 3 None 0 0 0.9512195121951219 0
0.25 30.0 127 sp 408 12 2 0 19 0 0 0 0.4666666666666667 0
0.25 30.0 127 retraso20_sp 408 22 2 0 None 0 1 1 0.13636363636363635 1
0.25 30.0 127 retraso60_sp 408 56 5 0 None 0 1 0 0.2727272727272727 0
0.25 30.0 127 privada_inf 408 43 6 8 8 None 0 1 0.8545454545454545 1
0.25 30.0 127 hook20 408 5 5 0 9 0 0 1 0.16666666666666666 0
0.25 30.0 127 retro500 408 124 94 17 17 None 0 0 0.978021978021978 0
0.25 60.0 11 instant 406 1 1 0 None 0 1 1 0.42857142857142855 0
0.25 60.0 11 retraso20 406 1 1 0 None 0 1 1 0.01904761904761905 0
0.25 60.0 11 retraso60 406 1 1 0 None 0 1 1 0.009523809523809525 0
0.25 60.0 11 retraso20_parasita5 406 234 78 31 31 None 0 0 0.9770114942528736 0
0.25 60.0 11 retraso60_parasita5 406 256 114 None None None 1 0 nan 0
0.25 60.0 11 parasita5 406 219 68 19 19 None 0 0 0.9692307692307692 0
0.25 60.0 11 sp 406 122 3 0 None 0 1 1 0.42857142857142855 1
0.25 60.0 11 retraso20_sp 406 56 6 0 None 0 1 1 0.08888888888888889 0
0.25 60.0 11 retraso60_sp 406 119 28 0 None 0 1 1 0.06349206349206349 1
0.25 60.0 11 privada_inf 406 160 30 None None None 1 0 nan 0
0.25 60.0 11 hook20 406 1 1 0 None 0 1 1 0.18487394957983194 0
0.25 60.0 11 retro500 406 219 88 32 32 None 0 0 0.9764705882352941 0
0.25 60.0 23 instant 418 2 2 0 0 None 0 0 0.5 0
0.25 60.0 23 retraso20 418 3 2 0 6 0 0 1 0.0 1
0.25 60.0 23 retraso60 418 3 3 0 None 0 1 1 0.0 0
0.25 60.0 23 retraso20_parasita5 418 211 81 None None None 1 0 nan 0
0.25 60.0 23 retraso60_parasita5 418 262 112 None None None 1 0 nan 0
0.25 60.0 23 parasita5 418 196 62 21 21 None 0 0 0.96875 0
0.25 60.0 23 sp 418 140 15 0 None 0 1 0 0.44571428571428573 0
0.25 60.0 23 retraso20_sp 418 54 4 0 None 0 1 1 0.1267605633802817 1
0.25 60.0 23 retraso60_sp 418 97 28 0 None 0 1 1 0.05714285714285714 1
0.25 60.0 23 privada_inf 418 155 29 None None None 1 0 nan 0
0.25 60.0 23 hook20 418 3 3 0 1 0 0 1 0.3333333333333333 0
0.25 60.0 23 retro500 418 196 91 31 31 None 0 0 0.978494623655914 0
0.25 60.0 37 instant 421 1 1 0 None 0 1 1 0.42786069651741293 0
0.25 60.0 37 retraso20 421 1 1 0 None 0 1 1 0.02608695652173913 0
0.25 60.0 37 retraso60 421 1 1 0 None 0 1 1 0.008695652173913044 0
0.25 60.0 37 retraso20_parasita5 421 220 86 None None None 1 0 nan 0
0.25 60.0 37 retraso60_parasita5 421 247 115 None None None 1 0 nan 0
0.25 60.0 37 parasita5 421 222 52 None None None 1 0 nan 0
0.25 60.0 37 sp 421 131 2 0 None 0 1 1 0.4292929292929293 1
0.25 60.0 37 retraso20_sp 421 60 2 0 None 0 1 1 0.058823529411764705 0
0.25 60.0 37 retraso60_sp 421 125 22 0 None 0 1 1 0.03296703296703297 1
0.25 60.0 37 privada_inf 421 131 25 0 None 0 1 1 0.008695652173913044 1
0.25 60.0 37 hook20 421 1 1 0 None 0 1 1 0.18181818181818182 0
0.25 60.0 37 retro500 421 222 102 None None None 1 0 nan 0
0.25 60.0 41 instant 382 3 3 1 1 None 0 0 0.6666666666666666 0
0.25 60.0 41 retraso20 382 4 2 0 5 0 0 1 0.0 1
0.25 60.0 41 retraso60 382 4 4 0 None 0 1 1 0.0 1
0.25 60.0 41 retraso20_parasita5 382 182 62 None None None 1 0 nan 0
0.25 60.0 41 retraso60_parasita5 382 229 109 None None None 1 0 nan 0
0.25 60.0 41 parasita5 382 186 55 None None None 1 0 nan 0
0.25 60.0 41 sp 382 82 3 0 None 0 1 0 0.41875 0
0.25 60.0 41 retraso20_sp 382 57 4 0 None 0 1 1 0.10810810810810811 1
0.25 60.0 41 retraso60_sp 382 84 22 0 None 0 1 1 0.029411764705882353 1
0.25 60.0 41 privada_inf 382 98 25 None None None 1 0 nan 0
0.25 60.0 41 hook20 382 4 4 0 7 0 0 1 0.2 0
0.25 60.0 41 retro500 382 186 87 None None None 1 0 nan 0
0.25 60.0 59 instant 383 1 1 0 None 0 1 1 0.41818181818181815 0
0.25 60.0 59 retraso20 383 1 1 0 None 0 1 1 0.030927835051546393 0
0.25 60.0 59 retraso60 383 1 1 0 None 0 1 1 0.010309278350515464 0
0.25 60.0 59 retraso20_parasita5 383 179 67 38 38 None 0 0 0.9772727272727273 0
0.25 60.0 59 retraso60_parasita5 383 218 102 None None None 1 0 nan 0
0.25 60.0 59 parasita5 383 155 48 17 17 None 0 0 0.967741935483871 0
0.25 60.0 59 sp 383 85 4 0 None 0 1 1 0.41818181818181815 1
0.25 60.0 59 retraso20_sp 383 52 2 0 None 0 1 1 0.14893617021276595 1
0.25 60.0 59 retraso60_sp 383 93 22 0 None 0 1 1 0.03896103896103896 1
0.25 60.0 59 privada_inf 383 120 24 None None None 1 0 nan 0
0.25 60.0 59 hook20 383 1 1 0 None 0 1 1 0.18584070796460178 0
0.25 60.0 59 retro500 383 155 80 None None None 1 0 nan 0
0.25 60.0 67 instant 406 6 6 2 2 None 0 0 0.75 0
0.25 60.0 67 retraso20 406 7 7 4 9 4 0 1 0.3333333333333333 0
0.25 60.0 67 retraso60 406 7 2 0 14 0 0 1 0.0 1
0.25 60.0 67 retraso20_parasita5 406 189 79 None None None 1 0 nan 0
0.25 60.0 67 retraso60_parasita5 406 219 122 None None None 1 0 nan 0
0.25 60.0 67 parasita5 406 201 58 24 24 None 0 0 0.9733333333333334 0
0.25 60.0 67 sp 406 115 2 0 None 0 1 0 0.4207650273224044 0
0.25 60.0 67 retraso20_sp 406 55 5 0 None 0 1 0 0.14814814814814814 0
0.25 60.0 67 retraso60_sp 406 101 29 0 None 0 1 1 0.009345794392523364 1
0.25 60.0 67 privada_inf 406 140 32 None None None 1 0 nan 0
0.25 60.0 67 hook20 406 7 7 4 9 4 0 1 0.3333333333333333 0
0.25 60.0 67 retro500 406 201 93 None None None 1 0 nan 0
0.25 60.0 73 instant 402 9 9 3 3 None 0 0 0.8 0
0.25 60.0 73 retraso20 402 10 10 4 4 None 0 1 0.5 0
0.25 60.0 73 retraso60 402 10 2 0 None 0 1 1 0.0 1
0.25 60.0 73 retraso20_parasita5 402 212 77 34 34 None 0 0 0.9770114942528736 0
0.25 60.0 73 retraso60_parasita5 402 228 122 None None None 1 0 nan 0
0.25 60.0 73 parasita5 402 192 56 20 20 None 0 0 0.9722222222222222 0
0.25 60.0 73 sp 402 115 2 0 None 0 1 0 0.4425287356321839 0
0.25 60.0 73 retraso20_sp 402 59 3 0 None 0 1 1 0.16666666666666666 1
0.25 60.0 73 retraso60_sp 402 104 35 0 None 0 1 1 0.06557377049180328 1
0.25 60.0 73 privada_inf 402 158 37 None None None 1 0 nan 0
0.25 60.0 73 hook20 402 10 10 4 4 None 0 1 0.5 0
0.25 60.0 73 retro500 402 192 86 None None None 1 0 nan 0
0.25 60.0 89 instant 421 1 1 0 None 0 1 0 0.43523316062176165 0
0.25 60.0 89 retraso20 421 2 2 0 13 0 0 1 0.1111111111111111 0
0.25 60.0 89 retraso60 421 2 2 0 None 0 1 1 0.0 0
0.25 60.0 89 retraso20_parasita5 421 240 77 None None None 1 0 nan 0
0.25 60.0 89 retraso60_parasita5 421 260 122 None None None 1 0 nan 0
0.25 60.0 89 parasita5 421 176 52 None None None 1 0 nan 0
0.25 60.0 89 sp 421 117 3 0 None 0 1 0 0.43455497382198954 0
0.25 60.0 89 retraso20_sp 421 56 6 0 None 0 1 1 0.06521739130434782 1
0.25 60.0 89 retraso60_sp 421 126 34 0 None 0 1 1 0.03260869565217391 1
0.25 60.0 89 privada_inf 421 131 36 None None None 1 0 nan 0
0.25 60.0 89 hook20 421 2 2 0 3 0 0 1 0.25 0
0.25 60.0 89 retro500 421 176 95 None None None 1 0 nan 0
0.25 60.0 97 instant 361 1 1 0 None 0 1 1 0.42857142857142855 0
0.25 60.0 97 retraso20 361 1 1 0 None 0 1 1 0.058823529411764705 0
0.25 60.0 97 retraso60 361 1 1 0 None 0 1 1 0.011764705882352941 0
0.25 60.0 97 retraso20_parasita5 361 157 54 11 11 None 0 0 0.9622641509433962 0
0.25 60.0 97 retraso60_parasita5 361 195 94 None None None 1 0 nan 0
0.25 60.0 97 parasita5 361 158 46 7 7 None 0 0 0.9574468085106383 0
0.25 60.0 97 sp 361 73 4 0 None 0 1 1 0.42657342657342656 1
0.25 60.0 97 retraso20_sp 361 48 2 0 None 0 1 0 0.1 0
0.25 60.0 97 retraso60_sp 361 101 23 0 None 0 1 1 0.07407407407407407 1
0.25 60.0 97 privada_inf 361 122 26 16 None 16 1 1 0.13432835820895522 1
0.25 60.0 97 hook20 361 1 1 0 None 0 1 1 0.19 0
0.25 60.0 97 retro500 361 158 72 20 20 None 0 0 0.9705882352941176 0
0.25 60.0 101 instant 424 1 1 0 None 0 1 0 0.4388888888888889 0
0.25 60.0 101 retraso20 424 2 2 0 8 0 0 1 0.0 0
0.25 60.0 101 retraso60 424 2 2 0 None 0 1 1 0.0 1
0.25 60.0 101 retraso20_parasita5 424 226 64 None None None 1 0 nan 0
0.25 60.0 101 retraso60_parasita5 424 245 93 None None None 1 0 nan 0
0.25 60.0 101 parasita5 424 225 55 None None None 1 0 nan 0
0.25 60.0 101 sp 424 122 2 0 None 0 1 0 0.4406779661016949 0
0.25 60.0 101 retraso20_sp 424 56 2 0 None 0 1 1 0.14285714285714285 1
0.25 60.0 101 retraso60_sp 424 99 16 0 None 0 1 1 0.03614457831325301 1
0.25 60.0 101 privada_inf 424 161 19 None None None 1 0 nan 0
0.25 60.0 101 hook20 424 2 2 0 9 0 0 1 0.16666666666666666 0
0.25 60.0 101 retro500 424 225 90 None None None 1 0 nan 0
0.25 60.0 113 instant 415 2 2 0 0 None 0 0 0.5 0
0.25 60.0 113 retraso20 415 3 2 0 16 0 0 1 0.0 1
0.25 60.0 113 retraso60 415 3 3 0 None 0 1 1 0.0 1
0.25 60.0 113 retraso20_parasita5 415 212 80 None None None 1 0 nan 0
0.25 60.0 113 retraso60_parasita5 415 236 117 None None None 1 0 nan 0
0.25 60.0 113 parasita5 415 178 56 None None None 1 0 nan 0
0.25 60.0 113 sp 415 96 4 0 None 0 1 0 0.41975308641975306 0
0.25 60.0 113 retraso20_sp 415 57 6 0 None 0 1 1 0.09876543209876543 1
0.25 60.0 113 retraso60_sp 415 103 34 0 None 0 1 1 0.03896103896103896 0
0.25 60.0 113 privada_inf 415 166 36 None None None 1 0 nan 0
0.25 60.0 113 hook20 415 3 3 0 4 0 0 1 0.25 0
0.25 60.0 113 retro500 415 178 79 None None None 1 0 nan 0
0.25 60.0 127 instant 408 4 4 1 1 None 0 0 0.6666666666666666 0
0.25 60.0 127 retraso20 408 5 5 0 3 0 0 1 0.0 1
0.25 60.0 127 retraso60 408 5 5 0 None 0 1 1 0.0 1
0.25 60.0 127 retraso20_parasita5 408 190 85 34 34 None 0 0 0.9770114942528736 0
0.25 60.0 127 retraso60_parasita5 408 217 124 None None None 1 0 nan 0
0.25 60.0 127 parasita5 408 198 79 36 36 None 0 0 0.978494623655914 0
0.25 60.0 127 sp 408 111 6 0 None 0 1 0 0.42702702702702705 0
0.25 60.0 127 retraso20_sp 408 50 2 0 None 0 1 0 0.13333333333333333 0
0.25 60.0 127 retraso60_sp 408 87 23 0 None 0 1 1 0.02040816326530612 1
0.25 60.0 127 privada_inf 408 129 25 0 None 0 1 1 0.009345794392523364 1
0.25 60.0 127 hook20 408 5 5 0 9 0 0 1 0.16666666666666666 0
0.25 60.0 127 retro500 408 198 96 None None None 1 0 nan 0
0.4 4.0 11 instant 406 1 1 0 None 0 1 1 0.4037735849056604 0
0.4 4.0 11 retraso20 406 1 1 0 None 0 1 1 0.006289308176100629 0
0.4 4.0 11 retraso60 406 1 1 0 None 0 1 1 0.006289308176100629 0
0.4 4.0 11 retraso20_parasita5 406 14 4 0 0 None 0 0 1.0 0
0.4 4.0 11 retraso60_parasita5 406 33 3 0 0 None 0 0 1.0 0
0.4 4.0 11 parasita5 406 6 3 0 0 None 0 0 1.0 0
0.4 4.0 11 sp 406 3 2 0 6 0 0 1 0.375 0
0.4 4.0 11 retraso20_sp 406 7 2 0 0 None 0 1 0.7142857142857143 0
0.4 4.0 11 retraso60_sp 406 7 2 0 0 None 0 1 0.7727272727272727 1
0.4 4.0 11 privada_inf 406 46 2 0 0 None 0 1 0.9305555555555556 1
0.4 4.0 11 hook20 406 1 1 0 None 0 1 1 0.2777777777777778 0
0.4 4.0 11 retro500 406 6 3 0 0 None 0 0 0.9710144927536232 0
0.4 4.0 23 instant 418 1 1 0 None 0 1 1 0.4265232974910394 0
0.4 4.0 23 retraso20 418 1 1 0 None 0 1 1 0.006211180124223602 0
0.4 4.0 23 retraso60 418 1 1 0 None 0 1 1 0.006211180124223602 0
0.4 4.0 23 retraso20_parasita5 418 15 3 0 0 None 0 0 1.0 0
0.4 4.0 23 retraso60_parasita5 418 29 2 0 0 None 0 0 1.0 0
0.4 4.0 23 parasita5 418 7 4 0 0 None 0 0 1.0 0
0.4 4.0 23 sp 418 3 2 0 5 0 0 1 0.2857142857142857 1
0.4 4.0 23 retraso20_sp 418 7 2 0 0 None 0 1 0.5555555555555556 1
0.4 4.0 23 retraso60_sp 418 17 2 0 0 None 0 1 0.8 1
0.4 4.0 23 privada_inf 418 70 2 0 0 None 0 1 0.9487179487179487 1
0.4 4.0 23 hook20 418 1 1 0 None 0 1 1 0.23404255319148937 0
0.4 4.0 23 retro500 418 7 4 0 0 None 0 0 0.9733333333333334 0
0.4 4.0 37 instant 421 1 1 0 None 0 1 1 0.3856655290102389 0
0.4 4.0 37 retraso20 421 1 1 0 None 0 1 1 0.011111111111111112 0
0.4 4.0 37 retraso60 421 1 1 0 None 0 1 1 0.005555555555555556 0
0.4 4.0 37 retraso20_parasita5 421 12 6 0 0 None 0 0 1.0 0
0.4 4.0 37 retraso60_parasita5 421 32 6 0 0 None 0 0 1.0 0
0.4 4.0 37 parasita5 421 5 2 0 0 None 0 0 1.0 0
0.4 4.0 37 sp 421 4 4 0 0 None 0 1 0.5 0
0.4 4.0 37 retraso20_sp 421 6 2 0 0 5 0 1 0.8571428571428571 0
0.4 4.0 37 retraso60_sp 421 10 2 0 0 None 0 1 0.5277777777777778 1
0.4 4.0 37 privada_inf 421 40 2 0 0 None 0 1 0.788235294117647 1
0.4 4.0 37 hook20 421 1 1 0 None 0 1 1 0.20853080568720378 0
0.4 4.0 37 retro500 421 5 2 0 0 None 0 0 0.972972972972973 0
0.4 4.0 41 instant 382 1 1 0 None 0 1 1 0.38671875 0
0.4 4.0 41 retraso20 382 1 1 0 None 0 1 1 0.0 0
0.4 4.0 41 retraso60 382 1 1 0 None 0 1 1 0.0 0
0.4 4.0 41 retraso20_parasita5 382 10 3 0 0 None 0 0 1.0 0
0.4 4.0 41 retraso60_parasita5 382 23 2 0 0 None 0 0 1.0 0
0.4 4.0 41 parasita5 382 4 3 0 0 None 0 0 1.0 0
0.4 4.0 41 sp 382 1 1 0 None 0 1 1 0.38671875 0
0.4 4.0 41 retraso20_sp 382 4 2 0 0 4 0 1 0.625 0
0.4 4.0 41 retraso60_sp 382 7 2 0 0 None 0 1 0.8 0
0.4 4.0 41 privada_inf 382 46 2 0 0 None 0 1 0.8026315789473685 1
0.4 4.0 41 hook20 382 1 1 0 None 0 1 1 0.22162162162162163 0
0.4 4.0 41 retro500 382 4 3 0 0 None 0 0 0.9701492537313433 0
0.4 4.0 59 instant 383 1 1 0 None 0 1 1 0.408 0
0.4 4.0 59 retraso20 383 1 1 0 None 0 1 1 0.013333333333333334 0
0.4 4.0 59 retraso60 383 1 1 0 None 0 1 1 0.013333333333333334 0
0.4 4.0 59 retraso20_parasita5 383 17 2 0 0 None 0 0 1.0 0
0.4 4.0 59 retraso60_parasita5 383 31 4 0 0 None 0 0 1.0 0
0.4 4.0 59 parasita5 383 4 3 0 0 None 0 0 1.0 0
0.4 4.0 59 sp 383 1 1 0 None 0 1 1 0.408 0
0.4 4.0 59 retraso20_sp 383 4 2 0 0 10 0 1 0.7272727272727273 1
0.4 4.0 59 retraso60_sp 383 6 2 0 0 23 0 1 0.8235294117647058 0
0.4 4.0 59 privada_inf 383 40 2 0 0 None 0 1 0.5789473684210527 1
0.4 4.0 59 hook20 383 1 1 0 None 0 1 1 0.28901734104046245 0
0.4 4.0 59 retro500 383 4 3 0 0 None 0 0 0.9855072463768116 0
0.4 4.0 67 instant 406 2 2 0 0 None 0 0 0.5 0
0.4 4.0 67 retraso20 406 3 2 0 1 0 0 1 0.0 1
0.4 4.0 67 retraso60 406 3 2 0 2 0 0 1 0.010416666666666666 1
0.4 4.0 67 retraso20_parasita5 406 11 2 0 0 None 0 0 1.0 0
0.4 4.0 67 retraso60_parasita5 406 23 3 0 0 None 0 0 1.0 0
0.4 4.0 67 parasita5 406 4 2 0 0 None 0 0 1.0 0
0.4 4.0 67 sp 406 3 2 0 0 None 0 0 0.5 0
0.4 4.0 67 retraso20_sp 406 8 2 0 0 None 0 0 1.0 0
0.4 4.0 67 retraso60_sp 406 12 3 1 1 None 0 0 1.0 0
0.4 4.0 67 privada_inf 406 50 2 0 0 None 0 0 0.9866666666666667 0
0.4 4.0 67 hook20 406 2 2 0 0 None 0 0 0.5 0
0.4 4.0 67 retro500 406 4 2 0 0 None 0 0 1.0 0
0.4 4.0 73 instant 402 1 1 0 None 0 1 0 0.42084942084942084 0
0.4 4.0 73 retraso20 402 2 2 0 3 0 0 1 0.2 0
0.4 4.0 73 retraso60 402 2 2 0 2 0 0 1 0.006756756756756757 0
0.4 4.0 73 retraso20_parasita5 402 10 2 0 0 None 0 0 1.0 0
0.4 4.0 73 retraso60_parasita5 402 28 3 0 0 None 0 0 1.0 0
0.4 4.0 73 parasita5 402 5 4 1 1 None 0 0 1.0 0
0.4 4.0 73 sp 402 4 4 0 0 None 0 0 0.5 0
0.4 4.0 73 retraso20_sp 402 7 2 0 0 None 0 1 0.9090909090909091 0
0.4 4.0 73 retraso60_sp 402 13 2 0 0 None 0 1 0.9230769230769231 0
0.4 4.0 73 privada_inf 402 53 2 0 0 None 0 1 0.9726027397260274 0
0.4 4.0 73 hook20 402 2 2 0 1 0 0 1 0.0 0
0.4 4.0 73 retro500 402 5 4 1 1 None 0 0 1.0 0
0.4 4.0 89 instant 421 1 1 0 None 0 1 0 0.4121863799283154 0
0.4 4.0 89 retraso20 421 2 2 0 3 0 0 1 0.2727272727272727 1
0.4 4.0 89 retraso60 421 2 2 0 3 0 0 1 0.006134969325153374 0
0.4 4.0 89 retraso20_parasita5 421 13 2 0 0 None 0 0 1.0 0
0.4 4.0 89 retraso60_parasita5 421 30 7 0 0 None 0 0 1.0 0
0.4 4.0 89 parasita5 421 4 2 1 1 None 0 0 1.0 0
0.4 4.0 89 sp 421 2 2 0 0 None 0 0 0.5 0
0.4 4.0 89 retraso20_sp 421 6 2 0 16 0 0 1 0.3333333333333333 1
0.4 4.0 89 retraso60_sp 421 8 2 0 0 None 0 1 0.5555555555555556 1
0.4 4.0 89 privada_inf 421 47 2 0 0 None 0 1 0.8947368421052632 1
0.4 4.0 89 hook20 421 2 2 0 3 0 0 1 0.25 0
0.4 4.0 89 retro500 421 4 2 1 1 None 0 0 1.0 0
0.4 4.0 97 instant 361 1 1 0 None 0 1 1 0.45188284518828453 0
0.4 4.0 97 retraso20 361 1 1 0 None 0 1 1 0.03007518796992481 0
0.4 4.0 97 retraso60 361 1 1 0 None 0 1 1 0.03007518796992481 0
0.4 4.0 97 retraso20_parasita5 361 12 3 0 0 None 0 0 1.0 0
0.4 4.0 97 retraso60_parasita5 361 26 7 0 0 None 0 0 1.0 0
0.4 4.0 97 parasita5 361 4 2 0 0 None 0 0 1.0 0
0.4 4.0 97 sp 361 3 3 0 0 None 0 1 0.5 0
0.4 4.0 97 retraso20_sp 361 8 2 0 0 None 0 1 0.875 0
0.4 4.0 97 retraso60_sp 361 13 2 0 0 None 0 1 0.9333333333333333 0
0.4 4.0 97 privada_inf 361 44 2 0 0 None 0 1 0.9857142857142858 0
0.4 4.0 97 hook20 361 1 1 0 None 0 1 1 0.2802547770700637 0
0.4 4.0 97 retro500 361 4 2 0 0 None 0 0 0.9714285714285714 0
0.4 4.0 101 instant 424 1 1 0 None 0 1 1 0.4254545454545455 0
0.4 4.0 101 retraso20 424 1 1 0 None 0 1 1 0.012658227848101266 0
0.4 4.0 101 retraso60 424 1 1 0 None 0 1 1 0.012658227848101266 0
0.4 4.0 101 retraso20_parasita5 424 12 2 0 0 None 0 0 1.0 0
0.4 4.0 101 retraso60_parasita5 424 28 3 0 0 None 0 0 1.0 0
0.4 4.0 101 parasita5 424 3 3 0 0 None 0 0 1.0 0
0.4 4.0 101 sp 424 1 1 0 None 0 1 1 0.4254545454545455 0
0.4 4.0 101 retraso20_sp 424 5 2 0 0 None 0 1 0.7142857142857143 0
0.4 4.0 101 retraso60_sp 424 12 2 0 0 None 0 1 0.6111111111111112 1
0.4 4.0 101 privada_inf 424 64 2 0 0 None 0 1 0.8987341772151899 1
0.4 4.0 101 hook20 424 1 1 0 None 0 1 1 0.25396825396825395 0
0.4 4.0 101 retro500 424 3 3 0 0 None 0 0 0.9733333333333334 0
0.4 4.0 113 instant 415 2 2 0 0 None 0 0 0.5 0
0.4 4.0 113 retraso20 415 3 2 0 1 0 0 1 0.0 1
0.4 4.0 113 retraso60 415 3 2 0 2 0 0 1 0.006097560975609756 1
0.4 4.0 113 retraso20_parasita5 415 8 2 0 0 None 0 0 1.0 0
0.4 4.0 113 retraso60_parasita5 415 19 6 0 0 None 0 0 1.0 0
0.4 4.0 113 parasita5 415 2 2 0 0 None 0 0 1.0 0
0.4 4.0 113 sp 415 2 2 0 0 None 0 0 0.5 0
0.4 4.0 113 retraso20_sp 415 6 3 0 0 None 0 0 1.0 0
0.4 4.0 113 retraso60_sp 415 7 2 1 1 None 0 0 1.0 0
0.4 4.0 113 privada_inf 415 40 3 0 0 None 0 0 1.0 0
0.4 4.0 113 hook20 415 3 3 0 1 0 0 1 0.0 1
0.4 4.0 113 retro500 415 2 2 0 0 None 0 0 1.0 0
0.4 4.0 127 instant 408 4 4 1 1 None 0 0 0.6666666666666666 0
0.4 4.0 127 retraso20 408 5 2 0 0 0 0 1 0.08695652173913043 1
0.4 4.0 127 retraso60 408 5 2 0 1 0 0 1 0.03225806451612903 1
0.4 4.0 127 retraso20_parasita5 408 8 2 0 0 None 0 0 1.0 0
0.4 4.0 127 retraso60_parasita5 408 20 2 0 0 None 0 0 1.0 0
0.4 4.0 127 parasita5 408 4 4 1 1 None 0 0 1.0 0
0.4 4.0 127 sp 408 4 4 1 1 None 0 0 0.6666666666666666 0
0.4 4.0 127 retraso20_sp 408 7 2 0 0 None 0 0 1.0 0
0.4 4.0 127 retraso60_sp 408 15 3 0 0 None 0 0 1.0 0
0.4 4.0 127 privada_inf 408 38 2 0 0 None 0 0 0.9859154929577465 0
0.4 4.0 127 hook20 408 5 2 0 0 1 0 0 1.0 0
0.4 4.0 127 retro500 408 4 4 1 1 None 0 0 1.0 0
0.4 16.0 11 instant 406 1 1 0 None 0 1 1 0.3705179282868526 0
0.4 16.0 11 retraso20 406 1 1 0 None 0 1 1 0.006289308176100629 0
0.4 16.0 11 retraso60 406 1 1 0 None 0 1 1 0.22727272727272727 0
0.4 16.0 11 retraso20_parasita5 406 36 11 0 0 None 0 0 0.9130434782608695 0
0.4 16.0 11 retraso60_parasita5 406 50 10 0 0 None 0 0 0.9583333333333334 0
0.4 16.0 11 parasita5 406 16 3 0 0 None 0 0 1.0 0
0.4 16.0 11 sp 406 9 2 0 15 0 0 1 0.3333333333333333 0
0.4 16.0 11 retraso20_sp 406 13 2 3 None 3 1 1 0.25 0
0.4 16.0 11 retraso60_sp 406 16 2 0 None 0 1 1 0.16666666666666666 1
0.4 16.0 11 privada_inf 406 46 3 2 2 None 0 1 0.8928571428571429 1
0.4 16.0 11 hook20 406 1 1 0 None 0 1 1 0.1638418079096045 0
0.4 16.0 11 retro500 406 44 33 1 1 None 0 0 0.95 0
0.4 16.0 23 instant 418 1 1 0 None 0 1 1 0.4052044609665427 0
0.4 16.0 23 retraso20 418 1 1 0 None 0 1 1 0.006211180124223602 0
0.4 16.0 23 retraso60 418 1 1 0 None 0 1 1 0.006211180124223602 0
0.4 16.0 23 retraso20_parasita5 418 43 10 0 0 None 0 0 0.9583333333333334 0
0.4 16.0 23 retraso60_parasita5 418 54 8 0 0 None 0 0 0.9583333333333334 0
0.4 16.0 23 parasita5 418 35 8 0 0 None 0 0 0.92 0
0.4 16.0 23 sp 418 9 6 0 16 0 0 1 0.2857142857142857 1
0.4 16.0 23 retraso20_sp 418 14 2 4 4 None 0 1 0.6666666666666666 1
0.4 16.0 23 retraso60_sp 418 19 3 1 32 1 0 1 0.47058823529411764 1
0.4 16.0 23 privada_inf 418 57 2 0 0 None 0 1 0.6875 1
0.4 16.0 23 hook20 418 1 1 0 None 0 1 1 0.16216216216216217 0
0.4 16.0 23 retro500 418 56 45 2 2 None 0 0 0.9629629629629629 0
0.4 16.0 37 instant 421 1 1 0 None 0 1 1 0.3594306049822064 0
0.4 16.0 37 retraso20 421 1 1 0 None 0 1 1 0.011111111111111112 0
0.4 16.0 37 retraso60 421 1 1 0 None 0 1 1 0.1590909090909091 0
0.4 16.0 37 retraso20_parasita5 421 49 8 0 0 None 0 0 0.9583333333333334 0
0.4 16.0 37 retraso60_parasita5 421 59 8 0 0 None 0 0 0.9583333333333334 0
0.4 16.0 37 parasita5 421 42 3 0 0 None 0 0 1.0 0
0.4 16.0 37 sp 421 9 5 0 8 0 0 1 0.3333333333333333 1
0.4 16.0 37 retraso20_sp 421 11 2 4 4 4 0 0 0.15384615384615385 0
0.4 16.0 37 retraso60_sp 421 15 2 1 None 1 1 1 0.34782608695652173 0
0.4 16.0 37 privada_inf 421 40 3 0 0 None 0 1 0.92 0
0.4 16.0 37 hook20 421 1 1 0 None 0 1 1 0.14634146341463414 0
0.4 16.0 37 retro500 421 62 53 2 2 None 0 0 0.9629629629629629 0
0.4 16.0 41 instant 382 1 1 0 None 0 1 1 0.35918367346938773 0
0.4 16.0 41 retraso20 382 1 1 0 None 0 1 1 0.0 0
0.4 16.0 41 retraso60 382 1 1 0 None 0 1 1 0.32142857142857145 0
0.4 16.0 41 retraso20_parasita5 382 27 7 0 0 None 0 0 1.0 0
0.4 16.0 41 retraso60_parasita5 382 41 2 0 0 None 0 0 1.0 0
0.4 16.0 41 parasita5 382 14 6 0 0 None 0 0 1.0 0
0.4 16.0 41 sp 382 5 5 0 8 0 0 1 0.375 0
0.4 16.0 41 retraso20_sp 382 9 2 0 10 0 0 1 0.25 1
0.4 16.0 41 retraso60_sp 382 12 3 14 17 14 0 1 0.36363636363636365 1
0.4 16.0 41 privada_inf 382 43 2 1 1 None 0 1 0.8780487804878049 0
0.4 16.0 41 hook20 382 1 1 0 None 0 1 1 0.1564245810055866 0
0.4 16.0 41 retro500 382 35 29 1 1 None 0 0 0.9487179487179487 0
0.4 16.0 59 instant 383 1 1 0 None 0 1 1 0.3702127659574468 0
0.4 16.0 59 retraso20 383 1 1 0 None 0 1 1 0.006711409395973154 0
0.4 16.0 59 retraso60 383 1 1 0 None 0 1 1 0.006711409395973154 0
0.4 16.0 59 retraso20_parasita5 383 27 4 1 1 None 0 0 1.0 0
0.4 16.0 59 retraso60_parasita5 383 42 6 0 0 None 0 0 1.0 0
0.4 16.0 59 parasita5 383 16 3 0 0 None 0 0 1.0 0
0.4 16.0 59 sp 383 6 2 0 16 0 0 1 0.35294117647058826 0
0.4 16.0 59 retraso20_sp 383 12 2 0 25 0 0 1 0.125 0
0.4 16.0 59 retraso60_sp 383 12 2 0 None 0 1 1 0.05 1
0.4 16.0 59 privada_inf 383 48 3 2 2 None 0 1 0.6212121212121212 1
0.4 16.0 59 hook20 383 1 1 0 None 0 1 1 0.14634146341463414 0
0.4 16.0 59 retro500 383 24 14 0 0 None 0 0 0.9166666666666666 0
0.4 16.0 67 instant 406 2 2 0 0 None 0 0 0.5 0
0.4 16.0 67 retraso20 406 3 3 0 6 0 0 1 0.0 1
0.4 16.0 67 retraso60 406 3 2 0 7 0 0 1 0.08695652173913043 0
0.4 16.0 67 retraso20_parasita5 406 38 15 0 0 None 0 0 0.96 0
0.4 16.0 67 retraso60_parasita5 406 48 7 0 0 None 0 0 0.9583333333333334 0
0.4 16.0 67 parasita5 406 29 16 0 0 None 0 0 0.9230769230769231 0
0.4 16.0 67 sp 406 6 3 0 0 None 0 0 0.5 0
0.4 16.0 67 retraso20_sp 406 13 2 1 9 1 0 1 0.3333333333333333 1
0.4 16.0 67 retraso60_sp 406 17 2 0 None 0 1 1 0.29411764705882354 1
0.4 16.0 67 privada_inf 406 49 3 2 2 None 0 1 0.9591836734693877 1
0.4 16.0 67 hook20 406 2 2 0 0 None 0 0 0.5 0
0.4 16.0 67 retro500 406 53 44 1 1 None 0 0 0.9545454545454546 0
0.4 16.0 73 instant 402 1 1 0 None 0 1 0 0.38271604938271603 0
0.4 16.0 73 retraso20 402 2 2 0 4 0 0 1 0.0 0
0.4 16.0 73 retraso60 402 2 2 0 0 None 0 1 0.8333333333333334 0
0.4 16.0 73 retraso20_parasita5 402 23 2 0 0 None 0 0 1.0 0
0.4 16.0 73 retraso60_parasita5 402 41 4 1 1 None 0 0 1.0 0
0.4 16.0 73 parasita5 402 20 7 0 0 None 0 0 0.9230769230769231 0
0.4 16.0 73 sp 402 7 3 0 11 0 0 0 0.4444444444444444 0
0.4 16.0 73 retraso20_sp 402 11 2 1 None 1 1 1 0.42857142857142855 1
0.4 16.0 73 retraso60_sp 402 14 2 0 0 None 0 1 0.5833333333333334 1
0.4 16.0 73 privada_inf 402 54 5 1 1 None 0 1 0.9523809523809523 1
0.4 16.0 73 hook20 402 2 2 0 4 0 0 1 0.0 0
0.4 16.0 73 retro500 402 37 28 1 1 None 0 0 0.9545454545454546 0
0.4 16.0 89 instant 421 1 1 0 None 0 1 0 0.3857677902621723 0
0.4 16.0 89 retraso20 421 2 2 0 14 0 0 1 0.0 0
0.4 16.0 89 retraso60 421 2 2 0 None 0 1 1 0.0 0
0.4 16.0 89 retraso20_parasita5 421 39 6 0 0 None 0 0 0.9583333333333334 0
0.4 16.0 89 retraso60_parasita5 421 51 5 0 0 None 0 0 0.9583333333333334 0
0.4 16.0 89 parasita5 421 21 5 0 0 None 0 0 0.92 0
0.4 16.0 89 sp 421 6 3 0 16 0 0 0 0.4 0
0.4 16.0 89 retraso20_sp 421 12 2 0 15 0 0 1 0.21212121212121213 0
0.4 16.0 89 retraso60_sp 421 17 3 5 5 None 0 1 0.7894736842105263 1
0.4 16.0 89 privada_inf 421 48 2 1 1 None 0 1 0.9318181818181818 1
0.4 16.0 89 hook20 421 2 2 0 3 0 0 1 0.25 0
0.4 16.0 89 retro500 421 58 48 3 3 None 0 0 0.9666666666666667 0
0.4 16.0 97 instant 361 1 1 0 None 0 1 1 0.4099099099099099 0
0.4 16.0 97 retraso20 361 1 1 0 None 0 1 1 0.007575757575757576 0
0.4 16.0 97 retraso60 361 1 1 0 None 0 1 1 0.007575757575757576 0
0.4 16.0 97 retraso20_parasita5 361 28 2 4 4 None 0 0 1.0 0
0.4 16.0 97 retraso60_parasita5 361 42 2 4 4 None 0 0 1.0 0
0.4 16.0 97 parasita5 361 20 2 4 4 None 0 0 1.0 0
0.4 16.0 97 sp 361 14 4 0 15 0 0 1 0.4166666666666667 1
0.4 16.0 97 retraso20_sp 361 21 2 5 15 5 0 1 0.3870967741935484 0
0.4 16.0 97 retraso60_sp 361 20 2 4 4 None 0 1 0.9411764705882353 0
0.4 16.0 97 privada_inf 361 62 3 0 0 None 0 1 0.92 0
0.4 16.0 97 hook20 361 1 1 0 None 0 1 1 0.1456953642384106 0
0.4 16.0 97 retro500 361 20 2 0 0 None 0 0 0.92 0
0.4 16.0 101 instant 424 1 1 0 None 0 1 1 0.4015151515151515 0
0.4 16.0 101 retraso20 424 1 1 0 None 0 1 1 0.006329113924050633 0
0.4 16.0 101 retraso60 424 1 1 0 None 0 1 1 0.006329113924050633 0
0.4 16.0 101 retraso20_parasita5 424 48 2 0 0 None 0 0 1.0 0
0.4 16.0 101 retraso60_parasita5 424 70 2 0 0 None 0 0 1.0 0
0.4 16.0 101 parasita5 424 39 2 0 0 None 0 0 0.9166666666666666 0
0.4 16.0 101 sp 424 3 2 0 None 0 1 1 0.2727272727272727 0
0.4 16.0 101 retraso20_sp 424 7 2 0 13 0 0 1 0.15 1
0.4 16.0 101 retraso60_sp 424 7 2 1 None 1 1 1 0.24324324324324326 1
0.4 16.0 101 privada_inf 424 50 4 0 0 None 0 1 0.7419354838709677 1
0.4 16.0 101 hook20 424 1 1 0 None 0 1 1 0.14754098360655737 0
0.4 16.0 101 retro500 424 63 59 3 3 None 0 0 0.9661016949152542 0
0.4 16.0 113 instant 415 2 2 0 0 None 0 0 0.5 0
0.4 16.0 113 retraso20 415 3 2 0 None 0 1 1 0.0 1
0.4 16.0 113 retraso60 415 3 2 0 27 0 0 1 0.0 0
0.4 16.0 113 retraso20_parasita5 415 29 10 0 0 None 0 0 0.9583333333333334 0
0.4 16.0 113 retraso60_parasita5 415 44 7 0 0 None 0 0 0.9583333333333334 0
0.4 16.0 113 parasita5 415 18 7 0 0 None 0 0 0.92 0
0.4 16.0 113 sp 415 6 3 0 12 0 0 0 0.4 0
0.4 16.0 113 retraso20_sp 415 10 2 3 3 None 0 0 0.5 0
0.4 16.0 113 retraso60_sp 415 15 2 9 9 None 0 1 0.9242424242424242 1
0.4 16.0 113 privada_inf 415 44 4 1 1 None 0 0 0.9743589743589743 0
0.4 16.0 113 hook20 415 3 3 0 2 0 0 1 0.0 0
0.4 16.0 113 retro500 415 51 43 1 1 None 0 0 0.9523809523809523 0
0.4 16.0 127 instant 408 4 4 1 1 None 0 0 0.6666666666666666 0
0.4 16.0 127 retraso20 408 5 5 0 4 0 0 1 0.0 1
0.4 16.0 127 retraso60 408 5 2 0 13 0 0 1 0.029411764705882353 1
0.4 16.0 127 retraso20_parasita5 408 43 7 0 0 None 0 0 0.9583333333333334 0
0.4 16.0 127 retraso60_parasita5 408 61 2 0 0 None 0 0 1.0 0
0.4 16.0 127 parasita5 408 40 8 0 0 None 0 0 0.92 0
0.4 16.0 127 sp 408 10 2 0 9 0 0 0 0.42857142857142855 0
0.4 16.0 127 retraso20_sp 408 13 2 0 10 0 0 0 0.42857142857142855 0
0.4 16.0 127 retraso60_sp 408 19 2 8 8 None 0 1 0.9607843137254902 1
0.4 16.0 127 privada_inf 408 40 2 0 0 None 0 0 0.9583333333333334 0
0.4 16.0 127 hook20 408 5 5 0 4 0 0 1 0.2 1
0.4 16.0 127 retro500 408 57 46 2 2 None 0 0 0.9622641509433962 0
0.4 20.0 11 instant 406 1 1 0 None 0 1 1 0.3705179282868526 0
0.4 20.0 11 retraso20 406 1 1 0 None 0 1 1 0.006289308176100629 0
0.4 20.0 11 retraso60 406 1 1 0 None 0 1 1 0.006289308176100629 0
0.4 20.0 11 retraso20_parasita5 406 96 29 1 1 None 0 0 0.96875 0
0.4 20.0 11 retraso60_parasita5 406 102 30 1 1 None 0 0 0.96875 0
0.4 20.0 11 parasita5 406 75 17 0 0 None 0 0 0.9 0
0.4 20.0 11 sp 406 9 2 0 15 0 0 1 0.3333333333333333 0
0.4 20.0 11 retraso20_sp 406 13 2 1 11 1 0 1 0.26666666666666666 0
0.4 20.0 11 retraso60_sp 406 16 2 12 18 12 0 1 0.29411764705882354 0
0.4 20.0 11 privada_inf 406 44 2 3 3 None 0 1 0.9411764705882353 0
0.4 20.0 11 hook20 406 1 1 0 None 0 1 1 0.1638418079096045 0
0.4 20.0 11 retro500 406 92 81 6 6 None 0 0 0.9753086419753086 0
0.4 20.0 23 instant 418 1 1 0 None 0 1 1 0.4052044609665427 0
0.4 20.0 23 retraso20 418 1 1 0 None 0 1 1 0.006211180124223602 0
0.4 20.0 23 retraso60 418 1 1 0 0 None 0 1 0.6 0
0.4 20.0 23 retraso20_parasita5 418 101 33 1 1 None 0 0 0.9411764705882353 0
0.4 20.0 23 retraso60_parasita5 418 113 31 1 1 None 0 0 0.9714285714285714 0
0.4 20.0 23 parasita5 418 92 22 1 1 None 0 0 0.9428571428571428 0
0.4 20.0 23 sp 418 10 2 0 21 0 0 1 0.3333333333333333 1
0.4 20.0 23 retraso20_sp 418 14 2 0 23 0 0 1 0.0625 1
0.4 20.0 23 retraso60_sp 418 17 3 9 9 29 0 1 0.8333333333333334 1
0.4 20.0 23 privada_inf 418 45 2 0 0 None 0 1 0.6428571428571429 1
0.4 20.0 23 hook20 418 1 1 0 None 0 1 1 0.16216216216216217 0
0.4 20.0 23 retro500 418 115 102 9 9 None 0 0 0.9811320754716981 0
0.4 20.0 37 instant 421 1 1 0 None 0 1 1 0.3594306049822064 0
0.4 20.0 37 retraso20 421 1 1 0 None 0 1 1 0.011111111111111112 0
0.4 20.0 37 retraso60 421 1 1 0 None 0 1 1 0.005555555555555556 0
0.4 20.0 37 retraso20_parasita5 421 101 21 1 1 None 0 0 0.96875 0
0.4 20.0 37 retraso60_parasita5 421 118 24 1 1 None 0 0 0.96875 0
0.4 20.0 37 parasita5 421 86 15 0 0 None 0 0 0.9047619047619048 0
0.4 20.0 37 sp 421 10 2 0 15 0 0 1 0.3076923076923077 1
0.4 20.0 37 retraso20_sp 421 12 2 0 15 0 0 1 0.14285714285714285 1
0.4 20.0 37 retraso60_sp 421 13 2 7 7 None 0 1 0.8148148148148148 0
0.4 20.0 37 privada_inf 421 38 3 6 6 None 0 1 0.9722222222222222 0
0.4 20.0 37 hook20 421 1 1 0 None 0 1 1 0.14146341463414633 0
0.4 20.0 37 retro500 421 110 99 9 9 None 0 0 0.9791666666666666 0
0.4 20.0 41 instant 382 1 1 0 None 0 1 1 0.35918367346938773 0
0.4 20.0 41 retraso20 382 1 1 0 None 0 1 1 0.0 0
0.4 20.0 41 retraso60 382 1 1 0 None 0 1 1 0.0 0
0.4 20.0 41 retraso20_parasita5 382 76 21 1 1 None 0 0 0.9428571428571428 0
0.4 20.0 41 retraso60_parasita5 382 89 22 1 1 None 0 0 0.9705882352941176 0
0.4 20.0 41 parasita5 382 73 14 0 0 None 0 0 0.9 0
0.4 20.0 41 sp 382 5 5 0 8 0 0 1 0.375 0
0.4 20.0 41 retraso20_sp 382 9 2 0 None 0 1 1 0.16666666666666666 0
0.4 20.0 41 retraso60_sp 382 11 2 0 10 0 0 1 0.3684210526315789 1
0.4 20.0 41 privada_inf 382 31 3 2 2 None 0 1 0.9148936170212766 0
0.4 20.0 41 hook20 382 1 1 0 None 0 1 1 0.1564245810055866 0
0.4 20.0 41 retro500 382 88 81 8 8 None 0 0 0.975 0
0.4 20.0 59 instant 383 1 1 0 None 0 1 1 0.3702127659574468 0
0.4 20.0 59 retraso20 383 1 1 0 None 0 1 1 0.006711409395973154 0
0.4 20.0 59 retraso60 383 1 1 0 None 0 1 1 0.006711409395973154 0
0.4 20.0 59 retraso20_parasita5 383 83 25 1 1 None 0 0 0.9393939393939394 0
0.4 20.0 59 retraso60_parasita5 383 94 27 1 1 None 0 0 0.9714285714285714 0
0.4 20.0 59 parasita5 383 76 22 1 1 None 0 0 0.9428571428571428 0
0.4 20.0 59 sp 383 10 3 0 25 0 0 1 0.34782608695652173 0
0.4 20.0 59 retraso20_sp 383 18 2 0 36 0 0 1 0.038461538461538464 1
0.4 20.0 59 retraso60_sp 383 20 2 0 None 0 1 1 0.1724137931034483 1
0.4 20.0 59 privada_inf 383 55 2 0 None 0 1 1 0.40476190476190477 1
0.4 20.0 59 hook20 383 1 1 0 None 0 1 1 0.1402439024390244 0
0.4 20.0 59 retro500 383 97 81 7 7 None 0 0 0.9775280898876404 0
0.4 20.0 67 instant 406 2 2 0 0 None 0 0 0.5 0
0.4 20.0 67 retraso20 406 3 3 0 5 0 0 1 0.0 1
0.4 20.0 67 retraso60 406 3 2 0 8 0 0 1 0.0 1
0.4 20.0 67 retraso20_parasita5 406 86 35 1 1 None 0 0 0.9714285714285714 0
0.4 20.0 67 retraso60_parasita5 406 91 30 4 4 None 0 0 0.9814814814814815 0
0.4 20.0 67 parasita5 406 85 39 2 2 None 0 0 0.9591836734693877 0
0.4 20.0 67 sp 406 6 3 0 0 None 0 0 0.5 0
0.4 20.0 67 retraso20_sp 406 13 3 3 7 3 0 0 0.29411764705882354 0
0.4 20.0 67 retraso60_sp 406 14 2 0 16 0 0 0 0.16666666666666666 0
0.4 20.0 67 privada_inf 406 37 3 11 11 None 0 1 0.9534883720930233 1
0.4 20.0 67 hook20 406 2 2 0 0 None 0 0 0.5 0
0.4 20.0 67 retro500 406 106 95 8 8 None 0 0 0.9791666666666666 0
0.4 20.0 73 instant 402 1 1 0 None 0 1 0 0.38271604938271603 0
0.4 20.0 73 retraso20 402 2 2 0 4 0 0 1 0.0 0
0.4 20.0 73 retraso60 402 2 2 0 24 0 0 1 0.0 0
0.4 20.0 73 retraso20_parasita5 402 74 29 2 2 None 0 0 0.9743589743589743 0
0.4 20.0 73 retraso60_parasita5 402 80 23 1 1 None 0 0 0.9696969696969697 0
0.4 20.0 73 parasita5 402 64 27 1 1 None 0 0 0.9444444444444444 0
0.4 20.0 73 sp 402 9 5 0 11 0 0 0 0.4444444444444444 0
0.4 20.0 73 retraso20_sp 402 13 2 2 6 2 0 1 0.27586206896551724 1
0.4 20.0 73 retraso60_sp 402 16 2 6 6 None 0 1 0.9411764705882353 1
0.4 20.0 73 privada_inf 402 42 3 4 4 None 0 1 0.9682539682539683 1
0.4 20.0 73 hook20 402 2 2 0 4 0 0 1 0.0 0
0.4 20.0 73 retro500 402 90 79 6 6 None 0 0 0.975 0
0.4 20.0 89 instant 421 1 1 0 None 0 1 0 0.3857677902621723 0
0.4 20.0 89 retraso20 421 2 2 0 14 0 0 1 0.0 1
0.4 20.0 89 retraso60 421 2 2 0 24 0 0 1 0.0 1
0.4 20.0 89 retraso20_parasita5 421 95 16 0 0 None 0 0 0.95 0
0.4 20.0 89 retraso60_parasita5 421 118 25 1 1 None 0 0 0.9714285714285714 0
0.4 20.0 89 parasita5 421 92 16 0 0 None 0 0 0.9047619047619048 0
0.4 20.0 89 sp 421 8 2 0 24 0 0 0 0.4117647058823529 0
0.4 20.0 89 retraso20_sp 421 14 2 0 15 0 0 1 0.16 1
0.4 20.0 89 retraso60_sp 421 18 3 1 14 1 0 1 0.4166666666666667 0
0.4 20.0 89 privada_inf 421 33 2 6 6 None 0 1 0.8875 1
0.4 20.0 89 hook20 421 2 2 0 3 0 0 1 0.25 0
0.4 20.0 89 retro500 421 110 97 9 9 None 0 0 0.9805825242718447 0
0.4 20.0 97 instant 361 1 1 0 None 0 1 1 0.4099099099099099 0
0.4 20.0 97 retraso20 361 1 1 0 None 0 1 1 0.007575757575757576 0
0.4 20.0 97 retraso60 361 1 1 0 None 0 1 1 0.007575757575757576 0
0.4 20.0 97 retraso20_parasita5 361 52 6 0 0 None 0 0 0.95 0
0.4 20.0 97 retraso60_parasita5 361 62 8 0 0 None 0 0 0.95 0
0.4 20.0 97 parasita5 361 38 8 0 0 None 0 0 0.9047619047619048 0
0.4 20.0 97 sp 361 14 4 0 15 0 0 1 0.4166666666666667 0
0.4 20.0 97 retraso20_sp 361 21 2 9 17 9 0 1 0.3448275862068966 1
0.4 20.0 97 retraso60_sp 361 21 2 16 16 23 0 0 0.8648648648648649 0
0.4 20.0 97 privada_inf 361 59 2 0 0 None 0 1 0.9047619047619048 0
0.4 20.0 97 hook20 361 1 1 0 None 0 1 1 0.1456953642384106 0
0.4 20.0 97 retro500 361 66 47 3 3 None 0 0 0.9607843137254902 0
0.4 20.0 101 instant 424 1 1 0 None 0 1 1 0.4015151515151515 0
0.4 20.0 101 retraso20 424 1 1 0 None 0 1 1 0.006329113924050633 0
0.4 20.0 101 retraso60 424 1 1 0 None 0 1 1 0.006329113924050633 0
0.4 20.0 101 retraso20_parasita5 424 106 16 0 0 None 0 0 0.95 0
0.4 20.0 101 retraso60_parasita5 424 120 19 0 0 None 0 0 0.95 0
0.4 20.0 101 parasita5 424 98 6 0 0 None 0 0 0.9047619047619048 0
0.4 20.0 101 sp 424 5 3 0 None 0 1 1 0.26666666666666666 0
0.4 20.0 101 retraso20_sp 424 9 2 0 32 0 0 1 0.21428571428571427 1
0.4 20.0 101 retraso60_sp 424 10 2 7 7 24 0 0 0.7222222222222222 0
0.4 20.0 101 privada_inf 424 32 3 0 0 None 0 1 0.8636363636363636 0
0.4 20.0 101 hook20 424 1 1 0 None 0 1 1 0.14754098360655737 0
0.4 20.0 101 retro500 424 113 106 11 11 None 0 0 0.9813084112149533 0
0.4 20.0 113 instant 415 2 2 0 0 None 0 0 0.5 0
0.4 20.0 113 retraso20 415 3 2 0 None 0 1 1 0.0 1
0.4 20.0 113 retraso60 415 3 2 0 16 0 0 1 0.0 1
0.4 20.0 113 retraso20_parasita5 415 86 30 1 1 None 0 0 0.9393939393939394 0
0.4 20.0 113 retraso60_parasita5 415 103 34 1 1 None 0 0 0.9705882352941176 0
0.4 20.0 113 parasita5 415 75 26 3 3 None 0 0 0.9574468085106383 0
0.4 20.0 113 sp 415 9 6 0 12 0 0 0 0.4 0
0.4 20.0 113 retraso20_sp 415 14 2 4 14 4 0 1 0.3333333333333333 1
0.4 20.0 113 retraso60_sp 415 16 2 0 None 0 1 0 0.4444444444444444 0
0.4 20.0 113 privada_inf 415 34 2 2 2 None 0 0 0.975609756097561 0
0.4 20.0 113 hook20 415 3 3 0 2 0 0 1 0.0 0
0.4 20.0 113 retro500 415 98 86 8 8 None 0 0 0.9772727272727273 0
0.4 20.0 127 instant 408 4 4 1 1 None 0 0 0.6666666666666666 0
0.4 20.0 127 retraso20 408 5 5 0 4 0 0 1 0.0 1
0.4 20.0 127 retraso60 408 5 2 0 9 0 0 1 0.0 1
0.4 20.0 127 retraso20_parasita5 408 102 25 1 1 None 0 0 0.96875 0
0.4 20.0 127 retraso60_parasita5 408 112 17 0 0 None 0 0 0.95 0
0.4 20.0 127 parasita5 408 89 19 0 0 None 0 0 0.9047619047619048 0
0.4 20.0 127 sp 408 11 3 0 9 0 0 0 0.42857142857142855 0
0.4 20.0 127 retraso20_sp 408 14 2 0 14 0 0 1 0.2 1
0.4 20.0 127 retraso60_sp 408 19 3 3 3 None 0 0 1.0 0
0.4 20.0 127 privada_inf 408 28 2 6 6 None 0 1 0.9565217391304348 1
0.4 20.0 127 hook20 408 5 2 0 9 0 0 1 0.16666666666666666 1
0.4 20.0 127 retro500 408 114 102 9 9 None 0 0 0.9813084112149533 0
0.4 30.0 11 instant 406 1 1 0 None 0 1 1 0.3705179282868526 0
0.4 30.0 11 retraso20 406 1 1 0 None 0 1 1 0.006289308176100629 0
0.4 30.0 11 retraso60 406 1 1 0 None 0 1 1 0.006289308176100629 0
0.4 30.0 11 retraso20_parasita5 406 164 55 8 8 None 0 0 0.9649122807017544 0
0.4 30.0 11 retraso60_parasita5 406 175 67 13 13 None 0 0 0.9864864864864865 0
0.4 30.0 11 parasita5 406 156 38 4 4 None 0 0 0.9555555555555556 0
0.4 30.0 11 sp 406 21 6 0 None 0 1 1 0.34615384615384615 0
0.4 30.0 11 retraso20_sp 406 23 2 0 36 0 0 1 0.07142857142857142 1
0.4 30.0 11 retraso60_sp 406 29 4 0 None 0 1 1 0.0 1
0.4 30.0 11 privada_inf 406 25 3 None None None 1 0 nan 0
0.4 30.0 11 hook20 406 1 1 0 None 0 1 1 0.1638418079096045 0
0.4 30.0 11 retro500 406 158 135 25 25 None 0 0 0.9846153846153847 0
0.4 30.0 23 instant 418 1 1 0 None 0 1 1 0.4052044609665427 0
0.4 30.0 23 retraso20 418 1 1 0 None 0 1 1 0.006211180124223602 0
0.4 30.0 23 retraso60 418 1 1 0 None 0 1 1 0.006211180124223602 0
0.4 30.0 23 retraso20_parasita5 418 169 59 6 6 None 0 0 0.96875 0
0.4 30.0 23 retraso60_parasita5 418 176 64 9 9 None 0 0 0.9841269841269841 0
0.4 30.0 23 parasita5 418 164 41 4 4 None 0 0 0.9487179487179487 0
0.4 30.0 23 sp 418 13 2 0 None 0 1 1 0.4010416666666667 0
0.4 30.0 23 retraso20_sp 418 18 2 0 27 0 0 1 0.14285714285714285 1
0.4 30.0 23 retraso60_sp 418 30 4 0 None 0 1 1 0.08433734939759036 1
0.4 30.0 23 privada_inf 418 19 2 None None None 1 0 nan 0
0.4 30.0 23 hook20 418 1 1 0 None 0 1 1 0.16216216216216217 0
0.4 30.0 23 retro500 418 164 144 None None None 1 0 nan 0
0.4 30.0 37 instant 421 1 1 0 None 0 1 1 0.3594306049822064 0
0.4 30.0 37 retraso20 421 1 1 0 None 0 1 1 0.011111111111111112 0
0.4 30.0 37 retraso60 421 1 1 0 None 0 1 1 0.005555555555555556 0
0.4 30.0 37 retraso20_parasita5 421 184 65 9 9 None 0 0 0.9838709677419355 0
0.4 30.0 37 retraso60_parasita5 421 186 66 14 14 None 0 0 0.9878048780487805 0
0.4 30.0 37 parasita5 421 177 41 4 4 None 0 0 0.9583333333333334 0
0.4 30.0 37 sp 421 13 2 0 None 0 1 1 0.32558139534883723 1
0.4 30.0 37 retraso20_sp 421 16 2 8 8 16 0 0 0.5 0
0.4 30.0 37 retraso60_sp 421 32 2 0 None 0 1 1 0.019736842105263157 1
0.4 30.0 37 privada_inf 421 19 2 0 None 0 1 1 0.005555555555555556 1
0.4 30.0 37 hook20 421 1 1 0 None 0 1 1 0.14146341463414633 0
0.4 30.0 37 retro500 421 177 160 39 39 None 0 0 0.9873417721518988 0
0.4 30.0 41 instant 382 1 1 0 None 0 1 1 0.35918367346938773 0
0.4 30.0 41 retraso20 382 1 1 0 None 0 1 1 0.0 0
0.4 30.0 41 retraso60 382 1 1 0 None 0 1 1 0.0 0
0.4 30.0 41 retraso20_parasita5 382 152 40 3 3 None 0 0 0.9523809523809523 0
0.4 30.0 41 retraso60_parasita5 382 168 57 7 7 None 0 0 0.9827586206896551 0
0.4 30.0 41 parasita5 382 148 34 2 2 None 0 0 0.9393939393939394 0
0.4 30.0 41 sp 382 6 2 0 24 0 0 1 0.34782608695652173 0
0.4 30.0 41 retraso20_sp 382 13 2 0 None 0 1 1 0.06666666666666667 1
0.4 30.0 41 retraso60_sp 382 33 2 0 23 0 0 1 0.0 1
0.4 30.0 41 privada_inf 382 22 2 None None None 1 0 nan 0
0.4 30.0 41 hook20 382 1 1 0 None 0 1 1 0.1564245810055866 0
0.4 30.0 41 retro500 382 149 133 32 32 None 0 0 0.984375 0
0.4 30.0 59 instant 383 1 1 0 None 0 1 1 0.3702127659574468 0
0.4 30.0 59 retraso20 383 1 1 0 None 0 1 1 0.006711409395973154 0
0.4 30.0 59 retraso60 383 1 1 0 None 0 1 1 0.006711409395973154 0
0.4 30.0 59 retraso20_parasita5 383 152 52 6 6 None 0 0 0.9629629629629629 0
0.4 30.0 59 retraso60_parasita5 383 155 56 7 7 None 0 0 0.9830508474576272 0
0.4 30.0 59 parasita5 383 145 33 2 2 None 0 0 0.9428571428571428 0
0.4 30.0 59 sp 383 11 2 0 31 0 0 1 0.35714285714285715 0
0.4 30.0 59 retraso20_sp 383 21 2 0 31 0 0 1 0.034482758620689655 1
0.4 30.0 59 retraso60_sp 383 24 2 19 19 None 0 0 0.9885057471264368 0
0.4 30.0 59 privada_inf 383 28 2 15 15 None 0 1 0.5789473684210527 1
0.4 30.0 59 hook20 383 1 1 0 None 0 1 1 0.1402439024390244 0
0.4 30.0 59 retro500 383 149 130 23 23 None 0 0 0.9849624060150376 0
0.4 30.0 67 instant 406 2 2 0 0 None 0 0 0.5 0
0.4 30.0 67 retraso20 406 3 3 0 5 0 0 1 0.0 0
0.4 30.0 67 retraso60 406 3 3 0 None 0 1 1 0.0 1
0.4 30.0 67 retraso20_parasita5 406 165 60 7 7 None 0 0 0.9682539682539683 0
0.4 30.0 67 retraso60_parasita5 406 168 61 9 9 None 0 0 0.9833333333333333 0
0.4 30.0 67 parasita5 406 157 47 4 4 None 0 0 0.9565217391304348 0
0.4 30.0 67 sp 406 10 5 0 0 None 0 0 0.5 0
0.4 30.0 67 retraso20_sp 406 18 2 0 None 0 1 0 0.09090909090909091 0
0.4 30.0 67 retraso60_sp 406 45 3 0 None 0 1 1 0.0 1
0.4 30.0 67 privada_inf 406 18 2 None None None 1 0 nan 0
0.4 30.0 67 hook20 406 2 2 0 0 None 0 0 0.5 0
0.4 30.0 67 retro500 406 159 143 25 25 None 0 0 0.9857142857142858 0
0.4 30.0 73 instant 402 1 1 0 None 0 1 0 0.38271604938271603 0
0.4 30.0 73 retraso20 402 2 2 0 4 0 0 1 0.0 0
0.4 30.0 73 retraso60 402 2 2 0 None 0 1 1 0.0 1
0.4 30.0 73 retraso20_parasita5 402 153 61 7 7 None 0 0 0.9666666666666667 0
0.4 30.0 73 retraso60_parasita5 402 158 64 9 9 None 0 0 0.9841269841269841 0
0.4 30.0 73 parasita5 402 150 39 4 4 None 0 0 0.9523809523809523 0
0.4 30.0 73 sp 402 16 5 0 23 0 0 0 0.4666666666666667 0
0.4 30.0 73 retraso20_sp 402 23 2 5 34 5 0 0 0.2 0
0.4 30.0 73 retraso60_sp 402 30 5 4 4 None 0 0 0.9743589743589743 0
0.4 30.0 73 privada_inf 402 25 2 0 None 0 1 1 0.075 1
0.4 30.0 73 hook20 402 2 2 0 4 0 0 1 0.0 0
0.4 30.0 73 retro500 402 151 130 23 23 None 0 0 0.984375 0
0.4 30.0 89 instant 421 1 1 0 None 0 1 0 0.3857677902621723 0
0.4 30.0 89 retraso20 421 2 2 0 14 0 0 1 0.0 0
0.4 30.0 89 retraso60 421 2 2 0 None 0 1 1 0.0 0
0.4 30.0 89 retraso20_parasita5 421 174 60 7 7 None 0 0 0.9848484848484849 0
0.4 30.0 89 retraso60_parasita5 421 180 65 8 8 None 0 0 0.984375 0
0.4 30.0 89 parasita5 421 166 40 4 4 None 0 0 0.9534883720930233 0
0.4 30.0 89 sp 421 14 8 0 24 0 0 0 0.4117647058823529 0
0.4 30.0 89 retraso20_sp 421 21 2 0 24 0 0 1 0.05 1
0.4 30.0 89 retraso60_sp 421 46 6 0 None 0 1 1 0.0 1
0.4 30.0 89 privada_inf 421 28 2 31 31 None 0 0 0.99375 0
0.4 30.0 89 hook20 421 2 2 0 3 0 0 1 0.25 0
0.4 30.0 89 retro500 421 168 143 30 30 None 0 0 0.9858156028368794 0
0.4 30.0 97 instant 361 1 1 0 None 0 1 1 0.4099099099099099 0
0.4 30.0 97 retraso20 361 1 1 0 None 0 1 1 0.007575757575757576 0
0.4 30.0 97 retraso60 361 1 1 0 None 0 1 1 0.007575757575757576 0
0.4 30.0 97 retraso20_parasita5 361 132 30 2 2 None 0 0 0.9428571428571428 0
0.4 30.0 97 retraso60_parasita5 361 144 48 5 5 None 0 0 0.9795918367346939 0
0.4 30.0 97 parasita5 361 129 26 1 1 None 0 0 0.92 0
0.4 30.0 97 sp 361 17 3 0 25 0 0 1 0.45 1
0.4 30.0 97 retraso20_sp 361 24 2 13 16 13 0 1 0.24 1
0.4 30.0 97 retraso60_sp 361 29 3 0 None 0 1 1 0.14035087719298245 1
0.4 30.0 97 privada_inf 361 40 3 0 0 None 0 1 0.5714285714285714 0
0.4 30.0 97 hook20 361 1 1 0 None 0 1 1 0.1456953642384106 0
0.4 30.0 97 retro500 361 130 105 14 14 None 0 0 0.9809523809523809 0
0.4 30.0 101 instant 424 1 1 0 None 0 1 1 0.4015151515151515 0
0.4 30.0 101 retraso20 424 1 1 0 None 0 1 1 0.006329113924050633 0
0.4 30.0 101 retraso60 424 1 1 0 None 0 1 1 0.006329113924050633 0
0.4 30.0 101 retraso20_parasita5 424 170 36 3 3 None 0 0 0.9473684210526315 0
0.4 30.0 101 retraso60_parasita5 424 182 63 11 11 None 0 0 0.9848484848484849 0
0.4 30.0 101 parasita5 424 163 26 15 15 None 0 0 0.9705882352941176 0
0.4 30.0 101 sp 424 10 2 0 None 0 1 1 0.4 0
0.4 30.0 101 retraso20_sp 424 15 2 0 None 0 1 1 0.08163265306122448 0
0.4 30.0 101 retraso60_sp 424 26 3 0 None 0 1 1 0.03333333333333333 1
0.4 30.0 101 privada_inf 424 27 5 None None None 1 0 nan 0
0.4 30.0 101 hook20 424 1 1 0 None 0 1 1 0.14754098360655737 0
0.4 30.0 101 retro500 424 163 143 None None None 1 0 nan 0
0.4 30.0 113 instant 415 2 2 0 0 None 0 0 0.5 0
0.4 30.0 113 retraso20 415 3 2 0 None 0 1 1 0.0 1
0.4 30.0 113 retraso60 415 3 2 0 None 0 1 1 0.0 1
0.4 30.0 113 retraso20_parasita5 415 166 68 10 10 None 0 0 0.9857142857142858 0
0.4 30.0 113 retraso60_parasita5 415 170 79 13 13 None 0 0 0.987012987012987 0
0.4 30.0 113 parasita5 415 152 47 5 5 None 0 0 0.9629629629629629 0
0.4 30.0 113 sp 415 18 7 0 23 0 0 0 0.4375 0
0.4 30.0 113 retraso20_sp 415 23 2 0 14 0 0 1 0.10526315789473684 1
0.4 30.0 113 retraso60_sp 415 50 2 0 None 0 1 1 0.006060606060606061 1
0.4 30.0 113 privada_inf 415 25 2 None None None 1 0 nan 0
0.4 30.0 113 hook20 415 3 3 0 2 0 0 1 0.0 0
0.4 30.0 113 retro500 415 158 135 23 23 None 0 0 0.9849624060150376 0
0.4 30.0 127 instant 408 4 4 1 1 None 0 0 0.6666666666666666 0
0.4 30.0 127 retraso20 408 5 5 0 3 0 0 1 0.0 1
0.4 30.0 127 retraso60 408 5 5 0 None 0 1 1 0.0 0
0.4 30.0 127 retraso20_parasita5 408 162 56 6 6 None 0 0 0.9824561403508771 0
0.4 30.0 127 retraso60_parasita5 408 171 57 6 6 None 0 0 0.9818181818181818 0
0.4 30.0 127 parasita5 408 154 55 6 6 None 0 0 0.9629629629629629 0
0.4 30.0 127 sp 408 12 2 0 19 0 0 0 0.4666666666666667 0
0.4 30.0 127 retraso20_sp 408 18 2 6 9 6 0 0 0.46153846153846156 0
0.4 30.0 127 retraso60_sp 408 33 4 0 None 0 1 1 0.0 1
0.4 30.0 127 privada_inf 408 19 2 38 38 None 0 0 0.9939759036144579 0
0.4 30.0 127 hook20 408 5 5 0 9 0 0 1 0.16666666666666666 0
0.4 30.0 127 retro500 408 158 141 37 37 None 0 0 0.9851851851851852 0
0.4 60.0 11 instant 406 1 1 0 None 0 1 1 0.3705179282868526 0
0.4 60.0 11 retraso20 406 1 1 0 None 0 1 1 0.006289308176100629 0
0.4 60.0 11 retraso60 406 1 1 0 None 0 1 1 0.006289308176100629 0
0.4 60.0 11 retraso20_parasita5 406 220 116 None None None 1 0 nan 0
0.4 60.0 11 retraso60_parasita5 406 262 143 None None None 1 0 nan 0
0.4 60.0 11 parasita5 406 244 102 None None None 1 0 nan 0
0.4 60.0 11 sp 406 115 3 0 None 0 1 1 0.3705179282868526 0
0.4 60.0 11 retraso20_sp 406 41 5 0 None 0 1 1 0.03597122302158273 1
0.4 60.0 11 retraso60_sp 406 66 21 0 None 0 1 1 0.006289308176100629 1
0.4 60.0 11 privada_inf 406 101 24 None None None 1 0 nan 0
0.4 60.0 11 hook20 406 1 1 0 None 0 1 1 0.1638418079096045 0
0.4 60.0 11 retro500 406 244 140 None None None 1 0 nan 0
0.4 60.0 23 instant 418 1 1 0 None 0 1 1 0.4052044609665427 0
0.4 60.0 23 retraso20 418 1 1 0 None 0 1 1 0.006211180124223602 0
0.4 60.0 23 retraso60 418 1 1 0 None 0 1 1 0.006211180124223602 0
0.4 60.0 23 retraso20_parasita5 418 217 116 None None None 1 0 nan 0
0.4 60.0 23 retraso60_parasita5 418 269 147 None None None 1 0 nan 0
0.4 60.0 23 parasita5 418 211 100 None None None 1 0 nan 0
0.4 60.0 23 sp 418 136 2 0 None 0 1 1 0.40601503759398494 1
0.4 60.0 23 retraso20_sp 418 41 3 0 None 0 1 1 0.0 1
0.4 60.0 23 retraso60_sp 418 68 20 0 None 0 1 1 0.006211180124223602 1
0.4 60.0 23 privada_inf 418 99 22 None None None 1 0 nan 0
0.4 60.0 23 hook20 418 1 1 0 None 0 1 1 0.16216216216216217 0
0.4 60.0 23 retro500 418 211 144 None None None 1 0 nan 0
0.4 60.0 37 instant 421 1 1 0 None 0 1 1 0.3594306049822064 0
0.4 60.0 37 retraso20 421 1 1 0 None 0 1 1 0.011111111111111112 0
0.4 60.0 37 retraso60 421 1 1 0 None 0 1 1 0.005555555555555556 0
0.4 60.0 37 retraso20_parasita5 421 252 136 None None None 1 0 nan 0
0.4 60.0 37 retraso60_parasita5 421 256 157 None None None 1 0 nan 0
0.4 60.0 37 parasita5 421 240 97 None None None 1 0 nan 0
0.4 60.0 37 sp 421 115 2 0 None 0 1 1 0.3597122302158273 1
0.4 60.0 37 retraso20_sp 421 43 2 0 None 0 1 1 0.0 1
0.4 60.0 37 retraso60_sp 421 59 17 0 None 0 1 1 0.005555555555555556 1
0.4 60.0 37 privada_inf 421 88 19 0 None 0 1 1 0.005555555555555556 1
0.4 60.0 37 hook20 421 1 1 0 None 0 1 1 0.14146341463414633 0
0.4 60.0 37 retro500 421 240 166 None None None 1 0 nan 0
0.4 60.0 41 instant 382 1 1 0 None 0 1 1 0.35918367346938773 0
0.4 60.0 41 retraso20 382 1 1 0 None 0 1 1 0.0 0
0.4 60.0 41 retraso60 382 1 1 0 None 0 1 1 0.0 0
0.4 60.0 41 retraso20_parasita5 382 210 96 None None None 1 0 nan 0
0.4 60.0 41 retraso60_parasita5 382 230 152 None None None 1 0 nan 0
0.4 60.0 41 parasita5 382 214 95 None None None 1 0 nan 0
0.4 60.0 41 sp 382 90 6 0 None 0 1 1 0.36796536796536794 0
0.4 60.0 41 retraso20_sp 382 30 2 0 None 0 1 1 0.012987012987012988 1
0.4 60.0 41 retraso60_sp 382 47 17 0 None 0 1 1 0.0 1
0.4 60.0 41 privada_inf 382 84 21 None None None 1 0 nan 0
0.4 60.0 41 hook20 382 1 1 0 None 0 1 1 0.1564245810055866 0
0.4 60.0 41 retro500 382 214 138 None None None 1 0 nan 0
0.4 60.0 59 instant 383 1 1 0 None 0 1 1 0.3702127659574468 0
0.4 60.0 59 retraso20 383 1 1 0 None 0 1 1 0.006711409395973154 0
0.4 60.0 59 retraso60 383 1 1 0 None 0 1 1 0.006711409395973154 0
0.4 60.0 59 retraso20_parasita5 383 227 102 None None None 1 0 nan 0
0.4 60.0 59 retraso60_parasita5 383 233 137 None None None 1 0 nan 0
0.4 60.0 59 parasita5 383 198 78 None None None 1 0 nan 0
0.4 60.0 59 sp 383 84 3 0 None 0 1 1 0.3702127659574468 0
0.4 60.0 59 retraso20_sp 383 34 2 0 None 0 1 1 0.03669724770642202 1
0.4 60.0 59 retraso60_sp 383 51 18 0 None 0 1 1 0.006711409395973154 1
0.4 60.0 59 privada_inf 383 77 21 None None None 1 0 nan 0
0.4 60.0 59 hook20 383 1 1 0 None 0 1 1 0.1402439024390244 0
0.4 60.0 59 retro500 383 198 131 None None None 1 0 nan 0
0.4 60.0 67 instant 406 2 2 0 0 None 0 0 0.5 0
0.4 60.0 67 retraso20 406 3 3 0 5 0 0 1 0.0 0
0.4 60.0 67 retraso60 406 3 3 0 None 0 1 1 0.0 1
0.4 60.0 67 retraso20_parasita5 406 235 133 None None None 1 0 nan 0
0.4 60.0 67 retraso60_parasita5 406 261 169 None None None 1 0 nan 0
0.4 60.0 67 parasita5 406 228 98 None None None 1 0 nan 0
0.4 60.0 67 sp 406 118 3 0 None 0 1 0 0.3816793893129771 0
0.4 60.0 67 retraso20_sp 406 38 2 0 None 0 1 1 0.0 1
0.4 60.0 67 retraso60_sp 406 60 23 0 None 0 1 1 0.006134969325153374 1
0.4 60.0 67 privada_inf 406 93 26 None None None 1 0 nan 0
0.4 60.0 67 hook20 406 2 2 0 0 None 0 0 0.5 0
0.4 60.0 67 retro500 406 228 149 None None None 1 0 nan 0
0.4 60.0 73 instant 402 1 1 0 None 0 1 0 0.38271604938271603 0
0.4 60.0 73 retraso20 402 2 2 0 4 0 0 1 0.0 0
0.4 60.0 73 retraso60 402 2 2 0 None 0 1 1 0.0 0
0.4 60.0 73 retraso20_parasita5 402 232 114 None None None 1 0 nan 0
0.4 60.0 73 retraso60_parasita5 402 248 142 None None None 1 0 nan 0
0.4 60.0 73 parasita5 402 219 85 None None None 1 0 nan 0
0.4 60.0 73 sp 402 111 6 0 None 0 1 0 0.38333333333333336 0
0.4 60.0 73 retraso20_sp 402 43 2 0 None 0 1 1 0.03333333333333333 1
0.4 60.0 73 retraso60_sp 402 74 27 0 None 0 1 1 0.006622516556291391 1
0.4 60.0 73 privada_inf 402 111 30 None None None 1 0 nan 0
0.4 60.0 73 hook20 402 2 2 0 4 0 0 1 0.0 0
0.4 60.0 73 retro500 402 219 136 None None None 1 0 nan 0
0.4 60.0 89 instant 421 1 1 0 None 0 1 0 0.3857677902621723 0
0.4 60.0 89 retraso20 421 2 2 0 14 0 0 1 0.0 0
0.4 60.0 89 retraso60 421 2 2 0 None 0 1 1 0.0 1
0.4 60.0 89 retraso20_parasita5 421 225 116 None None None 1 0 nan 0
0.4 60.0 89 retraso60_parasita5 421 280 158 None None None 1 0 nan 0
0.4 60.0 89 parasita5 421 234 90 None None None 1 0 nan 0
0.4 60.0 89 sp 421 112 3 0 None 0 1 0 0.3849056603773585 0
0.4 60.0 89 retraso20_sp 421 39 2 0 None 0 1 1 0.019230769230769232 1
0.4 60.0 89 retraso60_sp 421 64 25 0 None 0 1 1 0.006060606060606061 1
0.4 60.0 89 privada_inf 421 102 26 None None None 1 0 nan 0
0.4 60.0 89 hook20 421 2 2 0 3 0 0 1 0.25 0
0.4 60.0 89 retro500 421 234 148 None None None 1 0 nan 0
0.4 60.0 97 instant 361 1 1 0 None 0 1 1 0.4099099099099099 0
0.4 60.0 97 retraso20 361 1 1 0 None 0 1 1 0.007575757575757576 0
0.4 60.0 97 retraso60 361 1 1 0 None 0 1 1 0.007575757575757576 0
0.4 60.0 97 retraso20_parasita5 361 176 92 None None None 1 0 nan 0
0.4 60.0 97 retraso60_parasita5 361 214 132 None None None 1 0 nan 0
0.4 60.0 97 parasita5 361 182 71 32 32 None 0 0 0.9775280898876404 0
0.4 60.0 97 sp 361 91 6 0 None 0 1 1 0.40825688073394495 1
0.4 60.0 97 retraso20_sp 361 38 2 0 None 0 1 1 0.13043478260869565 1
0.4 60.0 97 retraso60_sp 361 62 19 0 None 0 1 1 0.01694915254237288 1
0.4 60.0 97 privada_inf 361 89 22 None None None 1 0 nan 0
0.4 60.0 97 hook20 361 1 1 0 None 0 1 1 0.1456953642384106 0
0.4 60.0 97 retro500 361 182 118 None None None 1 0 nan 0
0.4 60.0 101 instant 424 1 1 0 None 0 1 1 0.4015151515151515 0
0.4 60.0 101 retraso20 424 1 1 0 None 0 1 1 0.006329113924050633 0
0.4 60.0 101 retraso60 424 1 1 0 None 0 1 1 0.006329113924050633 0
0.4 60.0 101 retraso20_parasita5 424 223 106 None None None 1 0 nan 0
0.4 60.0 101 retraso60_parasita5 424 287 139 None None None 1 0 nan 0
0.4 60.0 101 parasita5 424 222 92 None None None 1 0 nan 0
0.4 60.0 101 sp 424 135 3 0 None 0 1 1 0.40229885057471265 0
0.4 60.0 101 retraso20_sp 424 54 2 0 None 0 1 1 0.022900763358778626 1
0.4 60.0 101 retraso60_sp 424 58 10 0 None 0 1 1 0.006329113924050633 1
0.4 60.0 101 privada_inf 424 88 13 None None None 1 0 nan 0
0.4 60.0 101 hook20 424 1 1 0 None 0 1 1 0.14754098360655737 0
0.4 60.0 101 retro500 424 222 145 None None None 1 0 nan 0
0.4 60.0 113 instant 415 2 2 0 0 None 0 0 0.5 0
0.4 60.0 113 retraso20 415 3 2 0 None 0 1 1 0.0 1
0.4 60.0 113 retraso60 415 3 2 0 None 0 1 1 0.0 1
0.4 60.0 113 retraso20_parasita5 415 239 125 None None None 1 0 nan 0
0.4 60.0 113 retraso60_parasita5 415 262 168 None None None 1 0 nan 0
0.4 60.0 113 parasita5 415 208 98 None None None 1 0 nan 0
0.4 60.0 113 sp 415 94 2 0 None 0 1 0 0.357429718875502 0
0.4 60.0 113 retraso20_sp 415 32 3 0 None 0 1 1 0.0196078431372549 1
0.4 60.0 113 retraso60_sp 415 58 26 0 None 0 1 1 0.006060606060606061 1
0.4 60.0 113 privada_inf 415 117 28 None None None 1 0 nan 0
0.4 60.0 113 hook20 415 3 3 0 2 0 0 1 0.0 0
0.4 60.0 113 retro500 415 208 149 None None None 1 0 nan 0
0.4 60.0 127 instant 408 4 4 1 1 None 0 0 0.6666666666666666 0
0.4 60.0 127 retraso20 408 5 5 0 3 0 0 1 0.0 1
0.4 60.0 127 retraso60 408 5 5 0 None 0 1 1 0.0 1
0.4 60.0 127 retraso20_parasita5 408 218 121 None None None 1 0 nan 0
0.4 60.0 127 retraso60_parasita5 408 262 173 None None None 1 0 nan 0
0.4 60.0 127 parasita5 408 204 103 None None None 1 0 nan 0
0.4 60.0 127 sp 408 102 2 0 None 0 1 0 0.3660377358490566 0
0.4 60.0 127 retraso20_sp 408 42 3 0 None 0 1 1 0.0 1
0.4 60.0 127 retraso60_sp 408 61 20 0 None 0 1 1 0.005813953488372093 1
0.4 60.0 127 privada_inf 408 80 22 None None None 1 0 nan 0
0.4 60.0 127 hook20 408 5 5 0 9 0 0 1 0.16666666666666666 0
0.4 60.0 127 retro500 408 204 155 None None None 1 0 nan 0
