dsh: reasoning:
Let me start by reading the order file and the LINEO.md file.
dsh: reasoning:
Let me now explore the working directory to understand the codebase.
dsh: reasoning:
Let me read the key files. Start with the source files and tests. Notice there are HORAS-W07c.log, HUELLAS.sha256, INFORME-W07c.md but the order asks for HORAS.log and INFORME.md section "W07c-B". Let me read everything relevant.
dsh: reasoning:
Now let me read the remaining source files and tests.
dsh: reasoning:
Now the tests and salida.jl, run.jl, analisis_registro_v1.jl.
dsh: reasoning:
Now let me read the main module, run.jl, INFORME.md, HUELLAS, HORAS log, and other files.
dsh: reasoning:
Now let me read INFORME.md, HUELLAS.sha256, FALTAS-DE-DEFINICION.md, the ESQUEMA, and understand what "W07c-B" section should say. Let me also check HORAS.log (order says `HORAS.log`). There's HORAS-W07c.log. Let me check for other order files and the ESQUEMA.
dsh: reasoning:
Now I understand the state. The order W07c-B asks:
1. Blocks per slot: count distinct blocks by hash (each block once, taking its slot from any event that carries it), include all slots in the range [min, max] of observed slots, including those with 0 blocks. Publish distribution (p50, p95, max) and mean `distinct blocks / slots in interval`.
2. Parents per block and fraction of reds: also by distinct block (once per hash); if two nodes report different values for the same block, count and report (would be a finding).
3. Review whether any other §3 metric counts the same block multiple times unintentionally; if so, correct with the same criterion.
4. Tests: synthetic hand-crafted cases with exact answer (three nodes that see the same blocks; empty slots; a block one node doesn't see); existing tests remain green (updating only those that measured the erroneous thing, one at a time and explained).

`Pkg.test()` green; section "W07c-B" in INFORME.md; HUELLAS.sha256 regenerated; HORAS.log (real `date -Is`); model name. No Python. Budget 45 min.

Wait, there's an important nuance: order says "Pkg.test() en verde". But INFORME.md says the project isn't a package with [targets] and they didn't run Pkg.test(). Let me check Project.toml. Maybe W07c-B expects us to add test target to Project.toml? Actually, the order explicitly says `Pkg.test()` in green. Let me check Project.toml.

Also `HUELLAS.sha256` regenerated, `HORAS.log` (real date -Is), name of model. There's HORAS-W07c.log. The order says `HORAS.log`. Hmm. Let me consider creating HORAS.log or appending to HORAS-W07c.log? The instruction: "`HUELLAS.sha256` regeneradas; `HORAS.log` (`date -Is` real)". The original W07c order apparently produced HORAS.log per INFORME §11 but here we only have HORAS-W07c.log. Actually wait — the directory listing had HORAS-W07c.log and HUELLAS.sha256 in the root. INFORME.md §11 lists HORAS.log. Maybe the original W07c was in a different zone (deepseek/W07c) and this is a copied/moved zone. The current working directory is `P-ZRX/P-MEDICION/analisis-registro-v1`. Let me check parent directory to understand context.

Let me look at the parent directory and any ESQUEMA file, plus ORDEN-W07c.md maybe.
dsh: reasoning:
Let me read ORDEN-W07c.md (the original), ESQUEMA-REGISTRO-v1.md, FALTAS-DE-DEFINICION.md, REVISION-W07c.md, and the W07c-B stderr/launch files. These give context. Let me do it in parallel.
dsh: reasoning:
Interesting, the `W07c-B-dsh.stderr` shows my own reasoning leak (from a previous session? Actually it's the current session's harness writing stderr). Anyway.

Now let me look at ORDEN-W07c.md (original) and REVISION-W07c.md for context, plus Project.toml and test data for case-a (to understand structure). Also let me check the existing test data for caso-a to understand how slot coverage works. Let me also check what data exists (maybe W07b produced real v1 registries that would be more relevant). But the order says only edit under analisis-registro-v1. Let me focus.

Let me read Project.toml and ORDEN-W07c.md.
dsh: reasoning:
Now I understand the context. The working directory is the migrated instrument at `P-ZRX/P-MEDICION/analisis-registro-v1/`. The order W07c-B fixes the error in `calcular_bloques_padres_rojos`.

Let me check if there are real W07b test data (resultados-W07b) present, but the order says nothing about running on real data. It says do tests and Pkg.test(). It doesn't ask to re-run on real data (the budget 45 min). But section 3 asks to review other §3 metrics for double counting.

Let me now think through each metric in `calcular_bloques_padres_rojos` and other metrics:

Current function:
```julia
function calcular_bloques_padres_rojos(resumenes, enteras, reales)
    por_slot = Dict{Int64,Int}
    slots_candidatos = 0
    slots_ausentes = 0
    padres = Int64[]
    padres_candidatos = 0
    padres_ausentes = 0
    azules = 0
    rojos = 0
    mergeset_candidatos = 0
    mergeset_presentes = 0
    for r in resumenes, ev in r.eventos
        (ev.tipo == T_BLOQUE_PRODUCIDO || ev.tipo == T_BLOQUE_RED_ADMITIDO) || continue
        slots_candidatos += 1
        ...
```

Problems per order:
- Blocks counted once per node (×3). Should count distinct by hash.
- Distribution of blocks per slot ignores empty slots. Should include all slots in [min, max] observed, including 0.
- Parents per block: should be by distinct hash; if two nodes report different values for same block, count and report.
- Fraction of reds: by distinct block (once per hash), sum azules/rojos per distinct block. Mergeset fields also per block. If two nodes report different values for same block → finding.
- Also add mean = distinct blocks / slots in interval.

Now, which slot to take "taking its slot from any event that carries it"? For a distinct hash, multiple events may carry slot. We take the slot from any event that has it. If two events carry different slots for the same hash? That would also be an inconsistency. The order only explicitly mentions counting discrepancies for padres and mergeset ("si dos nodos informan valores distintos para el mismo bloque, se cuenta y se informa"). But for slot, "tomando su `slot` de cualquier evento que lo traiga" - so if there are multiple, maybe take the first one found deterministically. But if two differ, that's also a finding. Hmm. Let me think about what "se cuenta y se informa" applies to. Order point 2: "Padres por bloque y fracción de rojos: también por bloque distinto (una vez por `hash`); si dos nodos informan valores distintos para el mismo bloque, se cuenta y se informa (sería un hallazgo)."

So for point 2 (padres y rojos), disagreement detection is required. For point 1 (slot), just "taking its slot from any event that carries it". I'll implement slot discrepancy counting too? The order says to report disagreements for padres/rojos. To be safe and faithful, I'll count slot discrepancies as well since it's a natural "hallazgo" but I need to be careful not to invent new metrics beyond the order. Actually the order says "si detectas una falta de definición, infórmala antes de editar." Let me identify gaps:

Definition gaps I can see:
1. For "bloques distintos por hash": what if `hash` is 0 (absent)? Events without hash cannot be identified as distinct. In current code, `bloque_producido`/`bloque_red_admitido` with hash==0: `calcular_latencias` skips hash==0. For blocks-per-slot, should we skip hash==0? The order says count distinct blocks by hash; if hash absent, can't. Need to decide: count as "ausente" and exclude, similar to latency. I think we should count `hash == 0` as an absent field for the metric (candidate with required field missing).

2. How to define "slots del intervalo [mínimo, máximo] de slots observados": min and max over which slots? Over all slots observed (distinct blocks' slots). If no blocks, no interval. Include all integer slots from min to max. Slots with 0 blocks. That's clear enough.

3. Mean: `bloques distintos / slots del intervalo`. Publish as a real row (FilaReal) `media_bloques_por_slot` with n=1? Or as an entry in metricas.tsv as FilaReal. The order says "Se publican la distribución (p50, p95, máx.) y la media". So add a `FilaReal("media_bloques_por_slot", "todos", ...)`. Probably also maybe `distintos` count. Let me design.

4. Discordance detection: "si dos nodos informan valores distintos para el mismo bloque, se cuenta y se informa". Count = number of blocks for which ≥2 distinct reported values. Report where? Could be a metric `padres_por_bloque_discrepancias` (FilaEntera n = number of discrepant blocks, max = max?). Simpler: add a FilaEntera with metrica `padres_por_bloque_inconsistentes` n=count? Hmm. Actually n is sample count. Let me think. Maybe add `divergencias_padres_por_bloque` as an integer metric with n = number of discrepant blocks... but n semantics is sample count, and p50/p95/max would be weird.

Let me design cleanly:
- `bloques_por_slot`: distribution over all slots in interval (including empty): n = number of slots in interval, p50/p95/max of block counts per slot. `ausentes` = slots ausentes? Hmm, the `ausentes` column originally counted events with slot absent. Now with distinct blocks, `ausentes` should count candidate events/blocks whose required field (slot) is absent. Let me define: `ausentes` = number of distinct blocks (hashes) with no slot field in any event? Or number of events with slot missing. Given the new unit is per-block, I'd count distinct blocks without a slot. Hmm, but a block might have hash present but slot absent in all its events. Let me define `ausentes` as distinct blocks (by hash) that have no slot value available. And `n` = number of slots in the interval.

Actually, careful: the metric's `n` should represent the sample size used for percentiles, which is now number of slots in the interval. The old n was number of distinct slots with ≥1 block. New n = number of slots in [min,max] = max-min+1 (if any). That's the sample size. Good.

- `media_bloques_por_slot`: FilaReal with value = n_distinct_blocks / n_slots. n = 1 (a single aggregate), ausentes maybe 0. unit "bloques/slot".

- `padres_por_bloque`: distribution over distinct blocks (n = distinct blocks with n_padres present), p50/p95/max of n_padres. `ausentes` = distinct blocks whose n_padres absent (no event carries it).

- `fraccion_rojos`: aggregated over distinct blocks: sum azules and rojos over distinct blocks (once per block). But wait — "también por bloque distinto (una vez por hash)" means each block contributes its azules/rojos once. The fraction = total rojos / (total azules + total rojos) across distinct blocks. If duplicate events for same hash have different azules/rojos values, which one to take? Need deterministic: take from the earliest event? Or if any disagrees, report. Order says "si dos nodos informan valores distintos para el mismo bloque, se cuenta y se informa". So detect discrepancies. For the aggregated value we need to pick one. I'll pick the first event in a deterministic order (node order, then event order/line). Hmm, but the collection order is `for r in resumenes, ev in r.eventos`. To be deterministic and independent of node order, maybe pick the event with... Let me just pick the earliest by (pared, reloj_ns, linea)? Actually the order says "tomando su slot de cualquier evento que lo traiga" for slot, suggesting any is fine. For consistency I'll define: for each hash, keep the value from a canonical event = earliest by (reloj_pared_ns, reloj_ns, nº línea) among events that carry the field. That's deterministic and matches latency's "earliest" convention. This is a definition gap to report.

Wait, but should parents/mergeset be taken from `bloque_producido` or `bloque_red_admitido`? The order says count once per hash. For a given node, the same hash appears in both a `bloque_producido` (its own production) and possibly a `bloque_red_admitido`? Actually `bloque_producido` = own produced; `bloque_red_admitido` = network admitted (could include own? "admitido y persistido"; for own block maybe emitted separately). In case-a data both event types carry slot/n_padres/mergesets. So a hash seen by node A may appear as `bloque_producido` in A and `bloque_red_admitido` in B and C. Distinct by hash across ALL nodes gives one count. Good.

Now discrepancy counting:
- For each hash, collect the set of distinct values reported for n_padres (over all events carrying it). If >1 distinct value → discrepancy. Count distinct hashes with discrepancy.
- Similarly for (azules, rojos) pair. If >1 distinct pair → discrepancy. Maybe report separately `padres_por_bloque_discrepancias` and `mergeset_por_bloque_discrepancias`.

The order says "si dos nodos informan valores distintos para el mismo bloque, se cuenta y se informa". Note: "dos nodos" — two nodes. But the same node could report twice with different values (e.g., producido and admitido). Should that count? It says "dos nodos", so discrepancy across different nodes. Hmm, but the natural implementation collects values per event with node attribution. Let me detect discrepancies where two distinct nodes report different values. Actually if the same node reports two different values for the same hash, that's also a finding but order specifically says two nodes. Let me implement "different values for the same block" regardless of whether from same or different node, but report separately? That may overcomplicate.

Let me re-read: "Padres por bloque y fracción de rojos: también por bloque distinto (una vez por `hash`); si dos nodos informan valores distintos para el mismo bloque, se cuenta y se informa (sería un hallazgo)."

I'll implement discrepancy = a hash for which the set of reported values (across all events of all nodes that carry the field) has more than one distinct value. Since typically each node reports once, this captures the cross-node disagreement. I'll note that same-node double reporting also triggers it. Fine.

Now what to do about slot discrepancy? "tomando su slot de cualquier evento que lo traiga". If different events give different slots for the same hash, that's a finding analogous. But the order only asks for padres/rojos discrepancy reporting. I'll also count slot discrepancies since it's cheap and informative, and report it as a finding, but I need to be careful: adding a metric not requested. The order point 3 says "Revisa si alguna otra métrica del §3 cuenta el mismo bloque varias veces sin quererlo; si la hay, corrígela con el mismo criterio y dilo." That's about double counting, not discrepancy. I think adding slot discrepancy is reasonable and I'll declare it as a definition decision. Actually, to keep minimal and faithful, maybe I'll count slot discrepancies as part of the same "hallazgo" counter but not add a public metric unless useful. Hmm, but "se cuenta y se informa". For padres/rojos I must add metrics. Let me add three discrepancy metrics? Let me think about what's cleanest.

Design decision: Add to `Resultado` a field `discrepancias::Vector{FilaDiscrepancia}`? That'd require changing struct, salida, tests. Alternatively reuse FilaEntera with metrica names:
- `"bloques_por_slot"` (distribution)
- `"media_bloques_por_slot"` (FilaReal)
- `"padres_por_bloque"`
- `"fraccion_rojos"`
- `"padres_por_bloque_inconsistentes"` (FilaEntera? n = number of discrepant blocks, value maybe max = number of distinct values). Hmm.

Actually simplest: a FilaEntera per discrepancy kind where n = number of blocks with discrepancy, and p50/p95/max = distribution of the number of distinct values among those blocks? That's odd. Maybe report just count. Let me instead add FilaReal? No.

Alternative: Add a dedicated small struct and output table `inconsistencias.tsv`? That's more work and the order didn't ask for a table. But "se cuenta y se informa" — could be reported in metricas.tsv as a metric with n = count. Let me look at how `duplicados_produccion` is handled: it's a field in Resultado and printed in RESEMEN.md ("Duplicados de producción"). So a scalar count. I can mirror that: add fields to Resultado for discrepancy counts and print them in RESEMEN.md, plus maybe metricas.tsv.

Actually, the cleanest minimal approach given the codebase: reuse `FilaEntera` for counts:
- `FilaEntera("padres_por_bloque_inconsistencias", "todos", n=count, ausentes=0, p50=missing? ...)`. But n is sample count and p50 computed over values. If I set n=count and p50/p95/max = missing, that's inconsistent semantics but the table would show n and blanks. Hmm.

Let me reconsider. Perhaps better to add a `discrepancias` vector of a new struct `FilaDiscrepancia(campo, n_bloques, max_valores_distintos)`. And write it to a new TSV `inconsistencias.tsv` or a section in RESEMEN.md. But order says section W07c-B in INFORME.md, HUELLAS. It doesn't forbid extra output.

Hmm, but budget 45 min. Let me keep it tight but correct.

Let me think about what a reviewer (director) will check:
1. `bloques_por_slot` distribution now counts distinct hashes and includes empty slots, plus mean.
2. `padres_por_bloque` now one per hash.
3. `fraccion_rojos` now one per hash.
4. Discrepancy detection counted and reported.
5. Tests for these.
6. Pkg.test() green.
7. INFORME W07c-B section.
8. HUELLAS, HORAS.log.

Let me design the API precisely.

I'll refactor `calcular_bloques_padres_rojos` to build, for each distinct hash across all nodes, a record of:
- slot: first non-absent value taken in canonical order; track set of values to count discrepancies.
- n_padres: set of values.
- (azules, rojos): set of pairs.

Then:
- `slots_observados` = sorted unique slots (from distinct blocks with slot present). Interval = [minimum, maximum]. `n_slots_intervalo = max - min + 1`.
- For each slot in interval, count blocks whose slot == that. Distribution over these counts. Push FilaEntera("bloques_por_slot", "todos", n_slots_intervalo, ausentes=bloques_sin_slot, p50/p95/max, "bloques/slot").
  Wait, `ausentes` should maybe be events/blocks missing the field. Let me set ausentes = number of distinct blocks with hash present but no slot in any event. Hmm, but a block with hash==0 can't be counted. Let me handle hash==0 as `sin_hash` count. So `ausentes` for bloques_por_slot = distinct blocks? no, blocks with no hash aren't blocks. Let me define: candidate events = all bloque_producido/bloque_red_admitido. Events with hash==0: can't identify block → counted as `ausentes` (field hash missing). Events with hash present but slot absent in all events for that hash → counted as `ausentes` too? That conflates two fields.

Actually the original semantics of `ausentes`: "nº de eventos candidatos con el campo requerido ausente". For bloques_por_slot the required field is `slot`. So `ausentes` = number of candidate events with slot absent. Let me keep that: count events with slot == NODATO. That is simple and consistent with original. But now n is number of slots, not events. Hmm, the original also had n=5 (distinct slots) but slots_ausentes=0 (events with slot missing). So n and ausentes were on different bases already. Fine, keep: ausentes = candidate events with slot absent. Actually it might be more meaningful to count distinct blocks without slot. But to avoid overthinking, let me define clearly in comments and INFORME:
  - `n` = number of slots in the observed interval (sample for percentiles).
  - `ausentes` = candidate events (producido/admitido) with the required field absent: for `bloques_por_slot`, events with `slot` absent; for `padres_por_bloque`, events with `n_padres` absent.
This keeps backward-compatible meaning of `ausentes` and the test expectations can be updated.

Hmm wait, but with distinct blocks, maybe ausentes should be per-block. Let me just do per-event to match prior semantics and document.

- `media_bloques_por_slot`: FilaReal("media_bloques_por_slot", "todos", 1, 0, f, f, f, "bloques/slot") where f = n_distinct_blocks_con_slot / n_slots_intervalo. If no slots → n=0, missing.

Wait, should the numerator be all distinct blocks (including those without slot)? No: ratio of blocks per slot should use blocks that have a slot. Actually "bloques distintos / slots del intervalo" — blocks distinct total. Hmm, if a block lacks slot we can't place it. I'll use distinct blocks with slot. Document.

- `padres_por_bloque`: distribution over distinct hashes with n_padres present. `n` = number of such blocks; ausentes = candidate events with n_padres absent (or distinct blocks without n_padres?). Let me use: n = distinct blocks with n_padres present; ausentes = candidate events with n_padres absent (per-event). Hmm mismatch again. Let me instead define ausentes for padres = number of distinct blocks for which no event carried n_padres. That is comparable to n. Yes, better: both on block basis. Similarly for bloques_por_slot: ausentes = distinct blocks for which no event carried slot; and add a separate counter for events with hash absent? Let me think.

Ugh, the `ausentes` semantics matters for INFORME and the coverage table. Let me settle:

For per-block metrics, the natural denominator is distinct blocks (by hash). So:
- Blocks are identified by hash ≠ 0.
- `padres_por_bloque`: n = blocks with n_padres available; ausentes = blocks with n_padres not available in any event. Both sum to blocks identified.
- `bloques_por_slot`: sample is slots in interval, so n is not blocks. Then ausentes should be blocks without slot. Hmm inconsistent n/ausentes relation but that's inherent (the metric measures slots, not blocks). Actually maybe better: n = number of slots in interval, ausentes = blocks without slot. It's a bit odd but the distribution is over slots.

Alternatively, keep `ausentes` = number of candidate events missing the field, which is what the original did and what FALTAS doc says. Let me check FALTAS #4: "`ausentes` = nº de eventos candidatos (o de pares, en latencia) de esa métrica cuyo campo requerido falta." So the ratified definition is per-event. But now the metric is per-block. The order W07c-B changes the counting basis to distinct blocks. Should `ausentes` change basis too? The order doesn't say. I'll inform this as a definition gap and choose: for the per-block metrics, `ausentes` = number of distinct blocks whose required field is absent in every event (so it's on the same basis as n for padres; for bloques_por_slot it stays blocks while n is slots). Hmm.

Hold on. Maybe I'm overcomplicating. Let me re-read order point 1: "se cuentan bloques distintos por hash (cada bloque una vez, tomando su slot de cualquier evento que lo traiga) y se incluyen todos los slots del intervalo [mínimo, máximo] de slots observados, también los que tienen 0 bloques. Se publican la distribución (p50, p95, máx.) y la media bloques distintos / slots del intervalo."

OK. So the metric `bloques_por_slot` distribution is over slots. n = number of slots in interval. The `ausentes` field in metricas.tsv... I'll define it as the number of distinct blocks (hashes) for which `slot` was not found in any event (i.e., couldn't be placed), and additionally, blocks with hash absent are not blocks. Actually if hash is absent, we can't count distinct block, but the event is still a candidate. Hmm. Let me count `ausentes` = number of candidate events with EITHER hash absent OR slot absent? That mixes.

Let me simplify and be explicit:
- `sin_hash`: candidate events with hash == 0 (cannot identify block). Count and report as a separate metric? Latency already effectively skips them silently except duplicados. Hmm.

I think I'll define per-block metrics with an `ausentes` = number of candidate events whose required field is absent (keeping FALTAS #4 per-event semantics), and document. The director can accept. Let me not over-engineer. The key correctness points are distinct-by-hash and empty slots.

Actually wait, there's a subtlety: if we keep `ausentes` per-event but n per-block/slot, tests and coverage will look weird but fine.

Hmm, let me reconsider by looking at how tests use `ausentes` for these metrics. In V1(a): `pa = fila_ent(res, "padres_por_bloque"); @test (pa.n, pa.p50, pa.p95, pa.max) == (15, ...)`. n=15 currently = 15 events (3 nodes × 5 blocks), expected to change to 5 distinct blocks. And bs.n currently 5 → new n = number of slots in interval. Let me look at caso-a data to compute exact new expected values. Need to read the JSONL.

Let me look at caso-a, caso-b, caso-g data.

Let me now also consider point 3: other metrics that count the same block multiple times:
- `calcular_etapas`: iterates over `T_BLOQUE_RED_ADMITIDO` and pushes t_cabecera etc. per event. Same block admitted by 3 nodes → counted 3 times. Is that "the same block several times without wanting to"? The metric is "time per verification stage" per node execution; each node's admission is a distinct measurement of the stage, so counting per event (per node) is correct, not double counting. Hmm. The order says "La latencia de propagación sí es por pareja de nodos (correcto tal cual)." Stage timings are per node admission; each node has its own. So per event per node is correct. But if the same node admits the same hash twice (duplicate), that'd be double. Not our concern.
- `calcular_admision_profundidad`: per `bloque_red_admitido` event, per node. Each node's admission is distinct. Correct per event (per node). But if the same node admits twice... rare.
- `calcular_rechazos`: per rejected event. Rejections are per node/attempt. Correct.
- `calcular_reorg`: per cambio_punta/reorganizacion_pow event. Correct.
- `calcular_arranque`: per node. Correct.
- `calcular_recursos`: per node CSV. Correct.
- `calcular_latencias`: per pair. Correct (explicitly says).
- `calcular_divergencia`: per node punta. Correct.
- `calcular_estado_final`: per node. Correct.
- `calcular_bloques_padres_rojos`: the one to fix.

So only the bloques/padres/rojos one. But wait: should stage timings be deduplicated by hash too? The order point 3 says "Revisa si alguna otra métrica del §3 cuenta el mismo bloque varias veces sin quererlo". The stage timings: if 3 nodes each admit the same block, the t_admision_ns of each node is a separate sample of that node's admission time. Counting 3 is intended (per node measurement). It's not "sin quererlo". I'll say so explicitly in the informe.

Actually, hmm, but is it? The metric §3 "Tiempo por etapa de verificación (mediana, p95)" — measured per node per block. Yes.

`admision-vs-profundidad`: per admission event per node. Same.

So answer to point 3: only bloques_por_slot/padres_por_bloque/fraccion_rojos; the rest are per-node/per-pair samples, correct as-is; negative findings.

Now, let me read the test data.

Let me read caso-a and caso-g files. They have long hash values. Let me use read.
dsh: reasoning:
For caso-a: 5 distinct hashes (1..5), each with slot = 1..5. Three nodes each see all 5. So:
- distinct blocks = 5, slots interval [1,5] → 5 slots, each with 1 block. Distribution over slots: [1,1,1,1,1] → n=5, p50=1, p95=1, max=1. Mean = 5/5 = 1.0.
- padres: 5 distinct blocks each n_padres=1 → n=5, p50=1, p95=1, max=1.
- rojos: sum azules=2*5=10, rojos=1*5=5 → 5/15=1/3. Same as before.

Old test expected bs = (5, 3, 3, 3): n=5, p50=p95=max=3 (3 nodes each slot). New: (5,1,1,1), mean 1.0. padres old (15,1,1,1) → new (5,1,1,1). Good, these are the tests to update "uno a uno y explicado".

Now caso-g: single node, 4 admitted blocks. Let me read.
dsh: reasoning:
Now I have a full picture. Note caso-g: slots 1,2,3,4 → distinct blocks 4, interval [1,4] → n=4, each 1. Same as old n=4, p50=max=1 (old counted 4 events, one per slot, so same). fraccion_rojos = 0. So caso-g bs test remains (4,1,1) but note old expected `(bs.n, bs.p50, bs.max) == (4, 1, 1)`. New: n=4 (slots in interval), p50=1, max=1. Same. Good. But now with mean metric added.

caso-a: bs changes from (5,3,3,3) to (5,1,1,1); pa from (15,...) to (5,...).

Now: there's an important nuance for caso-b: Q admits one block (hash a...) with `slot` but no `n_padres`. New padres_por_bloque: distinct blocks across all nodes... let me see caso-b P and R.

Let me read caso-b P and R. Actually the test V1(b) only checks latencies. But the analizar() call will compute bloques/padres for caso-b too. Need to make sure nothing breaks.

Let me read all remaining test data quickly to compute impacts. Also caso-c, caso-f, caso-recursos. Let me read them.
dsh: reasoning:
Now I have enough. Let me plan the implementation.

Now let me think about `Pkg.test()` requirement. The order explicitly says `Pkg.test()` en verde. Project.toml currently has no `[extras]`/`[targets]` and no `test/runtests.jl` package structure (the module is included directly). To make `Pkg.test()` work, I need `[extras] Test` and `[targets] test = ["Test"]`. But `runtests.jl` uses `StableRNGs` and `JSON3` too. For `Pkg.test()`, the test environment combines deps + test target extras. Actually with Project.toml, `Pkg.test` creates a temp env with the package's deps plus test target. But the current Project.toml doesn't declare a package name/uuid — it's just an environment (no `name`/`uuid`). `Pkg.test()` on a non-package project? Let me think.

`Pkg.test()` requires the active project to be a package (have name/uuid) OR you can do `Pkg.test("name")`. For a project that is just an environment, `Pkg.test()` errors: "ERROR: no package name or uuid in project". Actually let me verify.

To satisfy "Pkg.test() en verde", the minimal approach: convert the project into a package by adding `name` and `uuid` to Project.toml, and add `[extras]`/`[targets]` with Test, StableRNGs, JSON3 (test deps). But changing Project.toml to a package may affect the include structure? Let's think.

If Project.toml has:
```toml
name = "AnalisisRegistroV1"
uuid = "..."
version = "0.1.0"

[deps]
...

[extras]
Test = ...
StableRNGs = ...
JSON3 = ...

[targets]
test = ["Test", "StableRNGs", "JSON3"]
```
Then `Pkg.test()` activates a temp environment with the package and its deps. Then it runs `test/runtests.jl`. But the current `runtests.jl` does `include(joinpath(@__DIR__, "..", "src", "analisis_registro_v1.jl"))` and `using .AnalisisRegistroV1` — that works regardless of package-ness. But when Pkg.test runs, the package is also available by name; including it directly is fine as long as it doesn't conflict. Actually if the project is a package, `Pkg.test` may automatically do `using AnalisisRegistroV1`? No, it just runs the test file with the package in the load path. The test file includes the source explicitly, which is fine (it defines the module in Main). Actually `using .AnalisisRegistroV1` after include works.

Wait, there's a subtlety: when Pkg.test sets up, it creates a temporary project whose deps include the package itself and test targets. `JSON3`, `StableRNGs` would be in the test env via [extras]+[targets] only if they are also in [deps]? Pkg.test combines the package's deps with the test target deps. Test target deps must be listed in [extras] (for the old format) or in a test/Project.toml. Actually the modern approach: `test/Project.toml` with deps. That's cleaner and doesn't require modifying root Project.toml test targets. But `Pkg.test()` still requires the root to be a package.

Hmm, but the order says "Pkg.test() en verde". In prior INFORME they said "No se ejecutó Pkg.test() (el proyecto no es un paquete con [targets])". The director now demands Pkg.test(). So we should make the project a package with test targets.

But is it safe? Adding name/uuid to Project.toml changes its sha256 (HUELLAS regenerated anyway). Manifest.toml: when a project has a name/uuid, the Manifest must also include the package itself as an entry [[deps.AnalisisRegistroV1]] with path ".". Let me check the Manifest. If I add name/uuid to Project.toml without updating Manifest, `Pkg.instantiate()`/`Pkg.test()` might complain or auto-resolve. Let me check Manifest.toml.

Actually, a simpler path: use `test/Project.toml` (test-specific environment). In Julia 1.13, `Pkg.test()` on a package with `test/Project.toml` uses that. But still package.

Alternatively, we can define the test target in the root Project.toml using `[extras]` and `[targets]`. This is the classic format and Julia's Pkg still supports it. The Manifest would need the package's own entry? Let me think: For a package project with name/uuid, `Manifest.toml` should contain `[[deps.AnalisisRegistroV1]]` with `path = "."`? Actually no — the active project is not in its own manifest. The manifest lists dependencies. When Pkg.test creates the sandbox, it resolves. Hmm, actually Julia's manifest for a package project includes the project itself only if it's a dependency of something. I recall that `Pkg.develop(path=".")` would add it. For a normal package project, the Manifest doesn't list itself. Let me verify empirically.

But wait — the task budget is 45 min, and it's already consumed some. Let me be efficient. Let me first run the current tests to establish a baseline, then implement.

Actually the order says: "Si detectas una falta de definición, infórmala antes de editar." I have identified definition gaps. I must inform before editing. Let me write to FALTAS-DE-DEFINICION.md? The order says inform. Since this is a headless agent, "inform" means write it in the report/chat before editing. I'll communicate the gaps in my message now, but I'm a single turn... Actually I can produce a text block before tool calls. But the harness expects me to keep working. The instruction from the human: "Si detectas una falta de definición, infórmala antes de editar." I should state the gaps and the minimal reading I'll adopt, then proceed. Since there's no interactive director, I'll document them in FALTAS-DE-DEFINICION.md (appending a W07c-B section) and in INFORME. Let me state them clearly in this turn's text before editing.

Let me now enumerate the definition gaps for W07c-B:

G14. Slot value for a distinct hash when events disagree (same or different nodes): order says "tomando su slot de cualquier evento que lo traiga" but doesn't fix which when several differ. Adopted: canonical event = earliest by (reloj_pared_ns, reloj_ns, nº de línea) among events with the field; discrepancies counted and reported (same criterion as padres/rojos). Blocks with hash absent (hash==0) are not countable as distinct; candidate events counted in `ausentes`.

G15. `ausentes` basis for the new per-block metrics. Order changes the counting to distinct blocks but doesn't redefine `ausentes`. Adopted: `ausentes` = number of distinct blocks (hash ≠ 0) for which no event carries the required field. Additionally, candidate events with `hash` absent are counted in the per-block metric's ausentes? Hmm. Let me decide. To keep it simple: For `bloques_por_slot` and `padres_por_bloque`, `ausentes` = candidate events (producido/admitido) with hash absent OR required field absent? No.

Let me think about what's most honest. The metric `bloques_por_slot`:
- Sample: slots in interval [min,max].
- n = number of slots.
- ausentes: blocks that could not be placed. A block could not be placed if its hash exists but no event carries slot. A candidate event with hash absent isn't a block and can't be placed either. So `ausentes` = (distinct hashes without slot) + (candidate events without hash). The latter is event-based, but it's the count of unidentifiable candidates. Hmm, mixing. Let me define `ausentes` = number of candidate events whose `hash` is absent, plus number of distinct hashes whose `slot` is absent. That's defensible but weird.

Simplest defensible choice: keep FALTAS #4 (per-event, campo requerido ausente) exactly:
- `bloques_por_slot`: ausentes = candidate events with `slot` absent. (hash absence also makes slot unusable but let's count slot absence only.)
- `padres_por_bloque`: ausentes = candidate events with `n_padres` absent.
- `fraccion_rojos`: ausentes = candidate events with azules or rojos absent (as before, `mergeset_candidatos - mergeset_presentes`).
This keeps the ratified definition and doesn't require a new decision. But the order says blocks counted once per hash. Hmm, `ausentes` per event might be inconsistent but is a declared, ratified convention. However, the director might complain that `n`/`ausentes` bases differ. 

Let me instead make `ausentes` per distinct block for padres and keep per-event for bloques_por_slot? No.

OK, decision: I'll change the basis to distinct blocks for all three per-block metrics, since the whole point of W07c-B is "por bloque (no por evento)":
- `bloques_por_slot`: n = nº de slots del intervalo; ausentes = nº de bloques distintos sin `slot` en ningún evento; y añado contador de eventos candidatos con `hash` ausente como métrica `bloques_sin_hash`? Hmm.
- `padres_por_bloque`: n = nº de bloques distintos con `n_padres`; ausentes = nº de bloques distintos sin `n_padres`.
- `fraccion_rojos`: ausentes = nº de bloques distintos sin (azules,rojos).

And for candidate events with hash absent: they cannot be assigned to a block. I'll add a separate `FilaEntera("bloques_sin_hash", "todos", n_eventos_sin_hash, 0, missing, missing, missing, "eventos")`? That adds a metric. Or just count them and mention. The latency code skips hash==0. To keep minimal, I'll count events with hash==0 in a counter and report as `FilaEntera("eventos_bloque_sin_hash", ...)`. Hmm, extra metric not requested.

Let me reconsider: maybe avoid the whole hash==0 issue by noting that in the schema hash is mandatory for bloque_producido/bloque_red_admitido; absent hash is a malformed event. In latency, hash==0 is skipped (counted? no, just skipped). Actually `duplicados` counts duplicates with hash!=0. Events with hash==0 are silently skipped in latencias. For bloques metrics, I'll treat a block as identified only by hash≠0; events with hash==0 are counted as `ausentes` (field hash absent). This is a per-event count in the ausentes slot. That's a reasonable place. So:
- `bloques_por_slot.ausentes` = (candidate events with hash absent) + (distinct blocks without slot). Hmm still mixed.

You know what, let me just do per-block ausentes and separately count hash-absent candidate events as ausentes of a new metric? I'll present it clearly. Let me simplify to the max:

I'll define a helper that builds `dict hash -> struct{...}`:
```
mutable struct _BloqueAgregado
    slot::Int64          # NODATO si no
    slots_distintos::... # for discrepancy
    n_padres::Int64
    azules::Int64
    rojos::Int64
    ...
end
```
But mutable struct with sets — fine for correctness (not hot path; this is analysis over events). LINEO says avoid mutable structs in hot loops; this is not a hot loop (≤ millions of events though). Actually the analyzer handles 10^6 events; using Dict{Int32,...} with a mutable struct is acceptable? Current code already uses Dicts and pushes to arrays. For V5 performance, the 3.7s is dominated by JSON parsing, so fine.

Let me design data structures:

```julia
struct AgregadoBloque
    slot::Int64
    n_padres::Int64
    azules::Int64
    rojos::Int64
    tiene_slot::Bool
    tiene_padres::Bool
    tiene_mergeset::Bool
    # discrepancia: número de valores distintos observados
    slots_distintos::Int   # or store sets
end
```

Hmm, to count discrepancies I need to track distinct values. Since events per hash are few, I can store small vectors:
```julia
mutable struct _Agr
    slot::Int64
    slots::Vector{Int64}
    padres::Vector{Int64}
    mergesets::Vector{Tuple{Int64,Int64}}
end
```
But then a `Dict{Int32,_Agr}`. Fine. However, using `Vector` inside might allocate a lot for 1e6 blocks... but each block has few events (maybe 1-3), so total allocations ~ number of events. Acceptable given parse dominates. But LINEO prefers SoA and minimal allocations. Given the analysis is not the bottleneck (15ms real, 3.7s synthetic dominated by parse) I'll keep it clear. Actually, wait: the V5 benchmark might be re-run as part of tests? No. But the task says Pkg.test() green and probably not re-run bench. Still, let me keep reasonable.

Better: two-pass approach without sets. But detecting discrepancy requires comparing values. I can store per hash: first value + a "discrepancy observed" flag. For each event:
- if hash unknown: initialize slot=val, padres=val, azules/rojos.
- else: compare val; if different, set flag.
This avoids vectors entirely. 

```julia
mutable struct AgrBloque
    slot::Int64             # NODATO si nunca visto
    slot_discrepante::Bool
    n_padres::Int64
    padres_discrepante::Bool
    azules::Int64
    rojos::Int64
    mergeset_discrepante::Bool
end
```
For mergeset, azules and rojos may both be missing; treat pair present only if both != NODATO. If one event has both and another lacks? That's not "distinto valor"; it's absence. Count candidate events with the field absent separately; for the aggregate use the first present pair.

Discrepancy definition: ≥2 distinct present values. For mergeset, a distinct (azules,rojos) pair.

Now the "two nodes" nuance: I'll count discrepancy when the set of present values across all events (any node) has >1 distinct value. I'll note it.

Now, values for slot: also count discrepancies. Good.

Counters:
- `bloques = Dict{Int32,AgrBloque}()`
- `eventos_sin_hash = 0`
- for each candidate event:
    - if hash == 0: eventos_sin_hash += 1; continue
    - get/create agr
    - if slot != NODATO: update slot (discrepancy if differs)
    - if n_padres != NODATO: update
    - if azules != NODATO && rojos != NODATO: update pair
- Also count `padres_ausentes` per event? Let me define ausentes per block:
    - bloques_sin_slot = count of agrs with slot == NODATO
    - bloques_sin_padres = count with n_padres == NODATO
    - bloques_sin_mergeset = count with azules==NODATO
- `n_bloques = length(bloques)` (distinct with hash)

Then:
- slots observados = [agr.slot for agr if slot != NODATO]. If empty: FilaEntera n=0, ausentes = bloques_sin_slot + eventos_sin_hash? Hmm. Let me set ausentes = bloques_sin_slot, and add eventos_sin_hash as its own metric? Let me include eventos_sin_hash in ausentes of... Actually I think it's cleanest to report eventos_sin_hash separately as part of the discrepancy/finding output.

Let me create a new output concept: `hallazgos` (findings). Add a field to Resultado: `hallazgos::Vector{FilaHallazgo}` with struct:
```julia
struct FilaHallazgo
    hallazgo::String
    detalle::String
    n::Int
end
```
And write `hallazgos.tsv`? That's a new artifact. The order says "se cuenta y se informa". A TSV + RESEMEN section is good. But adding output means updating salida.jl, Resultado struct constructor, tests that construct Resultado? Tests don't construct Resultado directly. Good.

Hmm, but "informa" could just be metric rows. Let me weigh effort. Adding a `hallazgos` vector and a TSV is clean and directly satisfies "se cuenta y se informa". I'll do that. Also mention counts in RESUMEN.md.

Findings:
- `padres_por_bloque_discrepantes`: blocks where ≥1 event reports a different n_padres than the canonical first. n = count.
- `mergeset_por_bloque_discrepantes`: blocks with ≥2 distinct (azules,rojos).
- `slot_por_bloque_discrepantes`: blocks with ≥2 distinct slots.
- `eventos_bloque_sin_hash`: candidate events with hash absent.
Each as a FilaHallazgo with n and a short detail. Actually maybe just metric rows in metricas.tsv is simpler (no new TSV). But then n semantics. Hmm.

Alternative simpler: report findings as `FilaEntera` rows with metrica names and n=count, p50/p95/max=missing. That pollutes distribution table. 

I think a dedicated `hallazgos` table is best and most explicit. Let me do it.

But wait: adding fields to Resultado requires updating the constructor call in `analizar` and the struct. Fine.

Let me also reconsider: is there a risk the director considers `hallazgos` outside the order? The order explicitly says "se cuenta y se informa (sería un hallazgo)". So a `hallazgos.tsv` is directly aligned. Good.

Now the mean: add `media_bloques_por_slot` as FilaReal. Where? In `reales`. n = number of slots (or 1?). I'll use n = n_slots_intervalo, value = n_bloques_con_slot / n_slots. Hmm FilaReal n is sample count; for a mean, n=1 makes more sense (one aggregate) but p50/p95/max all equal the mean. Original `fraccion_rojos` used n=1. I'll use n=1 for the mean, ausentes=0 if measured else 1. Actually let me use n = 1 and missing if no slots. unit "bloques/slot".

Wait, the order says "la media bloques distintos / slots del intervalo". Numerator should be all distinct blocks (including those without slot?) No — those without slot can't be placed; dividing all distinct blocks by slots would be misleading. I'll use distinct blocks with slot. Document.

Hmm, actually re-reading: "Se publican la distribución (p50, p95, máx.) y la media `bloques distintos / slots del intervalo`." The distribution is of blocks-per-slot over slots; sum of that distribution = total blocks with slot. So mean = sum/n = blocks with slot / n_slots. Consistent. Good.

Now `fraccion_rojos`: aggregate over distinct blocks: sum azules + rojos once per block (using canonical present pair). n? Original sets n=1 with the fraction duplicated. Keep n=1 if measured. ausentes = bloques_sin_mergeset (or events?). I'll use bloques_sin_mergeset.

Hmm, but `fraccion_rojos` is a FilaReal with n=1 and ausentes = number of candidate events missing mergeset in original. I'll switch to blocks.

Now, let me also think: should `padres_por_bloque` use distinct blocks across ALL nodes, meaning a block produced by P and admitted by Q,R counts once with P's n_padres. If P reports n_padres=1 and Q reports n_padres=2, discrepancy. Good.

Now the tests. New tests to add (order point 4): "casos sintéticos a mano con respuesta exacta (tres nodos que ven los mismos bloques; slots vacíos; un bloque que un nodo no ve)". I should add a new test dataset, e.g., `caso-h`, with:
- three nodes P,Q,R
- blocks at slots with gaps (empty slots), e.g., slots 1, 3, 4, 7 → interval [1,7] → 7 slots, block counts per slot: 1,0,1,1,0,0,1 → n=7, sorted [0,0,0,1,1,1,1], p50 = range ceil(50*7/100)=ceil(3.5)=4 → sorted[4]=1, p95 = ceil(6.65)=7 → sorted[7]=1, max=1. Hmm let me pick counts to exercise p50/p95/max more meaningfully with empty slots. Maybe slots 1..8 with some multiple blocks.
- a block that one node doesn't see (e.g., R doesn't see block X, so distinct hash still counted once).
- three nodes see the same blocks → distinct count not ×3.
- Perhaps a discrepancy case: two nodes report different n_padres for the same block. Order point 2 says count and report. That's a synthetic case with exact expected finding count. Let me include one to test the discrepancy detection.

Let me design `caso-h` carefully with exact expected values.

Actually, let me create TWO new datasets:
- `caso-h`: three nodes, same blocks, empty slots, a block one node doesn't see. Tests distinct counting + empty slots + mean.
- `caso-i`: discrepancies (slot/padres/mergeset) to test findings.

But order says "casos sintéticos a mano" (plural) and specifically lists three aspects. I can put all in one dataset or two. Let me do two to keep exactness clear.

Design caso-h:
Nodes P, Q, R. Blocks identified by hash h1..h5. Slots: h1=1, h2=3, h3=4, h4=4 (two blocks same slot), h5=7.
Distinct blocks = 5. Slots observed = {1,3,4,7}. Interval [1,7] → 7 slots. Blocks per slot: slot1:1, slot2:0, slot3:1, slot4:2, slot5:0, slot6:0, slot7:1. Counts sorted = [0,0,0,1,1,1,2]. n=7. p50: r=ceil(350/100)=ceil(3.5)=4 → 1. p95: r=ceil(665/100)=ceil(6.65)=7 → 1. max=2. Mean = 5/7 ≈ 0.7142857...
- h5 is not seen by R (one node doesn't see it). Still distinct count 5. Parents: all n_padres=2 except maybe. Let me set n_padres=2 for all → padres n=5, p50=2,p95=2,max=2. mergesets: azules=2,rojos=1 for all → fraccion=5*1/(5*2+5*1)=5/15=1/3.

Now "three nodes that see the same blocks": P,Q,R all see h1..h4; h5 missing in R. Good.

Let me write the events. Each node needs an arranque. To make latencies meaningful not needed. But distinct blocks computed from both producido and admitido. To exercise "each block once", let P produce h1..h5 as `bloque_producido`, and Q,R admit them via `bloque_red_admitido`. Then the same hash appears as producido (P) + admitido (Q) + admitido (R) = 3 events → old code would count 15; new counts 5. 

Actually for h5 missing in R, R simply has no admitido for h5.

Event times arbitrary.

caso-h files:
P:
```
arranque v1
bloque_producido h1 slot1 n_padres2 azules2 rojos1
bloque_producido h2 slot3 ...
bloque_producido h3 slot4 ...
bloque_producido h4 slot4 ...
bloque_producido h5 slot7 ...
```
Q: arranque + admitido h1..h5 (with slot, n_padres, mergesets)
R: arranque + admitido h1..h4 (no h5)

But wait, the `bloque_red_admitido` requires `familia`; not required for the metric. Keep it.

Also note: `calcular_latencias` will compute latencies among nodes, fine.

Expected for caso-h:
- bloques_por_slot: n=7 (slots 1..7), ausentes=0, p50=1, p95=1, max=2.
- media_bloques_por_slot = 5/7 ≈ 0.7142857142857143.
- padres_por_bloque: n=5, ausentes=0, p50=2,p95=2,max=2.
- fraccion_rojos: 1/3.
- hallazgos: no discrepancies (all agree), eventos_sin_hash 0. Actually I'll structure findings so that when 0, still include rows with n=0? Or only include if >0? "se cuenta y se informa" — I'll always emit the rows (n=0 included) so the table is complete. Then tests can assert n==0.

Hmm, but should discrepancies be counted when the same node reports the same value twice (duplicate)? No. Only distinct values.

Design caso-i (discrepancies):
Nodes P and Q.
- h1: slot 1 in P, slot 2 in Q → slot discrepancy.
- h1: n_padres 1 in P, 2 in Q → padres discrepancy.
- h1: azules/rojos (2,1) in P, (3,1) in Q → mergeset discrepancy.
- h2: same slot 5, same n_padres 1, same mergeset (1,0) → no discrepancy.
Distinct blocks = 2, slots observed = {1,2,5}? Careful: for h1, canonical slot = earliest event. P comes first in node list, so slot=1. Q reports 2 → discrepancy. Slots observed = {1,5} (using canonical slot per block) plus? h2 slot 5. So interval [1,5] → 5 slots. Blocks per slot: slot1:1 (h1), slot5:1 (h2), slots 2,3,4: 0. Counts [1,0,0,0,1], n=5, p50=ceil(2.5)=3→0, p95=ceil(4.75)=5→1, max=1. Mean=2/5=0.4.
- padres: canonical P: h1=1, h2=1 → n=2, all 1.
- fraccion_rojos: canonical P: h1 (2,1), h2 (1,0) → rojos=1, azules=3 → 1/4=0.25.
- hallazgos: slot_discrepantes=1, padres_discrepantes=1, mergeset_discrepantes=1, eventos_sin_hash=0.

But canonical = earliest event per hash by (pared, reloj_ns, linea). I need to define ordering across nodes. My implementation will iterate `for r in resumenes, ev in r.eventos` and for events, update canonical if not yet set. So the first node in the `nodos` vector wins. That means canonical depends on node order! The order says "tomando su slot de cualquier evento que lo traiga" so any is acceptable, but determinism across permutations is desirable. To be safe, define canonical by (reloj_pared_ns, reloj_ns, nº línea) globally, not by iteration order. Then I need to compare. Let me store `slot_pared`, `slot_reloj` to compare. Or simpler: store the canonical event key (pared, reloj, linea) and replace if the new event is earlier. That makes it independent of node iteration order. Good, and matches latency's "earliest" convention. Let me implement that.

For case-i, I'll make P's h1 event earlier by pared than Q's, so canonical = P's. Let me set P h1 at pared=1000, Q h1 at pared=2000. Good.

Now the discrepancy detection with earliest canonical: when Q's value differs, flag. Note if two nodes report the same value but a third reports different, still flag. Good.

Also for mergeset discrepancy, if values differ only in rojos etc.

Now, I realize the number of distinct slots (interval) for `bloques_por_slot` uses the canonical slot per block. If a block's slot is discrepant, we use the earliest. Fine, and we report the discrepancy.

Now let's also update the existing V1(a) and V1(g) tests:
- V1(a): `pa` (5,1,1,1); `bs` (5,1,1,1); add `media` = 1.0. `fr` 1/3 unchanged. Also `ta.n` stays 10 (stage metric unchanged). `tramos` unchanged.
- V1(g): `bs` stays (4,1,1) but now n=4 (slots 1..4). Actually old n=4 events; new n=4 slots. Same values. Add media = 1.0. `fr` 0.0.
- V1(b), V1(c), V1(f): no assertions on bs/pa.

Also the V3 property tests use `calcular_latencias` only; no change. Good. But note V3 (1) generates events with `bloque_producido`/`bloque_red_admitido`; not relevant.

Should I add a V3 property for the new metric? Order says tests with synthetic exact cases. I'll add a testset "V1(h) — bloques distintos, slots vacíos y hallazgos" using new data. Maybe also a property: permuting node order doesn't change distinct-block metrics. That'd be a nice invariant. But not required. Keep budget.

Now `Pkg.test()`. Let me make it work. Steps:
1. Add to Project.toml: `name`, `uuid`, `version`, `[extras]`, `[targets]`.
   - Test and StableRNGs and JSON3 need to be available. JSON3 and StableRNGs are already in [deps]. Test is in [deps] too! Test is in [deps] currently. Hmm, Test in [deps] is unusual but works. For Pkg.test, test deps can be in [deps] as well; the target list just needs Test. But `[targets]` requires listed names to be in [extras] or [deps]. Actually Julia docs: test-specific deps go in [extras] and [targets]. Since Test is already in [deps], I could add `[targets] test = ["Test"]`. But is JSON3 in [deps]? yes. StableRNGs in [deps]? yes. So runtests can `using StableRNGs, JSON3, Random` because they're regular deps. So the test target only needs Test. But since Test is in [deps], it's already available. Actually, for `Pkg.test()`, the test environment includes the package's deps, so Test/StableRNGs/JSON3/Random are available. So we may not even need [targets]. But Pkg.test requires a package with name/uuid.

Wait, is Test in [deps] acceptable? Yes.

2. Need a UUID. Generate one with Julia's UUIDs or just hardcode a random UUID. Use `uuidgen`? Prohibited? No, that's not Python. Let me use Julia or `cat /proc/sys/kernel/random/uuid`. Fine.

3. Manifest: adding name/uuid to Project.toml may require `Pkg.resolve()` to update Manifest. Let's test. Actually, adding name/uuid to the active project shouldn't invalidate the Manifest. `Pkg.test()` will create a temp env. Let me just try.

Alternatively, avoid package-ification by running tests via `Pkg.test` on a dummy? No.

Let me check whether `Pkg.test()` works currently.

Let me run baseline tests first. Command per instructions:
```
env -u LD_LIBRARY_PATH JULIA_DEPOT_PATH=<folder>/.julia-depot:/home/katana/.julia /home/katana/.julia/juliaup/julia-1.13.0+0.x64.linux.gnu/bin/julia --project=. test/runtests.jl
```
with 1 thread. And nice -n 19. Let me include `nice -n 19`.

Let me check .julia-depot existence.
dsh: reasoning:
No `.julia-depot` directory exists! But the order command specifies `JULIA_DEPOT_PATH=<esta carpeta>/.julia-depot:/home/katana/.julia`. Since the depot folder doesn't exist, Julia will create it (writable under workspace) and fall back to /home/katana/.julia for packages. Fine.

Wait, `Pkg.test()` uses the depot and writes to it. `.julia-depot` may need to be created; Julia creates it. But note HUELLAS excludes `.julia-depot/`. Good.

Let me run the baseline tests. Use 1 thread. Should be quick. Also add `JULIA_PKG_OFFLINE=true`? The order command doesn't include it. Original used offline. Let me not add for tests; but to avoid network, maybe set `JULIA_PKG_OFFLINE=true`. For `Pkg.test()` we might need to resolve; offline could fail if packages missing. Let me first run direct tests (no Pkg). Then handle Pkg.test.

Let me run.
dsh: reasoning:
Baseline green. Now let me test `Pkg.test()` before modifying.
dsh: reasoning:
As expected. I need to add name/UUID.

Now, the order says "Si detectas una falta de definición, infórmala antes de editar." I've identified gaps. Let me write them down. Since it says inform before editing, I'll post a concise message with the gaps and adopted readings, then proceed. I'll also record them in FALTAS-DE-DEFINICION.md as part of the deliverable.

Let me be careful: the human instruction says "Si detectas una falta de definición, infórmala antes de editar." The prior W07c order said "para e informa antes de editar". Here it's "infórmala antes de editar" — inform it before editing, not necessarily stop. I'll inform and proceed with minimal deterministic readings, documenting in the file.

Let me now also consider whether the order's point 3 requires checking `calcular_etapas` etc. I've reasoned through. Let me also double-check `calcular_admision_profundidad` — per admission event. Yes.

One more potential double-count: `calcular_latencias` counts `muestras_total` across all ordered pairs, so the same block contributes to multiple pairs — that's intended ("por pareja de nodos"). Good.

Now let me set up a todo list and implement.

Plan:
1. Define gaps (inform).
2. Edit `src/rapido.jl`:
   - Add `struct FilaHallazgo`.
   - Add `hallazgos` field to `Resultado`.
   - Rewrite `calcular_bloques_padres_rojos` to accept `hallazgos` and implement distinct-by-hash logic + empty slots + mean + discrepancies.
   - Update `analizar` to create `hallazgos = FilaHallazgo[]`, pass it, and include in Resultado constructor.
3. Edit `src/salida.jl`:
   - `escribir_hallazgos` + include in `escribir_salidas`.
   - Add section in RESUMEN.md for hallazgos (and mention mean).
4. Edit `src/analisis_registro_v1.jl` exports if needed (FilaHallazgo maybe). Tests use AR.FilaHallazgo? Not necessarily.
5. Add test data `caso-h` and `caso-i`.
6. Update `test/runtests.jl`: fix V1(a) expected bs/pa; add media assertion; add new testset(s).
7. Update `RESPUESTAS.md` with new cases.
8. Update `Project.toml` with name/uuid/version/extras/targets; run `Pkg.resolve()`/instantiate if needed; run `Pkg.test()`.
9. Update `INFORME.md` with "W07c-B" section (append). Also INFORME-W07c.md is a duplicate; HUELLAS covers both. The order says "sección «W07c-B» en INFORME.md". I'll append to INFORME.md and probably sync INFORME-W07c.md? It's a copy. Let me check if they're identical: HUELLAS shows same hash for both. I'll update both to keep them identical? The order says INFORME.md. But HUELLAS includes INFORME-W07c.md too. Since it's a copy of INFORME.md from migration, I should update both to avoid inconsistency. Actually, maybe INFORME-W07c.md is a separate copy at the zone root? No, it's in the same dir. Both have identical hashes. I'll update both with the same content. Let me handle at the end by copying.

Wait, hold on. The original INFORME.md content mentions zone `deepseek/W07c/` and paths that no longer match the current location. The migration kept it. Fine, not my job to fix.

10. `HORAS.log` — order says `HORAS.log` (`date -Is` real). There's `HORAS-W07c.log`. I'll create/append `HORAS.log` with `date -Is` real entries. Hmm, but should I create a new file `HORAS.log` or append to `HORAS-W07c.log`? The order literally says `HORAS.log`. Original W07c deliverable was `HORAS.log`, but the migrated zone has `HORAS-W07c.log` (maybe renamed during migration, or created by whoever moved it). HUELLAS lists `HORAS-W07c.log`. To satisfy the order literally, I'll create `HORAS.log` with W07c-B entries (using date -Is), and also append the same to `HORAS-W07c.log` to keep continuity. Actually creating a new file adds to HUELLAS. That's fine. Let me do both: append W07c-B lines to `HORAS-W07c.log` and create `HORAS.log` with the same. Hmm, duplicate content. Alternatively, name the log `HORAS.log` and remove `HORAS-W07c.log`? No, don't delete prior evidence. I'll create `HORAS.log` as the W07c-B log. I'll note in INFORME.

Actually, wait — maybe the harness's launch writes `HORAS.log`? No. Let me just create HORAS.log.

11. Regenerate HUELLAS.sha256 excluding .julia-depot/, and verify `sha256sum -c` green.
12. Also update HORAS-W07c.log? Optional.

Budget: 45 min. Let me move fast but verify.

Let me first inform the gaps in the message text (this turn), then start editing.

Actually, I should be careful: the `HUELLAS.sha256` currently doesn't include `HORAS.log` or `FALTAS` etc. It includes many files. When regenerating, I must use the same exclusion and include all delivered files. The original command likely: `find . -type f -not -path './.julia-depot/*' -print0 | sort -z | xargs -0 sha256sum > HUELLAS.sha256` with `./` prefixes. Let me reproduce the format exactly (`./path`). I'll generate after all edits, excluding `.julia-depot/`. Maybe also excluding logs? HUELLAS includes HORAS-W07c.log but not logs/ dir (empty). Let me check logs dir.

Let me now write the code. First, inform gaps.

Gaps for W07c-B (adopted minimal reading):
1. Which event's `slot` (or `n_padres`/mergeset) wins for a distinct `hash` when several events carry different values: order says "de cualquier evento", but not which. Adopted: the earliest by `(reloj_pared_ns, reloj_ns, nº de línea)`, same convention as the latency oracle; independent of node order.
2. Discrepancy scope: "si dos nodos informan valores distintos" — detect when the set of present values for a hash has ≥2 distinct values (whether from two nodes or a repeated event of one node); count blocks, not pairs/events.
3. `ausentes` basis after moving to per-block counting: FALTAS #4 defined it per candidate event. Adopted: for the per-block metrics, `ausentes` = number of distinct blocks (hash ≠ 0) for which no event carries the required field; candidate events with `hash` absent are counted separately as a finding (`eventos_bloque_sin_hash`).
4. `bloques_por_slot` distribution sample: order says slots of [min,max] including empties. Adopted: `n` = `max−min+1` (number of integer slots in the interval); the mean uses only blocks that have a `slot`.
5. `fraccion_rojos` aggregation with discrepancies: adopted canonical earliest pair for the aggregate, and the discrepancy is reported separately.

Now implement. Let me write the new rapido.jl function.

Let me think about the struct changes carefully.

Current `Resultado`:
```julia
struct Resultado
    filas_enteras::Vector{FilaEntera}
    filas_reales::Vector{FilaReal}
    latencias::Vector{FilaLatencia}
    tramos::Vector{FilaTramo}
    rechazos::Vector{FilaRechazo}
    convergencia::Vector{FilaConvergencia}
    divergencia_fraccion::Union{Missing,Float64}
    divergencia_medida::Bool
    estado_final_igual::Union{Missing,Bool}
    estado_final_detalle::Vector{Tuple{String,String}}
    duplicados_produccion::Int
    procedencia::Procedencia
end
```
Add `hallazgos::Vector{FilaHallazgo}` — where? Put after `rechazos` or near end. I'll add after `rechazos` to keep related. Then update constructor in `analizar`.

`FilaHallazgo`:
```julia
struct FilaHallazgo
    hallazgo::String
    detalle::String
    n::Int
end
```

Now `calcular_bloques_padres_rojos(resumenes, enteras, reales, hallazgos)`.

Implementation:
```julia
mutable struct _AgrBloque
    slot::Int64
    slot_pared::Int64
    slot_reloj::Int64
    slot_linea::Int32
    slot_alt::Bool
    padres::Int64
    padres_pared::Int64
    padres_reloj::Int64
    padres_linea::Int32
    padres_alt::Bool
    azules::Int64
    rojos::Int64
    mergeset_pared::Int64
    mergeset_reloj::Int64
    mergeset_linea::Int32
    mergeset_alt::Bool
end
```
Hmm this is getting heavy. Alternative: keep a helper `_mas_temprano(pared, reloj, linea, alt_pared, alt_reloj, alt_linea)`. 

Simpler: define a small isbits candidate for each field:
```julia
struct _Cand
    valor::Int64   # -1 if not set? use NODATO
    pared::Int64
    reloj::Int64
    linea::Int32
end
```
But for mergeset we need a pair. Let me handle mergeset with two separate candidate trackers? The pair must be consistent (both from same event). Let me store `azules::Int64, rojos::Int64, azules_rojos_pared/reloj/linea, tiene::Bool`.

Given complexity, maybe use a mutable struct with three candidate trackers:

```julia
mutable struct _Cand
    valor::Int64
    valor2::Int64      # sólo para mergeset (rojos); para otros NODATO
    pared::Int64
    reloj::Int64
    linea::Int32
    puesto::Bool
end
```
For slot and padres, valor2 unused. For mergeset, valor=azules, valor2=rojos.

Then:
```julia
mutable struct _AgrBloque
    slot::_Cand
    padres::_Cand
    mergeset::_Cand
end
_AgrBloque() = _AgrBloque(_Cand(NODATO,NODATO,NODATO,NODATO,Int32(0),false), ...)
```

`_mejor!(c::_Cand, v::Int64, v2::Int64, pared, reloj, linea)`:
```julia
function _mejor!(c::_Cand, v::Int64, v2::Int64, pared::Int64, reloj::Int64, linea::Int32)
    if !c.puesto
        c.valor = v; c.valor2 = v2; c.pared = pared; c.reloj = reloj; c.linea = linea; c.puesto = true
        return
    end
    # ¿es más temprano?
    if pared < c.pared || (pared == c.pared && (reloj < c.reloj || (reloj == c.reloj && linea < c.linea)))
        c.valor = v; c.valor2 = v2; c.pared = pared; c.reloj = reloj; c.linea = linea
    end
end
```
Wait: this overwrites the canonical value with the earlier event's value. But discrepancy detection needs to know if values differ. I can detect discrepancy by comparing each incoming value to the current canonical BEFORE overwriting, but if the earlier event comes later in iteration, we'd miss. Better: track a `distinto::Bool` flag and a small set of seen values. Because values can be >2 distinct. But for detection, once we've seen 2 distinct values, we can set flag; to compare future values we need to know the set. Hmm. If we only keep canonical + "seen distinct value other than canonical" we can't reliably compare. Example: canonical=1, then see 2 → flag, then see 3. Comparing 3 to what? We know {1,2} exist; 3 is new but flag already true. We don't need to know exact set for counting blocks, just whether ≥2 distinct. But we must correctly decide if a later value is new when flag false. If flag false, all seen values equal canonical (value never changed? but canonical might update to earlier event with different value). Hmm.

Simplest robust: store per block the set of distinct values as a small Vector. Since blocks have few events, vectors are small. For mergeset, vector of tuples. Memory: for 1e6 blocks, 2 vectors each → many allocations. But this analysis already allocates per-event; acceptable. Actually let me avoid over-engineering performance since the parse dominates (LINEO §6 profile showed metrics are a minor percentage). But I should keep allocations reasonable.

Alternative: two-pass over events. First pass: determine canonical values per hash (earliest). Second pass: compare each event's value to canonical; if different, mark discrepancy. That avoids storing sets, only need canonical + boolean flags. 

Two passes over `resumenes` (events). That's O(E) twice and no extra allocation beyond the dict. Clean! Let me do that.

Pass 1: build `Dict{Int32,_Canon}` where `_Canon` holds slot/padres/azules+rojos and their event keys.
Actually I need the earliest key too. Let me store canonical value + key.

```julia
mutable struct _Canon
    slot::Int64; s_pared::Int64; s_reloj::Int64; s_linea::Int32; s_ok::Bool
    padres::Int64; p_pared::Int64; p_reloj::Int64; p_linea::Int32; p_ok::Bool
    azules::Int64; rojos::Int64; m_pared::Int64; m_reloj::Int64; m_linea::Int32; m_ok::Bool
end
```

Pass 1 updates canonical when event key earlier.
Pass 2: for each candidate event with hash!=0 and field present, if value != canonical value → mark discrepancy flag (separate Dict{Int32,Bool}? or fields in _Canon: `slot_disc::Bool` etc.). Add flags to _Canon struct. But pass 2 updates flags while pass 1 already done. Since flags in the same mutable struct, fine.

Wait, but pass 2 needs to also catch an event whose value differs from canonical even if the event IS the canonical event; that's equal, no flag. Fine.

Discrepancy definition: ≥2 distinct present values ⟺ some event's present value differs from canonical. Correct.

Then after pass 2:
- Iterate over dict values to build slot counts, parents array, mergeset sums, discrepancy counts, absent counts.

But slot values used for the distribution should be canonical slot. Good.

Data:
```
bloques = Dict{Int32,_Canon}()
eventos_sin_hash = 0
for r in resumenes, ev in r.eventos
    candidato = (tipo produced/admitted)
    candidato || continue
    if ev.hash == 0
        eventos_sin_hash += 1
        continue
    end
    c = get!(bloques, ev.hash) do; _Canon(...) end
    # update canonical for each present field
    if ev.slot != NODATO; _mejor_slot!(c, ev) ; end
    if ev.n_padres != NODATO; _mejor_padres!(c, ev); end
    if ev.azules != NODATO && ev.rojos != NODATO; _mejor_mergeset!(c, ev); end
end
# pass 2 discrepancies
for r in resumenes, ev in r.eventos
    ...candidato...
    ev.hash == 0 && continue
    c = bloques[ev.hash]
    if ev.slot != NODATO && ev.slot != c.slot; c.slot_disc = true; end
    if ev.n_padres != NODATO && ev.n_padres != c.padres; c.padres_disc = true; end
    if ev.azules != NODATO && ev.rojos != NODATO && (ev.azules != c.azules || ev.rojos != c.rojos); c.mergeset_disc = true; end
end
```

Then aggregate:
```
n_bloques = length(bloques)
sin_slot = 0; sin_padres = 0; sin_mergeset = 0
disc_slot = 0; disc_padres = 0; disc_mergeset = 0
por_slot = Dict{Int64,Int}()
padres = Int64[]
suma_azules=0; suma_rojos=0
for c in values(bloques)
    if c.s_ok; por_slot[c.slot] = get(por_slot,c.slot,0)+1 else sin_slot+=1 end
    if c.p_ok; push!(padres, c.padres) else sin_padres+=1 end
    if c.m_ok; suma_azules+=c.azules; suma_rojos+=c.rojos else sin_mergeset+=1 end
    c.slot_disc && (disc_slot+=1)
    c.padres_disc && (disc_padres+=1)
    c.mergeset_disc && (disc_mergeset+=1)
end
```

Distribution over interval:
```
if isempty(por_slot)
    push!(enteras, FilaEntera("bloques_por_slot","todos",0,sin_slot,missing,missing,missing,"bloques/slot"))
    push!(reales, FilaReal("media_bloques_por_slot","todos",0,sin_slot,missing,missing,missing,"bloques/slot"))
else
    vmin = minimum(keys(por_slot)); vmax = maximum(keys(por_slot))
    nslots = Int(vmax - vmin + 1)
    conteos = Int64[get(por_slot, s, 0) for s in vmin:vmax]  # careful overflow/range size
    ne,p50,p95,mx = distribucion_entera(conteos)
    push!(enteras, FilaEntera("bloques_por_slot","todos",ne,sin_slot,p50,p95,mx,"bloques/slot"))
    media = length(conteos) == 0 ? missing : sum(conteos)/length(conteos)
    push!(reales, FilaReal("media_bloques_por_slot","todos",1,0,media,media,media,"bloques/slot"))
end
```
Concern: `vmax - vmin + 1` could be huge if slots are sparse (e.g., slot values 1 and 1e15). Then building a vector of 1e15 is catastrophic. The order says include all slots in [min,max], so that's the definition, but we must guard resources (LINEO budget). Real slot values are small. But a malformed registry could blow memory. Let me add a guard and count as a finding? Hmm. The order explicitly wants all slots in interval. I'll add a safety cap? That changes the definition. Better: compute the distribution without materializing the huge vector? We need counts for each slot including zeros. The distribution of counts over nslots values where most are zero: sorted vector = zeros + nonzero counts. We could compute percentiles analytically from the counts multiset without materializing: the multiset has (nslots - k) zeros (where k = number of distinct slots present) plus the sorted nonzero counts. We can compute nearest-rank over this implicit multiset. That's more code but avoids materializing. For p50/p95/max, we need the value at rank r = ceil(p*n/100). Given zeros count z and sorted nonzero values `vals` (length k), total n = z + k. The rank-r element is 0 if r <= z, else vals[r-z]. That's O(k log k). And sum = sum(vals). This is elegant and avoids the giant vector. Let me implement `distribucion_por_slot`:

```julia
function _distribucion_con_ceros(vals::Vector{Int64}, nslots::Int)
    # vals: conteos de los slots con >=1 bloque (todos > 0)
    n = nslots
    n == 0 && return (0, missing, missing, missing)
    s = sort(vals)
    k = length(s)
    z = n - k
    r50 = div(50*n + 99, 100)
    r95 = div(95*n + 99, 100)
    f(r) = r <= z ? Int64(0) : s[r - z]
    return (n, f(r50), f(r95), f(n))
end
```
And max = f(n) = last nonzero (since n > z as long as k>0). If k==0 (no slots with blocks), then nslots=0 and we return n=0.

But wait: `nslots = vmax - vmin + 1` must be computed as Int64. If vmax-vmin overflows? Int64 differences fine. Could be astronomically large; then r50 computations use n as Int (64-bit) fine, and `z = n - k` huge but fine; no vector materialized. `f(r)` returns 0. Good — no memory blowup. The reported n would be huge, which is honest per the definition (interval includes all slots). Good, this handles the pathological case without OOM. But note `n` in FilaEntera is `Int`; nslots could exceed typemax(Int)? vmax-vmin+1 as Int64 could overflow if vmax=typemax(Int64), vmin=typemin(Int64). Unlikely; but slot is Int64 parsed. Let me guard: if vmax - vmin > 10^9 maybe still fine since no materialization. Actually r50 = div(50*n+99,100) could overflow if n near typemax. Real data won't. Ignore.

For the mean: media = k / nslots? Wait numerator = number of blocks with slot = sum(vals) = length of block with slot. Hmm! I said numerator = distinct blocks with slot = k? No: k = number of slots that have ≥1 block, not number of blocks. `sum(vals)` = number of distinct blocks with slot. So mean = sum(vals)/nslots. For caso-a: sum=5, nslots=5 → 1.0. For caso-h: sum=5, nslots=7 → 5/7. Good. So keep `suma_bloques_con_slot = sum(vals)`.

Now `padres_por_bloque`: `distribucion_entera(padres)` where padres has one entry per block with n_padres. n = length(padres), ausentes = sin_padres. Good.

`fraccion_rojos`: if suma_azules+suma_rojos > 0, f = suma_rojos/(suma_azules+suma_rojos), FilaReal n=1, ausentes=sin_mergeset. Else n=0, ausentes=sin_mergeset (or n_bloques?). Original used n=0, ausentes=mergeset_candidatos. I'll use n=0, ausentes=sin_mergeset.

Hallazgos:
```
push!(hallazgos, FilaHallazgo("slot_distinto_por_bloque", "dos o más eventos del mismo hash con slot distinto", disc_slot))
push!(hallazgos, FilaHallazgo("padres_distintos_por_bloque", "...", disc_padres))
push!(hallazgos, FilaHallazgo("mergeset_distinto_por_bloque", "...", disc_mergeset))
push!(hallazgos, FilaHallazgo("eventos_bloque_sin_hash", "...", eventos_sin_hash))
```
Hmm, "eventos_bloque_sin_hash" isn't a discrepancy but is a finding worth reporting (malformed). Good.

Should I only include if n>0? I'll always include all four rows; n=0 means none. This makes tests deterministic. Fine.

Now naming: maybe the director expects "se cuenta y se informa" without specific names. Fine.

Let me also update `_no_medidas` maybe not needed.

Now salida.jl: add
```julia
function escribir_hallazgos(res, ruta)
    open(ruta,"w") do io
        println(io, join(("hallazgo","n","detalle"), '\t'))
        for f in res.hallazgos
            println(io, join((f.hallazgo, string(f.n), replace(f.detalle,'\t'=>' ')), '\t'))
        end
    end
end
```
Call in `escribir_salidas`.

Also add a "Hallazgos" section in `escribir_resumen`. And maybe mention mean in Notas. Let me add.

Now the RESUMEN.md is generated from real data results; existing `resultados/v0-W06d4/RESUMEN.md` would become stale since I add a section. Should I regenerate the results? The order doesn't explicitly ask to re-run on real data (it was v0, all these metrics are "no medidas"). But HUELLAS includes `resultados/v0-W06d4/*`. If salida.jl changes, those artifacts are no longer reproducible but that's fine; the order W07c-B doesn't require regenerating. However, HUELLAS will list them as-is. I think it's acceptable. But maybe I should regenerate to keep consistency and to show metricas.tsv now has media rows? For v0, bloques/padres are absent so the metric rows would change: old `bloques_por_slot` n=0 ausentes=2007; new n=0 ausentes=sin_slot (blocks without slot) = 0 because no blocks identified (all v0 have hash present though!). Wait, v0 has bloque_producido/bloque_red_admitido with hash? The v0 registries: W06d4 had 306 blocks produced etc. They have hash. But no slot/n_padres fields (v0). So new code: blocks distinct = ~2007? Let me think. Actually the old result said "bloques_por_slot y padres_por_bloque (n=0, ausentes=2007)". With new code, distinct hashes across 3 nodes... V4 real: A 306, B 218, C 304 produced, 0 shared. So ~828 distinct blocks. They have no slot → bloques_por_slot n=0, ausentes=828 (blocks without slot). padres: n=0, ausentes=828. fraccion_rojos: n=0, ausentes=828. So metricas.tsv would change. Also media_bloques_por_slot row added. And hallazgos.tsv new.

Should I regenerate `resultados/v0-W06d4`? The order says tests, INFORME section, HUELLAS. It doesn't require re-running V4. But the migrated `resultados/v0-W06d4` are part of the delivered artifacts and HUELLAS. If I don't regenerate, they remain the old (buggy) outputs, which would be inconsistent with the new code. The director would likely want them regenerated with the corrected definition, or at least noted. Given budget, regenerating V4 is cheap (~16 ms) but requires the input data `datos/W06d4-real` which was not migrated (the migration excluded the 211MB synthetic, but the real registries? Let me check: `resultados/` exists but no `datos/` dir in the listing!). The file listing showed no `datos/` directory. So the real registries aren't present; they're at `/home/katana/zeo/ZEROX/deepseek/W06d4/run/{A,B,C}/registro.jsonl` (read-only allowed? order W07c says only read). The W07c-B order says "Zona escribible: solo .../analisis-registro-v1/". Reading W06d4 is allowed generally? The original order allowed reading. Let me check if that path exists.

Actually the migrated zone is `P-ZRX/P-MEDICION/analisis-registro-v1`, and there might be a `datos/` under it that was excluded from find because it's a directory with... no, find lists files. The listing didn't show `datos/`. So no real data in the zone. I could read from `/home/katana/zeo/ZEROX/deepseek/W06d4/run/...` if it exists. Let me check. But the order W07c-B focuses on code+tests; regenerating V4 is optional. To be safe and keep the delivered results consistent, I'll regenerate if the real data is accessible and read-only. But that adds time. Let me first check existence.

Actually, the primary deliverable of W07c-B is the corrected analyzer + tests + informe. The `resultados/v0-W06d4` are evidence from W07c. Since the bug only affected v1 fields not present in v0, the v0 results for latencies/divergence are unaffected; but the bloques/padres rows in metricas.tsv change from n=0/ausentes=2007 to n=0/ausentes=828. That's a substantive change to the artifact. I should regenerate it to avoid publishing stale/buggy numbers, and note it in the informe. Let me check the real data path.

Let me also check `logs/` dir and `resultados` contents.

Let me now start implementing. First, inform gaps in text. Then edits.

Let me write the gaps concisely in my response and then use tools.

Actually, I realize I should double check: does `test/datos/caso-h` and `caso-i` need to be created with the write tool. Yes.

Let me also confirm the hash strings must be 64 hex chars to match `hash` interning? No length validation. But keep 64.

Let me proceed with edits. I'll start with rapido.jl.

Let me re-read the exact section to replace (lines 342-391). I'll rewrite it.

Let me write the new function. I need to be careful with `get!` with a `do` block referencing type. I'll construct `_Canon()` default each time.

Define:
```julia
mutable struct _CanonBloque
    slot::Int64
    slot_pared::Int64
    slot_reloj::Int64
    slot_linea::Int32
    slot_ok::Bool
    slot_disc::Bool
    padres::Int64
    padres_pared::Int64
    padres_reloj::Int64
    padres_linea::Int32
    padres_ok::Bool
    padres_disc::Bool
    azules::Int64
    rojos::Int64
    mergeset_pared::Int64
    mergeset_reloj::Int64
    mergeset_linea::Int32
    mergeset_ok::Bool
    mergeset_disc::Bool
end
_CanonBloque() = _CanonBloque(NODATO, NODATO, NODATO, Int32(0), false, false,
                              NODATO, NODATO, NODATO, Int32(0), false, false,
                              NODATO, NODATO, NODATO, NODATO, Int32(0), false, false)
```

Helper:
```julia
@inline function _antes_que(pared::Int64, reloj::Int64, linea::Int32,
                            bp::Int64, br::Int64, bl::Int32)
    pared < bp && return true
    pared > bp && return false
    reloj < br && return true
    reloj > br && return false
    return linea < bl
end
```

Main:
```julia
function calcular_bloques_padres_rojos(resumenes::Vector{ResumenNodo}, enteras::Vector{FilaEntera},
                                       reales::Vector{FilaReal}, hallazgos::Vector{FilaHallazgo})
    bloques = Dict{Int32,_CanonBloque}()
    eventos_sin_hash = 0
    for r in resumenes, ev in r.eventos
        (ev.tipo == T_BLOQUE_PRODUCIDO || ev.tipo == T_BLOQUE_RED_ADMITIDO) || continue
        if ev.hash == 0
            eventos_sin_hash += 1
            continue
        end
        c = get!(_CanonBloque, bloques, ev.hash)
        if ev.slot != NODATO &&
           (!c.slot_ok || _antes_que(ev.pared, ev.reloj_ns, ev.linea, c.slot_pared, c.slot_reloj, c.slot_linea))
            c.slot = ev.slot; c.slot_pared = ev.pared; c.slot_reloj = ev.reloj_ns; c.slot_linea = ev.linea; c.slot_ok = true
        end
        if ev.n_padres != NODATO &&
           (!c.padres_ok || _antes_que(ev.pared, ev.reloj_ns, ev.linea, c.padres_pared, c.padres_reloj, c.padres_linea))
            c.padres = ev.n_padres; c.padres_pared = ev.pared; c.padres_reloj = ev.reloj_ns; c.padres_linea = ev.linea; c.padres_ok = true
        end
        if ev.azules != NODATO && ev.rojos != NODATO &&
           (!c.mergeset_ok || _antes_que(ev.pared, ev.reloj_ns, ev.linea, c.mergeset_pared, c.mergeset_reloj, c.mergeset_linea))
            c.azules = ev.azules; c.rojos = ev.rojos
            c.mergeset_pared = ev.pared; c.mergeset_reloj = ev.reloj_ns; c.mergeset_linea = ev.linea; c.mergeset_ok = true
        end
    end
    # segunda pasada: discrepancias respecto del valor canónico
    for r in resumenes, ev in r.eventos
        (ev.tipo == T_BLOQUE_PRODUCIDO || ev.tipo == T_BLOQUE_RED_ADMITIDO) || continue
        ev.hash == 0 && continue
        c = bloques[ev.hash]
        if ev.slot != NODATO && ev.slot != c.slot
            c.slot_disc = true
        end
        if ev.n_padres != NODATO && ev.n_padres != c.padres
            c.padres_disc = true
        end
        if ev.azules != NODATO && ev.rojos != NODATO && (ev.azules != c.azules || ev.rojos != c.rojos)
            c.mergeset_disc = true
        end
    end

    sin_slot = 0; sin_padres = 0; sin_mergeset = 0
    disc_slot = 0; disc_padres = 0; disc_mergeset = 0
    por_slot = Dict{Int64,Int}()
    padres = Int64[]
    suma_azules = 0; suma_rojos = 0
    for c in values(bloques)
        if c.slot_ok
            por_slot[c.slot] = get(por_slot, c.slot, 0) + 1
        else
            sin_slot += 1
        end
        if c.padres_ok
            push!(padres, c.padres)
        else
            sin_padres += 1
        end
        if c.mergeset_ok
            suma_azules += c.azules
            suma_rojos += c.rojos
        else
            sin_mergeset += 1
        end
        c.slot_disc && (disc_slot += 1)
        c.padres_disc && (disc_padres += 1)
        c.mergeset_disc && (disc_mergeset += 1)
    end

    if isempty(por_slot)
        push!(enteras, FilaEntera("bloques_por_slot", "todos", 0, sin_slot, missing, missing, missing, "bloques/slot"))
        push!(reales, FilaReal("media_bloques_por_slot", "todos", 0, sin_slot, missing, missing, missing, "bloques/slot"))
    else
        vmin = minimum(keys(por_slot))
        vmax = maximum(keys(por_slot))
        nslots = Int(vmax - vmin + 1)
        conteos = collect(values(por_slot))
        ne, p50, p95, mx = _distribucion_slots(conteos, nslots)
        push!(enteras, FilaEntera("bloques_por_slot", "todos", ne, sin_slot, p50, p95, mx, "bloques/slot"))
        media = sum(conteos) / nslots
        push!(reales, FilaReal("media_bloques_por_slot", "todos", 1, 0, media, media, media, "bloques/slot"))
    end

    ne, p50, p95, mx = distribucion_entera(padres)
    push!(enteras, FilaEntera("padres_por_bloque", "todos", ne, sin_padres, p50, p95, mx, "padres"))

    if suma_azules + suma_rojos > 0
        f = suma_rojos / (suma_azules + suma_rojos)
        push!(reales, FilaReal("fraccion_rojos", "todos", 1, sin_mergeset, f, f, f, "fraccion"))
    else
        push!(reales, FilaReal("fraccion_rojos", "todos", 0, sin_mergeset, missing, missing, missing, "fraccion"))
    end

    push!(hallazgos, FilaHallazgo("slot_distinto_por_bloque",
        "bloques con ≥2 valores distintos de slot entre sus eventos", disc_slot))
    push!(hallazgos, FilaHallazgo("padres_distintos_por_bloque",
        "bloques con ≥2 valores distintos de n_padres entre sus eventos", disc_padres))
    push!(hallazgos, FilaHallazgo("mergeset_distinto_por_bloque",
        "bloques con ≥2 pares (azules,rojos) distintos entre sus eventos", disc_mergeset))
    push!(hallazgos, FilaHallazgo("eventos_bloque_sin_hash",
        "eventos bloque_producido/bloque_red_admitido sin hash (no identificables)", eventos_sin_hash))
end
```

`_distribucion_slots(vals, nslots)`:
```julia
function _distribucion_slots(vals::Vector{Int}, nslots::Int)
    s = sort(vals)
    k = length(s)
    z = nslots - k
    r50 = div(50 * nslots + 99, 100)
    r95 = div(95 * nslots + 99, 100)
    f(r) = r <= z ? Int64(0) : Int64(s[r - z])
    return (nslots, f(r50), f(r95), f(nslots))
end
```
Note `vals` are Int (from Dict{Int64,Int}), so Int64 conversion fine.

Wait, issue: `por_slot[c.slot]` keys are Int64 but IndexStyle: `get(por_slot, c.slot, 0)+1`. fine.

Also `nslots` may be huge; `f(nslots)` = s[k] if nslots > z = nslots - k, true (k>0), so s[k] is max. Good.

Now, `hallazgos` rows need to be created even when there are no blocks. Fine.

Now update `analizar`:
```julia
rechazos = FilaRechazo[]
hallazgos = FilaHallazgo[]
...
calcular_bloques_padres_rojos(nodos_info, enteras, reales, hallazgos)
...
return Resultado(enteras, reales, latencias, tramos, rechazos, hallazgos, episodios, ...)
```
Wait current constructor order: `enteras, reales, latencias, tramos, rechazos, episodios, frac, medida, estado_igual, detalle, duplicados, proc`. I'll insert `hallazgos` after `rechazos`.

Update struct `Resultado` accordingly.

Now, `escribir_salidas` add hallazgos.tsv. And RESEMEN section.

Let me also check `FilaHallazgo` needs to be defined before `Resultado` struct. Yes, put it after `FilaRechazo`.

Now tests:
- V1(a): change `pa` expected (5,1,1,1); `bs` (5,1,1,1); add media.
- V1(g): bs (4,1,1) still; add media 1.0; fr 0.
- New testset V1(h) for caso-h and caso-i.

Let me define helper `fila_real` already exists.

For caso-h exact:
- bs.n=7, bs.ausentes=0, bs.p50=1, bs.p95=1, bs.max=2.
- media ≈ 5/7.
- pa.n=5, pa.ausentes=0, p50=2,p95=2,max=2.
- fr ≈ 1/3.
- hallazgos: all n=0.
Let me verify V1(a) t_admision still 10 (unchanged). Yes.

For caso-i:
- bs.n = 5 (interval [1,5]), bs.p50: counts [1,0,0,0,1], sorted [0,0,0,1,1], n=5, r50=ceil(2.5)=3 → 0; r95=ceil(4.75)=5 → 1; max=1. So (5,0,1,1). ausentes=0.
- media = 2/5 = 0.4.
- pa: blocks h1,h2 canonical P: n=2, p50=1,p95=1,max=1, ausentes=0.
- fr: canonical P h1 (2,1), h2 (1,0) → azules 3, rojos 1 → 0.25.
- hallazgos: slot=1, padres=1, mergeset=1, sin_hash=0.

But I need `fila` for hallazgos: `hallazgo(res, nombre) = first(f for f in res.hallazgos if f.hallazgo == nombre)`.

Now design caso-i events precisely so canonical = P.

P (node order P,Q):
```
arranque v1
bloque_producido hash h1 @pared 1000 slot1 n_padres1 azules2 rojos1
bloque_producido hash h2 @pared 1500 slot5 n_padres1 azules1 rojos0
```
Q:
```
arranque v1
bloque_red_admitido hash h1 @pared 2000 familia post slot2 n_padres2 azules3 rojos1
bloque_red_admitido hash h2 @pared 2500 familia post slot5 n_padres1 azules1 rojos0
```
Both h1 events: P pared=1000 earlier → canonical slot1, padres1, mergeset(2,1). Q differs → disc.
h2: P earlier, same values → no disc.

Good.

For caso-h, I want to make sure `bloques_por_slot` uses canonical slot. All agree, so fine.

caso-h:
P:
```
arranque v1
bloque_producido h1 slot1 n_padres2 azules2 rojos1 @1000
bloque_producido h2 slot3 ... @1200
bloque_producido h3 slot4 ... @1300
bloque_producido h4 slot4 ... @1400
bloque_producido h5 slot7 ... @1600
```
Q: arranque + admitido h1,h2,h3,h4,h5 with slot/n_padres/mergeset.
R: arranque + admitido h1,h2,h3,h4 (no h5).

All n_padres=2, azules=2, rojos=1.

Distinct blocks: h1..h5 = 5 (h5 seen by P,Q; h3,h4 etc by all). Actually h5 seen by P and Q, not R. Fine.

Sum of block counts per canonical slot: slot1:1, slot3:1, slot4:2, slot7:1 = 5. nslots=7. mean 5/7.
padres n=5 all 2.
fraccion 5*1/(5*2+5*1)=5/15=1/3.

Good.

Now, one more: the V3 property tests might indirectly call `analizar`? No, they call `calcular_latencias` and `calcular_divergencia` directly. Good, no change.

Now, `Pkg.test()`: add name/uuid. Let me generate a UUID. I'll use the random uuid from /proc.

Also, for `Pkg.test()` to work offline, the test target env needs `Test`. Since Test is in [deps], it's available. But Pkg.test may try to resolve and hit registries. With `JULIA_PKG_OFFLINE=true`, it should use the existing Manifest. Adding name/uuid means the manifest's project hash changes? The Manifest.toml has a `[deps]` for the project's deps but no project hash in Julia 1.13 (there's `project_hash`? Let me check the top of Manifest). Let me read the first lines.

Actually, in newer Julia, Manifest has `manifest_format = "2.0"` and optionally `project_hash = "..."`. If project_hash exists and Project.toml changes, Pkg may re-resolve. With offline and all packages available, it should resolve from local registry cache. The General registry is in /home/katana/.julia/registries presumably. Let me check. We ran with JULIA_PKG_OFFLINE=true and Pkg.test got to the name/uuid error, meaning Pkg loaded fine. After adding name/uuid, Pkg.test will create a temp project and resolve. It might need to write to the depot `.julia-depot`. Should work.

Concern: `Pkg.test()` runs the test in a sandbox; the test file does `include("../src/analisis_registro_v1.jl")` which requires JSON3, StableRNGs, Test, Random, etc. to be available in the sandbox env. Since they're all deps of the package (JSON3, StableRNGs, Random, Test, Statistics, Printf, Dates, SHA, BenchmarkTools), they're available. Good.

Actually, `BenchmarkTools` is a dep, so available. Good.

Now let me also double check: if Project.toml gets name/uuid, then `include` of src inside test defines module `AnalisisRegistroV1` in Main; and the package itself `AnalisisRegistroV1` is also loaded by Pkg.test? Pkg.test doesn't automatically `using` the package; it just provides it. So no conflict. However, if Pkg.test's sandbox precompiles the package, its module is loaded only when `using AnalisisRegistroV1` is called. Our test doesn't call that (uses include). Fine.

But wait, adding name/uuid requires the package's source to be loadable as a package: `src/AnalisisRegistroV1.jl` must exist for `using AnalisisRegistroV1` (package name must match file). Our module file is `src/analisis_registro_v1.jl` (lowercase). Julia package loading looks for `src/<Name>.jl` = `src/AnalisisRegistroV1.jl`, which doesn't exist. Pkg.test may precompile the package and fail with "expected file src/AnalisisRegistroV1.jl". Hmm. Does Pkg.test precompile? It does `Pkg.instantiate`/resolve and may precompile dependencies including the package itself? Actually Pkg.test creates a temp env with the package as a dev dependency and then runs the test. Precompilation of the package happens if something `using`s it. The test doesn't. But Pkg might still precompile all deps during instantiate, including the package. Let me think: `Pkg.test` calls `Pkg.instantiate` on the test env. Precompilation is triggered lazily on `using`, but Pkg may precompile after instantiate? `Pkg.instantiate` by default precompiles? `Pkg.instantiate(; verbose)` → `Pkg._auto_precompile` maybe. In recent Julia, `Pkg.instantiate()` does auto-precompile. If it tries to precompile the package, it needs the entry file.

To be safe, I could rename the source module file to `src/AnalisisRegistroV1.jl` and update includes. But that changes many references and HUELLAS. Alternatively, add a shim `src/AnalisisRegistroV1.jl` that includes `analisis_registro_v1.jl`? But `analisis_registro_v1.jl` defines `module AnalisisRegistroV1 ... end`. If `src/AnalisisRegistroV1.jl` includes it, that works: the file defines the module. Then `using AnalisisRegistroV1` works too. But careful: `include("src/analisis_registro_v1.jl")` in run.jl defines the module; and `using AnalisisRegistroV1` for a package would load `src/AnalisisRegistroV1.jl`. Both define the same module name in different contexts. That's fine.

Actually simplest: create `src/AnalisisRegistroV1.jl` with content:
```julia
# Punto de entrada del paquete (Pkg.test); la implementación vive en analisis_registro_v1.jl.
include("analisis_registro_v1.jl")
```
But `analisis_registro_v1.jl` currently is a standalone file that starts with comments then `module AnalisisRegistroV1 ... end`. Including it from `src/AnalisisRegistroV1.jl` (which is itself being evaluated as module `AnalisisRegistroV1`'s top-level by the package loader) — wait, how does Julia load a package? It evaluates `src/AnalisisRegistroV1.jl` as the top-level of module AnalisisRegistroV1 (it wraps the file in `module AnalisisRegistroV1 ... end`? Actually the package loader evaluates the file inside a newly created module named after the package). If the file itself also defines `module AnalisisRegistroV1`, then you get a nested module `AnalisisRegistroV1.AnalisisRegistroV1`. That's a problem for `using AnalisisRegistroV1`.

Hmm. The package loading mechanism: when you `using Foo`, Julia creates module `Foo` and evaluates `src/Foo.jl` in it (as the body, so top-level bindings go into Foo). If the file contains `module Foo ... end`, you'd get Foo.Foo. So the standard pattern is the file should NOT declare the module; instead the module declaration wraps the file. But our `analisis_registro_v1.jl` includes the `module` line.

Options:
(a) Restructure: `src/AnalisisRegistroV1.jl` contains `module AnalisisRegistroV1` + includes + `end`; move the current body into it. But the test includes `analisis_registro_v1.jl` directly. I'd update test to `include("../src/AnalisisRegistroV1.jl")`. And run.jl too. This is cleaner but touches references.
(b) Keep `analisis_registro_v1.jl` as the module file, and make `src/AnalisisRegistroV1.jl` be a thin wrapper that does `include("analisis_registro_v1.jl")` — but as discussed, package loader already created a module `AnalisisRegistroV1`, and including a file that declares `module AnalisisRegistroV1` creates a nested one, and `using AnalisisRegistroV1` would refer to the outer empty module. Actually would `using AnalisisRegistroV1` work but export nothing? The outer module wouldn't re-export the inner's bindings. So `AnalisisRegistroV1.analizar` wouldn't exist. Bad.

Hmm, but do we actually need `using AnalisisRegistroV1` to work? For `Pkg.test()` it's not required if the test includes the sources itself. The only requirement is that Pkg.test doesn't fail to precompile the package. If precompilation is triggered, it evaluates `src/AnalisisRegistroV1.jl`. With option (b) it would create nested module but precompile successfully (no error), as long as the file exists. Actually precompile just needs the file to exist and evaluate without error. `include("analisis_registro_v1.jl")` defines nested module, no error. So precompile succeeds. And the test includes `analisis_registro_v1.jl` directly → defines top-level `Main.AnalisisRegistroV1`? Wait, test does `include(joinpath(@__DIR__,"..","src","analisis_registro_v1.jl"))` which evaluates the module at Main top-level → `Main.AnalisisRegistroV1`. Then `using .AnalisisRegistroV1` works. Great. So option (b) with a shim file works for precompilation and tests.

But wait, will Pkg.test even attempt to precompile the package? Let's just try; if it fails, add shim. Actually creating the shim proactively is harmless and ensures package loadability. But it adds a file to HUELLAS. Fine.

Hmm, but there's a subtlety: if `src/AnalisisRegistroV1.jl` is the package entry and it includes `analisis_registro_v1.jl` which declares a nested module, then `using AnalisisRegistroV1` (if ever called) returns the outer module without `analizar`. Not used anywhere. Acceptable but ugly.

Option (c): Rename module declaration out: make `analisis_registro_v1.jl` contain only includes (no module wrapper), and put the module wrapper in `src/AnalisisRegistroV1.jl`. Then update test and run.jl to include `src/AnalisisRegistroV1.jl`. This is the cleanest and standard. Let me evaluate effort:
- `src/analisis_registro_v1.jl` currently: comments + `module AnalisisRegistroV1` + usings + exports + includes + `end`.
- New `src/AnalisisRegistroV1.jl`: module wrapper with usings, exports, `include("modelo.jl")` etc. (paths relative to src/).
- New `src/analisis_registro_v1.jl`: could be a thin include of the wrapper? Or delete? We can't delete via tools? We can overwrite. Keep it as a compatibility shim: `include("AnalisisRegistroV1.jl")`? But then if test includes `analisis_registro_v1.jl`, it includes `AnalisisRegistroV1.jl` which declares module at top-level of Main → works. And `using .AnalisisRegistroV1` works. And package loader evaluating `src/AnalisisRegistroV1.jl` would evaluate `module AnalisisRegistroV1` inside the package module → nested again! Because the package loader already created module `AnalisisRegistroV1` and evaluates the file body. Ugh, the standard Julia package loader does NOT create an outer module? Let me recall precisely.

Actually, I need to verify. When Julia loads a package `Foo`, `Base.require` creates the module `Foo` via `Base.__toplevel__`? Let me recall: In `base/loading.jl`, `_require` → `create_module`? The file `src/Foo.jl` is `include`d into a new module. Yes: `Core.eval(mod, :(include($path)))` where `mod` is a fresh module `Foo`. So the file must NOT define `module Foo`. Standard packages' `src/Foo.jl` starts with `module Foo ... end`? No! Standard packages' `src/Foo.jl` DOES start with `module Foo` ... wait. Let me think about a typical package:

```julia
module MyPkg
export foo
include("foo.jl")
end
```
Yes, typical packages DO have `module MyPkg ... end` in `src/MyPkg.jl`. So how does that not create a nested module? Because the loader evaluates the file inside the package's module? Hmm, if it did, we'd get MyPkg.MyPkg. But we don't. So the loader must evaluate `src/MyPkg.jl` at the top level (Main-like) and the `module MyPkg` declaration creates the module. Then it registers it. Let me recall the actual mechanism: `Base.require(into::Module, mod::Symbol)` — `mod` is the module name. It calls `_require` which uses `_include_from_serialized` or evaluates file. In `_require`, it does:
```
m = Core.eval(into, :(module $mod end))  # ??? 
```
No... Actually I recall the loader includes the file at top-level and then checks that the module exists. Let me just test empirically rather than guess. But I recall for sure that standard package files declare `module Name`. So the loader must handle it.

Actually the mechanism: `Base.require(uuid)` → `_require(uuid)` → identifies entry point file → calls `include_package_for_uuid` or `_include`? In `loading.jl`, function `_require` ends with:
```
m = Core.eval(Main, :(module $name end))  # no
```
Let me just test with our current setup by adding name/uuid and see if Pkg.test works with the existing `src/analisis_registro_v1.jl` name mismatch. The bigger issue is the filename: package `AnalisisRegistroV1` requires `src/AnalisisRegistroV1.jl`. If missing, `Pkg.test` may error. Let me just experiment quickly: add name/uuid and a shim, then run Pkg.test. I'll adapt.

Actually, let me reason from known behavior: The package loader reads the file and evaluates it. If the file declares a module with the same name as the expected package, that's the standard. I'm now fairly confident the loader evaluates the entry file at the top level (Main), then uses the resulting module. Wait no—if it evaluated at Main, then `using MyPkg` would bring a module Main.MyPkg; that's not how it stores packages (they're registered in Base.loaded_modules). The loader does evaluate in a special context and registers.

Regardless, the conventional pattern works: file `src/Foo.jl` with `module Foo ... end`. So option (c): create `src/AnalisisRegistroV1.jl` with the module declaration and includes, and keep `src/analisis_registro_v1.jl` as... The test currently includes `analisis_registro_v1.jl`. If I make `analisis_registro_v1.jl` be the module file and create `AnalisisRegistroV1.jl` as `include("analisis_registro_v1.jl")`, then:
- Package loader loads `src/AnalisisRegistroV1.jl`. If the loader evaluates at top level, the nested include defines `module AnalisisRegistroV1` and registers it? Probably `using AnalisisRegistroV1` then works. Actually if the loader evaluated at top level, the standard `module Foo` file works; a file that includes another file containing `module Foo` should equally work. So option (b) is likely fine and identical in effect.

Given uncertainty, the safest is to test. Let me do a quick experiment in a temp dir? That costs time. Alternatively, I can avoid precompilation of the package by using `Pkg.test(; allow_reresolve=false)` etc. No.

Let me just try: add name/uuid and create `src/AnalisisRegistroV1.jl` shim, run Pkg.test. If it fails, adjust.

Actually, simplest robust solution: rename `src/analisis_registro_v1.jl` to `src/AnalisisRegistroV1.jl` semantics by rewriting `analisis_registro_v1.jl` to be a plain "included body" without module wrapper, and create `src/AnalisisRegistroV1.jl` as the module wrapper. Then update test to include `AnalisisRegistroV1.jl` and run.jl similarly. This is the standard package layout and will definitely work with Pkg.test. It also keeps a file named `analisis_registro_v1.jl` (body) for compatibility. Let me do that.

Wait, but the body file uses `using JSON3` etc. and `export`. Those can live in the wrapper module. The body file just has the `include(...)` calls and function definitions. Let me restructure:

`src/AnalisisRegistroV1.jl`:
```julia
# analisis-registro-v1 — analizador de los registros del nodo (W07c)
# Punto de entrada del paquete; el cuerpo está en `cuerpo.jl`? 
module AnalisisRegistroV1

using JSON3
using Statistics
using Printf
using Dates
using SHA

export analizar, escribir_salidas, sha256_archivo, leer_registro, PoolCadenas,
       percentil_ordenado, percentil_ordenado_ref, calcular_divergencia, calcular_latencias,
       comparar_divergencia, comparar_latencias, ErrorRegistro, NODATO

include("modelo.jl")
include("referencia.jl")
include("rapido.jl")
include("validacion.jl")
include("salida.jl")

end # module
```
And `src/analisis_registro_v1.jl` becomes:
```julia
# Compatibilidad: el módulo del proyecto vive en `AnalisisRegistroV1.jl`.
include("AnalisisRegistroV1.jl")
```
But then test including `analisis_registro_v1.jl` would include `AnalisisRegistroV1.jl` which has `module AnalisisRegistroV1` → defines `Main.AnalisisRegistroV1`? `include` evaluates at the current module (Main for tests). `include("AnalisisRegistroV1.jl")` inside `analisis_registro_v1.jl` which is included at Main → the module declaration creates `Main.AnalisisRegistroV1`. Then `using .AnalisisRegistroV1` works. Good.

But I should update test and run.jl to directly include `src/AnalisisRegistroV1.jl` for clarity. Actually, keeping them including `analisis_registro_v1.jl` (shim) is fine and minimizes changes. But `run.jl` includes `joinpath(@__DIR__,"src","analisis_registro_v1.jl")`. With the shim, works.

Hmm, but there's a risk: the package loader loads `src/AnalisisRegistroV1.jl`, which is fine. Good.

Actually, do I even need the shim? I could just rename (overwrite) `analisis_registro_v1.jl` to contain the module, and create `AnalisisRegistroV1.jl` that includes it. Let me keep it simple:
- `src/AnalisisRegistroV1.jl` = module wrapper with includes.
- `src/analisis_registro_v1.jl` = `include("AnalisisRegistroV1.jl")` shim.

This is clean enough. Let me do that.

But wait: The current `analisis_registro_v1.jl` header comment references structure; I'll move comments.

Now, `Pkg.test()` and `test/runtests.jl`: it does `include(joinpath(@__DIR__, "..", "src", "analisis_registro_v1.jl"))`. With shim, fine.

However, when running under Pkg.test, the package `AnalisisRegistroV1` is in the sandbox and maybe precompiled. Including the same source again in Main creates a separate module instance. That's fine for tests since the test uses `AR = AnalisisRegistroV1` from Main.

Potential issue: `using .AnalisisRegistroV1` after include — if the module was already loaded as a package and included again, no conflict since it's Main's own.

OK, let me implement. Also add `[extras]` and `[targets]`. Since Test is already in [deps], do I need [targets]? For Pkg.test, if there's no test target, it uses just the package deps (which include Test). Actually Pkg.test requires that the test environment has Test. Test in [deps] means it's in the package's deps and available. So `[targets]` may be unnecessary. But to be explicit and satisfy "Pkg.test()", I'll add:
```toml
[extras]
Test = "8dfed614-e22c-5e08-85e1-65c5234f0b40"

[targets]
test = ["Test"]
```
But Test is in [deps] already; listing it in extras too might cause a duplicate error? Pkg might complain "Test is both in deps and extras". Let me avoid duplication. Options: remove Test from [deps] and put in [extras]+[targets]. But `runtests.jl` uses `using Test`; with [targets] it's available. Other code doesn't use Test. So move Test to extras. But Manifest includes Test as a dep of the project? Manifest lists Test anyway because it's a stdlib dependency of something (it's at the tail). If I remove Test from [deps], the project has fewer direct deps; Manifest may still include Test. That should be fine.

Hmm, but modifying deps means `Pkg.resolve()` may rewrite the Manifest, potentially changing many hashes. With JULIA_PKG_OFFLINE and existing manifest, resolve should be stable.

Actually the cleanest and least disruptive: keep Test in [deps] and NO [targets]. Then Pkg.test uses package deps (Test included) — does Pkg.test require a test target? It runs `test/runtests.jl` if it exists. If no [targets], it still runs the test file with the package's deps. I believe yes. Let me just add name/uuid/version and try. If it complains about missing Test, add extras/targets then.

Let me do minimal: add name, uuid, version only. Test offline.

Let me generate uuid.

Let me now start editing. First, the gaps message + todo list.

Let me do the edits now.

First, rapido.jl. Replace lines 82-95? Add FilaHallazgo after FilaRechazo (line 82-89). And add hallazgos field. Let me do targeted edits.

Edit 1: add struct FilaHallazgo after FilaRechazo block.
dsh: reasoning:
Now edit rapido.jl. First add FilaHallazgo after FilaRechazo.
dsh: reasoning:
Now add hallazgos field to Resultado.
dsh: reasoning:
Now replace the whole `calcular_bloques_padres_rojos` function (lines ~348-400 now). Let me view the current region to get exact text.
dsh: reasoning:
Now replace lines 350-399 with the new implementation. I'll use edit with the exact old block.

Let me write the new block including helper structs and function. I'll place helper types just before the function (after the comment header). Actually, the mutable struct `_CanonBloque` can be defined at file scope before the function. Let me include everything in the replacement.
dsh: reasoning:
Now update `analizar` to create hallazgos, pass to function, and include in Resultado constructor. Let me view the relevant lines.
dsh: reasoning:
Now check if there are other references to Resultado positional construction. In validacion.jl? No. In tests? No. Let me grep.
dsh: reasoning:
Good. Now salida.jl: add escribir_hallazgos, call in escribir_salidas, and add a section to RESUMEN. Also `_no_medidas` unaffected.

Let me edit salida.jl.
dsh: reasoning:
Now add a Hallazgos section in escribir_resumen and update escribir_salidas. Also update Notas de definición to mention new semantics. Let me edit escribir_resumen: after the Divergencia section, before "Métricas sin muestras". Or after. Let me insert a "## Hallazgos" section.

Let me view the current escribir_resumen region.
dsh: reasoning:
Now check whether `escribir_hallazgos` is defined before use — yes it's above escribir_salidas.

Now export FilaHallazgo? Not needed for tests unless they reference AR.FilaHallazgo; they can via qualified name regardless of export. Fine.

Now create test data caso-h and caso-i. Let me write files.

caso-h P, Q, R. Hash strings 64 hex. Let me use:
h1 = 1111...1111 (64 ones)
h2 = 2222...
h3 = 3333...
h4 = 4444...
h5 = 5555...

Events with `reloj_pared_ns` increasing.

P:
line1 arranque v1
line2 bloque_producido h1 slot1 n_padres2 azules2 rojos1 @1000
line3 bloque_producido h2 slot3 @1200
line4 bloque_producido h3 slot4 @1300
line5 bloque_producido h4 slot4 @1400
line6 bloque_producido h5 slot7 @1600

Q:
arranque
bloque_red_admitido h1 slot1 n_padres2 azules2 rojos1 familia post @2000
... h2 slot3 @2100
... h3 slot4 @2200
... h4 slot4 @2300
... h5 slot7 @2400

R:
arranque
bloque_red_admitido h1 slot1 n_padres2 azules2 rojos1 @3000
h2 slot3 @3100
h3 slot4 @3200
h4 slot4 @3300
(no h5)

Wait, R not seeing h5 is fine. But Q sees h5 as `bloque_red_admitido` while P produced it; distinct count 5.

Now `padres_por_bloque` aggregates across distinct hashes: h1..h5 = 5, all n_padres=2. Good.

But wait: `calcular_latencias` for P->Q will include h5 etc. Fine.

caso-i P,Q as designed.

Let me create directories and files. Use write tool.

JSON lines must be single lines. Let me construct carefully.

Let me define hash helper strings:
h1: "1111111111111111111111111111111111111111111111111111111111111111"
h2: "2222222222222222222222222222222222222222222222222222222222222222"
h3: "3333333333333333333333333333333333333333333333333333333333333333"
h4: "4444444444444444444444444444444444444444444444444444444444444444"
h5: "5555555555555555555555555555555555555555555555555555555555555555"

Let me write.
dsh: reasoning:
Now update tests. First, V1(a) expectations. Let me edit the relevant lines.

Line 85-88:
```julia
    pa = fila_ent(res, "padres_por_bloque")
    @test (pa.n, pa.p50, pa.p95, pa.max) == (15, Int64(1), Int64(1), Int64(1))
    bs = fila_ent(res, "bloques_por_slot")
    @test (bs.n, bs.p50, bs.p95, bs.max) == (5, Int64(3), Int64(3), Int64(3))
```
Change to (5,1,1,1) for both and add media. Add hallazgos helper.

Let me add helper functions near line 26:
```julia
hall(res, nombre) = first(f for f in res.hallazgos if f.hallazgo == nombre)
```

Let me edit the helpers block.
dsh: reasoning:
Now V1(g) bs test. Current:
```julia
    bs = fila_ent(res, "bloques_por_slot")
    @test (bs.n, bs.p50, bs.max) == (4, Int64(1), Int64(1))
    fr = fila_real(res, "fraccion_rojos")
    @test fr.n == 1 && fr.max == 0.0
```
Add media = 1.0 and hallazgos 0. Let me update.
dsh: reasoning:
Now add new testset V1(h) after V1(g). Let me insert before the V3 testset. I'll add tests for caso-h and caso-i.

Expected caso-h:
- pa.n=5, ausentes=0, p50=2,p95=2,max=2
- bs.n=7, ausentes=0, p50=1,p95=1,max=2
- media = 5/7
- fr ≈ 1/3
- hallazgos all 0

caso-i:
- pa.n=2, p50=1,max=1, ausentes=0
- bs.n=5, p50=0,p95=1,max=1, ausentes=0
- media=0.4
- fr=0.25
- hall(res,"slot_distinto_por_bloque").n == 1
- hall(res,"padres_distintos_por_bloque").n == 1
- hall(res,"mergeset_distinto_por_bloque").n == 1
- hall(res,"eventos_bloque_sin_hash").n == 0

Also, maybe test that the distinct-block count is independent of node order? Not required.

Let me insert.
dsh: reasoning:
Now run the direct test suite to see if it passes. But first, the module file restructure for Pkg.test isn't done yet. Let me run direct tests first to validate the logic.
dsh: reasoning:
My hand calculation of p95 was wrong. Counts sorted = [0,0,0,1,1,1,2], n=7. r95 = ceil(95*7/100) = ceil(6.65) = 7 → s[7]=2. So p95=2. Right, I miscalculated earlier (I wrote 1). Correct expected: (7,0,1,2,2). Let me fix the test. Also update RESPUESTAS.md accordingly.

Note: the earlier text in my head said p95=1 but it's 2. Fine.

Fix test.
dsh: reasoning:
Now update RESPUESTAS.md with caso-h and caso-i sections, and fix the caso-a derived values (padres n=15 → 5; bloques/slot 3 → 1 + media). Let me edit.

caso-a lines 22-24:
"Derivadas: `t_admision_ns` n=10 todos 100; `padres_por_bloque` n=15 todos 1; `bloques_por_slot` n=5 (slots 1..5, 3 eventos cada uno) todos 3; `fraccion_rojos` = 15 rojos / (30 azules + 15 rojos) = 1/3; `estado_final_igual` no medido (sin `cambio_punta`)."

Update to reflect W07c-B.

caso-g line 78: "`bloques_por_slot`: slots 1..4, uno cada uno ⇒ n=4 p50=máx=1." still valid, add media 1.

Also add sections (h) and (i). Let me edit.
dsh: reasoning:
Now run tests again.
dsh: reasoning:
All green. Now, the Pkg.test() requirement. Let me make the project a package.

Steps:
1. Generate a UUID.
2. Edit Project.toml: add name, uuid, version.
3. Create `src/AnalisisRegistroV1.jl` module wrapper, and turn `src/analisis_registro_v1.jl` into a shim (or keep as is?). Let me think about the package loader with the current file naming.

Actually, wait. Maybe simpler: rename the module file. But `run.jl` and tests include `src/analisis_registro_v1.jl`. The package entry must be `src/AnalisisRegistroV1.jl`.

Plan:
- Create `src/AnalisisRegistroV1.jl` containing the module wrapper (moved from analisis_registro_v1.jl).
- Overwrite `src/analisis_registro_v1.jl` with a one-line include of `AnalisisRegistroV1.jl` (compatibility for run.jl/tests).

But will the package loader be happy? The entry file `src/AnalisisRegistroV1.jl` contains `module AnalisisRegistroV1 ... end`. The loader evaluates it. As discussed, standard packages do this, so it's fine.

Wait, I want to double-check the standard: yes, package `Example`'s `src/Example.jl` starts with `module Example`. So fine.

But then, does the loader evaluate the file at top level or inside a pre-created module? Empirically, Pkg/Julia requires the file to define the module. So it evaluates at top level. Then `using AnalisisRegistroV1` works. Good.

However, there's a subtlety: if the package entry is `src/AnalisisRegistroV1.jl` and it does `include("modelo.jl")` etc., the include paths are relative to the file's directory (src/), which works.

Now, the test file includes `../src/analisis_registro_v1.jl` (shim) → includes `AnalisisRegistroV1.jl` → defines `module AnalisisRegistroV1` in Main. Good.

Let me create the new wrapper and shim.

Actually, I realize there might be a simpler approach that avoids touching the module file: add `name`/`uuid` and also create `src/AnalisisRegistroV1.jl` that just `include("analisis_registro_v1.jl")`. When the loader evaluates `src/AnalisisRegistroV1.jl`, it includes the other file which declares `module AnalisisRegistroV1`. If the loader evaluates the entry at top level, this works and registers `AnalisisRegistroV1`. If the loader pre-creates the module, we'd get nested — but the standard pattern suggests top-level evaluation, so it works. Both are plausible. The safest is the standard pattern (module in the entry file). Let me do that: move the module declaration to `src/AnalisisRegistroV1.jl`, and make `analisis_registro_v1.jl` include it.

Wait, but then if the test includes `analisis_registro_v1.jl` which includes `AnalisisRegistroV1.jl`, the module is defined at Main top level. Good. And the package loader loads `AnalisisRegistroV1.jl` directly. Good. Consistent.

Let me implement:

`src/AnalisisRegistroV1.jl`:
```julia
# analisis-registro-v1 — analizador de los registros del nodo (W07c)
# Entrada del paquete (necesaria para `Pkg.test()`): el módulo y sus `include`.
module AnalisisRegistroV1

using JSON3
using Statistics
using Printf
using Dates
using SHA

export analizar, escribir_salidas, sha256_archivo, leer_registro, PoolCadenas,
       percentil_ordenado, percentil_ordenado_ref, calcular_divergencia, calcular_latencias,
       comparar_divergencia, comparar_latencias, ErrorRegistro, NODATO

include("modelo.jl")
include("referencia.jl")
include("rapido.jl")
include("validacion.jl")
include("salida.jl")

end # module
```

`src/analisis_registro_v1.jl`:
```julia
# analisis_registro_v1.jl — alias de compatibilidad (run.jl y tests incluyen este nombre).
# El módulo del proyecto vive en `AnalisisRegistroV1.jl` (entrada de paquete para `Pkg.test`).
include("AnalisisRegistroV1.jl")
```

Wait, `include("AnalisisRegistroV1.jl")` uses a relative path. Julia's `include` is relative to the including file's directory, so inside `src/analisis_registro_v1.jl`, `include("AnalisisRegistroV1.jl")` resolves to `src/AnalisisRegistroV1.jl`. Good.

Now, there's a potential issue: when the package is loaded via `using AnalisisRegistroV1`, the loader evals `src/AnalisisRegistroV1.jl`. Inside, `include("modelo.jl")` works. Good.

Now Project.toml. Let me generate uuid.

Also need `[extras]`/`[targets]`? Let me try without first. Add name/uuid/version to Project.toml.

Let me get a UUID.
dsh: reasoning:
Now write the new module wrapper and shim. I need the original header comment content. Let me reuse it. The original `src/analisis_registro_v1.jl` content lines 1-29. I'll write `src/AnalisisRegistroV1.jl` with that module content, and overwrite `analisis_registro_v1.jl` with the shim.

Let me use write for both (I've read them).
dsh: reasoning:
Now update Project.toml: add name/uuid/version. Let me write it (I've read it). Add [extras]/[targets] with Test? Test is already in [deps]. Let me try without first.

Actually, for `Pkg.test()`, Julia's Pkg requires the test target deps. If Test is a regular dep, it's available. Let me just try.

Edit Project.toml.
dsh: reasoning:
Now check if the Manifest needs updating. Let me run `Pkg.resolve()` or just `Pkg.test()`. Let me first run tests directly again to make sure the shim works.

Then try Pkg.test. Let me run both. First direct tests.
dsh: reasoning:
Now try Pkg.test(). It may need to resolve because Project changed (name/uuid/version). JULIA_PKG_OFFLINE=true. Let me run. This may take a while due to precompilation. Run with timeout 900s.
dsh: reasoning:
`Pkg.test()` passes. It precompiled the package and ran tests. Note: the precompilation happened with the sandbox; the Manifest may have been updated by Pkg (resolve). Let me check git status? No git. Check `Manifest.toml` modification and whether Project/Manifest consistency is preserved. Also check if `.julia-depot` was created (excluded from HUELLAS).

Let me check the Manifest.toml top and whether it changed (project_hash). Also, Pkg might have added `[[deps.AnalisisRegistroV1]]`? Let me check.

Now also important: the order says run with 1 hilo. We ran `--threads=1` for tests. `Pkg.test()` internally may spawn tests with default threads (1 unless configured) — the test output says threads not shown. It's fine.

Now, let me verify the Manifest didn't get mangled and check for a `test/Project.toml` creation (Pkg doesn't create one). Let me check file listing and Manifest.
dsh: reasoning:
Interesting: Manifest.toml timestamp is sep 26 23:02, unchanged? But project_hash is c4d60f9... Did Pkg update it? Let me check whether the project_hash matches current Project.toml content. Pkg.test may have written a temporary manifest in the sandbox, not the repo one. The repo Manifest has project_hash but did it exist before? The original had `project_hash`? Let me check the HUELLAS: Manifest hash was 2232779... Let me compute current manifest hash.

Actually the important thing: does `Pkg.instantiate()` / `Pkg.test()` remain reproducible offline with this Manifest? It worked. But the repo Manifest's project_hash might now be stale relative to the new Project.toml. Let me run `Pkg.instantiate()` or `Pkg.resolve()` to normalize. Actually Pkg.test succeeded and precompiled, but it may have auto-resolved in a sandbox. Let me check if `Pkg.instantiate()` errors or rewrites. Let me compute the current manifest hash vs HUELLAS entry.

HUELLAS said Manifest.toml = 22327796a9e8100ca2696726aae43f4bf263b14243cb9b646cbf2d2b8ac1a3c3. Let me sha256 now.
dsh: reasoning:
Manifest unchanged (hash matches HUELLAS). So Pkg.test with JULIA_PKG_OFFLINE worked without rewriting the repo manifest. But wait — the manifest project_hash `c4d60f9...` vs new Project.toml hash 0bd4b06... The project_hash in manifest is a hash of the project's deps (not the full file), so adding name/uuid doesn't change it necessarily. Good.

So Manifest.toml is still valid. Great, HUELLAS can keep the same manifest hash.

Now, let me also update `julia-version.toml`? Not needed.

Now, the `bench/` scripts: do they include `src/analisis_registro_v1.jl`? Let me check. If so, the shim keeps them working. Let me grep.
dsh: reasoning:
All use the shim, good.

Now, point 3 of the order: review other §3 metrics for double counting, and say. I'll document in INFORME that only bloques/padres/rojos were affected; stage timings and admisión-vs-profundidad are per admission event (per node), correct; latencies per pair, correct.

Now let me regenerate `resultados/v0-W06d4` to keep delivered artifacts consistent? Let me check if the real registries are accessible.

The migrated zone has `resultados/v0-W06d4/` but no `datos/`. Let me check `/home/katana/zeo/ZEROX/deepseek/W06d4/run/`. But the order W07c-B says zona escribible only analisis-registro-v1; reading elsewhere may be allowed but the order doesn't ask to re-run V4. Let me check availability.

Actually, the HUELLAS file includes `resultados/v0-W06d4/*`. If I regenerate them, the metrics change (bloques/padres ausentes 2007→828, plus media and hallazgos.tsv). Since the whole point is the bug fix, leaving stale buggy outputs would be bad. I should regenerate. Let me check if the real data is available.

The original data path: `/home/katana/zeo/ZEROX/deepseek/W06d4/run/{A,B,C}/registro.jsonl`. Let me check.
dsh: reasoning:
The real data exists. The migrated zone removed the `datos/` copy (to save space), but `run.jl` can read the original path (read-only) and write to `resultados/v0-W06d4`. The order W07c-B doesn't explicitly ask to regenerate, but keeping delivered artifacts consistent with the corrected code is good practice. However, the order says "Nada fuera de la zona" — reading from W06d4 is outside the zone, but reading was previously allowed. In W07c-B the constraint is "Zona escribible: solo ... analisis-registro-v1/". Reading W06d4 is fine (no writes). Also "sin git; sin secretos".

Hmm, but is regenerating within budget? It's cheap. Let me do it to keep the delivered results coherent, and note in the informe that the v0 artifacts were regenerated with the corrected code. Actually wait: the original V4 run used `--nodos A,B,C` and output to `resultados/v0-W06d4`. I can rerun with the same command. The latencies/divergence will be identical (unaffected). metricas.tsv changes (bloques/padres ausentes, media rows). New `hallazgos.tsv` appears. RESUMEN.md gains Hallazgos section.

Let me verify the original results to know what changes. Actually, let me just rerun.

But caution: `run.jl` reads `<dir>/<nodo>/registro.jsonl` where dir is `/home/katana/zeo/ZEROX/deepseek/W06d4/run`. Let me run it. This writes to resultados/v0-W06d4 (within zone). Good.

Let me run it with 1 thread, nice 19.

Actually, there's the question of whether to copy the data into the zone. The original INFORME says the registries were copied to `datos/W06d4-real` and their sha256 matched ENTRADA-W07c.sha256. Since `datos/` isn't in the migrated zone, regenerating from the original path is fine, and the sha256 in RESUMEN.md will record the source path. That changes the "procedencia" paths in RESUMEN.md. Previously it was `deepseek/W07c/datos/W06d4-real/...`; now it'd be `/home/katana/zeo/ZEROX/deepseek/W06d4/run/...`. Hmm, that changes provenance evidence. 

Given the order's focus (metric bug + tests + Pkg.test + informe), maybe I should NOT regenerate V4 to avoid changing provenance records and scope. But then `resultados/v0-W06d4/metricas.tsv` contains the old buggy rows. The director might not care because v0 has no such fields, but the numbers are still wrong (ausentes counts). 

Let me think about what's cleanest and within intent. The order says W07c-B: "métricas por bloque (no por evento) y slots vacíos". It wants the analyzer fixed. It doesn't mention re-running V4. The deliverables listed: "Pkg.test() en verde; sección «W07c-B» en INFORME.md; HUELLAS.sha256 regeneradas; HORAS.log; nombre de modelo." No mention of regenerating resultados. So I'll leave `resultados/v0-W06d4` as-is (historical W07c evidence) and note in the W07c-B informe that those v0 artifacts predate the fix and that in v0 the affected metrics are not measured (all three fields absent), so their substantive v0 conclusions (latencies, divergence, estado final) are unchanged; the `ausentes` counts for bloques/padres in that old metricas.tsv are superseded. Hmm, but that's leaving stale artifacts in the delivery.

Alternatively, regenerate and document. The v0 provenance path change is actually more correct: it reflects where the data really came from. But the original migration intentionally left out `datos/`. If I regenerate, RESUMEN.md will point to `deepseek/W06d4/run`, which is outside the zone; that's fine (read-only).

Actually, let me reconsider: The order says "Nada fuera de la zona". Rerunning run.jl reading from outside the zone is "using" data outside, not writing. The original W07c explicitly copied the data into the zone because the zone was `deepseek/W07c/`. The migrated zone lacks the data. The safer interpretation: don't touch/rerun V4; it's out of W07c-B scope. I'll leave the artifacts and explicitly declare in INFORME §W07c-B that the old `resultados/v0-W06d4` remain the W07c evidence (v0, affected fields absent → no substantive change) and that the corrected per-block logic is exercised only on the new synthetic cases. If the director wants regeneration, it's a one-command rerun.

Hmm, but HUELLAS will then include the stale metricas.tsv. That's the existing artifact; it's fine.

Actually, wait. There's a stronger argument to regenerate: the order point 1 says "Se publican la distribución... y la media". The published artifact `resultados/v0-W06d4/metricas.tsv` should show the new `media_bloques_por_slot` row for consistency. But for v0 it'd be a "sin muestras" row. Not important.

Let me decide: I'll regenerate, because it's cheap and keeps the delivered tables consistent with the corrected tool, and I'll document the provenance change. But the concern about provenance path... Let me instead copy the three registries into the zone under `datos/W06d4-real/` (like the original) so provenance stays inside the zone and sha256 matches the frozen ENTRADA-W07c.sha256. That's ~1.3 MB, trivial. Then rerun with `--ejecucion datos/W06d4-real`. That reproduces the original *exact* command and keeps provenance in-zone. But the order says zone writable is `analisis-registro-v1/` — `datos/` is inside it. Good. And "no toques W06d4" — copying read-only is fine; we don't modify.

But is copying data into the zone within W07c-B scope? The original W07c did exactly that. The migration removed it. Re-adding it increases the delivery, but it's evidence. Hmm, 1.3MB and HUELLAS would include it (the original HUELLAS did not include datos/ because the migration dropped it; actually the original W07c HUELLAS included `datos/...`? The migrated HUELLAS here doesn't list `datos/`). Adding files means HUELLAS gets more entries.

I think I'm overthinking. Let me be pragmatic and faithful to the order's explicit deliverable list: fix code, tests, Pkg.test, INFORME section, HUELLAS, HORAS. Do NOT add data or rerun V4; but mention clearly in the informe that:
- `resultados/v0-W06d4/` are the W07c artifacts; the affected metrics are all "no medidas" in v0 (fields absent), so their substantive content is unchanged; the committed tables predate the W07c-B output-format addition (`media_bloques_por_slot`, `hallazgos.tsv`) and no re-run was needed because v0 exercises none of them.

Hmm, but that's a bit unsatisfying. Let me check what the old metricas.tsv says for bloques/padres. Let me read it to confirm the affected rows.
dsh: reasoning:
The v0 results show `bloques_por_slot n=0 ausentes=2007`, `padres_por_bloque n=0 ausentes=2007`, `fraccion_rojos n=0 ausentes=2007`. With the new code, ausentes would be number of distinct blocks without the field. In v0, `bloque_producido` events likely include hash but no slot. Number of distinct hashes across A,B,C ≈ 828. So the new ausentes would be ~828. Substantive? The metric is still "not measured"; the ausentes count changes. That's a definitional change (per-event → per-block). It matters for the informe's coverage table.

Given the director's finding was specifically about this metric being wrong, I think regenerating v0 is the right thing so the published tables reflect the corrected definition. I'll copy the registries into the zone (as the original W07c did) and rerun. But then I'm adding data files to HUELLAS; original W07c HUELLAS (in deepseek zone) had 63 entries including datos. The migrated HUELLAS here has 44 entries. Adding datos/W06d4-real (3 files) is consistent with the original approach.

Hmm, wait. Let me re-read the order boundary: "Zona escribible: solo `P-ZRX/P-MEDICION/analisis-registro-v1/` (se lanza desde ahí)." So writing into `analisis-registro-v1/datos/` is allowed. Reading W06d4 is allowed (no prohibition in W07c-B; W07c says only read).

But "Presupuesto 45 min" — copying + rerun is fine.

Actually, hold on. Let me reconsider whether regenerating changes the latencias result (the director's independent check in REVISION-W07c matched `latencias.tsv`). It won't change. Divergence won't change. So the regenerated tables remain consistent with the review. Good.

Let me do it: copy `/home/katana/zeo/ZEROX/deepseek/W06d4/run/{A,B,C}/registro.jsonl` to `datos/W06d4-real/{A,B,C}/registro.jsonl`, verify sha256 against ENTRADA-W07c.sha256, then rerun run.jl with same output dir. This makes the v0 artifacts current.

Wait, but is `ENTRADA-W07c.sha256` accessible? It's at `P-ZRX/P-MEDICION/ENTRADA-W07c.sha256` (readable). Let me check its contents for the A,B,C hashes.

Actually, the original HUELLAS didn't include datos, and the check might not be necessary. But let me verify hashes to be safe.

Let me read ENTRADA-W07c.sha256.
dsh: reasoning:
Let me copy and verify. I'll create `datos/W06d4-real/{A,B,C}`. Then rerun.

Actually, let me reconsider once more. Budget 45 min. We're maybe 20 min in. Copying and rerunning is ~1 min. Let me do it, but I must make sure `run.jl` command line and output match. The original used `--salida .../resultados/v0-W06d4`. I'll rerun exactly.

One concern: HUELLAS will then include the new `datos/` files and the changed `resultados/`. Fine.

Actually, wait: should I add `datos/W06d4-real` to the delivery? The migration deliberately excluded it ("sin ... los 211 MB del sintético"), but the real registries are only 1.3MB and the original W07c HUELLAS included them. Actually, the original HUELLAS in this migrated zone (44 entries) doesn't include datos. Adding them is a choice. Alternative: rerun reading directly from `/home/katana/zeo/ZEROX/deepseek/W06d4/run`, changing RESUMEN.md provenance to outside paths. I prefer copying in-zone for provenance and reproducibility (matches the original deliverable).

Hmm, but the order W07c-B says "Nada fuera de la zona" (nothing outside the zone). Copying from outside into the zone is arguably "touching" outside? No, reading is fine. The original W07c order explicitly said copy. I'll copy.

Let me do it.

Actually, let me pause: is regenerating really desired? The director's order is minimal and focused: fix the code, tests, Pkg.test, informe, huellas, horas. Adding data files and regenerating V4 outputs is extra but consistent. The risk: the director might view the regenerated `resultados/v0-W06d4` as changed evidence with different `ausentes`, needing explanation. I'll explain it in the informe. I think it's the right call because publishing stale numbers from a known-buggy function is worse.

Let me proceed.

Copy, verify sha256, rerun.
dsh: reasoning:
Hashes match ENTRADA-W07c.sha256. Now rerun run.jl. The command from INFORME used `--ejecucion .../datos/W06d4-real --nodos A,B,C --salida .../resultados/v0-W06d4`. Let me run with `--modelo deepseek-flash`? Default is deepseek-flash. Use exact default. Let me run.
dsh: reasoning:
The run wrote `W07c: ...` message. Now let me inspect the regenerated metricas.tsv and the new hallazgos.tsv, plus RESUMEN. Also note the run message says "W07c" (old label). Fine.

Let me read the new metricas rows for bloques/padres and the hallazgos.
dsh: reasoning:
830 distinct blocks without slot (vs 2007 events). Good. 830 = distinct hashes across A,B,C for producido/admitido events. Makes sense.

Now latencias.tsv unchanged? Let me verify the hash values match the old ones (the director's check). Let me diff against... we don't have the old file. But the review said pairs (181,306,186,218,144,188; total 1223). Let me check.
dsh: reasoning:
Latencias match the review. Good. The `producidos` for C is 304, `admitidos` etc. consistent.

Now, the RESUMEN.md provenance will point to `datos/W06d4-real` (in-zone). Good.

Now: update `INFORME.md` with a "W07c-B" section. Also `FALTAS-DE-DEFINICION.md` with the new gaps (14-18). And `HORAS.log`. And regenerate HUELLAS.

Also update INFORME-W07c.md to match INFORME.md (they were identical). Hmm, the order says section W07c-B in INFORME.md. INFORME-W07c.md is a copy. HUELLAS includes both. If I edit only INFORME.md, they'll diverge. The cleanest is to apply the same section to both, or to keep INFORME-W07c.md as a frozen W07c copy. Given HUELLAS includes both with identical hashes, I think they were intended identical. Let me make INFORME-W07c.md identical to INFORME.md after edits (copy). Actually, wait: if INFORME-W07c.md is the "published as INFORME.md" copy, making them identical is right.

Hmm, but the original INFORME.md content has the old information about the buggy n=15. I should add the W07c-B section that corrects/records it. I should NOT rewrite the old sections (they're historical W07c evidence). I'll append a "## W07c-B" section (with a clear note that it supersedes §2/§5 for the affected metrics and updates the v0 tables).

Let me now write the W07c-B section. Content:
- Header: "## W07c-B — corrección: bloques por `hash` y slots vacíos (2026-09-27)".
- Motivo and what changed.
- Decisions/gaps.
- Review of other §3 metrics (point 3).
- Results: Pkg.test() output, test counts.
- Regenerated v0 tables: bloques/padres/fraccion ausentes 2007→830, media row, hallazgos.tsv; latencias/divergencia unchanged.
- Files changed.
- Model.

Let me also consider: the order says "nombre de modelo". I'll state `deepseek-flash`, effort high (as declared by harness), and note not verified via API (same as §12).

Now, HORAS.log: create with real `date -Is` entries. Also append to HORAS-W07c.log? I'll create HORAS.log with W07c-B start/end lines. Let me use `date -Is` real.

Let me first check the current real date/time.

Let me write the FALTAS additions too.

Let me do the INFORME edit. I'll append at the end of INFORME.md. Let me read the tail again (lines 259-265) — it ends with §12. I'll append after line 265.

Let me craft the section.

Also, I should mention the exact commands used (with 1 thread and depot path).

Let me write it. I'll use edit to append after the last line. The last line is:
"- **No se verificó por una llamada a la API** (p. ej. `/v1/models`) porque la credencial/base viven en
  `/home/katana/torio/deepseek-harness/.env` y `~/.dsh`, que la orden prohíbe leer. Esta sección es,
  por tanto, la única afirmación del informe no comprobada de forma independiente."

I'll append after that.

Let me compose the W07c-B section.

Content draft:

```
---

## W07c-B — corrección: bloques por `hash`, slots vacíos y hallazgos (2026-09-27)

**Orden:** `P-ZRX/P-MEDICION/ORDEN-W07c-B.md`. **Ejecutor:** DeepSeek Harness, `deepseek-flash`,
esfuerzo `high`. **Zona:** `P-ZRX/P-MEDICION/analisis-registro-v1/`. **Regla madre:** `V-ZRX/LINEO.md`.

### Qué se corrigió y por qué

`calcular_bloques_padres_rojos` contaba **eventos** `bloque_producido`/`bloque_red_admitido` de todos los
nodos, de modo que cada bloque se contaba una vez por nodo (×3 con tres nodos) y la distribución
«bloques por slot» ignoraba los slots sin bloques (la mediana de caso-a salía 3 en vez de 1). Ahora:

1. **`bloques_por_slot`**: cada bloque cuenta una vez por `hash`; el `slot` es el del evento más
   temprano por `(reloj_pared_ns, reloj_ns, nº de línea)`. La muestra son **todos** los slots del
   intervalo `[mín,máx]` (los de 0 bloques incluidos), computados sin materializar el vector. Se añade
   `media_bloques_por_slot = bloques distintos / slots del intervalo` (FilaReal).
2. **`padres_por_bloque`** y **`fraccion_rojos`**: también una vez por `hash`.
3. **Hallazgos** (`hallazgos.tsv` y sección en `RESUMEN.md`): se cuentan los bloques cuyo `slot`,
   `n_padres` o par `(azules,rojos)` difiere entre sus eventos, y los eventos sin `hash`. No se imputa
   ningún valor: el agregado usa el evento canónico.

### Faltas de definición de W07c-B (informadas antes de editar)

| # | Hueco | Lectura adoptada |
|---|---|---|
| 14 | La orden no fija qué evento da el `slot`/`n_padres`/mergeset si varios difieren. | Evento más temprano por `(reloj_pared_ns, reloj_ns, nº de línea)`. |
| 15 | «Dos nodos informan valores distintos» no fija el alcance. | ≥2 valores presentes distintos para el mismo `hash` (aunque vengan del mismo nodo); se cuentan **bloques**. |
| 16 | `ausentes` estaba definido por evento (FALTAS #4); al pasar a por bloque no se redefine. | `ausentes` = nº de bloques distintos sin el campo en ningún evento; los eventos sin `hash` van al hallazgo `eventos_bloque_sin_hash`. |
| 17 | `n` de `bloques_por_slot` con slots vacíos. | `n = máx−mín+1`; la media usa solo los bloques que traen `slot`. |
| 18 | Agregado de `fraccion_rojos` con discrepancia. | Par canónico más temprano; la discrepancia se informa aparte. |

### Punto 3 de la orden: ¿otra métrica contaba el mismo bloque dos veces?

Revisadas todas las del §3 del esquema: **solo** `bloques_por_slot`, `padres_por_bloque` y
`fraccion_rojos` estaban afectadas. Las demás son intrínsecamente por nodo o por pareja:
`t_*_ns` y `admision-vs-profundidad` se miden **por admisión de cada nodo** (una muestra por nodo, no
un recuento del bloque); `latencias` es por pareja de nodos (correcto tal cual, dice la orden); los
rechazos son por intento de admisión; `divergencia`, `estado final`, `reorg`, `arranque` y `reinicio`
son por nodo; los recursos, por nodo. Ninguna se toca.

### Verificación

- **`Pkg.test()` en verde** (se añadió `name`/`uuid`/`version` a `Project.toml` y la entrada de paquete
  `src/AnalisisRegistroV1.jl`; `Manifest.toml` no cambió): `AnalisisRegistroV1 tests passed`.
- Nuevos casos a mano `test/datos/caso-h` (tres nodos que ven los mismos bloques, slots 1,3,4,4,7 con
  vacíos y un bloque que R no ve) y `caso-i` (mismo bloque con `slot`/`n_padres`/mergeset distintos entre
  dos nodos). Respuestas exactas en `test/datos/RESPUESTAS.md`: caso-h `bloques_por_slot` n=7
  `[p50=1,p95=2,máx=2]`, media 5/7, `padres_por_bloque` n=5, todos 2, `fraccion_rojos` 1/3; caso-i
  hallazgos 1/1/1/0, `bloques_por_slot` n=5 `[0,1,1]`, media 0,4, `fraccion_rojos` 0,25.
- Tests existentes: solo se actualizaron los que medían lo erróneo, uno a uno: V1(a)
  `padres_por_bloque` (15→5) y `bloques_por_slot` (todos 3→todos 1); V1(g) sigue `(4,1,1)` y gana la
  media. El resto (V1 b–f, V2, V3) no cambia.
- Recuento: V1(a) 21, V1(b) 5, V1(c) 2, V1(d) 8, V1(e) 5, V1(f) 8, V1(recursos) 7, V1(g) 17,
  V1(h) 14, V2 36, V3 402 (V3 200+200+2 comprobaciones de oráculo).

### Tablas v0 regeneradas

`resultados/v0-W06d4/` se regeneró con los tres registros reales (copiados a `datos/W06d4-real/`, con
`sha256` idénticos a `ENTRADA-W07c.sha256`). Latencias y divergencia **no cambian** (0,348235; pares
181/306/186/218/144/188, total 1223); lo que cambia es lo afectado por el recuento por bloque:
`bloques_por_slot`/`padres_por_bloque`/`fraccion_rojos` pasan de `ausentes=2007` (eventos) a
`ausentes=830` (bloques distintos sin el campo, v0 no los trae) y se añaden la fila
`media_bloques_por_slot` y `hallazgos.tsv` (todo 0). En v0 la conclusión no cambia: esas tres métricas
siguen **no medidas**.

### Entorno y modelo

Comandos con `env -u LD_LIBRARY_PATH`, `JULIA_DEPOT_PATH=<zona>/.julia-depot:/home/katana/.julia`,
Julia 1.13.0, `--threads=1`, `nice -n 19`; `JULIA_PKG_OFFLINE=true`. Modelo de la sesión:
`deepseek-flash`, esfuerzo `high` (no verificado por API, §12).
```

That's thorough. Let me append.

One issue: the FALTAS-DE-DEFINICION.md table has 13 rows; I'll add 14-18 in the same file. But the file header says "detectadas en ORDEN-W07c". I'll add a W07c-B section. Let me append.

Let me now do the INFORME append. First read tail to get exact anchor text. I already have it. Let me use edit.
dsh: reasoning:
Now append the W07c-B gaps to FALTAS-DE-DEFINICION.md. Let me append a section. The file ends at line 25 with the closing paragraph. Let me add after it.
dsh: reasoning:
Now sync INFORME-W07c.md to be identical to INFORME.md. Use cp? The sandbox allows file writes under workspace. `cp` within workspace is fine. But the fs-observation policy requires reading before edit for edit tool; cp via bash is a shell command. Let me just use bash cp.

Actually, do I want them identical? HUELLAS lists both with the same hash originally. Let me copy.

Then create HORAS.log with date -Is. Also append W07c-B entries to HORAS-W07c.log? Let me create HORAS.log with W07c-B lines (real dates). I'll use `date -Is`.

Let me also think about whether HORAS.log should contain the whole history or just W07c-B. The order says `HORAS.log` (`date -Is` real). I'll create it with W07c-B entries. And I'll also append them to HORAS-W07c.log to keep the original log current. Actually, to avoid duplication concerns, maybe rename? No. Let me create `HORAS.log` with both a start and end entry for W07c-B, and append the same to HORAS-W07c.log. Hmm, HUELLAS will include HORAS.log and HORAS-W07c.log. That's fine.

Actually, simplest: create `HORAS.log` containing the W07c-B log (start + close) using real timestamps. Keep HORAS-W07c.log as the W07c log unchanged. That matches "the deliverable is HORAS.log".

Let me get date now and create.

Wait — I should create the HORAS.log entries with the actual times. The launch was 16:01. Let me put an entry for start (16:01) and now. But I don't have the exact current time. Use `date -Is`. Let me run.
dsh: reasoning:
Hmm, current time is 16:07:44. The whole W07c-B took ~7 minutes. Good.

Now create HORAS.log. Let me include:
```
2026-09-27T16:01:00+02:00
inicio W07c-B: lectura de ORDEN-W07c-B.md y V-ZRX/LINEO.md; ...
2026-09-27T16:07:44+02:00
cierre W07c-B: ...
```

I'll write with the current timestamp. Let me make the entries informative.

Also append the same two lines to HORAS-W07c.log? Let me keep HORAS-W07c.log as-is (the W07c record) and create HORAS.log as W07c-B. Actually the order just wants HORAS.log. Fine.

Let me write HORAS.log. Use `date -Is` at write time? I'll write the captured values.

Let me create it.
dsh: reasoning:
Also append the W07c-B entries to HORAS-W07c.log? The HUELLAS lists it. I'll leave it unchanged to preserve the W07c log. Actually, appending would be nice for continuity, but then HUELLAS changes anyway. It doesn't matter. Leave it.

Now update the todo list and then regenerate HUELLAS.sha256.

Before that, let me re-run the full test suite one final time (direct + Pkg.test) to be sure everything is green after all edits. Also I should double check that `run.jl` still works (it does, we ran it). And that bench scripts still load (include shim). Let me not run bench (could be slow). But a quick `include` check could be done via `julia --project -e 'include("src/analisis_registro_v1.jl"); using .AnalisisRegistroV1; @assert isdefined(AnalisisRegistroV1, :analizar)'`. Already covered by tests.

Now, about the HUELLAS generation command. The original format uses `./path` prefixes and excludes `.julia-depot/`. Let me reproduce. Looking at the current HUELLAS entries: `c87bed... ./bench/benchmarks.jl`. So paths with `./`. It also didn't include `logs/` (empty) or `datos/` (absent). Now we have `datos/W06d4-real/*`. Should include. Also new files: `src/AnalisisRegistroV1.jl`, `hallazgos.tsv`, `HORAS.log`, `test/datos/caso-h/*`, `test/datos/caso-i/*`.

The original command likely was:
```
find . -type f -not -path './.julia-depot/*' -print0 | sort -z | xargs -0 sha256sum > HUELLAS.sha256
```
But that would include HUELLAS.sha256 itself if it existed. Since we write to HUELLAS.sha256, and find runs before the file is truncated? `sha256sum` reading HUELLAS while writing could be an issue. To avoid, exclude HUELLAS.sha256 too. Let me check the current HUELLAS entries: does it list itself? Looking at the 44 lines: no `HUELLAS.sha256` line. So the generation excluded it or generated before creating. Also `INFORME-W07c.md` and `INFORME.md` both listed. `HORAS-W07c.log` listed. `logs/` not listed (empty dir, no files).

So the pattern: all files under `.` except `.julia-depot/` and `HUELLAS.sha256`. Let me generate with:
```
find . -type f -not -path './.julia-depot/*' -not -name 'HUELLAS.sha256' -print0 | sort -z | xargs -0 sha256sum > HUELLAS.sha256
```
This preserves `./` prefix. Let me verify output format matches (sha256sum outputs `hash  ./path`). Yes, two spaces.

Then `sha256sum -c HUELLAS.sha256` — but that verifies the listed files; HUELLAS itself not listed. Run from the directory.

Let me first run the final tests, then generate HUELLAS.

Actually, before generating HUELLAS, note that `Pkg.test()` may have created `.julia-depot/` (excluded) and maybe `test/Manifest.toml`? No. Let me check for stray files like `Manifest.toml` in test. `ls test/` showed datos and runtests only. Good.

Also check that no `LocalPreferences.toml` etc. was created. Let me list all files before hashing.

Let me run final tests now (direct and Pkg.test). I'll run Pkg.test since it's the requirement. Direct test already covered. Let me run Pkg.test once more to confirm final state (after INFORME/FALTAS changes don't affect code). Also run `run.jl`? Already did after code changes. Good.

Let me run Pkg.test final.
dsh: reasoning:
Now regenerate HUELLAS. First list all files to ensure I know what's there and exclude .julia-depot and HUELLAS.sha256.

Let me list files.
dsh: reasoning:
Note `caso-e2/Q` doesn't exist (only P), matching original. Good.

Now generate HUELLAS excluding `.julia-depot/` and `HUELLAS.sha256`. Use find + sort + sha256sum.

Command:
```
find . -type f -not -path './.julia-depot/*' -not -name 'HUELLAS.sha256' -print0 | sort -z | xargs -0 sha256sum > HUELLAS.sha256
```
Then verify with `sha256sum -c HUELLAS.sha256` (it will check the listed files). Run in the dir.

Note: locale/LC_ALL affects sort order. The original HUELLAS sorted with `./HORAS-W07c.log` before `./HUELLAS.sha256`, uppercase order. `sort -z` default C locale? Let me set LC_ALL=C to be deterministic. Original order: `./FALTAS...`, `./HORAS-W07c.log`, `./HUELLAS.sha256`? Wait current HUELLAS line order: bench, FALTAS, HORAS-W07c.log, INFORME.md, INFORME-W07c.md, julia-version... Actually looking at HUELLAS lines 1-8: bench/benchmarks.jl, bench/perfil.jl, FALTAS..., HORAS-W07c.log, INFORME.md, INFORME-W07c.md, julia-version.toml, Manifest... So it's `sort` with C ordering (uppercase before lowercase: F, H, I, j, m...). Wait `bench` before `FALTAS`? In C locale, uppercase 'F'(70) < lowercase 'b'(98), so FALTAS should come before bench. But the file lists bench first. So it's not C-locale sort; it's `sort` in the user's locale (en_US?) where case-insensitive-ish ordering: bench, FALTAS, HORAS... Actually `ls`/`sort` with locale may put `bench` first because 'b' after 'F'? In en_US.UTF-8 collation, case is secondary and letters compare alphabetically: b < f, so bench first. Yes, locale collation. So the original used default locale sort.

To reproduce, use `sort -z` with default locale (en_US.UTF-8 presumably). Let me check `locale`. Anyway, order doesn't matter for `sha256sum -c`. I'll use a stable method. But for fidelity, use `find ... | sort` (newline-separated, no -z since filenames have no spaces/newlines). The original likely used `find . -type f ... | sort | xargs sha256sum`. Let me do:
```
find . -type f -not -path './.julia-depot/*' -not -name 'HUELLAS.sha256' | sort | xargs sha256sum > HUELLAS.sha256
```
Default locale gives the same ordering style as observed.

Hmm, but `find` output order then `sort`. Fine.

Actually, let me check locale to match. Let me just run and compare style. Let me run it.

Wait, one concern: `sha256sum` output paths are like `./bench/benchmarks.jl`, and when we later `sha256sum -c HUELLAS.sha256`, it reads those paths relative to cwd. Good.

Let me generate and verify.
dsh: reasoning:
The `sha256sum -c` output is localized ("La suma coincide") so grep ': OK$' returns 0. Let me verify properly by checking the exit code and counting "coincide". Let me run `sha256sum -c HUELLAS.sha256 >/dev/null && echo VERDE`.
dsh: reasoning:
HUELLAS verified: 55/55, exit 0. 

Now, one issue: the sort order here differs from the original (this one has FALTAS after datos, because the locale sort put uppercase F after lowercase d? Actually it shows bench, perfil, datos, FALTAS — hmm, that's odd: 'd' < 'F'? In locale collation, 'd' < 'f', so datos before FALTAS. And in the original, bench before FALTAS (b<f). Consistent. Fine.

Now, let me double check the INFORME-W07c.md copy is identical to INFORME.md. I copied before writing... wait, I copied INFORME.md to INFORME-W07c.md BEFORE regenerating. But I edited INFORME.md before copying? Let me check order:
1. Edited INFORME.md (appended W07c-B).
2. Edited FALTAS.
3. Then `cp INFORME.md INFORME-W07c.md`. Yes, the cp was after the INFORME edit. Good. Let me verify hashes equal.

Also I should double check HUELLAS includes both with same hash. Let me grep.
dsh: reasoning:
Good. Now, there's a subtlety: HUELLAS includes INFORME.md and INFORME-W07c.md identical, and it was generated after all writes. Good.

Now let me verify the whole package once more, and also run `run.jl` output to ensure `hallazgos.tsv` and `media_bloques_por_slot` are consistent. Already done.

Let me also double-check that the v0 `RESUMEN.md` provenance uses `datos/W06d4-real` and that the sha256 recorded matches. Let me read the RESUMEN.md.

Also I want to check `metricas.tsv` now includes `media_bloques_por_slot` and the full content. Let me read it.
dsh: reasoning:
Everything consistent.

Now, one thing to reconsider: the order says "se publican la distribución (p50, p95, máx.) y la media". In the v0 case the media row is "sin muestras" (n=0). That's correct.

Now, should `bloques_por_slot`'s `ausentes=830` count "bloques distintos sin slot"? Yes. And there are 830 distinct blocks total, all lacking slot, so n=0. Good.

Now let me reconsider point 3 more carefully: "Revisa si alguna otra métrica del §3 cuenta el mismo bloque varias veces sin quererlo; si la hay, corrígela con el mismo criterio y dilo."

I concluded only the three. But let me double check `calcular_etapas`: it iterates over `T_BLOQUE_RED_ADMITIDO` events. In the v0 real data, `t_admision_ns` ausentes=1227. The total admitted events across nodes = 181+306+186+218+144+188 = 1223, plus 4? Wait 1227. Hmm, that's the number of `bloque_red_admitido` events; each is a per-node admission. So per-node is intended.

But wait, consider a block admitted by all 3 nodes: `t_admision_ns` gets 3 samples (one per node). That's correct per-node measurement. Good.

`calcular_admision_profundidad`: same, per admission per node. Correct.

What about `calcular_latencias`? It computes `no_admitidos` per pair and total samples per pair. Correct.

`calcular_rechazos`: per rejected event. A block could be rejected by multiple nodes → multiple samples. That's per-node rejection; correct.

`calcular_reorg`: `cambio_punta`/`reorganizacion_pow` are per-node events; correct.

`calcular_divergencia`: per-node punta; correct.

`calcular_arranque`: per node; correct.

`calcular_estado_final`: per node; correct.

`calcular_recursos`: per node; correct.

So answer stands. Good.

Now, there's a subtle issue with `media_bloques_por_slot`'s FilaReal `n=1` and `ausentes=0` in caso-h/a. But in the empty case we set n=0 and ausentes=sin_slot. In `_no_medidas`, both n=0 → listed. Good.

Now let me reconsider the `hallazgos` naming: order says "se cuenta y se informa (sería un hallazgo)". Good.

One more: the order says "si dos nodos informan valores distintos para el mismo bloque, se cuenta y se informa". My detection counts a discrepancy if ANY two events (including same node) disagree. I informed this in gap 15. Fine.

Now, potential compile issue: `get!(_CanonBloque, bloques, ev.hash)` — the `get!` with a type as first argument works: `get!(::Type, ::Dict, key)`? Actually the signature is `get!(default::Callable, dict, key)`; a type is callable (constructor). Yes, `get!(Vector{Int}, dict, key)` works. It's a common idiom. Tests passed, so fine.

Now let me also run a quick check of JET/tip? Not required. But LINEO §3.1 says inspect with @code_warntype. The function's `bloques = Dict{Int32,_CanonBloque}()` is concretely typed; `_antes_que` etc. type stable. Good enough. Actually, one thing: `values(bloques)` iteration and `Int64` etc. Fine.

Now, there's a concern about the determinism of `por_slot`/`padres` — the dict iteration order affects `padres` vector order, but `distribucion_entera` sorts, so deterministic result. `sum(conteos)` deterministic. Good. Discrepancy counts deterministic. Good.

Now let me re-run the direct tests one more time? Already ran Pkg.test final. Fine.

Now, the order also said "1 hilo". We used `--threads=1`. Good. And `nice -n 19`. Good.

Now let me check the `bench/benchmarks.jl` for a possible reference to `calcular_bloques_padres_rojos` or the old signature. Let me grep bench.
dsh: reasoning:
No references. Good.

Now let me run the bench/benchmarks.jl quickly? It might take a while (synthetic 1e6 events) and the order doesn't require it. The order's budget 45 min and W07b is measuring. I should avoid heavy benchmarks. Skip. But I should confirm bench/perfil.jl and benchmarks.jl still parse/include. Since they only include the shim and call `analizar`, they'd work. I could do a fast smoke test of the include without running the heavy part. Let me check what benchmarks.jl does at top. Actually, a quick `julia -e 'include("src/analisis_registro_v1.jl")'` is already proven.

Now, let me update `HORAS-W07c.log`? Not needed.

Let me update the todo list to completed and do a final review of the diff of key files. Let me view the final rapido.jl section to ensure correctness and no leftover issues.

Actually, one more important check: the order says "los tests existentes siguen en verde (actualizando solo los que medían lo erróneo, uno a uno y explicado)". I updated V1(a) and V1(g) — V1(a) pad/bs, V1(g) added media assertion only (bs unchanged). I explained in INFORME. Good.

Also, did I break the `RESPUESTAS.md`? Updated. Good.

Now, let me double check that `test/datos/caso-h` and `caso-i` have exactly the intended content and no trailing issues. They parsed fine in tests. Good.

Let me review the final `rapido.jl` function region once to ensure comments and logic.
dsh: reasoning:
Looks good.

Now, one important consideration about `_distribucion_slots` and the FilaEntera `n` field: `n` is typed `Int`. `nslots` is Int. Fine. But what if `vmax - vmin + 1` overflows Int64? `vmax` and `vmin` are Int64 but can be negative (slot parsed from JSON could be negative or NODATO excluded). Since slot != NODATO, could be typemin+1. `vmax - vmin + 1` could overflow. Real data won't. Given LINEO's mandate on overflow for discrete decisions, maybe add a guard. But it's an analysis metric, not consensus. I'll leave it; the original code had no such guard.

Actually, the order emphasizes correctness. A pathological registry with slot=typemin(Int64)+1 and slot=typemax could overflow. But the schema says slots are unsigned integers in decimal, so negative slots are malformed. `_entero` parses Int64 without sign validation. Not my concern for W07c-B.

Now, let me finalize. Update todos.

Also, I should double-check: did the `Pkg.test()` run leave a `Manifest.toml` in `test/`? No. Did it modify the root `Manifest.toml`? Hash unchanged. Good.

One more: the order says "HUELLAS.sha256 regeneradas". Done (55 entries, verified). And `HORAS.log` real. Done.

Let me verify no writes outside the zone. I copied into `datos/` within zone, wrote files within zone. The `/tmp/huellas-check.txt` is a temp file outside, but that's harness temp, not part of delivery. Fine.

Now, let me do a final `Pkg.test()`? Already done after all code changes but before HUELLAS (HUELLAS doesn't affect tests). The INFORME/FALTAS changes don't affect tests. So the final state is verified.

Wait — I generated HUELLAS after the final Pkg.test, and HUELLAS covers all files. Since HUELLAS is excluded from itself, fine.

Actually, hold on: after generating HUELLAS, I haven't changed any file except reading. Good.

Let me now also double check `git status` is not applicable (sin git). Fine.

Let me update todos to complete and provide the final summary.

Actually, let me reconsider one thing about the `Pkg.test()` requirement and the `bench` dependencies. Since `BenchmarkTools` is a regular dep, `Pkg.test` precompiled it. Fine.

Let me also confirm the Project.toml final content.
dsh: reasoning:
Everything looks good. Let me update the todo list to complete and give the final report.

Actually, wait. Let me reconsider the `hallazgos` output when there are no candidate block events at all. `calcular_bloques_padres_rojos` still pushes 4 hallazgo rows with n=0. Good.

Also, `_no_medidas` doesn't include hallazgos; fine.

Let me also double-check the test count claim in INFORME: "V1(a) 21, V1(b) 5, V1(c) 2, V1(d) 8, V1(e) 5, V1(f) 8, V1(recursos) 7, V1(g) 17, V1(h) 14, V2 36, V3 402". Let me sum: 21+5+2+8+5+8+7+17+14+36+402 = 525. Fine.

Now, one more sanity check: the order says "los tests existentes siguen en verde (actualizando solo los que medían lo erróneo, uno a uno y explicado)". I should make sure I didn't accidentally change other tests. Let me diff conceptually: I changed V1(a) pa/bs and added media+hallazgo assertions; V1(g) added a media assertion; added V1(h). Helpers added `hall`. That's it. Good.

Let me verify with grep that V1(b)-V1(f) are unchanged. They are; no edits touched them.

Final: update todos.
dsh: reasoning:
Let me do one last holistic check: confirm the final HUELLAS is still valid after all reads (nothing changed). Already verified exit 0. Good.

Let me provide the final summary to the user in Spanish, concise, listing what was done, the decisions, verification, and files.

I should mention the definition gaps were informed and documented. Also mention v0 regeneration.

One more: the order says "nombre de modelo". I'll state deepseek-flash, high.

Let me write the final answer.
