dsh: reasoning:
Let me explore the T04 oracle directory to understand its structure.
dsh: reasoning:
Let me read the key files: the contract, the current src files, and the vector format. Let me start with the contract and the current oracle implementation.

Let me read CONTRATO-EVIDENCIA-v0.md relevant sections, and the T04 source files. First let me check the entrada sha256 and the current state.

Let me read the T04 source files in parallel: EstadoDAG.jl, modelo.jl, referencia.jl, generadores.jl, lector_vectores.jl, run.jl, test/runtests.jl, and the contract.
dsh: reasoning:
Now let me read the T04 source. Let me look at EstadoDAG.jl (main), modelo.jl, referencia.jl, lector_vectores.jl.
dsh: reasoning:
Now let me read the key relevant files. I need to understand where `ErrCbidAjeno` and `ErrOrdenCanonico` are used, and how the evidence transactions are checked. Let me search for those.

Wait — the T04 oracle currently at v0.5 uses T01 (`P-TRANSICION/T01/src/Transicion.jl`) as a read-only dependency. The `cbid` and evidence ordering checks are in T01. The order says O2 only modifies T04 zone. But T04 includes T01 as read-only. Hmm, the order says O1 modifies T01, O2 modifies T04. But T04 depends on T01 via include. Let me look carefully.

Actually the order says:
- Zone O1 only P-ZRX/P-TRANSICION/T01/ (launched from there)
- Zone O2 only P-ZRX/P-DAG/T04/ (launched from there)

So O2 must fix the T04 oracle, but T04's evidence checks come from T01's Transicion.jl which O1 will modify. Wait, but T04 includes T01's Transicion.jl read-only. If O1 changes T01's Transicion.jl to add `ErrForma(EvidenciaCbidAjeno)` etc., then T04 would pick it up automatically... but T04 might have its own handling (mode fusión) of the semantic errors `ErrCbidAjeno`/`ErrOrdenCanonico`.

Hmm. Let me look at the actual T04 code for evidence handling. Search for `CbidAjeno`, `OrdenCanonico`, `ErrForma`, `cbid`.
dsh: reasoning:
Let me read the T01 Transicion.jl evidence checking area, specifically around lines 1090-1120. And understand the current T01 code. But note: T01 is O1's zone, so T04's O2 must not edit it. However, T04 includes T01. If O1 isn't done yet, T04 will still use the old T01 code with `ErrCbidAjeno`/`ErrOrdenCanonico`.

The task says O1 and O2 launch separately. I am only doing O2 (T04). But T04's semantics depend on T01's error types. This is a critical missing-definition question.

Let me read the T01 Transicion.jl around those lines and the `Err` enum.
dsh: reasoning:
Now I understand the situation. The order SL-4c-O proposes a new error type `ErrForma` in the `Err` enum, with values `ErrForma(EvidenciaCbidAjeno)` and `ErrForma(OrdenCanonicoInvalido)`. That's a change in T01. But how does that get expressed? T01 currently has `@enum Err` (a C-style enum), so it can't be `ErrForma(...)` unless they change it to an algebraic type. Hmm.

Wait, re-reading the order: "Nombres de error: `ErrForma(EvidenciaCbidAjeno)` y `ErrForma(OrdenCanonicoInvalido)`." This is likely referring to the Rust side eventually, or a general naming. But for Julia oracles, they may add new enum members `ErrEvidenciaCbidAjeno` / `ErrOrdenCanonicoInvalido`? Hmm. Let me look at REVISION-RI-3b.md H1 to understand the exact expected change.

Actually this is a crucial ambiguity. Let me read REVISION-RI-3b.md.
dsh: reasoning:
Now let me look at the actual Contracto-Evidencia-v0.md RAT-1 and EV-04 text to understand exact naming. Let me grep.
dsh: reasoning:
Now let me read the relevant contract sections (EV-04, EV-05, RAT-1) exactly.
dsh: reasoning:
Now I understand the contract. The key issue: the fix is to move `cbid` and canonical-order checks from semantic layer (`aplicar_evidencia!`) into the "shape" layer. In T01, the shape check happens in `chequear_forma` (in T01's Transicion.jl) or there must be a `validar_forma_tx` function. Let me find how T01 does shape checks for transactions, and where `ErrEvidenciaConEntradas` is checked in forma.

Let me look at the T01 code. Actually grep showed `ErrEvidenciaConEntradas` at line 95/1099. Let me search for where the bloque/tx shape is checked in T01.

Actually, more important for my task: O2 is T04. T04 uses `Transicion.aplicar_tx!` etc. and its own `chequear_forma` for `BloquePost`. T04's `aplicar_bloque_fusion!` calls `Transicion.aplicar_tx!` for evidence txs. In fusion mode, an evidence tx that fails with `ErrCbidAjeno` or `ErrOrdenCanonico` is discarded, block stays valid. That's exactly the deviation. The fix: T04 must treat `cbid` ajeno / non-canonical order as block-invalidating *forma* errors, checked at admission (in `chequear_forma` for the block, at least for the whole DAG).

Now, where do these errors come from in T04? They're returned by `Transicion.aplicar_evidencia!` (inside `aplicar_tx!`). But in T04 fusion, `aplicar_bloque_fusion!` catches errors and discards. So to make the block invalid, T04 must add a shape check that inspects each `TxEvidencia` in the block, checking cbid and canonical order, and if it fails, mark the whole block invalid.

But the order says the precedence is: structure (existing) → cbid → canonical order. So T04's `chequear_forma` should, after its structural checks, check each tx for evidence shape:
1. cbid of both headers must equal network cbid (`A.pd.P.cbid`).
2. `pre_hash(H1) < pre_hash(H2)` strictly.

The error names: `ErrForma(EvidenciaCbidAjeno)` and `ErrForma(OrdenCanonicoInvalido)`. In Julia, T01 uses `@enum Err`. How will O1 represent this? This is the ambiguity. T04 has to reference these error symbols/motivos. Since T04 imports `Transicion.Err`, if O1 adds new enum members, T04 can use them. But the ordering of the parts: O2 might run before or concurrently with O1. The launch shows both O1 and O2 launched at the same time (both at 23:10). So O1 may not have completed when O2 runs. That means T04 cannot rely on O1's new error names.

Hmm, but T04's current code has its own `motivos::Dict{Int,Symbol}` for block-level errors: `:ErrSlot`, `:ErrSinPadre`, etc. The block-invalidating shape error for evidence in T04 could be a new block motivo symbol. Actually the vector output format: let me look at how blocks are marked invalid in the vectors and how the semantic errors are exported.

Let me read the T04 exportar.jl, run.jl, lector_vectores.jl, and dirigidos.jl relevant parts. Also the vector format.

Let me read the vector v0.5 header and a sample.
dsh: reasoning:
Now let me read the exportar.jl, run.jl, and the relevant parts of dirigidos.jl. Let me also read the T04 INFORME.md sections about ambiguity and the SL-3 section to understand context. Let me focus.

Actually, the critical thing is: what exactly must O2 do for T04?

1. Change T04's handling so that a block carrying an evidence tx with alien cbid or non-canonical order is INVALID (in admission), not a discarded tx.
2. New vectors v0.6 for T04, with .sha256 and cobertura-v0.6.txt.
3. Coverage: ≥30 cases with EvidenciaCbidAjeno, ≥30 with OrdenCanonicoInvalido, at least 10 of each in a block that also has valid txs, ≥5 with both defects at once (cbid wins).
4. `DIFERENCIAS-v0.5-v0.6.md` listing case by case which change result and why.
5. Pkg.test() green, run.jl 0 failures, reread new vectors 0 discrepancies.
6. INFORME.md and PROGRESO.md sections "SL-4c-O", HORAS.log with real date -Is, model name from API.
7. No Python. Budget 1h/1 thread.

Now the naming issue. The order names `ErrForma(EvidenciaCbidAjeno)` and `ErrForma(OrdenCanonicoInvalido)`. In Julia oracles, the existing representation of block-level errors is a set of symbols mapped to strings used in vectors. Let me look at how errors are rendered in exportar.jl and how block-level invalid reasons appear in the vector (RES). For module T04, `motivos` are Symbols, and the vector shows `RES bloque=N res=X`. Let me read exportar.jl and run.jl.
dsh: reasoning:
Now let me read run.jl and the relevant parts of dirigidos.jl. Also I need to understand how the evidence txs are generated and how the block-level error would be exported.

Let me read run.jl.
dsh: reasoning:
Now let me look at dirigidos.jl, particularly the evidence-related directed cases (D-15 to D-18) and how they're built. And the generator `evidencia_aleatoria`. Also `propiedades.jl` (verificar_ie3) since IE-3 (determinism under arrival order) may be affected by the new block-invalidity checks. Let me read dirigidos.jl around evidence and generator.
dsh: reasoning:
Now let me look at the generator's `evidencia_aleatoria` and how random DAGs include evidence. Also `generar_dag_aleatorio`. Let me read generadores.jl.
dsh: reasoning:
Now I have a good understanding. Let me check the test/runtests.jl to understand existing tests.

But first, let me identify the critical ambiguity: How should the new error be named/represented in T04, and does O2 require modifying T01 (out of zone)?

Key issue: The checks `cbid` ajeno and canonical order live in `Transicion.aplicar_evidencia!` in T01. To classify them as "forma" errors that invalidate the block, T04 needs to detect them during admission (before applying). T04 can implement its own block-level `chequeo_forma_evidencia` in `chequear_forma` (T04 zone), independent of T01's semantic errors. That works without touching T01. The T04 module already accesses `Transicion.Evidencia`, `tx.evidencia`, `ev.id1.cbid`, `ev.h1.pre_hash`, etc. — all public.

But there's a subtlety: T01's `aplicar_evidencia!` still performs the cbid/order checks in the semantic layer (O1 will remove them from there). If O1 runs after O2, the semantics in T04 would double-check: T04's shape check catches them first and invalidates the block, so `aplicar_evidencia!` never gets to them (block invalid ⇒ not applied). So no conflict. If O1 runs first and removes them from `aplicar_evidencia!`, then T04's own shape check still catches them. Either way works, as long as T04 implements its own check. Good — that's the robust design: T04 must not depend on T01's error enum changes.

Now, what error symbol/name should T04's block-level motive use in the vector (`RES bloque=N res=...`)? The order names `ErrForma(EvidenciaCbidAjeno)` / `ErrForma(OrdenCanonicoInvalido)`. In T04's existing convention, `motivos::Dict{Int,Symbol}` and rendered via `string(...)`. T01's `Err` enum renders as e.g. "ErrCbidAjeno". For a "forma" error, T04 could use a symbol like `:ErrFormaEvidenciaCbidAjeno`? Or a tuple? Let me think about what the director likely expects.

The order says "Nombres de error: `ErrForma(EvidenciaCbidAjeno)` y `ErrForma(OrdenCanonicoInvalido)`." This is clearly the Rust `ErrorFormaTx` enum variant naming. For Julia, one natural mapping: add a new error type/values. But since T04's `motivos` are symbols, T04 could use symbols `:ErrFormaEvidenciaCbidAjeno` and `:ErrFormaOrdenCanonicoInvalido`. However, the reread lector reconstructs the block and compares `motivos` string to the vector's `res=`, so as long as both sides are consistent, the test passes. But the order's verification might check exact naming? The order is the authority; it says names.

Hold on. This is exactly a "falta de definición" (missing definition) that I should report before editing: how does O2 represent `ErrForma(EvidenciaCbidAjeno)` in the Julia T04 oracle, given the module uses `Symbol` motives and `Transicion.Err`? Also whether O2 may/should modify T01's `Err` enum (out of zone — it can't).

Actually wait. Let me re-read: "Nombres de error: `ErrForma(EvidenciaCbidAjeno)` y `ErrForma(OrdenCanonicoInvalido)`. Desaparecen `ErrCbidAjeno` y `ErrOrdenCanonico` como errores semánticos". This strongly implies T01 should have an `ErrForma` type. In Julia, one could change the `Err` enum... but `@enum` can't be parameterized. Hmm, but actually the order is a spec for both Rust and Julia oracles. Since O1 handles T01, O1 will decide the Julia representation. O2 must coordinate.

This is a real missing definition. But the instruction says "Si detectas una falta de definición, infórmala antes de editar." So I should report it. But should I stop and ask, or report and proceed with a reasonable interpretation? The best approach: report the ambiguity clearly, state my interpretation, and proceed (since I'm a headless agent and stopping entirely would fail the task). Actually the instruction says "infórmala antes de editar" — inform before editing. I'll inform in my response, then proceed with a documented interpretation, because the task must be completed. But wait—there might be an even deeper issue: the order says O2 zone only T04, but T04's evidence semantics come from T01 which O1 edits. If T01's `aplicar_evidencia!` is changed by O1 to remove cbid/order checks, and T04's shape check handles it, fine. But what if O1 also renames/removes `ErrCbidAjeno`/`ErrOrdenCanonico` from the `Err` enum? Then T04 code referencing `Transicion.ErrCbidAjeno` (exportar.jl line 258, run.jl line 257, dirigidos.jl 706) would fail to load. O2 must remove those references anyway (since they're no longer semantic). Good.

But if O2 runs while T01 is unchanged (old enum with those symbols), and O2's new tests want to construct vectors — the shape check in T04 catches cbid/order before `aplicar_evidencia!`, so the semantic errors never surface. Fine either way.

Now, another subtlety: T04's block forma check must respect the precedence: structure (entradas/salidas/testigos, campos inactivos, forma de las dos cabeceras) → cbid → orden canónico. The contract's EV-04 says `n_in ≠ 0`/`n_out ≠ 0`/`n_wit ≠ 0` is `ErrForma(EvidenciaConEntradasOSalidas)`. Currently T04 does NOT check this at block-forma level either! Instead `aplicar_evidencia!` returns `ErrEvidenciaConEntradas` semantically and it's discarded. Hmm wait — the order SL-4c-O specifically only mentions cbid and order. It says "estructura ya vigente (entradas/salidas/testigos, campos inactivos, forma de las dos cabeceras) → cbid → orden canónico". "Estructura ya vigente" — so the structural checks are considered already in effect. But in T04, `ErrEvidenciaConEntradas` is semantic (discard). Does the order require O2 to also move that to forma? Let me re-read decision 1:

"Precedencia fija de las comprobaciones de forma de la v4 (igual en los dos oráculos y, después, en Rust): estructura ya vigente (entradas/salidas/testigos, campos inactivos, forma de las dos cabeceras) → cbid (ambas cabeceras con el consensus_branch_id de la red local) → orden canónico. Nombres de error: ErrForma(EvidenciaCbidAjeno) y ErrForma(OrdenCanonicoInvalido). Desaparecen ErrCbidAjeno y ErrOrdenCanonico como errores semánticos; la verificación semántica (EV-06 identidad, EV-07 sellos, RAT-3, ventana, deduplicación) no cambia de orden ni de resultado."

So the order's focus is strictly cbid and canonical order. It says "estructura ya vigente" (already in force) — meaning the structural part is not this order's job. But in T04, is `ErrEvidenciaConEntradas` handled at forma? Let me check. In T04, `chequear_forma` doesn't inspect evidence txs at all. `aplicar_bloque_fusion!` calls `aplicar_tx!` (which calls `aplicar_evidencia!`) and discards. So `ErrEvidenciaConEntradas` is currently semantic (discard) in T04 too — a deviation from contract not covered by H1 (H1 only mentions cbid and order). The order explicitly lists only cbid and order. So O2's job: add cbid + order as forma. The entradas/salidas structural check is "ya vigente" in the contract, but T04 doesn't have it at forma level. Hmm, "estructura ya vigente" might refer to T01's structure, or to the contract. But the order explicitly says it's the order's scope: cbid → order. I should not change the entradas/salidas behavior (that would change other cases, violating "nada más cambia" and "no cambias ninguna otra regla"). Actually decision 4 says every case that changes without carrying one of the two defects is a failure. If I moved `ErrEvidenciaConEntradas` to forma, cases with monetary entries would change result — those don't carry cbid/order defects → failure. So I must NOT change it. Good, the order is explicit: only cbid and order.

Wait, but there's a subtlety: the corpus `vectores-estado-dag-v0.5.txt` includes `DESC` lines with `ErrCbidAjeno` in the vectors. In v0.6 those blocks become invalid. But do the v0.5 vectors contain `ErrEvidenciaConEntradas`? Let me check. Also D-18 directed case expects cbid==1 (a discard); after correction D-18 must change or be replaced.

Now, the coverage requirement: "≥ 30 casos con EvidenciaCbidAjeno y ≥ 30 con OrdenCanonicoInvalido, en T04 al menos 10 de cada uno en un bloque que además contiene transacciones válidas (para demostrar que invalida el bloque entero), y ≥ 5 con los dos defectos a la vez (gana cbid, por la precedencia)."

"casos" — in T04 context, cases (CASO) or blocks? Probably cases/instances. The existing v0.5 has evidence in random DAGs with modes. The v0.5 corpus already has many `ErrCbidAjeno` (the grep showed hundreds). But in v0.6, those become block-invalid. And I need `OrdenCanonicoInvalido` cases too — currently the generator doesn't produce non-canonical order! `evidencia_aleatoria` always sorts lo/hi. So I need to add a mode `:orden` to the generator and coverage.

Also need directed cases and coverage counting. The order says coverage minimums. Where are they measured? Presumably in the vectors' coverage file (cobertura-v0.6.txt) and/or run.jl. Let me design.

Let me now check the existing coverage-v0.5.txt to see format, and check whether `ErrEvidenciaConEntradas` appears. Also check INFORME/PROGRESO SL-3b sections to understand documentation style.

Let me read cobertura-v0.5.txt and test/runtests.jl.
dsh: reasoning:
Now I have a comprehensive view. Let me identify the exact missing definitions and plan.

Critical ambiguity #1: Naming/representation of the new forma errors in T04 and vector format.

The order: "Nombres de error: `ErrForma(EvidenciaCbidAjeno)` y `ErrForma(OrdenCanonicoInvalido)`." For T04, block-level motives are `Symbol`s rendered as strings like `ErrSlot`, `ErrGarantia`, `ErrSinPadre`, `ErrMergeDepth`. The natural Julia representation in T04 would be:

- A block-level motive symbol that renders to a text. But how? The vector line `RES bloque=N res=<motivo>`. What string exactly? Options:
  (a) `ErrFormaEvidenciaCbidAjeno` / `ErrFormaOrdenCanonicoInvalido`
  (b) `ErrForma(EvidenciaCbidAjeno)` / `ErrForma(OrdenCanonicoInvalido)` literally (contains parentheses)
  (c) `ErrCbidAjeno` / `ErrOrdenCanonico` (but order says those disappear as semantic errors; reusing names would confuse)
  
Given the order's phrasing, the intended notion is a forma-error constructor `ErrForma` applied to a specific shape cause. In the Rust code, `ErrorFormaTx::OrdenCanonicoInvalido` exists. The T01 oracle (O1) will likely introduce a distinction. Since T04 doesn't have an `ErrForma` type, and the order says the two oracles use the same precedence and names, the safest is to use a dedicated block-level motive whose rendered text is unambiguous. I think using symbols `:ErrFormaEvidenciaCbidAjeno` and `:ErrFormaOrdenCanonicoInvalido` is a reasonable Julia rendering of `ErrForma(EvidenciaCbidAjeno)`.

But wait — maybe O1's approach for T01 will be to add to the `Err` enum two new members: `ErrEvidenciaCbidAjeno` and `ErrOrdenCanonicoInvalido`? Hmm, no indication.

Actually, hold on. Let me reconsider. This is a "falta de definición" that I must report. But there's tension: the order tells me not to touch anything outside T04. And T04's `motivos` are just symbols. The read-back lector compares expected vs obtained as strings. There is no external consumer of T04's block motive strings except the vectors and INFORME. So the exact rendering is a free choice, but it should follow the order's names. I'll report the ambiguity, choose the interpretation, and document it. That satisfies "infórmala antes de editar".

However, there's a second, more serious ambiguity: **Does O2 depend on O1's changes to T01?** T04 includes T01 as read-only. If O2's v0.6 must reflect the corrected semantics, and O1 hasn't run yet, T04's own forma check is enough. But there's a risk: if O1 runs and changes `Transicion.Err` enum (removing `ErrCbidAjeno`/`ErrOrdenCanonico`), then T04's code that no longer references them (we remove those references) is fine. But T04's `chequear_forma` might want to be implemented independent of T01. Good.

But there's a deeper interplay: the semantic layer in T01's `aplicar_evidencia!` still checks cbid/order. If T04 checks forma first, blocks with these defects are never applied, so no double behavior. But what about the branch of the code that applies a block from `A.post` (the selected chain block itself)? In `procesar_uno!`, `chequear_forma(A, b)` is called on every block including the selected chain block, and if it fails, block invalid. Good.

But note: in `aplicar_bloque_fusion!`, when a block X from the mergeset carries an invalid evidence, the current code discards. With the new forma check, X should have been marked invalid at processing, so it never ends up in a valid block's mergeset? Actually, GDR coloring: invalid blocks are still added to GDR? Let's check: in `procesar_uno!`, if `chequear_forma` fails, `marcar_invalido!` is called BEFORE adding to GDR (`A.gidx` not set). So invalid blocks aren't in GDR at all. Then they can't be ancestors of valid blocks (hijos check `validos`). Good. So a block with invalid evidence is simply marked invalid and its descendants become `ErrSinPadre`. That matches "el bloque es inválido".

Wait, but there's a subtlety about *where* the evidence defect is evaluated. Suppose block B contains an evidence tx with alien cbid, but B is in a side branch that is never selected. The contract says "Forma de cabecera y de transacciones ⇒ bloque inválido, cuándo se evalúa: admisión". So every block is checked at admission, regardless of selection. Good — `procesar_uno!` checks all blocks.

Precedence: structure (existing) → cbid → order. But `chequear_forma` currently checks structural things (padres, slot, coinbase). The evidence's own structure (`n_in`/`n_out`/`n_wit`, fields) is delegated to T01. For cbid and order we add checks after structural.

Hmm, but wait: the order says the forma checks are: "estructura ya vigente (entradas/salidas/testigos, campos inactivos, forma de las dos cabeceras) → cbid → orden canónico". In T04 there is no explicit structure check for evidence txs. Should I add the whole forma v4 chain, or just cbid+order? The order's decision says the check precedence is fixed and lists all, but the only change required is moving cbid and order from semantic to forma. Since the order's point 4 declares any *other* change a failure, I must add only cbid and order detection. If I added `EvidenciaConEntradas` as forma, that would change cases with monetary entries (not carrying cbid/order) → failure. So I add only cbid and order.

Actually, should I check "forma de las dos cabeceras"? In T04, a TxEvidencia with `evidencia === nothing` currently returns `ErrSinEvidencia` semantically, and `ev.h1`/`ev.h2` always exist in the struct. The "forma de las dos cabeceras" is not modeled in T04 (no byte parser). So leave it.

Now, another subtlety: The order says "en T04 al menos 10 de cada uno en un bloque que además contiene transacciones válidas (para demostrar que invalida el bloque entero)". This means a directed test where a block has valid non-evidence txs plus a defective evidence, and the whole block is invalid. Need to ensure that "the block contains valid txs" — e.g., transfer/deposit that would otherwise apply.

Also "≥ 5 con los dos defectos a la vez (gana cbid, por la precedencia)". So blocks with an evidence that has both alien cbid and non-canonical order must report CbidAjeno motive, not order.

Now, how to count coverage? The order says "Cobertura mínima en cada oráculo: ≥ 30 casos con EvidenciaCbidAjeno y ≥ 30 con OrdenCanonicoInvalido". Let me design counters in the evidence coverage section: `bloque_invalido_cbid` and `bloque_invalido_orden`, plus maybe `ambos_cbid` and `con_tx_validas`. Let's look at what "casos" means: In the vector coverage, counters are instance counts. We'll produce ≥30 each in the v0.6 vector export (and probably run.jl too). The v0.5 already had 137 cbid instances. With a new `:orden` mode at similar rate, we'd get plenty. But now they invalidate blocks, which will reduce valid blocks in random DAGs; but the counters count invalid blocks' evidence.

Let me now think about the design of the implementation in T04.

### Implementation plan

**1. New forma check for evidence txs in `chequear_forma` (or a helper called from it).**

Add:
```julia
"""
Comprueba la forma v4 de las `EvidenceTx` del bloque (SL-4c-O): `cbid` de ambas
cabeceras = red local (RAT-1) y orden canónico estricto `pre_hash(H1) < pre_hash(H2)`
(EV-04). Precedencia: ... cbid -> orden. Devuelve `nothing` o el símbolo del motivo.
"""
function chequear_forma_evidencia(A::Admision, b::BloquePost)
    cbid_red = A.pd.P.cbid
    for tx in b.txs
        tx.tipo == Transicion.TxEvidencia || continue
        ev = tx.evidencia
        ev === nothing && continue   # lo trata la semántica (ErrSinEvidencia) — no es forma v4
        if ev.id1.cbid != cbid_red || ev.id2.cbid != cbid_red
            return :ErrFormaEvidenciaCbidAjeno
        end
        ev.h1.pre_hash < ev.h2.pre_hash || return :ErrFormaOrdenCanonicoInvalido
    end
    return nothing
end
```

Wait: precedence says cbid for BOTH headers first, then order. The loop iterates txs in order; for each tx check cbid then order. But what if tx1 has order defect and tx2 has cbid defect? The order says precedent at the level of "las comprobaciones de forma de la v4": cbid globally before order globally. Hmm. "Precedencia fija de las comprobaciones de forma de la v4 (igual en los dos oráculos...): estructura ... → cbid (ambas cabeceras...) → orden canónico." This suggests that across the whole block, all cbid checks come before any order check. To be safe and match "gana cbid por la precedencia" even when both defects are in different txs, I should do two passes: first scan all evidence txs for cbid, then scan all for order. That's the most faithful. Let me implement two passes.

Actually, "≥ 5 con los dos defectos a la vez (gana cbid)" refers to a single evidence with both defects, which the two-pass handles too. But two passes is strictly more correct per the stated global precedence. I'll do two passes.

Hmm, but consider the vectors: the order's precedent is per the block. In the current code, `chequear_forma` is called once per block. Fine.

Now where to insert? In `chequear_forma`, after the existing structural checks (coinbase etc.), before `return nothing`. The order says structure → cbid → order. Good.

But wait: does an invalid block's evidence need to be checked if other structural checks already failed? No, precedence structure first. Good.

**2. Remove the semantic handling references.** In `exportar.jl`, `run.jl`, `dirigidos.jl`, `cobertura` definitions, and `lector_vectores.jl`? The lector just replays and compares; it doesn't reference error names. Actually `lector_vectores.jl` re-runs `resolver!` and compares. Since `chequear_forma` now catches cbid/order, the lector gets the same results without code change. Good. But the lector's default path is v0.5; I need it to default to v0.6 or accept path. The test passes path explicitly. The order requires "relectura de los vectores nuevos con 0 discrepancias", so I'll run lector on v0.6.

But careful: the lector reconstructs blocks from vector lines and calls `resolver!`. Since `Transicion.ErrCbidAjeno` references were nowhere in lector, fine.

**3. Generator.** Add mode `:orden` that produces non-canonical order. Also, for the "both defects" case, add mode `:cbid_orden`. Update `evidencia_aleatoria`:

```julia
elseif modo == :orden
    # orden no canónico: pre_hash(H1) >= pre_hash(H2)
    ...
elseif modo == :ambos
    c = P.cbid + 1
    # and non-canonical
```

Currently `evidencia_aleatoria` computes r1,r2 and sorts. For non-canonical, we can set lo >= hi, e.g., `lo = hi` (identical pre_hash) or `lo > hi`. Since `evidencia()` takes (cbid, clave, sector, historia, chunk, slot, ph1, ph2)? Let me check T01's `evidencia` signature at line 317.

From grep: `function evidencia(cbid::Integer, clave::Integer, sector::Integer, ...)`. Let me read lines 310-340 of Transicion.jl.

Also, note that the random generator currently emits evidence referenced to `slot` with mode `:tardia` etc. Non-canonical order is independent of slot. Let me design `:orden` to swap lo/hi such that `lo == hi` or `lo > hi`. Important: after the forma check rejects the block, block is invalid. But the *vector* records the evidence tx and the block's `res`. Fine.

Also the `:ambos` mode: cbid alien AND non-canonical. With two-pass, cbid wins.

**4. Directed cases.** Need to add directed cases for the new behavior:
- A block with valid txs + evidence cbid alien → block invalid, and check descendant invalid, and that the valid txs did not apply.
- Similar for order.
- Both defects → cbid motive.
- Precedence: a block where tx order defect and another tx cbid defect, to show cbid wins.
Maybe reuse `caso_evidencia_descartes` and adapt. I'll create new directed cases D-21, D-22, D-23 (or rename). The order doesn't fix names. But existing D-18 includes cbid as a discard; it must be changed because cbid is no longer a discard. I need to decide: replace D-18 or keep tardía/sin_saldo and move cbid to a new invalid-block case. The order says "todos los tests previos con su nombre más los nuevos" — so existing tests must still pass with their names. But D-18's assertions (cbid==1 discard) are no longer valid. Hmm. "todos los tests previos con su nombre más los nuevos" means the test suite should still contain prior tests by name. But some prior tests must change their expectations to the corrected contract. That's unavoidable since the behavior changed. It likely means the test names (test sets) are preserved, with corrected expectations. Actually the D-18 directed *case* semantics change. I think we should keep case name "D-18" but with new meta, or split. But then the vector cases are generated from `caso_evidencia_descartes`, which would change. Hmm.

Let me think about what "todos los tests previos con su nombre" means more concretely: `Pkg.test()` green with all previous tests by name plus the new ones. Since the behavior change invalidates some prior expectations, we must update those specific assertions but keep the test/block names. That's standard when correcting to the contract. I'll keep D-18 as "tardía + sin saldo" (dropping the cbid part) and add new directed cases for cbid/orden invalidation. Actually, better: keep `caso_evidencia_descartes` but remove the cbid evidence; keep returning tardia/sin_saldo; update run.jl and tests accordingly. Add new cases D-19? But D-19/D-20 were mentioned in a comment ("D-18/19/20") though only D-18 exists. I'll create D-19 (cbid invalida bloque con txs válidas) and D-20 (orden invalida bloque), D-21 (ambos gana cbid), D-22 (precedencia entre txs). Let me name them clearly.

**5. Vectors v0.6.** Modify `exportar.jl` to default to v0.6 filenames and header. Keep ability to pass `--salida`/`--cobertura`. Update coverage definitions:
- Remove `cbid_ajeno` semantic discard counter? The evidence coverage should now count block-invalidating shape errors. Add counters `forma_cbid_ajeno`, `forma_orden_canonico`, `forma_ambos_cbid`, `bloque_invalido_con_tx_validas_cbid`, etc. But careful: the existing `contar_evidencia` walks the *applied history* (`orden`), which excludes invalid blocks (invalid blocks aren't in the valid GDR). Actually `aplicar_historia` uses the virtual over valid tips; invalid blocks are not ancestors. So evidence in invalid blocks won't be counted. I need a new counter that scans all blocks (including invalid) and classifies the invalid evidence.

Let me design coverage counters that are simple and demonstrably meet the minimums:
- `forma_cbid_ajeno`: number of blocks marked invalid with motive `:ErrFormaEvidenciaCbidAjeno`.
- `forma_orden_canonico`: blocks invalid with `:ErrFormaOrdenCanonicoInvalido`.
- `forma_ambos_cbid`: blocks where both defects present but cbid reported (detected by inspecting block txs).
- `forma_con_tx_validas_cbid` / `_orden`: blocks where the invalid evidence coexists with at least one non-evidence, non-coinbase tx (transfer/deposit/retiro/liberación).
- `forma_ambos_cbid` ≥5.

But the order says "≥ 30 casos con EvidenciaCbidAjeno y ≥ 30 con OrdenCanonicoInvalido". This could be counted either as blocks or as evidence instances. I'll count both ways in the coverage and make sure both exceed 30: define counters `ev_cbid_ajeno` (evidence txs with alien cbid in blocks that got invalidated) and `bloques_cbid_ajeno`. Better to make ≥30 robustly. Given random DAGs with p_ev and ~1/6 each defect mode, plus 900 + 480 evidence cases, we'd have plenty.

Wait: now that a defective evidence invalidates its whole block, the number of valid blocks drops, which affects IE-1..IE-6 and the generator's `validos` list. That's expected. But there's a catch: the random generator builds a block, then calls `procesar_uno!`; if a block with defective evidence becomes invalid, `validos` won't include it, and subsequent blocks use `validos` as parents. Fine. But the generator chooses parents from `ids` (all) or candidates, and validity is checked. If a parent is invalid, child gets `ErrSinPadre`. Fine.

However, there's a subtle issue: the random generator's evidence modes include `:tardia`, `:sin_saldo`, `:clave`, `:valida`, `:cbid`. With cbid now invalidating the block, the block and its descendants become invalid. That significantly changes the random corpus but should still satisfy IE-1..IE-6. Need to verify.

Another subtle issue: **`evidencia_aleatoria` uses `P.cbid`** — but for the `PARAMS_DAG_EV` grid, `cbid=7` and `evp=true`. The base grid (`PARAMS_DAG_BASE`) has `cbid=0, evp=false` (default). For the non-evidence grid, no evidence txs. Fine.

**6. `DIFERENCIAS-v0.5-v0.6.md`.** Need to list case-by-case which cases change result and why. This is a big requirement. Since v0.5 has 1380 cases (900 random + 480 ev + directed), listing every changed case would be huge. But the order says "un informe ... que lista, caso por caso, los que cambian de resultado y por qué". That is, list the cases that change, not all cases. With cbid now invalidating ~137 instances, those cases change. Plus non-canonical order cases currently weren't generated (all canonical), so no pre-existing order changes. So the diff is: all cases containing at least one cbid-alien evidence now differ, and the block(s) become invalid. That's ~137 evidence instances across many cases. Hmm, that's a lot but we can generate the diff programmatically. Wait, but v0.5 vectors are frozen and we're generating v0.6 independently. The comparison is between the v0.5 corpus and the v0.6 corpus for the same seeds/cases. Since the generator changes (new `:orden` mode, changed mode distribution, changed cbid behavior), the v0.6 random cases may not be identical to v0.5 even for the same seed! Because the random sequence is consumed differently? Let me check: the generator's RNG consumption doesn't depend on previous block validity except through `validos` and `ids` and `evidencias`. If cbid blocks become invalid, `validos` differs, changing subsequent RNG calls (e.g., `evidencia_aleatoria` attaches to `S = A.post[pv]`). Also the mode selection tuple order changes if I add modes — that changes `rand(rng, tuple)` results. So v0.6 random cases would diverge massively from v0.5, making "case-by-case difference" meaningless.

To produce a meaningful `DIFERENCIAS-v0.5-v0.6.md` where each changed case is attributable to the two defects, I should make the v0.6 generation *replay v0.5's cases* as much as possible and then apply the correction. But the order says "Vectores nuevos: T04 v0.6 ... con el mismo formato de línea; los v0.4/v0.5 quedan intactos como históricos." And point 4: "Diferencia exacta con los vectores anteriores: un informe DIFERENCIAS-v0.5-v0.6.md que lista, caso por caso, los que cambian de resultado y por qué; todo caso que cambie sin llevar uno de los dos defectos es un fallo de esta orden."

So the intended approach: regenerate with the SAME generator parameters/seeds as v0.5, and diff. Cases that change must all carry one of the two defects. But as I noted, if the correction changes the RNG path, the cases diverge. Unless... the generator is designed so that RNG consumption is independent of validity. Let me examine: In `generar_dag_aleatorio`, the RNG calls per iteration:
- `rand(rng)` for `usar_hermano`? No, `usar_hermano = ident_pendiente != 0` deterministic.
- In the else branch: `np = min(length(cand), rand(rng, 1:3))`; `p = cand[rand(rng, 1:length(cand))]` in while loop; `slot` uses `rand(rng, 0:2)` or `rand(rng,1:2)`; `rand(rng) < 0.15`; `sr = rand(rng, tuple)`; `sd = rand(rng, 0:1000000)`; `productor`: `rand(rng) < p_invalido` then maybe `rand(rng) < 0.85`; `declarado`: `rand(rng) < 0.5` then maybe `rand(rng, 0:3)`; `rand(rng) < p_tx`; if yes `pv = validos[rand(rng, 1:length(validos))]` ← **depends on `validos`**; `operacion_aleatoria` uses many rand; `P.evp && !isempty(validos) && rand(rng) < p_ev`; `pv = validos[rand(...)]`; `evidencia_aleatoria` uses rand; etc.

So `validos` affects the number/index of RNG calls (`rand(rng, 1:length(validos))` — the *number* of calls is the same regardless of length, but *selection* differs). `rand(rng, 1:n)` consumes the same amount of randomness regardless of n? For `Random`/StableRNGs, `rand(rng, 1:n)` samples the same number of raw bits typically, so the RNG stream position is the same. Actually for ranges, Julia uses `rand(rng, UnitRange)` which may use rejection sampling depending on range, so the number of draws can vary with n. Hmm. StableRNGs is a specific implementation. This could cause divergence.

But more importantly, the *control flow* differs: if a cbid evidence invalidates a block, `validos` shrinks, so `!isempty(validos)` might become true anyway (still non-empty), and `rand(rng) < p_ev` same. The choice `pv = validos[rand(rng,1:length(validos))]` picks a different parent, which changes the state S against which the evidence/tx is built, which changes... but the RNG call count is likely the same. The actual tx constructed may differ (different UTXO), but the block-level RNG sequence stays aligned if call counts match. The `evidencia_aleatoria` call count is fixed (r1, r2, plus branch-specific rand). The `operacion_aleatoria` may call different numbers of `rand` depending on feasibility (gastables nonempty etc.), which depends on state. So divergence is possible.

This is getting complicated. Let me reconsider the intent. Perhaps the intended diff is not about re-running v0.5 generators, but about re-reading the *frozen v0.5 vector file* through the corrected oracle and comparing to the v0.6 output for the same input cases. Wait — the v0.5 vectors are fully specified inputs! The vector file contains all blocks and txs (including evidence with cbid/pre_hash). So one can re-read the v0.5 vectors (using a reader), run the corrected oracle, and compare the results per case. That gives an exact case-by-case diff where the only changed cases are those with alien cbid or non-canonical order. And the v0.6 vectors could be... hmm, but the order says v0.6 is a new vector file with minimum coverage (≥30 cbid, ≥30 order). If v0.6 just re-derives from v0.5 inputs, it wouldn't have order cases (v0.5 has none). So v0.6 must add new cases.

Maybe the diff compares *outputs*: run the corrected oracle on the v0.5 corpus inputs (frozen) and on the v0.6 corpus, listing which v0.5 cases changed. Hmm.

Actually, re-reading point 4: "Diferencia exacta con los vectores anteriores: un informe DIFERENCIAS-v0.5-v0.6.md (T04) que lista, caso por caso, los que cambian de resultado y por qué". This means compare the v0.5 vectors with the v0.6 vectors. For a case-by-case comparison to be meaningful, the cases must be the same cases. The natural way: v0.6 includes all the v0.5 cases (same names/inputs) plus new ones, and the diff lists the v0.5 cases whose result changed. That requires reading v0.5 inputs and re-running them under the corrected oracle, then comparing v0.5's recorded output to the new output.

But the v0.6 export currently regenerates everything from seeds. We could design v0.6 to:
1. Reproduce the v0.5 cases exactly by using the SAME generator code path... but the generator changed.

Alternative robust approach: Write a `diferencias.jl` that parses the frozen v0.5 vector file (like `lector_vectores.jl` but comparing instead of asserting), re-runs the corrected oracle on those exact inputs, and compares the recorded results. Since the inputs are fully in the file, the result is exact and deterministic. Cases that change are exactly those whose blocks had alien cbid (or non-canonical order, though v0.5 has none). This directly satisfies "lista, caso por caso, los que cambian de resultado y por qué". And it uses the frozen v0.5 corpus as the "previous vectors". This is much cleaner and defensible.

Then v0.6 vectors are generated fresh with the corrected oracle and expanded coverage (including order defects), and the diff report compares v0.5 (re-run under corrected oracle) vs v0.5 recorded. Actually, "DIFERENCIAS-v0.5-v0.6.md" implies v0.6 output diff. Since the v0.6 generator differs from v0.5, comparing them case-by-case isn't apples-to-apples. Hmm.

Let me think again. Perhaps the cleanest and most faithful: make v0.6 contain the same case list as v0.5 (replay the frozen v0.5 inputs) PLUS new cases for order and combined defects. Then diff v0.5 vs v0.6 by case name for the shared cases. That way v0.6 genuinely extends v0.5, and the diff is exact.

But generating v0.6 by replaying v0.5 inputs requires a reader that reconstructs cases (like lector). Then re-emit. That's doable: `lector_vectores.jl` already reconstructs cases from the vector file. But exportar.jl's writer needs an `Admision`, which the reader can rebuild. We could add a mode to exportar that reads v0.5 and re-emits. Hmm, but the writer also emits `DESC`, `SEL`, UTXO etc. from the regenerated state. That works.

But wait: the random generator in v0.6 with new `:orden` mode is needed to hit ≥30 order cases. We can add extra cases on top.

This is getting large for a 1-hour budget. Let me consider a simpler, defensible interpretation that still satisfies the letter:

- v0.6 vectors: generated by the same pipeline with the corrected oracle, using the same seeds and same generator *except* adding an `:orden` mode and the cbid invalidation. The generator changes inevitably. The DIFERENCIAS report can be produced by *re-reading the frozen v0.5 vector inputs* and comparing against a re-run under the corrected oracle. Name it `DIFERENCIAS-v0.5-v0.6.md` and state clearly that the comparison replays the v0.5 inputs under the v0.6 oracle (the only way to make it exact) and that all changed cases carry one of the two defects. This is actually the most rigorous.

Hmm, but "con los vectores anteriores" — the previous vectors are v0.5. The diff should be "which v0.5 cases change". Replaying v0.5 inputs under the v0.6 oracle and comparing with v0.5's recorded outputs is exactly "diferencia entre v0.5 y v0.6" for the v0.5 case set. I'll do that, plus note the new v0.6-only cases.

But hold on—there may be an even simpler route intended. Let me check whether the v0.5 random cases contain enough order-defect cases. They don't. But the order requires ≥30 order cases. So v0.6 must add them. For the diff, the new order cases are "new", not "changed". So the diff lists changed v0.5 cases (cbid ones) and explains that order cases are new (v0.5 had none), with the note that no v0.5 case without a defect changes.

Now: to compare v0.5 cases exactly, I need to re-run the frozen inputs. The lector already parses v0.5 and reconstructs. I'll write a `diferencias.jl` (in T04 zone) that:
- parses v0.5 vector file (reuse parsing logic? The order says lector must not reuse exportar; but a new script can reuse lector? Better to write self-contained or reuse `lector_vectores.jl`'s parser by `include`? The lector file calls `main()` at the bottom and exits, so it's not importable. I'd write a dedicated `diferencias.jl` with its own parser or refactor. Given budget, I can copy the parsing approach into a module or reuse `EstadoDAG` plus a parser.

Actually, there's a clever simpler approach: I can compute the diff from the *recorded v0.5 file* and the *v0.6 file* IF the v0.6 file contains the same case names and inputs for the replayed v0.5 cases. If v0.6 replays v0.5 inputs, then the diff is just a textual/semantic comparison of RES/DESC/SEL/UTXO/GAR/EST lines per case. That comparison can be done by a script reading both files. And v0.6 generation can read v0.5 and re-emit.

Hmm, but re-emitting v0.5 inputs under the corrected oracle and then also adding new cases is exactly what we want. Let me design v0.6 generation as:
1. Directed cases (new set, including new evidence-forma cases).
2. Random cases: same seeds as v0.5 (`0x5a5a + r`, same `puntos`, same `npost`, same pesos) but with corrected generator. This will mostly reproduce v0.5 but with cbid blocks invalid. Divergence risk as discussed.
3. Evidence random cases: `PARAMS_DAG_EV`, seeds `0x6000 + 100i + r`, corrected generator (with new order mode).
4. New directed order/cbid cases.

Then the diff: compare v0.5 and v0.6 *by case index/name*. For random cases the seed and point are recorded, so a case can be matched by `(nombre, punto, k, semilla)`. If the generator diverges, the blocks themselves differ (ntx, txs, etc.), so the "diff" would show block-level differences not attributable to the defects, which the order calls a failure. So if divergence happens, the diff would fail. Risky.

Therefore, the safe approach is to guarantee v0.6 random cases are *identical inputs* to v0.5 for the shared seeds. The only way: make the corrected oracle not affect generation of the case inputs. Idea: **generate the DAG structure/txs with a generator that is independent of the oracle's validity decisions.** The current generator interleaves generation and processing. To make v0.6 inputs identical to v0.5, I could change the generator to *not* let validity influence RNG (e.g., pick parents/txs from all prior blocks, not just valid ones). But that would change all v0.6 inputs relative to v0.5 anyway (v0.5 used `validos`).

Alternative: Don't aim for identical random inputs. Instead, do the diff by replaying the frozen v0.5 file. I think this is the intended and rigorous approach: the frozen v0.5 vectors are the "entradas"; the corrected oracle is applied to them; the outputs that change are listed. This is independent of any generator. And it demonstrates exactly the contract correction.

So plan:
- `diferencias.jl`: reads `resultados/vectores-estado-dag-v0.5.txt` (frozen input), reconstructs each case (like lector), runs corrected oracle, and compares the *new* results to the *recorded* results (RES per block, DESC, SEL, UTXO, GAR, EST). Emits `resultados/DIFERENCIAS-v0.5-v0.6.md` (or a report) listing per case: case name/n, changed blocks (old res → new res), changed descendants, and the defect that caused it. It also asserts that every changed case carries a cbid or order defect, and that no other case changes.
- The v0.6 vector file: I still need it. The order says v0.6 is a new vector file. It should have ≥30 cbid, ≥30 order, ≥10 each with valid txs, ≥5 both. I can build v0.6 to *include the v0.5 cases replayed under the corrected oracle* (so they're directly comparable) plus the new directed order cases and additional targeted cases. That yields a v0.6 file whose first part matches v0.5 cases and whose results differ exactly where expected. Then the diff can also be computed by comparing v0.5 vs v0.6 shared cases. That's clean and fully deterministic.

Actually, if v0.6 = replay of v0.5 inputs + new cases, then the DIFERENCIAS report is simply the comparison of v0.5 vs v0.6 for the shared cases, and it's exact. 

But the current `exportar.jl` generates random DAGs from seeds. To replay v0.5, I'd add a build from the parsed v0.5. Hmm, but `exportar.jl` uses `escribir_caso(io, n, nombre, punto, k, semilla, A)`. I can add a code path: parse v0.5 into `(nombre, punto, k, semilla, A)` and write. The parser needs to reconstruct `Admision`. `lector_vectores.jl` has `parsear_fichero` and `verificar_caso`; I could refactor it into a reusable module, but it currently calls `main()` at the bottom. I can create a new file `src/lector_vectores.jl` change? The order says O2 zone includes all of T04, so I can modify it. But minimally: add a `reconstruir_fichero(ruta)` function and guard `main()` with `abspath(PROGRAM_FILE) == @__FILE__`. Then `diferencias.jl`/`exportar.jl` can include it. But `lector_vectores.jl` uses `using EstadoDAG` and is run as a script with `--project`; including it from within EstadoDAG would be circular. Better: create `src/lector_vectores_lib.jl`? Hmm.

Given time budget (1h), maybe I should keep it simpler and avoid over-engineering. Let me reconsider: the order's core deliverable is the behavior correction + new vectors + diff report. The diff report can be generated by a script that replays v0.5 inputs. But that's a substantial parser (already exists in lector). I can copy `lector_vectores.jl` to a new script `src/diferencias.jl` and adapt it to collect diffs instead of asserting. That's pragmatic and self-contained (doesn't touch lector). "No reutiliza" rules apply to the lector, not to a new tool. But duplicating ~340 lines is a lot. Alternatively, refactor lector into a library. Let me check the actual v0.5 case count and whether a simpler diff suffices.

Actually — wait. There's a much simpler realization. The v0.5 vectors record `DESC bloque=... motivo=ErrCbidAjeno` lines. In v0.6, those cases' blocks become invalid. The diff could be computed by simply identifying, in the v0.5 file, every case containing `motivo=ErrCbidAjeno` or with a non-canonical order in the `ev=` fields, and reporting the changes. But to know the *new* result (which block becomes invalid, what descendants), I need to re-run. However, the order says "lista, caso por caso, los que cambian de resultado y por qué" — I could derive the new result by re-running the corrected oracle through the lector approach.

Hmm, let me step back and consider the time budget. This is a substantial task. Let me first check whether O1 (T01) has already been run or is running; the presence of `SL4c-O1-dsh.stderr` (170 bytes) suggests it was launched and maybe failed quickly. If O1 finished, T01 would have `ErrForma` already. Let me check the T01 directory mtimes and the stderr file. This matters: if T01 is already corrected, T04's include will have new error names, and I must adapt. Let me check.

Let me look at the O1 stderr and T01 files.
dsh: reasoning:
Interesting — the `.stderr` file content appears to contain the *prompt text* rather than actual stderr. And T01 files are dated 19:xx, i.e., before this order (23:10). So O1 hasn't run yet (the O1 stderr is essentially empty, 170 bytes). The SL4c-O1 and O2 stderr files seem to contain prompt echoes? Hmm, the output shown is from `cat SL4c-O1-dsh.stderr` which somehow shows my own reasoning? No wait — the output above is confusing because the bash output got mixed with the harness. Actually looking carefully, the output shows the content of `SL4c-O1-dsh.stderr` which is 170 bytes. But then a huge dump of... my own reasoning? That's the "dsh" narrative. That's weird. It seems the tool output includes the model's own prior reasoning text as part of some transcript. Actually no — I think what happened: the `.stderr` file content got interleaved with the "Omitted..." spill. The massive text is likely from `/tmp/dsh-subprocess.../stdout.log`? No.

Let me ignore that. Key info: T01 files are dated 19:18, before the 23:10 order. So O1 has NOT been applied yet. Therefore T01 still has `ErrCbidAjeno`/`ErrOrdenCanonico` and no `ErrForma`. Good — O2 must be independent of O1 changes.

Also note: the bash output includes what appears to be my own reasoning transcript ("dsh: reasoning:"). That's the spill file content? It's confusing, but not important.

Wait, actually there's something important: The output indicates the file `SL4c-O1-dsh.stderr` contains the order's text? "So I need to: 1. Read the relevant contracts..." — that looks like MY reasoning, not a file. I suspect the harness's `cat` output got contaminated. Let me just re-check the two stderr files cleanly and T01's Transicion.jl mtime to confirm O1 hasn't modified it.

Actually, the truncation note says full output stored at /tmp/dsh-subprocess.../....log. The huge text may be the log. Regardless, let me verify T01 hasn't changed by checking for `ErrForma` in T01 — earlier grep showed no ErrForma in T01. And mtimes 19:18. So confirmed: O1 not done.

Let me now verify the current git-less state and whether T04's code currently runs. Let me run the existing test suite quickly to establish a baseline (but it might take a while). Actually, the instruction says 1 thread, budget 1h. Let me first run a quick sanity test: load EstadoDAG and check the current linter. But before that, let me decide on the missing-definition report.

Let me now think carefully about the ambiguities to report:

**Ambiguity A (naming/representation of form errors in the Julia T04 oracle).** The order mandates `ErrForma(EvidenciaCbidAjeno)` / `ErrForma(OrdenCanonicoInvalido)`, but T04's block-invalid motives are `Symbol`s and its vector `RES` line renders them with `string`. T04 has no `ErrForma` type and, since it includes T01 read-only and O1 hasn't run, cannot rely on one. Interpretation: T04 represents block-level form motives as `Symbol`s `:ErrFormaEvidenciaCbidAjeno` and `:ErrFormaOrdenCanonicoInvalido`, rendered in vectors as `ErrForma(EvidenciaCbidAjeno)` / `ErrForma(OrdenCanonicoInvalido)`. That matches the order's names exactly while keeping the `Symbol` motive type. This is what I'll do: store the motive symbol but render with a dedicated function that produces the contract string. Wait — but the lector reconstructs and compares using `string(get(A.motivos, b.id, :ErrSinPadre))`. If I store `:ErrFormaEvidenciaCbidAjeno` and the exportar renders it specially, the lector (independent) must render identically. So I need a shared render function? No — the lector is "independent" by design and duplicates logic. If both use `string(...)`, and I define the symbol's string via... Symbols stringify to their name without colon: `string(:ErrFormaEvidenciaCbidAjeno)` = "ErrFormaEvidenciaCbidAjeno". To get "ErrForma(EvidenciaCbidAjeno)" I'd need a mapping function in both exportar and lector. That's fine (duplicate the mapping independently).

Alternatively, store the motive as a `String` directly? The `motivos` dict is `Dict{Int,Symbol}`. Could change to `Dict{Int,String}`, but that touches a lot. Better: keep Symbol and add a `motivo_str` helper used by exportar and lector (independently implemented to preserve independence). Hmm, but the lector's `verificar_caso` builds expected `obt = string(get(A.motivos, ...))`. I can change it to use a small local mapping. That's acceptable.

Actually, simpler and cleaner: define a new enum-like type in T04 for block motives? No, too invasive.

Even simpler: name the symbols so that `string()` yields the exact desired text? Impossible with parentheses.

Alternative interpretation: Represent the form error as a `Symbol` `Symbol("ErrForma(EvidenciaCbidAjeno)")`. Julia allows symbols with arbitrary strings: `Symbol("ErrForma(EvidenciaCbidAjeno)")`. Then `string(...)` gives exactly `ErrForma(EvidenciaCbidAjeno)`. That's elegant and requires no mapping. But it's a bit unusual. Hmm. But it works perfectly with the existing rendering and the independent lector. I could define constants:
```julia
const MOTIVO_FORMA_CBID = Symbol("ErrForma(EvidenciaCbidAjeno)")
const MOTIVO_FORMA_ORDEN = Symbol("ErrForma(OrdenCanonicoInvalido)")
```
`string(:X)` for such a symbol? Let me verify: `string(Symbol("a b"))` returns "a b"? Actually `string(Symbol("a b"))` returns "a b". Yes, `string(::Symbol)` is defined as the symbol's name. And `show` gives `Symbol("a b")` but `string` gives "a b". The exportar uses `string(get(A.motivos, b.id, :ErrSinPadre))`, so yes it'd render exactly. Good. That's the minimal-change approach.

But is a `Symbol` with parentheses appropriate? It's a pragmatic encoding. The order's names are strings; the vector is text. I think this is acceptable and I'll document it.

Hmm, wait. Let me reconsider whether the director expects T04's blocks to reference the *same* `ErrForma` type from T01. Since T04 is an independent oracle that includes T01, maybe the cleaner design is: O1 defines in T01 an `ErrForma` struct (or `Err` members). But O1 hasn't run. If I make T04 depend on T01's `ErrForma`, O2 would break until O1 runs. The order launches them separately and they must each be self-consistent. So T04 must not depend on O1. My independent check + symbol is right.

**Ambiguity B (does O2 need to add the order-defect generator and coverage, and does "caso" mean block or evidence?** The order says "≥30 casos con EvidenciaCbidAjeno". I'll define coverage counters for both blocks and evidence instances and exceed 30 in both. Not really a missing definition, just interpretation.

**Ambiguity C (DIFERENCIAS report basis).** The order says compare v0.5 vs v0.6. I'll define the comparison as replaying the frozen v0.5 inputs under the corrected v0.6 oracle and comparing recorded vs new output, plus noting new v0.6-only cases. I should report this interpretation.

**Ambiguity D (relationship with O1 / T01 semantics).** Since T04 includes T01 read-only, and T04 now rejects these defects at forma before calling `aplicar_evidencia!`, no dependency. But after O1 removes the checks from `aplicar_evidencia!`, T04 still works. If O1 does NOT remove them, T04 still works (forma first). Also, references to `Transicion.ErrCbidAjeno`/`ErrOrdenCanonico` in T04 must be removed because after O1 they may no longer exist. This is a cross-zone coupling to report.

Hmm, actually there's a real problem: O2's tests must pass *now*, with the old T01. If I remove all references to `Transicion.ErrCbidAjeno` from T04, that's fine now. But T04's `run.jl`/`exportar.jl` currently use them; I'll remove. Good.

But another issue: after O1 changes T01's `Err` enum, T01's `evidencia.jl` (a test/generator file? it's in src, maybe included by T01's tests) may change. T04 doesn't include `evidencia.jl`; it includes only `Transicion.jl`. Let me confirm: `include(RUTA_T01)` includes the whole Transicion.jl. T04's GDR.jl includes modelo.jl+referencia.jl. So T04 doesn't see T01's evidencia.jl. Good.

Now, one more critical issue: `Transicion.ErrCbidAjeno`/`ErrOrdenCanonico` may disappear from the enum after O1. But T04 currently calls `Transicion.aplicar_tx!` (which calls `aplicar_evidencia!`). If a block somehow has an evidence with cbid defect and T04's forma check doesn't catch it (e.g., in older vectors?), `aplicar_evidencia!` after O1 will no longer return those errors; it would proceed to semantic checks. But T04's forma check catches them at admission, so they never reach application. However — the *lector re-reads the frozen v0.5 file*: the blocks in v0.5 have cbid-defective evidence; the corrected T04 will mark them invalid at admission. Good.

Now, what about a subtle case: an evidence tx with alien cbid that is in a block that is *already invalid* for a structural reason (e.g., no padre). Then `chequear_forma` returns the structural motive first. Good, precedence.

What about evidence tx in a *valid* block but in a branch not selected: it's invalid at admission. Good.

Now, another subtlety: the `_descartes_mergeset` and `estado_virtual`/`aplicar_historia` apply blocks from the mergeset of a valid block. Since invalid blocks are not in GDR (not added), they can't appear in a valid block's mergeset. But wait: `procesar_uno!` fails forma BEFORE adding to GDR, so the invalid block isn't in `A.gidx`/`A.gdr`. Its descendants have `p` with `!A.validos[p]` → `ErrSinPadre`. So they're rejected too. Good. So the invalid evidence block's txs never get applied.

Hmm, but does the invalid block still appear in `A.por_id`? Yes, `marcar_invalido!` sets `A.por_id[b.id] = b`. That's needed so the vector can print it and `RES` its motive. Good.

Now, when computing `A.past`/`A.post` for descendants, they're not set for invalid blocks. `verificar_ie1_ie2_ie4` iterates over valid blocks only (probably). Let me read propiedades.jl to check.

Also `invariante_I1` on states: the invalid blocks never contribute. Good.

Let me read propiedades.jl.
dsh: reasoning:
I now have enough understanding. Let me check the `evidencia` constructor signature to design the generator modes.

Let me read T01 Transicion.jl lines 300-340.
dsh: reasoning:
Now I have enough context. Let me get the API model name and current time. Actually, the order says report the model name that the API returns. I'll capture that at the end via a small API call if credentials exist. The launcher sourced `/home/katana/torio/deepseek-harness/.env`. I can query the model name? The order says "el nombre de modelo que devuelve la API". Perhaps `deepseek-flash`. I'll check env or use a request. But careful about secrets — do not show secrets. Let me see if there's a way. I'll handle later.

Let me now plan the work with a todo list and inform about the missing definition. Given I must "inform before editing", I'll write my report in text, then proceed. Actually, since this is a single-agent headless run, I should state the finding clearly and then proceed with a documented interpretation, so as not to block. But the user explicitly said "Si detectas una falta de definición, infórmala antes de editar." So I'll produce a clear message and then continue editing in the same turn? Hmm — "antes de editar" means the information should come before edits. I can output text then continue tool calls? In this agent framework, my text and tool calls are interleaved; the final answer comes at the end. To truly inform before editing, I could end my turn with the finding and wait. But then the task wouldn't be done and the harness might consider it complete. Given the launcher is headless, stopping would abandon the order. 

I think the right move: state the detected under-specifications explicitly in my response, and then proceed with the well-justified interpretation, clearly marking them. The spirit is: don't silently invent rules. I'll document them prominently and proceed, since the alternative (halting) fails the order's deliverables. Actually, let me reconsider: The order itself provides enough to decide. The definition gaps are minor representational choices, and the order says "no cambias ninguna otra regla (si el cambio exige tocar otra, para e informa antes de editar)". The key phrase "si el cambio exige tocar otra [regla], para e informa antes de editar". So the instruction to inform is tied to needing to touch another rule. Here, do I need to touch another rule? Let me check: the behavior change is within T04 (add forma check). It doesn't require T01 changes (O1 does that). It does require changing coverage/generator to include order defects, which is within O2's mandate ("vectores nuevos ... cobertura mínima"). I don't think I need to change another rule. The naming representation is an interpretation, not another rule.

However, there IS a genuine cross-rule issue: **the order says the two oracles use the same error names and precedence, and O2 cannot modify T01.** And T04 includes T01 (read-only). If O1 changes T01's `aplicar_evidencia!` to remove the cbid/order semantic checks, T04's behavior is unaffected. If O1 also *renames the semantic error enum*, T04 must not reference the old names. I'll remove those references. So no blocker.

Another genuine issue: **the order says "en modo estricto (T01), como cualquier otro error de forma de una transacción (el bloque es inválido); en fusión (T04), el bloque que la contiene es inválido en la admisión, no un descarte."** This is clearest. Also, the order says "en T04 al menos 10 de cada uno en un bloque que además contiene transacciones válidas". So the generator must produce defective-evidence blocks that also carry ordinary valid txs. Currently `generar_dag_aleatorio` builds coinbase + optional one operation + optional evidence. So a block with evidence cbid could also have a valid transfer. The order requires at least 10 such cases each. With random generation, some will have both. But to guarantee ≥10, I should add directed cases and/or a generator mode that deliberately includes a valid operation alongside the defective evidence. I'll add directed cases and dedicated generator seeds.

Hmm, "casos" might mean directed "casos" in the vector file (CASO). The coverage minimum is best measured by explicit counters in cobertura-v0.6.txt.

Let me now decide the minimal but sufficient implementation:

### Behavior change (src/EstadoDAG.jl)
Add constants and helper `chequear_forma_evidencia(A, b)` returning a motive Symbol or `nothing`, called at the end of `chequear_forma` (after structural checks). Two passes: cbid then order. Use `Symbol("ErrForma(EvidenciaCbidAjeno)")` and `Symbol("ErrForma(OrdenCanonicoInvalido)")`.

Wait, precedence detail: The order says structure → cbid → order. But `chequear_forma`'s structural checks include coinbase. The evidence structural check (`n_in/n_out/n_wit`, `evidencia === nothing`) — should `evidencia === nothing` be considered before cbid? In `aplicar_evidencia!`, `evidencia === nothing` returns `ErrSinEvidencia` (semantic). The order's structure list includes "forma de las dos cabeceras", so a missing evidence is arguably a form problem, but it's not in scope. I'll only check cbid/order for txs where `evidencia !== nothing`. If `evidencia === nothing`, leave it to semantics (as before) — no behavior change. Good.

### Ensure `A.pd.P.cbid` is the local network cbid
`Params.cbid` is the local network id. Good. For the base grid, cbid=0 and evp=false, so no evidence txs. For PARAMS_DAG_EV, cbid=7.

### Generator updates (src/generadores.jl)
- `evidencia_aleatoria`: add modes `:orden` (H1.pre_hash ≥ H2.pre_hash) and `:ambos` (alien cbid + non-canonical).
- `generar_dag_aleatorio`: include the new modes in the random selection. But adding modes changes the mode tuple → different random stream. That's fine for v0.6 (fresh generation). But it will change all random cases relative to v0.5, so the diff-by-corpus approach is needed.
- Add a knob to include a valid operation alongside the evidence so ≥10 cases have both. Actually, `p_tx=0.5` already gives ~50% chance of an operation. But not guaranteed valid; `operacion_aleatoria` builds from a valid parent state so it usually validates. I'll add coverage counters and generate enough cases.

Actually, to reliably meet "≥10 de cada uno en un bloque que además contiene transacciones válidas", I'll add dedicated directed cases and also count in the random corpus. Let me add 4 directed cases:
- D-19: cbid alien + valid transfer in same block → block invalid, transfer not applied, descendant invalid.
- D-20: order defect + valid transfer → block invalid.
- D-21: both defects (single evidence) → cbid motive.
- D-22: precedence across two evidence txs (order in one, cbid in another) → cbid motive.
- D-23: block with cbid defect and another with order defect in separate branches; both invalid; a valid sibling with no defect remains valid (to show only defective blocks invalid).
Maybe I'll also make a "valid twin" block identical but with canonical cbid to show it's valid.

### Coverage (exportar.jl)
Add a function `contar_forma_evidencia(A, acc)` that scans all blocks in `A.por_id`:
- For each block with motive `MOTIVO_FORMA_CBID` or `MOTIVO_FORMA_ORDEN`: increment `bloque_cbid`/`bloque_orden`; increment `ev_cbid`/`ev_orden` by count of evidence txs with that defect; check whether block has any non-coinbase, non-evidence tx that would be "valid" (evaluate it against past? simpler: count any tx of type Transferencia/Deposito/Retiro/Liberacion). Increment `con_tx_*`.
- `ambos`: for each invalid block with cbid motive, check if it also contains a defect of order (in any evidence tx) → increment.
This is deterministic and independent enough.

Actually, the "motive" stored in `A.motivos` for a block is a single symbol. If a block has both defects, motive = cbid. To count `ambos`, inspect the block's txs: has alien cbid AND has non-canonical order somewhere. Good.

### Vectors v0.6 (exportar.jl)
Change defaults to v0.6 and header. Add order-mode coverage. Keep same line format. Include directed cases (update `casos_dirigidos`).

### lector_vectores.jl
Change default to v0.6 and update expected motive string rendering. Since I use `Symbol("ErrForma(...)")`, `string()` renders exactly, so no change needed except default path. But the lector's `parsear_tx` handles `ev=` — good.

Wait, there's a problem: the lector reconstructs `BloquePost` from the vector. But for invalid blocks, does the vector still emit the BLOQUE line and its TX lines? Yes, `escribir_caso` iterates `A.por_id` (all blocks). For invalid blocks, it emits the RES with motive. Good. And the lector parses them and re-runs, comparing. Good.

But now the invalid block's txs might include evidence with `ev=`. The lector's `parsear_tx` reconstructs it. Good.

### run.jl
Update to count the new forma errors (blocks invalid) instead of cbid discards; add directed assertions; default log v0.6.

### Tests
Update D-18 assertions (cbid no longer discard), add new testset for forma. Update reread path to v0.6. Keep all previous test names.

### DIFERENCIAS report
Write `resultados/DIFERENCIAS-v0.5-v0.6.md` generated by a script `src/diferencias.jl` that replays frozen v0.5 inputs through the corrected oracle and compares. Given budget, I'll implement it by reusing the lector's parsing logic via a new self-contained script. Actually, I realize I can avoid duplicating the whole parser: The `lector_vectores.jl` already parses and reconstructs. I can refactor it minimally: wrap the parsing/reconstruction in functions and guard `main()` with `if abspath(PROGRAM_FILE) == @__FILE__`. Then `src/diferencias.jl` can `include("lector_vectores.jl")`? But `lector_vectores.jl` does `using EstadoDAG` at top; including it inside a script that already did `using EstadoDAG` is fine. And the guard prevents `main()`/`exit` on include. Then diferencias.jl can call `parsear_fichero`, `verificar_caso`-like logic. But `parsear_fichero` and the render functions (`r_utxo`, etc.) are defined at top level in the included file, so they become available. That's convenient. However, the order's "el lector independiente ... NO reutiliza ninguna función de exportar.jl" is preserved. And diferencias.jl reusing lector is acceptable since it's a separate diagnostic, not the lector.

But modifying `lector_vectores.jl` to be includable requires care: it currently ends with `main()`. I'll change to:
```julia
if abspath(PROGRAM_FILE) == @__FILE__
    main()
end
```
Wait, `main()` calls `exit(...)`. When run as script, `PROGRAM_FILE` equals the script path. When included, `PROGRAM_FILE` is the including script's path, so `@__FILE__` differs → no auto-run. Good.

Then `src/diferencias.jl`:
```julia
using EstadoDAG
import EstadoDAG.Transicion
include("lector_vectores.jl")   # defines parsing + render + verificar_caso
# replay v0.5 and compare
```
Hmm, but `lector_vectores.jl` uses `const RUTA_DEF = "resultados/vectores-estado-dag-v0.5.txt"` and at top does `using EstadoDAG`. Including from within `src/` while run from T04 root: the `include` path resolution is relative to the including file, so `include("lector_vectores.jl")` from `src/diferencias.jl` resolves to `src/lector_vectores.jl`. Good.

But `verificar_caso` compares and pushes discrepancies; it doesn't record old-vs-new per case. I need a function that returns the changed items. I can write my own comparison in diferencias.jl using the parsed `CasoLeido` and rendering functions. That's moderate work but manageable.

Actually, simpler: I can compare the *recorded* v0.5 result strings with the *v0.6* recorded result strings for the shared cases, if v0.6 replays v0.5. But I already decided v0.6 is freshly generated. Hmm.

Let me simplify the whole thing: Make v0.6 generation **replay the frozen v0.5 inputs** for the shared cases, then append new directed/order cases. Then:
- The v0.6 file contains the v0.5 cases (same inputs) with corrected results, plus new cases.
- `DIFERENCIAS-v0.5-v0.6.md` is a textual/semantic comparison of v0.5 vs v0.6 for the shared cases, generated by `src/diferencias.jl` that parses both files and compares per-case RES/DESC/SEL/UTXO/GAR/EST lines.
- Every change is attributable to cbid/order defects; assert that.

This avoids re-running the oracle in diferencias.jl (just compare two files) and avoids the lector refactor. But it requires `exportar.jl` to replay v0.5 inputs to build the v0.6 shared cases. That requires parsing v0.5 in exportar (or including lector). Hmm, still need a parser.

Alternatively, v0.6 could just be generated fresh and DIFERENCIAS replays v0.5 through the corrected oracle using the lector's parser. Either way I need the parser in one place.

Given the budget, maybe the cleanest: write `src/diferencias.jl` that includes a refactored `lector_vectores.jl` and does the replay-vs-recorded comparison. And keep v0.6 generation simple (fresh generator). The report will state: "The comparison replays the frozen v0.5 cases' inputs under the corrected oracle (v0.6 semantics) and compares with the v0.5 recorded outputs; this is the exact case-by-case difference for the v0.5 case set. New v0.6-only cases (order defects) are listed separately as additions."

This satisfies "lista, caso por caso, los que cambian de resultado y por qué" and "todo caso que cambie sin llevar uno de los dos defectos es un fallo".

For the report to programmatically verify "every changed case carries a defect", diferencias.jl needs to detect defects in the parsed v0.5 case. The parsed `CasoLeido` has `post_bloques` with txs. I can scan evidence txs for alien cbid or non-canonical order. Using `pd` (parsed params) for local cbid. Good.

So `diferencias.jl`:
1. Parse v0.5 → casos.
2. For each case: determine which blocks have defective evidence (cbid alien OR order). Compute set of changed lines by re-running the oracle (like `verificar_caso` but collecting the new render) and comparing to recorded.
3. Emit markdown with: case n/name, defective blocks, old→new RES for changed blocks and descendants, DESC/SEL/EST changes.
4. Assert: changed cases ⊆ defective cases. If a case changed without defect → report "FALLO".

The re-run logic is exactly `verificar_caso` but instead of pushing discrepancies, produce the new renders. I'll write that in diferencias.jl using the parsed case and the oracle API, reusing the render functions from lector (r_utxo, r_gar, r_est).

Actually, I realize the lector's `verificar_caso` already re-runs and compares, but it doesn't output new values. I'll write a new function in diferencias.jl. That's fine.

To make lector includable without its `main` running, I need the guard. That's a tiny edit. Alternatively, differences.jl could duplicate `campos`, `parsear_*`... no, too much. I'll add the guard.

Wait, there's a subtlety: `lector_vectores.jl` defines `parsear_fichero` which requires the vector lines to include `ev=`. v0.5 does. Good.

Now, the concern: time. Let me estimate. This is a lot of code. But let's go step by step.

Actually, hold on. Let me reconsider the effort vs. the 1-hour budget and the possibility that the grading is mostly about the behavior correction and coverage. The DIFERENCIAS report is explicitly required. I'll implement it.

Let me also double check: Does the order require the v0.6 vectors to be generated from the same cases as v0.5? Not explicitly. It says "Vectores nuevos ... con el mismo formato de línea; los v0.4/v0.5 quedan intactos como históricos." So v0.6 is just new vectors. And point 4's diff "con los vectores anteriores". The most defensible diff is the replay of v0.5 inputs. I'll do that and document it.

Let me now also consider: Maybe generating v0.6 fresh means the random cases are totally different, and the diff (replay of v0.5) is legitimate but the director might want v0.6 to include the v0.5 cases so that the vectors themselves are comparable. To be safe, I'll make v0.6 **contain the v0.5 cases first** (replayed through the corrected oracle) and then the new generated cases. Hmm, but that doubles work: replaying v0.5 requires the parser in exportar.jl. But I'm already making lector includable. Could exportar.jl include lector? exportar.jl is a script run with `julia --project=. exportar.jl`, and it does `using EstadoDAG`. I could `include("src/lector_vectores.jl")` and use `parsear_fichero`. But lector's `parsear_fichero` returns `CasoLeido` with fully reconstructed `Admision` inputs; I need to reproduce the `Admision` from those inputs. The `verificar_caso` does exactly that. I can add a helper to lector that returns `(A, pd)` for a case, then exportar uses it. Hmm, but that risks the "independent lector" purity? The lector would gain a helper; exportar would depend on lector (the reverse of the intended direction). The intended design is exportar writes, lector independently reads. If exportar imports the lector's parser, a bug in the parser could affect both writer and reader, weakening independence. Better not.

Alternative: For v0.6, generate fresh cases with the corrected generator, AND additionally re-emit the v0.5 cases by *running the same generator with the same seeds*? No.

Let me step back. I think the cleanest, most defensible, and least risky interpretation:
- v0.6 is generated fresh by the corrected pipeline (same generator structure, plus order mode), with the required coverage.
- DIFERENCIAS-v0.5-v0.6.md is generated by replaying the frozen v0.5 vector inputs under the corrected oracle and comparing to v0.5's recorded outputs. This is exact and directly proves the point. It's a "difference with the previous vectors" report.
- Additionally, the report notes the new v0.6 cases (order defects, both defects) that v0.5 lacked.

I'll document the interpretation as a "falta de definición" item (how to make the case-by-case diff exact when the generator changes). Good.

Now let me get started. First, let me establish a baseline by running the existing tests quickly? The full Pkg.test may take a while and use the frozen T01. Let me first check julia availability and run a quick load.

Let me check `veritas/julia.sh` and julia version.
dsh: reasoning:
Let me set up the todo list and start implementing. First, let me record the goal? This is a long-running objective but the instruction says create_goal only for long-running completion objectives. This is a bounded single order, ~1h. I'll use todo_write instead.

Actually, the order is a substantial task. Let me create a todo list.

Let me also check: what's the API model name? I'll deal with HORAS.log later.

Let me plan the edits precisely.

### Edit 1: src/EstadoDAG.jl
Add motive constants and the forma-evidence check.

Location: after `mapear_motivo_gdr` and before `chequear_forma`, define constants and helper. Then call helper inside `chequear_forma` before `return nothing`.

Constants:
```julia
# SL-4c-O: forma de la EvidenceTx v4. Los motivos se codifican como `Symbol` con
# el nombre exacto del contrato; el render (`string`) produce
# `ErrForma(EvidenciaCbidAjeno)` / `ErrForma(OrdenCanonicoInvalido)`.
const MOTIVO_FORMA_CBID = Symbol("ErrForma(EvidenciaCbidAjeno)")
const MOTIVO_FORMA_ORDEN = Symbol("ErrForma(OrdenCanonicoInvalido)")
```

Helper:
```julia
"""
Comprueba la forma v4 de las `EvidenceTx` del bloque (SL-4c-O, RAT-1/EV-04).

Precedencia fija: primero `cbid` de **ambas** cabeceras (el de la red local),
después el orden canónico estricto `pre_hash(H1) < pre_hash(H2)`. La comprobación
es global al bloque: cualquier `cbid` ajeno gana a cualquier orden no canónico.
Una `EvidenceTx` sin cabeceras (`evidencia === nothing`) no se toca aquí: sigue
siendo un rechazo semántico (`ErrSinEvidencia`), fuera del alcance de esta orden.
Devuelve `nothing` si pasa, o el motivo de bloque (`Symbol`).
"""
function chequear_forma_evidencia(A::Admision, b::BloquePost)
    cbid_red = A.pd.P.cbid
    for tx in b.txs
        tx.tipo == Transicion.TxEvidencia || continue
        ev = tx.evidencia
        ev === nothing && continue
        (ev.id1.cbid == cbid_red && ev.id2.cbid == cbid_red) || return MOTIVO_FORMA_CBID
    end
    for tx in b.txs
        tx.tipo == Transicion.TxEvidencia || continue
        ev = tx.evidencia
        ev === nothing && continue
        ev.h1.pre_hash < ev.h2.pre_hash || return MOTIVO_FORMA_ORDEN
    end
    return nothing
end
```

In `chequear_forma`, before `return nothing`:
```julia
    mf = chequear_forma_evidencia(A, b)
    mf !== nothing && return mf
    return nothing
```

Wait, precedence: the order says structure (entradas/salidas/testigos, campos inactivos, forma de las dos cabeceras) → cbid → order. The current `chequear_forma` structural checks are: padres, slot, coinbase. The evidence structural checks (entradas/salidas) are NOT in `chequear_forma`; they remain semantic. So placing the evidence forma check at the end is consistent: cbid/order are checked after the block's structural checks. Good.

### Edit 2: src/generadores.jl
Update `evidencia_aleatoria` to add modes `:orden` and `:ambos`:
```julia
function evidencia_aleatoria(rng, S, P, slot; modo=:valida)
    c = P.cbid
    k = 1
    s = slot
    if modo == :cbid
        c = P.cbid + 1
    elseif modo == :tardia
        s = slot - P.Plazo_slots
    elseif modo == :sin_saldo
        k = 99
    elseif modo == :clave
        ks = sort(collect(keys(S.garantias)))
        isempty(ks) || (k = ks[rand(rng, 1:length(ks))])
    end
    r1 = rand(rng, UInt64)
    r2 = rand(rng, UInt64)
    if modo == :orden
        # orden no canónico: H1.pre_hash >= H2.pre_hash
        r2 = r1
    elseif modo == :ambos
        c = P.cbid + 1
        r2 = r1
    end
    r1 == r2 && (r2 = r1 + UInt64(1))
    lo, hi = min(r1, r2), max(r1, r2)
    ev = Transicion.evidencia(c, k, 0, 0, 0, s, lo, hi)
    return Transicion.tx_evidencia(ev)
end
```
Wait, for `:orden` and `:ambos`, r2 = r1, then `r1 == r2 && (r2 = r1 + 1)` would make it canonical again! I need to handle that. Let me restructure:
```julia
    no_canonico = modo == :orden || modo == :ambos
    if modo == :ambos
        c = P.cbid + 1
    end
    r1 = rand(rng, UInt64)
    r2 = rand(rng, UInt64)
    if no_canonico
        # fuerza pre_hash(H1) >= pre_hash(H2) (aquí, igualdad)
        r2 = r1
    end
    lo, hi = min(r1, r2), max(r1, r2)
    ev = Transicion.evidencia(c, k, 0, 0, 0, s, lo, hi)
```
But without the `r1 == r2 && (r2 = r1+1)` fix, `:valida` could produce r1 == r2 (extremely unlikely for UInt64) → canonical order requires strict `<`; if r1==r2 the evidence would be rejected as non-canonical even in `:valida` mode. The original guarded against that. I'll keep the guard only for the canonical modes:
```julia
    if no_canonico
        r2 = r1                      # H1 = H2 ⇒ orden no estricto
    elseif r1 == r2
        r2 = r1 + UInt64(1)
    end
    lo, hi = min(r1, r2), max(r1, r2)
```
Note: for `:orden`, lo==hi, and `pre_hash(H1) = lo = hi = pre_hash(H2)`, so `h1.pre_hash < h2.pre_hash` is false → order defect. Good.

In `generar_dag_aleatorio`, update the mode selection tuple. Currently: `modo = rand(rng, (:valida, :valida, :clave, :cbid, :tardia, :sin_saldo))`. Add `:orden` and `:ambos`. To get ≥30 order and ≥5 both, and given ~p_ev=0.12 over many blocks, I can weight: `(:valida, :valida, :clave, :cbid, :orden, :tardia, :sin_saldo, :ambos)`. The order defect rate would be ~1/8 of evidence txs. With v0.5 having 770 evidence txs, ~96 order. But now cbid and order blocks are invalid and don't propagate; the number of evidence txs generated is roughly the same (generation independent of validity mostly). Should be enough. But the `:ambos` rate ~1/8 → ~96, which is ≥5. Good. Actually to be safe I'll do dedicated directed cases and also increase evidence coverage in exportar.

But there's a catch: now that cbid/order evidence invalidates the block, the `validos` list shrinks and subsequent blocks may be more often invalid (ErrSinPadre). The number of evidence txs generated could drop because `!isempty(validos)` remains true generally. Fine.

Hmm, another catch: `generar_dag_aleatorio` processes blocks sequentially. If a block with defective evidence is invalid, its id is in `ids` but not `validos`. Subsequent blocks may choose it as a parent (from `cand = ids`), and then become invalid (ErrSinPadre). This could cascade and reduce valid blocks a lot. With p_ev ~0.12 and defect probability ~(1/8+1/8)=1/4 of evidence, ~3% of blocks invalid from evidence, cascading maybe. Could be manageable. But it might hurt coverage of ordinary operations. The v0.6 vectors' coverage only requires evidence counters (the order) plus presumably prior coverage minimums? The order says "todos los tests previos ... y los nuevos". The coverage file has minimums for operations (deposits ≥150, etc.) from ORDEN-T04-C. Those were for v0.5. The order SL-4c-O doesn't restate them, but the verification says prior tests + new. The `cobertura-v0.6.txt` should probably still meet the same minimums. Risk: invalid evidence blocks reduce valid operations below minimums. To mitigate, I can decrease the defect rate in the random generator (e.g., only 1/12 evidence is cbid/orden) and add dedicated directed/explicit cases to guarantee the ≥30/≥30. That's safer.

Actually, the cleanest way to guarantee coverage without perturbing the random corpus too much: add a **dedicated section** in exportar.jl that emits targeted cases (≥30 cbid, ≥30 order, ≥10 each with valid txs, ≥5 both) constructed deterministically, and keep the random evidence modes minimal (maybe remove `:cbid` from random and use dedicated cases). Hmm, but the order says "≥30 casos con EvidenciaCbidAjeno" — dedicated cases count. And "en T04 al menos 10 de cada uno en un bloque que además contiene transacciones válidas". So I can build exactly, say, 40 cbid cases and 40 order cases as dedicated vector cases, each a small DAG. That gives full control and exact counts, independent of random cascades.

This is attractive: create a generator function `generar_dag_forma(rng, pd; modo, con_tx_validas)` that builds a small DAG with a defective evidence block (+ optional valid transfer) and a valid descendant. Then `exportar.jl` emits, say, 35 cbid, 35 order, and 10 both, each with valid txs. Then counts are guaranteed. The random corpus can keep a smaller cbid/order rate or none. Actually, the random corpus should also include the new behavior for IE-3/random testing. I'll keep `:cbid` and add `:orden`/`:ambos` but maybe reduce to avoid over-invalidating. Let me keep the tuple but add order/ambos; and rely on dedicated cases for the minimums.

Hmm, let me reconsider: I want run.jl and Pkg.test to exercise the new behavior robustly. Adding a dedicated generator is good.

Let me design `generar_dag_forma`:
```julia
"""
Historia dirigida de forma v4 (SL-4c-O): un bloque de cadena `Tb` (coinbase),
un bloque `X` con coinbase + una operación válida (opcional) + una `EvidenceTx`
defectuosa (`:cbid`, `:orden` o `:ambos`), y un hijo `Y` que lo extiende. El
bloque `X` debe quedar inválido; `Y` también (ErrSinPadre). Devuelve `(A, meta)`.
"""
function generar_dag_forma(rng, pd; modo::Symbol = :cbid, con_tx::Bool = true)
    ...
end
```
But building a valid transfer requires a spendable UTXO. `base_dirigida` gives a PoW prefix with deposits; the terminal's UTXO should have spendable outputs. Use `utxo_gastable` from dirigidos.jl (defined before generadores? No: `include("generadores.jl")` comes before `include("dirigidos.jl")` in EstadoDAG.jl. So generadores.jl can't use `utxo_gastable` at definition time but can at call time (functions resolved at runtime). Since both are included in the same module, `generar_dag_forma` can call `utxo_gastable` as long as it's defined before the function is *called*. That's fine. But cleaner to avoid cross-dependency: build the operation manually using `S.utxo`.

Actually, let me place the new directed cases in `dirigidos.jl` (which already has `base_dirigida`, `utxo_gastable`, `_ev_bloque`, `_pd_ev`). The coverage driver in exportar can call a function `casos_forma(pd)` defined in dirigidos.jl that returns a list of `(nombre, A, meta)`. That's the simplest: add directed cases D-19…D-23 and then in exportar, generate many replicas of them with different nonces/slots to reach 30+.

Hmm, but "casos" in the vector file are CASO blocks. If I generate 35 replicas of the cbid case with different ids/slots, that's 35 cases. Good.

Let me design a parametrized directed generator in dirigidos.jl:
```julia
"""
Caso dirigido de forma v4 (SL-4c-O). `modo ∈ (:cbid, :orden, :ambos)`;
`con_tx=true` añade una transferencia válida al mismo bloque para demostrar que
la invalidez alcanza al bloque entero. Devuelve `(nombre, A, meta)` con
`meta.tipo`, `meta.bloque_invalido`, `meta.motivo`, `meta.hijo_invalido`,
`meta.tx_aplicada` (si la transferencia se aplicó, debe ser false).
"""
function caso_forma_evidencia(pd::ParamsDAG; modo::Symbol = :cbid, con_tx::Bool = true,
                              seed::Int = 40, iter::Int = 0)
    ...
end
```
Let me carefully construct it.

Base: `A, pow = base_dirigida(pd; seed = seed)`. `id1 = pow[3]`. `Tb` block with coinbase at slot 1. `procesar_uno!(A, Tb)`. Then pick a spendable UTXO from `A.post[Tb.id]` if `con_tx`. Build tx transfer. Build the evidence with defect via `evidencia_aleatoria` or directly. Build `X` (parents [Tb.id], slot 2) with coinbase + optional transfer + evidence. `procesar_uno!(A, X)`. Then `Y` (parents [X.id], slot 3) with coinbase, `procesar_uno!(A, Y)` — should be `ErrSinPadre`.

To vary ids across replicas, pass a `seed` and/or `iter`. But `base_dirigida` with different seeds gives different pow ids; fine. Or I can offset the ids: `BloquePost(id = id1 + ...)`. To get 35 distinct cases, call with different seeds. Each seed's pow generation may be a bit slow (generar_pow_terminal). 35×3 ≈ 105 pow generations. In v0.5 export, 900 random cases each generate a pow, so 105 is fine.

Actually, the export already generates 900 random + 480 ev, each with pow. Adding ~90 more is cheap.

Coverage counting: `contar_forma_evidencia(A, acc)` scans `A.por_id` and counts. Then in cobertura-v0.6.txt, the "SECCION forma SL-4c-O" reports the counters, and the order's minimums are checked (maybe assert in exportar? The order wants verification; I can print and the run.jl/report asserts).

But the strict requirement: "≥ 30 casos con EvidenciaCbidAjeno y ≥ 30 con OrdenCanonicoInvalido, en T04 al menos 10 de cada uno en un bloque que además contiene transacciones válidas ... y ≥ 5 con los dos defectos a la vez". I'll make the dedicated section emit, say, 36 cbid (all with valid tx), 36 order (all with valid tx), 8 ambos (with valid tx), and also some without valid tx for variety. Then all minimums are met. Also the random corpus will add more.

Wait: if the dedicated cbid cases all have a valid transfer, then `con_tx_validas_cbid` = 36 ≥10. Good. For `ambos`, at least 5.

But hold on: when X is invalid due to the evidence, does the valid transfer in X get "applied"? No — X is invalid, so neither its coinbase nor its txs apply. The test `meta.tx_aplicada == false` can be verified by checking that the transfer's output id is absent from the selected state's UTXO or that the UTXO it spends is still present. Good.

Also `Y` (child of X) invalid with `:ErrSinPadre`. Good.

Also a valid twin `Xv` (same content but canonical cbid and canonical order) should be valid and its transfer applied — to demonstrate that only the defect invalidates. Add `Xv` as a sibling of X (parents [Tb.id], slot 2, different sd). Then `Xv` valid. Good.

Now, IE-3 determinism: `verificar_ie3` uses arrival permutations. With forma checks deterministic (pure function of block content), results are order-independent. But there's a subtlety: `chequear_forma` checks parents' validity. If X is invalid (forma) and Y has X as parent, Y is ErrSinPadre. Under arrival order, Y might be processed before X? `resolver!` waits until parents are processed. So Y waits for X to be processed (and marked invalid), then Y is rejected. Good. But what if X is never "ready" because its own parents aren't? Handled. Determinism holds because forma is content-based.

Wait, a more subtle issue: currently `chequear_forma` uses `A.por_id` and `A.validos` for parents. If a parent is invalid, child is ErrSinPadre. Under different arrival orders, the parent is always processed before the child (resolver guarantees), so consistent. Good.

### Edit 3: exportar.jl
- Defaults v0.6, header text.
- Add dedicated forma cases section.
- Add `contar_forma_evidencia`.
- Update `contar_evidencia` to remove `ErrCbidAjeno`/`ErrOrdenCanonico` classification (they no longer occur as semantic discards). Keep `ErrEvidenciaConEntradas` etc. Actually `ErrCbidAjeno`/`ErrOrdenCanonico` symbols may disappear from T01 after O1. Since T04's `aplicar_evidencia!` (T01) still returns them *now*, but T04's forma check preempts them, they never appear in `desc`. So the `e == Transicion.ErrCbidAjeno` branch is dead. But if O1 removes the enum members, referencing them breaks compilation. So I MUST remove those references from exportar.jl, run.jl, dirigidos.jl. Good.

Wait, if I remove `Transicion.ErrCbidAjeno` references and O1 hasn't changed T01, nothing breaks. If O1 later removes them, T04 still compiles. 

- Coverage definitions header updated: add forma counters, remove cbid_ajeno semantic.

### Edit 4: run.jl
- Default log v0.6.
- Update evidence directed assertions (D-18 no longer has cbid).
- Add forma assertions and counters.
- Remove `Transicion.ErrCbidAjeno` reference; count invalid blocks with forma motives.

### Edit 5: test/runtests.jl
- Update SL-3 evidencia testset: D-18 cbid assertion removed, replaced by tardía/sin_saldo.
- Add testset "SL-4c-O forma de EvidenceTx" with directed + random assertions.
- Update reread path to v0.6.

### Edit 6: src/lector_vectores.jl
- Default v0.6; guard main.
- No error-name references. Actually the lector's `parsear_tx` error message mentions "formato v0.4 (SEC-0)" — harmless.

Wait, does the lector reference `Transicion.ErrCbidAjeno`? Let me check — no, from the earlier read it doesn't. Good.

### Edit 7: src/dirigidos.jl
- Modify `caso_evidencia_descartes` to remove the cbid evidence (keep tardía + sin_saldo) OR keep cbid but update meta and expectations. Since the block with cbid now becomes invalid, the case's structure changes: `Xc` invalid, and `B` with parents [Xc, Xt, Xs] would be invalid (parent Xc invalid). That breaks the "descartes" purpose. So remove cbid from D-18; D-18 = tardía + sin_saldo. Then add new forma directed cases.
- Add `caso_forma_evidencia` (parametrized) and `casos_forma` list.

Also, `casos_dirigidos` should include new forma cases.

Wait, but `casos_dirigidos` is used by run.jl and test; the vectors' directed section. I'll add the new cases.

Let me now also handle the `_ev_bloque` helper and `evidencia_aleatoria`. Actually, for directed cases I'll construct evidence directly with `Transicion.evidencia` for clarity.

### Edit 8: `src/diferencias.jl` + `resultados/DIFERENCIAS-v0.5-v0.6.md`
Implement replay-based diff.

### Edit 9: Docs
- INFORME.md "SL-4c-O" section.
- PROGRESO.md "SL-4c-O" section.
- HORAS.log append `date -Is` lines.
- Maybe METODO.md ambiguity section update. Not required but good.
- Run `sha256sum` for v0.6, and confirm v0.4/v0.5 intact (ENTRADA-SL4c-O has v0.5 hash).

Let me now start editing. First, the core behavior. Let me also set the todo list.

Actually, before editing, I must "inform the missing definition". Let me write that as part of my reasoning and then continue. Since the user reads the final answer, I'll include it. But the instruction "infórmala antes de editar" — I'll state it now in text and immediately proceed; the reader will see it in the transcript before the edits. Let me write a concise message.

Let me create the todo list and state the finding.
dsh: reasoning:
Now let me make the edits. Start with EstadoDAG.jl.
dsh: reasoning:
Now add the call inside `chequear_forma` before `return nothing`. Let me view the end of `chequear_forma`.
dsh: reasoning:
Now export the new constants. Add to exports.

Also I should export the constants maybe. Let me add `MOTIVO_FORMA_CBID, MOTIVO_FORMA_ORDEN` and the helper.
dsh: reasoning:
Now update the generator `evidencia_aleatoria` and `generar_dag_aleatorio`. Let me apply edits.
dsh: reasoning:
Now update `generar_dag_aleatorio`'s mode tuple. Currently:
```julia
modo = rand(rng, (:valida, :valida, :clave, :cbid, :tardia, :sin_saldo))
```
I'll add `:orden` and `:ambos`, weighted. To limit over-invalidation, keep cbid at one slot, order one slot, ambos one slot out of 9. Actually, let me make it explicit:
```julia
modo = rand(rng, (:valida, :valida, :clave, :cbid, :orden, :tardia, :sin_saldo, :ambos))
```
8 options. Evidence probability 0.12. Fine.

But note: cbid/orden/ambos now invalidate the block, so those blocks won't be valid and won't propagate. The generator picks evidence parents from `validos`, so it still works. The random corpus will have fewer valid blocks. Let's see if tests still pass. I'll adjust if needed.

Let me apply.
dsh: reasoning:
Now add a scheduled directed-case generator for forma. I'll add it to `dirigidos.jl`, near the evidence cases, and modify `caso_evidencia_descartes` to remove the cbid part.

Let me first modify `caso_evidencia_descartes`. Current code lines 678-715. Replace the cbid part.

New version:
```julia
"""
D-18 · Descartes de evidencia en modo fusión que NO son de forma: tardía y
contra clave sin saldo (aplicada con pérdida cero). El `cbid` ajeno y el orden no
canónico ya no se descartan: invalidan el bloque (SL-4c-O, D-19…D-23).
"""
function caso_evidencia_descartes(pd::ParamsDAG; seed::Int = 34)
    A, pow = base_dirigida(pd; seed = seed)
    id1 = pow[3]
    Tb = BloquePost(id = id1, padres = [A._id_T], slot = 1, productor = 1, peso = 1,
                    txs = Transicion.Tx[Transicion.tx_coinbase_post(3)])
    procesar_uno!(A, Tb)
    ev_tar = Transicion.evidencia(pd.P.cbid, 1, 0, 0, 0,
                                  2 - pd.P.Plazo_slots, UInt64(503), UInt64(504))
    Xt = _ev_bloque(id1 + 1, [Tb.id], 2, pd.P, ev_tar; sd = 1)
    procesar_uno!(A, Xt)
    ev_ss = Transicion.evidencia(pd.P.cbid, 99, 0, 0, 0, 2, UInt64(505), UInt64(506))
    Xs = _ev_bloque(id1 + 2, [Tb.id], 2, pd.P, ev_ss; sd = 2)
    procesar_uno!(A, Xs)
    B = BloquePost(id = id1 + 3, padres = [Xt.id, Xs.id], slot = 3,
                   productor = 1, peso = 1,
                   txs = Transicion.Tx[Transicion.tx_coinbase_post(3)])
    procesar_uno!(A, B)
    S = A.past[B.id]
    dsp = A.descartes[Xt.id]
    dms = _descartes_mergeset(A, B)
    tardia = count(x -> x[2] == Transicion.ErrEvidenciaTardia, dsp) +
             count(x -> x[3] == Transicion.ErrEvidenciaTardia, dms)
    return "D-18", A, (Tb = Tb.id, Xt = Xt.id, Xs = Xs.id, B = B.id,
                       tardia = tardia,
                       sin_saldo = any(k -> k == 99, keys(S.garantias)) &&
                                   length(S.garantias[99].incidentes) == 1,
                       I1 = invariante_I1(S))
end
```

Wait, the original D-18 had Xc (cbid), Xt (tardía), Xs (sin saldo), and B with parents [Xc, Xt, Xs]. Removing Xc reduces the mergeset. `sp(B)` might be Xt or Xs; the other goes to mergeset. The tardía/sin_saldo descartes should still be counted. Let me keep it robust: count both from `dsp` and `dms` as before.

But note: `sd` affects GDR ordering. With three siblings Xc(0), Xt(1), Xs(2), the sp would be Xc (lowest sd). Now with Xt(1), Xs(2), sp = Xt, and Xs is in mergeset. `A.descartes[Xt.id]` holds Xt's own application (tardía). `_descartes_mergeset(A,B)` holds Xs (sin saldo). Fine.

Now the B block: parents [Xt.id, Xs.id], both valid (tardía/sin_saldo are semantic discards, block valid). Good.

Now add the forma directed generator. Let me write it after `caso_evidencia_descartes`:

```julia
"""
D-19…D-23 · Forma v4 de la `EvidenceTx` (SL-4c-O). Un bloque `X` lleva coinbase,
`con_tx` una transferencia válida y una `EvidenceTx` con `cbid` ajeno (`:cbid`),
orden no canónico (`:orden`) o ambos (`:ambos`). `X` es **inválido en la
admisión** (no un descarte) y su hijo `Y` cae por `ErrSinPadre`. Un gemelo válido
`Xv` (mismas txs pero evidencia canónica de la red local) demuestra que solo el
defecto invalida.
"""
function caso_forma_evidencia(pd::ParamsDAG; modo::Symbol = :cbid, con_tx::Bool = true,
                              seed::Int = 40, iter::Int = 0,
                              slot::Int = 2, id_base::Int = -1)
    A, pow = base_dirigida(pd; seed = seed + iter)
    P = pd.P
    id1 = id_base > 0 ? id_base : pow[3] + 6000 * iter
    Tb = BloquePost(id = id1, padres = [A._id_T], slot = 1, productor = 1, peso = 1,
                    txs = Transicion.Tx[Transicion.tx_coinbase_post(3)])
    procesar_uno!(A, Tb)
    txs = Transicion.Tx[Transicion.tx_coinbase_post(3)]
    out_id = 0
    if con_tx
        o = utxo_gastable(A.post[Tb.id], P, slot, 2)
        o === nothing && error("caso_forma_evidencia: sin UTXO gastable")
        out_id = 800000 + 100 * iter
        push!(txs, Transicion.tx_transferencia([o.id],
            [Transicion.Salida(out_id, o.valor - UInt64(1), o.dueño,
                               Transicion.OrigenTx, -1, -1)], o.dueño))
    end
    ev_bad = _evidencia_forma(P, modo, slot, iter)
    X = BloquePost(id = id1 + 1, padres = [Tb.id], slot = slot, sd = 0,
                   productor = 1, peso = 1,
                   txs = vcat(txs, Transicion.Tx[Transicion.tx_evidencia(ev_bad)]))
    procesar_uno!(A, X)
    # Gemelo válido: misma forma, evidencia canónica de la red local.
    ev_ok = Transicion.evidencia(P.cbid, 1, 0, 0, 0, slot,
                                 UInt64(900001 + iter), UInt64(900002 + iter))
    Xv = BloquePost(id = id1 + 2, padres = [Tb.id], slot = slot, sd = 1,
                    productor = 1, peso = 1,
                    txs = vcat(txs, Transicion.Tx[Transicion.tx_evidencia(ev_ok)]))
    procesar_uno!(A, Xv)
    Y = BloquePost(id = id1 + 3, padres = [X.id], slot = slot + 1, sd = 0,
                   productor = 1, peso = 1,
                   txs = Transicion.Tx[Transicion.tx_coinbase_post(3)])
    procesar_uno!(A, Y)
    motivo = get(A.motivos, X.id, :?)
    tx_aplicada = con_tx && out_id != 0 && haskey(A.post[Xv.id].utxo, out_id)
    return "D-19", A, (modo = modo, con_tx = con_tx, X = X.id, Xv = Xv.id, Y = Y.id,
                       out_id = out_id, invalido = !A.validos[X.id],
                       motivo = motivo, hijo_invalido = !A.validos[Y.id],
                       gemelo_valido = A.validos[Xv.id], tx_aplicada = tx_aplicada,
                       I1 = invariante_I1(A.post[Xv.id]))
end
```

Wait: the valid twin `Xv` at same slot and same sd? X sd=0, Xv sd=1, so Xv likely becomes sp. But X is invalid, so it's not in GDR; Xv is valid. The sibling ordering only matters for valid blocks. Good.

But careful: `tx_aplicada` checks whether the transfer output is in `A.post[Xv.id].utxo`. Xv has the same transfer spending `o.id`. Since X is invalid, `o` is not spent by X; Xv applies it, so the output exists. Good. Actually, we want to check that X's own transfer did NOT apply. Checking Xv's post isn't the right thing. Better: check that the input `o.id` is still present in `A.post[Tb.id]` and that X was never applied. Since X is invalid, `A.post[X.id]` doesn't exist. To demonstrate "the block's valid tx did not apply", check that the output id is absent from the *selected* state (which is via `aplicar_historia`). Let me do:
```julia
S, _, _ = aplicar_historia(A)
tx_aplicada = out_id != 0 && haskey(S.utxo, out_id)
```
But Xv (the valid twin) also applies the same transfer with the same `out_id`! So the output would exist because of Xv, not X. That muddies the check. Let me give X and Xv different out_ids. Use `out_id` for X's transfer and `out_id_v = out_id + 1` for Xv's twin. Then `tx_aplicada_X = haskey(S.utxo, out_id)` should be false (X invalid), and `tx_aplicada_Xv = haskey(S.utxo, out_id_v)` true. But both spend the same UTXO `o.id`; whichever block applies first spends it. Since X is invalid, only Xv applies, so out_id_v exists. Good.

Hmm, but wait: is X actually in the selected history? X is invalid, so no. Good.

Let me restructure to give the twin a separate output and check both.

Also `_evidencia_forma` helper:
```julia
"Evidencia con el defecto de forma pedido (SL-4c-O); `pre_hash` canónico salvo `:orden`/`:ambos`."
function _evidencia_forma(P::Transicion.Params, modo::Symbol, slot::Int, i::Int)
    a = UInt64(700001 + 2 * i)
    b = UInt64(700002 + 2 * i)
    if modo == :cbid
        return Transicion.evidencia(P.cbid + 1, 1, 0, 0, 0, slot, a, b)
    elseif modo == :orden
        return Transicion.evidencia(P.cbid, 1, 0, 0, 0, slot, b, a)  # b > a ⇒ no canónico
    elseif modo == :ambos
        return Transicion.evidencia(P.cbid + 1, 1, 0, 0, 0, slot, b, a)
    end
    error("modo de forma desconocido: $modo")
end
```
Here `a < b`, so `evidencia(..., a, b)` is canonical (pre_hash(H1)=a < b=H2). `evidencia(..., b, a)` gives H1=b > a=H2 → non-canonical. Good.

Now, the `id_base` parameter: `base_dirigida` with different seeds yields different `pow[3]`. If I generate many iterations with `seed + iter`, each pow differs and takes time. For 36 iterations, that's 36 pow generations per mode → ~108, fine. But `id1 = pow[3] + 6000*iter` is unnecessary and could collide with pow ids of a different seed? Actually each `A` is independent, so ids only need to be unique within the case. I'll just use `pow[3]`. But then in the vector, the case has its own id numbering starting from `pow[3]`. Fine. Let me drop `id_base` and the offset.

Actually wait: for the coverage in exportar, I'll call `caso_forma_evidencia(pd; modo=..., con_tx=true, seed=..., iter=...)`. Many calls. Each `base_dirigida` uses `generar_pow_terminal` which uses `construir_poW` and may be somewhat heavy. 36+36+8 ≈ 80 calls, acceptable.

Alternatively, use a single base and mutate ids to avoid re-generating pow. But simplest is separate seeds. Let me keep separate seeds but avoid the 6000*iter hack.

Let me also ensure `caso_forma_evidencia` names differ or not: the vector's CASO `nombre` can repeat; existing directed names are unique. I'll pass a name suffix maybe. The `casos_forma` list can name them "D-19a", etc. Actually the function returns "D-19" always. For coverage I don't care about the name. But for the DIFERENCIAS report, v0.6-only cases aren't compared. Fine.

Hold on — a concern about `resolver!` vs `procesar_uno!` ordering: In `caso_forma_evidencia` I call `procesar_uno!(A, Y)` after X. `procesar_uno!` requires parents already processed. X is processed (invalid), so Y is processed and rejected with ErrSinPadre. Good.

Now the `tx_aplicada` for X: I need to verify that X's transfer didn't apply. Instead of relying on selected state (which includes Xv), I can directly check that X is invalid and that `haskey(A, :post)` doesn't contain X. That's implied by `invalido`. To specifically show the valid tx in the block didn't apply, I can verify the UTXO `o.id` is still unspent in the selected state and that no output `out_id` from X exists. Since Xv spends the same `o.id`, `o.id` won't be in the selected state. Hmm. So let me not have Xv spend the same UTXO; instead give Xv its own transfer from a *different* UTXO, or no transfer. Simpler: the valid twin demonstrates that a canonical evidence block is valid; it doesn't need the transfer. Let me have Xv with coinbase + canonical evidence only. Then X's transfer output `out_id` absent from selected state proves X's tx didn't apply, and the UTXO `o.id` remains unspent (since only X would have spent it, and X is invalid). 

Let me simplify:
- X: coinbase + valid transfer (spends o.id, creates out_id) + defective evidence.
- Xv: coinbase + canonical evidence (no transfer). Valid.
- Check: `!A.validos[X]`, motive correct, `!A.validos[Y]`, `A.validos[Xv]`, `!haskey(S.utxo, out_id)`, `haskey(S.utxo, o.id)` (spendable output not consumed). Wait, o.id might be consumed by another later block? No later blocks in this case except Y (invalid) and Xv. So o.id should remain. Good. But `o` might have `creada_en_slot` and `gastable` semantics; check `haskey(S.utxo, o.id)`.

Then `tx_aplicada = haskey(S.utxo, out_id)` should be false.

Good.

Now, for the dedicated coverage cases in exportar, I'll iterate `casos_forma` with N replicas. But each replica needs distinct `iter` for distinct evidence hashes and out_ids. I'll pass `iter = j`.

Let me write the code.

Also, I need `aplicar_historia` available in dirigidos.jl — yes, defined in EstadoDAG.jl before includes. Actually `aplicar_historia` is defined in EstadoDAG.jl before `include("generadores.jl")` and `include("dirigidos.jl")`. Good.

Now let me apply the edits to dirigidos.jl. First replace `caso_evidencia_descartes`.
dsh: reasoning:
Now update `casos_dirigidos` to include the forma cases. Currently it returns base + 4 evidence cases. I'll add `caso_forma_evidencia` for the three modes (with con_tx=true and false maybe). Let me add three cases: cbid, orden, ambos.

Also, the `casos_dirigidos` function is defined at the bottom. Let me update it.
dsh: reasoning:
Now export the new functions. `casos_forma_cobertura` and `caso_forma_evidencia` are used in exportar.jl. Add exports in EstadoDAG.jl. `casos_dirigidos` is already exported. Add `casos_forma_cobertura`, `caso_forma_evidencia`, `MOTIVO_FORMA_CBID`, `MOTIVO_FORMA_ORDEN` (already), `contar_forma_evidencia` (will define in exportar, not module).

Let me add exports.
dsh: reasoning:
Now let's update `exportar.jl`:
- Defaults v0.6.
- Header.
- Dedicated forma coverage section.
- `contar_evidencia`: remove `ErrCbidAjeno`/`ErrOrdenCanonico` semantic classification; keep `con_entradas`, `sin_evidencia`.
- Add `contar_forma_evidencia`.
- Coverage file header with forma definitions and minimums.
- Call `casos_forma_cobertura` and emit cases; count.

Let me carefully edit.

First, defaults and header comments.
dsh: reasoning:
Now update `contar_evidencia` to remove cbid/order references and add `contar_forma_evidencia`.

Let me view the current section again after edits (lines ~212-270). I already have it. Let me replace the docstring and classification, and add the new function.
dsh: reasoning:
The docstring starts with `"""` then "Clasifica las `EvidenceTx`..." and there's a line I mistyped: I wrote "  * `construida`" with leading spaces but original has " * `construida`". Let me re-read the exact text. From the earlier read, lines 216-233:

```
"""
Clasifica las `EvidenceTx` de `A` por su resultado en la historia seleccionada y
acumula los contadores. Definición de cada contador (se copia a
`cobertura-v0.5.txt`):

 * `construida`   — EvidenceTx presente en la historia de aplicación seleccionada.
...
```

I accidentally wrote "  * `construida`" at the start of my old_string (I omitted the "Clasifica..." lines). Actually my old_string started at "  * `construida`" but the real line is " * `construida`". Also I omitted the preceding lines, but old_string must match exactly a contiguous block. Let me just do a smaller, precise edit: replace from " * `construida`" through the end of `contar_evidencia` function. Let me re-read the current file region to get exact text.
dsh: reasoning:
Now I'll replace lines 220-273 precisely.
dsh: reasoning:
Now update `main()` in exportar.jl. Let me read the current main section.
dsh: reasoning:
Now I'll update main. Changes:
- Add `af = Dict{String,Int}()` for forma counters.
- In directed loop: `startswith(nombre, "D-1") && contar_evidencia(A, aev)` — D-19 starts with "D-1" too, and it has evidence; `contar_evidencia` would count it as "construida" only if in selected history; D-19's X is invalid so its evidence is not in selected history. But it might add nothing. Also `contar_forma_evidencia` should be called for all directed cases. Let me call both for all directed cases.
- Add dedicated forma coverage section: iterate `casos_forma_cobertura()`, build `caso_forma_evidencia(pdev; modo, con_tx, iter)`, write case, count forma.
- Header v0.6.
- Coverage header v0.6, add forma definitions and minimums.
- Add forma section to cobertura.

Also note: `casos_dirigidos(pd)` uses `pdev = _pd_ev(pd)` where `pd = ParamsDAG(PARAMS_DAG_BASE[1], 1)`, so cbid=7. Good.

But the directed loop writes `escribir_caso(io, n, nombre, 1, 1, "-", A)` and `contar_evidencia` for names starting "D-1". D-19..D-21 start with "D-1"? "D-19" starts with "D-1" yes. D-2 starts with "D-2". So `startswith(nombre,"D-1")` catches D-1, D-10..D-19. It counts evidence for D-15..D-19. Fine. I'll call `contar_forma_evidencia` for all directed too.

Let me write the new main section. I'll replace from the header line through the cobertura section.

Also, the `ev-replicas` count: keep 60 per point (8 points → 480). Fine.

For dedicated forma coverage: `casos_forma_cobertura()` returns 80 tuples. For each, `caso_forma_evidencia(pdev; modo, con_tx, iter)` where `pdev` is `ParamsDAG(PARAMS_DAG_BASE[1],1)` converted with `_pd_ev`. Actually `_pd_ev` is defined in dirigidos.jl and exported? It's not exported, but `EstadoDAG._pd_ev` is accessible. The existing run.jl uses `EstadoDAG._pd_ev(pd1)`. Good.

But the forma cases should be on the base grid or the EV grid? They need `evp=true`? Actually the forma check `chequear_forma_evidencia` doesn't check `evp`; it always checks evidence txs. But evidence txs are only generated when `evp` is true. `P.cbid` for the base grid is 0. For the EV grid cbid=7. Use the EV grid for consistency with other evidence cases.

Let me write:
```julia
    # SL-4c-O: casos dedicados de forma v4 (cbid/orden/ambos) con tx válidas.
    af = Dict{String,Int}()
    pdev = EstadoDAG._pd_ev(ParamsDAG(PARAMS_DAG_BASE[1], 1))
    for (modo, con_tx, it) in casos_forma_cobertura()
        _, A, meta = caso_forma_evidencia(pdev; modo = modo, con_tx = con_tx, iter = it)
        n += 1
        escribir_caso(io, n, "forma-" * string(modo), 1, Int(pdev.k), "iter=$(it)", A)
        contar_forma_evidencia(A, af)
        contar_evidencia(A, aev)
    end
```
But wait: `casos_forma_cobertura` returns `(modo, con_tx, iter)`; `con_tx` is Bool. Good.

The `escribir_caso` signature: `(io, n, nombre, punto, k, semilla, A)`. Good.

Now, `ParamsDAG` with `k=1`. `pdev.k` is 1? `_pd_ev(pd)` returns `ParamsDAG(Pe, pd.k)`; `pd` = ParamsDAG(PARAMS_DAG_BASE[1],1) so k=1. Good.

Note: `caso_forma_evidencia` uses `base_dirigida(pd; seed = seed + iter)` where `seed=40` by default. For iter=1..36, seeds 41..76, then 140..176, then 240..248. Fine. But the pow generation uses these seeds. There might be seed collisions with other uses? Doesn't matter.

One concern: 80 pow generations with `generar_pow_terminal` — each maybe ~10-30ms, fine.

Now, the coverage `af` counters: 36 cbid + 36 orden + 8 ambos. `con_tx` true for all, so `con_tx_cbid`=36, `con_tx_orden`=36, `ambos_cbid`=8. Plus random corpus adds. Good.

Wait: does `caso_forma_evidencia` with `modo=:ambos` produce motive cbid? Yes, two-pass. And `contar_forma_evidencia` for motive cbid checks `n_orden>0` → increments ambos. Good.

Now the coverage output. Let me write the whole replacement.

Also I want the coverage file to *assert* the minimums. I can compute and print, and maybe `error` if below. The order requires coverage minimums; I'll add a check that prints `FORMA_MINIMOS = OK/NO` and throws if not. Actually throwing in exportar would fail the whole export; but if it's a real failure, that's correct. Let me add a check that errors if minimums not met. That makes the verification strong.

Let me now replace the main body section.
dsh: reasoning:
Now update run.jl:
- Default log v0.6.
- D-18 assertions: remove cbid, keep tardía/sin_saldo.
- Add forma assertions (D-19 cbid/orden/ambos).
- Remove `Transicion.ErrCbidAjeno` reference in the EV loop; count invalid blocks with forma motives instead.

Let me edit run.jl.

First the D-18 block (lines 166-168):
```julia
    _, A18, m18 = EstadoDAG.caso_evidencia_descartes(pdev)
    (m18.cbid == 1 && m18.tardia == 1 && m18.sin_saldo && m18.I1) ||
        push!(fallos_globales, "dirigido D-18 descartes")
```
Replace with tardia only and add D-19 assertions:
```julia
    _, A18, m18 = EstadoDAG.caso_evidencia_descartes(pdev)
    (m18.tardia == 1 && m18.sin_saldo && m18.I1) ||
        push!(fallos_globales, "dirigido D-18 descartes")
    # SL-4c-O: forma v4 (cbid, orden y ambos) invalida el bloque entero.
    for (modo, motivo) in ((:cbid, MOTIVO_FORMA_CBID), (:orden, MOTIVO_FORMA_ORDEN),
                           (:ambos, MOTIVO_FORMA_CBID))
        _, Af, mf = EstadoDAG.caso_forma_evidencia(pdev; modo = modo, seed = 50 + Int(modo == :cbid) + ...)
```
Hmm, need distinct seeds. Use a dict or explicit seeds. Let me do:
```julia
    for (modo, motivo, sd) in ((:cbid, MOTIVO_FORMA_CBID, 51),
                               (:orden, MOTIVO_FORMA_ORDEN, 52),
                               (:ambos, MOTIVO_FORMA_CBID, 53))
        _, Af, mf = EstadoDAG.caso_forma_evidencia(pdev; modo = modo, seed = sd)
        (mf.invalido && mf.motivo == motivo && mf.hijo_invalido && mf.gemelo_valido &&
         !mf.tx_aplicada && mf.I1) ||
            push!(fallos_globales, "dirigido D-19 forma $modo")
    end
```

Then the EV loop counters: replace
```julia
    ev_cbid = 0
...
            for (_, _, e) in desc
                e == Transicion.ErrEvidenciaDuplicada && (ev_dup += 1)
                e == Transicion.ErrEvidenciaTardia && (ev_tar += 1)
                e == Transicion.ErrCbidAjeno && (ev_cbid += 1)
            end
```
with counting invalid blocks by motive:
```julia
    ev_forma_cbid = 0
    ev_forma_orden = 0
...
            for b in values(A.por_id)
                m = get(A.motivos, b.id, :OK)
                m == MOTIVO_FORMA_CBID && (ev_forma_cbid += 1)
                m == MOTIVO_FORMA_ORDEN && (ev_forma_orden += 1)
            end
```
Wait, `MOTIVO_FORMA_CBID` is exported from EstadoDAG. run.jl does `using EstadoDAG` so it's available. Good.

And the TOTAL-EV print. Let me update.

Also, run.jl's `total_ev_validos` counts valid blocks. Fine.

Let me apply edits.
dsh: reasoning:
Now update the EV loop counters in run.jl.
dsh: reasoning:
Now update the TOTAL-EV print and the default log filename. Let me view that area.
dsh: reasoning:
Now update `test/runtests.jl`:
- D-18: `@test m.cbid == 1` → remove, use m.tardia etc.
- Add SL-4c-O testset.
- Reread path v0.6.

Let me edit.
dsh: reasoning:
Now update lector_vectores.jl default path and guard main. Also it must handle the new `Symbol("ErrForma(...)")` string rendering: `string(get(A.motivos, b.id, :ErrSinPadre))` produces "ErrForma(EvidenciaCbidAjeno)" since `string(Symbol("..."))`. Good.

But wait: the lector's `parsear_tx` for evidencia with `ev=` handles it. And `verificar_caso` compares RES strings. Good.

Let me update the default and guard.
dsh: reasoning:
Now let me try loading the module and running a quick smoke test of the new forma case before generating everything. Let me run a small Julia snippet.

I need to set JULIA_DEPOT_PATH and JULIA_PKG_OFFLINE. The METODO says `JULIA_DEPOT_PATH=T04/.julia-depot`. Let me check how previous runs invoked Julia. Look at INFORME or PROGRESO for the command. Actually let me just try.

Command:
```
cd T04 && JULIA_DEPOT_PATH=$PWD/.julia-depot JULIA_PKG_OFFLINE=true env -u LD_LIBRARY_PATH julia --project=. -e '...'
```

Let me write a smoke test file? Better use `-e`. Let me test:
- `using EstadoDAG`
- build pdev and caso_forma_evidencia for cbid/orden/ambos, print meta.
- Also test the lector parse of v0.5 via include? Later.

Let me run.
dsh: reasoning:
The core behavior works. Now let me test the full directed cases and IE properties on a few random DAGs with the new generator, to make sure no failures. Let me run a quick check: all `casos_dirigidos`, and `generar_dag_aleatorio` for the EV grid with IE-1..6.

Let me run run.jl with small replicas to catch errors early. But run.jl also does GDR revalidation which might be slow. Let me instead run a targeted snippet.

Actually, let me first check `casos_dirigidos` runs fully (it constructs all cases). And check the random EV grid. Use small replicas.
dsh: reasoning:
Excellent. Now let me build `src/diferencias.jl` and generate the vectors. But first, let me generate the v0.6 vectors, because the diff report can then be validated. Actually the diff is computed by replaying v0.5 through the corrected oracle, independent of v0.6. Let me write diferencias.jl first (it depends only on v0.5 and the corrected oracle), then run exportar, then run diferencias.

Actually, let me be efficient: run the exportar in the background (it may take a couple of minutes), and meanwhile write diferencias.jl. But exportar may error on coverage minimums. Let me first run it in the background and write diferencias.jl while it runs.

Wait, but the exportar's `cobertura_run()` recomputes 3000 random DAGs for the run.jl section, which is expensive (~70s in SL-3b). Plus 900 + 480 + 80 cases. Total maybe 2-4 minutes. Let me run it in the background.

Actually, before running, let me double check that `casos_forma_cobertura` and `caso_forma_evidencia` are exported and accessible in exportar.jl. exportar.jl does `using EstadoDAG` and `using EstadoDAG.Transicion`. `casos_forma_cobertura` is exported. `caso_forma_evidencia` exported. `_pd_ev` accessed as `EstadoDAG._pd_ev`. Good.

Also `contar_forma_evidencia` is defined in exportar.jl (not module), used within exportar. Good.

Also `MOTIVO_FORMA_CBID`/`MOTIVO_FORMA_ORDEN` are exported from the module and used in `contar_forma_evidencia` (exportar.jl) and run.jl/test. Good.

Let me start exportar in the background. But the vectors v0.6 don't exist yet; the test reread needs them. Let me launch.

Actually, one concern: `caso_forma_evidencia` for iter 1..36 with `seed = 40 + iter`, and `con_tx=true`. For iter > ~60 it might run out of spendable UTXOs? The base `generar_pow_terminal` produces deposits; `utxo_gastable` should find one. Earlier smoke test with seeds 71-73 worked. Good.

Let me run exportar in background with a timestamp. I need `--fecha`? By default it calls `date -Is`. Fine. But deterministic vector content depends on fecha only in the header comment, so sha changes with time. That's fine (previous versions did the same).

Let me launch.
dsh: reasoning:
Now let me write `src/diferencias.jl`. It will include `lector_vectores.jl` (which defines parser and render functions and guards main). Then replay the frozen v0.5 and compare to v0.6 semantics.

Plan for diferencias.jl:

```julia
# diferencias.jl — informe DIFERENCIAS-v0.5-v0.6 (SL-4c-O).
#
#     julia --project=. src/diferencias.jl [RUTA_V0.5] [SALIDA_MD]
#
# Reproduce las ENTRADAS congeladas de v0.5 con el oráculo corregido (v0.6) y
# compara, caso por caso, contra la salida registrada en v0.5. Lista solo los casos
# que cambian y comprueba que todos llevan un defecto de forma (`cbid` ajeno u
# orden no canónico); un caso que cambie sin defecto es un fallo de SL-4c-O.

using EstadoDAG
import EstadoDAG.Transicion
using SHA
using Printf

include(joinpath(@__DIR__, "lector_vectores.jl"))
```

Wait: `lector_vectores.jl` has `using EstadoDAG` and `import EstadoDAG.Transicion` and `using SHA`. Including it from diferencias.jl (which also does those) is fine, though duplicate `using` is harmless. But `lector_vectores.jl` at the end has the guard. Good.

However, `lector_vectores.jl` defines `main()` and `RUTA_DEF` etc. Including it will define `main` in the diferencias script's scope. OK.

Now, the comparison function. I need to reproduce the new results. The `CasoLeido` struct and `verificar_caso` are available. But I want to compute new renders. Let me write a function `nuevo_resultado(caso)` that:
- builds `pd`, `A`, resolves, returns:
  - `res_new::Dict{Int,String}` for post blocks (and pow blocks all OK)
  - `desc_new::Vector{String}`
  - `sel_new::Int`
  - `utxo_new::Vector{String}`, `gar_new`, `est_new::String`.

Reusing the render functions `r_utxo`, `r_gar`, `r_est` from lector. And the block reconstruction logic mirrors `verificar_caso`. Actually, `verificar_caso` already does all these computations; I can copy its reconstruction portion. Let me write `reconstruir(caso)` returning `(A, pd)`:

```julia
function reconstruir(caso::CasoLeido)
    pd = parsear_params(caso.param)
    isempty(caso.pow_bloques) && return (nothing, pd)
    idT = caso.pow_bloques[end].id
    A = Admision(pd, caso.pow_bloques, idT)
    resolver!(A, caso.post_bloques)
    return (A, pd)
end
```

Then compare:
```julia
function defectos_del_caso(caso::CasoLeido, pd::ParamsDAG)
    # returns (blocks with cbid defect, blocks with order defect)
    cbid_red = pd.P.cbid
    def = Dict{Int,Vector{Symbol}}()   # block id -> defectos
    for b in caso.post_bloques
        ds = Symbol[]
        for tx in b.txs
            tx.tipo == Transicion.TxEvidencia || continue
            ev = tx.evidencia
            ev === nothing && continue
            if ev.id1.cbid != cbid_red || ev.id2.cbid != cbid_red
                push!(ds, :cbid)
            end
            if !(ev.h1.pre_hash < ev.h2.pre_hash)
                push!(ds, :orden)
            end
        end
        isempty(ds) || (def[b.id] = ds)
    end
    return def
end
```

Hmm, `parsear_tx` reconstructs `Transicion.TxEvidencia` with `tx_evidencia(ev)`. For a malformed evidence (no `ev`), `tx_evidencia(clave)` with `evidencia === nothing`. Skip those.

Then:
```julia
function main()
    ruta = isempty(ARGS) ? "resultados/vectores-estado-dag-v0.5.txt" : ARGS[1]
    salida = length(ARGS) >= 2 ? ARGS[2] : "resultados/DIFERENCIAS-v0.5-v0.6.md"
    casos = parsear_fichero(ruta)
    lineas = String[]
    n_cambiados = 0
    fallos = String[]
    for caso in casos
        pd = parsear_params(caso.param)
        A, _ = reconstruir(caso)
        def = defectos_del_caso(caso, pd)
        # new results
        res_new = Dict{Int,String}()
        for b in caso.post_bloques
            res_new[b.id] = get(A.validos, b.id, false) ? "OK" : string(get(A.motivos, b.id, :ErrSinPadre))
        end
        S, _, desc = aplicar_historia(A)
        desc_new = String[string("DESC bloque=", idb, " tx=", itx, " motivo=", err) for (idb,itx,err) in desc]
        tips = tips_validas(A)
        sp = isempty(tips) ? -1 : mejor_punta(A, tips)
        utxo_new = r_utxo(S); gar_new = r_gar(S); est_new = r_est(S)
        # compare
        cambios = String[]
        for b in caso.post_bloques
            nuevo = res_new[b.id]
            viejo = get(caso.res, b.id, "<falta>")
            viejo == nuevo || push!(cambios, "  - bloque $(b.id): `$viejo` → `$nuevo`")
        end
        caso.desc == desc_new || push!(cambios, "  - DESC: $(length(caso.desc)) → $(length(desc_new)) líneas")
        caso.sel == sp || push!(cambios, "  - SEL: $(caso.sel) → $sp")
        caso.utxo == utxo_new || push!(cambios, "  - UTXO distinto")
        caso.gar == gar_new || push!(cambios, "  - GAR distinto")
        caso.est == est_new || push!(cambios, "  - EST: `$(caso.est)` → `$est_new`")
        if !isempty(cambios)
            n_cambiados += 1
            bloques_def = sort(collect(keys(def)))
            if isempty(bloques_def)
                push!(fallos, "caso $(caso.n) ($(caso.nombre)) cambió sin defecto de forma")
            end
            push!(lineas, "### Caso $(caso.n) · $(caso.nombre) · punto=$(caso.punto) k=$(caso.k) · semilla=$(caso.semilla)")
            push!(lineas, "")
            if isempty(bloques_def)
                push!(lineas, "- **Sin defecto de forma detectado: FALLO de SL-4c-O.**")
            else
                for idb in bloques_def
                    push!(lineas, "- Bloque $(idb) con defecto(s) de forma: $(join(string.(def[idb]), ", ")).")
                end
            end
            append!(lineas, cambios)
            push!(lineas, "")
        end
    end
    ...
end
```

Wait: `caso.res` includes both pow and post block results. The reconstructed `A.validos` only holds post blocks (pow are applied during Admision construction and must be valid; `Admision` errors if a PoW is invalid). So comparing post blocks is right. But the recorded v0.5 `RES bloque=N res=X` lines include pow blocks too, all OK. The pow results won't change (the correction only touches evidence). So skip pow.

Hmm, but there's a subtlety: the pow blocks might contain evidence? In v0.5 directed/random, evidence is only injected in post blocks. The POW prefix from T01's `construir_poW` has deposits etc., but no evidence. So fine.

Now, the block id numbering: `caso.post_bloques` ids and `A.validos`. Good.

Also the `desc_new` comparison: order of desc might change when blocks become invalid (their descartes disappear). Counting lines difference is enough to flag; the report explains.

Now, the exact change per case: for each changed block, the old→new RES. This is the "case by case" listing.

Also I should produce a summary table: total cases, changed cases, all with defects.

Additionally, the order says "lista, caso por caso, los que cambian de resultado y por qué". My report lists changed blocks and defects. Good.

Let me also cross-check v0.5 vs v0.6 for the v0.6-only new cases? Not needed; the report can note them.

Now, a concern: including `lector_vectores.jl` which does `using SHA`. diferencias.jl uses SHA too. Fine.

Another concern: `parsear_fichero` uses `RUTA_DEF`? No, takes ruta arg. Good.

Let me also make the report include a header and a check result. And exit nonzero if fallos.

Also, one more important verification: the report must show that changed cases are exactly those with defects, and that *all* changed blocks carry defects. Also verify no case without defect changed.

Let me also count how many cases have defects vs how many changed. Since v0.5 has cbid cases (137 evidence instances) with no order-defect cases (generator produced canonical order). So changed cases ≈ number of cases containing at least one cbid-alien evidence. Should be < 900+480.

Wait — there's a subtlety: v0.5 also contains `ErrCbidAjeno` in *DESC* lines, which were semantic discards. After the correction, those blocks are invalid and their descendants too. So changed cases will show multiple block RES changes. Good.

Let me write the file. I need to be careful with `include(joinpath(@__DIR__, "lector_vectores.jl"))` — when running `julia --project=. src/diferencias.jl` from T04, `@__DIR__` = T04/src. Good.

Let me write it.
dsh: reasoning:
The exportar job finished. Let me read its output and verify files.
dsh: reasoning:
The export succeeded: 1481 cases, coverage minimums OK (cbid 155, orden 79, con_tx cbid 100, con_tx orden 54, ambos 58). Note the run.jl section values match v0.5 exactly? Interesting — because `cobertura_run` uses the generator with `p_ev=0.12` and base grid (evp=false), so the new evidence modes don't affect it. And the base grid random DAGs are unchanged by the forma check (no evidence txs). Indeed the base-grid random cases (evp=false) don't contain evidence, so the forma check never triggers. Good — that means the random v0.6 cases (base grid) are identical to v0.5's random cases. Only the evidence grid and directed cases change. That's a nice property.

Wait: `cobertura_run` uses `PUNTOS_T04` base grid only. The run.jl evidence grid is separate. So the run.jl coverage section is unchanged. Good.

Now the v0.6 test reread. Before that, let me run `diferencias.jl`. It replays v0.5 cases (900 base + 480 ev + 22 directed = ~1402) and compares. This may take a couple minutes. Let me run it in the background, and meanwhile run the lector on v0.6 (relectura). Actually, the lector run and diferencias both load Julia; running concurrently might contend CPU but budget allows. Let me run diferencias in background and lector in foreground.

Actually, the order says 1 thread (other orders use the machine). Let me run sequentially to respect that. But time budget is a concern. I'll run diferencias first in background, then lector after. Hmm, "1 hilo" means each process uses one thread; running two processes would use 2 threads. Let me run sequentially.

Let me run `diferencias.jl` now (foreground, with a generous timeout). It could take ~1-3 min.
dsh: reasoning:
The diff report: 1878 cases, 135 changed, 181 cases with defects, 0 failures. Let me inspect the report header and a sample.
dsh: reasoning:
The diff is clean: 0 unjustified changes, 135 changed cases, all with defects.

Now run the independent lector on v0.6 (relectura). Let me run it.
dsh: reasoning:
Relectura: 0 discrepancies. Now run `Pkg.test()` and `run.jl`. These are the big ones. Let me run Pkg.test first (test replicas default 5). It includes the relectura of v0.6 (which takes ~1-2 min) and the new forma testset.

Let me run Pkg.test in background and run.jl after. Actually the order wants both. Let me run Pkg.test now, foreground with a long timeout, capturing log.

Note: Pkg.test may need `JULIA_PKG_OFFLINE=true` and the depot. Let me check how previous test logs were produced. The `test/runtests.jl` reads v0.6. Good.

Let me run it.
dsh: reasoning:
Pkg.test 447/447 passed (previously 422, so +25). 

Now run.jl with `--replicas 200`. This takes ~70s+ (plus new forma cases). Let me run it.
dsh: reasoning:
run.jl: 0 failures, ESTADO = SUPERADO, forma_cbid=339, forma_orden=177.

Now the remaining work:
1. Docs: INFORME.md "SL-4c-O" section, PROGRESO.md "SL-4c-O" section, HORAS.log with `date -Is`, model name from API.
2. METODO.md ambiguity update (optional but good).
3. Verify v0.4/v0.5 intact via ENTRADA-SL4c-O.sha256? The entrada includes the T04 v0.5 vector hash. Let me verify the frozen input hash to prove v0.5 intact. Also verify v0.4/v0.5 files unchanged.
4. Update todo list.

Let me also double-check: the order's requirement "≥ 30 casos con EvidenciaCbidAjeno y ≥ 30 con OrdenCanonicoInvalido" — coverage shows bloque_cbid=155, bloque_orden=79. But "casos" maybe should be counted as cases/instances. We have ev_cbid=155, ev_orden=79. Both ≥30. Good. And con_tx_cbid=100 ≥10, con_tx_orden=54 ≥10, ambos=58 ≥5. Good.

Now, let me verify the v0.5 file hash matches ENTRADA-SL4c-O. The entrada expects `c7de88de...` for T04 v0.5. Let me run sha256sum -c from the repo root? The paths in ENTRADA are relative to `/home/katana/zeo/ZEROX`. Let me check.

Actually ENTRADA-SL4c-O.sha256 lines:
```
382582...  P-ZRX/P-SLASHING/ORDEN-SL4c-O.md
...
c7de88...  P-ZRX/P-DAG/T04/resultados/vectores-estado-dag-v0.5.txt
```
Working dir for check is `/home/katana/zeo/ZEROX`. Let me run `cd /home/katana/zeo/ZEROX && sha256sum -c P-ZRX/P-SLASHING/ENTRADA-SL4c-O.sha256`. But that modifies nothing. Let me do it and capture to a log.

Note: the ENTRADA includes `V-ZRX/LINEO.md` etc. Good.

Let me do that now. Also check v0.4 maybe. Not required but the order says v0.4 remains intact.

Also the order says "Entrada congelada: P-ZRX/P-SLASHING/ENTRADA-SL4c-O.sha256". So verifying it is important.

Let me run.
dsh: reasoning:
All 7 frozen inputs intact, including T04 v0.5.

Now let me check the v0.4 file: the ENTRADA doesn't include v0.4. But v0.5 was derived from v0.4; the order says v0.4 remains intact as historical. It wasn't touched. Fine.

Now let me get the API model name. The order says "el nombre de modelo que devuelve la API". This likely refers to querying the DeepSeek API for the model. The launcher sources `/home/katana/torio/deepseek-harness/.env`. I should not read/print secrets. But I can make a request and capture the `model` field. Let me check what env vars exist without printing values (e.g., `env | grep -o '^[A-Z_]*'`). Actually, the harness itself is running as deepseek-flash. Maybe the model name is available via an env var like `DSH_MODEL`. Let me inspect the managed `$DSH_*` variables as suggested by the tool description.

Let me run `env | grep '^DSH_'` and also check for API base. But careful not to print secrets. DSH_ variables are harness metadata, likely fine.

Let me check.
dsh: reasoning:
No `ErrCbidAjeno`/`ErrOrdenCanonico` references remain in T04 code. The v0.5 references in code are:
- `src/generadores.jl`: likely `cobertura_run` docstring mentioning `cobertura-v0.5.txt` and the v0.5 default. Let me check.
- `src/diferencias.jl`: intentional (replays v0.5).
- `exportar.jl`: the comment "v0…v0.5 se conservan" (intentional) and maybe salida? Let me check quickly.

The model name: no DSH_MODEL env var. I need to query the API. The launching command sources `/home/katana/torio/deepseek-harness/.env`. Since my shell doesn't have those vars, but the harness process might. Let me check `/proc/self/environ`? That's my shell, no. The harness CLI's env is the parent. Let me check `/proc/$PPID/environ` — but might be the bash. Hmm.

The order says "el nombre de modelo que devuelve la API". Previous sections in PROGRESO use "**Ejecutor:** DeepSeek `deepseek-flash` (esfuerzo `high`)". So they may have queried the API. Let me look at how previous PROGRESO captured the model name. Maybe there's a results file `entorno.log` with the model. Let me check `resultados/entorno.log` and previous INFORME for "model".

Actually, the launcher command uses `--profile headless` and sources `.env`. The `.env` likely contains `DEEPSEEK_API_KEY` and maybe `DEEPSEEK_MODEL`. I must not read/show secrets, but reading a non-secret model name is fine. Let me check if `.env` has a model key without printing values. I can grep for key names only:
`grep -oE '^[A-Za-z_]+' /home/katana/torio/deepseek-harness/.env` — this prints key names, not values. That's safe. If there's a model key, I can then read just that value safely (model name is not a secret). But the instruction says "no leas ni muestres secretos". Reading the model value (non-secret) should be fine, but to be safe I'll only print the model key's value if it's clearly a model name. Let me list key names first.

Alternatively, query the API with a minimal request to get the model field. But that requires the API key and network. Might be blocked. Let me check the env file keys.

Actually, maybe the harness exposes the model via the CLI: `node .../bin.js --help`? Could be time-consuming. Let me check the `.env` key names.
dsh: reasoning:
Only `DEEPSEEK_API_KEY` in .env. The model name comes from the API response. I should query the API minimally. The deepseek-harness profile `headless` probably uses a default model. The order says the executor is DeepSeek (`deepseek-flash`). The API "model" field returned would be e.g. `deepseek-chat` or `deepseek-flash`.

Let me make a small curl request to the DeepSeek API to get the model name. I need the base URL. Perhaps it's `https://api.deepseek.com`. Let me query `/models` endpoint with the API key. This is a read-only request and the response's model id is not a secret. But I must be careful not to print the key.

Command:
```
set -a; . /home/katana/torio/deepseek-harness/.env; set +a
curl -s -H "Authorization: Bearer $DEEPSEEK_API_KEY" https://api.deepseek.com/models
```
This prints model list, not the key. That's safe. But it might use a custom base URL. Let me also check the harness config for base URL. Let me grep the harness config for "api" key names without secrets. Actually, the default DeepSeek base is `https://api.deepseek.com`. Let me try.

If network is unavailable, I'll record "deepseek-flash (per launcher; API no consultable)". But the order explicitly wants the API model name. Let me try.

Actually, safer: use the harness's own node CLI with a trivial prompt and capture the model from its verbose output? That might consume tokens. The /models endpoint is cheapest.

Let me try curl with a short timeout.
dsh: reasoning:
The API returns models: `deepseek-flash` (name DeepSeek-V4.1-Flash) and `deepseek-v4-pro`. The launcher/profile uses `deepseek-flash`. So the model name the API returns is `deepseek-flash` (DeepSeek-V4.1-Flash), effort `high`.

Now let me write the docs. Let me look at the SL-3b section format in INFORME.md and PROGRESO.md to match. Let me read the INFORME around line 540-620.
dsh: reasoning:
Now I understand the format. Let me append an INFORME SL-4c-O section. Also check the top of INFORME.md for the index or a summary table that might need updating. Let me check the first ~60 lines and whether there's an index of sections.

Also PROGRESO.md format. Let me check its structure. I already saw the tail. Let me append.

Let me write the INFORME section. It should include:
- Executor, date, source, zone.
- Verdict.
- Detected definition gaps.
- What was implemented.
- Coverage table.
- Vectors + relecture.
- Differences report.
- Reproducibility commands.
- What it doesn't demonstrate.

Let me append to INFORME.md. I'll use the write/edit tool. Since appending, I can use edit with the last lines as anchor, or just append via bash? Better use edit with the tail text. Actually simpler: read the last lines and use edit to append. The file ends at line 622 with the last bullet. I'll use edit replacing the final bullet with itself + new section.

Let me construct the section text.

Also HORAS.log: append `date -Is` timestamps. The order says "con HORAS.log (date -Is real)". I should append a few real timestamps. Let me capture `date -Is` now and a couple more at milestones. I'll append start/end markers with comments similar to prior entries. Actually prior entries are bare timestamps plus occasional comments. Let me append:
```
2026-09-26T23:1X:XX+02:00  # SL-4c-O2 inicio (aprox., tras ENTRADA-SL4c-O 7/7 OK)
...
```
Let me get the real current time. The system date: the file timestamps show 23:15. Let me run `date -Is`.

Let me first get date and then write docs. Also update METODO.md ambiguity section — optional. I'll add a brief note to METODO about SL-4c-O to keep the method current. Let me check the METODO ambiguity section location.

Let me get the current time and read the METODO ambiguity section.
dsh: reasoning:
Now let me append the docs. First INFORME.md. Let me construct the section and append with edit anchoring the final bullet.

Let me write it carefully with real numbers:
- Pkg.test: 447/447, log `resultados/test-pkg-v0.6.log`.
- run.jl: ESTADO = SUPERADO, 0 fallos, 76.7 s, log `resultados/run-estado-dag-v0.6.log`; TOTAL-EV forma_cbid=339, forma_orden=177.
- Vectors v0.6: 1481 cases, sha256 40b2931c8189214cb3a9e67060d2b7c7bc034b4f292da619205b0d3d04493872.
- Relectura: 1481 cases, 0 discrepancies.
- Coverage: bloque_cbid=155, bloque_orden=79, ev_cbid=155, ev_orden=79, ambos_cbid=58, con_tx_cbid=100, con_tx_orden=54; evidence semantic: aplicada=177, sin_saldo=23, duplicada=11, tardia=101, deshecha=34, construida=312. Wait, coverage EV list from cobertura-v0.6: "tardia"=101, "construida"=312, "aplicada"=177, "duplicada"=11, "deshecha"=34, "sin_saldo"=23. Note: no con_entradas. Let me confirm the full EV section. Let me read cobertura-v0.6.txt lines around the EV section.

Let me read it fully to get accurate numbers.
dsh: reasoning:
Interesting: the v0.6 "vectores" section (900 random base grid) exactly matches v0.5's numbers (1112/364/204 etc.), confirming the base grid is unaffected. Good.

Wait, but the v0.5 coverage "vectores-v0.5 (casos aleatorios)" also showed 1112/364/204, same. Yes. Good.

Hmm, but the evidence counts dropped (aplicada 227→177, tardia 296→101, duplicada 30→11, sin_saldo 80→23, construida 770→312, deshecha 115→34). Why? Because the generator now invalidates cbid/orden blocks, so many evidence txs no longer reach the selected history (`construida` counts only evidence in the selected history). Also the mode tuple changed, shifting RNG. That's expected. But wait: the order's coverage requirement is only about cbid/orden, which we meet. The prior minimums for evidence (sin_saldo ≥30, deshecha ≥30) from SL-3b are now NOT met (sin_saldo=23 <30, deshecha=34 ≥30 but close). Hmm. The `cobertura-v0.6.txt` header says "minimos: ... " for operations only, plus SL-4c-O forma. It doesn't reassert sin_saldo/deshecha minimums. But SL-3b's review required sin_saldo ≥30 and deshecha ≥30. The order SL-4c-O says "todos los tests previos con su nombre más los nuevos" and doesn't mention re-verifying SL-3b coverage minimums. But a reviewer might check that v0.6 didn't regress the SL-3b coverage. sin_saldo=23 <30 is a regression in the v0.6 evidence counters.

Is that a problem? The order SL-4c-O's verification list: "Pkg.test() en verde (todos los tests previos con su nombre más los nuevos), run.jl principal con 0 fallos, relectura de los vectores nuevos con 0 discrepancias, y el listado de diferencias del punto 4." It does NOT require SL-3b's coverage minimums. But "todo caso que cambie sin llevar uno de los dos defectos es un fallo" — this refers to *changed results*, and the change from 227 to 177 in `aplicada` is due to the generator change (new modes / RNG shift), not a change in an existing case. Since v0.6 is a fresh corpus, that's not a "case that changes".

However, to be safe and avoid a regression complaint, I could boost the evidence generation so sin_saldo and deshecha still exceed 30. The cleanest: increase `p_ev`? But `generar_dag_aleatorio`'s `p_ev` is fixed at 0.12. Or add more `ev-replicas`. The export uses `n_ev=60` per point (480 cases). The previous v0.5 coverage had 770 construida from 900+480+directed. Now 312. The drop is because cbid/orden/ambos blocks are invalid and don't appear in the selected history, and `construida` counts only selected history. Also the mode distribution changed.

I could increase `--ev-replicas` to, say, 120 (as the SL-3b INFORME's reproducibility command used 120!) to double evidence. The exporter default is 60, but the SL-3b command used `--ev-replicas 120`. The current v0.6 export used default 60. If I bump to 120, sin_saldo would roughly double to ~46, deshecha ~68. That would preserve SL-3b minimums. But it adds 480 more cases and time.

Alternatively, add a directed coverage for sin_saldo/deshecha? But that's beyond the order.

Hmm. Let me think about what's most faithful. The order says "Vectores nuevos: T04 v0.6 ... cobertura mínima en cada oráculo: ≥30 casos con EvidenciaCbidAjeno y ≥30 con OrdenCanonicoInvalido, ...". The "cobertura mínima" for this order is the forma coverage. SL-3b's minimums were for v0.5. Since v0.6 replaces v0.5 as the current vectors and v0.5 remains historical, the previous SL-3b coverage requirement arguably should still hold for the current vectors. To be safe, let me regenerate with `--ev-replicas 120` so the evidence counters stay comfortably above the SL-3b minimums and the forma minima remain. That also matches the SL-3b reproducibility command (120). It costs ~1-2 more minutes.

Actually wait: the default in exportar.jl is 60 and the SL-3b run used `--ev-replicas 120` (per INFORME SL3b.5). But the v0.5 vectors had 8×120 = 960 ev cases? The SL-3b PROGRESO said "8×120 evidencia" and 1878 cases = 22 directed + 900 + 960 ≈ 1882. Hmm, 22+900+960=1882, but reported 1878. Actually v0.5 had 4 directed + 900 + 8×120=960 → 1864. Plus maybe the earlier directed count. Anyway.

For v0.6, I used default 60 → 480 ev cases, and 80 dedicated forma. Total 1481 = 22 directed? Let me compute: directed `casos_dirigidos` has 17 base + 7 evidence/forma = 24? Let me count: base 14 + 4 ev + 3 forma = 21. Then 900 random + 480 ev + 80 forma = 21+900+480+80 = 1481. Yes, 21 directed.

If I regenerate with `--ev-replicas 120`, cases = 21+900+960+80 = 1961. Evidence counters roughly double: sin_saldo ~46, deshecha ~68, aplicada ~354, etc. That keeps prior minimums.

But regenerating changes the sha and coverage. That's fine; I'll re-run lector and test. The run.jl result is independent of exportar (it uses replicas=200 and its own generator). The Pkg.test reread uses the v0.6 file, so I'd need to re-run Pkg.test (or at least the reread). Time cost: exportar ~2 min, lector ~1.5 min, Pkg.test ~15s + reread. Acceptable.

Alternatively, I could add explicit directed cases for sin_saldo and deshecha to hit ≥30 without doubling random. But `deshecha` requires reorgs; harder. Increasing ev-replicas is simpler.

Actually, let me reconsider whether preserving SL-3b minimums matters. The order's verification does not mention them. The reviewer for SL-4c-O (director) will check the order's requirements. Over-engineering risks new issues. But a drop from 80 to 23 in sin_saldo could be flagged as "collateral damage" violating "nada más cambia". Hmm, but it's not a rule change; it's coverage sampling. Still, "todos los tests previos con su nombre" suggests continuity.

I think the safest is to boost ev-replicas to 120 and document it. Let me do that. The exportar default could stay 60 (or I could change default to 120? The order doesn't specify). I'll regenerate with `--ev-replicas 120` and keep the default 60, documenting the exact command. Actually, for reproducibility, the INFORME should give the exact command. Let me set the exportar default to 120? The SL-3b default was 60 but they used 120 in the documented command. Hmm. To avoid confusion, I'll set the default to 120 in exportar.jl (so the default command reproduces the published vectors) and document that.

Wait, let me check: does increasing to 120 scale time linearly? The generator for 8×120=960 evidence cases, each with a pow prefix, maybe ~1.5-2 min. Fine.

Let me change the default in exportar.jl from 60 to 120, regenerate, and update the coverage/relectura. Let me also reflect the reason in the header comment.

Actually, hold on. Let me reconsider: The evidence counters in run.jl (replicas=200) show `TOTAL-EV ... duplicadas=34 tardias=305 forma_cbid=339 forma_orden=177` and validos=11530 (vs v0.5's 13178). The run.jl evidence grid still covers semantic evidence. The `cobertura-v0.6.txt` run.jl section doesn't include EV counters (only operations). The EV counters are in the vectores section, which now has fewer. If I bump ev-replicas to 120, the vectors' EV counters double. Good.

Let me do it. Change the default `ev-replicas` to 120 and regenerate.

Actually, I realize the `--ev-replicas 120` command in the SL-3b INFORME produced the v0.5 file with `construida=770`. If I use 120 for v0.6, would `construida` be ~624 (2×312)? That's plausible and ≥ prior. Good.

Let me edit exportar.jl default and the header comment about the command, then regenerate.

Actually, I also want the published vector count to be reasonable. 1961 cases × ~5KB = ~10MB. v0.5 was 7.7MB? Let me check: v0.6 at 1481 cases is 7.76MB. 1961 → ~10MB. Fine.

Let me make the change.
dsh: reasoning:
Also update the comment at the top of exportar.jl mentioning `--aleatorios 900` — it says `[--aleatorios 900]` but not `--ev-replicas`. Fine. Let me also update the header comment to mention ev-replicas. Minor.

Now regenerate. This will overwrite v0.6 vectors and cobertura. Let me run.
dsh: reasoning:
Now sin_saldo=46 ≥30, deshecha=67 ≥30. Prior minimums preserved. Forma minimums still OK.

Now re-run lector on the new v0.6, and re-run Pkg.test (reread + forma testset). The diferencias report is independent of v0.6 (it replays v0.5), so it's still valid. But its header mentions "Los casos nuevos de v0.6 ... no forman parte de este diff" — still true.

Let me re-run lector and Pkg.test. The run.jl log is independent of exportar, so it stays valid (its numbers came from its own run). But the cobertura-v0.6.txt run.jl section is from `cobertura_run()` with replicas=200, consistent with run.jl. Good.

Let me re-run lector and Pkg.test. Also update the INFORME numbers accordingly.

Run lector first.
dsh: reasoning:
All good: 447/447, relectura 0 discrepancies on 1961 cases.

Now update the docs. Let me construct the INFORME SL-4c-O section with accurate numbers:
- sha256 v0.6: c383abab132892ee40bf1b941e0c647903d3ffc71d905b834459d53083e395bc
- casos: 1961 (21 dirigidos + 900 aleatorios + 960 evidencia + 80 forma)
- cobertura: EV aplicada 263, construida 527, deshecha 67, duplicada 21, sin_saldo 46, tardia 197; FORMA bloque_cbid 279, bloque_orden 125, ev_cbid 279, ev_orden 125, ambos_cbid 127, con_tx_cbid 166, con_tx_orden 78.
- Pkg.test 447/447.
- run.jl SUPERADO, 0 fallos, 76.7s, forma_cbid=339, forma_orden=177; TOTAL-EV historias=1600 validos=11530 descartes=2349 duplicadas=34 tardias=305.
- DIFERENCIAS: 1878 cases v0.5, 181 with defect, 135 changed, 0 unjustified.
- Frozen input: 7/7 OK.
- No Python, no git, outside zone unchanged.

Now, let me write the INFORME section. The final bullet currently at line 622:
"- La definición de `deshecha` no cubre reorgs que deshacen una evidencia y la reaplican después en la misma punta: eso cuenta como aplicación, no como deshecho, en cada cambio de punta."

I'll append after that.

Let me create the section text. I'll use the edit tool with old_string the last bullet and new_string the bullet + section.

Also, the INFORME likely has a table of contents or summary at top; let me check the first 40 lines to see whether sections are indexed. If so, I might add an entry. Let me read the top.
dsh: reasoning:
The INFORME is a long running document with sections per order appended. No global index. I'll append the SL-4c-O section at the end.

Let me append. I'll write the section now.
dsh: reasoning:
Now append the PROGRESO.md SL-4c-O section. Let me read its tail again to see the exact last lines (I saw earlier ends with the SL-3b closure bullet). Let me get the exact final lines.
dsh: reasoning:
The system says the file hasn't been read (I only read via bash `tail`, not the read tool). I need to use the read tool first. Let me read the tail via read tool with offset.
dsh: reasoning:
Now update HORAS.log with real `date -Is` timestamps, and METODO.md ambiguity note. Let me get fresh timestamps and append.

The HORAS.log needs real timestamps. I have start ≈ 23:10 (from the launch) and various milestones. But I can't retroactively know exact times for each. I'll append the actual current times I've observed: 23:18:33 and now. Let me get `date -Is` and append a couple entries with comments:
```
2026-09-26T23:10:38+02:00  # SL-4c-O2 lanzamiento
2026-09-26T23:18:33+02:00  # SL-4c-O2 mitad (exportar/lector/diff)
2026-09-26T23:2?:??+02:00  # SL-4c-O2 cierre (tests, run.jl, docs)
```
But the 23:10:38 was from the lanzamiento file. Let me use real values from files: `stat` the v0.6 vectors and logs. Actually, the requirement is "HORAS.log (date -Is real)". I'll append the actual `date -Is` now and note key file times. Let me get current date and use file mtimes for the record.

Let me append with `date -Is` (real command). The instruction says HORAS.log with `date -Is` real — meaning the timestamps should be produced by the real `date -Is` command, not fabricated. I'll run `date -Is` and append the output lines with comments. Let me do a couple: one now for code+vectors, one after docs.

Let me run:
```
cd T04
d=$(date -Is); echo "$d  # SL-4c-O2 código/vectores/tests/run.jl" >> HORAS.log
```
And maybe another now.

Let me also update METODO.md briefly (add SL-4c-O form check note). The METODO §2 point 1 describes admisión/forma; I'll add a line. Let me read the exact lines around §2 to edit. From earlier: lines 40-47. Let me use the read tool to read METODO lines 40-52. Actually I read lines 1-60 via bash earlier, but the edit tool requires the read tool. Let me read it.

Actually, editing METODO is optional. The order requires INFORME.md and PROGRESO.md sections, HORAS.log, and model name. I've done INFORME and PROGRESO. METODO is not required. But keeping METODO accurate is good practice. Given budget, I'll add a short note.

Let me first append HORAS.log and then decide.

Let me run the HORAS append.
dsh: reasoning:
Let me add a METODO note about the forma v4 in §2 point 1. Let me read lines 30-38 to edit the admission/forma bullet. Actually I have lines 33-37 from earlier: point 1 "Admisión / forma. Padres... GDR valida U2 y la monotonía de slot." Let me read lines 30-37 via read tool.
dsh: reasoning:
Now final verification sweep:
1. Re-run the full check maybe not necessary; everything already ran. But I changed only docs and METODO after tests, no code. Good.
2. Confirm no code changed after the last test run? I changed exportar default ev-replicas to 120 before the last exportar/lector/test. After the test, I only edited docs (INFORME, PROGRESO, METODO) and HORAS.log. So code/vectors unchanged since the verified run. Good.
3. Verify the sha256 of v0.6 file matches the .sha256 entry (format `sha256sum`). Let me run `sha256sum -c resultados/vectores-estado-dag-v0.6.sha256` from T04. Note the .sha256 contains path `resultados/vectores-estado-dag-v0.6.txt` relative to T04. Let me check.
4. Confirm v0.6.sha256 content and check.
5. Confirm no Python used (obviously). 
6. Confirm nothing outside T04 was modified. I only wrote inside T04. The `sha256sum -c` didn't modify. Good. But wait: the `resultados/entrada-SL4c-O.log` was written inside T04 (allowed). The `tee` in the check wrote to T04. Good.
7. `resultados/diferencias-v0.5-v0.6.log` exists. Good.
8. The order says "Sección «SL-4c-O» en INFORME.md y PROGRESO.md de cada oráculo". I named sections "T04-SL4c-O" and "SL-4c-O — Parte O2...". Should be fine. Maybe ensure the exact string "SL-4c-O" appears. Yes.

Let me do the sha check and a final file listing. Also verify the v0.4/v0.5 files mtimes unchanged (they should be). And count references to the new motives in the v0.6 vector to double-check.

Let me run these checks.
dsh: reasoning:
Everything verified:
- sha256 of v0.6 matches.
- 279 cbid + 125 order block motives in the vector.
- 0 semantic ErrCbidAjeno/ErrOrdenCanonico discards in the new vector.
- v0.4/v0.5 untouched.

Wait, there's a small discrepancy: `run-estado-dag-v0.6.log` is only 3704 bytes? The run.jl log should have many PUNTO lines. Let me check: earlier tail showed the full content; 3704 bytes is plausible (about 40 lines). Good.

Now, I want to double-check one thing: the `relectura-v0.6.log` is only 76 bytes? Earlier it printed "leidos_casos = 1961, discrepancias = 0, VEREDICTO...". 76 bytes is plausible.

Now, let me reconsider potential issues:

1. **The `caso_forma_evidencia` in `casos_dirigidos` uses seeds 41/42/43 and the default `iter=0`.** These are included in the vectors as D-19 (three times, same name). The coverage dedicated cases use `casos_forma_cobertura` with iter 1..36, 101..136, 201..208. Good.

2. **Is `D-19` name duplicated 3 times in the vector?** Yes, `caso_forma_evidencia` returns "D-19" for all three. That's fine for the vectors/lector. The directed test in run.jl uses explicit seeds. The `casos_dirigidos` test in Pkg.test iterates all and checks IE invariants. Fine.

3. **The order says "Nombres de error: `ErrForma(EvidenciaCbidAjeno)` y `ErrForma(OrdenCanonicoInvalido)`."** We render exactly that in RES. Good.

4. **"en T04 al menos 10 de cada uno en un bloque que además contiene transacciones válidas"** — `con_tx_cbid=166`, `con_tx_orden=78`. But "transacciones válidas" — my counter counts *any* monetary tx of those types, not necessarily ones that would validate. In the dedicated cases, the transfer is constructed to be valid (spends an existing UTXO). In random cases, the tx might or might not validate. But the dedicated cases alone give con_tx_cbid≥36 and con_tx_orden≥36 (all valid by construction). Actually `contar_forma_evidencia` counts `hay_tx` for all blocks with such a tx, including random ones. The dedicated ones guarantee ≥36 each with a valid transfer. But my counter counts them all; the minimum is comfortably met. To be rigorous, I could add a check in the directed test that the transfer was valid (the `caso_forma_evidencia` test already verifies `tx_aplicada=false` but doesn't verify the transfer would have applied). Hmm. Let me think: in `caso_forma_evidencia`, the transfer spends `o` from `past(Tb)` and is included in X. Since X is invalid (forma), it never applies. To demonstrate "the block contains valid transactions", we should verify the transfer itself is valid. We can check that the *same* transfer applied in a valid block would apply. In fact, the valid twin `Xv` doesn't include the transfer. 

The order's requirement is about coverage counting "casos ... en un bloque que además contiene transacciones válidas (para demostrar que invalida el bloque entero)". The key demonstration is that a block with a defective evidence AND otherwise-valid txs is invalid. My `caso_forma_evidencia` builds the transfer from a spendable UTXO against the same state, so it is valid. The `tx_aplicada=false` check confirms it didn't apply because the whole block was invalid. But it doesn't prove the tx was individually valid. However, the UTXO was selected via `utxo_gastable` so it is spendable at that slot; the transfer amount is `o.valor - 1` ≥ ... Actually `utxo_gastable` requires `o.valor >= 2`, so `o.valor - 1 >= 1`. The transfer has a single input and one output of lesser value, so it's valid (fees positive). So it is valid by construction.

To make the coverage claim airtight, I could add a counter `con_tx_valida_cbid` that checks the tx is valid. But that would require applying it. Simpler: in the dedicated cases, all `con_tx` flags are true and the tx is valid by construction. The report can state that. The counter name `con_tx_cbid` is documented as "el bloque inválido lleva además una tx monetaria". The order says "transacciones válidas". Given the dedicated cases guarantee validity, this is fine. I'll note in the INFORME that the dedicated cases' tx is valid by construction.

Actually, the INFORME already says "36 cbid + 36 orden + 8 ambos con tx válida". Good.

5. **Potential issue: the forma check runs even when `P.evp` is false.** For the base grid (cbid=0, evp=false), no evidence txs are generated, so no effect. But a hypothetical evidence tx with `cbid=0` in the base grid would be canonical. Fine.

6. **T01's `aplicar_evidencia!` still returns ErrCbidAjeno/ErrOrdenCanonico for evidence that passes T04's forma check?** No: T04's forma check catches exactly the same conditions. But note T04 checks `ev.id1.cbid == cbid_red && ev.id2.cbid == cbid_red` and `ev.h1.pre_hash < ev.h2.pre_hash`, identical to T01's checks. So any evidence reaching `aplicar_evidencia!` passes those. After O1 removes them from T01, still consistent. Good.

But there's a subtle difference: T01's `aplicar_evidencia!` checks `(ev.id1.cbid == P.cbid && ev.id2.cbid == P.cbid)` where `P` is T01's Params passed to `aplicar_tx!`. In T04's `aplicar_bloque_fusion!`, it calls `Transicion.aplicar_tx!(S2, bloque_sintetico(...), P, punto, tx)` with `P = A.pd.P`. And `A.pd.P.cbid` is the same as `cbid_red`. Good.

7. **The lector independently re-derives using T01's `parsear_evidencia`** and `Transicion.tx_evidencia(ev)`, then re-runs `resolver!`. Since T04's forma check uses the reconstructed ev, and the lector's reconstruction matches the vector's `ev=` string, it gets the same motives. Verified 0 discrepancies.

8. **`run.jl` log file**: the default is `resultados/run-estado-dag-v0.6.log`. Good.

9. **`test/runtests.jl` reference to `MOTIVO_FORMA_CBID`**: exported from EstadoDAG. Good.

10. **The order says "todos los tests previos con su nombre"**: Pkg.test shows 447/447 with the same testset names plus the new one. Good.

11. **Budget**: 1h/1 thread. We've used maybe ~15-20 min of wall time. Good.

12. **No git**: I didn't run git. Good.

Now, one more consideration: The order says "no leas ni muestres secretos". I read the `.env` key names only, and the API request didn't print the key. Good.

Let me also double-check that I didn't accidentally write outside T04. The only writes were inside T04 and the `sha256sum -c` log which I redirected into T04. Let me verify no file outside T04 was modified. I can check the mtimes of the frozen files: they should be their original times. The `sha256sum -c` doesn't touch them. The ZEROX root wasn't written. Good.

Wait — I did run `sha256sum -c ... | tee /home/katana/.../T04/resultados/entrada-SL4c-O.log`. That's inside T04. Good.

Now, let me reconsider the DIFERENCIAS report requirement more carefully: "un informe DIFERENCIAS-v0.5-v0.6.md (T04) que lista, caso por caso, los que cambian de resultado y por qué; todo caso que cambie sin llevar uno de los dos defectos es un fallo de esta orden." My report does exactly that. 

One concern: The report is named `DIFERENCIAS-v0.5-v0.6.md` and placed in `resultados/`. The order doesn't specify the directory, but likely expects it under T04 (maybe at top level or resultados). Previous T01 did `DIFERENCIAS-v0.4-v0.5.md` — let me check where O1 put it, if O1 ran. O1 hasn't run. But maybe there's a convention from T04's previous `artefacto-v0.2-v0.3.log` in resultados. I placed it in `resultados/DIFERENCIAS-v0.5-v0.6.md`. That's reasonable. Maybe I should also place a copy at the T04 top level? The order says "un informe `DIFERENCIAS-v0.5-v0.6.md` (T04)". A reviewer might look at `T04/DIFERENCIAS-v0.5-v0.6.md`. Hmm. Let me check where similar reports live in the repo. Search for `DIFERENCIAS-` files.

Let me search.
dsh: reasoning:
No existing convention. The report is in `resultados/`. To be safe and discoverable, I'll also place a copy at the T04 root (`/home/katana/zeo/ZEROX/P-ZRX/P-DAG/T04/DIFERENCIAS-v0.5-v0.6.md`). But duplicating creates two files that could diverge. The order likely expects it in the oracle directory. Given `resultados/` is the artifacts dir and the INFORME references `resultados/DIFERENCIAS-v0.5-v0.6.md`, I think it's acceptable. However, to maximize discoverability without duplication, I could move it to the root and update references. Hmm.

Actually, the order says "un informe `DIFERENCIAS-v0.4-v0.5.md` (T01) y `DIFERENCIAS-v0.5-v0.6.md` (T04)". It's a report, and reports in this project live in `INFORME.md`/`PROGRESO.md` at root, while artifacts live in `resultados/`. A standalone report is arguably a root document. The T04 `artefacto-v0.2-v0.3.log` is in resultados. I'll keep it in resultados but also create a root-level copy? Duplication is bad.

Let me instead create it at the T04 root (more discoverable as "the report") and have `resultados/` hold the generated data. But my `diferencias.jl` writes to `resultados/DIFERENCIAS-v0.5-v0.6.md` by default. I could change the default output to the root `DIFERENCIAS-v0.5-v0.6.md`. Then the INFORME reference would need updating.

Which is more likely expected? The order lists it alongside `INFORME.md` and `PROGRESO.md` requirements, suggesting a root document. But it's generated from data. I think root is safer for a "informe". Let me move it to the root and update the script default and docs.

Actually, let me reconsider: the order says "Vectores nuevos: T01 v0.5 (vectores-transicion-v0.5.txt, .sha256, cobertura-v0.5.txt)... los v0.4/v0.5 quedan intactos". Those vector files are in `resultados/` in T01/T04. And "un informe DIFERENCIAS-...". In T04, the INFORME references results. I'll put the DIFERENCIAS report at the T04 root to be safe, and keep a copy? No, just move it. But the report is generated by `src/diferencias.jl`; I'll change the default output path to `DIFERENCIAS-v0.5-v0.6.md` (root), re-run it, and remove the one in resultados (or leave the log). Then update INFORME/PROGRESO references.

Hmm, but re-running diferencias takes ~1 min. Fine.

Actually, wait. Let me think about which is more defensible. The order's exact wording: "un informe `DIFERENCIAS-v0.4-v0.5.md` (T01) que lista...". It doesn't specify a path. Having it in `resultados/` is fine as long as it's referenced from INFORME. But a grader might `find` it by name. It exists at `resultados/DIFERENCIAS-v0.5-v0.6.md`. Either way it's found by name. I'll keep it and not duplicate. Actually, to be maximally safe, let me create it at BOTH? No — divergence risk is low if generated once and copied, but it's inelegant. I'll leave it in resultados and clearly reference it.

Hmm, let me look at how the sibling O1 is expected to do it. O1 hasn't run. The T01 `resultados/` has `artefacto-v0.2-v0.3.log` etc. So analytics logs are in resultados. The DIFERENCIAS is a report. I'll keep resultados.

Actually, you know what, let me just also drop a copy at the T04 root. It's a report that a human director will want to open directly. Duplication is acceptable and I'll note in the header that the canonical generated file is in resultados and the root copy is identical. But then hashes/divergence... Better not.

Decision: keep `resultados/DIFERENCIAS-v0.5-v0.6.md` and reference it explicitly in INFORME and PROGRESO. Done.

Now, let me do a final review of the changed source files for any bugs or leftover issues. Let me re-read the key new code in EstadoDAG.jl and run.jl to make sure there are no syntax issues (tests passed, so syntax is fine). 

One thing to double check: In `run.jl`, I used `MOTIVO_FORMA_CBID` etc. in the directed loop. `run.jl` does `using EstadoDAG` and `using EstadoDAG.Transicion`. So MOTIVO_* is in scope. Tests/run passed, so fine.

Let me verify the full run.jl log header and that ESTADO=SUPERADO persisted, and check the `forma_cbid` counters. Already saw.

Now let me consider whether the order requires anything else:
- "Sección «SL-4c-O» en INFORME.md y PROGRESO.md de cada oráculo, con HORAS.log (date -Is real) y el nombre de modelo que devuelve la API." Done: sections, HORAS.log with `date -Is`, model `deepseek-flash` (DeepSeek-V4.1-Flash). 
- "Pkg.test() en verde (todos los tests previos con su nombre más los nuevos), run.jl principal con 0 fallos, relectura de los vectores nuevos con 0 discrepancias, y el listado de diferencias del punto 4." Done.
- "Prohibido Python." Done.
- "Presupuesto: 1 h y 1 hilo por parte." We used 1 thread. Wall time maybe ~20 min. Good.

Let me also verify that the HORAS.log entries have real dates. I appended one real `date -Is`. The order might want the start and end. Let me add a closing entry with the current real date and a marker. Let me do that at the very end.

Also, I should double check the `PROGRESO.md`/`INFORME.md` were written correctly (no truncation). Let me read the tails.

Let me also confirm the DIFERENCIAS report's last lines and that the report includes 135 case sections. Already confirmed 135 `### Caso`.

Let me finalize with a closing HORAS entry and a final consistency check. Also update the todo list.

Actually, one more important thing: the order says the model name "que devuelve la API". I should record the exact API id. I recorded `deepseek-flash` (DeepSeek-V4.1-Flash). Good.

Let me also think about whether I should mention in the docs that the v0.6 evidence random cases differ from v0.5 because the mode tuple changed. Yes, INFORME §SL4cO.7 mentions the generator changed. Good.

Let me do a final check: does `cobertura-v0.6.txt` line 21 say "SECCION vectores-v0.6 (casos aleatorios) casos = 900"? Yes. But the v0.6 vector has 900 random base-grid cases + 960 ev + 80 forma + 21 directed. The "vectores" section counts only the 900 base-grid random cases (consistent with v0.5's "casos = 900"). Good.

Now, the `run.jl` coverage section in cobertura-v0.6 says `casos = 3000`. Good.

One subtle inconsistency: the INFORME says "1 961 casos (21 dirigidos + 900 aleatorios + 8×120 de evidencia + 80 de forma)". 21+900+960+80 = 1961. Good.

Let me append the closing HORAS entry and update the todo list.

Actually, let me also verify the `relectura-v0.6.log` content (76 bytes). Let me cat it. And the `diferencias-v0.5-v0.6.log`. Then finalize.
dsh: reasoning:
Everything is consistent. Let me append the closing HORAS entry with the real date, and also verify the docs sections render (no need). Let me finalize the todo list.

One more thought: The order says "Si detectas una falta de definición, infórmala antes de editar." I informed in my message before editing, and documented in INFORME/PROGRESO. Good.

Let me append the closing timestamp.

Also, I realize I should double-check the `DIFERENCIAS-v0.5-v0.6.md` report claims "181 casos con algún defecto de forma" but 135 changed. The 46 defective cases that didn't change: why? Because a case can have an alien-cbid evidence in a block that was already invalid for another reason (e.g., its block was invalid due to ErrGarantia or ErrSinPadre), so the forma check doesn't change the result. That's fine: the order says every changed case must carry a defect, not every defect must change. Good.

Actually, wait: could there be a case where a defective evidence block was already invalid, so the result doesn't change — that's fine. But the report lists only changed cases, all with defects. Good.

Let me also reflect: the order says "toda historia cuyo bloque lleva una evidencia con cbid ajeno u orden no canónico se rechaza entera". "Se rechaza entera" = the block is invalid. In T04, "el bloque que la contiene es inválido en la admisión, no un descarte". Our implementation invalidates the block. Descendants become ErrSinPadre. That's "rechaza entera" in the sense the block is rejected. Good.

Now, one nuance: In T04's `chequear_forma`, the forma check is applied to *every* block, including blocks in non-selected branches. That matches "admisión". Good.

Let me append HORAS closing and update todos.

Let me also quickly re-run a tiny check that the module still loads and `chequear_forma_evidencia` is exported (it is, used by tests). Fine.

Let me append the closing HORAS line.
dsh: reasoning:
All done. Let me do one final read of the new core function and the run.jl changes to ensure quality, and verify no accidental file outside T04 was modified. I'll check `git`? No git allowed. Let me just check that the only modified/created files are within T04. I can compare mtimes in the parent dirs? Hard. I know I only wrote within T04.

Actually, one thing I should double-check: the `src/diferencias.jl` includes `lector_vectores.jl`, which has `const RUTA_DEF` and `main()`. Including it defines `main` in the diferencias script. Then `diferencias.jl` defines its own `main` after the include, which overwrites the included `main` (Julia warns about method redefinition? It's a new method with the same signature `main()` — actually it redefines the same method, which is allowed with a warning "Method definition main() overwritten"). Did we see a warning? The log only shows the stdout, and stderr was redirected to the same log. Let me check the log for warnings. `diferencias-v0.5-v0.6.log` only had 2 lines. So the redefinition either didn't warn (same file? no) or warnings were not emitted. Actually, Julia emits a `WARNING: Method definition main() in module Main at ... overwritten` to stderr when redefining. Since the log only has 2 lines, maybe there was no warning because `lector_vectores.jl`'s `main` is defined at top-level of the included file in `Main`, and then `diferencias.jl`'s `function main()` redefines it. Julia normally warns for overwriting a method in the same module. Hmm, but maybe it doesn't warn for functions defined in `Main` via include? Let me check by looking at the full log (we saw it's only 2 lines, no warning). Maybe Julia 1.13 doesn't warn for `Main` redefinition. Either way, it worked (exit 0). Fine.

But there's a subtle correctness issue: `diferencias.jl` calls `parsear_fichero`, `parsear_params`, `r_utxo`, etc. from the included lector. Good.

Now let me verify the `exit(main())` at the end of diferencias.jl. When run as script, it exits. Good.

One more: the `resultado_corregido` uses `A.validos` and `A.motivos`, `aplicar_historia`, `tips_validas`, `mejor_punta`, `r_utxo`, `r_gar`, `r_est`. All available. Good.

Now, is there any risk that `DIFERENCIAS-v0.5-v0.6.md` has stale content after I regenerated v0.6 with ev-replicas 120? The diff replays v0.5, independent of v0.6. But the diff was generated BEFORE the ev-replicas change (at 23:16) and is still valid because it doesn't depend on v0.6. However, the report's text references "los casos nuevos de v0.6" generically. Fine. But for consistency, the report's numbers (1878, 135, 181) are unchanged. Good.

Hmm, but the report was generated with the *same corrected oracle* that's now in place. Since the oracle code hasn't changed since (I only changed exportar default and docs), the report is valid. Good.

Let me do a final review of the INFORME section for correctness of the statement "447/447 (422 previas + 25 nuevas)". Previously 422; now 447; difference 25. The new testset has: 3 modes × 6 assertions = 18, plus 5 coverage assertions = 23, plus... the D-18 change removed 1 assertion (`@test m.cbid == 1`), so net +22. Hmm, 422 + 18 + 5 - 1 = 444, not 447. Let me recount. Actually the previous total was 422. New tests: the forma testset has 3×6=18 + 5 = 23, plus the random EV loop in the SL-3 testset already existed. Removing 1 → +22 → 444. But the actual total is 447. So there are 3 more from somewhere. Maybe the previous total 422 already included the D-18 cbid assertion and the D-15..D-17; and the new `con_tx` etc. Hmm, maybe the forma testset's assertion count differs: 3 modes × 6 = 18? Let me count the assertions in the new testset: `@test m.invalido`, `motivo`, `hijo_invalido`, `gemelo_valido`, `!m.tx_aplicada`, `I1`, `isempty(verificar_ie1_ie2_ie4)` = 7 per mode × 3 = 21. Plus 5 coverage = 26. Then 422 - 1 + 26 = 447. Yes! I miscounted (7 per mode). So "422 previas + 25 nuevas" should be "422 previas, −1 sustituida + 26 nuevas = 447". The phrase "422 + 25" is slightly off. Let me fix the INFORME and PROGRESO to avoid a factual error: say "447/447 (422 previas, una sustituida por la corrección de D-18 más 26 nuevas)". Let me correct.

In INFORME §SL4cO.6: "`Pkg.test()` **447/447** (422 previas + 25 nuevas; registro ...)". 
In PROGRESO SL4cO.2: "`Pkg.test()` **447/447** (422 previas + 25 nuevas). Registro ...".

Let me fix both to "(422 previas; D-18 pierde la aserción de `cbid` y se añaden 26 de forma)". Actually 422 - 1 + 26 = 447. Good.

Let me edit.
dsh: reasoning:
Now, a final sanity check: run the test count reasoning confirmed. The docs are consistent.

Let me do one last full verification of the deliverable state:
- Files created/modified inside T04 only.
- No Python.
- Everything passes.

Let me list the final state and maybe re-verify the frozen input once more (unchanged). Also, I should double-check that I didn't leave the `resultados/relectura-v0.6.log` referencing 1961 (yes).

One more consideration: the order says the new T04 vectors are `vectores-estado-dag-v0.6.txt`, `.sha256`, `cobertura-v0.6.txt`. Done. Note the order wrote "T04 v0.6 (`vectores-estado-dag-v0.6.txt`, `.sha256`, `cobertura-v0.6.txt`)". Good.

I think the task is complete. Let me write a final summary to the user.

But before that, let me reconsider one potential problem: the order's "Nota: estructura ya vigente (entradas/salidas/testigos, campos inactivos, forma de las dos cabeceras)". In T04, the structural check `ErrEvidenciaConEntradas` is still semantic (discard), NOT forma. The order says the precedence is structure → cbid → order, and calls the structure "ya vigente". But in T04 it is NOT at the forma layer — it's semantic. Is that a problem for this order? The order's decision 1 says the *change* is about cbid/order; "estructura ya vigente" implies it's already handled (wherever it is). It says "Desaparecen ErrCbidAjeno y ErrOrdenCanonico como errores semánticos; la verificación semántica (EV-06 identidad, EV-07 sellos, RAT-3, ventana, deduplicación) no cambia". It does NOT list `ErrEvidenciaConEntradas` among the semantic checks that remain, nor among those that move. It's in the "estructura ya vigente" bucket. Since the order explicitly scopes the change to cbid/order and warns that any other changed case is a failure, I should not move `ErrEvidenciaConEntradas` to forma. My implementation keeps it semantic, so cases with `con_entradas` are unchanged. In the v0.5 input replay, there were 0 `con_entradas` cases anyway (coverage v0.5 had `con_entradas=0`). So the diff wouldn't show it. But is leaving it semantic a deviation the director would flag? Possibly, because the contract says the whole EV-04 form check (including `EvidenciaConEntradasOSalidas`) invalidates the block. However, H1 only flagged cbid and order. The order SL-4c-O's scope is explicitly cbid/order. And "no cambias ninguna otra regla (si el cambio exige tocar otra, para e informa antes de editar)". Moving con_entradas would change another rule/cases. So I correctly left it. I documented in the INFORME §SL4cO.3: "la estructura de entradas/salidas/testigos no se toca (fuera del alcance)". And §SL4cO.7 says the byte parser isn't exercised. Good. This is the right call.

Actually, wait. Let me re-read the order's decision 1 more carefully: "estructura ya vigente (entradas/salidas/testigos, campos inactivos, forma de las dos cabeceras) → cbid → orden canónico". This describes the *precedence order* of the v4 form checks as if all are at the forma layer. In T04, `ErrEvidenciaConEntradas` is currently semantic. But the order says it's "ya vigente" — perhaps the director believes T04 already treats it as forma? It doesn't. But since H1 only flagged cbid/order and the order's coverage/diff is about cbid/order, I'll leave it and note it as a limitation. I did note in §SL4cO.7: "no ejerce el parser de bytes (n_in/n_out/n_wit...)". Good.

Hmm, but could the order's phrase "estructura ya vigente" mean that the O1/O2 oracles' *structure* check is already at the forma layer (in T01 it is `ErrEvidenciaConEntradas` returned by `aplicar_evidencia!`, which is semantic, not forma)? Let me double check T01: `ErrEvidenciaConEntradas` is returned by `aplicar_evidencia!` (semantic). And the contract EV-04 says it's `ErrForma(EvidenciaConEntradasOSalidas)`. So both oracles deviate for that case too. But the order didn't ask to fix it. This is a known gap from H1 (H1 says cbid and order; it doesn't mention con_entradas). So leaving it is correct per the order's scope. I'll flag it in my final summary as a residual, un-ordered deviation, so the director is aware. Actually, I already noted it in INFORME §SL4cO.7. Good.

Now, let me also double-check the order's phrase "en fusión (T04), el bloque que la contiene es inválido en la admisión, no un descarte." Our forma check is in `chequear_forma` at admission. Good.

I'm confident. Let me produce the final summary.

Let me also make sure I didn't accidentally modify T01. Only `Transicion.jl` is included read-only. I didn't write it. Confirm via mtime maybe. Let me check T01 mtimes quickly (should still be 19:18). And confirm no files outside T04 have new mtimes from today after 23:00. Let me run a find on the parent dirs for files modified in the last 30 min, excluding T04.
dsh: reasoning:
T01 files were modified at 23:15 — that's O1 running concurrently! The O1 agent has been working in parallel and modified T01's `Transicion.jl` (mtime 23:15:46), added `comparar_vectores.jl`, `vectores-transicion-v0.5.txt`, etc. Also `V-ZRX/REGISTRO.md` was modified.

This is critical: T04 includes T01's `Transicion.jl` read-only. If O1 changed T01 while I was running my final tests, then my last `Pkg.test` and `run.jl` might have used an older or newer version. Let me check the timeline:
- My last `Pkg.test` ran at 23:19 (test-pkg-v0.6.log mtime 23:19).
- T01 `Transicion.jl` mtime 23:15:46.
So my last test at 23:19 used the NEW T01 (modified by O1 at 23:15). And it passed 447/447 and relectura 0 discrepancies. Interesting! So T04 works with O1's corrected T01 too. 

But wait: my earlier exportar (23:15:54? no) — the regenerated v0.6 at 23:18 and the last exportar used T01 as of 23:15:46. Also fine.

However, this raises two concerns:
1. The v0.6 vectors and tests were generated with O1's new T01. Did O1 remove `ErrCbidAjeno`/`ErrOrdenCanonico` from the enum? If so, my removal of references was necessary and validated (last test passed). Good.
2. Did O1's changes to T01 alter the evidence semantics such that my forma check double-counts or conflicts? The tests passed, relectura 0 discrepancies, run.jl 0 failures. So no.

But there's a timing subtlety: O1 may still be running and could modify T01 again after my verification. The order says each part has its own zone; O1's changes to T01 are expected. If O1 modifies T01 further, my T04 could break (e.g., if they change function signatures). I can't control that. But my last verification used O1's current T01 and passed. Let me check if O1 is still running by looking at the SL4c-O1 stderr/stdout sizes and T01 mtimes. Earlier the O1 stderr was 170 bytes and stdout 0. Now T01 has new files. Let me check the timestamp of the SL4c-O1 outputs and whether O1 is still active. 

Actually, this is important: the two orders were launched concurrently and share T01. My T04 verification depends on T01's state. If O1 is still working, T01 may change again. But I should finalize based on the current state.

Let me check O1's status: look at `SL4c-O1-dsh.stdout`/`stderr` mtimes and sizes, and T01's `resultados` for a v0.5 vector. If O1 finished, the T01 v0.5 vector exists (it does, mtime?). Let me check.

Also, O1 modified `V-ZRX/REGISTRO.md` — that's a shared registry, possibly the director tracking. Not my concern.

Let me check whether O1 is done. If O1 is done, then my verification with the final T01 is valid. If not, I may need to re-verify after O1 finishes. But I can't wait indefinitely.

Let me inspect T01's state and O1 output files. Let me look at the T01 `Transicion.jl` to see the new `Err` representation (to confirm my T04 is coherent with it) and check T01's `resultados/vectores-transicion-v0.5.txt` mtime.

Actually, the key question for my deliverable: does T04 still work with O1's T01? My last full test at 23:19 says yes. Let me verify T01's mtime is still 23:15:46 and hasn't changed since (i.e., no writes after my verification). Let me check current time and T01 mtime again. If T01 changed after 23:19, I need to re-verify.

Let me run: `date -Is`, `stat T01/src/Transicion.jl`, and check O1 stdout mtime.

Also, I should check whether O1 renamed/removed `ErrCbidAjeno`/`ErrOrdenCanonico`. My code doesn't reference them, so it doesn't matter. But T04's `chequear_forma_evidencia` uses `Transicion.TxEvidencia`, `tx.evidencia`, `ev.id1.cbid`, `ev.h1.pre_hash` — these are stable. Let me confirm T01 still has them (it must, since tests passed).

Let me check.
dsh: reasoning:
O1 finished at 23:19:26 (stderr mtime). T01's new representation:
- `ErrSemantico` enum, `ErrForma` struct wrapping `ClaseForma`, and `const Err = Union{ErrSemantico, ErrForma}`.
- `const ErrCbidAjeno = ErrForma(EvidenciaCbidAjeno)` and `const ErrOrdenCanonico = ErrForma(OrdenCanonicoInvalido)` — the old names still exist as constants! So even if I had kept references, they'd still work (as `ErrForma` values), but they'd be semantic-check removed. Anyway, I removed them.
- `Base.show(io, e::ErrForma) = print(io, "ErrForma(", e.clase, ")")` and since `e.clase` is an enum value `EvidenciaCbidAjeno`, `print` gives "EvidenciaCbidAjeno". So `string(ErrForma(EvidenciaCbidAjeno))` = "ErrForma(EvidenciaCbidAjeno)". Exactly what I produce. Excellent alignment.

My last test at 23:19 used this final T01. But wait: T01's v0.5 vector was written at 23:19:10 and O1 finished 23:19:26. My last `Pkg.test` ran at 23:19 (log mtime 23:19) — could it have overlapped with O1's final writes? T01's `Transicion.jl` was last modified 23:15:46, before my test at 23:19. The v0.5 vector write at 23:19:10 doesn't affect T04. So my test used the final `Transicion.jl`. Good.

However, T04's Julia depot has compiled caches. When O1 changed T01's `Transicion.jl` at 23:15, T04's cached `EstadoDAG` .so might have been stale. But my test at 23:19 passed and the relectura was clean. Julia recompiles if the included file's mtime changes (it tracks includes). Good.

Now, one concern: My `resultados/vectores-estado-dag-v0.6.txt` was generated at 23:18, after T01's 23:15 change. Good. And `run.jl` at 23:16:52 — wait, run-estado-dag-v0.6.log header says 23:16:52, which is after T01's 23:15:46. Good. So all artifacts used the corrected T01.

But hold on: when I regenerated v0.6 with `--ev-replicas 120` at 23:18, did that use the new T01? Yes (23:18 > 23:15:46). Good.

So the entire final verification is consistent with O1's final T01. 

Now, there's an interesting alignment: my `Symbol("ErrForma(EvidenciaCbidAjeno)")` produces the exact same string as O1's `ErrForma` show. So the two oracles are coherent in the vector text. The order's requirement "iguales en los dos oráculos" is satisfied at the string level.

But wait — for T04, should I now use T01's `ErrForma` type instead of my `Symbol`? The order says the errors should be the same in both oracles. O1 has a proper `ErrForma` type. My T04 uses a `Symbol` with the same rendered text. A reviewer might prefer T04 to use `Transicion.ErrForma`. However, T04's `motivos` is `Dict{Int,Symbol}` and block-level errors are symbols. Using a `Transicion.ErrForma` value in a `Dict{Int,Symbol}` is impossible. I could change `motivos` to `Dict{Int,Any}` (bad) or to a union type. That would be invasive and is not required. The order says "Nombres de error: ...", i.e., names, and the vector text matches exactly. I'll leave it, but I should update my documentation to note the alignment: O1's `ErrForma` renders identically, and T04 independently produces the same string (proven by the lector reading the same vectors). Actually, my docs currently say T04 doesn't depend on T01's enum, which is correct and desirable for concurrent execution.

Hmm, but there's now a subtle inconsistency I should double-check: O1's T01 `aplicar_evidencia!` at lines 1130/1133 returns `ErrForma(...)` for cbid/order. But wait — O1 was supposed to move these checks to the *forma* layer, not keep them in `aplicar_evidencia!`. Let me look at T01 lines 1120-1140 to see whether O1 moved them to a `validar_forma_tx` function or kept them in `aplicar_evidencia!` but changed the return type. The order says in strict mode (T01), the block is invalid. Let me check T01's structure. If O1 kept the check in `aplicar_evidencia!` but returns `ErrForma`, and the caller treats `ErrForma` as a block-invalidating error, that's their design. Not my concern for O2. But it affects T04: T04 calls `Transicion.aplicar_tx!` in fusion mode and discards errors. If an evidence reached `aplicar_evidencia!` with a cbid defect (which it shouldn't, because T04's forma check preempts it), T01 would return `ErrForma`, and T04's `aplicar_bloque_fusion!` would treat it as a discard (since `r isa Transicion.Err` is now true for `ErrForma`, because `Err = Union{ErrSemantico, ErrForma}`). But T04's forma check preempts, so this path is unreachable. Fine.

Wait, actually there's a potential issue: T04's `aplicar_bloque_fusion!` calls `Transicion.aplicar_tx!` for non-frontier txs, and `Transicion.aplicar_transferencia!` etc. With O1's new `Err = Union{...}`, the `r isa Transicion.Err` checks still work. And T04's own code uses `Transicion.Err` in type annotations: `descartes::Dict{Int,Vector{Tuple{Int,Transicion.Err}}}` and `desc = Tuple{Int,Transicion.Err}[]`. With `Err` now a `Union` type, `Tuple{Int,Transicion.Err}` is valid. The tests passed, so it compiled.

Good. So T04 is coherent with O1's final T01.

Now let me check: did O1 possibly change `subsidio_post` or other functions that T04 relies on? My tests passed, so no breaking changes.

One more thing: O1 modified `V-ZRX/REGISTRO.md`. That's outside my zone but it's O1's doing, not mine. The find output showed it; I didn't touch it.

Let me verify the O1 process has finished and won't modify T01 again. The O1 stderr mtime 23:19:26 and stdout 0 bytes; the harness likely closed. I'll assume O1 is done.

Now, since O1's final T01 is in place, let me do a final quick re-verification that T04 still loads and a smoke test passes (to be 100% sure nothing changed after my last test). Actually, my last `Pkg.test` at 23:19 already did that. But let me confirm the exact mtime of the test log and whether T01 changed after. T01 mtime is 23:15:46; test log mtime 23:19. So the test is after T01's last change. Good.

However, I realize there might be an issue with my claim in the INFORME that "T04 comprueba la forma v4 por sí mismo (no depende del Err de T01, que O1 cambia en paralelo)". That's still true. Good. But I could add a note that O1's final T01 uses `ErrForma` and renders identically. That would strengthen the "same names in both oracles" claim. Let me add a short note to the INFORME §SL4cO.3 or §SL4cO.7. Actually, since O1 finished after I wrote the docs, I should update the docs to reflect the final alignment. Let me add a sentence.

Also, I should verify that T01's final state doesn't invalidate my claim that T04 doesn't reference the old semantic errors. `grep` earlier showed no references in T04. Good.

Let me add a note to INFORME about the alignment with O1's final T01 and re-verify the two oracles' string identity. Let me quickly test: `string(Transicion.ErrForma(Transicion.EvidenciaCbidAjeno))` equals my symbol string. Let me run a tiny Julia check. This also confirms T04 still loads with the final T01.

Let me run that smoke test.
dsh: reasoning:
The two oracles render identical text. Let me update the INFORME/PROGRESO to record this alignment (O1 finished after my initial docs). I'll add a sentence to INFORME §SL4cO.3 and note the final T01 state. Also mention that the last verification ran against O1's final T01 (mtime 23:15:46). Actually, the note about "O1 cambia en paralelo" is now historically accurate but I can refine.

Let me add to INFORME §SL4cO.3 after the first bullet:
"- Coherencia con O1: el T01 final de O1 (mtime 2026-09-26 23:15:46) usa `ErrForma(clase)` y rinde exactamente los mismos textos (`ErrForma(EvidenciaCbidAjeno)` / `ErrForma(OrdenCanonicoInvalido)`); T04 los reproduce con `Symbol` sin acoplarse a su tipo. La batería final se ejecutó con ese T01."

Let me edit the INFORME. I need to read the exact text I wrote. Let me read the section.

Actually I know the text I inserted. Let me use edit with a unique anchor from §SL4cO.3: "- `src/EstadoDAG.jl`: `chequear_forma_evidencia(A, b)`..." I'll append after that bullet.

Let me do it carefully. Let me grep the line.
dsh: reasoning:
Now let me also update PROGRESO to mention the O1 alignment and that the final run used O1's final T01. Let me add a bullet in SL4cO.2, before the cierre. Let me find the anchor.

Actually, the PROGRESO already says the final verification. Let me add a short bullet. Let me read the relevant lines via grep to anchor.
dsh: reasoning:
Now, since O1 finished at 23:19:26 and my last test at 23:19, I'm confident. But let me do a truly final re-run of `Pkg.test` to be 100% sure with the frozen T01 (which is now stable). Actually, my last Pkg.test log mtime is 23:19 and T01 mtime 23:15:46. But Pkg.test might have started at ~23:19:00 and T01's v0.5 vector was written 23:19:10 (doesn't affect T04). The Pkg.test used T01 `Transicion.jl` at 23:15:46 → stable. So no need to re-run.

However, there's a possible race: when I ran Pkg.test at 23:19, was O1 still writing T01 files (e.g., `Transicion.jl`)? T01's Transicion.jl mtime is 23:15:46, so it was stable during my test. Good.

But the `test-pkg-v0.6.log` mtime is 23:19:XX; let me check the exact time and compare to O1's 23:19:26. If my test ran before 23:15:46, it would have used old T01. But the log mtime is 23:19, and I started that test after regenerating v0.6 at 23:18. So it used the new T01. Good.

Now, let me consider: is there any chance O1's T01 change requires T04 to also update its `Err` usage? T04 uses `Transicion.Err` in several type annotations (`Dict{Int,Vector{Tuple{Int,Transicion.Err}}}`, `Tuple{Int,Transicion.Err}[]`). With O1's `const Err = Union{ErrSemantico, ErrForma}`, these are valid union types. Tests passed. Good.

One more: T04's `run.jl` and `exportar.jl` previously referenced `Transicion.ErrCbidAjeno`/`ErrOrdenCanonico`. I removed them. But O1 kept them as `const` aliases. So even if some reference remained, it would compile. But we removed all. Good.

Let me now do a final check that no code references a possibly-removed `Transicion.MOTIVOS` etc. Tests passed.

I think we're done. Let me update the todo list (already all completed) and write the final summary.

Actually, let me reconsider the `DIFERENCIAS` report's validity under O1's final T01. The diff was generated at 23:16, which is after T01's 23:15:46 change. So it used the new T01. Good. But did the diff script's replay depend on T01's semantic error types? It compares rendered strings. With O1's new T01, `Transicion.ErrEvidenciaTardia` etc. still exist (in `ErrSemantico`). The diff ran fine (exit 0, 135 changed). Good.

Wait, the diff log mtime is 23:16, and T01's Transicion.jl mtime 23:15:46. So yes, after.

Hmm, but actually there's a subtle thing: the diff script includes `lector_vectores.jl`, which I modified (guard main). That's T04. Fine.

OK. Final summary time. Let me also produce a concise list of deliverables.

Let me also double check the final `Pkg.test` total and that the `test-pkg-v0.6.log` shows 447. Already confirmed.

One last thing: the order says "1 h y 1 hilo por parte (otra orden usa la máquina con procesos que dependen del reloj)". We used 1 thread. Good.

Let me write the final answer to the user summarizing what was done, the definition gaps, and the results. I'll keep it structured and cite the artifacts.

Actually, wait. I want to be careful about one thing: the user's instruction was "cumple la parte O2". I should confirm I didn't need to read `LINEO.md` again — I did read it fully at the start. Good.

Let me finalize.
dsh: reasoning:
Everything is green. Let me write the final summary.

I should mention:
- The correction: cbid/order are now forma errors that invalidate the block.
- The reported definition gaps.
- Artifacts: v0.6 vectors, sha, cobertura, DIFERENCIAS, tests, run.jl.
- Verification results.
- Note the residual (con_entradas structural check not moved, outside order scope; O1 alignment).
- Model name.

Let me produce a concise but complete final answer.
