regimen,c,s1,F,tau,lambda,deriva,p_div,p_div_cota,arcoseno_difusion,delta_red,banda_delta,L_F_inf,L_F_sup,mc,mc_inf,mc_sup,replicas
regimen,0//1,1//2,600.0,1.0,1.0,0.0,0.012066924748030972,3.175055202389362e-19,0.01299855910461046,2.0,0.04604189919647006,0.9999999999999334,0.9999999999999334,NaN,NaN,NaN,6000
regimen,0//1,1//2,600.0,4.0,1.0,0.0,0.025600957433942768,1.6735746151751912e-14,0.026018858012087843,8.0,0.18264456752959024,0.9999999999999334,0.9999999999999334,0.025166666666666667,0.021352304226898662,0.02945164458465488,6000
regimen,0//1,1//2,600.0,16.0,1.0,0.0,0.0520065749819669,1.717681657204522e-14,0.052213625097301875,32.0,0.6443913847904572,0.9999999999999334,0.9999999999999334,0.05433333333333333,0.04873229654249964,0.060372451936849966,6000
regimen,0//1,1//2,600.0,60.0,1.0,0.0,0.10230567806991239,6.31324775104557e-24,0.10241638234956672,120.0,0.999465377473792,0.9999999999999334,0.9999999999999334,NaN,NaN,NaN,6000
regimen,0//1,1//2,3600.0,1.0,1.0,0.0,0.0049253539299575835,3.210343104236656e-15,0.005305410409916187,2.0,0.018804687018067867,0.999999999998044,0.999999999998044,NaN,NaN,NaN,6000
regimen,0//1,1//2,3600.0,4.0,1.0,0.0,0.010442170808485498,5.253989119269427e-15,0.010612295398388503,8.0,0.07511441095454213,0.999999999998044,0.999999999998044,NaN,NaN,NaN,6000
regimen,0//1,1//2,3600.0,16.0,1.0,0.0,0.021152834218966868,4.3221801125040144e-15,0.02123640960707969,32.0,0.2939196499738976,0.999999999998044,0.999999999998044,NaN,NaN,NaN,6000
regimen,0//1,1//2,3600.0,60.0,1.0,0.0,0.041165407996738165,4.540477345230004e-15,0.04120864328326592,120.0,0.8426983905318357,0.999999999998044,0.999999999998044,NaN,NaN,NaN,6000
regimen,0//1,1//2,7200.0,1.0,1.0,0.0,0.0034826842025882762,2.381775867326026e-15,0.003751404825480089,2.0,0.013297498850416811,0.999999999996485,0.999999999996485,NaN,NaN,NaN,6000
regimen,0//1,1//2,7200.0,4.0,1.0,0.0,0.007383068545319793,4.288736501905082e-15,0.0075033308302210186,8.0,0.05315308149281833,0.999999999996485,0.999999999996485,NaN,NaN,NaN,6000
regimen,0//1,1//2,7200.0,16.0,1.0,0.0,0.014951804389693115,2.998718318919258e-15,0.015010835008946658,32.0,0.21027473097828092,0.999999999996485,0.999999999996485,NaN,NaN,NaN,6000
regimen,0//1,1//2,7200.0,60.0,1.0,0.0,0.0290676509048839,3.393343077886139e-15,0.029098094008970656,120.0,0.6826894921005973,0.999999999996485,0.999999999996485,NaN,NaN,NaN,6000
regimen,0//1,1//2,11520.0,1.0,1.0,0.0,0.0027532837626194242,2.086623536187931e-15,0.0029657201721247687,2.0,0.010512766993610534,1.0000000000067204,1.0000000000067204,NaN,NaN,NaN,6000
regimen,0//1,1//2,11520.0,4.0,1.0,0.0,0.005836632211456367,3.940002936693885e-15,0.005931697831803687,8.0,0.04203282392859464,1.0000000000067204,1.0000000000067204,NaN,NaN,NaN,6000
regimen,0//1,1//2,11520.0,16.0,1.0,0.0,0.011818808522333102,2.690463744689989e-15,0.011865456772088454,32.0,0.16697139057438043,1.0000000000067204,1.0000000000067204,NaN,NaN,NaN,6000
regimen,0//1,1//2,11520.0,60.0,1.0,0.0,0.022967995680760606,2.866905852516566e-15,0.022992025195988298,120.0,0.5708050125261617,1.0000000000067204,1.0000000000067204,NaN,NaN,NaN,6000
regimen,0//1,1//2,19080.0,1.0,1.0,0.0,0.002139370289439957,1.8566059347490392e-15,0.002304436449152715,2.0,0.008168809365062535,1.000000000013198,1.000000000013198,NaN,NaN,NaN,6000
regimen,0//1,1//2,19080.0,4.0,1.0,0.0,0.004535130137388061,3.8013341109550445e-15,0.004608993689086461,8.0,0.03266667683101476,1.000000000013198,1.000000000013198,NaN,NaN,NaN,6000
regimen,0//1,1//2,19080.0,16.0,1.0,0.0,0.009182717040565861,2.5778892050519835e-15,0.009218954046465633,32.0,0.13012101690202305,1.000000000013198,1.000000000013198,NaN,NaN,NaN,6000
regimen,0//1,1//2,19080.0,60.0,1.0,0.0,0.017840648362558935,2.6314625271527757e-15,0.01785930062818897,120.0,0.46097994712853785,1.000000000013198,1.000000000013198,NaN,NaN,NaN,6000
transitorio,0//1,1//2,600.0,1.0,1.0,0.0,0.010973597961851609,2.922100184913561e-17,0.01299855910461046,1.0,0.032566712524643604,0.9999999999999549,0.9999999999999549,NaN,NaN,NaN,6000
transitorio,0//1,1//2,600.0,4.0,1.0,0.0,0.025156629436984764,1.7606539842583563e-23,0.026018858012087843,4.0,0.12972592262148158,0.9999999999999549,0.9999999999999549,0.026166666666666668,0.02227589775705522,0.03052682649098161,6000
transitorio,0//1,1//2,600.0,16.0,1.0,0.0,0.051796936486259736,9.22742679232933e-18,0.052213625097301875,16.0,0.48638764935302753,0.9999999999999549,0.9999999999999549,0.052333333333333336,0.0468338702029267,0.05827299027468491,6000
transitorio,0//1,1//2,600.0,60.0,1.0,0.0,0.10219461000043911,5.341918969934148e-22,0.10241638234956672,60.0,0.9856603518047437,0.9999999999999549,0.9999999999999549,NaN,NaN,NaN,6000
transitorio,0//1,1//2,3600.0,1.0,1.0,0.0,0.004479373428911389,3.833364916476357e-15,0.005305410409916187,1.0,0.013297614250584455,1.0000000000005103,1.0000000000005103,NaN,NaN,NaN,6000
transitorio,0//1,1//2,3600.0,4.0,1.0,0.0,0.0102613036556769,5.0446761349131705e-15,0.010612295398388503,4.0,0.05315354021252561,1.0000000000005103,1.0000000000005103,NaN,NaN,NaN,6000
transitorio,0//1,1//2,3600.0,16.0,1.0,0.0,0.02106822162419904,6.20219788683547e-15,0.02123640960707969,16.0,0.21027638683359967,1.0000000000005103,1.0000000000005103,NaN,NaN,NaN,6000
transitorio,0//1,1//2,3600.0,60.0,1.0,0.0,0.04112203489204638,6.4909823569572404e-15,0.04120864328326592,60.0,0.6826894915927373,1.0000000000005103,1.0000000000005103,NaN,NaN,NaN,6000
transitorio,0//1,1//2,7200.0,1.0,1.0,0.0,0.0031673543707731663,2.3649088931484423e-15,0.003751404825480089,1.0,0.009402996472224812,0.999999999998044,0.999999999998044,NaN,NaN,NaN,6000
transitorio,0//1,1//2,7200.0,4.0,1.0,0.0,0.007255213379996191,3.650391514723356e-15,0.0075033308302210186,4.0,0.03759892988939756,0.999999999998044,0.999999999998044,NaN,NaN,NaN,6000
transitorio,0//1,1//2,7200.0,16.0,1.0,0.0,0.014892041697318658,3.945471711181636e-15,0.015010835008946658,16.0,0.1495645566331758,0.999999999998044,0.999999999998044,NaN,NaN,NaN,6000
transitorio,0//1,1//2,7200.0,60.0,1.0,0.0,0.029037111031331834,4.456696897276556e-15,0.029098094008970656,60.0,0.5205011491710869,0.999999999998044,0.999999999998044,NaN,NaN,NaN,6000
transitorio,0//1,1//2,11520.0,1.0,1.0,0.0,0.0025040013500127536,1.9829642607874688e-15,0.0029657201721247687,1.0,0.007433769820234026,1.0000000000025726,1.0000000000025726,NaN,NaN,NaN,6000
transitorio,0//1,1//2,11520.0,4.0,1.0,0.0,0.005735564857379294,2.7322772663917005e-15,0.005931697831803687,4.0,0.029728627503945226,1.0000000000025726,1.0000000000025726,NaN,NaN,NaN,6000
transitorio,0//1,1//2,11520.0,16.0,1.0,0.0,0.011771581914750964,3.33577455041949e-15,0.011865456772088454,16.0,0.11850296381272624,1.0000000000025726,1.0000000000025726,NaN,NaN,NaN,6000
transitorio,0//1,1//2,11520.0,60.0,1.0,0.0,0.022943889862203765,3.4543558218964125e-15,0.022992025195988298,60.0,0.42385082664844065,1.0000000000025726,1.0000000000025726,NaN,NaN,NaN,6000
transitorio,0//1,1//2,19080.0,1.0,1.0,0.0,0.0019456746579243028,1.7438897523228227e-15,0.002304436449152715,1.0,0.005776277259290252,1.000000000005481,1.000000000005481,NaN,NaN,NaN,6000
transitorio,0//1,1//2,19080.0,4.0,1.0,0.0,0.004456603561545586,2.4320300123746482e-15,0.004608993689086461,4.0,0.02310208196342728,1.000000000005481,1.000000000005481,NaN,NaN,NaN,6000
transitorio,0//1,1//2,19080.0,16.0,1.0,0.0,0.009146030837347142,2.713683675764113e-15,0.009218954046465633,16.0,0.0922149829188566,1.000000000005481,1.000000000005481,NaN,NaN,NaN,6000
transitorio,0//1,1//2,19080.0,60.0,1.0,0.0,0.0178219369091169,2.8758485819372375e-15,0.01785930062818897,60.0,0.3359824078943044,1.000000000005481,1.000000000005481,NaN,NaN,NaN,6000
regimen,0//1,11//20,600.0,1.0,1.0,0.22222222222222232,3.143827998824121e-5,3.1750552024501765e-19,0.01299855910461046,2.2222222222222223,0.00011692939299912567,0.0004911590178381068,0.0005351041524137959,NaN,NaN,NaN,6000
regimen,0//1,11//20,600.0,4.0,1.0,0.22222222222222232,6.686089718434555e-5,1.9301117072085776e-14,0.026018858012087843,8.88888888888889,0.0005112877114102275,0.0004911590178381068,0.0005351041524137959,0.0,0.0,0.0006146242834176386,6000
regimen,0//1,11//20,600.0,16.0,1.0,0.22222222222222232,0.00014604203236232504,1.841858752726847e-14,0.052213625097301875,35.55555555555556,0.005636643941333912,0.0004911590178381068,0.0005351041524137959,0.0,0.0,0.0006146242834176386,6000
regimen,0//1,11//20,600.0,60.0,1.0,0.22222222222222232,0.00039185591535331597,6.313249672655681e-24,0.10241638234956672,133.33333333333334,0.5011423704863682,0.0004911590178381068,0.0005351041524137959,NaN,NaN,NaN,6000
regimen,0//1,11//20,3600.0,1.0,1.0,0.22222222222222232,1.2272490864071704e-18,4.014242713365935e-15,0.005305410409916187,2.2222222222222223,4.581572029994495e-18,2.0368271601846384e-17,2.2191672999217374e-17,NaN,NaN,NaN,6000
regimen,0//1,11//20,3600.0,4.0,1.0,0.22222222222222232,2.60834216197296e-18,5.9015854078579434e-15,0.010612295398388503,8.88888888888889,2.0190864768478377e-17,2.0368271601846384e-17,2.2191672999217374e-17,NaN,NaN,NaN,6000
regimen,0//1,11//20,3600.0,16.0,1.0,0.22222222222222232,5.679297417207944e-18,4.634641724852963e-15,0.02123640960707969,35.55555555555556,2.6939465389147804e-16,2.0368271601846384e-17,2.2191672999217374e-17,NaN,NaN,NaN,6000
regimen,0//1,11//20,3600.0,60.0,1.0,0.22222222222222232,1.5013929309865444e-17,4.702734181453248e-15,0.04120864328326592,133.33333333333334,8.20231334233189e-13,2.0368271601846384e-17,2.2191672999217374e-17,NaN,NaN,NaN,6000
regimen,0//1,11//20,7200.0,1.0,1.0,0.22222222222222232,1.8269166861992946e-35,2.9781740539881093e-15,0.003751404825480089,2.2222222222222223,7.742928329718804e-34,3.46494595485299e-33,3.775152787347893e-33,NaN,NaN,NaN,6000
regimen,0//1,11//20,7200.0,4.0,1.0,0.22222222222222232,3.902832447608788e-35,4.775108600017333e-15,0.0075033308302210186,8.88888888888889,3.4149681281699667e-33,3.46494595485299e-33,3.775152787347893e-33,NaN,NaN,NaN,6000
regimen,0//1,11//20,7200.0,16.0,1.0,0.22222222222222232,8.763815220749445e-35,3.215501969967119e-15,0.015010835008946658,35.55555555555556,4.647310684614317e-32,3.46494595485299e-33,3.775152787347893e-33,NaN,NaN,NaN,6000
regimen,0//1,11//20,7200.0,60.0,1.0,0.22222222222222232,2.335197328957404e-34,3.5146063438195063e-15,0.029098094008970656,133.33333333333334,2.115238940606205e-28,3.46494595485299e-33,3.775152787347893e-33,NaN,NaN,NaN,6000
regimen,0//1,11//20,11520.0,1.0,1.0,0.22222222222222232,7.293274206178847e-60,2.6091055385895576e-15,0.0029657201721247687,2.2222222222222223,9.812515199529217e-53,4.929493233920026e-52,5.3708272387820514e-52,NaN,NaN,NaN,6000
regimen,0//1,11//20,11520.0,4.0,1.0,0.22222222222222232,1.5674330635312963e-59,4.368126773437419e-15,0.005931697831803687,8.88888888888889,4.340076883599127e-52,4.929493233920026e-52,5.3708272387820514e-52,NaN,NaN,NaN,6000
regimen,0//1,11//20,11520.0,16.0,1.0,0.22222222222222232,3.6511090566639597e-59,2.8849625293616883e-15,0.011865456772088454,35.55555555555556,6.108866048137676e-51,4.929493233920026e-52,5.3708272387820514e-52,NaN,NaN,NaN,6000
regimen,0//1,11//20,11520.0,60.0,1.0,0.22222222222222232,1.0431534463241031e-58,2.969356550457028e-15,0.022992025195988298,133.33333333333334,3.450457638617485e-47,4.929493233920026e-52,5.3708272387820514e-52,NaN,NaN,NaN,6000
regimen,0//1,11//20,19080.0,1.0,1.0,0.22222222222222232,1.923153027468982e-109,2.321483704971484e-15,0.002304436449152715,2.2222222222222223,9.134910287578563e-90,6.006044308270748e-85,6.543769588047717e-85,NaN,NaN,NaN,6000
regimen,0//1,11//20,19080.0,4.0,1.0,0.22222222222222232,3.7104497503498076e-109,4.206296374477379e-15,0.004608993689086461,8.88888888888889,4.239240626015598e-89,6.006044308270748e-85,6.543769588047717e-85,NaN,NaN,NaN,6000
regimen,0//1,11//20,19080.0,16.0,1.0,0.22222222222222232,8.81342852846706e-109,2.764249558754856e-15,0.009218954046465633,35.55555555555556,9.323190481606727e-88,6.006044308270748e-85,6.543769588047717e-85,NaN,NaN,NaN,6000
regimen,0//1,11//20,19080.0,60.0,1.0,0.22222222222222232,2.9094166285554703e-108,2.725499508597843e-15,0.01785930062818897,133.33333333333334,3.423683898222274e-83,6.006044308270748e-85,6.543769588047717e-85,NaN,NaN,NaN,6000
transitorio,0//1,11//20,600.0,1.0,1.0,0.09999999999999992,0.0005719442845084295,1.6352005442242465e-16,0.01299855910461046,1.0,0.0016983700744598335,0.014204411770244897,0.014204411770291496,NaN,NaN,NaN,6000
transitorio,0//1,11//20,600.0,4.0,1.0,0.09999999999999992,0.0013252038752445167,1.3502253049460331e-22,0.026018858012087843,4.0,0.006933089954158692,0.014204411770244897,0.014204411770291496,0.0016666666666666668,0.0007995116747301328,0.003062916438728275,6000
transitorio,0//1,11//20,600.0,16.0,1.0,0.09999999999999992,0.0028426602171567265,4.747136619428507e-18,0.052213625097301875,16.0,0.036735444625832704,0.014204411770244897,0.014204411770291496,0.0035,0.002167820756827272,0.005345171578761947,6000
transitorio,0//1,11//20,600.0,60.0,1.0,0.09999999999999992,0.006545072770219929,5.281148866167599e-22,0.10241638234956672,60.0,0.5084160796667573,0.014204411770244897,0.014204411770291496,NaN,NaN,NaN,6000
transitorio,0//1,11//20,3600.0,1.0,1.0,0.09999999999999992,6.877343593947799e-11,3.4369401093636604e-15,0.005305410409916187,1.0,2.0429366937002135e-10,1.8861072344853522e-9,1.8861145734457752e-9,NaN,NaN,NaN,6000
transitorio,0//1,11//20,3600.0,4.0,1.0,0.09999999999999992,1.5922024879060088e-10,5.049474126186247e-15,0.010612295398388503,4.0,8.372286264881156e-10,1.8861072344853522e-9,1.8861145734457752e-9,NaN,NaN,NaN,6000
transitorio,0//1,11//20,3600.0,16.0,1.0,0.09999999999999992,3.404314460299078e-10,5.585881722226359e-15,0.02123640960707969,16.0,4.7794247078447144e-9,1.8861072344853522e-9,1.8861145734457752e-9,NaN,NaN,NaN,6000
transitorio,0//1,11//20,3600.0,60.0,1.0,0.09999999999999992,7.729923518061995e-10,6.608750963742224e-15,0.04120864328326592,60.0,2.909582267256669e-7,1.8861072344853522e-9,1.8861145734457752e-9,NaN,NaN,NaN,6000
transitorio,0//1,11//20,7200.0,1.0,1.0,0.09999999999999992,7.068918795170046e-19,2.508865317788532e-15,0.003751404825480089,1.0,2.1028388516470003e-18,1.9659691763150887e-17,1.9659691763151112e-17,NaN,NaN,NaN,6000
transitorio,0//1,11//20,7200.0,4.0,1.0,0.09999999999999992,1.6365049332129665e-18,3.189819673496581e-15,0.0075033308302210186,4.0,8.621142806115491e-18,1.9659691763150887e-17,1.9659691763151112e-17,NaN,NaN,NaN,6000
transitorio,0//1,11//20,7200.0,16.0,1.0,0.09999999999999992,3.49786940603052e-18,3.63694687926295e-15,0.015010835008946658,16.0,4.959238955439986e-17,1.9659691763150887e-17,1.9659691763151112e-17,NaN,NaN,NaN,6000
transitorio,0//1,11//20,7200.0,60.0,1.0,0.09999999999999992,7.932350709222022e-18,3.965778805860127e-15,0.029098094008970656,60.0,3.584821996289699e-15,1.9659691763150887e-17,1.9659691763151112e-17,NaN,NaN,NaN,6000
transitorio,0//1,11//20,11520.0,1.0,1.0,0.09999999999999992,1.613599575844001e-28,1.9835586351545644e-15,0.0029657201721247687,1.0,6.5526718431985145e-28,6.1563355477439565e-27,6.1564446092010956e-27,NaN,NaN,NaN,6000
transitorio,0//1,11//20,11520.0,4.0,1.0,0.09999999999999992,3.7182537074683767e-28,2.79037263917749e-15,0.005931697831803687,4.0,2.6868344528918058e-27,6.1563355477439565e-27,6.1564446092010956e-27,NaN,NaN,NaN,6000
transitorio,0//1,11//20,11520.0,16.0,1.0,0.09999999999999992,8.003375757476053e-28,3.1760589863302624e-15,0.011865456772088454,16.0,1.5500275421285844e-26,6.1563355477439565e-27,6.1564446092010956e-27,NaN,NaN,NaN,6000
transitorio,0//1,11//20,11520.0,60.0,1.0,0.09999999999999992,1.821275659271672e-27,3.2448977729801137e-15,0.022992025195988298,60.0,1.196092667857602e-24,6.1563355477439565e-27,6.1564446092010956e-27,NaN,NaN,NaN,6000
transitorio,0//1,11//20,19080.0,1.0,1.0,0.09999999999999992,2.642797078955386e-47,1.835094927232455e-15,0.002304436449152715,1.0,1.7745629750488988e-44,1.6734763504088765e-43,1.6734763504088765e-43,NaN,NaN,NaN,6000
transitorio,0//1,11//20,19080.0,4.0,1.0,0.09999999999999992,5.977916017085956e-47,2.393285523819456e-15,0.004608993689086461,4.0,7.2770955567222e-44,1.6734763504088765e-43,1.6734763504088765e-43,NaN,NaN,NaN,6000
transitorio,0//1,11//20,19080.0,16.0,1.0,0.09999999999999992,1.267485666512629e-46,2.7677901938057036e-15,0.009218954046465633,16.0,4.2063953429076664e-43,1.6734763504088765e-43,1.6734763504088765e-43,NaN,NaN,NaN,6000
transitorio,0//1,11//20,19080.0,60.0,1.0,0.09999999999999992,3.0410530046921865e-46,2.875186557899289e-15,0.01785930062818897,60.0,3.3907462222023773e-41,1.6734763504088765e-43,1.6734763504088765e-43,NaN,NaN,NaN,6000
regimen,0//1,3//5,600.0,1.0,1.0,0.5,5.551558012821037e-13,3.1750552024462134e-19,0.01299855910461046,2.5,2.0744892877347145e-12,4.017956200667073e-12,4.6306173223748304e-12,NaN,NaN,NaN,6000
regimen,0//1,3//5,600.0,4.0,1.0,0.5,1.2434361253592436e-12,1.8398215552753503e-14,0.026018858012087843,10.0,1.1958403270749482e-11,4.017956200667073e-12,4.6306173223748304e-12,0.0,0.0,0.0006146242834176386,6000
regimen,0//1,3//5,600.0,16.0,1.0,0.5,3.5130331802565246e-12,1.820058006756214e-14,0.052213625097301875,40.0,1.1663990168065652e-9,4.017956200667073e-12,4.6306173223748304e-12,0.0,0.0,0.0006146242834176386,6000
regimen,0//1,3//5,600.0,60.0,1.0,0.5,2.7400604944086142e-11,6.313249708876331e-24,0.10241638234956672,150.0,0.00031315459051993775,4.017956200667073e-12,4.6306173223748304e-12,NaN,NaN,NaN,6000
regimen,0//1,3//5,3600.0,1.0,1.0,0.5,4.6219366536015885e-83,3.961852177919272e-15,0.005305410409916187,2.5,4.394057662735027e-66,1.8978089784007325e-64,2.187511646916144e-64,NaN,NaN,NaN,6000
regimen,0//1,3//5,3600.0,4.0,1.0,0.5,1.1818059874095434e-82,5.673659041247219e-15,0.010612295398388503,10.0,2.866352438780212e-65,1.8978089784007325e-64,2.187511646916144e-64,NaN,NaN,NaN,6000
regimen,0//1,3//5,3600.0,16.0,1.0,0.5,4.039621832318684e-82,4.579785422990361e-15,0.02123640960707969,40.0,7.085479073282524e-63,1.8978089784007325e-64,2.187511646916144e-64,NaN,NaN,NaN,6000
regimen,0//1,3//5,3600.0,60.0,1.0,0.5,8.290385972807214e-81,4.705792579216085e-15,0.04120864328326592,150.0,8.109394854683737e-55,1.8978089784007325e-64,2.187511646916144e-64,NaN,NaN,NaN,6000
regimen,0//1,3//5,7200.0,1.0,1.0,0.5,1.3446956201797634e-199,2.9393064889541017e-15,0.003751404825480089,2.5,2.1391763543626936e-155,6.25150851262176e-127,7.205918552789552e-127,NaN,NaN,NaN,6000
regimen,0//1,3//5,7200.0,4.0,1.0,0.5,3.4400733947538466e-199,4.603926295397919e-15,0.0075033308302210186,10.0,1.9475720347099766e-154,6.25150851262176e-127,7.205918552789552e-127,NaN,NaN,NaN,6000
regimen,0//1,3//5,7200.0,16.0,1.0,0.5,1.832946726866144e-198,3.177443056709391e-15,0.015010835008946658,40.0,3.680455270466949e-151,6.25150851262176e-127,7.205918552789552e-127,NaN,NaN,NaN,6000
regimen,0//1,3//5,7200.0,60.0,1.0,0.5,4.9466771934420736e-197,3.5168920490623637e-15,0.029098094008970656,150.0,1.6179989210083428e-139,6.25150851262176e-127,7.205918552789552e-127,NaN,NaN,NaN,6000
regimen,0//1,3//5,11520.0,1.0,1.0,0.5,0.0,2.5750551278713403e-15,0.0029657201721247687,2.5,1.1476294600816143e-286,7.856227402098922e-202,9.055680084134727e-202,NaN,NaN,NaN,6000
regimen,0//1,3//5,11520.0,4.0,1.0,0.5,0.0,4.217445380897196e-15,0.005931697831803687,10.0,1.3203766599975085e-285,7.856227402098922e-202,9.055680084134727e-202,NaN,NaN,NaN,6000
regimen,0//1,3//5,11520.0,16.0,1.0,0.5,0.0,2.8508159858434256e-15,0.011865456772088454,40.0,7.005322396741803e-282,7.856227402098922e-202,9.055680084134727e-202,NaN,NaN,NaN,6000
regimen,0//1,3//5,11520.0,60.0,1.0,0.5,0.0,2.971287655442652e-15,0.022992025195988298,150.0,1.9031944035292053e-268,7.856227402098922e-202,9.055680084134727e-202,NaN,NaN,NaN,6000
regimen,0//1,3//5,19080.0,1.0,1.0,0.5,0.0,2.2911873905777197e-15,0.002304436449152715,2.5,0.0,0.0,0.0,NaN,NaN,NaN,6000
regimen,0//1,3//5,19080.0,4.0,1.0,0.5,0.0,4.063766871196439e-15,0.004608993689086461,10.0,0.0,0.0,0.0,NaN,NaN,NaN,6000
regimen,0//1,3//5,19080.0,16.0,1.0,0.5,0.0,2.731531812273637e-15,0.009218954046465633,40.0,0.0,0.0,0.0,NaN,NaN,NaN,6000
regimen,0//1,3//5,19080.0,60.0,1.0,0.5,0.0,2.7272720224738077e-15,0.01785930062818897,150.0,0.0,0.0,0.0,NaN,NaN,NaN,6000
transitorio,0//1,3//5,600.0,1.0,1.0,0.19999999999999907,6.685806700618944e-8,7.512814344062532e-16,0.01299855910461046,0.9999999999999991,1.989379108046545e-7,8.528345782868553e-7,8.528346387991685e-7,NaN,NaN,NaN,6000
transitorio,0//1,3//5,600.0,4.0,1.0,0.19999999999999907,1.5999880045168905e-7,1.084650862323642e-22,0.026018858012087843,3.9999999999999964,8.750898038568853e-7,8.528345782868553e-7,8.528346387991685e-7,0.0,0.0,0.0006146242834176386,6000
transitorio,0//1,3//5,600.0,16.0,1.0,0.19999999999999907,3.8949725519785237e-7,1.7333550956811935e-17,0.052213625097301875,15.999999999999986,1.0938387477325978e-5,8.528345782868553e-7,8.528346387991685e-7,0.0,0.0,0.0006146242834176386,6000
transitorio,0//1,3//5,600.0,60.0,1.0,0.19999999999999907,1.4846628776826616e-6,1.4761318691266062e-21,0.10241638234956672,59.99999999999994,0.007435824672128062,8.528345782868553e-7,8.528346387991685e-7,NaN,NaN,NaN,6000
transitorio,0//1,3//5,3600.0,1.0,1.0,0.19999999999999907,2.784053846492136e-35,3.748638970238495e-15,0.005305410409916187,0.9999999999999991,3.856055619651633e-34,1.7043209276810582e-33,1.7043209276810582e-33,NaN,NaN,NaN,6000
transitorio,0//1,3//5,3600.0,4.0,1.0,0.19999999999999907,6.485675198407959e-35,4.541091521623533e-15,0.010612295398388503,3.9999999999999964,1.7038737477229184e-33,1.7043209276810582e-33,1.7043209276810582e-33,NaN,NaN,NaN,6000
transitorio,0//1,3//5,3600.0,16.0,1.0,0.19999999999999907,1.6274226930237037e-34,5.381641089515765e-15,0.02123640960707969,15.999999999999986,2.3641136074409646e-32,1.7043209276810582e-33,1.7043209276810582e-33,NaN,NaN,NaN,6000
transitorio,0//1,3//5,3600.0,60.0,1.0,0.19999999999999907,6.478370874281974e-34,6.046089466472977e-15,0.04120864328326592,59.99999999999994,1.1685195960584645e-28,1.7043209276810582e-33,1.7043209276810582e-33,NaN,NaN,NaN,6000
transitorio,0//1,3//5,7200.0,1.0,1.0,0.19999999999999907,4.7348228260578215e-76,2.8476503136595273e-15,0.003751404825480089,0.9999999999999991,3.298184346617561e-66,3.1201473979412097e-65,3.1201473979412097e-65,NaN,NaN,NaN,6000
transitorio,0//1,3//5,7200.0,4.0,1.0,0.19999999999999907,1.203971223454296e-75,3.164961927556612e-15,0.0075033308302210186,3.9999999999999964,1.4723304664706266e-65,3.1201473979412097e-65,3.1201473979412097e-65,NaN,NaN,NaN,6000
transitorio,0//1,3//5,7200.0,16.0,1.0,0.19999999999999907,2.7753357100488464e-75,3.825844922368309e-15,0.015010835008946658,15.999999999999986,2.2729726833566295e-64,3.1201473979412097e-65,3.1201473979412097e-65,NaN,NaN,NaN,6000
transitorio,0//1,3//5,7200.0,60.0,1.0,0.19999999999999907,1.377865318905867e-74,4.045418333715075e-15,0.029098094008970656,59.99999999999994,1.9043734669055559e-60,3.1201473979412097e-65,3.1201473979412097e-65,NaN,NaN,NaN,6000
transitorio,0//1,3//5,11520.0,1.0,1.0,0.19999999999999907,8.397615099200505e-133,2.5815929501352215e-15,0.0029657201721247687,0.9999999999999991,1.5926630345371148e-110,3.0668538133333685e-103,3.0668538133333685e-103,NaN,NaN,NaN,6000
transitorio,0//1,3//5,11520.0,4.0,1.0,0.19999999999999907,2.1809707445299545e-132,2.7602271001612976e-15,0.005931697831803687,3.9999999999999964,7.415760613581675e-110,3.0668538133333685e-103,3.0668538133333685e-103,NaN,NaN,NaN,6000
transitorio,0//1,3//5,11520.0,16.0,1.0,0.19999999999999907,6.001237592137618e-132,3.0416824778787164e-15,0.011865456772088454,15.999999999999986,1.72106633351519e-108,3.0668538133333685e-103,3.0668538133333685e-103,NaN,NaN,NaN,6000
transitorio,0//1,3//5,11520.0,60.0,1.0,0.19999999999999907,3.1671433356774697e-131,3.3110646441078064e-15,0.022992025195988298,59.99999999999994,8.450795954021706e-104,3.0668538133333685e-103,3.0668538133333685e-103,NaN,NaN,NaN,6000
transitorio,0//1,3//5,19080.0,1.0,1.0,0.19999999999999907,2.356787046306936e-241,2.349367909799849e-15,0.002304436449152715,0.9999999999999991,6.6786520293053965e-202,1.1016533668335116e-169,1.1016533668335116e-169,NaN,NaN,NaN,6000
transitorio,0//1,3//5,19080.0,4.0,1.0,0.19999999999999907,6.224359210722802e-241,2.406213510967526e-15,0.004608993689086461,3.9999999999999964,3.2525290784962426e-201,1.1016533668335116e-169,1.1016533668335116e-169,NaN,NaN,NaN,6000
transitorio,0//1,3//5,19080.0,16.0,1.0,0.19999999999999907,1.7479114139712518e-240,2.6998230292754072e-15,0.009218954046465633,15.999999999999986,1.1237672146449916e-199,1.1016533668335116e-169,1.1016533668335116e-169,NaN,NaN,NaN,6000
transitorio,0//1,3//5,19080.0,60.0,1.0,0.19999999999999907,9.563451030361161e-240,2.9765896896520135e-15,0.01785930062818897,59.99999999999994,2.957906978641287e-194,1.1016533668335116e-169,1.1016533668335116e-169,NaN,NaN,NaN,6000
regimen,0//1,3//4,600.0,1.0,1.0,2.0,5.261823005011941e-73,3.1750552024422224e-19,0.01299855910461046,4.0,2.2699775324988797e-72,5.915880922834415e-66,5.915880922834415e-66,NaN,NaN,NaN,6000
regimen,0//1,3//4,600.0,4.0,1.0,2.0,7.389394600230971e-122,1.87225354803635e-14,0.026018858012087843,16.0,3.656246827623125e-70,5.915880922834415e-66,5.915880922834415e-66,0.0,0.0,0.0006146242834176386,6000
regimen,0//1,3//4,600.0,16.0,1.0,2.0,1.4408983432761182e-117,1.8469785904830312e-14,0.052213625097301875,64.0,4.594364166139267e-62,5.915880922834415e-66,5.915880922834415e-66,0.0,0.0,0.0006146242834176386,6000
regimen,0//1,3//4,600.0,60.0,1.0,2.0,8.526488992611958e-63,6.313249785584652e-24,0.10241638234956672,240.0,3.1758497969653414e-41,5.915880922834415e-66,5.915880922834415e-66,NaN,NaN,NaN,6000
regimen,0//1,3//4,3600.0,1.0,1.0,2.0,0.0,3.9090977880124665e-15,0.005305410409916187,4.0,0.0,0.0,0.0,NaN,NaN,NaN,6000
regimen,0//1,3//4,3600.0,4.0,1.0,2.0,0.0,5.755529611998132e-15,0.010612295398388503,16.0,0.0,0.0,0.0,NaN,NaN,NaN,6000
regimen,0//1,3//4,3600.0,16.0,1.0,2.0,0.0,4.647524557661487e-15,0.02123640960707969,64.0,0.0,0.0,0.0,NaN,NaN,NaN,6000
regimen,0//1,3//4,3600.0,60.0,1.0,2.0,0.0,4.712269673314953e-15,0.04120864328326592,240.0,0.0,0.0,0.0,NaN,NaN,NaN,6000
regimen,0//1,3//4,7200.0,1.0,1.0,2.0,0.0,2.900168987055127e-15,0.003751404825480089,4.0,0.0,0.0,0.0,NaN,NaN,NaN,6000
regimen,0//1,3//4,7200.0,4.0,1.0,2.0,0.0,4.6654145435108895e-15,0.0075033308302210186,16.0,0.0,0.0,0.0,NaN,NaN,NaN,6000
regimen,0//1,3//4,7200.0,16.0,1.0,2.0,0.0,3.224439988020204e-15,0.015010835008946658,64.0,0.0,0.0,0.0,NaN,NaN,NaN,6000
regimen,0//1,3//4,7200.0,60.0,1.0,2.0,0.0,3.52173273006212e-15,0.029098094008970656,240.0,0.0,0.0,0.0,NaN,NaN,NaN,6000
regimen,0//1,3//4,11520.0,1.0,1.0,2.0,0.0,2.5407682356263784e-15,0.0029657201721247687,4.0,0.0,0.0,0.0,NaN,NaN,NaN,6000
regimen,0//1,3//4,11520.0,4.0,1.0,2.0,0.0,4.271569753571814e-15,0.005931697831803687,16.0,0.0,0.0,0.0,NaN,NaN,NaN,6000
regimen,0//1,3//4,11520.0,16.0,1.0,2.0,0.0,2.892981739483373e-15,0.011865456772088454,64.0,0.0,0.0,0.0,NaN,NaN,NaN,6000
regimen,0//1,3//4,11520.0,60.0,1.0,2.0,0.0,2.975377361777995e-15,0.022992025195988298,240.0,0.0,0.0,0.0,NaN,NaN,NaN,6000
regimen,0//1,3//4,19080.0,1.0,1.0,2.0,0.0,2.2606806670132158e-15,0.002304436449152715,4.0,0.0,0.0,0.0,NaN,NaN,NaN,6000
regimen,0//1,3//4,19080.0,4.0,1.0,2.0,0.0,4.114963105997935e-15,0.004608993689086461,16.0,0.0,0.0,0.0,NaN,NaN,NaN,6000
regimen,0//1,3//4,19080.0,16.0,1.0,2.0,0.0,2.7719332203120078e-15,0.009218954046465633,64.0,0.0,0.0,0.0,NaN,NaN,NaN,6000
regimen,0//1,3//4,19080.0,60.0,1.0,2.0,0.0,2.7310258635554553e-15,0.01785930062818897,240.0,0.0,0.0,0.0,NaN,NaN,NaN,6000
transitorio,0//1,3//4,600.0,1.0,1.0,0.4999999999996314,1.9287709555388977e-37,4.750930632392169e-15,0.01299855910461046,0.9999999999996314,5.871385745091061e-37,7.976322351944889e-37,7.97632235194489e-37,NaN,NaN,NaN,6000
transitorio,0//1,3//4,600.0,4.0,1.0,0.4999999999996314,5.932507186211731e-37,3.0725706264261367e-15,0.026018858012087843,3.9999999999985256,4.479722756557144e-36,7.976322351944889e-37,7.97632235194489e-37,0.0,0.0,0.0006146242834176386,6000
transitorio,0//1,3//4,600.0,16.0,1.0,0.4999999999996314,4.205497463045465e-36,6.885475581412006e-16,0.052213625097301875,15.999999999994102,2.7103289343785694e-33,7.976322351944889e-37,7.97632235194489e-37,0.0,0.0,0.0006146242834176386,6000
transitorio,0//1,3//4,600.0,60.0,1.0,0.4999999999996314,1.6524938882098816e-33,2.4986017197206942e-20,0.10241638234956672,59.99999999997789,3.906712614717701e-24,7.976322351944889e-37,7.97632235194489e-37,NaN,NaN,NaN,6000
transitorio,0//1,3//4,3600.0,1.0,1.0,0.4999999999996314,0.0,7.775776305588467e-15,0.005305410409916187,0.9999999999996314,7.664407813824332e-281,9.153118754589491e-212,9.153118754589491e-212,NaN,NaN,NaN,6000
transitorio,0//1,3//4,3600.0,4.0,1.0,0.4999999999996314,0.0,7.49931754577907e-15,0.010612295398388503,3.9999999999985256,1.156365732147626e-279,9.153118754589491e-212,9.153118754589491e-212,NaN,NaN,NaN,6000
transitorio,0//1,3//4,3600.0,16.0,1.0,0.4999999999996314,0.0,5.960462805862499e-15,0.02123640960707969,15.999999999994102,2.5161839622049523e-275,9.153118754589491e-212,9.153118754589491e-212,NaN,NaN,NaN,6000
transitorio,0//1,3//4,3600.0,60.0,1.0,0.4999999999996314,0.0,4.9566807689883196e-15,0.04120864328326592,59.99999999997789,1.1047867906491125e-259,9.153118754589491e-212,9.153118754589491e-212,NaN,NaN,NaN,6000
transitorio,0//1,3//4,7200.0,1.0,1.0,0.4999999999996314,0.0,6.7399996202643796e-15,0.003751404825480089,0.9999999999996314,0.0,0.0,0.0,NaN,NaN,NaN,6000
transitorio,0//1,3//4,7200.0,4.0,1.0,0.4999999999996314,0.0,6.3556246037004294e-15,0.0075033308302210186,3.9999999999985256,0.0,0.0,0.0,NaN,NaN,NaN,6000
transitorio,0//1,3//4,7200.0,16.0,1.0,0.4999999999996314,0.0,4.231904521637721e-15,0.015010835008946658,15.999999999994102,0.0,0.0,0.0,NaN,NaN,NaN,6000
transitorio,0//1,3//4,7200.0,60.0,1.0,0.4999999999996314,0.0,3.673825337555176e-15,0.029098094008970656,59.99999999997789,0.0,0.0,0.0,NaN,NaN,NaN,6000
transitorio,0//1,3//4,11520.0,1.0,1.0,0.4999999999996314,0.0,6.578192913563257e-15,0.0029657201721247687,0.9999999999996314,0.0,0.0,0.0,NaN,NaN,NaN,6000
transitorio,0//1,3//4,11520.0,4.0,1.0,0.4999999999996314,0.0,5.84322355649988e-15,0.005931697831803687,3.9999999999985256,0.0,0.0,0.0,NaN,NaN,NaN,6000
transitorio,0//1,3//4,11520.0,16.0,1.0,0.4999999999996314,0.0,3.7356050138489905e-15,0.011865456772088454,15.999999999994102,0.0,0.0,0.0,NaN,NaN,NaN,6000
transitorio,0//1,3//4,11520.0,60.0,1.0,0.4999999999996314,0.0,3.2448237518659675e-15,0.022992025195988298,59.99999999997789,0.0,0.0,0.0,NaN,NaN,NaN,6000
transitorio,0//1,3//4,19080.0,1.0,1.0,0.4999999999996314,0.0,6.342761990253161e-15,0.002304436449152715,0.9999999999996314,0.0,0.0,8.842546926875575e-305,NaN,NaN,NaN,6000
transitorio,0//1,3//4,19080.0,4.0,1.0,0.4999999999996314,0.0,5.639182438648664e-15,0.004608993689086461,3.9999999999985256,0.0,0.0,8.842546926875575e-305,NaN,NaN,NaN,6000
transitorio,0//1,3//4,19080.0,16.0,1.0,0.4999999999996314,0.0,3.547372039996004e-15,0.009218954046465633,15.999999999994102,0.0,0.0,8.842546926875575e-305,NaN,NaN,NaN,6000
transitorio,0//1,3//4,19080.0,60.0,1.0,0.4999999999996314,0.0,2.8764812898056546e-15,0.01785930062818897,59.99999999997789,0.0,0.0,8.842546926875575e-305,NaN,NaN,NaN,6000
regimen,0//1,9//10,600.0,1.0,1.0,8.0,0.0,3.175055202450176e-19,0.01299855910461046,10.0,0.0,1.0326000029578446e-162,8.462663023340881e-156,NaN,NaN,NaN,6000
regimen,0//1,9//10,600.0,4.0,1.0,8.0,0.0,1.9284191932792374e-14,0.026018858012087843,40.0,0.0,1.0326000029578446e-162,8.462663023340881e-156,0.0,0.0,0.0006146242834176386,6000
regimen,0//1,9//10,600.0,16.0,1.0,8.0,0.0,1.8485647479719014e-14,0.052213625097301875,160.0,0.0,1.0326000029578446e-162,8.462663023340881e-156,0.0,0.0,0.0006146242834176386,6000
regimen,0//1,9//10,600.0,60.0,1.0,8.0,0.0,6.313249785585163e-24,0.10241638234956672,600.0,0.0,1.0326000029578446e-162,8.462663023340881e-156,NaN,NaN,NaN,6000
regimen,0//1,9//10,3600.0,1.0,1.0,8.0,0.0,4.014240982077091e-15,0.005305410409916187,10.0,0.0,0.0,3.931458654764516e-285,NaN,NaN,NaN,6000
regimen,0//1,9//10,3600.0,4.0,1.0,8.0,0.0,5.897312864927262e-15,0.010612295398388503,40.0,0.0,0.0,3.931458654764516e-285,NaN,NaN,NaN,6000
regimen,0//1,9//10,3600.0,16.0,1.0,8.0,0.0,4.651515739161803e-15,0.02123640960707969,160.0,0.0,0.0,3.931458654764516e-285,NaN,NaN,NaN,6000
regimen,0//1,9//10,3600.0,60.0,1.0,8.0,0.0,4.712269716387867e-15,0.04120864328326592,600.0,0.0,0.0,3.931458654764516e-285,NaN,NaN,NaN,6000
regimen,0//1,9//10,7200.0,1.0,1.0,8.0,0.0,2.9781727695770762e-15,0.003751404825480089,10.0,0.0,0.0,0.0,NaN,NaN,NaN,6000
regimen,0//1,9//10,7200.0,4.0,1.0,8.0,0.0,4.771899740259968e-15,0.0075033308302210186,40.0,0.0,0.0,0.0,NaN,NaN,NaN,6000
regimen,0//1,9//10,7200.0,16.0,1.0,8.0,0.0,3.227209041444492e-15,0.015010835008946658,160.0,0.0,0.0,0.0,NaN,NaN,NaN,6000
regimen,0//1,9//10,7200.0,60.0,1.0,8.0,0.0,3.5217327622528262e-15,0.029098094008970656,600.0,0.0,0.0,0.0,NaN,NaN,NaN,6000
regimen,0//1,9//10,11520.0,1.0,1.0,8.0,0.0,2.6091044133653975e-15,0.0029657201721247687,10.0,0.0,0.0,0.0,NaN,NaN,NaN,6000
regimen,0//1,9//10,11520.0,4.0,1.0,8.0,0.0,4.365302208960494e-15,0.005931697831803687,40.0,0.0,0.0,0.0,NaN,NaN,NaN,6000
regimen,0//1,9//10,11520.0,16.0,1.0,8.0,0.0,2.8954661405122867e-15,0.011865456772088454,160.0,0.0,0.0,0.0,NaN,NaN,NaN,6000
regimen,0//1,9//10,11520.0,60.0,1.0,8.0,0.0,2.9753773889746926e-15,0.022992025195988298,600.0,0.0,0.0,0.0,NaN,NaN,NaN,6000
regimen,0//1,9//10,19080.0,1.0,1.0,8.0,0.0,2.3214827038045617e-15,0.002304436449152715,10.0,0.0,0.0,0.0,NaN,NaN,NaN,6000
regimen,0//1,9//10,19080.0,4.0,1.0,8.0,0.0,4.203624619424587e-15,0.004608993689086461,40.0,0.0,0.0,0.0,NaN,NaN,NaN,6000
regimen,0//1,9//10,19080.0,16.0,1.0,8.0,0.0,2.774313666314638e-15,0.009218954046465633,160.0,0.0,0.0,0.0,NaN,NaN,NaN,6000
regimen,0//1,9//10,19080.0,60.0,1.0,8.0,0.0,2.731025888518637e-15,0.01785930062818897,600.0,0.0,0.0,0.0,NaN,NaN,NaN,6000
transitorio,0//1,9//10,600.0,1.0,1.0,0.7999999999602591,1.7817668502836443e-121,2.563619279591438e-17,0.01299855910461046,0.999999999960259,4.788459146890761e-121,2.4681038465744496e-106,2.468103846574452e-106,NaN,NaN,NaN,6000
transitorio,0//1,9//10,600.0,4.0,1.0,0.7999999999602591,1.8523429269595574e-120,1.1292212829868968e-15,0.026018858012087843,3.999999999841036,4.1193798708085885e-119,2.4681038465744496e-106,2.468103846574452e-106,0.0,0.0,0.0006146242834176386,6000
transitorio,0//1,9//10,600.0,16.0,1.0,0.7999999999602591,4.151715823955928e-159,1.898196504652098e-14,0.052213625097301875,15.999999999364144,1.2842891363928958e-111,2.4681038465744496e-106,2.468103846574452e-106,0.0,0.0,0.0006146242834176386,6000
transitorio,0//1,9//10,600.0,60.0,1.0,0.7999999999602591,1.3370169741308526e-105,1.3223385105691955e-17,0.10241638234956672,59.99999999761554,6.44902153000315e-87,2.4681038465744496e-106,2.468103846574452e-106,NaN,NaN,NaN,6000
transitorio,0//1,9//10,3600.0,1.0,1.0,0.7999999999602591,0.0,2.7569754059235346e-15,0.005305410409916187,0.999999999960259,0.0,0.0,0.0,NaN,NaN,NaN,6000
transitorio,0//1,9//10,3600.0,4.0,1.0,0.7999999999602591,0.0,5.518540610368648e-15,0.010612295398388503,3.999999999841036,0.0,0.0,0.0,NaN,NaN,NaN,6000
transitorio,0//1,9//10,3600.0,16.0,1.0,0.7999999999602591,0.0,4.92723228013739e-15,0.02123640960707969,15.999999999364144,0.0,0.0,0.0,NaN,NaN,NaN,6000
transitorio,0//1,9//10,3600.0,60.0,1.0,0.7999999999602591,0.0,4.721013952676152e-15,0.04120864328326592,59.99999999761554,0.0,0.0,0.0,NaN,NaN,NaN,6000
transitorio,0//1,9//10,7200.0,1.0,1.0,0.7999999999602591,0.0,2.0285428797781616e-15,0.003751404825480089,0.999999999960259,0.0,0.0,0.0,NaN,NaN,NaN,6000
transitorio,0//1,9//10,7200.0,4.0,1.0,0.7999999999602591,0.0,4.3195129146514364e-15,0.0075033308302210186,3.999999999841036,0.0,0.0,0.0,NaN,NaN,NaN,6000
transitorio,0//1,9//10,7200.0,16.0,1.0,0.7999999999602591,0.0,3.589696020475966e-15,0.015010835008946658,15.999999999364144,0.0,0.0,0.0,NaN,NaN,NaN,6000
transitorio,0//1,9//10,7200.0,60.0,1.0,0.7999999999602591,0.0,3.422631868643974e-15,0.029098094008970656,59.99999999761554,0.0,0.0,0.0,NaN,NaN,NaN,6000
transitorio,0//1,9//10,11520.0,1.0,1.0,0.7999999999602591,0.0,1.872324513845122e-15,0.0029657201721247687,0.999999999960259,0.0,0.0,0.0,NaN,NaN,NaN,6000
transitorio,0//1,9//10,11520.0,4.0,1.0,0.7999999999602591,0.0,4.065851353596935e-15,0.005931697831803687,3.999999999841036,0.0,0.0,0.0,NaN,NaN,NaN,6000
transitorio,0//1,9//10,11520.0,16.0,1.0,0.7999999999602591,0.0,3.079736004935153e-15,0.011865456772088454,15.999999999364144,0.0,0.0,0.0,NaN,NaN,NaN,6000
transitorio,0//1,9//10,11520.0,60.0,1.0,0.7999999999602591,0.0,3.0662330009686143e-15,0.022992025195988298,59.99999999761554,0.0,0.0,0.0,NaN,NaN,NaN,6000
transitorio,0//1,9//10,19080.0,1.0,1.0,0.7999999999602591,0.0,1.6865902974055954e-15,0.002304436449152715,0.999999999960259,0.0,0.0,0.0,NaN,NaN,NaN,6000
transitorio,0//1,9//10,19080.0,4.0,1.0,0.7999999999602591,0.0,3.800104525870539e-15,0.004608993689086461,3.999999999841036,0.0,0.0,0.0,NaN,NaN,NaN,6000
transitorio,0//1,9//10,19080.0,16.0,1.0,0.7999999999602591,0.0,2.7909964348558188e-15,0.009218954046465633,15.999999999364144,0.0,0.0,0.0,NaN,NaN,NaN,6000
transitorio,0//1,9//10,19080.0,60.0,1.0,0.7999999999602591,0.0,2.845943476431994e-15,0.01785930062818897,59.99999999761554,0.0,0.0,0.0,NaN,NaN,NaN,6000
regimen,1//4,1//2,600.0,1.0,1.0,0.0,0.012066924748030972,3.175055202389362e-19,0.01299855910461046,2.0,0.04604189919647006,0.9999999999999334,0.9999999999999334,NaN,NaN,NaN,6000
regimen,1//4,1//2,600.0,4.0,1.0,0.0,0.025600957433942768,1.6735746151751912e-14,0.026018858012087843,8.0,0.18264456752959024,0.9999999999999334,0.9999999999999334,0.025166666666666667,0.021352304226898662,0.02945164458465488,6000
regimen,1//4,1//2,600.0,16.0,1.0,0.0,0.0520065749819669,1.717681657204522e-14,0.052213625097301875,32.0,0.6443913847904572,0.9999999999999334,0.9999999999999334,0.05433333333333333,0.04873229654249964,0.060372451936849966,6000
regimen,1//4,1//2,600.0,60.0,1.0,0.0,0.10230567806991239,6.31324775104557e-24,0.10241638234956672,120.0,0.999465377473792,0.9999999999999334,0.9999999999999334,NaN,NaN,NaN,6000
regimen,1//4,1//2,3600.0,1.0,1.0,0.0,0.0049253539299575835,3.210343104236656e-15,0.005305410409916187,2.0,0.018804687018067867,0.999999999998044,0.999999999998044,NaN,NaN,NaN,6000
regimen,1//4,1//2,3600.0,4.0,1.0,0.0,0.010442170808485498,5.253989119269427e-15,0.010612295398388503,8.0,0.07511441095454213,0.999999999998044,0.999999999998044,NaN,NaN,NaN,6000
regimen,1//4,1//2,3600.0,16.0,1.0,0.0,0.021152834218966868,4.3221801125040144e-15,0.02123640960707969,32.0,0.2939196499738976,0.999999999998044,0.999999999998044,NaN,NaN,NaN,6000
regimen,1//4,1//2,3600.0,60.0,1.0,0.0,0.041165407996738165,4.540477345230004e-15,0.04120864328326592,120.0,0.8426983905318357,0.999999999998044,0.999999999998044,NaN,NaN,NaN,6000
regimen,1//4,1//2,7200.0,1.0,1.0,0.0,0.0034826842025882762,2.381775867326026e-15,0.003751404825480089,2.0,0.013297498850416811,0.999999999996485,0.999999999996485,NaN,NaN,NaN,6000
regimen,1//4,1//2,7200.0,4.0,1.0,0.0,0.007383068545319793,4.288736501905082e-15,0.0075033308302210186,8.0,0.05315308149281833,0.999999999996485,0.999999999996485,NaN,NaN,NaN,6000
regimen,1//4,1//2,7200.0,16.0,1.0,0.0,0.014951804389693115,2.998718318919258e-15,0.015010835008946658,32.0,0.21027473097828092,0.999999999996485,0.999999999996485,NaN,NaN,NaN,6000
regimen,1//4,1//2,7200.0,60.0,1.0,0.0,0.0290676509048839,3.393343077886139e-15,0.029098094008970656,120.0,0.6826894921005973,0.999999999996485,0.999999999996485,NaN,NaN,NaN,6000
regimen,1//4,1//2,11520.0,1.0,1.0,0.0,0.0027532837626194242,2.086623536187931e-15,0.0029657201721247687,2.0,0.010512766993610534,1.0000000000067204,1.0000000000067204,NaN,NaN,NaN,6000
regimen,1//4,1//2,11520.0,4.0,1.0,0.0,0.005836632211456367,3.940002936693885e-15,0.005931697831803687,8.0,0.04203282392859464,1.0000000000067204,1.0000000000067204,NaN,NaN,NaN,6000
regimen,1//4,1//2,11520.0,16.0,1.0,0.0,0.011818808522333102,2.690463744689989e-15,0.011865456772088454,32.0,0.16697139057438043,1.0000000000067204,1.0000000000067204,NaN,NaN,NaN,6000
regimen,1//4,1//2,11520.0,60.0,1.0,0.0,0.022967995680760606,2.866905852516566e-15,0.022992025195988298,120.0,0.5708050125261617,1.0000000000067204,1.0000000000067204,NaN,NaN,NaN,6000
regimen,1//4,1//2,19080.0,1.0,1.0,0.0,0.002139370289439957,1.8566059347490392e-15,0.002304436449152715,2.0,0.008168809365062535,1.000000000013198,1.000000000013198,NaN,NaN,NaN,6000
regimen,1//4,1//2,19080.0,4.0,1.0,0.0,0.004535130137388061,3.8013341109550445e-15,0.004608993689086461,8.0,0.03266667683101476,1.000000000013198,1.000000000013198,NaN,NaN,NaN,6000
regimen,1//4,1//2,19080.0,16.0,1.0,0.0,0.009182717040565861,2.5778892050519835e-15,0.009218954046465633,32.0,0.13012101690202305,1.000000000013198,1.000000000013198,NaN,NaN,NaN,6000
regimen,1//4,1//2,19080.0,60.0,1.0,0.0,0.017840648362558935,2.6314625271527757e-15,0.01785930062818897,120.0,0.46097994712853785,1.000000000013198,1.000000000013198,NaN,NaN,NaN,6000
transitorio,1//4,1//2,600.0,1.0,1.0,0.0,0.011405215056053498,2.8793163115277714e-17,0.01299855910461046,1.2499999999999942,0.04368979354331998,1.0000000000000742,1.0000000000000742,NaN,NaN,NaN,6000
transitorio,1//4,1//2,600.0,4.0,1.0,0.0,0.02533829247553984,1.0068431779880511e-14,0.026018858012087843,4.999999999999977,0.14487555653476075,1.0000000000000742,1.0000000000000742,0.0235,0.019816695698691524,0.027655995698837275,6000
transitorio,1//4,1//2,600.0,16.0,1.0,0.0,0.051881113259780856,1.863672102743379e-18,0.052213625097301875,19.999999999999908,0.5348027489562026,1.0000000000000742,1.0000000000000742,0.05366666666666667,0.048099240531088217,0.05967287754851243,6000
transitorio,1//4,1//2,600.0,60.0,1.0,0.0,0.10223908124962836,1.5319463208388392e-22,0.10241638234956672,74.99999999999966,0.9938115520283874,1.0000000000000742,1.0000000000000742,NaN,NaN,NaN,6000
transitorio,1//4,1//2,3600.0,1.0,1.0,0.0,0.004655430362712656,3.560917589945046e-15,0.005305410409916187,1.2499999999999942,0.017840415129974474,1.0000000000013336,1.0000000000013336,NaN,NaN,NaN,6000
transitorio,1//4,1//2,3600.0,4.0,1.0,0.0,0.010335249091110943,1.4948144414486978e-14,0.010612295398388503,4.999999999999977,0.05941633028826032,1.0000000000013336,1.0000000000013336,NaN,NaN,NaN,6000
transitorio,1//4,1//2,3600.0,16.0,1.0,0.0,0.02110219546128135,5.339166380685781e-15,0.02123640960707969,19.999999999999908,0.23440743571679307,1.0000000000013336,1.0000000000013336,NaN,NaN,NaN,6000
transitorio,1//4,1//2,3600.0,60.0,1.0,0.0,0.04113940081325695,5.793829412087971e-15,0.04120864328326592,74.99999999999966,0.7364464169967215,1.0000000000013336,1.0000000000013336,NaN,NaN,NaN,6000
transitorio,1//4,1//2,7200.0,1.0,1.0,0.0,0.0032918348313473417,2.491884425533436e-15,0.003751404825480089,1.2499999999999942,0.012615370572343354,0.9999999999991751,0.9999999999991751,NaN,NaN,NaN,6000
transitorio,1//4,1//2,7200.0,4.0,1.0,0.0,0.007307485345718929,1.3129054258170571e-14,0.0075033308302210186,4.999999999999977,0.04203294207753028,0.9999999999991751,0.9999999999991751,NaN,NaN,NaN,6000
transitorio,1//4,1//2,7200.0,16.0,1.0,0.0,0.014916037683620719,3.437033811356751e-15,0.015010835008946658,19.999999999999908,0.16697183408504623,0.9999999999991751,0.9999999999991751,NaN,NaN,NaN,6000
transitorio,1//4,1//2,7200.0,60.0,1.0,0.0,0.0290493386923933,3.9858315032111175e-15,0.029098094008970656,74.99999999999966,0.5708055007205948,0.9999999999991751,0.9999999999991751,NaN,NaN,NaN,6000
transitorio,1//4,1//2,11520.0,1.0,1.0,0.0,0.002602408655605394,1.9556797718548908e-15,0.0029657201721247687,1.2499999999999942,0.009973412714117169,1.0000000000072227,1.0000000000072227,NaN,NaN,NaN,6000
transitorio,1//4,1//2,11520.0,4.0,1.0,0.0,0.005776884925887603,1.273552639685689e-14,0.005931697831803687,4.999999999999977,0.033235668928449535,1.0000000000072227,1.0000000000072227,NaN,NaN,NaN,6000
transitorio,1//4,1//2,11520.0,16.0,1.0,0.0,0.011790544379080791,3.0167660892291904e-15,0.011865456772088454,19.999999999999908,0.132368034164987,1.0000000000072227,1.0000000000072227,NaN,NaN,NaN,6000
transitorio,1//4,1//2,11520.0,60.0,1.0,0.0,0.022953541424287568,3.2227379851775757e-15,0.022992025195988298,74.99999999999966,0.4680296651881903,1.0000000000072227,1.0000000000072227,NaN,NaN,NaN,6000
transitorio,1//4,1//2,19080.0,1.0,1.0,0.0,0.002022138346914735,1.8254449304574895e-15,0.002304436449152715,1.2499999999999942,0.007749672241217476,1.0000000000121765,1.0000000000121765,NaN,NaN,NaN,6000
transitorio,1//4,1//2,19080.0,4.0,1.0,0.0,0.004488708106722881,1.2411773849490011e-14,0.004608993689086461,4.999999999999977,0.025827999216810782,1.0000000000121765,1.0000000000121765,NaN,NaN,NaN,6000
transitorio,1//4,1//2,19080.0,16.0,1.0,0.0,0.009160761100809569,2.6578329517218565e-15,0.009218954046465633,19.999999999999908,0.1030419344066954,1.0000000000121765,1.0000000000121765,NaN,NaN,NaN,6000
transitorio,1//4,1//2,19080.0,60.0,1.0,0.0,0.017829428653862573,2.8861415272583653e-15,0.01785930062818897,74.99999999999966,0.37278010742727374,1.0000000000121765,1.0000000000121765,NaN,NaN,NaN,6000
regimen,1//4,11//20,600.0,1.0,1.0,0.12765957446808507,0.001427810364097735,3.1750552024501765e-19,0.01299855910461046,2.127659574468085,0.005344771647424317,0.035691459523053026,0.03770226258760905,NaN,NaN,NaN,6000
regimen,1//4,11//20,600.0,4.0,1.0,0.12765957446808507,0.0030322961136632597,1.9301573659792692e-14,0.026018858012087843,8.51063829787234,0.021966536253377113,0.035691459523053026,0.03770226258760905,0.0021666666666666666,0.0011541473573355994,0.0037022160793868664,6000
regimen,1//4,11//20,600.0,16.0,1.0,0.12765957446808507,0.006267929698212981,1.848567509271997e-14,0.052213625097301875,34.04255319148936,0.12319588423961306,0.035691459523053026,0.03770226258760905,0.005,0.003375945809070657,0.0071301776366867915,6000
regimen,1//4,11//20,600.0,60.0,1.0,0.12765957446808507,0.013731630301775282,6.313249760298716e-24,0.10241638234956672,127.65957446808511,0.9166285596186811,0.035691459523053026,0.03770226258760905,NaN,NaN,NaN,6000
regimen,1//4,11//20,3600.0,1.0,1.0,0.12765957446808507,1.1923789483132387e-8,4.0142427133659786e-15,0.005305410409916187,2.127659574468085,4.4666306898123046e-8,3.382862427716657e-7,3.573534624845061e-7,NaN,NaN,NaN,6000
regimen,1//4,11//20,3600.0,4.0,1.0,0.12765957446808507,2.530458062984155e-8,5.901700667800305e-15,0.010612295398388503,8.51063829787234,1.8490787160337512e-7,3.382862427716657e-7,3.573534624845061e-7,NaN,NaN,NaN,6000
regimen,1//4,11//20,3600.0,16.0,1.0,0.12765957446808507,5.215912689831878e-8,4.651522687305311e-15,0.02123640960707969,34.04255319148936,1.2011633750058522e-6,3.382862427716657e-7,3.573534624845061e-7,NaN,NaN,NaN,6000
regimen,1//4,11//20,3600.0,60.0,1.0,0.12765957446808507,1.128464422623833e-7,4.710134580416436e-15,0.04120864328326592,127.65957446808511,0.00011919468849902095,3.382862427716657e-7,3.573534624845061e-7,NaN,NaN,NaN,6000
regimen,1//4,11//20,7200.0,1.0,1.0,0.12765957446808507,1.9911878367143555e-14,2.9781740539881416e-15,0.003751404825480089,2.127659574468085,7.459538767808543e-14,5.746128831112654e-13,6.070015277553766e-13,NaN,NaN,NaN,6000
regimen,1//4,11//20,7200.0,4.0,1.0,0.12765957446808507,4.225377339089233e-14,4.775195165090331e-15,0.0075033308302210186,8.51063829787234,3.0903132367010785e-13,5.746128831112654e-13,6.070015277553766e-13,NaN,NaN,NaN,6000
regimen,1//4,11//20,7200.0,16.0,1.0,0.12765957446808507,8.70705311684683e-14,3.2272138620171894e-15,0.015010835008946658,34.04255319148936,2.03860981561303e-12,5.746128831112654e-13,6.070015277553766e-13,NaN,NaN,NaN,6000
regimen,1//4,11//20,7200.0,60.0,1.0,0.12765957446808507,1.881548682064347e-13,3.5201370602341376e-15,0.029098094008970656,127.65957446808511,2.868714869877802e-10,5.746128831112654e-13,6.070015277553766e-13,NaN,NaN,NaN,6000
regimen,1//4,11//20,11520.0,1.0,1.0,0.12765957446808507,2.7348222758438514e-21,2.6091055385895857e-15,0.0029657201721247687,2.127659574468085,1.0436010746250142e-20,8.093052802454716e-20,8.549231979169659e-20,NaN,NaN,NaN,6000
regimen,1//4,11//20,11520.0,4.0,1.0,0.12765957446808507,5.803399939373115e-21,4.3682029714169564e-15,0.005931697831803687,8.51063829787234,4.324573482380566e-20,8.093052802454716e-20,8.549231979169659e-20,NaN,NaN,NaN,6000
regimen,1//4,11//20,11520.0,16.0,1.0,0.12765957446808507,1.1961025569750895e-20,2.895470465541073e-15,0.011865456772088454,34.04255319148936,2.869433318868514e-19,8.093052802454716e-20,8.549231979169659e-20,NaN,NaN,NaN,6000
regimen,1//4,11//20,11520.0,60.0,1.0,0.12765957446808507,2.5836266964650566e-20,2.974029241336895e-15,0.022992025195988298,127.65957446808511,4.6174334290027856e-17,8.093052802454716e-20,8.549231979169659e-20,NaN,NaN,NaN,6000
regimen,1//4,11//20,19080.0,1.0,1.0,0.12765957446808507,7.2752149686552696e-34,2.3214837049715092e-15,0.002304436449152715,2.127659574468085,1.2381097708617988e-32,9.645261549571018e-32,1.0188938491476244e-31,NaN,NaN,NaN,6000
regimen,1//4,11//20,19080.0,4.0,1.0,0.12765957446808507,1.523938241743217e-33,4.206368450133115e-15,0.004608993689086461,8.51063829787234,5.131519810835703e-32,9.645261549571018e-32,1.0188938491476244e-31,NaN,NaN,NaN,6000
regimen,1//4,11//20,19080.0,16.0,1.0,0.12765957446808507,3.1613760955758234e-33,2.774317810370837e-15,0.009218954046465633,34.04255319148936,3.417969305405049e-31,9.645261549571018e-32,1.0188938491476244e-31,NaN,NaN,NaN,6000
regimen,1//4,11//20,19080.0,60.0,1.0,0.12765957446808507,6.912610769901979e-33,2.72978845688616e-15,0.01785930062818897,127.65957446808511,6.014846174095892e-29,9.645261549571018e-32,1.0188938491476244e-31,NaN,NaN,NaN,6000
transitorio,1//4,11//20,600.0,1.0,1.0,0.07499999999998685,0.00304767840450925,6.914028460683324e-18,0.01299855910461046,1.2499999999999858,0.011336195024648943,0.10025185935729217,0.10025185935733114,NaN,NaN,NaN,6000
transitorio,1//4,11//20,600.0,4.0,1.0,0.07499999999998685,0.006802834361535887,1.831246801729304e-15,0.026018858012087843,4.999999999999943,0.03925330518092305,0.10025185935729217,0.10025185935733114,0.006666666666666667,0.004766911010138576,0.009067153525798854,6000
transitorio,1//4,11//20,600.0,16.0,1.0,0.07499999999998685,0.014187405913671567,8.160217664582846e-19,0.052213625097301875,19.999999999999773,0.1762540136057316,0.10025185935729217,0.10025185935733114,0.012833333333333334,0.010140776017891848,0.016013699909481045,6000
transitorio,1//4,11//20,600.0,60.0,1.0,0.07499999999998685,0.02994755722756539,9.517398337729767e-23,0.10241638234956672,74.99999999999915,0.8673079375710256,0.10025185935729217,0.10025185935733114,NaN,NaN,NaN,6000
transitorio,1//4,11//20,3600.0,1.0,1.0,0.07499999999998685,1.4477240670232916e-6,3.505319534430448e-15,0.005305410409916187,1.2499999999999858,5.387182634991929e-6,5.658330370828274e-5,5.658330371431736e-5,NaN,NaN,NaN,6000
transitorio,1//4,11//20,3600.0,4.0,1.0,0.07499999999998685,3.22904576383989e-6,6.566196168333045e-15,0.010612295398388503,4.999999999999943,1.874135829434173e-5,5.658330370828274e-5,5.658330371431736e-5,NaN,NaN,NaN,6000
transitorio,1//4,11//20,3600.0,16.0,1.0,0.07499999999998685,6.713664115637639e-6,4.8468488228666555e-15,0.02123640960707969,19.999999999999773,9.137106052802227e-5,5.658330370828274e-5,5.658330371431736e-5,NaN,NaN,NaN,6000
transitorio,1//4,11//20,3600.0,60.0,1.0,0.07499999999998685,1.3997026130150735e-5,5.485738827413691e-15,0.04120864328326592,74.99999999999915,0.0018631649614568734,5.658330370828274e-5,5.658330371431736e-5,NaN,NaN,NaN,6000
transitorio,1//4,11//20,7200.0,1.0,1.0,0.07499999999998685,3.0846513892647764e-10,2.3644417781974066e-15,0.003751404825480089,1.2499999999999858,1.147888649759517e-9,1.2367157422996756e-8,1.2367161355704784e-8,NaN,NaN,NaN,6000
transitorio,1//4,11//20,7200.0,4.0,1.0,0.07499999999998685,6.879570901745038e-10,5.058323251024227e-15,0.0075033308302210186,4.999999999999943,3.9952369710683405e-9,1.2367157422996756e-8,1.2367161355704784e-8,NaN,NaN,NaN,6000
transitorio,1//4,11//20,7200.0,16.0,1.0,0.07499999999998685,1.4299325313711788e-9,3.472545149847256e-15,0.015010835008946658,19.999999999999773,1.9644690211398548e-8,1.2367157422996756e-8,1.2367161355704784e-8,NaN,NaN,NaN,6000
transitorio,1//4,11//20,7200.0,60.0,1.0,0.07499999999998685,2.977680373295253e-9,3.733335669974045e-15,0.029098094008970656,74.99999999999915,4.834693768535085e-7,1.2367157422996756e-8,1.2367161355704784e-8,NaN,NaN,NaN,6000
transitorio,1//4,11//20,11520.0,1.0,1.0,0.07499999999998685,1.4520803948690696e-14,1.911747399237562e-15,0.0029657201721247687,1.2499999999999858,5.4037484589202016e-14,5.88231554531719e-13,5.88231554531719e-13,NaN,NaN,NaN,6000
transitorio,1//4,11//20,11520.0,4.0,1.0,0.07499999999998685,3.238422665561075e-14,4.449807315115959e-15,0.005931697831803687,4.999999999999943,1.8811100606797353e-13,5.88231554531719e-13,5.88231554531719e-13,NaN,NaN,NaN,6000
transitorio,1//4,11//20,11520.0,16.0,1.0,0.07499999999998685,6.730366573704093e-14,3.0723329388074544e-15,0.011865456772088454,19.999999999999773,9.279149843109135e-13,5.88231554531719e-13,5.88231554531719e-13,NaN,NaN,NaN,6000
transitorio,1//4,11//20,11520.0,60.0,1.0,0.07499999999998685,1.4009075745312753e-13,3.1398567942175055e-15,0.022992025195988298,74.99999999999915,2.45527795530544e-11,5.88231554531719e-13,5.88231554531719e-13,NaN,NaN,NaN,6000
transitorio,1//4,11//20,19080.0,1.0,1.0,0.07499999999998685,4.477133354114109e-22,1.7206220949330336e-15,0.002304436449152715,1.2499999999999858,1.6948252659307456e-21,1.858062879846713e-20,1.8580628798508004e-20,NaN,NaN,NaN,6000
transitorio,1//4,11//20,19080.0,4.0,1.0,0.07499999999998685,9.985225461469434e-22,4.193873535512142e-15,0.004608993689086461,4.999999999999943,5.900575920976684e-21,1.858062879846713e-20,1.8580628798508004e-20,NaN,NaN,NaN,6000
transitorio,1//4,11//20,19080.0,16.0,1.0,0.07499999999998685,2.075499100236145e-21,2.7463545516641842e-15,0.009218954046465633,19.999999999999773,2.916815113384248e-20,1.858062879846713e-20,1.8580628798508004e-20,NaN,NaN,NaN,6000
transitorio,1//4,11//20,19080.0,60.0,1.0,0.07499999999998685,4.319083630801029e-21,2.8589869140988823e-15,0.01785930062818897,74.99999999999915,8.100760702245488e-19,1.858062879846713e-20,1.8580628798508004e-20,NaN,NaN,NaN,6000
regimen,1//4,3//5,600.0,1.0,1.0,0.2727272727272727,2.2724461512897758e-6,3.1750552024501765e-19,0.01299855910461046,2.2727272727272725,8.440217428587866e-6,2.9528471440193076e-5,3.2629789209125096e-5,NaN,NaN,NaN,6000
regimen,1//4,3//5,600.0,4.0,1.0,0.2727272727272727,4.8579812662730406e-6,1.9301571713631303e-14,0.026018858012087843,9.09090909090909,3.848829234111788e-5,2.9528471440193076e-5,3.2629789209125096e-5,0.0,0.0,0.0006146242834176386,6000
regimen,1//4,3//5,600.0,16.0,1.0,0.2727272727272727,1.101158662382984e-5,1.839929761450544e-14,0.052213625097301875,36.36363636363636,0.0006313268672525751,2.9528471440193076e-5,3.2629789209125096e-5,0.0,0.0,0.0006146242834176386,6000
regimen,1//4,3//5,600.0,60.0,1.0,0.2727272727272727,3.416891091513972e-5,6.3132497172719494e-24,0.10241638234956672,136.36363636363635,0.24639045117305342,2.9528471440193076e-5,3.2629789209125096e-5,NaN,NaN,NaN,6000
regimen,1//4,3//5,3600.0,1.0,1.0,0.2727272727272727,1.276168726416176e-25,4.0142427133659786e-15,0.005305410409916187,2.2727272727272725,6.285682663843226e-25,2.2919407274081487e-24,2.5327718246071867e-24,NaN,NaN,NaN,6000
regimen,1//4,3//5,3600.0,4.0,1.0,0.2727272727272727,2.7309488133429445e-25,5.901700176515835e-15,0.010612295398388503,9.09090909090909,2.8898763450367333e-24,2.2919407274081487e-24,2.5327718246071867e-24,NaN,NaN,NaN,6000
regimen,1//4,3//5,3600.0,16.0,1.0,0.2727272727272727,6.176427302286012e-25,4.6297878850859324e-15,0.02123640960707969,36.36363636363636,5.846064963435646e-23,2.2919407274081487e-24,2.5327718246071867e-24,NaN,NaN,NaN,6000
regimen,1//4,3//5,3600.0,60.0,1.0,0.2727272727272727,1.9145137732653192e-24,4.706501488049782e-15,0.04120864328326592,136.36363636363635,1.0258527943038598e-18,2.2919407274081487e-24,2.5327718246071867e-24,NaN,NaN,NaN,6000
regimen,1//4,3//5,7200.0,1.0,1.0,0.2727272727272727,2.615836907977777e-53,2.9781740539881416e-15,0.003751404825480089,2.2727272727272725,1.4221830450102678e-47,5.306193997699355e-47,5.863782471870037e-47,NaN,NaN,NaN,6000
regimen,1//4,3//5,7200.0,4.0,1.0,0.2727272727272727,5.773670530994635e-53,4.775194796114994e-15,0.0075033308302210186,9.09090909090909,6.5497648824600825e-47,5.306193997699355e-47,5.863782471870037e-47,NaN,NaN,NaN,6000
regimen,1//4,3//5,7200.0,16.0,1.0,0.2727272727272727,1.4165757730402562e-52,3.2121344103543137e-15,0.015010835008946658,36.36363636363636,1.3633521890266653e-45,5.306193997699355e-47,5.863782471870037e-47,NaN,NaN,NaN,6000
regimen,1//4,3//5,7200.0,60.0,1.0,0.2727272727272727,4.6894410179519575e-52,3.517421854785339e-15,0.029098094008970656,136.36363636363635,3.666177943918257e-41,5.306193997699355e-47,5.863782471870037e-47,NaN,NaN,NaN,6000
regimen,1//4,3//5,11520.0,1.0,1.0,0.2727272727272727,1.1509141009620242e-93,2.6091055385895857e-15,0.0029657201721247687,2.2727272727272725,7.293807193687438e-77,4.356934568716111e-74,4.814781277004275e-74,NaN,NaN,NaN,6000
regimen,1//4,3//5,11520.0,4.0,1.0,0.2727272727272727,2.5889736037931656e-93,4.368202646630364e-15,0.005931697831803687,9.09090909090909,3.5484702183224837e-76,4.356934568716111e-74,4.814781277004275e-74,NaN,NaN,NaN,6000
regimen,1//4,3//5,11520.0,16.0,1.0,0.2727272727272727,6.621012521267645e-93,2.881941147219474e-15,0.011865456772088454,36.36363636363636,1.1493243312230923e-74,4.356934568716111e-74,4.814781277004275e-74,NaN,NaN,NaN,6000
regimen,1//4,3//5,11520.0,60.0,1.0,0.2727272727272727,2.54157561240565e-92,2.971735268045478e-15,0.022992025195988298,136.36363636363635,1.6995752758671167e-69,4.356934568716111e-74,4.814781277004275e-74,NaN,NaN,NaN,6000
regimen,1//4,3//5,19080.0,1.0,1.0,0.2727272727272727,3.318125807555128e-173,2.3214837049715092e-15,0.002304436449152715,2.2727272727272725,7.869105456258894e-140,2.0304114243679723e-121,2.243779127513688e-121,NaN,NaN,NaN,6000
regimen,1//4,3//5,19080.0,4.0,1.0,0.2727272727272727,6.102640768678623e-173,4.206368142917533e-15,0.004608993689086461,9.09090909090909,4.1925012009816225e-139,2.0304114243679723e-121,2.243779127513688e-121,NaN,NaN,NaN,6000
regimen,1//4,3//5,19080.0,16.0,1.0,0.2727272727272727,1.6291040476125905e-172,2.761354600590232e-15,0.009218954046465633,36.36363636363636,2.667278989290041e-137,2.0304114243679723e-121,2.243779127513688e-121,NaN,NaN,NaN,6000
regimen,1//4,3//5,19080.0,60.0,1.0,0.2727272727272727,7.648315556794925e-172,2.7276828750972903e-15,0.01785930062818897,136.36363636363635,6.617373483815387e-131,2.0304114243679723e-121,2.243779127513688e-121,NaN,NaN,NaN,6000
transitorio,1//4,3//5,600.0,1.0,1.0,0.14999999999994051,5.3972027031862864e-5,6.162119712822625e-17,0.01299855910461046,1.2499999999999405,0.00019514685087644877,0.0009957086030357894,0.0009957086030722242,NaN,NaN,NaN,6000
transitorio,1//4,3//5,600.0,4.0,1.0,0.14999999999994051,0.00012218735985131278,5.9482475344708716e-15,0.026018858012087843,4.999999999999762,0.0007250829959866642,0.0009957086030357894,0.0009957086030722242,0.0003333333333333333,4.0370762619128554e-5,0.0012035904650965967,6000
transitorio,1//4,3//5,600.0,16.0,1.0,0.14999999999994051,0.0002693768222333885,1.1042664983024884e-18,0.052213625097301875,19.999999999999048,0.005489229308237109,0.0009957086030357894,0.0009957086030722242,0.0005,0.00010312389215285476,0.001460510058166211,6000
transitorio,1//4,3//5,600.0,60.0,1.0,0.14999999999994051,0.0007040278689773429,2.0351781263794176e-22,0.10241638234956672,74.99999999999643,0.29838634282674253,0.0009957086030357894,0.0009957086030722242,NaN,NaN,NaN,6000
transitorio,1//4,3//5,3600.0,1.0,1.0,0.14999999999994051,3.7535437147603955e-17,3.3780715510018547e-15,0.005305410409916187,1.2499999999999405,1.3580523140096663e-16,7.371622863854304e-16,7.371622863854311e-16,NaN,NaN,NaN,6000
transitorio,1//4,3//5,3600.0,4.0,1.0,0.14999999999994051,8.490725411412753e-17,1.0378023847103219e-14,0.010612295398388503,4.999999999999762,5.071856266894583e-16,7.371622863854304e-16,7.371622863854311e-16,NaN,NaN,NaN,6000
transitorio,1//4,3//5,3600.0,16.0,1.0,0.14999999999994051,1.8654759129957156e-16,4.946955777948758e-15,0.02123640960707969,19.999999999999048,4.284853470422866e-15,7.371622863854304e-16,7.371622863854311e-16,NaN,NaN,NaN,6000
transitorio,1//4,3//5,3600.0,60.0,1.0,0.14999999999994051,4.800076578192412e-16,5.037687195129456e-15,0.04120864328326592,74.99999999999643,2.022482030428139e-12,7.371622863854304e-16,7.371622863854311e-16,NaN,NaN,NaN,6000
transitorio,1//4,3//5,7200.0,1.0,1.0,0.14999999999994051,9.383992126265487e-32,2.2431254165958335e-15,0.003751404825480089,1.2499999999999405,7.248469340211472e-31,3.963132703251802e-30,3.963132703251802e-30,NaN,NaN,NaN,6000
transitorio,1//4,3//5,7200.0,4.0,1.0,0.14999999999994051,2.1250377260501605e-31,9.223573062197881e-15,0.0075033308302210186,4.999999999999762,2.7084422720436818e-30,3.963132703251802e-30,3.963132703251802e-30,NaN,NaN,NaN,6000
transitorio,1//4,3//5,7200.0,16.0,1.0,0.14999999999994051,4.689862917729673e-31,3.366516490768851e-15,0.015010835008946658,19.999999999999048,2.3140756663194379e-29,3.963132703251802e-30,3.963132703251802e-30,NaN,NaN,NaN,6000
transitorio,1//4,3//5,7200.0,60.0,1.0,0.14999999999994051,1.2219179039310757e-30,3.729838509534837e-15,0.029098094008970656,74.99999999999643,1.3884183797568181e-26,3.963132703251802e-30,3.963132703251802e-30,NaN,NaN,NaN,6000
transitorio,1//4,3//5,11520.0,1.0,1.0,0.14999999999994051,9.693200172913123e-52,2.0012559885403147e-15,0.0029657201721247687,1.2499999999999405,6.459295649738836e-48,3.552979410656631e-47,3.552979410656631e-47,NaN,NaN,NaN,6000
transitorio,1//4,3//5,11520.0,4.0,1.0,0.14999999999994051,2.199683640639002e-51,8.602918357719068e-15,0.005931697831803687,4.999999999999762,2.4142841633830286e-47,3.552979410656631e-47,3.552979410656631e-47,NaN,NaN,NaN,6000
transitorio,1//4,3//5,11520.0,16.0,1.0,0.14999999999994051,4.895770199097626e-51,3.031083487232801e-15,0.011865456772088454,19.999999999999048,2.0730398796618056e-46,3.552979410656631e-47,3.552979410656631e-47,NaN,NaN,NaN,6000
transitorio,1//4,3//5,11520.0,60.0,1.0,0.14999999999994051,1.3009585172773289e-50,3.175071971569676e-15,0.022992025195988298,74.99999999999643,1.364579461889997e-43,3.552979410656631e-47,3.552979410656631e-47,NaN,NaN,NaN,6000
transitorio,1//4,3//5,19080.0,1.0,1.0,0.14999999999994051,3.766379754598188e-92,1.809700178799664e-15,0.002304436449152715,1.2499999999999405,5.0951824147496405e-79,6.099473896803964e-77,6.099473896803964e-77,NaN,NaN,NaN,6000
transitorio,1//4,3//5,19080.0,4.0,1.0,0.14999999999994051,8.559962811389497e-92,8.353523154450468e-15,0.004608993689086461,4.999999999999762,1.9417260894352535e-78,6.099473896803964e-77,6.099473896803964e-77,NaN,NaN,NaN,6000
transitorio,1//4,3//5,19080.0,16.0,1.0,0.14999999999994051,1.9164601156684786e-91,2.7492924130430823e-15,0.009218954046465633,19.999999999999048,1.941824824175226e-77,6.099473896803964e-77,6.099473896803964e-77,NaN,NaN,NaN,6000
transitorio,1//4,3//5,19080.0,60.0,1.0,0.14999999999994051,5.665746131070153e-91,2.7548379352670625e-15,0.01785930062818897,74.99999999999643,2.6326653810070667e-74,6.099473896803964e-77,6.099473896803964e-77,NaN,NaN,NaN,6000
regimen,1//4,3//4,600.0,1.0,1.0,0.8571428571428572,7.293607048388764e-26,3.1750552024501765e-19,0.01299855910461046,2.857142857142857,2.796359761563027e-25,3.325113923427025e-25,4.0195399882808436e-25,NaN,NaN,NaN,6000
regimen,1//4,3//4,600.0,4.0,1.0,0.8571428571428572,8.186902016295882e-26,1.9301362927004884e-14,0.026018858012087843,11.428571428571429,2.464157846604922e-24,3.325113923427025e-25,4.0195399882808436e-25,0.0,0.0,0.0006146242834176386,6000
regimen,1//4,3//4,600.0,16.0,1.0,0.8571428571428572,3.9907759521562105e-25,1.8466925371003547e-14,0.052213625097301875,45.714285714285715,2.8319165685409953e-21,3.325113923427025e-25,4.0195399882808436e-25,0.0,0.0,0.0006146242834176386,6000
regimen,1//4,3//4,600.0,60.0,1.0,0.8571428571428572,4.71158333058556e-23,6.313249784565978e-24,0.10241638234956672,171.42857142857144,4.963471349332461e-12,3.325113923427025e-25,4.0195399882808436e-25,NaN,NaN,NaN,6000
regimen,1//4,3//4,3600.0,1.0,1.0,0.8571428571428572,6.849156141375104e-264,4.014242713365959e-15,0.005305410409916187,2.857142857142857,1.1482199980677531e-197,5.384605411600357e-142,6.501418080578387e-142,NaN,NaN,NaN,6000
regimen,1//4,3//4,3600.0,4.0,1.0,0.8571428571428572,3.384808441054322e-263,5.901647470903831e-15,0.010612295398388503,11.428571428571429,3.7587099693556977e-196,5.384605411600357e-142,6.501418080578387e-142,NaN,NaN,NaN,6000
regimen,1//4,3//4,3600.0,16.0,1.0,0.8571428571428572,6.13019929051556e-262,4.646804773543546e-15,0.02123640960707969,45.714285714285715,2.674227826236112e-190,5.384605411600357e-142,6.501418080578387e-142,NaN,NaN,NaN,6000
regimen,1//4,3//4,3600.0,60.0,1.0,0.8571428571428572,1.3843861283083869e-257,4.71218365851427e-15,0.04120864328326592,171.42857142857144,9.234762313606536e-170,5.384605411600357e-142,6.501418080578387e-142,NaN,NaN,NaN,6000
regimen,1//4,3//4,7200.0,1.0,1.0,0.8571428571428572,0.0,2.9781740539881266e-15,0.003751404825480089,2.857142857142857,0.0,7.85576786585422e-282,9.485198175275655e-282,NaN,NaN,NaN,6000
regimen,1//4,3//4,7200.0,4.0,1.0,0.8571428571428572,0.0,4.775155211979716e-15,0.0075033308302210186,11.428571428571429,0.0,7.85576786585422e-282,9.485198175275655e-282,NaN,NaN,NaN,6000
regimen,1//4,3//4,7200.0,16.0,1.0,0.8571428571428572,0.0,3.2239406069030145e-15,0.015010835008946658,45.714285714285715,0.0,7.85576786585422e-282,9.485198175275655e-282,NaN,NaN,NaN,6000
regimen,1//4,3//4,7200.0,60.0,1.0,0.8571428571428572,0.0,3.5216684465724855e-15,0.029098094008970656,171.42857142857144,0.0,7.85576786585422e-282,9.485198175275655e-282,NaN,NaN,NaN,6000
regimen,1//4,3//4,11520.0,1.0,1.0,0.8571428571428572,0.0,2.6091055385895726e-15,0.0029657201721247687,2.857142857142857,0.0,0.0,8.69157800639878e-306,NaN,NaN,NaN,6000
regimen,1//4,3//4,11520.0,4.0,1.0,0.8571428571428572,0.0,4.3681678031187085e-15,0.005931697831803687,11.428571428571429,0.0,0.0,8.69157800639878e-306,NaN,NaN,NaN,6000
regimen,1//4,3//4,11520.0,16.0,1.0,0.8571428571428572,0.0,2.8925336936094715e-15,0.011865456772088454,45.714285714285715,0.0,0.0,8.69157800639878e-306,NaN,NaN,NaN,6000
regimen,1//4,3//4,11520.0,60.0,1.0,0.8571428571428572,0.0,2.975323051114923e-15,0.022992025195988298,171.42857142857144,0.0,0.0,8.69157800639878e-306,NaN,NaN,NaN,6000
regimen,1//4,3//4,19080.0,1.0,1.0,0.8571428571428572,0.0,2.3214837049714978e-15,0.002304436449152715,2.857142857142857,0.0,0.0,0.0,NaN,NaN,NaN,6000
regimen,1//4,3//4,19080.0,4.0,1.0,0.8571428571428572,0.0,4.2063351844458525e-15,0.004608993689086461,11.428571428571429,0.0,0.0,0.0,NaN,NaN,NaN,6000
regimen,1//4,3//4,19080.0,16.0,1.0,0.8571428571428572,0.0,2.771503922063814e-15,0.009218954046465633,45.714285714285715,0.0,0.0,0.0,NaN,NaN,NaN,6000
regimen,1//4,3//4,19080.0,60.0,1.0,0.8571428571428572,0.0,2.7309760131306343e-15,0.01785930062818897,171.42857142857144,0.0,0.0,0.0,NaN,NaN,NaN,6000
transitorio,1//4,3//4,600.0,1.0,1.0,0.3749999999970489,1.3731328434414527e-17,7.187144148510371e-17,0.01299855910461046,1.249999999997049,4.585717164696979e-17,9.515829217440404e-17,9.515829217510995e-17,NaN,NaN,NaN,6000
transitorio,1//4,3//4,600.0,4.0,1.0,0.3749999999970489,3.444737555683796e-17,2.224880881318715e-15,0.026018858012087843,4.999999999988196,2.4754132030078047e-16,9.515829217440404e-17,9.515829217510995e-17,0.0,0.0,0.0006146242834176386,6000
transitorio,1//4,3//4,600.0,16.0,1.0,0.3749999999970489,1.1585641476900519e-16,8.622204666263163e-18,0.052213625097301875,19.999999999952784,2.1950995051799098e-14,9.515829217440404e-17,9.515829217510995e-17,0.0,0.0,0.0006146242834176386,6000
transitorio,1//4,3//4,600.0,60.0,1.0,0.3749999999970489,1.8173533596116446e-15,6.897847520233767e-22,0.10241638234956672,74.99999999982295,1.84437191506815e-8,9.515829217440404e-17,9.515829217510995e-17,NaN,NaN,NaN,6000
transitorio,1//4,3//4,3600.0,1.0,1.0,0.3749999999970489,2.7567953129246856e-117,3.1364349334704278e-15,0.005305410409916187,1.249999999997049,8.344992687621761e-97,3.797751063795125e-92,3.797751063795125e-92,NaN,NaN,NaN,6000
transitorio,1//4,3//4,3600.0,4.0,1.0,0.3749999999970489,6.8664125578988e-117,6.2149610584810256e-15,0.010612295398388503,4.999999999988196,5.34055693388543e-96,3.797751063795125e-92,3.797751063795125e-92,NaN,NaN,NaN,6000
transitorio,1//4,3//4,3600.0,16.0,1.0,0.3749999999970489,3.0567209649622017e-116,4.872011255962492e-15,0.02123640960707969,19.999999999952784,1.3486449060581584e-93,3.797751063795125e-92,3.797751063795125e-92,NaN,NaN,NaN,6000
transitorio,1//4,3//4,3600.0,60.0,1.0,0.3749999999970489,1.5706946555026793e-114,4.805250929981101e-15,0.04120864328326592,74.99999999982295,3.470295122984396e-85,3.797751063795125e-92,3.797751063795125e-92,NaN,NaN,NaN,6000
transitorio,1//4,3//4,7200.0,1.0,1.0,0.3749999999970489,3.807971066904402e-269,2.1452686586318053e-15,0.003751404825480089,1.249999999997049,1.4422163107375286e-223,2.5807528009884216e-182,2.5807528009884216e-182,NaN,NaN,NaN,6000
transitorio,1//4,3//4,7200.0,4.0,1.0,0.3749999999970489,9.378060167581917e-269,5.282441252876312e-15,0.0075033308302210186,4.999999999988196,1.1597603100345666e-222,2.5807528009884216e-182,2.5807528009884216e-182,NaN,NaN,NaN,6000
transitorio,1//4,3//4,7200.0,16.0,1.0,0.3749999999970489,6.514399769783281e-268,3.364454235295469e-15,0.015010835008946658,19.999999999952784,9.56158815197333e-220,2.5807528009884216e-182,2.5807528009884216e-182,NaN,NaN,NaN,6000
transitorio,1//4,3//4,7200.0,60.0,1.0,0.3749999999970489,5.619110791820209e-266,3.603435248760015e-15,0.029098094008970656,74.99999999982295,3.057625179355979e-209,2.5807528009884216e-182,2.5807528009884216e-182,NaN,NaN,NaN,6000
transitorio,1//4,3//4,11520.0,1.0,1.0,0.3749999999970489,0.0,1.9160354908341497e-15,0.0029657201721247687,1.249999999997049,0.0,1.9433274513633664e-290,1.943327451363367e-290,NaN,NaN,NaN,6000
transitorio,1//4,3//4,11520.0,4.0,1.0,0.3749999999970489,0.0,4.891099623322349e-15,0.005931697831803687,4.999999999988196,0.0,1.9433274513633664e-290,1.943327451363367e-290,NaN,NaN,NaN,6000
transitorio,1//4,3//4,11520.0,16.0,1.0,0.3749999999970489,0.0,3.010579798724153e-15,0.011865456772088454,19.999999999952784,0.0,1.9433274513633664e-290,1.943327451363367e-290,NaN,NaN,NaN,6000
transitorio,1//4,3//4,11520.0,60.0,1.0,0.3749999999970489,0.0,3.0756619927098686e-15,0.022992025195988298,74.99999999982295,0.0,1.9433274513633664e-290,1.943327451363367e-290,NaN,NaN,NaN,6000
transitorio,1//4,3//4,19080.0,1.0,1.0,0.3749999999970489,0.0,1.7999619629626312e-15,0.002304436449152715,1.249999999997049,0.0,0.0,0.0,NaN,NaN,NaN,6000
transitorio,1//4,3//4,19080.0,4.0,1.0,0.3749999999970489,0.0,4.614339238221018e-15,0.004608993689086461,4.999999999988196,0.0,0.0,0.0,NaN,NaN,NaN,6000
transitorio,1//4,3//4,19080.0,16.0,1.0,0.3749999999970489,0.0,2.686040114116534e-15,0.009218954046465633,19.999999999952784,0.0,0.0,0.0,NaN,NaN,NaN,6000
transitorio,1//4,3//4,19080.0,60.0,1.0,0.3749999999970489,0.0,2.813159063300105e-15,0.01785930062818897,74.99999999982295,0.0,0.0,0.0,NaN,NaN,NaN,6000
regimen,1//4,9//10,600.0,1.0,1.0,1.8461538461538463,7.508503561789017e-65,3.1750552024501765e-19,0.01299855910461046,3.8461538461538463,3.197938698424745e-64,4.134791271300842e-61,5.1820557398679815e-61,NaN,NaN,NaN,6000
regimen,1//4,9//10,600.0,4.0,1.0,1.8461538461538463,4.835574685377832e-104,1.9301573659792692e-14,0.026018858012087843,15.384615384615385,2.398828617694484e-62,4.134791271300842e-61,5.1820557398679815e-61,0.0,0.0,0.0006146242834176386,6000
regimen,1//4,9//10,600.0,16.0,1.0,1.8461538461538463,1.6920216307745482e-100,1.8485670703450214e-14,0.052213625097301875,61.53846153846154,1.576135189503652e-55,4.134791271300842e-61,5.1820557398679815e-61,0.0,0.0,0.0006146242834176386,6000
regimen,1//4,9//10,600.0,60.0,1.0,1.8461538461538463,1.4782303645194773e-56,6.313249785584953e-24,0.10241638234956672,230.76923076923077,1.4589460972000832e-37,4.134791271300842e-61,5.1820557398679815e-61,NaN,NaN,NaN,6000
regimen,1//4,9//10,3600.0,1.0,1.0,1.8461538461538463,0.0,4.0142427133659786e-15,0.005305410409916187,3.8461538461538463,0.0,0.0,0.0,NaN,NaN,NaN,6000
regimen,1//4,9//10,3600.0,4.0,1.0,1.8461538461538463,0.0,5.901700667800305e-15,0.010612295398388503,15.384615384615385,0.0,0.0,0.0,NaN,NaN,NaN,6000
regimen,1//4,9//10,3600.0,16.0,1.0,1.8461538461538463,0.0,4.651521582851789e-15,0.02123640960707969,61.53846153846154,0.0,0.0,0.0,NaN,NaN,NaN,6000
regimen,1//4,9//10,3600.0,60.0,1.0,1.8461538461538463,0.0,4.712269698687671e-15,0.04120864328326592,230.76923076923077,0.0,0.0,0.0,NaN,NaN,NaN,6000
regimen,1//4,9//10,7200.0,1.0,1.0,1.8461538461538463,0.0,2.9781740539881416e-15,0.003751404825480089,3.8461538461538463,0.0,0.0,0.0,NaN,NaN,NaN,6000
regimen,1//4,9//10,7200.0,4.0,1.0,1.8461538461538463,0.0,4.775195165090331e-15,0.0075033308302210186,15.384615384615385,0.0,0.0,0.0,NaN,NaN,NaN,6000
regimen,1//4,9//10,7200.0,16.0,1.0,1.8461538461538463,0.0,3.227213095755168e-15,0.015010835008946658,61.53846153846154,0.0,0.0,0.0,NaN,NaN,NaN,6000
regimen,1//4,9//10,7200.0,60.0,1.0,1.8461538461538463,0.0,3.521732749024517e-15,0.029098094008970656,230.76923076923077,0.0,0.0,0.0,NaN,NaN,NaN,6000
regimen,1//4,9//10,11520.0,1.0,1.0,1.8461538461538463,0.0,2.6091055385895857e-15,0.0029657201721247687,3.8461538461538463,0.0,0.0,0.0,NaN,NaN,NaN,6000
regimen,1//4,9//10,11520.0,4.0,1.0,1.8461538461538463,0.0,4.3682029714169564e-15,0.005931697831803687,15.384615384615385,0.0,0.0,0.0,NaN,NaN,NaN,6000
regimen,1//4,9//10,11520.0,16.0,1.0,1.8461538461538463,0.0,2.895469778049044e-15,0.011865456772088454,61.53846153846154,0.0,0.0,0.0,NaN,NaN,NaN,6000
regimen,1//4,9//10,11520.0,60.0,1.0,1.8461538461538463,0.0,2.9753773777986003e-15,0.022992025195988298,230.76923076923077,0.0,0.0,0.0,NaN,NaN,NaN,6000
regimen,1//4,9//10,19080.0,1.0,1.0,1.8461538461538463,0.0,2.3214837049715092e-15,0.002304436449152715,3.8461538461538463,0.0,0.0,0.0,NaN,NaN,NaN,6000
regimen,1//4,9//10,19080.0,4.0,1.0,1.8461538461538463,0.0,4.206368450133115e-15,0.004608993689086461,15.384615384615385,0.0,0.0,0.0,NaN,NaN,NaN,6000
regimen,1//4,9//10,19080.0,16.0,1.0,1.8461538461538463,0.0,2.7743171516456023e-15,0.009218954046465633,61.53846153846154,0.0,0.0,0.0,NaN,NaN,NaN,6000
regimen,1//4,9//10,19080.0,60.0,1.0,1.8461538461538463,0.0,2.7310258782603756e-15,0.01785930062818897,230.76923076923077,0.0,0.0,0.0,NaN,NaN,NaN,6000
transitorio,1//4,9//10,600.0,1.0,1.0,0.5999999999211876,4.679273003607237e-45,1.4561141251352506e-14,0.01299855910461046,1.2499999999211877,5.386409251305308e-42,6.392023567891472e-42,6.392023567895115e-42,NaN,NaN,NaN,6000
transitorio,1//4,9//10,600.0,4.0,1.0,0.5999999999211876,1.475333323261429e-44,1.7446202217360197e-14,0.026018858012087843,4.999999999684751,5.418325267393135e-41,6.392023567891472e-42,6.392023567895115e-42,0.0,0.0,0.0006146242834176386,6000
transitorio,1//4,9//10,600.0,16.0,1.0,0.5999999999211876,1.8487139267473654e-43,1.9020340020140593e-14,0.052213625097301875,19.999999998739003,6.590029866569362e-38,6.392023567891472e-42,6.392023567895115e-42,0.0,0.0,0.0006146242834176386,6000
transitorio,1//4,9//10,600.0,60.0,1.0,0.5999999999211876,4.2098362653653635e-38,4.026105396535149e-21,0.10241638234956672,74.99999999527127,4.853066883177515e-27,6.392023567891472e-42,6.392023567895115e-42,NaN,NaN,NaN,6000
transitorio,1//4,9//10,3600.0,1.0,1.0,0.5999999999211876,0.0,5.040078095727867e-15,0.005305410409916187,1.2499999999211877,0.0,3.4463649668525496e-242,3.4463649668525496e-242,NaN,NaN,NaN,6000
transitorio,1//4,9//10,3600.0,4.0,1.0,0.5999999999211876,0.0,4.92381651449475e-15,0.010612295398388503,4.999999999684751,0.0,3.4463649668525496e-242,3.4463649668525496e-242,NaN,NaN,NaN,6000
transitorio,1//4,9//10,3600.0,16.0,1.0,0.5999999999211876,0.0,4.772211746539329e-15,0.02123640960707969,19.999999998739003,0.0,3.4463649668525496e-242,3.4463649668525496e-242,NaN,NaN,NaN,6000
transitorio,1//4,9//10,3600.0,60.0,1.0,0.5999999999211876,0.0,4.474450589394113e-15,0.04120864328326592,74.99999999527127,6.096842871838188e-306,3.4463649668525496e-242,3.4463649668525496e-242,NaN,NaN,NaN,6000
transitorio,1//4,9//10,7200.0,1.0,1.0,0.5999999999211876,0.0,4.362130679779844e-15,0.003751404825480089,1.2499999999211877,0.0,0.0,0.0,NaN,NaN,NaN,6000
transitorio,1//4,9//10,7200.0,4.0,1.0,0.5999999999211876,0.0,3.952890321242316e-15,0.0075033308302210186,4.999999999684751,0.0,0.0,0.0,NaN,NaN,NaN,6000
transitorio,1//4,9//10,7200.0,16.0,1.0,0.5999999999211876,0.0,3.4333465733292848e-15,0.015010835008946658,19.999999998739003,0.0,0.0,0.0,NaN,NaN,NaN,6000
transitorio,1//4,9//10,7200.0,60.0,1.0,0.5999999999211876,0.0,3.495340305153047e-15,0.029098094008970656,74.99999999527127,0.0,0.0,0.0,NaN,NaN,NaN,6000
transitorio,1//4,9//10,11520.0,1.0,1.0,0.5999999999211876,0.0,4.084929916037827e-15,0.0029657201721247687,1.2499999999211877,0.0,0.0,0.0,NaN,NaN,NaN,6000
transitorio,1//4,9//10,11520.0,4.0,1.0,0.5999999999211876,0.0,3.551292909623445e-15,0.005931697831803687,4.999999999684751,0.0,0.0,0.0,NaN,NaN,NaN,6000
transitorio,1//4,9//10,11520.0,16.0,1.0,0.5999999999211876,0.0,3.037536543615163e-15,0.011865456772088454,19.999999998739003,0.0,0.0,0.0,NaN,NaN,NaN,6000
transitorio,1//4,9//10,11520.0,60.0,1.0,0.5999999999211876,0.0,2.9672617449213475e-15,0.022992025195988298,74.99999999527127,0.0,0.0,0.0,NaN,NaN,NaN,6000
transitorio,1//4,9//10,19080.0,1.0,1.0,0.5999999999211876,0.0,3.91201164906346e-15,0.002304436449152715,1.2499999999211877,0.0,0.0,0.0,NaN,NaN,NaN,6000
transitorio,1//4,9//10,19080.0,4.0,1.0,0.5999999999211876,0.0,3.2994566895881957e-15,0.004608993689086461,4.999999999684751,0.0,0.0,0.0,NaN,NaN,NaN,6000
transitorio,1//4,9//10,19080.0,16.0,1.0,0.5999999999211876,0.0,2.8083853898638914e-15,0.009218954046465633,19.999999998739003,0.0,0.0,0.0,NaN,NaN,NaN,6000
transitorio,1//4,9//10,19080.0,60.0,1.0,0.5999999999211876,0.0,2.8111730595273486e-15,0.01785930062818897,74.99999999527127,0.0,0.0,0.0,NaN,NaN,NaN,6000
regimen,1//4,1//1,600.0,1.0,1.0,3.0,2.37413030742856e-149,3.1750552024481957e-19,0.01299855910461046,5.0,1.3132885013667654e-148,1.7312076033117747e-93,1.7312076033117747e-93,NaN,NaN,NaN,6000
regimen,1//4,1//1,600.0,4.0,1.0,3.0,5.386632880051681e-269,1.8964453314654715e-14,0.026018858012087843,20.0,5.093038973476452e-144,1.7312076033117747e-93,1.7312076033117747e-93,0.0,0.0,0.0006146242834176386,6000
regimen,1//4,1//1,600.0,16.0,1.0,3.0,2.7108653564578557e-257,1.848305391370684e-14,0.052213625097301875,80.0,1.7486486000007068e-126,1.7312076033117747e-93,1.7312076033117747e-93,0.0,0.0,0.0006146242834176386,6000
regimen,1//4,1//1,600.0,60.0,1.0,3.0,1.2654269260716155e-122,6.3132497855851615e-24,0.10241638234956672,300.0,2.242763066348838e-74,1.7312076033117747e-93,1.7312076033117747e-93,NaN,NaN,NaN,6000
regimen,1//4,1//1,3600.0,1.0,1.0,3.0,0.0,3.988057834359655e-15,0.005305410409916187,5.0,0.0,0.0,0.0,NaN,NaN,NaN,6000
regimen,1//4,1//1,3600.0,4.0,1.0,3.0,0.0,5.81659878932005e-15,0.010612295398388503,20.0,0.0,0.0,0.0,NaN,NaN,NaN,6000
regimen,1//4,1//1,3600.0,16.0,1.0,3.0,0.0,4.650863131034283e-15,0.02123640960707969,80.0,0.0,0.0,0.0,NaN,NaN,NaN,6000
regimen,1//4,1//1,3600.0,60.0,1.0,3.0,0.0,4.712269716318863e-15,0.04120864328326592,300.0,0.0,0.0,0.0,NaN,NaN,NaN,6000
regimen,1//4,1//1,7200.0,1.0,1.0,3.0,0.0,2.9587479786673045e-15,0.003751404825480089,5.0,0.0,0.0,0.0,NaN,NaN,NaN,6000
regimen,1//4,1//1,7200.0,4.0,1.0,3.0,0.0,4.711280068726899e-15,0.0075033308302210186,20.0,0.0,0.0,0.0,NaN,NaN,NaN,6000
regimen,1//4,1//1,7200.0,16.0,1.0,3.0,0.0,3.226756266553126e-15,0.015010835008946658,80.0,0.0,0.0,0.0,NaN,NaN,NaN,6000
regimen,1//4,1//1,7200.0,60.0,1.0,3.0,0.0,3.521732762201256e-15,0.029098094008970656,300.0,0.0,0.0,0.0,NaN,NaN,NaN,6000
regimen,1//4,1//1,11520.0,1.0,1.0,3.0,0.0,2.592087085214933e-15,0.0029657201721247687,5.0,0.0,0.0,0.0,NaN,NaN,NaN,6000
regimen,1//4,1//1,11520.0,4.0,1.0,3.0,0.0,4.311942391529354e-15,0.005931697831803687,20.0,0.0,0.0,0.0,NaN,NaN,NaN,6000
regimen,1//4,1//1,11520.0,16.0,1.0,3.0,0.0,2.8950599098501734e-15,0.011865456772088454,80.0,0.0,0.0,0.0,NaN,NaN,NaN,6000
regimen,1//4,1//1,11520.0,60.0,1.0,3.0,0.0,2.975377388931122e-15,0.022992025195988298,300.0,0.0,0.0,0.0,NaN,NaN,NaN,6000
regimen,1//4,1//1,19080.0,1.0,1.0,3.0,0.0,2.3063415553451543e-15,0.002304436449152715,5.0,0.0,0.0,0.0,NaN,NaN,NaN,6000
regimen,1//4,1//1,19080.0,4.0,1.0,3.0,0.0,4.1531515772963636e-15,0.004608993689086461,20.0,0.0,0.0,0.0,NaN,NaN,NaN,6000
regimen,1//4,1//1,19080.0,16.0,1.0,3.0,0.0,2.773924433600386e-15,0.009218954046465633,80.0,0.0,0.0,0.0,NaN,NaN,NaN,6000
regimen,1//4,1//1,19080.0,60.0,1.0,3.0,0.0,2.7310258884786447e-15,0.01785930062818897,300.0,0.0,0.0,0.0,NaN,NaN,NaN,6000
transitorio,1//4,1//1,600.0,1.0,1.0,0.7499999994630268,4.55868066599366e-68,4.750656377859962e-15,0.01299855910461046,1.2499999994630269,1.3235971299078357e-67,3.4949233948490544e-67,3.4949233948490544e-67,NaN,NaN,NaN,6000
transitorio,1//4,1//1,600.0,4.0,1.0,0.7499999994630268,5.838259823010786e-82,1.7253877761609322e-14,0.026018858012087843,4.9999999978521075,1.3411619125999932e-66,3.4949233948490544e-67,3.4949233948490544e-67,0.0,0.0,0.0006146242834176386,6000
transitorio,1//4,1//1,600.0,16.0,1.0,0.7499999994630268,7.16935750257283e-80,1.9140006278094175e-14,0.052213625097301875,19.99999999140843,5.658393176579248e-62,3.4949233948490544e-67,3.4949233948490544e-67,0.0,0.0,0.0006146242834176386,6000
transitorio,1//4,1//1,600.0,60.0,1.0,0.7499999994630268,6.2111871138887575e-61,2.4975901250730903e-20,0.10241638234956672,74.9999999677816,5.271779784957909e-47,3.4949233948490544e-67,3.4949233948490544e-67,NaN,NaN,NaN,6000
transitorio,1//4,1//1,3600.0,1.0,1.0,0.7499999994630268,0.0,7.708956427517186e-15,0.005305410409916187,1.2499999994630269,0.0,0.0,0.0,NaN,NaN,NaN,6000
transitorio,1//4,1//1,3600.0,4.0,1.0,0.7499999994630268,0.0,4.87027512453535e-15,0.010612295398388503,4.9999999978521075,0.0,0.0,0.0,NaN,NaN,NaN,6000
transitorio,1//4,1//1,3600.0,16.0,1.0,0.7499999994630268,0.0,5.331330751888582e-15,0.02123640960707969,19.99999999140843,0.0,0.0,0.0,NaN,NaN,NaN,6000
transitorio,1//4,1//1,3600.0,60.0,1.0,0.7499999994630268,0.0,4.712293515084804e-15,0.04120864328326592,74.9999999677816,0.0,0.0,0.0,NaN,NaN,NaN,6000
transitorio,1//4,1//1,7200.0,1.0,1.0,0.7499999994630268,0.0,6.9453641211389335e-15,0.003751404825480089,1.2499999994630269,0.0,0.0,0.0,NaN,NaN,NaN,6000
transitorio,1//4,1//1,7200.0,4.0,1.0,0.7499999994630268,0.0,3.829205835400258e-15,0.0075033308302210186,4.9999999978521075,0.0,0.0,0.0,NaN,NaN,NaN,6000
transitorio,1//4,1//1,7200.0,16.0,1.0,0.7499999994630268,0.0,3.9096450019835656e-15,0.015010835008946658,19.99999999140843,0.0,0.0,0.0,NaN,NaN,NaN,6000
transitorio,1//4,1//1,7200.0,60.0,1.0,0.7499999994630268,0.0,3.5217566785873513e-15,0.029098094008970656,74.9999999677816,0.0,0.0,0.0,NaN,NaN,NaN,6000
transitorio,1//4,1//1,11520.0,1.0,1.0,0.7499999994630268,0.0,6.67335716938549e-15,0.0029657201721247687,1.2499999994630269,0.0,0.0,0.0,NaN,NaN,NaN,6000
transitorio,1//4,1//1,11520.0,4.0,1.0,0.7499999994630268,0.0,3.4530806666467215e-15,0.005931697831803687,4.9999999978521075,0.0,0.0,0.0,NaN,NaN,NaN,6000
transitorio,1//4,1//1,11520.0,16.0,1.0,0.7499999994630268,0.0,3.578512537733593e-15,0.011865456772088454,19.99999999140843,0.0,0.0,0.0,NaN,NaN,NaN,6000
transitorio,1//4,1//1,11520.0,60.0,1.0,0.7499999994630268,0.0,2.9754013865556246e-15,0.022992025195988298,74.9999999677816,0.0,0.0,0.0,NaN,NaN,NaN,6000
transitorio,1//4,1//1,19080.0,1.0,1.0,0.7499999994630268,0.0,6.461377193215117e-15,0.002304436449152715,1.2499999994630269,0.0,0.0,8.842546926879599e-305,NaN,NaN,NaN,6000
transitorio,1//4,1//1,19080.0,4.0,1.0,0.7499999994630268,0.0,3.303519947356423e-15,0.004608993689086461,4.9999999978521075,0.0,0.0,8.842546926879599e-305,NaN,NaN,NaN,6000
transitorio,1//4,1//1,19080.0,16.0,1.0,0.7499999994630268,0.0,3.457582968850116e-15,0.009218954046465633,19.99999999140843,0.0,0.0,8.842546926879599e-305,NaN,NaN,NaN,6000
transitorio,1//4,1//1,19080.0,60.0,1.0,0.7499999994630268,0.0,2.7310499069884127e-15,0.01785930062818897,74.9999999677816,0.0,0.0,8.842546926879599e-305,NaN,NaN,NaN,6000
regimen,1//2,1//2,600.0,1.0,1.0,0.0,0.012066924748030972,3.175055202389362e-19,0.01299855910461046,2.0,0.04604189919647006,0.9999999999999334,0.9999999999999334,NaN,NaN,NaN,6000
regimen,1//2,1//2,600.0,4.0,1.0,0.0,0.025600957433942768,1.6735746151751912e-14,0.026018858012087843,8.0,0.18264456752959024,0.9999999999999334,0.9999999999999334,0.025166666666666667,0.021352304226898662,0.02945164458465488,6000
regimen,1//2,1//2,600.0,16.0,1.0,0.0,0.0520065749819669,1.717681657204522e-14,0.052213625097301875,32.0,0.6443913847904572,0.9999999999999334,0.9999999999999334,0.05433333333333333,0.04873229654249964,0.060372451936849966,6000
regimen,1//2,1//2,600.0,60.0,1.0,0.0,0.10230567806991239,6.31324775104557e-24,0.10241638234956672,120.0,0.999465377473792,0.9999999999999334,0.9999999999999334,NaN,NaN,NaN,6000
regimen,1//2,1//2,3600.0,1.0,1.0,0.0,0.0049253539299575835,3.210343104236656e-15,0.005305410409916187,2.0,0.018804687018067867,0.999999999998044,0.999999999998044,NaN,NaN,NaN,6000
regimen,1//2,1//2,3600.0,4.0,1.0,0.0,0.010442170808485498,5.253989119269427e-15,0.010612295398388503,8.0,0.07511441095454213,0.999999999998044,0.999999999998044,NaN,NaN,NaN,6000
regimen,1//2,1//2,3600.0,16.0,1.0,0.0,0.021152834218966868,4.3221801125040144e-15,0.02123640960707969,32.0,0.2939196499738976,0.999999999998044,0.999999999998044,NaN,NaN,NaN,6000
regimen,1//2,1//2,3600.0,60.0,1.0,0.0,0.041165407996738165,4.540477345230004e-15,0.04120864328326592,120.0,0.8426983905318357,0.999999999998044,0.999999999998044,NaN,NaN,NaN,6000
regimen,1//2,1//2,7200.0,1.0,1.0,0.0,0.0034826842025882762,2.381775867326026e-15,0.003751404825480089,2.0,0.013297498850416811,0.999999999996485,0.999999999996485,NaN,NaN,NaN,6000
regimen,1//2,1//2,7200.0,4.0,1.0,0.0,0.007383068545319793,4.288736501905082e-15,0.0075033308302210186,8.0,0.05315308149281833,0.999999999996485,0.999999999996485,NaN,NaN,NaN,6000
regimen,1//2,1//2,7200.0,16.0,1.0,0.0,0.014951804389693115,2.998718318919258e-15,0.015010835008946658,32.0,0.21027473097828092,0.999999999996485,0.999999999996485,NaN,NaN,NaN,6000
regimen,1//2,1//2,7200.0,60.0,1.0,0.0,0.0290676509048839,3.393343077886139e-15,0.029098094008970656,120.0,0.6826894921005973,0.999999999996485,0.999999999996485,NaN,NaN,NaN,6000
regimen,1//2,1//2,11520.0,1.0,1.0,0.0,0.0027532837626194242,2.086623536187931e-15,0.0029657201721247687,2.0,0.010512766993610534,1.0000000000067204,1.0000000000067204,NaN,NaN,NaN,6000
regimen,1//2,1//2,11520.0,4.0,1.0,0.0,0.005836632211456367,3.940002936693885e-15,0.005931697831803687,8.0,0.04203282392859464,1.0000000000067204,1.0000000000067204,NaN,NaN,NaN,6000
regimen,1//2,1//2,11520.0,16.0,1.0,0.0,0.011818808522333102,2.690463744689989e-15,0.011865456772088454,32.0,0.16697139057438043,1.0000000000067204,1.0000000000067204,NaN,NaN,NaN,6000
regimen,1//2,1//2,11520.0,60.0,1.0,0.0,0.022967995680760606,2.866905852516566e-15,0.022992025195988298,120.0,0.5708050125261617,1.0000000000067204,1.0000000000067204,NaN,NaN,NaN,6000
regimen,1//2,1//2,19080.0,1.0,1.0,0.0,0.002139370289439957,1.8566059347490392e-15,0.002304436449152715,2.0,0.008168809365062535,1.000000000013198,1.000000000013198,NaN,NaN,NaN,6000
regimen,1//2,1//2,19080.0,4.0,1.0,0.0,0.004535130137388061,3.8013341109550445e-15,0.004608993689086461,8.0,0.03266667683101476,1.000000000013198,1.000000000013198,NaN,NaN,NaN,6000
regimen,1//2,1//2,19080.0,16.0,1.0,0.0,0.009182717040565861,2.5778892050519835e-15,0.009218954046465633,32.0,0.13012101690202305,1.000000000013198,1.000000000013198,NaN,NaN,NaN,6000
regimen,1//2,1//2,19080.0,60.0,1.0,0.0,0.017840648362558935,2.6314625271527757e-15,0.01785930062818897,120.0,0.46097994712853785,1.000000000013198,1.000000000013198,NaN,NaN,NaN,6000
transitorio,1//2,1//2,600.0,1.0,1.0,0.0,0.011700878703572603,8.660145813759689e-19,0.01299855910461046,1.4999999999992628,0.039884990569259315,1.000000000000008,1.000000000000008,NaN,NaN,NaN,6000
transitorio,1//2,1//2,600.0,4.0,1.0,0.0,0.02545633717505364,6.144823747331958e-15,0.026018858012087843,5.999999999997051,0.15852637315203338,1.000000000000008,1.000000000000008,0.028333333333333332,0.024282250473650645,0.03285120018457857,6000
transitorio,1//2,1//2,600.0,16.0,1.0,0.0,0.05193699130271419,2.785894690209239e-19,0.052213625097301875,23.999999999988205,0.5762969239159437,1.000000000000008,1.000000000000008,0.04566666666666667,0.040523102080465306,0.0512575440957965,6000
transitorio,1//2,1//2,600.0,60.0,1.0,0.0,0.10226869608334627,2.65450394219491e-23,0.10241638234956672,89.99999999995578,0.9972903584584233,1.000000000000008,1.000000000000008,NaN,NaN,NaN,6000
transitorio,1//2,1//2,3600.0,1.0,1.0,0.0,0.004776035271860874,3.4186459647729705e-15,0.005305410409916187,1.4999999999992628,0.016286122019375127,1.0000000000004818,1.0000000000004818,NaN,NaN,NaN,6000
transitorio,1//2,1//2,3600.0,4.0,1.0,0.0,0.010383300264559726,1.0390523287320687e-14,0.010612295398388503,5.999999999997051,0.06507518605328727,1.0000000000004818,1.0000000000004818,NaN,NaN,NaN,6000
transitorio,1//2,1//2,3600.0,16.0,1.0,0.0,0.021124748574699048,4.902767007967248e-15,0.02123640960707969,23.999999999988205,0.2560302249532512,1.0000000000004818,1.0000000000004818,NaN,NaN,NaN,6000
transitorio,1//2,1//2,3600.0,60.0,1.0,0.0,0.04115096571701621,4.74801118734848e-15,0.04120864328326592,89.99999999995578,0.7793268568957666,1.0000000000004818,1.0000000000004818,NaN,NaN,NaN,6000
transitorio,1//2,1//2,7200.0,1.0,1.0,0.0,0.0033771083710001804,2.2483195513146993e-15,0.003751404825480089,1.4999999999992628,0.011516249489502584,1.0000000000014542,1.0000000000014542,NaN,NaN,NaN,6000
transitorio,1//2,1//2,7200.0,4.0,1.0,0.0,0.007341452778246162,9.293605689243634e-15,0.0075033308302210186,5.999999999997051,0.04604048406947364,1.0000000000014542,1.0000000000014542,NaN,NaN,NaN,6000
transitorio,1//2,1//2,7200.0,16.0,1.0,0.0,0.014931967170141,3.295336582606371e-15,0.015010835008946658,23.999999999988205,0.18263932390350313,1.0000000000014542,1.0000000000014542,NaN,NaN,NaN,6000
transitorio,1//2,1//2,7200.0,60.0,1.0,0.0,0.02905748177572843,3.5191560533954925e-15,0.029098094008970656,89.99999999995578,0.6135242272430066,1.0000000000014542,1.0000000000014542,NaN,NaN,NaN,6000
transitorio,1//2,1//2,11520.0,1.0,1.0,0.0,0.0026698212302822726,2.0654937883774224e-15,0.0029657201721247687,1.4999999999992628,0.009104460485557464,0.9999999999962135,0.9999999999962135,NaN,NaN,NaN,6000
transitorio,1//2,1//2,11520.0,4.0,1.0,0.0,0.005803735612447778,8.8021610844305e-15,0.005931697831803687,5.999999999997051,0.036405727275463096,0.9999999999962135,0.9999999999962135,NaN,NaN,NaN,6000
transitorio,1//2,1//2,11520.0,16.0,1.0,0.0,0.011803132427879443,2.833815015071258e-15,0.011865456772088454,23.999999999988205,0.1448681933566645,0.9999999999962135,0.9999999999962135,NaN,NaN,NaN,6000
transitorio,1//2,1//2,11520.0,60.0,1.0,0.0,0.022959968945923923,3.1082127872012394e-15,0.022992025195988298,89.99999999995578,0.506437763854173,0.9999999999962135,0.9999999999962135,NaN,NaN,NaN,6000
transitorio,1//2,1//2,19080.0,1.0,1.0,0.0,0.0020745187854775073,1.7994798569975554e-15,0.002304436449152715,1.4999999999992628,0.007074460799154414,0.999999999986028,0.999999999986028,NaN,NaN,NaN,6000
transitorio,1//2,1//2,19080.0,4.0,1.0,0.0,0.0045095703591052656,8.60646494548649e-15,0.004608993689086461,5.999999999997051,0.02829215892311282,0.999999999986028,0.999999999986028,NaN,NaN,NaN,6000
transitorio,1//2,1//2,19080.0,16.0,1.0,0.0,0.009170539651038074,2.658772372894362e-15,0.009218954046465633,23.999999999988205,0.11281381975271176,0.999999999986028,0.999999999986028,NaN,NaN,NaN,6000
transitorio,1//2,1//2,19080.0,60.0,1.0,0.0,0.017834417834746524,2.7553752698435707e-15,0.01785930062818897,89.99999999995578,0.4052710484099217,0.999999999986028,0.999999999986028,NaN,NaN,NaN,6000
regimen,1//2,11//20,600.0,1.0,1.0,0.06896551724137923,0.006284132361008445,3.1750552024501765e-19,0.01299855910461046,2.068965517241379,0.023692164696220028,0.2405092579543701,0.24825144412087652,NaN,NaN,NaN,6000
regimen,1//2,11//20,600.0,4.0,1.0,0.06896551724137923,0.013350612368732858,1.9301573659792692e-14,0.026018858012087843,8.275862068965516,0.0950212330054351,0.2405092579543701,0.24825144412087652,0.015333333333333332,0.01237825726686963,0.01877224608947658,6000
regimen,1//2,11//20,600.0,16.0,1.0,0.06896551724137923,0.027102001491234245,1.8485669403552745e-14,0.052213625097301875,33.103448275862064,0.39024585781654864,0.2405092579543701,0.24825144412087652,0.028,0.02397313812547304,0.03249404315316441,6000
regimen,1//2,11//20,600.0,60.0,1.0,0.06896551724137923,0.05505863655863127,6.313249647407666e-24,0.10241638234956672,124.13793103448273,0.9894523643036537,0.2405092579543701,0.24825144412087652,NaN,NaN,NaN,6000
regimen,1//2,11//20,3600.0,1.0,1.0,0.06896551724137923,9.152579617223573e-5,4.0142427133659786e-15,0.005305410409916187,2.068965517241379,0.000345286041742195,0.00453389290124555,0.0046798882836477495,NaN,NaN,NaN,6000
regimen,1//2,11//20,3600.0,4.0,1.0,0.06896551724137923,0.00019430556945449265,5.901700667800305e-15,0.010612295398388503,8.275862068965516,0.0013945820392468869,0.00453389290124555,0.0046798882836477495,NaN,NaN,NaN,6000
regimen,1//2,11//20,3600.0,16.0,1.0,0.06896551724137923,0.00039332206287678444,4.651521255764046e-15,0.02123640960707969,33.103448275862064,0.006454506466793074,0.00453389290124555,0.0046798882836477495,NaN,NaN,NaN,6000
regimen,1//2,11//20,3600.0,60.0,1.0,0.06896551724137923,0.0007900786804482892,4.700602290550476e-15,0.04120864328326592,124.13793103448273,0.07875273380933068,0.00453389290124555,0.0046798882836477495,NaN,NaN,NaN,6000
regimen,1//2,11//20,7200.0,1.0,1.0,0.06896551724137923,1.1857693664680094e-6,2.9781740539881416e-15,0.003751404825480089,2.068965517241379,4.473664086324122e-6,6.141737656974849e-5,6.33951618840163e-5,NaN,NaN,NaN,6000
regimen,1//2,11//20,7200.0,4.0,1.0,0.06896551724137923,2.517158730720621e-6,4.775195165090331e-15,0.0075033308302210186,8.275862068965516,1.8081492711033257e-5,6.141737656974849e-5,6.33951618840163e-5,NaN,NaN,NaN,6000
regimen,1//2,11//20,7200.0,16.0,1.0,0.06896551724137923,5.093910257680151e-6,3.2272128688240104e-15,0.015010835008946658,33.103448275862064,8.47473973406869e-5,6.141737656974849e-5,6.33951618840163e-5,NaN,NaN,NaN,6000
regimen,1//2,11//20,7200.0,60.0,1.0,0.06896551724137923,1.0221266929066035e-5,3.5130130670152668e-15,0.029098094008970656,124.13793103448273,0.0013529240854380238,6.141737656974849e-5,6.33951618840163e-5,NaN,NaN,NaN,6000
regimen,1//2,11//20,11520.0,1.0,1.0,0.06896551724137923,7.718190484875629e-9,2.6091055385895857e-15,0.0029657201721247687,2.068965517241379,2.9119841133235415e-8,4.0745450744614925e-7,4.205757630678389e-7,NaN,NaN,NaN,6000
regimen,1//2,11//20,11520.0,4.0,1.0,0.06896551724137923,1.6383780249001967e-8,4.3682029714169564e-15,0.005931697831803687,8.275862068965516,1.177266143477155e-7,4.0745450744614925e-7,4.205757630678389e-7,NaN,NaN,NaN,6000
regimen,1//2,11//20,11520.0,16.0,1.0,0.06896551724137923,3.315194217613831e-8,2.8954695744458944e-15,0.011865456772088454,33.103448275862064,5.544120850783861e-7,4.0745450744614925e-7,4.205757630678389e-7,NaN,NaN,NaN,6000
regimen,1//2,11//20,11520.0,60.0,1.0,0.06896551724137923,6.649479342886527e-8,2.9680104517902123e-15,0.022992025195988298,124.13793103448273,9.843002538120756e-6,4.0745450744614925e-7,4.205757630678389e-7,NaN,NaN,NaN,6000
regimen,1//2,11//20,19080.0,1.0,1.0,0.06896551724137923,1.3496264880115274e-12,2.3214837049715092e-15,0.002304436449152715,2.068965517241379,5.0920675963771266e-12,7.221714850797383e-11,7.454552755307428e-11,NaN,NaN,NaN,6000
regimen,1//2,11//20,19080.0,4.0,1.0,0.06896551724137923,2.8648668528246092e-12,4.206368450133115e-15,0.004608993689086461,8.275862068965516,2.058996464557298e-11,7.221714850797383e-11,7.454552755307428e-11,NaN,NaN,NaN,6000
regimen,1//2,11//20,19080.0,16.0,1.0,0.06896551724137923,5.7965430512963536e-12,2.7743169565618375e-15,0.009218954046465633,33.103448275862064,9.727068928186812e-11,7.221714850797383e-11,7.454552755307428e-11,NaN,NaN,NaN,6000
regimen,1//2,11//20,19080.0,60.0,1.0,0.06896551724137923,1.1623384270434595e-11,2.7242639576655487e-15,0.01785930062818897,124.13793103448273,1.8553981060536388e-9,7.221714850797383e-11,7.454552755307428e-11,NaN,NaN,NaN,6000
transitorio,1//2,11//20,600.0,1.0,1.0,0.04999999999928284,0.007219356244448963,1.0039070713665395e-18,0.01299855910461046,1.4999999999989808,0.02420379541359996,0.31731052657137115,0.31731052657139985,NaN,NaN,NaN,6000
transitorio,1//2,11//20,600.0,4.0,1.0,0.04999999999928284,0.01573365260229792,2.2005858479236484e-15,0.026018858012087843,5.999999999995923,0.09840504010823743,0.31731052657137115,0.31731052657139985,0.018,0.014788525442886561,0.021691437134507968,6000
transitorio,1//2,11//20,600.0,16.0,1.0,0.04999999999928284,0.032320241911628945,2.7805771719681846e-19,0.052213625097301875,23.999999999983693,0.39009762478125254,0.31731052657137115,0.31731052657139985,0.0335,0.029091722200324008,0.03836904708676174,6000
transitorio,1//2,11//20,600.0,60.0,1.0,0.04999999999928284,0.06528053062611286,2.837234080015555e-23,0.10241638234956672,89.99999999993885,0.9780709838085289,0.31731052657137115,0.31731052657139985,NaN,NaN,NaN,6000
transitorio,1//2,11//20,3600.0,1.0,1.0,0.04999999999928284,0.00024171573505223293,3.279473702196069e-15,0.005305410409916187,1.4999999999989808,0.0008106880468727708,0.014294615029697984,0.014294615029703212,NaN,NaN,NaN,6000
transitorio,1//2,11//20,3600.0,4.0,1.0,0.04999999999928284,0.0005263999186246305,6.236710588607509e-15,0.010612295398388503,5.999999999995923,0.003314257717807895,0.014294615029697984,0.014294615029703212,NaN,NaN,NaN,6000
transitorio,1//2,11//20,3600.0,16.0,1.0,0.04999999999928284,0.0010781624325556713,4.443624003133207e-15,0.02123640960707969,23.999999999983693,0.01435254759385943,0.014294615029697984,0.014294615029703212,NaN,NaN,NaN,6000
transitorio,1//2,11//20,3600.0,60.0,1.0,0.04999999999928284,0.002152762745225846,4.8895399241970155e-15,0.04120864328326592,89.99999999993885,0.11148963133097956,0.014294615029697984,0.014294615029703212,NaN,NaN,NaN,6000
transitorio,1//2,11//20,7200.0,1.0,1.0,0.04999999999928284,8.502298987182134e-6,2.367287551618781e-15,0.003751404825480089,1.4999999999989808,2.851685310168643e-5,0.0005311335009374521,0.0005311335009412677,NaN,NaN,NaN,6000
transitorio,1//2,11//20,7200.0,4.0,1.0,0.04999999999928284,1.8514642497712605e-5,5.196231884455397e-15,0.0075033308302210186,5.999999999995923,0.00011664725294156683,0.0005311335009374521,0.0005311335009412677,NaN,NaN,NaN,6000
transitorio,1//2,11//20,7200.0,16.0,1.0,0.04999999999928284,3.791032508354447e-5,3.360894915514959e-15,0.015010835008946658,23.999999999983693,0.0005098213050689928,0.0005311335009374521,0.0005311335009412677,NaN,NaN,NaN,6000
transitorio,1//2,11//20,7200.0,60.0,1.0,0.04999999999928284,7.56122408891762e-5,3.5503648419656022e-15,0.029098094008970656,89.99999999993885,0.004742029687470453,0.0005311335009374521,0.0005311335009412677,NaN,NaN,NaN,6000
transitorio,1//2,11//20,11520.0,1.0,1.0,0.04999999999928284,1.834757678057123e-7,1.9520132583779684e-15,0.0029657201721247687,1.4999999999989808,6.153894985289025e-7,1.1740188850208076e-5,1.1740188853403665e-5,NaN,NaN,NaN,6000
transitorio,1//2,11//20,11520.0,4.0,1.0,0.04999999999928284,3.995266009258343e-7,4.88678680162255e-15,0.005931697831803687,5.999999999995923,2.5177533209852847e-6,1.1740188850208076e-5,1.1740188853403665e-5,NaN,NaN,NaN,6000
transitorio,1//2,11//20,11520.0,16.0,1.0,0.04999999999928284,8.179761094754763e-7,3.023800000016939e-15,0.011865456772088454,23.999999999983693,1.1042429642943905e-5,1.1740188850208076e-5,1.1740188853403665e-5,NaN,NaN,NaN,6000
transitorio,1//2,11//20,11520.0,60.0,1.0,0.04999999999928284,1.6307868167095374e-6,3.0268826257078657e-15,0.022992025195988298,89.99999999993885,0.00011026996296382019,1.1740188850208076e-5,1.1740188853403665e-5,NaN,NaN,NaN,6000
transitorio,1//2,11//20,19080.0,1.0,1.0,0.04999999999928284,2.6133532260572386e-10,1.7683740793434538e-15,0.002304436449152715,1.4999999999989808,8.765436298119684e-10,1.701412107733799e-8,1.7014124025561538e-8,NaN,NaN,NaN,6000
transitorio,1//2,11//20,19080.0,4.0,1.0,0.04999999999928284,5.690588688696477e-10,4.61134975427867e-15,0.004608993689086461,5.999999999995923,3.5867094309952377e-9,1.701412107733799e-8,1.7014124025561538e-8,NaN,NaN,NaN,6000
transitorio,1//2,11//20,19080.0,16.0,1.0,0.04999999999928284,1.1649865913001536e-9,2.5758030767844156e-15,0.009218954046465633,23.999999999983693,1.5766882072170033e-8,1.701412107733799e-8,1.7014124025561538e-8,NaN,NaN,NaN,6000
transitorio,1//2,11//20,19080.0,60.0,1.0,0.04999999999928284,2.3219893639484836e-9,2.8003650726214407e-15,0.01785930062818897,89.99999999993885,1.6517870633983586e-7,1.701412107733799e-8,1.7014124025561538e-8,NaN,NaN,NaN,6000
regimen,1//2,3//5,600.0,1.0,1.0,0.1428571428571428,0.0008659500706341858,3.1750552024501765e-19,0.01299855910461046,2.142857142857143,0.003237096611081198,0.01972891693523553,0.02094964496863061,NaN,NaN,NaN,6000
regimen,1//2,3//5,600.0,4.0,1.0,0.1428571428571428,0.0018386298384698097,1.9269790871079522e-14,0.026018858012087843,8.571428571428571,0.013413624452098708,0.01972891693523553,0.02094964496863061,0.0021666666666666666,0.0011541473573355994,0.0037022160793868664,6000
regimen,1//2,3//5,600.0,16.0,1.0,0.1428571428571428,0.0038277364928216333,1.8302422889811067e-14,0.052213625097301875,34.285714285714285,0.08293724820912408,0.01972891693523553,0.02094964496863061,0.0036666666666666666,0.002299263519444902,0.005546144797063859,6000
regimen,1//2,3//5,600.0,60.0,1.0,0.1428571428571428,0.008607842184858435,6.313249577099628e-24,0.10241638234956672,128.57142857142856,0.8757113869090599,0.01972891693523553,0.02094964496863061,NaN,NaN,NaN,6000
regimen,1//2,3//5,3600.0,1.0,1.0,0.1428571428571428,5.752438734806551e-10,4.014242710274392e-15,0.005305410409916187,2.142857142857143,2.1517891489910454e-9,1.4609881560429597e-8,1.5514551645864713e-8,NaN,NaN,NaN,6000
regimen,1//2,3//5,3600.0,4.0,1.0,0.1428571428571428,1.2204881936411082e-9,5.893677494290191e-15,0.010612295398388503,8.571428571428571,8.982259704518907e-9,1.4609881560429597e-8,1.5514551645864713e-8,NaN,NaN,NaN,6000
regimen,1//2,3//5,3600.0,16.0,1.0,0.1428571428571428,2.5333101411174594e-9,4.605411704803615e-15,0.02123640960707969,34.285714285714285,6.48477197214536e-8,1.4609881560429597e-8,1.5514551645864713e-8,NaN,NaN,NaN,6000
regimen,1//2,3//5,3600.0,60.0,1.0,0.1428571428571428,5.624523087325085e-9,4.6946656233488765e-15,0.04120864328326592,128.57142857142856,1.1239108370420018e-5,1.4609881560429597e-8,1.5514551645864713e-8,NaN,NaN,NaN,6000
regimen,1//2,3//5,7200.0,1.0,1.0,0.1428571428571428,4.602370546974662e-17,2.9781740516945506e-15,0.003751404825480089,2.142857142857143,1.722504078402735e-16,1.1860301391309668e-15,1.2594775919113663e-15,NaN,NaN,NaN,6000
regimen,1//2,3//5,7200.0,4.0,1.0,0.1428571428571428,9.764117689680113e-17,4.76916942374129e-15,0.0075033308302210186,8.571428571428571,7.195595257305902e-16,1.1860301391309668e-15,1.2594775919113663e-15,NaN,NaN,NaN,6000
regimen,1//2,3//5,7200.0,16.0,1.0,0.1428571428571428,2.0261334801678026e-16,3.1952223893208312e-15,0.015010835008946658,34.285714285714285,5.279771994968863e-15,1.1860301391309668e-15,1.2594775919113663e-15,NaN,NaN,NaN,6000
regimen,1//2,3//5,7200.0,60.0,1.0,0.1428571428571428,4.492899390980404e-16,3.508576276120152e-15,0.029098094008970656,128.57142857142856,1.3141551281935611e-12,1.1860301391309668e-15,1.2594775919113663e-15,NaN,NaN,NaN,6000
regimen,1//2,3//5,11520.0,1.0,1.0,0.1428571428571428,1.3962742477249766e-25,2.6091055365802567e-15,0.0029657201721247687,2.142857142857143,6.291248155903056e-25,4.35574322809178e-24,4.625491568031001e-24,NaN,NaN,NaN,6000
regimen,1//2,3//5,11520.0,4.0,1.0,0.1428571428571428,2.962743729527633e-25,4.362898877050549e-15,0.005931697831803687,8.571428571428571,2.6288363273677456e-24,4.35574322809178e-24,4.625491568031001e-24,NaN,NaN,NaN,6000
regimen,1//2,3//5,11520.0,16.0,1.0,0.1428571428571428,6.161529357008199e-25,2.8667676434914257e-15,0.011865456772088454,34.285714285714285,1.940735101972999e-23,4.35574322809178e-24,4.625491568031001e-24,NaN,NaN,NaN,6000
regimen,1//2,3//5,11520.0,60.0,1.0,0.1428571428571428,1.3667885488797243e-24,2.964261976765053e-15,0.022992025195988298,128.57142857142856,5.548007090557244e-21,4.35574322809178e-24,4.625491568031001e-24,NaN,NaN,NaN,6000
regimen,1//2,3//5,19080.0,1.0,1.0,0.1428571428571428,4.139488744895942e-42,2.321483703183711e-15,0.002304436449152715,2.142857142857143,1.2654703911353643e-39,8.79467914509995e-39,9.339340797420125e-39,NaN,NaN,NaN,6000
regimen,1//2,3//5,19080.0,4.0,1.0,0.1428571428571428,8.560444575396234e-42,4.201351308184433e-15,0.004608993689086461,8.571428571428571,5.288819040036408e-39,8.79467914509995e-39,9.339340797420125e-39,NaN,NaN,NaN,6000
regimen,1//2,3//5,19080.0,16.0,1.0,0.1428571428571428,1.8032960510246745e-41,2.7468160032080222e-15,0.009218954046465633,34.285714285714285,3.920366165992399e-38,8.79467914509995e-39,9.339340797420125e-39,NaN,NaN,NaN,6000
regimen,1//2,3//5,19080.0,60.0,1.0,0.1428571428571428,4.115598965148074e-41,2.7208233244295215e-15,0.01785930062818897,128.57142857142856,1.2290365225858512e-35,8.79467914509995e-39,9.339340797420125e-39,NaN,NaN,NaN,6000
transitorio,1//2,3//5,600.0,1.0,1.0,0.0999999999980814,0.0016373320051675147,4.6986724848552456e-18,0.01299855910461046,1.4999999999979623,0.005399849228788209,0.04541019341083641,0.045410193410865045,NaN,NaN,NaN,6000
transitorio,1//2,3//5,600.0,4.0,1.0,0.0999999999980814,0.003586819598710499,7.507979350458628e-15,0.026018858012087843,5.999999999991849,0.022737646451495445,0.04541019341083641,0.045410193410865045,0.0031666666666666666,0.0019075837997911392,0.0049407441950337135,6000
transitorio,1//2,3//5,600.0,16.0,1.0,0.0999999999980814,0.007519600757165547,2.763753084013094e-19,0.052213625097301875,23.999999999967397,0.11560746884487814,0.04541019341083641,0.045410193410865045,0.007333333333333333,0.00533332106947461,0.009832284785986523,6000
transitorio,1//2,3//5,600.0,60.0,1.0,0.0999999999980814,0.016397700154241298,3.398616046991165e-23,0.10241638234956672,89.99999999987774,0.8453737843572846,0.04541019341083641,0.045410193410865045,NaN,NaN,NaN,6000
transitorio,1//2,3//5,3600.0,1.0,1.0,0.0999999999980814,3.0005124470319454e-8,3.1076086012827007e-15,0.005305410409916187,1.4999999999979623,9.899403920644655e-8,9.50627301146073e-7,9.506273062597729e-7,NaN,NaN,NaN,6000
transitorio,1//2,3//5,3600.0,4.0,1.0,0.0999999999980814,6.56804560380991e-8,1.1850690644167319e-14,0.010612295398388503,5.999999999991849,4.192669146858542e-7,9.50627301146073e-7,9.506273062597729e-7,NaN,NaN,NaN,6000
transitorio,1//2,3//5,3600.0,16.0,1.0,0.0999999999980814,1.3726903318710584e-7,4.5978389071690164e-15,0.02123640960707969,23.999999999967397,2.373546042938877e-6,9.50627301146073e-7,9.506273062597729e-7,NaN,NaN,NaN,6000
transitorio,1//2,3//5,3600.0,60.0,1.0,0.0999999999980814,2.954981532043582e-7,4.973110907186377e-15,0.04120864328326592,89.99999999987774,0.00012172714795463643,9.50627301146073e-7,9.506273062597729e-7,NaN,NaN,NaN,6000
transitorio,1//2,3//5,7200.0,1.0,1.0,0.0999999999980814,1.2862744866610204e-13,2.2613620275358712e-15,0.003751404825480089,1.4999999999979623,4.243900319032984e-13,4.149856813376731e-12,4.153587847906109e-12,NaN,NaN,NaN,6000
transitorio,1//2,3//5,7200.0,4.0,1.0,0.0999999999980814,2.8154079824425194e-13,1.0594265583732335e-14,0.0075033308302210186,5.999999999991849,1.798452916600178e-12,4.149856813376731e-12,4.153587847906109e-12,NaN,NaN,NaN,6000
transitorio,1//2,3//5,7200.0,16.0,1.0,0.0999999999980814,5.882263203684417e-13,3.3795534844080013e-15,0.015010835008946658,23.999999999967397,1.0295573621556057e-11,4.149856813376731e-12,4.153587847906109e-12,NaN,NaN,NaN,6000
transitorio,1//2,3//5,7200.0,60.0,1.0,0.0999999999980814,1.264712402524311e-12,3.5381526934842066e-15,0.029098094008970656,89.99999999987774,6.78812138409908e-10,4.149856813376731e-12,4.153587847906109e-12,NaN,NaN,NaN,6000
transitorio,1//2,3//5,11520.0,1.0,1.0,0.0999999999980814,5.555433343474181e-20,1.9558476727119772e-15,0.0029657201721247687,1.4999999999979623,1.84036345342212e-19,1.812624212818725e-18,1.812624212818785e-18,NaN,NaN,NaN,6000
transitorio,1//2,3//5,11520.0,4.0,1.0,0.0999999999980814,1.2160994721568196e-19,1.0149636900278069e-14,0.005931697831803687,5.999999999991849,7.800674507861919e-19,1.812624212818725e-18,1.812624212818785e-18,NaN,NaN,NaN,6000
transitorio,1//2,3//5,11520.0,16.0,1.0,0.0999999999980814,2.5404532493646674e-19,2.924723679504173e-15,0.011865456772088454,23.999999999967397,4.484444676063664e-18,1.812624212818725e-18,1.812624212818785e-18,NaN,NaN,NaN,6000
transitorio,1//2,3//5,11520.0,60.0,1.0,0.0999999999980814,5.459120560448826e-19,3.164986754596779e-15,0.022992025195988298,89.99999999987774,3.255699112107529e-16,1.812624212818725e-18,1.812624212818785e-18,NaN,NaN,NaN,6000
transitorio,1//2,3//5,19080.0,1.0,1.0,0.0999999999980814,2.48204737367422e-31,1.804874152330373e-15,0.002304436449152715,1.4999999999979623,1.5810093876132867e-30,1.5648225166118267e-29,1.5681290369585914e-29,NaN,NaN,NaN,6000
transitorio,1//2,3//5,19080.0,4.0,1.0,0.0999999999980814,5.417918062003248e-31,9.835552315300356e-15,0.004608993689086461,5.999999999991849,6.702325626562005e-30,1.5648225166118267e-29,1.5681290369585914e-29,NaN,NaN,NaN,6000
transitorio,1//2,3//5,19080.0,16.0,1.0,0.0999999999980814,1.1299392099147218e-30,2.5924024136211828e-15,0.009218954046465633,23.999999999967397,3.863756605177631e-29,1.5648225166118267e-29,1.5681290369585914e-29,NaN,NaN,NaN,6000
transitorio,1//2,3//5,19080.0,60.0,1.0,0.0999999999980814,2.4362679348057328e-30,2.8093710437110793e-15,0.01785930062818897,89.99999999987774,2.9911368742372073e-27,1.5648225166118267e-29,1.5681290369585914e-29,NaN,NaN,NaN,6000
regimen,1//2,3//4,600.0,1.0,1.0,0.3999999999999999,7.843264413548472e-10,3.175055202450176e-19,0.01299855910461046,2.4,2.916738402190562e-9,7.113325367032272e-9,8.085870233030515e-9,NaN,NaN,NaN,6000
regimen,1//2,3//4,600.0,4.0,1.0,0.3999999999999999,1.7163938529925795e-9,1.9134708687064947e-14,0.026018858012087843,9.6,1.506360968346262e-8,7.113325367032272e-9,8.085870233030515e-9,0.0,0.0,0.0006146242834176386,6000
regimen,1//2,3//4,600.0,16.0,1.0,0.3999999999999999,4.354910405897389e-9,1.8346810355507262e-14,0.052213625097301875,38.4,6.804693681055325e-7,7.113325367032272e-9,8.085870233030515e-9,0.0,0.0,0.0006146242834176386,6000
regimen,1//2,3//4,600.0,60.0,1.0,0.3999999999999999,2.156475118107361e-8,6.3132497199297774e-24,0.10241638234956672,144.0,0.011147058515072117,7.113325367032272e-9,8.085870233030515e-9,NaN,NaN,NaN,6000
regimen,1//2,3//4,3600.0,1.0,1.0,0.3999999999999999,6.716330656172883e-52,4.014241674592646e-15,0.005305410409916187,2.4,9.175671909484408e-46,2.316654190110592e-45,2.6335881910216647e-45,NaN,NaN,NaN,6000
regimen,1//2,3//4,3600.0,4.0,1.0,0.3999999999999999,1.5208662115476892e-51,5.859577660878622e-15,0.010612295398388503,9.6,4.7884867578603955e-45,2.316654190110592e-45,2.6335881910216647e-45,NaN,NaN,NaN,6000
regimen,1//2,3//4,3600.0,16.0,1.0,0.3999999999999999,4.145282391618165e-51,4.616580736452471e-15,0.02123640960707969,38.4,2.786687607783429e-43,2.316654190110592e-45,2.6335881910216647e-45,NaN,NaN,NaN,6000
regimen,1//2,3//4,3600.0,60.0,1.0,0.3999999999999999,2.9230031545324134e-50,4.706725909693692e-15,0.04120864328326592,144.0,3.0907176868122616e-37,2.316654190110592e-45,2.6335881910216647e-45,NaN,NaN,NaN,6000
regimen,1//2,3//4,7200.0,1.0,1.0,0.3999999999999999,2.3791602997369048e-122,2.9781732833415022e-15,0.003751404825480089,2.4,2.074326566715051e-96,7.685008608441338e-89,8.736441438607717e-89,NaN,NaN,NaN,6000
regimen,1//2,3//4,7200.0,4.0,1.0,0.3999999999999999,5.527846699446724e-122,4.743559012109976e-15,0.0075033308302210186,9.6,1.2864215588918068e-95,7.685008608441338e-89,8.736441438607717e-89,NaN,NaN,NaN,6000
regimen,1//2,3//4,7200.0,16.0,1.0,0.3999999999999999,1.9701053889230524e-121,3.2029713842815436e-15,0.015010835008946658,38.4,2.5984550327267297e-93,7.685008608441338e-89,8.736441438607717e-89,NaN,NaN,NaN,6000
regimen,1//2,3//4,7200.0,60.0,1.0,0.3999999999999999,1.6470717447691288e-120,3.5175895771575986e-15,0.029098094008970656,144.0,2.9051647598311665e-85,7.685008608441338e-89,8.736441438607717e-89,NaN,NaN,NaN,6000
regimen,1//2,3//4,11520.0,1.0,1.0,0.3999999999999999,6.702028287381768e-219,2.6091048634550728e-15,0.0029657201721247687,2.4,3.5721917821081195e-174,6.141410624849024e-141,6.981683615321551e-141,NaN,NaN,NaN,6000
regimen,1//2,3//4,11520.0,4.0,1.0,0.3999999999999999,1.574808361086839e-218,4.340355586161256e-15,0.005931697831803687,9.6,2.602042640759185e-173,6.141410624849024e-141,6.981683615321551e-141,NaN,NaN,NaN,6000
regimen,1//2,3//4,11520.0,16.0,1.0,0.3999999999999999,6.011569450356252e-218,2.8737200593908744e-15,0.011865456772088454,38.4,1.3718822478525655e-170,6.141410624849024e-141,6.981683615321551e-141,NaN,NaN,NaN,6000
regimen,1//2,3//4,11520.0,60.0,1.0,0.3999999999999999,7.066787345646843e-217,2.971876970266394e-15,0.022992025195988298,144.0,7.591225699160499e-161,6.141410624849024e-141,6.981683615321551e-141,NaN,NaN,NaN,6000
regimen,1//2,3//4,19080.0,1.0,1.0,0.3999999999999999,0.0,2.3214831042713405e-15,0.002304436449152715,2.4,0.0,4.858079473940324e-232,5.5227712950916714e-232,NaN,NaN,NaN,6000
regimen,1//2,3//4,19080.0,4.0,1.0,0.3999999999999999,0.0,4.180027613210544e-15,0.004608993689086461,9.6,0.0,4.858079473940324e-232,5.5227712950916714e-232,NaN,NaN,NaN,6000
regimen,1//2,3//4,19080.0,16.0,1.0,0.3999999999999999,0.0,2.753477508514072e-15,0.009218954046465633,38.4,0.0,4.858079473940324e-232,5.5227712950916714e-232,NaN,NaN,NaN,6000
regimen,1//2,3//4,19080.0,60.0,1.0,0.3999999999999999,0.0,2.7278129400884214e-15,0.01785930062818897,144.0,2.23698656e-316,4.858079473940324e-232,5.5227712950916714e-232,NaN,NaN,NaN,6000
transitorio,1//2,3//4,600.0,1.0,1.0,0.24999999998045142,4.404936407418918e-8,1.4680005374493264e-17,0.01299855910461046,1.4999999999804456,1.383695599014893e-7,5.25197521778796e-7,5.25197552101454e-7,NaN,NaN,NaN,6000
transitorio,1//2,3//4,600.0,4.0,1.0,0.24999999998045142,1.000829434798162e-7,6.584874414149937e-15,0.026018858012087843,5.999999999921783,6.963303766041479e-7,5.25197521778796e-7,5.25197552101454e-7,0.0,0.0,0.0006146242834176386,6000
transitorio,1//2,3//4,600.0,16.0,1.0,0.24999999998045142,2.429396592715552e-7,1.0076952823730657e-18,0.052213625097301875,23.99999999968713,1.3572107710022292e-5,5.25197521778796e-7,5.25197552101454e-7,0.0,0.0,0.0006146242834176386,6000
transitorio,1//2,3//4,600.0,60.0,1.0,0.24999999998045142,9.493873296089542e-7,8.120097512964654e-23,0.10241638234956672,89.99999999882674,0.02171682960912317,5.25197521778796e-7,5.25197552101454e-7,NaN,NaN,NaN,6000
transitorio,1//2,3//4,3600.0,1.0,1.0,0.24999999998045142,1.235389406550492e-36,2.8503338158203353e-15,0.005305410409916187,1.4999999999804456,2.6150812729016274e-35,1.022369568974793e-34,1.022369568974793e-34,NaN,NaN,NaN,6000
transitorio,1//2,3//4,3600.0,4.0,1.0,0.24999999998045142,2.883489596408234e-36,1.0427242740904893e-14,0.010612295398388503,5.999999999921783,1.3251693996236286e-34,1.022369568974793e-34,1.022369568974793e-34,NaN,NaN,NaN,6000
transitorio,1//2,3//4,3600.0,16.0,1.0,0.24999999998045142,7.166280670372579e-36,4.7174025314239665e-15,0.02123640960707969,23.99999999968713,3.0507327046851068e-33,1.022369568974793e-34,1.022369568974793e-34,NaN,NaN,NaN,6000
transitorio,1//2,3//4,3600.0,60.0,1.0,0.24999999998045142,2.879213495856466e-35,4.8430247193248135e-15,0.04120864328326592,89.99999999882674,9.219833972387782e-29,1.022369568974793e-34,1.022369568974793e-34,NaN,NaN,NaN,6000
transitorio,1//2,3//4,7200.0,1.0,1.0,0.24999999998045142,3.2740034126841855e-79,2.1683727446529364e-15,0.003751404825480089,1.4999999999804456,9.722467453722207e-69,1.1455462933772454e-67,1.1455462933772454e-67,NaN,NaN,NaN,6000
transitorio,1//2,3//4,7200.0,4.0,1.0,0.24999999998045142,8.052849139828233e-79,9.488066308738692e-15,0.0075033308302210186,5.999999999921783,5.049841682228053e-68,1.1455462933772454e-67,1.1455462933772454e-67,NaN,NaN,NaN,6000
transitorio,1//2,3//4,7200.0,16.0,1.0,0.24999999998045142,2.0863952183869842e-78,3.2241680597527028e-15,0.015010835008946658,23.99999999968713,1.3874052702379973e-66,1.1455462933772454e-67,1.1455462933772454e-67,NaN,NaN,NaN,6000
transitorio,1//2,3//4,7200.0,60.0,1.0,0.24999999998045142,9.707137668816912e-78,3.582070986654198e-15,0.029098094008970656,89.99999999882674,9.229401784955235e-62,1.1455462933772454e-67,1.1455462933772454e-67,NaN,NaN,NaN,6000
transitorio,1//2,3//4,11520.0,1.0,1.0,0.24999999998045142,5.1993790790298897e-138,1.9360475128255893e-15,0.0029657201721247687,1.4999999999804456,3.1361647956199244e-115,3.941927598688182e-107,3.941927598688182e-107,NaN,NaN,NaN,6000
transitorio,1//2,3//4,11520.0,4.0,1.0,0.24999999998045142,1.1065126780920175e-137,9.198580664218996e-15,0.005931697831803687,5.999999999921783,1.763672100266672e-114,3.941927598688182e-107,3.941927598688182e-107,NaN,NaN,NaN,6000
transitorio,1//2,3//4,11520.0,16.0,1.0,0.24999999998045142,2.913713353417139e-137,2.9291803828028985e-15,0.011865456772088454,23.99999999968713,8.284916984813421e-113,3.941927598688182e-107,3.941927598688182e-107,NaN,NaN,NaN,6000
transitorio,1//2,3//4,11520.0,60.0,1.0,0.24999999998045142,1.6469667806513466e-136,3.0679483435061802e-15,0.022992025195988298,89.99999999882674,4.9621005040792955e-107,3.941927598688182e-107,3.941927598688182e-107,NaN,NaN,NaN,6000
transitorio,1//2,3//4,19080.0,1.0,1.0,0.24999999998045142,2.6510720732439412e-250,1.82938519189941e-15,0.002304436449152715,1.4999999999804456,2.479361394197885e-210,4.0122951329309166e-176,4.0122951329309166e-176,NaN,NaN,NaN,6000
transitorio,1//2,3//4,19080.0,4.0,1.0,0.24999999998045142,6.843288457683098e-250,8.89833646380098e-15,0.004608993689086461,5.999999999921783,1.510521026087741e-209,4.0122951329309166e-176,4.0122951329309166e-176,NaN,NaN,NaN,6000
transitorio,1//2,3//4,19080.0,16.0,1.0,0.24999999998045142,1.820917035833246e-249,2.60381481817954e-15,0.009218954046465633,23.99999999968713,1.1754087206473343e-207,4.0122951329309166e-176,4.0122951329309166e-176,NaN,NaN,NaN,6000
transitorio,1//2,3//4,19080.0,60.0,1.0,0.24999999998045142,1.0741584341940248e-248,2.7858580590782987e-15,0.01785930062818897,89.99999999882674,5.381599966439494e-201,4.0122951329309166e-176,4.0122951329309166e-176,NaN,NaN,NaN,6000
regimen,1//2,9//10,600.0,1.0,1.0,0.7272727272727273,5.145569095869963e-21,3.1750552024501765e-19,0.01299855910461046,2.7272727272727275,1.9488217404877583e-20,2.7188837156867664e-20,3.2471488478073594e-20,NaN,NaN,NaN,6000
regimen,1//2,9//10,600.0,4.0,1.0,0.7272727272727273,1.1813909344919657e-20,1.930157365836448e-14,0.026018858012087843,10.90909090909091,1.469690692742247e-19,2.7188837156867664e-20,3.2471488478073594e-20,0.0,0.0,0.0006146242834176386,6000
regimen,1//2,9//10,600.0,16.0,1.0,0.7272727272727273,4.4365074787337554e-20,1.8421588934506035e-14,0.052213625097301875,43.63636363636364,7.275444656996107e-17,2.7188837156867664e-20,3.2471488478073594e-20,0.0,0.0,0.0006146242834176386,6000
regimen,1//2,9//10,600.0,60.0,1.0,0.7272727272727273,1.225787984776625e-18,6.313249783397255e-24,0.10241638234956672,163.63636363636365,6.51162205845117e-9,2.7188837156867664e-20,3.2471488478073594e-20,NaN,NaN,NaN,6000
regimen,1//2,9//10,3600.0,1.0,1.0,0.7272727272727273,2.220029274856825e-186,4.0142427133659786e-15,0.005305410409916187,2.7272727272727275,4.616494400702408e-139,8.646584052047226e-113,1.0327260183587694e-112,NaN,NaN,NaN,6000
regimen,1//2,9//10,3600.0,4.0,1.0,0.7272727272727273,8.090922014549587e-186,5.90170066743977e-15,0.010612295398388503,10.90909090909091,7.48444764967915e-138,8.646584052047226e-113,1.0327260183587694e-112,NaN,NaN,NaN,6000
regimen,1//2,9//10,3600.0,16.0,1.0,0.7272727272727273,7.076360205458409e-185,4.635396956355859e-15,0.02123640960707969,43.63636363636364,2.7030247374146405e-133,8.646584052047226e-113,1.0327260183587694e-112,NaN,NaN,NaN,6000
regimen,1//2,9//10,3600.0,60.0,1.0,0.7272727272727273,5.618448256268516e-182,4.712084973988327e-15,0.04120864328326592,163.63636363636365,1.892325947442247e-117,8.646584052047226e-113,1.0327260183587694e-112,NaN,NaN,NaN,6000
regimen,1//2,9//10,7200.0,1.0,1.0,0.7272727272727273,0.0,2.9781740539881416e-15,0.003751404825480089,2.7272727272727275,0.0,1.7851789362041038e-223,2.132186859718049e-223,NaN,NaN,NaN,6000
regimen,1//2,9//10,7200.0,4.0,1.0,0.7272727272727273,0.0,4.7751951648195544e-15,0.0075033308302210186,10.90909090909091,0.0,1.7851789362041038e-223,2.132186859718049e-223,NaN,NaN,NaN,6000
regimen,1//2,9//10,7200.0,16.0,1.0,0.7272727272727273,0.0,3.21602594422864e-15,0.015010835008946658,43.63636363636364,0.0,1.7851789362041038e-223,2.132186859718049e-223,NaN,NaN,NaN,6000
regimen,1//2,9//10,7200.0,60.0,1.0,0.7272727272727273,0.0,3.5215946943153137e-15,0.029098094008970656,163.63636363636365,0.0,1.7851789362041038e-223,2.132186859718049e-223,NaN,NaN,NaN,6000
regimen,1//2,9//10,11520.0,1.0,1.0,0.7272727272727273,0.0,2.6091055385895857e-15,0.0029657201721247687,2.7272727272727275,0.0,0.0,0.0,NaN,NaN,NaN,6000
regimen,1//2,9//10,11520.0,4.0,1.0,0.7272727272727273,0.0,4.3682029711786084e-15,0.005931697831803687,10.90909090909091,0.0,0.0,0.0,NaN,NaN,NaN,6000
regimen,1//2,9//10,11520.0,16.0,1.0,0.7272727272727273,0.0,2.885432640260607e-15,0.011865456772088454,43.63636363636364,0.0,0.0,0.0,NaN,NaN,NaN,6000
regimen,1//2,9//10,11520.0,60.0,1.0,0.7272727272727273,0.0,2.9752607406521154e-15,0.022992025195988298,163.63636363636365,0.0,0.0,0.0,NaN,NaN,NaN,6000
regimen,1//2,9//10,19080.0,1.0,1.0,0.7272727272727273,0.0,2.3214837049715092e-15,0.002304436449152715,2.7272727272727275,0.0,0.0,0.0,NaN,NaN,NaN,6000
regimen,1//2,9//10,19080.0,4.0,1.0,0.7272727272727273,0.0,4.2063684499076615e-15,0.004608993689086461,10.90909090909091,0.0,0.0,0.0,NaN,NaN,NaN,6000
regimen,1//2,9//10,19080.0,16.0,1.0,0.7272727272727273,0.0,2.7646999987591464e-15,0.009218954046465633,43.63636363636364,0.0,0.0,0.0,NaN,NaN,NaN,6000
regimen,1//2,9//10,19080.0,60.0,1.0,0.7272727272727273,0.0,2.7309188198859544e-15,0.01785930062818897,163.63636363636365,0.0,0.0,0.0,NaN,NaN,NaN,6000
transitorio,1//2,9//10,600.0,1.0,1.0,0.3999999998473065,9.76492722218302e-17,5.830193062872457e-17,0.01299855910461046,1.4999999998473064,2.9232949089481646e-16,6.900421633327615e-16,6.90042163333019e-16,NaN,NaN,NaN,6000
transitorio,1//2,9//10,600.0,4.0,1.0,0.3999999998473065,2.379388987180605e-16,1.8853733693498083e-16,0.026018858012087843,5.9999999993892255,1.9517422050453493e-15,6.900421633327615e-16,6.90042163333019e-16,0.0,0.0,0.0006146242834176386,6000
transitorio,1//2,9//10,600.0,16.0,1.0,0.3999999998473065,7.739268517980981e-16,1.841680655902333e-14,0.052213625097301875,23.999999997556902,1.6927529837678818e-13,6.900421633327615e-16,6.90042163333019e-16,0.0,0.0,0.0006146242834176386,6000
transitorio,1//2,9//10,600.0,60.0,1.0,0.3999999998473065,1.0648808151802417e-14,1.7866768516571427e-22,0.10241638234956672,89.99999999083838,2.2289869613325652e-7,6.900421633327615e-16,6.90042163333019e-16,NaN,NaN,NaN,6000
transitorio,1//2,9//10,3600.0,1.0,1.0,0.3999999998473065,9.023794117217327e-109,3.0865132423821698e-15,0.005305410409916187,1.4999999998473064,1.5031925698200262e-90,4.860152337898252e-87,4.860152337898252e-87,NaN,NaN,NaN,6000
transitorio,1//2,9//10,3600.0,4.0,1.0,0.3999999998473065,2.5501816020007663e-108,4.215977810117836e-15,0.010612295398388503,5.9999999993892255,1.1783899646701535e-89,4.860152337898252e-87,4.860152337898252e-87,NaN,NaN,NaN,6000
transitorio,1//2,9//10,3600.0,16.0,1.0,0.3999999998473065,1.1728956585942352e-107,4.398923976553054e-15,0.02123640960707969,23.999999997556902,2.6023858122591886e-87,4.860152337898252e-87,4.860152337898252e-87,NaN,NaN,NaN,6000
transitorio,1//2,9//10,3600.0,60.0,1.0,0.3999999998473065,3.675766699736374e-106,4.8010914530804e-15,0.04120864328326592,89.99999999083838,1.1421060078257252e-78,4.860152337898252e-87,4.860152337898252e-87,NaN,NaN,NaN,6000
transitorio,1//2,9//10,7200.0,1.0,1.0,0.3999999998473065,4.0133132883669486e-249,2.281033794007058e-15,0.003751404825480089,1.4999999998473064,4.508895425660345e-207,4.1169387392913225e-172,4.1169387392913225e-172,NaN,NaN,NaN,6000
transitorio,1//2,9//10,7200.0,4.0,1.0,0.3999999998473065,1.185085201446676e-248,3.161143370203293e-15,0.0075033308302210186,5.9999999993892255,4.551884132822658e-206,4.1169387392913225e-172,4.1169387392913225e-172,NaN,NaN,NaN,6000
transitorio,1//2,9//10,7200.0,16.0,1.0,0.3999999998473065,5.909411443558219e-248,3.333715417247445e-15,0.015010835008946658,23.999999997556902,3.3807458410705203e-203,4.1169387392913225e-172,4.1169387392913225e-172,NaN,NaN,NaN,6000
transitorio,1//2,9//10,7200.0,60.0,1.0,0.3999999998473065,2.7248173848990155e-246,3.535697587994905e-15,0.029098094008970656,89.99999999083838,2.8528362232081026e-192,4.1169387392913225e-172,4.1169387392913225e-172,NaN,NaN,NaN,6000
transitorio,1//2,9//10,11520.0,1.0,1.0,0.3999999998473065,0.0,2.066566294092191e-15,0.0029657201721247687,1.4999999998473064,0.0,4.038250403978505e-274,4.038250403978505e-274,NaN,NaN,NaN,6000
transitorio,1//2,9//10,11520.0,4.0,1.0,0.3999999998473065,0.0,2.878030124443904e-15,0.005931697831803687,5.9999999993892255,0.0,4.038250403978505e-274,4.038250403978505e-274,NaN,NaN,NaN,6000
transitorio,1//2,9//10,11520.0,16.0,1.0,0.3999999998473065,0.0,2.8530726392138086e-15,0.011865456772088454,23.999999997556902,0.0,4.038250403978505e-274,4.038250403978505e-274,NaN,NaN,NaN,6000
transitorio,1//2,9//10,11520.0,60.0,1.0,0.3999999998473065,0.0,3.074109870887509e-15,0.022992025195988298,89.99999999083838,0.0,4.038250403978505e-274,4.038250403978505e-274,NaN,NaN,NaN,6000
transitorio,1//2,9//10,19080.0,1.0,1.0,0.3999999998473065,0.0,1.826859295667715e-15,0.002304436449152715,1.4999999998473064,0.0,0.0,0.0,NaN,NaN,NaN,6000
transitorio,1//2,9//10,19080.0,4.0,1.0,0.3999999998473065,0.0,2.55792646274861e-15,0.004608993689086461,5.9999999993892255,0.0,0.0,0.0,NaN,NaN,NaN,6000
transitorio,1//2,9//10,19080.0,16.0,1.0,0.3999999998473065,0.0,2.6838875600091263e-15,0.009218954046465633,23.999999997556902,0.0,0.0,0.0,NaN,NaN,NaN,6000
transitorio,1//2,9//10,19080.0,60.0,1.0,0.3999999998473065,0.0,2.754064899494048e-15,0.01785930062818897,89.99999999083838,0.0,0.0,0.0,NaN,NaN,NaN,6000
regimen,1//2,1//1,600.0,1.0,1.0,1.0,3.157655300744315e-31,3.175055202425412e-19,0.01299855910461046,3.0,1.2301030876837908e-30,1.406392675974081e-30,1.406392675974081e-30,NaN,NaN,NaN,6000
regimen,1//2,1//1,600.0,4.0,1.0,1.0,1.263621264858837e-32,1.811041600380903e-14,0.026018858012087843,12.0,1.2821187254699802e-29,1.406392675974081e-30,1.406392675974081e-30,0.0,0.0,0.0006146242834176386,6000
regimen,1//2,1//1,600.0,16.0,1.0,1.0,9.88049617369952e-32,1.8322382590037123e-14,0.052213625097301875,48.0,3.472717520058362e-26,1.406392675974081e-30,1.406392675974081e-30,0.0,0.0,0.0006146242834176386,6000
regimen,1//2,1//1,600.0,60.0,1.0,1.0,6.360003466160048e-28,6.313249783586754e-24,0.10241638234956672,180.0,1.2296365679748103e-15,1.406392675974081e-30,1.406392675974081e-30,NaN,NaN,NaN,6000
regimen,1//2,1//1,3600.0,1.0,1.0,1.0,0.0,3.686883034574877e-15,0.005305410409916187,3.0,4.44272026308605e-275,1.950797376412895e-174,1.950797376412895e-174,NaN,NaN,NaN,6000
regimen,1//2,1//1,3600.0,4.0,1.0,1.0,0.0,5.601007590232236e-15,0.010612295398388503,12.0,3.228268455820343e-273,1.950797376412895e-174,1.950797376412895e-174,NaN,NaN,NaN,6000
regimen,1//2,1//1,3600.0,16.0,1.0,1.0,0.0,4.610434080378115e-15,0.02123640960707969,48.0,6.1215362651647164e-266,1.950797376412895e-174,1.950797376412895e-174,NaN,NaN,NaN,6000
regimen,1//2,1//1,3600.0,60.0,1.0,1.0,0.0,4.712100974861869e-15,0.04120864328326592,180.0,4.2377316264032313e-240,1.950797376412895e-174,1.950797376412895e-174,NaN,NaN,NaN,6000
regimen,1//2,1//1,7200.0,1.0,1.0,1.0,0.0,2.735311989371941e-15,0.003751404825480089,3.0,0.0,0.0,0.0,NaN,NaN,NaN,6000
regimen,1//2,1//1,7200.0,4.0,1.0,1.0,0.0,4.549361994638765e-15,0.0075033308302210186,12.0,0.0,0.0,0.0,NaN,NaN,NaN,6000
regimen,1//2,1//1,7200.0,16.0,1.0,1.0,0.0,3.198706877881806e-15,0.015010835008946658,48.0,0.0,0.0,0.0,NaN,NaN,NaN,6000
regimen,1//2,1//1,7200.0,60.0,1.0,1.0,0.0,3.5216066526292358e-15,0.029098094008970656,180.0,0.0,0.0,0.0,NaN,NaN,NaN,6000
regimen,1//2,1//1,11520.0,1.0,1.0,1.0,0.0,2.396343225313202e-15,0.0029657201721247687,3.0,0.0,0.0,6.706806471763394e-303,NaN,NaN,NaN,6000
regimen,1//2,1//1,11520.0,4.0,1.0,1.0,0.0,4.169415738816771e-15,0.005931697831803687,12.0,0.0,0.0,6.706806471763394e-303,NaN,NaN,NaN,6000
regimen,1//2,1//1,11520.0,16.0,1.0,1.0,0.0,2.8698939345518263e-15,0.011865456772088454,48.0,0.0,0.0,6.706806471763394e-303,NaN,NaN,NaN,6000
regimen,1//2,1//1,11520.0,60.0,1.0,1.0,0.0,2.9752708437744263e-15,0.022992025195988298,180.0,0.0,0.0,6.706806471763394e-303,NaN,NaN,NaN,6000
regimen,1//2,1//1,19080.0,1.0,1.0,1.0,0.0,2.1321786775664415e-15,0.002304436449152715,3.0,0.0,0.0,0.0,NaN,NaN,NaN,6000
regimen,1//2,1//1,19080.0,4.0,1.0,1.0,0.0,4.0183356410154665e-15,0.004608993689086461,12.0,0.0,0.0,0.0,NaN,NaN,NaN,6000
regimen,1//2,1//1,19080.0,16.0,1.0,1.0,0.0,2.749811480577086e-15,0.009218954046465633,48.0,0.0,0.0,0.0,NaN,NaN,NaN,6000
regimen,1//2,1//1,19080.0,60.0,1.0,1.0,0.0,2.7309280932939873e-15,0.01785930062818897,180.0,0.0,0.0,0.0,NaN,NaN,NaN,6000
transitorio,1//2,1//1,600.0,1.0,1.0,0.49999999946302676,6.523718217224012e-25,1.4769253682945482e-17,0.01299855910461046,1.4999999994630269,1.8917312676741686e-24,3.5004541049059494e-24,3.500815380207809e-24,NaN,NaN,NaN,6000
transitorio,1//2,1//1,600.0,4.0,1.0,0.49999999946302676,1.5851311613916428e-24,1.6432058326667236e-14,0.026018858012087843,5.9999999978521075,1.136085890046212e-23,3.5004541049059494e-24,3.500815380207809e-24,0.0,0.0,0.0006146242834176386,6000
transitorio,1//2,1//1,600.0,16.0,1.0,0.49999999946302676,6.984571738744971e-24,1.8095090903991542e-14,0.052213625097301875,23.99999999140843,4.656206241918853e-21,3.5004541049059494e-24,3.500815380207809e-24,0.0,0.0,0.0006146242834176386,6000
transitorio,1//2,1//1,600.0,60.0,1.0,0.49999999946302676,3.7139147841635146e-22,2.702522331606851e-22,0.10241638234956672,89.9999999677816,6.497026101680514e-13,3.5004541049059494e-24,3.500815380207809e-24,NaN,NaN,NaN,6000
transitorio,1//2,1//1,3600.0,1.0,1.0,0.49999999946302676,4.811602300075589e-191,3.0347805675210104e-15,0.005305410409916187,1.4999999994630269,3.9431853902049017e-156,2.447303999818013e-136,2.4473241409273335e-136,NaN,NaN,NaN,6000
transitorio,1//2,1//1,3600.0,4.0,1.0,0.49999999946302676,1.5675407716519408e-190,4.6626982866873815e-15,0.010612295398388503,5.9999999978521075,3.4018250594185887e-155,2.447303999818013e-136,2.4473241409273335e-136,NaN,NaN,NaN,6000
transitorio,1//2,1//1,3600.0,16.0,1.0,0.49999999946302676,1.126493696072862e-189,4.5566688965344245e-15,0.02123640960707969,23.99999999140843,1.5244066127649607e-151,2.447303999818013e-136,2.4473241409273335e-136,NaN,NaN,NaN,6000
transitorio,1//2,1//1,3600.0,60.0,1.0,0.49999999946302676,6.15243608614593e-187,4.711080228375941e-15,0.04120864328326592,89.9999999677816,1.3893427729301066e-138,2.447303999818013e-136,2.4473241409273335e-136,NaN,NaN,NaN,6000
transitorio,1//2,1//1,7200.0,1.0,1.0,0.49999999946302676,0.0,2.2552594352108416e-15,0.003751404825480089,1.4999999994630269,0.0,1.302692668890042e-270,1.302692668890042e-270,NaN,NaN,NaN,6000
transitorio,1//2,1//1,7200.0,4.0,1.0,0.49999999946302676,0.0,3.673267371509702e-15,0.0075033308302210186,5.9999999978521075,0.0,1.302692668890042e-270,1.302692668890042e-270,NaN,NaN,NaN,6000
transitorio,1//2,1//1,7200.0,16.0,1.0,0.49999999946302676,0.0,3.1628073630604016e-15,0.015010835008946658,23.99999999140843,0.0,1.302692668890042e-270,1.302692668890042e-270,NaN,NaN,NaN,6000
transitorio,1//2,1//1,7200.0,60.0,1.0,0.49999999946302676,0.0,3.5208436823910638e-15,0.029098094008970656,89.9999999677816,0.0,1.302692668890042e-270,1.302692668890042e-270,NaN,NaN,NaN,6000
transitorio,1//2,1//1,11520.0,1.0,1.0,0.49999999946302676,0.0,1.9775783149900627e-15,0.0029657201721247687,1.4999999994630269,0.0,0.0,0.0,NaN,NaN,NaN,6000
transitorio,1//2,1//1,11520.0,4.0,1.0,0.49999999946302676,0.0,3.3157984942456792e-15,0.005931697831803687,5.9999999978521075,0.0,0.0,0.0,NaN,NaN,NaN,6000
transitorio,1//2,1//1,11520.0,16.0,1.0,0.49999999946302676,0.0,2.838155586510389e-15,0.011865456772088454,23.99999999140843,0.0,0.0,0.0,NaN,NaN,NaN,6000
transitorio,1//2,1//1,11520.0,60.0,1.0,0.49999999946302676,0.0,2.9746261981999944e-15,0.022992025195988298,89.9999999677816,0.0,0.0,0.0,NaN,NaN,NaN,6000
transitorio,1//2,1//1,19080.0,1.0,1.0,0.49999999946302676,0.0,1.7611763558933789e-15,0.002304436449152715,1.4999999994630269,0.0,0.0,0.0,NaN,NaN,NaN,6000
transitorio,1//2,1//1,19080.0,4.0,1.0,0.49999999946302676,0.0,3.173656178737581e-15,0.004608993689086461,5.9999999978521075,0.0,0.0,0.0,NaN,NaN,NaN,6000
transitorio,1//2,1//1,19080.0,16.0,1.0,0.49999999946302676,0.0,2.7195927646367583e-15,0.009218954046465633,23.99999999140843,0.0,0.0,0.0,NaN,NaN,NaN,6000
transitorio,1//2,1//1,19080.0,60.0,1.0,0.49999999946302676,0.0,2.730336351695121e-15,0.01785930062818897,89.9999999677816,0.0,0.0,0.0,NaN,NaN,NaN,6000
regimen,3//4,1//2,600.0,1.0,1.0,0.0,0.012066924748030972,3.175055202389362e-19,0.01299855910461046,2.0,0.04604189919647006,0.9999999999999334,0.9999999999999334,NaN,NaN,NaN,6000
regimen,3//4,1//2,600.0,4.0,1.0,0.0,0.025600957433942768,1.6735746151751912e-14,0.026018858012087843,8.0,0.18264456752959024,0.9999999999999334,0.9999999999999334,0.025166666666666667,0.021352304226898662,0.02945164458465488,6000
regimen,3//4,1//2,600.0,16.0,1.0,0.0,0.0520065749819669,1.717681657204522e-14,0.052213625097301875,32.0,0.6443913847904572,0.9999999999999334,0.9999999999999334,0.05433333333333333,0.04873229654249964,0.060372451936849966,6000
regimen,3//4,1//2,600.0,60.0,1.0,0.0,0.10230567806991239,6.31324775104557e-24,0.10241638234956672,120.0,0.999465377473792,0.9999999999999334,0.9999999999999334,NaN,NaN,NaN,6000
regimen,3//4,1//2,3600.0,1.0,1.0,0.0,0.0049253539299575835,3.210343104236656e-15,0.005305410409916187,2.0,0.018804687018067867,0.999999999998044,0.999999999998044,NaN,NaN,NaN,6000
regimen,3//4,1//2,3600.0,4.0,1.0,0.0,0.010442170808485498,5.253989119269427e-15,0.010612295398388503,8.0,0.07511441095454213,0.999999999998044,0.999999999998044,NaN,NaN,NaN,6000
regimen,3//4,1//2,3600.0,16.0,1.0,0.0,0.021152834218966868,4.3221801125040144e-15,0.02123640960707969,32.0,0.2939196499738976,0.999999999998044,0.999999999998044,NaN,NaN,NaN,6000
regimen,3//4,1//2,3600.0,60.0,1.0,0.0,0.041165407996738165,4.540477345230004e-15,0.04120864328326592,120.0,0.8426983905318357,0.999999999998044,0.999999999998044,NaN,NaN,NaN,6000
regimen,3//4,1//2,7200.0,1.0,1.0,0.0,0.0034826842025882762,2.381775867326026e-15,0.003751404825480089,2.0,0.013297498850416811,0.999999999996485,0.999999999996485,NaN,NaN,NaN,6000
regimen,3//4,1//2,7200.0,4.0,1.0,0.0,0.007383068545319793,4.288736501905082e-15,0.0075033308302210186,8.0,0.05315308149281833,0.999999999996485,0.999999999996485,NaN,NaN,NaN,6000
regimen,3//4,1//2,7200.0,16.0,1.0,0.0,0.014951804389693115,2.998718318919258e-15,0.015010835008946658,32.0,0.21027473097828092,0.999999999996485,0.999999999996485,NaN,NaN,NaN,6000
regimen,3//4,1//2,7200.0,60.0,1.0,0.0,0.0290676509048839,3.393343077886139e-15,0.029098094008970656,120.0,0.6826894921005973,0.999999999996485,0.999999999996485,NaN,NaN,NaN,6000
regimen,3//4,1//2,11520.0,1.0,1.0,0.0,0.0027532837626194242,2.086623536187931e-15,0.0029657201721247687,2.0,0.010512766993610534,1.0000000000067204,1.0000000000067204,NaN,NaN,NaN,6000
regimen,3//4,1//2,11520.0,4.0,1.0,0.0,0.005836632211456367,3.940002936693885e-15,0.005931697831803687,8.0,0.04203282392859464,1.0000000000067204,1.0000000000067204,NaN,NaN,NaN,6000
regimen,3//4,1//2,11520.0,16.0,1.0,0.0,0.011818808522333102,2.690463744689989e-15,0.011865456772088454,32.0,0.16697139057438043,1.0000000000067204,1.0000000000067204,NaN,NaN,NaN,6000
regimen,3//4,1//2,11520.0,60.0,1.0,0.0,0.022967995680760606,2.866905852516566e-15,0.022992025195988298,120.0,0.5708050125261617,1.0000000000067204,1.0000000000067204,NaN,NaN,NaN,6000
regimen,3//4,1//2,19080.0,1.0,1.0,0.0,0.002139370289439957,1.8566059347490392e-15,0.002304436449152715,2.0,0.008168809365062535,1.000000000013198,1.000000000013198,NaN,NaN,NaN,6000
regimen,3//4,1//2,19080.0,4.0,1.0,0.0,0.004535130137388061,3.8013341109550445e-15,0.004608993689086461,8.0,0.03266667683101476,1.000000000013198,1.000000000013198,NaN,NaN,NaN,6000
regimen,3//4,1//2,19080.0,16.0,1.0,0.0,0.009182717040565861,2.5778892050519835e-15,0.009218954046465633,32.0,0.13012101690202305,1.000000000013198,1.000000000013198,NaN,NaN,NaN,6000
regimen,3//4,1//2,19080.0,60.0,1.0,0.0,0.017840648362558935,2.6314625271527757e-15,0.01785930062818897,120.0,0.46097994712853785,1.000000000013198,1.000000000013198,NaN,NaN,NaN,6000
transitorio,3//4,1//2,600.0,1.0,1.0,0.0,0.011911576914290565,5.668476338002863e-19,0.01299855910461046,1.749999999960897,0.03692754800254111,0.9999999999997894,0.9999999999997894,NaN,NaN,NaN,6000
transitorio,3//4,1//2,600.0,4.0,1.0,0.0,0.025539348984426197,3.1013170484194618e-15,0.026018858012087843,6.999999999843588,0.17103786995270953,0.9999999999997894,0.9999999999997894,0.0265,0.02258411268725538,0.030884873209292896,6000
transitorio,3//4,1//2,600.0,16.0,1.0,0.0,0.051976788951760014,1.5171846214352447e-19,0.052213625097301875,27.999999999374353,0.6124711271671356,0.9999999999997894,0.9999999999997894,0.05383333333333333,0.04825748166168174,0.05984779392022413,6000
transitorio,3//4,1//2,600.0,60.0,1.0,0.0,0.10228983360870873,9.207643852748463e-24,0.10241638234956672,104.99999999765382,0.9987364063442873,0.9999999999997894,0.9999999999997894,NaN,NaN,NaN,6000
transitorio,3//4,1//2,3600.0,1.0,1.0,0.0,0.0048619834220327935,2.962302284347646e-15,0.005305410409916187,1.749999999960897,0.01507810222573347,1.0000000000013112,1.0000000000013112,NaN,NaN,NaN,6000
transitorio,3//4,1//2,3600.0,4.0,1.0,0.0,0.010417091657274011,6.946612951735521e-15,0.010612295398388503,6.999999999843588,0.07027615418911237,1.0000000000013112,1.0000000000013112,NaN,NaN,NaN,6000
transitorio,3//4,1//2,3600.0,16.0,1.0,0.0,0.021140811759010645,4.632374420281635e-15,0.02123640960707969,27.999999999374353,0.2757382873562839,1.0000000000013112,1.0000000000013112,NaN,NaN,NaN,6000
transitorio,3//4,1//2,3600.0,60.0,1.0,0.0,0.04115922032793918,4.710985743445482e-15,0.04120864328326592,104.99999999765382,0.8120259143576445,1.0000000000013112,1.0000000000013112,NaN,NaN,NaN,6000
transitorio,3//4,1//2,7200.0,1.0,1.0,0.0,0.003437878016083605,2.2500191898826494e-15,0.003751404825480089,1.749999999960897,0.010662004634837796,0.9999999999923644,0.9999999999923644,NaN,NaN,NaN,6000
transitorio,3//4,1//2,7200.0,4.0,1.0,0.0,0.007365340002076716,6.006720942436756e-15,0.0075033308302210186,6.999999999843588,0.049724776928600556,0.9999999999923644,0.9999999999923644,NaN,NaN,NaN,6000
transitorio,3//4,1//2,7200.0,16.0,1.0,0.0,0.014943312778189922,3.1657892722761432e-15,0.015010835008946658,27.999999999374353,0.19698311012743286,0.9999999999923644,0.9999999999923644,NaN,NaN,NaN,6000
transitorio,3//4,1//2,7200.0,60.0,1.0,0.0,0.02906329402640537,3.484410309700353e-15,0.029098094008970656,104.99999999765382,0.6481307304930163,0.9999999999923644,0.9999999999923644,NaN,NaN,NaN,6000
transitorio,3//4,1//2,11520.0,1.0,1.0,0.0,0.002717862408104993,2.007364085295811e-15,0.0029657201721247687,1.749999999960897,0.008429107033552596,1.000000000003514,1.000000000003514,NaN,NaN,NaN,6000
transitorio,3//4,1//2,11520.0,4.0,1.0,0.0,0.005822618076842604,5.717014733068608e-15,0.005931697831803687,6.999999999843588,0.0393203913230849,1.000000000003514,1.000000000003514,NaN,NaN,NaN,6000
transitorio,3//4,1//2,11520.0,16.0,1.0,0.0,0.011812098139068243,2.87606615506533e-15,0.011865456772088454,27.999999999374353,0.15633135699006395,1.000000000003514,1.000000000003514,NaN,NaN,NaN,6000
transitorio,3//4,1//2,11520.0,60.0,1.0,0.0,0.022964556692234614,2.9843045661835513e-15,0.022992025195988298,104.99999999765382,0.538265503210652,1.000000000003514,1.000000000003514,NaN,NaN,NaN,6000
transitorio,3//4,1//2,19080.0,1.0,1.0,0.0,0.0021118474175898507,1.8959592394413913e-15,0.002304436449152715,1.749999999960897,0.006549684814353196,1.0000000000167608,1.0000000000167608,NaN,NaN,NaN,6000
transitorio,3//4,1//2,19080.0,4.0,1.0,0.0,0.004524241527082666,5.4165417706452306e-15,0.004608993689086461,6.999999999843588,0.030557950404152656,1.0000000000167608,1.0000000000167608,NaN,NaN,NaN,6000
transitorio,3//4,1//2,19080.0,16.0,1.0,0.0,0.009177504328465163,2.556507295554828e-15,0.009218954046465633,27.999999999374353,0.12178492181462092,1.0000000000167608,1.0000000000167608,NaN,NaN,NaN,6000
transitorio,3//4,1//2,19080.0,60.0,1.0,0.0,0.0178379789432915,2.70990511439351e-15,0.01785930062818897,104.99999999765382,0.4326013318592284,1.0000000000167608,1.0000000000167608,NaN,NaN,NaN,6000
regimen,3//4,11//20,600.0,1.0,1.0,0.02898550724637672,0.010740335510616457,3.1750552024501765e-19,0.01299855910461046,2.028985507246377,0.040751232792030245,0.6120879439704835,0.6207059078253613,NaN,NaN,NaN,6000
regimen,3//4,11//20,600.0,4.0,1.0,0.02898550724637672,0.022806588632120227,1.9301573659792692e-14,0.026018858012087843,8.115942028985508,0.16198335797775204,0.6120879439704835,0.6207059078253613,0.0205,0.017065760856264885,0.024410801755616454,6000
regimen,3//4,11//20,600.0,16.0,1.0,0.02898550724637672,0.04630249980103673,1.848567509271997e-14,0.052213625097301875,32.46376811594203,0.5880816257746319,0.6120879439704835,0.6207059078253613,0.044333333333333336,0.039264470262069945,0.04985095030191285,6000
regimen,3//4,11//20,600.0,60.0,1.0,0.02898550724637672,0.09135986454013265,6.313249759907277e-24,0.10241638234956672,121.73913043478262,0.9984577211059441,0.6120879439704835,0.6207059078253613,NaN,NaN,NaN,6000
regimen,3//4,11//20,3600.0,1.0,1.0,0.02898550724637672,0.0023765942701745074,4.0142427133659786e-15,0.005305410409916187,2.028985507246377,0.009023454924994234,0.22231887176692827,0.22544894770517074,NaN,NaN,NaN,6000
regimen,3//4,11//20,3600.0,4.0,1.0,0.02898550724637672,0.00504280519184619,5.901700667800305e-15,0.010612295398388503,8.115942028985508,0.03611722331974633,0.22231887176692827,0.22544894770517074,NaN,NaN,NaN,6000
regimen,3//4,11//20,3600.0,16.0,1.0,0.02898550724637672,0.01020892123900679,4.651522687305311e-15,0.02123640960707969,32.46376811594203,0.14588543560884001,0.22231887176692827,0.22544894770517074,NaN,NaN,NaN,6000
regimen,3//4,11//20,3600.0,60.0,1.0,0.02898550724637672,0.019927161723360867,4.710101528146034e-15,0.04120864328326592,121.73913043478262,0.5757976421978778,0.22231887176692827,0.22544894770517074,NaN,NaN,NaN,6000
regimen,3//4,11//20,7200.0,1.0,1.0,0.02898550724637672,0.0008060481461235969,2.9781740539881416e-15,0.003751404825480089,2.028985507246377,0.003060597351637606,0.08527915505308474,0.08647985229593956,NaN,NaN,NaN,6000
regimen,3//4,11//20,7200.0,4.0,1.0,0.02898550724637672,0.0017102010359360197,4.775195165090331e-15,0.0075033308302210186,8.115942028985508,0.012258853994549755,0.08527915505308474,0.08647985229593956,NaN,NaN,NaN,6000
regimen,3//4,11//20,7200.0,16.0,1.0,0.02898550724637672,0.0034612478553661045,3.2272138620171894e-15,0.015010835008946658,32.46376811594203,0.05007763709739075,0.08527915505308474,0.08647985229593956,NaN,NaN,NaN,6000
regimen,3//4,11//20,7200.0,60.0,1.0,0.02898550724637672,0.006749121971061931,3.5201123584936822e-15,0.029098094008970656,121.73913043478262,0.2342527543151536,0.08527915505308474,0.08647985229593956,NaN,NaN,NaN,6000
regimen,3//4,11//20,11520.0,1.0,1.0,0.02898550724637672,0.00026388529150863776,2.6091055385895857e-15,0.0029657201721247687,2.028985507246377,0.0010020067744278584,0.029710210181613697,0.030128523741365664,NaN,NaN,NaN,6000
regimen,3//4,11//20,11520.0,4.0,1.0,0.02898550724637672,0.0005598733112559315,4.3682029714169564e-15,0.005931697831803687,8.115942028985508,0.004014465138875862,0.029710210181613697,0.030128523741365664,NaN,NaN,NaN,6000
regimen,3//4,11//20,11520.0,16.0,1.0,0.02898550724637672,0.0011329991256375815,2.895470465541073e-15,0.011865456772088454,32.46376811594203,0.016469120612262137,0.029710210181613697,0.030128523741365664,NaN,NaN,NaN,6000
regimen,3//4,11//20,11520.0,60.0,1.0,0.02898550724637672,0.002208390601797248,2.9740083717806408e-15,0.022992025195988298,121.73913043478262,0.08260356893759895,0.029710210181613697,0.030128523741365664,NaN,NaN,NaN,6000
regimen,3//4,11//20,19080.0,1.0,1.0,0.02898550724637672,4.3833542149285825e-5,2.3214837049715092e-15,0.002304436449152715,2.028985507246377,0.00016644425721589785,0.005187546266644834,0.00526058654906156,NaN,NaN,NaN,6000
regimen,3//4,11//20,19080.0,4.0,1.0,0.02898550724637672,9.299797435771978e-5,4.206368450133115e-15,0.004608993689086461,8.115942028985508,0.0006669614323825232,0.005187546266644834,0.00526058654906156,NaN,NaN,NaN,6000
regimen,3//4,11//20,19080.0,16.0,1.0,0.02898550724637672,0.0001881841846180116,2.774317810370837e-15,0.009218954046465633,32.46376811594203,0.0027438989219218295,0.005187546266644834,0.00526058654906156,NaN,NaN,NaN,6000
regimen,3//4,11//20,19080.0,60.0,1.0,0.02898550724637672,0.00036670648535034196,2.729769301232625e-15,0.01785930062818897,121.73913043478262,0.01443797982502624,0.005187546266644834,0.00526058654906156,NaN,NaN,NaN,6000
transitorio,3//4,11//20,600.0,1.0,1.0,0.024999999985618193,0.01077934103067753,1.2694038773362729e-14,0.01299855910461046,1.7499999999584555,0.033179377943449495,0.6434598921650332,0.6434598921650541,NaN,NaN,NaN,6000
transitorio,3//4,11//20,600.0,4.0,1.0,0.024999999985618193,0.02312042229143063,1.3766371587909373e-15,0.026018858012087843,6.999999999833822,0.15500666718923994,0.6434598921650332,0.6434598921650541,0.021166666666666667,0.01767548653390126,0.025133531892521717,6000
transitorio,3//4,11//20,600.0,16.0,1.0,0.024999999985618193,0.047123805913520715,7.275737839397163e-20,0.052213625097301875,27.999999999335287,0.5667645957678169,0.6434598921650332,0.6434598921650541,0.0475,0.04225573050990039,0.05318961105652853,6000
transitorio,3//4,11//20,600.0,60.0,1.0,0.024999999985618193,0.09325327597317813,9.528396264885123e-24,0.10241638234956672,104.99999999750733,0.9970067691720863,0.6434598921650332,0.6434598921650541,NaN,NaN,NaN,6000
transitorio,3//4,11//20,3600.0,1.0,1.0,0.024999999985618193,0.0025749268712915462,2.9945653145342314e-15,0.005305410409916187,1.7499999999584555,0.007928569424994286,0.25683656174688513,0.25683656174688985,NaN,NaN,NaN,6000
transitorio,3//4,11//20,3600.0,4.0,1.0,0.024999999985618193,0.005518949942212762,5.272621731564584e-15,0.010612295398388503,6.999999999833822,0.037276928130005535,0.25683656174688513,0.25683656174688985,NaN,NaN,NaN,6000
transitorio,3//4,11//20,3600.0,16.0,1.0,0.024999999985618193,0.01121647969660169,4.6005454940901714e-15,0.02123640960707969,27.999999999335287,0.14983793391545547,0.25683656174688513,0.25683656174688985,NaN,NaN,NaN,6000
transitorio,3//4,11//20,3600.0,60.0,1.0,0.024999999985618193,0.02195322928776451,4.334513066132143e-15,0.04120864328326592,104.99999999750733,0.5653586444474573,0.25683656174688513,0.25683656174688985,NaN,NaN,NaN,6000
transitorio,3//4,11//20,7200.0,1.0,1.0,0.024999999985618193,0.0009572781447951689,2.3286242106845084e-15,0.003751404825480089,1.7499999999584555,0.0029477012309020376,0.10880391575116016,0.10880391575116366,NaN,NaN,NaN,6000
transitorio,3//4,11//20,7200.0,4.0,1.0,0.024999999985618193,0.0020516278362641073,4.408731723608352e-15,0.0075033308302210186,6.999999999833822,0.013867743638851016,0.10880391575116016,0.10880391575116366,NaN,NaN,NaN,6000
transitorio,3//4,11//20,7200.0,16.0,1.0,0.024999999985618193,0.004168460172956275,3.265957937299889e-15,0.015010835008946658,27.999999999335287,0.056299743622814695,0.10880391575116016,0.10880391575116366,NaN,NaN,NaN,6000
transitorio,3//4,11//20,7200.0,60.0,1.0,0.024999999985618193,0.008150050336407833,3.366442312589545e-15,0.029098094008970656,104.99999999750733,0.24497128024865675,0.10880391575116016,0.10880391575116366,NaN,NaN,NaN,6000
transitorio,3//4,11//20,11520.0,1.0,1.0,0.024999999985618193,0.00034988941995776603,2.115592173664038e-15,0.0029657201721247687,1.7499999999584555,0.0010774122236334761,0.042518483472618426,0.04251848347262154,NaN,NaN,NaN,6000
transitorio,3//4,11//20,11520.0,4.0,1.0,0.024999999985618193,0.0007498589590727278,3.920172361865219e-15,0.005931697831803687,6.999999999833822,0.005070002485877866,0.042518483472618426,0.04251848347262154,NaN,NaN,NaN,6000
transitorio,3//4,11//20,11520.0,16.0,1.0,0.024999999985618193,0.0015233881768048716,2.7743598988776154e-15,0.011865456772088454,27.999999999335287,0.020660378151193343,0.042518483472618426,0.04251848347262154,NaN,NaN,NaN,6000
transitorio,3//4,11//20,11520.0,60.0,1.0,0.024999999985618193,0.002977314357343332,2.9459250665187705e-15,0.022992025195988298,104.99999999750733,0.09525852238216943,0.042518483472618426,0.04251848347262154,NaN,NaN,NaN,6000
transitorio,3//4,11//20,19080.0,1.0,1.0,0.024999999985618193,7.0475532742927e-5,1.8747514590715017e-15,0.002304436449152715,1.7499999999584555,0.00021701675501340292,0.00904164458673803,0.009041644586740866,NaN,NaN,NaN,6000
transitorio,3//4,11//20,19080.0,4.0,1.0,0.024999999985618193,0.00015103563985220745,3.8087321768384556e-15,0.004608993689086461,6.999999999833822,0.001021381962237217,0.00904164458673803,0.009041644586740866,NaN,NaN,NaN,6000
transitorio,3//4,11//20,19080.0,16.0,1.0,0.024999999985618193,0.0003068174290911635,2.635591872765342e-15,0.009218954046465633,27.999999999335287,0.0041725092878737,0.00904164458673803,0.009041644586740866,NaN,NaN,NaN,6000
transitorio,3//4,11//20,19080.0,60.0,1.0,0.024999999985618193,0.0005994898065713529,2.7033231289059944e-15,0.01785930062818897,104.99999999750733,0.020015913545052846,0.00904164458673803,0.009041644586740866,NaN,NaN,NaN,6000
regimen,3//4,3//5,600.0,1.0,1.0,0.05882352941176472,0.007487358533609984,3.1750552024501765e-19,0.01299855910461046,2.0588235294117645,0.028270762149083334,0.31364028927310916,0.3223329717175868,NaN,NaN,NaN,6000
regimen,3//4,3//5,600.0,4.0,1.0,0.05882352941176472,0.015905797037163355,1.9301573659789574e-14,0.026018858012087843,8.235294117647058,0.11305467393558741,0.31364028927310916,0.3223329717175868,0.016833333333333332,0.013731397389760223,0.020416889759723618,6000
regimen,3//4,3//5,600.0,16.0,1.0,0.05882352941176472,0.03224771768676545,1.834239026719477e-14,0.052213625097301875,32.94117647058823,0.44631820348514756,0.31364028927310916,0.3223329717175868,0.034666666666666665,0.03018200501902716,0.039610770682432905,6000
regimen,3//4,3//5,600.0,60.0,1.0,0.05882352941176472,0.06493755245367142,6.313249700262746e-24,0.10241638234956672,123.52941176470587,0.9932741786789184,0.31364028927310916,0.3223329717175868,NaN,NaN,NaN,6000
regimen,3//4,3//5,3600.0,1.0,1.0,0.05882352941176472,0.0002640193831041647,4.0142427133659786e-15,0.005305410409916187,2.0588235294117645,0.0009975178574989259,0.014925368462488781,0.015339215853627899,NaN,NaN,NaN,6000
regimen,3//4,3//5,3600.0,4.0,1.0,0.05882352941176472,0.0005604654115361633,5.901700667799518e-15,0.010612295398388503,8.235294117647058,0.0040170877687269796,0.014925368462488781,0.015339215853627899,NaN,NaN,NaN,6000
regimen,3//4,3//5,3600.0,16.0,1.0,0.05882352941176472,0.001133070842045081,4.615468528186497e-15,0.02123640960707969,32.94117647058823,0.01780245598207508,0.014925368462488781,0.015339215853627899,NaN,NaN,NaN,6000
regimen,3//4,3//5,3600.0,60.0,1.0,0.05882352941176472,0.002256351681014857,4.705065265612871e-15,0.04120864328326592,123.52941176470587,0.15632511336260366,0.014925368462488781,0.015339215853627899,NaN,NaN,NaN,6000
regimen,3//4,3//5,7200.0,1.0,1.0,0.05882352941176472,9.88331217932703e-6,2.9781740539881416e-15,0.003751404825480089,2.0588235294117645,3.734349579690062e-5,0.0005906707437685109,0.0006070498621469235,NaN,NaN,NaN,6000
regimen,3//4,3//5,7200.0,4.0,1.0,0.05882352941176472,2.097897309658562e-5,4.775195165089739e-15,0.0075033308302210186,8.235294117647058,0.0001504909986106432,0.0005906707437685109,0.0006070498621469235,NaN,NaN,NaN,6000
regimen,3//4,3//5,7200.0,16.0,1.0,0.05882352941176472,4.2400438396676106e-5,3.2021997420730463e-15,0.015010835008946658,32.94117647058823,0.0006751155541631335,0.0005906707437685109,0.0006070498621469235,NaN,NaN,NaN,6000
regimen,3//4,3//5,7200.0,60.0,1.0,0.05882352941176472,8.434445264740643e-5,3.5163484884646316e-15,0.029098094008970656,123.52941176470587,0.007588421122195144,0.0005906707437685109,0.0006070498621469235,NaN,NaN,NaN,6000
regimen,3//4,3//5,11520.0,1.0,1.0,0.05882352941176472,2.2982101110456708e-7,2.6091055385895857e-15,0.0029657201721247687,2.0588235294117645,8.683854420227813e-7,1.4074632667204044e-5,1.446492924627648e-5,NaN,NaN,NaN,6000
regimen,3//4,3//5,11520.0,4.0,1.0,0.05882352941176472,4.878201254513771e-7,4.3682029714164366e-15,0.005931697831803687,8.235294117647058,3.5004386781703073e-6,1.4074632667204044e-5,1.446492924627648e-5,NaN,NaN,NaN,6000
regimen,3//4,3//5,11520.0,16.0,1.0,0.05882352941176472,9.858256224912371e-7,2.8730277402467475e-15,0.011865456772088454,32.94117647058823,1.5775767041296822e-5,1.4074632667204044e-5,1.446492924627648e-5,NaN,NaN,NaN,6000
regimen,3//4,3//5,11520.0,60.0,1.0,0.05882352941176472,1.9602586739930403e-6,2.9708284218719414e-15,0.022992025195988298,123.52941176470587,0.00019566797917653977,1.4074632667204044e-5,1.446492924627648e-5,NaN,NaN,NaN,6000
regimen,3//4,3//5,19080.0,1.0,1.0,0.05882352941176472,3.7306880946390275e-10,2.3214837049715092e-15,0.002304436449152715,2.0588235294117645,1.4096736356866339e-9,2.325345142804221e-8,2.389829716718303e-8,NaN,NaN,NaN,6000
regimen,3//4,3//5,19080.0,4.0,1.0,0.05882352941176472,7.918650563268445e-10,4.2063684501326225e-15,0.004608993689086461,8.235294117647058,5.68334563631277e-9,2.325345142804221e-8,2.389829716718303e-8,NaN,NaN,NaN,6000
regimen,3//4,3//5,19080.0,16.0,1.0,0.05882352941176472,1.6001525400701164e-9,2.7528141581451094e-15,0.009218954046465633,32.94117647058823,2.5691951883711727e-8,2.325345142804221e-8,2.389829716718303e-8,NaN,NaN,NaN,6000
regimen,3//4,3//5,19080.0,60.0,1.0,0.05882352941176472,3.180978765149364e-9,2.7268505032490874e-15,0.01785930062818897,123.52941176470587,3.4064923263281825e-7,2.325345142804221e-8,2.389829716718303e-8,NaN,NaN,NaN,6000
transitorio,3//4,3//5,600.0,1.0,1.0,0.04999999996963023,0.007874531072590464,6.400299541670591e-19,0.01299855910461046,1.7499999999508877,0.024065401404821912,0.35454768016628896,0.35454768016631305,NaN,NaN,NaN,6000
transitorio,3//4,3//5,600.0,4.0,1.0,0.04999999996963023,0.016908578021174202,1.1659593199097733e-15,0.026018858012087843,6.999999999803551,0.11375925347079213,0.35454768016628896,0.35454768016631305,0.0175,0.01433499966343648,0.021145667115438513,6000
transitorio,3//4,3//5,600.0,16.0,1.0,0.04999999996963023,0.03461355758140573,1.756428432816563e-14,0.052213625097301875,27.999999999214204,0.44363456669887824,0.35454768016628896,0.35454768016631305,0.033666666666666664,0.029247388028933778,0.03854652441939996,6000
transitorio,3//4,3//5,600.0,60.0,1.0,0.04999999996963023,0.06961922194997572,1.0081817743512972e-23,0.10241638234956672,104.99999999705327,0.9892131870005084,0.35454768016628896,0.35454768016631305,NaN,NaN,NaN,6000
transitorio,3//4,3//5,3600.0,1.0,1.0,0.04999999996963023,0.0003769155691491905,3.0394104375915944e-15,0.005305410409916187,1.7499999999508877,0.001152307353150762,0.023330833433766962,0.02333083343377164,NaN,NaN,NaN,6000
transitorio,3//4,3//5,3600.0,4.0,1.0,0.04999999996963023,0.0008087415490502329,5.1020860787597e-15,0.010612295398388503,6.999999999803551,0.0054824723075919315,0.023330833433766962,0.02333083343377164,NaN,NaN,NaN,6000
transitorio,3//4,3//5,3600.0,16.0,1.0,0.04999999996963023,0.0016507446795780772,4.5593068857603555e-15,0.02123640960707969,27.999999999214204,0.023671363461826717,0.023330833433766962,0.02333083343377164,NaN,NaN,NaN,6000
transitorio,3//4,3//5,3600.0,60.0,1.0,0.04999999996963023,0.003282545902596834,4.531947808256753e-15,0.04120864328326592,104.99999999705327,0.1705766246917552,0.023330833433766962,0.02333083343377164,NaN,NaN,NaN,6000
transitorio,3//4,3//5,7200.0,1.0,1.0,0.04999999996963023,2.035801573855197e-5,2.2289877724856924e-15,0.003751404825480089,1.7499999999508877,6.224081642628679e-5,0.0013392644117150442,0.001339264411718691,NaN,NaN,NaN,6000
transitorio,3//4,3//5,7200.0,4.0,1.0,0.04999999996963023,4.3678683434339596e-5,4.026856721835716e-15,0.0075033308302210186,6.999999999803551,0.0002963231690800166,0.0013392644117150442,0.001339264411718691,NaN,NaN,NaN,6000
transitorio,3//4,3//5,7200.0,16.0,1.0,0.04999999996963023,8.912801620178575e-5,3.3216719072497298e-15,0.015010835008946658,27.999999999214204,0.0012931584763259604,0.0013392644117150442,0.001339264411718691,NaN,NaN,NaN,6000
transitorio,3//4,3//5,7200.0,60.0,1.0,0.04999999996963023,0.0001770402396606425,3.2820621681748405e-15,0.029098094008970656,104.99999999705327,0.011395259646193735,0.0013392644117150442,0.001339264411718691,NaN,NaN,NaN,6000
transitorio,3//4,3//5,11520.0,1.0,1.0,0.04999999996963023,7.350045348084331e-7,2.0551859447064153e-15,0.0029657201721247687,1.7499999999508877,2.247168794442942e-6,4.9679569060683934e-5,4.967956906378936e-5,NaN,NaN,NaN,6000
transitorio,3//4,3//5,11520.0,4.0,1.0,0.04999999996963023,1.5769294788170845e-6,3.7993854481168735e-15,0.005931697831803687,6.999999999803551,1.0701185465027841e-5,4.9679569060683934e-5,4.967956906378936e-5,NaN,NaN,NaN,6000
transitorio,3//4,3//5,11520.0,16.0,1.0,0.04999999996963023,3.217436586010801e-6,2.8498010713630756e-15,0.011865456772088454,27.999999999214204,4.6888702571996615e-5,4.9679569060683934e-5,4.967956906378936e-5,NaN,NaN,NaN,6000
transitorio,3//4,3//5,11520.0,60.0,1.0,0.04999999996963023,6.388388018024367e-6,2.938975312366186e-15,0.022992025195988298,104.99999999705327,0.0004475928973211748,4.9679569060683934e-5,4.967956906378936e-5,NaN,NaN,NaN,6000
transitorio,3//4,3//5,19080.0,1.0,1.0,0.04999999996963023,2.5766533185428317e-9,1.8485460524918313e-15,0.002304436449152715,1.7499999999508877,7.877810396066689e-9,1.7762275672056766e-7,1.776227595441525e-7,NaN,NaN,NaN,6000
transitorio,3//4,3//5,19080.0,4.0,1.0,0.04999999996963023,5.528030426943069e-9,3.561076698701437e-15,0.004608993689086461,6.999999999803551,3.752076135631099e-8,1.7762275672056766e-7,1.776227595441525e-7,NaN,NaN,NaN,6000
transitorio,3//4,3//5,19080.0,16.0,1.0,0.04999999996963023,1.127813130349157e-8,2.5826276104351735e-15,0.009218954046465633,27.999999999214204,1.6484162191548792e-7,1.7762275672056766e-7,1.776227595441525e-7,NaN,NaN,NaN,6000
transitorio,3//4,3//5,19080.0,60.0,1.0,0.04999999996963023,2.2387324637422182e-8,2.7269139193718128e-15,0.01785930062818897,104.99999999705327,1.6611547417527219e-6,1.7762275672056766e-7,1.776227595441525e-7,NaN,NaN,NaN,6000
regimen,3//4,3//4,600.0,1.0,1.0,0.15384615384615374,0.0005837993271456161,3.1750552024501765e-19,0.01299855910461046,2.1538461538461537,0.0021803324189788673,0.01254132320289272,0.013370469538453325,NaN,NaN,NaN,6000
regimen,3//4,3//4,600.0,4.0,1.0,0.15384615384615374,0.0012394215507934017,1.9301573606564346e-14,0.026018858012087843,8.615384615384615,0.009093085659059433,0.01254132320289272,0.013370469538453325,0.0018333333333333333,0.0009155375170697877,0.0032779665559639452,6000
regimen,3//4,3//4,600.0,16.0,1.0,0.15384615384615374,0.002594923426044591,1.8336340118134994e-14,0.052213625097301875,34.46153846153846,0.060581638652526686,0.01254132320289272,0.013370469538453325,0.0026666666666666666,0.0015249748184253632,0.004326896740939437,6000
regimen,3//4,3//4,600.0,60.0,1.0,0.15384615384615374,0.005955691183576523,6.3132496762301196e-24,0.10241638234956672,129.23076923076923,0.8385088216788712,0.01254132320289272,0.013370469538453325,NaN,NaN,NaN,6000
regimen,3//4,3//4,3600.0,1.0,1.0,0.15384615384615374,5.401704292740002e-11,4.0142427133659786e-15,0.005305410409916187,2.1538461538461537,2.0187121823642364e-10,1.2799965701045572e-9,1.3646668338258387e-9,NaN,NaN,NaN,6000
regimen,3//4,3//4,3600.0,4.0,1.0,0.15384615384615374,1.145954428194143e-10,5.9017006543634645e-15,0.010612295398388503,8.615384615384615,8.48147290153456e-10,1.2799965701045572e-9,1.3646668338258387e-9,NaN,NaN,NaN,6000
regimen,3//4,3//4,3600.0,16.0,1.0,0.15384615384615374,2.392076858113618e-10,4.6139461545778875e-15,0.02123640960707969,34.46153846153846,6.631223087813404e-9,1.2799965701045572e-9,1.3646668338258387e-9,NaN,NaN,NaN,6000
regimen,3//4,3//4,3600.0,60.0,1.0,0.15384615384615374,5.419087577804606e-10,4.703035999683122e-15,0.04120864328326592,129.23076923076923,1.7203246237520735e-6,1.2799965701045572e-9,1.3646668338258387e-9,NaN,NaN,NaN,6000
regimen,3//4,3//4,7200.0,1.0,1.0,0.15384615384615374,4.044572447900144e-19,2.9781740539881416e-15,0.003751404825480089,2.1538461538461537,1.517488058916849e-18,9.741567940539632e-18,1.0385961797942653e-17,NaN,NaN,NaN,6000
regimen,3//4,3//4,7200.0,4.0,1.0,0.15384615384615374,8.580458392339852e-19,4.775195154998698e-15,0.0075033308302210186,8.615384615384615,6.380342938521808e-18,9.741567940539632e-18,1.0385961797942653e-17,NaN,NaN,NaN,6000
regimen,3//4,3//4,7200.0,16.0,1.0,0.15384615384615374,1.790806331613994e-18,3.201143530058225e-15,0.015010835008946658,34.46153846153846,5.072514573824144e-17,9.741567940539632e-18,1.0385961797942653e-17,NaN,NaN,NaN,6000
regimen,3//4,3//4,7200.0,60.0,1.0,0.15384615384615374,4.051497844315412e-18,3.5148319088257316e-15,0.029098094008970656,129.23076923076923,1.9040162778416702e-14,9.741567940539632e-18,1.0385961797942653e-17,NaN,NaN,NaN,6000
regimen,3//4,3//4,11520.0,1.0,1.0,0.15384615384615374,4.7879532534037145e-29,2.6091055385895857e-15,0.0029657201721247687,2.1538461538461537,3.242875877267899e-28,2.091850693567196e-27,2.2302737030377733e-27,NaN,NaN,NaN,6000
regimen,3//4,3//4,11520.0,4.0,1.0,0.15384615384615374,1.0171793796538615e-28,4.3682029625339046e-15,0.005931697831803687,8.615384615384615,1.3638600683270183e-27,2.091850693567196e-27,2.2302737030377733e-27,NaN,NaN,NaN,6000
regimen,3//4,3//4,11520.0,16.0,1.0,0.15384615384615374,2.135142592997848e-28,2.8720801044252946e-15,0.011865456772088454,34.46153846153846,1.0911510470479952e-26,2.091850693567196e-27,2.2302737030377733e-27,NaN,NaN,NaN,6000
regimen,3//4,3//4,11520.0,60.0,1.0,0.15384615384615374,4.842304490852222e-28,2.9695471217082712e-15,0.022992025195988298,129.23076923076923,4.716043277016476e-24,2.091850693567196e-27,2.2302737030377733e-27,NaN,NaN,NaN,6000
regimen,3//4,3//4,19080.0,1.0,1.0,0.15384615384615374,5.3711470696997066e-49,2.3214837049715092e-15,0.002304436449152715,2.1538461538461537,4.527877633521445e-45,2.9385739269778664e-44,3.132964586616122e-44,NaN,NaN,NaN,6000
regimen,3//4,3//4,19080.0,4.0,1.0,0.15384615384615374,1.1099625580379733e-48,4.206368441730638e-15,0.004608993689086461,8.615384615384615,1.9047939127204902e-44,2.9385739269778664e-44,3.132964586616122e-44,NaN,NaN,NaN,6000
regimen,3//4,3//4,19080.0,16.0,1.0,0.15384615384615374,2.3725758980300453e-48,2.751906174338601e-15,0.009218954046465633,34.46153846153846,1.5313073985369799e-43,2.9385739269778664e-44,3.132964586616122e-44,NaN,NaN,NaN,6000
regimen,3//4,3//4,19080.0,60.0,1.0,0.15384615384615374,5.619375022801152e-48,2.72567442927264e-15,0.01785930062818897,129.23076923076923,7.281685607443353e-41,2.9385739269778664e-44,3.132964586616122e-44,NaN,NaN,NaN,6000
transitorio,3//4,3//4,600.0,1.0,1.0,0.12499999989293908,0.0008473258374000435,1.2196271605645149e-14,0.01299855910461046,1.749999999887037,0.0025343694626826247,0.02057173845062051,0.02057173845064071,NaN,NaN,NaN,6000
transitorio,3//4,3//4,600.0,4.0,1.0,0.12499999989293908,0.0018334645768042501,3.271898800854783e-15,0.026018858012087843,6.999999999548148,0.012646533441067878,0.02057173845062051,0.02057173845064071,0.0011666666666666668,0.0004691850896796745,0.0024022925725249392,6000
transitorio,3//4,3//4,600.0,16.0,1.0,0.12499999989293908,0.003869691817388854,7.500416301351374e-20,0.052213625097301875,27.999999998192592,0.0704946700183403,0.02057173845062051,0.02057173845064071,0.0028333333333333335,0.0016513605686946753,0.004532577745336901,6000
transitorio,3//4,3//4,600.0,60.0,1.0,0.12499999989293908,0.008735155029396617,1.057760159945011e-23,0.10241638234956672,104.99999999322222,0.8187381060280873,0.02057173845062051,0.02057173845064071,NaN,NaN,NaN,6000
transitorio,3//4,3//4,3600.0,1.0,1.0,0.12499999989293908,5.188038758444409e-10,3.1232231054021425e-15,0.005305410409916187,1.749999999887037,1.5523318092354768e-9,1.4033613511771172e-8,1.403361836180997e-8,NaN,NaN,NaN,6000
transitorio,3//4,3//4,3600.0,4.0,1.0,0.12499999989293908,1.1217417367767832e-9,7.23765468527489e-15,0.010612295398388503,6.999999999548148,7.800070299368791e-9,1.4033613511771172e-8,1.403361836180997e-8,NaN,NaN,NaN,6000
transitorio,3//4,3//4,3600.0,16.0,1.0,0.12499999989293908,2.36008892333887e-9,4.3507627103139e-15,0.02123640960707969,27.999999998192592,4.925822661236713e-8,1.4033613511771172e-8,1.403361836180997e-8,NaN,NaN,NaN,6000
transitorio,3//4,3//4,3600.0,60.0,1.0,0.12499999989293908,5.256508093579095e-9,4.491617311781006e-15,0.04120864328326592,104.99999999322222,6.648586674126086e-6,1.4033613511771172e-8,1.403361836180997e-8,NaN,NaN,NaN,6000
transitorio,3//4,3//4,7200.0,1.0,1.0,0.12499999989293908,3.764433221393444e-17,2.2318030529739768e-15,0.003751404825480089,1.749999999887037,1.1267265581891318e-16,1.0329225559456677e-15,1.0329225559456677e-15,NaN,NaN,NaN,6000
transitorio,3//4,3//4,7200.0,4.0,1.0,0.12499999989293908,8.138616856847168e-17,6.149265181035329e-15,0.0075033308302210186,6.999999999548148,5.665452010897909e-16,1.0329225559456677e-15,1.0329225559456677e-15,NaN,NaN,NaN,6000
transitorio,3//4,3//4,7200.0,16.0,1.0,0.12499999989293908,1.711802854811916e-16,3.195081325672125e-15,0.015010835008946658,27.999999998192592,3.62447133721731e-15,1.0329225559456677e-15,1.0329225559456677e-15,NaN,NaN,NaN,6000
transitorio,3//4,3//4,7200.0,60.0,1.0,0.12499999989293908,3.807740962815445e-16,3.277089792095291e-15,0.029098094008970656,104.99999999322222,6.656204059372875e-13,1.0329225559456677e-15,1.0329225559456677e-15,NaN,NaN,NaN,6000
transitorio,3//4,3//4,11520.0,1.0,1.0,0.12499999989293908,1.0881045459195828e-25,2.0035562726137155e-15,0.0029657201721247687,1.749999999887037,3.6590753981760066e-25,3.3728757042379314e-24,3.372875752824737e-24,NaN,NaN,NaN,6000
transitorio,3//4,3//4,11520.0,4.0,1.0,0.12499999989293908,2.347632888611391e-25,5.86061309752687e-15,0.005931697831803687,6.999999999548148,1.840351203001423e-24,3.3728757042379314e-24,3.372875752824737e-24,NaN,NaN,NaN,6000
transitorio,3//4,3//4,11520.0,16.0,1.0,0.12499999989293908,4.941669676200798e-25,2.8854518149029966e-15,0.011865456772088454,27.999999998192592,1.1831284279413419e-23,3.3728757042379314e-24,3.372875752824737e-24,NaN,NaN,NaN,6000
transitorio,3//4,3//4,11520.0,60.0,1.0,0.12499999989293908,1.101471509335751e-24,3.0319000622942448e-15,0.022992025195988298,104.99999999322222,2.4439816259962224e-21,3.3728757042379314e-24,3.372875752824737e-24,NaN,NaN,NaN,6000
transitorio,3//4,3//4,19080.0,1.0,1.0,0.12499999989293908,7.26290817590147e-42,1.8509883021168286e-15,0.002304436449152715,1.749999999887037,5.992636747839095e-40,5.5445131030653557e-39,5.5445131030653557e-39,NaN,NaN,NaN,6000
transitorio,3//4,3//4,19080.0,4.0,1.0,0.12499999989293908,1.5820826259538457e-41,5.6320389857014465e-15,0.004608993689086461,6.999999999548148,3.014549913670062e-39,5.5445131030653557e-39,5.5445131030653557e-39,NaN,NaN,NaN,6000
transitorio,3//4,3//4,19080.0,16.0,1.0,0.12499999989293908,3.3480280985418353e-41,2.512265486967726e-15,0.009218954046465633,27.999999998192592,1.9442836607522416e-38,5.5445131030653557e-39,5.5445131030653557e-39,NaN,NaN,NaN,6000
transitorio,3//4,3//4,19080.0,60.0,1.0,0.12499999989293908,7.562974773629848e-41,2.6871518775478913e-15,0.01785930062818897,104.99999999322222,4.343412995497113e-36,5.5445131030653557e-39,5.5445131030653557e-39,NaN,NaN,NaN,6000
regimen,3//4,9//10,600.0,1.0,1.0,0.25806451612903225,5.037787901473075e-6,3.1750552024501765e-19,0.01299855910461046,2.258064516129032,1.871607488094082e-5,6.902173161259253e-5,7.59960245101389e-5,NaN,NaN,NaN,6000
regimen,3//4,9//10,600.0,4.0,1.0,0.25806451612903225,1.0746002187078757e-5,1.9301573659792692e-14,0.026018858012087843,9.032258064516128,8.427292688238169e-5,6.902173161259253e-5,7.59960245101389e-5,0.0,0.0,0.0006146242834176386,6000
regimen,3//4,9//10,600.0,16.0,1.0,0.25806451612903225,2.4095050479967675e-5,1.8485675090008516e-14,0.052213625097301875,36.12903225806451,0.0012309633091110008,6.902173161259253e-5,7.59960245101389e-5,0.0,0.0,0.0006146242834176386,6000
regimen,3//4,9//10,600.0,60.0,1.0,0.25806451612903225,7.14815394992973e-5,6.3132497750981e-24,0.10241638234956672,135.48387096774192,0.31204120134534785,6.902173161259253e-5,7.59960245101389e-5,NaN,NaN,NaN,6000
regimen,3//4,9//10,3600.0,1.0,1.0,0.25806451612903225,1.857943851611866e-23,4.0142427133659786e-15,0.005305410409916187,2.258064516129032,7.664785381716448e-23,2.95711260932481e-22,3.2560175421458285e-22,NaN,NaN,NaN,6000
regimen,3//4,9//10,3600.0,4.0,1.0,0.25806451612903225,3.963970353508617e-23,5.901700667800305e-15,0.010612295398388503,9.032258064516128,3.4790489129008455e-22,2.95711260932481e-22,3.2560175421458285e-22,NaN,NaN,NaN,6000
regimen,3//4,9//10,3600.0,16.0,1.0,0.25806451612903225,8.860282441742612e-23,4.651522686623039e-15,0.02123640960707969,36.12903225806451,6.232585883770789e-21,2.95711260932481e-22,3.2560175421458285e-22,NaN,NaN,NaN,6000
regimen,3//4,9//10,3600.0,60.0,1.0,0.25806451612903225,2.6029549731841827e-22,4.711384210261237e-15,0.04120864328326592,135.48387096774192,6.6218729699734e-17,2.95711260932481e-22,3.2560175421458285e-22,NaN,NaN,NaN,6000
regimen,3//4,9//10,7200.0,1.0,1.0,0.25806451612903225,1.4692257356794873e-47,2.9781740539881416e-15,0.003751404825480089,2.258064516129032,2.1612900727427553e-43,8.39479327796924e-43,9.243368325773139e-43,NaN,NaN,NaN,6000
regimen,3//4,9//10,7200.0,4.0,1.0,0.25806451612903225,3.1621774859324464e-47,4.775195165090331e-15,0.0075033308302210186,9.032258064516128,9.818919558333064e-43,8.39479327796924e-43,9.243368325773139e-43,NaN,NaN,NaN,6000
regimen,3//4,9//10,7200.0,16.0,1.0,0.25806451612903225,7.59202877008839e-47,3.2272138615438342e-15,0.015010835008946658,36.12903225806451,1.7977775595526862e-41,8.39479327796924e-43,9.243368325773139e-43,NaN,NaN,NaN,6000
regimen,3//4,9//10,7200.0,60.0,1.0,0.25806451612903225,2.3246968175769604e-46,3.5210709758688534e-15,0.029098094008970656,135.48387096774192,2.88928297006499e-37,8.39479327796924e-43,9.243368325773139e-43,NaN,NaN,NaN,6000
regimen,3//4,9//10,11520.0,1.0,1.0,0.25806451612903225,6.96491243862206e-83,2.6091055385895857e-15,0.0029657201721247687,2.258064516129032,4.4668935269024065e-69,2.2106498746506937e-67,2.4341130321650048e-67,NaN,NaN,NaN,6000
regimen,3//4,9//10,11520.0,4.0,1.0,0.25806451612903225,1.5136625592962543e-82,4.3682029714169564e-15,0.005931697831803687,9.032258064516128,2.1009711002479857e-68,2.2106498746506937e-67,2.4341130321650048e-67,NaN,NaN,NaN,6000
regimen,3//4,9//10,11520.0,16.0,1.0,0.25806451612903225,3.7500241035531385e-82,2.8954704651163775e-15,0.011865456772088454,36.12903225806451,5.1415746970015916e-67,2.2106498746506937e-67,2.4341130321650048e-67,NaN,NaN,NaN,6000
regimen,3//4,9//10,11520.0,60.0,1.0,0.25806451612903225,1.2957059275442837e-81,2.974818270956522e-15,0.022992025195988298,135.48387096774192,2.495354728009147e-62,2.2106498746506937e-67,2.4341130321650048e-67,NaN,NaN,NaN,6000
regimen,3//4,9//10,19080.0,1.0,1.0,0.25806451612903225,4.4563985960091627e-153,2.3214837049715092e-15,0.002304436449152715,2.258064516129032,1.0080694655969025e-123,2.5034289295430147e-110,2.756489820261927e-110,NaN,NaN,NaN,6000
regimen,3//4,9//10,19080.0,4.0,1.0,0.25806451612903225,8.636168149498967e-153,4.206368450133115e-15,0.004608993689086461,9.032258064516128,5.057911457186264e-123,2.5034289295430147e-110,2.756489820261927e-110,NaN,NaN,NaN,6000
regimen,3//4,9//10,19080.0,16.0,1.0,0.25806451612903225,2.21233952448437e-152,2.774317809963912e-15,0.009218954046465633,36.12903225806451,2.3512804183904626e-121,2.5034289295430147e-110,2.756489820261927e-110,NaN,NaN,NaN,6000
regimen,3//4,9//10,19080.0,60.0,1.0,0.25806451612903225,9.319848199853355e-152,2.7305126878108106e-15,0.01785930062818897,135.48387096774192,1.68516375175167e-115,2.5034289295430147e-110,2.756489820261927e-110,NaN,NaN,NaN,6000
transitorio,3//4,9//10,600.0,1.0,1.0,0.19999999971150462,1.3075709691481674e-5,1.2452851090731818e-14,0.01299855910461046,1.7499999997097682,3.8271450567565476e-5,0.0002081472021471814,0.0002081472021697863,NaN,NaN,NaN,6000
transitorio,3//4,9//10,600.0,4.0,1.0,0.19999999971150462,2.870226224128815e-5,1.1156521519950394e-15,0.026018858012087843,6.999999998839073,0.00017953795511208622,0.0002081472021471814,0.0002081472021697863,0.0,0.0,0.0006146242834176386,6000
transitorio,3//4,9//10,600.0,16.0,1.0,0.19999999971150462,6.416644043442582e-5,1.7669646723368786e-14,0.052213625097301875,27.99999999535629,0.002126619597425208,0.0002081472021471814,0.0002081472021697863,0.0005,0.00010312389215285476,0.001460510058166211,6000
transitorio,3//4,9//10,600.0,60.0,1.0,0.19999999971150462,0.00018129036066519394,1.8899972172945784e-14,0.10241638234956672,104.99999998258609,0.3163402152238567,0.0002081472021471814,0.0002081472021697863,NaN,NaN,NaN,6000
transitorio,3//4,9//10,3600.0,1.0,1.0,0.19999999971150462,6.0888212578941535e-21,3.1363035027529663e-15,0.005305410409916187,1.7499999997097682,1.7981856124236393e-20,1.0288066981638789e-19,1.0288066981673074e-19,NaN,NaN,NaN,6000
transitorio,3//4,9//10,3600.0,4.0,1.0,0.19999999971150462,1.335713134914759e-20,5.0523055135709685e-15,0.010612295398388503,6.999999998839073,8.483778726487307e-20,1.0288066981638789e-19,1.0288066981673074e-19,NaN,NaN,NaN,6000
transitorio,3//4,9//10,3600.0,16.0,1.0,0.19999999971150462,2.9762388471880956e-20,4.076655947435142e-15,0.02123640960707969,27.99999999535629,1.1778538624903835e-18,1.0288066981638789e-19,1.0288066981673074e-19,NaN,NaN,NaN,6000
transitorio,3//4,9//10,3600.0,60.0,1.0,0.19999999971150462,8.276255423292214e-20,4.392321613358151e-15,0.04120864328326592,104.99999998258609,4.05201931343085e-15,1.0288066981638789e-19,1.0288066981673074e-19,NaN,NaN,NaN,6000
transitorio,3//4,9//10,7200.0,1.0,1.0,0.19999999971150462,2.8102128089065103e-40,2.209041730903436e-15,0.003751404825480089,1.7499999997097682,1.5048031410065993e-38,8.659408681027116e-38,8.659408681027116e-38,NaN,NaN,NaN,6000
transitorio,3//4,9//10,7200.0,4.0,1.0,0.19999999971150462,6.006667041110782e-40,3.946516122615721e-15,0.0075033308302210186,6.999999998839073,7.103664875504728e-38,8.659408681027116e-38,8.659408681027116e-38,NaN,NaN,NaN,6000
transitorio,3//4,9//10,7200.0,16.0,1.0,0.19999999971150462,1.395044910967401e-39,3.274479075007174e-15,0.015010835008946658,27.99999999535629,1.0024813470669988e-36,8.659408681027116e-38,8.659408681027116e-38,NaN,NaN,NaN,6000
transitorio,3//4,9//10,7200.0,60.0,1.0,0.19999999971150462,3.9329969389353575e-39,3.4797105536072485e-15,0.029098094008970656,104.99999998258609,4.877326729297748e-33,8.659408681027116e-38,8.659408681027116e-38,NaN,NaN,NaN,6000
transitorio,3//4,9//10,11520.0,1.0,1.0,0.19999999971150462,1.306927054667007e-67,2.059562097268674e-15,0.0029657201721247687,1.7499999997097682,2.8463964948042833e-60,2.1094820050029878e-59,2.1094820064532853e-59,NaN,NaN,NaN,6000
transitorio,3//4,9//10,11520.0,4.0,1.0,0.19999999971150462,2.9263870341316758e-67,3.7317389923751004e-15,0.005931697831803687,6.999999998839073,1.349195373716196e-59,2.1094820050029878e-59,2.1094820064532853e-59,NaN,NaN,NaN,6000
transitorio,3//4,9//10,11520.0,16.0,1.0,0.19999999971150462,6.572577572585125e-67,2.8595911674177776e-15,0.011865456772088454,27.99999999535629,1.9992268477952926e-58,2.1094820050029878e-59,2.1094820064532853e-59,NaN,NaN,NaN,6000
transitorio,3//4,9//10,11520.0,60.0,1.0,0.19999999971150462,2.1473239620050852e-66,2.8721016155937243e-15,0.022992025195988298,104.99999998258609,1.2582405142061595e-54,2.1094820050029878e-59,2.1094820064532853e-59,NaN,NaN,NaN,6000
transitorio,3//4,9//10,19080.0,1.0,1.0,0.19999999971150462,8.716110650991083e-122,1.810984300704605e-15,0.002304436449152715,1.7499999997097682,1.0253148585106486e-102,3.7057781470393844e-97,3.7057781470393844e-97,NaN,NaN,NaN,6000
transitorio,3//4,9//10,19080.0,4.0,1.0,0.19999999971150462,1.7641129790732972e-121,3.452303101188378e-15,0.004608993689086461,6.999999998839073,5.030826443239208e-102,3.7057781470393844e-97,3.7057781470393844e-97,NaN,NaN,NaN,6000
transitorio,3//4,9//10,19080.0,16.0,1.0,0.19999999971150462,4.419139721225722e-121,2.539649025944184e-15,0.009218954046465633,27.99999999535629,1.0928494690919877e-100,3.7057781470393844e-97,3.7057781470393844e-97,NaN,NaN,NaN,6000
transitorio,3//4,9//10,19080.0,60.0,1.0,0.19999999971150462,1.3662670885480727e-120,2.785438607878569e-15,0.01785930062818897,104.99999998258609,3.648993628723975e-96,3.7057781470393844e-97,3.7057781470393844e-97,NaN,NaN,NaN,6000
regimen,3//4,1//1,600.0,1.0,1.0,0.33333333333333326,6.397294306082768e-8,3.1750552024498467e-19,0.01299855910461046,2.333333333333333,2.3757771159739206e-7,6.824666871500349e-7,7.640590776176527e-7,NaN,NaN,NaN,6000
regimen,3//4,1//1,600.0,4.0,1.0,0.33333333333333326,1.3794226798347666e-7,1.8561416383675804e-14,0.026018858012087843,9.333333333333332,1.1460801034075826e-6,6.824666871500349e-7,7.640590776176527e-7,0.0,0.0,0.0006146242834176386,6000
regimen,3//4,1//1,600.0,16.0,1.0,0.33333333333333326,3.291750910675556e-7,1.821159555199193e-14,0.052213625097301875,37.33333333333333,3.045696604743887e-5,6.824666871500349e-7,7.640590776176527e-7,0.0,0.0,0.0006146242834176386,6000
regimen,3//4,1//1,600.0,60.0,1.0,0.33333333333333326,1.2549102542287662e-6,6.31324961173002e-24,0.10241638234956672,139.99999999999997,0.07105417036039713,6.824666871500349e-7,7.640590776176527e-7,NaN,NaN,NaN,6000
regimen,3//4,1//1,3600.0,1.0,1.0,0.33333333333333326,2.6837974758332785e-36,4.009879843726909e-15,0.005305410409916187,2.333333333333333,2.7695643769930066e-34,8.19882291069398e-34,9.18001366884859e-34,NaN,NaN,NaN,6000
regimen,3//4,1//1,3600.0,4.0,1.0,0.33333333333333326,5.8807478182477086e-36,5.714857080705031e-15,0.010612295398388503,9.333333333333332,1.3479249333213702e-33,8.19882291069398e-34,9.18001366884859e-34,NaN,NaN,NaN,6000
regimen,3//4,1//1,3600.0,16.0,1.0,0.33333333333333326,1.42296722372213e-35,4.582557203093012e-15,0.02123640960707969,37.33333333333333,4.50969482415505e-32,8.19882291069398e-34,9.18001366884859e-34,NaN,NaN,NaN,6000
regimen,3//4,1//1,3600.0,60.0,1.0,0.33333333333333326,6.01382130183167e-35,4.697589742951489e-15,0.04120864328326592,139.99999999999997,5.957148110562445e-27,8.19882291069398e-34,9.18001366884859e-34,NaN,NaN,NaN,6000
regimen,3//4,1//1,7200.0,1.0,1.0,0.33333333333333326,5.966354637980755e-82,2.9749373220481893e-15,0.003751404825480089,2.333333333333333,2.1953447485983504e-67,8.151794661480445e-66,9.15247691494588e-66,NaN,NaN,NaN,6000
regimen,3//4,1//1,7200.0,4.0,1.0,0.33333333333333326,1.3636182715030731e-81,4.634867758840956e-15,0.0075033308302210186,9.333333333333332,1.1233365570955553e-66,8.151794661480445e-66,9.15247691494588e-66,NaN,NaN,NaN,6000
regimen,3//4,1//1,7200.0,16.0,1.0,0.33333333333333326,3.9116740190483207e-81,3.1793660980904976e-15,0.015010835008946658,37.33333333333333,5.625522113247332e-65,8.151794661480445e-66,9.15247691494588e-66,NaN,NaN,NaN,6000
regimen,3//4,1//1,7200.0,60.0,1.0,0.33333333333333326,1.8799535445411895e-80,3.510761628067386e-15,0.029098094008970656,139.99999999999997,3.5418748057458657e-59,8.151794661480445e-66,9.15247691494588e-66,NaN,NaN,NaN,6000
regimen,3//4,1//1,11520.0,1.0,1.0,0.33333333333333326,2.5079461794856e-146,2.6062699595703257e-15,0.0029657201721247687,2.333333333333333,1.4134609656242514e-116,3.851531826273716e-104,4.31252989132446e-104,NaN,NaN,NaN,6000
regimen,3//4,1//1,11520.0,4.0,1.0,0.33333333333333326,5.835962687409222e-146,4.2446812731186195e-15,0.005931697831803687,9.333333333333332,8.15804675496722e-116,3.851531826273716e-104,4.31252989132446e-104,NaN,NaN,NaN,6000
regimen,3//4,1//1,11520.0,16.0,1.0,0.33333333333333326,1.7675383932851663e-145,2.8525413429434224e-15,0.011865456772088454,37.33333333333333,9.588801408584224e-114,3.851531826273716e-104,4.31252989132446e-104,NaN,NaN,NaN,6000
regimen,3//4,1//1,11520.0,60.0,1.0,0.33333333333333326,1.0745509809110126e-144,2.966108297087341e-15,0.022992025195988298,139.99999999999997,1.973802134783342e-106,3.851531826273716e-104,4.31252989132446e-104,NaN,NaN,NaN,6000
regimen,3//4,1//1,19080.0,1.0,1.0,0.33333333333333326,2.936147595706113e-270,2.318960751748807e-15,0.002304436449152715,2.333333333333333,1.1412435866374772e-219,3.839271569167052e-171,4.298814439797059e-171,NaN,NaN,NaN,6000
regimen,3//4,1//1,19080.0,4.0,1.0,0.33333333333333326,5.212283370676086e-270,4.089529296963087e-15,0.004608993689086461,9.333333333333332,7.340045141993434e-219,3.839271569167052e-171,4.298814439797059e-171,NaN,NaN,NaN,6000
regimen,3//4,1//1,19080.0,16.0,1.0,0.33333333333333326,1.6498696381693918e-269,2.7331849750939694e-15,0.009218954046465633,37.33333333333333,1.836097646881805e-216,3.839271569167052e-171,4.298814439797059e-171,NaN,NaN,NaN,6000
regimen,3//4,1//1,19080.0,60.0,1.0,0.33333333333333326,1.3923714759041691e-268,2.722518016543669e-15,0.01785930062818897,139.99999999999997,7.7067682226814735e-208,3.839271569167052e-171,4.298814439797059e-171,NaN,NaN,NaN,6000
transitorio,3//4,1//1,600.0,1.0,1.0,0.24999999946339535,2.7248740220848813e-7,5.917600491620217e-19,0.01299855910461046,1.7499999994626583,7.860257310631404e-7,3.4763571573375335e-6,3.4763571824561783e-6,NaN,NaN,NaN,6000
transitorio,3//4,1//1,600.0,4.0,1.0,0.24999999946339535,6.061627804977102e-7,1.911210498270485e-14,0.026018858012087843,6.999999997850633,3.8666493828949845e-6,3.4763571573375335e-6,3.4763571824561783e-6,0.0,0.0,0.0006146242834176386,6000
transitorio,3//4,1//1,600.0,16.0,1.0,0.24999999946339535,1.4305389246758053e-6,1.7429751284409034e-14,0.052213625097301875,27.999999991402532,7.569305970141946e-5,3.4763571573375335e-6,3.4763571824561783e-6,0.0,0.0,0.0006146242834176386,6000
transitorio,3//4,1//1,600.0,60.0,1.0,0.24999999946339535,5.028530428227606e-6,1.64290986156672e-23,0.10241638234956672,104.99999996775949,0.08001229519839402,3.4763571573375335e-6,3.4763571824561783e-6,NaN,NaN,NaN,6000
transitorio,3//4,1//1,3600.0,1.0,1.0,0.24999999946339535,2.204125953634365e-31,3.1077096600632684e-15,0.005305410409916187,1.7499999994626583,1.3204699718159248e-30,6.0427913695421304e-30,6.0427913695421304e-30,NaN,NaN,NaN,6000
transitorio,3//4,1//1,3600.0,4.0,1.0,0.24999999946339535,4.927964291345443e-31,7.636062400311132e-15,0.010612295398388503,6.999999997850633,6.534273444292567e-30,6.0427913695421304e-30,6.0427913695421304e-30,NaN,NaN,NaN,6000
transitorio,3//4,1//1,3600.0,16.0,1.0,0.24999999946339535,1.1624465576264003e-30,4.385903762974544e-15,0.02123640960707969,27.999999991402532,1.5269888717692107e-28,6.0427913695421304e-30,6.0427913695421304e-30,NaN,NaN,NaN,6000
transitorio,3//4,1//1,3600.0,60.0,1.0,0.24999999946339535,4.148763185083237e-30,4.649376693439055e-15,0.04120864328326592,104.99999996775949,4.7839103947174974e-24,6.0427913695421304e-30,6.0427913695421304e-30,NaN,NaN,NaN,6000
transitorio,3//4,1//1,7200.0,1.0,1.0,0.24999999946339535,5.617373346866572e-66,2.3057046965248917e-15,0.003751404825480089,1.7499999994626583,6.756455857777608e-59,3.711121693391517e-58,3.7111216947491966e-58,NaN,NaN,NaN,6000
transitorio,3//4,1//1,7200.0,4.0,1.0,0.24999999946339535,1.2787887020128546e-65,6.671290205702023e-15,0.0075033308302210186,6.999999997850633,3.360869601229918e-58,3.711121693391517e-58,3.7111216947491966e-58,NaN,NaN,NaN,6000
transitorio,3//4,1//1,7200.0,16.0,1.0,0.24999999946339535,3.3116479868060187e-65,3.0429616314164054e-15,0.015010835008946658,27.999999991402532,8.349133759938655e-57,3.711121693391517e-58,3.7111216947491966e-58,NaN,NaN,NaN,6000
transitorio,3//4,1//1,7200.0,60.0,1.0,0.24999999946339535,1.2571035984955568e-64,3.474729248221175e-15,0.029098094008970656,104.99999996775949,4.139934355848553e-52,3.711121693391517e-58,3.7111216947491966e-58,NaN,NaN,NaN,6000
transitorio,3//4,1//1,11520.0,1.0,1.0,0.24999999946339535,2.3658266387151733e-114,2.020014382988466e-15,0.0029657201721247687,1.7499999994626583,2.1653329099796615e-96,6.203659692361573e-92,6.203659692361573e-92,NaN,NaN,NaN,6000
transitorio,3//4,1//1,11520.0,4.0,1.0,0.24999999946339535,5.435448133954175e-114,6.322730212344107e-15,0.005931697831803687,6.999999997850633,1.1301267527425456e-95,6.203659692361573e-92,6.203659692361573e-92,NaN,NaN,NaN,6000
transitorio,3//4,1//1,11520.0,16.0,1.0,0.24999999946339535,1.4597866948925692e-113,2.7301697662678253e-15,0.011865456772088454,27.999999991402532,4.4767430236487133e-94,6.203659692361573e-92,6.203659692361573e-92,NaN,NaN,NaN,6000
transitorio,3//4,1//1,11520.0,60.0,1.0,0.24999999946339535,6.371582970214863e-113,2.9356658372523693e-15,0.022992025195988298,104.99999996775949,1.4902346769301786e-88,6.203659692361573e-92,6.203659692361573e-92,NaN,NaN,NaN,6000
transitorio,3//4,1//1,19080.0,1.0,1.0,0.24999999946339535,2.17468852294619e-207,1.797370713533824e-15,0.002304436449152715,1.7499999994626583,7.453166080296759e-174,5.643103210369675e-151,5.643103210369675e-151,NaN,NaN,NaN,6000
transitorio,3//4,1//1,19080.0,4.0,1.0,0.24999999946339535,4.249573250246677e-207,6.184130385336537e-15,0.004608993689086461,6.999999997850633,4.128364911186936e-173,5.643103210369675e-151,5.643103210369675e-151,NaN,NaN,NaN,6000
transitorio,3//4,1//1,19080.0,16.0,1.0,0.24999999946339535,1.17341808175406e-206,2.6159381837850946e-15,0.009218954046465633,27.999999991402532,2.777596192429006e-171,5.643103210369675e-151,5.643103210369675e-151,NaN,NaN,NaN,6000
transitorio,3//4,1//1,19080.0,60.0,1.0,0.24999999946339535,6.220713122218087e-206,2.6945755724158476e-15,0.01785930062818897,104.99999996775949,8.421866930065278e-165,5.643103210369675e-151,5.643103210369675e-151,NaN,NaN,NaN,6000
regimen,9//10,1//2,600.0,1.0,1.0,0.0,0.012066924748030972,3.175055202389362e-19,0.01299855910461046,2.0,0.04604189919647006,0.9999999999999334,0.9999999999999334,NaN,NaN,NaN,6000
regimen,9//10,1//2,600.0,4.0,1.0,0.0,0.025600957433942768,1.6735746151751912e-14,0.026018858012087843,8.0,0.18264456752959024,0.9999999999999334,0.9999999999999334,0.025166666666666667,0.021352304226898662,0.02945164458465488,6000
regimen,9//10,1//2,600.0,16.0,1.0,0.0,0.0520065749819669,1.717681657204522e-14,0.052213625097301875,32.0,0.6443913847904572,0.9999999999999334,0.9999999999999334,0.05433333333333333,0.04873229654249964,0.060372451936849966,6000
regimen,9//10,1//2,600.0,60.0,1.0,0.0,0.10230567806991239,6.31324775104557e-24,0.10241638234956672,120.0,0.999465377473792,0.9999999999999334,0.9999999999999334,NaN,NaN,NaN,6000
regimen,9//10,1//2,3600.0,1.0,1.0,0.0,0.0049253539299575835,3.210343104236656e-15,0.005305410409916187,2.0,0.018804687018067867,0.999999999998044,0.999999999998044,NaN,NaN,NaN,6000
regimen,9//10,1//2,3600.0,4.0,1.0,0.0,0.010442170808485498,5.253989119269427e-15,0.010612295398388503,8.0,0.07511441095454213,0.999999999998044,0.999999999998044,NaN,NaN,NaN,6000
regimen,9//10,1//2,3600.0,16.0,1.0,0.0,0.021152834218966868,4.3221801125040144e-15,0.02123640960707969,32.0,0.2939196499738976,0.999999999998044,0.999999999998044,NaN,NaN,NaN,6000
regimen,9//10,1//2,3600.0,60.0,1.0,0.0,0.041165407996738165,4.540477345230004e-15,0.04120864328326592,120.0,0.8426983905318357,0.999999999998044,0.999999999998044,NaN,NaN,NaN,6000
regimen,9//10,1//2,7200.0,1.0,1.0,0.0,0.0034826842025882762,2.381775867326026e-15,0.003751404825480089,2.0,0.013297498850416811,0.999999999996485,0.999999999996485,NaN,NaN,NaN,6000
regimen,9//10,1//2,7200.0,4.0,1.0,0.0,0.007383068545319793,4.288736501905082e-15,0.0075033308302210186,8.0,0.05315308149281833,0.999999999996485,0.999999999996485,NaN,NaN,NaN,6000
regimen,9//10,1//2,7200.0,16.0,1.0,0.0,0.014951804389693115,2.998718318919258e-15,0.015010835008946658,32.0,0.21027473097828092,0.999999999996485,0.999999999996485,NaN,NaN,NaN,6000
regimen,9//10,1//2,7200.0,60.0,1.0,0.0,0.0290676509048839,3.393343077886139e-15,0.029098094008970656,120.0,0.6826894921005973,0.999999999996485,0.999999999996485,NaN,NaN,NaN,6000
regimen,9//10,1//2,11520.0,1.0,1.0,0.0,0.0027532837626194242,2.086623536187931e-15,0.0029657201721247687,2.0,0.010512766993610534,1.0000000000067204,1.0000000000067204,NaN,NaN,NaN,6000
regimen,9//10,1//2,11520.0,4.0,1.0,0.0,0.005836632211456367,3.940002936693885e-15,0.005931697831803687,8.0,0.04203282392859464,1.0000000000067204,1.0000000000067204,NaN,NaN,NaN,6000
regimen,9//10,1//2,11520.0,16.0,1.0,0.0,0.011818808522333102,2.690463744689989e-15,0.011865456772088454,32.0,0.16697139057438043,1.0000000000067204,1.0000000000067204,NaN,NaN,NaN,6000
regimen,9//10,1//2,11520.0,60.0,1.0,0.0,0.022967995680760606,2.866905852516566e-15,0.022992025195988298,120.0,0.5708050125261617,1.0000000000067204,1.0000000000067204,NaN,NaN,NaN,6000
regimen,9//10,1//2,19080.0,1.0,1.0,0.0,0.002139370289439957,1.8566059347490392e-15,0.002304436449152715,2.0,0.008168809365062535,1.000000000013198,1.000000000013198,NaN,NaN,NaN,6000
regimen,9//10,1//2,19080.0,4.0,1.0,0.0,0.004535130137388061,3.8013341109550445e-15,0.004608993689086461,8.0,0.03266667683101476,1.000000000013198,1.000000000013198,NaN,NaN,NaN,6000
regimen,9//10,1//2,19080.0,16.0,1.0,0.0,0.009182717040565861,2.5778892050519835e-15,0.009218954046465633,32.0,0.13012101690202305,1.000000000013198,1.000000000013198,NaN,NaN,NaN,6000
regimen,9//10,1//2,19080.0,60.0,1.0,0.0,0.017840648362558935,2.6314625271527757e-15,0.01785930062818897,120.0,0.46097994712853785,1.000000000013198,1.000000000013198,NaN,NaN,NaN,6000
transitorio,9//10,1//2,600.0,1.0,1.0,0.0,0.012010086535686651,1.1935996866722154e-19,0.01299855910461046,1.8999999996946129,0.0354404724445313,1.0000000000002447,1.0000000000002447,NaN,NaN,NaN,6000
transitorio,9//10,1//2,600.0,4.0,1.0,0.0,0.02557832188562584,3.7707465702406043e-16,0.026018858012087843,7.5999999987784514,0.17581294183262697,1.0000000000002447,1.0000000000002447,0.025833333333333333,0.021967855837531122,0.030168608313216848,6000
transitorio,9//10,1//2,600.0,16.0,1.0,0.0,0.05199560734755689,1.769681563444902e-14,0.052213625097301875,30.399999995113806,0.63370609124149,1.0000000000002447,1.0000000000002447,0.05466666666666667,0.049048915376000826,0.060722148688850924,6000
transitorio,9//10,1//2,600.0,60.0,1.0,0.0,0.10229984150141297,6.271210774364696e-24,0.10241638234956672,113.99999998167677,0.9992225045730375,1.0000000000002447,1.0000000000002447,NaN,NaN,NaN,6000
transitorio,9//10,1//2,3600.0,1.0,1.0,0.0,0.004902168021836103,3.2051651530189175e-15,0.005305410409916187,1.8999999996946129,0.01447071670022082,0.9999999999993284,0.9999999999993284,NaN,NaN,NaN,6000
transitorio,9//10,1//2,3600.0,4.0,1.0,0.0,0.010432956446021288,4.35525987504373e-15,0.010612295398388503,7.5999999987784514,0.07225849012476915,0.9999999999993284,0.9999999999993284,NaN,NaN,NaN,6000
transitorio,9//10,1//2,3600.0,16.0,1.0,0.0,0.021148407362571685,4.226300837175096e-15,0.02123640960707969,30.399999995113806,0.28771756111074454,0.9999999999993284,0.9999999999993284,NaN,NaN,NaN,6000
transitorio,9//10,1//2,3600.0,60.0,1.0,0.0,0.04116312865688543,4.629134461903511e-15,0.04120864328326592,113.99999998167677,0.8300538732397937,0.9999999999993284,0.9999999999993284,NaN,NaN,NaN,6000
transitorio,9//10,1//2,7200.0,1.0,1.0,0.0,0.0034662905745628777,2.3526491785282717e-15,0.003751404825480089,1.8999999996946129,0.010232497749865677,0.9999999999992306,0.9999999999992306,NaN,NaN,NaN,6000
transitorio,9//10,1//2,7200.0,4.0,1.0,0.0,0.00737655487639797,3.313325970801621e-15,0.0075033308302210186,7.5999999987784514,0.05112884844227422,0.9999999999992306,0.9999999999992306,NaN,NaN,NaN,6000
transitorio,9//10,1//2,7200.0,16.0,1.0,0.0,0.014948677645313956,3.2026863521848448e-15,0.015010835008946658,30.399999995113806,0.20573214061388095,0.9999999999992306,0.9999999999992306,NaN,NaN,NaN,6000
transitorio,9//10,1//2,7200.0,60.0,1.0,0.0,0.029066045969160126,3.4090621895784464e-15,0.029098094008970656,113.99999998167677,0.6681596098387267,0.9999999999992306,0.9999999999992306,NaN,NaN,NaN,6000
transitorio,9//10,1//2,11520.0,1.0,1.0,0.0,0.0027403238425219947,2.125657701519974e-15,0.0029657201721247687,1.8999999996946129,0.008089545960910605,0.9999999999961195,0.9999999999961195,NaN,NaN,NaN,6000
transitorio,9//10,1//2,11520.0,4.0,1.0,0.0,0.005831483257886305,3.0336751760089997e-15,0.005931697831803687,7.5999999987784514,0.04043110427464219,0.9999999999961195,0.9999999999961195,NaN,NaN,NaN,6000
transitorio,9//10,1//2,11520.0,16.0,1.0,0.0,0.011816337653786204,2.740811627837981e-15,0.011865456772088454,30.399999995113806,0.16333246085855135,0.9999999999961195,0.9999999999961195,NaN,NaN,NaN,6000
transitorio,9//10,1//2,11520.0,60.0,1.0,0.0,0.022966728866021097,2.964006787914586e-15,0.022992025195988298,113.99999998167677,0.5570237853748802,0.9999999999961195,0.9999999999961195,NaN,NaN,NaN,6000
transitorio,9//10,1//2,19080.0,1.0,1.0,0.0,0.0021293002551928063,1.8719528481356798e-15,0.002304436449152715,1.8999999996946129,0.006285833006271446,0.9999999999749594,0.9999999999749594,NaN,NaN,NaN,6000
transitorio,9//10,1//2,19080.0,4.0,1.0,0.0,0.004531129536890821,2.7174863549278466e-15,0.004608993689086461,7.5999999987784514,0.03142136404096746,0.9999999999749594,0.9999999999749594,NaN,NaN,NaN,6000
transitorio,9//10,1//2,19080.0,16.0,1.0,0.0,0.009180797637860871,2.5782328575068193e-15,0.009218954046465633,30.399999995113806,0.12726872021935354,0.9999999999749594,0.9999999999749594,NaN,NaN,NaN,6000
transitorio,9//10,1//2,19080.0,60.0,1.0,0.0,0.017839665033389754,2.6554246094575595e-15,0.01785930062818897,113.99999998167677,0.44890310423833846,0.9999999999749594,0.9999999999749594,NaN,NaN,NaN,6000
regimen,9//10,11//20,600.0,1.0,1.0,0.010582010582010692,0.011874087342992357,3.1750552024501765e-19,0.01299855910461046,2.0105820105820107,0.045254421455636185,0.8508632128528778,0.8553345769114947,NaN,NaN,NaN,6000
regimen,9//10,11//20,600.0,4.0,1.0,0.010582010582010692,0.02520204249689927,1.9301573659792692e-14,0.026018858012087843,8.042328042328043,0.17957197312242806,0.8508632128528778,0.8553345769114947,0.027833333333333335,0.02381864055308587,0.03231540652552424,6000
regimen,9//10,11//20,600.0,16.0,1.0,0.010582010582010692,0.05124902249287442,1.848567509271997e-14,0.052213625097301875,32.16931216931217,0.6361331905521819,0.8508632128528778,0.8553345769114947,0.05466666666666667,0.049048915376000826,0.060722148688850924,6000
regimen,9//10,11//20,600.0,60.0,1.0,0.010582010582010692,0.10089252383580016,6.313249785585163e-24,0.10241638234956672,120.63492063492065,0.9993433137381383,0.8508632128528778,0.8553345769114947,NaN,NaN,NaN,6000
regimen,9//10,11//20,3600.0,1.0,1.0,0.010582010582010692,0.004468019987706532,4.0142427133659786e-15,0.005305410409916187,2.0105820105820107,0.017021542263233713,0.6517588537626307,0.6551706765359124,NaN,NaN,NaN,6000
regimen,9//10,11//20,3600.0,4.0,1.0,0.010582010582010692,0.009475955707240998,5.901700667800305e-15,0.010612295398388503,8.042328042328043,0.06801051786000539,0.6517588537626307,0.6551706765359124,NaN,NaN,NaN,6000
regimen,9//10,11//20,3600.0,16.0,1.0,0.010582010582010692,0.019194061040121158,4.651522687305311e-15,0.02123640960707969,32.16931216931217,0.26727846953446144,0.6517588537626307,0.6551706765359124,NaN,NaN,NaN,6000
regimen,9//10,11//20,3600.0,60.0,1.0,0.010582010582010692,0.03733609809309107,4.712269716387867e-15,0.04120864328326592,120.63492063492065,0.8020183905820804,0.6517588537626307,0.6551706765359124,NaN,NaN,NaN,6000
regimen,9//10,11//20,7200.0,1.0,1.0,0.010582010582010692,0.002859185773492617,2.9781740539881416e-15,0.003751404825480089,2.0105820105820107,0.01089379022335224,0.5249156635305668,0.5276637179391513,NaN,NaN,NaN,6000
regimen,9//10,11//20,7200.0,4.0,1.0,0.010582010582010692,0.006063431232450011,4.775195165090331e-15,0.0075033308302210186,8.042328042328043,0.04355697120412774,0.5249156635305668,0.5276637179391513,NaN,NaN,NaN,6000
regimen,9//10,11//20,7200.0,16.0,1.0,0.010582010582010692,0.012278809216319513,3.2272138620171894e-15,0.015010835008946658,32.16931216931217,0.17306901139592545,0.5249156635305668,0.5276637179391513,NaN,NaN,NaN,6000
regimen,9//10,11//20,7200.0,60.0,1.0,0.010582010582010692,0.023861851508781482,3.5217327622528262e-15,0.029098094008970656,120.63492063492065,0.592351570121862,0.5249156635305668,0.5276637179391513,NaN,NaN,NaN,6000
regimen,9//10,11//20,11520.0,1.0,1.0,0.010582010582010692,0.0020054246741085598,2.6091055385895857e-15,0.0029657201721247687,2.0105820105820107,0.0076410379241475535,0.4221448183873304,0.4243548755572885,NaN,NaN,NaN,6000
regimen,9//10,11//20,11520.0,4.0,1.0,0.010582010582010692,0.004252764124202276,4.3682029714169564e-15,0.005931697831803687,8.042328042328043,0.030559349893501536,0.4221448183873304,0.4243548755572885,NaN,NaN,NaN,6000
regimen,9//10,11//20,11520.0,16.0,1.0,0.010582010582010692,0.008611213609850777,2.895470465541073e-15,0.011865456772088454,32.16931216931217,0.12192930899085591,0.4221448183873304,0.4243548755572885,NaN,NaN,NaN,6000
regimen,9//10,11//20,11520.0,60.0,1.0,0.010582010582010692,0.01672806392415325,2.9753773889746926e-15,0.022992025195988298,120.63492063492065,0.4407141662529653,0.4221448183873304,0.4243548755572885,NaN,NaN,NaN,6000
regimen,9//10,11//20,19080.0,1.0,1.0,0.010582010582010692,0.001263841258381534,2.3214837049715092e-15,0.002304436449152715,2.0105820105820107,0.004815537532873726,0.3023042661568937,0.3038869269488618,NaN,NaN,NaN,6000
regimen,9//10,11//20,19080.0,4.0,1.0,0.010582010582010692,0.0026800934358345695,4.206368450133115e-15,0.004608993689086461,8.042328042328043,0.01926243657787921,0.3023042661568937,0.3038869269488618,NaN,NaN,NaN,6000
regimen,9//10,11//20,19080.0,16.0,1.0,0.010582010582010692,0.0054264129632928745,2.774317810370837e-15,0.009218954046465633,32.16931216931217,0.07706712341219342,0.3023042661568937,0.3038869269488618,NaN,NaN,NaN,6000
regimen,9//10,11//20,19080.0,60.0,1.0,0.010582010582010692,0.01053861211734888,2.731025888518637e-15,0.01785930062818897,120.63492063492065,0.28925425860574117,0.3023042661568937,0.3038869269488618,NaN,NaN,NaN,6000
transitorio,9//10,11//20,600.0,1.0,1.0,0.00999999996019807,0.011853326800362675,1.3125642097261997e-14,0.01299855910461046,1.899999999692164,0.034885840437086535,0.8589697461259331,0.8589697461259532,NaN,NaN,NaN,6000
transitorio,9//10,11//20,600.0,4.0,1.0,0.00999999996019807,0.025245923787667643,1.5295283503760448e-14,0.026018858012087843,7.599999998768656,0.1731043679083734,0.8589697461259331,0.8589697461259532,0.024666666666666667,0.020891119801176916,0.028913446965725363,6000
transitorio,9//10,11//20,600.0,16.0,1.0,0.00999999996019807,0.05133169197594122,5.114104448717526e-20,0.052213625097301875,30.399999995074623,0.6261838729219299,0.8589697461259331,0.8589697461259532,0.04633333333333333,0.04115288510163298,0.05196037626565288,6000
transitorio,9//10,11//20,600.0,60.0,1.0,0.00999999996019807,0.10108015814187098,3.860303377668653e-24,0.10241638234956672,113.99999998152984,0.9990698073587648,0.8589697461259331,0.8589697461259532,NaN,NaN,NaN,6000
transitorio,9//10,11//20,3600.0,1.0,1.0,0.00999999996019807,0.004470900317831813,2.910123704402612e-15,0.005305410409916187,1.899999999692164,0.013162945597655018,0.6633597078567752,0.6633597078567798,NaN,NaN,NaN,6000
transitorio,9//10,11//20,3600.0,4.0,1.0,0.00999999996019807,0.009515632840830176,4.458903329300399e-15,0.010612295398388503,7.599999998768656,0.06574459706275598,0.6633597078567752,0.6633597078567798,NaN,NaN,NaN,6000
transitorio,9//10,11//20,3600.0,16.0,1.0,0.00999999996019807,0.019293045093041097,4.301807374059818e-15,0.02123640960707969,30.399999995074623,0.2628178910452852,0.6633597078567752,0.6633597078567798,NaN,NaN,NaN,6000
transitorio,9//10,11//20,3600.0,60.0,1.0,0.00999999996019807,0.03758135789264492,4.5543491202653425e-15,0.04120864328326592,113.99999998152984,0.7903161523698293,0.6633597078567752,0.6633597078567798,NaN,NaN,NaN,6000
transitorio,9//10,11//20,7200.0,1.0,1.0,0.00999999996019807,0.0028755950015752207,2.290548587406187e-15,0.003751404825480089,1.899999999692164,0.008466437967864837,0.5381694338258414,0.5381694338258448,NaN,NaN,NaN,6000
transitorio,9//10,11//20,7200.0,4.0,1.0,0.00999999996019807,0.006119834240860645,3.235807525334704e-15,0.0075033308302210186,7.599999998768656,0.042314897082986386,0.5381694338258414,0.5381694338258448,NaN,NaN,NaN,6000
transitorio,9//10,11//20,7200.0,16.0,1.0,0.00999999996019807,0.012404550063690846,3.1366033283285413e-15,0.015010835008946658,30.399999995074623,0.17094778592830473,0.5381694338258414,0.5381694338258448,NaN,NaN,NaN,6000
transitorio,9//10,11//20,7200.0,60.0,1.0,0.00999999996019807,0.024138057455782062,3.247224911329409e-15,0.029098094008970656,113.99999998152984,0.5822723590667219,0.5381694338258414,0.5381694338258448,NaN,NaN,NaN,6000
transitorio,9//10,11//20,11520.0,1.0,1.0,0.00999999996019807,0.0020290458028402957,2.0852597901793033e-15,0.0029657201721247687,1.899999999692164,0.005974072006503461,0.4361793956592787,0.4361793956592817,NaN,NaN,NaN,6000
transitorio,9//10,11//20,11520.0,4.0,1.0,0.00999999996019807,0.004318095691581171,2.9844897825125777e-15,0.005931697831803687,7.599999998768656,0.029865523937550736,0.4361793956592787,0.4361793956592817,NaN,NaN,NaN,6000
transitorio,9//10,11//20,11520.0,16.0,1.0,0.00999999996019807,0.008751611457501649,2.8521377541369734e-15,0.011865456772088454,30.399999995074623,0.12113436983402687,0.4361793956592787,0.4361793956592817,NaN,NaN,NaN,6000
transitorio,9//10,11//20,11520.0,60.0,1.0,0.00999999996019807,0.017023205390410606,2.8644261993572517e-15,0.022992025195988298,113.99999998152984,0.4343476638450066,0.4361793956592787,0.4361793956592817,NaN,NaN,NaN,6000
transitorio,9//10,11//20,19080.0,1.0,1.0,0.00999999996019807,0.0012921844444468665,1.87523766768183e-15,0.002304436449152715,1.899999999692164,0.003804580724444062,0.3162938190267075,0.3162938190267102,NaN,NaN,NaN,6000
transitorio,9//10,11//20,19080.0,4.0,1.0,0.00999999996019807,0.0027499025822843885,2.7239891312701856e-15,0.004608993689086461,7.599999998768656,0.01902292270676864,0.3162938190267075,0.3162938190267102,NaN,NaN,NaN,6000
transitorio,9//10,11//20,19080.0,16.0,1.0,0.00999999996019807,0.005572922277960641,2.576842089650486e-15,0.009218954046465633,30.399999995074623,0.07736034351735871,0.3162938190267075,0.3162938190267102,NaN,NaN,NaN,6000
transitorio,9//10,11//20,19080.0,60.0,1.0,0.00999999996019807,0.010837413132844803,2.635061535765785e-15,0.01785930062818897,113.99999998152984,0.2873801956572475,0.3162938190267075,0.3162938190267102,NaN,NaN,NaN,6000
regimen,9//10,3//5,600.0,1.0,1.0,0.02127659574468077,0.011337663377566183,3.1750552024501765e-19,0.01299855910461046,2.0212765957446805,0.04310155502754931,0.7080202330982583,0.715388551435498,NaN,NaN,NaN,6000
regimen,9//10,3//5,600.0,4.0,1.0,0.02127659574468077,0.024065727610055848,1.9301573659792692e-14,0.026018858012087843,8.085106382978722,0.1711671183978169,0.7080202330982583,0.715388551435498,0.021333333333333333,0.017828067229198642,0.025314066819273534,6000
regimen,9//10,3//5,600.0,16.0,1.0,0.02127659574468077,0.04887749917855203,1.848567509271997e-14,0.052213625097301875,32.34042553191489,0.6133379682042653,0.7080202330982583,0.715388551435498,0.049,0.04367498590019152,0.0547687508732948,6000
regimen,9//10,3//5,600.0,60.0,1.0,0.02127659574468077,0.09622091934039155,6.313249774386991e-24,0.10241638234956672,121.27659574468083,0.9989618617232148,0.7080202330982583,0.715388551435498,NaN,NaN,NaN,6000
regimen,9//10,3//5,3600.0,1.0,1.0,0.02127659574468077,0.003319916292652216,4.0142427133659786e-15,0.005305410409916187,2.0212765957446805,0.012622704489650832,0.36793033713339895,0.37176174208675816,NaN,NaN,NaN,6000
regimen,9//10,3//5,3600.0,4.0,1.0,0.02127659574468077,0.007043118710077592,5.901700667800305e-15,0.010612295398388503,8.085106382978722,0.05047655567485759,0.36793033713339895,0.37176174208675816,NaN,NaN,NaN,6000
regimen,9//10,3//5,3600.0,16.0,1.0,0.02127659574468077,0.014263028810199944,4.651522687305311e-15,0.02123640960707969,32.34042553191489,0.2009582997362157,0.36793033713339895,0.37176174208675816,NaN,NaN,NaN,6000
regimen,9//10,3//5,3600.0,60.0,1.0,0.02127659574468077,0.027773167506071634,4.7113241655855015e-15,0.04120864328326592,121.27659574468083,0.6883607929930701,0.36793033713339895,0.37176174208675816,NaN,NaN,NaN,6000
regimen,9//10,3//5,7200.0,1.0,1.0,0.02127659574468077,0.0015753105965521522,2.9781740539881416e-15,0.003751404825480089,2.0212765957446805,0.005989889245048313,0.20440720277692384,0.2065358510628393,NaN,NaN,NaN,6000
regimen,9//10,3//5,7200.0,4.0,1.0,0.02127659574468077,0.0033417443192687284,4.775195165090331e-15,0.0075033308302210186,8.085106382978722,0.023969441546126347,0.20440720277692384,0.2065358510628393,NaN,NaN,NaN,6000
regimen,9//10,3//5,7200.0,16.0,1.0,0.02127659574468077,0.006765470224060925,3.2272138620171894e-15,0.015010835008946658,32.34042553191489,0.09649534705210287,0.20440720277692384,0.2065358510628393,NaN,NaN,NaN,6000
regimen,9//10,3//5,7200.0,60.0,1.0,0.02127659574468077,0.013160189821131159,3.5210261012512334e-15,0.029098094008970656,121.27659574468083,0.38445433121270345,0.20440720277692384,0.2065358510628393,NaN,NaN,NaN,6000
regimen,9//10,3//5,11520.0,1.0,1.0,0.02127659574468077,0.0007716495661767891,2.6091055385895857e-15,0.0029657201721247687,2.0212765957446805,0.0029341543607961026,0.10895900747728465,0.1100936997366261,NaN,NaN,NaN,6000
regimen,9//10,3//5,11520.0,4.0,1.0,0.02127659574468077,0.0016368752249644016,4.3682029714169564e-15,0.005931697831803687,8.085106382978722,0.01174452101821024,0.10895900747728465,0.1100936997366261,NaN,NaN,NaN,6000
regimen,9//10,3//5,11520.0,16.0,1.0,0.02127659574468077,0.003313558672887343,2.895470465541073e-15,0.011865456772088454,32.34042553191489,0.04747974225089283,0.10895900747728465,0.1100936997366261,NaN,NaN,NaN,6000
regimen,9//10,3//5,11520.0,60.0,1.0,0.02127659574468077,0.0064430452128181465,2.9747803581074857e-15,0.022992025195988298,121.27659574468083,0.20134401851451977,0.10895900747728465,0.1100936997366261,NaN,NaN,NaN,6000
regimen,9//10,3//5,19080.0,1.0,1.0,0.02127659574468077,0.0002594543745532581,2.3214837049715092e-15,0.002304436449152715,2.0212765957446805,0.0009865761290473035,0.03934766000754014,0.0397574294042386,NaN,NaN,NaN,6000
regimen,9//10,3//5,19080.0,4.0,1.0,0.02127659574468077,0.0005503624820670289,4.206368450133115e-15,0.004608993689086461,8.085106382978722,0.003949642082657641,0.03934766000754014,0.0397574294042386,NaN,NaN,NaN,6000
regimen,9//10,3//5,19080.0,16.0,1.0,0.02127659574468077,0.0011140322517818166,2.774317810370837e-15,0.009218954046465633,32.34042553191489,0.016011774029521003,0.03934766000754014,0.0397574294042386,NaN,NaN,NaN,6000
regimen,9//10,3//5,19080.0,60.0,1.0,0.02127659574468077,0.0021656278732602318,2.730477888537082e-15,0.01785930062818897,121.27659574468083,0.07088229183917179,0.03934766000754014,0.0397574294042386,NaN,NaN,NaN,6000
transitorio,9//10,3//5,600.0,1.0,1.0,0.019999999919825706,0.011335343817605967,1.21645112547821e-19,0.01299855910461046,1.8999999996847858,0.03327343850716147,0.7223084736359617,0.7223084736359847,NaN,NaN,NaN,6000
transitorio,9//10,3//5,600.0,4.0,1.0,0.019999999919825706,0.024146666916840503,3.899468283337996e-16,0.026018858012087843,7.599999998739143,0.1652262207792603,0.7223084736359617,0.7223084736359847,0.0215,0.017980706262254627,0.0254945440500327,6000
transitorio,9//10,3//5,600.0,16.0,1.0,0.019999999919825706,0.04912867352172143,1.6616973835031374e-14,0.052213625097301875,30.399999994956573,0.6041291314561317,0.7223084736359617,0.7223084736359847,0.04716666666666667,0.04194053908327362,0.052838493397663944,6000
transitorio,9//10,3//5,600.0,60.0,1.0,0.019999999919825706,0.0969773573528669,6.264531201896202e-24,0.10241638234956672,113.99999998108714,0.9985719027868439,0.7223084736359617,0.7223084736359847,NaN,NaN,NaN,6000
transitorio,9//10,3//5,3600.0,1.0,1.0,0.019999999919825706,0.0033738514815327544,2.9651399363817927e-15,0.005305410409916187,1.8999999996847858,0.009906923368962012,0.3839902695832075,0.38399026958321186,NaN,NaN,NaN,6000
transitorio,9//10,3//5,3600.0,4.0,1.0,0.019999999919825706,0.007181885655443202,4.085054256388168e-15,0.010612295398388503,7.599999998739143,0.049518805532666715,0.3839902695832075,0.38399026958321186,NaN,NaN,NaN,6000
transitorio,9//10,3//5,3600.0,16.0,1.0,0.019999999919825706,0.01457060464890836,4.37699787443781e-15,0.02123640960707969,30.399999994956573,0.20030853964299022,0.3839902695832075,0.38399026958321186,NaN,NaN,NaN,6000
transitorio,9//10,3//5,3600.0,60.0,1.0,0.019999999919825706,0.028448756790595345,4.5123668922264835e-15,0.04120864328326592,113.99999998108714,0.6796528574073138,0.3839902695832075,0.38399026958321186,NaN,NaN,NaN,6000
transitorio,9//10,3//5,7200.0,1.0,1.0,0.019999999919825706,0.001633139522250084,2.229460414485523e-15,0.003751404825480089,1.8999999996847858,0.004795690110934267,0.21825561710131758,0.2182556171013209,NaN,NaN,NaN,6000
transitorio,9//10,3//5,7200.0,4.0,1.0,0.019999999919825706,0.003476201160289433,3.1989565243202532e-15,0.0075033308302210186,7.599999998739143,0.023986574880030143,0.21825561710131758,0.2182556171013209,NaN,NaN,NaN,6000
transitorio,9//10,3//5,7200.0,16.0,1.0,0.019999999919825706,0.007050525761102242,3.036530247501466e-15,0.015010835008946658,30.399999994956573,0.09806690484392445,0.21825561710131758,0.2182556171013209,NaN,NaN,NaN,6000
transitorio,9//10,3//5,7200.0,60.0,1.0,0.019999999919825706,0.013751593679756967,3.360854603113967e-15,0.029098094008970656,113.99999998108714,0.38329361524118793,0.21825561710131758,0.2182556171013209,NaN,NaN,NaN,6000
transitorio,9//10,3//5,11520.0,1.0,1.0,0.019999999919825706,0.0008193415708839325,2.0450146701815067e-15,0.0029657201721247687,1.8999999996847858,0.0024060155539956662,0.11939018356835761,0.1193901835683606,NaN,NaN,NaN,6000
transitorio,9//10,3//5,11520.0,4.0,1.0,0.019999999919825706,0.0017439539479332836,2.9753906373818987e-15,0.005931697831803687,7.599999998739143,0.012037124597305562,0.11939018356835761,0.1193901835683606,NaN,NaN,NaN,6000
transitorio,9//10,3//5,11520.0,16.0,1.0,0.019999999919825706,0.00353676129020712,2.822960701683441e-15,0.011865456772088454,30.399999994956573,0.04941089504962849,0.11939018356835761,0.1193901835683606,NaN,NaN,NaN,6000
transitorio,9//10,3//5,11520.0,60.0,1.0,0.019999999919825706,0.0068955335184630725,2.946234269987442e-15,0.022992025195988298,113.99999998108714,0.20467069883210284,0.11939018356835761,0.1193901835683606,NaN,NaN,NaN,6000
transitorio,9//10,3//5,19080.0,1.0,1.0,0.019999999919825706,0.00028726546911071195,1.903910662337867e-15,0.002304436449152715,1.8999999996847858,0.0008435689276589456,0.04504575545432967,0.04504575545433245,NaN,NaN,NaN,6000
transitorio,9//10,3//5,19080.0,4.0,1.0,0.019999999919825706,0.0006114286641621104,2.7682787598077466e-15,0.004608993689086461,7.599999998739143,0.004221003404839465,0.04504575545432967,0.04504575545433245,NaN,NaN,NaN,6000
transitorio,9//10,3//5,19080.0,16.0,1.0,0.019999999919825706,0.0012398988589517308,2.6097952963897997e-15,0.009218954046465633,30.399999994956573,0.017372884308198333,0.04504575545432967,0.04504575545433245,NaN,NaN,NaN,6000
transitorio,9//10,3//5,19080.0,60.0,1.0,0.019999999919825706,0.0024167781644693813,2.6501838418537585e-15,0.01785930062818897,113.99999998108714,0.07489396631485223,0.04504575545432967,0.04504575545433245,NaN,NaN,NaN,6000
regimen,9//10,3//4,600.0,1.0,1.0,0.054054054054053946,0.008053423644449848,3.1750552024501765e-19,0.01299855910461046,2.054054054054054,0.030430890453675613,0.3529690128377844,0.362006876188838,NaN,NaN,NaN,6000
regimen,9//10,3//4,600.0,4.0,1.0,0.054054054054053946,0.017107471592682503,1.9301573659792692e-14,0.026018858012087843,8.216216216216216,0.12154531411613836,0.3529690128377844,0.362006876188838,0.018,0.014788525442886561,0.021691437134507968,6000
regimen,9//10,3//4,600.0,16.0,1.0,0.054054054054053946,0.034682261900691284,1.8485675092692792e-14,0.052213625097301875,32.86486486486486,0.4719148414979035,0.3529690128377844,0.362006876188838,0.033666666666666664,0.029247388028933778,0.03854652441939996,6000
regimen,9//10,3//4,600.0,60.0,1.0,0.054054054054053946,0.06954812294177343,6.3132497833925295e-24,0.10241638234956672,123.24324324324324,0.9946017513586906,0.3529690128377844,0.362006876188838,NaN,NaN,NaN,6000
regimen,9//10,3//4,3600.0,1.0,1.0,0.054054054054053946,0.000411697416622483,4.0142427133659786e-15,0.005305410409916187,2.054054054054054,0.0015566157461306459,0.02491790937499085,0.02555610560542312,NaN,NaN,NaN,6000
regimen,9//10,3//4,3600.0,4.0,1.0,0.054054054054053946,0.0008739189358460069,5.901700667800305e-15,0.010612295398388503,8.216216216216216,0.006260905791187677,0.02491790937499085,0.02555610560542312,NaN,NaN,NaN,6000
regimen,9//10,3//4,3600.0,16.0,1.0,0.054054054054053946,0.0017666642896209412,4.651522687298472e-15,0.02123640960707969,32.86486486486486,0.027239282109373583,0.02491790937499085,0.02555610560542312,NaN,NaN,NaN,6000
regimen,9//10,3//4,3600.0,60.0,1.0,0.054054054054053946,0.0035035631410344475,4.712084574895364e-15,0.04120864328326592,123.24324324324324,0.20646719077913359,0.02491790937499085,0.02555610560542312,NaN,NaN,NaN,6000
regimen,9//10,3//4,7200.0,1.0,1.0,0.054054054054053946,2.4065001292816224e-5,2.9781740539881416e-15,0.003751404825480089,2.054054054054054,9.099482465597139e-5,0.0015499763190073555,0.0015896758728721964,NaN,NaN,NaN,6000
regimen,9//10,3//4,7200.0,4.0,1.0,0.054054054054053946,5.107962213058383e-5,4.775195165090331e-15,0.0075033308302210186,8.216216216216216,0.00036624913317162035,0.0015499763190073555,0.0015896758728721964,NaN,NaN,NaN,6000
regimen,9//10,3//4,7200.0,16.0,1.0,0.054054054054053946,0.00010323062302841902,3.227213862012445e-15,0.015010835008946658,32.86486486486486,0.0016126983858188067,0.0015499763190073555,0.0015896758728721964,NaN,NaN,NaN,6000
regimen,9//10,3//4,7200.0,60.0,1.0,0.054054054054053946,0.00020450495392432163,3.521594396051664e-15,0.029098094008970656,123.24324324324324,0.015470092520874218,0.0015499763190073555,0.0015896758728721964,NaN,NaN,NaN,6000
regimen,9//10,3//4,11520.0,1.0,1.0,0.054054054054053946,9.552616675014e-7,2.6091055385895857e-15,0.0029657201721247687,2.054054054054054,3.61213086159358e-6,6.32562757781846e-5,6.487648771064377e-5,NaN,NaN,NaN,6000
regimen,9//10,3//4,11520.0,4.0,1.0,0.054054054054053946,2.027554017983263e-6,4.3682029714169564e-15,0.005931697831803687,8.216216216216216,1.4542447152648422e-5,6.32562757781846e-5,6.487648771064377e-5,NaN,NaN,NaN,6000
regimen,9//10,3//4,11520.0,16.0,1.0,0.054054054054053946,4.097204279461162e-6,2.8954704655368163e-15,0.011865456772088454,32.86486486486486,6.432561948589443e-5,6.32562757781846e-5,6.487648771064377e-5,NaN,NaN,NaN,6000
regimen,9//10,3//4,11520.0,60.0,1.0,0.054054054054053946,8.113553304741158e-6,2.9752604886605592e-15,0.022992025195988298,123.24324324324324,0.0006780996207265273,6.32562757781846e-5,6.487648771064377e-5,NaN,NaN,NaN,6000
regimen,9//10,3//4,19080.0,1.0,1.0,0.054054054054053946,3.9532814372703615e-9,2.3214837049715092e-15,0.002304436449152715,2.054054054054054,1.494877737811815e-8,2.6712787336206714e-7,2.739700302378437e-7,NaN,NaN,NaN,6000
regimen,9//10,3//4,19080.0,4.0,1.0,0.054054054054053946,8.390736602236006e-9,4.206368450133115e-15,0.004608993689086461,8.216216216216216,6.01942570820481e-8,2.6712787336206714e-7,2.739700302378437e-7,NaN,NaN,NaN,6000
regimen,9//10,3//4,19080.0,16.0,1.0,0.054054054054053946,1.6954505206404892e-8,2.774317810366758e-15,0.009218954046465633,32.86486486486486,2.670584921086798e-7,2.6712787336206714e-7,2.739700302378437e-7,NaN,NaN,NaN,6000
regimen,9//10,3//4,19080.0,60.0,1.0,0.054054054054053946,3.356567719066718e-8,2.7309185885890896e-15,0.01785930062818897,123.24324324324324,3.001526650662126e-6,2.6712787336206714e-7,2.739700302378437e-7,NaN,NaN,NaN,6000
transitorio,9//10,3//4,600.0,1.0,1.0,0.0499999997894488,0.00820347354389,1.271256322727283e-14,0.01299855910461046,1.8999999996318242,0.023889840375721033,0.37427036337237324,0.37427036337239317,NaN,NaN,NaN,6000
transitorio,9//10,3//4,600.0,4.0,1.0,0.0499999997894488,0.01749497110580569,1.1180973389899962e-15,0.026018858012087843,7.599999998527297,0.1192476384811586,0.37427036337237324,0.37427036337239317,0.020166666666666666,0.016761266278146288,0.024049072620061923,6000
transitorio,9//10,3//4,600.0,16.0,1.0,0.0499999997894488,0.03575579226076675,1.7506245733236092e-14,0.052213625097301875,30.399999994109187,0.4694093913429076,0.37427036337237324,0.37427036337239317,0.04016666666666667,0.035339834198531136,0.04544680240406733,6000
transitorio,9//10,3//4,600.0,60.0,1.0,0.0499999997894488,0.07177370270813753,1.8585567435138e-14,0.10241638234956672,113.99999997790945,0.9932751403841412,0.37427036337237324,0.37427036337239317,NaN,NaN,NaN,6000
transitorio,9//10,3//4,3600.0,1.0,1.0,0.0499999997894488,0.00046508014427106546,3.2011555778112705e-15,0.005305410409916187,1.8999999996318242,0.0013548624776610653,0.02951211198835295,0.029512111988357636,NaN,NaN,NaN,6000
transitorio,9//10,3//4,3600.0,4.0,1.0,0.0499999997894488,0.0009911242253151967,5.056652072599e-15,0.010612295398388503,7.599999998527297,0.006807619443403726,0.02951211198835295,0.029512111988357636,NaN,NaN,NaN,6000
transitorio,9//10,3//4,3600.0,16.0,1.0,0.0499999997894488,0.0020197419182002656,4.038903991152948e-15,0.02123640960707969,30.399999994109187,0.02986427271318652,0.02951211198835295,0.029512111988357636,NaN,NaN,NaN,6000
transitorio,9//10,3//4,3600.0,60.0,1.0,0.0499999997894488,0.004008521366312078,4.319254480364443e-15,0.04120864328326592,113.99999997790945,0.21048590121474042,0.02951211198835295,0.029512111988357636,NaN,NaN,NaN,6000
transitorio,9//10,3//4,7200.0,1.0,1.0,0.0499999997894488,3.077753981039097e-5,2.2544996812425868e-15,0.003751404825480089,1.8999999996318242,8.966366937748207e-5,0.0020827366526688356,0.0020827366526722743,NaN,NaN,NaN,6000
transitorio,9//10,3//4,7200.0,4.0,1.0,0.0499999997894488,6.558473450209755e-5,3.950328594227525e-15,0.0075033308302210186,7.599999998527297,0.000450820523468732,0.0020827366526688356,0.0020827366526722743,NaN,NaN,NaN,6000
transitorio,9//10,3//4,7200.0,16.0,1.0,0.0499999997894488,0.00013361199792467316,3.2441421718696038e-15,0.015010835008946658,30.399999994109187,0.0020003861850944244,0.0020827366526688356,0.0020827366526722743,NaN,NaN,NaN,6000
transitorio,9//10,3//4,7200.0,60.0,1.0,0.0499999997894488,0.0002648882125596713,3.4218248841029357e-15,0.029098094008970656,113.99999997790945,0.017504600098661192,0.0020827366526688356,0.0020827366526722743,NaN,NaN,NaN,6000
transitorio,9//10,3//4,11520.0,1.0,1.0,0.0499999997894488,1.4179022877626572e-6,2.101893609372476e-15,0.0029657201721247687,1.8999999996318242,4.13080415412178e-6,9.875565746194159e-5,9.875565746504348e-5,NaN,NaN,NaN,6000
transitorio,9//10,3//4,11520.0,4.0,1.0,0.0499999997894488,3.021366322801822e-6,3.735447728353799e-15,0.005931697831803687,7.599999998527297,2.077444741424365e-5,9.875565746194159e-5,9.875565746504348e-5,NaN,NaN,NaN,6000
transitorio,9//10,3//4,11520.0,16.0,1.0,0.0499999997894488,6.154591515371755e-6,2.8330893485235555e-15,0.011865456772088454,30.399999994109187,9.257827379270137e-5,9.875565746194159e-5,9.875565746504348e-5,NaN,NaN,NaN,6000
transitorio,9//10,3//4,11520.0,60.0,1.0,0.0499999997894488,1.2196653777338261e-5,2.824323639624019e-15,0.022992025195988298,113.99999997790945,0.0008833266607620427,9.875565746194159e-5,9.875565746504348e-5,NaN,NaN,NaN,6000
transitorio,9//10,3//4,19080.0,1.0,1.0,0.0499999997894488,7.614888475554315e-9,1.8481166889629847e-15,0.002304436449152715,1.8999999996318242,2.2184804726216046e-8,5.416710396668706e-7,5.41671042442738e-7,NaN,NaN,NaN,6000
transitorio,9//10,3//4,19080.0,4.0,1.0,0.0499999997894488,1.622605144471175e-8,3.4558768718704723e-15,0.004608993689086461,7.599999998527297,1.1158906078898338e-7,5.416710396668706e-7,5.41671042442738e-7,NaN,NaN,NaN,6000
transitorio,9//10,3//4,19080.0,16.0,1.0,0.0499999997894488,3.305048094825222e-8,2.5161046445724945e-15,0.009218954046465633,30.399999994109187,4.986999320747978e-7,5.416710396668706e-7,5.41671042442738e-7,NaN,NaN,NaN,6000
transitorio,9//10,3//4,19080.0,60.0,1.0,0.0499999997894488,6.547921983668382e-8,2.7391022879938485e-15,0.01785930062818897,113.99999997790945,5.046105555944531e-6,5.416710396668706e-7,5.41671042442738e-7,NaN,NaN,NaN,6000
regimen,9//10,9//10,600.0,1.0,1.0,0.08791208791208782,0.004238891056741387,3.1750552024501765e-19,0.01299855910461046,2.0879120879120876,0.015939505913362073,0.139118999148856,0.14472736360021957,NaN,NaN,NaN,6000
regimen,9//10,9//10,600.0,4.0,1.0,0.08791208791208782,0.009005756669755857,1.9301573659792692e-14,0.026018858012087843,8.35164835164835,0.06434639157563399,0.139118999148856,0.14472736360021957,0.008666666666666666,0.006479261520094426,0.011349827588121832,6000
regimen,9//10,9//10,600.0,16.0,1.0,0.08791208791208782,0.018372638780303083,1.848567509271997e-14,0.052213625097301875,33.4065934065934,0.28814708797643657,0.139118999148856,0.14472736360021957,0.017333333333333333,0.014183979148285442,0.020963591090925215,6000
regimen,9//10,9//10,600.0,60.0,1.0,0.08791208791208782,0.03802532268616023,6.31324978558516e-24,0.10241638234956672,125.27472527472526,0.9773571477369895,0.139118999148856,0.14472736360021957,NaN,NaN,NaN,6000
regimen,9//10,9//10,3600.0,1.0,1.0,0.08791208791208782,8.483260627837256e-6,4.0142427133659786e-15,0.005305410409916187,2.0879120879120876,3.192152957895417e-5,0.0003399294821223135,0.0003536359844034557,NaN,NaN,NaN,6000
regimen,9//10,9//10,3600.0,4.0,1.0,0.08791208791208782,1.8009862301709346e-5,5.901700667800305e-15,0.010612295398388503,8.35164835164835,0.0001297791546777418,0.0003399294821223135,0.0003536359844034557,NaN,NaN,NaN,6000
regimen,9//10,9//10,3600.0,16.0,1.0,0.08791208791208782,3.663107844608098e-5,4.651522687305311e-15,0.02123640960707969,33.4065934065934,0.0006603038434635931,0.0003399294821223135,0.0003536359844034557,NaN,NaN,NaN,6000
regimen,9//10,9//10,3600.0,60.0,1.0,0.08791208791208782,7.49791299126466e-5,4.7122697161857285e-15,0.04120864328326592,125.27472527472526,0.015485098630765772,0.0003399294821223135,0.0003536359844034557,NaN,NaN,NaN,6000
regimen,9//10,9//10,7200.0,1.0,1.0,0.08791208791208782,1.0154550910920875e-8,2.9781740539881416e-15,0.003751404825480089,2.0879120879120876,3.821273977680394e-8,4.1972511544165857e-7,4.366496219407313e-7,NaN,NaN,NaN,6000
regimen,9//10,9//10,7200.0,4.0,1.0,0.08791208791208782,2.1556443272174864e-8,4.775195165090331e-15,0.0075033308302210186,8.35164835164835,1.554667689282811e-7,4.1972511544165857e-7,4.366496219407313e-7,NaN,NaN,NaN,6000
regimen,9//10,9//10,7200.0,16.0,1.0,0.08791208791208782,4.383245251562192e-8,3.2272138620171894e-15,0.015010835008946658,33.4065934065934,8.017030794090411e-7,4.1972511544165857e-7,4.366496219407313e-7,NaN,NaN,NaN,6000
regimen,9//10,9//10,7200.0,60.0,1.0,0.08791208791208782,8.961918934085947e-8,3.5217327621017574e-15,0.029098094008970656,125.27472527472526,2.5439699131655497e-5,4.1972511544165857e-7,4.366496219407313e-7,NaN,NaN,NaN,6000
regimen,9//10,9//10,11520.0,1.0,1.0,0.08791208791208782,3.7926719859454665e-12,2.6091055385895857e-15,0.0029657201721247687,2.0879120879120876,1.4272604332604875e-11,1.587832742650197e-10,1.6518899708577892e-10,NaN,NaN,NaN,6000
regimen,9//10,9//10,11520.0,4.0,1.0,0.08791208791208782,8.0510009341006e-12,4.3682029714169564e-15,0.005931697831803687,8.35164835164835,5.808289064116184e-11,1.587832742650197e-10,1.6518899708577892e-10,NaN,NaN,NaN,6000
regimen,9//10,9//10,11520.0,16.0,1.0,0.08791208791208782,1.636900779739196e-11,2.895470465541073e-15,0.011865456772088454,33.4065934065934,3.0104194773718584e-10,1.587832742650197e-10,1.6518899708577892e-10,NaN,NaN,NaN,6000
regimen,9//10,9//10,11520.0,60.0,1.0,0.08791208791208782,3.34540268111157e-11,2.97537738884706e-15,0.022992025195988298,125.27472527472526,1.0749118947074743e-8,1.587832742650197e-10,1.6518899708577892e-10,NaN,NaN,NaN,6000
regimen,9//10,9//10,19080.0,1.0,1.0,0.08791208791208782,4.456818201978149e-18,2.3214837049715092e-15,0.002304436449152715,2.0879120879120876,1.679015735665937e-17,1.8845341218456575e-16,1.9605252852376612e-16,NaN,NaN,NaN,6000
regimen,9//10,9//10,19080.0,4.0,1.0,0.08791208791208782,9.460400551166335e-18,4.206368450133115e-15,0.004608993689086461,8.35164835164835,6.834017946955425e-17,1.8845341218456575e-16,1.9605252852376612e-16,NaN,NaN,NaN,6000
regimen,9//10,9//10,19080.0,16.0,1.0,0.08791208791208782,1.9233555248189718e-17,2.774317810370837e-15,0.009218954046465633,33.4065934065934,3.5539700791570363e-16,1.8845341218456575e-16,1.9605252852376612e-16,NaN,NaN,NaN,6000
regimen,9//10,9//10,19080.0,60.0,1.0,0.08791208791208782,3.929832892315328e-17,2.7310258884014863e-15,0.01785930062818897,125.27472527472526,1.3736363224096446e-14,1.8845341218456575e-16,1.9605252852376612e-16,NaN,NaN,NaN,6000
transitorio,9//10,9//10,600.0,1.0,1.0,0.07999999963205995,0.004468236050077392,1.5730843916568574e-19,0.01299855910461046,1.8999999995272356,0.012908871579431061,0.15508532323163193,0.15508532323165486,NaN,NaN,NaN,6000
transitorio,9//10,9//10,600.0,4.0,1.0,0.07999999963205995,0.009549111479321146,1.6801984688958504e-14,0.026018858012087843,7.599999998108943,0.06505855618842449,0.15508532323163193,0.15508532323165486,0.008666666666666666,0.006479261520094426,0.011349827588121832,6000
transitorio,9//10,9//10,600.0,16.0,1.0,0.07999999963205995,0.01967959034051217,1.838102224063423e-14,0.052213625097301875,30.39999999243577,0.2921355544092061,0.15508532323163193,0.15508532323165486,0.02,0.016609113656563652,0.0238681144832805,6000
transitorio,9//10,9//10,600.0,60.0,1.0,0.07999999963205995,0.040755526147286184,6.1652320241304414e-24,0.10241638234956672,113.99999997163414,0.9737719444606856,0.15508532323163193,0.15508532323165486,NaN,NaN,NaN,6000
transitorio,9//10,9//10,3600.0,1.0,1.0,0.07999999963205995,1.1632397616281553e-5,3.024332401923269e-15,0.005305410409916187,1.8999999995272356,3.3618280426150714e-5,0.0004958383932048882,0.0004958383932095468,NaN,NaN,NaN,6000
transitorio,9//10,9//10,3600.0,4.0,1.0,0.07999999963205995,2.4841361834462547e-5,4.742826377076116e-15,0.010612295398388503,7.599999998108943,0.00017056108883277326,0.0004958383932048882,0.0004958383932095468,NaN,NaN,NaN,6000
transitorio,9//10,9//10,3600.0,16.0,1.0,0.07999999963205995,5.1042346452723874e-5,4.201750015496235e-15,0.02123640960707969,30.39999999243577,0.0008638525892555176,0.0004958383932048882,0.0004958383932095468,NaN,NaN,NaN,6000
transitorio,9//10,9//10,3600.0,60.0,1.0,0.07999999963205995,0.0001044492588723964,4.158947461243742e-15,0.04120864328326592,113.99999997163414,0.01741936581281219,0.0004958383932048882,0.0004958383932095468,NaN,NaN,NaN,6000
transitorio,9//10,9//10,7200.0,1.0,1.0,0.07999999963205995,1.90889203462623e-8,2.271553846233189e-15,0.003751404825480089,1.8999999995272356,5.5170005208660004e-8,8.404030145289028e-7,8.404030179370292e-7,NaN,NaN,NaN,6000
transitorio,9//10,9//10,7200.0,4.0,1.0,0.07999999963205995,4.076200586821802e-8,3.851836411039707e-15,0.0075033308302210186,7.599999998108943,2.8008966939543323e-7,8.404030145289028e-7,8.404030179370292e-7,NaN,NaN,NaN,6000
transitorio,9//10,9//10,7200.0,16.0,1.0,0.07999999963205995,8.373027082666843e-8,3.2165251007757618e-15,0.015010835008946658,30.39999999243577,1.4366332816933853e-6,8.404030145289028e-7,8.404030179370292e-7,NaN,NaN,NaN,6000
transitorio,9//10,9//10,7200.0,60.0,1.0,0.07999999963205995,1.711437689252217e-7,3.201723877527172e-15,0.029098094008970656,113.99999997163414,3.8260659062965494e-5,8.404030145289028e-7,8.404030179370292e-7,NaN,NaN,NaN,6000
transitorio,9//10,9//10,11520.0,1.0,1.0,0.07999999963205995,1.0410728751103307e-11,1.998130323597984e-15,0.0029657201721247687,1.8999999995272356,3.0089058724747175e-11,4.6450805010757895e-10,4.645110320606095e-10,NaN,NaN,NaN,6000
transitorio,9//10,9//10,11520.0,4.0,1.0,0.07999999963205995,2.223019766757039e-11,3.5234912242911554e-15,0.005931697831803687,7.599999998108943,1.527957605786464e-10,4.6450805010757895e-10,4.645110320606095e-10,NaN,NaN,NaN,6000
transitorio,9//10,9//10,11520.0,16.0,1.0,0.07999999963205995,4.565856266733292e-11,2.8341117196778043e-15,0.011865456772088454,30.39999999243577,7.874645126888944e-10,4.6450805010757895e-10,4.645110320606095e-10,NaN,NaN,NaN,6000
transitorio,9//10,9//10,11520.0,60.0,1.0,0.07999999963205995,9.32858590702513e-11,2.9113053644769257e-15,0.022992025195988298,113.99999997163414,2.337607298796776e-8,4.6450805010757895e-10,4.645110320606095e-10,NaN,NaN,NaN,6000
transitorio,9//10,9//10,19080.0,1.0,1.0,0.07999999963205995,2.374642329752344e-17,1.8956785685484687e-15,0.002304436449152715,1.8999999995272356,6.865666354124948e-17,1.0697924180095487e-15,1.0697924180095487e-15,NaN,NaN,NaN,6000
transitorio,9//10,9//10,19080.0,4.0,1.0,0.07999999963205995,5.070528151897722e-17,3.402626048951005e-15,0.004608993689086461,7.599999998108943,3.48704176619286e-16,1.0697924180095487e-15,1.0697924180095487e-15,NaN,NaN,NaN,6000
transitorio,9//10,9//10,19080.0,16.0,1.0,0.07999999963205995,1.0413515389084865e-16,2.5646435862626085e-15,0.009218954046465633,30.39999999243577,1.8028022967511403e-15,1.0697924180095487e-15,1.0697924180095487e-15,NaN,NaN,NaN,6000
transitorio,9//10,9//10,19080.0,60.0,1.0,0.07999999963205995,2.127002294940335e-16,2.6985121405922773e-15,0.01785930062818897,113.99999997163414,5.756229099627733e-14,1.0697924180095487e-15,1.0697924180095487e-15,NaN,NaN,NaN,6000
regimen,9//10,1//1,600.0,1.0,1.0,0.11111111111111116,0.002346381631935328,3.1750552024501765e-19,0.01299855910461046,2.111111111111111,0.008799037317409567,0.06508008735693714,0.06831303710635105,NaN,NaN,NaN,6000
regimen,9//10,1//1,600.0,4.0,1.0,0.11111111111111116,0.0049841851899758895,1.930031804359864e-14,0.026018858012087843,8.444444444444445,0.035869214275242235,0.06508008735693714,0.06831303710635105,0.005,0.003375945809070657,0.0071301776366867915,6000
regimen,9//10,1//1,600.0,16.0,1.0,0.11111111111111116,0.010239100806650765,1.8386404102505285e-14,0.052213625097301875,33.77777777777778,0.18194894273589549,0.06508008735693714,0.06831303710635105,0.0095,0.007202923839951313,0.012291045437351326,6000
regimen,9//10,1//1,600.0,60.0,1.0,0.11111111111111116,0.021858153991506007,6.3132496035576286e-24,0.10241638234956672,126.66666666666667,0.9493809725809883,0.06508008735693714,0.06831303710635105,NaN,NaN,NaN,6000
regimen,9//10,1//1,3600.0,1.0,1.0,0.11111111111111116,2.3601903540602573e-7,4.014242713365501e-15,0.005305410409916187,2.111111111111111,8.856551506607835e-7,7.613607880759946e-6,7.992076614715275e-6,NaN,NaN,NaN,6000
regimen,9//10,1//1,3600.0,4.0,1.0,0.11111111111111116,5.009846683925425e-7,5.901383702958803e-15,0.010612295398388503,8.444444444444445,3.636430563219065e-6,7.613607880759946e-6,7.992076614715275e-6,NaN,NaN,NaN,6000
regimen,9//10,1//1,3600.0,16.0,1.0,0.11111111111111116,1.0261834458356819e-6,4.62654354478995e-15,0.02123640960707969,33.77777777777778,2.1199523167873703e-5,7.613607880759946e-6,7.992076614715275e-6,NaN,NaN,NaN,6000
regimen,9//10,1//1,3600.0,60.0,1.0,0.11111111111111116,2.1644410891871984e-6,4.6968996829107535e-15,0.04120864328326592,126.66666666666667,0.0011467087178587123,7.613607880759946e-6,7.992076614715275e-6,NaN,NaN,NaN,6000
regimen,9//10,1//1,7200.0,1.0,1.0,0.11111111111111116,7.807376100105203e-12,2.978174053987788e-15,0.003751404825480089,2.111111111111111,2.9298870623116266e-11,2.572959190641817e-10,2.70090559502957e-10,NaN,NaN,NaN,6000
regimen,9//10,1//1,7200.0,4.0,1.0,0.11111111111111116,1.657107891183023e-11,4.774957111139581e-15,0.0075033308302210186,8.444444444444445,1.2038570343513355e-10,2.572959190641817e-10,2.70090559502957e-10,NaN,NaN,NaN,6000
regimen,9//10,1//1,7200.0,16.0,1.0,0.11111111111111116,3.393330041232864e-11,3.2098835100618993e-15,0.015010835008946658,33.77777777777778,7.121490277198505e-10,2.572959190641817e-10,2.70090559502957e-10,NaN,NaN,NaN,6000
regimen,9//10,1//1,7200.0,60.0,1.0,0.11111111111111116,7.149025442533921e-11,3.5102459090617803e-15,0.029098094008970656,126.66666666666667,5.374694707780896e-8,2.572959190641817e-10,2.70090559502957e-10,NaN,NaN,NaN,6000
regimen,9//10,1//1,11520.0,1.0,1.0,0.11111111111111116,3.92959679729056e-17,2.6091055385892756e-15,0.0029657201721247687,2.111111111111111,1.4753616546924792e-16,1.3067572455686662e-15,1.3717233254697936e-15,NaN,NaN,NaN,6000
regimen,9//10,1//1,11520.0,4.0,1.0,0.11111111111111116,8.340312949626947e-17,4.367993426973222e-15,0.005931697831803687,8.444444444444445,6.063733329651645e-16,1.3067572455686662e-15,1.3717233254697936e-15,NaN,NaN,NaN,6000
regimen,9//10,1//1,11520.0,16.0,1.0,0.11111111111111116,1.7077175885879062e-16,2.8799216343587217e-15,0.011865456772088454,33.77777777777778,3.606864702894147e-15,1.3067572455686662e-15,1.3717233254697936e-15,NaN,NaN,NaN,6000
regimen,9//10,1//1,11520.0,60.0,1.0,0.11111111111111116,3.5962355516427364e-16,2.9656725858135363e-15,0.022992025195988298,126.66666666666667,3.0956839003493416e-13,1.3067572455686662e-15,1.3717233254697936e-15,NaN,NaN,NaN,6000
regimen,9//10,1//1,19080.0,1.0,1.0,0.11111111111111116,1.9679331722448464e-26,2.3214837049712335e-15,0.002304436449152715,2.111111111111111,9.257995885242839e-26,8.248028824582097e-25,8.658093370222265e-25,NaN,NaN,NaN,6000
regimen,9//10,1//1,19080.0,4.0,1.0,0.11111111111111116,4.1617366140093015e-26,4.206170242079836e-15,0.004608993689086461,8.444444444444445,3.805714789573287e-25,8.248028824582097e-25,8.658093370222265e-25,NaN,NaN,NaN,6000
regimen,9//10,1//1,19080.0,16.0,1.0,0.11111111111111116,8.53648309422256e-26,2.7594195903963516e-15,0.009218954046465633,33.77777777777778,2.272014475781076e-24,8.248028824582097e-25,8.658093370222265e-25,NaN,NaN,NaN,6000
regimen,9//10,1//1,19080.0,60.0,1.0,0.11111111111111116,1.8018875099100196e-25,2.7221180878580297e-15,0.01785930062818897,126.66666666666667,2.125038447411433e-22,8.248028824582097e-25,8.658093370222265e-25,NaN,NaN,NaN,6000
transitorio,9//10,1//1,600.0,1.0,1.0,0.09999999950276772,0.0025442789579275754,6.314674866867751e-19,0.01299855910461046,1.8999999994232857,0.007311365687755304,0.07549134719489674,0.07549134719491955,NaN,NaN,NaN,6000
transitorio,9//10,1//1,600.0,4.0,1.0,0.09999999950276772,0.005447940625063097,1.6389396801144304e-14,0.026018858012087843,7.599999997693143,0.03717600957561705,0.07549134719489674,0.07549134719491955,0.006,0.004205760471931967,0.008296943119219684,6000
transitorio,9//10,1//1,600.0,16.0,1.0,0.09999999950276772,0.0113143856033383,1.7197075415607794e-14,0.052213625097301875,30.39999999077257,0.18746274901342042,0.07549134719489674,0.07549134719491955,0.012333333333333333,0.009696387744277616,0.015458936732627587,6000
transitorio,9//10,1//1,600.0,60.0,1.0,0.09999999950276772,0.02412163181669483,6.1063987342153884e-24,0.10241638234956672,113.99999996539714,0.9434288360361452,0.07549134719489674,0.07549134719491955,NaN,NaN,NaN,6000
transitorio,9//10,1//1,3600.0,1.0,1.0,0.09999999950276772,3.8492982577723123e-7,3.1681102245346688e-15,0.005305410409916187,1.8999999994232857,1.106549567962244e-6,1.3350079116818175e-5,1.3350079121416102e-5,NaN,NaN,NaN,6000
transitorio,9//10,1//1,3600.0,4.0,1.0,0.09999999950276772,8.236157157062565e-7,4.940196327810637e-15,0.010612295398388503,7.599999997693143,5.664299119505729e-6,1.3350079116818175e-5,1.3350079121416102e-5,NaN,NaN,NaN,6000
transitorio,9//10,1//1,3600.0,16.0,1.0,0.09999999950276772,1.7052991411626625e-6,4.3273011450037744e-15,0.02123640960707969,30.39999999077257,3.2528496493609705e-5,1.3350079116818175e-5,1.3350079121416102e-5,NaN,NaN,NaN,6000
transitorio,9//10,1//1,3600.0,60.0,1.0,0.09999999950276772,3.5905397950072208e-6,4.5616608203607294e-15,0.04120864328326592,113.99999996539714,0.0014353833852147686,1.3350079116818175e-5,1.3350079121416102e-5,NaN,NaN,NaN,6000
transitorio,9//10,1//1,7200.0,1.0,1.0,0.09999999950276772,2.0779526740318877e-11,2.3505250002844653e-15,0.003751404825480089,1.8999999994232857,5.973660383722489e-11,7.369355721627333e-10,7.369391198751614e-10,NaN,NaN,NaN,6000
transitorio,9//10,1//1,7200.0,4.0,1.0,0.09999999950276772,4.4457634119238924e-11,3.977680705559128e-15,0.0075033308302210186,7.599999997693143,3.059903372536863e-10,7.369355721627333e-10,7.369391198751614e-10,NaN,NaN,NaN,6000
transitorio,9//10,1//1,7200.0,16.0,1.0,0.09999999950276772,9.202198104800158e-11,3.0022808959372186e-15,0.015010835008946658,30.39999999077257,1.7813104213002927e-9,7.369355721627333e-10,7.369391198751614e-10,NaN,NaN,NaN,6000
transitorio,9//10,1//1,7200.0,60.0,1.0,0.09999999950276772,1.9352351312108187e-10,3.4091744563476747e-15,0.029098094008970656,113.99999996539714,1.068266652627429e-7,7.369355721627333e-10,7.369391198751614e-10,NaN,NaN,NaN,6000
transitorio,9//10,1//1,11520.0,1.0,1.0,0.09999999950276772,1.8829888073823854e-16,2.0592846842292247e-15,0.0029657201721247687,1.8999999994232857,5.413980064467027e-16,6.739044940981895e-15,6.739044940981895e-15,NaN,NaN,NaN,6000
transitorio,9//10,1//1,11520.0,4.0,1.0,0.09999999950276772,4.028530523703735e-16,3.629935983257275e-15,0.005931697831803687,7.599999997693143,2.7739161336337626e-15,6.739044940981895e-15,6.739044940981895e-15,NaN,NaN,NaN,6000
transitorio,9//10,1//1,11520.0,16.0,1.0,0.09999999950276772,8.337663495680475e-16,2.693663312702795e-15,0.011865456772088454,30.39999999077257,1.6231388198281397e-14,6.739044940981895e-15,6.739044940981895e-15,NaN,NaN,NaN,6000
transitorio,9//10,1//1,11520.0,60.0,1.0,0.09999999950276772,1.7526414292596353e-15,2.8802810994437215e-15,0.022992025195988298,113.99999996539714,1.0957938741082504e-12,6.739044940981895e-15,6.739044940981895e-15,NaN,NaN,NaN,6000
transitorio,9//10,1//1,19080.0,1.0,1.0,0.09999999950276772,3.0071426203585812e-25,1.8323157966354886e-15,0.002304436449152715,1.8999999994232857,9.501434962233998e-25,1.1899634697654928e-23,1.1899634723431529e-23,NaN,NaN,NaN,6000
transitorio,9//10,1//1,19080.0,4.0,1.0,0.09999999950276772,6.4225872677592055e-25,3.4916603369631845e-15,0.004608993689086461,7.599999997693143,4.8689822344311216e-24,1.1899634697654928e-23,1.1899634723431529e-23,NaN,NaN,NaN,6000
transitorio,9//10,1//1,19080.0,16.0,1.0,0.09999999950276772,1.330245628893196e-24,2.580956177886112e-15,0.009218954046465633,30.39999999077257,2.858757067157324e-23,1.1899634697654928e-23,1.1899634723431529e-23,NaN,NaN,NaN,6000
transitorio,9//10,1//1,19080.0,60.0,1.0,0.09999999950276772,2.798765157444358e-24,2.6437392810014565e-15,0.01785930062818897,113.99999996539714,2.088967974830654e-21,1.1899634697654928e-23,1.1899634723431529e-23,NaN,NaN,NaN,6000
regimen,19//20,1//2,600.0,1.0,1.0,0.0,0.012066924748030972,3.175055202389362e-19,0.01299855910461046,2.0,0.04604189919647006,0.9999999999999334,0.9999999999999334,NaN,NaN,NaN,6000
regimen,19//20,1//2,600.0,4.0,1.0,0.0,0.025600957433942768,1.6735746151751912e-14,0.026018858012087843,8.0,0.18264456752959024,0.9999999999999334,0.9999999999999334,0.025166666666666667,0.021352304226898662,0.02945164458465488,6000
regimen,19//20,1//2,600.0,16.0,1.0,0.0,0.0520065749819669,1.717681657204522e-14,0.052213625097301875,32.0,0.6443913847904572,0.9999999999999334,0.9999999999999334,0.05433333333333333,0.04873229654249964,0.060372451936849966,6000
regimen,19//20,1//2,600.0,60.0,1.0,0.0,0.10230567806991239,6.31324775104557e-24,0.10241638234956672,120.0,0.999465377473792,0.9999999999999334,0.9999999999999334,NaN,NaN,NaN,6000
regimen,19//20,1//2,3600.0,1.0,1.0,0.0,0.0049253539299575835,3.210343104236656e-15,0.005305410409916187,2.0,0.018804687018067867,0.999999999998044,0.999999999998044,NaN,NaN,NaN,6000
regimen,19//20,1//2,3600.0,4.0,1.0,0.0,0.010442170808485498,5.253989119269427e-15,0.010612295398388503,8.0,0.07511441095454213,0.999999999998044,0.999999999998044,NaN,NaN,NaN,6000
regimen,19//20,1//2,3600.0,16.0,1.0,0.0,0.021152834218966868,4.3221801125040144e-15,0.02123640960707969,32.0,0.2939196499738976,0.999999999998044,0.999999999998044,NaN,NaN,NaN,6000
regimen,19//20,1//2,3600.0,60.0,1.0,0.0,0.041165407996738165,4.540477345230004e-15,0.04120864328326592,120.0,0.8426983905318357,0.999999999998044,0.999999999998044,NaN,NaN,NaN,6000
regimen,19//20,1//2,7200.0,1.0,1.0,0.0,0.0034826842025882762,2.381775867326026e-15,0.003751404825480089,2.0,0.013297498850416811,0.999999999996485,0.999999999996485,NaN,NaN,NaN,6000
regimen,19//20,1//2,7200.0,4.0,1.0,0.0,0.007383068545319793,4.288736501905082e-15,0.0075033308302210186,8.0,0.05315308149281833,0.999999999996485,0.999999999996485,NaN,NaN,NaN,6000
regimen,19//20,1//2,7200.0,16.0,1.0,0.0,0.014951804389693115,2.998718318919258e-15,0.015010835008946658,32.0,0.21027473097828092,0.999999999996485,0.999999999996485,NaN,NaN,NaN,6000
regimen,19//20,1//2,7200.0,60.0,1.0,0.0,0.0290676509048839,3.393343077886139e-15,0.029098094008970656,120.0,0.6826894921005973,0.999999999996485,0.999999999996485,NaN,NaN,NaN,6000
regimen,19//20,1//2,11520.0,1.0,1.0,0.0,0.0027532837626194242,2.086623536187931e-15,0.0029657201721247687,2.0,0.010512766993610534,1.0000000000067204,1.0000000000067204,NaN,NaN,NaN,6000
regimen,19//20,1//2,11520.0,4.0,1.0,0.0,0.005836632211456367,3.940002936693885e-15,0.005931697831803687,8.0,0.04203282392859464,1.0000000000067204,1.0000000000067204,NaN,NaN,NaN,6000
regimen,19//20,1//2,11520.0,16.0,1.0,0.0,0.011818808522333102,2.690463744689989e-15,0.011865456772088454,32.0,0.16697139057438043,1.0000000000067204,1.0000000000067204,NaN,NaN,NaN,6000
regimen,19//20,1//2,11520.0,60.0,1.0,0.0,0.022967995680760606,2.866905852516566e-15,0.022992025195988298,120.0,0.5708050125261617,1.0000000000067204,1.0000000000067204,NaN,NaN,NaN,6000
regimen,19//20,1//2,19080.0,1.0,1.0,0.0,0.002139370289439957,1.8566059347490392e-15,0.002304436449152715,2.0,0.008168809365062535,1.000000000013198,1.000000000013198,NaN,NaN,NaN,6000
regimen,19//20,1//2,19080.0,4.0,1.0,0.0,0.004535130137388061,3.8013341109550445e-15,0.004608993689086461,8.0,0.03266667683101476,1.000000000013198,1.000000000013198,NaN,NaN,NaN,6000
regimen,19//20,1//2,19080.0,16.0,1.0,0.0,0.009182717040565861,2.5778892050519835e-15,0.009218954046465633,32.0,0.13012101690202305,1.000000000013198,1.000000000013198,NaN,NaN,NaN,6000
regimen,19//20,1//2,19080.0,60.0,1.0,0.0,0.017840648362558935,2.6314625271527757e-15,0.01785930062818897,120.0,0.46097994712853785,1.000000000013198,1.000000000013198,NaN,NaN,NaN,6000
transitorio,19//20,1//2,600.0,1.0,1.0,0.0,0.012039300052554129,1.2802665660221447e-14,0.01299855910461046,1.949999999421273,0.03498332089962486,1.0000000000000564,1.0000000000000564,NaN,NaN,NaN,6000
transitorio,19//20,1//2,600.0,4.0,1.0,0.0,0.02558993879710887,7.274286794232609e-16,0.026018858012087843,7.799999997685092,0.17358003876115102,1.0000000000000564,1.0000000000000564,0.026166666666666668,0.02227589775705522,0.03052682649098161,6000
transitorio,19//20,1//2,600.0,16.0,1.0,0.0,0.052001232671823466,1.7509945757982844e-14,0.052213625097301875,31.199999990740366,0.6429570476873439,1.0000000000000564,1.0000000000000564,0.051,0.045569518769285264,0.05687208859722538,6000
transitorio,19//20,1//2,600.0,60.0,1.0,0.0,0.10230283473934444,1.856709714659809e-14,0.10241638234956672,116.99999996527637,0.9993383317504386,1.0000000000000564,1.0000000000000564,NaN,NaN,NaN,6000
transitorio,19//20,1//2,3600.0,1.0,1.0,0.0,0.004914085025129942,3.223890080554728e-15,0.005305410409916187,1.949999999421273,0.014284001109756583,1.0000000000037508,1.0000000000037508,NaN,NaN,NaN,6000
transitorio,19//20,1//2,3600.0,4.0,1.0,0.0,0.010437685393197983,4.673423844786066e-15,0.010612295398388503,7.799999997685092,0.07132854331353666,1.0000000000037508,1.0000000000037508,NaN,NaN,NaN,6000
transitorio,19//20,1//2,3600.0,16.0,1.0,0.0,0.02115067790460604,4.039745342808604e-15,0.02123640960707969,31.199999990740366,0.29305999810498085,1.0000000000037508,1.0000000000037508,NaN,NaN,NaN,6000
transitorio,19//20,1//2,3600.0,60.0,1.0,0.0,0.041164297596684406,4.3149620141817854e-15,0.04120864328326592,116.99999996527637,0.8356148396843218,1.0000000000037508,1.0000000000037508,NaN,NaN,NaN,6000
transitorio,19//20,1//2,7200.0,1.0,1.0,0.0,0.0034747165070942144,2.2705291566421686e-15,0.003751404825480089,1.949999999421273,0.010100463934039627,0.9999999999956173,0.9999999999956173,NaN,NaN,NaN,6000
transitorio,19//20,1//2,7200.0,4.0,1.0,0.0,0.0073798977873097025,3.5650103803930175e-15,0.0075033308302210186,7.799999997685092,0.050469964404792456,0.9999999999956173,0.9999999999956173,NaN,NaN,NaN,6000
transitorio,19//20,1//2,7200.0,16.0,1.0,0.0,0.014950281357479061,3.2448148217673362e-15,0.015010835008946658,31.199999990740366,0.20964309731709307,0.9999999999956173,0.9999999999956173,NaN,NaN,NaN,6000
transitorio,19//20,1//2,7200.0,60.0,1.0,0.0,0.029066869046514166,3.4184242809710184e-15,0.029098094008970656,116.99999996527637,0.6744958993015491,0.9999999999956173,0.9999999999956173,NaN,NaN,NaN,6000
transitorio,19//20,1//2,11520.0,1.0,1.0,0.0,0.0027469849310813653,2.1168421979488373e-15,0.0029657201721247687,1.949999999421273,0.00798516229888463,0.9999999999990188,0.9999999999990188,NaN,NaN,NaN,6000
transitorio,19//20,1//2,11520.0,4.0,1.0,0.0,0.005834125776741213,3.349723577182906e-15,0.005931697831803687,7.799999997685092,0.03990982114097419,0.9999999999990188,0.9999999999990188,NaN,NaN,NaN,6000
transitorio,19//20,1//2,11520.0,16.0,1.0,0.0,0.011817604966131066,2.8336747454453468e-15,0.011865456772088454,31.199999990740366,0.16646480705153582,0.9999999999990188,0.9999999999990188,NaN,NaN,NaN,6000
transitorio,19//20,1//2,11520.0,60.0,1.0,0.0,0.02296737854105575,2.8215168315763337e-15,0.022992025195988298,116.99999996527637,0.5630144550668512,0.9999999999990188,0.9999999999990188,NaN,NaN,NaN,6000
transitorio,19//20,1//2,19080.0,1.0,1.0,0.0,0.0021344760115216974,1.8612678121701895e-15,0.002304436449152715,1.949999999421273,0.006204723000347079,1.0000000000032505,1.0000000000032505,NaN,NaN,NaN,6000
transitorio,19//20,1//2,19080.0,4.0,1.0,0.0,0.004533182703852981,3.0696245757279675e-15,0.004608993689086461,7.799999997685092,0.03101611207522781,1.0000000000032505,1.0000000000032505,NaN,NaN,NaN,6000
transitorio,19//20,1//2,19080.0,16.0,1.0,0.0,0.00918178210246678,2.516622756081852e-15,0.009218954046465633,31.199999990740366,0.12972363101693013,1.0000000000032505,1.0000000000032505,NaN,NaN,NaN,6000
transitorio,19//20,1//2,19080.0,60.0,1.0,0.0,0.017840169324945688,2.736380172689741e-15,0.01785930062818897,116.99999996527637,0.4541418078125014,1.0000000000032505,1.0000000000032505,NaN,NaN,NaN,6000
regimen,19//20,11//20,600.0,1.0,1.0,0.005141388174807249,0.012053281767309172,3.1750552024501765e-19,0.01299855910461046,2.005141388174807,0.045835982083800464,0.9268437745619227,0.9292274664677949,NaN,NaN,NaN,6000
regimen,19//20,11//20,600.0,4.0,1.0,0.005141388174807249,0.02559463957447963,1.9301573659792692e-14,0.026018858012087843,8.020565552699228,0.1818411244848916,0.9268437745619227,0.9292274664677949,0.023833333333333335,0.020123428566284567,0.02801551053607415,6000
regimen,19//20,11//20,600.0,16.0,1.0,0.005141388174807249,0.05204235523984527,1.848567509271997e-14,0.052213625097301875,32.08226221079691,0.6422323315112091,0.9268437745619227,0.9292274664677949,0.051666666666666666,0.04620156480522582,0.0575726685376467,6000
regimen,19//20,11//20,600.0,60.0,1.0,0.005141388174807249,0.10218062585362533,6.313249785585163e-24,0.10241638234956672,120.30848329048843,0.9994335802191332,0.9268437745619227,0.9292274664677949,NaN,NaN,NaN,6000
regimen,19//20,11//20,3600.0,1.0,1.0,0.005141388174807249,0.004811319132731857,4.0142427133659786e-15,0.005305410409916187,2.005141388174807,0.018363890563052876,0.82565141974382,0.8277637148189575,NaN,NaN,NaN,6000
regimen,19//20,11//20,3600.0,4.0,1.0,0.005141388174807249,0.010200998764923924,5.901700667800305e-15,0.010612295398388503,8.020565552699228,0.07335849908724656,0.82565141974382,0.8277637148189575,NaN,NaN,NaN,6000
regimen,19//20,11//20,3600.0,16.0,1.0,0.005141388174807249,0.020665361674999955,4.651522687305311e-15,0.02123640960707969,32.08226221079691,0.28734554232032117,0.82565141974382,0.8277637148189575,NaN,NaN,NaN,6000
regimen,19//20,11//20,3600.0,60.0,1.0,0.005141388174807249,0.040234198531015494,4.712269716387867e-15,0.04120864328326592,120.30848329048843,0.8328893336058496,0.82565141974382,0.8277637148189575,NaN,NaN,NaN,6000
regimen,19//20,11//20,7200.0,1.0,1.0,0.005141388174807249,0.0033263257254504317,2.9781740539881416e-15,0.003751404825480089,2.005141388174807,0.012683656979342706,0.7563832504634467,0.7583173266695021,NaN,NaN,NaN,6000
regimen,19//20,11//20,7200.0,4.0,1.0,0.005141388174807249,0.0070531437930683345,4.775195165090331e-15,0.0075033308302210186,8.020565552699228,0.05070274364152122,0.7563832504634467,0.7583173266695021,NaN,NaN,NaN,6000
regimen,19//20,11//20,7200.0,16.0,1.0,0.005141388174807249,0.01428318192372723,3.2272138620171894e-15,0.015010835008946658,32.08226221079691,0.2007897284615331,0.7563832504634467,0.7583173266695021,NaN,NaN,NaN,6000
regimen,19//20,11//20,7200.0,60.0,1.0,0.005141388174807249,0.027758507208375076,3.5217327622528262e-15,0.029098094008970656,120.30848329048843,0.6601710443294331,0.7563832504634467,0.7583173266695021,NaN,NaN,NaN,6000
regimen,19//20,11//20,11520.0,1.0,1.0,0.005141388174807249,0.0025553468737130047,2.6091055385895857e-15,0.0029657201721247687,2.005141388174807,0.00974589396083142,0.6953478629539862,0.6971263133640774,NaN,NaN,NaN,6000
regimen,19//20,11//20,11520.0,4.0,1.0,0.005141388174807249,0.005418104596769786,4.3682029714169564e-15,0.005931697831803687,8.020565552699228,0.038969223659045205,0.6953478629539862,0.6971263133640774,NaN,NaN,NaN,6000
regimen,19//20,11//20,11520.0,16.0,1.0,0.005141388174807249,0.010971497931449081,2.895470465541073e-15,0.011865456772088454,32.08226221079691,0.1549633997385022,0.6953478629539862,0.6971263133640774,NaN,NaN,NaN,6000
regimen,19//20,11//20,11520.0,60.0,1.0,0.005141388174807249,0.02131895066816677,2.9753773889746926e-15,0.022992025195988298,120.30848329048843,0.5368750556867543,0.6953478629539862,0.6971263133640774,NaN,NaN,NaN,6000
regimen,19//20,11//20,19080.0,1.0,1.0,0.005141388174807249,0.0018891731147026311,2.3214837049715092e-15,0.002304436449152715,2.005141388174807,0.007205904748716185,0.6148787551563344,0.6164512849311371,NaN,NaN,NaN,6000
regimen,19//20,11//20,19080.0,4.0,1.0,0.005141388174807249,0.004005469523091925,4.206368450133115e-15,0.004608993689086461,8.020565552699228,0.028817961239680945,0.6148787551563344,0.6164512849311371,NaN,NaN,NaN,6000
regimen,19//20,11//20,19080.0,16.0,1.0,0.005141388174807249,0.0081102898755155,2.774317810370837e-15,0.009218954046465633,32.08226221079691,0.11491075316649013,0.6148787551563344,0.6164512849311371,NaN,NaN,NaN,6000
regimen,19//20,11//20,19080.0,60.0,1.0,0.005141388174807249,0.015755503156437846,2.731025888518637e-15,0.01785930062818897,120.30848329048843,0.41276650377673163,0.6148787551563344,0.6164512849311371,NaN,NaN,NaN,6000
transitorio,19//20,11//20,600.0,1.0,1.0,0.004999999963602231,0.012008532713197186,1.1848402398961722e-14,0.01299855910461046,1.9499999994201898,0.034849161490272285,0.9301179002523825,0.9301179002524019,NaN,NaN,NaN,6000
transitorio,19//20,11//20,600.0,4.0,1.0,0.004999999963602231,0.025524928103742905,7.288841079332719e-16,0.026018858012087843,7.799999997680759,0.1729245282284772,0.9301179002523825,0.9301179002524019,0.026,0.0221218549688841,0.030347739033541245,6000
transitorio,19//20,11//20,600.0,16.0,1.0,0.004999999963602231,0.051872252572321226,1.5997811773006358e-14,0.052213625097301875,31.199999990723036,0.6411107261714342,0.9301179002523825,0.9301179002524019,0.05616666666666666,0.05047443351649426,0.06229505374764527,6000
transitorio,19//20,11//20,600.0,60.0,1.0,0.004999999963602231,0.10207214814114662,4.02991110040852e-24,0.10241638234956672,116.99999996521139,0.9993064106334311,0.9301179002523825,0.9301179002524019,NaN,NaN,NaN,6000
transitorio,19//20,11//20,3600.0,1.0,1.0,0.004999999963602231,0.004808163334415444,3.058785988560421e-15,0.005305410409916187,1.9499999994201898,0.013958197663574312,0.829899229435154,0.8298992294351585,NaN,NaN,NaN,6000
transitorio,19//20,11//20,3600.0,4.0,1.0,0.004999999963602231,0.010212840330774922,4.469402352690769e-15,0.010612295398388503,7.799999997680759,0.06970573190845464,0.829899229435154,0.8298992294351585,NaN,NaN,NaN,6000
transitorio,19//20,11//20,3600.0,16.0,1.0,0.004999999963602231,0.02069614949923111,4.313492953879987e-15,0.02123640960707969,31.199999990723036,0.28668051957813756,0.829899229435154,0.8298992294351585,NaN,NaN,NaN,6000
transitorio,19//20,11//20,3600.0,60.0,1.0,0.004999999963602231,0.04028748652716646,4.548915526108795e-15,0.04120864328326592,116.99999996521139,0.8259177346077049,0.829899229435154,0.8298992294351585,NaN,NaN,NaN,6000
transitorio,19//20,11//20,7200.0,1.0,1.0,0.004999999963602231,0.0033222605830651735,2.238600602794559e-15,0.003751404825480089,1.9499999994201898,0.009644919216580117,0.7612655219917777,0.761265521991781,NaN,NaN,NaN,6000
transitorio,19//20,11//20,7200.0,4.0,1.0,0.004999999963602231,0.00705619183472475,3.525094706152392e-15,0.0075033308302210186,7.799999997680759,0.04819655019087532,0.7612655219917777,0.761265521991781,NaN,NaN,NaN,6000
transitorio,19//20,11//20,7200.0,16.0,1.0,0.004999999963602231,0.014295258093236746,3.1900129218108016e-15,0.015010835008946658,31.199999990723036,0.20040309487101882,0.7612655219917777,0.761265521991781,NaN,NaN,NaN,6000
transitorio,19//20,11//20,7200.0,60.0,1.0,0.004999999963602231,0.027798656977315095,3.3339963824417178e-15,0.029098094008970656,116.99999996521139,0.6525129292707699,0.7612655219917777,0.761265521991781,NaN,NaN,NaN,6000
transitorio,19//20,11//20,11520.0,1.0,1.0,0.004999999963602231,0.002554723746011627,2.081300232968064e-15,0.0029657201721247687,1.9499999994201898,0.007416762698111645,0.7007518513778188,0.7007518513778219,NaN,NaN,NaN,6000
transitorio,19//20,11//20,11520.0,4.0,1.0,0.004999999963602231,0.0054258669849455,3.3400167374967814e-15,0.005931697831803687,7.799999997680759,0.037071154043935683,0.7007518513778188,0.7007518513778219,NaN,NaN,NaN,6000
transitorio,19//20,11//20,11520.0,16.0,1.0,0.004999999963602231,0.010991204957089828,2.7804941606447865e-15,0.011865456772088454,31.199999990723036,0.15478230686157934,0.7007518513778188,0.7007518513778219,NaN,NaN,NaN,6000
transitorio,19//20,11//20,11520.0,60.0,1.0,0.004999999963602231,0.021365335558932552,2.968083232686805e-15,0.022992025195988298,116.99999996521139,0.5301368574903763,0.7007518513778188,0.7007518513778219,NaN,NaN,NaN,6000
transitorio,19//20,11//20,19080.0,1.0,1.0,0.004999999963602231,0.0018911776416604812,1.8868155706438262e-15,0.002304436449152715,1.9499999994201898,0.005490430786190881,0.6208932230015913,0.620893223001594,NaN,NaN,NaN,6000
transitorio,19//20,11//20,19080.0,4.0,1.0,0.004999999963602231,0.004016520036526272,3.070000831352235e-15,0.004608993689086461,7.799999997680759,0.02744713842106966,0.6208932230015913,0.620893223001594,NaN,NaN,NaN,6000
transitorio,19//20,11//20,19080.0,16.0,1.0,0.004999999963602231,0.008135722012782199,2.513367712787169e-15,0.009218954046465633,31.199999990723036,0.11491387424343086,0.6208932230015913,0.620893223001594,NaN,NaN,NaN,6000
transitorio,19//20,11//20,19080.0,60.0,1.0,0.004999999963602231,0.015810668433995485,2.723049963909593e-15,0.01785930062818897,116.99999996521139,0.4075755252397939,0.6208932230015913,0.620893223001594,NaN,NaN,NaN,6000
regimen,19//20,3//5,600.0,1.0,1.0,0.010309278350515427,0.011910887430280242,3.1750552024501765e-19,0.01299855910461046,2.0103092783505154,0.04529217170492861,0.8546310069852533,0.8590076302714631,NaN,NaN,NaN,6000
regimen,19//20,3//5,600.0,4.0,1.0,0.010309278350515427,0.025292042542064578,1.9301573659792692e-14,0.026018858012087843,8.041237113402062,0.17971915911101122,0.8546310069852533,0.8590076302714631,0.028833333333333332,0.02474620701435523,0.033386650091995956,6000
regimen,19//20,3//5,600.0,16.0,1.0,0.010309278350515427,0.05142099559283838,1.848567509271997e-14,0.052213625097301875,32.16494845360825,0.6365241141478858,0.8546310069852533,0.8590076302714631,0.05383333333333333,0.04825748166168174,0.05984779392022413,6000
regimen,19//20,3//5,600.0,60.0,1.0,0.010309278350515427,0.10091944370460697,6.313249785585162e-24,0.10241638234956672,120.61855670103093,0.9993481465013111,0.8546310069852533,0.8590076302714631,NaN,NaN,NaN,6000
regimen,19//20,3//5,3600.0,1.0,1.0,0.010309278350515427,0.004490512774512749,4.0142427133659786e-15,0.005305410409916187,2.0103092783505154,0.017107687614798917,0.6600938295629472,0.6634611181191764,NaN,NaN,NaN,6000
regimen,19//20,3//5,3600.0,4.0,1.0,0.010309278350515427,0.009523634239035456,5.901700667800305e-15,0.010612295398388503,8.041237113402062,0.06835375916494141,0.6600938295629472,0.6634611181191764,NaN,NaN,NaN,6000
regimen,19//20,3//5,3600.0,16.0,1.0,0.010309278350515427,0.019290743377022756,4.651522687305311e-15,0.02123640960707969,32.16494845360825,0.26856844419597836,0.6600938295629472,0.6634611181191764,NaN,NaN,NaN,6000
regimen,19//20,3//5,3600.0,60.0,1.0,0.010309278350515427,0.03752396778166298,4.712269716365996e-15,0.04120864328326592,120.61855670103093,0.8040461065670068,0.6600938295629472,0.6634611181191764,NaN,NaN,NaN,6000
regimen,19//20,3//5,7200.0,1.0,1.0,0.010309278350515427,0.0028880807706829085,2.9781740539881416e-15,0.003751404825480089,2.0103092783505154,0.011004424518472389,0.5355701141040299,0.5383023705550157,NaN,NaN,NaN,6000
regimen,19//20,3//5,7200.0,4.0,1.0,0.010309278350515427,0.0061246623728395885,4.775195165090331e-15,0.0075033308302210186,8.041237113402062,0.043998706634764184,0.5355701141040299,0.5383023705550157,NaN,NaN,NaN,6000
regimen,19//20,3//5,7200.0,16.0,1.0,0.010309278350515427,0.01240286003768076,3.2272138620171894e-15,0.015010835008946658,32.16494845360825,0.1747854174570043,0.5355701141040299,0.5383023705550157,NaN,NaN,NaN,6000
regimen,19//20,3//5,7200.0,60.0,1.0,0.010309278350515427,0.024103387420210766,3.5217327622364807e-15,0.029098094008970656,120.61855670103093,0.5966443132102077,0.5355701141040299,0.5383023705550157,NaN,NaN,NaN,6000
regimen,19//20,3//5,11520.0,1.0,1.0,0.010309278350515427,0.0020380019439816648,2.6091055385895857e-15,0.0029657201721247687,2.0103092783505154,0.007765568484119051,0.4341158558800592,0.4363305586407802,NaN,NaN,NaN,6000
regimen,19//20,3//5,11520.0,4.0,1.0,0.010309278350515427,0.004321812696311164,4.3682029714169564e-15,0.005931697831803687,8.041237113402062,0.031056958263896733,0.4341158558800592,0.4363305586407802,NaN,NaN,NaN,6000
regimen,19//20,3//5,11520.0,16.0,1.0,0.010309278350515427,0.008751057939913301,2.895470465541073e-15,0.011865456772088454,32.16494845360825,0.12388713399888612,0.4341158558800592,0.4363305586407802,NaN,NaN,NaN,6000
regimen,19//20,3//5,11520.0,60.0,1.0,0.010309278350515427,0.017000044637059335,2.9753773889608828e-15,0.022992025195988298,120.61855670103093,0.4465422078776154,0.4341158558800592,0.4363305586407802,NaN,NaN,NaN,6000
regimen,19//20,3//5,19080.0,1.0,1.0,0.010309278350515427,0.0012980582803578699,2.3214837049715092e-15,0.002304436449152715,2.0103092783505154,0.0049461764934308206,0.314847769410249,0.31645402128931366,NaN,NaN,NaN,6000
regimen,19//20,3//5,19080.0,4.0,1.0,0.010309278350515427,0.0027526306295767577,4.206368450133115e-15,0.004608993689086461,8.041237113402062,0.01978472272431303,0.314847769410249,0.31645402128931366,NaN,NaN,NaN,6000
regimen,19//20,3//5,19080.0,16.0,1.0,0.010309278350515427,0.005573301024976594,2.774317810370837e-15,0.009218954046465633,32.16494845360825,0.07913907480311183,0.314847769410249,0.31645402128931366,NaN,NaN,NaN,6000
regimen,19//20,3//5,19080.0,60.0,1.0,0.010309278350515427,0.010824099944697166,2.731025888505961e-15,0.01785930062818897,120.61855670103093,0.2961737932210966,0.314847769410249,0.31645402128931366,NaN,NaN,NaN,6000
transitorio,19//20,3//5,600.0,1.0,1.0,0.009999999927083003,0.011886162684876295,1.9684346101325827e-19,0.01299855910461046,1.9499999994169381,0.03444975974036857,0.8607704983959246,0.860770498395947,NaN,NaN,NaN,6000
transitorio,19//20,3//5,600.0,4.0,1.0,0.009999999927083003,0.025265861746899577,1.69662129463501e-14,0.026018858012087843,7.7999999976677525,0.17097279821225825,0.8607704983959246,0.860770498395947,0.024833333333333332,0.021044801406163653,0.029092892270180797,6000
transitorio,19//20,3//5,600.0,16.0,1.0,0.009999999927083003,0.05135416274502742,4.3255699656220306e-20,0.052213625097301875,31.19999999067101,0.6356022040319718,0.8607704983959246,0.860770498395947,0.047,0.041782971003824415,0.05266290706991775,6000
transitorio,19//20,3//5,600.0,60.0,1.0,0.009999999927083003,0.1011142045600617,6.330593102135805e-24,0.10241638234956672,116.99999996501629,0.9992085406416815,0.8607704983959246,0.860770498395947,NaN,NaN,NaN,6000
transitorio,19//20,3//5,3600.0,1.0,1.0,0.009999999927083003,0.004492364114757417,2.9021204823775177e-15,0.005305410409916187,1.9499999994169381,0.013024694727528319,0.6674410327450606,0.6674410327450649,NaN,NaN,NaN,6000
transitorio,19//20,3//5,3600.0,4.0,1.0,0.009999999927083003,0.009542438141720955,4.769820441486243e-15,0.010612295398388503,7.7999999976677525,0.06505545246830241,0.6674410327450606,0.6674410327450649,NaN,NaN,NaN,6000
transitorio,19//20,3//5,3600.0,16.0,1.0,0.009999999927083003,0.019340597610302077,4.104220326376866e-15,0.02123640960707969,31.19999999067101,0.2683624608320335,0.6674410327450606,0.6674410327450649,NaN,NaN,NaN,6000
transitorio,19//20,3//5,3600.0,60.0,1.0,0.009999999927083003,0.03767025340387868,4.270319130613303e-15,0.04120864328326592,116.99999996501629,0.7973074850047297,0.6674410327450606,0.6674410327450649,NaN,NaN,NaN,6000
transitorio,19//20,3//5,7200.0,1.0,1.0,0.009999999927083003,0.0028964271507305275,2.4234997168446563e-15,0.003751404825480089,1.9499999994169381,0.00839788679174397,0.5434261303141139,0.5434261303141174,NaN,NaN,NaN,6000
transitorio,19//20,3//5,7200.0,4.0,1.0,0.009999999927083003,0.0061519994974304874,3.722968141075988e-15,0.0075033308302210186,7.7999999976677525,0.04197245968148844,0.5434261303141139,0.5434261303141174,NaN,NaN,NaN,6000
transitorio,19//20,3//5,7200.0,16.0,1.0,0.009999999927083003,0.012465367947567599,3.172324478842312e-15,0.015010835008946658,31.19999999067101,0.17505496233656753,0.5434261303141139,0.5434261303141174,NaN,NaN,NaN,6000
transitorio,19//20,3//5,7200.0,60.0,1.0,0.009999999927083003,0.024254003735000525,3.251897564316311e-15,0.029098094008970656,116.99999996501629,0.5905607282858019,0.5434261303141139,0.5434261303141174,NaN,NaN,NaN,6000
transitorio,19//20,3//5,11520.0,1.0,1.0,0.009999999927083003,0.0020497113378602854,2.07272813742183e-15,0.0029657201721247687,1.9499999994169381,0.005942999038072827,0.4421228586632262,0.4421228586632291,NaN,NaN,NaN,6000
transitorio,19//20,3//5,11520.0,4.0,1.0,0.009999999927083003,0.004353463100346583,3.2990499331880207e-15,0.005931697831803687,7.7999999976677525,0.02971012265305692,0.4421228586632262,0.4421228586632291,NaN,NaN,NaN,6000
transitorio,19//20,3//5,11520.0,16.0,1.0,0.009999999927083003,0.00882019314550801,2.7642637479168516e-15,0.011865456772088454,31.19999999067101,0.12442743483851135,0.4421228586632262,0.4421228586632291,NaN,NaN,NaN,6000
transitorio,19//20,3//5,11520.0,60.0,1.0,0.009999999927083003,0.0171549110696977,2.896452957963127e-15,0.022992025195988298,116.99999996501629,0.44240015147524026,0.4421228586632262,0.4421228586632291,NaN,NaN,NaN,6000
transitorio,19//20,3//5,19080.0,1.0,1.0,0.009999999927083003,0.0013120211048423009,1.8862930518753314e-15,0.002304436449152715,1.9499999994169381,0.0038041483349615657,0.3225789613811485,0.3225789613811513,NaN,NaN,NaN,6000
transitorio,19//20,3//5,19080.0,4.0,1.0,0.009999999927083003,0.002786604800305898,3.073256852869298e-15,0.004608993689086461,7.7999999976677525,0.019020641849711695,0.3225789613811485,0.3225789613811513,NaN,NaN,NaN,6000
transitorio,19//20,3//5,19080.0,16.0,1.0,0.009999999927083003,0.005645319490436077,2.5445587879699153e-15,0.009218954046465633,31.19999999067101,0.07987858046642986,0.3225789613811485,0.3225789613811513,NaN,NaN,NaN,6000
transitorio,19//20,3//5,19080.0,60.0,1.0,0.009999999927083003,0.010977115939749265,2.709624953952202e-15,0.01785930062818897,116.99999996501629,0.294484243646177,0.3225789613811485,0.3225789613811513,NaN,NaN,NaN,6000
regimen,19//20,3//4,600.0,1.0,1.0,0.025974025974025983,0.010989791791898256,3.1750552024501765e-19,0.01299855910461046,2.025974025974026,0.0417302709182088,0.6487618375377111,0.6569721876773921,NaN,NaN,NaN,6000
regimen,19//20,3//4,600.0,4.0,1.0,0.025974025974025983,0.02333454609530502,1.9301573659792692e-14,0.026018858012087843,8.103896103896105,0.16580994575757482,0.6487618375377111,0.6569721876773921,0.023833333333333335,0.020123428566284567,0.02801551053607415,6000
regimen,19//20,3//4,600.0,16.0,1.0,0.025974025974025983,0.0473922489276455,1.848567509271997e-14,0.052213625097301875,32.41558441558442,0.5986508463034206,0.6487618375377111,0.6569721876773921,0.04633333333333333,0.04115288510163298,0.05196037626565288,6000
regimen,19//20,3//4,600.0,60.0,1.0,0.025974025974025983,0.09344838355189901,6.313249784773462e-24,0.10241638234956672,121.55844155844157,0.9986800414067427,0.6487618375377111,0.6569721876773921,NaN,NaN,NaN,6000
regimen,19//20,3//4,3600.0,1.0,1.0,0.025974025974025983,0.0027401887346349147,4.0142427133659786e-15,0.005305410409916187,2.025974025974026,0.010409565395490317,0.273207254223505,0.2766644943382144,NaN,NaN,NaN,6000
regimen,19//20,3//4,3600.0,4.0,1.0,0.025974025974025983,0.005813907332349276,5.901700667800305e-15,0.010612295398388503,8.103896103896105,0.041648756543043994,0.273207254223505,0.2766644943382144,NaN,NaN,NaN,6000
regimen,19//20,3//4,3600.0,16.0,1.0,0.025974025974025983,0.011771601314240506,4.651522687305311e-15,0.02123640960707969,32.41558441558442,0.16719774430336193,0.273207254223505,0.2766644943382144,NaN,NaN,NaN,6000
regimen,19//20,3//4,3600.0,60.0,1.0,0.025974025974025983,0.022956553535611397,4.7122011780459e-15,0.04120864328326592,121.55844155844157,0.621796711100699,0.273207254223505,0.2766644943382144,NaN,NaN,NaN,6000
regimen,19//20,3//4,7200.0,1.0,1.0,0.025974025974025983,0.001072207161554469,2.9781740539881416e-15,0.003751404825480089,2.025974025974026,0.004073412135234107,0.12239066214578243,0.12393946805480976,NaN,NaN,NaN,6000
regimen,19//20,3//4,7200.0,4.0,1.0,0.025974025974025983,0.002274759149154806,4.775195165090331e-15,0.0075033308302210186,8.103896103896105,0.016309092891781778,0.12239066214578243,0.12393946805480976,NaN,NaN,NaN,6000
regimen,19//20,3//4,7200.0,16.0,1.0,0.025974025974025983,0.004604483636632042,3.2272138620171894e-15,0.015010835008946658,32.41558441558442,0.06621054487399122,0.12239066214578243,0.12393946805480976,NaN,NaN,NaN,6000
regimen,19//20,3//4,7200.0,60.0,1.0,0.025974025974025983,0.008970193338318864,3.5216815398613263e-15,0.029098094008970656,121.55844155844157,0.28960756832001733,0.12239066214578243,0.12393946805480976,NaN,NaN,NaN,6000
regimen,19//20,3//4,11520.0,1.0,1.0,0.025974025974025983,0.00041671970510732026,2.6091055385895857e-15,0.0029657201721247687,2.025974025974026,0.0015831932853897883,0.0510092093771051,0.05165471869198425,NaN,NaN,NaN,6000
regimen,19//20,3//4,11520.0,4.0,1.0,0.025974025974025983,0.0008840751174938599,4.3682029714169564e-15,0.005931697831803687,8.103896103896105,0.006340429685783869,0.0510092093771051,0.05165471869198425,NaN,NaN,NaN,6000
regimen,19//20,3//4,11520.0,16.0,1.0,0.025974025974025983,0.0017893239355743409,2.895470465541073e-15,0.011865456772088454,32.41558441558442,0.02584963903012982,0.0510092093771051,0.05165471869198425,NaN,NaN,NaN,6000
regimen,19//20,3//4,11520.0,60.0,1.0,0.025974025974025983,0.003484510435280532,2.975334113134157e-15,0.022992025195988298,121.55844155844157,0.1208738989397871,0.0510092093771051,0.05165471869198425,NaN,NaN,NaN,6000
regimen,19//20,3//4,19080.0,1.0,1.0,0.025974025974025983,9.34608869697139e-5,2.3214837049715092e-15,0.002304436449152715,2.025974025974026,0.00035508029391540224,0.012112162263522946,0.012265440182759024,NaN,NaN,NaN,6000
regimen,19//20,3//4,19080.0,4.0,1.0,0.025974025974025983,0.00019827473517337519,4.206368450133115e-15,0.004608993689086461,8.103896103896105,0.0014222834434738218,0.012112162263522946,0.012265440182759024,NaN,NaN,NaN,6000
regimen,19//20,3//4,19080.0,16.0,1.0,0.025974025974025983,0.00040127029967314124,2.774317810370837e-15,0.009218954046465633,32.41558441558442,0.0058148669337186425,0.012112162263522946,0.012265440182759024,NaN,NaN,NaN,6000
regimen,19//20,3//4,19080.0,60.0,1.0,0.025974025974025983,0.0007812303231746493,2.7309861666866214e-15,0.01785930062818897,121.55844155844157,0.0284684691937563,0.012112162263522946,0.012265440182759024,NaN,NaN,NaN,6000
transitorio,19//20,3//4,600.0,1.0,1.0,0.02499999981557388,0.011007120126996499,1.163752535547329e-14,0.01299855910461046,1.9499999993940413,0.0317791200548968,0.6610302810877723,0.6610302810877916,NaN,NaN,NaN,6000
transitorio,19//20,3//4,600.0,4.0,1.0,0.02499999981557388,0.023403859996068654,7.640536761651438e-16,0.026018858012087843,7.799999997576165,0.1579132138700745,0.6610302810877723,0.6610302810877916,0.020166666666666666,0.016761266278146288,0.024049072620061923,6000
transitorio,19//20,3//4,600.0,16.0,1.0,0.02499999981557388,0.04762232688675458,3.9107485977008507e-20,0.052213625097301875,31.19999999030466,0.5982939584258513,0.6610302810877723,0.6610302810877916,0.0455,0.04036570438787333,0.05108178823382031,6000
transitorio,19//20,3//4,600.0,60.0,1.0,0.02499999981557388,0.09415403631136562,6.508401154555471e-24,0.10241638234956672,116.99999996364248,0.9984328243419414,0.6610302810877723,0.6610302810877916,NaN,NaN,NaN,6000
transitorio,19//20,3//4,3600.0,1.0,1.0,0.02499999981557388,0.002777854380349291,3.2098624796080982e-15,0.005305410409916187,1.9499999993940413,0.008022813855261657,0.28274414501543155,0.2827441450154363,NaN,NaN,NaN,6000
transitorio,19//20,3//4,3600.0,4.0,1.0,0.02499999981557388,0.00590218466446472,4.6759664644432196e-15,0.010612295398388503,7.799999997576165,0.04012192519342345,0.28274414501543155,0.2827441450154363,NaN,NaN,NaN,6000
transitorio,19//20,3//4,3600.0,16.0,1.0,0.02499999981557388,0.011975499409561058,3.936762165576675e-15,0.02123640960707969,31.19999999030466,0.16901727536317027,0.28274414501543155,0.2827441450154363,NaN,NaN,NaN,6000
transitorio,19//20,3//4,3600.0,60.0,1.0,0.02499999981557388,0.023418046674304503,4.4166093747079226e-15,0.04120864328326592,116.99999996364248,0.6172621708463076,0.28274414501543155,0.2827441450154363,NaN,NaN,NaN,6000
transitorio,19//20,3//4,7200.0,1.0,1.0,0.02499999981557388,0.0011031160902590718,2.3206882092091943e-15,0.003751404825480089,1.9499999993940413,0.0031860556848531674,0.1287306004278745,0.12873060042787796,NaN,NaN,NaN,6000
transitorio,19//20,3//4,7200.0,4.0,1.0,0.02499999981557388,0.0023436544182140534,3.622416348160812e-15,0.0075033308302210186,7.799999997576165,0.01594362159678874,0.1287306004278745,0.12873060042787796,NaN,NaN,NaN,6000
transitorio,19//20,3//4,7200.0,16.0,1.0,0.02499999981557388,0.004753916890436867,3.0140285317444113e-15,0.015010835008946658,31.19999999030466,0.06792021999417924,0.1287306004278745,0.12873060042787796,NaN,NaN,NaN,6000
transitorio,19//20,3//4,7200.0,60.0,1.0,0.02499999981557388,0.009286507305941098,3.27393320207153e-15,0.029098094008970656,116.99999996364248,0.28984557484503215,0.1287306004278745,0.12873060042787796,NaN,NaN,NaN,6000
transitorio,19//20,3//4,11520.0,1.0,1.0,0.02499999981557388,0.0004363955314609245,2.020314369511045e-15,0.0029657201721247687,1.9499999993940413,0.0012604279517548604,0.05466031205121166,0.05466031205121463,NaN,NaN,NaN,6000
transitorio,19//20,3//4,11520.0,4.0,1.0,0.02499999981557388,0.0009271308698010844,3.2622316931608046e-15,0.005931697831803687,7.799999997576165,0.006308936251694947,0.05466031205121166,0.05466031205121463,NaN,NaN,NaN,6000
transitorio,19//20,3//4,11520.0,16.0,1.0,0.02499999981557388,0.0018804121856614208,2.849529942622763e-15,0.011865456772088454,31.19999999030466,0.026990079209915002,0.05466031205121166,0.05466031205121463,NaN,NaN,NaN,6000
transitorio,19//20,3//4,11520.0,60.0,1.0,0.02499999981557388,0.003671839770363207,2.9373676519712844e-15,0.022992025195988298,116.99999996364248,0.12277962133543747,0.05466031205121166,0.05466031205121463,NaN,NaN,NaN,6000
transitorio,19//20,3//4,19080.0,1.0,1.0,0.02499999981557388,0.00010095531117033527,1.9097707723138455e-15,0.002304436449152715,1.9499999993940413,0.00029158863490927247,0.013399432024047472,0.013399432024050261,NaN,NaN,NaN,6000
transitorio,19//20,3//4,19080.0,4.0,1.0,0.02499999981557388,0.00021447775458563811,3.1316172148140244e-15,0.004608993689086461,7.799999997576165,0.0014597474450568802,0.013399432024047472,0.013399432024050261,NaN,NaN,NaN,6000
transitorio,19//20,3//4,19080.0,16.0,1.0,0.02499999981557388,0.0004349746166068271,2.5674246786985004e-15,0.009218954046465633,31.19999999030466,0.006262415127078453,0.013399432024047472,0.013399432024050261,NaN,NaN,NaN,6000
transitorio,19//20,3//4,19080.0,60.0,1.0,0.02499999981557388,0.0008491462310127634,2.668815992806357e-15,0.01785930062818897,116.99999996364248,0.029767020459830852,0.013399432024047472,0.013399432024050261,NaN,NaN,NaN,6000
regimen,19//20,9//10,600.0,1.0,1.0,0.041884816753926746,0.009455801963083573,3.1750552024501765e-19,0.01299855910461046,2.0418848167539267,0.03579378663671004,0.4679635226920166,0.47736452274148333,NaN,NaN,NaN,6000
regimen,19//20,9//10,600.0,4.0,1.0,0.041884816753926746,0.020083839013489164,1.9301573659792692e-14,0.026018858012087843,8.167539267015707,0.1425829682142662,0.4679635226920166,0.47736452274148333,0.018,0.014788525442886561,0.021691437134507968,6000
regimen,19//20,9//10,600.0,16.0,1.0,0.041884816753926746,0.04074257358701435,1.848567509271997e-14,0.052213625097301875,32.67015706806283,0.5334352033423748,0.4679635226920166,0.47736452274148333,0.03883333333333333,0.03408692035299686,0.044034522228276834,6000
regimen,19//20,9//10,600.0,60.0,1.0,0.041884816753926746,0.08095878393494417,6.313249785585163e-24,0.10241638234956672,122.5130890052356,0.9970101023769576,0.4679635226920166,0.47736452274148333,NaN,NaN,NaN,6000
regimen,19//20,9//10,3600.0,1.0,1.0,0.041884816753926746,0.0010919856529059406,4.0142427133659786e-15,0.005305410409916187,2.0418848167539267,0.004136967115924407,0.08015554230029709,0.08176600430361083,NaN,NaN,NaN,6000
regimen,19//20,9//10,3600.0,4.0,1.0,0.041884816753926746,0.0023175983753048247,5.901700667800305e-15,0.010612295398388503,8.167539267015707,0.016594425529568725,0.08015554230029709,0.08176600430361083,NaN,NaN,NaN,6000
regimen,19//20,9//10,3600.0,16.0,1.0,0.041884816753926746,0.004688271263775931,4.651522687305311e-15,0.02123640960707969,32.67015706806283,0.06929524713047874,0.08015554230029709,0.08176600430361083,NaN,NaN,NaN,6000
regimen,19//20,9//10,3600.0,60.0,1.0,0.041884816753926746,0.009214417087029437,4.712269716387867e-15,0.04120864328326592,122.5130890052356,0.3713375095505794,0.08015554230029709,0.08176600430361083,NaN,NaN,NaN,6000
regimen,19//20,9//10,7200.0,1.0,1.0,0.041884816753926746,0.00016978708754264473,2.9781740539881416e-15,0.003751404825480089,2.0418848167539267,0.0006432545170251677,0.01356370472818363,0.013836195521884727,NaN,NaN,NaN,6000
regimen,19//20,9//10,7200.0,4.0,1.0,0.041884816753926746,0.00036032693874424966,4.775195165090331e-15,0.0075033308302210186,8.167539267015707,0.0025820572087098164,0.01356370472818363,0.013836195521884727,NaN,NaN,NaN,6000
regimen,19//20,9//10,7200.0,16.0,1.0,0.041884816753926746,0.0007286961237508271,3.2272138620171894e-15,0.015010835008946658,32.67015706806283,0.010908037335976967,0.01356370472818363,0.013836195521884727,NaN,NaN,NaN,6000
regimen,19//20,9//10,7200.0,60.0,1.0,0.041884816753926746,0.0014306063070963794,3.5217327622528262e-15,0.029098094008970656,122.5130890052356,0.07169858082135316,0.01356370472818363,0.013836195521884727,NaN,NaN,NaN,6000
regimen,19//20,9//10,11520.0,1.0,1.0,0.041884816753926746,2.1797792655928153e-5,2.6091055385895857e-15,0.0029657201721247687,2.0418848167539267,8.258523701230836e-5,0.001812000936966948,0.001848405248812828,NaN,NaN,NaN,6000
regimen,19//20,9//10,11520.0,4.0,1.0,0.041884816753926746,4.6258650503038984e-5,4.3682029714169564e-15,0.005931697831803687,8.167539267015707,0.00033158823331145605,0.001812000936966948,0.001848405248812828,NaN,NaN,NaN,6000
regimen,19//20,9//10,11520.0,16.0,1.0,0.041884816753926746,9.354015088630878e-5,2.895470465541073e-15,0.011865456772088454,32.67015706806283,0.0014069655359129705,0.001812000936966948,0.001848405248812828,NaN,NaN,NaN,6000
regimen,19//20,9//10,11520.0,60.0,1.0,0.041884816753926746,0.0001835769473614214,2.9753773889746926e-15,0.022992025195988298,122.5130890052356,0.010046635557956636,0.001812000936966948,0.001848405248812828,NaN,NaN,NaN,6000
regimen,19//20,9//10,19080.0,1.0,1.0,0.041884816753926746,7.036799322617954e-7,2.3214837049715092e-15,0.002304436449152715,2.0418848167539267,2.6660832674721287e-6,6.0278696830417486e-5,6.148974160757919e-5,NaN,NaN,NaN,6000
regimen,19//20,9//10,19080.0,4.0,1.0,0.041884816753926746,1.4933017041312651e-6,4.206368450133115e-15,0.004608993689086461,8.167539267015707,1.0706449391532977e-5,6.0278696830417486e-5,6.148974160757919e-5,NaN,NaN,NaN,6000
regimen,19//20,9//10,19080.0,16.0,1.0,0.041884816753926746,3.019412381454767e-6,2.774317810370837e-15,0.009218954046465633,32.67015706806283,4.556071733243275e-5,6.0278696830417486e-5,6.148974160757919e-5,NaN,NaN,NaN,6000
regimen,19//20,9//10,19080.0,60.0,1.0,0.041884816753926746,5.924152190905961e-6,2.731025888518637e-15,0.01785930062818897,122.5130890052356,0.0003442672790318474,6.0278696830417486e-5,6.148974160757919e-5,NaN,NaN,NaN,6000
transitorio,19//20,9//10,600.0,1.0,1.0,0.03999999969852985,0.009511864618714169,1.2336027186412257e-14,0.01299855910461046,1.9499999993508919,0.027356033612949554,0.482923454378796,0.48292345437881534,NaN,NaN,NaN,6000
transitorio,19//20,9//10,600.0,4.0,1.0,0.03999999969852985,0.020234964736434092,8.221895634771707e-16,0.026018858012087843,7.799999997403567,0.13624615744374835,0.482923454378796,0.48292345437881534,0.02266666666666667,0.019050758808665635,0.02675632233425839,6000
transitorio,19//20,9//10,600.0,16.0,1.0,0.03999999969852985,0.04125823603754963,4.047805394808035e-20,0.052213625097301875,31.19999998961427,0.5345109644858612,0.482923454378796,0.48292345437881534,0.043166666666666666,0.038164224251333936,0.04861912943129941,6000
transitorio,19//20,9//10,600.0,60.0,1.0,0.03999999969852985,0.0821928611140729,3.901284828979619e-24,0.10241638234956672,116.9999999610535,0.9965473870002065,0.482923454378796,0.48292345437881534,NaN,NaN,NaN,6000
transitorio,19//20,9//10,3600.0,1.0,1.0,0.03999999969852985,0.0011337881532534585,3.116818357188327e-15,0.005305410409916187,1.9499999993508919,0.003261891219226043,0.08566254695188466,0.08566254695188907,NaN,NaN,NaN,6000
transitorio,19//20,9//10,3600.0,4.0,1.0,0.03999999969852985,0.002410214669286925,4.611135504143757e-15,0.010612295398388503,7.799999997403567,0.0163502662924115,0.08566254695188466,0.08566254695188907,NaN,NaN,NaN,6000
transitorio,19//20,9//10,3600.0,16.0,1.0,0.03999999969852985,0.00490014478850589,4.26022040005471e-15,0.02123640960707969,31.19999998961427,0.07157818710455753,0.08566254695188466,0.08566254695188907,NaN,NaN,NaN,6000
transitorio,19//20,9//10,3600.0,60.0,1.0,0.03999999969852985,0.009653310796487232,4.069836981204082e-15,0.04120864328326592,116.9999999610535,0.37044642700987057,0.08566254695188466,0.08566254695188907,NaN,NaN,NaN,6000
transitorio,19//20,9//10,7200.0,1.0,1.0,0.03999999969852985,0.0001830296038634424,2.2209907432420307e-15,0.003751404825480089,1.9499999993508919,0.0005265915695678103,0.01507048980322859,0.015070489803231895,NaN,NaN,NaN,6000
transitorio,19//20,9//10,7200.0,4.0,1.0,0.03999999969852985,0.00038905762993317203,3.819616511008357e-15,0.0075033308302210186,7.799999997403567,0.0026412432852644255,0.01507048980322859,0.015070489803231895,NaN,NaN,NaN,6000
transitorio,19//20,9//10,7200.0,16.0,1.0,0.03999999969852985,0.0007907570038534339,3.10444577699586e-15,0.015010835008946658,31.19999998961427,0.011697414987821092,0.01507048980322859,0.015070489803231895,NaN,NaN,NaN,6000
transitorio,19//20,9//10,7200.0,60.0,1.0,0.03999999969852985,0.0015561314310501028,3.293853036380993e-15,0.029098094008970656,116.9999999610535,0.07357055233413408,0.01507048980322859,0.015070489803231895,NaN,NaN,NaN,6000
transitorio,19//20,9//10,11520.0,1.0,1.0,0.03999999969852985,2.4585198270533495e-5,2.092273627787837e-15,0.0029657201721247687,1.9499999993508919,7.073460022447107e-5,0.0021078140090576994,0.0021078140090607564,NaN,NaN,NaN,6000
transitorio,19//20,9//10,11520.0,4.0,1.0,0.03999999969852985,5.225821977820271e-5,3.4405399998076304e-15,0.005931697831803687,7.799999997403567,0.0003548714994298013,0.0021078140090576994,0.0021078140090607564,NaN,NaN,NaN,6000
transitorio,19//20,9//10,11520.0,16.0,1.0,0.03999999969852985,0.00010620311581521747,2.7603248868815344e-15,0.011865456772088454,31.19999998961427,0.0015785191502716077,0.0021078140090576994,0.0021078140090607564,NaN,NaN,NaN,6000
transitorio,19//20,9//10,11520.0,60.0,1.0,0.03999999969852985,0.0002089139202752213,2.976701380951851e-15,0.022992025195988298,116.9999999610535,0.010743277971383396,0.0021078140090576994,0.0021078140090607564,NaN,NaN,NaN,6000
transitorio,19//20,9//10,19080.0,1.0,1.0,0.03999999969852985,8.589856470099408e-7,1.931671773329239e-15,0.002304436449152715,1.9499999993508919,2.471427134777496e-6,7.593396677262301e-5,7.593396677540678e-5,NaN,NaN,NaN,6000
transitorio,19//20,9//10,19080.0,4.0,1.0,0.03999999969852985,1.8258246965694587e-6,3.2154105089316384e-15,0.004608993689086461,7.799999997403567,1.2400985220915474e-5,7.593396677262301e-5,7.593396677540678e-5,NaN,NaN,NaN,6000
transitorio,19//20,9//10,19080.0,16.0,1.0,0.03999999969852985,3.710317382729856e-6,2.5531237484736954e-15,0.009218954046465633,31.19999998961427,5.5321202041658693e-5,7.593396677262301e-5,7.593396677540678e-5,NaN,NaN,NaN,6000
transitorio,19//20,9//10,19080.0,60.0,1.0,0.03999999969852985,7.296711017843735e-6,2.6627704644331293e-15,0.01785930062818897,116.9999999610535,0.0003973488938608304,7.593396677262301e-5,7.593396677540678e-5,NaN,NaN,NaN,6000
regimen,19//20,1//1,600.0,1.0,1.0,0.05263157894736836,0.008225038666647557,3.1750552024501765e-19,0.01299855910461046,2.052631578947368,0.0310858167730641,0.3653300957511143,0.37444617320080636,NaN,NaN,NaN,6000
regimen,19//20,1//1,600.0,4.0,1.0,0.05263157894736836,0.017471789471607605,1.9301573659792685e-14,0.026018858012087843,8.210526315789473,0.12411756750950048,0.3653300957511143,0.37444617320080636,0.018,0.014788525442886561,0.021691437134507968,6000
regimen,19//20,1//1,600.0,16.0,1.0,0.05263157894736836,0.0354212424107995,1.8413419675246694e-14,0.052213625097301875,32.84210526315789,0.4795772091059252,0.3653300957511143,0.37444617320080636,0.034,0.029558809387716822,0.03890139000522269,6000
regimen,19//20,1//1,600.0,60.0,1.0,0.05263157894736836,0.07094394926492649,6.3132496444299734e-24,0.10241638234956672,123.15789473684208,0.9949575718909534,0.3653300957511143,0.37444617320080636,NaN,NaN,NaN,6000
regimen,19//20,1//1,3600.0,1.0,1.0,0.05263157894736836,0.0004670911836075754,4.0142427133659786e-15,0.005305410409916187,2.052631578947368,0.0017664505106493172,0.02886164205210099,0.029582120964839562,NaN,NaN,NaN,6000
regimen,19//20,1//1,3600.0,4.0,1.0,0.05263157894736836,0.0009914891275400158,5.9017006678003035e-15,0.010612295398388503,8.210526315789473,0.007102400930182598,0.02886164205210099,0.029582120964839562,NaN,NaN,NaN,6000
regimen,19//20,1//1,3600.0,16.0,1.0,0.05263157894736836,0.0020043770965231206,4.633341359944029e-15,0.02123640960707969,32.84210526315789,0.030738025431149035,0.02886164205210099,0.029582120964839562,NaN,NaN,NaN,6000
regimen,19//20,1//1,3600.0,60.0,1.0,0.05263157894736836,0.0039702612638424185,4.7003508603035085e-15,0.04120864328326592,123.15789473684208,0.223194757623313,0.02886164205210099,0.029582120964839562,NaN,NaN,NaN,6000
regimen,19//20,1//1,7200.0,1.0,1.0,0.05263157894736836,3.0975330927299385e-5,2.9781740539881416e-15,0.003751404825480089,2.052631578947368,0.00011715027130706655,0.0020411889342868694,0.0020921468617878243,NaN,NaN,NaN,6000
regimen,19//20,1//1,7200.0,4.0,1.0,0.05263157894736836,6.574625416842017e-5,4.775195165090329e-15,0.0075033308302210186,8.210526315789473,0.00047135837375517206,0.0020411889342868694,0.0020921468617878243,NaN,NaN,NaN,6000
regimen,19//20,1//1,7200.0,16.0,1.0,0.05263157894736836,0.00013287411947859195,3.2145997860139153e-15,0.015010835008946658,32.84210526315789,0.002064528216938777,0.0020411889342868694,0.0020921468617878243,NaN,NaN,NaN,6000
regimen,19//20,1//1,7200.0,60.0,1.0,0.05263157894736836,0.00026291772200041046,3.512825159660412e-15,0.029098094008970656,123.15789473684208,0.018906921901704968,0.0020411889342868694,0.0020921468617878243,NaN,NaN,NaN,6000
regimen,19//20,1//1,11520.0,1.0,1.0,0.05263157894736836,1.4306066941853692e-6,2.6091055385895857e-15,0.0029657201721247687,2.052631578947368,5.4107556740650545e-6,9.703145028081985e-5,9.945389114397434e-5,NaN,NaN,NaN,6000
regimen,19//20,1//1,11520.0,4.0,1.0,0.05263157894736836,3.0364323271582964e-6,4.368202971416956e-15,0.005931697831803687,8.210526315789473,2.177609375734314e-5,9.703145028081985e-5,9.945389114397434e-5,NaN,NaN,NaN,6000
regimen,19//20,1//1,11520.0,16.0,1.0,0.05263157894736836,6.136027151699798e-6,2.884153087867368e-15,0.011865456772088454,32.84210526315789,9.581031673097914e-5,9.703145028081985e-5,9.945389114397434e-5,NaN,NaN,NaN,6000
regimen,19//20,1//1,11520.0,60.0,1.0,0.05263157894736836,1.2136545548180829e-5,2.9678516960491006e-15,0.022992025195988298,123.15789473684208,0.0009630320129161141,9.703145028081985e-5,9.945389114397434e-5,NaN,NaN,NaN,6000
regimen,19//20,1//1,19080.0,1.0,1.0,0.05263157894736836,7.717015011640366e-9,2.3214837049715092e-15,0.002304436449152715,2.052631578947368,2.918729416946619e-8,5.34571302046417e-7,5.479174221946401e-7,NaN,NaN,NaN,6000
regimen,19//20,1//1,19080.0,4.0,1.0,0.05263157894736836,1.637890898403585e-8,4.206368450133114e-15,0.004608993689086461,8.210526315789473,1.174873935092984e-7,5.34571302046417e-7,5.479174221946401e-7,NaN,NaN,NaN,6000
regimen,19//20,1//1,19080.0,16.0,1.0,0.05263157894736836,3.3096225223956275e-8,2.7634739867972314e-15,0.009218954046465633,32.84210526315789,5.184700021998575e-7,5.34571302046417e-7,5.479174221946401e-7,NaN,NaN,NaN,6000
regimen,19//20,1//1,19080.0,60.0,1.0,0.05263157894736836,6.544450794149652e-8,2.7241182396667316e-15,0.01785930062818897,123.15789473684208,5.5517259452079975e-6,5.34571302046417e-7,5.479174221946401e-7,NaN,NaN,NaN,6000
transitorio,19//20,1//1,600.0,1.0,1.0,0.049999999615720325,0.00830422878773687,2.184327428287487e-19,0.01299855910461046,1.9499999993103332,0.023821209825540895,0.38046688706557885,0.3804668870656012,NaN,NaN,NaN,6000
transitorio,19//20,1//1,600.0,4.0,1.0,0.049999999615720325,0.017674262072067876,1.620812769362886e-14,0.026018858012087843,7.799999997241333,0.11889193767490489,0.38046688706557885,0.3804668870656012,0.017333333333333333,0.014183979148285442,0.020963591090925215,6000
transitorio,19//20,1//1,600.0,16.0,1.0,0.049999999615720325,0.03610473447926846,1.717332928277393e-14,0.052213625097301875,31.19999998896533,0.481476421685873,0.38046688706557885,0.3804668870656012,0.033,0.02862490672159393,0.037836434356888285,6000
transitorio,19//20,1//1,600.0,60.0,1.0,0.049999999615720325,0.07243104872111863,6.2922240182669365e-24,0.10241638234956672,116.99999995862,0.9942544467953798,0.38046688706557885,0.3804668870656012,NaN,NaN,NaN,6000
transitorio,19//20,1//1,3600.0,1.0,1.0,0.049999999615720325,0.0004952430684870689,3.18877723243881e-15,0.005305410409916187,1.9499999993103332,0.0014211295986068812,0.03167540973660517,0.03167540973660985,NaN,NaN,NaN,6000
transitorio,19//20,1//1,3600.0,4.0,1.0,0.049999999615720325,0.0010532844817365548,4.747113165723898e-15,0.010612295398388503,7.799999997241333,0.0071385798645034505,0.03167540973660517,0.03167540973660985,NaN,NaN,NaN,6000
transitorio,19//20,1//1,3600.0,16.0,1.0,0.049999999615720325,0.002145380069268118,4.3213125246139034e-15,0.02123640960707969,31.19999998896533,0.032363149799696234,0.03167540973660517,0.03167540973660985,NaN,NaN,NaN,6000
transitorio,19//20,1//1,3600.0,60.0,1.0,0.049999999615720325,0.004255402520366893,4.5448212445294336e-15,0.04120864328326592,116.99999995862,0.22406017405634931,0.03167540973660517,0.03167540973660985,NaN,NaN,NaN,6000
transitorio,19//20,1//1,7200.0,1.0,1.0,0.049999999615720325,3.4826672369035375e-5,2.365750856813174e-15,0.003751404825480089,1.9499999993103332,9.994068703627506e-5,0.00237805839066951,0.002378058390672966,NaN,NaN,NaN,6000
transitorio,19//20,1//1,7200.0,4.0,1.0,0.049999999615720325,7.406412140728566e-5,3.783604355160798e-15,0.0075033308302210186,7.799999997241333,0.0005023427621148011,0.00237805839066951,0.002378058390672966,NaN,NaN,NaN,6000
transitorio,19//20,1//1,7200.0,16.0,1.0,0.049999999615720325,0.0001508139251576165,2.998120517680167e-15,0.015010835008946658,31.19999998896533,0.002304669848452769,0.00237805839066951,0.002378058390672966,NaN,NaN,NaN,6000
transitorio,19//20,1//1,7200.0,60.0,1.0,0.049999999615720325,0.0002988183744805193,3.3965893357522652e-15,0.029098094008970656,116.99999995862,0.019904260702314963,0.00237805839066951,0.002378058390672966,NaN,NaN,NaN,6000
transitorio,19//20,1//1,11520.0,1.0,1.0,0.049999999615720325,1.7257957302708602e-6,2.0725722930997304e-15,0.0029657201721247687,1.9499999993103332,4.952510351842549e-6,0.00012135619865678438,0.00012135619865985634,NaN,NaN,NaN,6000
transitorio,19//20,1//1,11520.0,4.0,1.0,0.049999999615720325,3.670063004190552e-6,3.4355008064818904e-15,0.005931697831803687,7.799999997241333,2.4899356588243993e-5,0.00012135619865678438,0.00012135619865985634,NaN,NaN,NaN,6000
transitorio,19//20,1//1,11520.0,16.0,1.0,0.049999999615720325,7.472402961383889e-6,2.6899287601408595e-15,0.011865456772088454,31.19999998896533,0.00011474879557061483,0.00012135619865678438,0.00012135619865985634,NaN,NaN,NaN,6000
transitorio,19//20,1//1,11520.0,60.0,1.0,0.049999999615720325,1.4799622922165103e-5,2.8696484124577122e-15,0.022992025195988298,116.99999995862,0.0010828206528123074,0.00012135619865678438,0.00012135619865985634,NaN,NaN,NaN,6000
transitorio,19//20,1//1,19080.0,1.0,1.0,0.049999999615720325,1.052980721520669e-8,1.8440928937718274e-15,0.002304436449152715,1.9499999993103332,3.0217612929749296e-8,7.565652560854354e-7,7.565652587838791e-7,NaN,NaN,NaN,6000
transitorio,19//20,1//1,19080.0,4.0,1.0,0.049999999615720325,2.2392200869705624e-8,3.297082478082179e-15,0.004608993689086461,7.799999997241333,1.519470174967426e-7,7.565652560854354e-7,7.565652587838791e-7,NaN,NaN,NaN,6000
transitorio,19//20,1//1,19080.0,16.0,1.0,0.049999999615720325,4.558822226133951e-8,2.5773771368589517e-15,0.009218954046465633,31.19999998896533,7.023356723169747e-7,7.565652560854354e-7,7.565652587838791e-7,NaN,NaN,NaN,6000
transitorio,19//20,1//1,19080.0,60.0,1.0,0.049999999615720325,9.026666988538375e-8,2.6339797987746717e-15,0.01785930062818897,116.99999995862,7.038624251618264e-6,7.565652560854354e-7,7.565652587838791e-7,NaN,NaN,NaN,6000
regimen,99//100,1//2,600.0,1.0,1.0,0.0,0.012066924748030972,3.175055202389362e-19,0.01299855910461046,2.0,0.04604189919647006,0.9999999999999334,0.9999999999999334,NaN,NaN,NaN,6000
regimen,99//100,1//2,600.0,4.0,1.0,0.0,0.025600957433942768,1.6735746151751912e-14,0.026018858012087843,8.0,0.18264456752959024,0.9999999999999334,0.9999999999999334,0.025166666666666667,0.021352304226898662,0.02945164458465488,6000
regimen,99//100,1//2,600.0,16.0,1.0,0.0,0.0520065749819669,1.717681657204522e-14,0.052213625097301875,32.0,0.6443913847904572,0.9999999999999334,0.9999999999999334,0.05433333333333333,0.04873229654249964,0.060372451936849966,6000
regimen,99//100,1//2,600.0,60.0,1.0,0.0,0.10230567806991239,6.31324775104557e-24,0.10241638234956672,120.0,0.999465377473792,0.9999999999999334,0.9999999999999334,NaN,NaN,NaN,6000
regimen,99//100,1//2,3600.0,1.0,1.0,0.0,0.0049253539299575835,3.210343104236656e-15,0.005305410409916187,2.0,0.018804687018067867,0.999999999998044,0.999999999998044,NaN,NaN,NaN,6000
regimen,99//100,1//2,3600.0,4.0,1.0,0.0,0.010442170808485498,5.253989119269427e-15,0.010612295398388503,8.0,0.07511441095454213,0.999999999998044,0.999999999998044,NaN,NaN,NaN,6000
regimen,99//100,1//2,3600.0,16.0,1.0,0.0,0.021152834218966868,4.3221801125040144e-15,0.02123640960707969,32.0,0.2939196499738976,0.999999999998044,0.999999999998044,NaN,NaN,NaN,6000
regimen,99//100,1//2,3600.0,60.0,1.0,0.0,0.041165407996738165,4.540477345230004e-15,0.04120864328326592,120.0,0.8426983905318357,0.999999999998044,0.999999999998044,NaN,NaN,NaN,6000
regimen,99//100,1//2,7200.0,1.0,1.0,0.0,0.0034826842025882762,2.381775867326026e-15,0.003751404825480089,2.0,0.013297498850416811,0.999999999996485,0.999999999996485,NaN,NaN,NaN,6000
regimen,99//100,1//2,7200.0,4.0,1.0,0.0,0.007383068545319793,4.288736501905082e-15,0.0075033308302210186,8.0,0.05315308149281833,0.999999999996485,0.999999999996485,NaN,NaN,NaN,6000
regimen,99//100,1//2,7200.0,16.0,1.0,0.0,0.014951804389693115,2.998718318919258e-15,0.015010835008946658,32.0,0.21027473097828092,0.999999999996485,0.999999999996485,NaN,NaN,NaN,6000
regimen,99//100,1//2,7200.0,60.0,1.0,0.0,0.0290676509048839,3.393343077886139e-15,0.029098094008970656,120.0,0.6826894921005973,0.999999999996485,0.999999999996485,NaN,NaN,NaN,6000
regimen,99//100,1//2,11520.0,1.0,1.0,0.0,0.0027532837626194242,2.086623536187931e-15,0.0029657201721247687,2.0,0.010512766993610534,1.0000000000067204,1.0000000000067204,NaN,NaN,NaN,6000
regimen,99//100,1//2,11520.0,4.0,1.0,0.0,0.005836632211456367,3.940002936693885e-15,0.005931697831803687,8.0,0.04203282392859464,1.0000000000067204,1.0000000000067204,NaN,NaN,NaN,6000
regimen,99//100,1//2,11520.0,16.0,1.0,0.0,0.011818808522333102,2.690463744689989e-15,0.011865456772088454,32.0,0.16697139057438043,1.0000000000067204,1.0000000000067204,NaN,NaN,NaN,6000
regimen,99//100,1//2,11520.0,60.0,1.0,0.0,0.022967995680760606,2.866905852516566e-15,0.022992025195988298,120.0,0.5708050125261617,1.0000000000067204,1.0000000000067204,NaN,NaN,NaN,6000
regimen,99//100,1//2,19080.0,1.0,1.0,0.0,0.002139370289439957,1.8566059347490392e-15,0.002304436449152715,2.0,0.008168809365062535,1.000000000013198,1.000000000013198,NaN,NaN,NaN,6000
regimen,99//100,1//2,19080.0,4.0,1.0,0.0,0.004535130137388061,3.8013341109550445e-15,0.004608993689086461,8.0,0.03266667683101476,1.000000000013198,1.000000000013198,NaN,NaN,NaN,6000
regimen,99//100,1//2,19080.0,16.0,1.0,0.0,0.009182717040565861,2.5778892050519835e-15,0.009218954046465633,32.0,0.13012101690202305,1.000000000013198,1.000000000013198,NaN,NaN,NaN,6000
regimen,99//100,1//2,19080.0,60.0,1.0,0.0,0.017840648362558935,2.6314625271527757e-15,0.01785930062818897,120.0,0.46097994712853785,1.000000000013198,1.000000000013198,NaN,NaN,NaN,6000
transitorio,99//100,1//2,600.0,1.0,1.0,0.0,0.012061521195129933,1.2403236178710914e-14,0.01299855910461046,1.9899999990494217,0.03463006898816734,1.0000000000000655,1.0000000000000655,NaN,NaN,NaN,6000
transitorio,99//100,1//2,600.0,4.0,1.0,0.0,0.0255987993321346,1.2136711994548713e-15,0.026018858012087843,7.959999996197687,0.17185369621129076,1.0000000000000655,1.0000000000000655,0.029,0.0249009347024009,0.03356505850294492,6000
transitorio,99//100,1//2,600.0,16.0,1.0,0.0,0.05200552813052978,5.20318684202356e-20,0.052213625097301875,31.839999984790747,0.6380782797205521,1.0000000000000655,1.0000000000000655,0.057666666666666665,0.05190111849108382,0.0638667967473947,6000
transitorio,99//100,1//2,600.0,60.0,1.0,0.0,0.10230512085303985,3.925952936238149e-24,0.10241638234956672,119.39999994296531,0.9994545160537622,1.0000000000000655,1.0000000000000655,NaN,NaN,NaN,6000
transitorio,99//100,1//2,3600.0,1.0,1.0,0.0,0.004923149663924493,3.133857046270478e-15,0.005305410409916187,1.9899999990494217,0.01413972300784555,0.9999999999979086,0.9999999999979086,NaN,NaN,NaN,6000
transitorio,99//100,1//2,3600.0,4.0,1.0,0.0,0.010441292297699396,5.008376042494786e-15,0.010612295398388503,7.959999996197687,0.07060989451726718,0.9999999999979086,0.9999999999979086,NaN,NaN,NaN,6000
transitorio,99//100,1//2,3600.0,16.0,1.0,0.0,0.021152411678381073,4.261464124525655e-15,0.02123640960707969,31.839999984790747,0.29023445746303356,0.9999999999979086,0.9999999999979086,NaN,NaN,NaN,6000
transitorio,99//100,1//2,3600.0,60.0,1.0,0.0,0.04116519038778858,4.06764032035597e-15,0.04120864328326592,119.39999994296531,0.8420122122495246,0.9999999999979086,0.9999999999979086,NaN,NaN,NaN,6000
transitorio,99//100,1//2,7200.0,1.0,1.0,0.0,0.0034811256729658266,2.233154399785705e-15,0.003751404825480089,1.9899999990494217,0.009998439413283822,0.9999999999961996,0.9999999999961996,NaN,NaN,NaN,6000
transitorio,99//100,1//2,7200.0,4.0,1.0,0.0,0.007382447522500742,4.2156540022113134e-15,0.0075033308302210186,7.959999996197687,0.049960812057405934,0.9999999999961996,0.9999999999961996,NaN,NaN,NaN,6000
transitorio,99//100,1//2,7200.0,16.0,1.0,0.0,0.014951505943871018,3.105355217093352e-15,0.015010835008946658,31.839999984790747,0.20757407319552534,0.9999999999961996,0.9999999999961996,NaN,NaN,NaN,6000
transitorio,99//100,1//2,7200.0,60.0,1.0,0.0,0.029067497681371346,3.2920752064538447e-15,0.029098094008970656,119.39999994296531,0.6818859728065687,0.9999999999961996,0.9999999999961996,NaN,NaN,NaN,6000
transitorio,99//100,1//2,11520.0,1.0,1.0,0.0,0.0027520516728733145,2.1037368146023817e-15,0.0029657201721247687,1.9899999990494217,0.007904503500098303,0.9999999999902673,0.9999999999902673,NaN,NaN,NaN,6000
transitorio,99//100,1//2,11520.0,4.0,1.0,0.0,0.00583614130255706,3.836001324273391e-15,0.005931697831803687,7.959999996197687,0.039507006725997273,0.9999999999902673,0.9999999999902673,NaN,NaN,NaN,6000
transitorio,99//100,1//2,11520.0,16.0,1.0,0.0,0.011818572679480032,2.7611347969894712e-15,0.011865456772088454,31.839999984790747,0.1648075217144866,0.9999999999902673,0.9999999999902673,NaN,NaN,NaN,6000
transitorio,99//100,1//2,11520.0,60.0,1.0,0.0,0.022967874737379917,2.975094731009584e-15,0.022992025195988298,119.39999994296531,0.5700374974856091,0.9999999999902673,0.9999999999902673,NaN,NaN,NaN,6000
transitorio,99//100,1//2,19080.0,1.0,1.0,0.0,0.0021384129389027924,1.9422609758481016e-15,0.002304436449152715,1.9899999990494217,0.006142048115530319,0.9999999999832632,0.9999999999832632,NaN,NaN,NaN,6000
transitorio,99//100,1//2,19080.0,4.0,1.0,0.0,0.004534748714124728,3.610529654126549e-15,0.004608993689086461,7.959999996197687,0.03070296269787054,0.9999999999832632,0.9999999999832632,NaN,NaN,NaN,6000
transitorio,99//100,1//2,19080.0,16.0,1.0,0.0,0.00918253383470703,2.5538737298538757e-15,0.009218954046465633,31.839999984790747,0.12842467959817755,0.9999999999832632,0.9999999999832632,NaN,NaN,NaN,6000
transitorio,99//100,1//2,19080.0,60.0,1.0,0.0,0.017840554484098325,2.661333256108549e-15,0.01785930062818897,119.39999994296531,0.460304216944715,0.9999999999832632,0.9999999999832632,NaN,NaN,NaN,6000
regimen,99//100,11//20,600.0,1.0,1.0,0.0010055304172951196,0.012066924748031163,3.1750552024501765e-19,0.01299855910461046,2.001005530417295,0.04604189919647045,0.9856177067161026,0.9861115524044796,NaN,NaN,NaN,6000
regimen,99//100,11//20,600.0,4.0,1.0,0.0010055304172951196,0.02560095743394272,1.9301573659792692e-14,0.026018858012087843,8.00402212166918,0.1826445675295903,0.9856177067161026,0.9861115524044796,0.024166666666666666,0.020430359780596027,0.02837482897986516,6000
regimen,99//100,11//20,600.0,16.0,1.0,0.0010055304172951196,0.05200657498196697,1.848567509271997e-14,0.052213625097301875,32.01608848667672,0.644391384790456,0.9856177067161026,0.9861115524044796,0.052,0.04651768537949494,0.05792286138824032,6000
regimen,99//100,11//20,600.0,60.0,1.0,0.0010055304172951196,0.10230567806991267,6.313249785585163e-24,0.10241638234956672,120.06033182503771,0.999465377473792,0.9856177067161026,0.9861115524044796,NaN,NaN,NaN,6000
regimen,99//100,11//20,3600.0,1.0,1.0,0.0010055304172951196,0.004921250577858108,4.0142427133659786e-15,0.005305410409916187,2.001005530417295,0.018789024604701998,0.9655044839344141,0.965988861469857,NaN,NaN,NaN,6000
regimen,99//100,11//20,3600.0,4.0,1.0,0.0010055304172951196,0.010433468904800992,5.901700667800305e-15,0.010612295398388503,8.00402212166918,0.07505202175606379,0.9655044839344141,0.965988861469857,NaN,NaN,NaN,6000
regimen,99//100,11//20,3600.0,16.0,1.0,0.0010055304172951196,0.021135187003536487,4.651522687305311e-15,0.02123640960707969,32.01608848667672,0.29368618530026264,0.9655044839344141,0.965988861469857,NaN,NaN,NaN,6000
regimen,99//100,11//20,3600.0,60.0,1.0,0.0010055304172951196,0.04113092300024702,4.712269716387867e-15,0.04120864328326592,120.06033182503771,0.8423525176602055,0.9655044839344141,0.965988861469857,NaN,NaN,NaN,6000
regimen,99//100,11//20,7200.0,1.0,1.0,0.0010055304172951196,0.003475920617036972,2.9781740539881416e-15,0.003751404825480089,2.001005530417295,0.01327166934979479,0.9514368757890493,0.9519156241438228,NaN,NaN,NaN,6000
regimen,99//100,11//20,7200.0,4.0,1.0,0.0010055304172951196,0.007368729550224997,4.775195165090331e-15,0.0075033308302210186,8.00402212166918,0.05304997838525688,0.9514368757890493,0.9519156241438228,NaN,NaN,NaN,6000
regimen,99//100,11//20,7200.0,16.0,1.0,0.0010055304172951196,0.014922756404878345,3.2272138620171894e-15,0.015010835008946658,32.01608848667672,0.20987583117751035,0.9514368757890493,0.9519156241438228,NaN,NaN,NaN,6000
regimen,99//100,11//20,7200.0,60.0,1.0,0.0010055304172951196,0.029011223869030968,3.5217327622528262e-15,0.029098094008970656,120.06033182503771,0.6817490982308091,0.9514368757890493,0.9519156241438228,NaN,NaN,NaN,6000
regimen,99//100,11//20,11520.0,1.0,1.0,0.0010055304172951196,0.0027454076787446166,2.6091055385895857e-15,0.0029657201721247687,2.001005530417295,0.010482696366436561,0.9387282197186196,0.9391995006161586,NaN,NaN,NaN,6000
regimen,99//100,11//20,11520.0,4.0,1.0,0.0010055304172951196,0.0058199343907776105,4.3682029714169564e-15,0.005931697831803687,8.00402212166918,0.04191269779218382,0.9387282197186196,0.9391995006161586,NaN,NaN,NaN,6000
regimen,99//100,11//20,11520.0,16.0,1.0,0.0010055304172951196,0.011784984754462284,2.895470465541073e-15,0.011865456772088454,32.01608848667672,0.16650078397904383,0.9387282197186196,0.9391995006161586,NaN,NaN,NaN,6000
regimen,99//100,11//20,11520.0,60.0,1.0,0.0010055304172951196,0.02290218056832527,2.9753773889746926e-15,0.022992025195988298,120.06033182503771,0.5694845097694428,0.9387282197186196,0.9391995006161586,NaN,NaN,NaN,6000
regimen,99//100,11//20,19080.0,1.0,1.0,0.0010055304172951196,0.002129145896299267,2.3214837049715092e-15,0.002304436449152715,2.001005530417295,0.008128388460509894,0.9213390491167968,0.9218023880345962,NaN,NaN,NaN,6000
regimen,99//100,11//20,19080.0,4.0,1.0,0.0010055304172951196,0.004513616497873828,4.206368450133115e-15,0.004608993689086461,8.00402212166918,0.0325051200601742,0.9213390491167968,0.9218023880345962,NaN,NaN,NaN,6000
regimen,99//100,11//20,19080.0,16.0,1.0,0.0010055304172951196,0.009139419551744249,2.774317810370837e-15,0.009218954046465633,32.01608848667672,0.12948285412479926,0.9213390491167968,0.9218023880345962,NaN,NaN,NaN,6000
regimen,99//100,11//20,19080.0,60.0,1.0,0.0010055304172951196,0.017758412814339413,2.731025888518637e-15,0.01785930062818897,120.06033182503771,0.45897097105565804,0.9213390491167968,0.9218023880345962,NaN,NaN,NaN,6000
transitorio,99//100,11//20,600.0,1.0,1.0,0.000999999988362088,0.012062737674128892,1.3711071287734846e-14,0.01299855910461046,1.9899999990493544,0.03462485386719111,0.9861477008288604,0.9861477008288791,NaN,NaN,NaN,6000
transitorio,99//100,11//20,600.0,4.0,1.0,0.000999999988362088,0.025601404891939114,1.611018055544588e-14,0.026018858012087843,7.959999996197418,0.1718282037286727,0.9861477008288604,0.9861477008288791,0.026166666666666668,0.02227589775705522,0.03052682649098161,6000
transitorio,99//100,11//20,600.0,16.0,1.0,0.000999999988362088,0.05201101587551478,1.694666448939421e-14,0.052213625097301875,31.83999998478967,0.6380059330108742,0.9861477008288604,0.9861477008288791,0.05616666666666666,0.05047443351649426,0.06229505374764527,6000
transitorio,99//100,11//20,600.0,60.0,1.0,0.000999999988362088,0.10231737656655526,1.8074982742416184e-14,0.10241638234956672,119.39999994296127,0.9994534601635778,0.9861477008288604,0.9861477008288791,NaN,NaN,NaN,6000
transitorio,99//100,11//20,3600.0,1.0,1.0,0.000999999988362088,0.004919935570795343,3.0871308347279345e-15,0.005305410409916187,1.9899999990493544,0.014126941171541951,0.9660744980736107,0.9660744980736152,NaN,NaN,NaN,6000
transitorio,99//100,11//20,3600.0,4.0,1.0,0.000999999988362088,0.010434481701410566,4.979794960171868e-15,0.010612295398388503,7.959999996197418,0.07054622568220842,0.9660744980736107,0.9660744980736152,NaN,NaN,NaN,6000
transitorio,99//100,11//20,3600.0,16.0,1.0,0.000999999988362088,0.02113866295257011,4.226006671764796e-15,0.02123640960707969,31.83999998478967,0.28998395453509473,0.9660744980736107,0.9660744980736152,NaN,NaN,NaN,6000
transitorio,99//100,11//20,3600.0,60.0,1.0,0.000999999988362088,0.04113878052183864,4.544650972592714e-15,0.04120864328326592,119.39999994296127,0.8416361875949498,0.9660744980736107,0.9660744980736152,NaN,NaN,NaN,6000
transitorio,99//100,11//20,7200.0,1.0,1.0,0.000999999988362088,0.003475707679386433,2.392769207787599e-15,0.003751404825480089,1.9899999990493544,0.009980369604402406,0.9520361348881423,0.9520361348881458,NaN,NaN,NaN,6000
transitorio,99//100,11//20,7200.0,4.0,1.0,0.000999999988362088,0.00737096155095244,4.1446366202306385e-15,0.0075033308302210186,7.959999996197418,0.04987063300894917,0.9520361348881423,0.9520361348881458,NaN,NaN,NaN,6000
transitorio,99//100,11//20,7200.0,16.0,1.0,0.000999999988362088,0.014928275783781829,3.0666516687472648e-15,0.015010835008946658,31.83999998478967,0.2072074856134099,0.9520361348881423,0.9520361348881458,NaN,NaN,NaN,6000
transitorio,99//100,11//20,7200.0,60.0,1.0,0.000999999988362088,0.029022564679763597,3.2071140645562084e-15,0.029098094008970656,119.39999994296127,0.6810110522104518,0.9520361348881423,0.9520361348881458,NaN,NaN,NaN,6000
transitorio,99//100,11//20,11520.0,1.0,1.0,0.000999999988362088,0.0027447875039968896,2.1125035236112463e-15,0.0029657201721247687,1.9899999990493544,0.007881658373245615,0.9393517111681572,0.9393517111681603,NaN,NaN,NaN,6000
transitorio,99//100,11//20,11520.0,4.0,1.0,0.000999999988362088,0.005820739622149273,3.812879284326027e-15,0.005931697831803687,7.959999996197418,0.039392915415249696,0.9393517111681572,0.9393517111681603,NaN,NaN,NaN,6000
transitorio,99//100,11//20,11520.0,16.0,1.0,0.000999999988362088,0.011787407997296917,2.772583804666084e-15,0.011865456772088454,31.83999998478967,0.1643380122215904,0.9393517111681572,0.9393517111681603,NaN,NaN,NaN,6000
transitorio,99//100,11//20,11520.0,60.0,1.0,0.000999999988362088,0.022907486539111756,2.94526806895872e-15,0.022992025195988298,119.39999994296127,0.568704111024258,0.9393517111681572,0.9393517111681603,NaN,NaN,NaN,6000
transitorio,99//100,11//20,19080.0,1.0,1.0,0.000999999988362088,0.002128721146889534,1.919487506704747e-15,0.002304436449152715,1.9899999990493544,0.0061126746874850535,0.9219976409911075,0.9219976409911101,NaN,NaN,NaN,6000
transitorio,99//100,11//20,19080.0,4.0,1.0,0.000999999988362088,0.004514198518274994,3.582403500591206e-15,0.004608993689086461,7.959999996197418,0.03055619979218921,0.9219976409911075,0.9219976409911101,NaN,NaN,NaN,6000
transitorio,99//100,11//20,19080.0,16.0,1.0,0.000999999988362088,0.009140940061863433,2.5580183704522733e-15,0.009218954046465633,31.83999998478967,0.127815814491906,0.9219976409911075,0.9219976409911101,NaN,NaN,NaN,6000
transitorio,99//100,11//20,19080.0,60.0,1.0,0.000999999988362088,0.01775987721280109,2.6275758092728363e-15,0.01785930062818897,119.39999994296127,0.4583646499836518,0.9219976409911075,0.9219976409911101,NaN,NaN,NaN,6000
regimen,99//100,3//5,600.0,1.0,1.0,0.002012072434607548,0.012056864334318289,3.1750552024501765e-19,0.01299855910461046,2.0020120724346073,0.046003570917421965,0.9712462599964076,0.972228204998967,NaN,NaN,NaN,6000
regimen,99//100,3//5,600.0,4.0,1.0,0.002012072434607548,0.025579577260594566,1.9301573659792692e-14,0.026018858012087843,8.00804828973843,0.18249504127195648,0.9712462599964076,0.972228204998967,0.020166666666666666,0.016761266278146288,0.024049072620061923,6000
regimen,99//100,3//5,600.0,16.0,1.0,0.002012072434607548,0.051962846523929,1.848567509271997e-14,0.052213625097301875,32.03219315895372,0.6439905197550911,0.9712462599964076,0.972228204998967,0.050833333333333335,0.04541154834774376,0.05669690271005261,6000
regimen,99//100,3//5,600.0,60.0,1.0,0.002012072434607548,0.10221961174369515,6.313249785585163e-24,0.10241638234956672,120.12072434607644,0.9994596533175472,0.9712462599964076,0.972228204998967,NaN,NaN,NaN,6000
regimen,99//100,3//5,3600.0,1.0,1.0,0.002012072434607548,0.004906461581404734,4.0142427133659786e-15,0.005305410409916187,2.0020120724346073,0.018731761061437868,0.9311024871250588,0.932039784890118,NaN,NaN,NaN,6000
regimen,99//100,3//5,3600.0,4.0,1.0,0.002012072434607548,0.010402244009544526,5.901700667800305e-15,0.010612295398388503,8.00804828973843,0.07482391857140447,0.9311024871250588,0.932039784890118,NaN,NaN,NaN,6000
regimen,99//100,3//5,3600.0,16.0,1.0,0.002012072434607548,0.02107250779517504,4.651522687305311e-15,0.02123640960707969,32.03219315895372,0.29283253179174634,0.9311024871250588,0.932039784890118,NaN,NaN,NaN,6000
regimen,99//100,3//5,3600.0,60.0,1.0,0.002012072434607548,0.04101957118738847,4.712269716387867e-15,0.04120864328326592,120.12072434607644,0.8410862861111799,0.9311024871250588,0.932039784890118,NaN,NaN,NaN,6000
regimen,99//100,3//5,7200.0,1.0,1.0,0.002012072434607548,0.003457382813202187,2.9781740539881416e-15,0.003751404825480089,2.0020120724346073,0.013200896082064706,0.9030986264777273,0.9040055354796804,NaN,NaN,NaN,6000
regimen,99//100,3//5,7200.0,4.0,1.0,0.002012072434607548,0.007329425160719744,4.775195165090331e-15,0.0075033308302210186,8.00804828973843,0.05276747270021698,0.9030986264777273,0.9040055354796804,NaN,NaN,NaN,6000
regimen,99//100,3//5,7200.0,16.0,1.0,0.002012072434607548,0.014843114787893342,3.2272138620171894e-15,0.015010835008946658,32.03219315895372,0.2087827449446431,0.9030986264777273,0.9040055354796804,NaN,NaN,NaN,6000
regimen,99//100,3//5,7200.0,60.0,1.0,0.002012072434607548,0.028856079299744052,3.5217327622528262e-15,0.029098094008970656,120.12072434607644,0.6791692732465373,0.9030986264777273,0.9040055354796804,NaN,NaN,NaN,6000
regimen,99//100,3//5,11520.0,1.0,1.0,0.002012072434607548,0.0027226961025768564,2.6091055385895857e-15,0.0029657201721247687,2.0020120724346073,0.010389222148633859,0.8778694454533813,0.8787518229369625,NaN,NaN,NaN,6000
regimen,99//100,3//5,11520.0,4.0,1.0,0.002012072434607548,0.005772538902810951,4.3682029714169564e-15,0.005931697831803687,8.00804828973843,0.04153928500111109,0.8778694454533813,0.8787518229369625,NaN,NaN,NaN,6000
regimen,99//100,3//5,11520.0,16.0,1.0,0.002012072434607548,0.011689948830645733,2.895470465541073e-15,0.011865456772088454,32.03219315895372,0.16503777519589374,0.8778694454533813,0.8787518229369625,NaN,NaN,NaN,6000
regimen,99//100,3//5,11520.0,60.0,1.0,0.002012072434607548,0.022721900349914687,2.9753773889746926e-15,0.022992025195988298,120.12072434607644,0.565374460804045,0.8778694454533813,0.8787518229369625,NaN,NaN,NaN,6000
regimen,99//100,3//5,19080.0,1.0,1.0,0.002012072434607548,0.002098671890853837,2.3214837049715092e-15,0.002304436449152715,2.0020120724346073,0.00801201391762757,0.8435066238880828,0.8443539674209755,NaN,NaN,NaN,6000
regimen,99//100,3//5,19080.0,4.0,1.0,0.002012072434607548,0.00444901397127097,4.206368450133115e-15,0.004608993689086461,8.00804828973843,0.032039984742002925,0.8435066238880828,0.8443539674209755,NaN,NaN,NaN,6000
regimen,99//100,3//5,19080.0,16.0,1.0,0.002012072434607548,0.009008577731344848,2.774317810370837e-15,0.009218954046465633,32.03219315895372,0.12764538220068555,0.8435066238880828,0.8443539674209755,NaN,NaN,NaN,6000
regimen,99//100,3//5,19080.0,60.0,1.0,0.002012072434607548,0.01750396690598523,2.731025888518637e-15,0.01785930062818897,120.12072434607644,0.453179981578685,0.8435066238880828,0.8443539674209755,NaN,NaN,NaN,6000
transitorio,99//100,3//5,600.0,1.0,1.0,0.001999999976722844,0.012060321563700654,1.1349809793566137e-14,0.01299855910461046,1.9899999990491521,0.03460921321211169,0.9722995740009484,0.9722995740009672,NaN,NaN,NaN,6000
transitorio,99//100,3//5,600.0,4.0,1.0,0.001999999976722844,0.02559632687287591,1.7677510455058257e-14,0.026018858012087843,7.959999996196609,0.17175174894674367,0.9722995740009484,0.9722995740009672,0.026166666666666668,0.02227589775705522,0.03052682649098161,6000
transitorio,99//100,3//5,600.0,16.0,1.0,0.001999999976722844,0.05200110397423316,5.209428642837411e-20,0.052213625097301875,31.839999984786434,0.6377889401415893,0.9722995740009484,0.9722995740009672,0.054,0.04841573808486806,0.060022695064761225,6000
transitorio,99//100,3//5,600.0,60.0,1.0,0.001999999976722844,0.10230087232412921,3.943517982477554e-24,0.10241638234956672,119.39999994294912,0.9994502896466959,0.9722995740009484,0.9722995740009672,NaN,NaN,NaN,6000
transitorio,99//100,3//5,3600.0,1.0,1.0,0.001999999976722844,0.004907838711569868,3.06366022036753e-15,0.005305410409916187,1.9899999990491521,0.014088664937252526,0.9322102956621614,0.932210295662166,NaN,NaN,NaN,6000
transitorio,99//100,3//5,3600.0,4.0,1.0,0.001999999976722844,0.010408842596706689,4.922455712213391e-15,0.010612295398388503,7.959999996196609,0.07035556338141186,0.9322102956621614,0.932210295662166,NaN,NaN,NaN,6000
transitorio,99//100,3//5,3600.0,16.0,1.0,0.001999999976722844,0.02108685527845874,4.158583901015319e-15,0.02123640960707969,31.839999984786434,0.2892337409436516,0.9322102956621614,0.932210295662166,NaN,NaN,NaN,6000
transitorio,99//100,3//5,3600.0,60.0,1.0,0.001999999976722844,0.04103890823284519,4.461255366972762e-15,0.04120864328326592,119.39999994294912,0.8405087986814551,0.9322102956621614,0.932210295662166,NaN,NaN,NaN,6000
transitorio,99//100,3//5,7200.0,1.0,1.0,0.001999999976722844,0.003457766126807082,2.336448343344452e-15,0.003751404825480089,1.9899999990491521,0.009926355869462111,0.904245429660615,0.9042454296606184,NaN,NaN,NaN,6000
transitorio,99//100,3//5,7200.0,4.0,1.0,0.001999999976722844,0.007332924199233359,4.0756177103894206e-15,0.0075033308302210186,7.959999996196609,0.04960107125675828,0.904245429660615,0.9042454296606184,NaN,NaN,NaN,6000
transitorio,99//100,3//5,7200.0,16.0,1.0,0.001999999976722844,0.014851331133219629,3.245650367192544e-15,0.015010835008946658,31.839999984786434,0.20611160167491233,0.904245429660615,0.9042454296606184,NaN,NaN,NaN,6000
transitorio,99//100,3//5,7200.0,60.0,1.0,0.001999999976722844,0.028873628211010166,3.1244275279352278e-15,0.029098094008970656,119.39999994294912,0.678392623882553,0.904245429660615,0.9042454296606184,NaN,NaN,NaN,6000
transitorio,99//100,3//5,11520.0,1.0,1.0,0.001999999976722844,0.0027217417304909934,2.121712583394397e-15,0.0029657201721247687,1.9899999990491521,0.007813518366391714,0.8790533141500056,0.8790533141500086,NaN,NaN,NaN,6000
transitorio,99//100,3//5,11520.0,4.0,1.0,0.001999999976722844,0.005771876485144596,3.8242667330833196e-15,0.005931697831803687,7.959999996196609,0.039052614481696224,0.8790533141500056,0.8790533141500086,NaN,NaN,NaN,6000
transitorio,99//100,3//5,11520.0,16.0,1.0,0.001999999976722844,0.011688528259208181,2.746809148595571e-15,0.011865456772088454,31.839999984786434,0.16293749282477,0.8790533141500056,0.8790533141500086,NaN,NaN,NaN,6000
transitorio,99//100,3//5,11520.0,60.0,1.0,0.001999999976722844,0.02271583503341286,2.9531070958474355e-15,0.022992025195988298,119.39999994294912,0.5647222520028852,0.8790533141500056,0.8790533141500086,NaN,NaN,NaN,6000
transitorio,99//100,3//5,19080.0,1.0,1.0,0.001999999976722844,0.002098853532224312,1.896989398048381e-15,0.002304436449152715,1.9899999990491521,0.006025394541372853,0.8447389789677769,0.8447389789677797,NaN,NaN,NaN,6000
transitorio,99//100,3//5,19080.0,4.0,1.0,0.001999999976722844,0.004450867649315163,3.554804766593551e-15,0.004608993689086461,7.959999996196609,0.030120106805050784,0.8447389789677769,0.8447389789677797,NaN,NaN,NaN,6000
transitorio,99//100,3//5,19080.0,16.0,1.0,0.001999999976722844,0.009012754288566408,2.5273204808244765e-15,0.009218954046465633,31.839999984786434,0.12600648340138,0.8447389789677769,0.8447389789677797,NaN,NaN,NaN,6000
transitorio,99//100,3//5,19080.0,60.0,1.0,0.001999999976722844,0.017511216639379865,2.5942504281746688e-15,0.01785930062818897,119.39999994294912,0.4525945075272403,0.8447389789677769,0.8447389789677797,NaN,NaN,NaN,6000
regimen,99//100,3//4,600.0,1.0,1.0,0.005037783375314797,0.01207653028021709,3.1750552024501765e-19,0.01299855910461046,2.0050377833753146,0.04586399408200342,0.9283176685892971,0.9306469462974971,NaN,NaN,NaN,6000
regimen,99//100,3//4,600.0,4.0,1.0,0.005037783375314797,0.025643510106149563,1.9301573659792692e-14,0.026018858012087843,8.020151133501258,0.18195037667114305,0.9283176685892971,0.9306469462974971,0.023666666666666666,0.01997003708403674,0.027835777917510005,6000
regimen,99//100,3//4,600.0,16.0,1.0,0.005037783375314797,0.05208038106691303,1.848567509271997e-14,0.052213625097301875,32.08060453400503,0.6425239983342921,0.9283176685892971,0.9306469462974971,0.0545,0.048890598444952055,0.06054730779541702,6000
regimen,99//100,3//4,600.0,60.0,1.0,0.005037783375314797,0.10213900502456502,6.313249785585163e-24,0.10241638234956672,120.30226700251887,0.9994374550609386,0.9283176685892971,0.9306469462974971,NaN,NaN,NaN,6000
regimen,99//100,3//4,3600.0,1.0,1.0,0.005037783375314797,0.004822497002142103,4.0142427133659786e-15,0.005305410409916187,2.0050377833753146,0.018379331379557218,0.8290944544617387,0.831173924383221,NaN,NaN,NaN,6000
regimen,99//100,3//4,3600.0,4.0,1.0,0.005037783375314797,0.010227564120911782,5.901700667800305e-15,0.010612295398388503,8.020151133501258,0.07342000668947912,0.8290944544617387,0.831173924383221,NaN,NaN,NaN,6000
regimen,99//100,3//4,3600.0,16.0,1.0,0.005037783375314797,0.020720461638925807,4.651522687305311e-15,0.02123640960707969,32.08060453400503,0.2875757741511956,0.8290944544617387,0.831173924383221,NaN,NaN,NaN,6000
regimen,99//100,3//4,3600.0,60.0,1.0,0.005037783375314797,0.04031325282555528,4.712269716387867e-15,0.04120864328326592,120.30226700251887,0.8332317593095911,0.8290944544617387,0.831173924383221,NaN,NaN,NaN,6000
regimen,99//100,3//4,7200.0,1.0,1.0,0.005037783375314797,0.0033315288727166943,2.9781740539881416e-15,0.003751404825480089,2.0050377833753146,0.012705364124219298,0.7611200247580185,0.7630282873595866,NaN,NaN,NaN,6000
regimen,99//100,3//4,7200.0,4.0,1.0,0.005037783375314797,0.007064190330916009,4.775195165090331e-15,0.0075033308302210186,8.020151133501258,0.05078939720534503,0.7611200247580185,0.7630282873595866,NaN,NaN,NaN,6000
regimen,99//100,3//4,7200.0,16.0,1.0,0.005037783375314797,0.014307102759276078,3.2272138620171894e-15,0.015010835008946658,32.08060453400503,0.20112533163513735,0.7611200247580185,0.7630282873595866,NaN,NaN,NaN,6000
regimen,99//100,3//4,7200.0,60.0,1.0,0.005037783375314797,0.027814400429402305,3.5217327622528262e-15,0.029098094008970656,120.30226700251887,0.6609736288232344,0.7611200247580185,0.7630282873595866,NaN,NaN,NaN,6000
regimen,99//100,3//4,11520.0,1.0,1.0,0.005037783375314797,0.002563119648736548,2.6091055385895857e-15,0.0029657201721247687,2.0050377833753146,0.009775836208037458,0.7011646375641161,0.7029217485459456,NaN,NaN,NaN,6000
regimen,99//100,3//4,11520.0,4.0,1.0,0.005037783375314797,0.005434516310419106,4.3682029714169564e-15,0.005931697831803687,8.020151133501258,0.039088844515961785,0.7011646375641161,0.7029217485459456,NaN,NaN,NaN,6000
regimen,99//100,3//4,11520.0,16.0,1.0,0.005037783375314797,0.01100441914834786,2.895470465541073e-15,0.011865456772088454,32.08060453400503,0.15543250167331685,0.7011646375641161,0.7029217485459456,NaN,NaN,NaN,6000
regimen,99//100,3//4,11520.0,60.0,1.0,0.005037783375314797,0.02138159359185586,2.9753773889746926e-15,0.022992025195988298,120.30226700251887,0.5382099828920964,0.7011646375641161,0.7029217485459456,NaN,NaN,NaN,6000
regimen,99//100,3//4,19080.0,1.0,1.0,0.005037783375314797,0.0018985967520877406,2.3214837049715092e-15,0.002304436449152715,2.0050377833753146,0.00724196602843763,0.6219963096475649,0.6235551478288548,NaN,NaN,NaN,6000
regimen,99//100,3//4,19080.0,4.0,1.0,0.005037783375314797,0.004025439074340441,4.206368450133115e-15,0.004608993689086461,8.020151133501258,0.028962102290970404,0.6219963096475649,0.6235551478288548,NaN,NaN,NaN,6000
regimen,99//100,3//4,19080.0,16.0,1.0,0.005037783375314797,0.00815072719560129,2.774317810370837e-15,0.009218954046465633,32.08060453400503,0.11548069761484925,0.6219963096475649,0.6235551478288548,NaN,NaN,NaN,6000
regimen,99//100,3//4,19080.0,60.0,1.0,0.005037783375314797,0.015834078522921225,2.731025888518637e-15,0.01785930062818897,120.30226700251887,0.41458606669412384,0.6219963096475649,0.6235551478288548,NaN,NaN,NaN,6000
transitorio,99//100,3//4,600.0,1.0,1.0,0.004999999941781574,0.012031315864062846,1.1478927373830034e-14,0.01299855910461046,1.9899999990477362,0.034499926107186996,0.9308218719485297,0.9308218719485486,NaN,NaN,NaN,6000
transitorio,99//100,3//4,600.0,4.0,1.0,0.004999999941781574,0.025535071510327044,1.7846340026083882e-14,0.026018858012087843,7.959999996190945,0.1712175162613423,0.9308218719485297,0.9308218719485486,0.024166666666666666,0.020430359780596027,0.02837482897986516,6000
transitorio,99//100,3//4,600.0,16.0,1.0,0.004999999941781574,0.05187912655820282,5.242234697224359e-20,0.052213625097301875,31.83999998476378,0.6362719732462793,0.9308218719485297,0.9308218719485486,0.0535,0.047941014760359085,0.05949794588285652,6000
transitorio,99//100,3//4,600.0,60.0,1.0,0.004999999941781574,0.10207906007610736,4.036166965372921e-24,0.10241638234956672,119.39999994286417,0.9994279763147096,0.9308218719485297,0.9308218719485486,NaN,NaN,NaN,6000
transitorio,99//100,3//4,3600.0,1.0,1.0,0.004999999941781574,0.004819142922037844,2.9726156644734643e-15,0.005305410409916187,1.9899999990477362,0.013823619028229539,0.8315915318094123,0.8315915318094166,NaN,NaN,NaN,6000
transitorio,99//100,3//4,3600.0,4.0,1.0,0.004999999941781574,0.010220842496946837,4.812230480701403e-15,0.010612295398388503,7.959999996190945,0.06903527579736846,0.8315915318094123,0.8315915318094166,NaN,NaN,NaN,6000
transitorio,99//100,3//4,3600.0,16.0,1.0,0.004999999941781574,0.020706886013290605,4.0239494722260995e-15,0.02123640960707969,31.83999998476378,0.2840362552897121,0.8315915318094123,0.8315915318094166,NaN,NaN,NaN,6000
transitorio,99//100,3//4,3600.0,60.0,1.0,0.004999999941781574,0.04030579956810943,4.281693725912788e-15,0.04120864328326592,119.39999994286417,0.8326458886628104,0.8315915318094123,0.8315915318094166,NaN,NaN,NaN,6000
transitorio,99//100,3//4,7200.0,1.0,1.0,0.004999999941781574,0.003331391651449824,2.4143552139710573e-15,0.003751404825480089,1.9899999990477362,0.009556356198902882,0.7636048071053632,0.7636048071053666,NaN,NaN,NaN,6000
transitorio,99//100,3//4,7200.0,4.0,1.0,0.004999999941781574,0.007064996608945088,4.172056376244522e-15,0.0075033308302210186,7.959999996190945,0.04775449529677711,0.7636048071053632,0.7636048071053666,NaN,NaN,NaN,6000
transitorio,99//100,3//4,7200.0,16.0,1.0,0.004999999941781574,0.014309309408650515,3.051371202145137e-15,0.015010835008946658,31.83999998476378,0.19860095032924274,0.7636048071053632,0.7636048071053666,NaN,NaN,NaN,6000
transitorio,99//100,3//4,7200.0,60.0,1.0,0.004999999941781574,0.02782419715242618,3.2096727361708363e-15,0.029098094008970656,119.39999994286417,0.6603272300407245,0.7636048071053632,0.7636048071053666,NaN,NaN,NaN,6000
transitorio,99//100,3//4,11520.0,1.0,1.0,0.004999999941781574,0.002563171521450534,2.0936696805967074e-15,0.0029657201721247687,1.9899999990477362,0.007352750208725112,0.7036308530601645,0.7036308530601674,NaN,NaN,NaN,6000
transitorio,99//100,3//4,11520.0,4.0,1.0,0.004999999941781574,0.0054356621213343965,3.791183228874034e-15,0.005931697831803687,7.959999996190945,0.03675141023698203,0.7036308530601645,0.7036308530601674,NaN,NaN,NaN,6000
transitorio,99//100,3//4,11520.0,16.0,1.0,0.004999999941781574,0.011008134207067564,2.743818294014981e-15,0.011865456772088454,31.83999998476378,0.1534623747658035,0.7036308530601645,0.7036308530601674,NaN,NaN,NaN,6000
transitorio,99//100,3//4,11520.0,60.0,1.0,0.004999999941781574,0.02139687210050471,2.9398976719332854e-15,0.022992025195988298,119.39999994286417,0.5376037445200267,0.7036308530601645,0.7036308530601674,NaN,NaN,NaN,6000
transitorio,99//100,3//4,19080.0,1.0,1.0,0.004999999941781574,0.0018992804009298585,1.9405292129199313e-15,0.002304436449152715,1.9899999990477362,0.005448348339452125,0.6244248355210441,0.624424835521047,NaN,NaN,NaN,6000
transitorio,99//100,3//4,19080.0,4.0,1.0,0.004999999941781574,0.004027692353912093,3.61016392298522e-15,0.004608993689086461,7.959999996190945,0.02723683292147111,0.6244248355210441,0.624424835521047,NaN,NaN,NaN,6000
transitorio,99//100,3//4,19080.0,16.0,1.0,0.004999999941781574,0.00815619414135119,2.583302377578775e-15,0.009218954046465633,31.83999998476378,0.11403832977815342,0.6244248355210441,0.624424835521047,NaN,NaN,NaN,6000
transitorio,99//100,3//4,19080.0,60.0,1.0,0.004999999941781574,0.015849437538223928,2.6463764425365346e-15,0.01785930062818897,119.39999994286417,0.41417395499967635,0.6244248355210441,0.624424835521047,NaN,NaN,NaN,6000
regimen,99//100,9//10,600.0,1.0,1.0,0.008072653884964698,0.011985889655481613,3.1750552024501765e-19,0.01299855910461046,2.0080726538849647,0.04564200254522616,0.8857235164385884,0.8892495043632707,NaN,NaN,NaN,6000
regimen,99//100,9//10,600.0,4.0,1.0,0.008072653884964698,0.02543090921363602,1.9301573659792692e-14,0.026018858012087843,8.032290615539859,0.18108429947460447,0.8857235164385884,0.8892495043632707,0.024166666666666666,0.020430359780596027,0.02837482897986516,6000
regimen,99//100,9//10,600.0,16.0,1.0,0.008072653884964698,0.051618760592007304,1.848567509271997e-14,0.052213625097301875,32.129162462159435,0.6402002067280228,0.8857235164385884,0.8892495043632707,0.0515,0.04604352879519069,0.057397547943549954,6000
regimen,99//100,9//10,600.0,60.0,1.0,0.008072653884964698,0.10142802144250286,6.313249785585163e-24,0.10241638234956672,120.48435923309788,0.9994037683706573,0.8857235164385884,0.8892495043632707,NaN,NaN,NaN,6000
regimen,99//100,9//10,3600.0,1.0,1.0,0.008072653884964698,0.004656354083685183,4.0142427133659786e-15,0.005305410409916187,2.0080726538849647,0.017743377852041498,0.7300946944270285,0.7330174525567313,NaN,NaN,NaN,6000
regimen,99//100,9//10,3600.0,4.0,1.0,0.008072653884964698,0.009874986029080421,5.901700667800305e-15,0.010612295398388503,8.032290615539859,0.0708864844384765,0.7300946944270285,0.7330174525567313,NaN,NaN,NaN,6000
regimen,99//100,9//10,3600.0,16.0,1.0,0.008072653884964698,0.02000228606376998,4.651522687305311e-15,0.02123640960707969,32.129162462159435,0.2780781686662492,0.7300946944270285,0.7330174525567313,NaN,NaN,NaN,6000
regimen,99//100,9//10,3600.0,60.0,1.0,0.008072653884964698,0.0389034142564027,4.712269716387867e-15,0.04120864328326592,120.48435923309788,0.8188074249852796,0.7300946944270285,0.7330174525567313,NaN,NaN,NaN,6000
regimen,99//100,9//10,7200.0,1.0,1.0,0.008072653884964698,0.003105334514626724,2.9781740539881416e-15,0.003751404825480089,2.0080726538849647,0.011837167033172225,0.627004020029023,0.629514486459314,NaN,NaN,NaN,6000
regimen,99//100,9//10,7200.0,4.0,1.0,0.008072653884964698,0.006584934781191693,4.775195165090331e-15,0.0075033308302210186,8.032290615539859,0.04732344824806539,0.627004020029023,0.629514486459314,NaN,NaN,NaN,6000
regimen,99//100,9//10,7200.0,16.0,1.0,0.008072653884964698,0.013335171893315378,3.2272138620171894e-15,0.015010835008946658,32.129162462159435,0.18769200996306476,0.627004020029023,0.629514486459314,NaN,NaN,NaN,6000
regimen,99//100,9//10,7200.0,60.0,1.0,0.008072653884964698,0.025918122864019445,3.5217327622528262e-15,0.029098094008970656,120.48435923309788,0.6285175884468461,0.627004020029023,0.629514486459314,NaN,NaN,NaN,6000
regimen,99//100,9//10,11520.0,1.0,1.0,0.008072653884964698,0.002289355885942365,2.6091055385895857e-15,0.0029657201721247687,2.0080726538849647,0.008727187062861963,0.5395644417308794,0.5417248001253867,NaN,NaN,NaN,6000
regimen,99//100,9//10,11520.0,4.0,1.0,0.008072653884964698,0.0048544922061070864,4.3682029714169564e-15,0.005931697831803687,8.032290615539859,0.0348992391956775,0.5395644417308794,0.5417248001253867,NaN,NaN,NaN,6000
regimen,99//100,9//10,11520.0,16.0,1.0,0.008072653884964698,0.009829910713999327,2.895470465541073e-15,0.011865456772088454,32.129162462159435,0.13899031917892218,0.5395644417308794,0.5417248001253867,NaN,NaN,NaN,6000
regimen,99//100,9//10,11520.0,60.0,1.0,0.008072653884964698,0.019098643380414893,2.9753773889746926e-15,0.022992025195988298,120.48435923309788,0.49093182565364957,0.5395644417308794,0.5417248001253867,NaN,NaN,NaN,6000
regimen,99//100,9//10,19080.0,1.0,1.0,0.008072653884964698,0.0015742873158426556,2.3214837049715092e-15,0.002304436449152715,2.0080726538849647,0.0060013581250883685,0.43054877750454823,0.4322726828895252,NaN,NaN,NaN,6000
regimen,99//100,9//10,19080.0,4.0,1.0,0.008072653884964698,0.0033381617678268005,4.206368450133115e-15,0.004608993689086461,8.032290615539859,0.02400302083275005,0.43054877750454823,0.4322726828895252,NaN,NaN,NaN,6000
regimen,99//100,9//10,19080.0,16.0,1.0,0.008072653884964698,0.006759015814399768,2.774317810370837e-15,0.009218954046465633,32.129162462159435,0.09585756727085307,0.43054877750454823,0.4322726828895252,NaN,NaN,NaN,6000
regimen,99//100,9//10,19080.0,60.0,1.0,0.008072653884964698,0.01312883618947895,2.731025888518637e-15,0.01785930062818897,120.48435923309788,0.35129234690761246,0.43054877750454823,0.4322726828895252,NaN,NaN,NaN,6000
transitorio,99//100,9//10,600.0,1.0,1.0,0.007999999906773692,0.011969891282495156,1.161231109145533e-14,0.01299855910461046,1.989999999045105,0.03429787832645853,0.8895311361085049,0.8895311361085236,NaN,NaN,NaN,6000
transitorio,99//100,9//10,600.0,4.0,1.0,0.007999999906773692,0.025405241388021964,1.80179056883347e-14,0.026018858012087843,7.95999999618042,0.17022977052112248,0.8895311361085049,0.8895311361085236,0.023166666666666665,0.0195101653140356,0.027296280401007213,6000
transitorio,99//100,9//10,600.0,16.0,1.0,0.007999999906773692,0.051619685742199044,5.3033235151957446e-20,0.052213625097301875,31.83999998472168,0.6334639368993618,0.8895311361085049,0.8895311361085236,0.052,0.04651768537949494,0.05792286138824032,6000
transitorio,99//100,9//10,600.0,60.0,1.0,0.007999999906773692,0.10160035911863742,1.9215403638005687e-14,0.10241638234956672,119.3999999427063,0.9993859799677719,0.8895311361085049,0.8895311361085236,NaN,NaN,NaN,6000
transitorio,99//100,9//10,3600.0,1.0,1.0,0.007999999906773692,0.004655642994308742,2.8843762005290508e-15,0.005305410409916187,1.989999999045105,0.013344546750738262,0.7336624505958969,0.7336624505959012,NaN,NaN,NaN,6000
transitorio,99//100,9//10,3600.0,4.0,1.0,0.007999999906773692,0.00987427610334296,5.156108252555103e-15,0.010612295398388503,7.95999999618042,0.06664868481498637,0.7336624505958969,0.7336624505959012,NaN,NaN,NaN,6000
transitorio,99//100,9//10,3600.0,16.0,1.0,0.007999999906773692,0.02000634797983727,3.893898639689793e-15,0.02123640960707969,31.83999998472168,0.2746300549531524,0.7336624505958969,0.7336624505959012,NaN,NaN,NaN,6000
transitorio,99//100,9//10,3600.0,60.0,1.0,0.007999999906773692,0.03895355735279151,4.1099192950363425e-15,0.04120864328326592,119.3999999427063,0.818177552777324,0.7336624505958969,0.7336624505959012,NaN,NaN,NaN,6000
transitorio,99//100,9//10,7200.0,1.0,1.0,0.007999999906773692,0.0031068130001236397,2.274137754912157e-15,0.003751404825480089,1.989999999045105,0.008905411180624268,0.6303734460723843,0.6303734460723878,NaN,NaN,NaN,6000
transitorio,99//100,9//10,7200.0,4.0,1.0,0.007999999906773692,0.006588856355119382,4.003023889637979e-15,0.0075033308302210186,7.95999999618042,0.04450557099535868,0.6303734460723843,0.6303734460723878,NaN,NaN,NaN,6000
transitorio,99//100,9//10,7200.0,16.0,1.0,0.007999999906773692,0.013345996775393592,3.1485863887503023e-15,0.015010835008946658,31.83999998472168,0.18537094050787425,0.6303734460723843,0.6303734460723878,NaN,NaN,NaN,6000
transitorio,99//100,9//10,7200.0,60.0,1.0,0.007999999906773692,0.025958565061213374,3.257280168886406e-15,0.029098094008970656,119.3999999427063,0.6279733866801045,0.6303734460723843,0.6303734460723878,NaN,NaN,NaN,6000
transitorio,99//100,9//10,11520.0,1.0,1.0,0.007999999906773692,0.002291303265712586,2.0932358299573246e-15,0.0029657201721247687,1.989999999045105,0.006567906342170193,0.5427373460566718,0.5427373460566748,NaN,NaN,NaN,6000
transitorio,99//100,9//10,11520.0,4.0,1.0,0.007999999906773692,0.004859213734777692,3.793697090955645e-15,0.005931697831803687,7.95999999618042,0.03283141691974201,0.5427373460566718,0.5427373460566748,NaN,NaN,NaN,6000
transitorio,99//100,9//10,11520.0,16.0,1.0,0.007999999906773692,0.009841503487817298,2.704135654637628e-15,0.011865456772088454,31.83999998472168,0.13730304671523552,0.5427373460566718,0.5427373460566748,NaN,NaN,NaN,6000
transitorio,99//100,9//10,11520.0,60.0,1.0,0.007999999906773692,0.019134777005226044,2.8881297647527496e-15,0.022992025195988298,119.3999999427063,0.49058431729460317,0.5427373460566718,0.5427373460566748,NaN,NaN,NaN,6000
transitorio,99//100,9//10,19080.0,1.0,1.0,0.007999999906773692,0.0015765984563684704,1.898424051757859e-15,0.002304436449152715,1.989999999045105,0.004519278604261157,0.43342560248294093,0.43342560248294365,NaN,NaN,NaN,6000
transitorio,99//100,9//10,19080.0,4.0,1.0,0.007999999906773692,0.0033434661707384024,3.5614771428531925e-15,0.004608993689086461,7.95999999618042,0.022594323358286955,0.43342560248294093,0.43342560248294365,NaN,NaN,NaN,6000
transitorio,99//100,9//10,19080.0,16.0,1.0,0.007999999906773692,0.006771148453507076,2.6052674160103063e-15,0.009218954046465633,31.83999998472168,0.0947453338948252,0.43342560248294093,0.43342560248294365,NaN,NaN,NaN,6000
transitorio,99//100,9//10,19080.0,60.0,1.0,0.007999999906773692,0.01316175508850199,2.699385494254662e-15,0.01785930062818897,119.3999999427063,0.3512134243400275,0.43342560248294093,0.43342560248294365,NaN,NaN,NaN,6000
regimen,99//100,1//1,600.0,1.0,1.0,0.010101010101010166,0.011940512275972572,3.1750552024501765e-19,0.01299855910461046,2.0101010101010104,0.045348259299282156,0.8575244541384349,0.8618143188684279,NaN,NaN,NaN,6000
regimen,99//100,1//1,600.0,4.0,1.0,0.010101010101010166,0.025353951975228724,1.9301573659792692e-14,0.026018858012087843,8.040404040404042,0.17993795799424078,0.8575244541384349,0.8618143188684279,0.027833333333333335,0.02381864055308587,0.03231540652552424,6000
regimen,99//100,1//1,600.0,16.0,1.0,0.010101010101010166,0.05148571671801298,1.848567509271997e-14,0.052213625097301875,32.161616161616166,0.637110221351305,0.8575244541384349,0.8618143188684279,0.05533333333333333,0.04968233209836982,0.06142136388960161,6000
regimen,99//100,1//1,600.0,60.0,1.0,0.010101010101010166,0.10094384990992135,6.313249785585163e-24,0.10241638234956672,120.60606060606062,0.9993563075316588,0.8575244541384349,0.8618143188684279,NaN,NaN,NaN,6000
regimen,99//100,1//1,3600.0,1.0,1.0,0.010101010101010166,0.004506891988829119,4.0142427133659786e-15,0.005305410409916187,2.0101010101010104,0.017171202856181622,0.66648900445211,0.6698214334422206,NaN,NaN,NaN,6000
regimen,99//100,1//1,3600.0,4.0,1.0,0.010101010101010166,0.009558443852661627,5.901700667800305e-15,0.010612295398388503,8.040404040404042,0.06860682916051075,0.66648900445211,0.6698214334422206,NaN,NaN,NaN,6000
regimen,99//100,1//1,3600.0,16.0,1.0,0.010101010101010166,0.019362646691828068,4.651522687305311e-15,0.02123640960707969,32.161616161616166,0.26951936113742186,0.66648900445211,0.6698214334422206,NaN,NaN,NaN,6000
regimen,99//100,1//1,3600.0,60.0,1.0,0.010101010101010166,0.03766583891039648,4.712269716384916e-15,0.04120864328326592,120.60606060606062,0.8055371468698009,0.66648900445211,0.6698214334422206,NaN,NaN,NaN,6000
regimen,99//100,1//1,7200.0,1.0,1.0,0.010101010101010166,0.0029097870432504176,2.9781740539881416e-15,0.003751404825480089,2.0101010101010104,0.011087612905442523,0.5437815606539207,0.5465002428553928,NaN,NaN,NaN,6000
regimen,99//100,1//1,7200.0,4.0,1.0,0.010101010101010166,0.006170655105925018,4.775195165090331e-15,0.0075033308302210186,8.040404040404042,0.04433085327117303,0.5437815606539207,0.5465002428553928,NaN,NaN,NaN,6000
regimen,99//100,1//1,7200.0,16.0,1.0,0.010101010101010166,0.012496064080334074,3.2272138620171894e-15,0.015010835008946658,32.161616161616166,0.17607575377611434,0.5437815606539207,0.5465002428553928,NaN,NaN,NaN,6000
regimen,99//100,1//1,7200.0,60.0,1.0,0.010101010101010166,0.024284968203401296,3.5217327622506206e-15,0.029098094008970656,120.60606060606062,0.5998629036161833,0.5437815606539207,0.5465002428553928,NaN,NaN,NaN,6000
regimen,99//100,1//1,11520.0,1.0,1.0,0.010101010101010166,0.0020626332170785716,2.6091055385895857e-15,0.0029657201721247687,2.0101010101010104,0.007859743269176878,0.44339079410223503,0.44560757922324484,NaN,NaN,NaN,6000
regimen,99//100,1//1,11520.0,4.0,1.0,0.010101010101010166,0.004374017864256822,4.3682029714169564e-15,0.005931697831803687,8.040404040404042,0.03143326419182213,0.44339079410223503,0.44560757922324484,NaN,NaN,NaN,6000
regimen,99//100,1//1,11520.0,16.0,1.0,0.010101010101010166,0.008856790921011435,2.895470465541073e-15,0.011865456772088454,32.161616161616166,0.12536740892178802,0.44339079410223503,0.44560757922324484,NaN,NaN,NaN,6000
regimen,99//100,1//1,11520.0,60.0,1.0,0.010101010101010166,0.017205702684647235,2.9753773889728293e-15,0.022992025195988298,120.60606060606062,0.450936989443441,0.44339079410223503,0.44560757922324484,NaN,NaN,NaN,6000
regimen,99//100,1//1,19080.0,1.0,1.0,0.010101010101010166,0.0013241825380596458,2.3214837049715092e-15,0.002304436449152715,2.0101010101010104,0.005045926935939082,0.32465637136383485,0.3262795415120821,NaN,NaN,NaN,6000
regimen,99//100,1//1,19080.0,4.0,1.0,0.010101010101010166,0.002808011008442666,4.206368450133115e-15,0.004608993689086461,8.040404040404042,0.020183513688375898,0.32465637136383485,0.3262795415120821,NaN,NaN,NaN,6000
regimen,99//100,1//1,19080.0,16.0,1.0,0.010101010101010166,0.005685446835929112,2.774317810370837e-15,0.009218954046465633,32.161616161616166,0.0807208018067429,0.32465637136383485,0.3262795415120821,NaN,NaN,NaN,6000
regimen,99//100,1//1,19080.0,60.0,1.0,0.010101010101010166,0.01104206765865861,2.7310258885169266e-15,0.01785930062818897,120.60606060606062,0.3014421537885505,0.32465637136383485,0.3262795415120821,NaN,NaN,NaN,6000
transitorio,99//100,1//1,600.0,1.0,1.0,0.009999999883378963,0.011911165798912483,2.898374697782318e-19,0.01299855910461046,1.9899999990426744,0.03411242222049715,0.8621624713869741,0.8621624713869959,NaN,NaN,NaN,6000
transitorio,99//100,1//1,600.0,4.0,1.0,0.009999999883378963,0.025281085329810042,1.6575427401363224e-14,0.026018858012087843,7.959999996170698,0.16932305892616456,0.8621624713869741,0.8621624713869959,0.02266666666666667,0.019050758808665635,0.02675632233425839,6000
transitorio,99//100,1//1,600.0,16.0,1.0,0.009999999883378963,0.051371331369025844,1.71740096922425e-14,0.052213625097301875,31.83999998468279,0.6308824700493478,0.8621624713869741,0.8621624713869959,0.050833333333333335,0.04541154834774376,0.05669690271005261,6000
transitorio,99//100,1//1,600.0,60.0,1.0,0.009999999883378963,0.10114021747817892,6.321675920950141e-24,0.10241638234956672,119.39999994256047,0.9993465684423912,0.8621624713869741,0.8621624713869959,NaN,NaN,NaN,6000
transitorio,99//100,1//1,3600.0,1.0,1.0,0.009999999883378963,0.004508775461701226,3.2059931158732656e-15,0.005305410409916187,1.9899999990426744,0.012917073593599004,0.6706014921868231,0.6706014921868277,NaN,NaN,NaN,6000
transitorio,99//100,1//1,3600.0,4.0,1.0,0.009999999883378963,0.00956295734482718,5.098490182877351e-15,0.010612295398388503,7.959999996170698,0.0645189632842682,0.6706014921868231,0.6706014921868277,NaN,NaN,NaN,6000
transitorio,99//100,1//1,3600.0,16.0,1.0,0.009999999883378963,0.019376997443221584,4.3214635210362516e-15,0.02123640960707969,31.83999998468279,0.26622384928001297,0.6706014921868231,0.6706014921868277,NaN,NaN,NaN,6000
transitorio,99//100,1//1,3600.0,60.0,1.0,0.009999999883378963,0.037738295022153714,4.54030263420468e-15,0.04120864328326592,119.39999994256047,0.8049777201481492,0.6706014921868231,0.6706014921868277,NaN,NaN,NaN,6000
transitorio,99//100,1//1,7200.0,1.0,1.0,0.009999999883378963,0.0029124068372733845,2.3785414311788504e-15,0.003751404825480089,1.9899999990426744,0.00834396140156174,0.5475054852859227,0.5475054852859261,NaN,NaN,NaN,6000
transitorio,99//100,1//1,7200.0,4.0,1.0,0.009999999883378963,0.006176677852090548,4.133642777670195e-15,0.0075033308302210186,7.959999996170698,0.0417030863632174,0.5475054852859227,0.5475054852859261,NaN,NaN,NaN,6000
transitorio,99//100,1//1,7200.0,16.0,1.0,0.009999999883378963,0.012512022172377565,2.9982170078624265e-15,0.015010835008946658,31.83999998468279,0.17394202149110932,0.5475054852859227,0.5475054852859261,NaN,NaN,NaN,6000
transitorio,99//100,1//1,7200.0,60.0,1.0,0.009999999883378963,0.02434294065165779,3.3932123352555126e-15,0.029098094008970656,119.39999994256047,0.5994408440998122,0.5475054852859227,0.5475054852859261,NaN,NaN,NaN,6000
transitorio,99//100,1//1,11520.0,1.0,1.0,0.009999999883378963,0.002065613682070532,2.0837864832872084e-15,0.0029657201721247687,1.9899999990426744,0.005917998697002713,0.4467470278179788,0.4467470278179818,NaN,NaN,NaN,6000
transitorio,99//100,1//1,11520.0,4.0,1.0,0.009999999883378963,0.004380669624827969,3.7850556116743115e-15,0.005931697831803687,7.959999996170698,0.02958510112082907,0.4467470278179788,0.4467470278179818,NaN,NaN,NaN,6000
transitorio,99//100,1//1,11520.0,16.0,1.0,0.009999999883378963,0.008872938641557386,2.690012554981961e-15,0.011865456772088454,31.83999998468279,0.12390102058046062,0.4467470278179788,0.4467470278179818,NaN,NaN,NaN,6000
transitorio,99//100,1//1,11520.0,60.0,1.0,0.009999999883378963,0.017256196279180968,2.8667953139116406e-15,0.022992025195988298,119.39999994256047,0.45077362553969996,0.4467470278179788,0.4467470278179818,NaN,NaN,NaN,6000
transitorio,99//100,1//1,19080.0,1.0,1.0,0.009999999883378963,0.001327362147087915,1.8540785790318592e-15,0.002304436449152715,1.9899999990426744,0.003802934424918164,0.3274909945314765,0.32749099453147923,NaN,NaN,NaN,6000
transitorio,99//100,1//1,19080.0,4.0,1.0,0.009999999883378963,0.0028149664883510566,3.646444979861281e-15,0.004608993689086461,7.959999996170698,0.019014485732690795,0.3274909945314765,0.32749099453147923,NaN,NaN,NaN,6000
transitorio,99//100,1//1,19080.0,16.0,1.0,0.009999999883378963,0.005701250542700941,2.5774562953617406e-15,0.009218954046465633,31.83999998468279,0.07984649070985675,0.3274909945314765,0.32749099453147923,NaN,NaN,NaN,6000
transitorio,99//100,1//1,19080.0,60.0,1.0,0.009999999883378963,0.011085035399199444,2.631361009694711e-15,0.01785930062818897,119.39999994256047,0.30157639368117506,0.3274909945314765,0.32749099453147923,NaN,NaN,NaN,6000
regimen,1//1,1//2,600.0,1.0,1.0,0.0,0.012066924748030972,3.175055202389362e-19,0.01299855910461046,2.0,0.04604189919647006,0.9999999999999334,0.9999999999999334,NaN,NaN,NaN,6000
regimen,1//1,1//2,600.0,4.0,1.0,0.0,0.025600957433942768,1.6735746151751912e-14,0.026018858012087843,8.0,0.18264456752959024,0.9999999999999334,0.9999999999999334,0.025166666666666667,0.021352304226898662,0.02945164458465488,6000
regimen,1//1,1//2,600.0,16.0,1.0,0.0,0.0520065749819669,1.717681657204522e-14,0.052213625097301875,32.0,0.6443913847904572,0.9999999999999334,0.9999999999999334,0.05433333333333333,0.04873229654249964,0.060372451936849966,6000
regimen,1//1,1//2,600.0,60.0,1.0,0.0,0.10230567806991239,6.31324775104557e-24,0.10241638234956672,120.0,0.999465377473792,0.9999999999999334,0.9999999999999334,NaN,NaN,NaN,6000
regimen,1//1,1//2,3600.0,1.0,1.0,0.0,0.0049253539299575835,3.210343104236656e-15,0.005305410409916187,2.0,0.018804687018067867,0.999999999998044,0.999999999998044,NaN,NaN,NaN,6000
regimen,1//1,1//2,3600.0,4.0,1.0,0.0,0.010442170808485498,5.253989119269427e-15,0.010612295398388503,8.0,0.07511441095454213,0.999999999998044,0.999999999998044,NaN,NaN,NaN,6000
regimen,1//1,1//2,3600.0,16.0,1.0,0.0,0.021152834218966868,4.3221801125040144e-15,0.02123640960707969,32.0,0.2939196499738976,0.999999999998044,0.999999999998044,NaN,NaN,NaN,6000
regimen,1//1,1//2,3600.0,60.0,1.0,0.0,0.041165407996738165,4.540477345230004e-15,0.04120864328326592,120.0,0.8426983905318357,0.999999999998044,0.999999999998044,NaN,NaN,NaN,6000
regimen,1//1,1//2,7200.0,1.0,1.0,0.0,0.0034826842025882762,2.381775867326026e-15,0.003751404825480089,2.0,0.013297498850416811,0.999999999996485,0.999999999996485,NaN,NaN,NaN,6000
regimen,1//1,1//2,7200.0,4.0,1.0,0.0,0.007383068545319793,4.288736501905082e-15,0.0075033308302210186,8.0,0.05315308149281833,0.999999999996485,0.999999999996485,NaN,NaN,NaN,6000
regimen,1//1,1//2,7200.0,16.0,1.0,0.0,0.014951804389693115,2.998718318919258e-15,0.015010835008946658,32.0,0.21027473097828092,0.999999999996485,0.999999999996485,NaN,NaN,NaN,6000
regimen,1//1,1//2,7200.0,60.0,1.0,0.0,0.0290676509048839,3.393343077886139e-15,0.029098094008970656,120.0,0.6826894921005973,0.999999999996485,0.999999999996485,NaN,NaN,NaN,6000
regimen,1//1,1//2,11520.0,1.0,1.0,0.0,0.0027532837626194242,2.086623536187931e-15,0.0029657201721247687,2.0,0.010512766993610534,1.0000000000067204,1.0000000000067204,NaN,NaN,NaN,6000
regimen,1//1,1//2,11520.0,4.0,1.0,0.0,0.005836632211456367,3.940002936693885e-15,0.005931697831803687,8.0,0.04203282392859464,1.0000000000067204,1.0000000000067204,NaN,NaN,NaN,6000
regimen,1//1,1//2,11520.0,16.0,1.0,0.0,0.011818808522333102,2.690463744689989e-15,0.011865456772088454,32.0,0.16697139057438043,1.0000000000067204,1.0000000000067204,NaN,NaN,NaN,6000
regimen,1//1,1//2,11520.0,60.0,1.0,0.0,0.022967995680760606,2.866905852516566e-15,0.022992025195988298,120.0,0.5708050125261617,1.0000000000067204,1.0000000000067204,NaN,NaN,NaN,6000
regimen,1//1,1//2,19080.0,1.0,1.0,0.0,0.002139370289439957,1.8566059347490392e-15,0.002304436449152715,2.0,0.008168809365062535,1.000000000013198,1.000000000013198,NaN,NaN,NaN,6000
regimen,1//1,1//2,19080.0,4.0,1.0,0.0,0.004535130137388061,3.8013341109550445e-15,0.004608993689086461,8.0,0.03266667683101476,1.000000000013198,1.000000000013198,NaN,NaN,NaN,6000
regimen,1//1,1//2,19080.0,16.0,1.0,0.0,0.009182717040565861,2.5778892050519835e-15,0.009218954046465633,32.0,0.13012101690202305,1.000000000013198,1.000000000013198,NaN,NaN,NaN,6000
regimen,1//1,1//2,19080.0,60.0,1.0,0.0,0.017840648362558935,2.6314625271527757e-15,0.01785930062818897,120.0,0.46097994712853785,1.000000000013198,1.000000000013198,NaN,NaN,NaN,6000
transitorio,1//1,1//2,600.0,1.0,1.0,0.0,0.012066924747453977,3.1750551699110426e-19,0.01299855910461046,1.9999999989260535,0.03454341548111012,0.999999999999998,0.999999999999998,NaN,NaN,NaN,6000
transitorio,1//1,1//2,600.0,4.0,1.0,0.0,0.02560095743371615,1.6735744485682395e-14,0.026018858012087843,7.999999995704214,0.17143009824255767,0.999999999999998,0.999999999999998,0.025166666666666667,0.021352304226898662,0.02945164458465488,6000
transitorio,1//1,1//2,600.0,16.0,1.0,0.0,0.052006574981866824,1.7176814748547202e-14,0.052213625097301875,31.999999982816856,0.6368751655002054,0.999999999999998,0.999999999999998,0.05433333333333333,0.04873229654249964,0.060372451936849966,6000
transitorio,1//1,1//2,600.0,60.0,1.0,0.0,0.10230567806981296,6.313247430262098e-24,0.10241638234956672,119.99999993556321,0.99943675669455,0.999999999999998,0.999999999999998,NaN,NaN,NaN,6000
transitorio,1//1,1//2,3600.0,1.0,1.0,0.0,0.00492535392972624,3.210342352536339e-15,0.005305410409916187,1.9999999989260535,0.014104331454326546,0.9999999999984915,0.9999999999984915,NaN,NaN,NaN,6000
transitorio,1//1,1//2,3600.0,4.0,1.0,0.0,0.01044217080839183,5.253988192645075e-15,0.010612295398388503,7.999999995704214,0.07043360082815059,0.9999999999984915,0.9999999999984915,NaN,NaN,NaN,6000
transitorio,1//1,1//2,3600.0,16.0,1.0,0.0,0.021152834218940347,4.32217910232579e-15,0.02123640960707969,31.999999982816856,0.28954073922679235,0.9999999999984915,0.9999999999984915,NaN,NaN,NaN,6000
transitorio,1//1,1//2,3600.0,60.0,1.0,0.0,0.04116540799668195,4.540476288664596e-15,0.04120864328326592,119.99999993556321,0.840968826120177,0.9999999999984915,0.9999999999984915,NaN,NaN,NaN,6000
transitorio,1//1,1//2,7200.0,1.0,1.0,0.0,0.0034826842024319317,2.3817751905437637e-15,0.003751404825480089,1.9999999989260535,0.009973412716695385,0.9999999999973521,0.9999999999973521,NaN,NaN,NaN,6000
transitorio,1//1,1//2,7200.0,4.0,1.0,0.0,0.007383068545243377,4.288735655695199e-15,0.0075033308302210186,7.999999995704214,0.04983591358033018,0.9999999999973521,0.9999999999973521,NaN,NaN,NaN,6000
transitorio,1//1,1//2,7200.0,16.0,1.0,0.0,0.014951804389708521,2.998717465199743e-15,0.015010835008946658,31.999999982816856,0.20706631647380447,0.9999999999973521,0.9999999999973521,NaN,NaN,NaN,6000
transitorio,1//1,1//2,7200.0,60.0,1.0,0.0,0.02906765090479999,3.393342116570274e-15,0.029098094008970656,119.99999993556321,0.6806730811967752,0.9999999999973521,0.9999999999973521,NaN,NaN,NaN,6000
transitorio,1//1,1//2,11520.0,1.0,1.0,0.0,0.0027532837624875193,2.0866228871823354e-15,0.0029657201721247687,1.9999999989260535,0.007884717836483313,1.0000000000080669,1.0000000000080669,NaN,NaN,NaN,6000
transitorio,1//1,1//2,11520.0,4.0,1.0,0.0,0.005836632211378043,3.940002120723982e-15,0.005931697831803687,7.999999995704214,0.03940819456624417,1.0000000000080669,1.0000000000080669,NaN,NaN,NaN,6000
transitorio,1//1,1//2,11520.0,16.0,1.0,0.0,0.011818808522392579,2.6904629066440916e-15,0.011865456772088454,31.999999982816856,0.1644008765306887,1.0000000000080669,1.0000000000080669,NaN,NaN,NaN,6000
transitorio,1//1,1//2,11520.0,60.0,1.0,0.0,0.022967995680789628,2.8669049611790757e-15,0.022992025195988298,119.99999993556321,0.5688821355807404,1.0000000000080669,1.0000000000080669,NaN,NaN,NaN,6000
transitorio,1//1,1//2,19080.0,1.0,1.0,0.0,0.002139370289341133,1.856605316565616e-15,0.002304436449152715,1.9999999989260535,0.006126673921676817,1.000000000016351,1.000000000016351,NaN,NaN,NaN,6000
transitorio,1//1,1//2,19080.0,4.0,1.0,0.0,0.004535130137335316,3.801333287410358e-15,0.004608993689086461,7.999999995704214,0.030626146236778617,1.000000000016351,1.000000000016351,NaN,NaN,NaN,6000
transitorio,1//1,1//2,19080.0,16.0,1.0,0.0,0.009182717040631089,2.5778883484323607e-15,0.009218954046465633,31.999999982816856,0.12810599296283653,1.000000000016351,1.000000000016351,NaN,NaN,NaN,6000
transitorio,1//1,1//2,19080.0,60.0,1.0,0.0,0.017840648362615685,2.6314616522278253e-15,0.01785930062818897,119.99999993556321,0.4592888680527723,1.000000000016351,1.000000000016351,NaN,NaN,NaN,6000
regimen,1//1,11//20,600.0,1.0,1.0,0.0,0.012066924748030972,3.175055202389362e-19,0.01299855910461046,2.0,0.04604189919647006,0.9999999999999334,0.9999999999999334,NaN,NaN,NaN,6000
regimen,1//1,11//20,600.0,4.0,1.0,0.0,0.025600957433942768,1.6735746151751912e-14,0.026018858012087843,8.0,0.18264456752959024,0.9999999999999334,0.9999999999999334,0.025166666666666667,0.021352304226898662,0.02945164458465488,6000
regimen,1//1,11//20,600.0,16.0,1.0,0.0,0.0520065749819669,1.717681657204522e-14,0.052213625097301875,32.0,0.6443913847904572,0.9999999999999334,0.9999999999999334,0.05433333333333333,0.04873229654249964,0.060372451936849966,6000
regimen,1//1,11//20,600.0,60.0,1.0,0.0,0.10230567806991239,6.31324775104557e-24,0.10241638234956672,120.0,0.999465377473792,0.9999999999999334,0.9999999999999334,NaN,NaN,NaN,6000
regimen,1//1,11//20,3600.0,1.0,1.0,0.0,0.0049253539299575835,3.210343104236656e-15,0.005305410409916187,2.0,0.018804687018067867,0.999999999998044,0.999999999998044,NaN,NaN,NaN,6000
regimen,1//1,11//20,3600.0,4.0,1.0,0.0,0.010442170808485498,5.253989119269427e-15,0.010612295398388503,8.0,0.07511441095454213,0.999999999998044,0.999999999998044,NaN,NaN,NaN,6000
regimen,1//1,11//20,3600.0,16.0,1.0,0.0,0.021152834218966868,4.3221801125040144e-15,0.02123640960707969,32.0,0.2939196499738976,0.999999999998044,0.999999999998044,NaN,NaN,NaN,6000
regimen,1//1,11//20,3600.0,60.0,1.0,0.0,0.041165407996738165,4.540477345230004e-15,0.04120864328326592,120.0,0.8426983905318357,0.999999999998044,0.999999999998044,NaN,NaN,NaN,6000
regimen,1//1,11//20,7200.0,1.0,1.0,0.0,0.0034826842025882762,2.381775867326026e-15,0.003751404825480089,2.0,0.013297498850416811,0.999999999996485,0.999999999996485,NaN,NaN,NaN,6000
regimen,1//1,11//20,7200.0,4.0,1.0,0.0,0.007383068545319793,4.288736501905082e-15,0.0075033308302210186,8.0,0.05315308149281833,0.999999999996485,0.999999999996485,NaN,NaN,NaN,6000
regimen,1//1,11//20,7200.0,16.0,1.0,0.0,0.014951804389693115,2.998718318919258e-15,0.015010835008946658,32.0,0.21027473097828092,0.999999999996485,0.999999999996485,NaN,NaN,NaN,6000
regimen,1//1,11//20,7200.0,60.0,1.0,0.0,0.0290676509048839,3.393343077886139e-15,0.029098094008970656,120.0,0.6826894921005973,0.999999999996485,0.999999999996485,NaN,NaN,NaN,6000
regimen,1//1,11//20,11520.0,1.0,1.0,0.0,0.0027532837626194242,2.086623536187931e-15,0.0029657201721247687,2.0,0.010512766993610534,1.0000000000067204,1.0000000000067204,NaN,NaN,NaN,6000
regimen,1//1,11//20,11520.0,4.0,1.0,0.0,0.005836632211456367,3.940002936693885e-15,0.005931697831803687,8.0,0.04203282392859464,1.0000000000067204,1.0000000000067204,NaN,NaN,NaN,6000
regimen,1//1,11//20,11520.0,16.0,1.0,0.0,0.011818808522333102,2.690463744689989e-15,0.011865456772088454,32.0,0.16697139057438043,1.0000000000067204,1.0000000000067204,NaN,NaN,NaN,6000
regimen,1//1,11//20,11520.0,60.0,1.0,0.0,0.022967995680760606,2.866905852516566e-15,0.022992025195988298,120.0,0.5708050125261617,1.0000000000067204,1.0000000000067204,NaN,NaN,NaN,6000
regimen,1//1,11//20,19080.0,1.0,1.0,0.0,0.002139370289439957,1.8566059347490392e-15,0.002304436449152715,2.0,0.008168809365062535,1.000000000013198,1.000000000013198,NaN,NaN,NaN,6000
regimen,1//1,11//20,19080.0,4.0,1.0,0.0,0.004535130137388061,3.8013341109550445e-15,0.004608993689086461,8.0,0.03266667683101476,1.000000000013198,1.000000000013198,NaN,NaN,NaN,6000
regimen,1//1,11//20,19080.0,16.0,1.0,0.0,0.009182717040565861,2.5778892050519835e-15,0.009218954046465633,32.0,0.13012101690202305,1.000000000013198,1.000000000013198,NaN,NaN,NaN,6000
regimen,1//1,11//20,19080.0,60.0,1.0,0.0,0.017840648362558935,2.6314625271527757e-15,0.01785930062818897,120.0,0.46097994712853785,1.000000000013198,1.000000000013198,NaN,NaN,NaN,6000
transitorio,1//1,11//20,600.0,1.0,1.0,0.0,0.012066924747453977,3.1750551699110426e-19,0.01299855910461046,1.9999999989260535,0.03454341548111012,0.999999999999998,0.999999999999998,NaN,NaN,NaN,6000
transitorio,1//1,11//20,600.0,4.0,1.0,0.0,0.02560095743371615,1.6735744485682395e-14,0.026018858012087843,7.999999995704214,0.17143009824255767,0.999999999999998,0.999999999999998,0.025166666666666667,0.021352304226898662,0.02945164458465488,6000
transitorio,1//1,11//20,600.0,16.0,1.0,0.0,0.052006574981866824,1.7176814748547202e-14,0.052213625097301875,31.999999982816856,0.6368751655002054,0.999999999999998,0.999999999999998,0.05433333333333333,0.04873229654249964,0.060372451936849966,6000
transitorio,1//1,11//20,600.0,60.0,1.0,0.0,0.10230567806981296,6.313247430262098e-24,0.10241638234956672,119.99999993556321,0.99943675669455,0.999999999999998,0.999999999999998,NaN,NaN,NaN,6000
transitorio,1//1,11//20,3600.0,1.0,1.0,0.0,0.00492535392972624,3.210342352536339e-15,0.005305410409916187,1.9999999989260535,0.014104331454326546,0.9999999999984915,0.9999999999984915,NaN,NaN,NaN,6000
transitorio,1//1,11//20,3600.0,4.0,1.0,0.0,0.01044217080839183,5.253988192645075e-15,0.010612295398388503,7.999999995704214,0.07043360082815059,0.9999999999984915,0.9999999999984915,NaN,NaN,NaN,6000
transitorio,1//1,11//20,3600.0,16.0,1.0,0.0,0.021152834218940347,4.32217910232579e-15,0.02123640960707969,31.999999982816856,0.28954073922679235,0.9999999999984915,0.9999999999984915,NaN,NaN,NaN,6000
transitorio,1//1,11//20,3600.0,60.0,1.0,0.0,0.04116540799668195,4.540476288664596e-15,0.04120864328326592,119.99999993556321,0.840968826120177,0.9999999999984915,0.9999999999984915,NaN,NaN,NaN,6000
transitorio,1//1,11//20,7200.0,1.0,1.0,0.0,0.0034826842024319317,2.3817751905437637e-15,0.003751404825480089,1.9999999989260535,0.009973412716695385,0.9999999999973521,0.9999999999973521,NaN,NaN,NaN,6000
transitorio,1//1,11//20,7200.0,4.0,1.0,0.0,0.007383068545243377,4.288735655695199e-15,0.0075033308302210186,7.999999995704214,0.04983591358033018,0.9999999999973521,0.9999999999973521,NaN,NaN,NaN,6000
transitorio,1//1,11//20,7200.0,16.0,1.0,0.0,0.014951804389708521,2.998717465199743e-15,0.015010835008946658,31.999999982816856,0.20706631647380447,0.9999999999973521,0.9999999999973521,NaN,NaN,NaN,6000
transitorio,1//1,11//20,7200.0,60.0,1.0,0.0,0.02906765090479999,3.393342116570274e-15,0.029098094008970656,119.99999993556321,0.6806730811967752,0.9999999999973521,0.9999999999973521,NaN,NaN,NaN,6000
transitorio,1//1,11//20,11520.0,1.0,1.0,0.0,0.0027532837624875193,2.0866228871823354e-15,0.0029657201721247687,1.9999999989260535,0.007884717836483313,1.0000000000080669,1.0000000000080669,NaN,NaN,NaN,6000
transitorio,1//1,11//20,11520.0,4.0,1.0,0.0,0.005836632211378043,3.940002120723982e-15,0.005931697831803687,7.999999995704214,0.03940819456624417,1.0000000000080669,1.0000000000080669,NaN,NaN,NaN,6000
transitorio,1//1,11//20,11520.0,16.0,1.0,0.0,0.011818808522392579,2.6904629066440916e-15,0.011865456772088454,31.999999982816856,0.1644008765306887,1.0000000000080669,1.0000000000080669,NaN,NaN,NaN,6000
transitorio,1//1,11//20,11520.0,60.0,1.0,0.0,0.022967995680789628,2.8669049611790757e-15,0.022992025195988298,119.99999993556321,0.5688821355807404,1.0000000000080669,1.0000000000080669,NaN,NaN,NaN,6000
transitorio,1//1,11//20,19080.0,1.0,1.0,0.0,0.002139370289341133,1.856605316565616e-15,0.002304436449152715,1.9999999989260535,0.006126673921676817,1.000000000016351,1.000000000016351,NaN,NaN,NaN,6000
transitorio,1//1,11//20,19080.0,4.0,1.0,0.0,0.004535130137335316,3.801333287410358e-15,0.004608993689086461,7.999999995704214,0.030626146236778617,1.000000000016351,1.000000000016351,NaN,NaN,NaN,6000
transitorio,1//1,11//20,19080.0,16.0,1.0,0.0,0.009182717040631089,2.5778883484323607e-15,0.009218954046465633,31.999999982816856,0.12810599296283653,1.000000000016351,1.000000000016351,NaN,NaN,NaN,6000
transitorio,1//1,11//20,19080.0,60.0,1.0,0.0,0.017840648362615685,2.6314616522278253e-15,0.01785930062818897,119.99999993556321,0.4592888680527723,1.000000000016351,1.000000000016351,NaN,NaN,NaN,6000
regimen,1//1,3//5,600.0,1.0,1.0,0.0,0.012066924748030972,3.175055202389362e-19,0.01299855910461046,2.0,0.04604189919647006,0.9999999999999334,0.9999999999999334,NaN,NaN,NaN,6000
regimen,1//1,3//5,600.0,4.0,1.0,0.0,0.025600957433942768,1.6735746151751912e-14,0.026018858012087843,8.0,0.18264456752959024,0.9999999999999334,0.9999999999999334,0.025166666666666667,0.021352304226898662,0.02945164458465488,6000
regimen,1//1,3//5,600.0,16.0,1.0,0.0,0.0520065749819669,1.717681657204522e-14,0.052213625097301875,32.0,0.6443913847904572,0.9999999999999334,0.9999999999999334,0.05433333333333333,0.04873229654249964,0.060372451936849966,6000
regimen,1//1,3//5,600.0,60.0,1.0,0.0,0.10230567806991239,6.31324775104557e-24,0.10241638234956672,120.0,0.999465377473792,0.9999999999999334,0.9999999999999334,NaN,NaN,NaN,6000
regimen,1//1,3//5,3600.0,1.0,1.0,0.0,0.0049253539299575835,3.210343104236656e-15,0.005305410409916187,2.0,0.018804687018067867,0.999999999998044,0.999999999998044,NaN,NaN,NaN,6000
regimen,1//1,3//5,3600.0,4.0,1.0,0.0,0.010442170808485498,5.253989119269427e-15,0.010612295398388503,8.0,0.07511441095454213,0.999999999998044,0.999999999998044,NaN,NaN,NaN,6000
regimen,1//1,3//5,3600.0,16.0,1.0,0.0,0.021152834218966868,4.3221801125040144e-15,0.02123640960707969,32.0,0.2939196499738976,0.999999999998044,0.999999999998044,NaN,NaN,NaN,6000
regimen,1//1,3//5,3600.0,60.0,1.0,0.0,0.041165407996738165,4.540477345230004e-15,0.04120864328326592,120.0,0.8426983905318357,0.999999999998044,0.999999999998044,NaN,NaN,NaN,6000
regimen,1//1,3//5,7200.0,1.0,1.0,0.0,0.0034826842025882762,2.381775867326026e-15,0.003751404825480089,2.0,0.013297498850416811,0.999999999996485,0.999999999996485,NaN,NaN,NaN,6000
regimen,1//1,3//5,7200.0,4.0,1.0,0.0,0.007383068545319793,4.288736501905082e-15,0.0075033308302210186,8.0,0.05315308149281833,0.999999999996485,0.999999999996485,NaN,NaN,NaN,6000
regimen,1//1,3//5,7200.0,16.0,1.0,0.0,0.014951804389693115,2.998718318919258e-15,0.015010835008946658,32.0,0.21027473097828092,0.999999999996485,0.999999999996485,NaN,NaN,NaN,6000
regimen,1//1,3//5,7200.0,60.0,1.0,0.0,0.0290676509048839,3.393343077886139e-15,0.029098094008970656,120.0,0.6826894921005973,0.999999999996485,0.999999999996485,NaN,NaN,NaN,6000
regimen,1//1,3//5,11520.0,1.0,1.0,0.0,0.0027532837626194242,2.086623536187931e-15,0.0029657201721247687,2.0,0.010512766993610534,1.0000000000067204,1.0000000000067204,NaN,NaN,NaN,6000
regimen,1//1,3//5,11520.0,4.0,1.0,0.0,0.005836632211456367,3.940002936693885e-15,0.005931697831803687,8.0,0.04203282392859464,1.0000000000067204,1.0000000000067204,NaN,NaN,NaN,6000
regimen,1//1,3//5,11520.0,16.0,1.0,0.0,0.011818808522333102,2.690463744689989e-15,0.011865456772088454,32.0,0.16697139057438043,1.0000000000067204,1.0000000000067204,NaN,NaN,NaN,6000
regimen,1//1,3//5,11520.0,60.0,1.0,0.0,0.022967995680760606,2.866905852516566e-15,0.022992025195988298,120.0,0.5708050125261617,1.0000000000067204,1.0000000000067204,NaN,NaN,NaN,6000
regimen,1//1,3//5,19080.0,1.0,1.0,0.0,0.002139370289439957,1.8566059347490392e-15,0.002304436449152715,2.0,0.008168809365062535,1.000000000013198,1.000000000013198,NaN,NaN,NaN,6000
regimen,1//1,3//5,19080.0,4.0,1.0,0.0,0.004535130137388061,3.8013341109550445e-15,0.004608993689086461,8.0,0.03266667683101476,1.000000000013198,1.000000000013198,NaN,NaN,NaN,6000
regimen,1//1,3//5,19080.0,16.0,1.0,0.0,0.009182717040565861,2.5778892050519835e-15,0.009218954046465633,32.0,0.13012101690202305,1.000000000013198,1.000000000013198,NaN,NaN,NaN,6000
regimen,1//1,3//5,19080.0,60.0,1.0,0.0,0.017840648362558935,2.6314625271527757e-15,0.01785930062818897,120.0,0.46097994712853785,1.000000000013198,1.000000000013198,NaN,NaN,NaN,6000
transitorio,1//1,3//5,600.0,1.0,1.0,0.0,0.012066924747453977,3.1750551699110426e-19,0.01299855910461046,1.9999999989260535,0.03454341548111012,0.999999999999998,0.999999999999998,NaN,NaN,NaN,6000
transitorio,1//1,3//5,600.0,4.0,1.0,0.0,0.02560095743371615,1.6735744485682395e-14,0.026018858012087843,7.999999995704214,0.17143009824255767,0.999999999999998,0.999999999999998,0.025166666666666667,0.021352304226898662,0.02945164458465488,6000
transitorio,1//1,3//5,600.0,16.0,1.0,0.0,0.052006574981866824,1.7176814748547202e-14,0.052213625097301875,31.999999982816856,0.6368751655002054,0.999999999999998,0.999999999999998,0.05433333333333333,0.04873229654249964,0.060372451936849966,6000
transitorio,1//1,3//5,600.0,60.0,1.0,0.0,0.10230567806981296,6.313247430262098e-24,0.10241638234956672,119.99999993556321,0.99943675669455,0.999999999999998,0.999999999999998,NaN,NaN,NaN,6000
transitorio,1//1,3//5,3600.0,1.0,1.0,0.0,0.00492535392972624,3.210342352536339e-15,0.005305410409916187,1.9999999989260535,0.014104331454326546,0.9999999999984915,0.9999999999984915,NaN,NaN,NaN,6000
transitorio,1//1,3//5,3600.0,4.0,1.0,0.0,0.01044217080839183,5.253988192645075e-15,0.010612295398388503,7.999999995704214,0.07043360082815059,0.9999999999984915,0.9999999999984915,NaN,NaN,NaN,6000
transitorio,1//1,3//5,3600.0,16.0,1.0,0.0,0.021152834218940347,4.32217910232579e-15,0.02123640960707969,31.999999982816856,0.28954073922679235,0.9999999999984915,0.9999999999984915,NaN,NaN,NaN,6000
transitorio,1//1,3//5,3600.0,60.0,1.0,0.0,0.04116540799668195,4.540476288664596e-15,0.04120864328326592,119.99999993556321,0.840968826120177,0.9999999999984915,0.9999999999984915,NaN,NaN,NaN,6000
transitorio,1//1,3//5,7200.0,1.0,1.0,0.0,0.0034826842024319317,2.3817751905437637e-15,0.003751404825480089,1.9999999989260535,0.009973412716695385,0.9999999999973521,0.9999999999973521,NaN,NaN,NaN,6000
transitorio,1//1,3//5,7200.0,4.0,1.0,0.0,0.007383068545243377,4.288735655695199e-15,0.0075033308302210186,7.999999995704214,0.04983591358033018,0.9999999999973521,0.9999999999973521,NaN,NaN,NaN,6000
transitorio,1//1,3//5,7200.0,16.0,1.0,0.0,0.014951804389708521,2.998717465199743e-15,0.015010835008946658,31.999999982816856,0.20706631647380447,0.9999999999973521,0.9999999999973521,NaN,NaN,NaN,6000
transitorio,1//1,3//5,7200.0,60.0,1.0,0.0,0.02906765090479999,3.393342116570274e-15,0.029098094008970656,119.99999993556321,0.6806730811967752,0.9999999999973521,0.9999999999973521,NaN,NaN,NaN,6000
transitorio,1//1,3//5,11520.0,1.0,1.0,0.0,0.0027532837624875193,2.0866228871823354e-15,0.0029657201721247687,1.9999999989260535,0.007884717836483313,1.0000000000080669,1.0000000000080669,NaN,NaN,NaN,6000
transitorio,1//1,3//5,11520.0,4.0,1.0,0.0,0.005836632211378043,3.940002120723982e-15,0.005931697831803687,7.999999995704214,0.03940819456624417,1.0000000000080669,1.0000000000080669,NaN,NaN,NaN,6000
transitorio,1//1,3//5,11520.0,16.0,1.0,0.0,0.011818808522392579,2.6904629066440916e-15,0.011865456772088454,31.999999982816856,0.1644008765306887,1.0000000000080669,1.0000000000080669,NaN,NaN,NaN,6000
transitorio,1//1,3//5,11520.0,60.0,1.0,0.0,0.022967995680789628,2.8669049611790757e-15,0.022992025195988298,119.99999993556321,0.5688821355807404,1.0000000000080669,1.0000000000080669,NaN,NaN,NaN,6000
transitorio,1//1,3//5,19080.0,1.0,1.0,0.0,0.002139370289341133,1.856605316565616e-15,0.002304436449152715,1.9999999989260535,0.006126673921676817,1.000000000016351,1.000000000016351,NaN,NaN,NaN,6000
transitorio,1//1,3//5,19080.0,4.0,1.0,0.0,0.004535130137335316,3.801333287410358e-15,0.004608993689086461,7.999999995704214,0.030626146236778617,1.000000000016351,1.000000000016351,NaN,NaN,NaN,6000
transitorio,1//1,3//5,19080.0,16.0,1.0,0.0,0.009182717040631089,2.5778883484323607e-15,0.009218954046465633,31.999999982816856,0.12810599296283653,1.000000000016351,1.000000000016351,NaN,NaN,NaN,6000
transitorio,1//1,3//5,19080.0,60.0,1.0,0.0,0.017840648362615685,2.6314616522278253e-15,0.01785930062818897,119.99999993556321,0.4592888680527723,1.000000000016351,1.000000000016351,NaN,NaN,NaN,6000
regimen,1//1,3//4,600.0,1.0,1.0,0.0,0.012066924748030972,3.175055202389362e-19,0.01299855910461046,2.0,0.04604189919647006,0.9999999999999334,0.9999999999999334,NaN,NaN,NaN,6000
regimen,1//1,3//4,600.0,4.0,1.0,0.0,0.025600957433942768,1.6735746151751912e-14,0.026018858012087843,8.0,0.18264456752959024,0.9999999999999334,0.9999999999999334,0.025166666666666667,0.021352304226898662,0.02945164458465488,6000
regimen,1//1,3//4,600.0,16.0,1.0,0.0,0.0520065749819669,1.717681657204522e-14,0.052213625097301875,32.0,0.6443913847904572,0.9999999999999334,0.9999999999999334,0.05433333333333333,0.04873229654249964,0.060372451936849966,6000
regimen,1//1,3//4,600.0,60.0,1.0,0.0,0.10230567806991239,6.31324775104557e-24,0.10241638234956672,120.0,0.999465377473792,0.9999999999999334,0.9999999999999334,NaN,NaN,NaN,6000
regimen,1//1,3//4,3600.0,1.0,1.0,0.0,0.0049253539299575835,3.210343104236656e-15,0.005305410409916187,2.0,0.018804687018067867,0.999999999998044,0.999999999998044,NaN,NaN,NaN,6000
regimen,1//1,3//4,3600.0,4.0,1.0,0.0,0.010442170808485498,5.253989119269427e-15,0.010612295398388503,8.0,0.07511441095454213,0.999999999998044,0.999999999998044,NaN,NaN,NaN,6000
regimen,1//1,3//4,3600.0,16.0,1.0,0.0,0.021152834218966868,4.3221801125040144e-15,0.02123640960707969,32.0,0.2939196499738976,0.999999999998044,0.999999999998044,NaN,NaN,NaN,6000
regimen,1//1,3//4,3600.0,60.0,1.0,0.0,0.041165407996738165,4.540477345230004e-15,0.04120864328326592,120.0,0.8426983905318357,0.999999999998044,0.999999999998044,NaN,NaN,NaN,6000
regimen,1//1,3//4,7200.0,1.0,1.0,0.0,0.0034826842025882762,2.381775867326026e-15,0.003751404825480089,2.0,0.013297498850416811,0.999999999996485,0.999999999996485,NaN,NaN,NaN,6000
regimen,1//1,3//4,7200.0,4.0,1.0,0.0,0.007383068545319793,4.288736501905082e-15,0.0075033308302210186,8.0,0.05315308149281833,0.999999999996485,0.999999999996485,NaN,NaN,NaN,6000
regimen,1//1,3//4,7200.0,16.0,1.0,0.0,0.014951804389693115,2.998718318919258e-15,0.015010835008946658,32.0,0.21027473097828092,0.999999999996485,0.999999999996485,NaN,NaN,NaN,6000
regimen,1//1,3//4,7200.0,60.0,1.0,0.0,0.0290676509048839,3.393343077886139e-15,0.029098094008970656,120.0,0.6826894921005973,0.999999999996485,0.999999999996485,NaN,NaN,NaN,6000
regimen,1//1,3//4,11520.0,1.0,1.0,0.0,0.0027532837626194242,2.086623536187931e-15,0.0029657201721247687,2.0,0.010512766993610534,1.0000000000067204,1.0000000000067204,NaN,NaN,NaN,6000
regimen,1//1,3//4,11520.0,4.0,1.0,0.0,0.005836632211456367,3.940002936693885e-15,0.005931697831803687,8.0,0.04203282392859464,1.0000000000067204,1.0000000000067204,NaN,NaN,NaN,6000
regimen,1//1,3//4,11520.0,16.0,1.0,0.0,0.011818808522333102,2.690463744689989e-15,0.011865456772088454,32.0,0.16697139057438043,1.0000000000067204,1.0000000000067204,NaN,NaN,NaN,6000
regimen,1//1,3//4,11520.0,60.0,1.0,0.0,0.022967995680760606,2.866905852516566e-15,0.022992025195988298,120.0,0.5708050125261617,1.0000000000067204,1.0000000000067204,NaN,NaN,NaN,6000
regimen,1//1,3//4,19080.0,1.0,1.0,0.0,0.002139370289439957,1.8566059347490392e-15,0.002304436449152715,2.0,0.008168809365062535,1.000000000013198,1.000000000013198,NaN,NaN,NaN,6000
regimen,1//1,3//4,19080.0,4.0,1.0,0.0,0.004535130137388061,3.8013341109550445e-15,0.004608993689086461,8.0,0.03266667683101476,1.000000000013198,1.000000000013198,NaN,NaN,NaN,6000
regimen,1//1,3//4,19080.0,16.0,1.0,0.0,0.009182717040565861,2.5778892050519835e-15,0.009218954046465633,32.0,0.13012101690202305,1.000000000013198,1.000000000013198,NaN,NaN,NaN,6000
regimen,1//1,3//4,19080.0,60.0,1.0,0.0,0.017840648362558935,2.6314625271527757e-15,0.01785930062818897,120.0,0.46097994712853785,1.000000000013198,1.000000000013198,NaN,NaN,NaN,6000
transitorio,1//1,3//4,600.0,1.0,1.0,0.0,0.012066924747453977,3.1750551699110426e-19,0.01299855910461046,1.9999999989260535,0.03454341548111012,0.999999999999998,0.999999999999998,NaN,NaN,NaN,6000
transitorio,1//1,3//4,600.0,4.0,1.0,0.0,0.02560095743371615,1.6735744485682395e-14,0.026018858012087843,7.999999995704214,0.17143009824255767,0.999999999999998,0.999999999999998,0.025166666666666667,0.021352304226898662,0.02945164458465488,6000
transitorio,1//1,3//4,600.0,16.0,1.0,0.0,0.052006574981866824,1.7176814748547202e-14,0.052213625097301875,31.999999982816856,0.6368751655002054,0.999999999999998,0.999999999999998,0.05433333333333333,0.04873229654249964,0.060372451936849966,6000
transitorio,1//1,3//4,600.0,60.0,1.0,0.0,0.10230567806981296,6.313247430262098e-24,0.10241638234956672,119.99999993556321,0.99943675669455,0.999999999999998,0.999999999999998,NaN,NaN,NaN,6000
transitorio,1//1,3//4,3600.0,1.0,1.0,0.0,0.00492535392972624,3.210342352536339e-15,0.005305410409916187,1.9999999989260535,0.014104331454326546,0.9999999999984915,0.9999999999984915,NaN,NaN,NaN,6000
transitorio,1//1,3//4,3600.0,4.0,1.0,0.0,0.01044217080839183,5.253988192645075e-15,0.010612295398388503,7.999999995704214,0.07043360082815059,0.9999999999984915,0.9999999999984915,NaN,NaN,NaN,6000
transitorio,1//1,3//4,3600.0,16.0,1.0,0.0,0.021152834218940347,4.32217910232579e-15,0.02123640960707969,31.999999982816856,0.28954073922679235,0.9999999999984915,0.9999999999984915,NaN,NaN,NaN,6000
transitorio,1//1,3//4,3600.0,60.0,1.0,0.0,0.04116540799668195,4.540476288664596e-15,0.04120864328326592,119.99999993556321,0.840968826120177,0.9999999999984915,0.9999999999984915,NaN,NaN,NaN,6000
transitorio,1//1,3//4,7200.0,1.0,1.0,0.0,0.0034826842024319317,2.3817751905437637e-15,0.003751404825480089,1.9999999989260535,0.009973412716695385,0.9999999999973521,0.9999999999973521,NaN,NaN,NaN,6000
transitorio,1//1,3//4,7200.0,4.0,1.0,0.0,0.007383068545243377,4.288735655695199e-15,0.0075033308302210186,7.999999995704214,0.04983591358033018,0.9999999999973521,0.9999999999973521,NaN,NaN,NaN,6000
transitorio,1//1,3//4,7200.0,16.0,1.0,0.0,0.014951804389708521,2.998717465199743e-15,0.015010835008946658,31.999999982816856,0.20706631647380447,0.9999999999973521,0.9999999999973521,NaN,NaN,NaN,6000
transitorio,1//1,3//4,7200.0,60.0,1.0,0.0,0.02906765090479999,3.393342116570274e-15,0.029098094008970656,119.99999993556321,0.6806730811967752,0.9999999999973521,0.9999999999973521,NaN,NaN,NaN,6000
transitorio,1//1,3//4,11520.0,1.0,1.0,0.0,0.0027532837624875193,2.0866228871823354e-15,0.0029657201721247687,1.9999999989260535,0.007884717836483313,1.0000000000080669,1.0000000000080669,NaN,NaN,NaN,6000
transitorio,1//1,3//4,11520.0,4.0,1.0,0.0,0.005836632211378043,3.940002120723982e-15,0.005931697831803687,7.999999995704214,0.03940819456624417,1.0000000000080669,1.0000000000080669,NaN,NaN,NaN,6000
transitorio,1//1,3//4,11520.0,16.0,1.0,0.0,0.011818808522392579,2.6904629066440916e-15,0.011865456772088454,31.999999982816856,0.1644008765306887,1.0000000000080669,1.0000000000080669,NaN,NaN,NaN,6000
transitorio,1//1,3//4,11520.0,60.0,1.0,0.0,0.022967995680789628,2.8669049611790757e-15,0.022992025195988298,119.99999993556321,0.5688821355807404,1.0000000000080669,1.0000000000080669,NaN,NaN,NaN,6000
transitorio,1//1,3//4,19080.0,1.0,1.0,0.0,0.002139370289341133,1.856605316565616e-15,0.002304436449152715,1.9999999989260535,0.006126673921676817,1.000000000016351,1.000000000016351,NaN,NaN,NaN,6000
transitorio,1//1,3//4,19080.0,4.0,1.0,0.0,0.004535130137335316,3.801333287410358e-15,0.004608993689086461,7.999999995704214,0.030626146236778617,1.000000000016351,1.000000000016351,NaN,NaN,NaN,6000
transitorio,1//1,3//4,19080.0,16.0,1.0,0.0,0.009182717040631089,2.5778883484323607e-15,0.009218954046465633,31.999999982816856,0.12810599296283653,1.000000000016351,1.000000000016351,NaN,NaN,NaN,6000
transitorio,1//1,3//4,19080.0,60.0,1.0,0.0,0.017840648362615685,2.6314616522278253e-15,0.01785930062818897,119.99999993556321,0.4592888680527723,1.000000000016351,1.000000000016351,NaN,NaN,NaN,6000
regimen,1//1,9//10,600.0,1.0,1.0,0.0,0.012066924748030972,3.175055202389362e-19,0.01299855910461046,2.0,0.04604189919647006,0.9999999999999334,0.9999999999999334,NaN,NaN,NaN,6000
regimen,1//1,9//10,600.0,4.0,1.0,0.0,0.025600957433942768,1.6735746151751912e-14,0.026018858012087843,8.0,0.18264456752959024,0.9999999999999334,0.9999999999999334,0.025166666666666667,0.021352304226898662,0.02945164458465488,6000
regimen,1//1,9//10,600.0,16.0,1.0,0.0,0.0520065749819669,1.717681657204522e-14,0.052213625097301875,32.0,0.6443913847904572,0.9999999999999334,0.9999999999999334,0.05433333333333333,0.04873229654249964,0.060372451936849966,6000
regimen,1//1,9//10,600.0,60.0,1.0,0.0,0.10230567806991239,6.31324775104557e-24,0.10241638234956672,120.0,0.999465377473792,0.9999999999999334,0.9999999999999334,NaN,NaN,NaN,6000
regimen,1//1,9//10,3600.0,1.0,1.0,0.0,0.0049253539299575835,3.210343104236656e-15,0.005305410409916187,2.0,0.018804687018067867,0.999999999998044,0.999999999998044,NaN,NaN,NaN,6000
regimen,1//1,9//10,3600.0,4.0,1.0,0.0,0.010442170808485498,5.253989119269427e-15,0.010612295398388503,8.0,0.07511441095454213,0.999999999998044,0.999999999998044,NaN,NaN,NaN,6000
regimen,1//1,9//10,3600.0,16.0,1.0,0.0,0.021152834218966868,4.3221801125040144e-15,0.02123640960707969,32.0,0.2939196499738976,0.999999999998044,0.999999999998044,NaN,NaN,NaN,6000
regimen,1//1,9//10,3600.0,60.0,1.0,0.0,0.041165407996738165,4.540477345230004e-15,0.04120864328326592,120.0,0.8426983905318357,0.999999999998044,0.999999999998044,NaN,NaN,NaN,6000
regimen,1//1,9//10,7200.0,1.0,1.0,0.0,0.0034826842025882762,2.381775867326026e-15,0.003751404825480089,2.0,0.013297498850416811,0.999999999996485,0.999999999996485,NaN,NaN,NaN,6000
regimen,1//1,9//10,7200.0,4.0,1.0,0.0,0.007383068545319793,4.288736501905082e-15,0.0075033308302210186,8.0,0.05315308149281833,0.999999999996485,0.999999999996485,NaN,NaN,NaN,6000
regimen,1//1,9//10,7200.0,16.0,1.0,0.0,0.014951804389693115,2.998718318919258e-15,0.015010835008946658,32.0,0.21027473097828092,0.999999999996485,0.999999999996485,NaN,NaN,NaN,6000
regimen,1//1,9//10,7200.0,60.0,1.0,0.0,0.0290676509048839,3.393343077886139e-15,0.029098094008970656,120.0,0.6826894921005973,0.999999999996485,0.999999999996485,NaN,NaN,NaN,6000
regimen,1//1,9//10,11520.0,1.0,1.0,0.0,0.0027532837626194242,2.086623536187931e-15,0.0029657201721247687,2.0,0.010512766993610534,1.0000000000067204,1.0000000000067204,NaN,NaN,NaN,6000
regimen,1//1,9//10,11520.0,4.0,1.0,0.0,0.005836632211456367,3.940002936693885e-15,0.005931697831803687,8.0,0.04203282392859464,1.0000000000067204,1.0000000000067204,NaN,NaN,NaN,6000
regimen,1//1,9//10,11520.0,16.0,1.0,0.0,0.011818808522333102,2.690463744689989e-15,0.011865456772088454,32.0,0.16697139057438043,1.0000000000067204,1.0000000000067204,NaN,NaN,NaN,6000
regimen,1//1,9//10,11520.0,60.0,1.0,0.0,0.022967995680760606,2.866905852516566e-15,0.022992025195988298,120.0,0.5708050125261617,1.0000000000067204,1.0000000000067204,NaN,NaN,NaN,6000
regimen,1//1,9//10,19080.0,1.0,1.0,0.0,0.002139370289439957,1.8566059347490392e-15,0.002304436449152715,2.0,0.008168809365062535,1.000000000013198,1.000000000013198,NaN,NaN,NaN,6000
regimen,1//1,9//10,19080.0,4.0,1.0,0.0,0.004535130137388061,3.8013341109550445e-15,0.004608993689086461,8.0,0.03266667683101476,1.000000000013198,1.000000000013198,NaN,NaN,NaN,6000
regimen,1//1,9//10,19080.0,16.0,1.0,0.0,0.009182717040565861,2.5778892050519835e-15,0.009218954046465633,32.0,0.13012101690202305,1.000000000013198,1.000000000013198,NaN,NaN,NaN,6000
regimen,1//1,9//10,19080.0,60.0,1.0,0.0,0.017840648362558935,2.6314625271527757e-15,0.01785930062818897,120.0,0.46097994712853785,1.000000000013198,1.000000000013198,NaN,NaN,NaN,6000
transitorio,1//1,9//10,600.0,1.0,1.0,0.0,0.012066924747453977,3.1750551699110426e-19,0.01299855910461046,1.9999999989260535,0.03454341548111012,0.999999999999998,0.999999999999998,NaN,NaN,NaN,6000
transitorio,1//1,9//10,600.0,4.0,1.0,0.0,0.02560095743371615,1.6735744485682395e-14,0.026018858012087843,7.999999995704214,0.17143009824255767,0.999999999999998,0.999999999999998,0.025166666666666667,0.021352304226898662,0.02945164458465488,6000
transitorio,1//1,9//10,600.0,16.0,1.0,0.0,0.052006574981866824,1.7176814748547202e-14,0.052213625097301875,31.999999982816856,0.6368751655002054,0.999999999999998,0.999999999999998,0.05433333333333333,0.04873229654249964,0.060372451936849966,6000
transitorio,1//1,9//10,600.0,60.0,1.0,0.0,0.10230567806981296,6.313247430262098e-24,0.10241638234956672,119.99999993556321,0.99943675669455,0.999999999999998,0.999999999999998,NaN,NaN,NaN,6000
transitorio,1//1,9//10,3600.0,1.0,1.0,0.0,0.00492535392972624,3.210342352536339e-15,0.005305410409916187,1.9999999989260535,0.014104331454326546,0.9999999999984915,0.9999999999984915,NaN,NaN,NaN,6000
transitorio,1//1,9//10,3600.0,4.0,1.0,0.0,0.01044217080839183,5.253988192645075e-15,0.010612295398388503,7.999999995704214,0.07043360082815059,0.9999999999984915,0.9999999999984915,NaN,NaN,NaN,6000
transitorio,1//1,9//10,3600.0,16.0,1.0,0.0,0.021152834218940347,4.32217910232579e-15,0.02123640960707969,31.999999982816856,0.28954073922679235,0.9999999999984915,0.9999999999984915,NaN,NaN,NaN,6000
transitorio,1//1,9//10,3600.0,60.0,1.0,0.0,0.04116540799668195,4.540476288664596e-15,0.04120864328326592,119.99999993556321,0.840968826120177,0.9999999999984915,0.9999999999984915,NaN,NaN,NaN,6000
transitorio,1//1,9//10,7200.0,1.0,1.0,0.0,0.0034826842024319317,2.3817751905437637e-15,0.003751404825480089,1.9999999989260535,0.009973412716695385,0.9999999999973521,0.9999999999973521,NaN,NaN,NaN,6000
transitorio,1//1,9//10,7200.0,4.0,1.0,0.0,0.007383068545243377,4.288735655695199e-15,0.0075033308302210186,7.999999995704214,0.04983591358033018,0.9999999999973521,0.9999999999973521,NaN,NaN,NaN,6000
transitorio,1//1,9//10,7200.0,16.0,1.0,0.0,0.014951804389708521,2.998717465199743e-15,0.015010835008946658,31.999999982816856,0.20706631647380447,0.9999999999973521,0.9999999999973521,NaN,NaN,NaN,6000
transitorio,1//1,9//10,7200.0,60.0,1.0,0.0,0.02906765090479999,3.393342116570274e-15,0.029098094008970656,119.99999993556321,0.6806730811967752,0.9999999999973521,0.9999999999973521,NaN,NaN,NaN,6000
transitorio,1//1,9//10,11520.0,1.0,1.0,0.0,0.0027532837624875193,2.0866228871823354e-15,0.0029657201721247687,1.9999999989260535,0.007884717836483313,1.0000000000080669,1.0000000000080669,NaN,NaN,NaN,6000
transitorio,1//1,9//10,11520.0,4.0,1.0,0.0,0.005836632211378043,3.940002120723982e-15,0.005931697831803687,7.999999995704214,0.03940819456624417,1.0000000000080669,1.0000000000080669,NaN,NaN,NaN,6000
transitorio,1//1,9//10,11520.0,16.0,1.0,0.0,0.011818808522392579,2.6904629066440916e-15,0.011865456772088454,31.999999982816856,0.1644008765306887,1.0000000000080669,1.0000000000080669,NaN,NaN,NaN,6000
transitorio,1//1,9//10,11520.0,60.0,1.0,0.0,0.022967995680789628,2.8669049611790757e-15,0.022992025195988298,119.99999993556321,0.5688821355807404,1.0000000000080669,1.0000000000080669,NaN,NaN,NaN,6000
transitorio,1//1,9//10,19080.0,1.0,1.0,0.0,0.002139370289341133,1.856605316565616e-15,0.002304436449152715,1.9999999989260535,0.006126673921676817,1.000000000016351,1.000000000016351,NaN,NaN,NaN,6000
transitorio,1//1,9//10,19080.0,4.0,1.0,0.0,0.004535130137335316,3.801333287410358e-15,0.004608993689086461,7.999999995704214,0.030626146236778617,1.000000000016351,1.000000000016351,NaN,NaN,NaN,6000
transitorio,1//1,9//10,19080.0,16.0,1.0,0.0,0.009182717040631089,2.5778883484323607e-15,0.009218954046465633,31.999999982816856,0.12810599296283653,1.000000000016351,1.000000000016351,NaN,NaN,NaN,6000
transitorio,1//1,9//10,19080.0,60.0,1.0,0.0,0.017840648362615685,2.6314616522278253e-15,0.01785930062818897,119.99999993556321,0.4592888680527723,1.000000000016351,1.000000000016351,NaN,NaN,NaN,6000
regimen,1//1,1//1,600.0,1.0,1.0,0.0,0.012066924748030972,3.175055202389362e-19,0.01299855910461046,2.0,0.04604189919647006,0.9999999999999334,0.9999999999999334,NaN,NaN,NaN,6000
regimen,1//1,1//1,600.0,4.0,1.0,0.0,0.025600957433942768,1.6735746151751912e-14,0.026018858012087843,8.0,0.18264456752959024,0.9999999999999334,0.9999999999999334,0.025166666666666667,0.021352304226898662,0.02945164458465488,6000
regimen,1//1,1//1,600.0,16.0,1.0,0.0,0.0520065749819669,1.717681657204522e-14,0.052213625097301875,32.0,0.6443913847904572,0.9999999999999334,0.9999999999999334,0.05433333333333333,0.04873229654249964,0.060372451936849966,6000
regimen,1//1,1//1,600.0,60.0,1.0,0.0,0.10230567806991239,6.31324775104557e-24,0.10241638234956672,120.0,0.999465377473792,0.9999999999999334,0.9999999999999334,NaN,NaN,NaN,6000
regimen,1//1,1//1,3600.0,1.0,1.0,0.0,0.0049253539299575835,3.210343104236656e-15,0.005305410409916187,2.0,0.018804687018067867,0.999999999998044,0.999999999998044,NaN,NaN,NaN,6000
regimen,1//1,1//1,3600.0,4.0,1.0,0.0,0.010442170808485498,5.253989119269427e-15,0.010612295398388503,8.0,0.07511441095454213,0.999999999998044,0.999999999998044,NaN,NaN,NaN,6000
regimen,1//1,1//1,3600.0,16.0,1.0,0.0,0.021152834218966868,4.3221801125040144e-15,0.02123640960707969,32.0,0.2939196499738976,0.999999999998044,0.999999999998044,NaN,NaN,NaN,6000
regimen,1//1,1//1,3600.0,60.0,1.0,0.0,0.041165407996738165,4.540477345230004e-15,0.04120864328326592,120.0,0.8426983905318357,0.999999999998044,0.999999999998044,NaN,NaN,NaN,6000
regimen,1//1,1//1,7200.0,1.0,1.0,0.0,0.0034826842025882762,2.381775867326026e-15,0.003751404825480089,2.0,0.013297498850416811,0.999999999996485,0.999999999996485,NaN,NaN,NaN,6000
regimen,1//1,1//1,7200.0,4.0,1.0,0.0,0.007383068545319793,4.288736501905082e-15,0.0075033308302210186,8.0,0.05315308149281833,0.999999999996485,0.999999999996485,NaN,NaN,NaN,6000
regimen,1//1,1//1,7200.0,16.0,1.0,0.0,0.014951804389693115,2.998718318919258e-15,0.015010835008946658,32.0,0.21027473097828092,0.999999999996485,0.999999999996485,NaN,NaN,NaN,6000
regimen,1//1,1//1,7200.0,60.0,1.0,0.0,0.0290676509048839,3.393343077886139e-15,0.029098094008970656,120.0,0.6826894921005973,0.999999999996485,0.999999999996485,NaN,NaN,NaN,6000
regimen,1//1,1//1,11520.0,1.0,1.0,0.0,0.0027532837626194242,2.086623536187931e-15,0.0029657201721247687,2.0,0.010512766993610534,1.0000000000067204,1.0000000000067204,NaN,NaN,NaN,6000
regimen,1//1,1//1,11520.0,4.0,1.0,0.0,0.005836632211456367,3.940002936693885e-15,0.005931697831803687,8.0,0.04203282392859464,1.0000000000067204,1.0000000000067204,NaN,NaN,NaN,6000
regimen,1//1,1//1,11520.0,16.0,1.0,0.0,0.011818808522333102,2.690463744689989e-15,0.011865456772088454,32.0,0.16697139057438043,1.0000000000067204,1.0000000000067204,NaN,NaN,NaN,6000
regimen,1//1,1//1,11520.0,60.0,1.0,0.0,0.022967995680760606,2.866905852516566e-15,0.022992025195988298,120.0,0.5708050125261617,1.0000000000067204,1.0000000000067204,NaN,NaN,NaN,6000
regimen,1//1,1//1,19080.0,1.0,1.0,0.0,0.002139370289439957,1.8566059347490392e-15,0.002304436449152715,2.0,0.008168809365062535,1.000000000013198,1.000000000013198,NaN,NaN,NaN,6000
regimen,1//1,1//1,19080.0,4.0,1.0,0.0,0.004535130137388061,3.8013341109550445e-15,0.004608993689086461,8.0,0.03266667683101476,1.000000000013198,1.000000000013198,NaN,NaN,NaN,6000
regimen,1//1,1//1,19080.0,16.0,1.0,0.0,0.009182717040565861,2.5778892050519835e-15,0.009218954046465633,32.0,0.13012101690202305,1.000000000013198,1.000000000013198,NaN,NaN,NaN,6000
regimen,1//1,1//1,19080.0,60.0,1.0,0.0,0.017840648362558935,2.6314625271527757e-15,0.01785930062818897,120.0,0.46097994712853785,1.000000000013198,1.000000000013198,NaN,NaN,NaN,6000
transitorio,1//1,1//1,600.0,1.0,1.0,0.0,0.012066924747453977,3.1750551699110426e-19,0.01299855910461046,1.9999999989260535,0.03454341548111012,0.999999999999998,0.999999999999998,NaN,NaN,NaN,6000
transitorio,1//1,1//1,600.0,4.0,1.0,0.0,0.02560095743371615,1.6735744485682395e-14,0.026018858012087843,7.999999995704214,0.17143009824255767,0.999999999999998,0.999999999999998,0.025166666666666667,0.021352304226898662,0.02945164458465488,6000
transitorio,1//1,1//1,600.0,16.0,1.0,0.0,0.052006574981866824,1.7176814748547202e-14,0.052213625097301875,31.999999982816856,0.6368751655002054,0.999999999999998,0.999999999999998,0.05433333333333333,0.04873229654249964,0.060372451936849966,6000
transitorio,1//1,1//1,600.0,60.0,1.0,0.0,0.10230567806981296,6.313247430262098e-24,0.10241638234956672,119.99999993556321,0.99943675669455,0.999999999999998,0.999999999999998,NaN,NaN,NaN,6000
transitorio,1//1,1//1,3600.0,1.0,1.0,0.0,0.00492535392972624,3.210342352536339e-15,0.005305410409916187,1.9999999989260535,0.014104331454326546,0.9999999999984915,0.9999999999984915,NaN,NaN,NaN,6000
transitorio,1//1,1//1,3600.0,4.0,1.0,0.0,0.01044217080839183,5.253988192645075e-15,0.010612295398388503,7.999999995704214,0.07043360082815059,0.9999999999984915,0.9999999999984915,NaN,NaN,NaN,6000
transitorio,1//1,1//1,3600.0,16.0,1.0,0.0,0.021152834218940347,4.32217910232579e-15,0.02123640960707969,31.999999982816856,0.28954073922679235,0.9999999999984915,0.9999999999984915,NaN,NaN,NaN,6000
transitorio,1//1,1//1,3600.0,60.0,1.0,0.0,0.04116540799668195,4.540476288664596e-15,0.04120864328326592,119.99999993556321,0.840968826120177,0.9999999999984915,0.9999999999984915,NaN,NaN,NaN,6000
transitorio,1//1,1//1,7200.0,1.0,1.0,0.0,0.0034826842024319317,2.3817751905437637e-15,0.003751404825480089,1.9999999989260535,0.009973412716695385,0.9999999999973521,0.9999999999973521,NaN,NaN,NaN,6000
transitorio,1//1,1//1,7200.0,4.0,1.0,0.0,0.007383068545243377,4.288735655695199e-15,0.0075033308302210186,7.999999995704214,0.04983591358033018,0.9999999999973521,0.9999999999973521,NaN,NaN,NaN,6000
transitorio,1//1,1//1,7200.0,16.0,1.0,0.0,0.014951804389708521,2.998717465199743e-15,0.015010835008946658,31.999999982816856,0.20706631647380447,0.9999999999973521,0.9999999999973521,NaN,NaN,NaN,6000
transitorio,1//1,1//1,7200.0,60.0,1.0,0.0,0.02906765090479999,3.393342116570274e-15,0.029098094008970656,119.99999993556321,0.6806730811967752,0.9999999999973521,0.9999999999973521,NaN,NaN,NaN,6000
transitorio,1//1,1//1,11520.0,1.0,1.0,0.0,0.0027532837624875193,2.0866228871823354e-15,0.0029657201721247687,1.9999999989260535,0.007884717836483313,1.0000000000080669,1.0000000000080669,NaN,NaN,NaN,6000
transitorio,1//1,1//1,11520.0,4.0,1.0,0.0,0.005836632211378043,3.940002120723982e-15,0.005931697831803687,7.999999995704214,0.03940819456624417,1.0000000000080669,1.0000000000080669,NaN,NaN,NaN,6000
transitorio,1//1,1//1,11520.0,16.0,1.0,0.0,0.011818808522392579,2.6904629066440916e-15,0.011865456772088454,31.999999982816856,0.1644008765306887,1.0000000000080669,1.0000000000080669,NaN,NaN,NaN,6000
transitorio,1//1,1//1,11520.0,60.0,1.0,0.0,0.022967995680789628,2.8669049611790757e-15,0.022992025195988298,119.99999993556321,0.5688821355807404,1.0000000000080669,1.0000000000080669,NaN,NaN,NaN,6000
transitorio,1//1,1//1,19080.0,1.0,1.0,0.0,0.002139370289341133,1.856605316565616e-15,0.002304436449152715,1.9999999989260535,0.006126673921676817,1.000000000016351,1.000000000016351,NaN,NaN,NaN,6000
transitorio,1//1,1//1,19080.0,4.0,1.0,0.0,0.004535130137335316,3.801333287410358e-15,0.004608993689086461,7.999999995704214,0.030626146236778617,1.000000000016351,1.000000000016351,NaN,NaN,NaN,6000
transitorio,1//1,1//1,19080.0,16.0,1.0,0.0,0.009182717040631089,2.5778883484323607e-15,0.009218954046465633,31.999999982816856,0.12810599296283653,1.000000000016351,1.000000000016351,NaN,NaN,NaN,6000
transitorio,1//1,1//1,19080.0,60.0,1.0,0.0,0.017840648362615685,2.6314616522278253e-15,0.01785930062818897,119.99999993556321,0.4592888680527723,1.000000000016351,1.000000000016351,NaN,NaN,NaN,6000
