dur_slot_s,verif_pot_s,iops_por_TiB,nucleos,cap_TiB,lecturas_por_TiB,nucleos_aud_por_TiB,nucleos_verif,nucleos_prod,S_iops,S_nucleos,S_max
0.1,0.092,2000.0,4.0,1.0,1040.25,0.44647529999999996,0.9199999999999999,15.61,0.19226147560682527,2.9272391531702042,0.19226147560682527
0.1,0.092,2000.0,4.0,4.0,1040.25,0.44647529999999996,0.9199999999999999,15.61,0.19226147560682527,1.4782505732286162,0.19226147560682527
0.1,0.092,2000.0,4.0,20.0,1040.25,0.44647529999999996,0.9199999999999999,15.61,0.19226147560682527,0.40611173798970224,0.19226147560682527
0.1,0.092,2000.0,4.0,100.0,1040.25,0.44647529999999996,0.9199999999999999,15.61,0.19226147560682527,0.08778180428037245,0.08778180428037245
0.1,0.092,2000.0,4.0,1000.0,1040.25,0.44647529999999996,0.9199999999999999,15.61,0.19226147560682527,0.008940639295942538,0.008940639295942538
0.1,0.092,2000.0,8.0,1.0,1040.25,0.44647529999999996,0.9199999999999999,15.61,0.19226147560682527,5.8544783063404084,0.19226147560682527
0.1,0.092,2000.0,8.0,4.0,1040.25,0.44647529999999996,0.9199999999999999,15.61,0.19226147560682527,2.9565011464572324,0.19226147560682527
0.1,0.092,2000.0,8.0,20.0,1040.25,0.44647529999999996,0.9199999999999999,15.61,0.19226147560682527,0.8122234759794045,0.19226147560682527
0.1,0.092,2000.0,8.0,100.0,1040.25,0.44647529999999996,0.9199999999999999,15.61,0.19226147560682527,0.1755636085607449,0.1755636085607449
0.1,0.092,2000.0,8.0,1000.0,1040.25,0.44647529999999996,0.9199999999999999,15.61,0.19226147560682527,0.017881278591885076,0.017881278591885076
0.1,0.092,2000.0,16.0,1.0,1040.25,0.44647529999999996,0.9199999999999999,15.61,0.19226147560682527,11.708956612680817,0.19226147560682527
0.1,0.092,2000.0,16.0,4.0,1040.25,0.44647529999999996,0.9199999999999999,15.61,0.19226147560682527,5.913002292914465,0.19226147560682527
0.1,0.092,2000.0,16.0,20.0,1040.25,0.44647529999999996,0.9199999999999999,15.61,0.19226147560682527,1.624446951958809,0.19226147560682527
0.1,0.092,2000.0,16.0,100.0,1040.25,0.44647529999999996,0.9199999999999999,15.61,0.19226147560682527,0.3511272171214898,0.19226147560682527
0.1,0.092,2000.0,16.0,1000.0,1040.25,0.44647529999999996,0.9199999999999999,15.61,0.19226147560682527,0.03576255718377015,0.03576255718377015
0.1,0.092,2000.0,32.0,1.0,1040.25,0.44647529999999996,0.9199999999999999,15.61,0.19226147560682527,23.417913225361634,0.19226147560682527
0.1,0.092,2000.0,32.0,4.0,1040.25,0.44647529999999996,0.9199999999999999,15.61,0.19226147560682527,11.82600458582893,0.19226147560682527
0.1,0.092,2000.0,32.0,20.0,1040.25,0.44647529999999996,0.9199999999999999,15.61,0.19226147560682527,3.248893903917618,0.19226147560682527
0.1,0.092,2000.0,32.0,100.0,1040.25,0.44647529999999996,0.9199999999999999,15.61,0.19226147560682527,0.7022544342429796,0.19226147560682527
0.1,0.092,2000.0,32.0,1000.0,1040.25,0.44647529999999996,0.9199999999999999,15.61,0.19226147560682527,0.0715251143675403,0.0715251143675403
0.1,0.092,10000.0,4.0,1.0,1040.25,0.44647529999999996,0.9199999999999999,15.61,0.9613073780341264,2.9272391531702042,0.9613073780341264
0.1,0.092,10000.0,4.0,4.0,1040.25,0.44647529999999996,0.9199999999999999,15.61,0.9613073780341264,1.4782505732286162,0.9613073780341264
0.1,0.092,10000.0,4.0,20.0,1040.25,0.44647529999999996,0.9199999999999999,15.61,0.9613073780341264,0.40611173798970224,0.40611173798970224
0.1,0.092,10000.0,4.0,100.0,1040.25,0.44647529999999996,0.9199999999999999,15.61,0.9613073780341264,0.08778180428037245,0.08778180428037245
0.1,0.092,10000.0,4.0,1000.0,1040.25,0.44647529999999996,0.9199999999999999,15.61,0.9613073780341264,0.008940639295942538,0.008940639295942538
0.1,0.092,10000.0,8.0,1.0,1040.25,0.44647529999999996,0.9199999999999999,15.61,0.9613073780341264,5.8544783063404084,0.9613073780341264
0.1,0.092,10000.0,8.0,4.0,1040.25,0.44647529999999996,0.9199999999999999,15.61,0.9613073780341264,2.9565011464572324,0.9613073780341264
0.1,0.092,10000.0,8.0,20.0,1040.25,0.44647529999999996,0.9199999999999999,15.61,0.9613073780341264,0.8122234759794045,0.8122234759794045
0.1,0.092,10000.0,8.0,100.0,1040.25,0.44647529999999996,0.9199999999999999,15.61,0.9613073780341264,0.1755636085607449,0.1755636085607449
0.1,0.092,10000.0,8.0,1000.0,1040.25,0.44647529999999996,0.9199999999999999,15.61,0.9613073780341264,0.017881278591885076,0.017881278591885076
0.1,0.092,10000.0,16.0,1.0,1040.25,0.44647529999999996,0.9199999999999999,15.61,0.9613073780341264,11.708956612680817,0.9613073780341264
0.1,0.092,10000.0,16.0,4.0,1040.25,0.44647529999999996,0.9199999999999999,15.61,0.9613073780341264,5.913002292914465,0.9613073780341264
0.1,0.092,10000.0,16.0,20.0,1040.25,0.44647529999999996,0.9199999999999999,15.61,0.9613073780341264,1.624446951958809,0.9613073780341264
0.1,0.092,10000.0,16.0,100.0,1040.25,0.44647529999999996,0.9199999999999999,15.61,0.9613073780341264,0.3511272171214898,0.3511272171214898
0.1,0.092,10000.0,16.0,1000.0,1040.25,0.44647529999999996,0.9199999999999999,15.61,0.9613073780341264,0.03576255718377015,0.03576255718377015
0.1,0.092,10000.0,32.0,1.0,1040.25,0.44647529999999996,0.9199999999999999,15.61,0.9613073780341264,23.417913225361634,0.9613073780341264
0.1,0.092,10000.0,32.0,4.0,1040.25,0.44647529999999996,0.9199999999999999,15.61,0.9613073780341264,11.82600458582893,0.9613073780341264
0.1,0.092,10000.0,32.0,20.0,1040.25,0.44647529999999996,0.9199999999999999,15.61,0.9613073780341264,3.248893903917618,0.9613073780341264
0.1,0.092,10000.0,32.0,100.0,1040.25,0.44647529999999996,0.9199999999999999,15.61,0.9613073780341264,0.7022544342429796,0.7022544342429796
0.1,0.092,10000.0,32.0,1000.0,1040.25,0.44647529999999996,0.9199999999999999,15.61,0.9613073780341264,0.0715251143675403,0.0715251143675403
0.1,0.092,25000.0,4.0,1.0,1040.25,0.44647529999999996,0.9199999999999999,15.61,2.403268445085316,2.9272391531702042,2.403268445085316
0.1,0.092,25000.0,4.0,4.0,1040.25,0.44647529999999996,0.9199999999999999,15.61,2.403268445085316,1.4782505732286162,1.4782505732286162
0.1,0.092,25000.0,4.0,20.0,1040.25,0.44647529999999996,0.9199999999999999,15.61,2.403268445085316,0.40611173798970224,0.40611173798970224
0.1,0.092,25000.0,4.0,100.0,1040.25,0.44647529999999996,0.9199999999999999,15.61,2.403268445085316,0.08778180428037245,0.08778180428037245
0.1,0.092,25000.0,4.0,1000.0,1040.25,0.44647529999999996,0.9199999999999999,15.61,2.403268445085316,0.008940639295942538,0.008940639295942538
0.1,0.092,25000.0,8.0,1.0,1040.25,0.44647529999999996,0.9199999999999999,15.61,2.403268445085316,5.8544783063404084,2.403268445085316
0.1,0.092,25000.0,8.0,4.0,1040.25,0.44647529999999996,0.9199999999999999,15.61,2.403268445085316,2.9565011464572324,2.403268445085316
0.1,0.092,25000.0,8.0,20.0,1040.25,0.44647529999999996,0.9199999999999999,15.61,2.403268445085316,0.8122234759794045,0.8122234759794045
0.1,0.092,25000.0,8.0,100.0,1040.25,0.44647529999999996,0.9199999999999999,15.61,2.403268445085316,0.1755636085607449,0.1755636085607449
0.1,0.092,25000.0,8.0,1000.0,1040.25,0.44647529999999996,0.9199999999999999,15.61,2.403268445085316,0.017881278591885076,0.017881278591885076
0.1,0.092,25000.0,16.0,1.0,1040.25,0.44647529999999996,0.9199999999999999,15.61,2.403268445085316,11.708956612680817,2.403268445085316
0.1,0.092,25000.0,16.0,4.0,1040.25,0.44647529999999996,0.9199999999999999,15.61,2.403268445085316,5.913002292914465,2.403268445085316
0.1,0.092,25000.0,16.0,20.0,1040.25,0.44647529999999996,0.9199999999999999,15.61,2.403268445085316,1.624446951958809,1.624446951958809
0.1,0.092,25000.0,16.0,100.0,1040.25,0.44647529999999996,0.9199999999999999,15.61,2.403268445085316,0.3511272171214898,0.3511272171214898
0.1,0.092,25000.0,16.0,1000.0,1040.25,0.44647529999999996,0.9199999999999999,15.61,2.403268445085316,0.03576255718377015,0.03576255718377015
0.1,0.092,25000.0,32.0,1.0,1040.25,0.44647529999999996,0.9199999999999999,15.61,2.403268445085316,23.417913225361634,2.403268445085316
0.1,0.092,25000.0,32.0,4.0,1040.25,0.44647529999999996,0.9199999999999999,15.61,2.403268445085316,11.82600458582893,2.403268445085316
0.1,0.092,25000.0,32.0,20.0,1040.25,0.44647529999999996,0.9199999999999999,15.61,2.403268445085316,3.248893903917618,2.403268445085316
0.1,0.092,25000.0,32.0,100.0,1040.25,0.44647529999999996,0.9199999999999999,15.61,2.403268445085316,0.7022544342429796,0.7022544342429796
0.1,0.092,25000.0,32.0,1000.0,1040.25,0.44647529999999996,0.9199999999999999,15.61,2.403268445085316,0.0715251143675403,0.0715251143675403
0.1,0.092,100000.0,4.0,1.0,1040.25,0.44647529999999996,0.9199999999999999,15.61,9.613073780341264,2.9272391531702042,2.9272391531702042
0.1,0.092,100000.0,4.0,4.0,1040.25,0.44647529999999996,0.9199999999999999,15.61,9.613073780341264,1.4782505732286162,1.4782505732286162
0.1,0.092,100000.0,4.0,20.0,1040.25,0.44647529999999996,0.9199999999999999,15.61,9.613073780341264,0.40611173798970224,0.40611173798970224
0.1,0.092,100000.0,4.0,100.0,1040.25,0.44647529999999996,0.9199999999999999,15.61,9.613073780341264,0.08778180428037245,0.08778180428037245
0.1,0.092,100000.0,4.0,1000.0,1040.25,0.44647529999999996,0.9199999999999999,15.61,9.613073780341264,0.008940639295942538,0.008940639295942538
0.1,0.092,100000.0,8.0,1.0,1040.25,0.44647529999999996,0.9199999999999999,15.61,9.613073780341264,5.8544783063404084,5.8544783063404084
0.1,0.092,100000.0,8.0,4.0,1040.25,0.44647529999999996,0.9199999999999999,15.61,9.613073780341264,2.9565011464572324,2.9565011464572324
0.1,0.092,100000.0,8.0,20.0,1040.25,0.44647529999999996,0.9199999999999999,15.61,9.613073780341264,0.8122234759794045,0.8122234759794045
0.1,0.092,100000.0,8.0,100.0,1040.25,0.44647529999999996,0.9199999999999999,15.61,9.613073780341264,0.1755636085607449,0.1755636085607449
0.1,0.092,100000.0,8.0,1000.0,1040.25,0.44647529999999996,0.9199999999999999,15.61,9.613073780341264,0.017881278591885076,0.017881278591885076
0.1,0.092,100000.0,16.0,1.0,1040.25,0.44647529999999996,0.9199999999999999,15.61,9.613073780341264,11.708956612680817,9.613073780341264
0.1,0.092,100000.0,16.0,4.0,1040.25,0.44647529999999996,0.9199999999999999,15.61,9.613073780341264,5.913002292914465,5.913002292914465
0.1,0.092,100000.0,16.0,20.0,1040.25,0.44647529999999996,0.9199999999999999,15.61,9.613073780341264,1.624446951958809,1.624446951958809
0.1,0.092,100000.0,16.0,100.0,1040.25,0.44647529999999996,0.9199999999999999,15.61,9.613073780341264,0.3511272171214898,0.3511272171214898
0.1,0.092,100000.0,16.0,1000.0,1040.25,0.44647529999999996,0.9199999999999999,15.61,9.613073780341264,0.03576255718377015,0.03576255718377015
0.1,0.092,100000.0,32.0,1.0,1040.25,0.44647529999999996,0.9199999999999999,15.61,9.613073780341264,23.417913225361634,9.613073780341264
0.1,0.092,100000.0,32.0,4.0,1040.25,0.44647529999999996,0.9199999999999999,15.61,9.613073780341264,11.82600458582893,9.613073780341264
0.1,0.092,100000.0,32.0,20.0,1040.25,0.44647529999999996,0.9199999999999999,15.61,9.613073780341264,3.248893903917618,3.248893903917618
0.1,0.092,100000.0,32.0,100.0,1040.25,0.44647529999999996,0.9199999999999999,15.61,9.613073780341264,0.7022544342429796,0.7022544342429796
0.1,0.092,100000.0,32.0,1000.0,1040.25,0.44647529999999996,0.9199999999999999,15.61,9.613073780341264,0.0715251143675403,0.0715251143675403
0.1,0.092,250000.0,4.0,1.0,1040.25,0.44647529999999996,0.9199999999999999,15.61,24.03268445085316,2.9272391531702042,2.9272391531702042
0.1,0.092,250000.0,4.0,4.0,1040.25,0.44647529999999996,0.9199999999999999,15.61,24.03268445085316,1.4782505732286162,1.4782505732286162
0.1,0.092,250000.0,4.0,20.0,1040.25,0.44647529999999996,0.9199999999999999,15.61,24.03268445085316,0.40611173798970224,0.40611173798970224
0.1,0.092,250000.0,4.0,100.0,1040.25,0.44647529999999996,0.9199999999999999,15.61,24.03268445085316,0.08778180428037245,0.08778180428037245
0.1,0.092,250000.0,4.0,1000.0,1040.25,0.44647529999999996,0.9199999999999999,15.61,24.03268445085316,0.008940639295942538,0.008940639295942538
0.1,0.092,250000.0,8.0,1.0,1040.25,0.44647529999999996,0.9199999999999999,15.61,24.03268445085316,5.8544783063404084,5.8544783063404084
0.1,0.092,250000.0,8.0,4.0,1040.25,0.44647529999999996,0.9199999999999999,15.61,24.03268445085316,2.9565011464572324,2.9565011464572324
0.1,0.092,250000.0,8.0,20.0,1040.25,0.44647529999999996,0.9199999999999999,15.61,24.03268445085316,0.8122234759794045,0.8122234759794045
0.1,0.092,250000.0,8.0,100.0,1040.25,0.44647529999999996,0.9199999999999999,15.61,24.03268445085316,0.1755636085607449,0.1755636085607449
0.1,0.092,250000.0,8.0,1000.0,1040.25,0.44647529999999996,0.9199999999999999,15.61,24.03268445085316,0.017881278591885076,0.017881278591885076
0.1,0.092,250000.0,16.0,1.0,1040.25,0.44647529999999996,0.9199999999999999,15.61,24.03268445085316,11.708956612680817,11.708956612680817
0.1,0.092,250000.0,16.0,4.0,1040.25,0.44647529999999996,0.9199999999999999,15.61,24.03268445085316,5.913002292914465,5.913002292914465
0.1,0.092,250000.0,16.0,20.0,1040.25,0.44647529999999996,0.9199999999999999,15.61,24.03268445085316,1.624446951958809,1.624446951958809
0.1,0.092,250000.0,16.0,100.0,1040.25,0.44647529999999996,0.9199999999999999,15.61,24.03268445085316,0.3511272171214898,0.3511272171214898
0.1,0.092,250000.0,16.0,1000.0,1040.25,0.44647529999999996,0.9199999999999999,15.61,24.03268445085316,0.03576255718377015,0.03576255718377015
0.1,0.092,250000.0,32.0,1.0,1040.25,0.44647529999999996,0.9199999999999999,15.61,24.03268445085316,23.417913225361634,23.417913225361634
0.1,0.092,250000.0,32.0,4.0,1040.25,0.44647529999999996,0.9199999999999999,15.61,24.03268445085316,11.82600458582893,11.82600458582893
0.1,0.092,250000.0,32.0,20.0,1040.25,0.44647529999999996,0.9199999999999999,15.61,24.03268445085316,3.248893903917618,3.248893903917618
0.1,0.092,250000.0,32.0,100.0,1040.25,0.44647529999999996,0.9199999999999999,15.61,24.03268445085316,0.7022544342429796,0.7022544342429796
0.1,0.092,250000.0,32.0,1000.0,1040.25,0.44647529999999996,0.9199999999999999,15.61,24.03268445085316,0.0715251143675403,0.0715251143675403
0.1,0.101,2000.0,4.0,1.0,1040.25,0.44647529999999996,1.01,15.61,0.19226147560682527,2.746356220390418,0.19226147560682527
0.1,0.101,2000.0,4.0,4.0,1040.25,0.44647529999999996,1.01,15.61,0.19226147560682527,1.4306657188029392,0.19226147560682527
0.1,0.101,2000.0,4.0,20.0,1040.25,0.44647529999999996,1.01,15.61,0.19226147560682527,0.40243448718678776,0.19226147560682527
0.1,0.101,2000.0,4.0,100.0,1040.25,0.44647529999999996,1.01,15.61,0.19226147560682527,0.08760876902451799,0.08760876902451799
0.1,0.101,2000.0,4.0,1000.0,1040.25,0.44647529999999996,1.01,15.61,0.19226147560682527,0.008938841119473646,0.008938841119473646
0.1,0.101,2000.0,8.0,1.0,1040.25,0.44647529999999996,1.01,15.61,0.19226147560682527,5.492712440780836,0.19226147560682527
0.1,0.101,2000.0,8.0,4.0,1040.25,0.44647529999999996,1.01,15.61,0.19226147560682527,2.8613314376058785,0.19226147560682527
0.1,0.101,2000.0,8.0,20.0,1040.25,0.44647529999999996,1.01,15.61,0.19226147560682527,0.8048689743735755,0.19226147560682527
0.1,0.101,2000.0,8.0,100.0,1040.25,0.44647529999999996,1.01,15.61,0.19226147560682527,0.17521753804903598,0.17521753804903598
0.1,0.101,2000.0,8.0,1000.0,1040.25,0.44647529999999996,1.01,15.61,0.19226147560682527,0.01787768223894729,0.01787768223894729
0.1,0.101,2000.0,16.0,1.0,1040.25,0.44647529999999996,1.01,15.61,0.19226147560682527,10.985424881561672,0.19226147560682527
0.1,0.101,2000.0,16.0,4.0,1040.25,0.44647529999999996,1.01,15.61,0.19226147560682527,5.722662875211757,0.19226147560682527
0.1,0.101,2000.0,16.0,20.0,1040.25,0.44647529999999996,1.01,15.61,0.19226147560682527,1.609737948747151,0.19226147560682527
0.1,0.101,2000.0,16.0,100.0,1040.25,0.44647529999999996,1.01,15.61,0.19226147560682527,0.35043507609807195,0.19226147560682527
0.1,0.101,2000.0,16.0,1000.0,1040.25,0.44647529999999996,1.01,15.61,0.19226147560682527,0.03575536447789458,0.03575536447789458
0.1,0.101,2000.0,32.0,1.0,1040.25,0.44647529999999996,1.01,15.61,0.19226147560682527,21.970849763123343,0.19226147560682527
0.1,0.101,2000.0,32.0,4.0,1040.25,0.44647529999999996,1.01,15.61,0.19226147560682527,11.445325750423514,0.19226147560682527
0.1,0.101,2000.0,32.0,20.0,1040.25,0.44647529999999996,1.01,15.61,0.19226147560682527,3.219475897494302,0.19226147560682527
0.1,0.101,2000.0,32.0,100.0,1040.25,0.44647529999999996,1.01,15.61,0.19226147560682527,0.7008701521961439,0.19226147560682527
0.1,0.101,2000.0,32.0,1000.0,1040.25,0.44647529999999996,1.01,15.61,0.19226147560682527,0.07151072895578917,0.07151072895578917
0.1,0.101,10000.0,4.0,1.0,1040.25,0.44647529999999996,1.01,15.61,0.9613073780341264,2.746356220390418,0.9613073780341264
0.1,0.101,10000.0,4.0,4.0,1040.25,0.44647529999999996,1.01,15.61,0.9613073780341264,1.4306657188029392,0.9613073780341264
0.1,0.101,10000.0,4.0,20.0,1040.25,0.44647529999999996,1.01,15.61,0.9613073780341264,0.40243448718678776,0.40243448718678776
0.1,0.101,10000.0,4.0,100.0,1040.25,0.44647529999999996,1.01,15.61,0.9613073780341264,0.08760876902451799,0.08760876902451799
0.1,0.101,10000.0,4.0,1000.0,1040.25,0.44647529999999996,1.01,15.61,0.9613073780341264,0.008938841119473646,0.008938841119473646
0.1,0.101,10000.0,8.0,1.0,1040.25,0.44647529999999996,1.01,15.61,0.9613073780341264,5.492712440780836,0.9613073780341264
0.1,0.101,10000.0,8.0,4.0,1040.25,0.44647529999999996,1.01,15.61,0.9613073780341264,2.8613314376058785,0.9613073780341264
0.1,0.101,10000.0,8.0,20.0,1040.25,0.44647529999999996,1.01,15.61,0.9613073780341264,0.8048689743735755,0.8048689743735755
0.1,0.101,10000.0,8.0,100.0,1040.25,0.44647529999999996,1.01,15.61,0.9613073780341264,0.17521753804903598,0.17521753804903598
0.1,0.101,10000.0,8.0,1000.0,1040.25,0.44647529999999996,1.01,15.61,0.9613073780341264,0.01787768223894729,0.01787768223894729
0.1,0.101,10000.0,16.0,1.0,1040.25,0.44647529999999996,1.01,15.61,0.9613073780341264,10.985424881561672,0.9613073780341264
0.1,0.101,10000.0,16.0,4.0,1040.25,0.44647529999999996,1.01,15.61,0.9613073780341264,5.722662875211757,0.9613073780341264
0.1,0.101,10000.0,16.0,20.0,1040.25,0.44647529999999996,1.01,15.61,0.9613073780341264,1.609737948747151,0.9613073780341264
0.1,0.101,10000.0,16.0,100.0,1040.25,0.44647529999999996,1.01,15.61,0.9613073780341264,0.35043507609807195,0.35043507609807195
0.1,0.101,10000.0,16.0,1000.0,1040.25,0.44647529999999996,1.01,15.61,0.9613073780341264,0.03575536447789458,0.03575536447789458
0.1,0.101,10000.0,32.0,1.0,1040.25,0.44647529999999996,1.01,15.61,0.9613073780341264,21.970849763123343,0.9613073780341264
0.1,0.101,10000.0,32.0,4.0,1040.25,0.44647529999999996,1.01,15.61,0.9613073780341264,11.445325750423514,0.9613073780341264
0.1,0.101,10000.0,32.0,20.0,1040.25,0.44647529999999996,1.01,15.61,0.9613073780341264,3.219475897494302,0.9613073780341264
0.1,0.101,10000.0,32.0,100.0,1040.25,0.44647529999999996,1.01,15.61,0.9613073780341264,0.7008701521961439,0.7008701521961439
0.1,0.101,10000.0,32.0,1000.0,1040.25,0.44647529999999996,1.01,15.61,0.9613073780341264,0.07151072895578917,0.07151072895578917
0.1,0.101,25000.0,4.0,1.0,1040.25,0.44647529999999996,1.01,15.61,2.403268445085316,2.746356220390418,2.403268445085316
0.1,0.101,25000.0,4.0,4.0,1040.25,0.44647529999999996,1.01,15.61,2.403268445085316,1.4306657188029392,1.4306657188029392
0.1,0.101,25000.0,4.0,20.0,1040.25,0.44647529999999996,1.01,15.61,2.403268445085316,0.40243448718678776,0.40243448718678776
0.1,0.101,25000.0,4.0,100.0,1040.25,0.44647529999999996,1.01,15.61,2.403268445085316,0.08760876902451799,0.08760876902451799
0.1,0.101,25000.0,4.0,1000.0,1040.25,0.44647529999999996,1.01,15.61,2.403268445085316,0.008938841119473646,0.008938841119473646
0.1,0.101,25000.0,8.0,1.0,1040.25,0.44647529999999996,1.01,15.61,2.403268445085316,5.492712440780836,2.403268445085316
0.1,0.101,25000.0,8.0,4.0,1040.25,0.44647529999999996,1.01,15.61,2.403268445085316,2.8613314376058785,2.403268445085316
0.1,0.101,25000.0,8.0,20.0,1040.25,0.44647529999999996,1.01,15.61,2.403268445085316,0.8048689743735755,0.8048689743735755
0.1,0.101,25000.0,8.0,100.0,1040.25,0.44647529999999996,1.01,15.61,2.403268445085316,0.17521753804903598,0.17521753804903598
0.1,0.101,25000.0,8.0,1000.0,1040.25,0.44647529999999996,1.01,15.61,2.403268445085316,0.01787768223894729,0.01787768223894729
0.1,0.101,25000.0,16.0,1.0,1040.25,0.44647529999999996,1.01,15.61,2.403268445085316,10.985424881561672,2.403268445085316
0.1,0.101,25000.0,16.0,4.0,1040.25,0.44647529999999996,1.01,15.61,2.403268445085316,5.722662875211757,2.403268445085316
0.1,0.101,25000.0,16.0,20.0,1040.25,0.44647529999999996,1.01,15.61,2.403268445085316,1.609737948747151,1.609737948747151
0.1,0.101,25000.0,16.0,100.0,1040.25,0.44647529999999996,1.01,15.61,2.403268445085316,0.35043507609807195,0.35043507609807195
0.1,0.101,25000.0,16.0,1000.0,1040.25,0.44647529999999996,1.01,15.61,2.403268445085316,0.03575536447789458,0.03575536447789458
0.1,0.101,25000.0,32.0,1.0,1040.25,0.44647529999999996,1.01,15.61,2.403268445085316,21.970849763123343,2.403268445085316
0.1,0.101,25000.0,32.0,4.0,1040.25,0.44647529999999996,1.01,15.61,2.403268445085316,11.445325750423514,2.403268445085316
0.1,0.101,25000.0,32.0,20.0,1040.25,0.44647529999999996,1.01,15.61,2.403268445085316,3.219475897494302,2.403268445085316
0.1,0.101,25000.0,32.0,100.0,1040.25,0.44647529999999996,1.01,15.61,2.403268445085316,0.7008701521961439,0.7008701521961439
0.1,0.101,25000.0,32.0,1000.0,1040.25,0.44647529999999996,1.01,15.61,2.403268445085316,0.07151072895578917,0.07151072895578917
0.1,0.101,100000.0,4.0,1.0,1040.25,0.44647529999999996,1.01,15.61,9.613073780341264,2.746356220390418,2.746356220390418
0.1,0.101,100000.0,4.0,4.0,1040.25,0.44647529999999996,1.01,15.61,9.613073780341264,1.4306657188029392,1.4306657188029392
0.1,0.101,100000.0,4.0,20.0,1040.25,0.44647529999999996,1.01,15.61,9.613073780341264,0.40243448718678776,0.40243448718678776
0.1,0.101,100000.0,4.0,100.0,1040.25,0.44647529999999996,1.01,15.61,9.613073780341264,0.08760876902451799,0.08760876902451799
0.1,0.101,100000.0,4.0,1000.0,1040.25,0.44647529999999996,1.01,15.61,9.613073780341264,0.008938841119473646,0.008938841119473646
0.1,0.101,100000.0,8.0,1.0,1040.25,0.44647529999999996,1.01,15.61,9.613073780341264,5.492712440780836,5.492712440780836
0.1,0.101,100000.0,8.0,4.0,1040.25,0.44647529999999996,1.01,15.61,9.613073780341264,2.8613314376058785,2.8613314376058785
0.1,0.101,100000.0,8.0,20.0,1040.25,0.44647529999999996,1.01,15.61,9.613073780341264,0.8048689743735755,0.8048689743735755
0.1,0.101,100000.0,8.0,100.0,1040.25,0.44647529999999996,1.01,15.61,9.613073780341264,0.17521753804903598,0.17521753804903598
0.1,0.101,100000.0,8.0,1000.0,1040.25,0.44647529999999996,1.01,15.61,9.613073780341264,0.01787768223894729,0.01787768223894729
0.1,0.101,100000.0,16.0,1.0,1040.25,0.44647529999999996,1.01,15.61,9.613073780341264,10.985424881561672,9.613073780341264
0.1,0.101,100000.0,16.0,4.0,1040.25,0.44647529999999996,1.01,15.61,9.613073780341264,5.722662875211757,5.722662875211757
0.1,0.101,100000.0,16.0,20.0,1040.25,0.44647529999999996,1.01,15.61,9.613073780341264,1.609737948747151,1.609737948747151
0.1,0.101,100000.0,16.0,100.0,1040.25,0.44647529999999996,1.01,15.61,9.613073780341264,0.35043507609807195,0.35043507609807195
0.1,0.101,100000.0,16.0,1000.0,1040.25,0.44647529999999996,1.01,15.61,9.613073780341264,0.03575536447789458,0.03575536447789458
0.1,0.101,100000.0,32.0,1.0,1040.25,0.44647529999999996,1.01,15.61,9.613073780341264,21.970849763123343,9.613073780341264
0.1,0.101,100000.0,32.0,4.0,1040.25,0.44647529999999996,1.01,15.61,9.613073780341264,11.445325750423514,9.613073780341264
0.1,0.101,100000.0,32.0,20.0,1040.25,0.44647529999999996,1.01,15.61,9.613073780341264,3.219475897494302,3.219475897494302
0.1,0.101,100000.0,32.0,100.0,1040.25,0.44647529999999996,1.01,15.61,9.613073780341264,0.7008701521961439,0.7008701521961439
0.1,0.101,100000.0,32.0,1000.0,1040.25,0.44647529999999996,1.01,15.61,9.613073780341264,0.07151072895578917,0.07151072895578917
0.1,0.101,250000.0,4.0,1.0,1040.25,0.44647529999999996,1.01,15.61,24.03268445085316,2.746356220390418,2.746356220390418
0.1,0.101,250000.0,4.0,4.0,1040.25,0.44647529999999996,1.01,15.61,24.03268445085316,1.4306657188029392,1.4306657188029392
0.1,0.101,250000.0,4.0,20.0,1040.25,0.44647529999999996,1.01,15.61,24.03268445085316,0.40243448718678776,0.40243448718678776
0.1,0.101,250000.0,4.0,100.0,1040.25,0.44647529999999996,1.01,15.61,24.03268445085316,0.08760876902451799,0.08760876902451799
0.1,0.101,250000.0,4.0,1000.0,1040.25,0.44647529999999996,1.01,15.61,24.03268445085316,0.008938841119473646,0.008938841119473646
0.1,0.101,250000.0,8.0,1.0,1040.25,0.44647529999999996,1.01,15.61,24.03268445085316,5.492712440780836,5.492712440780836
0.1,0.101,250000.0,8.0,4.0,1040.25,0.44647529999999996,1.01,15.61,24.03268445085316,2.8613314376058785,2.8613314376058785
0.1,0.101,250000.0,8.0,20.0,1040.25,0.44647529999999996,1.01,15.61,24.03268445085316,0.8048689743735755,0.8048689743735755
0.1,0.101,250000.0,8.0,100.0,1040.25,0.44647529999999996,1.01,15.61,24.03268445085316,0.17521753804903598,0.17521753804903598
0.1,0.101,250000.0,8.0,1000.0,1040.25,0.44647529999999996,1.01,15.61,24.03268445085316,0.01787768223894729,0.01787768223894729
0.1,0.101,250000.0,16.0,1.0,1040.25,0.44647529999999996,1.01,15.61,24.03268445085316,10.985424881561672,10.985424881561672
0.1,0.101,250000.0,16.0,4.0,1040.25,0.44647529999999996,1.01,15.61,24.03268445085316,5.722662875211757,5.722662875211757
0.1,0.101,250000.0,16.0,20.0,1040.25,0.44647529999999996,1.01,15.61,24.03268445085316,1.609737948747151,1.609737948747151
0.1,0.101,250000.0,16.0,100.0,1040.25,0.44647529999999996,1.01,15.61,24.03268445085316,0.35043507609807195,0.35043507609807195
0.1,0.101,250000.0,16.0,1000.0,1040.25,0.44647529999999996,1.01,15.61,24.03268445085316,0.03575536447789458,0.03575536447789458
0.1,0.101,250000.0,32.0,1.0,1040.25,0.44647529999999996,1.01,15.61,24.03268445085316,21.970849763123343,21.970849763123343
0.1,0.101,250000.0,32.0,4.0,1040.25,0.44647529999999996,1.01,15.61,24.03268445085316,11.445325750423514,11.445325750423514
0.1,0.101,250000.0,32.0,20.0,1040.25,0.44647529999999996,1.01,15.61,24.03268445085316,3.219475897494302,3.219475897494302
0.1,0.101,250000.0,32.0,100.0,1040.25,0.44647529999999996,1.01,15.61,24.03268445085316,0.7008701521961439,0.7008701521961439
0.1,0.101,250000.0,32.0,1000.0,1040.25,0.44647529999999996,1.01,15.61,24.03268445085316,0.07151072895578917,0.07151072895578917
0.1,0.19,2000.0,4.0,1.0,1040.25,0.44647529999999996,1.9,15.61,0.19226147560682527,1.7046844686581615,0.19226147560682527
0.1,0.19,2000.0,4.0,4.0,1040.25,0.44647529999999996,1.9,15.61,0.19226147560682527,1.0852162830626062,0.19226147560682527
0.1,0.19,2000.0,4.0,20.0,1040.25,0.44647529999999996,1.9,15.61,0.19226147560682527,0.3693612617232956,0.19226147560682527
0.1,0.19,2000.0,4.0,100.0,1040.25,0.44647529999999996,1.9,15.61,0.19226147560682527,0.08593366823116072,0.08593366823116072
0.1,0.19,2000.0,4.0,1000.0,1040.25,0.44647529999999996,1.9,15.61,0.19226147560682527,0.008921098017665113,0.008921098017665113
0.1,0.19,2000.0,8.0,1.0,1040.25,0.44647529999999996,1.9,15.61,0.19226147560682527,3.409368937316323,0.19226147560682527
0.1,0.19,2000.0,8.0,4.0,1040.25,0.44647529999999996,1.9,15.61,0.19226147560682527,2.1704325661252124,0.19226147560682527
0.1,0.19,2000.0,8.0,20.0,1040.25,0.44647529999999996,1.9,15.61,0.19226147560682527,0.7387225234465912,0.19226147560682527
0.1,0.19,2000.0,8.0,100.0,1040.25,0.44647529999999996,1.9,15.61,0.19226147560682527,0.17186733646232144,0.17186733646232144
0.1,0.19,2000.0,8.0,1000.0,1040.25,0.44647529999999996,1.9,15.61,0.19226147560682527,0.017842196035330226,0.017842196035330226
0.1,0.19,2000.0,16.0,1.0,1040.25,0.44647529999999996,1.9,15.61,0.19226147560682527,6.818737874632646,0.19226147560682527
0.1,0.19,2000.0,16.0,4.0,1040.25,0.44647529999999996,1.9,15.61,0.19226147560682527,4.340865132250425,0.19226147560682527
0.1,0.19,2000.0,16.0,20.0,1040.25,0.44647529999999996,1.9,15.61,0.19226147560682527,1.4774450468931823,0.19226147560682527
0.1,0.19,2000.0,16.0,100.0,1040.25,0.44647529999999996,1.9,15.61,0.19226147560682527,0.3437346729246429,0.19226147560682527
0.1,0.19,2000.0,16.0,1000.0,1040.25,0.44647529999999996,1.9,15.61,0.19226147560682527,0.03568439207066045,0.03568439207066045
0.1,0.19,2000.0,32.0,1.0,1040.25,0.44647529999999996,1.9,15.61,0.19226147560682527,13.637475749265292,0.19226147560682527
0.1,0.19,2000.0,32.0,4.0,1040.25,0.44647529999999996,1.9,15.61,0.19226147560682527,8.68173026450085,0.19226147560682527
0.1,0.19,2000.0,32.0,20.0,1040.25,0.44647529999999996,1.9,15.61,0.19226147560682527,2.9548900937863647,0.19226147560682527
0.1,0.19,2000.0,32.0,100.0,1040.25,0.44647529999999996,1.9,15.61,0.19226147560682527,0.6874693458492858,0.19226147560682527
0.1,0.19,2000.0,32.0,1000.0,1040.25,0.44647529999999996,1.9,15.61,0.19226147560682527,0.0713687841413209,0.0713687841413209
0.1,0.19,10000.0,4.0,1.0,1040.25,0.44647529999999996,1.9,15.61,0.9613073780341264,1.7046844686581615,0.9613073780341264
0.1,0.19,10000.0,4.0,4.0,1040.25,0.44647529999999996,1.9,15.61,0.9613073780341264,1.0852162830626062,0.9613073780341264
0.1,0.19,10000.0,4.0,20.0,1040.25,0.44647529999999996,1.9,15.61,0.9613073780341264,0.3693612617232956,0.3693612617232956
0.1,0.19,10000.0,4.0,100.0,1040.25,0.44647529999999996,1.9,15.61,0.9613073780341264,0.08593366823116072,0.08593366823116072
0.1,0.19,10000.0,4.0,1000.0,1040.25,0.44647529999999996,1.9,15.61,0.9613073780341264,0.008921098017665113,0.008921098017665113
0.1,0.19,10000.0,8.0,1.0,1040.25,0.44647529999999996,1.9,15.61,0.9613073780341264,3.409368937316323,0.9613073780341264
0.1,0.19,10000.0,8.0,4.0,1040.25,0.44647529999999996,1.9,15.61,0.9613073780341264,2.1704325661252124,0.9613073780341264
0.1,0.19,10000.0,8.0,20.0,1040.25,0.44647529999999996,1.9,15.61,0.9613073780341264,0.7387225234465912,0.7387225234465912
0.1,0.19,10000.0,8.0,100.0,1040.25,0.44647529999999996,1.9,15.61,0.9613073780341264,0.17186733646232144,0.17186733646232144
0.1,0.19,10000.0,8.0,1000.0,1040.25,0.44647529999999996,1.9,15.61,0.9613073780341264,0.017842196035330226,0.017842196035330226
0.1,0.19,10000.0,16.0,1.0,1040.25,0.44647529999999996,1.9,15.61,0.9613073780341264,6.818737874632646,0.9613073780341264
0.1,0.19,10000.0,16.0,4.0,1040.25,0.44647529999999996,1.9,15.61,0.9613073780341264,4.340865132250425,0.9613073780341264
0.1,0.19,10000.0,16.0,20.0,1040.25,0.44647529999999996,1.9,15.61,0.9613073780341264,1.4774450468931823,0.9613073780341264
0.1,0.19,10000.0,16.0,100.0,1040.25,0.44647529999999996,1.9,15.61,0.9613073780341264,0.3437346729246429,0.3437346729246429
0.1,0.19,10000.0,16.0,1000.0,1040.25,0.44647529999999996,1.9,15.61,0.9613073780341264,0.03568439207066045,0.03568439207066045
0.1,0.19,10000.0,32.0,1.0,1040.25,0.44647529999999996,1.9,15.61,0.9613073780341264,13.637475749265292,0.9613073780341264
0.1,0.19,10000.0,32.0,4.0,1040.25,0.44647529999999996,1.9,15.61,0.9613073780341264,8.68173026450085,0.9613073780341264
0.1,0.19,10000.0,32.0,20.0,1040.25,0.44647529999999996,1.9,15.61,0.9613073780341264,2.9548900937863647,0.9613073780341264
0.1,0.19,10000.0,32.0,100.0,1040.25,0.44647529999999996,1.9,15.61,0.9613073780341264,0.6874693458492858,0.6874693458492858
0.1,0.19,10000.0,32.0,1000.0,1040.25,0.44647529999999996,1.9,15.61,0.9613073780341264,0.0713687841413209,0.0713687841413209
0.1,0.19,25000.0,4.0,1.0,1040.25,0.44647529999999996,1.9,15.61,2.403268445085316,1.7046844686581615,1.7046844686581615
0.1,0.19,25000.0,4.0,4.0,1040.25,0.44647529999999996,1.9,15.61,2.403268445085316,1.0852162830626062,1.0852162830626062
0.1,0.19,25000.0,4.0,20.0,1040.25,0.44647529999999996,1.9,15.61,2.403268445085316,0.3693612617232956,0.3693612617232956
0.1,0.19,25000.0,4.0,100.0,1040.25,0.44647529999999996,1.9,15.61,2.403268445085316,0.08593366823116072,0.08593366823116072
0.1,0.19,25000.0,4.0,1000.0,1040.25,0.44647529999999996,1.9,15.61,2.403268445085316,0.008921098017665113,0.008921098017665113
0.1,0.19,25000.0,8.0,1.0,1040.25,0.44647529999999996,1.9,15.61,2.403268445085316,3.409368937316323,2.403268445085316
0.1,0.19,25000.0,8.0,4.0,1040.25,0.44647529999999996,1.9,15.61,2.403268445085316,2.1704325661252124,2.1704325661252124
0.1,0.19,25000.0,8.0,20.0,1040.25,0.44647529999999996,1.9,15.61,2.403268445085316,0.7387225234465912,0.7387225234465912
0.1,0.19,25000.0,8.0,100.0,1040.25,0.44647529999999996,1.9,15.61,2.403268445085316,0.17186733646232144,0.17186733646232144
0.1,0.19,25000.0,8.0,1000.0,1040.25,0.44647529999999996,1.9,15.61,2.403268445085316,0.017842196035330226,0.017842196035330226
0.1,0.19,25000.0,16.0,1.0,1040.25,0.44647529999999996,1.9,15.61,2.403268445085316,6.818737874632646,2.403268445085316
0.1,0.19,25000.0,16.0,4.0,1040.25,0.44647529999999996,1.9,15.61,2.403268445085316,4.340865132250425,2.403268445085316
0.1,0.19,25000.0,16.0,20.0,1040.25,0.44647529999999996,1.9,15.61,2.403268445085316,1.4774450468931823,1.4774450468931823
0.1,0.19,25000.0,16.0,100.0,1040.25,0.44647529999999996,1.9,15.61,2.403268445085316,0.3437346729246429,0.3437346729246429
0.1,0.19,25000.0,16.0,1000.0,1040.25,0.44647529999999996,1.9,15.61,2.403268445085316,0.03568439207066045,0.03568439207066045
0.1,0.19,25000.0,32.0,1.0,1040.25,0.44647529999999996,1.9,15.61,2.403268445085316,13.637475749265292,2.403268445085316
0.1,0.19,25000.0,32.0,4.0,1040.25,0.44647529999999996,1.9,15.61,2.403268445085316,8.68173026450085,2.403268445085316
0.1,0.19,25000.0,32.0,20.0,1040.25,0.44647529999999996,1.9,15.61,2.403268445085316,2.9548900937863647,2.403268445085316
0.1,0.19,25000.0,32.0,100.0,1040.25,0.44647529999999996,1.9,15.61,2.403268445085316,0.6874693458492858,0.6874693458492858
0.1,0.19,25000.0,32.0,1000.0,1040.25,0.44647529999999996,1.9,15.61,2.403268445085316,0.0713687841413209,0.0713687841413209
0.1,0.19,100000.0,4.0,1.0,1040.25,0.44647529999999996,1.9,15.61,9.613073780341264,1.7046844686581615,1.7046844686581615
0.1,0.19,100000.0,4.0,4.0,1040.25,0.44647529999999996,1.9,15.61,9.613073780341264,1.0852162830626062,1.0852162830626062
0.1,0.19,100000.0,4.0,20.0,1040.25,0.44647529999999996,1.9,15.61,9.613073780341264,0.3693612617232956,0.3693612617232956
0.1,0.19,100000.0,4.0,100.0,1040.25,0.44647529999999996,1.9,15.61,9.613073780341264,0.08593366823116072,0.08593366823116072
0.1,0.19,100000.0,4.0,1000.0,1040.25,0.44647529999999996,1.9,15.61,9.613073780341264,0.008921098017665113,0.008921098017665113
0.1,0.19,100000.0,8.0,1.0,1040.25,0.44647529999999996,1.9,15.61,9.613073780341264,3.409368937316323,3.409368937316323
0.1,0.19,100000.0,8.0,4.0,1040.25,0.44647529999999996,1.9,15.61,9.613073780341264,2.1704325661252124,2.1704325661252124
0.1,0.19,100000.0,8.0,20.0,1040.25,0.44647529999999996,1.9,15.61,9.613073780341264,0.7387225234465912,0.7387225234465912
0.1,0.19,100000.0,8.0,100.0,1040.25,0.44647529999999996,1.9,15.61,9.613073780341264,0.17186733646232144,0.17186733646232144
0.1,0.19,100000.0,8.0,1000.0,1040.25,0.44647529999999996,1.9,15.61,9.613073780341264,0.017842196035330226,0.017842196035330226
0.1,0.19,100000.0,16.0,1.0,1040.25,0.44647529999999996,1.9,15.61,9.613073780341264,6.818737874632646,6.818737874632646
0.1,0.19,100000.0,16.0,4.0,1040.25,0.44647529999999996,1.9,15.61,9.613073780341264,4.340865132250425,4.340865132250425
0.1,0.19,100000.0,16.0,20.0,1040.25,0.44647529999999996,1.9,15.61,9.613073780341264,1.4774450468931823,1.4774450468931823
0.1,0.19,100000.0,16.0,100.0,1040.25,0.44647529999999996,1.9,15.61,9.613073780341264,0.3437346729246429,0.3437346729246429
0.1,0.19,100000.0,16.0,1000.0,1040.25,0.44647529999999996,1.9,15.61,9.613073780341264,0.03568439207066045,0.03568439207066045
0.1,0.19,100000.0,32.0,1.0,1040.25,0.44647529999999996,1.9,15.61,9.613073780341264,13.637475749265292,9.613073780341264
0.1,0.19,100000.0,32.0,4.0,1040.25,0.44647529999999996,1.9,15.61,9.613073780341264,8.68173026450085,8.68173026450085
0.1,0.19,100000.0,32.0,20.0,1040.25,0.44647529999999996,1.9,15.61,9.613073780341264,2.9548900937863647,2.9548900937863647
0.1,0.19,100000.0,32.0,100.0,1040.25,0.44647529999999996,1.9,15.61,9.613073780341264,0.6874693458492858,0.6874693458492858
0.1,0.19,100000.0,32.0,1000.0,1040.25,0.44647529999999996,1.9,15.61,9.613073780341264,0.0713687841413209,0.0713687841413209
0.1,0.19,250000.0,4.0,1.0,1040.25,0.44647529999999996,1.9,15.61,24.03268445085316,1.7046844686581615,1.7046844686581615
0.1,0.19,250000.0,4.0,4.0,1040.25,0.44647529999999996,1.9,15.61,24.03268445085316,1.0852162830626062,1.0852162830626062
0.1,0.19,250000.0,4.0,20.0,1040.25,0.44647529999999996,1.9,15.61,24.03268445085316,0.3693612617232956,0.3693612617232956
0.1,0.19,250000.0,4.0,100.0,1040.25,0.44647529999999996,1.9,15.61,24.03268445085316,0.08593366823116072,0.08593366823116072
0.1,0.19,250000.0,4.0,1000.0,1040.25,0.44647529999999996,1.9,15.61,24.03268445085316,0.008921098017665113,0.008921098017665113
0.1,0.19,250000.0,8.0,1.0,1040.25,0.44647529999999996,1.9,15.61,24.03268445085316,3.409368937316323,3.409368937316323
0.1,0.19,250000.0,8.0,4.0,1040.25,0.44647529999999996,1.9,15.61,24.03268445085316,2.1704325661252124,2.1704325661252124
0.1,0.19,250000.0,8.0,20.0,1040.25,0.44647529999999996,1.9,15.61,24.03268445085316,0.7387225234465912,0.7387225234465912
0.1,0.19,250000.0,8.0,100.0,1040.25,0.44647529999999996,1.9,15.61,24.03268445085316,0.17186733646232144,0.17186733646232144
0.1,0.19,250000.0,8.0,1000.0,1040.25,0.44647529999999996,1.9,15.61,24.03268445085316,0.017842196035330226,0.017842196035330226
0.1,0.19,250000.0,16.0,1.0,1040.25,0.44647529999999996,1.9,15.61,24.03268445085316,6.818737874632646,6.818737874632646
0.1,0.19,250000.0,16.0,4.0,1040.25,0.44647529999999996,1.9,15.61,24.03268445085316,4.340865132250425,4.340865132250425
0.1,0.19,250000.0,16.0,20.0,1040.25,0.44647529999999996,1.9,15.61,24.03268445085316,1.4774450468931823,1.4774450468931823
0.1,0.19,250000.0,16.0,100.0,1040.25,0.44647529999999996,1.9,15.61,24.03268445085316,0.3437346729246429,0.3437346729246429
0.1,0.19,250000.0,16.0,1000.0,1040.25,0.44647529999999996,1.9,15.61,24.03268445085316,0.03568439207066045,0.03568439207066045
0.1,0.19,250000.0,32.0,1.0,1040.25,0.44647529999999996,1.9,15.61,24.03268445085316,13.637475749265292,13.637475749265292
0.1,0.19,250000.0,32.0,4.0,1040.25,0.44647529999999996,1.9,15.61,24.03268445085316,8.68173026450085,8.68173026450085
0.1,0.19,250000.0,32.0,20.0,1040.25,0.44647529999999996,1.9,15.61,24.03268445085316,2.9548900937863647,2.9548900937863647
0.1,0.19,250000.0,32.0,100.0,1040.25,0.44647529999999996,1.9,15.61,24.03268445085316,0.6874693458492858,0.6874693458492858
0.1,0.19,250000.0,32.0,1000.0,1040.25,0.44647529999999996,1.9,15.61,24.03268445085316,0.0713687841413209,0.0713687841413209
1.0,0.092,2000.0,4.0,1.0,1040.25,0.04464753,0.092,1.561,1.9226147560682527,29.272391531702038,1.9226147560682527
1.0,0.092,2000.0,4.0,4.0,1040.25,0.04464753,0.092,1.561,1.9226147560682527,14.782505732286161,1.9226147560682527
1.0,0.092,2000.0,4.0,20.0,1040.25,0.04464753,0.092,1.561,1.9226147560682527,4.061117379897023,1.9226147560682527
1.0,0.092,2000.0,4.0,100.0,1040.25,0.04464753,0.092,1.561,1.9226147560682527,0.8778180428037246,0.8778180428037246
1.0,0.092,2000.0,4.0,1000.0,1040.25,0.04464753,0.092,1.561,1.9226147560682527,0.08940639295942537,0.08940639295942537
1.0,0.092,2000.0,8.0,1.0,1040.25,0.04464753,0.092,1.561,1.9226147560682527,58.544783063404076,1.9226147560682527
1.0,0.092,2000.0,8.0,4.0,1040.25,0.04464753,0.092,1.561,1.9226147560682527,29.565011464572322,1.9226147560682527
1.0,0.092,2000.0,8.0,20.0,1040.25,0.04464753,0.092,1.561,1.9226147560682527,8.122234759794045,1.9226147560682527
1.0,0.092,2000.0,8.0,100.0,1040.25,0.04464753,0.092,1.561,1.9226147560682527,1.755636085607449,1.755636085607449
1.0,0.092,2000.0,8.0,1000.0,1040.25,0.04464753,0.092,1.561,1.9226147560682527,0.17881278591885075,0.17881278591885075
1.0,0.092,2000.0,16.0,1.0,1040.25,0.04464753,0.092,1.561,1.9226147560682527,117.08956612680815,1.9226147560682527
1.0,0.092,2000.0,16.0,4.0,1040.25,0.04464753,0.092,1.561,1.9226147560682527,59.130022929144644,1.9226147560682527
1.0,0.092,2000.0,16.0,20.0,1040.25,0.04464753,0.092,1.561,1.9226147560682527,16.24446951958809,1.9226147560682527
1.0,0.092,2000.0,16.0,100.0,1040.25,0.04464753,0.092,1.561,1.9226147560682527,3.511272171214898,1.9226147560682527
1.0,0.092,2000.0,16.0,1000.0,1040.25,0.04464753,0.092,1.561,1.9226147560682527,0.3576255718377015,0.3576255718377015
1.0,0.092,2000.0,32.0,1.0,1040.25,0.04464753,0.092,1.561,1.9226147560682527,234.1791322536163,1.9226147560682527
1.0,0.092,2000.0,32.0,4.0,1040.25,0.04464753,0.092,1.561,1.9226147560682527,118.26004585828929,1.9226147560682527
1.0,0.092,2000.0,32.0,20.0,1040.25,0.04464753,0.092,1.561,1.9226147560682527,32.48893903917618,1.9226147560682527
1.0,0.092,2000.0,32.0,100.0,1040.25,0.04464753,0.092,1.561,1.9226147560682527,7.022544342429796,1.9226147560682527
1.0,0.092,2000.0,32.0,1000.0,1040.25,0.04464753,0.092,1.561,1.9226147560682527,0.715251143675403,0.715251143675403
1.0,0.092,10000.0,4.0,1.0,1040.25,0.04464753,0.092,1.561,9.613073780341264,29.272391531702038,9.613073780341264
1.0,0.092,10000.0,4.0,4.0,1040.25,0.04464753,0.092,1.561,9.613073780341264,14.782505732286161,9.613073780341264
1.0,0.092,10000.0,4.0,20.0,1040.25,0.04464753,0.092,1.561,9.613073780341264,4.061117379897023,4.061117379897023
1.0,0.092,10000.0,4.0,100.0,1040.25,0.04464753,0.092,1.561,9.613073780341264,0.8778180428037246,0.8778180428037246
1.0,0.092,10000.0,4.0,1000.0,1040.25,0.04464753,0.092,1.561,9.613073780341264,0.08940639295942537,0.08940639295942537
1.0,0.092,10000.0,8.0,1.0,1040.25,0.04464753,0.092,1.561,9.613073780341264,58.544783063404076,9.613073780341264
1.0,0.092,10000.0,8.0,4.0,1040.25,0.04464753,0.092,1.561,9.613073780341264,29.565011464572322,9.613073780341264
1.0,0.092,10000.0,8.0,20.0,1040.25,0.04464753,0.092,1.561,9.613073780341264,8.122234759794045,8.122234759794045
1.0,0.092,10000.0,8.0,100.0,1040.25,0.04464753,0.092,1.561,9.613073780341264,1.755636085607449,1.755636085607449
1.0,0.092,10000.0,8.0,1000.0,1040.25,0.04464753,0.092,1.561,9.613073780341264,0.17881278591885075,0.17881278591885075
1.0,0.092,10000.0,16.0,1.0,1040.25,0.04464753,0.092,1.561,9.613073780341264,117.08956612680815,9.613073780341264
1.0,0.092,10000.0,16.0,4.0,1040.25,0.04464753,0.092,1.561,9.613073780341264,59.130022929144644,9.613073780341264
1.0,0.092,10000.0,16.0,20.0,1040.25,0.04464753,0.092,1.561,9.613073780341264,16.24446951958809,9.613073780341264
1.0,0.092,10000.0,16.0,100.0,1040.25,0.04464753,0.092,1.561,9.613073780341264,3.511272171214898,3.511272171214898
1.0,0.092,10000.0,16.0,1000.0,1040.25,0.04464753,0.092,1.561,9.613073780341264,0.3576255718377015,0.3576255718377015
1.0,0.092,10000.0,32.0,1.0,1040.25,0.04464753,0.092,1.561,9.613073780341264,234.1791322536163,9.613073780341264
1.0,0.092,10000.0,32.0,4.0,1040.25,0.04464753,0.092,1.561,9.613073780341264,118.26004585828929,9.613073780341264
1.0,0.092,10000.0,32.0,20.0,1040.25,0.04464753,0.092,1.561,9.613073780341264,32.48893903917618,9.613073780341264
1.0,0.092,10000.0,32.0,100.0,1040.25,0.04464753,0.092,1.561,9.613073780341264,7.022544342429796,7.022544342429796
1.0,0.092,10000.0,32.0,1000.0,1040.25,0.04464753,0.092,1.561,9.613073780341264,0.715251143675403,0.715251143675403
1.0,0.092,25000.0,4.0,1.0,1040.25,0.04464753,0.092,1.561,24.03268445085316,29.272391531702038,24.03268445085316
1.0,0.092,25000.0,4.0,4.0,1040.25,0.04464753,0.092,1.561,24.03268445085316,14.782505732286161,14.782505732286161
1.0,0.092,25000.0,4.0,20.0,1040.25,0.04464753,0.092,1.561,24.03268445085316,4.061117379897023,4.061117379897023
1.0,0.092,25000.0,4.0,100.0,1040.25,0.04464753,0.092,1.561,24.03268445085316,0.8778180428037246,0.8778180428037246
1.0,0.092,25000.0,4.0,1000.0,1040.25,0.04464753,0.092,1.561,24.03268445085316,0.08940639295942537,0.08940639295942537
1.0,0.092,25000.0,8.0,1.0,1040.25,0.04464753,0.092,1.561,24.03268445085316,58.544783063404076,24.03268445085316
1.0,0.092,25000.0,8.0,4.0,1040.25,0.04464753,0.092,1.561,24.03268445085316,29.565011464572322,24.03268445085316
1.0,0.092,25000.0,8.0,20.0,1040.25,0.04464753,0.092,1.561,24.03268445085316,8.122234759794045,8.122234759794045
1.0,0.092,25000.0,8.0,100.0,1040.25,0.04464753,0.092,1.561,24.03268445085316,1.755636085607449,1.755636085607449
1.0,0.092,25000.0,8.0,1000.0,1040.25,0.04464753,0.092,1.561,24.03268445085316,0.17881278591885075,0.17881278591885075
1.0,0.092,25000.0,16.0,1.0,1040.25,0.04464753,0.092,1.561,24.03268445085316,117.08956612680815,24.03268445085316
1.0,0.092,25000.0,16.0,4.0,1040.25,0.04464753,0.092,1.561,24.03268445085316,59.130022929144644,24.03268445085316
1.0,0.092,25000.0,16.0,20.0,1040.25,0.04464753,0.092,1.561,24.03268445085316,16.24446951958809,16.24446951958809
1.0,0.092,25000.0,16.0,100.0,1040.25,0.04464753,0.092,1.561,24.03268445085316,3.511272171214898,3.511272171214898
1.0,0.092,25000.0,16.0,1000.0,1040.25,0.04464753,0.092,1.561,24.03268445085316,0.3576255718377015,0.3576255718377015
1.0,0.092,25000.0,32.0,1.0,1040.25,0.04464753,0.092,1.561,24.03268445085316,234.1791322536163,24.03268445085316
1.0,0.092,25000.0,32.0,4.0,1040.25,0.04464753,0.092,1.561,24.03268445085316,118.26004585828929,24.03268445085316
1.0,0.092,25000.0,32.0,20.0,1040.25,0.04464753,0.092,1.561,24.03268445085316,32.48893903917618,24.03268445085316
1.0,0.092,25000.0,32.0,100.0,1040.25,0.04464753,0.092,1.561,24.03268445085316,7.022544342429796,7.022544342429796
1.0,0.092,25000.0,32.0,1000.0,1040.25,0.04464753,0.092,1.561,24.03268445085316,0.715251143675403,0.715251143675403
1.0,0.092,100000.0,4.0,1.0,1040.25,0.04464753,0.092,1.561,96.13073780341264,29.272391531702038,29.272391531702038
1.0,0.092,100000.0,4.0,4.0,1040.25,0.04464753,0.092,1.561,96.13073780341264,14.782505732286161,14.782505732286161
1.0,0.092,100000.0,4.0,20.0,1040.25,0.04464753,0.092,1.561,96.13073780341264,4.061117379897023,4.061117379897023
1.0,0.092,100000.0,4.0,100.0,1040.25,0.04464753,0.092,1.561,96.13073780341264,0.8778180428037246,0.8778180428037246
1.0,0.092,100000.0,4.0,1000.0,1040.25,0.04464753,0.092,1.561,96.13073780341264,0.08940639295942537,0.08940639295942537
1.0,0.092,100000.0,8.0,1.0,1040.25,0.04464753,0.092,1.561,96.13073780341264,58.544783063404076,58.544783063404076
1.0,0.092,100000.0,8.0,4.0,1040.25,0.04464753,0.092,1.561,96.13073780341264,29.565011464572322,29.565011464572322
1.0,0.092,100000.0,8.0,20.0,1040.25,0.04464753,0.092,1.561,96.13073780341264,8.122234759794045,8.122234759794045
1.0,0.092,100000.0,8.0,100.0,1040.25,0.04464753,0.092,1.561,96.13073780341264,1.755636085607449,1.755636085607449
1.0,0.092,100000.0,8.0,1000.0,1040.25,0.04464753,0.092,1.561,96.13073780341264,0.17881278591885075,0.17881278591885075
1.0,0.092,100000.0,16.0,1.0,1040.25,0.04464753,0.092,1.561,96.13073780341264,117.08956612680815,96.13073780341264
1.0,0.092,100000.0,16.0,4.0,1040.25,0.04464753,0.092,1.561,96.13073780341264,59.130022929144644,59.130022929144644
1.0,0.092,100000.0,16.0,20.0,1040.25,0.04464753,0.092,1.561,96.13073780341264,16.24446951958809,16.24446951958809
1.0,0.092,100000.0,16.0,100.0,1040.25,0.04464753,0.092,1.561,96.13073780341264,3.511272171214898,3.511272171214898
1.0,0.092,100000.0,16.0,1000.0,1040.25,0.04464753,0.092,1.561,96.13073780341264,0.3576255718377015,0.3576255718377015
1.0,0.092,100000.0,32.0,1.0,1040.25,0.04464753,0.092,1.561,96.13073780341264,234.1791322536163,96.13073780341264
1.0,0.092,100000.0,32.0,4.0,1040.25,0.04464753,0.092,1.561,96.13073780341264,118.26004585828929,96.13073780341264
1.0,0.092,100000.0,32.0,20.0,1040.25,0.04464753,0.092,1.561,96.13073780341264,32.48893903917618,32.48893903917618
1.0,0.092,100000.0,32.0,100.0,1040.25,0.04464753,0.092,1.561,96.13073780341264,7.022544342429796,7.022544342429796
1.0,0.092,100000.0,32.0,1000.0,1040.25,0.04464753,0.092,1.561,96.13073780341264,0.715251143675403,0.715251143675403
1.0,0.092,250000.0,4.0,1.0,1040.25,0.04464753,0.092,1.561,240.3268445085316,29.272391531702038,29.272391531702038
1.0,0.092,250000.0,4.0,4.0,1040.25,0.04464753,0.092,1.561,240.3268445085316,14.782505732286161,14.782505732286161
1.0,0.092,250000.0,4.0,20.0,1040.25,0.04464753,0.092,1.561,240.3268445085316,4.061117379897023,4.061117379897023
1.0,0.092,250000.0,4.0,100.0,1040.25,0.04464753,0.092,1.561,240.3268445085316,0.8778180428037246,0.8778180428037246
1.0,0.092,250000.0,4.0,1000.0,1040.25,0.04464753,0.092,1.561,240.3268445085316,0.08940639295942537,0.08940639295942537
1.0,0.092,250000.0,8.0,1.0,1040.25,0.04464753,0.092,1.561,240.3268445085316,58.544783063404076,58.544783063404076
1.0,0.092,250000.0,8.0,4.0,1040.25,0.04464753,0.092,1.561,240.3268445085316,29.565011464572322,29.565011464572322
1.0,0.092,250000.0,8.0,20.0,1040.25,0.04464753,0.092,1.561,240.3268445085316,8.122234759794045,8.122234759794045
1.0,0.092,250000.0,8.0,100.0,1040.25,0.04464753,0.092,1.561,240.3268445085316,1.755636085607449,1.755636085607449
1.0,0.092,250000.0,8.0,1000.0,1040.25,0.04464753,0.092,1.561,240.3268445085316,0.17881278591885075,0.17881278591885075
1.0,0.092,250000.0,16.0,1.0,1040.25,0.04464753,0.092,1.561,240.3268445085316,117.08956612680815,117.08956612680815
1.0,0.092,250000.0,16.0,4.0,1040.25,0.04464753,0.092,1.561,240.3268445085316,59.130022929144644,59.130022929144644
1.0,0.092,250000.0,16.0,20.0,1040.25,0.04464753,0.092,1.561,240.3268445085316,16.24446951958809,16.24446951958809
1.0,0.092,250000.0,16.0,100.0,1040.25,0.04464753,0.092,1.561,240.3268445085316,3.511272171214898,3.511272171214898
1.0,0.092,250000.0,16.0,1000.0,1040.25,0.04464753,0.092,1.561,240.3268445085316,0.3576255718377015,0.3576255718377015
1.0,0.092,250000.0,32.0,1.0,1040.25,0.04464753,0.092,1.561,240.3268445085316,234.1791322536163,234.1791322536163
1.0,0.092,250000.0,32.0,4.0,1040.25,0.04464753,0.092,1.561,240.3268445085316,118.26004585828929,118.26004585828929
1.0,0.092,250000.0,32.0,20.0,1040.25,0.04464753,0.092,1.561,240.3268445085316,32.48893903917618,32.48893903917618
1.0,0.092,250000.0,32.0,100.0,1040.25,0.04464753,0.092,1.561,240.3268445085316,7.022544342429796,7.022544342429796
1.0,0.092,250000.0,32.0,1000.0,1040.25,0.04464753,0.092,1.561,240.3268445085316,0.715251143675403,0.715251143675403
1.0,0.101,2000.0,4.0,1.0,1040.25,0.04464753,0.101,1.561,1.9226147560682527,27.46356220390418,1.9226147560682527
1.0,0.101,2000.0,4.0,4.0,1040.25,0.04464753,0.101,1.561,1.9226147560682527,14.30665718802939,1.9226147560682527
1.0,0.101,2000.0,4.0,20.0,1040.25,0.04464753,0.101,1.561,1.9226147560682527,4.024344871867878,1.9226147560682527
1.0,0.101,2000.0,4.0,100.0,1040.25,0.04464753,0.101,1.561,1.9226147560682527,0.8760876902451797,0.8760876902451797
1.0,0.101,2000.0,4.0,1000.0,1040.25,0.04464753,0.101,1.561,1.9226147560682527,0.08938841119473646,0.08938841119473646
1.0,0.101,2000.0,8.0,1.0,1040.25,0.04464753,0.101,1.561,1.9226147560682527,54.92712440780836,1.9226147560682527
1.0,0.101,2000.0,8.0,4.0,1040.25,0.04464753,0.101,1.561,1.9226147560682527,28.61331437605878,1.9226147560682527
1.0,0.101,2000.0,8.0,20.0,1040.25,0.04464753,0.101,1.561,1.9226147560682527,8.048689743735755,1.9226147560682527
1.0,0.101,2000.0,8.0,100.0,1040.25,0.04464753,0.101,1.561,1.9226147560682527,1.7521753804903595,1.7521753804903595
1.0,0.101,2000.0,8.0,1000.0,1040.25,0.04464753,0.101,1.561,1.9226147560682527,0.17877682238947293,0.17877682238947293
1.0,0.101,2000.0,16.0,1.0,1040.25,0.04464753,0.101,1.561,1.9226147560682527,109.85424881561671,1.9226147560682527
1.0,0.101,2000.0,16.0,4.0,1040.25,0.04464753,0.101,1.561,1.9226147560682527,57.22662875211756,1.9226147560682527
1.0,0.101,2000.0,16.0,20.0,1040.25,0.04464753,0.101,1.561,1.9226147560682527,16.09737948747151,1.9226147560682527
1.0,0.101,2000.0,16.0,100.0,1040.25,0.04464753,0.101,1.561,1.9226147560682527,3.504350760980719,1.9226147560682527
1.0,0.101,2000.0,16.0,1000.0,1040.25,0.04464753,0.101,1.561,1.9226147560682527,0.35755364477894586,0.35755364477894586
1.0,0.101,2000.0,32.0,1.0,1040.25,0.04464753,0.101,1.561,1.9226147560682527,219.70849763123343,1.9226147560682527
1.0,0.101,2000.0,32.0,4.0,1040.25,0.04464753,0.101,1.561,1.9226147560682527,114.45325750423513,1.9226147560682527
1.0,0.101,2000.0,32.0,20.0,1040.25,0.04464753,0.101,1.561,1.9226147560682527,32.19475897494302,1.9226147560682527
1.0,0.101,2000.0,32.0,100.0,1040.25,0.04464753,0.101,1.561,1.9226147560682527,7.008701521961438,1.9226147560682527
1.0,0.101,2000.0,32.0,1000.0,1040.25,0.04464753,0.101,1.561,1.9226147560682527,0.7151072895578917,0.7151072895578917
1.0,0.101,10000.0,4.0,1.0,1040.25,0.04464753,0.101,1.561,9.613073780341264,27.46356220390418,9.613073780341264
1.0,0.101,10000.0,4.0,4.0,1040.25,0.04464753,0.101,1.561,9.613073780341264,14.30665718802939,9.613073780341264
1.0,0.101,10000.0,4.0,20.0,1040.25,0.04464753,0.101,1.561,9.613073780341264,4.024344871867878,4.024344871867878
1.0,0.101,10000.0,4.0,100.0,1040.25,0.04464753,0.101,1.561,9.613073780341264,0.8760876902451797,0.8760876902451797
1.0,0.101,10000.0,4.0,1000.0,1040.25,0.04464753,0.101,1.561,9.613073780341264,0.08938841119473646,0.08938841119473646
1.0,0.101,10000.0,8.0,1.0,1040.25,0.04464753,0.101,1.561,9.613073780341264,54.92712440780836,9.613073780341264
1.0,0.101,10000.0,8.0,4.0,1040.25,0.04464753,0.101,1.561,9.613073780341264,28.61331437605878,9.613073780341264
1.0,0.101,10000.0,8.0,20.0,1040.25,0.04464753,0.101,1.561,9.613073780341264,8.048689743735755,8.048689743735755
1.0,0.101,10000.0,8.0,100.0,1040.25,0.04464753,0.101,1.561,9.613073780341264,1.7521753804903595,1.7521753804903595
1.0,0.101,10000.0,8.0,1000.0,1040.25,0.04464753,0.101,1.561,9.613073780341264,0.17877682238947293,0.17877682238947293
1.0,0.101,10000.0,16.0,1.0,1040.25,0.04464753,0.101,1.561,9.613073780341264,109.85424881561671,9.613073780341264
1.0,0.101,10000.0,16.0,4.0,1040.25,0.04464753,0.101,1.561,9.613073780341264,57.22662875211756,9.613073780341264
1.0,0.101,10000.0,16.0,20.0,1040.25,0.04464753,0.101,1.561,9.613073780341264,16.09737948747151,9.613073780341264
1.0,0.101,10000.0,16.0,100.0,1040.25,0.04464753,0.101,1.561,9.613073780341264,3.504350760980719,3.504350760980719
1.0,0.101,10000.0,16.0,1000.0,1040.25,0.04464753,0.101,1.561,9.613073780341264,0.35755364477894586,0.35755364477894586
1.0,0.101,10000.0,32.0,1.0,1040.25,0.04464753,0.101,1.561,9.613073780341264,219.70849763123343,9.613073780341264
1.0,0.101,10000.0,32.0,4.0,1040.25,0.04464753,0.101,1.561,9.613073780341264,114.45325750423513,9.613073780341264
1.0,0.101,10000.0,32.0,20.0,1040.25,0.04464753,0.101,1.561,9.613073780341264,32.19475897494302,9.613073780341264
1.0,0.101,10000.0,32.0,100.0,1040.25,0.04464753,0.101,1.561,9.613073780341264,7.008701521961438,7.008701521961438
1.0,0.101,10000.0,32.0,1000.0,1040.25,0.04464753,0.101,1.561,9.613073780341264,0.7151072895578917,0.7151072895578917
1.0,0.101,25000.0,4.0,1.0,1040.25,0.04464753,0.101,1.561,24.03268445085316,27.46356220390418,24.03268445085316
1.0,0.101,25000.0,4.0,4.0,1040.25,0.04464753,0.101,1.561,24.03268445085316,14.30665718802939,14.30665718802939
1.0,0.101,25000.0,4.0,20.0,1040.25,0.04464753,0.101,1.561,24.03268445085316,4.024344871867878,4.024344871867878
1.0,0.101,25000.0,4.0,100.0,1040.25,0.04464753,0.101,1.561,24.03268445085316,0.8760876902451797,0.8760876902451797
1.0,0.101,25000.0,4.0,1000.0,1040.25,0.04464753,0.101,1.561,24.03268445085316,0.08938841119473646,0.08938841119473646
1.0,0.101,25000.0,8.0,1.0,1040.25,0.04464753,0.101,1.561,24.03268445085316,54.92712440780836,24.03268445085316
1.0,0.101,25000.0,8.0,4.0,1040.25,0.04464753,0.101,1.561,24.03268445085316,28.61331437605878,24.03268445085316
1.0,0.101,25000.0,8.0,20.0,1040.25,0.04464753,0.101,1.561,24.03268445085316,8.048689743735755,8.048689743735755
1.0,0.101,25000.0,8.0,100.0,1040.25,0.04464753,0.101,1.561,24.03268445085316,1.7521753804903595,1.7521753804903595
1.0,0.101,25000.0,8.0,1000.0,1040.25,0.04464753,0.101,1.561,24.03268445085316,0.17877682238947293,0.17877682238947293
1.0,0.101,25000.0,16.0,1.0,1040.25,0.04464753,0.101,1.561,24.03268445085316,109.85424881561671,24.03268445085316
1.0,0.101,25000.0,16.0,4.0,1040.25,0.04464753,0.101,1.561,24.03268445085316,57.22662875211756,24.03268445085316
1.0,0.101,25000.0,16.0,20.0,1040.25,0.04464753,0.101,1.561,24.03268445085316,16.09737948747151,16.09737948747151
1.0,0.101,25000.0,16.0,100.0,1040.25,0.04464753,0.101,1.561,24.03268445085316,3.504350760980719,3.504350760980719
1.0,0.101,25000.0,16.0,1000.0,1040.25,0.04464753,0.101,1.561,24.03268445085316,0.35755364477894586,0.35755364477894586
1.0,0.101,25000.0,32.0,1.0,1040.25,0.04464753,0.101,1.561,24.03268445085316,219.70849763123343,24.03268445085316
1.0,0.101,25000.0,32.0,4.0,1040.25,0.04464753,0.101,1.561,24.03268445085316,114.45325750423513,24.03268445085316
1.0,0.101,25000.0,32.0,20.0,1040.25,0.04464753,0.101,1.561,24.03268445085316,32.19475897494302,24.03268445085316
1.0,0.101,25000.0,32.0,100.0,1040.25,0.04464753,0.101,1.561,24.03268445085316,7.008701521961438,7.008701521961438
1.0,0.101,25000.0,32.0,1000.0,1040.25,0.04464753,0.101,1.561,24.03268445085316,0.7151072895578917,0.7151072895578917
1.0,0.101,100000.0,4.0,1.0,1040.25,0.04464753,0.101,1.561,96.13073780341264,27.46356220390418,27.46356220390418
1.0,0.101,100000.0,4.0,4.0,1040.25,0.04464753,0.101,1.561,96.13073780341264,14.30665718802939,14.30665718802939
1.0,0.101,100000.0,4.0,20.0,1040.25,0.04464753,0.101,1.561,96.13073780341264,4.024344871867878,4.024344871867878
1.0,0.101,100000.0,4.0,100.0,1040.25,0.04464753,0.101,1.561,96.13073780341264,0.8760876902451797,0.8760876902451797
1.0,0.101,100000.0,4.0,1000.0,1040.25,0.04464753,0.101,1.561,96.13073780341264,0.08938841119473646,0.08938841119473646
1.0,0.101,100000.0,8.0,1.0,1040.25,0.04464753,0.101,1.561,96.13073780341264,54.92712440780836,54.92712440780836
1.0,0.101,100000.0,8.0,4.0,1040.25,0.04464753,0.101,1.561,96.13073780341264,28.61331437605878,28.61331437605878
1.0,0.101,100000.0,8.0,20.0,1040.25,0.04464753,0.101,1.561,96.13073780341264,8.048689743735755,8.048689743735755
1.0,0.101,100000.0,8.0,100.0,1040.25,0.04464753,0.101,1.561,96.13073780341264,1.7521753804903595,1.7521753804903595
1.0,0.101,100000.0,8.0,1000.0,1040.25,0.04464753,0.101,1.561,96.13073780341264,0.17877682238947293,0.17877682238947293
1.0,0.101,100000.0,16.0,1.0,1040.25,0.04464753,0.101,1.561,96.13073780341264,109.85424881561671,96.13073780341264
1.0,0.101,100000.0,16.0,4.0,1040.25,0.04464753,0.101,1.561,96.13073780341264,57.22662875211756,57.22662875211756
1.0,0.101,100000.0,16.0,20.0,1040.25,0.04464753,0.101,1.561,96.13073780341264,16.09737948747151,16.09737948747151
1.0,0.101,100000.0,16.0,100.0,1040.25,0.04464753,0.101,1.561,96.13073780341264,3.504350760980719,3.504350760980719
1.0,0.101,100000.0,16.0,1000.0,1040.25,0.04464753,0.101,1.561,96.13073780341264,0.35755364477894586,0.35755364477894586
1.0,0.101,100000.0,32.0,1.0,1040.25,0.04464753,0.101,1.561,96.13073780341264,219.70849763123343,96.13073780341264
1.0,0.101,100000.0,32.0,4.0,1040.25,0.04464753,0.101,1.561,96.13073780341264,114.45325750423513,96.13073780341264
1.0,0.101,100000.0,32.0,20.0,1040.25,0.04464753,0.101,1.561,96.13073780341264,32.19475897494302,32.19475897494302
1.0,0.101,100000.0,32.0,100.0,1040.25,0.04464753,0.101,1.561,96.13073780341264,7.008701521961438,7.008701521961438
1.0,0.101,100000.0,32.0,1000.0,1040.25,0.04464753,0.101,1.561,96.13073780341264,0.7151072895578917,0.7151072895578917
1.0,0.101,250000.0,4.0,1.0,1040.25,0.04464753,0.101,1.561,240.3268445085316,27.46356220390418,27.46356220390418
1.0,0.101,250000.0,4.0,4.0,1040.25,0.04464753,0.101,1.561,240.3268445085316,14.30665718802939,14.30665718802939
1.0,0.101,250000.0,4.0,20.0,1040.25,0.04464753,0.101,1.561,240.3268445085316,4.024344871867878,4.024344871867878
1.0,0.101,250000.0,4.0,100.0,1040.25,0.04464753,0.101,1.561,240.3268445085316,0.8760876902451797,0.8760876902451797
1.0,0.101,250000.0,4.0,1000.0,1040.25,0.04464753,0.101,1.561,240.3268445085316,0.08938841119473646,0.08938841119473646
1.0,0.101,250000.0,8.0,1.0,1040.25,0.04464753,0.101,1.561,240.3268445085316,54.92712440780836,54.92712440780836
1.0,0.101,250000.0,8.0,4.0,1040.25,0.04464753,0.101,1.561,240.3268445085316,28.61331437605878,28.61331437605878
1.0,0.101,250000.0,8.0,20.0,1040.25,0.04464753,0.101,1.561,240.3268445085316,8.048689743735755,8.048689743735755
1.0,0.101,250000.0,8.0,100.0,1040.25,0.04464753,0.101,1.561,240.3268445085316,1.7521753804903595,1.7521753804903595
1.0,0.101,250000.0,8.0,1000.0,1040.25,0.04464753,0.101,1.561,240.3268445085316,0.17877682238947293,0.17877682238947293
1.0,0.101,250000.0,16.0,1.0,1040.25,0.04464753,0.101,1.561,240.3268445085316,109.85424881561671,109.85424881561671
1.0,0.101,250000.0,16.0,4.0,1040.25,0.04464753,0.101,1.561,240.3268445085316,57.22662875211756,57.22662875211756
1.0,0.101,250000.0,16.0,20.0,1040.25,0.04464753,0.101,1.561,240.3268445085316,16.09737948747151,16.09737948747151
1.0,0.101,250000.0,16.0,100.0,1040.25,0.04464753,0.101,1.561,240.3268445085316,3.504350760980719,3.504350760980719
1.0,0.101,250000.0,16.0,1000.0,1040.25,0.04464753,0.101,1.561,240.3268445085316,0.35755364477894586,0.35755364477894586
1.0,0.101,250000.0,32.0,1.0,1040.25,0.04464753,0.101,1.561,240.3268445085316,219.70849763123343,219.70849763123343
1.0,0.101,250000.0,32.0,4.0,1040.25,0.04464753,0.101,1.561,240.3268445085316,114.45325750423513,114.45325750423513
1.0,0.101,250000.0,32.0,20.0,1040.25,0.04464753,0.101,1.561,240.3268445085316,32.19475897494302,32.19475897494302
1.0,0.101,250000.0,32.0,100.0,1040.25,0.04464753,0.101,1.561,240.3268445085316,7.008701521961438,7.008701521961438
1.0,0.101,250000.0,32.0,1000.0,1040.25,0.04464753,0.101,1.561,240.3268445085316,0.7151072895578917,0.7151072895578917
1.0,0.19,2000.0,4.0,1.0,1040.25,0.04464753,0.19,1.561,1.9226147560682527,17.046844686581615,1.9226147560682527
1.0,0.19,2000.0,4.0,4.0,1040.25,0.04464753,0.19,1.561,1.9226147560682527,10.852162830626062,1.9226147560682527
1.0,0.19,2000.0,4.0,20.0,1040.25,0.04464753,0.19,1.561,1.9226147560682527,3.693612617232956,1.9226147560682527
1.0,0.19,2000.0,4.0,100.0,1040.25,0.04464753,0.19,1.561,1.9226147560682527,0.859336682311607,0.859336682311607
1.0,0.19,2000.0,4.0,1000.0,1040.25,0.04464753,0.19,1.561,1.9226147560682527,0.08921098017665113,0.08921098017665113
1.0,0.19,2000.0,8.0,1.0,1040.25,0.04464753,0.19,1.561,1.9226147560682527,34.09368937316323,1.9226147560682527
1.0,0.19,2000.0,8.0,4.0,1040.25,0.04464753,0.19,1.561,1.9226147560682527,21.704325661252124,1.9226147560682527
1.0,0.19,2000.0,8.0,20.0,1040.25,0.04464753,0.19,1.561,1.9226147560682527,7.387225234465912,1.9226147560682527
1.0,0.19,2000.0,8.0,100.0,1040.25,0.04464753,0.19,1.561,1.9226147560682527,1.718673364623214,1.718673364623214
1.0,0.19,2000.0,8.0,1000.0,1040.25,0.04464753,0.19,1.561,1.9226147560682527,0.17842196035330227,0.17842196035330227
1.0,0.19,2000.0,16.0,1.0,1040.25,0.04464753,0.19,1.561,1.9226147560682527,68.18737874632646,1.9226147560682527
1.0,0.19,2000.0,16.0,4.0,1040.25,0.04464753,0.19,1.561,1.9226147560682527,43.40865132250425,1.9226147560682527
1.0,0.19,2000.0,16.0,20.0,1040.25,0.04464753,0.19,1.561,1.9226147560682527,14.774450468931825,1.9226147560682527
1.0,0.19,2000.0,16.0,100.0,1040.25,0.04464753,0.19,1.561,1.9226147560682527,3.437346729246428,1.9226147560682527
1.0,0.19,2000.0,16.0,1000.0,1040.25,0.04464753,0.19,1.561,1.9226147560682527,0.35684392070660453,0.35684392070660453
1.0,0.19,2000.0,32.0,1.0,1040.25,0.04464753,0.19,1.561,1.9226147560682527,136.37475749265292,1.9226147560682527
1.0,0.19,2000.0,32.0,4.0,1040.25,0.04464753,0.19,1.561,1.9226147560682527,86.8173026450085,1.9226147560682527
1.0,0.19,2000.0,32.0,20.0,1040.25,0.04464753,0.19,1.561,1.9226147560682527,29.54890093786365,1.9226147560682527
1.0,0.19,2000.0,32.0,100.0,1040.25,0.04464753,0.19,1.561,1.9226147560682527,6.874693458492856,1.9226147560682527
1.0,0.19,2000.0,32.0,1000.0,1040.25,0.04464753,0.19,1.561,1.9226147560682527,0.7136878414132091,0.7136878414132091
1.0,0.19,10000.0,4.0,1.0,1040.25,0.04464753,0.19,1.561,9.613073780341264,17.046844686581615,9.613073780341264
1.0,0.19,10000.0,4.0,4.0,1040.25,0.04464753,0.19,1.561,9.613073780341264,10.852162830626062,9.613073780341264
1.0,0.19,10000.0,4.0,20.0,1040.25,0.04464753,0.19,1.561,9.613073780341264,3.693612617232956,3.693612617232956
1.0,0.19,10000.0,4.0,100.0,1040.25,0.04464753,0.19,1.561,9.613073780341264,0.859336682311607,0.859336682311607
1.0,0.19,10000.0,4.0,1000.0,1040.25,0.04464753,0.19,1.561,9.613073780341264,0.08921098017665113,0.08921098017665113
1.0,0.19,10000.0,8.0,1.0,1040.25,0.04464753,0.19,1.561,9.613073780341264,34.09368937316323,9.613073780341264
1.0,0.19,10000.0,8.0,4.0,1040.25,0.04464753,0.19,1.561,9.613073780341264,21.704325661252124,9.613073780341264
1.0,0.19,10000.0,8.0,20.0,1040.25,0.04464753,0.19,1.561,9.613073780341264,7.387225234465912,7.387225234465912
1.0,0.19,10000.0,8.0,100.0,1040.25,0.04464753,0.19,1.561,9.613073780341264,1.718673364623214,1.718673364623214
1.0,0.19,10000.0,8.0,1000.0,1040.25,0.04464753,0.19,1.561,9.613073780341264,0.17842196035330227,0.17842196035330227
1.0,0.19,10000.0,16.0,1.0,1040.25,0.04464753,0.19,1.561,9.613073780341264,68.18737874632646,9.613073780341264
1.0,0.19,10000.0,16.0,4.0,1040.25,0.04464753,0.19,1.561,9.613073780341264,43.40865132250425,9.613073780341264
1.0,0.19,10000.0,16.0,20.0,1040.25,0.04464753,0.19,1.561,9.613073780341264,14.774450468931825,9.613073780341264
1.0,0.19,10000.0,16.0,100.0,1040.25,0.04464753,0.19,1.561,9.613073780341264,3.437346729246428,3.437346729246428
1.0,0.19,10000.0,16.0,1000.0,1040.25,0.04464753,0.19,1.561,9.613073780341264,0.35684392070660453,0.35684392070660453
1.0,0.19,10000.0,32.0,1.0,1040.25,0.04464753,0.19,1.561,9.613073780341264,136.37475749265292,9.613073780341264
1.0,0.19,10000.0,32.0,4.0,1040.25,0.04464753,0.19,1.561,9.613073780341264,86.8173026450085,9.613073780341264
1.0,0.19,10000.0,32.0,20.0,1040.25,0.04464753,0.19,1.561,9.613073780341264,29.54890093786365,9.613073780341264
1.0,0.19,10000.0,32.0,100.0,1040.25,0.04464753,0.19,1.561,9.613073780341264,6.874693458492856,6.874693458492856
1.0,0.19,10000.0,32.0,1000.0,1040.25,0.04464753,0.19,1.561,9.613073780341264,0.7136878414132091,0.7136878414132091
1.0,0.19,25000.0,4.0,1.0,1040.25,0.04464753,0.19,1.561,24.03268445085316,17.046844686581615,17.046844686581615
1.0,0.19,25000.0,4.0,4.0,1040.25,0.04464753,0.19,1.561,24.03268445085316,10.852162830626062,10.852162830626062
1.0,0.19,25000.0,4.0,20.0,1040.25,0.04464753,0.19,1.561,24.03268445085316,3.693612617232956,3.693612617232956
1.0,0.19,25000.0,4.0,100.0,1040.25,0.04464753,0.19,1.561,24.03268445085316,0.859336682311607,0.859336682311607
1.0,0.19,25000.0,4.0,1000.0,1040.25,0.04464753,0.19,1.561,24.03268445085316,0.08921098017665113,0.08921098017665113
1.0,0.19,25000.0,8.0,1.0,1040.25,0.04464753,0.19,1.561,24.03268445085316,34.09368937316323,24.03268445085316
1.0,0.19,25000.0,8.0,4.0,1040.25,0.04464753,0.19,1.561,24.03268445085316,21.704325661252124,21.704325661252124
1.0,0.19,25000.0,8.0,20.0,1040.25,0.04464753,0.19,1.561,24.03268445085316,7.387225234465912,7.387225234465912
1.0,0.19,25000.0,8.0,100.0,1040.25,0.04464753,0.19,1.561,24.03268445085316,1.718673364623214,1.718673364623214
1.0,0.19,25000.0,8.0,1000.0,1040.25,0.04464753,0.19,1.561,24.03268445085316,0.17842196035330227,0.17842196035330227
1.0,0.19,25000.0,16.0,1.0,1040.25,0.04464753,0.19,1.561,24.03268445085316,68.18737874632646,24.03268445085316
1.0,0.19,25000.0,16.0,4.0,1040.25,0.04464753,0.19,1.561,24.03268445085316,43.40865132250425,24.03268445085316
1.0,0.19,25000.0,16.0,20.0,1040.25,0.04464753,0.19,1.561,24.03268445085316,14.774450468931825,14.774450468931825
1.0,0.19,25000.0,16.0,100.0,1040.25,0.04464753,0.19,1.561,24.03268445085316,3.437346729246428,3.437346729246428
1.0,0.19,25000.0,16.0,1000.0,1040.25,0.04464753,0.19,1.561,24.03268445085316,0.35684392070660453,0.35684392070660453
1.0,0.19,25000.0,32.0,1.0,1040.25,0.04464753,0.19,1.561,24.03268445085316,136.37475749265292,24.03268445085316
1.0,0.19,25000.0,32.0,4.0,1040.25,0.04464753,0.19,1.561,24.03268445085316,86.8173026450085,24.03268445085316
1.0,0.19,25000.0,32.0,20.0,1040.25,0.04464753,0.19,1.561,24.03268445085316,29.54890093786365,24.03268445085316
1.0,0.19,25000.0,32.0,100.0,1040.25,0.04464753,0.19,1.561,24.03268445085316,6.874693458492856,6.874693458492856
1.0,0.19,25000.0,32.0,1000.0,1040.25,0.04464753,0.19,1.561,24.03268445085316,0.7136878414132091,0.7136878414132091
1.0,0.19,100000.0,4.0,1.0,1040.25,0.04464753,0.19,1.561,96.13073780341264,17.046844686581615,17.046844686581615
1.0,0.19,100000.0,4.0,4.0,1040.25,0.04464753,0.19,1.561,96.13073780341264,10.852162830626062,10.852162830626062
1.0,0.19,100000.0,4.0,20.0,1040.25,0.04464753,0.19,1.561,96.13073780341264,3.693612617232956,3.693612617232956
1.0,0.19,100000.0,4.0,100.0,1040.25,0.04464753,0.19,1.561,96.13073780341264,0.859336682311607,0.859336682311607
1.0,0.19,100000.0,4.0,1000.0,1040.25,0.04464753,0.19,1.561,96.13073780341264,0.08921098017665113,0.08921098017665113
1.0,0.19,100000.0,8.0,1.0,1040.25,0.04464753,0.19,1.561,96.13073780341264,34.09368937316323,34.09368937316323
1.0,0.19,100000.0,8.0,4.0,1040.25,0.04464753,0.19,1.561,96.13073780341264,21.704325661252124,21.704325661252124
1.0,0.19,100000.0,8.0,20.0,1040.25,0.04464753,0.19,1.561,96.13073780341264,7.387225234465912,7.387225234465912
1.0,0.19,100000.0,8.0,100.0,1040.25,0.04464753,0.19,1.561,96.13073780341264,1.718673364623214,1.718673364623214
1.0,0.19,100000.0,8.0,1000.0,1040.25,0.04464753,0.19,1.561,96.13073780341264,0.17842196035330227,0.17842196035330227
1.0,0.19,100000.0,16.0,1.0,1040.25,0.04464753,0.19,1.561,96.13073780341264,68.18737874632646,68.18737874632646
1.0,0.19,100000.0,16.0,4.0,1040.25,0.04464753,0.19,1.561,96.13073780341264,43.40865132250425,43.40865132250425
1.0,0.19,100000.0,16.0,20.0,1040.25,0.04464753,0.19,1.561,96.13073780341264,14.774450468931825,14.774450468931825
1.0,0.19,100000.0,16.0,100.0,1040.25,0.04464753,0.19,1.561,96.13073780341264,3.437346729246428,3.437346729246428
1.0,0.19,100000.0,16.0,1000.0,1040.25,0.04464753,0.19,1.561,96.13073780341264,0.35684392070660453,0.35684392070660453
1.0,0.19,100000.0,32.0,1.0,1040.25,0.04464753,0.19,1.561,96.13073780341264,136.37475749265292,96.13073780341264
1.0,0.19,100000.0,32.0,4.0,1040.25,0.04464753,0.19,1.561,96.13073780341264,86.8173026450085,86.8173026450085
1.0,0.19,100000.0,32.0,20.0,1040.25,0.04464753,0.19,1.561,96.13073780341264,29.54890093786365,29.54890093786365
1.0,0.19,100000.0,32.0,100.0,1040.25,0.04464753,0.19,1.561,96.13073780341264,6.874693458492856,6.874693458492856
1.0,0.19,100000.0,32.0,1000.0,1040.25,0.04464753,0.19,1.561,96.13073780341264,0.7136878414132091,0.7136878414132091
1.0,0.19,250000.0,4.0,1.0,1040.25,0.04464753,0.19,1.561,240.3268445085316,17.046844686581615,17.046844686581615
1.0,0.19,250000.0,4.0,4.0,1040.25,0.04464753,0.19,1.561,240.3268445085316,10.852162830626062,10.852162830626062
1.0,0.19,250000.0,4.0,20.0,1040.25,0.04464753,0.19,1.561,240.3268445085316,3.693612617232956,3.693612617232956
1.0,0.19,250000.0,4.0,100.0,1040.25,0.04464753,0.19,1.561,240.3268445085316,0.859336682311607,0.859336682311607
1.0,0.19,250000.0,4.0,1000.0,1040.25,0.04464753,0.19,1.561,240.3268445085316,0.08921098017665113,0.08921098017665113
1.0,0.19,250000.0,8.0,1.0,1040.25,0.04464753,0.19,1.561,240.3268445085316,34.09368937316323,34.09368937316323
1.0,0.19,250000.0,8.0,4.0,1040.25,0.04464753,0.19,1.561,240.3268445085316,21.704325661252124,21.704325661252124
1.0,0.19,250000.0,8.0,20.0,1040.25,0.04464753,0.19,1.561,240.3268445085316,7.387225234465912,7.387225234465912
1.0,0.19,250000.0,8.0,100.0,1040.25,0.04464753,0.19,1.561,240.3268445085316,1.718673364623214,1.718673364623214
1.0,0.19,250000.0,8.0,1000.0,1040.25,0.04464753,0.19,1.561,240.3268445085316,0.17842196035330227,0.17842196035330227
1.0,0.19,250000.0,16.0,1.0,1040.25,0.04464753,0.19,1.561,240.3268445085316,68.18737874632646,68.18737874632646
1.0,0.19,250000.0,16.0,4.0,1040.25,0.04464753,0.19,1.561,240.3268445085316,43.40865132250425,43.40865132250425
1.0,0.19,250000.0,16.0,20.0,1040.25,0.04464753,0.19,1.561,240.3268445085316,14.774450468931825,14.774450468931825
1.0,0.19,250000.0,16.0,100.0,1040.25,0.04464753,0.19,1.561,240.3268445085316,3.437346729246428,3.437346729246428
1.0,0.19,250000.0,16.0,1000.0,1040.25,0.04464753,0.19,1.561,240.3268445085316,0.35684392070660453,0.35684392070660453
1.0,0.19,250000.0,32.0,1.0,1040.25,0.04464753,0.19,1.561,240.3268445085316,136.37475749265292,136.37475749265292
1.0,0.19,250000.0,32.0,4.0,1040.25,0.04464753,0.19,1.561,240.3268445085316,86.8173026450085,86.8173026450085
1.0,0.19,250000.0,32.0,20.0,1040.25,0.04464753,0.19,1.561,240.3268445085316,29.54890093786365,29.54890093786365
1.0,0.19,250000.0,32.0,100.0,1040.25,0.04464753,0.19,1.561,240.3268445085316,6.874693458492856,6.874693458492856
1.0,0.19,250000.0,32.0,1000.0,1040.25,0.04464753,0.19,1.561,240.3268445085316,0.7136878414132091,0.7136878414132091
6.0,0.092,2000.0,4.0,1.0,1040.25,0.007441255,0.015333333333333332,0.26016666666666666,11.535688536409516,175.63434919021222,11.535688536409516
6.0,0.092,2000.0,4.0,4.0,1040.25,0.007441255,0.015333333333333332,0.26016666666666666,11.535688536409516,88.69503439371697,11.535688536409516
6.0,0.092,2000.0,4.0,20.0,1040.25,0.007441255,0.015333333333333332,0.26016666666666666,11.535688536409516,24.366704279382134,11.535688536409516
6.0,0.092,2000.0,4.0,100.0,1040.25,0.007441255,0.015333333333333332,0.26016666666666666,11.535688536409516,5.266908256822347,5.266908256822347
6.0,0.092,2000.0,4.0,1000.0,1040.25,0.007441255,0.015333333333333332,0.26016666666666666,11.535688536409516,0.5364383577565522,0.5364383577565522
6.0,0.092,2000.0,8.0,1.0,1040.25,0.007441255,0.015333333333333332,0.26016666666666666,11.535688536409516,351.26869838042444,11.535688536409516
6.0,0.092,2000.0,8.0,4.0,1040.25,0.007441255,0.015333333333333332,0.26016666666666666,11.535688536409516,177.39006878743393,11.535688536409516
6.0,0.092,2000.0,8.0,20.0,1040.25,0.007441255,0.015333333333333332,0.26016666666666666,11.535688536409516,48.73340855876427,11.535688536409516
6.0,0.092,2000.0,8.0,100.0,1040.25,0.007441255,0.015333333333333332,0.26016666666666666,11.535688536409516,10.533816513644695,10.533816513644695
6.0,0.092,2000.0,8.0,1000.0,1040.25,0.007441255,0.015333333333333332,0.26016666666666666,11.535688536409516,1.0728767155131045,1.0728767155131045
6.0,0.092,2000.0,16.0,1.0,1040.25,0.007441255,0.015333333333333332,0.26016666666666666,11.535688536409516,702.5373967608489,11.535688536409516
6.0,0.092,2000.0,16.0,4.0,1040.25,0.007441255,0.015333333333333332,0.26016666666666666,11.535688536409516,354.78013757486787,11.535688536409516
6.0,0.092,2000.0,16.0,20.0,1040.25,0.007441255,0.015333333333333332,0.26016666666666666,11.535688536409516,97.46681711752854,11.535688536409516
6.0,0.092,2000.0,16.0,100.0,1040.25,0.007441255,0.015333333333333332,0.26016666666666666,11.535688536409516,21.06763302728939,11.535688536409516
6.0,0.092,2000.0,16.0,1000.0,1040.25,0.007441255,0.015333333333333332,0.26016666666666666,11.535688536409516,2.145753431026209,2.145753431026209
6.0,0.092,2000.0,32.0,1.0,1040.25,0.007441255,0.015333333333333332,0.26016666666666666,11.535688536409516,1405.0747935216978,11.535688536409516
6.0,0.092,2000.0,32.0,4.0,1040.25,0.007441255,0.015333333333333332,0.26016666666666666,11.535688536409516,709.5602751497357,11.535688536409516
6.0,0.092,2000.0,32.0,20.0,1040.25,0.007441255,0.015333333333333332,0.26016666666666666,11.535688536409516,194.93363423505707,11.535688536409516
6.0,0.092,2000.0,32.0,100.0,1040.25,0.007441255,0.015333333333333332,0.26016666666666666,11.535688536409516,42.13526605457878,11.535688536409516
6.0,0.092,2000.0,32.0,1000.0,1040.25,0.007441255,0.015333333333333332,0.26016666666666666,11.535688536409516,4.291506862052418,4.291506862052418
6.0,0.092,10000.0,4.0,1.0,1040.25,0.007441255,0.015333333333333332,0.26016666666666666,57.67844268204758,175.63434919021222,57.67844268204758
6.0,0.092,10000.0,4.0,4.0,1040.25,0.007441255,0.015333333333333332,0.26016666666666666,57.67844268204758,88.69503439371697,57.67844268204758
6.0,0.092,10000.0,4.0,20.0,1040.25,0.007441255,0.015333333333333332,0.26016666666666666,57.67844268204758,24.366704279382134,24.366704279382134
6.0,0.092,10000.0,4.0,100.0,1040.25,0.007441255,0.015333333333333332,0.26016666666666666,57.67844268204758,5.266908256822347,5.266908256822347
6.0,0.092,10000.0,4.0,1000.0,1040.25,0.007441255,0.015333333333333332,0.26016666666666666,57.67844268204758,0.5364383577565522,0.5364383577565522
6.0,0.092,10000.0,8.0,1.0,1040.25,0.007441255,0.015333333333333332,0.26016666666666666,57.67844268204758,351.26869838042444,57.67844268204758
6.0,0.092,10000.0,8.0,4.0,1040.25,0.007441255,0.015333333333333332,0.26016666666666666,57.67844268204758,177.39006878743393,57.67844268204758
6.0,0.092,10000.0,8.0,20.0,1040.25,0.007441255,0.015333333333333332,0.26016666666666666,57.67844268204758,48.73340855876427,48.73340855876427
6.0,0.092,10000.0,8.0,100.0,1040.25,0.007441255,0.015333333333333332,0.26016666666666666,57.67844268204758,10.533816513644695,10.533816513644695
6.0,0.092,10000.0,8.0,1000.0,1040.25,0.007441255,0.015333333333333332,0.26016666666666666,57.67844268204758,1.0728767155131045,1.0728767155131045
6.0,0.092,10000.0,16.0,1.0,1040.25,0.007441255,0.015333333333333332,0.26016666666666666,57.67844268204758,702.5373967608489,57.67844268204758
6.0,0.092,10000.0,16.0,4.0,1040.25,0.007441255,0.015333333333333332,0.26016666666666666,57.67844268204758,354.78013757486787,57.67844268204758
6.0,0.092,10000.0,16.0,20.0,1040.25,0.007441255,0.015333333333333332,0.26016666666666666,57.67844268204758,97.46681711752854,57.67844268204758
6.0,0.092,10000.0,16.0,100.0,1040.25,0.007441255,0.015333333333333332,0.26016666666666666,57.67844268204758,21.06763302728939,21.06763302728939
6.0,0.092,10000.0,16.0,1000.0,1040.25,0.007441255,0.015333333333333332,0.26016666666666666,57.67844268204758,2.145753431026209,2.145753431026209
6.0,0.092,10000.0,32.0,1.0,1040.25,0.007441255,0.015333333333333332,0.26016666666666666,57.67844268204758,1405.0747935216978,57.67844268204758
6.0,0.092,10000.0,32.0,4.0,1040.25,0.007441255,0.015333333333333332,0.26016666666666666,57.67844268204758,709.5602751497357,57.67844268204758
6.0,0.092,10000.0,32.0,20.0,1040.25,0.007441255,0.015333333333333332,0.26016666666666666,57.67844268204758,194.93363423505707,57.67844268204758
6.0,0.092,10000.0,32.0,100.0,1040.25,0.007441255,0.015333333333333332,0.26016666666666666,57.67844268204758,42.13526605457878,42.13526605457878
6.0,0.092,10000.0,32.0,1000.0,1040.25,0.007441255,0.015333333333333332,0.26016666666666666,57.67844268204758,4.291506862052418,4.291506862052418
6.0,0.092,25000.0,4.0,1.0,1040.25,0.007441255,0.015333333333333332,0.26016666666666666,144.19610670511895,175.63434919021222,144.19610670511895
6.0,0.092,25000.0,4.0,4.0,1040.25,0.007441255,0.015333333333333332,0.26016666666666666,144.19610670511895,88.69503439371697,88.69503439371697
6.0,0.092,25000.0,4.0,20.0,1040.25,0.007441255,0.015333333333333332,0.26016666666666666,144.19610670511895,24.366704279382134,24.366704279382134
6.0,0.092,25000.0,4.0,100.0,1040.25,0.007441255,0.015333333333333332,0.26016666666666666,144.19610670511895,5.266908256822347,5.266908256822347
6.0,0.092,25000.0,4.0,1000.0,1040.25,0.007441255,0.015333333333333332,0.26016666666666666,144.19610670511895,0.5364383577565522,0.5364383577565522
6.0,0.092,25000.0,8.0,1.0,1040.25,0.007441255,0.015333333333333332,0.26016666666666666,144.19610670511895,351.26869838042444,144.19610670511895
6.0,0.092,25000.0,8.0,4.0,1040.25,0.007441255,0.015333333333333332,0.26016666666666666,144.19610670511895,177.39006878743393,144.19610670511895
6.0,0.092,25000.0,8.0,20.0,1040.25,0.007441255,0.015333333333333332,0.26016666666666666,144.19610670511895,48.73340855876427,48.73340855876427
6.0,0.092,25000.0,8.0,100.0,1040.25,0.007441255,0.015333333333333332,0.26016666666666666,144.19610670511895,10.533816513644695,10.533816513644695
6.0,0.092,25000.0,8.0,1000.0,1040.25,0.007441255,0.015333333333333332,0.26016666666666666,144.19610670511895,1.0728767155131045,1.0728767155131045
6.0,0.092,25000.0,16.0,1.0,1040.25,0.007441255,0.015333333333333332,0.26016666666666666,144.19610670511895,702.5373967608489,144.19610670511895
6.0,0.092,25000.0,16.0,4.0,1040.25,0.007441255,0.015333333333333332,0.26016666666666666,144.19610670511895,354.78013757486787,144.19610670511895
6.0,0.092,25000.0,16.0,20.0,1040.25,0.007441255,0.015333333333333332,0.26016666666666666,144.19610670511895,97.46681711752854,97.46681711752854
6.0,0.092,25000.0,16.0,100.0,1040.25,0.007441255,0.015333333333333332,0.26016666666666666,144.19610670511895,21.06763302728939,21.06763302728939
6.0,0.092,25000.0,16.0,1000.0,1040.25,0.007441255,0.015333333333333332,0.26016666666666666,144.19610670511895,2.145753431026209,2.145753431026209
6.0,0.092,25000.0,32.0,1.0,1040.25,0.007441255,0.015333333333333332,0.26016666666666666,144.19610670511895,1405.0747935216978,144.19610670511895
6.0,0.092,25000.0,32.0,4.0,1040.25,0.007441255,0.015333333333333332,0.26016666666666666,144.19610670511895,709.5602751497357,144.19610670511895
6.0,0.092,25000.0,32.0,20.0,1040.25,0.007441255,0.015333333333333332,0.26016666666666666,144.19610670511895,194.93363423505707,144.19610670511895
6.0,0.092,25000.0,32.0,100.0,1040.25,0.007441255,0.015333333333333332,0.26016666666666666,144.19610670511895,42.13526605457878,42.13526605457878
6.0,0.092,25000.0,32.0,1000.0,1040.25,0.007441255,0.015333333333333332,0.26016666666666666,144.19610670511895,4.291506862052418,4.291506862052418
6.0,0.092,100000.0,4.0,1.0,1040.25,0.007441255,0.015333333333333332,0.26016666666666666,576.7844268204758,175.63434919021222,175.63434919021222
6.0,0.092,100000.0,4.0,4.0,1040.25,0.007441255,0.015333333333333332,0.26016666666666666,576.7844268204758,88.69503439371697,88.69503439371697
6.0,0.092,100000.0,4.0,20.0,1040.25,0.007441255,0.015333333333333332,0.26016666666666666,576.7844268204758,24.366704279382134,24.366704279382134
6.0,0.092,100000.0,4.0,100.0,1040.25,0.007441255,0.015333333333333332,0.26016666666666666,576.7844268204758,5.266908256822347,5.266908256822347
6.0,0.092,100000.0,4.0,1000.0,1040.25,0.007441255,0.015333333333333332,0.26016666666666666,576.7844268204758,0.5364383577565522,0.5364383577565522
6.0,0.092,100000.0,8.0,1.0,1040.25,0.007441255,0.015333333333333332,0.26016666666666666,576.7844268204758,351.26869838042444,351.26869838042444
6.0,0.092,100000.0,8.0,4.0,1040.25,0.007441255,0.015333333333333332,0.26016666666666666,576.7844268204758,177.39006878743393,177.39006878743393
6.0,0.092,100000.0,8.0,20.0,1040.25,0.007441255,0.015333333333333332,0.26016666666666666,576.7844268204758,48.73340855876427,48.73340855876427
6.0,0.092,100000.0,8.0,100.0,1040.25,0.007441255,0.015333333333333332,0.26016666666666666,576.7844268204758,10.533816513644695,10.533816513644695
6.0,0.092,100000.0,8.0,1000.0,1040.25,0.007441255,0.015333333333333332,0.26016666666666666,576.7844268204758,1.0728767155131045,1.0728767155131045
6.0,0.092,100000.0,16.0,1.0,1040.25,0.007441255,0.015333333333333332,0.26016666666666666,576.7844268204758,702.5373967608489,576.7844268204758
6.0,0.092,100000.0,16.0,4.0,1040.25,0.007441255,0.015333333333333332,0.26016666666666666,576.7844268204758,354.78013757486787,354.78013757486787
6.0,0.092,100000.0,16.0,20.0,1040.25,0.007441255,0.015333333333333332,0.26016666666666666,576.7844268204758,97.46681711752854,97.46681711752854
6.0,0.092,100000.0,16.0,100.0,1040.25,0.007441255,0.015333333333333332,0.26016666666666666,576.7844268204758,21.06763302728939,21.06763302728939
6.0,0.092,100000.0,16.0,1000.0,1040.25,0.007441255,0.015333333333333332,0.26016666666666666,576.7844268204758,2.145753431026209,2.145753431026209
6.0,0.092,100000.0,32.0,1.0,1040.25,0.007441255,0.015333333333333332,0.26016666666666666,576.7844268204758,1405.0747935216978,576.7844268204758
6.0,0.092,100000.0,32.0,4.0,1040.25,0.007441255,0.015333333333333332,0.26016666666666666,576.7844268204758,709.5602751497357,576.7844268204758
6.0,0.092,100000.0,32.0,20.0,1040.25,0.007441255,0.015333333333333332,0.26016666666666666,576.7844268204758,194.93363423505707,194.93363423505707
6.0,0.092,100000.0,32.0,100.0,1040.25,0.007441255,0.015333333333333332,0.26016666666666666,576.7844268204758,42.13526605457878,42.13526605457878
6.0,0.092,100000.0,32.0,1000.0,1040.25,0.007441255,0.015333333333333332,0.26016666666666666,576.7844268204758,4.291506862052418,4.291506862052418
6.0,0.092,250000.0,4.0,1.0,1040.25,0.007441255,0.015333333333333332,0.26016666666666666,1441.9610670511897,175.63434919021222,175.63434919021222
6.0,0.092,250000.0,4.0,4.0,1040.25,0.007441255,0.015333333333333332,0.26016666666666666,1441.9610670511897,88.69503439371697,88.69503439371697
6.0,0.092,250000.0,4.0,20.0,1040.25,0.007441255,0.015333333333333332,0.26016666666666666,1441.9610670511897,24.366704279382134,24.366704279382134
6.0,0.092,250000.0,4.0,100.0,1040.25,0.007441255,0.015333333333333332,0.26016666666666666,1441.9610670511897,5.266908256822347,5.266908256822347
6.0,0.092,250000.0,4.0,1000.0,1040.25,0.007441255,0.015333333333333332,0.26016666666666666,1441.9610670511897,0.5364383577565522,0.5364383577565522
6.0,0.092,250000.0,8.0,1.0,1040.25,0.007441255,0.015333333333333332,0.26016666666666666,1441.9610670511897,351.26869838042444,351.26869838042444
6.0,0.092,250000.0,8.0,4.0,1040.25,0.007441255,0.015333333333333332,0.26016666666666666,1441.9610670511897,177.39006878743393,177.39006878743393
6.0,0.092,250000.0,8.0,20.0,1040.25,0.007441255,0.015333333333333332,0.26016666666666666,1441.9610670511897,48.73340855876427,48.73340855876427
6.0,0.092,250000.0,8.0,100.0,1040.25,0.007441255,0.015333333333333332,0.26016666666666666,1441.9610670511897,10.533816513644695,10.533816513644695
6.0,0.092,250000.0,8.0,1000.0,1040.25,0.007441255,0.015333333333333332,0.26016666666666666,1441.9610670511897,1.0728767155131045,1.0728767155131045
6.0,0.092,250000.0,16.0,1.0,1040.25,0.007441255,0.015333333333333332,0.26016666666666666,1441.9610670511897,702.5373967608489,702.5373967608489
6.0,0.092,250000.0,16.0,4.0,1040.25,0.007441255,0.015333333333333332,0.26016666666666666,1441.9610670511897,354.78013757486787,354.78013757486787
6.0,0.092,250000.0,16.0,20.0,1040.25,0.007441255,0.015333333333333332,0.26016666666666666,1441.9610670511897,97.46681711752854,97.46681711752854
6.0,0.092,250000.0,16.0,100.0,1040.25,0.007441255,0.015333333333333332,0.26016666666666666,1441.9610670511897,21.06763302728939,21.06763302728939
6.0,0.092,250000.0,16.0,1000.0,1040.25,0.007441255,0.015333333333333332,0.26016666666666666,1441.9610670511897,2.145753431026209,2.145753431026209
6.0,0.092,250000.0,32.0,1.0,1040.25,0.007441255,0.015333333333333332,0.26016666666666666,1441.9610670511897,1405.0747935216978,1405.0747935216978
6.0,0.092,250000.0,32.0,4.0,1040.25,0.007441255,0.015333333333333332,0.26016666666666666,1441.9610670511897,709.5602751497357,709.5602751497357
6.0,0.092,250000.0,32.0,20.0,1040.25,0.007441255,0.015333333333333332,0.26016666666666666,1441.9610670511897,194.93363423505707,194.93363423505707
6.0,0.092,250000.0,32.0,100.0,1040.25,0.007441255,0.015333333333333332,0.26016666666666666,1441.9610670511897,42.13526605457878,42.13526605457878
6.0,0.092,250000.0,32.0,1000.0,1040.25,0.007441255,0.015333333333333332,0.26016666666666666,1441.9610670511897,4.291506862052418,4.291506862052418
6.0,0.101,2000.0,4.0,1.0,1040.25,0.007441255,0.016833333333333336,0.26016666666666666,11.535688536409516,164.78137322342505,11.535688536409516
6.0,0.101,2000.0,4.0,4.0,1040.25,0.007441255,0.016833333333333336,0.26016666666666666,11.535688536409516,85.83994312817634,11.535688536409516
6.0,0.101,2000.0,4.0,20.0,1040.25,0.007441255,0.016833333333333336,0.26016666666666666,11.535688536409516,24.146069231207267,11.535688536409516
6.0,0.101,2000.0,4.0,100.0,1040.25,0.007441255,0.016833333333333336,0.26016666666666666,11.535688536409516,5.256526141471078,5.256526141471078
6.0,0.101,2000.0,4.0,1000.0,1040.25,0.007441255,0.016833333333333336,0.26016666666666666,11.535688536409516,0.5363304671684187,0.5363304671684187
6.0,0.101,2000.0,8.0,1.0,1040.25,0.007441255,0.016833333333333336,0.26016666666666666,11.535688536409516,329.5627464468501,11.535688536409516
6.0,0.101,2000.0,8.0,4.0,1040.25,0.007441255,0.016833333333333336,0.26016666666666666,11.535688536409516,171.6798862563527,11.535688536409516
6.0,0.101,2000.0,8.0,20.0,1040.25,0.007441255,0.016833333333333336,0.26016666666666666,11.535688536409516,48.292138462414535,11.535688536409516
6.0,0.101,2000.0,8.0,100.0,1040.25,0.007441255,0.016833333333333336,0.26016666666666666,11.535688536409516,10.513052282942157,10.513052282942157
6.0,0.101,2000.0,8.0,1000.0,1040.25,0.007441255,0.016833333333333336,0.26016666666666666,11.535688536409516,1.0726609343368374,1.0726609343368374
6.0,0.101,2000.0,16.0,1.0,1040.25,0.007441255,0.016833333333333336,0.26016666666666666,11.535688536409516,659.1254928937002,11.535688536409516
6.0,0.101,2000.0,16.0,4.0,1040.25,0.007441255,0.016833333333333336,0.26016666666666666,11.535688536409516,343.3597725127054,11.535688536409516
6.0,0.101,2000.0,16.0,20.0,1040.25,0.007441255,0.016833333333333336,0.26016666666666666,11.535688536409516,96.58427692482907,11.535688536409516
6.0,0.101,2000.0,16.0,100.0,1040.25,0.007441255,0.016833333333333336,0.26016666666666666,11.535688536409516,21.026104565884314,11.535688536409516
6.0,0.101,2000.0,16.0,1000.0,1040.25,0.007441255,0.016833333333333336,0.26016666666666666,11.535688536409516,2.145321868673675,2.145321868673675
6.0,0.101,2000.0,32.0,1.0,1040.25,0.007441255,0.016833333333333336,0.26016666666666666,11.535688536409516,1318.2509857874004,11.535688536409516
6.0,0.101,2000.0,32.0,4.0,1040.25,0.007441255,0.016833333333333336,0.26016666666666666,11.535688536409516,686.7195450254108,11.535688536409516
6.0,0.101,2000.0,32.0,20.0,1040.25,0.007441255,0.016833333333333336,0.26016666666666666,11.535688536409516,193.16855384965814,11.535688536409516
6.0,0.101,2000.0,32.0,100.0,1040.25,0.007441255,0.016833333333333336,0.26016666666666666,11.535688536409516,42.05220913176863,11.535688536409516
6.0,0.101,2000.0,32.0,1000.0,1040.25,0.007441255,0.016833333333333336,0.26016666666666666,11.535688536409516,4.29064373734735,4.29064373734735
6.0,0.101,10000.0,4.0,1.0,1040.25,0.007441255,0.016833333333333336,0.26016666666666666,57.67844268204758,164.78137322342505,57.67844268204758
6.0,0.101,10000.0,4.0,4.0,1040.25,0.007441255,0.016833333333333336,0.26016666666666666,57.67844268204758,85.83994312817634,57.67844268204758
6.0,0.101,10000.0,4.0,20.0,1040.25,0.007441255,0.016833333333333336,0.26016666666666666,57.67844268204758,24.146069231207267,24.146069231207267
6.0,0.101,10000.0,4.0,100.0,1040.25,0.007441255,0.016833333333333336,0.26016666666666666,57.67844268204758,5.256526141471078,5.256526141471078
6.0,0.101,10000.0,4.0,1000.0,1040.25,0.007441255,0.016833333333333336,0.26016666666666666,57.67844268204758,0.5363304671684187,0.5363304671684187
6.0,0.101,10000.0,8.0,1.0,1040.25,0.007441255,0.016833333333333336,0.26016666666666666,57.67844268204758,329.5627464468501,57.67844268204758
6.0,0.101,10000.0,8.0,4.0,1040.25,0.007441255,0.016833333333333336,0.26016666666666666,57.67844268204758,171.6798862563527,57.67844268204758
6.0,0.101,10000.0,8.0,20.0,1040.25,0.007441255,0.016833333333333336,0.26016666666666666,57.67844268204758,48.292138462414535,48.292138462414535
6.0,0.101,10000.0,8.0,100.0,1040.25,0.007441255,0.016833333333333336,0.26016666666666666,57.67844268204758,10.513052282942157,10.513052282942157
6.0,0.101,10000.0,8.0,1000.0,1040.25,0.007441255,0.016833333333333336,0.26016666666666666,57.67844268204758,1.0726609343368374,1.0726609343368374
6.0,0.101,10000.0,16.0,1.0,1040.25,0.007441255,0.016833333333333336,0.26016666666666666,57.67844268204758,659.1254928937002,57.67844268204758
6.0,0.101,10000.0,16.0,4.0,1040.25,0.007441255,0.016833333333333336,0.26016666666666666,57.67844268204758,343.3597725127054,57.67844268204758
6.0,0.101,10000.0,16.0,20.0,1040.25,0.007441255,0.016833333333333336,0.26016666666666666,57.67844268204758,96.58427692482907,57.67844268204758
6.0,0.101,10000.0,16.0,100.0,1040.25,0.007441255,0.016833333333333336,0.26016666666666666,57.67844268204758,21.026104565884314,21.026104565884314
6.0,0.101,10000.0,16.0,1000.0,1040.25,0.007441255,0.016833333333333336,0.26016666666666666,57.67844268204758,2.145321868673675,2.145321868673675
6.0,0.101,10000.0,32.0,1.0,1040.25,0.007441255,0.016833333333333336,0.26016666666666666,57.67844268204758,1318.2509857874004,57.67844268204758
6.0,0.101,10000.0,32.0,4.0,1040.25,0.007441255,0.016833333333333336,0.26016666666666666,57.67844268204758,686.7195450254108,57.67844268204758
6.0,0.101,10000.0,32.0,20.0,1040.25,0.007441255,0.016833333333333336,0.26016666666666666,57.67844268204758,193.16855384965814,57.67844268204758
6.0,0.101,10000.0,32.0,100.0,1040.25,0.007441255,0.016833333333333336,0.26016666666666666,57.67844268204758,42.05220913176863,42.05220913176863
6.0,0.101,10000.0,32.0,1000.0,1040.25,0.007441255,0.016833333333333336,0.26016666666666666,57.67844268204758,4.29064373734735,4.29064373734735
6.0,0.101,25000.0,4.0,1.0,1040.25,0.007441255,0.016833333333333336,0.26016666666666666,144.19610670511895,164.78137322342505,144.19610670511895
6.0,0.101,25000.0,4.0,4.0,1040.25,0.007441255,0.016833333333333336,0.26016666666666666,144.19610670511895,85.83994312817634,85.83994312817634
6.0,0.101,25000.0,4.0,20.0,1040.25,0.007441255,0.016833333333333336,0.26016666666666666,144.19610670511895,24.146069231207267,24.146069231207267
6.0,0.101,25000.0,4.0,100.0,1040.25,0.007441255,0.016833333333333336,0.26016666666666666,144.19610670511895,5.256526141471078,5.256526141471078
6.0,0.101,25000.0,4.0,1000.0,1040.25,0.007441255,0.016833333333333336,0.26016666666666666,144.19610670511895,0.5363304671684187,0.5363304671684187
6.0,0.101,25000.0,8.0,1.0,1040.25,0.007441255,0.016833333333333336,0.26016666666666666,144.19610670511895,329.5627464468501,144.19610670511895
6.0,0.101,25000.0,8.0,4.0,1040.25,0.007441255,0.016833333333333336,0.26016666666666666,144.19610670511895,171.6798862563527,144.19610670511895
6.0,0.101,25000.0,8.0,20.0,1040.25,0.007441255,0.016833333333333336,0.26016666666666666,144.19610670511895,48.292138462414535,48.292138462414535
6.0,0.101,25000.0,8.0,100.0,1040.25,0.007441255,0.016833333333333336,0.26016666666666666,144.19610670511895,10.513052282942157,10.513052282942157
6.0,0.101,25000.0,8.0,1000.0,1040.25,0.007441255,0.016833333333333336,0.26016666666666666,144.19610670511895,1.0726609343368374,1.0726609343368374
6.0,0.101,25000.0,16.0,1.0,1040.25,0.007441255,0.016833333333333336,0.26016666666666666,144.19610670511895,659.1254928937002,144.19610670511895
6.0,0.101,25000.0,16.0,4.0,1040.25,0.007441255,0.016833333333333336,0.26016666666666666,144.19610670511895,343.3597725127054,144.19610670511895
6.0,0.101,25000.0,16.0,20.0,1040.25,0.007441255,0.016833333333333336,0.26016666666666666,144.19610670511895,96.58427692482907,96.58427692482907
6.0,0.101,25000.0,16.0,100.0,1040.25,0.007441255,0.016833333333333336,0.26016666666666666,144.19610670511895,21.026104565884314,21.026104565884314
6.0,0.101,25000.0,16.0,1000.0,1040.25,0.007441255,0.016833333333333336,0.26016666666666666,144.19610670511895,2.145321868673675,2.145321868673675
6.0,0.101,25000.0,32.0,1.0,1040.25,0.007441255,0.016833333333333336,0.26016666666666666,144.19610670511895,1318.2509857874004,144.19610670511895
6.0,0.101,25000.0,32.0,4.0,1040.25,0.007441255,0.016833333333333336,0.26016666666666666,144.19610670511895,686.7195450254108,144.19610670511895
6.0,0.101,25000.0,32.0,20.0,1040.25,0.007441255,0.016833333333333336,0.26016666666666666,144.19610670511895,193.16855384965814,144.19610670511895
6.0,0.101,25000.0,32.0,100.0,1040.25,0.007441255,0.016833333333333336,0.26016666666666666,144.19610670511895,42.05220913176863,42.05220913176863
6.0,0.101,25000.0,32.0,1000.0,1040.25,0.007441255,0.016833333333333336,0.26016666666666666,144.19610670511895,4.29064373734735,4.29064373734735
6.0,0.101,100000.0,4.0,1.0,1040.25,0.007441255,0.016833333333333336,0.26016666666666666,576.7844268204758,164.78137322342505,164.78137322342505
6.0,0.101,100000.0,4.0,4.0,1040.25,0.007441255,0.016833333333333336,0.26016666666666666,576.7844268204758,85.83994312817634,85.83994312817634
6.0,0.101,100000.0,4.0,20.0,1040.25,0.007441255,0.016833333333333336,0.26016666666666666,576.7844268204758,24.146069231207267,24.146069231207267
6.0,0.101,100000.0,4.0,100.0,1040.25,0.007441255,0.016833333333333336,0.26016666666666666,576.7844268204758,5.256526141471078,5.256526141471078
6.0,0.101,100000.0,4.0,1000.0,1040.25,0.007441255,0.016833333333333336,0.26016666666666666,576.7844268204758,0.5363304671684187,0.5363304671684187
6.0,0.101,100000.0,8.0,1.0,1040.25,0.007441255,0.016833333333333336,0.26016666666666666,576.7844268204758,329.5627464468501,329.5627464468501
6.0,0.101,100000.0,8.0,4.0,1040.25,0.007441255,0.016833333333333336,0.26016666666666666,576.7844268204758,171.6798862563527,171.6798862563527
6.0,0.101,100000.0,8.0,20.0,1040.25,0.007441255,0.016833333333333336,0.26016666666666666,576.7844268204758,48.292138462414535,48.292138462414535
6.0,0.101,100000.0,8.0,100.0,1040.25,0.007441255,0.016833333333333336,0.26016666666666666,576.7844268204758,10.513052282942157,10.513052282942157
6.0,0.101,100000.0,8.0,1000.0,1040.25,0.007441255,0.016833333333333336,0.26016666666666666,576.7844268204758,1.0726609343368374,1.0726609343368374
6.0,0.101,100000.0,16.0,1.0,1040.25,0.007441255,0.016833333333333336,0.26016666666666666,576.7844268204758,659.1254928937002,576.7844268204758
6.0,0.101,100000.0,16.0,4.0,1040.25,0.007441255,0.016833333333333336,0.26016666666666666,576.7844268204758,343.3597725127054,343.3597725127054
6.0,0.101,100000.0,16.0,20.0,1040.25,0.007441255,0.016833333333333336,0.26016666666666666,576.7844268204758,96.58427692482907,96.58427692482907
6.0,0.101,100000.0,16.0,100.0,1040.25,0.007441255,0.016833333333333336,0.26016666666666666,576.7844268204758,21.026104565884314,21.026104565884314
6.0,0.101,100000.0,16.0,1000.0,1040.25,0.007441255,0.016833333333333336,0.26016666666666666,576.7844268204758,2.145321868673675,2.145321868673675
6.0,0.101,100000.0,32.0,1.0,1040.25,0.007441255,0.016833333333333336,0.26016666666666666,576.7844268204758,1318.2509857874004,576.7844268204758
6.0,0.101,100000.0,32.0,4.0,1040.25,0.007441255,0.016833333333333336,0.26016666666666666,576.7844268204758,686.7195450254108,576.7844268204758
6.0,0.101,100000.0,32.0,20.0,1040.25,0.007441255,0.016833333333333336,0.26016666666666666,576.7844268204758,193.16855384965814,193.16855384965814
6.0,0.101,100000.0,32.0,100.0,1040.25,0.007441255,0.016833333333333336,0.26016666666666666,576.7844268204758,42.05220913176863,42.05220913176863
6.0,0.101,100000.0,32.0,1000.0,1040.25,0.007441255,0.016833333333333336,0.26016666666666666,576.7844268204758,4.29064373734735,4.29064373734735
6.0,0.101,250000.0,4.0,1.0,1040.25,0.007441255,0.016833333333333336,0.26016666666666666,1441.9610670511897,164.78137322342505,164.78137322342505
6.0,0.101,250000.0,4.0,4.0,1040.25,0.007441255,0.016833333333333336,0.26016666666666666,1441.9610670511897,85.83994312817634,85.83994312817634
6.0,0.101,250000.0,4.0,20.0,1040.25,0.007441255,0.016833333333333336,0.26016666666666666,1441.9610670511897,24.146069231207267,24.146069231207267
6.0,0.101,250000.0,4.0,100.0,1040.25,0.007441255,0.016833333333333336,0.26016666666666666,1441.9610670511897,5.256526141471078,5.256526141471078
6.0,0.101,250000.0,4.0,1000.0,1040.25,0.007441255,0.016833333333333336,0.26016666666666666,1441.9610670511897,0.5363304671684187,0.5363304671684187
6.0,0.101,250000.0,8.0,1.0,1040.25,0.007441255,0.016833333333333336,0.26016666666666666,1441.9610670511897,329.5627464468501,329.5627464468501
6.0,0.101,250000.0,8.0,4.0,1040.25,0.007441255,0.016833333333333336,0.26016666666666666,1441.9610670511897,171.6798862563527,171.6798862563527
6.0,0.101,250000.0,8.0,20.0,1040.25,0.007441255,0.016833333333333336,0.26016666666666666,1441.9610670511897,48.292138462414535,48.292138462414535
6.0,0.101,250000.0,8.0,100.0,1040.25,0.007441255,0.016833333333333336,0.26016666666666666,1441.9610670511897,10.513052282942157,10.513052282942157
6.0,0.101,250000.0,8.0,1000.0,1040.25,0.007441255,0.016833333333333336,0.26016666666666666,1441.9610670511897,1.0726609343368374,1.0726609343368374
6.0,0.101,250000.0,16.0,1.0,1040.25,0.007441255,0.016833333333333336,0.26016666666666666,1441.9610670511897,659.1254928937002,659.1254928937002
6.0,0.101,250000.0,16.0,4.0,1040.25,0.007441255,0.016833333333333336,0.26016666666666666,1441.9610670511897,343.3597725127054,343.3597725127054
6.0,0.101,250000.0,16.0,20.0,1040.25,0.007441255,0.016833333333333336,0.26016666666666666,1441.9610670511897,96.58427692482907,96.58427692482907
6.0,0.101,250000.0,16.0,100.0,1040.25,0.007441255,0.016833333333333336,0.26016666666666666,1441.9610670511897,21.026104565884314,21.026104565884314
6.0,0.101,250000.0,16.0,1000.0,1040.25,0.007441255,0.016833333333333336,0.26016666666666666,1441.9610670511897,2.145321868673675,2.145321868673675
6.0,0.101,250000.0,32.0,1.0,1040.25,0.007441255,0.016833333333333336,0.26016666666666666,1441.9610670511897,1318.2509857874004,1318.2509857874004
6.0,0.101,250000.0,32.0,4.0,1040.25,0.007441255,0.016833333333333336,0.26016666666666666,1441.9610670511897,686.7195450254108,686.7195450254108
6.0,0.101,250000.0,32.0,20.0,1040.25,0.007441255,0.016833333333333336,0.26016666666666666,1441.9610670511897,193.16855384965814,193.16855384965814
6.0,0.101,250000.0,32.0,100.0,1040.25,0.007441255,0.016833333333333336,0.26016666666666666,1441.9610670511897,42.05220913176863,42.05220913176863
6.0,0.101,250000.0,32.0,1000.0,1040.25,0.007441255,0.016833333333333336,0.26016666666666666,1441.9610670511897,4.29064373734735,4.29064373734735
6.0,0.19,2000.0,4.0,1.0,1040.25,0.007441255,0.03166666666666667,0.26016666666666666,11.535688536409516,102.28106811948967,11.535688536409516
6.0,0.19,2000.0,4.0,4.0,1040.25,0.007441255,0.03166666666666667,0.26016666666666666,11.535688536409516,65.11297698375637,11.535688536409516
6.0,0.19,2000.0,4.0,20.0,1040.25,0.007441255,0.03166666666666667,0.26016666666666666,11.535688536409516,22.161675703397737,11.535688536409516
6.0,0.19,2000.0,4.0,100.0,1040.25,0.007441255,0.03166666666666667,0.26016666666666666,11.535688536409516,5.1560200938696426,5.1560200938696426
6.0,0.19,2000.0,4.0,1000.0,1040.25,0.007441255,0.03166666666666667,0.26016666666666666,11.535688536409516,0.5352658810599068,0.5352658810599068
6.0,0.19,2000.0,8.0,1.0,1040.25,0.007441255,0.03166666666666667,0.26016666666666666,11.535688536409516,204.56213623897935,11.535688536409516
6.0,0.19,2000.0,8.0,4.0,1040.25,0.007441255,0.03166666666666667,0.26016666666666666,11.535688536409516,130.22595396751274,11.535688536409516
6.0,0.19,2000.0,8.0,20.0,1040.25,0.007441255,0.03166666666666667,0.26016666666666666,11.535688536409516,44.323351406795474,11.535688536409516
6.0,0.19,2000.0,8.0,100.0,1040.25,0.007441255,0.03166666666666667,0.26016666666666666,11.535688536409516,10.312040187739285,10.312040187739285
6.0,0.19,2000.0,8.0,1000.0,1040.25,0.007441255,0.03166666666666667,0.26016666666666666,11.535688536409516,1.0705317621198136,1.0705317621198136
6.0,0.19,2000.0,16.0,1.0,1040.25,0.007441255,0.03166666666666667,0.26016666666666666,11.535688536409516,409.1242724779587,11.535688536409516
6.0,0.19,2000.0,16.0,4.0,1040.25,0.007441255,0.03166666666666667,0.26016666666666666,11.535688536409516,260.4519079350255,11.535688536409516
6.0,0.19,2000.0,16.0,20.0,1040.25,0.007441255,0.03166666666666667,0.26016666666666666,11.535688536409516,88.64670281359095,11.535688536409516
6.0,0.19,2000.0,16.0,100.0,1040.25,0.007441255,0.03166666666666667,0.26016666666666666,11.535688536409516,20.62408037547857,11.535688536409516
6.0,0.19,2000.0,16.0,1000.0,1040.25,0.007441255,0.03166666666666667,0.26016666666666666,11.535688536409516,2.141063524239627,2.141063524239627
6.0,0.19,2000.0,32.0,1.0,1040.25,0.007441255,0.03166666666666667,0.26016666666666666,11.535688536409516,818.2485449559174,11.535688536409516
6.0,0.19,2000.0,32.0,4.0,1040.25,0.007441255,0.03166666666666667,0.26016666666666666,11.535688536409516,520.903815870051,11.535688536409516
6.0,0.19,2000.0,32.0,20.0,1040.25,0.007441255,0.03166666666666667,0.26016666666666666,11.535688536409516,177.2934056271819,11.535688536409516
6.0,0.19,2000.0,32.0,100.0,1040.25,0.007441255,0.03166666666666667,0.26016666666666666,11.535688536409516,41.24816075095714,11.535688536409516
6.0,0.19,2000.0,32.0,1000.0,1040.25,0.007441255,0.03166666666666667,0.26016666666666666,11.535688536409516,4.282127048479254,4.282127048479254
6.0,0.19,10000.0,4.0,1.0,1040.25,0.007441255,0.03166666666666667,0.26016666666666666,57.67844268204758,102.28106811948967,57.67844268204758
6.0,0.19,10000.0,4.0,4.0,1040.25,0.007441255,0.03166666666666667,0.26016666666666666,57.67844268204758,65.11297698375637,57.67844268204758
6.0,0.19,10000.0,4.0,20.0,1040.25,0.007441255,0.03166666666666667,0.26016666666666666,57.67844268204758,22.161675703397737,22.161675703397737
6.0,0.19,10000.0,4.0,100.0,1040.25,0.007441255,0.03166666666666667,0.26016666666666666,57.67844268204758,5.1560200938696426,5.1560200938696426
6.0,0.19,10000.0,4.0,1000.0,1040.25,0.007441255,0.03166666666666667,0.26016666666666666,57.67844268204758,0.5352658810599068,0.5352658810599068
6.0,0.19,10000.0,8.0,1.0,1040.25,0.007441255,0.03166666666666667,0.26016666666666666,57.67844268204758,204.56213623897935,57.67844268204758
6.0,0.19,10000.0,8.0,4.0,1040.25,0.007441255,0.03166666666666667,0.26016666666666666,57.67844268204758,130.22595396751274,57.67844268204758
6.0,0.19,10000.0,8.0,20.0,1040.25,0.007441255,0.03166666666666667,0.26016666666666666,57.67844268204758,44.323351406795474,44.323351406795474
6.0,0.19,10000.0,8.0,100.0,1040.25,0.007441255,0.03166666666666667,0.26016666666666666,57.67844268204758,10.312040187739285,10.312040187739285
6.0,0.19,10000.0,8.0,1000.0,1040.25,0.007441255,0.03166666666666667,0.26016666666666666,57.67844268204758,1.0705317621198136,1.0705317621198136
6.0,0.19,10000.0,16.0,1.0,1040.25,0.007441255,0.03166666666666667,0.26016666666666666,57.67844268204758,409.1242724779587,57.67844268204758
6.0,0.19,10000.0,16.0,4.0,1040.25,0.007441255,0.03166666666666667,0.26016666666666666,57.67844268204758,260.4519079350255,57.67844268204758
6.0,0.19,10000.0,16.0,20.0,1040.25,0.007441255,0.03166666666666667,0.26016666666666666,57.67844268204758,88.64670281359095,57.67844268204758
6.0,0.19,10000.0,16.0,100.0,1040.25,0.007441255,0.03166666666666667,0.26016666666666666,57.67844268204758,20.62408037547857,20.62408037547857
6.0,0.19,10000.0,16.0,1000.0,1040.25,0.007441255,0.03166666666666667,0.26016666666666666,57.67844268204758,2.141063524239627,2.141063524239627
6.0,0.19,10000.0,32.0,1.0,1040.25,0.007441255,0.03166666666666667,0.26016666666666666,57.67844268204758,818.2485449559174,57.67844268204758
6.0,0.19,10000.0,32.0,4.0,1040.25,0.007441255,0.03166666666666667,0.26016666666666666,57.67844268204758,520.903815870051,57.67844268204758
6.0,0.19,10000.0,32.0,20.0,1040.25,0.007441255,0.03166666666666667,0.26016666666666666,57.67844268204758,177.2934056271819,57.67844268204758
6.0,0.19,10000.0,32.0,100.0,1040.25,0.007441255,0.03166666666666667,0.26016666666666666,57.67844268204758,41.24816075095714,41.24816075095714
6.0,0.19,10000.0,32.0,1000.0,1040.25,0.007441255,0.03166666666666667,0.26016666666666666,57.67844268204758,4.282127048479254,4.282127048479254
6.0,0.19,25000.0,4.0,1.0,1040.25,0.007441255,0.03166666666666667,0.26016666666666666,144.19610670511895,102.28106811948967,102.28106811948967
6.0,0.19,25000.0,4.0,4.0,1040.25,0.007441255,0.03166666666666667,0.26016666666666666,144.19610670511895,65.11297698375637,65.11297698375637
6.0,0.19,25000.0,4.0,20.0,1040.25,0.007441255,0.03166666666666667,0.26016666666666666,144.19610670511895,22.161675703397737,22.161675703397737
6.0,0.19,25000.0,4.0,100.0,1040.25,0.007441255,0.03166666666666667,0.26016666666666666,144.19610670511895,5.1560200938696426,5.1560200938696426
6.0,0.19,25000.0,4.0,1000.0,1040.25,0.007441255,0.03166666666666667,0.26016666666666666,144.19610670511895,0.5352658810599068,0.5352658810599068
6.0,0.19,25000.0,8.0,1.0,1040.25,0.007441255,0.03166666666666667,0.26016666666666666,144.19610670511895,204.56213623897935,144.19610670511895
6.0,0.19,25000.0,8.0,4.0,1040.25,0.007441255,0.03166666666666667,0.26016666666666666,144.19610670511895,130.22595396751274,130.22595396751274
6.0,0.19,25000.0,8.0,20.0,1040.25,0.007441255,0.03166666666666667,0.26016666666666666,144.19610670511895,44.323351406795474,44.323351406795474
6.0,0.19,25000.0,8.0,100.0,1040.25,0.007441255,0.03166666666666667,0.26016666666666666,144.19610670511895,10.312040187739285,10.312040187739285
6.0,0.19,25000.0,8.0,1000.0,1040.25,0.007441255,0.03166666666666667,0.26016666666666666,144.19610670511895,1.0705317621198136,1.0705317621198136
6.0,0.19,25000.0,16.0,1.0,1040.25,0.007441255,0.03166666666666667,0.26016666666666666,144.19610670511895,409.1242724779587,144.19610670511895
6.0,0.19,25000.0,16.0,4.0,1040.25,0.007441255,0.03166666666666667,0.26016666666666666,144.19610670511895,260.4519079350255,144.19610670511895
6.0,0.19,25000.0,16.0,20.0,1040.25,0.007441255,0.03166666666666667,0.26016666666666666,144.19610670511895,88.64670281359095,88.64670281359095
6.0,0.19,25000.0,16.0,100.0,1040.25,0.007441255,0.03166666666666667,0.26016666666666666,144.19610670511895,20.62408037547857,20.62408037547857
6.0,0.19,25000.0,16.0,1000.0,1040.25,0.007441255,0.03166666666666667,0.26016666666666666,144.19610670511895,2.141063524239627,2.141063524239627
6.0,0.19,25000.0,32.0,1.0,1040.25,0.007441255,0.03166666666666667,0.26016666666666666,144.19610670511895,818.2485449559174,144.19610670511895
6.0,0.19,25000.0,32.0,4.0,1040.25,0.007441255,0.03166666666666667,0.26016666666666666,144.19610670511895,520.903815870051,144.19610670511895
6.0,0.19,25000.0,32.0,20.0,1040.25,0.007441255,0.03166666666666667,0.26016666666666666,144.19610670511895,177.2934056271819,144.19610670511895
6.0,0.19,25000.0,32.0,100.0,1040.25,0.007441255,0.03166666666666667,0.26016666666666666,144.19610670511895,41.24816075095714,41.24816075095714
6.0,0.19,25000.0,32.0,1000.0,1040.25,0.007441255,0.03166666666666667,0.26016666666666666,144.19610670511895,4.282127048479254,4.282127048479254
6.0,0.19,100000.0,4.0,1.0,1040.25,0.007441255,0.03166666666666667,0.26016666666666666,576.7844268204758,102.28106811948967,102.28106811948967
6.0,0.19,100000.0,4.0,4.0,1040.25,0.007441255,0.03166666666666667,0.26016666666666666,576.7844268204758,65.11297698375637,65.11297698375637
6.0,0.19,100000.0,4.0,20.0,1040.25,0.007441255,0.03166666666666667,0.26016666666666666,576.7844268204758,22.161675703397737,22.161675703397737
6.0,0.19,100000.0,4.0,100.0,1040.25,0.007441255,0.03166666666666667,0.26016666666666666,576.7844268204758,5.1560200938696426,5.1560200938696426
6.0,0.19,100000.0,4.0,1000.0,1040.25,0.007441255,0.03166666666666667,0.26016666666666666,576.7844268204758,0.5352658810599068,0.5352658810599068
6.0,0.19,100000.0,8.0,1.0,1040.25,0.007441255,0.03166666666666667,0.26016666666666666,576.7844268204758,204.56213623897935,204.56213623897935
6.0,0.19,100000.0,8.0,4.0,1040.25,0.007441255,0.03166666666666667,0.26016666666666666,576.7844268204758,130.22595396751274,130.22595396751274
6.0,0.19,100000.0,8.0,20.0,1040.25,0.007441255,0.03166666666666667,0.26016666666666666,576.7844268204758,44.323351406795474,44.323351406795474
6.0,0.19,100000.0,8.0,100.0,1040.25,0.007441255,0.03166666666666667,0.26016666666666666,576.7844268204758,10.312040187739285,10.312040187739285
6.0,0.19,100000.0,8.0,1000.0,1040.25,0.007441255,0.03166666666666667,0.26016666666666666,576.7844268204758,1.0705317621198136,1.0705317621198136
6.0,0.19,100000.0,16.0,1.0,1040.25,0.007441255,0.03166666666666667,0.26016666666666666,576.7844268204758,409.1242724779587,409.1242724779587
6.0,0.19,100000.0,16.0,4.0,1040.25,0.007441255,0.03166666666666667,0.26016666666666666,576.7844268204758,260.4519079350255,260.4519079350255
6.0,0.19,100000.0,16.0,20.0,1040.25,0.007441255,0.03166666666666667,0.26016666666666666,576.7844268204758,88.64670281359095,88.64670281359095
6.0,0.19,100000.0,16.0,100.0,1040.25,0.007441255,0.03166666666666667,0.26016666666666666,576.7844268204758,20.62408037547857,20.62408037547857
6.0,0.19,100000.0,16.0,1000.0,1040.25,0.007441255,0.03166666666666667,0.26016666666666666,576.7844268204758,2.141063524239627,2.141063524239627
6.0,0.19,100000.0,32.0,1.0,1040.25,0.007441255,0.03166666666666667,0.26016666666666666,576.7844268204758,818.2485449559174,576.7844268204758
6.0,0.19,100000.0,32.0,4.0,1040.25,0.007441255,0.03166666666666667,0.26016666666666666,576.7844268204758,520.903815870051,520.903815870051
6.0,0.19,100000.0,32.0,20.0,1040.25,0.007441255,0.03166666666666667,0.26016666666666666,576.7844268204758,177.2934056271819,177.2934056271819
6.0,0.19,100000.0,32.0,100.0,1040.25,0.007441255,0.03166666666666667,0.26016666666666666,576.7844268204758,41.24816075095714,41.24816075095714
6.0,0.19,100000.0,32.0,1000.0,1040.25,0.007441255,0.03166666666666667,0.26016666666666666,576.7844268204758,4.282127048479254,4.282127048479254
6.0,0.19,250000.0,4.0,1.0,1040.25,0.007441255,0.03166666666666667,0.26016666666666666,1441.9610670511897,102.28106811948967,102.28106811948967
6.0,0.19,250000.0,4.0,4.0,1040.25,0.007441255,0.03166666666666667,0.26016666666666666,1441.9610670511897,65.11297698375637,65.11297698375637
6.0,0.19,250000.0,4.0,20.0,1040.25,0.007441255,0.03166666666666667,0.26016666666666666,1441.9610670511897,22.161675703397737,22.161675703397737
6.0,0.19,250000.0,4.0,100.0,1040.25,0.007441255,0.03166666666666667,0.26016666666666666,1441.9610670511897,5.1560200938696426,5.1560200938696426
6.0,0.19,250000.0,4.0,1000.0,1040.25,0.007441255,0.03166666666666667,0.26016666666666666,1441.9610670511897,0.5352658810599068,0.5352658810599068
6.0,0.19,250000.0,8.0,1.0,1040.25,0.007441255,0.03166666666666667,0.26016666666666666,1441.9610670511897,204.56213623897935,204.56213623897935
6.0,0.19,250000.0,8.0,4.0,1040.25,0.007441255,0.03166666666666667,0.26016666666666666,1441.9610670511897,130.22595396751274,130.22595396751274
6.0,0.19,250000.0,8.0,20.0,1040.25,0.007441255,0.03166666666666667,0.26016666666666666,1441.9610670511897,44.323351406795474,44.323351406795474
6.0,0.19,250000.0,8.0,100.0,1040.25,0.007441255,0.03166666666666667,0.26016666666666666,1441.9610670511897,10.312040187739285,10.312040187739285
6.0,0.19,250000.0,8.0,1000.0,1040.25,0.007441255,0.03166666666666667,0.26016666666666666,1441.9610670511897,1.0705317621198136,1.0705317621198136
6.0,0.19,250000.0,16.0,1.0,1040.25,0.007441255,0.03166666666666667,0.26016666666666666,1441.9610670511897,409.1242724779587,409.1242724779587
6.0,0.19,250000.0,16.0,4.0,1040.25,0.007441255,0.03166666666666667,0.26016666666666666,1441.9610670511897,260.4519079350255,260.4519079350255
6.0,0.19,250000.0,16.0,20.0,1040.25,0.007441255,0.03166666666666667,0.26016666666666666,1441.9610670511897,88.64670281359095,88.64670281359095
6.0,0.19,250000.0,16.0,100.0,1040.25,0.007441255,0.03166666666666667,0.26016666666666666,1441.9610670511897,20.62408037547857,20.62408037547857
6.0,0.19,250000.0,16.0,1000.0,1040.25,0.007441255,0.03166666666666667,0.26016666666666666,1441.9610670511897,2.141063524239627,2.141063524239627
6.0,0.19,250000.0,32.0,1.0,1040.25,0.007441255,0.03166666666666667,0.26016666666666666,1441.9610670511897,818.2485449559174,818.2485449559174
6.0,0.19,250000.0,32.0,4.0,1040.25,0.007441255,0.03166666666666667,0.26016666666666666,1441.9610670511897,520.903815870051,520.903815870051
6.0,0.19,250000.0,32.0,20.0,1040.25,0.007441255,0.03166666666666667,0.26016666666666666,1441.9610670511897,177.2934056271819,177.2934056271819
6.0,0.19,250000.0,32.0,100.0,1040.25,0.007441255,0.03166666666666667,0.26016666666666666,1441.9610670511897,41.24816075095714,41.24816075095714
6.0,0.19,250000.0,32.0,1000.0,1040.25,0.007441255,0.03166666666666667,0.26016666666666666,1441.9610670511897,4.282127048479254,4.282127048479254
