h,a,k,delta,r,p,Fs,fc1_particion_exacta,fc3_exacta,coste_trabajo
0.1000,0.1000,1,0.01,0.0166667,0.5000,100.0,0.8461744973,0.003656640547,1.01
0.1000,0.1000,1,0.01,0.0166667,0.5000,1000.0,0.1916320419,0.003656640547,1.01
0.1000,0.1000,1,0.01,0.0166667,0.5000,10000.0,6.800643599e-08,0.003656640547,1.01
0.1000,0.1000,1,0.01,0.0166667,0.5000,inf,0,0.003656640547,1.01
0.1000,0.1000,1,0.01,0.0166667,0.9000,100.0,0.8475519163,0.002034773831,1.01
0.1000,0.1000,1,0.01,0.0166667,0.9000,1000.0,0.1919439842,0.002034773831,1.01
0.1000,0.1000,1,0.01,0.0166667,0.9000,10000.0,6.81171382e-08,0.002034773831,1.01
0.1000,0.1000,1,0.01,0.0166667,0.9000,inf,0,0.002034773831,1.01
0.1000,0.1000,1,0.01,0.1,0.5000,100.0,0.3671192366,0.02163314154,1.01
0.1000,0.1000,1,0.01,0.1,0.5000,1000.0,4.952862972e-05,0.02163314154,1.01
0.1000,0.1000,1,0.01,0.1,0.5000,10000.0,0,0.02163314154,1.01
0.1000,0.1000,1,0.01,0.1,0.5000,inf,0,0.02163314154,1.01
0.1000,0.1000,1,0.01,0.1,0.9000,100.0,0.3706832559,0.01213508755,1.01
0.1000,0.1000,1,0.01,0.1,0.9000,1000.0,5.000945712e-05,0.01213508755,1.01
0.1000,0.1000,1,0.01,0.1,0.9000,10000.0,0,0.01213508755,1.01
0.1000,0.1000,1,0.01,0.1,0.9000,inf,0,0.01213508755,1.01
0.1000,0.1000,1,0.01,1,0.5000,100.0,4.494654341e-05,0.187838852,1.01
0.1000,0.1000,1,0.01,1,0.5000,1000.0,0,0.187838852,1.01
0.1000,0.1000,1,0.01,1,0.5000,10000.0,0,0.187838852,1.01
0.1000,0.1000,1,0.01,1,0.5000,inf,0,0.187838852,1.01
0.1000,0.1000,1,0.01,1,0.9000,100.0,4.904064979e-05,0.1138604348,1.01
0.1000,0.1000,1,0.01,1,0.9000,1000.0,0,0.1138604348,1.01
0.1000,0.1000,1,0.01,1,0.9000,10000.0,0,0.1138604348,1.01
0.1000,0.1000,1,0.01,1,0.9000,inf,0,0.1138604348,1.01
0.1000,0.1000,1,0.1,0.0166667,0.5000,100.0,0.8578175128,0.003358239641,1.1
0.1000,0.1000,1,0.1,0.0166667,0.5000,1000.0,0.2193689519,0.003358239641,1.1
0.1000,0.1000,1,0.1,0.0166667,0.5000,10000.0,2.624083577e-07,0.003358239641,1.1
0.1000,0.1000,1,0.1,0.0166667,0.5000,inf,0,0.003358239641,1.1
0.1000,0.1000,1,0.1,0.0166667,0.9000,100.0,0.8590997629,0.001868477487,1.1
0.1000,0.1000,1,0.1,0.0166667,0.9000,1000.0,0.2196968607,0.001868477487,1.1
0.1000,0.1000,1,0.1,0.0166667,0.9000,10000.0,2.62800601e-07,0.001868477487,1.1
0.1000,0.1000,1,0.1,0.0166667,0.9000,inf,0,0.001868477487,1.1
0.1000,0.1000,1,0.1,0.1,0.5000,100.0,0.3984827994,0.01989046682,1.1
0.1000,0.1000,1,0.1,0.1,0.5000,1000.0,0.0001114528277,0.01989046682,1.1
0.1000,0.1000,1,0.1,0.1,0.5000,10000.0,0,0.01989046682,1.1
0.1000,0.1000,1,0.1,0.1,0.5000,inf,0,0.01989046682,1.1
0.1000,0.1000,1,0.1,0.1,0.9000,100.0,0.4020368889,0.0111488172,1.1
0.1000,0.1000,1,0.1,0.1,0.9000,1000.0,0.0001124468814,0.0111488172,1.1
0.1000,0.1000,1,0.1,0.1,0.9000,10000.0,0,0.0111488172,1.1
0.1000,0.1000,1,0.1,0.1,0.9000,inf,0,0.0111488172,1.1
0.1000,0.1000,1,0.1,1,0.5000,100.0,0.0001018663332,0.1745685523,1.1
0.1000,0.1000,1,0.1,1,0.5000,1000.0,0,0.1745685523,1.1
0.1000,0.1000,1,0.1,1,0.5000,10000.0,0,0.1745685523,1.1
0.1000,0.1000,1,0.1,1,0.5000,inf,0,0.1745685523,1.1
0.1000,0.1000,1,0.1,1,0.9000,100.0,0.0001104345075,0.1051399171,1.1
0.1000,0.1000,1,0.1,1,0.9000,1000.0,0,0.1051399171,1.1
0.1000,0.1000,1,0.1,1,0.9000,10000.0,0,0.1051399171,1.1
0.1000,0.1000,1,0.1,1,0.9000,inf,0,0.1051399171,1.1
0.1000,0.1000,3,0.01,0.0166667,0.5000,100.0,0.9993139001,2.854833227e-08,3.03
0.1000,0.1000,3,0.01,0.0166667,0.5000,1000.0,0.7697894563,2.854833227e-08,3.03
0.1000,0.1000,3,0.01,0.0166667,0.5000,10000.0,1.045184637e-05,2.854833227e-08,3.03
0.1000,0.1000,3,0.01,0.0166667,0.5000,inf,0,2.854833227e-08,3.03
0.1000,0.1000,3,0.01,0.0166667,0.9000,100.0,0.9993333989,2.523574474e-09,3.03
0.1000,0.1000,3,0.01,0.0166667,0.9000,1000.0,0.7702158334,2.523574474e-09,3.03
0.1000,0.1000,3,0.01,0.0166667,0.9000,10000.0,1.04669246e-05,2.523574474e-09,3.03
0.1000,0.1000,3,0.01,0.0166667,0.9000,inf,0,2.523574474e-09,3.03
0.1000,0.1000,3,0.01,0.1,0.5000,100.0,0.9192693005,5.918720799e-06,3.03
0.1000,0.1000,3,0.01,0.1,0.5000,1000.0,0.002973949186,5.918720799e-06,3.03
0.1000,0.1000,3,0.01,0.1,0.5000,10000.0,0,5.918720799e-06,3.03
0.1000,0.1000,3,0.01,0.1,0.5000,inf,0,5.918720799e-06,3.03
0.1000,0.1000,3,0.01,0.1,0.9000,100.0,0.9210846832,5.37078775e-07,3.03
0.1000,0.1000,3,0.01,0.1,0.9000,1000.0,0.002997607819,5.37078775e-07,3.03
0.1000,0.1000,3,0.01,0.1,0.9000,10000.0,0,5.37078775e-07,3.03
0.1000,0.1000,3,0.01,0.1,0.9000,inf,0,5.37078775e-07,3.03
0.1000,0.1000,3,0.01,1,0.5000,100.0,0.002741814703,0.00392645094,3.03
0.1000,0.1000,3,0.01,1,0.5000,1000.0,0,0.00392645094,3.03
0.1000,0.1000,3,0.01,1,0.5000,10000.0,0,0.00392645094,3.03
0.1000,0.1000,3,0.01,1,0.5000,inf,0,0.00392645094,3.03
0.1000,0.1000,3,0.01,1,0.9000,100.0,0.002949382132,0.0004597573407,3.03
0.1000,0.1000,3,0.01,1,0.9000,1000.0,0,0.0004597573407,3.03
0.1000,0.1000,3,0.01,1,0.9000,10000.0,0,0.0004597573407,3.03
0.1000,0.1000,3,0.01,1,0.9000,inf,0,0.0004597573407,3.03
0.1000,0.1000,3,0.1,0.0166667,0.5000,100.0,0.9994634723,2.211363946e-08,3.3
0.1000,0.1000,3,0.1,0.0166667,0.5000,1000.0,0.8045664355,2.211363946e-08,3.3
0.1000,0.1000,3,0.1,0.0166667,0.5000,10000.0,3.436645237e-05,2.211363946e-08,3.3
0.1000,0.1000,3,0.1,0.0166667,0.5000,inf,0,2.211363946e-08,3.3
0.1000,0.1000,3,0.1,0.0166667,0.9000,100.0,0.9994787753,1.953924174e-09,3.3
0.1000,0.1000,3,0.1,0.0166667,0.9000,1000.0,0.8049442951,1.953924174e-09,3.3
0.1000,0.1000,3,0.1,0.0166667,0.9000,10000.0,3.441149328e-05,1.953924174e-09,3.3
0.1000,0.1000,3,0.1,0.0166667,0.9000,inf,0,1.953924174e-09,3.3
0.1000,0.1000,3,0.1,0.1,0.5000,100.0,0.9337537245,4.599932584e-06,3.3
0.1000,0.1000,3,0.1,0.1,0.5000,1000.0,0.005742415504,4.599932584e-06,3.3
0.1000,0.1000,3,0.1,0.1,0.5000,10000.0,0,4.599932584e-06,3.3
0.1000,0.1000,3,0.1,0.1,0.5000,inf,0,4.599932584e-06,3.3
0.1000,0.1000,3,0.1,0.1,0.9000,100.0,0.9352800069,4.163457561e-07,3.3
0.1000,0.1000,3,0.1,0.1,0.9000,1000.0,0.005783650864,4.163457561e-07,3.3
0.1000,0.1000,3,0.1,0.1,0.9000,10000.0,0,4.163457561e-07,3.3
0.1000,0.1000,3,0.1,0.1,0.9000,inf,0,4.163457561e-07,3.3
0.1000,0.1000,3,0.1,1,0.5000,100.0,0.005332833678,0.003147874151,3.3
0.1000,0.1000,3,0.1,1,0.5000,1000.0,0,0.003147874151,3.3
0.1000,0.1000,3,0.1,1,0.5000,10000.0,0,0.003147874151,3.3
0.1000,0.1000,3,0.1,1,0.5000,inf,0,0.003147874151,3.3
0.1000,0.1000,3,0.1,1,0.9000,100.0,0.005699195015,0.0003608354703,3.3
0.1000,0.1000,3,0.1,1,0.9000,1000.0,0,0.0003608354703,3.3
0.1000,0.1000,3,0.1,1,0.9000,10000.0,0,0.0003608354703,3.3
0.1000,0.1000,3,0.1,1,0.9000,inf,0,0.0003608354703,3.3
0.1000,0.1000,6,0.01,0.0166667,0.5000,100.0,0.9999999738,5.953219727e-16,6.06
0.1000,0.1000,6,0.01,0.0166667,0.5000,1000.0,0.9929868605,5.953219727e-16,6.06
0.1000,0.1000,6,0.01,0.0166667,0.5000,10000.0,0.0009654719269,5.953219727e-16,6.06
0.1000,0.1000,6,0.01,0.0166667,0.5000,inf,0,5.953219727e-16,6.06
0.1000,0.1000,6,0.01,0.0166667,0.9000,100.0,0.9999999753,2.455565274e-18,6.06
0.1000,0.1000,6,0.01,0.0166667,0.9000,1000.0,0.9930189806,2.455565274e-18,6.06
0.1000,0.1000,6,0.01,0.0166667,0.9000,10000.0,0.0009666018158,2.455565274e-18,6.06
0.1000,0.1000,6,0.01,0.0166667,0.9000,inf,0,2.455565274e-18,6.06
0.1000,0.1000,6,0.01,0.1,0.5000,100.0,0.9993973456,2.558824118e-11,6.06
0.1000,0.1000,6,0.01,0.1,0.5000,1000.0,0.07044886946,2.558824118e-11,6.06
0.1000,0.1000,6,0.01,0.1,0.5000,10000.0,0,2.558824118e-11,6.06
0.1000,0.1000,6,0.01,0.1,0.5000,inf,0,2.558824118e-11,6.06
0.1000,0.1000,6,0.01,0.1,0.9000,100.0,0.9994285259,1.112131863e-13,6.06
0.1000,0.1000,6,0.01,0.1,0.9000,1000.0,0.07083381013,1.112131863e-13,6.06
0.1000,0.1000,6,0.01,0.1,0.9000,10000.0,0,1.112131863e-13,6.06
0.1000,0.1000,6,0.01,0.1,0.9000,inf,0,1.112131863e-13,6.06
0.1000,0.1000,6,0.01,1,0.5000,100.0,0.06649679305,1.125937927e-05,6.06
0.1000,0.1000,6,0.01,1,0.5000,1000.0,0,1.125937927e-05,6.06
0.1000,0.1000,6,0.01,1,0.5000,10000.0,0,1.125937927e-05,6.06
0.1000,0.1000,6,0.01,1,0.5000,inf,0,1.125937927e-05,6.06
0.1000,0.1000,6,0.01,1,0.9000,100.0,0.07003519364,8.141970752e-08,6.06
0.1000,0.1000,6,0.01,1,0.9000,1000.0,0,8.141970752e-08,6.06
0.1000,0.1000,6,0.01,1,0.9000,10000.0,0,8.141970752e-08,6.06
0.1000,0.1000,6,0.01,1,0.9000,inf,0,8.141970752e-08,6.06
0.1000,0.1000,6,0.1,0.0166667,0.5000,100.0,0.9999999841,3.571996033e-16,6.6
0.1000,0.1000,6,0.1,0.0166667,0.5000,1000.0,0.9952990271,3.571996033e-16,6.6
0.1000,0.1000,6,0.1,0.0166667,0.5000,10000.0,0.002510243981,3.571996033e-16,6.6
0.1000,0.1000,6,0.1,0.0166667,0.5000,inf,0,3.571996033e-16,6.6
0.1000,0.1000,6,0.1,0.0166667,0.9000,100.0,0.999999985,1.472093116e-18,6.6
0.1000,0.1000,6,0.1,0.0166667,0.9000,1000.0,0.9953210615,1.472093116e-18,6.6
0.1000,0.1000,6,0.1,0.0166667,0.9000,10000.0,0.002512856615,1.472093116e-18,6.6
0.1000,0.1000,6,0.1,0.0166667,0.9000,inf,0,1.472093116e-18,6.6
0.1000,0.1000,6,0.1,0.1,0.5000,100.0,0.9996130618,1.545568391e-11,6.6
0.1000,0.1000,6,0.1,0.1,0.5000,1000.0,0.1096370719,1.545568391e-11,6.6
0.1000,0.1000,6,0.1,0.1,0.5000,10000.0,0,1.545568391e-11,6.6
0.1000,0.1000,6,0.1,0.1,0.5000,inf,0,1.545568391e-11,6.6
0.1000,0.1000,6,0.1,0.1,0.9000,100.0,0.9996333558,6.683322269e-14,6.6
0.1000,0.1000,6,0.1,0.1,0.9000,1000.0,0.1101564255,6.683322269e-14,6.6
0.1000,0.1000,6,0.1,0.1,0.9000,10000.0,0,6.683322269e-14,6.6
0.1000,0.1000,6,0.1,0.1,0.9000,inf,0,6.683322269e-14,6.6
0.1000,0.1000,6,0.1,1,0.5000,100.0,0.1042363845,7.236956197e-06,6.6
0.1000,0.1000,6,0.1,1,0.5000,1000.0,0,7.236956197e-06,6.6
0.1000,0.1000,6,0.1,1,0.5000,10000.0,0,7.236956197e-06,6.6
0.1000,0.1000,6,0.1,1,0.5000,inf,0,7.236956197e-06,6.6
0.1000,0.1000,6,0.1,1,0.9000,100.0,0.1090737194,5.015643511e-08,6.6
0.1000,0.1000,6,0.1,1,0.9000,1000.0,0,5.015643511e-08,6.6
0.1000,0.1000,6,0.1,1,0.9000,10000.0,0,5.015643511e-08,6.6
0.1000,0.1000,6,0.1,1,0.9000,inf,0,5.015643511e-08,6.6
0.1000,0.1000,12,0.01,0.0166667,0.5000,100.0,1,2.589624919e-31,12.12
0.1000,0.1000,12,0.01,0.0166667,0.5000,1000.0,0.9999998106,2.589624919e-31,12.12
0.1000,0.1000,12,0.01,0.0166667,0.5000,10000.0,0.103918873,2.589624919e-31,12.12
0.1000,0.1000,12,0.01,0.0166667,0.5000,inf,0,2.589624919e-31,12.12
0.1000,0.1000,12,0.01,0.0166667,0.9000,100.0,1,2.349592859e-36,12.12
0.1000,0.1000,12,0.01,0.0166667,0.9000,1000.0,0.9999998126,2.349592859e-36,12.12
0.1000,0.1000,12,0.01,0.0166667,0.9000,10000.0,0.1039875379,2.349592859e-36,12.12
0.1000,0.1000,12,0.01,0.0166667,0.9000,inf,0,2.349592859e-36,12.12
0.1000,0.1000,12,0.01,0.1,0.5000,100.0,0.9999999991,4.784250591e-22,12.12
0.1000,0.1000,12,0.01,0.1,0.5000,1000.0,0.7066150049,4.784250591e-22,12.12
0.1000,0.1000,12,0.01,0.1,0.5000,10000.0,0,4.784250591e-22,12.12
0.1000,0.1000,12,0.01,0.1,0.5000,inf,0,4.784250591e-22,12.12
0.1000,0.1000,12,0.01,0.1,0.9000,100.0,0.9999999992,4.819538098e-27,12.12
0.1000,0.1000,12,0.01,0.1,0.9000,1000.0,0.7077179798,4.819538098e-27,12.12
0.1000,0.1000,12,0.01,0.1,0.9000,10000.0,0,4.819538098e-27,12.12
0.1000,0.1000,12,0.01,0.1,0.9000,inf,0,4.819538098e-27,12.12
0.1000,0.1000,12,0.01,1,0.5000,100.0,0.694140269,9.263221882e-11,12.12
0.1000,0.1000,12,0.01,1,0.5000,1000.0,0,9.263221882e-11,12.12
0.1000,0.1000,12,0.01,1,0.5000,10000.0,0,9.263221882e-11,12.12
0.1000,0.1000,12,0.01,1,0.5000,inf,0,9.263221882e-11,12.12
0.1000,0.1000,12,0.01,1,0.9000,100.0,0.705345633,2.58339147e-15,12.12
0.1000,0.1000,12,0.01,1,0.9000,1000.0,0,2.58339147e-15,12.12
0.1000,0.1000,12,0.01,1,0.9000,10000.0,0,2.58339147e-15,12.12
0.1000,0.1000,12,0.01,1,0.9000,inf,0,2.58339147e-15,12.12
0.1000,0.1000,12,0.1,0.0166667,0.5000,100.0,1,9.322984812e-32,13.2
0.1000,0.1000,12,0.1,0.0166667,0.5000,1000.0,0.9999999231,9.322984812e-32,13.2
0.1000,0.1000,12,0.1,0.0166667,0.5000,10000.0,0.1747925197,9.322984812e-32,13.2
0.1000,0.1000,12,0.1,0.0166667,0.5000,inf,0,9.322984812e-32,13.2
0.1000,0.1000,12,0.1,0.0166667,0.9000,100.0,1,8.444232044e-37,13.2
0.1000,0.1000,12,0.1,0.0166667,0.9000,1000.0,0.9999999239,8.444232044e-37,13.2
0.1000,0.1000,12,0.1,0.0166667,0.9000,10000.0,0.1748876568,8.444232044e-37,13.2
0.1000,0.1000,12,0.1,0.0166667,0.9000,inf,0,8.444232044e-37,13.2
0.1000,0.1000,12,0.1,0.1,0.5000,100.0,0.9999999997,1.745458397e-22,13.2
0.1000,0.1000,12,0.1,0.1,0.5000,1000.0,0.7929973711,1.745458397e-22,13.2
0.1000,0.1000,12,0.1,0.1,0.5000,10000.0,0,1.745458397e-22,13.2
0.1000,0.1000,12,0.1,0.1,0.5000,inf,0,1.745458397e-22,13.2
0.1000,0.1000,12,0.1,0.1,0.9000,100.0,0.9999999997,1.740513275e-27,13.2
0.1000,0.1000,12,0.1,0.1,0.9000,1000.0,0.7938890606,1.740513275e-27,13.2
0.1000,0.1000,12,0.1,0.1,0.9000,10000.0,0,1.740513275e-27,13.2
0.1000,0.1000,12,0.1,0.1,0.9000,inf,0,1.740513275e-27,13.2
0.1000,0.1000,12,0.1,1,0.5000,100.0,0.7827699111,3.826881749e-11,13.2
0.1000,0.1000,12,0.1,1,0.5000,1000.0,0,3.826881749e-11,13.2
0.1000,0.1000,12,0.1,1,0.5000,10000.0,0,3.826881749e-11,13.2
0.1000,0.1000,12,0.1,1,0.5000,inf,0,3.826881749e-11,13.2
0.1000,0.1000,12,0.1,1,0.9000,100.0,0.7919615528,9.803489843e-16,13.2
0.1000,0.1000,12,0.1,1,0.9000,1000.0,0,9.803489843e-16,13.2
0.1000,0.1000,12,0.1,1,0.9000,10000.0,0,9.803489843e-16,13.2
0.1000,0.1000,12,0.1,1,0.9000,inf,0,9.803489843e-16,13.2
0.1000,0.2500,1,0.01,0.0166667,0.5000,100.0,0.8455561184,0.004384761957,1.01
0.1000,0.2500,1,0.01,0.0166667,0.5000,1000.0,0.1914919985,0.004384761957,1.01
0.1000,0.2500,1,0.01,0.0166667,0.5000,10000.0,6.795673731e-08,0.004384761957,1.01
0.1000,0.2500,1,0.01,0.0166667,0.5000,inf,0,0.004384761957,1.01
0.1000,0.2500,1,0.01,0.0166667,0.9000,100.0,0.8472071413,0.002440735329,1.01
0.1000,0.2500,1,0.01,0.0166667,0.9000,1000.0,0.1918659035,0.002440735329,1.01
0.1000,0.2500,1,0.01,0.0166667,0.9000,10000.0,6.808942887e-08,0.002440735329,1.01
0.1000,0.2500,1,0.01,0.0166667,0.9000,inf,0,0.002440735329,1.01
0.1000,0.2500,1,0.01,0.1,0.5000,100.0,0.3655376909,0.02584793544,1.01
0.1000,0.2500,1,0.01,0.1,0.5000,1000.0,4.931526091e-05,0.02584793544,1.01
0.1000,0.2500,1,0.01,0.1,0.5000,10000.0,0,0.02584793544,1.01
0.1000,0.2500,1,0.01,0.1,0.5000,inf,0,0.02584793544,1.01
0.1000,0.2500,1,0.01,0.1,0.9000,100.0,0.3697857794,0.01452684815,1.01
0.1000,0.2500,1,0.01,0.1,0.9000,1000.0,4.988837716e-05,0.01452684815,1.01
0.1000,0.2500,1,0.01,0.1,0.9000,10000.0,0,0.01452684815,1.01
0.1000,0.2500,1,0.01,0.1,0.9000,inf,0,0.01452684815,1.01
0.1000,0.2500,1,0.01,1,0.5000,100.0,4.331913991e-05,0.2172452044,1.01
0.1000,0.2500,1,0.01,1,0.5000,1000.0,0,0.2172452044,1.01
0.1000,0.2500,1,0.01,1,0.5000,10000.0,0,0.2172452044,1.01
0.1000,0.2500,1,0.01,1,0.5000,inf,0,0.2172452044,1.01
0.1000,0.2500,1,0.01,1,0.9000,100.0,4.794875654e-05,0.1335903898,1.01
0.1000,0.2500,1,0.01,1,0.9000,1000.0,0,0.1335903898,1.01
0.1000,0.2500,1,0.01,1,0.9000,10000.0,0,0.1335903898,1.01
0.1000,0.2500,1,0.01,1,0.9000,inf,0,0.1335903898,1.01
0.1000,0.2500,1,0.1,0.0166667,0.5000,100.0,0.8572417481,0.004027182721,1.1
0.1000,0.2500,1,0.1,0.0166667,0.5000,1000.0,0.2192217121,0.004027182721,1.1
0.1000,0.2500,1,0.1,0.0166667,0.5000,10000.0,2.6223223e-07,0.004027182721,1.1
0.1000,0.2500,1,0.1,0.0166667,0.5000,inf,0,0.004027182721,1.1
0.1000,0.2500,1,0.1,0.0166667,0.9000,100.0,0.8587788412,0.002241335408,1.1
0.1000,0.2500,1,0.1,0.0166667,0.9000,1000.0,0.2196147916,0.002241335408,1.1
0.1000,0.2500,1,0.1,0.0166667,0.9000,10000.0,2.627024303e-07,0.002241335408,1.1
0.1000,0.2500,1,0.1,0.0166667,0.9000,inf,0,0.002241335408,1.1
0.1000,0.2500,1,0.1,0.1,0.5000,100.0,0.3969038787,0.02377398505,1.1
0.1000,0.2500,1,0.1,0.1,0.5000,1000.0,0.0001110112147,0.02377398505,1.1
0.1000,0.2500,1,0.1,0.1,0.5000,10000.0,0,0.02377398505,1.1
0.1000,0.2500,1,0.1,0.1,0.5000,inf,0,0.02377398505,1.1
0.1000,0.2500,1,0.1,0.1,0.9000,100.0,0.4011424362,0.01334881594,1.1
0.1000,0.2500,1,0.1,0.1,0.9000,1000.0,0.0001121967093,0.01334881594,1.1
0.1000,0.2500,1,0.1,0.1,0.9000,10000.0,0,0.01334881594,1.1
0.1000,0.2500,1,0.1,0.1,0.9000,inf,0,0.01334881594,1.1
0.1000,0.2500,1,0.1,1,0.5000,100.0,9.842978425e-05,0.2024151972,1.1
0.1000,0.2500,1,0.1,1,0.5000,1000.0,0,0.2024151972,1.1
0.1000,0.2500,1,0.1,1,0.5000,10000.0,0,0.2024151972,1.1
0.1000,0.2500,1,0.1,1,0.5000,inf,0,0.2024151972,1.1
0.1000,0.2500,1,0.1,1,0.9000,100.0,0.0001081601183,0.1235694835,1.1
0.1000,0.2500,1,0.1,1,0.9000,1000.0,0,0.1235694835,1.1
0.1000,0.2500,1,0.1,1,0.9000,10000.0,0,0.1235694835,1.1
0.1000,0.2500,1,0.1,1,0.9000,inf,0,0.1235694835,1.1
0.1000,0.2500,3,0.01,0.0166667,0.5000,100.0,0.9993048964,5.467519882e-08,3.03
0.1000,0.2500,3,0.01,0.0166667,0.5000,1000.0,0.7695974926,5.467519882e-08,3.03
0.1000,0.2500,3,0.01,0.0166667,0.5000,10000.0,1.044507521e-05,5.467519882e-08,3.03
0.1000,0.2500,3,0.01,0.0166667,0.5000,inf,0,5.467519882e-08,3.03
0.1000,0.2500,3,0.01,0.0166667,0.9000,100.0,0.9993285895,5.832282683e-09,3.03
0.1000,0.2500,3,0.01,0.0166667,0.9000,1000.0,0.7701092663,5.832282683e-09,3.03
0.1000,0.2500,3,0.01,0.0166667,0.9000,10000.0,1.0463151e-05,5.832282683e-09,3.03
0.1000,0.2500,3,0.01,0.0166667,0.9000,inf,0,5.832282683e-09,3.03
0.1000,0.2500,3,0.01,0.1,0.5000,100.0,0.9184412649,1.121116625e-05,3.03
0.1000,0.2500,3,0.01,0.1,0.5000,1000.0,0.002963421356,1.121116625e-05,3.03
0.1000,0.2500,3,0.01,0.1,0.5000,10000.0,0,1.121116625e-05,3.03
0.1000,0.2500,3,0.01,0.1,0.5000,inf,0,1.121116625e-05,3.03
0.1000,0.2500,3,0.01,0.1,0.9000,100.0,0.920634071,1.232507622e-06,3.03
0.1000,0.2500,3,0.01,0.1,0.9000,1000.0,0.002991658786,1.232507622e-06,3.03
0.1000,0.2500,3,0.01,0.1,0.9000,10000.0,0,1.232507622e-06,3.03
0.1000,0.2500,3,0.01,0.1,0.9000,inf,0,1.232507622e-06,3.03
0.1000,0.2500,3,0.01,1,0.5000,100.0,0.002657496002,0.00672615345,3.03
0.1000,0.2500,3,0.01,1,0.5000,1000.0,0,0.00672615345,3.03
0.1000,0.2500,3,0.01,1,0.5000,10000.0,0,0.00672615345,3.03
0.1000,0.2500,3,0.01,1,0.5000,inf,0,0.00672615345,3.03
0.1000,0.2500,3,0.01,1,0.9000,100.0,0.002894656204,0.0009825749141,3.03
0.1000,0.2500,3,0.01,1,0.9000,1000.0,0,0.0009825749141,3.03
0.1000,0.2500,3,0.01,1,0.9000,10000.0,0,0.0009825749141,3.03
0.1000,0.2500,3,0.01,1,0.9000,inf,0,0.0009825749141,3.03
0.1000,0.2500,3,0.1,0.0166667,0.5000,100.0,0.9994564046,4.235936336e-08,3.3
0.1000,0.2500,3,0.1,0.0166667,0.5000,1000.0,0.8043962826,4.235936336e-08,3.3
0.1000,0.2500,3,0.1,0.0166667,0.5000,10000.0,3.434622202e-05,4.235936336e-08,3.3
0.1000,0.2500,3,0.1,0.0166667,0.5000,inf,0,4.235936336e-08,3.3
0.1000,0.2500,3,0.1,0.0166667,0.9000,100.0,0.9994750012,4.51627845e-09,3.3
0.1000,0.2500,3,0.1,0.0166667,0.9000,1000.0,0.8048498638,4.51627845e-09,3.3
0.1000,0.2500,3,0.1,0.0166667,0.9000,10000.0,3.44002221e-05,4.51627845e-09,3.3
0.1000,0.2500,3,0.1,0.0166667,0.9000,inf,0,4.51627845e-09,3.3
0.1000,0.2500,3,0.1,0.1,0.5000,100.0,0.9330567236,8.72243705e-06,3.3
0.1000,0.2500,3,0.1,0.1,0.5000,1000.0,0.005724045381,8.72243705e-06,3.3
0.1000,0.2500,3,0.1,0.1,0.5000,10000.0,0,8.72243705e-06,3.3
0.1000,0.2500,3,0.1,0.1,0.5000,inf,0,8.72243705e-06,3.3
0.1000,0.2500,3,0.1,0.1,0.9000,100.0,0.9349013882,9.561050161e-07,3.3
0.1000,0.2500,3,0.1,0.1,0.9000,1000.0,0.005773288207,9.561050161e-07,3.3
0.1000,0.2500,3,0.1,0.1,0.9000,10000.0,0,9.561050161e-07,3.3
0.1000,0.2500,3,0.1,0.1,0.9000,inf,0,9.561050161e-07,3.3
0.1000,0.2500,3,0.1,1,0.5000,100.0,0.005182600574,0.005435415866,3.3
0.1000,0.2500,3,0.1,1,0.5000,1000.0,0,0.005435415866,3.3
0.1000,0.2500,3,0.1,1,0.5000,10000.0,0,0.005435415866,3.3
0.1000,0.2500,3,0.1,1,0.5000,inf,0,0.005435415866,3.3
0.1000,0.2500,3,0.1,1,0.9000,100.0,0.00560307797,0.0007758844399,3.3
0.1000,0.2500,3,0.1,1,0.9000,1000.0,0,0.0007758844399,3.3
0.1000,0.2500,3,0.1,1,0.9000,10000.0,0,0.0007758844399,3.3
0.1000,0.2500,3,0.1,1,0.9000,inf,0,0.0007758844399,3.3
0.1000,0.2500,6,0.01,0.0166667,0.5000,100.0,0.999999973,2.341392879e-15,6.06
0.1000,0.2500,6,0.01,0.0166667,0.5000,1000.0,0.992972337,2.341392879e-15,6.06
0.1000,0.2500,6,0.01,0.0166667,0.5000,10000.0,0.0009649643125,2.341392879e-15,6.06
0.1000,0.2500,6,0.01,0.0166667,0.5000,inf,0,2.341392879e-15,6.06
0.1000,0.2500,6,0.01,0.0166667,0.9000,100.0,0.9999999749,1.834772325e-17,6.06
0.1000,0.2500,6,0.01,0.0166667,0.9000,1000.0,0.9930109705,1.834772325e-17,6.06
0.1000,0.2500,6,0.01,0.0166667,0.9000,10000.0,0.0009663191032,1.834772325e-17,6.06
0.1000,0.2500,6,0.01,0.0166667,0.9000,inf,0,1.834772325e-17,6.06
0.1000,0.2500,6,0.01,0.1,0.5000,100.0,0.9993824821,9.844467015e-11,6.06
0.1000,0.2500,6,0.01,0.1,0.5000,1000.0,0.07027685412,9.844467015e-11,6.06
0.1000,0.2500,6,0.01,0.1,0.5000,10000.0,0,9.844467015e-11,6.06
0.1000,0.2500,6,0.01,0.1,0.5000,inf,0,9.844467015e-11,6.06
0.1000,0.2500,6,0.01,0.1,0.9000,100.0,0.9994209626,8.19328634e-13,6.06
0.1000,0.2500,6,0.01,0.1,0.9000,1000.0,0.07073722624,8.19328634e-13,6.06
0.1000,0.2500,6,0.01,0.1,0.9000,10000.0,0,8.19328634e-13,6.06
0.1000,0.2500,6,0.01,0.1,0.9000,inf,0,8.19328634e-13,6.06
0.1000,0.2500,6,0.01,1,0.5000,100.0,0.0650088444,3.543122891e-05,6.06
0.1000,0.2500,6,0.01,1,0.5000,1000.0,0,3.543122891e-05,6.06
0.1000,0.2500,6,0.01,1,0.5000,10000.0,0,3.543122891e-05,6.06
0.1000,0.2500,6,0.01,1,0.5000,inf,0,3.543122891e-05,6.06
0.1000,0.2500,6,0.01,1,0.9000,100.0,0.06911916903,5.203729425e-07,6.06
0.1000,0.2500,6,0.01,1,0.9000,1000.0,0,5.203729425e-07,6.06
0.1000,0.2500,6,0.01,1,0.9000,10000.0,0,5.203729425e-07,6.06
0.1000,0.2500,6,0.01,1,0.9000,inf,0,5.203729425e-07,6.06
0.1000,0.2500,6,0.1,0.0166667,0.5000,100.0,0.9999999836,1.405375722e-15,6.6
0.1000,0.2500,6,0.1,0.0166667,0.5000,1000.0,0.9952890621,1.405375722e-15,6.6
0.1000,0.2500,6,0.1,0.0166667,0.5000,10000.0,0.002509070001,1.405375722e-15,6.6
0.1000,0.2500,6,0.1,0.0166667,0.5000,inf,0,1.405375722e-15,6.6
0.1000,0.2500,6,0.1,0.0166667,0.9000,100.0,0.9999999848,1.100187982e-17,6.6
0.1000,0.2500,6,0.1,0.0166667,0.9000,1000.0,0.9953155671,1.100187982e-17,6.6
0.1000,0.2500,6,0.1,0.0166667,0.9000,10000.0,0.002512202966,1.100187982e-17,6.6
0.1000,0.2500,6,0.1,0.0166667,0.9000,inf,0,1.100187982e-17,6.6
0.1000,0.2500,6,0.1,0.1,0.5000,100.0,0.9996033752,5.958906924e-11,6.6
0.1000,0.2500,6,0.1,0.1,0.5000,1000.0,0.1094047266,5.958906924e-11,6.6
0.1000,0.2500,6,0.1,0.1,0.5000,10000.0,0,5.958906924e-11,6.6
0.1000,0.2500,6,0.1,0.1,0.5000,inf,0,5.958906924e-11,6.6
0.1000,0.2500,6,0.1,0.1,0.9000,100.0,0.9996284364,4.930519442e-13,6.6
0.1000,0.2500,6,0.1,0.1,0.9000,1000.0,0.1100261938,4.930519442e-13,6.6
0.1000,0.2500,6,0.1,0.1,0.9000,10000.0,0,4.930519442e-13,6.6
0.1000,0.2500,6,0.1,0.1,0.9000,inf,0,4.930519442e-13,6.6
0.1000,0.2500,6,0.1,1,0.5000,100.0,0.1021814627,2.313780605e-05,6.6
0.1000,0.2500,6,0.1,1,0.5000,1000.0,0,2.313780605e-05,6.6
0.1000,0.2500,6,0.1,1,0.5000,10000.0,0,2.313780605e-05,6.6
0.1000,0.2500,6,0.1,1,0.5000,inf,0,2.313780605e-05,6.6
0.1000,0.2500,6,0.1,1,0.9000,100.0,0.1078280515,3.244929498e-07,6.6
0.1000,0.2500,6,0.1,1,0.9000,1000.0,0,3.244929498e-07,6.6
0.1000,0.2500,6,0.1,1,0.9000,10000.0,0,3.244929498e-07,6.6
0.1000,0.2500,6,0.1,1,0.9000,inf,0,3.244929498e-07,6.6
0.1000,0.2500,12,0.01,0.0166667,0.5000,100.0,1,4.294361087e-30,12.12
0.1000,0.2500,12,0.01,0.0166667,0.5000,1000.0,0.9999998097,4.294361087e-30,12.12
0.1000,0.2500,12,0.01,0.0166667,0.5000,10000.0,0.1038879981,4.294361087e-30,12.12
0.1000,0.2500,12,0.01,0.0166667,0.5000,inf,0,4.294361087e-30,12.12
0.1000,0.2500,12,0.01,0.0166667,0.9000,100.0,1,1.821763503e-34,12.12
0.1000,0.2500,12,0.01,0.0166667,0.9000,1000.0,0.9999998121,1.821763503e-34,12.12
0.1000,0.2500,12,0.01,0.0166667,0.9000,10000.0,0.1039703646,1.821763503e-34,12.12
0.1000,0.2500,12,0.01,0.0166667,0.9000,inf,0,1.821763503e-34,12.12
0.1000,0.2500,12,0.01,0.1,0.5000,100.0,0.9999999991,7.591618758e-21,12.12
0.1000,0.2500,12,0.01,0.1,0.5000,1000.0,0.7061179153,7.591618758e-21,12.12
0.1000,0.2500,12,0.01,0.1,0.5000,10000.0,0,7.591618758e-21,12.12
0.1000,0.2500,12,0.01,0.1,0.5000,inf,0,7.591618758e-21,12.12
0.1000,0.2500,12,0.01,0.1,0.9000,100.0,0.9999999992,3.632823555e-25,12.12
0.1000,0.2500,12,0.01,0.1,0.9000,1000.0,0.7074424542,3.632823555e-25,12.12
0.1000,0.2500,12,0.01,0.1,0.9000,10000.0,0,3.632823555e-25,12.12
0.1000,0.2500,12,0.01,0.1,0.9000,inf,0,3.632823555e-25,12.12
0.1000,0.2500,12,0.01,1,0.5000,100.0,0.6890489886,9.833824047e-10,12.12
0.1000,0.2500,12,0.01,1,0.5000,1000.0,0,9.833824047e-10,12.12
0.1000,0.2500,12,0.01,1,0.5000,10000.0,0,9.833824047e-10,12.12
0.1000,0.2500,12,0.01,1,0.5000,inf,0,9.833824047e-10,12.12
0.1000,0.2500,12,0.01,1,0.9000,100.0,0.7025607361,1.465422427e-13,12.12
0.1000,0.2500,12,0.01,1,0.9000,1000.0,0,1.465422427e-13,12.12
0.1000,0.2500,12,0.01,1,0.9000,10000.0,0,1.465422427e-13,12.12
0.1000,0.2500,12,0.01,1,0.9000,inf,0,1.465422427e-13,12.12
0.1000,0.2500,12,0.1,0.0166667,0.5000,100.0,1,1.547158708e-30,13.2
0.1000,0.2500,12,0.1,0.0166667,0.5000,1000.0,0.9999999227,1.547158708e-30,13.2
0.1000,0.2500,12,0.1,0.0166667,0.5000,10000.0,0.1747497335,1.547158708e-30,13.2
0.1000,0.2500,12,0.1,0.0166667,0.5000,inf,0,1.547158708e-30,13.2
0.1000,0.2500,12,0.1,0.0166667,0.9000,100.0,1,6.550303492e-35,13.2
0.1000,0.2500,12,0.1,0.0166667,0.9000,1000.0,0.9999999237,6.550303492e-35,13.2
0.1000,0.2500,12,0.1,0.0166667,0.9000,10000.0,0.1748638652,6.550303492e-35,13.2
0.1000,0.2500,12,0.1,0.0166667,0.9000,inf,0,6.550303492e-35,13.2
0.1000,0.2500,12,0.1,0.1,0.5000,100.0,0.9999999996,2.781526345e-21,13.2
0.1000,0.2500,12,0.1,0.1,0.5000,1000.0,0.7925950355,2.781526345e-21,13.2
0.1000,0.2500,12,0.1,0.1,0.5000,10000.0,0,2.781526345e-21,13.2
0.1000,0.2500,12,0.1,0.1,0.5000,inf,0,2.781526345e-21,13.2
0.1000,0.2500,12,0.1,0.1,0.9000,100.0,0.9999999997,1.315568149e-25,13.2
0.1000,0.2500,12,0.1,0.1,0.9000,1000.0,0.7936664487,1.315568149e-25,13.2
0.1000,0.2500,12,0.1,0.1,0.9000,10000.0,0,1.315568149e-25,13.2
0.1000,0.2500,12,0.1,0.1,0.9000,inf,0,1.315568149e-25,13.2
0.1000,0.2500,12,0.1,1,0.5000,100.0,0.7785436775,4.193670943e-10,13.2
0.1000,0.2500,12,0.1,1,0.5000,1000.0,0,4.193670943e-10,13.2
0.1000,0.2500,12,0.1,1,0.5000,10000.0,0,4.193670943e-10,13.2
0.1000,0.2500,12,0.1,1,0.5000,inf,0,4.193670943e-10,13.2
0.1000,0.2500,12,0.1,1,0.9000,100.0,0.789691192,5.698274638e-14,13.2
0.1000,0.2500,12,0.1,1,0.9000,1000.0,0,5.698274638e-14,13.2
0.1000,0.2500,12,0.1,1,0.9000,10000.0,0,5.698274638e-14,13.2
0.1000,0.2500,12,0.1,1,0.9000,inf,0,5.698274638e-14,13.2
0.1000,0.4000,1,0.01,0.0166667,0.5000,100.0,0.8446302427,0.005474950858,1.01
0.1000,0.4000,1,0.01,0.0166667,0.5000,1000.0,0.1912823166,0.005474950858,1.01
0.1000,0.4000,1,0.01,0.0166667,0.5000,10000.0,6.788232534e-08,0.005474950858,1.01
0.1000,0.4000,1,0.01,0.0166667,0.5000,inf,0,0.005474950858,1.01
0.1000,0.4000,1,0.01,0.0166667,0.9000,100.0,0.8466905045,0.003049058675,1.01
0.1000,0.4000,1,0.01,0.0166667,0.9000,1000.0,0.1917489014,0.003049058675,1.01
0.1000,0.4000,1,0.01,0.0166667,0.9000,10000.0,6.804790713e-08,0.003049058675,1.01
0.1000,0.4000,1,0.01,0.0166667,0.9000,inf,0,0.003049058675,1.01
0.1000,0.4000,1,0.01,0.1,0.5000,100.0,0.3631907581,0.03210247364,1.01
0.1000,0.4000,1,0.01,0.1,0.5000,1000.0,4.899863254e-05,0.03210247364,1.01
0.1000,0.4000,1,0.01,0.1,0.5000,10000.0,0,0.03210247364,1.01
0.1000,0.4000,1,0.01,0.1,0.5000,inf,0,0.03210247364,1.01
0.1000,0.4000,1,0.01,0.1,0.9000,100.0,0.3684476835,0.01809285216,1.01
0.1000,0.4000,1,0.01,0.1,0.9000,1000.0,4.970785255e-05,0.01809285216,1.01
0.1000,0.4000,1,0.01,0.1,0.9000,10000.0,0,0.01809285216,1.01
0.1000,0.4000,1,0.01,0.1,0.9000,inf,0,0.01809285216,1.01
0.1000,0.4000,1,0.01,1,0.5000,100.0,4.108761792e-05,0.2575676702,1.01
0.1000,0.4000,1,0.01,1,0.5000,1000.0,0,0.2575676702,1.01
0.1000,0.4000,1,0.01,1,0.5000,10000.0,0,0.2575676702,1.01
0.1000,0.4000,1,0.01,1,0.5000,inf,0,0.2575676702,1.01
0.1000,0.4000,1,0.01,1,0.9000,100.0,4.639913684e-05,0.1615912284,1.01
0.1000,0.4000,1,0.01,1,0.9000,1000.0,0,0.1615912284,1.01
0.1000,0.4000,1,0.01,1,0.9000,10000.0,0,0.1615912284,1.01
0.1000,0.4000,1,0.01,1,0.9000,inf,0,0.1615912284,1.01
0.1000,0.4000,1,0.1,0.0166667,0.5000,100.0,0.8563795489,0.005028915311,1.1
0.1000,0.4000,1,0.1,0.0166667,0.5000,1000.0,0.2190012226,0.005028915311,1.1
0.1000,0.4000,1,0.1,0.0166667,0.5000,10000.0,2.619684812e-07,0.005028915311,1.1
0.1000,0.4000,1,0.1,0.0166667,0.5000,inf,0,0.005028915311,1.1
0.1000,0.4000,1,0.1,0.0166667,0.9000,100.0,0.8582979078,0.002800100269,1.1
0.1000,0.4000,1,0.1,0.0166667,0.9000,1000.0,0.2194918029,0.002800100269,1.1
0.1000,0.4000,1,0.1,0.0166667,0.9000,10000.0,2.625553117e-07,0.002800100269,1.1
0.1000,0.4000,1,0.1,0.0166667,0.9000,inf,0,0.002800100269,1.1
0.1000,0.4000,1,0.1,0.1,0.5000,100.0,0.3945588199,0.02954189914,1.1
0.1000,0.4000,1,0.1,0.1,0.5000,1000.0,0.0001103553183,0.02954189914,1.1
0.1000,0.4000,1,0.1,0.1,0.5000,10000.0,0,0.02954189914,1.1
0.1000,0.4000,1,0.1,0.1,0.5000,inf,0,0.02954189914,1.1
0.1000,0.4000,1,0.1,0.1,0.9000,100.0,0.3998081947,0.01663052048,1.1
0.1000,0.4000,1,0.1,0.1,0.9000,1000.0,0.0001118235314,0.01663052048,1.1
0.1000,0.4000,1,0.1,0.1,0.9000,10000.0,0,0.01663052048,1.1
0.1000,0.4000,1,0.1,0.1,0.9000,inf,0,0.01663052048,1.1
0.1000,0.4000,1,0.1,1,0.5000,100.0,9.368877622e-05,0.2408319831,1.1
0.1000,0.4000,1,0.1,1,0.5000,1000.0,0,0.2408319831,1.1
0.1000,0.4000,1,0.1,1,0.5000,10000.0,0,0.2408319831,1.1
0.1000,0.4000,1,0.1,1,0.5000,inf,0,0.2408319831,1.1
0.1000,0.4000,1,0.1,1,0.9000,100.0,0.000104918924,0.149833153,1.1
0.1000,0.4000,1,0.1,1,0.9000,1000.0,0,0.149833153,1.1
0.1000,0.4000,1,0.1,1,0.9000,10000.0,0,0.149833153,1.1
0.1000,0.4000,1,0.1,1,0.9000,inf,0,0.149833153,1.1
0.1000,0.4000,3,0.01,0.0166667,0.5000,100.0,0.9992911203,1.173574367e-07,3.03
0.1000,0.4000,3,0.01,0.0166667,0.5000,1000.0,0.769309439,1.173574367e-07,3.03
0.1000,0.4000,3,0.01,0.0166667,0.5000,10000.0,1.043493477e-05,1.173574367e-07,3.03
0.1000,0.4000,3,0.01,0.0166667,0.5000,inf,0,1.173574367e-07,3.03
0.1000,0.4000,3,0.01,0.0166667,0.9000,100.0,0.999321294,1.442157071e-08,3.03
0.1000,0.4000,3,0.01,0.0166667,0.9000,1000.0,0.7699493816,1.442157071e-08,3.03
0.1000,0.4000,3,0.01,0.0166667,0.9000,10000.0,1.045749565e-05,1.442157071e-08,3.03
0.1000,0.4000,3,0.01,0.0166667,0.9000,inf,0,1.442157071e-08,3.03
0.1000,0.4000,3,0.01,0.1,0.5000,100.0,0.9171865687,2.367581344e-05,3.03
0.1000,0.4000,3,0.01,0.1,0.5000,1000.0,0.002947765412,2.367581344e-05,3.03
0.1000,0.4000,3,0.01,0.1,0.5000,10000.0,0,2.367581344e-05,3.03
0.1000,0.4000,3,0.01,0.1,0.5000,inf,0,2.367581344e-05,3.03
0.1000,0.4000,3,0.01,0.1,0.9000,100.0,0.9199540953,3.018078692e-06,3.03
0.1000,0.4000,3,0.01,0.1,0.9000,1000.0,0.002982778326,3.018078692e-06,3.03
0.1000,0.4000,3,0.01,0.1,0.9000,10000.0,0,3.018078692e-06,3.03
0.1000,0.4000,3,0.01,0.1,0.9000,inf,0,3.018078692e-06,3.03
0.1000,0.4000,3,0.01,1,0.5000,100.0,0.002540177451,0.01232571739,3.03
0.1000,0.4000,3,0.01,1,0.5000,1000.0,0,0.01232571739,3.03
0.1000,0.4000,3,0.01,1,0.5000,10000.0,0,0.01232571739,3.03
0.1000,0.4000,3,0.01,1,0.5000,inf,0,0.01232571739,3.03
0.1000,0.4000,3,0.01,1,0.9000,100.0,0.002816201824,0.002187517787,3.03
0.1000,0.4000,3,0.01,1,0.9000,1000.0,0,0.002187517787,3.03
0.1000,0.4000,3,0.01,1,0.9000,10000.0,0,0.002187517787,3.03
0.1000,0.4000,3,0.01,1,0.9000,inf,0,0.002187517787,3.03
0.1000,0.4000,3,0.1,0.0166667,0.5000,100.0,0.999445589,9.094685325e-08,3.3
0.1000,0.4000,3,0.1,0.0166667,0.5000,1000.0,0.8041409189,9.094685325e-08,3.3
0.1000,0.4000,3,0.1,0.0166667,0.5000,10000.0,3.431592069e-05,9.094685325e-08,3.3
0.1000,0.4000,3,0.1,0.0166667,0.5000,inf,0,9.094685325e-08,3.3
0.1000,0.4000,3,0.1,0.0166667,0.9000,100.0,0.9994692756,1.11692653e-08,3.3
0.1000,0.4000,3,0.1,0.0166667,0.9000,1000.0,0.8047081747,1.11692653e-08,3.3
0.1000,0.4000,3,0.1,0.0166667,0.9000,10000.0,3.438332902e-05,1.11692653e-08,3.3
0.1000,0.4000,3,0.1,0.0166667,0.9000,inf,0,1.11692653e-08,3.3
0.1000,0.4000,3,0.1,0.1,0.5000,100.0,0.93199959,1.844901919e-05,3.3
0.1000,0.4000,3,0.1,0.1,0.5000,1000.0,0.005696703379,1.844901919e-05,3.3
0.1000,0.4000,3,0.1,0.1,0.5000,10000.0,0,1.844901919e-05,3.3
0.1000,0.4000,3,0.1,0.1,0.5000,inf,0,1.844901919e-05,3.3
0.1000,0.4000,3,0.1,0.1,0.9000,100.0,0.9343297593,2.343466902e-06,3.3
0.1000,0.4000,3,0.1,0.1,0.9000,1000.0,0.005757811661,2.343466902e-06,3.3
0.1000,0.4000,3,0.1,0.1,0.9000,10000.0,0,2.343466902e-06,3.3
0.1000,0.4000,3,0.1,0.1,0.9000,inf,0,2.343466902e-06,3.3
0.1000,0.4000,3,0.1,1,0.5000,100.0,0.00497220121,0.01006855784,3.3
0.1000,0.4000,3,0.1,1,0.5000,1000.0,0,0.01006855784,3.3
0.1000,0.4000,3,0.1,1,0.5000,10000.0,0,0.01006855784,3.3
0.1000,0.4000,3,0.1,1,0.5000,inf,0,0.01006855784,3.3
0.1000,0.4000,3,0.1,1,0.9000,100.0,0.005464693136,0.001741173138,3.3
0.1000,0.4000,3,0.1,1,0.9000,1000.0,0,0.001741173138,3.3
0.1000,0.4000,3,0.1,1,0.9000,10000.0,0,0.001741173138,3.3
0.1000,0.4000,3,0.1,1,0.9000,inf,0,0.001741173138,3.3
0.1000,0.4000,6,0.01,0.0166667,0.5000,100.0,0.9999999718,1.146176283e-14,6.06
0.1000,0.4000,6,0.01,0.0166667,0.5000,1000.0,0.9929504707,1.146176283e-14,6.06
0.1000,0.4000,6,0.01,0.0166667,0.5000,10000.0,0.000964203861,1.146176283e-14,6.06
0.1000,0.4000,6,0.01,0.0166667,0.5000,inf,0,1.146176283e-14,6.06
0.1000,0.4000,6,0.01,0.0166667,0.9000,100.0,0.9999999744,1.374565544e-16,6.06
0.1000,0.4000,6,0.01,0.0166667,0.9000,1000.0,0.9929989304,1.374565544e-16,6.06
0.1000,0.4000,6,0.01,0.0166667,0.9000,10000.0,0.0009658953349,1.374565544e-16,6.06
0.1000,0.4000,6,0.01,0.0166667,0.9000,inf,0,1.374565544e-16,6.06
0.1000,0.4000,6,0.01,0.1,0.5000,100.0,0.9993591635,4.664860604e-10,6.06
0.1000,0.4000,6,0.01,0.1,0.5000,1000.0,0.07002022544,4.664860604e-10,6.06
0.1000,0.4000,6,0.01,0.1,0.5000,10000.0,0,4.664860604e-10,6.06
0.1000,0.4000,6,0.01,0.1,0.5000,inf,0,4.664860604e-10,6.06
0.1000,0.4000,6,0.01,0.1,0.9000,100.0,0.9994093308,6.019911694e-12,6.06
0.1000,0.4000,6,0.01,0.1,0.9000,1000.0,0.07059278694,6.019911694e-12,6.06
0.1000,0.4000,6,0.01,0.1,0.9000,10000.0,0,6.019911694e-12,6.06
0.1000,0.4000,6,0.01,0.1,0.9000,inf,0,6.019911694e-12,6.06
0.1000,0.4000,6,0.01,1,0.5000,100.0,0.06288849976,0.0001264255513,6.06
0.1000,0.4000,6,0.01,1,0.5000,1000.0,0,0.0001264255513,6.06
0.1000,0.4000,6,0.01,1,0.5000,10000.0,0,0.0001264255513,6.06
0.1000,0.4000,6,0.01,1,0.5000,inf,0,0.0001264255513,6.06
0.1000,0.4000,6,0.01,1,0.9000,100.0,0.06778498898,3.16153115e-06,6.06
0.1000,0.4000,6,0.01,1,0.9000,1000.0,0,3.16153115e-06,6.06
0.1000,0.4000,6,0.01,1,0.9000,10000.0,0,3.16153115e-06,6.06
0.1000,0.4000,6,0.01,1,0.9000,inf,0,3.16153115e-06,6.06
0.1000,0.4000,6,0.1,0.0166667,0.5000,100.0,0.9999999829,6.883440501e-15,6.6
0.1000,0.4000,6,0.1,0.0166667,0.5000,1000.0,0.9952740566,6.883440501e-15,6.6
0.1000,0.4000,6,0.1,0.0166667,0.5000,10000.0,0.002507311013,6.883440501e-15,6.6
0.1000,0.4000,6,0.1,0.0166667,0.5000,inf,0,6.883440501e-15,6.6
0.1000,0.4000,6,0.1,0.0166667,0.9000,100.0,0.9999999845,8.244982216e-17,6.6
0.1000,0.4000,6,0.1,0.0166667,0.9000,1000.0,0.9953073078,8.244982216e-17,6.6
0.1000,0.4000,6,0.1,0.0166667,0.9000,10000.0,0.002511223106,8.244982216e-17,6.6
0.1000,0.4000,6,0.1,0.0166667,0.9000,inf,0,8.244982216e-17,6.6
0.1000,0.4000,6,0.1,0.1,0.5000,100.0,0.9995881622,2.832536735e-10,6.6
0.1000,0.4000,6,0.1,0.1,0.5000,1000.0,0.1090577862,2.832536735e-10,6.6
0.1000,0.4000,6,0.1,0.1,0.5000,10000.0,0,2.832536735e-10,6.6
0.1000,0.4000,6,0.1,0.1,0.5000,inf,0,2.832536735e-10,6.6
0.1000,0.4000,6,0.1,0.1,0.9000,100.0,0.9996208667,3.629508108e-12,6.6
0.1000,0.4000,6,0.1,0.1,0.9000,1000.0,0.1098313384,3.629508108e-12,6.6
0.1000,0.4000,6,0.1,0.1,0.9000,10000.0,0,3.629508108e-12,6.6
0.1000,0.4000,6,0.1,0.1,0.9000,inf,0,3.629508108e-12,6.6
0.1000,0.4000,6,0.1,1,0.5000,100.0,0.09923174768,8.436202135e-05,6.6
0.1000,0.4000,6,0.1,1,0.5000,1000.0,0,8.436202135e-05,6.6
0.1000,0.4000,6,0.1,1,0.5000,10000.0,0,8.436202135e-05,6.6
0.1000,0.4000,6,0.1,1,0.5000,inf,0,8.436202135e-05,6.6
0.1000,0.4000,6,0.1,1,0.9000,100.0,0.1060054844,2.003048136e-06,6.6
0.1000,0.4000,6,0.1,1,0.9000,1000.0,0,2.003048136e-06,6.6
0.1000,0.4000,6,0.1,1,0.9000,10000.0,0,2.003048136e-06,6.6
0.1000,0.4000,6,0.1,1,0.9000,inf,0,2.003048136e-06,6.6
0.1000,0.4000,12,0.01,0.0166667,0.5000,100.0,1,1.093332414e-28,12.12
0.1000,0.4000,12,0.01,0.0166667,0.5000,1000.0,0.9999998084,1.093332414e-28,12.12
0.1000,0.4000,12,0.01,0.0166667,0.5000,10000.0,0.1038417141,1.093332414e-28,12.12
0.1000,0.4000,12,0.01,0.0166667,0.5000,inf,0,1.093332414e-28,12.12
0.1000,0.4000,12,0.01,0.0166667,0.9000,100.0,1,1.249836203e-32,12.12
0.1000,0.4000,12,0.01,0.0166667,0.9000,1000.0,0.9999998114,1.249836203e-32,12.12
0.1000,0.4000,12,0.01,0.0166667,0.9000,10000.0,0.1039446136,1.249836203e-32,12.12
0.1000,0.4000,12,0.01,0.0166667,0.9000,inf,0,1.249836203e-32,12.12
0.1000,0.4000,12,0.01,0.1,0.5000,100.0,0.999999999,1.811034525e-19,12.12
0.1000,0.4000,12,0.01,0.1,0.5000,1000.0,0.7053714244,1.811034525e-19,12.12
0.1000,0.4000,12,0.01,0.1,0.5000,10000.0,0,1.811034525e-19,12.12
0.1000,0.4000,12,0.01,0.1,0.5000,inf,0,1.811034525e-19,12.12
0.1000,0.4000,12,0.01,0.1,0.9000,100.0,0.9999999992,2.397190099e-23,12.12
0.1000,0.4000,12,0.01,0.1,0.9000,1000.0,0.7070288922,2.397190099e-23,12.12
0.1000,0.4000,12,0.01,0.1,0.9000,10000.0,0,2.397190099e-23,12.12
0.1000,0.4000,12,0.01,0.1,0.9000,inf,0,2.397190099e-23,12.12
0.1000,0.4000,12,0.01,1,0.5000,100.0,0.6813721411,1.330206623e-08,12.12
0.1000,0.4000,12,0.01,1,0.5000,1000.0,0,1.330206623e-08,12.12
0.1000,0.4000,12,0.01,1,0.5000,10000.0,0,1.330206623e-08,12.12
0.1000,0.4000,12,0.01,1,0.5000,inf,0,1.330206623e-08,12.12
0.1000,0.4000,12,0.01,1,0.9000,100.0,0.6983618932,6.611770504e-12,12.12
0.1000,0.4000,12,0.01,1,0.9000,1000.0,0,6.611770504e-12,12.12
0.1000,0.4000,12,0.01,1,0.9000,10000.0,0,6.611770504e-12,12.12
0.1000,0.4000,12,0.01,1,0.9000,inf,0,6.611770504e-12,12.12
0.1000,0.4000,12,0.1,0.0166667,0.5000,100.0,1,3.943306312e-29,13.2
0.1000,0.4000,12,0.1,0.0166667,0.5000,1000.0,0.9999999221,3.943306312e-29,13.2
0.1000,0.4000,12,0.1,0.0166667,0.5000,10000.0,0.1746855838,3.943306312e-29,13.2
0.1000,0.4000,12,0.1,0.0166667,0.5000,inf,0,3.943306312e-29,13.2
0.1000,0.4000,12,0.1,0.0166667,0.9000,100.0,1,4.496779991e-33,13.2
0.1000,0.4000,12,0.1,0.0166667,0.9000,1000.0,0.9999999234,4.496779991e-33,13.2
0.1000,0.4000,12,0.1,0.0166667,0.9000,10000.0,0.174828187,4.496779991e-33,13.2
0.1000,0.4000,12,0.1,0.0166667,0.9000,inf,0,4.496779991e-33,13.2
0.1000,0.4000,12,0.1,0.1,0.5000,100.0,0.9999999996,6.677293873e-20,13.2
0.1000,0.4000,12,0.1,0.1,0.5000,1000.0,0.7919902911,6.677293873e-20,13.2
0.1000,0.4000,12,0.1,0.1,0.5000,10000.0,0,6.677293873e-20,13.2
0.1000,0.4000,12,0.1,0.1,0.5000,inf,0,6.677293873e-20,13.2
0.1000,0.4000,12,0.1,0.1,0.9000,100.0,0.9999999997,8.714004339e-24,13.2
0.1000,0.4000,12,0.1,0.1,0.9000,1000.0,0.7933321422,8.714004339e-24,13.2
0.1000,0.4000,12,0.1,0.1,0.9000,10000.0,0,8.714004339e-24,13.2
0.1000,0.4000,12,0.1,0.1,0.9000,inf,0,8.714004339e-24,13.2
0.1000,0.4000,12,0.1,1,0.5000,100.0,0.7721120724,5.923022017e-09,13.2
0.1000,0.4000,12,0.1,1,0.5000,1000.0,0,5.923022017e-09,13.2
0.1000,0.4000,12,0.1,1,0.5000,10000.0,0,5.923022017e-09,13.2
0.1000,0.4000,12,0.1,1,0.5000,inf,0,5.923022017e-09,13.2
0.1000,0.4000,12,0.1,1,0.9000,100.0,0.786250565,2.654028253e-12,13.2
0.1000,0.4000,12,0.1,1,0.9000,1000.0,0,2.654028253e-12,13.2
0.1000,0.4000,12,0.1,1,0.9000,10000.0,0,2.654028253e-12,13.2
0.1000,0.4000,12,0.1,1,0.9000,inf,0,2.654028253e-12,13.2
0.1000,0.4500,1,0.01,0.0166667,0.5000,100.0,0.8442100601,0.005969702406,1.01
0.1000,0.4500,1,0.01,0.0166667,0.5000,1000.0,0.1911871584,0.005969702406,1.01
0.1000,0.4500,1,0.01,0.0166667,0.5000,10000.0,6.784855556e-08,0.005969702406,1.01
0.1000,0.4500,1,0.01,0.0166667,0.5000,inf,0,0.005969702406,1.01
0.1000,0.4500,1,0.01,0.0166667,0.9000,100.0,0.8464558778,0.00332532409,1.01
0.1000,0.4500,1,0.01,0.0166667,0.9000,1000.0,0.1916957658,0.00332532409,1.01
0.1000,0.4500,1,0.01,0.0166667,0.9000,10000.0,6.802905034e-08,0.00332532409,1.01
0.1000,0.4500,1,0.01,0.0166667,0.9000,inf,0,0.00332532409,1.01
0.1000,0.4500,1,0.01,0.1,0.5000,100.0,0.3621339041,0.03491897257,1.01
0.1000,0.4500,1,0.01,0.1,0.5000,1000.0,4.885605071e-05,0.03491897257,1.01
0.1000,0.4500,1,0.01,0.1,0.5000,10000.0,0,0.03491897257,1.01
0.1000,0.4500,1,0.01,0.1,0.5000,inf,0,0.03491897257,1.01
0.1000,0.4500,1,0.01,0.1,0.9000,100.0,0.3678426541,0.01970524562,1.01
0.1000,0.4500,1,0.01,0.1,0.9000,1000.0,4.96262271e-05,0.01970524562,1.01
0.1000,0.4500,1,0.01,0.1,0.9000,10000.0,0,0.01970524562,1.01
0.1000,0.4500,1,0.01,0.1,0.9000,inf,0,0.01970524562,1.01
0.1000,0.4500,1,0.01,1,0.5000,100.0,4.014755322e-05,0.2745541606,1.01
0.1000,0.4500,1,0.01,1,0.5000,1000.0,0,0.2745541606,1.01
0.1000,0.4500,1,0.01,1,0.5000,10000.0,0,0.2745541606,1.01
0.1000,0.4500,1,0.01,1,0.5000,inf,0,0.2745541606,1.01
0.1000,0.4500,1,0.01,1,0.9000,100.0,4.572739629e-05,0.1737292382,1.01
0.1000,0.4500,1,0.01,1,0.9000,1000.0,0,0.1737292382,1.01
0.1000,0.4500,1,0.01,1,0.9000,10000.0,0,0.1737292382,1.01
0.1000,0.4500,1,0.01,1,0.9000,inf,0,0.1737292382,1.01
0.1000,0.4500,1,0.1,0.0166667,0.5000,100.0,0.8559882132,0.005483582478,1.1
0.1000,0.4500,1,0.1,0.0166667,0.5000,1000.0,0.2189011467,0.005483582478,1.1
0.1000,0.4500,1,0.1,0.0166667,0.5000,10000.0,2.618487707e-07,0.005483582478,1.1
0.1000,0.4500,1,0.1,0.0166667,0.5000,inf,0,0.005483582478,1.1
0.1000,0.4500,1,0.1,0.0166667,0.9000,100.0,0.8580794797,0.00305387746,1.1
0.1000,0.4500,1,0.1,0.0166667,0.9000,1000.0,0.2194359445,0.00305387746,1.1
0.1000,0.4500,1,0.1,0.0166667,0.9000,10000.0,2.62488494e-07,0.00305387746,1.1
0.1000,0.4500,1,0.1,0.0166667,0.9000,inf,0,0.00305387746,1.1
0.1000,0.4500,1,0.1,0.1,0.5000,100.0,0.3935020201,0.03214120704,1.1
0.1000,0.4500,1,0.1,0.1,0.5000,1000.0,0.0001100597388,0.03214120704,1.1
0.1000,0.4500,1,0.1,0.1,0.5000,10000.0,0,0.03214120704,1.1
0.1000,0.4500,1,0.1,0.1,0.5000,inf,0,0.03214120704,1.1
0.1000,0.4500,1,0.1,0.1,0.9000,100.0,0.3992046509,0.01811499854,1.1
0.1000,0.4500,1,0.1,0.1,0.9000,1000.0,0.0001116547244,0.01811499854,1.1
0.1000,0.4500,1,0.1,0.1,0.9000,10000.0,0,0.01811499854,1.1
0.1000,0.4500,1,0.1,0.1,0.9000,inf,0,0.01811499854,1.1
0.1000,0.4500,1,0.1,1,0.5000,100.0,9.168151788e-05,0.2570969659,1.1
0.1000,0.4500,1,0.1,1,0.5000,1000.0,0,0.2570969659,1.1
0.1000,0.4500,1,0.1,1,0.5000,10000.0,0,0.2570969659,1.1
0.1000,0.4500,1,0.1,1,0.5000,inf,0,0.2570969659,1.1
0.1000,0.4500,1,0.1,1,0.9000,100.0,0.0001035090076,0.1612578244,1.1
0.1000,0.4500,1,0.1,1,0.9000,1000.0,0,0.1612578244,1.1
0.1000,0.4500,1,0.1,1,0.9000,10000.0,0,0.1612578244,1.1
0.1000,0.4500,1,0.1,1,0.9000,inf,0,0.1612578244,1.1
0.1000,0.4500,3,0.01,0.0166667,0.5000,100.0,0.99928475,1.569419409e-07,3.03
0.1000,0.4500,3,0.01,0.0166667,0.5000,1000.0,0.769178463,1.569419409e-07,3.03
0.1000,0.4500,3,0.01,0.0166667,0.5000,10000.0,1.043033194e-05,1.569419409e-07,3.03
0.1000,0.4500,3,0.01,0.0166667,0.5000,inf,0,1.569419409e-07,3.03
0.1000,0.4500,3,0.01,0.0166667,0.9000,100.0,0.9993179454,2.007647986e-08,3.03
0.1000,0.4500,3,0.01,0.0166667,0.9000,1000.0,0.7698766933,2.007647986e-08,3.03
0.1000,0.4500,3,0.01,0.0166667,0.9000,10000.0,1.045492704e-05,2.007647986e-08,3.03
0.1000,0.4500,3,0.01,0.0166667,0.9000,inf,0,2.007647986e-08,3.03
0.1000,0.4500,3,0.01,0.1,0.5000,100.0,0.9166113157,3.143065264e-05,3.03
0.1000,0.4500,3,0.01,0.1,0.5000,1000.0,0.002940702374,3.143065264e-05,3.03
0.1000,0.4500,3,0.01,0.1,0.5000,10000.0,0,3.143065264e-05,3.03
0.1000,0.4500,3,0.01,0.1,0.5000,inf,0,3.143065264e-05,3.03
0.1000,0.4500,3,0.01,0.1,0.9000,100.0,0.919643419,4.183525785e-06,3.03
0.1000,0.4500,3,0.01,0.1,0.9000,1000.0,0.002978758745,4.183525785e-06,3.03
0.1000,0.4500,3,0.01,0.1,0.9000,10000.0,0,4.183525785e-06,3.03
0.1000,0.4500,3,0.01,0.1,0.9000,inf,0,4.183525785e-06,3.03
0.1000,0.4500,3,0.01,1,0.5000,100.0,0.002490161581,0.01538731316,3.03
0.1000,0.4500,3,0.01,1,0.5000,1000.0,0,0.01538731316,3.03
0.1000,0.4500,3,0.01,1,0.5000,10000.0,0,0.01538731316,3.03
0.1000,0.4500,3,0.01,1,0.5000,inf,0,0.01538731316,3.03
0.1000,0.4500,3,0.01,1,0.9000,100.0,0.002781904132,0.002910788892,3.03
0.1000,0.4500,3,0.01,1,0.9000,1000.0,0,0.002910788892,3.03
0.1000,0.4500,3,0.01,1,0.9000,10000.0,0,0.002910788892,3.03
0.1000,0.4500,3,0.01,1,0.9000,inf,0,0.002910788892,3.03
0.1000,0.4500,3,0.1,0.0166667,0.5000,100.0,0.9994405869,1.216380363e-07,3.3
0.1000,0.4500,3,0.1,0.0166667,0.5000,1000.0,0.8040247916,1.216380363e-07,3.3
0.1000,0.4500,3,0.1,0.0166667,0.5000,10000.0,3.430216485e-05,1.216380363e-07,3.3
0.1000,0.4500,3,0.1,0.0166667,0.5000,inf,0,1.216380363e-07,3.3
0.1000,0.4500,3,0.1,0.0166667,0.9000,100.0,0.9994666474,1.555000197e-08,3.3
0.1000,0.4500,3,0.1,0.0166667,0.9000,1000.0,0.804643754,1.555000197e-08,3.3
0.1000,0.4500,3,0.1,0.0166667,0.9000,10000.0,3.437565578e-05,1.555000197e-08,3.3
0.1000,0.4500,3,0.1,0.0166667,0.9000,inf,0,1.555000197e-08,3.3
0.1000,0.4500,3,0.1,0.1,0.5000,100.0,0.931514517,2.450909608e-05,3.3
0.1000,0.4500,3,0.1,0.1,0.5000,1000.0,0.005684358965,2.450909608e-05,3.3
0.1000,0.4500,3,0.1,0.1,0.5000,10000.0,0,2.450909608e-05,3.3
0.1000,0.4500,3,0.1,0.1,0.5000,inf,0,2.450909608e-05,3.3
0.1000,0.4500,3,0.1,0.1,0.9000,100.0,0.9340684691,3.249763763e-06,3.3
0.1000,0.4500,3,0.1,0.1,0.9000,1000.0,0.005750803478,3.249763763e-06,3.3
0.1000,0.4500,3,0.1,0.1,0.9000,10000.0,0,3.249763763e-06,3.3
0.1000,0.4500,3,0.1,0.1,0.9000,inf,0,3.249763763e-06,3.3
0.1000,0.4500,3,0.1,1,0.5000,100.0,0.004882014832,0.01262661635,3.3
0.1000,0.4500,3,0.1,1,0.5000,1000.0,0,0.01262661635,3.3
0.1000,0.4500,3,0.1,1,0.5000,10000.0,0,0.01262661635,3.3
0.1000,0.4500,3,0.1,1,0.5000,inf,0,0.01262661635,3.3
0.1000,0.4500,3,0.1,1,0.9000,100.0,0.005403975376,0.00232463814,3.3
0.1000,0.4500,3,0.1,1,0.9000,1000.0,0,0.00232463814,3.3
0.1000,0.4500,3,0.1,1,0.9000,10000.0,0,0.00232463814,3.3
0.1000,0.4500,3,0.1,1,0.9000,inf,0,0.00232463814,3.3
0.1000,0.4500,6,0.01,0.0166667,0.5000,100.0,0.9999999712,2.088163484e-14,6.06
0.1000,0.4500,6,0.01,0.0166667,0.5000,1000.0,0.9929404992,2.088163484e-14,6.06
0.1000,0.4500,6,0.01,0.0166667,0.5000,10000.0,0.0009638585855,2.088163484e-14,6.06
0.1000,0.4500,6,0.01,0.0166667,0.5000,inf,0,2.088163484e-14,6.06
0.1000,0.4500,6,0.01,0.0166667,0.9000,100.0,0.9999999741,2.807829377e-16,6.06
0.1000,0.4500,6,0.01,0.0166667,0.9000,1000.0,0.9929934478,2.807829377e-16,6.06
0.1000,0.4500,6,0.01,0.0166667,0.9000,10000.0,0.0009657028321,2.807829377e-16,6.06
0.1000,0.4500,6,0.01,0.0166667,0.9000,inf,0,2.807829377e-16,6.06
0.1000,0.4500,6,0.01,0.1,0.5000,100.0,0.9993481434,8.375143669e-10,6.06
0.1000,0.4500,6,0.01,0.1,0.5000,1000.0,0.06990412611,8.375143669e-10,6.06
0.1000,0.4500,6,0.01,0.1,0.5000,10000.0,0,8.375143669e-10,6.06
0.1000,0.4500,6,0.01,0.1,0.5000,inf,0,8.375143669e-10,6.06
0.1000,0.4500,6,0.01,0.1,0.9000,100.0,0.9994039274,1.219192655e-11,6.06
0.1000,0.4500,6,0.01,0.1,0.9000,1000.0,0.07052730535,1.219192655e-11,6.06
0.1000,0.4500,6,0.01,0.1,0.9000,10000.0,0,1.219192655e-11,6.06
0.1000,0.4500,6,0.01,0.1,0.9000,inf,0,1.219192655e-11,6.06
0.1000,0.4500,6,0.01,1,0.5000,100.0,0.06196651804,0.0002007229458,6.06
0.1000,0.4500,6,0.01,1,0.5000,1000.0,0,0.0002007229458,6.06
0.1000,0.4500,6,0.01,1,0.5000,10000.0,0,0.0002007229458,6.06
0.1000,0.4500,6,0.01,1,0.5000,inf,0,0.0002007229458,6.06
0.1000,0.4500,6,0.01,1,0.9000,100.0,0.06719386704,5.900789366e-06,6.06
0.1000,0.4500,6,0.01,1,0.9000,1000.0,0,5.900789366e-06,6.06
0.1000,0.4500,6,0.01,1,0.9000,10000.0,0,5.900789366e-06,6.06
0.1000,0.4500,6,0.01,1,0.9000,inf,0,5.900789366e-06,6.06
0.1000,0.4500,6,0.1,0.0166667,0.5000,100.0,0.9999999826,1.254368891e-14,6.6
0.1000,0.4500,6,0.1,0.0166667,0.5000,1000.0,0.9952672129,1.254368891e-14,6.6
0.1000,0.4500,6,0.1,0.0166667,0.5000,10000.0,0.002506512258,1.254368891e-14,6.6
0.1000,0.4500,6,0.1,0.0166667,0.5000,inf,0,1.254368891e-14,6.6
0.1000,0.4500,6,0.1,0.0166667,0.9000,100.0,0.9999999843,1.684444117e-16,6.6
0.1000,0.4500,6,0.1,0.0166667,0.9000,1000.0,0.9953035465,1.684444117e-16,6.6
0.1000,0.4500,6,0.1,0.0166667,0.9000,10000.0,0.002510777958,1.684444117e-16,6.6
0.1000,0.4500,6,0.1,0.0166667,0.9000,inf,0,1.684444117e-16,6.6
0.1000,0.4500,6,0.1,0.1,0.5000,100.0,0.9995809658,5.092606919e-10,6.6
0.1000,0.4500,6,0.1,0.1,0.5000,1000.0,0.1089007093,5.092606919e-10,6.6
0.1000,0.4500,6,0.1,0.1,0.5000,10000.0,0,5.092606919e-10,6.6
0.1000,0.4500,6,0.1,0.1,0.5000,inf,0,5.092606919e-10,6.6
0.1000,0.4500,6,0.1,0.1,0.9000,100.0,0.9996173486,7.356848752e-12,6.6
0.1000,0.4500,6,0.1,0.1,0.9000,1000.0,0.1097429626,7.356848752e-12,6.6
0.1000,0.4500,6,0.1,0.1,0.9000,10000.0,0,7.356848752e-12,6.6
0.1000,0.4500,6,0.1,0.1,0.9000,inf,0,7.356848752e-12,6.6
0.1000,0.4500,6,0.1,1,0.5000,100.0,0.09794123827,0.0001351596168,6.6
0.1000,0.4500,6,0.1,1,0.5000,1000.0,0,0.0001351596168,6.6
0.1000,0.4500,6,0.1,1,0.5000,10000.0,0,0.0001351596168,6.6
0.1000,0.4500,6,0.1,1,0.5000,inf,0,0.0001351596168,6.6
0.1000,0.4500,6,0.1,1,0.9000,100.0,0.1051948309,3.763649894e-06,6.6
0.1000,0.4500,6,0.1,1,0.9000,1000.0,0,3.763649894e-06,6.6
0.1000,0.4500,6,0.1,1,0.9000,10000.0,0,3.763649894e-06,6.6
0.1000,0.4500,6,0.1,1,0.9000,inf,0,3.763649894e-06,6.6
0.1000,0.4500,12,0.01,0.0166667,0.5000,100.0,1,3.69681938e-28,12.12
0.1000,0.4500,12,0.01,0.0166667,0.5000,1000.0,0.9999998078,3.69681938e-28,12.12
0.1000,0.4500,12,0.01,0.0166667,0.5000,10000.0,0.1038206872,3.69681938e-28,12.12
0.1000,0.4500,12,0.01,0.0166667,0.5000,inf,0,3.69681938e-28,12.12
0.1000,0.4500,12,0.01,0.0166667,0.9000,100.0,1,5.495075601e-32,12.12
0.1000,0.4500,12,0.01,0.0166667,0.9000,1000.0,0.999999811,5.495075601e-32,12.12
0.1000,0.4500,12,0.01,0.0166667,0.9000,10000.0,0.103932912,5.495075601e-32,12.12
0.1000,0.4500,12,0.01,0.0166667,0.9000,inf,0,5.495075601e-32,12.12
0.1000,0.4500,12,0.01,0.1,0.5000,100.0,0.9999999989,5.946805989e-19,12.12
0.1000,0.4500,12,0.01,0.1,0.5000,1000.0,0.7050317751,5.946805989e-19,12.12
0.1000,0.4500,12,0.01,0.1,0.5000,10000.0,0,5.946805989e-19,12.12
0.1000,0.4500,12,0.01,0.1,0.5000,inf,0,5.946805989e-19,12.12
0.1000,0.4500,12,0.01,0.1,0.9000,100.0,0.9999999992,1.036040987e-22,12.12
0.1000,0.4500,12,0.01,0.1,0.9000,1000.0,0.7068408017,1.036040987e-22,12.12
0.1000,0.4500,12,0.01,0.1,0.9000,10000.0,0,1.036040987e-22,12.12
0.1000,0.4500,12,0.01,0.1,0.9000,inf,0,1.036040987e-22,12.12
0.1000,0.4500,12,0.01,1,0.5000,100.0,0.6778712081,3.415806695e-08,12.12
0.1000,0.4500,12,0.01,1,0.5000,1000.0,0,3.415806695e-08,12.12
0.1000,0.4500,12,0.01,1,0.5000,10000.0,0,3.415806695e-08,12.12
0.1000,0.4500,12,0.01,1,0.5000,inf,0,3.415806695e-08,12.12
0.1000,0.4500,12,0.01,1,0.9000,100.0,0.6964455939,2.426904928e-11,12.12
0.1000,0.4500,12,0.01,1,0.9000,1000.0,0,2.426904928e-11,12.12
0.1000,0.4500,12,0.01,1,0.9000,10000.0,0,2.426904928e-11,12.12
0.1000,0.4500,12,0.01,1,0.9000,inf,0,2.426904928e-11,12.12
0.1000,0.4500,12,0.1,0.0166667,0.5000,100.0,1,1.333981442e-28,13.2
0.1000,0.4500,12,0.1,0.0166667,0.5000,1000.0,0.9999999219,1.333981442e-28,13.2
0.1000,0.4500,12,0.1,0.0166667,0.5000,10000.0,0.1746564366,1.333981442e-28,13.2
0.1000,0.4500,12,0.1,0.0166667,0.5000,inf,0,1.333981442e-28,13.2
0.1000,0.4500,12,0.1,0.0166667,0.9000,100.0,1,1.977631902e-32,13.2
0.1000,0.4500,12,0.1,0.0166667,0.9000,1000.0,0.9999999232,1.977631902e-32,13.2
0.1000,0.4500,12,0.1,0.0166667,0.9000,10000.0,0.1748119732,1.977631902e-32,13.2
0.1000,0.4500,12,0.1,0.0166667,0.9000,inf,0,1.977631902e-32,13.2
0.1000,0.4500,12,0.1,0.1,0.5000,100.0,0.9999999996,2.198768721e-19,13.2
0.1000,0.4500,12,0.1,0.1,0.5000,1000.0,0.7917149178,2.198768721e-19,13.2
0.1000,0.4500,12,0.1,0.1,0.5000,10000.0,0,2.198768721e-19,13.2
0.1000,0.4500,12,0.1,0.1,0.5000,inf,0,2.198768721e-19,13.2
0.1000,0.4500,12,0.1,0.1,0.9000,100.0,0.9999999997,3.772384183e-23,13.2
0.1000,0.4500,12,0.1,0.1,0.9000,1000.0,0.793180031,3.772384183e-23,13.2
0.1000,0.4500,12,0.1,0.1,0.9000,10000.0,0,3.772384183e-23,13.2
0.1000,0.4500,12,0.1,0.1,0.9000,inf,0,3.772384183e-23,13.2
0.1000,0.4500,12,0.1,1,0.5000,100.0,0.7691554355,1.548792171e-08,13.2
0.1000,0.4500,12,0.1,1,0.5000,1000.0,0,1.548792171e-08,13.2
0.1000,0.4500,12,0.1,1,0.5000,10000.0,0,1.548792171e-08,13.2
0.1000,0.4500,12,0.1,1,0.5000,inf,0,1.548792171e-08,13.2
0.1000,0.4500,12,0.1,1,0.9000,100.0,0.7846732687,9.873040988e-12,13.2
0.1000,0.4500,12,0.1,1,0.9000,1000.0,0,9.873040988e-12,13.2
0.1000,0.4500,12,0.1,1,0.9000,10000.0,0,9.873040988e-12,13.2
0.1000,0.4500,12,0.1,1,0.9000,inf,0,9.873040988e-12,13.2
0.1000,0.5000,1,0.01,0.0166667,0.5000,100.0,0.8437063925,0.006562754877,1.01
0.1000,0.5000,1,0.01,0.0166667,0.5000,1000.0,0.1910730934,0.006562754877,1.01
0.1000,0.5000,1,0.01,0.0166667,0.5000,10000.0,6.780807615e-08,0.006562754877,1.01
0.1000,0.5000,1,0.01,0.0166667,0.5000,inf,0,0.006562754877,1.01
0.1000,0.5000,1,0.01,0.0166667,0.9000,100.0,0.8461744973,0.003656640547,1.01
0.1000,0.5000,1,0.01,0.0166667,0.9000,1000.0,0.1916320419,0.003656640547,1.01
0.1000,0.5000,1,0.01,0.0166667,0.9000,10000.0,6.800643599e-08,0.003656640547,1.01
0.1000,0.5000,1,0.01,0.0166667,0.9000,inf,0,0.003656640547,1.01
0.1000,0.5000,1,0.01,0.1,0.5000,100.0,0.36087377,0.03827720974,1.01
0.1000,0.5000,1,0.01,0.1,0.5000,1000.0,4.868604405e-05,0.03827720974,1.01
0.1000,0.5000,1,0.01,0.1,0.5000,10000.0,0,0.03827720974,1.01
0.1000,0.5000,1,0.01,0.1,0.5000,inf,0,0.03827720974,1.01
0.1000,0.5000,1,0.01,0.1,0.9000,100.0,0.3671192366,0.02163314154,1.01
0.1000,0.5000,1,0.01,0.1,0.9000,1000.0,4.952862972e-05,0.02163314154,1.01
0.1000,0.5000,1,0.01,0.1,0.9000,10000.0,0,0.02163314154,1.01
0.1000,0.5000,1,0.01,0.1,0.9000,inf,0,0.02163314154,1.01
0.1000,0.5000,1,0.01,1,0.5000,100.0,3.907473997e-05,0.2939393496,1.01
0.1000,0.5000,1,0.01,1,0.5000,1000.0,0,0.2939393496,1.01
0.1000,0.5000,1,0.01,1,0.5000,10000.0,0,0.2939393496,1.01
0.1000,0.5000,1,0.01,1,0.5000,inf,0,0.2939393496,1.01
0.1000,0.5000,1,0.01,1,0.9000,100.0,4.494654341e-05,0.187838852,1.01
0.1000,0.5000,1,0.01,1,0.9000,1000.0,0,0.187838852,1.01
0.1000,0.5000,1,0.01,1,0.9000,10000.0,0,0.187838852,1.01
0.1000,0.5000,1,0.01,1,0.9000,inf,0,0.187838852,1.01
0.1000,0.5000,1,0.1,0.0166667,0.5000,100.0,0.8555190823,0.006028634874,1.1
0.1000,0.5000,1,0.1,0.0166667,0.5000,1000.0,0.2187811762,0.006028634874,1.1
0.1000,0.5000,1,0.1,0.0166667,0.5000,10000.0,2.617052625e-07,0.006028634874,1.1
0.1000,0.5000,1,0.1,0.0166667,0.5000,inf,0,0.006028634874,1.1
0.1000,0.5000,1,0.1,0.0166667,0.9000,100.0,0.8578175128,0.003358239641,1.1
0.1000,0.5000,1,0.1,0.0166667,0.9000,1000.0,0.2193689519,0.003358239641,1.1
0.1000,0.5000,1,0.1,0.0166667,0.9000,10000.0,2.624083577e-07,0.003358239641,1.1
0.1000,0.5000,1,0.1,0.0166667,0.9000,inf,0,0.003358239641,1.1
0.1000,0.5000,1,0.1,0.1,0.5000,100.0,0.3922413092,0.03524205552,1.1
0.1000,0.5000,1,0.1,0.1,0.5000,1000.0,0.0001097071269,0.03524205552,1.1
0.1000,0.5000,1,0.1,0.1,0.5000,10000.0,0,0.03524205552,1.1
0.1000,0.5000,1,0.1,0.1,0.5000,inf,0,0.03524205552,1.1
0.1000,0.5000,1,0.1,0.1,0.9000,100.0,0.3984827994,0.01989046682,1.1
0.1000,0.5000,1,0.1,0.1,0.9000,1000.0,0.0001114528277,0.01989046682,1.1
0.1000,0.5000,1,0.1,0.1,0.9000,10000.0,0,0.01989046682,1.1
0.1000,0.5000,1,0.1,0.1,0.9000,inf,0,0.01989046682,1.1
0.1000,0.5000,1,0.1,1,0.5000,100.0,8.938349533e-05,0.2757180355,1.1
0.1000,0.5000,1,0.1,1,0.5000,1000.0,0,0.2757180355,1.1
0.1000,0.5000,1,0.1,1,0.5000,10000.0,0,0.2757180355,1.1
0.1000,0.5000,1,0.1,1,0.5000,inf,0,0.2757180355,1.1
0.1000,0.5000,1,0.1,1,0.9000,100.0,0.0001018663332,0.1745685523,1.1
0.1000,0.5000,1,0.1,1,0.9000,1000.0,0,0.1745685523,1.1
0.1000,0.5000,1,0.1,1,0.9000,10000.0,0,0.1745685523,1.1
0.1000,0.5000,1,0.1,1,0.9000,inf,0,0.1745685523,1.1
0.1000,0.5000,3,0.01,0.0166667,0.5000,100.0,0.9992770155,2.149620116e-07,3.03
0.1000,0.5000,3,0.01,0.0166667,0.5000,1000.0,0.769021257,2.149620116e-07,3.03
0.1000,0.5000,3,0.01,0.0166667,0.5000,10000.0,1.042481385e-05,2.149620116e-07,3.03
0.1000,0.5000,3,0.01,0.0166667,0.5000,inf,0,2.149620116e-07,3.03
0.1000,0.5000,3,0.01,0.0166667,0.9000,100.0,0.9993139001,2.854833227e-08,3.03
0.1000,0.5000,3,0.01,0.0166667,0.9000,1000.0,0.7697894563,2.854833227e-08,3.03
0.1000,0.5000,3,0.01,0.0166667,0.9000,10000.0,1.045184637e-05,2.854833227e-08,3.03
0.1000,0.5000,3,0.01,0.0166667,0.9000,inf,0,2.854833227e-08,3.03
0.1000,0.5000,3,0.01,0.1,0.5000,100.0,0.9159170011,4.267580058e-05,3.03
0.1000,0.5000,3,0.01,0.1,0.5000,1000.0,0.002932270264,4.267580058e-05,3.03
0.1000,0.5000,3,0.01,0.1,0.5000,10000.0,0,4.267580058e-05,3.03
0.1000,0.5000,3,0.01,0.1,0.5000,inf,0,4.267580058e-05,3.03
0.1000,0.5000,3,0.01,0.1,0.9000,100.0,0.9192693005,5.918720799e-06,3.03
0.1000,0.5000,3,0.01,0.1,0.9000,1000.0,0.002973949186,5.918720799e-06,3.03
0.1000,0.5000,3,0.01,0.1,0.9000,10000.0,0,5.918720799e-06,3.03
0.1000,0.5000,3,0.01,0.1,0.9000,inf,0,5.918720799e-06,3.03
0.1000,0.5000,3,0.01,1,0.5000,100.0,0.002432649675,0.01944984192,3.03
0.1000,0.5000,3,0.01,1,0.5000,1000.0,0,0.01944984192,3.03
0.1000,0.5000,3,0.01,1,0.5000,10000.0,0,0.01944984192,3.03
0.1000,0.5000,3,0.01,1,0.5000,inf,0,0.01944984192,3.03
0.1000,0.5000,3,0.01,1,0.9000,100.0,0.002741814703,0.00392645094,3.03
0.1000,0.5000,3,0.01,1,0.9000,1000.0,0,0.00392645094,3.03
0.1000,0.5000,3,0.01,1,0.9000,10000.0,0,0.00392645094,3.03
0.1000,0.5000,3,0.01,1,0.9000,inf,0,0.00392645094,3.03
0.1000,0.5000,3,0.1,0.0166667,0.5000,100.0,0.9994345131,1.666310361e-07,3.3
0.1000,0.5000,3,0.1,0.0166667,0.5000,1000.0,0.8038853953,1.666310361e-07,3.3
0.1000,0.5000,3,0.1,0.0166667,0.5000,10000.0,3.428567225e-05,1.666310361e-07,3.3
0.1000,0.5000,3,0.1,0.0166667,0.5000,inf,0,1.666310361e-07,3.3
0.1000,0.5000,3,0.1,0.0166667,0.9000,100.0,0.9994634723,2.211363946e-08,3.3
0.1000,0.5000,3,0.1,0.0166667,0.9000,1000.0,0.8045664355,2.211363946e-08,3.3
0.1000,0.5000,3,0.1,0.0166667,0.9000,10000.0,3.436645237e-05,2.211363946e-08,3.3
0.1000,0.5000,3,0.1,0.0166667,0.9000,inf,0,2.211363946e-08,3.3
0.1000,0.5000,3,0.1,0.1,0.5000,100.0,0.9309287141,3.330575278e-05,3.3
0.1000,0.5000,3,0.1,0.1,0.5000,1000.0,0.00566961416,3.330575278e-05,3.3
0.1000,0.5000,3,0.1,0.1,0.5000,10000.0,0,3.330575278e-05,3.3
0.1000,0.5000,3,0.1,0.1,0.5000,inf,0,3.330575278e-05,3.3
0.1000,0.5000,3,0.1,0.1,0.9000,100.0,0.9337537245,4.599932584e-06,3.3
0.1000,0.5000,3,0.1,0.1,0.9000,1000.0,0.005742415504,4.599932584e-06,3.3
0.1000,0.5000,3,0.1,0.1,0.9000,10000.0,0,4.599932584e-06,3.3
0.1000,0.5000,3,0.1,0.1,0.9000,inf,0,4.599932584e-06,3.3
0.1000,0.5000,3,0.1,1,0.5000,100.0,0.00477794937,0.01604300087,3.3
0.1000,0.5000,3,0.1,1,0.5000,1000.0,0,0.01604300087,3.3
0.1000,0.5000,3,0.1,1,0.5000,10000.0,0,0.01604300087,3.3
0.1000,0.5000,3,0.1,1,0.5000,inf,0,0.01604300087,3.3
0.1000,0.5000,3,0.1,1,0.9000,100.0,0.005332833678,0.003147874151,3.3
0.1000,0.5000,3,0.1,1,0.9000,1000.0,0,0.003147874151,3.3
0.1000,0.5000,3,0.1,1,0.9000,10000.0,0,0.003147874151,3.3
0.1000,0.5000,3,0.1,1,0.9000,inf,0,0.003147874151,3.3
0.1000,0.5000,6,0.01,0.0166667,0.5000,100.0,0.9999999705,3.987945809e-14,6.06
0.1000,0.5000,6,0.01,0.0166667,0.5000,1000.0,0.9929285068,3.987945809e-14,6.06
0.1000,0.5000,6,0.01,0.0166667,0.5000,10000.0,0.0009634445714,3.987945809e-14,6.06
0.1000,0.5000,6,0.01,0.0166667,0.5000,inf,0,3.987945809e-14,6.06
0.1000,0.5000,6,0.01,0.0166667,0.9000,100.0,0.9999999738,5.953219727e-16,6.06
0.1000,0.5000,6,0.01,0.0166667,0.9000,1000.0,0.9929868605,5.953219727e-16,6.06
0.1000,0.5000,6,0.01,0.0166667,0.9000,10000.0,0.0009654719269,5.953219727e-16,6.06
0.1000,0.5000,6,0.01,0.0166667,0.9000,inf,0,5.953219727e-16,6.06
0.1000,0.5000,6,0.01,0.1,0.5000,100.0,0.9993345603,1.571768027e-09,6.06
0.1000,0.5000,6,0.01,0.1,0.5000,1000.0,0.06976525834,1.571768027e-09,6.06
0.1000,0.5000,6,0.01,0.1,0.5000,10000.0,0,1.571768027e-09,6.06
0.1000,0.5000,6,0.01,0.1,0.5000,inf,0,1.571768027e-09,6.06
0.1000,0.5000,6,0.01,0.1,0.9000,100.0,0.9993973456,2.558824118e-11,6.06
0.1000,0.5000,6,0.01,0.1,0.9000,1000.0,0.07044886946,2.558824118e-11,6.06
0.1000,0.5000,6,0.01,0.1,0.9000,10000.0,0,2.558824118e-11,6.06
0.1000,0.5000,6,0.01,0.1,0.9000,inf,0,2.558824118e-11,6.06
0.1000,0.5000,6,0.01,1,0.5000,100.0,0.06089282979,0.000326472615,6.06
0.1000,0.5000,6,0.01,1,0.5000,1000.0,0,0.000326472615,6.06
0.1000,0.5000,6,0.01,1,0.5000,10000.0,0,0.000326472615,6.06
0.1000,0.5000,6,0.01,1,0.5000,inf,0,0.000326472615,6.06
0.1000,0.5000,6,0.01,1,0.9000,100.0,0.06649679305,1.125937927e-05,6.06
0.1000,0.5000,6,0.01,1,0.9000,1000.0,0,1.125937927e-05,6.06
0.1000,0.5000,6,0.01,1,0.9000,10000.0,0,1.125937927e-05,6.06
0.1000,0.5000,6,0.01,1,0.9000,inf,0,1.125937927e-05,6.06
0.1000,0.5000,6,0.1,0.0166667,0.5000,100.0,0.9999999821,2.396280283e-14,6.6
0.1000,0.5000,6,0.1,0.0166667,0.5000,1000.0,0.9952589814,2.396280283e-14,6.6
0.1000,0.5000,6,0.1,0.0166667,0.5000,10000.0,0.002505554398,2.396280283e-14,6.6
0.1000,0.5000,6,0.1,0.0166667,0.5000,inf,0,2.396280283e-14,6.6
0.1000,0.5000,6,0.1,0.0166667,0.9000,100.0,0.9999999841,3.571996033e-16,6.6
0.1000,0.5000,6,0.1,0.0166667,0.9000,1000.0,0.9952990271,3.571996033e-16,6.6
0.1000,0.5000,6,0.1,0.0166667,0.9000,10000.0,0.002510243981,3.571996033e-16,6.6
0.1000,0.5000,6,0.1,0.0166667,0.9000,inf,0,3.571996033e-16,6.6
0.1000,0.5000,6,0.1,0.1,0.5000,100.0,0.9995720898,9.573344253e-10,6.6
0.1000,0.5000,6,0.1,0.1,0.5000,1000.0,0.1087127291,9.573344253e-10,6.6
0.1000,0.5000,6,0.1,0.1,0.5000,10000.0,0,9.573344253e-10,6.6
0.1000,0.5000,6,0.1,0.1,0.5000,inf,0,9.573344253e-10,6.6
0.1000,0.5000,6,0.1,0.1,0.9000,100.0,0.9996130618,1.545568391e-11,6.6
0.1000,0.5000,6,0.1,0.1,0.9000,1000.0,0.1096370719,1.545568391e-11,6.6
0.1000,0.5000,6,0.1,0.1,0.9000,10000.0,0,1.545568391e-11,6.6
0.1000,0.5000,6,0.1,0.1,0.9000,inf,0,1.545568391e-11,6.6
0.1000,0.5000,6,0.1,1,0.5000,100.0,0.09643232663,0.0002221196586,6.6
0.1000,0.5000,6,0.1,1,0.5000,1000.0,0,0.0002221196586,6.6
0.1000,0.5000,6,0.1,1,0.5000,10000.0,0,0.0002221196586,6.6
0.1000,0.5000,6,0.1,1,0.5000,inf,0,0.0002221196586,6.6
0.1000,0.5000,6,0.1,1,0.9000,100.0,0.1042363845,7.236956197e-06,6.6
0.1000,0.5000,6,0.1,1,0.9000,1000.0,0,7.236956197e-06,6.6
0.1000,0.5000,6,0.1,1,0.9000,10000.0,0,7.236956197e-06,6.6
0.1000,0.5000,6,0.1,1,0.9000,inf,0,7.236956197e-06,6.6
0.1000,0.5000,12,0.01,0.0166667,0.5000,100.0,1,1.37256383e-27,12.12
0.1000,0.5000,12,0.01,0.0166667,0.5000,1000.0,0.999999807,1.37256383e-27,12.12
0.1000,0.5000,12,0.01,0.0166667,0.5000,10000.0,0.1037954641,1.37256383e-27,12.12
0.1000,0.5000,12,0.01,0.0166667,0.5000,inf,0,1.37256383e-27,12.12
0.1000,0.5000,12,0.01,0.0166667,0.9000,100.0,1,2.589624919e-31,12.12
0.1000,0.5000,12,0.01,0.0166667,0.9000,1000.0,0.9999998106,2.589624919e-31,12.12
0.1000,0.5000,12,0.01,0.0166667,0.9000,10000.0,0.103918873,2.589624919e-31,12.12
0.1000,0.5000,12,0.01,0.0166667,0.9000,inf,0,2.589624919e-31,12.12
0.1000,0.5000,12,0.01,0.1,0.5000,100.0,0.9999999989,2.132116611e-18,12.12
0.1000,0.5000,12,0.01,0.1,0.5000,1000.0,0.7046239229,2.132116611e-18,12.12
0.1000,0.5000,12,0.01,0.1,0.5000,10000.0,0,2.132116611e-18,12.12
0.1000,0.5000,12,0.01,0.1,0.5000,inf,0,2.132116611e-18,12.12
0.1000,0.5000,12,0.01,0.1,0.9000,100.0,0.9999999991,4.784250591e-22,12.12
0.1000,0.5000,12,0.01,0.1,0.9000,1000.0,0.7066150049,4.784250591e-22,12.12
0.1000,0.5000,12,0.01,0.1,0.9000,10000.0,0,4.784250591e-22,12.12
0.1000,0.5000,12,0.01,0.1,0.9000,inf,0,4.784250591e-22,12.12
0.1000,0.5000,12,0.01,1,0.5000,100.0,0.6736639299,9.198723629e-08,12.12
0.1000,0.5000,12,0.01,1,0.5000,1000.0,0,9.198723629e-08,12.12
0.1000,0.5000,12,0.01,1,0.5000,10000.0,0,9.198723629e-08,12.12
0.1000,0.5000,12,0.01,1,0.5000,inf,0,9.198723629e-08,12.12
0.1000,0.5000,12,0.01,1,0.9000,100.0,0.694140269,9.263221882e-11,12.12
0.1000,0.5000,12,0.01,1,0.9000,1000.0,0,9.263221882e-11,12.12
0.1000,0.5000,12,0.01,1,0.9000,10000.0,0,9.263221882e-11,12.12
0.1000,0.5000,12,0.01,1,0.9000,inf,0,9.263221882e-11,12.12
0.1000,0.5000,12,0.1,0.0166667,0.5000,100.0,1,4.955748776e-28,13.2
0.1000,0.5000,12,0.1,0.0166667,0.5000,1000.0,0.9999999216,4.955748776e-28,13.2
0.1000,0.5000,12,0.1,0.0166667,0.5000,10000.0,0.1746214696,4.955748776e-28,13.2
0.1000,0.5000,12,0.1,0.0166667,0.5000,inf,0,4.955748776e-28,13.2
0.1000,0.5000,12,0.1,0.0166667,0.9000,100.0,1,9.322984812e-32,13.2
0.1000,0.5000,12,0.1,0.0166667,0.9000,1000.0,0.9999999231,9.322984812e-32,13.2
0.1000,0.5000,12,0.1,0.0166667,0.9000,10000.0,0.1747925197,9.322984812e-32,13.2
0.1000,0.5000,12,0.1,0.0166667,0.9000,inf,0,9.322984812e-32,13.2
0.1000,0.5000,12,0.1,0.1,0.5000,100.0,0.9999999996,7.909725394e-19,13.2
0.1000,0.5000,12,0.1,0.1,0.5000,1000.0,0.7913840684,7.909725394e-19,13.2
0.1000,0.5000,12,0.1,0.1,0.5000,10000.0,0,7.909725394e-19,13.2
0.1000,0.5000,12,0.1,0.1,0.5000,inf,0,7.909725394e-19,13.2
0.1000,0.5000,12,0.1,0.1,0.9000,100.0,0.9999999997,1.745458397e-22,13.2
0.1000,0.5000,12,0.1,0.1,0.9000,1000.0,0.7929973711,1.745458397e-22,13.2
0.1000,0.5000,12,0.1,0.1,0.9000,10000.0,0,1.745458397e-22,13.2
0.1000,0.5000,12,0.1,0.1,0.9000,inf,0,1.745458397e-22,13.2
0.1000,0.5000,12,0.1,1,0.5000,100.0,0.7655827709,4.258023455e-08,13.2
0.1000,0.5000,12,0.1,1,0.5000,1000.0,0,4.258023455e-08,13.2
0.1000,0.5000,12,0.1,1,0.5000,10000.0,0,4.258023455e-08,13.2
0.1000,0.5000,12,0.1,1,0.5000,inf,0,4.258023455e-08,13.2
0.1000,0.5000,12,0.1,1,0.9000,100.0,0.7827699111,3.826881749e-11,13.2
0.1000,0.5000,12,0.1,1,0.9000,1000.0,0,3.826881749e-11,13.2
0.1000,0.5000,12,0.1,1,0.9000,10000.0,0,3.826881749e-11,13.2
0.1000,0.5000,12,0.1,1,0.9000,inf,0,3.826881749e-11,13.2
0.1000,0.5500,1,0.01,0.0166667,0.5000,100.0,0.8430916143,0.007286636485,1.01
0.1000,0.5500,1,0.01,0.0166667,0.5000,1000.0,0.1909338654,0.007286636485,1.01
0.1000,0.5500,1,0.01,0.0166667,0.5000,10000.0,6.775866687e-08,0.007286636485,1.01
0.1000,0.5500,1,0.01,0.0166667,0.5000,inf,0,0.007286636485,1.01
0.1000,0.5500,1,0.01,0.0166667,0.9000,100.0,0.8458308418,0.004061283869,1.01
0.1000,0.5500,1,0.01,0.0166667,0.9000,1000.0,0.1915542147,0.004061283869,1.01
0.1000,0.5500,1,0.01,0.0166667,0.9000,10000.0,6.797881664e-08,0.004061283869,1.01
0.1000,0.5500,1,0.01,0.0166667,0.9000,inf,0,0.004061283869,1.01
0.1000,0.5500,1,0.01,0.1,0.5000,100.0,0.3593454653,0.04235011701,1.01
0.1000,0.5500,1,0.01,0.1,0.5000,1000.0,4.847985808e-05,0.04235011701,1.01
0.1000,0.5500,1,0.01,0.1,0.5000,10000.0,0,0.04235011701,1.01
0.1000,0.5500,1,0.01,0.1,0.5000,inf,0,0.04235011701,1.01
0.1000,0.5500,1,0.01,0.1,0.9000,100.0,0.3662389146,0.02397918559,1.01
0.1000,0.5500,1,0.01,0.1,0.9000,1000.0,4.940986409e-05,0.02397918559,1.01
0.1000,0.5500,1,0.01,0.1,0.9000,10000.0,0,0.02397918559,1.01
0.1000,0.5500,1,0.01,0.1,0.9000,inf,0,0.02397918559,1.01
0.1000,0.5500,1,0.01,1,0.5000,100.0,3.783892347e-05,0.3162699244,1.01
0.1000,0.5500,1,0.01,1,0.5000,1000.0,0,0.3162699244,1.01
0.1000,0.5500,1,0.01,1,0.5000,10000.0,0,0.3162699244,1.01
0.1000,0.5500,1,0.01,1,0.5000,inf,0,0.3162699244,1.01
0.1000,0.5500,1,0.01,1,0.9000,100.0,4.402764319e-05,0.2044429109,1.01
0.1000,0.5500,1,0.01,1,0.9000,1000.0,0,0.2044429109,1.01
0.1000,0.5500,1,0.01,1,0.9000,10000.0,0,0.2044429109,1.01
0.1000,0.5500,1,0.01,1,0.9000,inf,0,0.2044429109,1.01
0.1000,0.5500,1,0.1,0.0166667,0.5000,100.0,0.8549463979,0.006693999229,1.1
0.1000,0.5500,1,0.1,0.0166667,0.5000,1000.0,0.2186347241,0.006693999229,1.1
0.1000,0.5500,1,0.1,0.0166667,0.5000,10000.0,2.61530077e-07,0.006693999229,1.1
0.1000,0.5500,1,0.1,0.0166667,0.5000,inf,0,0.006693999229,1.1
0.1000,0.5500,1,0.1,0.0166667,0.9000,100.0,0.8574975481,0.003729985581,1.1
0.1000,0.5500,1,0.1,0.0166667,0.9000,1000.0,0.2192871276,0.003729985581,1.1
0.1000,0.5500,1,0.1,0.0166667,0.9000,10000.0,2.623104798e-07,0.003729985581,1.1
0.1000,0.5500,1,0.1,0.0166667,0.9000,inf,0,0.003729985581,1.1
0.1000,0.5500,1,0.1,0.1,0.5000,100.0,0.3907113679,0.03900510391,1.1
0.1000,0.5500,1,0.1,0.1,0.5000,1000.0,0.0001092792131,0.03900510391,1.1
0.1000,0.5500,1,0.1,0.1,0.5000,10000.0,0,0.03900510391,1.1
0.1000,0.5500,1,0.1,0.1,0.5000,inf,0,0.03900510391,1.1
0.1000,0.5500,1,0.1,0.1,0.9000,100.0,0.3976040738,0.0220517831,1.1
0.1000,0.5500,1,0.1,0.1,0.9000,1000.0,0.0001112070543,0.0220517831,1.1
0.1000,0.5500,1,0.1,0.1,0.9000,10000.0,0,0.0220517831,1.1
0.1000,0.5500,1,0.1,0.1,0.9000,inf,0,0.0220517831,1.1
0.1000,0.5500,1,0.1,1,0.5000,100.0,8.672659679e-05,0.2972471074,1.1
0.1000,0.5500,1,0.1,1,0.5000,1000.0,0,0.2972471074,1.1
0.1000,0.5500,1,0.1,1,0.5000,10000.0,0,0.2972471074,1.1
0.1000,0.5500,1,0.1,1,0.5000,inf,0,0.2972471074,1.1
0.1000,0.5500,1,0.1,1,0.9000,100.0,9.99280777e-05,0.1902743996,1.1
0.1000,0.5500,1,0.1,1,0.9000,1000.0,0,0.1902743996,1.1
0.1000,0.5500,1,0.1,1,0.9000,10000.0,0,0.1902743996,1.1
0.1000,0.5500,1,0.1,1,0.9000,inf,0,0.1902743996,1.1
0.1000,0.5500,3,0.01,0.0166667,0.5000,100.0,0.9992674277,3.031316853e-07,3.03
0.1000,0.5500,3,0.01,0.0166667,0.5000,1000.0,0.7688290651,3.031316853e-07,3.03
0.1000,0.5500,3,0.01,0.0166667,0.5000,10000.0,1.041807737e-05,3.031316853e-07,3.03
0.1000,0.5500,3,0.01,0.0166667,0.5000,inf,0,3.031316853e-07,3.03
0.1000,0.5500,3,0.01,0.0166667,0.9000,100.0,0.9993089158,4.169740167e-08,3.03
0.1000,0.5500,3,0.01,0.0166667,0.9000,1000.0,0.7696828169,4.169740167e-08,3.03
0.1000,0.5500,3,0.01,0.0166667,0.9000,10000.0,1.044808354e-05,4.169740167e-08,3.03
0.1000,0.5500,3,0.01,0.0166667,0.9000,inf,0,4.169740167e-08,3.03
0.1000,0.5500,3,0.01,0.1,0.5000,100.0,0.9150625291,5.954457397e-05,3.03
0.1000,0.5500,3,0.01,0.1,0.5000,1000.0,0.002922028314,5.954457397e-05,3.03
0.1000,0.5500,3,0.01,0.1,0.5000,10000.0,0,5.954457397e-05,3.03
0.1000,0.5500,3,0.01,0.1,0.5000,inf,0,5.954457397e-05,3.03
0.1000,0.5500,3,0.01,0.1,0.9000,100.0,0.9188101211,8.591858863e-06,3.03
0.1000,0.5500,3,0.01,0.1,0.9000,1000.0,0.002968091392,8.591858863e-06,3.03
0.1000,0.5500,3,0.01,0.1,0.9000,10000.0,0,8.591858863e-06,3.03
0.1000,0.5500,3,0.01,0.1,0.9000,inf,0,8.591858863e-06,3.03
0.1000,0.5500,3,0.01,1,0.5000,100.0,0.002365823746,0.02494118586,3.03
0.1000,0.5500,3,0.01,1,0.5000,1000.0,0,0.02494118586,3.03
0.1000,0.5500,3,0.01,1,0.5000,10000.0,0,0.02494118586,3.03
0.1000,0.5500,3,0.01,1,0.5000,inf,0,0.02494118586,3.03
0.1000,0.5500,3,0.01,1,0.9000,100.0,0.002694332621,0.005386632944,3.03
0.1000,0.5500,3,0.01,1,0.9000,1000.0,0,0.005386632944,3.03
0.1000,0.5500,3,0.01,1,0.9000,10000.0,0,0.005386632944,3.03
0.1000,0.5500,3,0.01,1,0.9000,inf,0,0.005386632944,3.03
0.1000,0.5500,3,0.1,0.0166667,0.5000,100.0,0.9994269829,2.350191546e-07,3.3
0.1000,0.5500,3,0.1,0.0166667,0.5000,1000.0,0.8037149579,2.350191546e-07,3.3
0.1000,0.5500,3,0.1,0.0166667,0.5000,10000.0,3.426553595e-05,2.350191546e-07,3.3
0.1000,0.5500,3,0.1,0.0166667,0.5000,inf,0,2.350191546e-07,3.3
0.1000,0.5500,3,0.1,0.0166667,0.9000,100.0,0.9994595598,3.230225237e-08,3.3
0.1000,0.5500,3,0.1,0.0166667,0.9000,1000.0,0.804471915,3.230225237e-08,3.3
0.1000,0.5500,3,0.1,0.0166667,0.9000,10000.0,3.435521037e-05,3.230225237e-08,3.3
0.1000,0.5500,3,0.1,0.0166667,0.9000,inf,0,3.230225237e-08,3.3
0.1000,0.5500,3,0.1,0.1,0.5000,100.0,0.9302072847,4.651791587e-05,3.3
0.1000,0.5500,3,0.1,0.1,0.5000,1000.0,0.005651693453,4.651791587e-05,3.3
0.1000,0.5500,3,0.1,0.1,0.5000,10000.0,0,4.651791587e-05,3.3
0.1000,0.5500,3,0.1,0.1,0.5000,inf,0,4.651791587e-05,3.3
0.1000,0.5500,3,0.1,0.1,0.9000,100.0,0.9333672734,6.681428752e-06,3.3
0.1000,0.5500,3,0.1,0.1,0.9000,1000.0,0.005732195762,6.681428752e-06,3.3
0.1000,0.5500,3,0.1,0.1,0.9000,10000.0,0,6.681428752e-06,3.3
0.1000,0.5500,3,0.1,0.1,0.9000,inf,0,6.681428752e-06,3.3
0.1000,0.5500,3,0.1,1,0.5000,100.0,0.004656541225,0.02069532794,3.3
0.1000,0.5500,3,0.1,1,0.5000,1000.0,0,0.02069532794,3.3
0.1000,0.5500,3,0.1,1,0.5000,10000.0,0,0.02069532794,3.3
0.1000,0.5500,3,0.1,1,0.5000,inf,0,0.02069532794,3.3
0.1000,0.5500,3,0.1,1,0.9000,100.0,0.00524833429,0.004337969345,3.3
0.1000,0.5500,3,0.1,1,0.9000,1000.0,0,0.004337969345,3.3
0.1000,0.5500,3,0.1,1,0.9000,10000.0,0,0.004337969345,3.3
0.1000,0.5500,3,0.1,1,0.9000,inf,0,0.004337969345,3.3
0.1000,0.5500,6,0.01,0.0166667,0.5000,100.0,0.9999999696,8.067395928e-14,6.06
0.1000,0.5500,6,0.01,0.0166667,0.5000,1000.0,0.9929138097,8.067395928e-14,6.06
0.1000,0.5500,6,0.01,0.0166667,0.5000,10000.0,0.0009629390226,8.067395928e-14,6.06
0.1000,0.5500,6,0.01,0.0166667,0.5000,inf,0,8.067395928e-14,6.06
0.1000,0.5500,6,0.01,0.0166667,0.9000,100.0,0.9999999733,1.325948191e-15,6.06
0.1000,0.5500,6,0.01,0.0166667,0.9000,1000.0,0.9929787972,1.325948191e-15,6.06
0.1000,0.5500,6,0.01,0.0166667,0.9000,10000.0,0.000965189855,1.325948191e-15,6.06
0.1000,0.5500,6,0.01,0.0166667,0.9000,inf,0,1.325948191e-15,6.06
0.1000,0.5500,6,0.01,0.1,0.5000,100.0,0.9993174121,3.112824122e-09,6.06
0.1000,0.5500,6,0.01,0.1,0.5000,1000.0,0.06959619696,3.112824122e-09,6.06
0.1000,0.5500,6,0.01,0.1,0.5000,10000.0,0,3.112824122e-09,6.06
0.1000,0.5500,6,0.01,0.1,0.5000,inf,0,3.112824122e-09,6.06
0.1000,0.5500,6,0.01,0.1,0.9000,100.0,0.999389154,5.629618554e-11,6.06
0.1000,0.5500,6,0.01,0.1,0.9000,1000.0,0.07035321327,5.629618554e-11,6.06
0.1000,0.5500,6,0.01,0.1,0.9000,10000.0,0,5.629618554e-11,6.06
0.1000,0.5500,6,0.01,0.1,0.9000,inf,0,5.629618554e-11,6.06
0.1000,0.5500,6,0.01,1,0.5000,100.0,0.0596268687,0.0005461308772,6.06
0.1000,0.5500,6,0.01,1,0.5000,1000.0,0,0.0005461308772,6.06
0.1000,0.5500,6,0.01,1,0.5000,10000.0,0,0.0005461308772,6.06
0.1000,0.5500,6,0.01,1,0.5000,inf,0,0.0005461308772,6.06
0.1000,0.5500,6,0.01,1,0.9000,100.0,0.06566255072,2.212535779e-05,6.06
0.1000,0.5500,6,0.01,1,0.9000,1000.0,0,2.212535779e-05,6.06
0.1000,0.5500,6,0.01,1,0.9000,10000.0,0,2.212535779e-05,6.06
0.1000,0.5500,6,0.01,1,0.9000,inf,0,2.212535779e-05,6.06
0.1000,0.5500,6,0.1,0.0166667,0.5000,100.0,0.9999999816,4.849279662e-14,6.6
0.1000,0.5500,6,0.1,0.0166667,0.5000,1000.0,0.9952488924,4.849279662e-14,6.6
0.1000,0.5500,6,0.1,0.0166667,0.5000,10000.0,0.002504384638,4.849279662e-14,6.6
0.1000,0.5500,6,0.1,0.0166667,0.5000,inf,0,4.849279662e-14,6.6
0.1000,0.5500,6,0.1,0.0166667,0.9000,100.0,0.9999999838,7.957455946e-16,6.6
0.1000,0.5500,6,0.1,0.0166667,0.9000,1000.0,0.9952934948,7.957455946e-16,6.6
0.1000,0.5500,6,0.1,0.0166667,0.9000,10000.0,0.00250959164,7.957455946e-16,6.6
0.1000,0.5500,6,0.1,0.0166667,0.9000,inf,0,7.957455946e-16,6.6
0.1000,0.5500,6,0.1,0.1,0.5000,100.0,0.9995608746,1.899812529e-09,6.6
0.1000,0.5500,6,0.1,0.1,0.5000,1000.0,0.1084837318,1.899812529e-09,6.6
0.1000,0.5500,6,0.1,0.1,0.5000,10000.0,0,1.899812529e-09,6.6
0.1000,0.5500,6,0.1,0.1,0.5000,inf,0,1.899812529e-09,6.6
0.1000,0.5500,6,0.1,0.1,0.9000,100.0,0.9996077243,3.404424982e-11,6.6
0.1000,0.5500,6,0.1,0.1,0.9000,1000.0,0.109507887,3.404424982e-11,6.6
0.1000,0.5500,6,0.1,0.1,0.9000,10000.0,0,3.404424982e-11,6.6
0.1000,0.5500,6,0.1,0.1,0.9000,inf,0,3.404424982e-11,6.6
0.1000,0.5500,6,0.1,1,0.5000,100.0,0.09464480653,0.0003760174837,6.6
0.1000,0.5500,6,0.1,1,0.5000,1000.0,0,0.0003760174837,6.6
0.1000,0.5500,6,0.1,1,0.5000,10000.0,0,0.0003760174837,6.6
0.1000,0.5500,6,0.1,1,0.5000,inf,0,0.0003760174837,6.6
0.1000,0.5500,6,0.1,1,0.9000,100.0,0.1030857818,1.434939334e-05,6.6
0.1000,0.5500,6,0.1,1,0.9000,1000.0,0,1.434939334e-05,6.6
0.1000,0.5500,6,0.1,1,0.9000,10000.0,0,1.434939334e-05,6.6
0.1000,0.5500,6,0.1,1,0.9000,inf,0,1.434939334e-05,6.6
0.1000,0.5500,12,0.01,0.0166667,0.5000,100.0,1,5.714030549e-27,12.12
0.1000,0.5500,12,0.01,0.0166667,0.5000,1000.0,0.9999998061,5.714030549e-27,12.12
0.1000,0.5500,12,0.01,0.0166667,0.5000,10000.0,0.1037646496,5.714030549e-27,12.12
0.1000,0.5500,12,0.01,0.0166667,0.5000,inf,0,5.714030549e-27,12.12
0.1000,0.5500,12,0.01,0.0166667,0.9000,100.0,1,1.34104897e-30,12.12
0.1000,0.5500,12,0.01,0.0166667,0.9000,1000.0,0.9999998101,1.34104897e-30,12.12
0.1000,0.5500,12,0.01,0.0166667,0.9000,10000.0,0.1039017184,1.34104897e-30,12.12
0.1000,0.5500,12,0.01,0.0166667,0.9000,inf,0,1.34104897e-30,12.12
0.1000,0.5500,12,0.01,0.1,0.5000,100.0,0.9999999988,8.507167453e-18,12.12
0.1000,0.5500,12,0.01,0.1,0.5000,1000.0,0.7041250369,8.507167453e-18,12.12
0.1000,0.5500,12,0.01,0.1,0.5000,10000.0,0,8.507167453e-18,12.12
0.1000,0.5500,12,0.01,0.1,0.5000,inf,0,8.507167453e-18,12.12
0.1000,0.5500,12,0.01,0.1,0.9000,100.0,0.9999999991,2.41740529e-21,12.12
0.1000,0.5500,12,0.01,0.1,0.9000,1000.0,0.7063389009,2.41740529e-21,12.12
0.1000,0.5500,12,0.01,0.1,0.9000,10000.0,0,2.41740529e-21,12.12
0.1000,0.5500,12,0.01,0.1,0.9000,inf,0,2.41740529e-21,12.12
0.1000,0.5500,12,0.01,1,0.5000,100.0,0.6685164775,2.618600692e-07,12.12
0.1000,0.5500,12,0.01,1,0.5000,1000.0,0,2.618600692e-07,12.12
0.1000,0.5500,12,0.01,1,0.5000,10000.0,0,2.618600692e-07,12.12
0.1000,0.5500,12,0.01,1,0.5000,inf,0,2.618600692e-07,12.12
0.1000,0.5500,12,0.01,1,0.9000,100.0,0.6913148618,3.733981701e-10,12.12
0.1000,0.5500,12,0.01,1,0.9000,1000.0,0,3.733981701e-10,12.12
0.1000,0.5500,12,0.01,1,0.9000,10000.0,0,3.733981701e-10,12.12
0.1000,0.5500,12,0.01,1,0.9000,inf,0,3.733981701e-10,12.12
0.1000,0.5500,12,0.1,0.0166667,0.5000,100.0,1,2.064573158e-27,13.2
0.1000,0.5500,12,0.1,0.0166667,0.5000,1000.0,0.9999999212,2.064573158e-27,13.2
0.1000,0.5500,12,0.1,0.0166667,0.5000,10000.0,0.1745787466,2.064573158e-27,13.2
0.1000,0.5500,12,0.1,0.0166667,0.5000,inf,0,2.064573158e-27,13.2
0.1000,0.5500,12,0.1,0.0166667,0.9000,100.0,1,4.829920835e-31,13.2
0.1000,0.5500,12,0.1,0.0166667,0.9000,1000.0,0.9999999229,4.829920835e-31,13.2
0.1000,0.5500,12,0.1,0.0166667,0.9000,10000.0,0.1747687476,4.829920835e-31,13.2
0.1000,0.5500,12,0.1,0.0166667,0.9000,inf,0,4.829920835e-31,13.2
0.1000,0.5500,12,0.1,0.1,0.5000,100.0,0.9999999995,3.168818096e-18,13.2
0.1000,0.5500,12,0.1,0.1,0.5000,1000.0,0.7909791049,3.168818096e-18,13.2
0.1000,0.5500,12,0.1,0.1,0.5000,10000.0,0,3.168818096e-18,13.2
0.1000,0.5500,12,0.1,0.1,0.5000,inf,0,3.168818096e-18,13.2
0.1000,0.5500,12,0.1,0.1,0.9000,100.0,0.9999999997,8.840545559e-22,13.2
0.1000,0.5500,12,0.1,0.1,0.9000,1000.0,0.7927739333,8.840545559e-22,13.2
0.1000,0.5500,12,0.1,0.1,0.9000,10000.0,0,8.840545559e-22,13.2
0.1000,0.5500,12,0.1,0.1,0.9000,inf,0,8.840545559e-22,13.2
0.1000,0.5500,12,0.1,1,0.5000,100.0,0.7611828783,1.241343267e-07,13.2
0.1000,0.5500,12,0.1,1,0.5000,1000.0,0,1.241343267e-07,13.2
0.1000,0.5500,12,0.1,1,0.5000,10000.0,0,1.241343267e-07,13.2
0.1000,0.5500,12,0.1,1,0.5000,inf,0,1.241343267e-07,13.2
0.1000,0.5500,12,0.1,1,0.9000,100.0,0.7804284218,1.570574909e-10,13.2
0.1000,0.5500,12,0.1,1,0.9000,1000.0,0,1.570574909e-10,13.2
0.1000,0.5500,12,0.1,1,0.9000,10000.0,0,1.570574909e-10,13.2
0.1000,0.5500,12,0.1,1,0.9000,inf,0,1.570574909e-10,13.2
0.2500,0.1000,1,0.01,0.0166667,0.5000,100.0,0.6586516938,0.00910289556,1.01
0.2500,0.1000,1,0.01,0.0166667,0.5000,1000.0,0.0160759372,0.00910289556,1.01
0.2500,0.1000,1,0.01,0.0166667,0.5000,10000.0,0,0.00910289556,1.01
0.2500,0.1000,1,0.01,0.0166667,0.5000,inf,0,0.00910289556,1.01
0.2500,0.1000,1,0.01,0.0166667,0.9000,100.0,0.6613272462,0.005077707239,1.01
0.2500,0.1000,1,0.01,0.0166667,0.9000,1000.0,0.01614124032,0.005077707239,1.01
0.2500,0.1000,1,0.01,0.0166667,0.9000,10000.0,0,0.005077707239,1.01
0.2500,0.1000,1,0.01,0.0166667,0.9000,inf,0,0.005077707239,1.01
0.2500,0.1000,1,0.01,0.1,0.5000,100.0,0.0817008034,0.05275394531,1.01
0.2500,0.1000,1,0.01,0.1,0.5000,1000.0,1.72627352e-11,0.05275394531,1.01
0.2500,0.1000,1,0.01,0.1,0.5000,10000.0,0,0.05275394531,1.01
0.2500,0.1000,1,0.01,0.1,0.5000,inf,0,0.05275394531,1.01
0.2500,0.1000,1,0.01,0.1,0.9000,100.0,0.08366236784,0.03001140063,1.01
0.2500,0.1000,1,0.01,0.1,0.9000,1000.0,1.767744322e-11,0.03001140063,1.01
0.2500,0.1000,1,0.01,0.1,0.9000,10000.0,0,0.03001140063,1.01
0.2500,0.1000,1,0.01,0.1,0.9000,inf,0,0.03001140063,1.01
0.2500,0.1000,1,0.01,1,0.5000,100.0,1.402231358e-11,0.384279478,1.01
0.2500,0.1000,1,0.01,1,0.5000,1000.0,0,0.384279478,1.01
0.2500,0.1000,1,0.01,1,0.5000,10000.0,0,0.384279478,1.01
0.2500,0.1000,1,0.01,1,0.5000,inf,0,0.384279478,1.01
0.2500,0.1000,1,0.01,1,0.9000,100.0,1.691181754e-11,0.2574605048,1.01
0.2500,0.1000,1,0.01,1,0.9000,1000.0,0,0.2574605048,1.01
0.2500,0.1000,1,0.01,1,0.9000,10000.0,0,0.2574605048,1.01
0.2500,0.1000,1,0.01,1,0.9000,inf,0,0.2574605048,1.01
0.2500,0.1000,1,0.1,0.0166667,0.5000,100.0,0.6815415183,0.008362942188,1.1
0.2500,0.1000,1,0.1,0.0166667,0.5000,1000.0,0.02253943095,0.008362942188,1.1
0.2500,0.1000,1,0.1,0.0166667,0.5000,10000.0,0,0.008362942188,1.1
0.2500,0.1000,1,0.1,0.0166667,0.5000,inf,0,0.008362942188,1.1
0.2500,0.1000,1,0.1,0.0166667,0.9000,100.0,0.6840841655,0.004663412258,1.1
0.2500,0.1000,1,0.1,0.0166667,0.9000,1000.0,0.02262351948,0.004663412258,1.1
0.2500,0.1000,1,0.1,0.0166667,0.9000,10000.0,0,0.004663412258,1.1
0.2500,0.1000,1,0.1,0.0166667,0.9000,inf,0,0.004663412258,1.1
0.2500,0.1000,1,0.1,0.1,0.5000,100.0,0.1002767527,0.04860065999,1.1
0.2500,0.1000,1,0.1,0.1,0.5000,1000.0,1.311813386e-10,0.04860065999,1.1
0.2500,0.1000,1,0.1,0.1,0.5000,10000.0,0,0.04860065999,1.1
0.2500,0.1000,1,0.1,0.1,0.5000,inf,0,0.04860065999,1.1
0.2500,0.1000,1,0.1,0.1,0.9000,100.0,0.1024905793,0.02759645826,1.1
0.2500,0.1000,1,0.1,0.1,0.9000,1000.0,1.340776454e-10,0.02759645826,1.1
0.2500,0.1000,1,0.1,0.1,0.9000,10000.0,0,0.02759645826,1.1
0.2500,0.1000,1,0.1,0.1,0.9000,inf,0,0.02759645826,1.1
0.2500,0.1000,1,0.1,1,0.5000,100.0,1.079594267e-10,0.3618579438,1.1
0.2500,0.1000,1,0.1,1,0.5000,1000.0,0,0.3618579438,1.1
0.2500,0.1000,1,0.1,1,0.5000,10000.0,0,0.3618579438,1.1
0.2500,0.1000,1,0.1,1,0.5000,inf,0,0.3618579438,1.1
0.2500,0.1000,1,0.1,1,0.9000,100.0,1.286510709e-10,0.2395595333,1.1
0.2500,0.1000,1,0.1,1,0.9000,1000.0,0,0.2395595333,1.1
0.2500,0.1000,1,0.1,1,0.9000,10000.0,0,0.2395595333,1.1
0.2500,0.1000,1,0.1,1,0.9000,inf,0,0.2395595333,1.1
0.2500,0.1000,3,0.01,0.0166667,0.5000,100.0,0.991092375,4.405885043e-07,3.03
0.2500,0.1000,3,0.01,0.0166667,0.5000,1000.0,0.2196064668,4.405885043e-07,3.03
0.2500,0.1000,3,0.01,0.0166667,0.5000,10000.0,0,4.405885043e-07,3.03
0.2500,0.1000,3,0.01,0.0166667,0.5000,inf,0,4.405885043e-07,3.03
0.2500,0.1000,3,0.01,0.0166667,0.9000,100.0,0.9913290597,3.925574647e-08,3.03
0.2500,0.1000,3,0.01,0.0166667,0.9000,1000.0,0.2201643292,3.925574647e-08,3.03
0.2500,0.1000,3,0.01,0.0166667,0.9000,10000.0,0,3.925574647e-08,3.03
0.2500,0.1000,3,0.01,0.0166667,0.9000,inf,0,3.925574647e-08,3.03
0.2500,0.1000,3,0.01,0.1,0.5000,100.0,0.542447496,8.601951953e-05,3.03
0.2500,0.1000,3,0.01,0.1,0.5000,1000.0,5.748789709e-09,8.601951953e-05,3.03
0.2500,0.1000,3,0.01,0.1,0.5000,10000.0,0,8.601951953e-05,3.03
0.2500,0.1000,3,0.01,0.1,0.5000,inf,0,8.601951953e-05,3.03
0.2500,0.1000,3,0.01,0.1,0.9000,100.0,0.5486867802,8.172600032e-06,3.03
0.2500,0.1000,3,0.01,0.1,0.9000,1000.0,5.876306737e-09,8.172600032e-06,3.03
0.2500,0.1000,3,0.01,0.1,0.9000,10000.0,0,8.172600032e-06,3.03
0.2500,0.1000,3,0.01,0.1,0.9000,inf,0,8.172600032e-06,3.03
0.2500,0.1000,3,0.01,1,0.5000,100.0,4.726976017e-09,0.03437024979,3.03
0.2500,0.1000,3,0.01,1,0.5000,1000.0,0,0.03437024979,3.03
0.2500,0.1000,3,0.01,1,0.5000,10000.0,0,0.03437024979,3.03
0.2500,0.1000,3,0.01,1,0.5000,inf,0,0.03437024979,3.03
0.2500,0.1000,3,0.01,1,0.9000,100.0,5.637356371e-09,0.005637276036,3.03
0.2500,0.1000,3,0.01,1,0.9000,1000.0,0,0.005637276036,3.03
0.2500,0.1000,3,0.01,1,0.9000,10000.0,0,0.005637276036,3.03
0.2500,0.1000,3,0.01,1,0.9000,inf,0,0.005637276036,3.03
0.2500,0.1000,3,0.1,0.0166667,0.5000,100.0,0.9929294366,3.416251789e-07,3.3
0.2500,0.1000,3,0.1,0.0166667,0.5000,1000.0,0.270110335,3.416251789e-07,3.3
0.2500,0.1000,3,0.1,0.0166667,0.5000,10000.0,1.680171443e-14,3.416251789e-07,3.3
0.2500,0.1000,3,0.1,0.0166667,0.5000,inf,0,3.416251789e-07,3.3
0.2500,0.1000,3,0.1,0.0166667,0.9000,100.0,0.9931190675,3.040553963e-08,3.3
0.2500,0.1000,3,0.1,0.0166667,0.9000,1000.0,0.2707159381,3.040553963e-08,3.3
0.2500,0.1000,3,0.1,0.0166667,0.9000,10000.0,1.687044213e-14,3.040553963e-08,3.3
0.2500,0.1000,3,0.1,0.0166667,0.9000,inf,0,3.040553963e-08,3.3
0.2500,0.1000,3,0.1,0.1,0.5000,100.0,0.5959308521,6.723994666e-05,3.3
0.2500,0.1000,3,0.1,0.1,0.5000,1000.0,3.707716346e-08,6.723994666e-05,3.3
0.2500,0.1000,3,0.1,0.1,0.5000,10000.0,0,6.723994666e-05,3.3
0.2500,0.1000,3,0.1,0.1,0.5000,inf,0,6.723994666e-05,3.3
0.2500,0.1000,3,0.1,0.1,0.9000,100.0,0.6018680761,6.349042169e-06,3.3
0.2500,0.1000,3,0.1,0.1,0.9000,1000.0,3.782801231e-08,6.349042169e-06,3.3
0.2500,0.1000,3,0.1,0.1,0.9000,10000.0,0,6.349042169e-06,3.3
0.2500,0.1000,3,0.1,0.1,0.9000,inf,0,6.349042169e-06,3.3
0.2500,0.1000,3,0.1,1,0.5000,100.0,3.090549941e-08,0.02861207117,3.3
0.2500,0.1000,3,0.1,1,0.5000,1000.0,0,0.02861207117,3.3
0.2500,0.1000,3,0.1,1,0.5000,10000.0,0,0.02861207117,3.3
0.2500,0.1000,3,0.1,1,0.5000,inf,0,0.02861207117,3.3
0.2500,0.1000,3,0.1,1,0.9000,100.0,3.640526222e-08,0.004505277027,3.3
0.2500,0.1000,3,0.1,1,0.9000,1000.0,0,0.004505277027,3.3
0.2500,0.1000,3,0.1,1,0.9000,10000.0,0,0.004505277027,3.3
0.2500,0.1000,3,0.1,1,0.9000,inf,0,0.004505277027,3.3
0.2500,0.1000,6,0.01,0.0166667,0.5000,100.0,0.9999948261,1.41793086e-13,6.06
0.2500,0.1000,6,0.01,0.0166667,0.5000,1000.0,0.7644224721,1.41793086e-13,6.06
0.2500,0.1000,6,0.01,0.0166667,0.5000,10000.0,1.352641917e-12,1.41793086e-13,6.06
0.2500,0.1000,6,0.01,0.0166667,0.5000,inf,0,1.41793086e-13,6.06
0.2500,0.1000,6,0.01,0.0166667,0.9000,100.0,0.9999951203,5.941745097e-16,6.06
0.2500,0.1000,6,0.01,0.0166667,0.9000,1000.0,0.7650791016,5.941745097e-16,6.06
0.2500,0.1000,6,0.01,0.0166667,0.9000,10000.0,1.357523222e-12,5.941745097e-16,6.06
0.2500,0.1000,6,0.01,0.0166667,0.9000,inf,0,5.941745097e-16,6.06
0.2500,0.1000,6,0.01,0.1,0.5000,100.0,0.957554613,5.404657076e-09,6.06
0.2500,0.1000,6,0.01,0.1,0.5000,1000.0,1.666162972e-06,5.404657076e-09,6.06
0.2500,0.1000,6,0.01,0.1,0.5000,10000.0,0,5.404657076e-09,6.06
0.2500,0.1000,6,0.01,0.1,0.5000,inf,0,5.404657076e-09,6.06
0.2500,0.1000,6,0.01,0.1,0.9000,100.0,0.9592267035,2.574726769e-11,6.06
0.2500,0.1000,6,0.01,0.1,0.9000,1000.0,1.698577175e-06,2.574726769e-11,6.06
0.2500,0.1000,6,0.01,0.1,0.9000,10000.0,0,2.574726769e-11,6.06
0.2500,0.1000,6,0.01,0.1,0.9000,inf,0,2.574726769e-11,6.06
0.2500,0.1000,6,0.01,1,0.5000,100.0,1.396536456e-06,0.0008624281215,6.06
0.2500,0.1000,6,0.01,1,0.5000,1000.0,0,0.0008624281215,6.06
0.2500,0.1000,6,0.01,1,0.5000,10000.0,0,0.0008624281215,6.06
0.2500,0.1000,6,0.01,1,0.5000,inf,0,0.0008624281215,6.06
0.2500,0.1000,6,0.01,1,0.9000,100.0,1.636831822e-06,1.222370743e-05,6.06
0.2500,0.1000,6,0.01,1,0.9000,1000.0,0,1.222370743e-05,6.06
0.2500,0.1000,6,0.01,1,0.9000,10000.0,0,1.222370743e-05,6.06
0.2500,0.1000,6,0.01,1,0.9000,inf,0,1.222370743e-05,6.06
0.2500,0.1000,6,0.1,0.0166667,0.5000,100.0,0.9999968082,8.524888508e-14,6.6
0.2500,0.1000,6,0.1,0.0166667,0.5000,1000.0,0.816660635,8.524888508e-14,6.6
0.2500,0.1000,6,0.1,0.0166667,0.5000,10000.0,2.629922123e-11,8.524888508e-14,6.6
0.2500,0.1000,6,0.1,0.0166667,0.5000,inf,0,8.524888508e-14,6.6
0.2500,0.1000,6,0.1,0.0166667,0.9000,100.0,0.9999969907,3.56463085e-16,6.6
0.2500,0.1000,6,0.1,0.0166667,0.9000,1000.0,0.8172124187,3.56463085e-16,6.6
0.2500,0.1000,6,0.1,0.0166667,0.9000,10000.0,2.638480741e-11,3.56463085e-16,6.6
0.2500,0.1000,6,0.1,0.0166667,0.9000,inf,0,3.56463085e-16,6.6
0.2500,0.1000,6,0.1,0.1,0.5000,100.0,0.9699524614,3.302404843e-09,6.6
0.2500,0.1000,6,0.1,0.1,0.5000,1000.0,8.42786715e-06,3.302404843e-09,6.6
0.2500,0.1000,6,0.1,0.1,0.5000,10000.0,0,3.302404843e-09,6.6
0.2500,0.1000,6,0.1,0.1,0.5000,inf,0,3.302404843e-09,6.6
0.2500,0.1000,6,0.1,0.1,0.9000,100.0,0.9711843621,1.553948226e-11,6.6
0.2500,0.1000,6,0.1,0.1,0.9000,1000.0,8.575612333e-06,1.553948226e-11,6.6
0.2500,0.1000,6,0.1,0.1,0.9000,10000.0,0,1.553948226e-11,6.6
0.2500,0.1000,6,0.1,0.1,0.9000,inf,0,1.553948226e-11,6.6
0.2500,0.1000,6,0.1,1,0.5000,100.0,7.166093615e-06,0.0005976960973,6.6
0.2500,0.1000,6,0.1,1,0.5000,1000.0,0,0.0005976960973,6.6
0.2500,0.1000,6,0.1,1,0.5000,10000.0,0,0.0005976960973,6.6
0.2500,0.1000,6,0.1,1,0.5000,inf,0,0.0005976960973,6.6
0.2500,0.1000,6,0.1,1,0.9000,100.0,8.290981716e-06,7.808784194e-06,6.6
0.2500,0.1000,6,0.1,1,0.9000,1000.0,0,7.808784194e-06,6.6
0.2500,0.1000,6,0.1,1,0.9000,10000.0,0,7.808784194e-06,6.6
0.2500,0.1000,6,0.1,1,0.9000,inf,0,7.808784194e-06,6.6
0.2500,0.1000,12,0.01,0.0166667,0.5000,100.0,1,1.46907224e-26,12.12
0.2500,0.1000,12,0.01,0.0166667,0.5000,1000.0,0.9988032143,1.46907224e-26,12.12
0.2500,0.1000,12,0.01,0.0166667,0.5000,10000.0,2.4034047e-08,1.46907224e-26,12.12
0.2500,0.1000,12,0.01,0.0166667,0.5000,inf,0,1.46907224e-26,12.12
0.2500,0.1000,12,0.01,0.0166667,0.9000,100.0,1,1.375683839e-31,12.12
0.2500,0.1000,12,0.01,0.0166667,0.9000,1000.0,0.9988130606,1.375683839e-31,12.12
0.2500,0.1000,12,0.01,0.0166667,0.9000,10000.0,2.410649953e-08,1.375683839e-31,12.12
0.2500,0.1000,12,0.01,0.0166667,0.9000,inf,0,1.375683839e-31,12.12
0.2500,0.1000,12,0.01,0.1,0.5000,100.0,0.9999869756,2.134368237e-17,12.12
0.2500,0.1000,12,0.01,0.1,0.5000,1000.0,0.001608024884,2.134368237e-17,12.12
0.2500,0.1000,12,0.01,0.1,0.5000,10000.0,0,2.134368237e-17,12.12
0.2500,0.1000,12,0.01,0.1,0.5000,inf,0,2.134368237e-17,12.12
0.2500,0.1000,12,0.01,0.1,0.9000,100.0,0.9999882866,2.583217996e-22,12.12
0.2500,0.1000,12,0.01,0.1,0.9000,1000.0,0.001630693842,2.583217996e-22,12.12
0.2500,0.1000,12,0.01,0.1,0.9000,10000.0,0,2.583217996e-22,12.12
0.2500,0.1000,12,0.01,0.1,0.9000,inf,0,2.583217996e-22,12.12
0.2500,0.1000,12,0.01,1,0.5000,100.0,0.001404002648,5.434749247e-07,12.12
0.2500,0.1000,12,0.01,1,0.5000,1000.0,0,5.434749247e-07,12.12
0.2500,0.1000,12,0.01,1,0.5000,10000.0,0,5.434749247e-07,12.12
0.2500,0.1000,12,0.01,1,0.5000,inf,0,5.434749247e-07,12.12
0.2500,0.1000,12,0.01,1,0.9000,100.0,0.001586041068,5.823929555e-11,12.12
0.2500,0.1000,12,0.01,1,0.9000,1000.0,0,5.823929555e-11,12.12
0.2500,0.1000,12,0.01,1,0.9000,10000.0,0,5.823929555e-11,12.12
0.2500,0.1000,12,0.01,1,0.9000,inf,0,5.823929555e-11,12.12
0.2500,0.1000,12,0.1,0.0166667,0.5000,100.0,1,5.310194867e-27,13.2
0.2500,0.1000,12,0.1,0.0166667,0.5000,1000.0,0.9994180437,5.310194867e-27,13.2
0.2500,0.1000,12,0.1,0.0166667,0.5000,10000.0,2.832795801e-07,5.310194867e-27,13.2
0.2500,0.1000,12,0.1,0.0166667,0.5000,inf,0,5.310194867e-27,13.2
0.2500,0.1000,12,0.1,0.0166667,0.9000,100.0,1,4.95130403e-32,13.2
0.2500,0.1000,12,0.1,0.0166667,0.9000,1000.0,0.9994230016,4.95130403e-32,13.2
0.2500,0.1000,12,0.1,0.0166667,0.9000,10000.0,2.840405614e-07,4.95130403e-32,13.2
0.2500,0.1000,12,0.1,0.0166667,0.9000,inf,0,4.95130403e-32,13.2
0.2500,0.1000,12,0.1,0.1,0.5000,100.0,0.9999943627,7.968813919e-18,13.2
0.2500,0.1000,12,0.1,0.1,0.5000,1000.0,0.005067908209,7.968813919e-18,13.2
0.2500,0.1000,12,0.1,0.1,0.5000,10000.0,0,7.968813919e-18,13.2
0.2500,0.1000,12,0.1,0.1,0.5000,inf,0,7.968813919e-18,13.2
0.2500,0.1000,12,0.1,0.1,0.9000,100.0,0.9999949417,9.409597231e-23,13.2
0.2500,0.1000,12,0.1,0.1,0.9000,1000.0,0.005129823389,9.409597231e-23,13.2
0.2500,0.1000,12,0.1,0.1,0.9000,10000.0,0,9.409597231e-23,13.2
0.2500,0.1000,12,0.1,0.1,0.9000,inf,0,9.409597231e-23,13.2
0.2500,0.1000,12,0.1,1,0.5000,100.0,0.004494626041,2.61032406e-07,13.2
0.2500,0.1000,12,0.1,1,0.5000,1000.0,0,2.61032406e-07,13.2
0.2500,0.1000,12,0.1,1,0.5000,10000.0,0,2.61032406e-07,13.2
0.2500,0.1000,12,0.1,1,0.5000,inf,0,2.61032406e-07,13.2
0.2500,0.1000,12,0.1,1,0.9000,100.0,0.005006440531,2.37664969e-11,13.2
0.2500,0.1000,12,0.1,1,0.9000,1000.0,0,2.37664969e-11,13.2
0.2500,0.1000,12,0.1,1,0.9000,10000.0,0,2.37664969e-11,13.2
0.2500,0.1000,12,0.1,1,0.9000,inf,0,2.37664969e-11,13.2
0.2500,0.2500,1,0.01,0.0166667,0.5000,100.0,0.6574547454,0.01090362376,1.01
0.2500,0.2500,1,0.01,0.0166667,0.5000,1000.0,0.01604672287,0.01090362376,1.01
0.2500,0.2500,1,0.01,0.0166667,0.5000,10000.0,0,0.01090362376,1.01
0.2500,0.2500,1,0.01,0.0166667,0.5000,inf,0,0.01090362376,1.01
0.2500,0.2500,1,0.01,0.0166667,0.9000,100.0,0.6606563223,0.006087067019,1.01
0.2500,0.2500,1,0.01,0.0166667,0.9000,1000.0,0.01612486485,0.006087067019,1.01
0.2500,0.2500,1,0.01,0.0166667,0.9000,10000.0,0,0.006087067019,1.01
0.2500,0.2500,1,0.01,0.0166667,0.9000,inf,0,0.006087067019,1.01
0.2500,0.2500,1,0.01,0.1,0.5000,100.0,0.08084779537,0.06264379293,1.01
0.2500,0.2500,1,0.01,0.1,0.5000,1000.0,1.708239968e-11,0.06264379293,1.01
0.2500,0.2500,1,0.01,0.1,0.5000,10000.0,0,0.06264379293,1.01
0.2500,0.2500,1,0.01,0.1,0.5000,inf,0,0.06264379293,1.01
0.2500,0.2500,1,0.01,0.1,0.9000,100.0,0.08316319902,0.0357988063,1.01
0.2500,0.2500,1,0.01,0.1,0.9000,1000.0,1.757190704e-11,0.0357988063,1.01
0.2500,0.2500,1,0.01,0.1,0.9000,10000.0,0,0.0357988063,1.01
0.2500,0.2500,1,0.01,0.1,0.9000,inf,0,0.0357988063,1.01
0.2500,0.2500,1,0.01,1,0.5000,100.0,1.302106867e-11,0.4282238464,1.01
0.2500,0.2500,1,0.01,1,0.5000,1000.0,0,0.4282238464,1.01
0.2500,0.2500,1,0.01,1,0.5000,10000.0,0,0.4282238464,1.01
0.2500,0.2500,1,0.01,1,0.5000,inf,0,0.4282238464,1.01
0.2500,0.2500,1,0.01,1,0.9000,100.0,1.608331327e-11,0.2938230402,1.01
0.2500,0.2500,1,0.01,1,0.9000,1000.0,0,0.2938230402,1.01
0.2500,0.2500,1,0.01,1,0.9000,10000.0,0,0.2938230402,1.01
0.2500,0.2500,1,0.01,1,0.9000,inf,0,0.2938230402,1.01
0.2500,0.2500,1,0.1,0.0166667,0.5000,100.0,0.6804034833,0.01001877334,1.1
0.2500,0.2500,1,0.1,0.0166667,0.5000,1000.0,0.02250179471,0.01001877334,1.1
0.2500,0.2500,1,0.1,0.0166667,0.5000,10000.0,0,0.01001877334,1.1
0.2500,0.2500,1,0.1,0.0166667,0.5000,inf,0,0.01001877334,1.1
0.2500,0.2500,1,0.1,0.0166667,0.9000,100.0,0.6834467268,0.005590880194,1.1
0.2500,0.2500,1,0.1,0.0166667,0.9000,1000.0,0.02260243858,0.005590880194,1.1
0.2500,0.2500,1,0.1,0.0166667,0.9000,10000.0,0,0.005590880194,1.1
0.2500,0.2500,1,0.1,0.0166667,0.9000,inf,0,0.005590880194,1.1
0.2500,0.2500,1,0.1,0.1,0.5000,100.0,0.09931143245,0.05775936335,1.1
0.2500,0.2500,1,0.1,0.1,0.5000,1000.0,1.29918423e-10,0.05775936335,1.1
0.2500,0.2500,1,0.1,0.1,0.5000,10000.0,0,0.05775936335,1.1
0.2500,0.2500,1,0.1,0.1,0.5000,inf,0,0.05775936335,1.1
0.2500,0.2500,1,0.1,0.1,0.9000,100.0,0.1019280089,0.03293397768,1.1
0.2500,0.2500,1,0.1,0.1,0.9000,1000.0,1.333416479e-10,0.03293397768,1.1
0.2500,0.2500,1,0.1,0.1,0.9000,10000.0,0,0.03293397768,1.1
0.2500,0.2500,1,0.1,0.1,0.9000,inf,0,0.03293397768,1.1
0.2500,0.2500,1,0.1,1,0.5000,100.0,1.006730056e-10,0.4049245029,1.1
0.2500,0.2500,1,0.1,1,0.5000,1000.0,0,0.4049245029,1.1
0.2500,0.2500,1,0.1,1,0.5000,10000.0,0,0.4049245029,1.1
0.2500,0.2500,1,0.1,1,0.5000,inf,0,0.4049245029,1.1
0.2500,0.2500,1,0.1,1,0.9000,100.0,1.227686218e-10,0.2743278687,1.1
0.2500,0.2500,1,0.1,1,0.9000,1000.0,0,0.2743278687,1.1
0.2500,0.2500,1,0.1,1,0.9000,10000.0,0,0.2743278687,1.1
0.2500,0.2500,1,0.1,1,0.9000,inf,0,0.2743278687,1.1
0.2500,0.2500,3,0.01,0.0166667,0.5000,100.0,0.9909834899,8.409906259e-07,3.03
0.2500,0.2500,3,0.01,0.0166667,0.5000,1000.0,0.2193561923,8.409906259e-07,3.03
0.2500,0.2500,3,0.01,0.0166667,0.5000,10000.0,0,8.409906259e-07,3.03
0.2500,0.2500,3,0.01,0.0166667,0.5000,inf,0,8.409906259e-07,3.03
0.2500,0.2500,3,0.01,0.0166667,0.9000,100.0,0.9912705693,9.053165614e-08,3.03
0.2500,0.2500,3,0.01,0.0166667,0.9000,1000.0,0.2200246439,9.053165614e-08,3.03
0.2500,0.2500,3,0.01,0.0166667,0.9000,10000.0,0,9.053165614e-08,3.03
0.2500,0.2500,3,0.01,0.0166667,0.9000,inf,0,9.053165614e-08,3.03
0.2500,0.2500,3,0.01,0.1,0.5000,100.0,0.5396617654,0.0001598692292,3.03
0.2500,0.2500,3,0.01,0.1,0.5000,1000.0,5.69318946e-09,0.0001598692292,3.03
0.2500,0.2500,3,0.01,0.1,0.5000,10000.0,0,0.0001598692292,3.03
0.2500,0.2500,3,0.01,0.1,0.5000,inf,0,0.0001598692292,3.03
0.2500,0.2500,3,0.01,0.1,0.9000,100.0,0.5471208528,1.852158859e-05,3.03
0.2500,0.2500,3,0.01,0.1,0.9000,1000.0,5.843901829e-09,1.852158859e-05,3.03
0.2500,0.2500,3,0.01,0.1,0.9000,10000.0,0,1.852158859e-05,3.03
0.2500,0.2500,3,0.01,0.1,0.9000,inf,0,1.852158859e-05,3.03
0.2500,0.2500,3,0.01,1,0.5000,100.0,4.406603777e-09,0.05241831287,3.03
0.2500,0.2500,3,0.01,1,0.5000,1000.0,0,0.05241831287,3.03
0.2500,0.2500,3,0.01,1,0.5000,10000.0,0,0.05241831287,3.03
0.2500,0.2500,3,0.01,1,0.5000,inf,0,0.05241831287,3.03
0.2500,0.2500,3,0.01,1,0.9000,100.0,5.378466035e-09,0.01089236804,3.03
0.2500,0.2500,3,0.01,1,0.9000,1000.0,0,0.01089236804,3.03
0.2500,0.2500,3,0.01,1,0.9000,10000.0,0,0.01089236804,3.03
0.2500,0.2500,3,0.01,1,0.9000,inf,0,0.01089236804,3.03
0.2500,0.2500,3,0.1,0.0166667,0.5000,100.0,0.9928421542,6.523865788e-07,3.3
0.2500,0.2500,3,0.1,0.0166667,0.5000,1000.0,0.2698385118,6.523865788e-07,3.3
0.2500,0.2500,3,0.1,0.0166667,0.5000,10000.0,1.676249096e-14,6.523865788e-07,3.3
0.2500,0.2500,3,0.1,0.0166667,0.5000,inf,0,6.523865788e-07,3.3
0.2500,0.2500,3,0.1,0.0166667,0.9000,100.0,0.9930722174,7.014163822e-08,3.3
0.2500,0.2500,3,0.1,0.0166667,0.9000,1000.0,0.2705643365,7.014163822e-08,3.3
0.2500,0.2500,3,0.1,0.0166667,0.9000,10000.0,1.685803088e-14,7.014163822e-08,3.3
0.2500,0.2500,3,0.1,0.0166667,0.9000,inf,0,7.014163822e-08,3.3
0.2500,0.2500,3,0.1,0.1,0.5000,100.0,0.5932723965,0.0001252837215,3.3
0.2500,0.2500,3,0.1,0.1,0.5000,1000.0,3.674888312e-08,0.0001252837215,3.3
0.2500,0.2500,3,0.1,0.1,0.5000,10000.0,0,0.0001252837215,3.3
0.2500,0.2500,3,0.1,0.1,0.5000,inf,0,0.0001252837215,3.3
0.2500,0.2500,3,0.1,0.1,0.9000,100.0,0.6003801658,1.441319148e-05,3.3
0.2500,0.2500,3,0.1,0.1,0.9000,1000.0,3.763747485e-08,1.441319148e-05,3.3
0.2500,0.2500,3,0.1,0.1,0.9000,10000.0,0,1.441319148e-05,3.3
0.2500,0.2500,3,0.1,0.1,0.9000,inf,0,1.441319148e-05,3.3
0.2500,0.2500,3,0.1,1,0.5000,100.0,2.893728355e-08,0.04421444719,3.3
0.2500,0.2500,3,0.1,1,0.5000,1000.0,0,0.04421444719,3.3
0.2500,0.2500,3,0.1,1,0.5000,10000.0,0,0.04421444719,3.3
0.2500,0.2500,3,0.1,1,0.5000,inf,0,0.04421444719,3.3
0.2500,0.2500,3,0.1,1,0.9000,100.0,3.485511084e-08,0.008815638198,3.3
0.2500,0.2500,3,0.1,1,0.9000,1000.0,0,0.008815638198,3.3
0.2500,0.2500,3,0.1,1,0.9000,10000.0,0,0.008815638198,3.3
0.2500,0.2500,3,0.1,1,0.9000,inf,0,0.008815638198,3.3
0.2500,0.2500,6,0.01,0.0166667,0.5000,100.0,0.9999946845,5.539556451e-13,6.06
0.2500,0.2500,6,0.01,0.0166667,0.5000,1000.0,0.7641266267,5.539556451e-13,6.06
0.2500,0.2500,6,0.01,0.0166667,0.5000,10000.0,1.3504569e-12,5.539556451e-13,6.06
0.2500,0.2500,6,0.01,0.0166667,0.5000,inf,0,5.539556451e-13,6.06
0.2500,0.2500,6,0.01,0.0166667,0.9000,100.0,0.9999950493,4.420772435e-15,6.06
0.2500,0.2500,6,0.01,0.0166667,0.9000,1000.0,0.7649150489,4.420772435e-15,6.06
0.2500,0.2500,6,0.01,0.0166667,0.9000,10000.0,1.356299022e-12,4.420772435e-15,6.06
0.2500,0.2500,6,0.01,0.0166667,0.9000,inf,0,4.420772435e-15,6.06
0.2500,0.2500,6,0.01,0.1,0.5000,100.0,0.9567758248,2.001773206e-08,6.06
0.2500,0.2500,6,0.01,0.1,0.5000,1000.0,1.651972627e-06,2.001773206e-08,6.06
0.2500,0.2500,6,0.01,0.1,0.5000,10000.0,0,2.001773206e-08,6.06
0.2500,0.2500,6,0.01,0.1,0.5000,inf,0,2.001773206e-08,6.06
0.2500,0.2500,6,0.01,0.1,0.9000,100.0,0.958816225,1.850068345e-10,6.06
0.2500,0.2500,6,0.01,0.1,0.9000,1000.0,1.690357234e-06,1.850068345e-10,6.06
0.2500,0.2500,6,0.01,0.1,0.9000,10000.0,0,1.850068345e-10,6.06
0.2500,0.2500,6,0.01,0.1,0.9000,inf,0,1.850068345e-10,6.06
0.2500,0.2500,6,0.01,1,0.5000,100.0,1.309885018e-06,0.002151430136,6.06
0.2500,0.2500,6,0.01,1,0.5000,1000.0,0,0.002151430136,6.06
0.2500,0.2500,6,0.01,1,0.5000,10000.0,0,0.002151430136,6.06
0.2500,0.2500,6,0.01,1,0.5000,inf,0,0.002151430136,6.06
0.2500,0.2500,6,0.01,1,0.9000,100.0,1.56938042e-06,6.386890022e-05,6.06
0.2500,0.2500,6,0.01,1,0.9000,1000.0,0,6.386890022e-05,6.06
0.2500,0.2500,6,0.01,1,0.9000,10000.0,0,6.386890022e-05,6.06
0.2500,0.2500,6,0.01,1,0.9000,inf,0,6.386890022e-05,6.06
0.2500,0.2500,6,0.1,0.0166667,0.5000,100.0,0.9999967203,3.333518252e-13,6.6
0.2500,0.2500,6,0.1,0.0166667,0.5000,1000.0,0.8164119075,3.333518252e-13,6.6
0.2500,0.2500,6,0.1,0.0166667,0.5000,10000.0,2.626088535e-11,3.333518252e-13,6.6
0.2500,0.2500,6,0.1,0.0166667,0.5000,inf,0,3.333518252e-13,6.6
0.2500,0.2500,6,0.1,0.0166667,0.9000,100.0,0.9999969466,2.653689505e-15,6.6
0.2500,0.2500,6,0.1,0.0166667,0.9000,1000.0,0.8170745952,2.653689505e-15,6.6
0.2500,0.2500,6,0.1,0.0166667,0.9000,10000.0,2.636336041e-11,2.653689505e-15,6.6
0.2500,0.2500,6,0.1,0.0166667,0.9000,inf,0,2.653689505e-15,6.6
0.2500,0.2500,6,0.1,0.1,0.5000,100.0,0.9693769107,1.22934894e-08,6.6
0.2500,0.2500,6,0.1,0.1,0.5000,1000.0,8.363008975e-06,1.22934894e-08,6.6
0.2500,0.2500,6,0.1,0.1,0.5000,10000.0,0,1.22934894e-08,6.6
0.2500,0.2500,6,0.1,0.1,0.5000,inf,0,1.22934894e-08,6.6
0.2500,0.2500,6,0.1,0.1,0.9000,100.0,0.9708824294,1.120361431e-10,6.6
0.2500,0.2500,6,0.1,0.1,0.9000,1000.0,8.538198944e-06,1.120361431e-10,6.6
0.2500,0.2500,6,0.1,0.1,0.9000,10000.0,0,1.120361431e-10,6.6
0.2500,0.2500,6,0.1,0.1,0.9000,inf,0,1.120361431e-10,6.6
0.2500,0.2500,6,0.1,1,0.5000,100.0,6.753126673e-06,0.001530749991,6.6
0.2500,0.2500,6,0.1,1,0.5000,1000.0,0,0.001530749991,6.6
0.2500,0.2500,6,0.1,1,0.5000,10000.0,0,0.001530749991,6.6
0.2500,0.2500,6,0.1,1,0.5000,inf,0,0.001530749991,6.6
0.2500,0.2500,6,0.1,1,0.9000,100.0,7.97820052e-06,4.184355705e-05,6.6
0.2500,0.2500,6,0.1,1,0.9000,1000.0,0,4.184355705e-05,6.6
0.2500,0.2500,6,0.1,1,0.9000,10000.0,0,4.184355705e-05,6.6
0.2500,0.2500,6,0.1,1,0.9000,inf,0,4.184355705e-05,6.6
0.2500,0.2500,12,0.01,0.0166667,0.5000,100.0,1,2.403809005e-25,12.12
0.2500,0.2500,12,0.01,0.0166667,0.5000,1000.0,0.9987987395,2.403809005e-25,12.12
0.2500,0.2500,12,0.01,0.0166667,0.5000,10000.0,2.400158372e-08,2.403809005e-25,12.12
0.2500,0.2500,12,0.01,0.0166667,0.5000,inf,0,2.403809005e-25,12.12
0.2500,0.2500,12,0.01,0.0166667,0.9000,100.0,1,1.057606411e-29,12.12
0.2500,0.2500,12,0.01,0.0166667,0.9000,1000.0,0.9988106116,1.057606411e-29,12.12
0.2500,0.2500,12,0.01,0.0166667,0.9000,10000.0,2.408834593e-08,1.057606411e-29,12.12
0.2500,0.2500,12,0.01,0.0166667,0.9000,inf,0,1.057606411e-29,12.12
0.2500,0.2500,12,0.01,0.1,0.5000,100.0,0.9999863036,3.138916195e-16,12.12
0.2500,0.2500,12,0.01,0.1,0.5000,1000.0,0.00159801955,3.138916195e-16,12.12
0.2500,0.2500,12,0.01,0.1,0.5000,10000.0,0,3.138916195e-16,12.12
0.2500,0.2500,12,0.01,0.1,0.5000,inf,0,3.138916195e-16,12.12
0.2500,0.2500,12,0.01,0.1,0.9000,100.0,0.9999879804,1.852270231e-20,12.12
0.2500,0.2500,12,0.01,0.1,0.9000,1000.0,0.00162496951,1.852270231e-20,12.12
0.2500,0.2500,12,0.01,0.1,0.9000,10000.0,0,1.852270231e-20,12.12
0.2500,0.2500,12,0.01,0.1,0.9000,inf,0,1.852270231e-20,12.12
0.2500,0.2500,12,0.01,1,0.5000,100.0,0.001334737886,3.625806701e-06,12.12
0.2500,0.2500,12,0.01,1,0.5000,1000.0,0,3.625806701e-06,12.12
0.2500,0.2500,12,0.01,1,0.5000,10000.0,0,3.625806701e-06,12.12
0.2500,0.2500,12,0.01,1,0.5000,inf,0,3.625806701e-06,12.12
0.2500,0.2500,12,0.01,1,0.9000,100.0,0.001536383561,2.207631374e-09,12.12
0.2500,0.2500,12,0.01,1,0.9000,1000.0,0,2.207631374e-09,12.12
0.2500,0.2500,12,0.01,1,0.9000,10000.0,0,2.207631374e-09,12.12
0.2500,0.2500,12,0.01,1,0.9000,inf,0,2.207631374e-09,12.12
0.2500,0.2500,12,0.1,0.0166667,0.5000,100.0,1,8.704736868e-26,13.2
0.2500,0.2500,12,0.1,0.0166667,0.5000,1000.0,0.9994157894,8.704736868e-26,13.2
0.2500,0.2500,12,0.1,0.0166667,0.5000,10000.0,2.829384492e-07,8.704736868e-26,13.2
0.2500,0.2500,12,0.1,0.0166667,0.5000,inf,0,8.704736868e-26,13.2
0.2500,0.2500,12,0.1,0.0166667,0.9000,100.0,1,3.810903509e-30,13.2
0.2500,0.2500,12,0.1,0.0166667,0.9000,1000.0,0.9994217687,3.810903509e-30,13.2
0.2500,0.2500,12,0.1,0.0166667,0.9000,10000.0,2.838499382e-07,3.810903509e-30,13.2
0.2500,0.2500,12,0.1,0.0166667,0.9000,inf,0,3.810903509e-30,13.2
0.2500,0.2500,12,0.1,0.1,0.5000,100.0,0.9999940648,1.183859922e-16,13.2
0.2500,0.2500,12,0.1,0.1,0.5000,1000.0,0.005040504382,1.183859922e-16,13.2
0.2500,0.2500,12,0.1,0.1,0.5000,10000.0,0,1.183859922e-16,13.2
0.2500,0.2500,12,0.1,0.1,0.5000,inf,0,1.183859922e-16,13.2
0.2500,0.2500,12,0.1,0.1,0.9000,100.0,0.9999948067,6.792740047e-21,13.2
0.2500,0.2500,12,0.1,0.1,0.9000,1000.0,0.005114211308,6.792740047e-21,13.2
0.2500,0.2500,12,0.1,0.1,0.9000,10000.0,0,6.792740047e-21,13.2
0.2500,0.2500,12,0.1,0.1,0.9000,inf,0,6.792740047e-21,13.2
0.2500,0.2500,12,0.1,1,0.5000,100.0,0.004295861746,1.83551801e-06,13.2
0.2500,0.2500,12,0.1,1,0.5000,1000.0,0,1.83551801e-06,13.2
0.2500,0.2500,12,0.1,1,0.5000,10000.0,0,1.83551801e-06,13.2
0.2500,0.2500,12,0.1,1,0.5000,inf,0,1.83551801e-06,13.2
0.2500,0.2500,12,0.1,1,0.9000,100.0,0.004868324366,9.475507136e-10,13.2
0.2500,0.2500,12,0.1,1,0.9000,1000.0,0,9.475507136e-10,13.2
0.2500,0.2500,12,0.1,1,0.9000,10000.0,0,9.475507136e-10,13.2
0.2500,0.2500,12,0.1,1,0.9000,inf,0,9.475507136e-10,13.2
0.2500,0.4000,1,0.01,0.0166667,0.5000,100.0,0.6556674576,0.01359247789,1.01
0.2500,0.4000,1,0.01,0.0166667,0.5000,1000.0,0.01600309993,0.01359247789,1.01
0.2500,0.4000,1,0.01,0.0166667,0.5000,10000.0,0,0.01359247789,1.01
0.2500,0.4000,1,0.01,0.0166667,0.5000,inf,0,0.01359247789,1.01
0.2500,0.4000,1,0.01,0.0166667,0.9000,100.0,0.6596524851,0.007597272496,1.01
0.2500,0.4000,1,0.01,0.0166667,0.9000,1000.0,0.01610036386,0.007597272496,1.01
0.2500,0.4000,1,0.01,0.0166667,0.9000,10000.0,0,0.007597272496,1.01
0.2500,0.4000,1,0.01,0.0166667,0.9000,inf,0,0.007597272496,1.01
0.2500,0.4000,1,0.01,0.1,0.5000,100.0,0.07960116563,0.07709732396,1.01
0.2500,0.4000,1,0.01,0.1,0.5000,1000.0,1.681884905e-11,0.07709732396,1.01
0.2500,0.4000,1,0.01,0.1,0.5000,10000.0,0,0.07709732396,1.01
0.2500,0.4000,1,0.01,0.1,0.5000,inf,0,0.07709732396,1.01
0.2500,0.4000,1,0.01,0.1,0.9000,100.0,0.08242551526,0.04435157451,1.01
0.2500,0.4000,1,0.01,0.1,0.9000,1000.0,1.741594857e-11,0.04435157451,1.01
0.2500,0.4000,1,0.01,0.1,0.9000,10000.0,0,0.04435157451,1.01
0.2500,0.4000,1,0.01,0.1,0.9000,inf,0,0.04435157451,1.01
0.2500,0.4000,1,0.01,1,0.5000,100.0,1.176126262e-11,0.4835164856,1.01
0.2500,0.4000,1,0.01,1,0.5000,1000.0,0,0.4835164856,1.01
0.2500,0.4000,1,0.01,1,0.5000,10000.0,0,0.4835164856,1.01
0.2500,0.4000,1,0.01,1,0.5000,inf,0,0.4835164856,1.01
0.2500,0.4000,1,0.01,1,0.9000,100.0,1.498229583e-11,0.3421461917,1.01
0.2500,0.4000,1,0.01,1,0.9000,1000.0,0,0.3421461917,1.01
0.2500,0.4000,1,0.01,1,0.9000,10000.0,0,0.3421461917,1.01
0.2500,0.4000,1,0.01,1,0.9000,inf,0,0.3421461917,1.01
0.2500,0.4000,1,0.1,0.0166667,0.5000,100.0,0.6787035391,0.0124921776,1.1
0.2500,0.4000,1,0.1,0.0166667,0.5000,1000.0,0.02244557543,0.0124921776,1.1
0.2500,0.4000,1,0.1,0.0166667,0.5000,10000.0,0,0.0124921776,1.1
0.2500,0.4000,1,0.1,0.0166667,0.5000,inf,0,0.0124921776,1.1
0.2500,0.4000,1,0.1,0.0166667,0.9000,100.0,0.6824927929,0.00697884577,1.1
0.2500,0.4000,1,0.1,0.0166667,0.9000,1000.0,0.02257089079,0.00697884577,1.1
0.2500,0.4000,1,0.1,0.0166667,0.9000,10000.0,0,0.00697884577,1.1
0.2500,0.4000,1,0.1,0.0166667,0.9000,inf,0,0.00697884577,1.1
0.2500,0.4000,1,0.1,0.1,0.5000,100.0,0.09789780375,0.07117149907,1.1
0.2500,0.4000,1,0.1,0.1,0.5000,1000.0,1.280689892e-10,0.07117149907,1.1
0.2500,0.4000,1,0.1,0.1,0.5000,10000.0,0,0.07117149907,1.1
0.2500,0.4000,1,0.1,0.1,0.5000,inf,0,0.07117149907,1.1
0.2500,0.4000,1,0.1,0.1,0.9000,100.0,0.1010956385,0.04083128792,1.1
0.2500,0.4000,1,0.1,0.1,0.9000,1000.0,1.322526739e-10,0.04083128792,1.1
0.2500,0.4000,1,0.1,0.1,0.9000,10000.0,0,0.04083128792,1.1
0.2500,0.4000,1,0.1,0.1,0.9000,inf,0,0.04083128792,1.1
0.2500,0.4000,1,0.1,1,0.5000,100.0,9.141789263e-11,0.4596270636,1.1
0.2500,0.4000,1,0.1,1,0.5000,1000.0,0,0.4596270636,1.1
0.2500,0.4000,1,0.1,1,0.5000,10000.0,0,0.4596270636,1.1
0.2500,0.4000,1,0.1,1,0.5000,inf,0,0.4596270636,1.1
0.2500,0.4000,1,0.1,1,0.9000,100.0,1.14888794e-10,0.3209017618,1.1
0.2500,0.4000,1,0.1,1,0.9000,1000.0,0,0.3209017618,1.1
0.2500,0.4000,1,0.1,1,0.9000,10000.0,0,0.3209017618,1.1
0.2500,0.4000,1,0.1,1,0.9000,inf,0,0.3209017618,1.1
0.2500,0.4000,3,0.01,0.0166667,0.5000,100.0,0.9908173808,1.796228941e-06,3.03
0.2500,0.4000,3,0.01,0.0166667,0.5000,1000.0,0.2189816668,1.796228941e-06,3.03
0.2500,0.4000,3,0.01,0.0166667,0.5000,10000.0,0,1.796228941e-06,3.03
0.2500,0.4000,3,0.01,0.0166667,0.5000,inf,0,1.796228941e-06,3.03
0.2500,0.4000,3,0.01,0.0166667,0.9000,100.0,0.9911819837,2.232012456e-07,3.03
0.2500,0.4000,3,0.01,0.0166667,0.9000,1000.0,0.2198153907,2.232012456e-07,3.03
0.2500,0.4000,3,0.01,0.0166667,0.9000,10000.0,0,2.232012456e-07,3.03
0.2500,0.4000,3,0.01,0.0166667,0.9000,inf,0,2.232012456e-07,3.03
0.2500,0.4000,3,0.01,0.1,0.5000,100.0,0.5355100402,0.0003283842602,3.03
0.2500,0.4000,3,0.01,0.1,0.5000,1000.0,5.61177068e-09,0.0003283842602,3.03
0.2500,0.4000,3,0.01,0.1,0.5000,10000.0,0,0.0003283842602,3.03
0.2500,0.4000,3,0.01,0.1,0.5000,inf,0,0.0003283842602,3.03
0.2500,0.4000,3,0.01,0.1,0.9000,100.0,0.5447795137,4.458470406e-05,3.03
0.2500,0.4000,3,0.01,0.1,0.9000,1000.0,5.795956883e-09,4.458470406e-05,3.03
0.2500,0.4000,3,0.01,0.1,0.9000,10000.0,0,4.458470406e-05,3.03
0.2500,0.4000,3,0.01,0.1,0.9000,inf,0,4.458470406e-05,3.03
0.2500,0.4000,3,0.01,1,0.5000,100.0,3.999868855e-09,0.08262456752,3.03
0.2500,0.4000,3,0.01,1,0.5000,1000.0,0,0.08262456752,3.03
0.2500,0.4000,3,0.01,1,0.5000,10000.0,0,0.08262456752,3.03
0.2500,0.4000,3,0.01,1,0.5000,inf,0,0.08262456752,3.03
0.2500,0.4000,3,0.01,1,0.9000,100.0,5.031760874e-09,0.02136813253,3.03
0.2500,0.4000,3,0.01,1,0.9000,1000.0,0,0.02136813253,3.03
0.2500,0.4000,3,0.01,1,0.9000,10000.0,0,0.02136813253,3.03
0.2500,0.4000,3,0.01,1,0.9000,inf,0,0.02136813253,3.03
0.2500,0.4000,3,0.1,0.0166667,0.5000,100.0,0.9927089476,1.394335113e-06,3.3
0.2500,0.4000,3,0.1,0.0166667,0.5000,1000.0,0.2694315884,1.394335113e-06,3.3
0.2500,0.4000,3,0.1,0.0166667,0.5000,10000.0,1.670131458e-14,1.394335113e-06,3.3
0.2500,0.4000,3,0.1,0.0166667,0.5000,inf,0,1.394335113e-06,3.3
0.2500,0.4000,3,0.1,0.0166667,0.9000,100.0,0.9930012462,1.729999202e-07,3.3
0.2500,0.4000,3,0.1,0.0166667,0.9000,1000.0,0.2703371852,1.729999202e-07,3.3
0.2500,0.4000,3,0.1,0.0166667,0.9000,10000.0,1.683211038e-14,1.729999202e-07,3.3
0.2500,0.4000,3,0.1,0.0166667,0.9000,inf,0,1.729999202e-07,3.3
0.2500,0.4000,3,0.1,0.1,0.5000,100.0,0.5893016476,0.0002582880748,3.3
0.2500,0.4000,3,0.1,0.1,0.5000,1000.0,3.626717951e-08,0.0002582880748,3.3
0.2500,0.4000,3,0.1,0.1,0.5000,10000.0,0,0.0002582880748,3.3
0.2500,0.4000,3,0.1,0.1,0.5000,inf,0,0.0002582880748,3.3
0.2500,0.4000,3,0.1,0.1,0.9000,100.0,0.5981527191,3.477504201e-05,3.3
0.2500,0.4000,3,0.1,0.1,0.9000,1000.0,3.735522648e-08,3.477504201e-05,3.3
0.2500,0.4000,3,0.1,0.1,0.9000,10000.0,0,3.477504201e-05,3.3
0.2500,0.4000,3,0.1,0.1,0.9000,inf,0,3.477504201e-05,3.3
0.2500,0.4000,3,0.1,1,0.5000,100.0,2.641336915e-08,0.07084526766,3.3
0.2500,0.4000,3,0.1,1,0.5000,1000.0,0,0.07084526766,3.3
0.2500,0.4000,3,0.1,1,0.5000,10000.0,0,0.07084526766,3.3
0.2500,0.4000,3,0.1,1,0.5000,inf,0,0.07084526766,3.3
0.2500,0.4000,3,0.1,1,0.9000,100.0,3.276198163e-08,0.01756129834,3.3
0.2500,0.4000,3,0.1,1,0.9000,1000.0,0,0.01756129834,3.3
0.2500,0.4000,3,0.1,1,0.9000,10000.0,0,0.01756129834,3.3
0.2500,0.4000,3,0.1,1,0.9000,inf,0,0.01756129834,3.3
0.2500,0.4000,6,0.01,0.0166667,0.5000,100.0,0.9999944607,2.68505491e-12,6.06
0.2500,0.4000,6,0.01,0.0166667,0.5000,1000.0,0.7636824417,2.68505491e-12,6.06
0.2500,0.4000,6,0.01,0.0166667,0.5000,10000.0,1.347192027e-12,2.68505491e-12,6.06
0.2500,0.4000,6,0.01,0.0166667,0.5000,inf,0,2.68505491e-12,6.06
0.2500,0.4000,6,0.01,0.0166667,0.9000,100.0,0.9999949396,3.292533307e-14,6.06
0.2500,0.4000,6,0.01,0.0166667,0.9000,1000.0,0.7646688387,3.292533307e-14,6.06
0.2500,0.4000,6,0.01,0.0166667,0.9000,10000.0,1.354467954e-12,3.292533307e-14,6.06
0.2500,0.4000,6,0.01,0.0166667,0.9000,inf,0,3.292533307e-14,6.06
0.2500,0.4000,6,0.01,0.1,0.5000,100.0,0.9555768406,8.974101246e-08,6.06
0.2500,0.4000,6,0.01,0.1,0.5000,1000.0,1.631130119e-06,8.974101246e-08,6.06
0.2500,0.4000,6,0.01,0.1,0.5000,10000.0,0,8.974101246e-08,6.06
0.2500,0.4000,6,0.01,0.1,0.5000,inf,0,8.974101246e-08,6.06
0.2500,0.4000,6,0.01,0.1,0.9000,100.0,0.958191089,1.313650715e-09,6.06
0.2500,0.4000,6,0.01,0.1,0.9000,1000.0,1.678173835e-06,1.313650715e-09,6.06
0.2500,0.4000,6,0.01,0.1,0.9000,10000.0,0,1.313650715e-09,6.06
0.2500,0.4000,6,0.01,0.1,0.9000,inf,0,1.313650715e-09,6.06
0.2500,0.4000,6,0.01,1,0.5000,100.0,1.198276372e-06,0.00568040608,6.06
0.2500,0.4000,6,0.01,1,0.5000,1000.0,0,0.00568040608,6.06
0.2500,0.4000,6,0.01,1,0.5000,10000.0,0,0.00568040608,6.06
0.2500,0.4000,6,0.01,1,0.5000,inf,0,0.00568040608,6.06
0.2500,0.4000,6,0.01,1,0.9000,100.0,1.477954903e-06,0.0003014758613,6.06
0.2500,0.4000,6,0.01,1,0.9000,1000.0,0,0.0003014758613,6.06
0.2500,0.4000,6,0.01,1,0.9000,10000.0,0,0.0003014758613,6.06
0.2500,0.4000,6,0.01,1,0.9000,inf,0,0.0003014758613,6.06
0.2500,0.4000,6,0.1,0.0166667,0.5000,100.0,0.9999965814,1.61794657e-12,6.6
0.2500,0.4000,6,0.1,0.0166667,0.5000,1000.0,0.8160383249,1.61794657e-12,6.6
0.2500,0.4000,6,0.1,0.0166667,0.5000,10000.0,2.620358902e-11,1.61794657e-12,6.6
0.2500,0.4000,6,0.1,0.0166667,0.5000,inf,0,1.61794657e-12,6.6
0.2500,0.4000,6,0.1,0.0166667,0.9000,100.0,0.9999968786,1.97801334e-14,6.6
0.2500,0.4000,6,0.1,0.0166667,0.9000,1000.0,0.8168677068,1.97801334e-14,6.6
0.2500,0.4000,6,0.1,0.0166667,0.9000,10000.0,2.633125251e-11,1.97801334e-14,6.6
0.2500,0.4000,6,0.1,0.0166667,0.9000,inf,0,1.97801334e-14,6.6
0.2500,0.4000,6,0.1,0.1,0.5000,100.0,0.9684886107,5.551819904e-08,6.6
0.2500,0.4000,6,0.1,0.1,0.5000,1000.0,8.267549185e-06,5.551819904e-08,6.6
0.2500,0.4000,6,0.1,0.1,0.5000,10000.0,0,5.551819904e-08,6.6
0.2500,0.4000,6,0.1,0.1,0.5000,inf,0,5.551819904e-08,6.6
0.2500,0.4000,6,0.1,0.1,0.9000,100.0,0.970421997,7.99183189e-10,6.6
0.2500,0.4000,6,0.1,0.1,0.9000,1000.0,8.482678996e-06,7.99183189e-10,6.6
0.2500,0.4000,6,0.1,0.1,0.9000,10000.0,0,7.99183189e-10,6.6
0.2500,0.4000,6,0.1,0.1,0.9000,inf,0,7.99183189e-10,6.6
0.2500,0.4000,6,0.1,1,0.5000,100.0,6.215371558e-06,0.004176292915,6.6
0.2500,0.4000,6,0.1,1,0.5000,1000.0,0,0.004176292915,6.6
0.2500,0.4000,6,0.1,1,0.5000,10000.0,0,0.004176292915,6.6
0.2500,0.4000,6,0.1,1,0.5000,inf,0,0.004176292915,6.6
0.2500,0.4000,6,0.1,1,0.9000,100.0,7.550553887e-06,0.0002036450093,6.6
0.2500,0.4000,6,0.1,1,0.9000,1000.0,0,0.0002036450093,6.6
0.2500,0.4000,6,0.1,1,0.9000,10000.0,0,0.0002036450093,6.6
0.2500,0.4000,6,0.1,1,0.9000,inf,0,0.0002036450093,6.6
0.2500,0.4000,12,0.01,0.0166667,0.5000,100.0,1,6.00006191e-24,12.12
0.2500,0.4000,12,0.01,0.0166667,0.5000,1000.0,0.9987919756,6.00006191e-24,12.12
0.2500,0.4000,12,0.01,0.0166667,0.5000,10000.0,2.395305112e-08,6.00006191e-24,12.12
0.2500,0.4000,12,0.01,0.0166667,0.5000,inf,0,6.00006191e-24,12.12
0.2500,0.4000,12,0.01,0.0166667,0.9000,100.0,1,7.171046848e-28,12.12
0.2500,0.4000,12,0.01,0.0166667,0.9000,1000.0,0.9988069224,7.171046848e-28,12.12
0.2500,0.4000,12,0.01,0.0166667,0.9000,10000.0,2.406116617e-08,7.171046848e-28,12.12
0.2500,0.4000,12,0.01,0.0166667,0.9000,inf,0,7.171046848e-28,12.12
0.2500,0.4000,12,0.01,0.1,0.5000,100.0,0.9999851842,6.70241506e-15,12.12
0.2500,0.4000,12,0.01,0.1,0.5000,1000.0,0.001583233291,6.70241506e-15,12.12
0.2500,0.4000,12,0.01,0.1,0.5000,10000.0,0,6.70241506e-15,12.12
0.2500,0.4000,12,0.01,0.1,0.5000,inf,0,6.70241506e-15,12.12
0.2500,0.4000,12,0.01,0.1,0.9000,100.0,0.9999874949,1.14151632e-18,12.12
0.2500,0.4000,12,0.01,0.1,0.9000,1000.0,0.001616454716,1.14151632e-18,12.12
0.2500,0.4000,12,0.01,0.1,0.9000,10000.0,0,1.14151632e-18,12.12
0.2500,0.4000,12,0.01,0.1,0.9000,inf,0,1.14151632e-18,12.12
0.2500,0.4000,12,0.01,1,0.5000,100.0,0.001242533877,2.685395143e-05,12.12
0.2500,0.4000,12,0.01,1,0.5000,1000.0,0,2.685395143e-05,12.12
0.2500,0.4000,12,0.01,1,0.5000,10000.0,0,2.685395143e-05,12.12
0.2500,0.4000,12,0.01,1,0.5000,inf,0,2.685395143e-05,12.12
0.2500,0.4000,12,0.01,1,0.9000,100.0,0.001467299935,6.012152897e-08,12.12
0.2500,0.4000,12,0.01,1,0.9000,1000.0,0,6.012152897e-08,12.12
0.2500,0.4000,12,0.01,1,0.9000,10000.0,0,6.012152897e-08,12.12
0.2500,0.4000,12,0.01,1,0.9000,inf,0,6.012152897e-08,12.12
0.2500,0.4000,12,0.1,0.0166667,0.5000,100.0,1,2.178601204e-24,13.2
0.2500,0.4000,12,0.1,0.0166667,0.5000,1000.0,0.9994123806,2.178601204e-24,13.2
0.2500,0.4000,12,0.1,0.0166667,0.5000,10000.0,2.824282699e-07,2.178601204e-24,13.2
0.2500,0.4000,12,0.1,0.0166667,0.5000,inf,0,2.178601204e-24,13.2
0.2500,0.4000,12,0.1,0.0166667,0.9000,100.0,1,2.58809752e-28,13.2
0.2500,0.4000,12,0.1,0.0166667,0.9000,1000.0,0.9994199112,2.58809752e-28,13.2
0.2500,0.4000,12,0.1,0.0166667,0.9000,10000.0,2.835644762e-07,2.58809752e-28,13.2
0.2500,0.4000,12,0.1,0.0166667,0.9000,inf,0,2.58809752e-28,13.2
0.2500,0.4000,12,0.1,0.1,0.5000,100.0,0.999993567,2.565193484e-15,13.2
0.2500,0.4000,12,0.1,0.1,0.5000,1000.0,0.004999919853,2.565193484e-15,13.2
0.2500,0.4000,12,0.1,0.1,0.5000,10000.0,0,2.565193484e-15,13.2
0.2500,0.4000,12,0.1,0.1,0.5000,inf,0,2.565193484e-15,13.2
0.2500,0.4000,12,0.1,0.1,0.9000,100.0,0.9999945924,4.22488586e-19,13.2
0.2500,0.4000,12,0.1,0.1,0.9000,1000.0,0.005090960454,4.22488586e-19,13.2
0.2500,0.4000,12,0.1,0.1,0.9000,10000.0,0,4.22488586e-19,13.2
0.2500,0.4000,12,0.1,0.1,0.9000,inf,0,4.22488586e-19,13.2
0.2500,0.4000,12,0.1,1,0.5000,100.0,0.004027760805,1.451547745e-05,13.2
0.2500,0.4000,12,0.1,1,0.5000,1000.0,0,1.451547745e-05,13.2
0.2500,0.4000,12,0.1,1,0.5000,10000.0,0,1.451547745e-05,13.2
0.2500,0.4000,12,0.1,1,0.5000,inf,0,1.451547745e-05,13.2
0.2500,0.4000,12,0.1,1,0.9000,100.0,0.004674313237,2.743292257e-08,13.2
0.2500,0.4000,12,0.1,1,0.9000,1000.0,0,2.743292257e-08,13.2
0.2500,0.4000,12,0.1,1,0.9000,10000.0,0,2.743292257e-08,13.2
0.2500,0.4000,12,0.1,1,0.9000,inf,0,2.743292257e-08,13.2
0.2500,0.4500,1,0.01,0.0166667,0.5000,100.0,0.6548582625,0.01480985745,1.01
0.2500,0.4500,1,0.01,0.0166667,0.5000,1000.0,0.01598334962,0.01480985745,1.01
0.2500,0.4500,1,0.01,0.0166667,0.5000,10000.0,0,0.01480985745,1.01
0.2500,0.4500,1,0.01,0.0166667,0.5000,inf,0,0.01480985745,1.01
0.2500,0.4500,1,0.01,0.0166667,0.9000,100.0,0.6591972032,0.00828221343,1.01
0.2500,0.4500,1,0.01,0.0166667,0.9000,1000.0,0.01608925164,0.00828221343,1.01
0.2500,0.4500,1,0.01,0.0166667,0.9000,10000.0,0,0.00828221343,1.01
0.2500,0.4500,1,0.01,0.0166667,0.9000,inf,0,0.00828221343,1.01
0.2500,0.4500,1,0.01,0.1,0.5000,100.0,0.0790471363,0.08352078712,1.01
0.2500,0.4500,1,0.01,0.1,0.5000,1000.0,1.67017216e-11,0.08352078712,1.01
0.2500,0.4500,1,0.01,0.1,0.5000,10000.0,0,0.08352078712,1.01
0.2500,0.4500,1,0.01,0.1,0.5000,inf,0,0.08352078712,1.01
0.2500,0.4500,1,0.01,0.1,0.9000,100.0,0.08209451335,0.04818923869,1.01
0.2500,0.4500,1,0.01,0.1,0.9000,1000.0,1.734597033e-11,0.04818923869,1.01
0.2500,0.4500,1,0.01,0.1,0.9000,10000.0,0,0.04818923869,1.01
0.2500,0.4500,1,0.01,0.1,0.9000,inf,0,0.04818923869,1.01
0.2500,0.4500,1,0.01,1,0.5000,100.0,1.126577966e-11,0.50526316,1.01
0.2500,0.4500,1,0.01,1,0.5000,1000.0,0,0.50526316,1.01
0.2500,0.4500,1,0.01,1,0.5000,10000.0,0,0.50526316,1.01
0.2500,0.4500,1,0.01,1,0.5000,inf,0,0.50526316,1.01
0.2500,0.4500,1,0.01,1,0.9000,100.0,1.453014436e-11,0.3619909522,1.01
0.2500,0.4500,1,0.01,1,0.9000,1000.0,0,0.3619909522,1.01
0.2500,0.4500,1,0.01,1,0.9000,10000.0,0,0.3619909522,1.01
0.2500,0.4500,1,0.01,1,0.9000,inf,0,0.3619909522,1.01
0.2500,0.4500,1,0.1,0.0166667,0.5000,100.0,0.677933642,0.01361237119,1.1
0.2500,0.4500,1,0.1,0.0166667,0.5000,1000.0,0.02242011397,0.01361237119,1.1
0.2500,0.4500,1,0.1,0.0166667,0.5000,10000.0,0,0.01361237119,1.1
0.2500,0.4500,1,0.1,0.0166667,0.5000,inf,0,0.01361237119,1.1
0.2500,0.4500,1,0.1,0.0166667,0.9000,100.0,0.6820600664,0.00760845918,1.1
0.2500,0.4500,1,0.1,0.0166667,0.9000,1000.0,0.02255657998,0.00760845918,1.1
0.2500,0.4500,1,0.1,0.0166667,0.9000,10000.0,0,0.00760845918,1.1
0.2500,0.4500,1,0.1,0.0166667,0.9000,inf,0,0.00760845918,1.1
0.2500,0.4500,1,0.1,0.1,0.5000,100.0,0.09726846353,0.07714251278,1.1
0.2500,0.4500,1,0.1,0.1,0.5000,1000.0,1.272456303e-10,0.07714251278,1.1
0.2500,0.4500,1,0.1,0.1,0.5000,10000.0,0,0.07714251278,1.1
0.2500,0.4500,1,0.1,0.1,0.5000,inf,0,0.07714251278,1.1
0.2500,0.4500,1,0.1,0.1,0.9000,100.0,0.1007217658,0.04437849309,1.1
0.2500,0.4500,1,0.1,0.1,0.9000,1000.0,1.317635425e-10,0.04437849309,1.1
0.2500,0.4500,1,0.1,0.1,0.9000,10000.0,0,0.04437849309,1.1
0.2500,0.4500,1,0.1,0.1,0.9000,inf,0,0.04437849309,1.1
0.2500,0.4500,1,0.1,1,0.5000,100.0,8.775096145e-11,0.4813005461,1.1
0.2500,0.4500,1,0.1,1,0.5000,1000.0,0,0.4813005461,1.1
0.2500,0.4500,1,0.1,1,0.5000,10000.0,0,0.4813005461,1.1
0.2500,0.4500,1,0.1,1,0.5000,inf,0,0.4813005461,1.1
0.2500,0.4500,1,0.1,1,0.9000,100.0,1.116319436e-10,0.3401514493,1.1
0.2500,0.4500,1,0.1,1,0.9000,1000.0,0,0.3401514493,1.1
0.2500,0.4500,1,0.1,1,0.9000,10000.0,0,0.3401514493,1.1
0.2500,0.4500,1,0.1,1,0.9000,inf,0,0.3401514493,1.1
0.2500,0.4500,3,0.01,0.0166667,0.5000,100.0,0.9907407695,2.39673505e-06,3.03
0.2500,0.4500,3,0.01,0.0166667,0.5000,1000.0,0.2188117789,2.39673505e-06,3.03
0.2500,0.4500,3,0.01,0.0166667,0.5000,10000.0,0,2.39673505e-06,3.03
0.2500,0.4500,3,0.01,0.0166667,0.5000,inf,0,2.39673505e-06,3.03
0.2500,0.4500,3,0.01,0.0166667,0.9000,100.0,0.9911413795,3.103189328e-07,3.03
0.2500,0.4500,3,0.01,0.0166667,0.9000,1000.0,0.2197203845,3.103189328e-07,3.03
0.2500,0.4500,3,0.01,0.0166667,0.9000,10000.0,0,3.103189328e-07,3.03
0.2500,0.4500,3,0.01,0.0166667,0.9000,inf,0,3.103189328e-07,3.03
0.2500,0.4500,3,0.01,0.1,0.5000,100.0,0.533633871,0.0004305972193,3.03
0.2500,0.4500,3,0.01,0.1,0.5000,1000.0,5.57552469e-09,0.0004305972193,3.03
0.2500,0.4500,3,0.01,0.1,0.5000,10000.0,0,0.0004305972193,3.03
0.2500,0.4500,3,0.01,0.1,0.5000,inf,0,0.0004305972193,3.03
0.2500,0.4500,3,0.01,0.1,0.9000,100.0,0.5437183332,6.134047377e-05,3.03
0.2500,0.4500,3,0.01,0.1,0.9000,1000.0,5.774421979e-09,6.134047377e-05,3.03
0.2500,0.4500,3,0.01,0.1,0.9000,10000.0,0,6.134047377e-05,3.03
0.2500,0.4500,3,0.01,0.1,0.9000,inf,0,6.134047377e-05,3.03
0.2500,0.4500,3,0.01,1,0.5000,100.0,3.838785454e-09,0.09705218719,3.03
0.2500,0.4500,3,0.01,1,0.5000,1000.0,0,0.09705218719,3.03
0.2500,0.4500,3,0.01,1,0.5000,10000.0,0,0.09705218719,3.03
0.2500,0.4500,3,0.01,1,0.5000,inf,0,0.09705218719,3.03
0.2500,0.4500,3,0.01,1,0.9000,100.0,4.888497213e-09,0.02700477605,3.03
0.2500,0.4500,3,0.01,1,0.9000,1000.0,0,0.02700477605,3.03
0.2500,0.4500,3,0.01,1,0.9000,10000.0,0,0.02700477605,3.03
0.2500,0.4500,3,0.01,1,0.9000,inf,0,0.02700477605,3.03
0.2500,0.4500,3,0.1,0.0166667,0.5000,100.0,0.9926474896,1.861045354e-06,3.3
0.2500,0.4500,3,0.1,0.0166667,0.5000,1000.0,0.2692469448,1.861045354e-06,3.3
0.2500,0.4500,3,0.1,0.0166667,0.5000,10000.0,1.667311831e-14,1.861045354e-06,3.3
0.2500,0.4500,3,0.1,0.0166667,0.5000,inf,0,1.861045354e-06,3.3
0.2500,0.4500,3,0.1,0.0166667,0.9000,100.0,0.9929687096,2.405659502e-07,3.3
0.2500,0.4500,3,0.1,0.0166667,0.9000,1000.0,0.2702340341,2.405659502e-07,3.3
0.2500,0.4500,3,0.1,0.0166667,0.9000,10000.0,1.68186686e-14,2.405659502e-07,3.3
0.2500,0.4500,3,0.1,0.0166667,0.9000,inf,0,2.405659502e-07,3.3
0.2500,0.4500,3,0.1,0.1,0.5000,100.0,0.5875038402,0.0003392330314,3.3
0.2500,0.4500,3,0.1,0.1,0.5000,1000.0,3.605235807e-08,0.0003392330314,3.3
0.2500,0.4500,3,0.1,0.1,0.5000,10000.0,0,0.0003392330314,3.3
0.2500,0.4500,3,0.1,0.1,0.5000,inf,0,0.0003392330314,3.3
0.2500,0.4500,3,0.1,0.1,0.9000,100.0,0.5971420695,4.789217901e-05,3.3
0.2500,0.4500,3,0.1,0.1,0.9000,1000.0,3.722832095e-08,4.789217901e-05,3.3
0.2500,0.4500,3,0.1,0.1,0.9000,10000.0,0,4.789217901e-05,3.3
0.2500,0.4500,3,0.1,0.1,0.9000,inf,0,4.789217901e-05,3.3
0.2500,0.4500,3,0.1,1,0.5000,100.0,2.54059359e-08,0.08375232986,3.3
0.2500,0.4500,3,0.1,1,0.5000,1000.0,0,0.08375232986,3.3
0.2500,0.4500,3,0.1,1,0.5000,10000.0,0,0.08375232986,3.3
0.2500,0.4500,3,0.1,1,0.5000,inf,0,0.08375232986,3.3
0.2500,0.4500,3,0.1,1,0.9000,100.0,3.189127251e-08,0.02232923278,3.3
0.2500,0.4500,3,0.1,1,0.9000,1000.0,0,0.02232923278,3.3
0.2500,0.4500,3,0.1,1,0.9000,10000.0,0,0.02232923278,3.3
0.2500,0.4500,3,0.1,1,0.9000,inf,0,0.02232923278,3.3
0.2500,0.4500,6,0.01,0.0166667,0.5000,100.0,0.9999943542,4.869969266e-12,6.06
0.2500,0.4500,6,0.01,0.0166667,0.5000,1000.0,0.7634803752,4.869969266e-12,6.06
0.2500,0.4500,6,0.01,0.0166667,0.5000,10000.0,1.345713036e-12,4.869969266e-12,6.06
0.2500,0.4500,6,0.01,0.0166667,0.5000,inf,0,4.869969266e-12,6.06
0.2500,0.4500,6,0.01,0.0166667,0.9000,100.0,0.9999948885,6.708257114e-14,6.06
0.2500,0.4500,6,0.01,0.0166667,0.9000,1000.0,0.7645568732,6.708257114e-14,6.06
0.2500,0.4500,6,0.01,0.0166667,0.9000,10000.0,1.353637343e-12,6.708257114e-14,6.06
0.2500,0.4500,6,0.01,0.0166667,0.9000,inf,0,6.708257114e-14,6.06
0.2500,0.4500,6,0.01,0.1,0.5000,100.0,0.9550196102,1.57190394e-07,6.06
0.2500,0.4500,6,0.01,0.1,0.5000,1000.0,1.621827414e-06,1.57190394e-07,6.06
0.2500,0.4500,6,0.01,0.1,0.5000,10000.0,0,1.57190394e-07,6.06
0.2500,0.4500,6,0.01,0.1,0.5000,inf,0,1.57190394e-07,6.06
0.2500,0.4500,6,0.01,0.1,0.9000,100.0,0.9579031898,2.620997534e-09,6.06
0.2500,0.4500,6,0.01,0.1,0.9000,1000.0,1.672693182e-06,2.620997534e-09,6.06
0.2500,0.4500,6,0.01,0.1,0.9000,10000.0,0,2.620997534e-09,6.06
0.2500,0.4500,6,0.01,0.1,0.9000,inf,0,2.620997534e-09,6.06
0.2500,0.4500,6,0.01,1,0.5000,100.0,1.153575125e-06,0.007984407431,6.06
0.2500,0.4500,6,0.01,1,0.5000,1000.0,0,0.007984407431,6.06
0.2500,0.4500,6,0.01,1,0.5000,10000.0,0,0.007984407431,6.06
0.2500,0.4500,6,0.01,1,0.5000,inf,0,0.007984407431,6.06
0.2500,0.4500,6,0.01,1,0.9000,100.0,1.439807071e-06,0.0005076451362,6.06
0.2500,0.4500,6,0.01,1,0.9000,1000.0,0,0.0005076451362,6.06
0.2500,0.4500,6,0.01,1,0.9000,10000.0,0,0.0005076451362,6.06
0.2500,0.4500,6,0.01,1,0.9000,inf,0,0.0005076451362,6.06
0.2500,0.4500,6,0.1,0.0166667,0.5000,100.0,0.9999965152,2.93629794e-12,6.6
0.2500,0.4500,6,0.1,0.0166667,0.5000,1000.0,0.8158683206,2.93629794e-12,6.6
0.2500,0.4500,6,0.1,0.0166667,0.5000,10000.0,2.617762723e-11,2.93629794e-12,6.6
0.2500,0.4500,6,0.1,0.0166667,0.5000,inf,0,2.93629794e-12,6.6
0.2500,0.4500,6,0.1,0.0166667,0.9000,100.0,0.9999968469,4.031454845e-14,6.6
0.2500,0.4500,6,0.1,0.0166667,0.9000,1000.0,0.8167736059,4.031454845e-14,6.6
0.2500,0.4500,6,0.1,0.0166667,0.9000,10000.0,2.63166833e-11,4.031454845e-14,6.6
0.2500,0.4500,6,0.1,0.0166667,0.9000,inf,0,4.031454845e-14,6.6
0.2500,0.4500,6,0.1,0.1,0.5000,100.0,0.9680748623,9.756186574e-08,6.6
0.2500,0.4500,6,0.1,0.1,0.5000,1000.0,8.224866316e-06,9.756186574e-08,6.6
0.2500,0.4500,6,0.1,0.1,0.5000,10000.0,0,9.756186574e-08,6.6
0.2500,0.4500,6,0.1,0.1,0.5000,inf,0,9.756186574e-08,6.6
0.2500,0.4500,6,0.1,0.1,0.9000,100.0,0.9702097043,1.59773093e-09,6.6
0.2500,0.4500,6,0.1,0.1,0.9000,1000.0,8.457677544e-06,1.59773093e-09,6.6
0.2500,0.4500,6,0.1,0.1,0.9000,10000.0,0,1.59773093e-09,6.6
0.2500,0.4500,6,0.1,0.1,0.9000,inf,0,1.59773093e-09,6.6
0.2500,0.4500,6,0.1,1,0.5000,100.0,5.998123734e-06,0.005946104358,6.6
0.2500,0.4500,6,0.1,1,0.5000,1000.0,0,0.005946104358,6.6
0.2500,0.4500,6,0.1,1,0.5000,10000.0,0,0.005946104358,6.6
0.2500,0.4500,6,0.1,1,0.5000,inf,0,0.005946104358,6.6
0.2500,0.4500,6,0.1,1,0.9000,100.0,7.370846294e-06,0.000347103184,6.6
0.2500,0.4500,6,0.1,1,0.9000,1000.0,0,0.000347103184,6.6
0.2500,0.4500,6,0.1,1,0.9000,10000.0,0,0.000347103184,6.6
0.2500,0.4500,6,0.1,1,0.9000,inf,0,0.000347103184,6.6
0.2500,0.4500,12,0.01,0.0166667,0.5000,100.0,1,2.010720378e-23,12.12
0.2500,0.4500,12,0.01,0.0166667,0.5000,1000.0,0.9987888804,2.010720378e-23,12.12
0.2500,0.4500,12,0.01,0.0166667,0.5000,10000.0,2.393105498e-08,2.010720378e-23,12.12
0.2500,0.4500,12,0.01,0.0166667,0.5000,inf,0,2.010720378e-23,12.12
0.2500,0.4500,12,0.01,0.0166667,0.9000,100.0,1,3.136545915e-27,12.12
0.2500,0.4500,12,0.01,0.0166667,0.9000,1000.0,0.9988052393,3.136545915e-27,12.12
0.2500,0.4500,12,0.01,0.0166667,0.9000,10000.0,2.404883177e-08,3.136545915e-27,12.12
0.2500,0.4500,12,0.01,0.0166667,0.9000,inf,0,3.136545915e-27,12.12
0.2500,0.4500,12,0.01,0.1,0.5000,100.0,0.9999846263,2.094841863e-14,12.12
0.2500,0.4500,12,0.01,0.1,0.5000,1000.0,0.001576598665,2.094841863e-14,12.12
0.2500,0.4500,12,0.01,0.1,0.5000,10000.0,0,2.094841863e-14,12.12
0.2500,0.4500,12,0.01,0.1,0.5000,inf,0,2.094841863e-14,12.12
0.2500,0.4500,12,0.01,0.1,0.9000,100.0,0.9999872632,4.788125451e-18,12.12
0.2500,0.4500,12,0.01,0.1,0.9000,1000.0,0.001612612514,4.788125451e-18,12.12
0.2500,0.4500,12,0.01,0.1,0.9000,10000.0,0,4.788125451e-18,12.12
0.2500,0.4500,12,0.01,0.1,0.9000,inf,0,4.788125451e-18,12.12
0.2500,0.4500,12,0.01,1,0.5000,100.0,0.001204631267,5.404862441e-05,12.12
0.2500,0.4500,12,0.01,1,0.5000,1000.0,0,5.404862441e-05,12.12
0.2500,0.4500,12,0.01,1,0.5000,10000.0,0,5.404862441e-05,12.12
0.2500,0.4500,12,0.01,1,0.5000,inf,0,5.404862441e-05,12.12
0.2500,0.4500,12,0.01,1,0.9000,100.0,0.001437854309,1.796197368e-07,12.12
0.2500,0.4500,12,0.01,1,0.9000,1000.0,0,1.796197368e-07,12.12
0.2500,0.4500,12,0.01,1,0.9000,10000.0,0,1.796197368e-07,12.12
0.2500,0.4500,12,0.01,1,0.9000,inf,0,1.796197368e-07,12.12
0.2500,0.4500,12,0.1,0.0166667,0.5000,100.0,1,7.309698755e-24,13.2
0.2500,0.4500,12,0.1,0.0166667,0.5000,1000.0,0.9994108201,7.309698755e-24,13.2
0.2500,0.4500,12,0.1,0.0166667,0.5000,10000.0,2.821969698e-07,7.309698755e-24,13.2
0.2500,0.4500,12,0.1,0.0166667,0.5000,inf,0,7.309698755e-24,13.2
0.2500,0.4500,12,0.1,0.0166667,0.9000,100.0,1,1.132806803e-27,13.2
0.2500,0.4500,12,0.1,0.0166667,0.9000,1000.0,0.9994190636,1.132806803e-27,13.2
0.2500,0.4500,12,0.1,0.0166667,0.9000,10000.0,2.834349079e-07,1.132806803e-27,13.2
0.2500,0.4500,12,0.1,0.0166667,0.9000,inf,0,1.132806803e-27,13.2
0.2500,0.4500,12,0.1,0.1,0.5000,100.0,0.9999933181,8.069737967e-15,13.2
0.2500,0.4500,12,0.1,0.1,0.5000,1000.0,0.004981676017,8.069737967e-15,13.2
0.2500,0.4500,12,0.1,0.1,0.5000,10000.0,0,8.069737967e-15,13.2
0.2500,0.4500,12,0.1,0.1,0.5000,inf,0,8.069737967e-15,13.2
0.2500,0.4500,12,0.1,0.1,0.9000,100.0,0.99999449,1.77926066e-18,13.2
0.2500,0.4500,12,0.1,0.1,0.9000,1000.0,0.005080457681,1.77926066e-18,13.2
0.2500,0.4500,12,0.1,0.1,0.9000,10000.0,0,1.77926066e-18,13.2
0.2500,0.4500,12,0.1,0.1,0.9000,inf,0,1.77926066e-18,13.2
0.2500,0.4500,12,0.1,1,0.5000,100.0,0.003916376652,2.997535348e-05,13.2
0.2500,0.4500,12,0.1,1,0.5000,1000.0,0,2.997535348e-05,13.2
0.2500,0.4500,12,0.1,1,0.5000,10000.0,0,2.997535348e-05,13.2
0.2500,0.4500,12,0.1,1,0.5000,inf,0,2.997535348e-05,13.2
0.2500,0.4500,12,0.1,1,0.9000,100.0,0.004590954065,8.397511069e-08,13.2
0.2500,0.4500,12,0.1,1,0.9000,1000.0,0,8.397511069e-08,13.2
0.2500,0.4500,12,0.1,1,0.9000,10000.0,0,8.397511069e-08,13.2
0.2500,0.4500,12,0.1,1,0.9000,inf,0,8.397511069e-08,13.2
0.2500,0.5000,1,0.01,0.0166667,0.5000,100.0,0.6538898609,0.01626675237,1.01
0.2500,0.5000,1,0.01,0.0166667,0.5000,1000.0,0.01595971352,0.01626675237,1.01
0.2500,0.5000,1,0.01,0.0166667,0.5000,10000.0,0,0.01626675237,1.01
0.2500,0.5000,1,0.01,0.0166667,0.5000,inf,0,0.01626675237,1.01
0.2500,0.5000,1,0.01,0.0166667,0.9000,100.0,0.6586516938,0.00910289556,1.01
0.2500,0.5000,1,0.01,0.0166667,0.9000,1000.0,0.0160759372,0.00910289556,1.01
0.2500,0.5000,1,0.01,0.0166667,0.9000,10000.0,0,0.00910289556,1.01
0.2500,0.5000,1,0.01,0.0166667,0.9000,inf,0,0.00910289556,1.01
0.2500,0.5000,1,0.01,0.1,0.5000,100.0,0.07839239683,0.09111189214,1.01
0.2500,0.5000,1,0.01,0.1,0.5000,1000.0,1.65633031e-11,0.09111189214,1.01
0.2500,0.5000,1,0.01,0.1,0.5000,10000.0,0,0.09111189214,1.01
0.2500,0.5000,1,0.01,0.1,0.5000,inf,0,0.09111189214,1.01
0.2500,0.5000,1,0.01,0.1,0.9000,100.0,0.0817008034,0.05275394531,1.01
0.2500,0.5000,1,0.01,0.1,0.9000,1000.0,1.72627352e-11,0.05275394531,1.01
0.2500,0.5000,1,0.01,0.1,0.9000,10000.0,0,0.05275394531,1.01
0.2500,0.5000,1,0.01,0.1,0.9000,inf,0,0.05275394531,1.01
0.2500,0.5000,1,0.01,1,0.5000,100.0,1.072362837e-11,0.5290581184,1.01
0.2500,0.5000,1,0.01,1,0.5000,1000.0,0,0.5290581184,1.01
0.2500,0.5000,1,0.01,1,0.5000,10000.0,0,0.5290581184,1.01
0.2500,0.5000,1,0.01,1,0.5000,inf,0,0.5290581184,1.01
0.2500,0.5000,1,0.01,1,0.9000,100.0,1.402231358e-11,0.384279478,1.01
0.2500,0.5000,1,0.01,1,0.9000,1000.0,0,0.384279478,1.01
0.2500,0.5000,1,0.01,1,0.9000,10000.0,0,0.384279478,1.01
0.2500,0.5000,1,0.01,1,0.9000,inf,0,0.384279478,1.01
0.2500,0.5000,1,0.1,0.0166667,0.5000,100.0,0.6770120681,0.01495325338,1.1
0.2500,0.5000,1,0.1,0.0166667,0.5000,1000.0,0.02238963636,0.01495325338,1.1
0.2500,0.5000,1,0.1,0.0166667,0.5000,10000.0,0,0.01495325338,1.1
0.2500,0.5000,1,0.1,0.0166667,0.5000,inf,0,0.01495325338,1.1
0.2500,0.5000,1,0.1,0.0166667,0.9000,100.0,0.6815415183,0.008362942188,1.1
0.2500,0.5000,1,0.1,0.0166667,0.9000,1000.0,0.02253943095,0.008362942188,1.1
0.2500,0.5000,1,0.1,0.0166667,0.9000,10000.0,0,0.008362942188,1.1
0.2500,0.5000,1,0.1,0.0166667,0.9000,inf,0,0.008362942188,1.1
0.2500,0.5000,1,0.1,0.1,0.5000,100.0,0.09652385427,0.0842071688,1.1
0.2500,0.5000,1,0.1,0.1,0.5000,1000.0,1.26271466e-10,0.0842071688,1.1
0.2500,0.5000,1,0.1,0.1,0.5000,10000.0,0,0.0842071688,1.1
0.2500,0.5000,1,0.1,0.1,0.5000,inf,0,0.0842071688,1.1
0.2500,0.5000,1,0.1,0.1,0.9000,100.0,0.1002767527,0.04860065999,1.1
0.2500,0.5000,1,0.1,0.1,0.9000,1000.0,1.311813386e-10,0.04860065999,1.1
0.2500,0.5000,1,0.1,0.1,0.9000,10000.0,0,0.04860065999,1.1
0.2500,0.5000,1,0.1,0.1,0.9000,inf,0,0.04860065999,1.1
0.2500,0.5000,1,0.1,1,0.5000,100.0,8.372109153e-11,0.5051191866,1.1
0.2500,0.5000,1,0.1,1,0.5000,1000.0,0,0.5051191866,1.1
0.2500,0.5000,1,0.1,1,0.5000,10000.0,0,0.5051191866,1.1
0.2500,0.5000,1,0.1,1,0.5000,inf,0,0.5051191866,1.1
0.2500,0.5000,1,0.1,1,0.9000,100.0,1.079594267e-10,0.3618579438,1.1
0.2500,0.5000,1,0.1,1,0.9000,1000.0,0,0.3618579438,1.1
0.2500,0.5000,1,0.1,1,0.9000,10000.0,0,0.3618579438,1.1
0.2500,0.5000,1,0.1,1,0.9000,inf,0,0.3618579438,1.1
0.2500,0.5000,3,0.01,0.0166667,0.5000,100.0,0.9906479198,3.274032929e-06,3.03
0.2500,0.5000,3,0.01,0.0166667,0.5000,1000.0,0.2186082026,3.274032929e-06,3.03
0.2500,0.5000,3,0.01,0.0166667,0.5000,10000.0,0,3.274032929e-06,3.03
0.2500,0.5000,3,0.01,0.0166667,0.5000,inf,0,3.274032929e-06,3.03
0.2500,0.5000,3,0.01,0.0166667,0.9000,100.0,0.991092375,4.405885043e-07,3.03
0.2500,0.5000,3,0.01,0.0166667,0.9000,1000.0,0.2196064668,4.405885043e-07,3.03
0.2500,0.5000,3,0.01,0.0166667,0.9000,10000.0,0,4.405885043e-07,3.03
0.2500,0.5000,3,0.01,0.0166667,0.9000,inf,0,4.405885043e-07,3.03
0.2500,0.5000,3,0.01,0.1,0.5000,100.0,0.5313917542,0.0005761689832,3.03
0.2500,0.5000,3,0.01,0.1,0.5000,1000.0,5.532640974e-09,0.0005761689832,3.03
0.2500,0.5000,3,0.01,0.1,0.5000,10000.0,0,0.0005761689832,3.03
0.2500,0.5000,3,0.01,0.1,0.5000,inf,0,0.0005761689832,3.03
0.2500,0.5000,3,0.01,0.1,0.9000,100.0,0.542447496,8.601951953e-05,3.03
0.2500,0.5000,3,0.01,0.1,0.9000,1000.0,5.748789709e-09,8.601951953e-05,3.03
0.2500,0.5000,3,0.01,0.1,0.9000,10000.0,0,8.601951953e-05,3.03
0.2500,0.5000,3,0.01,0.1,0.9000,inf,0,8.601951953e-05,3.03
0.2500,0.5000,3,0.01,1,0.5000,100.0,3.661806149e-09,0.1146257315,3.03
0.2500,0.5000,3,0.01,1,0.5000,1000.0,0,0.1146257315,3.03
0.2500,0.5000,3,0.01,1,0.5000,10000.0,0,0.1146257315,3.03
0.2500,0.5000,3,0.01,1,0.5000,inf,0,0.1146257315,3.03
0.2500,0.5000,3,0.01,1,0.9000,100.0,4.726976017e-09,0.03437024979,3.03
0.2500,0.5000,3,0.01,1,0.9000,1000.0,0,0.03437024979,3.03
0.2500,0.5000,3,0.01,1,0.9000,10000.0,0,0.03437024979,3.03
0.2500,0.5000,3,0.01,1,0.9000,inf,0,0.03437024979,3.03
0.2500,0.5000,3,0.1,0.0166667,0.5000,100.0,0.9925729869,2.543179488e-06,3.3
0.2500,0.5000,3,0.1,0.0166667,0.5000,1000.0,0.2690256375,2.543179488e-06,3.3
0.2500,0.5000,3,0.1,0.0166667,0.5000,10000.0,1.6639154e-14,2.543179488e-06,3.3
0.2500,0.5000,3,0.1,0.0166667,0.5000,inf,0,2.543179488e-06,3.3
0.2500,0.5000,3,0.1,0.0166667,0.9000,100.0,0.9929294366,3.416251789e-07,3.3
0.2500,0.5000,3,0.1,0.0166667,0.9000,1000.0,0.270110335,3.416251789e-07,3.3
0.2500,0.5000,3,0.1,0.0166667,0.9000,10000.0,1.680171443e-14,3.416251789e-07,3.3
0.2500,0.5000,3,0.1,0.0166667,0.9000,inf,0,3.416251789e-07,3.3
0.2500,0.5000,3,0.1,0.1,0.5000,100.0,0.585352575,0.0004547876161,3.3
0.2500,0.5000,3,0.1,0.1,0.5000,1000.0,3.579789591e-08,0.0004547876161,3.3
0.2500,0.5000,3,0.1,0.1,0.5000,10000.0,0,0.0004547876161,3.3
0.2500,0.5000,3,0.1,0.1,0.5000,inf,0,0.0004547876161,3.3
0.2500,0.5000,3,0.1,0.1,0.9000,100.0,0.5959308521,6.723994666e-05,3.3
0.2500,0.5000,3,0.1,0.1,0.9000,1000.0,3.707716346e-08,6.723994666e-05,3.3
0.2500,0.5000,3,0.1,0.1,0.9000,10000.0,0,6.723994666e-05,3.3
0.2500,0.5000,3,0.1,0.1,0.9000,inf,0,6.723994666e-05,3.3
0.2500,0.5000,3,0.1,1,0.5000,100.0,2.429389558e-08,0.09961462597,3.3
0.2500,0.5000,3,0.1,1,0.5000,1000.0,0,0.09961462597,3.3
0.2500,0.5000,3,0.1,1,0.5000,10000.0,0,0.09961462597,3.3
0.2500,0.5000,3,0.1,1,0.5000,inf,0,0.09961462597,3.3
0.2500,0.5000,3,0.1,1,0.9000,100.0,3.090549941e-08,0.02861207117,3.3
0.2500,0.5000,3,0.1,1,0.9000,1000.0,0,0.02861207117,3.3
0.2500,0.5000,3,0.1,1,0.9000,10000.0,0,0.02861207117,3.3
0.2500,0.5000,3,0.1,1,0.9000,inf,0,0.02861207117,3.3
0.2500,0.5000,6,0.01,0.0166667,0.5000,100.0,0.9999942222,9.251064058e-12,6.06
0.2500,0.5000,6,0.01,0.0166667,0.5000,1000.0,0.7632377608,9.251064058e-12,6.06
0.2500,0.5000,6,0.01,0.0166667,0.5000,10000.0,1.343942421e-12,9.251064058e-12,6.06
0.2500,0.5000,6,0.01,0.0166667,0.5000,inf,0,9.251064058e-12,6.06
0.2500,0.5000,6,0.01,0.0166667,0.9000,100.0,0.9999948261,1.41793086e-13,6.06
0.2500,0.5000,6,0.01,0.0166667,0.9000,1000.0,0.7644224721,1.41793086e-13,6.06
0.2500,0.5000,6,0.01,0.0166667,0.9000,10000.0,1.352641917e-12,1.41793086e-13,6.06
0.2500,0.5000,6,0.01,0.0166667,0.9000,inf,0,1.41793086e-13,6.06
0.2500,0.5000,6,0.01,0.1,0.5000,100.0,0.9543408339,2.864992265e-07,6.06
0.2500,0.5000,6,0.01,0.1,0.5000,1000.0,1.61080193e-06,2.864992265e-07,6.06
0.2500,0.5000,6,0.01,0.1,0.5000,10000.0,0,2.864992265e-07,6.06
0.2500,0.5000,6,0.01,0.1,0.5000,inf,0,2.864992265e-07,6.06
0.2500,0.5000,6,0.01,0.1,0.9000,100.0,0.957554613,5.404657076e-09,6.06
0.2500,0.5000,6,0.01,0.1,0.9000,1000.0,1.666162972e-06,5.404657076e-09,6.06
0.2500,0.5000,6,0.01,0.1,0.9000,10000.0,0,5.404657076e-09,6.06
0.2500,0.5000,6,0.01,0.1,0.9000,inf,0,5.404657076e-09,6.06
0.2500,0.5000,6,0.01,1,0.5000,100.0,1.104132906e-06,0.01133829861,6.06
0.2500,0.5000,6,0.01,1,0.5000,1000.0,0,0.01133829861,6.06
0.2500,0.5000,6,0.01,1,0.5000,10000.0,0,0.01133829861,6.06
0.2500,0.5000,6,0.01,1,0.5000,inf,0,0.01133829861,6.06
0.2500,0.5000,6,0.01,1,0.9000,100.0,1.396536456e-06,0.0008624281215,6.06
0.2500,0.5000,6,0.01,1,0.9000,1000.0,0,0.0008624281215,6.06
0.2500,0.5000,6,0.01,1,0.9000,10000.0,0,0.0008624281215,6.06
0.2500,0.5000,6,0.01,1,0.9000,inf,0,0.0008624281215,6.06
0.2500,0.5000,6,0.1,0.0166667,0.5000,100.0,0.9999964333,5.581869199e-12,6.6
0.2500,0.5000,6,0.1,0.0166667,0.5000,1000.0,0.815664156,5.581869199e-12,6.6
0.2500,0.5000,6,0.1,0.0166667,0.5000,10000.0,2.614654046e-11,5.581869199e-12,6.6
0.2500,0.5000,6,0.1,0.0166667,0.5000,inf,0,5.581869199e-12,6.6
0.2500,0.5000,6,0.1,0.0166667,0.9000,100.0,0.9999968082,8.524888508e-14,6.6
0.2500,0.5000,6,0.1,0.0166667,0.9000,1000.0,0.816660635,8.524888508e-14,6.6
0.2500,0.5000,6,0.1,0.0166667,0.9000,10000.0,2.629922123e-11,8.524888508e-14,6.6
0.2500,0.5000,6,0.1,0.0166667,0.9000,inf,0,8.524888508e-14,6.6
0.2500,0.5000,6,0.1,0.1,0.5000,100.0,0.9675700885,1.785012088e-07,6.6
0.2500,0.5000,6,0.1,0.1,0.5000,1000.0,8.174218085e-06,1.785012088e-07,6.6
0.2500,0.5000,6,0.1,0.1,0.5000,10000.0,0,1.785012088e-07,6.6
0.2500,0.5000,6,0.1,0.1,0.5000,inf,0,1.785012088e-07,6.6
0.2500,0.5000,6,0.1,0.1,0.9000,100.0,0.9699524614,3.302404843e-09,6.6
0.2500,0.5000,6,0.1,0.1,0.9000,1000.0,8.42786715e-06,3.302404843e-09,6.6
0.2500,0.5000,6,0.1,0.1,0.9000,10000.0,0,3.302404843e-09,6.6
0.2500,0.5000,6,0.1,0.1,0.9000,inf,0,3.302404843e-09,6.6
0.2500,0.5000,6,0.1,1,0.5000,100.0,5.756578878e-06,0.008563182879,6.6
0.2500,0.5000,6,0.1,1,0.5000,1000.0,0,0.008563182879,6.6
0.2500,0.5000,6,0.1,1,0.5000,10000.0,0,0.008563182879,6.6
0.2500,0.5000,6,0.1,1,0.5000,inf,0,0.008563182879,6.6
0.2500,0.5000,6,0.1,1,0.9000,100.0,7.166093615e-06,0.0005976960973,6.6
0.2500,0.5000,6,0.1,1,0.9000,1000.0,0,0.0005976960973,6.6
0.2500,0.5000,6,0.1,1,0.9000,10000.0,0,0.0005976960973,6.6
0.2500,0.5000,6,0.1,1,0.9000,inf,0,0.0005976960973,6.6
0.2500,0.5000,12,0.01,0.0166667,0.5000,100.0,1,7.386138212e-23,12.12
0.2500,0.5000,12,0.01,0.0166667,0.5000,1000.0,0.998785149,7.386138212e-23,12.12
0.2500,0.5000,12,0.01,0.0166667,0.5000,10000.0,2.39047123e-08,7.386138212e-23,12.12
0.2500,0.5000,12,0.01,0.0166667,0.5000,inf,0,7.386138212e-23,12.12
0.2500,0.5000,12,0.01,0.0166667,0.9000,100.0,1,1.46907224e-26,12.12
0.2500,0.5000,12,0.01,0.0166667,0.9000,1000.0,0.9988032143,1.46907224e-26,12.12
0.2500,0.5000,12,0.01,0.0166667,0.9000,10000.0,2.4034047e-08,1.46907224e-26,12.12
0.2500,0.5000,12,0.01,0.0166667,0.9000,inf,0,1.46907224e-26,12.12
0.2500,0.5000,12,0.01,0.1,0.5000,100.0,0.9999839121,7.084039293e-14,12.12
0.2500,0.5000,12,0.01,0.1,0.5000,1000.0,0.001568707206,7.084039293e-14,12.12
0.2500,0.5000,12,0.01,0.1,0.5000,10000.0,0,7.084039293e-14,12.12
0.2500,0.5000,12,0.01,0.1,0.5000,inf,0,7.084039293e-14,12.12
0.2500,0.5000,12,0.01,0.1,0.9000,100.0,0.9999869756,2.134368237e-17,12.12
0.2500,0.5000,12,0.01,0.1,0.9000,1000.0,0.001608024884,2.134368237e-17,12.12
0.2500,0.5000,12,0.01,0.1,0.9000,10000.0,0,2.134368237e-17,12.12
0.2500,0.5000,12,0.01,0.1,0.9000,inf,0,2.134368237e-17,12.12
0.2500,0.5000,12,0.01,1,0.5000,100.0,0.001162043598,0.0001109506499,12.12
0.2500,0.5000,12,0.01,1,0.5000,1000.0,0,0.0001109506499,12.12
0.2500,0.5000,12,0.01,1,0.5000,10000.0,0,0.0001109506499,12.12
0.2500,0.5000,12,0.01,1,0.5000,inf,0,0.0001109506499,12.12
0.2500,0.5000,12,0.01,1,0.9000,100.0,0.001404002648,5.434749247e-07,12.12
0.2500,0.5000,12,0.01,1,0.9000,1000.0,0,5.434749247e-07,12.12
0.2500,0.5000,12,0.01,1,0.9000,10000.0,0,5.434749247e-07,12.12
0.2500,0.5000,12,0.01,1,0.9000,inf,0,5.434749247e-07,12.12
0.2500,0.5000,12,0.1,0.0166667,0.5000,100.0,1,2.689015864e-23,13.2
0.2500,0.5000,12,0.1,0.0166667,0.5000,1000.0,0.9994089385,2.689015864e-23,13.2
0.2500,0.5000,12,0.1,0.0166667,0.5000,10000.0,2.819199026e-07,2.689015864e-23,13.2
0.2500,0.5000,12,0.1,0.0166667,0.5000,inf,0,2.689015864e-23,13.2
0.2500,0.5000,12,0.1,0.0166667,0.9000,100.0,1,5.310194867e-27,13.2
0.2500,0.5000,12,0.1,0.0166667,0.9000,1000.0,0.9994180437,5.310194867e-27,13.2
0.2500,0.5000,12,0.1,0.0166667,0.9000,10000.0,2.832795801e-07,5.310194867e-27,13.2
0.2500,0.5000,12,0.1,0.0166667,0.9000,inf,0,5.310194867e-27,13.2
0.2500,0.5000,12,0.1,0.1,0.5000,100.0,0.9999929988,2.749896682e-14,13.2
0.2500,0.5000,12,0.1,0.1,0.5000,1000.0,0.004959949087,2.749896682e-14,13.2
0.2500,0.5000,12,0.1,0.1,0.5000,10000.0,0,2.749896682e-14,13.2
0.2500,0.5000,12,0.1,0.1,0.5000,inf,0,2.749896682e-14,13.2
0.2500,0.5000,12,0.1,0.1,0.9000,100.0,0.9999943627,7.968813919e-18,13.2
0.2500,0.5000,12,0.1,0.1,0.9000,1000.0,0.005067908209,7.968813919e-18,13.2
0.2500,0.5000,12,0.1,0.1,0.9000,10000.0,0,7.968813919e-18,13.2
0.2500,0.5000,12,0.1,0.1,0.9000,inf,0,7.968813919e-18,13.2
0.2500,0.5000,12,0.1,1,0.5000,100.0,0.003790400548,6.328554198e-05,13.2
0.2500,0.5000,12,0.1,1,0.5000,1000.0,0,6.328554198e-05,13.2
0.2500,0.5000,12,0.1,1,0.5000,10000.0,0,6.328554198e-05,13.2
0.2500,0.5000,12,0.1,1,0.5000,inf,0,6.328554198e-05,13.2
0.2500,0.5000,12,0.1,1,0.9000,100.0,0.004494626041,2.61032406e-07,13.2
0.2500,0.5000,12,0.1,1,0.9000,1000.0,0,2.61032406e-07,13.2
0.2500,0.5000,12,0.1,1,0.9000,10000.0,0,2.61032406e-07,13.2
0.2500,0.5000,12,0.1,1,0.9000,inf,0,2.61032406e-07,13.2
0.2500,0.5500,1,0.01,0.0166667,0.5000,100.0,0.6527101416,0.01804156068,1.01
0.2500,0.5500,1,0.01,0.0166667,0.5000,1000.0,0.0159309197,0.01804156068,1.01
0.2500,0.5500,1,0.01,0.0166667,0.5000,10000.0,0,0.01804156068,1.01
0.2500,0.5500,1,0.01,0.0166667,0.5000,inf,0,0.01804156068,1.01
0.2500,0.5500,1,0.01,0.0166667,0.9000,100.0,0.657986185,0.01010410877,1.01
0.2500,0.5500,1,0.01,0.0166667,0.9000,1000.0,0.0160596939,0.01010410877,1.01
0.2500,0.5500,1,0.01,0.0166667,0.9000,10000.0,0,0.01010410877,1.01
0.2500,0.5500,1,0.01,0.0166667,0.9000,inf,0,0.01010410877,1.01
0.2500,0.5500,1,0.01,0.1,0.5000,100.0,0.0776067416,0.1002208456,1.01
0.2500,0.5500,1,0.01,0.1,0.5000,1000.0,1.639720778e-11,0.1002208456,1.01
0.2500,0.5500,1,0.01,0.1,0.5000,10000.0,0,0.1002208456,1.01
0.2500,0.5500,1,0.01,0.1,0.5000,inf,0,0.1002208456,1.01
0.2500,0.5500,1,0.01,0.1,0.9000,100.0,0.0812247008,0.05827391933,1.01
0.2500,0.5500,1,0.01,0.1,0.9000,1000.0,1.716208164e-11,0.05827391933,1.01
0.2500,0.5500,1,0.01,0.1,0.9000,10000.0,0,0.05827391933,1.01
0.2500,0.5500,1,0.01,0.1,0.9000,inf,0,0.05827391933,1.01
0.2500,0.5500,1,0.01,1,0.5000,100.0,1.012788967e-11,0.5552050494,1.01
0.2500,0.5500,1,0.01,1,0.5000,1000.0,0,0.5552050494,1.01
0.2500,0.5500,1,0.01,1,0.5000,10000.0,0,0.5552050494,1.01
0.2500,0.5500,1,0.01,1,0.5000,inf,0,0.5552050494,1.01
0.2500,0.5500,1,0.01,1,0.9000,100.0,1.344784387e-11,0.4094927894,1.01
0.2500,0.5500,1,0.01,1,0.9000,1000.0,0,0.4094927894,1.01
0.2500,0.5500,1,0.01,1,0.9000,10000.0,0,0.4094927894,1.01
0.2500,0.5500,1,0.01,1,0.9000,inf,0,0.4094927894,1.01
0.2500,0.5500,1,0.1,0.0166667,0.5000,100.0,0.6758890968,0.01658716686,1.1
0.2500,0.5500,1,0.1,0.0166667,0.5000,1000.0,0.0223524983,0.01658716686,1.1
0.2500,0.5500,1,0.1,0.0166667,0.5000,10000.0,0,0.01658716686,1.1
0.2500,0.5500,1,0.1,0.0166667,0.5000,inf,0,0.01658716686,1.1
0.2500,0.5500,1,0.1,0.0166667,0.9000,100.0,0.6809088071,0.009283531582,1.1
0.2500,0.5500,1,0.1,0.0166667,0.9000,1000.0,0.0225185064,0.009283531582,1.1
0.2500,0.5500,1,0.1,0.0166667,0.9000,10000.0,0,0.009283531582,1.1
0.2500,0.5500,1,0.1,0.0166667,0.9000,inf,0,0.009283531582,1.1
0.2500,0.5500,1,0.1,0.1,0.5000,100.0,0.0956291146,0.0926962224,1.1
0.2500,0.5500,1,0.1,0.1,0.5000,1000.0,1.251008875e-10,0.0926962224,1.1
0.2500,0.5500,1,0.1,0.1,0.5000,10000.0,0,0.0926962224,1.1
0.2500,0.5500,1,0.1,0.1,0.5000,inf,0,0.0926962224,1.1
0.2500,0.5500,1,0.1,0.1,0.9000,100.0,0.09973815931,0.05371069165,1.1
0.2500,0.5500,1,0.1,0.1,0.9000,1000.0,1.304767043e-10,0.05371069165,1.1
0.2500,0.5500,1,0.1,0.1,0.9000,10000.0,0,0.05371069165,1.1
0.2500,0.5500,1,0.1,0.1,0.9000,inf,0,0.05371069165,1.1
0.2500,0.5500,1,0.1,1,0.5000,100.0,7.927159407e-11,0.5314180461,1.1
0.2500,0.5500,1,0.1,1,0.5000,1000.0,0,0.5314180461,1.1
0.2500,0.5500,1,0.1,1,0.5000,10000.0,0,0.5314180461,1.1
0.2500,0.5500,1,0.1,1,0.5000,inf,0,0.5314180461,1.1
0.2500,0.5500,1,0.1,1,0.9000,100.0,1.037862428e-10,0.386523643,1.1
0.2500,0.5500,1,0.1,1,0.9000,1000.0,0,0.386523643,1.1
0.2500,0.5500,1,0.1,1,0.9000,10000.0,0,0.386523643,1.1
0.2500,0.5500,1,0.1,1,0.9000,inf,0,0.386523643,1.1
0.2500,0.5500,3,0.01,0.0166667,0.5000,100.0,0.9905330766,4.601938715e-06,3.03
0.2500,0.5500,3,0.01,0.0166667,0.5000,1000.0,0.2183598147,4.601938715e-06,3.03
0.2500,0.5500,3,0.01,0.0166667,0.5000,10000.0,0,4.601938715e-06,3.03
0.2500,0.5500,3,0.01,0.0166667,0.5000,inf,0,4.601938715e-06,3.03
0.2500,0.5500,3,0.01,0.0166667,0.9000,100.0,0.9910320661,6.423215098e-07,3.03
0.2500,0.5500,3,0.01,0.0166667,0.9000,1000.0,0.219467367,6.423215098e-07,3.03
0.2500,0.5500,3,0.01,0.0166667,0.9000,10000.0,0,6.423215098e-07,3.03
0.2500,0.5500,3,0.01,0.0166667,0.9000,inf,0,6.423215098e-07,3.03
0.2500,0.5500,3,0.01,0.1,0.5000,100.0,0.5286654059,0.0007898843307,3.03
0.2500,0.5500,3,0.01,0.1,0.5000,1000.0,5.481112465e-09,0.0007898843307,3.03
0.2500,0.5500,3,0.01,0.1,0.5000,10000.0,0,0.0007898843307,3.03
0.2500,0.5500,3,0.01,0.1,0.5000,inf,0,0.0007898843307,3.03
0.2500,0.5500,3,0.01,0.1,0.9000,100.0,0.5408981327,0.000123550134,3.03
0.2500,0.5500,3,0.01,0.1,0.9000,1000.0,5.717767759e-09,0.000123550134,3.03
0.2500,0.5500,3,0.01,0.1,0.9000,10000.0,0,0.000123550134,3.03
0.2500,0.5500,3,0.01,0.1,0.9000,inf,0,0.000123550134,3.03
0.2500,0.5500,3,0.01,1,0.5000,100.0,3.46645881e-09,0.1362089701,3.03
0.2500,0.5500,3,0.01,1,0.5000,1000.0,0,0.1362089701,3.03
0.2500,0.5500,3,0.01,1,0.5000,10000.0,0,0.1362089701,3.03
0.2500,0.5500,3,0.01,1,0.5000,inf,0,0.1362089701,3.03
0.2500,0.5500,3,0.01,1,0.9000,100.0,4.543472116e-09,0.0441246675,3.03
0.2500,0.5500,3,0.01,1,0.9000,1000.0,0,0.0441246675,3.03
0.2500,0.5500,3,0.01,1,0.9000,10000.0,0,0.0441246675,3.03
0.2500,0.5500,3,0.01,1,0.9000,inf,0,0.0441246675,3.03
0.2500,0.5500,3,0.1,0.0166667,0.5000,100.0,0.9924808087,3.576233117e-06,3.3
0.2500,0.5500,3,0.1,0.0166667,0.5000,1000.0,0.2687555431,3.576233117e-06,3.3
0.2500,0.5500,3,0.1,0.0166667,0.5000,10000.0,1.659756768e-14,3.576233117e-06,3.3
0.2500,0.5500,3,0.1,0.0166667,0.5000,inf,0,3.576233117e-06,3.3
0.2500,0.5500,3,0.1,0.0166667,0.9000,100.0,0.9928810963,4.981717154e-07,3.3
0.2500,0.5500,3,0.1,0.0166667,0.9000,1000.0,0.2699592686,4.981717154e-07,3.3
0.2500,0.5500,3,0.1,0.0166667,0.9000,10000.0,1.678016651e-14,4.981717154e-07,3.3
0.2500,0.5500,3,0.1,0.0166667,0.9000,inf,0,4.981717154e-07,3.3
0.2500,0.5500,3,0.1,0.1,0.5000,100.0,0.5827325998,0.0006249127418,3.3
0.2500,0.5500,3,0.1,0.1,0.5000,1000.0,3.54917059e-08,0.0006249127418,3.3
0.2500,0.5500,3,0.1,0.1,0.5000,10000.0,0,0.0006249127418,3.3
0.2500,0.5500,3,0.1,0.1,0.5000,inf,0,0.0006249127418,3.3
0.2500,0.5500,3,0.1,0.1,0.9000,100.0,0.5944528553,9.671385312e-05,3.3
0.2500,0.5500,3,0.1,0.1,0.9000,1000.0,3.689406775e-08,9.671385312e-05,3.3
0.2500,0.5500,3,0.1,0.1,0.9000,10000.0,0,9.671385312e-05,3.3
0.2500,0.5500,3,0.1,0.1,0.9000,inf,0,9.671385312e-05,3.3
0.2500,0.5500,3,0.1,1,0.5000,100.0,2.306008477e-08,0.1192877008,3.3
0.2500,0.5500,3,0.1,1,0.5000,1000.0,0,0.1192877008,3.3
0.2500,0.5500,3,0.1,1,0.5000,10000.0,0,0.1192877008,3.3
0.2500,0.5500,3,0.1,1,0.5000,inf,0,0.1192877008,3.3
0.2500,0.5500,3,0.1,1,0.9000,100.0,2.978025686e-08,0.03701138786,3.3
0.2500,0.5500,3,0.1,1,0.9000,1000.0,0,0.03701138786,3.3
0.2500,0.5500,3,0.1,1,0.9000,10000.0,0,0.03701138786,3.3
0.2500,0.5500,3,0.1,1,0.9000,inf,0,0.03701138786,3.3
0.2500,0.5500,6,0.01,0.0166667,0.5000,100.0,0.9999940547,1.859311763e-11,6.06
0.2500,0.5500,6,0.01,0.0166667,0.5000,1000.0,0.7629410338,1.859311763e-11,6.06
0.2500,0.5500,6,0.01,0.0166667,0.5000,10000.0,1.341784517e-12,1.859311763e-11,6.06
0.2500,0.5500,6,0.01,0.0166667,0.5000,inf,0,1.859311763e-11,6.06
0.2500,0.5500,6,0.01,0.0166667,0.9000,100.0,0.9999947481,3.14638854e-13,6.06
0.2500,0.5500,6,0.01,0.0166667,0.9000,1000.0,0.7642581411,3.14638854e-13,6.06
0.2500,0.5500,6,0.01,0.0166667,0.9000,10000.0,1.351427187e-12,3.14638854e-13,6.06
0.2500,0.5500,6,0.01,0.0166667,0.9000,inf,0,3.14638854e-13,6.06
0.2500,0.5500,6,0.01,0.1,0.5000,100.0,0.9534962634,5.477674308e-07,6.06
0.2500,0.5500,6,0.01,0.1,0.5000,1000.0,1.597526311e-06,5.477674308e-07,6.06
0.2500,0.5500,6,0.01,0.1,0.5000,10000.0,0,5.477674308e-07,6.06
0.2500,0.5500,6,0.01,0.1,0.5000,inf,0,5.477674308e-07,6.06
0.2500,0.5500,6,0.01,0.1,0.9000,100.0,0.9571239782,1.164082863e-08,6.06
0.2500,0.5500,6,0.01,0.1,0.9000,1000.0,1.658249804e-06,1.164082863e-08,6.06
0.2500,0.5500,6,0.01,0.1,0.9000,10000.0,0,1.164082863e-08,6.06
0.2500,0.5500,6,0.01,0.1,0.9000,inf,0,1.164082863e-08,6.06
0.2500,0.5500,6,0.01,1,0.5000,100.0,1.049155801e-06,0.01628733479,6.06
0.2500,0.5500,6,0.01,1,0.5000,1000.0,0,0.01628733479,6.06
0.2500,0.5500,6,0.01,1,0.5000,10000.0,0,0.01628733479,6.06
0.2500,0.5500,6,0.01,1,0.5000,inf,0,0.01628733479,6.06
0.2500,0.5500,6,0.01,1,0.9000,100.0,1.347038818e-06,0.001484239759,6.06
0.2500,0.5500,6,0.01,1,0.9000,1000.0,0,0.001484239759,6.06
0.2500,0.5500,6,0.01,1,0.9000,10000.0,0,0.001484239759,6.06
0.2500,0.5500,6,0.01,1,0.9000,inf,0,0.001484239759,6.06
0.2500,0.5500,6,0.1,0.0166667,0.5000,100.0,0.9999963291,1.122851224e-11,6.6
0.2500,0.5500,6,0.1,0.0166667,0.5000,1000.0,0.8154143861,1.122851224e-11,6.6
0.2500,0.5500,6,0.1,0.0166667,0.5000,10000.0,2.610864497e-11,1.122851224e-11,6.6
0.2500,0.5500,6,0.1,0.0166667,0.5000,inf,0,1.122851224e-11,6.6
0.2500,0.5500,6,0.1,0.0166667,0.9000,100.0,0.9999967598,1.892629955e-13,6.6
0.2500,0.5500,6,0.1,0.0166667,0.9000,1000.0,0.8165224855,1.892629955e-13,6.6
0.2500,0.5500,6,0.1,0.0166667,0.9000,10000.0,2.627790983e-11,1.892629955e-13,6.6
0.2500,0.5500,6,0.1,0.0166667,0.9000,inf,0,1.892629955e-13,6.6
0.2500,0.5500,6,0.1,0.1,0.5000,100.0,0.9669408356,3.428531234e-07,6.6
0.2500,0.5500,6,0.1,0.1,0.5000,1000.0,8.113145528e-06,3.428531234e-07,6.6
0.2500,0.5500,6,0.1,0.1,0.5000,10000.0,0,3.428531234e-07,6.6
0.2500,0.5500,6,0.1,0.1,0.5000,inf,0,3.428531234e-07,6.6
0.2500,0.5500,6,0.1,0.1,0.9000,100.0,0.9696343478,7.133059328e-09,6.6
0.2500,0.5500,6,0.1,0.1,0.9000,1000.0,8.391712745e-06,7.133059328e-09,6.6
0.2500,0.5500,6,0.1,0.1,0.9000,10000.0,0,7.133059328e-09,6.6
0.2500,0.5500,6,0.1,0.1,0.9000,inf,0,7.133059328e-09,6.6
0.2500,0.5500,6,0.1,1,0.5000,100.0,5.48643428e-06,0.0124920627,6.6
0.2500,0.5500,6,0.1,1,0.5000,1000.0,0,0.0124920627,6.6
0.2500,0.5500,6,0.1,1,0.5000,10000.0,0,0.0124920627,6.6
0.2500,0.5500,6,0.1,1,0.5000,inf,0,0.0124920627,6.6
0.2500,0.5500,6,0.1,1,0.9000,100.0,6.93067819e-06,0.001044311395,6.6
0.2500,0.5500,6,0.1,1,0.9000,1000.0,0,0.001044311395,6.6
0.2500,0.5500,6,0.1,1,0.9000,10000.0,0,0.001044311395,6.6
0.2500,0.5500,6,0.1,1,0.9000,inf,0,0.001044311395,6.6
0.2500,0.5500,12,0.01,0.0166667,0.5000,100.0,1,3.035150626e-22,12.12
0.2500,0.5500,12,0.01,0.0166667,0.5000,1000.0,0.9987805627,3.035150626e-22,12.12
0.2500,0.5500,12,0.01,0.0166667,0.5000,10000.0,2.387259351e-08,3.035150626e-22,12.12
0.2500,0.5500,12,0.01,0.0166667,0.5000,inf,0,3.035150626e-22,12.12
0.2500,0.5500,12,0.01,0.0166667,0.9000,100.0,1,7.551204476e-26,12.12
0.2500,0.5500,12,0.01,0.0166667,0.9000,1000.0,0.9988007317,7.551204476e-26,12.12
0.2500,0.5500,12,0.01,0.0166667,0.9000,10000.0,2.401600113e-08,7.551204476e-26,12.12
0.2500,0.5500,12,0.01,0.0166667,0.9000,inf,0,7.551204476e-26,12.12
0.2500,0.5500,12,0.01,0.1,0.5000,100.0,0.9999829676,2.634318172e-13,12.12
0.2500,0.5500,12,0.01,0.1,0.5000,1000.0,0.001559164489,2.634318172e-13,12.12
0.2500,0.5500,12,0.01,0.1,0.5000,10000.0,0,2.634318172e-13,12.12
0.2500,0.5500,12,0.01,0.1,0.5000,inf,0,2.634318172e-13,12.12
0.2500,0.5500,12,0.01,0.1,0.9000,100.0,0.9999866091,1.033616247e-16,12.12
0.2500,0.5500,12,0.01,0.1,0.9000,1000.0,0.001602451604,1.033616247e-16,12.12
0.2500,0.5500,12,0.01,0.1,0.9000,10000.0,0,1.033616247e-16,12.12
0.2500,0.5500,12,0.01,0.1,0.9000,inf,0,1.033616247e-16,12.12
0.2500,0.5500,12,0.01,1,0.5000,100.0,0.001113852794,0.0002329034226,12.12
0.2500,0.5500,12,0.01,1,0.5000,1000.0,0,0.0002329034226,12.12
0.2500,0.5500,12,0.01,1,0.5000,10000.0,0,0.0002329034226,12.12
0.2500,0.5500,12,0.01,1,0.5000,inf,0,0.0002329034226,12.12
0.2500,0.5500,12,0.01,1,0.9000,100.0,0.00136468058,1.680350783e-06,12.12
0.2500,0.5500,12,0.01,1,0.9000,1000.0,0,1.680350783e-06,12.12
0.2500,0.5500,12,0.01,1,0.9000,10000.0,0,1.680350783e-06,12.12
0.2500,0.5500,12,0.01,1,0.9000,inf,0,1.680350783e-06,12.12
0.2500,0.5500,12,0.1,0.0166667,0.5000,100.0,1,1.106930231e-22,13.2
0.2500,0.5500,12,0.1,0.0166667,0.5000,1000.0,0.9994066252,1.106930231e-22,13.2
0.2500,0.5500,12,0.1,0.0166667,0.5000,10000.0,2.81581993e-07,1.106930231e-22,13.2
0.2500,0.5500,12,0.1,0.0166667,0.5000,inf,0,1.106930231e-22,13.2
0.2500,0.5500,12,0.1,0.0166667,0.9000,100.0,1,2.732265801e-26,13.2
0.2500,0.5500,12,0.1,0.0166667,0.9000,1000.0,0.9994167931,2.732265801e-26,13.2
0.2500,0.5500,12,0.1,0.0166667,0.9000,10000.0,2.830899628e-07,2.732265801e-26,13.2
0.2500,0.5500,12,0.1,0.0166667,0.9000,inf,0,2.732265801e-26,13.2
0.2500,0.5500,12,0.1,0.1,0.5000,100.0,0.9999925753,1.032029319e-13,13.2
0.2500,0.5500,12,0.1,0.1,0.5000,1000.0,0.004933636529,1.032029319e-13,13.2
0.2500,0.5500,12,0.1,0.1,0.5000,10000.0,0,1.032029319e-13,13.2
0.2500,0.5500,12,0.1,0.1,0.5000,inf,0,1.032029319e-13,13.2
0.2500,0.5500,12,0.1,0.1,0.9000,100.0,0.9999942003,3.880996102e-17,13.2
0.2500,0.5500,12,0.1,0.1,0.9000,1000.0,0.005052649225,3.880996102e-17,13.2
0.2500,0.5500,12,0.1,0.1,0.9000,10000.0,0,3.880996102e-17,13.2
0.2500,0.5500,12,0.1,0.1,0.9000,inf,0,3.880996102e-17,13.2
0.2500,0.5500,12,0.1,1,0.5000,100.0,0.003646791956,0.0001370074339,13.2
0.2500,0.5500,12,0.1,1,0.5000,1000.0,0,0.0001370074339,13.2
0.2500,0.5500,12,0.1,1,0.5000,10000.0,0,0.0001370074339,13.2
0.2500,0.5500,12,0.1,1,0.5000,inf,0,0.0001370074339,13.2
0.2500,0.5500,12,0.1,1,0.9000,100.0,0.004382061876,8.318630062e-07,13.2
0.2500,0.5500,12,0.1,1,0.9000,1000.0,0,8.318630062e-07,13.2
0.2500,0.5500,12,0.1,1,0.9000,10000.0,0,8.318630062e-07,13.2
0.2500,0.5500,12,0.1,1,0.9000,inf,0,8.318630062e-07,13.2
0.4000,0.1000,1,0.01,0.0166667,0.5000,100.0,0.5126946899,0.01450321117,1.01
0.4000,0.1000,1,0.01,0.0166667,0.5000,1000.0,0.001348626224,0.01450321117,1.01
0.4000,0.1000,1,0.01,0.0166667,0.5000,10000.0,0,0.01450321117,1.01
0.4000,0.1000,1,0.01,0.0166667,0.5000,inf,0,0.01450321117,1.01
0.4000,0.1000,1,0.01,0.0166667,0.9000,100.0,0.5160208944,0.008109613063,1.01
0.4000,0.1000,1,0.01,0.0166667,0.9000,1000.0,0.001357375693,0.008109613063,1.01
0.4000,0.1000,1,0.01,0.0166667,0.9000,10000.0,0,0.008109613063,1.01
0.4000,0.1000,1,0.01,0.0166667,0.9000,inf,0,0.008109613063,1.01
0.4000,0.1000,1,0.01,0.1,0.5000,100.0,0.01819218568,0.08237920971,1.01
0.4000,0.1000,1,0.01,0.1,0.5000,1000.0,0,0.08237920971,1.01
0.4000,0.1000,1,0.01,0.1,0.5000,10000.0,0,0.08237920971,1.01
0.4000,0.1000,1,0.01,0.1,0.5000,inf,0,0.08237920971,1.01
0.4000,0.1000,1,0.01,0.1,0.9000,100.0,0.01888356947,0.04750554737,1.01
0.4000,0.1000,1,0.01,0.1,0.9000,1000.0,0,0.04750554737,1.01
0.4000,0.1000,1,0.01,0.1,0.9000,10000.0,0,0.04750554737,1.01
0.4000,0.1000,1,0.01,0.1,0.9000,inf,0,0.04750554737,1.01
0.4000,0.1000,1,0.01,1,0.5000,100.0,0,0.5191938689,1.01
0.4000,0.1000,1,0.01,1,0.5000,1000.0,0,0.5191938689,1.01
0.4000,0.1000,1,0.01,1,0.5000,10000.0,0,0.5191938689,1.01
0.4000,0.1000,1,0.01,1,0.5000,inf,0,0.5191938689,1.01
0.4000,0.1000,1,0.01,1,0.9000,100.0,0,0.3749653554,1.01
0.4000,0.1000,1,0.01,1,0.9000,1000.0,0,0.3749653554,1.01
0.4000,0.1000,1,0.01,1,0.9000,10000.0,0,0.3749653554,1.01
0.4000,0.1000,1,0.01,1,0.9000,inf,0,0.3749653554,1.01
0.4000,0.1000,1,0.1,0.0166667,0.5000,100.0,0.5414966081,0.01332884999,1.1
0.4000,0.1000,1,0.1,0.0166667,0.5000,1000.0,0.002315883713,0.01332884999,1.1
0.4000,0.1000,1,0.1,0.0166667,0.5000,10000.0,0,0.01332884999,1.1
0.4000,0.1000,1,0.1,0.0166667,0.5000,inf,0,0.01332884999,1.1
0.4000,0.1000,1,0.1,0.0166667,0.9000,100.0,0.5447235139,0.007449044305,1.1
0.4000,0.1000,1,0.1,0.0166667,0.9000,1000.0,0.002329684609,0.007449044305,1.1
0.4000,0.1000,1,0.1,0.0166667,0.9000,10000.0,0,0.007449044305,1.1
0.4000,0.1000,1,0.1,0.0166667,0.9000,inf,0,0.007449044305,1.1
0.4000,0.1000,1,0.1,0.1,0.5000,100.0,0.02524608827,0.07603774254,1.1
0.4000,0.1000,1,0.1,0.1,0.5000,1000.0,0,0.07603774254,1.1
0.4000,0.1000,1,0.1,0.1,0.5000,10000.0,0,0.07603774254,1.1
0.4000,0.1000,1,0.1,0.1,0.5000,inf,0,0.07603774254,1.1
0.4000,0.1000,1,0.1,0.1,0.9000,100.0,0.02612910984,0.04372071219,1.1
0.4000,0.1000,1,0.1,0.1,0.9000,1000.0,0,0.04372071219,1.1
0.4000,0.1000,1,0.1,0.1,0.9000,10000.0,0,0.04372071219,1.1
0.4000,0.1000,1,0.1,0.1,0.9000,inf,0,0.04372071219,1.1
0.4000,0.1000,1,0.1,1,0.5000,100.0,0,0.493557494,1.1
0.4000,0.1000,1,0.1,1,0.5000,1000.0,0,0.493557494,1.1
0.4000,0.1000,1,0.1,1,0.5000,10000.0,0,0.493557494,1.1
0.4000,0.1000,1,0.1,1,0.5000,inf,0,0.493557494,1.1
0.4000,0.1000,1,0.1,1,0.9000,100.0,0,0.3512479716,1.1
0.4000,0.1000,1,0.1,1,0.9000,1000.0,0,0.3512479716,1.1
0.4000,0.1000,1,0.1,1,0.9000,10000.0,0,0.3512479716,1.1
0.4000,0.1000,1,0.1,1,0.9000,inf,0,0.3512479716,1.1
0.4000,0.1000,3,0.01,0.0166667,0.5000,100.0,0.9696068265,1.782573878e-06,3.03
0.4000,0.1000,3,0.01,0.0166667,0.5000,1000.0,0.03971102065,1.782573878e-06,3.03
0.4000,0.1000,3,0.01,0.0166667,0.5000,10000.0,0,1.782573878e-06,3.03
0.4000,0.1000,3,0.01,0.0166667,0.5000,inf,0,1.782573878e-06,3.03
0.4000,0.1000,3,0.01,0.0166667,0.9000,100.0,0.9703599748,1.600785522e-07,3.03
0.4000,0.1000,3,0.01,0.0166667,0.9000,1000.0,0.03990236174,1.600785522e-07,3.03
0.4000,0.1000,3,0.01,0.0166667,0.9000,10000.0,0,1.600785522e-07,3.03
0.4000,0.1000,3,0.01,0.0166667,0.9000,inf,0,1.600785522e-07,3.03
0.4000,0.1000,3,0.01,0.1,0.5000,100.0,0.2369703959,0.0003282826375,3.03
0.4000,0.1000,3,0.01,0.1,0.5000,1000.0,0,0.0003282826375,3.03
0.4000,0.1000,3,0.01,0.1,0.5000,10000.0,0,0.0003282826375,3.03
0.4000,0.1000,3,0.01,0.1,0.5000,inf,0,0.0003282826375,3.03
0.4000,0.1000,3,0.01,0.1,0.9000,100.0,0.2425955177,3.260793103e-05,3.03
0.4000,0.1000,3,0.01,0.1,0.9000,1000.0,0,3.260793103e-05,3.03
0.4000,0.1000,3,0.01,0.1,0.9000,10000.0,0,3.260793103e-05,3.03
0.4000,0.1000,3,0.01,0.1,0.9000,inf,0,3.260793103e-05,3.03
0.4000,0.1000,3,0.01,1,0.5000,100.0,0,0.0866515031,3.03
0.4000,0.1000,3,0.01,1,0.5000,1000.0,0,0.0866515031,3.03
0.4000,0.1000,3,0.01,1,0.5000,10000.0,0,0.0866515031,3.03
0.4000,0.1000,3,0.01,1,0.5000,inf,0,0.0866515031,3.03
0.4000,0.1000,3,0.01,1,0.9000,100.0,0,0.01844986102,3.03
0.4000,0.1000,3,0.01,1,0.9000,1000.0,0,0.01844986102,3.03
0.4000,0.1000,3,0.01,1,0.9000,10000.0,0,0.01844986102,3.03
0.4000,0.1000,3,0.01,1,0.9000,inf,0,0.01844986102,3.03
0.4000,0.1000,3,0.1,0.0166667,0.5000,100.0,0.9755218834,1.383560135e-06,3.3
0.4000,0.1000,3,0.1,0.0166667,0.5000,1000.0,0.05900352528,1.383560135e-06,3.3
0.4000,0.1000,3,0.1,0.0166667,0.5000,10000.0,0,1.383560135e-06,3.3
0.4000,0.1000,3,0.1,0.0166667,0.5000,inf,0,1.383560135e-06,3.3
0.4000,0.1000,3,0.1,0.0166667,0.9000,100.0,0.9761378957,1.240338056e-07,3.3
0.4000,0.1000,3,0.1,0.0166667,0.9000,1000.0,0.05925796952,1.240338056e-07,3.3
0.4000,0.1000,3,0.1,0.0166667,0.9000,10000.0,0,1.240338056e-07,3.3
0.4000,0.1000,3,0.1,0.0166667,0.9000,inf,0,1.240338056e-07,3.3
0.4000,0.1000,3,0.1,0.1,0.5000,100.0,0.2888344136,0.0002580314445,3.3
0.4000,0.1000,3,0.1,0.1,0.5000,1000.0,9.869177171e-14,0.0002580314445,3.3
0.4000,0.1000,3,0.1,0.1,0.5000,10000.0,0,0.0002580314445,3.3
0.4000,0.1000,3,0.1,0.1,0.5000,inf,0,0.0002580314445,3.3
0.4000,0.1000,3,0.1,0.1,0.9000,100.0,0.2948922632,2.538559861e-05,3.3
0.4000,0.1000,3,0.1,0.1,0.9000,1000.0,1.022603905e-13,2.538559861e-05,3.3
0.4000,0.1000,3,0.1,0.1,0.9000,10000.0,0,2.538559861e-05,3.3
0.4000,0.1000,3,0.1,0.1,0.9000,inf,0,2.538559861e-05,3.3
0.4000,0.1000,3,0.1,1,0.5000,100.0,7.803477335e-14,0.07408379001,3.3
0.4000,0.1000,3,0.1,1,0.5000,1000.0,0,0.07408379001,3.3
0.4000,0.1000,3,0.1,1,0.5000,10000.0,0,0.07408379001,3.3
0.4000,0.1000,3,0.1,1,0.5000,inf,0,0.07408379001,3.3
0.4000,0.1000,3,0.1,1,0.9000,100.0,1.003858756e-13,0.01497718103,3.3
0.4000,0.1000,3,0.1,1,0.9000,1000.0,0,0.01497718103,3.3
0.4000,0.1000,3,0.1,1,0.9000,10000.0,0,0.01497718103,3.3
0.4000,0.1000,3,0.1,1,0.9000,inf,0,0.01497718103,3.3
0.4000,0.1000,6,0.01,0.0166667,0.5000,100.0,0.9999298426,2.321037195e-12,6.06
0.4000,0.1000,6,0.01,0.0166667,0.5000,1000.0,0.3534373551,2.321037195e-12,6.06
0.4000,0.1000,6,0.01,0.0166667,0.5000,10000.0,0,2.321037195e-12,6.06
0.4000,0.1000,6,0.01,0.0166667,0.5000,inf,0,2.321037195e-12,6.06
0.4000,0.1000,6,0.01,0.0166667,0.9000,100.0,0.9999336766,9.880118447e-15,6.06
0.4000,0.1000,6,0.01,0.0166667,0.9000,1000.0,0.3543598239,9.880118447e-15,6.06
0.4000,0.1000,6,0.01,0.0166667,0.9000,10000.0,0,9.880118447e-15,6.06
0.4000,0.1000,6,0.01,0.0166667,0.9000,inf,0,9.880118447e-15,6.06
0.4000,0.1000,6,0.01,0.1,0.5000,100.0,0.7836747089,7.871525001e-08,6.06
0.4000,0.1000,6,0.01,0.1,0.5000,1000.0,5.599548373e-12,7.871525001e-08,6.06
0.4000,0.1000,6,0.01,0.1,0.5000,10000.0,0,7.871525001e-08,6.06
0.4000,0.1000,6,0.01,0.1,0.5000,inf,0,7.871525001e-08,6.06
0.4000,0.1000,6,0.01,0.1,0.9000,100.0,0.7898411848,4.098152217e-10,6.06
0.4000,0.1000,6,0.01,0.1,0.9000,1000.0,5.787238697e-12,4.098152217e-10,6.06
0.4000,0.1000,6,0.01,0.1,0.9000,10000.0,0,4.098152217e-10,6.06
0.4000,0.1000,6,0.01,0.1,0.9000,inf,0,4.098152217e-10,6.06
0.4000,0.1000,6,0.01,1,0.5000,100.0,4.293973787e-12,0.005479020157,6.06
0.4000,0.1000,6,0.01,1,0.5000,1000.0,0,0.005479020157,6.06
0.4000,0.1000,6,0.01,1,0.5000,10000.0,0,0.005479020157,6.06
0.4000,0.1000,6,0.01,1,0.5000,inf,0,0.005479020157,6.06
0.4000,0.1000,6,0.01,1,0.9000,100.0,5.46139321e-12,0.0001307912704,6.06
0.4000,0.1000,6,0.01,1,0.9000,1000.0,0,0.0001307912704,6.06
0.4000,0.1000,6,0.01,1,0.9000,10000.0,0,0.0001307912704,6.06
0.4000,0.1000,6,0.01,1,0.9000,inf,0,0.0001307912704,6.06
0.4000,0.1000,6,0.1,0.0166667,0.5000,100.0,0.9999559667,1.398245653e-12,6.6
0.4000,0.1000,6,0.1,0.0166667,0.5000,1000.0,0.434819342,1.398245653e-12,6.6
0.4000,0.1000,6,0.1,0.0166667,0.5000,10000.0,0,1.398245653e-12,6.6
0.4000,0.1000,6,0.1,0.0166667,0.5000,inf,0,1.398245653e-12,6.6
0.4000,0.1000,6,0.1,0.0166667,0.9000,100.0,0.9999583943,5.931691292e-15,6.6
0.4000,0.1000,6,0.1,0.0166667,0.9000,1000.0,0.435768906,5.931691292e-15,6.6
0.4000,0.1000,6,0.1,0.0166667,0.9000,10000.0,0,5.931691292e-15,6.6
0.4000,0.1000,6,0.1,0.0166667,0.9000,inf,0,5.931691292e-15,6.6
0.4000,0.1000,6,0.1,0.1,0.5000,100.0,0.8327322703,4.863072816e-08,6.6
0.4000,0.1000,6,0.1,0.1,0.5000,1000.0,9.497381101e-11,4.863072816e-08,6.6
0.4000,0.1000,6,0.1,0.1,0.5000,10000.0,0,4.863072816e-08,6.6
0.4000,0.1000,6,0.1,0.1,0.5000,inf,0,4.863072816e-08,6.6
0.4000,0.1000,6,0.1,0.1,0.9000,100.0,0.837874292,2.483884691e-10,6.6
0.4000,0.1000,6,0.1,0.1,0.9000,1000.0,9.786367321e-11,2.483884691e-10,6.6
0.4000,0.1000,6,0.1,0.1,0.9000,10000.0,0,2.483884691e-10,6.6
0.4000,0.1000,6,0.1,0.1,0.9000,inf,0,2.483884691e-10,6.6
0.4000,0.1000,6,0.1,1,0.5000,100.0,7.40707502e-11,0.004005405494,6.6
0.4000,0.1000,6,0.1,1,0.5000,1000.0,0,0.004005405494,6.6
0.4000,0.1000,6,0.1,1,0.5000,10000.0,0,0.004005405494,6.6
0.4000,0.1000,6,0.1,1,0.5000,inf,0,0.004005405494,6.6
0.4000,0.1000,6,0.1,1,0.9000,100.0,9.269642638e-11,8.620675556e-05,6.6
0.4000,0.1000,6,0.1,1,0.9000,1000.0,0,8.620675556e-05,6.6
0.4000,0.1000,6,0.1,1,0.9000,10000.0,0,8.620675556e-05,6.6
0.4000,0.1000,6,0.1,1,0.9000,inf,0,8.620675556e-05,6.6
0.4000,0.1000,12,0.01,0.0166667,0.5000,100.0,1,3.936382075e-24,12.12
0.4000,0.1000,12,0.01,0.0166667,0.5000,1000.0,0.9623990732,3.936382075e-24,12.12
0.4000,0.1000,12,0.01,0.0166667,0.5000,10000.0,0,3.936382075e-24,12.12
0.4000,0.1000,12,0.01,0.0166667,0.5000,inf,0,3.936382075e-24,12.12
0.4000,0.1000,12,0.01,0.0166667,0.9000,100.0,1,3.803784153e-29,12.12
0.4000,0.1000,12,0.01,0.0166667,0.9000,1000.0,0.9626311344,3.803784153e-29,12.12
0.4000,0.1000,12,0.01,0.0166667,0.9000,10000.0,0,3.803784153e-29,12.12
0.4000,0.1000,12,0.01,0.0166667,0.9000,inf,0,3.803784153e-29,12.12
0.4000,0.1000,12,0.01,0.1,0.5000,100.0,0.9990599676,4.527420546e-15,12.12
0.4000,0.1000,12,0.01,0.1,0.5000,1000.0,7.857427626e-08,4.527420546e-15,12.12
0.4000,0.1000,12,0.01,0.1,0.5000,10000.0,0,4.527420546e-15,12.12
0.4000,0.1000,12,0.01,0.1,0.5000,inf,0,4.527420546e-15,12.12
0.4000,0.1000,12,0.01,0.1,0.9000,100.0,0.9991408313,6.544568669e-20,12.12
0.4000,0.1000,12,0.01,0.1,0.9000,1000.0,8.077588739e-08,6.544568669e-20,12.12
0.4000,0.1000,12,0.01,0.1,0.9000,10000.0,0,6.544568669e-20,12.12
0.4000,0.1000,12,0.01,0.1,0.9000,inf,0,6.544568669e-20,12.12
0.4000,0.1000,12,0.01,1,0.5000,100.0,6.215104029e-08,2.193516129e-05,12.12
0.4000,0.1000,12,0.01,1,0.5000,1000.0,0,2.193516129e-05,12.12
0.4000,0.1000,12,0.01,1,0.5000,10000.0,0,2.193516129e-05,12.12
0.4000,0.1000,12,0.01,1,0.5000,inf,0,2.193516129e-05,12.12
0.4000,0.1000,12,0.01,1,0.9000,100.0,7.677981808e-08,6.669058612e-09,12.12
0.4000,0.1000,12,0.01,1,0.9000,1000.0,0,6.669058612e-09,12.12
0.4000,0.1000,12,0.01,1,0.9000,10000.0,0,6.669058612e-09,12.12
0.4000,0.1000,12,0.01,1,0.9000,inf,0,6.669058612e-09,12.12
0.4000,0.1000,12,0.1,0.0166667,0.5000,100.0,1,1.428564984e-24,13.2
0.4000,0.1000,12,0.1,0.0166667,0.5000,1000.0,0.9783309141,1.428564984e-24,13.2
0.4000,0.1000,12,0.1,0.0166667,0.5000,10000.0,0,1.428564984e-24,13.2
0.4000,0.1000,12,0.1,0.0166667,0.5000,inf,0,1.428564984e-24,13.2
0.4000,0.1000,12,0.1,0.0166667,0.9000,100.0,1,1.371034659e-29,13.2
0.4000,0.1000,12,0.1,0.0166667,0.9000,1000.0,0.978474051,1.371034659e-29,13.2
0.4000,0.1000,12,0.1,0.0166667,0.9000,10000.0,0,1.371034659e-29,13.2
0.4000,0.1000,12,0.1,0.0166667,0.9000,inf,0,1.371034659e-29,13.2
0.4000,0.1000,12,0.1,0.1,0.5000,100.0,0.9995464946,1.728043298e-15,13.2
0.4000,0.1000,12,0.1,0.1,0.5000,1000.0,8.131018026e-07,1.728043298e-15,13.2
0.4000,0.1000,12,0.1,0.1,0.5000,10000.0,0,1.728043298e-15,13.2
0.4000,0.1000,12,0.1,0.1,0.5000,inf,0,1.728043298e-15,13.2
0.4000,0.1000,12,0.1,0.1,0.9000,100.0,0.999586925,2.404176643e-20,13.2
0.4000,0.1000,12,0.1,0.1,0.9000,1000.0,8.334151167e-07,2.404176643e-20,13.2
0.4000,0.1000,12,0.1,0.1,0.9000,10000.0,0,2.404176643e-20,13.2
0.4000,0.1000,12,0.1,0.1,0.9000,inf,0,2.404176643e-20,13.2
0.4000,0.1000,12,0.1,1,0.5000,100.0,6.556663928e-07,1.17226991e-05,13.2
0.4000,0.1000,12,0.1,1,0.5000,1000.0,0,1.17226991e-05,13.2
0.4000,0.1000,12,0.1,1,0.5000,10000.0,0,1.17226991e-05,13.2
0.4000,0.1000,12,0.1,1,0.5000,inf,0,1.17226991e-05,13.2
0.4000,0.1000,12,0.1,1,0.9000,100.0,7.958989351e-07,2.897124586e-09,13.2
0.4000,0.1000,12,0.1,1,0.9000,1000.0,0,2.897124586e-09,13.2
0.4000,0.1000,12,0.1,1,0.9000,10000.0,0,2.897124586e-09,13.2
0.4000,0.1000,12,0.1,1,0.9000,inf,0,2.897124586e-09,13.2
0.4000,0.2500,1,0.01,0.0166667,0.5000,100.0,0.5112118472,0.01735351706,1.01
0.4000,0.2500,1,0.01,0.0166667,0.5000,1000.0,0.001344725656,0.01735351706,1.01
0.4000,0.2500,1,0.01,0.0166667,0.5000,10000.0,0,0.01735351706,1.01
0.4000,0.2500,1,0.01,0.0166667,0.5000,inf,0,0.01735351706,1.01
0.4000,0.2500,1,0.01,0.0166667,0.9000,100.0,0.5151853037,0.009715777437,1.01
0.4000,0.2500,1,0.01,0.0166667,0.9000,1000.0,0.0013551777,0.009715777437,1.01
0.4000,0.2500,1,0.01,0.0166667,0.9000,10000.0,0,0.009715777437,1.01
0.4000,0.2500,1,0.01,0.0166667,0.9000,inf,0,0.009715777437,1.01
0.4000,0.2500,1,0.01,0.1,0.5000,100.0,0.01789731239,0.09725273103,1.01
0.4000,0.2500,1,0.01,0.1,0.5000,1000.0,0,0.09725273103,1.01
0.4000,0.2500,1,0.01,0.1,0.5000,10000.0,0,0.09725273103,1.01
0.4000,0.2500,1,0.01,0.1,0.5000,inf,0,0.09725273103,1.01
0.4000,0.2500,1,0.01,0.1,0.9000,100.0,0.01870584321,0.05647012798,1.01
0.4000,0.2500,1,0.01,0.1,0.9000,1000.0,0,0.05647012798,1.01
0.4000,0.2500,1,0.01,0.1,0.9000,10000.0,0,0.05647012798,1.01
0.4000,0.2500,1,0.01,0.1,0.9000,inf,0,0.05647012798,1.01
0.4000,0.2500,1,0.01,1,0.5000,100.0,0,0.5644235893,1.01
0.4000,0.2500,1,0.01,1,0.5000,1000.0,0,0.5644235893,1.01
0.4000,0.2500,1,0.01,1,0.5000,10000.0,0,0.5644235893,1.01
0.4000,0.2500,1,0.01,1,0.5000,inf,0,0.5644235893,1.01
0.4000,0.2500,1,0.01,1,0.9000,100.0,0,0.4185686761,1.01
0.4000,0.2500,1,0.01,1,0.9000,1000.0,0,0.4185686761,1.01
0.4000,0.2500,1,0.01,1,0.9000,10000.0,0,0.4185686761,1.01
0.4000,0.2500,1,0.01,1,0.9000,inf,0,0.4185686761,1.01
0.4000,0.2500,1,0.1,0.0166667,0.5000,100.0,0.5400569405,0.01595209537,1.1
0.4000,0.2500,1,0.1,0.0166667,0.5000,1000.0,0.002309726513,0.01595209537,1.1
0.4000,0.2500,1,0.1,0.0166667,0.5000,10000.0,0,0.01595209537,1.1
0.4000,0.2500,1,0.1,0.0166667,0.5000,inf,0,0.01595209537,1.1
0.4000,0.2500,1,0.1,0.0166667,0.9000,100.0,0.5439131872,0.008925555793,1.1
0.4000,0.2500,1,0.1,0.0166667,0.9000,1000.0,0.002326218987,0.008925555793,1.1
0.4000,0.2500,1,0.1,0.0166667,0.9000,10000.0,0,0.008925555793,1.1
0.4000,0.2500,1,0.1,0.0166667,0.9000,inf,0,0.008925555793,1.1
0.4000,0.2500,1,0.1,0.1,0.5000,100.0,0.02486790835,0.08987846001,1.1
0.4000,0.2500,1,0.1,0.1,0.5000,1000.0,0,0.08987846001,1.1
0.4000,0.2500,1,0.1,0.1,0.5000,10000.0,0,0.08987846001,1.1
0.4000,0.2500,1,0.1,0.1,0.5000,inf,0,0.08987846001,1.1
0.4000,0.2500,1,0.1,0.1,0.9000,100.0,0.0259026137,0.05201007116,1.1
0.4000,0.2500,1,0.1,0.1,0.9000,1000.0,0,0.05201007116,1.1
0.4000,0.2500,1,0.1,0.1,0.9000,10000.0,0,0.05201007116,1.1
0.4000,0.2500,1,0.1,0.1,0.9000,inf,0,0.05201007116,1.1
0.4000,0.2500,1,0.1,1,0.5000,100.0,0,0.5390577904,1.1
0.4000,0.2500,1,0.1,1,0.5000,1000.0,0,0.5390577904,1.1
0.4000,0.2500,1,0.1,1,0.5000,10000.0,0,0.5390577904,1.1
0.4000,0.2500,1,0.1,1,0.5000,inf,0,0.5390577904,1.1
0.4000,0.2500,1,0.1,1,0.9000,100.0,0,0.3938310915,1.1
0.4000,0.2500,1,0.1,1,0.9000,1000.0,0,0.3938310915,1.1
0.4000,0.2500,1,0.1,1,0.9000,10000.0,0,0.3938310915,1.1
0.4000,0.2500,1,0.1,1,0.9000,inf,0,0.3938310915,1.1
0.4000,0.2500,3,0.01,0.0166667,0.5000,100.0,0.9692616209,3.391309102e-06,3.03
0.4000,0.2500,3,0.01,0.0166667,0.5000,1000.0,0.03962547984,3.391309102e-06,3.03
0.4000,0.2500,3,0.01,0.0166667,0.5000,10000.0,0,3.391309102e-06,3.03
0.4000,0.2500,3,0.01,0.0166667,0.5000,inf,0,3.391309102e-06,3.03
0.4000,0.2500,3,0.01,0.0166667,0.9000,100.0,0.9701734995,3.683906249e-07,3.03
0.4000,0.2500,3,0.01,0.0166667,0.9000,1000.0,0.03985436398,3.683906249e-07,3.03
0.4000,0.2500,3,0.01,0.0166667,0.9000,10000.0,0,3.683906249e-07,3.03
0.4000,0.2500,3,0.01,0.0166667,0.9000,inf,0,3.683906249e-07,3.03
0.4000,0.2500,3,0.01,0.1,0.5000,100.0,0.2345097643,0.0005992300232,3.03
0.4000,0.2500,3,0.01,0.1,0.5000,1000.0,0,0.0005992300232,3.03
0.4000,0.2500,3,0.01,0.1,0.5000,10000.0,0,0.0005992300232,3.03
0.4000,0.2500,3,0.01,0.1,0.5000,inf,0,0.0005992300232,3.03
0.4000,0.2500,3,0.01,0.1,0.9000,100.0,0.2411686509,7.300034559e-05,3.03
0.4000,0.2500,3,0.01,0.1,0.9000,1000.0,0,7.300034559e-05,3.03
0.4000,0.2500,3,0.01,0.1,0.9000,10000.0,0,7.300034559e-05,3.03
0.4000,0.2500,3,0.01,0.1,0.9000,inf,0,7.300034559e-05,3.03
0.4000,0.2500,3,0.01,1,0.5000,100.0,0,0.1221255666,3.03
0.4000,0.2500,3,0.01,1,0.5000,1000.0,0,0.1221255666,3.03
0.4000,0.2500,3,0.01,1,0.5000,10000.0,0,0.1221255666,3.03
0.4000,0.2500,3,0.01,1,0.5000,inf,0,0.1221255666,3.03
0.4000,0.2500,3,0.01,1,0.9000,100.0,0,0.03279480189,3.03
0.4000,0.2500,3,0.01,1,0.9000,1000.0,0,0.03279480189,3.03
0.4000,0.2500,3,0.01,1,0.9000,10000.0,0,0.03279480189,3.03
0.4000,0.2500,3,0.01,1,0.9000,inf,0,0.03279480189,3.03
0.4000,0.2500,3,0.1,0.0166667,0.5000,100.0,0.9752393075,2.634089439e-06,3.3
0.4000,0.2500,3,0.1,0.0166667,0.5000,1000.0,0.05888968671,2.634089439e-06,3.3
0.4000,0.2500,3,0.1,0.0166667,0.5000,10000.0,0,2.634089439e-06,3.3
0.4000,0.2500,3,0.1,0.0166667,0.5000,inf,0,2.634089439e-06,3.3
0.4000,0.2500,3,0.1,0.0166667,0.9000,100.0,0.9759854376,2.855724591e-07,3.3
0.4000,0.2500,3,0.1,0.0166667,0.9000,1000.0,0.05919416762,2.855724591e-07,3.3
0.4000,0.2500,3,0.1,0.0166667,0.9000,10000.0,0,2.855724591e-07,3.3
0.4000,0.2500,3,0.1,0.0166667,0.9000,inf,0,2.855724591e-07,3.3
0.4000,0.2500,3,0.1,0.1,0.5000,100.0,0.2861728245,0.0004728133987,3.3
0.4000,0.2500,3,0.1,0.1,0.5000,1000.0,9.715564639e-14,0.0004728133987,3.3
0.4000,0.2500,3,0.1,0.1,0.5000,10000.0,0,0.0004728133987,3.3
0.4000,0.2500,3,0.1,0.1,0.5000,inf,0,0.0004728133987,3.3
0.4000,0.2500,3,0.1,0.1,0.9000,100.0,0.2933591345,5.698219716e-05,3.3
0.4000,0.2500,3,0.1,0.1,0.9000,1000.0,1.013479802e-13,5.698219716e-05,3.3
0.4000,0.2500,3,0.1,0.1,0.9000,10000.0,0,5.698219716e-05,3.3
0.4000,0.2500,3,0.1,0.1,0.9000,inf,0,5.698219716e-05,3.3
0.4000,0.2500,3,0.1,1,0.5000,100.0,7.081492269e-14,0.105988768,3.3
0.4000,0.2500,3,0.1,1,0.5000,1000.0,0,0.105988768,3.3
0.4000,0.2500,3,0.1,1,0.5000,10000.0,0,0.105988768,3.3
0.4000,0.2500,3,0.1,1,0.5000,inf,0,0.105988768,3.3
0.4000,0.2500,3,0.1,1,0.9000,100.0,9.374046439e-14,0.02707722579,3.3
0.4000,0.2500,3,0.1,1,0.9000,1000.0,0,0.02707722579,3.3
0.4000,0.2500,3,0.1,1,0.9000,10000.0,0,0.02707722579,3.3
0.4000,0.2500,3,0.1,1,0.9000,inf,0,0.02707722579,3.3
0.4000,0.2500,6,0.01,0.0166667,0.5000,100.0,0.9999280052,9.007962227e-12,6.06
0.4000,0.2500,6,0.01,0.0166667,0.5000,1000.0,0.3530232045,9.007962227e-12,6.06
0.4000,0.2500,6,0.01,0.0166667,0.5000,10000.0,0,9.007962227e-12,6.06
0.4000,0.2500,6,0.01,0.0166667,0.5000,inf,0,9.007962227e-12,6.06
0.4000,0.2500,6,0.01,0.0166667,0.9000,100.0,0.9999327492,7.31992326e-14,6.06
0.4000,0.2500,6,0.01,0.0166667,0.9000,1000.0,0.3541289312,7.31992326e-14,6.06
0.4000,0.2500,6,0.01,0.0166667,0.9000,10000.0,0,7.31992326e-14,6.06
0.4000,0.2500,6,0.01,0.0166667,0.9000,inf,0,7.31992326e-14,6.06
0.4000,0.2500,6,0.01,0.1,0.5000,100.0,0.7808657013,2.812330846e-07,6.06
0.4000,0.2500,6,0.01,0.1,0.5000,1000.0,5.518981989e-12,2.812330846e-07,6.06
0.4000,0.2500,6,0.01,0.1,0.5000,10000.0,0,2.812330846e-07,6.06
0.4000,0.2500,6,0.01,0.1,0.5000,inf,0,2.812330846e-07,6.06
0.4000,0.2500,6,0.01,0.1,0.9000,100.0,0.7883099016,2.87364327e-09,6.06
0.4000,0.2500,6,0.01,0.1,0.9000,1000.0,5.739153355e-12,2.87364327e-09,6.06
0.4000,0.2500,6,0.01,0.1,0.9000,10000.0,0,2.87364327e-09,6.06
0.4000,0.2500,6,0.01,0.1,0.9000,inf,0,2.87364327e-09,6.06
0.4000,0.2500,6,0.01,1,0.5000,100.0,3.916878068e-12,0.01167465293,6.06
0.4000,0.2500,6,0.01,1,0.5000,1000.0,0,0.01167465293,6.06
0.4000,0.2500,6,0.01,1,0.5000,10000.0,0,0.01167465293,6.06
0.4000,0.2500,6,0.01,1,0.5000,inf,0,0.01167465293,6.06
0.4000,0.2500,6,0.01,1,0.9000,100.0,5.113986283e-12,0.0005781988482,6.06
0.4000,0.2500,6,0.01,1,0.9000,1000.0,0,0.0005781988482,6.06
0.4000,0.2500,6,0.01,1,0.9000,10000.0,0,0.0005781988482,6.06
0.4000,0.2500,6,0.01,1,0.9000,inf,0,0.0005781988482,6.06
0.4000,0.2500,6,0.1,0.0166667,0.5000,100.0,0.9999548024,5.434417894e-12,6.6
0.4000,0.2500,6,0.1,0.0166667,0.5000,1000.0,0.4343926982,5.434417894e-12,6.6
0.4000,0.2500,6,0.1,0.0166667,0.5000,10000.0,0,5.434417894e-12,6.6
0.4000,0.2500,6,0.1,0.0166667,0.5000,inf,0,5.434417894e-12,6.6
0.4000,0.2500,6,0.1,0.0166667,0.9000,100.0,0.9999578074,4.398693931e-14,6.6
0.4000,0.2500,6,0.1,0.0166667,0.9000,1000.0,0.4355313261,4.398693931e-14,6.6
0.4000,0.2500,6,0.1,0.0166667,0.9000,10000.0,0,4.398693931e-14,6.6
0.4000,0.2500,6,0.1,0.0166667,0.9000,inf,0,4.398693931e-14,6.6
0.4000,0.2500,6,0.1,0.1,0.5000,100.0,0.8303787497,1.750895113e-07,6.6
0.4000,0.2500,6,0.1,0.1,0.5000,1000.0,9.372809098e-11,1.750895113e-07,6.6
0.4000,0.2500,6,0.1,0.1,0.5000,10000.0,0,1.750895113e-07,6.6
0.4000,0.2500,6,0.1,0.1,0.5000,inf,0,1.750895113e-07,6.6
0.4000,0.2500,6,0.1,0.1,0.9000,100.0,0.8366005502,1.750942952e-09,6.6
0.4000,0.2500,6,0.1,0.1,0.9000,1000.0,9.712491981e-11,1.750942952e-09,6.6
0.4000,0.2500,6,0.1,0.1,0.9000,10000.0,0,1.750942952e-09,6.6
0.4000,0.2500,6,0.1,0.1,0.9000,inf,0,1.750942952e-09,6.6
0.4000,0.2500,6,0.1,1,0.5000,100.0,6.792510178e-11,0.008793917195,6.6
0.4000,0.2500,6,0.1,1,0.5000,1000.0,0,0.008793917195,6.6
0.4000,0.2500,6,0.1,1,0.5000,10000.0,0,0.008793917195,6.6
0.4000,0.2500,6,0.1,1,0.5000,inf,0,0.008793917195,6.6
0.4000,0.2500,6,0.1,1,0.9000,100.0,8.721595878e-11,0.0003942790101,6.6
0.4000,0.2500,6,0.1,1,0.9000,1000.0,0,0.0003942790101,6.6
0.4000,0.2500,6,0.1,1,0.9000,10000.0,0,0.0003942790101,6.6
0.4000,0.2500,6,0.1,1,0.9000,inf,0,0.0003942790101,6.6
0.4000,0.2500,12,0.01,0.0166667,0.5000,100.0,1,6.356280967e-23,12.12
0.4000,0.2500,12,0.01,0.0166667,0.5000,1000.0,0.9622939884,6.356280967e-23,12.12
0.4000,0.2500,12,0.01,0.0166667,0.5000,10000.0,0,6.356280967e-23,12.12
0.4000,0.2500,12,0.01,0.0166667,0.5000,inf,0,6.356280967e-23,12.12
0.4000,0.2500,12,0.01,0.0166667,0.9000,100.0,1,2.899618969e-27,12.12
0.4000,0.2500,12,0.01,0.0166667,0.9000,1000.0,0.9625733075,2.899618969e-27,12.12
0.4000,0.2500,12,0.01,0.0166667,0.9000,10000.0,0,2.899618969e-27,12.12
0.4000,0.2500,12,0.01,0.0166667,0.9000,inf,0,2.899618969e-27,12.12
0.4000,0.2500,12,0.01,0.1,0.5000,100.0,0.9990195971,6.195591867e-14,12.12
0.4000,0.2500,12,0.01,0.1,0.5000,1000.0,7.762181806e-08,6.195591867e-14,12.12
0.4000,0.2500,12,0.01,0.1,0.5000,10000.0,0,6.195591867e-14,12.12
0.4000,0.2500,12,0.01,0.1,0.5000,inf,0,6.195591867e-14,12.12
0.4000,0.2500,12,0.01,0.1,0.9000,100.0,0.9991216892,4.468845338e-18,12.12
0.4000,0.2500,12,0.01,0.1,0.9000,1000.0,8.021412985e-08,4.468845338e-18,12.12
0.4000,0.2500,12,0.01,0.1,0.9000,10000.0,0,4.468845338e-18,12.12
0.4000,0.2500,12,0.01,0.1,0.9000,inf,0,4.468845338e-18,12.12
0.4000,0.2500,12,0.01,1,0.5000,100.0,5.723610794e-08,0.0001067673779,12.12
0.4000,0.2500,12,0.01,1,0.5000,1000.0,0,0.0001067673779,12.12
0.4000,0.2500,12,0.01,1,0.5000,10000.0,0,0.0001067673779,12.12
0.4000,0.2500,12,0.01,1,0.5000,inf,0,0.0001067673779,12.12
0.4000,0.2500,12,0.01,1,0.9000,100.0,7.251704967e-08,1.809361535e-07,12.12
0.4000,0.2500,12,0.01,1,0.9000,1000.0,0,1.809361535e-07,12.12
0.4000,0.2500,12,0.01,1,0.9000,10000.0,0,1.809361535e-07,12.12
0.4000,0.2500,12,0.01,1,0.9000,inf,0,1.809361535e-07,12.12
0.4000,0.2500,12,0.1,0.0166667,0.5000,100.0,1,2.31342826e-23,13.2
0.4000,0.2500,12,0.1,0.0166667,0.5000,1000.0,0.9782660463,2.31342826e-23,13.2
0.4000,0.2500,12,0.1,0.0166667,0.5000,10000.0,0,2.31342826e-23,13.2
0.4000,0.2500,12,0.1,0.0166667,0.5000,inf,0,2.31342826e-23,13.2
0.4000,0.2500,12,0.1,0.0166667,0.9000,100.0,1,1.047069086e-27,13.2
0.4000,0.2500,12,0.1,0.0166667,0.9000,1000.0,0.9784383975,1.047069086e-27,13.2
0.4000,0.2500,12,0.1,0.0166667,0.9000,10000.0,0,1.047069086e-27,13.2
0.4000,0.2500,12,0.1,0.0166667,0.9000,inf,0,1.047069086e-27,13.2
0.4000,0.2500,12,0.1,0.1,0.5000,100.0,0.9995261957,2.401431707e-14,13.2
0.4000,0.2500,12,0.1,0.1,0.5000,1000.0,8.042760364e-07,2.401431707e-14,13.2
0.4000,0.2500,12,0.1,0.1,0.5000,10000.0,0,2.401431707e-14,13.2
0.4000,0.2500,12,0.1,0.1,0.5000,inf,0,2.401431707e-14,13.2
0.4000,0.2500,12,0.1,0.1,0.9000,100.0,0.999577382,1.659103298e-18,13.2
0.4000,0.2500,12,0.1,0.1,0.9000,1000.0,8.282435879e-07,1.659103298e-18,13.2
0.4000,0.2500,12,0.1,0.1,0.9000,10000.0,0,1.659103298e-18,13.2
0.4000,0.2500,12,0.1,0.1,0.9000,inf,0,1.659103298e-18,13.2
0.4000,0.2500,12,0.1,1,0.5000,100.0,6.074138605e-07,6.057804011e-05,13.2
0.4000,0.2500,12,0.1,1,0.5000,1000.0,0,6.057804011e-05,13.2
0.4000,0.2500,12,0.1,1,0.5000,10000.0,0,6.057804011e-05,13.2
0.4000,0.2500,12,0.1,1,0.5000,inf,0,6.057804011e-05,13.2
0.4000,0.2500,12,0.1,1,0.9000,100.0,7.555505857e-07,8.413413826e-08,13.2
0.4000,0.2500,12,0.1,1,0.9000,1000.0,0,8.413413826e-08,13.2
0.4000,0.2500,12,0.1,1,0.9000,10000.0,0,8.413413826e-08,13.2
0.4000,0.2500,12,0.1,1,0.9000,inf,0,8.413413826e-08,13.2
0.4000,0.4000,1,0.01,0.0166667,0.5000,100.0,0.5090035966,0.02159819516,1.01
0.4000,0.4000,1,0.01,0.0166667,0.5000,1000.0,0.001338916926,0.02159819516,1.01
0.4000,0.4000,1,0.01,0.0166667,0.5000,10000.0,0,0.02159819516,1.01
0.4000,0.4000,1,0.01,0.0166667,0.5000,inf,0,0.02159819516,1.01
0.4000,0.4000,1,0.01,0.0166667,0.9000,100.0,0.5139369793,0.01211529442,1.01
0.4000,0.4000,1,0.01,0.0166667,0.9000,1000.0,0.001351894024,0.01211529442,1.01
0.4000,0.4000,1,0.01,0.0166667,0.9000,10000.0,0,0.01211529442,1.01
0.4000,0.4000,1,0.01,0.0166667,0.9000,inf,0,0.01211529442,1.01
0.4000,0.4000,1,0.01,0.1,0.5000,100.0,0.0174725003,0.1186804152,1.01
0.4000,0.4000,1,0.01,0.1,0.5000,1000.0,0,0.1186804152,1.01
0.4000,0.4000,1,0.01,0.1,0.5000,10000.0,0,0.1186804152,1.01
0.4000,0.4000,1,0.01,0.1,0.5000,inf,0,0.1186804152,1.01
0.4000,0.4000,1,0.01,0.1,0.9000,100.0,0.01844543913,0.06960500903,1.01
0.4000,0.4000,1,0.01,0.1,0.9000,1000.0,0,0.06960500903,1.01
0.4000,0.4000,1,0.01,0.1,0.9000,10000.0,0,0.06960500903,1.01
0.4000,0.4000,1,0.01,0.1,0.9000,inf,0,0.06960500903,1.01
0.4000,0.4000,1,0.01,1,0.5000,100.0,0,0.6182857246,1.01
0.4000,0.4000,1,0.01,1,0.5000,1000.0,0,0.6182857246,1.01
0.4000,0.4000,1,0.01,1,0.5000,10000.0,0,0.6182857246,1.01
0.4000,0.4000,1,0.01,1,0.5000,inf,0,0.6182857246,1.01
0.4000,0.4000,1,0.01,1,0.9000,100.0,0,0.4736473582,1.01
0.4000,0.4000,1,0.01,1,0.9000,1000.0,0,0.4736473582,1.01
0.4000,0.4000,1,0.01,1,0.9000,10000.0,0,0.4736473582,1.01
0.4000,0.4000,1,0.01,1,0.9000,inf,0,0.4736473582,1.01
0.4000,0.4000,1,0.1,0.0166667,0.5000,100.0,0.5379117357,0.01986091342,1.1
0.4000,0.4000,1,0.1,0.0166667,0.5000,1000.0,0.002300551857,0.01986091342,1.1
0.4000,0.4000,1,0.1,0.0166667,0.5000,10000.0,0,0.01986091342,1.1
0.4000,0.4000,1,0.1,0.0166667,0.5000,inf,0,0.01986091342,1.1
0.4000,0.4000,1,0.1,0.0166667,0.9000,100.0,0.5427022075,0.01113210469,1.1
0.4000,0.4000,1,0.1,0.0166667,0.9000,1000.0,0.002321039845,0.01113210469,1.1
0.4000,0.4000,1,0.1,0.0166667,0.9000,10000.0,0,0.01113210469,1.1
0.4000,0.4000,1,0.1,0.0166667,0.9000,inf,0,0.01113210469,1.1
0.4000,0.4000,1,0.1,0.1,0.5000,100.0,0.02432141551,0.1098791332,1.1
0.4000,0.4000,1,0.1,0.1,0.5000,1000.0,0,0.1098791332,1.1
0.4000,0.4000,1,0.1,0.1,0.5000,10000.0,0,0.1098791332,1.1
0.4000,0.4000,1,0.1,0.1,0.5000,inf,0,0.1098791332,1.1
0.4000,0.4000,1,0.1,0.1,0.9000,100.0,0.02557013753,0.06417811191,1.1
0.4000,0.4000,1,0.1,0.1,0.9000,1000.0,0,0.06417811191,1.1
0.4000,0.4000,1,0.1,0.1,0.9000,10000.0,0,0.06417811191,1.1
0.4000,0.4000,1,0.1,0.1,0.9000,inf,0,0.06417811191,1.1
0.4000,0.4000,1,0.1,1,0.5000,100.0,0,0.5937992148,1.1
0.4000,0.4000,1,0.1,1,0.5000,1000.0,0,0.5937992148,1.1
0.4000,0.4000,1,0.1,1,0.5000,10000.0,0,0.5937992148,1.1
0.4000,0.4000,1,0.1,1,0.5000,inf,0,0.5937992148,1.1
0.4000,0.4000,1,0.1,1,0.9000,100.0,0,0.4481636678,1.1
0.4000,0.4000,1,0.1,1,0.9000,1000.0,0,0.4481636678,1.1
0.4000,0.4000,1,0.1,1,0.9000,10000.0,0,0.4481636678,1.1
0.4000,0.4000,1,0.1,1,0.9000,inf,0,0.4481636678,1.1
0.4000,0.4000,3,0.01,0.0166667,0.5000,100.0,0.9687365291,7.207987262e-06,3.03
0.4000,0.4000,3,0.01,0.0166667,0.5000,1000.0,0.03949781778,7.207987262e-06,3.03
0.4000,0.4000,3,0.01,0.0166667,0.5000,10000.0,0,7.207987262e-06,3.03
0.4000,0.4000,3,0.01,0.0166667,0.5000,inf,0,7.207987262e-06,3.03
0.4000,0.4000,3,0.01,0.0166667,0.9000,100.0,0.9698915201,9.055943273e-07,3.03
0.4000,0.4000,3,0.01,0.0166667,0.9000,1000.0,0.03978257076,9.055943273e-07,3.03
0.4000,0.4000,3,0.01,0.0166667,0.9000,10000.0,0,9.055943273e-07,3.03
0.4000,0.4000,3,0.01,0.0166667,0.9000,inf,0,9.055943273e-07,3.03
0.4000,0.4000,3,0.01,0.1,0.5000,100.0,0.2308990023,0.001199434463,3.03
0.4000,0.4000,3,0.01,0.1,0.5000,1000.0,0,0.001199434463,3.03
0.4000,0.4000,3,0.01,0.1,0.5000,10000.0,0,0.001199434463,3.03
0.4000,0.4000,3,0.01,0.1,0.5000,inf,0,0.001199434463,3.03
0.4000,0.4000,3,0.01,0.1,0.9000,100.0,0.2390541903,0.0001728339735,3.03
0.4000,0.4000,3,0.01,0.1,0.9000,1000.0,0,0.0001728339735,3.03
0.4000,0.4000,3,0.01,0.1,0.9000,10000.0,0,0.0001728339735,3.03
0.4000,0.4000,3,0.01,0.1,0.9000,inf,0,0.0001728339735,3.03
0.4000,0.4000,3,0.01,1,0.5000,100.0,0,0.1750484148,3.03
0.4000,0.4000,3,0.01,1,0.5000,1000.0,0,0.1750484148,3.03
0.4000,0.4000,3,0.01,1,0.5000,10000.0,0,0.1750484148,3.03
0.4000,0.4000,3,0.01,1,0.5000,inf,0,0.1750484148,3.03
0.4000,0.4000,3,0.01,1,0.9000,100.0,0,0.05832385154,3.03
0.4000,0.4000,3,0.01,1,0.9000,1000.0,0,0.05832385154,3.03
0.4000,0.4000,3,0.01,1,0.9000,10000.0,0,0.05832385154,3.03
0.4000,0.4000,3,0.01,1,0.9000,inf,0,0.05832385154,3.03
0.4000,0.4000,3,0.1,0.0166667,0.5000,100.0,0.9748092092,5.604519321e-06,3.3
0.4000,0.4000,3,0.1,0.0166667,0.5000,1000.0,0.05871969278,5.604519321e-06,3.3
0.4000,0.4000,3,0.1,0.0166667,0.5000,10000.0,0,5.604519321e-06,3.3
0.4000,0.4000,3,0.1,0.0166667,0.5000,inf,0,5.604519321e-06,3.3
0.4000,0.4000,3,0.1,0.0166667,0.9000,100.0,0.9757548186,7.024544701e-07,3.3
0.4000,0.4000,3,0.1,0.0166667,0.9000,1000.0,0.05909870363,7.024544701e-07,3.3
0.4000,0.4000,3,0.1,0.0166667,0.9000,10000.0,0,7.024544701e-07,3.3
0.4000,0.4000,3,0.1,0.0166667,0.9000,inf,0,7.024544701e-07,3.3
0.4000,0.4000,3,0.1,0.1,0.5000,100.0,0.2822542689,0.0009516113077,3.3
0.4000,0.4000,3,0.1,0.1,0.5000,1000.0,9.492975324e-14,0.0009516113077,3.3
0.4000,0.4000,3,0.1,0.1,0.5000,10000.0,0,0.0009516113077,3.3
0.4000,0.4000,3,0.1,0.1,0.5000,inf,0,0.0009516113077,3.3
0.4000,0.4000,3,0.1,0.1,0.9000,100.0,0.2910828294,0.0001353929336,3.3
0.4000,0.4000,3,0.1,0.1,0.9000,1000.0,1.000047287e-13,0.0001353929336,3.3
0.4000,0.4000,3,0.1,0.1,0.9000,10000.0,0,0.0001353929336,3.3
0.4000,0.4000,3,0.1,0.1,0.9000,inf,0,0.0001353929336,3.3
0.4000,0.4000,3,0.1,1,0.5000,100.0,6.210748905e-14,0.1546197009,3.3
0.4000,0.4000,3,0.1,1,0.5000,1000.0,0,0.1546197009,3.3
0.4000,0.4000,3,0.1,1,0.5000,10000.0,0,0.1546197009,3.3
0.4000,0.4000,3,0.1,1,0.5000,inf,0,0.1546197009,3.3
0.4000,0.4000,3,0.1,1,0.9000,100.0,8.520708366e-14,0.04910264977,3.3
0.4000,0.4000,3,0.1,1,0.9000,1000.0,0,0.04910264977,3.3
0.4000,0.4000,3,0.1,1,0.9000,10000.0,0,0.04910264977,3.3
0.4000,0.4000,3,0.1,1,0.9000,inf,0,0.04910264977,3.3
0.4000,0.4000,6,0.01,0.0166667,0.5000,100.0,0.99992511,4.323718531e-11,6.06
0.4000,0.4000,6,0.01,0.0166667,0.5000,1000.0,0.3524030995,4.323718531e-11,6.06
0.4000,0.4000,6,0.01,0.0166667,0.5000,10000.0,0,4.323718531e-11,6.06
0.4000,0.4000,6,0.01,0.0166667,0.5000,inf,0,4.323718531e-11,6.06
0.4000,0.4000,6,0.01,0.0166667,0.9000,100.0,0.9999313196,5.420020659e-13,6.06
0.4000,0.4000,6,0.01,0.0166667,0.9000,1000.0,0.3537829364,5.420020659e-13,6.06
0.4000,0.4000,6,0.01,0.0166667,0.9000,10000.0,0,5.420020659e-13,6.06
0.4000,0.4000,6,0.01,0.0166667,0.9000,inf,0,5.420020659e-13,6.06
0.4000,0.4000,6,0.01,0.1,0.5000,100.0,0.7766163868,1.197227257e-06,6.06
0.4000,0.4000,6,0.01,0.1,0.5000,1000.0,5.402367062e-12,1.197227257e-06,6.06
0.4000,0.4000,6,0.01,0.1,0.5000,10000.0,0,1.197227257e-06,6.06
0.4000,0.4000,6,0.01,0.1,0.5000,inf,0,1.197227257e-06,6.06
0.4000,0.4000,6,0.01,0.1,0.9000,100.0,0.7859998471,1.973989579e-08,6.06
0.4000,0.4000,6,0.01,0.1,0.9000,1000.0,5.668496243e-12,1.973989579e-08,6.06
0.4000,0.4000,6,0.01,0.1,0.9000,10000.0,0,1.973989579e-08,6.06
0.4000,0.4000,6,0.01,0.1,0.9000,inf,0,1.973989579e-08,6.06
0.4000,0.4000,6,0.01,1,0.5000,100.0,3.460754673e-12,0.02549179173,6.06
0.4000,0.4000,6,0.01,1,0.5000,1000.0,0,0.02549179173,6.06
0.4000,0.4000,6,0.01,1,0.5000,10000.0,0,0.02549179173,6.06
0.4000,0.4000,6,0.01,1,0.5000,inf,0,0.02549179173,6.06
0.4000,0.4000,6,0.01,1,0.9000,100.0,4.668340427e-12,0.002244280426,6.06
0.4000,0.4000,6,0.01,1,0.9000,1000.0,0,0.002244280426,6.06
0.4000,0.4000,6,0.01,1,0.9000,10000.0,0,0.002244280426,6.06
0.4000,0.4000,6,0.01,1,0.9000,inf,0,0.002244280426,6.06
0.4000,0.4000,6,0.1,0.0166667,0.5000,100.0,0.9999529663,2.614003846e-11,6.6
0.4000,0.4000,6,0.1,0.0166667,0.5000,1000.0,0.4337535061,2.614003846e-11,6.6
0.4000,0.4000,6,0.1,0.0166667,0.5000,10000.0,0,2.614003846e-11,6.6
0.4000,0.4000,6,0.1,0.0166667,0.5000,inf,0,2.614003846e-11,6.6
0.4000,0.4000,6,0.1,0.0166667,0.9000,100.0,0.9999569023,3.261149121e-13,6.6
0.4000,0.4000,6,0.1,0.0166667,0.9000,1000.0,0.4351751921,3.261149121e-13,6.6
0.4000,0.4000,6,0.1,0.0166667,0.9000,10000.0,0,3.261149121e-13,6.6
0.4000,0.4000,6,0.1,0.0166667,0.9000,inf,0,3.261149121e-13,6.6
0.4000,0.4000,6,0.1,0.1,0.5000,100.0,0.8268051679,7.536042766e-07,6.6
0.4000,0.4000,6,0.1,0.1,0.5000,1000.0,9.191935791e-11,7.536042766e-07,6.6
0.4000,0.4000,6,0.1,0.1,0.5000,10000.0,0,7.536042766e-07,6.6
0.4000,0.4000,6,0.1,0.1,0.5000,inf,0,7.536042766e-07,6.6
0.4000,0.4000,6,0.1,0.1,0.9000,100.0,0.8346750858,1.211388283e-08,6.6
0.4000,0.4000,6,0.1,0.1,0.9000,1000.0,9.603737533e-11,1.211388283e-08,6.6
0.4000,0.4000,6,0.1,0.1,0.9000,10000.0,0,1.211388283e-08,6.6
0.4000,0.4000,6,0.1,0.1,0.9000,inf,0,1.211388283e-08,6.6
0.4000,0.4000,6,0.1,1,0.5000,100.0,6.040498065e-11,0.01988991753,6.6
0.4000,0.4000,6,0.1,1,0.5000,1000.0,0,0.01988991753,6.6
0.4000,0.4000,6,0.1,1,0.5000,10000.0,0,0.01988991753,6.6
0.4000,0.4000,6,0.1,1,0.5000,inf,0,0.01988991753,6.6
0.4000,0.4000,6,0.1,1,0.9000,100.0,8.010886324e-11,0.00159100809,6.6
0.4000,0.4000,6,0.1,1,0.9000,1000.0,0,0.00159100809,6.6
0.4000,0.4000,6,0.1,1,0.9000,10000.0,0,0.00159100809,6.6
0.4000,0.4000,6,0.1,1,0.9000,inf,0,0.00159100809,6.6
0.4000,0.4000,12,0.01,0.0166667,0.5000,100.0,1,1.555837434e-21,12.12
0.4000,0.4000,12,0.01,0.0166667,0.5000,1000.0,0.9621355932,1.555837434e-21,12.12
0.4000,0.4000,12,0.01,0.0166667,0.5000,10000.0,0,1.555837434e-21,12.12
0.4000,0.4000,12,0.01,0.0166667,0.5000,inf,0,1.555837434e-21,12.12
0.4000,0.4000,12,0.01,0.0166667,0.9000,100.0,1,1.94322953e-25,12.12
0.4000,0.4000,12,0.01,0.0166667,0.9000,1000.0,0.9624863319,1.94322953e-25,12.12
0.4000,0.4000,12,0.01,0.0166667,0.9000,10000.0,0,1.94322953e-25,12.12
0.4000,0.4000,12,0.01,0.0166667,0.9000,inf,0,1.94322953e-25,12.12
0.4000,0.4000,12,0.01,0.1,0.5000,100.0,0.9989538739,1.192895996e-12,12.12
0.4000,0.4000,12,0.01,0.1,0.5000,1000.0,7.623521703e-08,1.192895996e-12,12.12
0.4000,0.4000,12,0.01,0.1,0.5000,10000.0,0,1.192895996e-12,12.12
0.4000,0.4000,12,0.01,0.1,0.5000,inf,0,1.192895996e-12,12.12
0.4000,0.4000,12,0.01,0.1,0.9000,100.0,0.9990916605,2.577579739e-16,12.12
0.4000,0.4000,12,0.01,0.1,0.9000,1000.0,7.938583011e-08,2.577579739e-16,12.12
0.4000,0.4000,12,0.01,0.1,0.9000,10000.0,0,2.577579739e-16,12.12
0.4000,0.4000,12,0.01,0.1,0.9000,inf,0,2.577579739e-16,12.12
0.4000,0.4000,12,0.01,1,0.5000,100.0,5.11624302e-08,0.0005408169637,12.12
0.4000,0.4000,12,0.01,1,0.5000,1000.0,0,0.0005408169637,12.12
0.4000,0.4000,12,0.01,1,0.5000,10000.0,0,0.0005408169637,12.12
0.4000,0.4000,12,0.01,1,0.5000,inf,0,0.0005408169637,12.12
0.4000,0.4000,12,0.01,1,0.9000,100.0,6.693738143e-08,3.331835673e-06,12.12
0.4000,0.4000,12,0.01,1,0.9000,1000.0,0,3.331835673e-06,12.12
0.4000,0.4000,12,0.01,1,0.9000,10000.0,0,3.331835673e-06,12.12
0.4000,0.4000,12,0.01,1,0.9000,inf,0,3.331835673e-06,12.12
0.4000,0.4000,12,0.1,0.0166667,0.5000,100.0,1,5.686719836e-22,13.2
0.4000,0.4000,12,0.1,0.0166667,0.5000,1000.0,0.9781682105,5.686719836e-22,13.2
0.4000,0.4000,12,0.1,0.0166667,0.5000,10000.0,0,5.686719836e-22,13.2
0.4000,0.4000,12,0.1,0.0166667,0.5000,inf,0,5.686719836e-22,13.2
0.4000,0.4000,12,0.1,0.0166667,0.9000,100.0,1,7.034990759e-26,13.2
0.4000,0.4000,12,0.1,0.0166667,0.9000,1000.0,0.978384754,7.034990759e-26,13.2
0.4000,0.4000,12,0.1,0.0166667,0.9000,10000.0,0,7.034990759e-26,13.2
0.4000,0.4000,12,0.1,0.0166667,0.9000,inf,0,7.034990759e-26,13.2
0.4000,0.4000,12,0.1,0.1,0.5000,100.0,0.9994929879,4.726461212e-13,13.2
0.4000,0.4000,12,0.1,0.1,0.5000,1000.0,7.913862636e-07,4.726461212e-13,13.2
0.4000,0.4000,12,0.1,0.1,0.5000,10000.0,0,4.726461212e-13,13.2
0.4000,0.4000,12,0.1,0.1,0.5000,inf,0,4.726461212e-13,13.2
0.4000,0.4000,12,0.1,0.1,0.9000,100.0,0.999562377,9.70709134e-17,13.2
0.4000,0.4000,12,0.1,0.1,0.9000,1000.0,8.206038376e-07,9.70709134e-17,13.2
0.4000,0.4000,12,0.1,0.1,0.9000,10000.0,0,9.70709134e-17,13.2
0.4000,0.4000,12,0.1,0.1,0.9000,inf,0,9.70709134e-17,13.2
0.4000,0.4000,12,0.1,1,0.5000,100.0,5.469735085e-07,0.0003292422019,13.2
0.4000,0.4000,12,0.1,1,0.5000,1000.0,0,0.0003292422019,13.2
0.4000,0.4000,12,0.1,1,0.5000,10000.0,0,0.0003292422019,13.2
0.4000,0.4000,12,0.1,1,0.5000,inf,0,0.0003292422019,13.2
0.4000,0.4000,12,0.1,1,0.9000,100.0,7.021008179e-07,1.674452677e-06,13.2
0.4000,0.4000,12,0.1,1,0.9000,1000.0,0,1.674452677e-06,13.2
0.4000,0.4000,12,0.1,1,0.9000,10000.0,0,1.674452677e-06,13.2
0.4000,0.4000,12,0.1,1,0.9000,inf,0,1.674452677e-06,13.2
0.4000,0.4500,1,0.01,0.0166667,0.5000,100.0,0.5080061406,0.02351549542,1.01
0.4000,0.4500,1,0.01,0.0166667,0.5000,1000.0,0.001336293152,0.02351549542,1.01
0.4000,0.4500,1,0.01,0.0166667,0.5000,10000.0,0,0.02351549542,1.01
0.4000,0.4500,1,0.01,0.0166667,0.5000,inf,0,0.02351549542,1.01
0.4000,0.4500,1,0.01,0.0166667,0.9000,100.0,0.5133715568,0.01320214411,1.01
0.4000,0.4500,1,0.01,0.0166667,0.9000,1000.0,0.001350406699,0.01320214411,1.01
0.4000,0.4500,1,0.01,0.0166667,0.9000,10000.0,0,0.01320214411,1.01
0.4000,0.4500,1,0.01,0.0166667,0.9000,inf,0,0.01320214411,1.01
0.4000,0.4500,1,0.01,0.1,0.5000,100.0,0.01728599942,0.1280875903,1.01
0.4000,0.4500,1,0.01,0.1,0.5000,1000.0,0,0.1280875903,1.01
0.4000,0.4500,1,0.01,0.1,0.5000,10000.0,0,0.1280875903,1.01
0.4000,0.4500,1,0.01,0.1,0.5000,inf,0,0.1280875903,1.01
0.4000,0.4500,1,0.01,0.1,0.9000,100.0,0.01832945532,0.07545527665,1.01
0.4000,0.4500,1,0.01,0.1,0.9000,1000.0,0,0.07545527665,1.01
0.4000,0.4500,1,0.01,0.1,0.9000,10000.0,0,0.07545527665,1.01
0.4000,0.4500,1,0.01,0.1,0.9000,inf,0,0.07545527665,1.01
0.4000,0.4500,1,0.01,1,0.5000,100.0,0,0.6385992625,1.01
0.4000,0.4500,1,0.01,1,0.5000,1000.0,0,0.6385992625,1.01
0.4000,0.4500,1,0.01,1,0.5000,10000.0,0,0.6385992625,1.01
0.4000,0.4500,1,0.01,1,0.5000,inf,0,0.6385992625,1.01
0.4000,0.4500,1,0.01,1,0.9000,100.0,0,0.4953758923,1.01
0.4000,0.4500,1,0.01,1,0.9000,1000.0,0,0.4953758923,1.01
0.4000,0.4500,1,0.01,1,0.9000,10000.0,0,0.4953758923,1.01
0.4000,0.4500,1,0.01,1,0.9000,inf,0,0.4953758923,1.01
0.4000,0.4500,1,0.1,0.0166667,0.5000,100.0,0.5369422663,0.02162740192,1.1
0.4000,0.4500,1,0.1,0.0166667,0.5000,1000.0,0.002296405611,0.02162740192,1.1
0.4000,0.4500,1,0.1,0.0166667,0.5000,10000.0,0,0.02162740192,1.1
0.4000,0.4500,1,0.1,0.0166667,0.5000,inf,0,0.02162740192,1.1
0.4000,0.4500,1,0.1,0.0166667,0.9000,100.0,0.542153543,0.01213183667,1.1
0.4000,0.4500,1,0.1,0.0166667,0.9000,1000.0,0.002318693305,0.01213183667,1.1
0.4000,0.4500,1,0.1,0.0166667,0.9000,10000.0,0,0.01213183667,1.1
0.4000,0.4500,1,0.1,0.0166667,0.9000,inf,0,0.01213183667,1.1
0.4000,0.4500,1,0.1,0.1,0.5000,100.0,0.02408087139,0.1186826231,1.1
0.4000,0.4500,1,0.1,0.1,0.5000,1000.0,0,0.1186826231,1.1
0.4000,0.4500,1,0.1,0.1,0.5000,10000.0,0,0.1186826231,1.1
0.4000,0.4500,1,0.1,0.1,0.5000,inf,0,0.1186826231,1.1
0.4000,0.4500,1,0.1,0.1,0.9000,100.0,0.02542181715,0.0696063761,1.1
0.4000,0.4500,1,0.1,0.1,0.9000,1000.0,0,0.0696063761,1.1
0.4000,0.4500,1,0.1,0.1,0.9000,10000.0,0,0.0696063761,1.1
0.4000,0.4500,1,0.1,0.1,0.9000,inf,0,0.0696063761,1.1
0.4000,0.4500,1,0.1,1,0.5000,100.0,0,0.6146035864,1.1
0.4000,0.4500,1,0.1,1,0.5000,1000.0,0,0.6146035864,1.1
0.4000,0.4500,1,0.1,1,0.5000,10000.0,0,0.6146035864,1.1
0.4000,0.4500,1,0.1,1,0.5000,inf,0,0.6146035864,1.1
0.4000,0.4500,1,0.1,1,0.9000,100.0,0,0.4697665206,1.1
0.4000,0.4500,1,0.1,1,0.9000,1000.0,0,0.4697665206,1.1
0.4000,0.4500,1,0.1,1,0.9000,10000.0,0,0.4697665206,1.1
0.4000,0.4500,1,0.1,1,0.9000,inf,0,0.4697665206,1.1
0.4000,0.4500,3,0.01,0.0166667,0.5000,100.0,0.9684949723,9.596573793e-06,3.03
0.4000,0.4500,3,0.01,0.0166667,0.5000,1000.0,0.03944004559,9.596573793e-06,3.03
0.4000,0.4500,3,0.01,0.0166667,0.5000,10000.0,0,9.596573793e-06,3.03
0.4000,0.4500,3,0.01,0.0166667,0.5000,inf,0,9.596573793e-06,3.03
0.4000,0.4500,3,0.01,0.0166667,0.9000,100.0,0.96976245,1.257435756e-06,3.03
0.4000,0.4500,3,0.01,0.0166667,0.9000,1000.0,0.03975001791,1.257435756e-06,3.03
0.4000,0.4500,3,0.01,0.0166667,0.9000,10000.0,0,1.257435756e-06,3.03
0.4000,0.4500,3,0.01,0.0166667,0.9000,inf,0,1.257435756e-06,3.03
0.4000,0.4500,3,0.01,0.1,0.5000,100.0,0.2292889849,0.001554988023,3.03
0.4000,0.4500,3,0.01,0.1,0.5000,1000.0,0,0.001554988023,3.03
0.4000,0.4500,3,0.01,0.1,0.5000,10000.0,0,0.001554988023,3.03
0.4000,0.4500,3,0.01,0.1,0.5000,inf,0,0.001554988023,3.03
0.4000,0.4500,3,0.01,0.1,0.9000,100.0,0.2381032329,0.0002360834268,3.03
0.4000,0.4500,3,0.01,0.1,0.9000,1000.0,0,0.0002360834268,3.03
0.4000,0.4500,3,0.01,0.1,0.9000,10000.0,0,0.0002360834268,3.03
0.4000,0.4500,3,0.01,0.1,0.9000,inf,0,0.0002360834268,3.03
0.4000,0.4500,3,0.01,1,0.5000,100.0,0,0.1982861739,3.03
0.4000,0.4500,3,0.01,1,0.5000,1000.0,0,0.1982861739,3.03
0.4000,0.4500,3,0.01,1,0.5000,10000.0,0,0.1982861739,3.03
0.4000,0.4500,3,0.01,1,0.5000,inf,0,0.1982861739,3.03
0.4000,0.4500,3,0.01,1,0.9000,100.0,0,0.07096468995,3.03
0.4000,0.4500,3,0.01,1,0.9000,1000.0,0,0.07096468995,3.03
0.4000,0.4500,3,0.01,1,0.9000,10000.0,0,0.07096468995,3.03
0.4000,0.4500,3,0.01,1,0.9000,inf,0,0.07096468995,3.03
0.4000,0.4500,3,0.1,0.0166667,0.5000,100.0,0.9746112417,7.465312764e-06,3.3
0.4000,0.4500,3,0.1,0.0166667,0.5000,1000.0,0.05864272434,7.465312764e-06,3.3
0.4000,0.4500,3,0.1,0.0166667,0.5000,10000.0,0,7.465312764e-06,3.3
0.4000,0.4500,3,0.1,0.0166667,0.5000,inf,0,7.465312764e-06,3.3
0.4000,0.4500,3,0.1,0.0166667,0.9000,100.0,0.9756492259,9.756455179e-07,3.3
0.4000,0.4500,3,0.1,0.0166667,0.9000,1000.0,0.0590554054,9.756455179e-07,3.3
0.4000,0.4500,3,0.1,0.0166667,0.9000,10000.0,0,9.756455179e-07,3.3
0.4000,0.4500,3,0.1,0.0166667,0.9000,inf,0,9.756455179e-07,3.3
0.4000,0.4500,3,0.1,0.1,0.5000,100.0,0.2805020487,0.001236671045,3.3
0.4000,0.4500,3,0.1,0.1,0.5000,1000.0,9.394798075e-14,0.001236671045,3.3
0.4000,0.4500,3,0.1,0.1,0.5000,10000.0,0,0.001236671045,3.3
0.4000,0.4500,3,0.1,0.1,0.5000,inf,0,0.001236671045,3.3
0.4000,0.4500,3,0.1,0.1,0.9000,100.0,0.2900573773,0.0001852267954,3.3
0.4000,0.4500,3,0.1,0.1,0.9000,1000.0,9.940419201e-14,0.0001852267954,3.3
0.4000,0.4500,3,0.1,0.1,0.9000,10000.0,0,0.0001852267954,3.3
0.4000,0.4500,3,0.1,0.1,0.9000,inf,0,0.0001852267954,3.3
0.4000,0.4500,3,0.1,1,0.5000,100.0,5.879820551e-14,0.1763071255,3.3
0.4000,0.4500,3,0.1,1,0.5000,1000.0,0,0.1763071255,3.3
0.4000,0.4500,3,0.1,1,0.5000,10000.0,0,0.1763071255,3.3
0.4000,0.4500,3,0.1,1,0.5000,inf,0,0.1763071255,3.3
0.4000,0.4500,3,0.1,1,0.9000,100.0,8.179824971e-14,0.06018864817,3.3
0.4000,0.4500,3,0.1,1,0.9000,1000.0,0,0.06018864817,3.3
0.4000,0.4500,3,0.1,1,0.9000,10000.0,0,0.06018864817,3.3
0.4000,0.4500,3,0.1,1,0.9000,inf,0,0.06018864817,3.3
0.4000,0.4500,6,0.01,0.0166667,0.5000,100.0,0.9999237363,7.8076131e-11,6.06
0.4000,0.4500,6,0.01,0.0166667,0.5000,1000.0,0.352121679,7.8076131e-11,6.06
0.4000,0.4500,6,0.01,0.0166667,0.5000,10000.0,0,7.8076131e-11,6.06
0.4000,0.4500,6,0.01,0.0166667,0.5000,inf,0,7.8076131e-11,6.06
0.4000,0.4500,6,0.01,0.0166667,0.9000,100.0,0.9999306542,1.101443756e-12,6.06
0.4000,0.4500,6,0.01,0.0166667,0.9000,1000.0,0.3536258027,1.101443756e-12,6.06
0.4000,0.4500,6,0.01,0.0166667,0.9000,10000.0,0,1.101443756e-12,6.06
0.4000,0.4500,6,0.01,0.0166667,0.9000,inf,0,1.101443756e-12,6.06
0.4000,0.4500,6,0.01,0.1,0.5000,100.0,0.7746717106,2.049913738e-06,6.06
0.4000,0.4500,6,0.01,0.1,0.5000,1000.0,5.350966252e-12,2.049913738e-06,6.06
0.4000,0.4500,6,0.01,0.1,0.5000,10000.0,0,2.049913738e-06,6.06
0.4000,0.4500,6,0.01,0.1,0.5000,inf,0,2.049913738e-06,6.06
0.4000,0.4500,6,0.01,0.1,0.9000,100.0,0.7849447904,3.882287888e-08,6.06
0.4000,0.4500,6,0.01,0.1,0.9000,1000.0,5.636948113e-12,3.882287888e-08,6.06
0.4000,0.4500,6,0.01,0.1,0.9000,10000.0,0,3.882287888e-08,6.06
0.4000,0.4500,6,0.01,0.1,0.9000,inf,0,3.882287888e-08,6.06
0.4000,0.4500,6,0.01,1,0.5000,100.0,3.286711978e-12,0.03332372012,6.06
0.4000,0.4500,6,0.01,1,0.5000,1000.0,0,0.03332372012,6.06
0.4000,0.4500,6,0.01,1,0.5000,10000.0,0,0.03332372012,6.06
0.4000,0.4500,6,0.01,1,0.5000,inf,0,0.03332372012,6.06
0.4000,0.4500,6,0.01,1,0.9000,100.0,4.490410612e-12,0.003503466957,6.06
0.4000,0.4500,6,0.01,1,0.9000,1000.0,0,0.003503466957,6.06
0.4000,0.4500,6,0.01,1,0.9000,10000.0,0,0.003503466957,6.06
0.4000,0.4500,6,0.01,1,0.9000,inf,0,0.003503466957,6.06
0.4000,0.4500,6,0.1,0.0166667,0.5000,100.0,0.9999520946,4.724783901e-11,6.6
0.4000,0.4500,6,0.1,0.0166667,0.5000,1000.0,0.4334632726,4.724783901e-11,6.6
0.4000,0.4500,6,0.1,0.0166667,0.5000,10000.0,0,4.724783901e-11,6.6
0.4000,0.4500,6,0.1,0.0166667,0.5000,inf,0,4.724783901e-11,6.6
0.4000,0.4500,6,0.1,0.0166667,0.9000,100.0,0.9999564809,6.630943922e-13,6.6
0.4000,0.4500,6,0.1,0.0166667,0.9000,1000.0,0.4350134068,6.630943922e-13,6.6
0.4000,0.4500,6,0.1,0.0166667,0.9000,10000.0,0,6.630943922e-13,6.6
0.4000,0.4500,6,0.1,0.0166667,0.9000,inf,0,6.630943922e-13,6.6
0.4000,0.4500,6,0.1,0.1,0.5000,100.0,0.8251644002,1.296553198e-06,6.6
0.4000,0.4500,6,0.1,0.1,0.5000,1000.0,9.111999227e-11,1.296553198e-06,6.6
0.4000,0.4500,6,0.1,0.1,0.5000,10000.0,0,1.296553198e-06,6.6
0.4000,0.4500,6,0.1,0.1,0.5000,inf,0,1.296553198e-06,6.6
0.4000,0.4500,6,0.1,0.1,0.9000,100.0,0.8337941065,2.389834454e-08,6.6
0.4000,0.4500,6,0.1,0.1,0.9000,1000.0,9.555101197e-11,2.389834454e-08,6.6
0.4000,0.4500,6,0.1,0.1,0.9000,10000.0,0,2.389834454e-08,6.6
0.4000,0.4500,6,0.1,0.1,0.9000,inf,0,2.389834454e-08,6.6
0.4000,0.4500,6,0.1,1,0.5000,100.0,5.75102215e-11,0.02634659015,6.6
0.4000,0.4500,6,0.1,1,0.5000,1000.0,0,0.02634659015,6.6
0.4000,0.4500,6,0.1,1,0.5000,10000.0,0,0.02634659015,6.6
0.4000,0.4500,6,0.1,1,0.5000,inf,0,0.02634659015,6.6
0.4000,0.4500,6,0.1,1,0.9000,100.0,7.724683247e-11,0.002520607285,6.6
0.4000,0.4500,6,0.1,1,0.9000,1000.0,0,0.002520607285,6.6
0.4000,0.4500,6,0.1,1,0.9000,10000.0,0,0.002520607285,6.6
0.4000,0.4500,6,0.1,1,0.9000,inf,0,0.002520607285,6.6
0.4000,0.4500,12,0.01,0.0166667,0.5000,100.0,1,5.168158291e-21,12.12
0.4000,0.4500,12,0.01,0.0166667,0.5000,1000.0,0.96206329,5.168158291e-21,12.12
0.4000,0.4500,12,0.01,0.0166667,0.5000,10000.0,0,5.168158291e-21,12.12
0.4000,0.4500,12,0.01,0.0166667,0.5000,inf,0,5.168158291e-21,12.12
0.4000,0.4500,12,0.01,0.0166667,0.9000,100.0,1,8.455842893e-25,12.12
0.4000,0.4500,12,0.01,0.0166667,0.9000,1000.0,0.962446704,8.455842893e-25,12.12
0.4000,0.4500,12,0.01,0.0166667,0.9000,10000.0,0,8.455842893e-25,12.12
0.4000,0.4500,12,0.01,0.0166667,0.9000,inf,0,8.455842893e-25,12.12
0.4000,0.4500,12,0.01,0.1,0.5000,100.0,0.9989217976,3.562627462e-12,12.12
0.4000,0.4500,12,0.01,0.1,0.5000,1000.0,7.562102514e-08,3.562627462e-12,12.12
0.4000,0.4500,12,0.01,0.1,0.5000,10000.0,0,3.562627462e-12,12.12
0.4000,0.4500,12,0.01,0.1,0.5000,inf,0,3.562627462e-12,12.12
0.4000,0.4500,12,0.01,0.1,0.9000,100.0,0.9990774669,1.050528427e-15,12.12
0.4000,0.4500,12,0.01,0.1,0.9000,1000.0,7.901489638e-08,1.050528427e-15,12.12
0.4000,0.4500,12,0.01,0.1,0.9000,10000.0,0,1.050528427e-15,12.12
0.4000,0.4500,12,0.01,0.1,0.9000,inf,0,1.050528427e-15,12.12
0.4000,0.4500,12,0.01,1,0.5000,100.0,4.880699482e-08,0.0009414696451,12.12
0.4000,0.4500,12,0.01,1,0.5000,1000.0,0,0.0009414696451,12.12
0.4000,0.4500,12,0.01,1,0.5000,10000.0,0,0.0009414696451,12.12
0.4000,0.4500,12,0.01,1,0.5000,inf,0,0.0009414696451,12.12
0.4000,0.4500,12,0.01,1,0.9000,100.0,6.46739442e-08,8.555238121e-06,12.12
0.4000,0.4500,12,0.01,1,0.9000,1000.0,0,8.555238121e-06,12.12
0.4000,0.4500,12,0.01,1,0.9000,10000.0,0,8.555238121e-06,12.12
0.4000,0.4500,12,0.01,1,0.9000,inf,0,8.555238121e-06,12.12
0.4000,0.4500,12,0.1,0.0166667,0.5000,100.0,1,1.89261875e-21,13.2
0.4000,0.4500,12,0.1,0.0166667,0.5000,1000.0,0.9781235271,1.89261875e-21,13.2
0.4000,0.4500,12,0.1,0.0166667,0.5000,10000.0,0,1.89261875e-21,13.2
0.4000,0.4500,12,0.1,0.0166667,0.5000,inf,0,1.89261875e-21,13.2
0.4000,0.4500,12,0.1,0.0166667,0.9000,100.0,1,3.064664685e-25,13.2
0.4000,0.4500,12,0.1,0.0166667,0.9000,1000.0,0.9783603057,3.064664685e-25,13.2
0.4000,0.4500,12,0.1,0.0166667,0.9000,10000.0,0,3.064664685e-25,13.2
0.4000,0.4500,12,0.1,0.0166667,0.9000,inf,0,3.064664685e-25,13.2
0.4000,0.4500,12,0.1,0.1,0.5000,100.0,0.9994767092,1.425213478e-12,13.2
0.4000,0.4500,12,0.1,0.1,0.5000,1000.0,7.856611306e-07,1.425213478e-12,13.2
0.4000,0.4500,12,0.1,0.1,0.5000,10000.0,0,1.425213478e-12,13.2
0.4000,0.4500,12,0.1,0.1,0.5000,inf,0,1.425213478e-12,13.2
0.4000,0.4500,12,0.1,0.1,0.9000,100.0,0.9995552699,3.980778031e-16,13.2
0.4000,0.4500,12,0.1,0.1,0.9000,1000.0,8.171769709e-07,3.980778031e-16,13.2
0.4000,0.4500,12,0.1,0.1,0.9000,10000.0,0,3.980778031e-16,13.2
0.4000,0.4500,12,0.1,0.1,0.9000,inf,0,3.980778031e-16,13.2
0.4000,0.4500,12,0.1,1,0.5000,100.0,5.23289332e-07,0.0005885022975,13.2
0.4000,0.4500,12,0.1,1,0.5000,1000.0,0,0.0005885022975,13.2
0.4000,0.4500,12,0.1,1,0.5000,10000.0,0,0.0005885022975,13.2
0.4000,0.4500,12,0.1,1,0.5000,inf,0,0.0005885022975,13.2
0.4000,0.4500,12,0.1,1,0.9000,100.0,6.802100105e-07,4.428388567e-06,13.2
0.4000,0.4500,12,0.1,1,0.9000,1000.0,0,4.428388567e-06,13.2
0.4000,0.4500,12,0.1,1,0.9000,10000.0,0,4.428388567e-06,13.2
0.4000,0.4500,12,0.1,1,0.9000,inf,0,4.428388567e-06,13.2
0.4000,0.5000,1,0.01,0.0166667,0.5000,100.0,0.5068143416,0.02580636003,1.01
0.4000,0.5000,1,0.01,0.0166667,0.5000,1000.0,0.001333158164,0.02580636003,1.01
0.4000,0.5000,1,0.01,0.0166667,0.5000,10000.0,0,0.02580636003,1.01
0.4000,0.5000,1,0.01,0.0166667,0.5000,inf,0,0.02580636003,1.01
0.4000,0.5000,1,0.01,0.0166667,0.9000,100.0,0.5126946899,0.01450321117,1.01
0.4000,0.5000,1,0.01,0.0166667,0.9000,1000.0,0.001348626224,0.01450321117,1.01
0.4000,0.5000,1,0.01,0.0166667,0.9000,10000.0,0,0.01450321117,1.01
0.4000,0.5000,1,0.01,0.0166667,0.9000,inf,0,0.01450321117,1.01
0.4000,0.5000,1,0.01,0.1,0.5000,100.0,0.01706738737,0.1391144657,1.01
0.4000,0.5000,1,0.01,0.1,0.5000,1000.0,0,0.1391144657,1.01
0.4000,0.5000,1,0.01,0.1,0.5000,10000.0,0,0.1391144657,1.01
0.4000,0.5000,1,0.01,0.1,0.5000,inf,0,0.1391144657,1.01
0.4000,0.5000,1,0.01,0.1,0.9000,100.0,0.01819218568,0.08237920971,1.01
0.4000,0.5000,1,0.01,0.1,0.9000,1000.0,0,0.08237920971,1.01
0.4000,0.5000,1,0.01,0.1,0.9000,10000.0,0,0.08237920971,1.01
0.4000,0.5000,1,0.01,0.1,0.9000,inf,0,0.08237920971,1.01
0.4000,0.5000,1,0.01,1,0.5000,100.0,0,0.6602929309,1.01
0.4000,0.5000,1,0.01,1,0.5000,1000.0,0,0.6602929309,1.01
0.4000,0.5000,1,0.01,1,0.5000,10000.0,0,0.6602929309,1.01
0.4000,0.5000,1,0.01,1,0.5000,inf,0,0.6602929309,1.01
0.4000,0.5000,1,0.01,1,0.9000,100.0,0,0.5191938689,1.01
0.4000,0.5000,1,0.01,1,0.9000,1000.0,0,0.5191938689,1.01
0.4000,0.5000,1,0.01,1,0.9000,10000.0,0,0.5191938689,1.01
0.4000,0.5000,1,0.01,1,0.9000,inf,0,0.5191938689,1.01
0.4000,0.5000,1,0.1,0.0166667,0.5000,100.0,0.5357835057,0.02373880125,1.1
0.4000,0.5000,1,0.1,0.0166667,0.5000,1000.0,0.0022914498,0.02373880125,1.1
0.4000,0.5000,1,0.1,0.0166667,0.5000,10000.0,0,0.02373880125,1.1
0.4000,0.5000,1,0.1,0.0166667,0.5000,inf,0,0.02373880125,1.1
0.4000,0.5000,1,0.1,0.0166667,0.9000,100.0,0.5414966081,0.01332884999,1.1
0.4000,0.5000,1,0.1,0.0166667,0.9000,1000.0,0.002315883713,0.01332884999,1.1
0.4000,0.5000,1,0.1,0.0166667,0.9000,10000.0,0,0.01332884999,1.1
0.4000,0.5000,1,0.1,0.0166667,0.9000,inf,0,0.01332884999,1.1
0.4000,0.5000,1,0.1,0.1,0.5000,100.0,0.02379842544,0.1290196465,1.1
0.4000,0.5000,1,0.1,0.1,0.5000,1000.0,0,0.1290196465,1.1
0.4000,0.5000,1,0.1,0.1,0.5000,10000.0,0,0.1290196465,1.1
0.4000,0.5000,1,0.1,0.1,0.5000,inf,0,0.1290196465,1.1
0.4000,0.5000,1,0.1,0.1,0.9000,100.0,0.02524608827,0.07603774254,1.1
0.4000,0.5000,1,0.1,0.1,0.9000,1000.0,0,0.07603774254,1.1
0.4000,0.5000,1,0.1,0.1,0.9000,10000.0,0,0.07603774254,1.1
0.4000,0.5000,1,0.1,0.1,0.9000,inf,0,0.07603774254,1.1
0.4000,0.5000,1,0.1,1,0.5000,100.0,0,0.6369186937,1.1
0.4000,0.5000,1,0.1,1,0.5000,1000.0,0,0.6369186937,1.1
0.4000,0.5000,1,0.1,1,0.5000,10000.0,0,0.6369186937,1.1
0.4000,0.5000,1,0.1,1,0.5000,inf,0,0.6369186937,1.1
0.4000,0.5000,1,0.1,1,0.9000,100.0,0,0.493557494,1.1
0.4000,0.5000,1,0.1,1,0.9000,1000.0,0,0.493557494,1.1
0.4000,0.5000,1,0.1,1,0.9000,10000.0,0,0.493557494,1.1
0.4000,0.5000,1,0.1,1,0.9000,inf,0,0.493557494,1.1
0.4000,0.5000,3,0.01,0.0166667,0.5000,100.0,0.9682027379,1.307488992e-05,3.03
0.4000,0.5000,3,0.01,0.0166667,0.5000,1000.0,0.039370929,1.307488992e-05,3.03
0.4000,0.5000,3,0.01,0.0166667,0.5000,10000.0,0,1.307488992e-05,3.03
0.4000,0.5000,3,0.01,0.0166667,0.5000,inf,0,1.307488992e-05,3.03
0.4000,0.5000,3,0.01,0.0166667,0.9000,100.0,0.9696068265,1.782573878e-06,3.03
0.4000,0.5000,3,0.01,0.0166667,0.9000,1000.0,0.03971102065,1.782573878e-06,3.03
0.4000,0.5000,3,0.01,0.0166667,0.9000,10000.0,0,1.782573878e-06,3.03
0.4000,0.5000,3,0.01,0.0166667,0.9000,inf,0,1.782573878e-06,3.03
0.4000,0.5000,3,0.01,0.1,0.5000,100.0,0.2273822834,0.002053077399,3.03
0.4000,0.5000,3,0.01,0.1,0.5000,1000.0,0,0.002053077399,3.03
0.4000,0.5000,3,0.01,0.1,0.5000,10000.0,0,0.002053077399,3.03
0.4000,0.5000,3,0.01,0.1,0.5000,inf,0,0.002053077399,3.03
0.4000,0.5000,3,0.01,0.1,0.9000,100.0,0.2369703959,0.0003282826375,3.03
0.4000,0.5000,3,0.01,0.1,0.9000,1000.0,0,0.0003282826375,3.03
0.4000,0.5000,3,0.01,0.1,0.9000,10000.0,0,0.0003282826375,3.03
0.4000,0.5000,3,0.01,0.1,0.9000,inf,0,0.0003282826375,3.03
0.4000,0.5000,3,0.01,1,0.5000,100.0,0,0.2252136789,3.03
0.4000,0.5000,3,0.01,1,0.5000,1000.0,0,0.2252136789,3.03
0.4000,0.5000,3,0.01,1,0.5000,10000.0,0,0.2252136789,3.03
0.4000,0.5000,3,0.01,1,0.5000,inf,0,0.2252136789,3.03
0.4000,0.5000,3,0.01,1,0.9000,100.0,0,0.0866515031,3.03
0.4000,0.5000,3,0.01,1,0.9000,1000.0,0,0.0866515031,3.03
0.4000,0.5000,3,0.01,1,0.9000,10000.0,0,0.0866515031,3.03
0.4000,0.5000,3,0.01,1,0.9000,inf,0,0.0866515031,3.03
0.4000,0.5000,3,0.1,0.0166667,0.5000,100.0,0.9743716488,1.017694134e-05,3.3
0.4000,0.5000,3,0.1,0.0166667,0.5000,1000.0,0.05855060977,1.017694134e-05,3.3
0.4000,0.5000,3,0.1,0.0166667,0.5000,10000.0,0,1.017694134e-05,3.3
0.4000,0.5000,3,0.1,0.0166667,0.5000,inf,0,1.017694134e-05,3.3
0.4000,0.5000,3,0.1,0.0166667,0.9000,100.0,0.9755218834,1.383560135e-06,3.3
0.4000,0.5000,3,0.1,0.0166667,0.9000,1000.0,0.05900352528,1.383560135e-06,3.3
0.4000,0.5000,3,0.1,0.0166667,0.9000,10000.0,0,1.383560135e-06,3.3
0.4000,0.5000,3,0.1,0.0166667,0.9000,inf,0,1.383560135e-06,3.3
0.4000,0.5000,3,0.1,0.1,0.5000,100.0,0.2784229768,0.00163740008,3.3
0.4000,0.5000,3,0.1,0.1,0.5000,1000.0,9.279372344e-14,0.00163740008,3.3
0.4000,0.5000,3,0.1,0.1,0.5000,10000.0,0,0.00163740008,3.3
0.4000,0.5000,3,0.1,0.1,0.5000,inf,0,0.00163740008,3.3
0.4000,0.5000,3,0.1,0.1,0.9000,100.0,0.2888344136,0.0002580314445,3.3
0.4000,0.5000,3,0.1,0.1,0.9000,1000.0,9.869177171e-14,0.0002580314445,3.3
0.4000,0.5000,3,0.1,0.1,0.9000,10000.0,0,0.0002580314445,3.3
0.4000,0.5000,3,0.1,0.1,0.9000,inf,0,0.0002580314445,3.3
0.4000,0.5000,3,0.1,1,0.5000,100.0,5.525197736e-14,0.2016657552,3.3
0.4000,0.5000,3,0.1,1,0.5000,1000.0,0,0.2016657552,3.3
0.4000,0.5000,3,0.1,1,0.5000,10000.0,0,0.2016657552,3.3
0.4000,0.5000,3,0.1,1,0.5000,inf,0,0.2016657552,3.3
0.4000,0.5000,3,0.1,1,0.9000,100.0,7.803477335e-14,0.07408379001,3.3
0.4000,0.5000,3,0.1,1,0.9000,1000.0,0,0.07408379001,3.3
0.4000,0.5000,3,0.1,1,0.9000,10000.0,0,0.07408379001,3.3
0.4000,0.5000,3,0.1,1,0.9000,inf,0,0.07408379001,3.3
0.4000,0.5000,6,0.01,0.0166667,0.5000,100.0,0.9999220385,1.475371771e-10,6.06
0.4000,0.5000,6,0.01,0.0166667,0.5000,1000.0,0.3517843427,1.475371771e-10,6.06
0.4000,0.5000,6,0.01,0.0166667,0.5000,10000.0,0,1.475371771e-10,6.06
0.4000,0.5000,6,0.01,0.0166667,0.5000,inf,0,1.475371771e-10,6.06
0.4000,0.5000,6,0.01,0.0166667,0.9000,100.0,0.9999298426,2.321037195e-12,6.06
0.4000,0.5000,6,0.01,0.0166667,0.9000,1000.0,0.3534373551,2.321037195e-12,6.06
0.4000,0.5000,6,0.01,0.0166667,0.9000,10000.0,0,2.321037195e-12,6.06
0.4000,0.5000,6,0.01,0.0166667,0.9000,inf,0,2.321037195e-12,6.06
0.4000,0.5000,6,0.01,0.1,0.5000,100.0,0.7723280331,3.637749756e-06,6.06
0.4000,0.5000,6,0.01,0.1,0.5000,1000.0,5.290555826e-12,3.637749756e-06,6.06
0.4000,0.5000,6,0.01,0.1,0.5000,10000.0,0,3.637749756e-06,6.06
0.4000,0.5000,6,0.01,0.1,0.5000,inf,0,3.637749756e-06,6.06
0.4000,0.5000,6,0.01,0.1,0.9000,100.0,0.7836747089,7.871525001e-08,6.06
0.4000,0.5000,6,0.01,0.1,0.9000,1000.0,5.599548373e-12,7.871525001e-08,6.06
0.4000,0.5000,6,0.01,0.1,0.9000,10000.0,0,7.871525001e-08,6.06
0.4000,0.5000,6,0.01,0.1,0.9000,inf,0,7.871525001e-08,6.06
0.4000,0.5000,6,0.01,1,0.5000,100.0,3.099609199e-12,0.04376445434,6.06
0.4000,0.5000,6,0.01,1,0.5000,1000.0,0,0.04376445434,6.06
0.4000,0.5000,6,0.01,1,0.5000,10000.0,0,0.04376445434,6.06
0.4000,0.5000,6,0.01,1,0.5000,inf,0,0.04376445434,6.06
0.4000,0.5000,6,0.01,1,0.9000,100.0,4.293973787e-12,0.005479020157,6.06
0.4000,0.5000,6,0.01,1,0.9000,1000.0,0,0.005479020157,6.06
0.4000,0.5000,6,0.01,1,0.9000,10000.0,0,0.005479020157,6.06
0.4000,0.5000,6,0.01,1,0.9000,inf,0,0.005479020157,6.06
0.4000,0.5000,6,0.1,0.0166667,0.5000,100.0,0.9999510167,8.938403936e-11,6.6
0.4000,0.5000,6,0.1,0.0166667,0.5000,1000.0,0.433115248,8.938403936e-11,6.6
0.4000,0.5000,6,0.1,0.0166667,0.5000,10000.0,0,8.938403936e-11,6.6
0.4000,0.5000,6,0.1,0.0166667,0.5000,inf,0,8.938403936e-11,6.6
0.4000,0.5000,6,0.1,0.0166667,0.9000,100.0,0.9999559667,1.398245653e-12,6.6
0.4000,0.5000,6,0.1,0.0166667,0.9000,1000.0,0.434819342,1.398245653e-12,6.6
0.4000,0.5000,6,0.1,0.0166667,0.9000,10000.0,0,1.398245653e-12,6.6
0.4000,0.5000,6,0.1,0.0166667,0.9000,inf,0,1.398245653e-12,6.6
0.4000,0.5000,6,0.1,0.1,0.5000,100.0,0.8231825409,2.313833664e-06,6.6
0.4000,0.5000,6,0.1,0.1,0.5000,1000.0,9.017884574e-11,2.313833664e-06,6.6
0.4000,0.5000,6,0.1,0.1,0.5000,10000.0,0,2.313833664e-06,6.6
0.4000,0.5000,6,0.1,0.1,0.5000,inf,0,2.313833664e-06,6.6
0.4000,0.5000,6,0.1,0.1,0.9000,100.0,0.8327322703,4.863072816e-08,6.6
0.4000,0.5000,6,0.1,0.1,0.9000,1000.0,9.497381101e-11,4.863072816e-08,6.6
0.4000,0.5000,6,0.1,0.1,0.9000,10000.0,0,4.863072816e-08,6.6
0.4000,0.5000,6,0.1,0.1,0.9000,inf,0,4.863072816e-08,6.6
0.4000,0.5000,6,0.1,1,0.5000,100.0,5.438246447e-11,0.03509211352,6.6
0.4000,0.5000,6,0.1,1,0.5000,1000.0,0,0.03509211352,6.6
0.4000,0.5000,6,0.1,1,0.5000,10000.0,0,0.03509211352,6.6
0.4000,0.5000,6,0.1,1,0.5000,inf,0,0.03509211352,6.6
0.4000,0.5000,6,0.1,1,0.9000,100.0,7.40707502e-11,0.004005405494,6.6
0.4000,0.5000,6,0.1,1,0.9000,1000.0,0,0.004005405494,6.6
0.4000,0.5000,6,0.1,1,0.9000,10000.0,0,0.004005405494,6.6
0.4000,0.5000,6,0.1,1,0.9000,inf,0,0.004005405494,6.6
0.4000,0.5000,12,0.01,0.0166667,0.5000,100.0,1,1.878611571e-20,12.12
0.4000,0.5000,12,0.01,0.0166667,0.5000,1000.0,0.9619762736,1.878611571e-20,12.12
0.4000,0.5000,12,0.01,0.0166667,0.5000,10000.0,0,1.878611571e-20,12.12
0.4000,0.5000,12,0.01,0.0166667,0.5000,inf,0,1.878611571e-20,12.12
0.4000,0.5000,12,0.01,0.0166667,0.9000,100.0,1,3.936382075e-24,12.12
0.4000,0.5000,12,0.01,0.0166667,0.9000,1000.0,0.9623990732,3.936382075e-24,12.12
0.4000,0.5000,12,0.01,0.0166667,0.9000,10000.0,0,3.936382075e-24,12.12
0.4000,0.5000,12,0.01,0.0166667,0.9000,inf,0,3.936382075e-24,12.12
0.4000,0.5000,12,0.01,0.1,0.5000,100.0,0.9988813657,1.142088331e-11,12.12
0.4000,0.5000,12,0.01,0.1,0.5000,1000.0,7.489680589e-08,1.142088331e-11,12.12
0.4000,0.5000,12,0.01,0.1,0.5000,10000.0,0,1.142088331e-11,12.12
0.4000,0.5000,12,0.01,0.1,0.5000,inf,0,1.142088331e-11,12.12
0.4000,0.5000,12,0.01,0.1,0.9000,100.0,0.9990599676,4.527420546e-15,12.12
0.4000,0.5000,12,0.01,0.1,0.9000,1000.0,7.857427626e-08,4.527420546e-15,12.12
0.4000,0.5000,12,0.01,0.1,0.9000,10000.0,0,4.527420546e-15,12.12
0.4000,0.5000,12,0.01,0.1,0.9000,inf,0,4.527420546e-15,12.12
0.4000,0.5000,12,0.01,1,0.5000,100.0,4.625106168e-08,0.001653016435,12.12
0.4000,0.5000,12,0.01,1,0.5000,1000.0,0,0.001653016435,12.12
0.4000,0.5000,12,0.01,1,0.5000,10000.0,0,0.001653016435,12.12
0.4000,0.5000,12,0.01,1,0.5000,inf,0,0.001653016435,12.12
0.4000,0.5000,12,0.01,1,0.9000,100.0,6.215104029e-08,2.193516129e-05,12.12
0.4000,0.5000,12,0.01,1,0.9000,1000.0,0,2.193516129e-05,12.12
0.4000,0.5000,12,0.01,1,0.9000,10000.0,0,2.193516129e-05,12.12
0.4000,0.5000,12,0.01,1,0.9000,inf,0,2.193516129e-05,12.12
0.4000,0.5000,12,0.1,0.0166667,0.5000,100.0,1,6.89531336e-21,13.2
0.4000,0.5000,12,0.1,0.0166667,0.5000,1000.0,0.978069731,6.89531336e-21,13.2
0.4000,0.5000,12,0.1,0.0166667,0.5000,10000.0,0,6.89531336e-21,13.2
0.4000,0.5000,12,0.1,0.0166667,0.5000,inf,0,6.89531336e-21,13.2
0.4000,0.5000,12,0.1,0.0166667,0.9000,100.0,1,1.428564984e-24,13.2
0.4000,0.5000,12,0.1,0.0166667,0.9000,1000.0,0.9783309141,1.428564984e-24,13.2
0.4000,0.5000,12,0.1,0.0166667,0.9000,10000.0,0,1.428564984e-24,13.2
0.4000,0.5000,12,0.1,0.0166667,0.9000,inf,0,1.428564984e-24,13.2
0.4000,0.5000,12,0.1,0.1,0.5000,100.0,0.9994561241,4.620599476e-12,13.2
0.4000,0.5000,12,0.1,0.1,0.5000,1000.0,7.788980098e-07,4.620599476e-12,13.2
0.4000,0.5000,12,0.1,0.1,0.5000,10000.0,0,4.620599476e-12,13.2
0.4000,0.5000,12,0.1,0.1,0.5000,inf,0,4.620599476e-12,13.2
0.4000,0.5000,12,0.1,0.1,0.9000,100.0,0.9995464946,1.728043298e-15,13.2
0.4000,0.5000,12,0.1,0.1,0.9000,1000.0,8.131018026e-07,1.728043298e-15,13.2
0.4000,0.5000,12,0.1,0.1,0.9000,10000.0,0,1.728043298e-15,13.2
0.4000,0.5000,12,0.1,0.1,0.9000,inf,0,1.728043298e-15,13.2
0.4000,0.5000,12,0.1,1,0.5000,100.0,4.974326581e-07,0.00106280396,13.2
0.4000,0.5000,12,0.1,1,0.5000,1000.0,0,0.00106280396,13.2
0.4000,0.5000,12,0.1,1,0.5000,10000.0,0,0.00106280396,13.2
0.4000,0.5000,12,0.1,1,0.5000,inf,0,0.00106280396,13.2
0.4000,0.5000,12,0.1,1,0.9000,100.0,6.556663928e-07,1.17226991e-05,13.2
0.4000,0.5000,12,0.1,1,0.9000,1000.0,0,1.17226991e-05,13.2
0.4000,0.5000,12,0.1,1,0.9000,10000.0,0,1.17226991e-05,13.2
0.4000,0.5000,12,0.1,1,0.9000,inf,0,1.17226991e-05,13.2
0.4000,0.5500,1,0.01,0.0166667,0.5000,100.0,0.5053652707,0.02859175015,1.01
0.4000,0.5500,1,0.01,0.0166667,0.5000,1000.0,0.001329346432,0.02859175015,1.01
0.4000,0.5500,1,0.01,0.0166667,0.5000,10000.0,0,0.02859175015,1.01
0.4000,0.5500,1,0.01,0.0166667,0.5000,inf,0,0.02859175015,1.01
0.4000,0.5500,1,0.01,0.0166667,0.9000,100.0,0.5118698281,0.01608875257,1.01
0.4000,0.5500,1,0.01,0.0166667,0.9000,1000.0,0.001346456452,0.01608875257,1.01
0.4000,0.5500,1,0.01,0.0166667,0.9000,10000.0,0,0.01608875257,1.01
0.4000,0.5500,1,0.01,0.0166667,0.9000,inf,0,0.01608875257,1.01
0.4000,0.5500,1,0.01,0.1,0.5000,100.0,0.01680758972,0.1522187584,1.01
0.4000,0.5500,1,0.01,0.1,0.5000,1000.0,0,0.1522187584,1.01
0.4000,0.5500,1,0.01,0.1,0.5000,10000.0,0,0.1522187584,1.01
0.4000,0.5500,1,0.01,0.1,0.5000,inf,0,0.1522187584,1.01
0.4000,0.5500,1,0.01,0.1,0.9000,100.0,0.01802717849,0.0907022354,1.01
0.4000,0.5500,1,0.01,0.1,0.9000,1000.0,0,0.0907022354,1.01
0.4000,0.5500,1,0.01,0.1,0.9000,10000.0,0,0.0907022354,1.01
0.4000,0.5500,1,0.01,0.1,0.9000,inf,0,0.0907022354,1.01
0.4000,0.5500,1,0.01,1,0.5000,100.0,0,0.6835123279,1.01
0.4000,0.5500,1,0.01,1,0.5000,1000.0,0,0.6835123279,1.01
0.4000,0.5500,1,0.01,1,0.5000,10000.0,0,0.6835123279,1.01
0.4000,0.5500,1,0.01,1,0.5000,inf,0,0.6835123279,1.01
0.4000,0.5500,1,0.01,1,0.9000,100.0,0,0.5454178957,1.01
0.4000,0.5500,1,0.01,1,0.9000,1000.0,0,0.5454178957,1.01
0.4000,0.5500,1,0.01,1,0.9000,10000.0,0,0.5454178957,1.01
0.4000,0.5500,1,0.01,1,0.9000,inf,0,0.5454178957,1.01
0.4000,0.5500,1,0.1,0.0166667,0.5000,100.0,0.534374017,0.02630705717,1.1
0.4000,0.5500,1,0.1,0.0166667,0.5000,1000.0,0.00228542167,0.02630705717,1.1
0.4000,0.5500,1,0.1,0.0166667,0.5000,10000.0,0,0.02630705717,1.1
0.4000,0.5500,1,0.1,0.0166667,0.5000,inf,0,0.02630705717,1.1
0.4000,0.5500,1,0.1,0.0166667,0.9000,100.0,0.5406958466,0.01478793264,1.1
0.4000,0.5500,1,0.1,0.0166667,0.9000,1000.0,0.002312458999,0.01478793264,1.1
0.4000,0.5500,1,0.1,0.0166667,0.9000,10000.0,0,0.01478793264,1.1
0.4000,0.5500,1,0.1,0.0166667,0.9000,inf,0,0.01478793264,1.1
0.4000,0.5500,1,0.1,0.1,0.5000,100.0,0.02346208435,0.1413291366,1.1
0.4000,0.5500,1,0.1,0.1,0.5000,1000.0,0,0.1413291366,1.1
0.4000,0.5500,1,0.1,0.1,0.5000,10000.0,0,0.1413291366,1.1
0.4000,0.5500,1,0.1,0.1,0.5000,inf,0,0.1413291366,1.1
0.4000,0.5500,1,0.1,0.1,0.9000,100.0,0.02503458017,0.08377856582,1.1
0.4000,0.5500,1,0.1,0.1,0.9000,1000.0,0,0.08377856582,1.1
0.4000,0.5500,1,0.1,0.1,0.9000,10000.0,0,0.08377856582,1.1
0.4000,0.5500,1,0.1,0.1,0.9000,inf,0,0.08377856582,1.1
0.4000,0.5500,1,0.1,1,0.5000,100.0,0,0.6609152925,1.1
0.4000,0.5500,1,0.1,1,0.5000,1000.0,0,0.6609152925,1.1
0.4000,0.5500,1,0.1,1,0.5000,10000.0,0,0.6609152925,1.1
0.4000,0.5500,1,0.1,1,0.5000,inf,0,0.6609152925,1.1
0.4000,0.5500,1,0.1,1,0.9000,100.0,0,0.5198867699,1.1
0.4000,0.5500,1,0.1,1,0.9000,1000.0,0,0.5198867699,1.1
0.4000,0.5500,1,0.1,1,0.9000,10000.0,0,0.5198867699,1.1
0.4000,0.5500,1,0.1,1,0.9000,inf,0,0.5198867699,1.1
0.4000,0.5500,3,0.01,0.0166667,0.5000,100.0,0.9678420685,1.831931537e-05,3.03
0.4000,0.5500,3,0.01,0.0166667,0.5000,1000.0,0.03928676291,1.831931537e-05,3.03
0.4000,0.5500,3,0.01,0.0166667,0.5000,10000.0,0,1.831931537e-05,3.03
0.4000,0.5500,3,0.01,0.0166667,0.5000,inf,0,1.831931537e-05,3.03
0.4000,0.5500,3,0.01,0.0166667,0.9000,100.0,0.9694155262,2.593970385e-06,3.03
0.4000,0.5500,3,0.01,0.0166667,0.9000,1000.0,0.03966345508,2.593970385e-06,3.03
0.4000,0.5500,3,0.01,0.0166667,0.9000,10000.0,0,2.593970385e-06,3.03
0.4000,0.5500,3,0.01,0.0166667,0.9000,inf,0,2.593970385e-06,3.03
0.4000,0.5500,3,0.01,0.1,0.5000,100.0,0.2250888158,0.002770159397,3.03
0.4000,0.5500,3,0.01,0.1,0.5000,1000.0,0,0.002770159397,3.03
0.4000,0.5500,3,0.01,0.1,0.5000,10000.0,0,0.002770159397,3.03
0.4000,0.5500,3,0.01,0.1,0.5000,inf,0,0.002770159397,3.03
0.4000,0.5500,3,0.01,0.1,0.9000,100.0,0.2355980416,0.0004667787016,3.03
0.4000,0.5500,3,0.01,0.1,0.9000,1000.0,0,0.0004667787016,3.03
0.4000,0.5500,3,0.01,0.1,0.9000,10000.0,0,0.0004667787016,3.03
0.4000,0.5500,3,0.01,0.1,0.9000,inf,0,0.0004667787016,3.03
0.4000,0.5500,3,0.01,1,0.5000,100.0,0,0.2565504742,3.03
0.4000,0.5500,3,0.01,1,0.5000,1000.0,0,0.2565504742,3.03
0.4000,0.5500,3,0.01,1,0.5000,10000.0,0,0.2565504742,3.03
0.4000,0.5500,3,0.01,1,0.5000,inf,0,0.2565504742,3.03
0.4000,0.5500,3,0.01,1,0.9000,100.0,0,0.1062753434,3.03
0.4000,0.5500,3,0.01,1,0.9000,1000.0,0,0.1062753434,3.03
0.4000,0.5500,3,0.01,1,0.9000,10000.0,0,0.1062753434,3.03
0.4000,0.5500,3,0.01,1,0.9000,inf,0,0.1062753434,3.03
0.4000,0.5500,3,0.1,0.0166667,0.5000,100.0,0.9740758086,1.426884695e-05,3.3
0.4000,0.5500,3,0.1,0.0166667,0.5000,1000.0,0.05843839063,1.426884695e-05,3.3
0.4000,0.5500,3,0.1,0.0166667,0.5000,10000.0,0,1.426884695e-05,3.3
0.4000,0.5500,3,0.1,0.0166667,0.5000,inf,0,1.426884695e-05,3.3
0.4000,0.5500,3,0.1,0.0166667,0.9000,100.0,0.9753653078,2.014140943e-06,3.3
0.4000,0.5500,3,0.1,0.0166667,0.9000,1000.0,0.05894023117,2.014140943e-06,3.3
0.4000,0.5500,3,0.1,0.0166667,0.9000,10000.0,0,2.014140943e-06,3.3
0.4000,0.5500,3,0.1,0.0166667,0.9000,inf,0,2.014140943e-06,3.3
0.4000,0.5500,3,0.1,0.1,0.5000,100.0,0.2759164729,0.002216693759,3.3
0.4000,0.5500,3,0.1,0.1,0.5000,1000.0,9.141723675e-14,0.002216693759,3.3
0.4000,0.5500,3,0.1,0.1,0.5000,10000.0,0,0.002216693759,3.3
0.4000,0.5500,3,0.1,0.1,0.5000,inf,0,0.002216693759,3.3
0.4000,0.5500,3,0.1,0.1,0.9000,100.0,0.2873508583,0.000367682809,3.3
0.4000,0.5500,3,0.1,0.1,0.9000,1000.0,9.783311466e-14,0.000367682809,3.3
0.4000,0.5500,3,0.1,0.1,0.9000,10000.0,0,0.000367682809,3.3
0.4000,0.5500,3,0.1,0.1,0.9000,inf,0,0.000367682809,3.3
0.4000,0.5500,3,0.1,1,0.5000,100.0,5.144524143e-14,0.2314625368,3.3
0.4000,0.5500,3,0.1,1,0.5000,1000.0,0,0.2314625368,3.3
0.4000,0.5500,3,0.1,1,0.5000,10000.0,0,0.2314625368,3.3
0.4000,0.5500,3,0.1,1,0.5000,inf,0,0.2314625368,3.3
0.4000,0.5500,3,0.1,1,0.9000,100.0,7.385992126e-14,0.09165657102,3.3
0.4000,0.5500,3,0.1,1,0.9000,1000.0,0,0.09165657102,3.3
0.4000,0.5500,3,0.1,1,0.9000,10000.0,0,0.09165657102,3.3
0.4000,0.5500,3,0.1,1,0.9000,inf,0,0.09165657102,3.3
0.4000,0.5500,6,0.01,0.0166667,0.5000,100.0,0.9999198877,2.946380847e-10,6.06
0.4000,0.5500,6,0.01,0.0166667,0.5000,1000.0,0.3513725889,2.946380847e-10,6.06
0.4000,0.5500,6,0.01,0.0166667,0.5000,10000.0,0,2.946380847e-10,6.06
0.4000,0.5500,6,0.01,0.0166667,0.5000,inf,0,2.946380847e-10,6.06
0.4000,0.5500,6,0.01,0.0166667,0.9000,100.0,0.9999288307,5.131404947e-12,6.06
0.4000,0.5500,6,0.01,0.0166667,0.9000,1000.0,0.3532071977,5.131404947e-12,6.06
0.4000,0.5500,6,0.01,0.0166667,0.9000,10000.0,0,5.131404947e-12,6.06
0.4000,0.5500,6,0.01,0.0166667,0.9000,inf,0,5.131404947e-12,6.06
0.4000,0.5500,6,0.01,0.1,0.5000,100.0,0.7694496024,6.737171922e-06,6.06
0.4000,0.5500,6,0.01,0.1,0.5000,1000.0,5.218539605e-12,6.737171922e-06,6.06
0.4000,0.5500,6,0.01,0.1,0.5000,10000.0,0,6.737171922e-06,6.06
0.4000,0.5500,6,0.01,0.1,0.5000,inf,0,6.737171922e-06,6.06
0.4000,0.5500,6,0.01,0.1,0.9000,100.0,0.7821166116,1.661544205e-07,6.06
0.4000,0.5500,6,0.01,0.1,0.9000,1000.0,5.554502677e-12,1.661544205e-07,6.06
0.4000,0.5500,6,0.01,0.1,0.9000,10000.0,0,1.661544205e-07,6.06
0.4000,0.5500,6,0.01,0.1,0.9000,inf,0,1.661544205e-07,6.06
0.4000,0.5500,6,0.01,1,0.5000,100.0,2.89792388e-12,0.05777536769,6.06
0.4000,0.5500,6,0.01,1,0.5000,1000.0,0,0.05777536769,6.06
0.4000,0.5500,6,0.01,1,0.5000,10000.0,0,0.05777536769,6.06
0.4000,0.5500,6,0.01,1,0.5000,inf,0,0.05777536769,6.06
0.4000,0.5500,6,0.01,1,0.9000,100.0,4.075988173e-12,0.008606930479,6.06
0.4000,0.5500,6,0.01,1,0.9000,1000.0,0,0.008606930479,6.06
0.4000,0.5500,6,0.01,1,0.9000,10000.0,0,0.008606930479,6.06
0.4000,0.5500,6,0.01,1,0.9000,inf,0,0.008606930479,6.06
0.4000,0.5500,6,0.1,0.0166667,0.5000,100.0,0.9999496504,1.787508835e-10,6.6
0.4000,0.5500,6,0.1,0.0166667,0.5000,1000.0,0.4326902644,1.787508835e-10,6.6
0.4000,0.5500,6,0.1,0.0166667,0.5000,10000.0,0,1.787508835e-10,6.6
0.4000,0.5500,6,0.1,0.0166667,0.5000,inf,0,1.787508835e-10,6.6
0.4000,0.5500,6,0.1,0.0166667,0.9000,100.0,0.9999553256,3.093757227e-12,6.6
0.4000,0.5500,6,0.1,0.0166667,0.9000,1000.0,0.4345822669,3.093757227e-12,6.6
0.4000,0.5500,6,0.1,0.0166667,0.9000,10000.0,0,3.093757227e-12,6.6
0.4000,0.5500,6,0.1,0.0166667,0.9000,inf,0,3.093757227e-12,6.6
0.4000,0.5500,6,0.1,0.1,0.5000,100.0,0.8207418495,4.313996193e-06,6.6
0.4000,0.5500,6,0.1,0.1,0.5000,1000.0,8.905453007e-11,4.313996193e-06,6.6
0.4000,0.5500,6,0.1,0.1,0.5000,10000.0,0,4.313996193e-06,6.6
0.4000,0.5500,6,0.1,0.1,0.5000,inf,0,4.313996193e-06,6.6
0.4000,0.5500,6,0.1,0.1,0.9000,100.0,0.8314276868,1.030951371e-07,6.6
0.4000,0.5500,6,0.1,0.1,0.9000,1000.0,9.42777036e-11,1.030951371e-07,6.6
0.4000,0.5500,6,0.1,0.1,0.9000,10000.0,0,1.030951371e-07,6.6
0.4000,0.5500,6,0.1,0.1,0.9000,inf,0,1.030951371e-07,6.6
0.4000,0.5500,6,0.1,1,0.5000,100.0,5.099246804e-11,0.0470293779,6.6
0.4000,0.5500,6,0.1,1,0.5000,1000.0,0,0.0470293779,6.6
0.4000,0.5500,6,0.1,1,0.5000,10000.0,0,0.0470293779,6.6
0.4000,0.5500,6,0.1,1,0.5000,inf,0,0.0470293779,6.6
0.4000,0.5500,6,0.1,1,0.9000,100.0,7.052600324e-11,0.006402487277,6.6
0.4000,0.5500,6,0.1,1,0.9000,1000.0,0,0.006402487277,6.6
0.4000,0.5500,6,0.1,1,0.9000,10000.0,0,0.006402487277,6.6
0.4000,0.5500,6,0.1,1,0.9000,inf,0,0.006402487277,6.6
0.4000,0.5500,12,0.01,0.0166667,0.5000,100.0,1,7.621730356e-20,12.12
0.4000,0.5500,12,0.01,0.0166667,0.5000,1000.0,0.9618695453,7.621730356e-20,12.12
0.4000,0.5500,12,0.01,0.0166667,0.5000,10000.0,0,7.621730356e-20,12.12
0.4000,0.5500,12,0.01,0.0166667,0.5000,inf,0,7.621730356e-20,12.12
0.4000,0.5500,12,0.01,0.0166667,0.9000,100.0,1,2.008464247e-23,12.12
0.4000,0.5500,12,0.01,0.0166667,0.9000,1000.0,0.9623407432,2.008464247e-23,12.12
0.4000,0.5500,12,0.01,0.0166667,0.9000,10000.0,0,2.008464247e-23,12.12
0.4000,0.5500,12,0.01,0.0166667,0.9000,inf,0,2.008464247e-23,12.12
0.4000,0.5500,12,0.01,0.1,0.5000,100.0,0.9988289152,3.985025227e-11,12.12
0.4000,0.5500,12,0.01,0.1,0.5000,1000.0,7.403009052e-08,3.985025227e-11,12.12
0.4000,0.5500,12,0.01,0.1,0.5000,10000.0,0,3.985025227e-11,12.12
0.4000,0.5500,12,0.01,0.1,0.5000,inf,0,3.985025227e-11,12.12
0.4000,0.5500,12,0.01,0.1,0.9000,100.0,0.9990378648,2.105791372e-14,12.12
0.4000,0.5500,12,0.01,0.1,0.9000,1000.0,7.804229749e-08,2.105791372e-14,12.12
0.4000,0.5500,12,0.01,0.1,0.9000,10000.0,0,2.105791372e-14,12.12
0.4000,0.5500,12,0.01,0.1,0.9000,inf,0,2.105791372e-14,12.12
0.4000,0.5500,12,0.01,1,0.5000,100.0,4.346803778e-08,0.002930632104,12.12
0.4000,0.5500,12,0.01,1,0.5000,1000.0,0,0.002930632104,12.12
0.4000,0.5500,12,0.01,1,0.5000,10000.0,0,0.002930632104,12.12
0.4000,0.5500,12,0.01,1,0.5000,inf,0,0.002930632104,12.12
0.4000,0.5500,12,0.01,1,0.9000,100.0,5.932149677e-08,5.650529423e-05,12.12
0.4000,0.5500,12,0.01,1,0.9000,1000.0,0,5.650529423e-05,12.12
0.4000,0.5500,12,0.01,1,0.9000,10000.0,0,5.650529423e-05,12.12
0.4000,0.5500,12,0.01,1,0.9000,inf,0,5.650529423e-05,12.12
0.4000,0.5500,12,0.1,0.0166667,0.5000,100.0,1,2.805254119e-20,13.2
0.4000,0.5500,12,0.1,0.0166667,0.5000,1000.0,0.9780037188,2.805254119e-20,13.2
0.4000,0.5500,12,0.1,0.0166667,0.5000,10000.0,0,2.805254119e-20,13.2
0.4000,0.5500,12,0.1,0.0166667,0.5000,inf,0,2.805254119e-20,13.2
0.4000,0.5500,12,0.1,0.0166667,0.9000,100.0,1,7.300691371e-24,13.2
0.4000,0.5500,12,0.1,0.0166667,0.9000,1000.0,0.9782949115,7.300691371e-24,13.2
0.4000,0.5500,12,0.1,0.0166667,0.9000,10000.0,0,7.300691371e-24,13.2
0.4000,0.5500,12,0.1,0.0166667,0.9000,inf,0,7.300691371e-24,13.2
0.4000,0.5500,12,0.1,0.1,0.5000,100.0,0.9994293122,1.633937085e-11,13.2
0.4000,0.5500,12,0.1,0.1,0.5000,1000.0,7.707865297e-07,1.633937085e-11,13.2
0.4000,0.5500,12,0.1,0.1,0.5000,10000.0,0,1.633937085e-11,13.2
0.4000,0.5500,12,0.1,0.1,0.5000,inf,0,1.633937085e-11,13.2
0.4000,0.5500,12,0.1,0.1,0.9000,100.0,0.9995353903,8.107144268e-15,13.2
0.4000,0.5500,12,0.1,0.1,0.9000,1000.0,8.081751545e-07,8.107144268e-15,13.2
0.4000,0.5500,12,0.1,0.1,0.9000,10000.0,0,8.107144268e-15,13.2
0.4000,0.5500,12,0.1,0.1,0.9000,inf,0,8.107144268e-15,13.2
0.4000,0.5500,12,0.1,1,0.5000,100.0,4.690920467e-07,0.00194184392,13.2
0.4000,0.5500,12,0.1,1,0.5000,1000.0,0,0.00194184392,13.2
0.4000,0.5500,12,0.1,1,0.5000,10000.0,0,0.00194184392,13.2
0.4000,0.5500,12,0.1,1,0.5000,inf,0,0.00194184392,13.2
0.4000,0.5500,12,0.1,1,0.9000,100.0,6.279584165e-07,3.126725674e-05,13.2
0.4000,0.5500,12,0.1,1,0.9000,1000.0,0,3.126725674e-05,13.2
0.4000,0.5500,12,0.1,1,0.9000,10000.0,0,3.126725674e-05,13.2
0.4000,0.5500,12,0.1,1,0.9000,inf,0,3.126725674e-05,13.2
0.5000,0.1000,1,0.01,0.0166667,0.5000,100.0,0.4338418259,0.01807817783,1.01
0.5000,0.1000,1,0.01,0.0166667,0.5000,1000.0,0.0002584475355,0.01807817783,1.01
0.5000,0.1000,1,0.01,0.0166667,0.5000,10000.0,0,0.01807817783,1.01
0.5000,0.1000,1,0.01,0.0166667,0.5000,inf,0,0.01807817783,1.01
0.5000,0.1000,1,0.01,0.0166667,0.9000,100.0,0.4373558691,0.01012478218,1.01
0.5000,0.1000,1,0.01,0.0166667,0.9000,1000.0,0.0002605409155,0.01012478218,1.01
0.5000,0.1000,1,0.01,0.0166667,0.9000,10000.0,0,0.01012478218,1.01
0.5000,0.1000,1,0.01,0.0166667,0.9000,inf,0,0.01012478218,1.01
0.5000,0.1000,1,0.01,0.1,0.5000,100.0,0.006685253982,0.1013494028,1.01
0.5000,0.1000,1,0.01,0.1,0.5000,1000.0,0,0.1013494028,1.01
0.5000,0.1000,1,0.01,0.1,0.5000,10000.0,0,0.1013494028,1.01
0.5000,0.1000,1,0.01,0.1,0.5000,inf,0,0.1013494028,1.01
0.5000,0.1000,1,0.01,0.1,0.9000,100.0,0.007000589803,0.05896107712,1.01
0.5000,0.1000,1,0.01,0.1,0.9000,1000.0,0,0.05896107712,1.01
0.5000,0.1000,1,0.01,0.1,0.9000,10000.0,0,0.05896107712,1.01
0.5000,0.1000,1,0.01,0.1,0.9000,inf,0,0.05896107712,1.01
0.5000,0.1000,1,0.01,1,0.5000,100.0,0,0.5873753183,1.01
0.5000,0.1000,1,0.01,1,0.5000,1000.0,0,0.5873753183,1.01
0.5000,0.1000,1,0.01,1,0.5000,10000.0,0,0.5873753183,1.01
0.5000,0.1000,1,0.01,1,0.5000,inf,0,0.5873753183,1.01
0.5000,0.1000,1,0.01,1,0.9000,100.0,0,0.441602459,1.01
0.5000,0.1000,1,0.01,1,0.9000,1000.0,0,0.441602459,1.01
0.5000,0.1000,1,0.01,1,0.9000,10000.0,0,0.441602459,1.01
0.5000,0.1000,1,0.01,1,0.9000,inf,0,0.441602459,1.01
0.5000,0.1000,1,0.1,0.0166667,0.5000,100.0,0.4645167094,0.01661811847,1.1
0.5000,0.1000,1,0.1,0.0166667,0.5000,1000.0,0.0005080454902,0.01661811847,1.1
0.5000,0.1000,1,0.1,0.0166667,0.5000,10000.0,0,0.01661811847,1.1
0.5000,0.1000,1,0.1,0.0166667,0.5000,inf,0,0.01661811847,1.1
0.5000,0.1000,1,0.1,0.0166667,0.9000,100.0,0.4679730792,0.009300983526,1.1
0.5000,0.1000,1,0.1,0.0166667,0.9000,1000.0,0.0005118257484,0.009300983526,1.1
0.5000,0.1000,1,0.1,0.0166667,0.9000,10000.0,0,0.009300983526,1.1
0.5000,0.1000,1,0.1,0.0166667,0.9000,inf,0,0.009300983526,1.1
0.5000,0.1000,1,0.1,0.1,0.5000,100.0,0.01006850726,0.09366185992,1.1
0.5000,0.1000,1,0.1,0.1,0.5000,1000.0,0,0.09366185992,1.1
0.5000,0.1000,1,0.1,0.1,0.5000,10000.0,0,0.09366185992,1.1
0.5000,0.1000,1,0.1,0.1,0.5000,inf,0,0.09366185992,1.1
0.5000,0.1000,1,0.1,0.1,0.9000,100.0,0.010505839,0.05429451101,1.1
0.5000,0.1000,1,0.1,0.1,0.9000,1000.0,0,0.05429451101,1.1
0.5000,0.1000,1,0.1,0.1,0.9000,10000.0,0,0.05429451101,1.1
0.5000,0.1000,1,0.1,0.1,0.9000,inf,0,0.05429451101,1.1
0.5000,0.1000,1,0.1,1,0.5000,100.0,0,0.5611713074,1.1
0.5000,0.1000,1,0.1,1,0.5000,1000.0,0,0.5611713074,1.1
0.5000,0.1000,1,0.1,1,0.5000,10000.0,0,0.5611713074,1.1
0.5000,0.1000,1,0.1,1,0.5000,inf,0,0.5611713074,1.1
0.5000,0.1000,1,0.1,1,0.9000,100.0,0,0.4153554101,1.1
0.5000,0.1000,1,0.1,1,0.9000,1000.0,0,0.4153554101,1.1
0.5000,0.1000,1,0.1,1,0.9000,10000.0,0,0.4153554101,1.1
0.5000,0.1000,1,0.1,1,0.9000,inf,0,0.4153554101,1.1
0.5000,0.1000,3,0.01,0.0166667,0.5000,100.0,0.9473691208,3.45323406e-06,3.03
0.5000,0.1000,3,0.01,0.0166667,0.5000,1000.0,0.01121161517,3.45323406e-06,3.03
0.5000,0.1000,3,0.01,0.0166667,0.5000,10000.0,0,3.45323406e-06,3.03
0.5000,0.1000,3,0.01,0.0166667,0.5000,inf,0,3.45323406e-06,3.03
0.5000,0.1000,3,0.01,0.0166667,0.9000,100.0,0.9486122481,3.117296301e-07,3.03
0.5000,0.1000,3,0.01,0.0166667,0.9000,1000.0,0.01128314551,3.117296301e-07,3.03
0.5000,0.1000,3,0.01,0.0166667,0.9000,10000.0,0,3.117296301e-07,3.03
0.5000,0.1000,3,0.01,0.0166667,0.9000,inf,0,3.117296301e-07,3.03
0.5000,0.1000,3,0.01,0.1,0.5000,100.0,0.1238914549,0.0006122099895,3.03
0.5000,0.1000,3,0.01,0.1,0.5000,1000.0,0,0.0006122099895,3.03
0.5000,0.1000,3,0.01,0.1,0.5000,10000.0,0,0.0006122099895,3.03
0.5000,0.1000,3,0.01,0.1,0.5000,inf,0,0.0006122099895,3.03
0.5000,0.1000,3,0.01,0.1,0.9000,100.0,0.1278980468,6.25907918e-05,3.03
0.5000,0.1000,3,0.01,0.1,0.9000,1000.0,0,6.25907918e-05,3.03
0.5000,0.1000,3,0.01,0.1,0.9000,10000.0,0,6.25907918e-05,3.03
0.5000,0.1000,3,0.01,0.1,0.9000,inf,0,6.25907918e-05,3.03
0.5000,0.1000,3,0.01,1,0.5000,100.0,0,0.127309438,3.03
0.5000,0.1000,3,0.01,1,0.5000,1000.0,0,0.127309438,3.03
0.5000,0.1000,3,0.01,1,0.5000,10000.0,0,0.127309438,3.03
0.5000,0.1000,3,0.01,1,0.5000,inf,0,0.127309438,3.03
0.5000,0.1000,3,0.01,1,0.9000,100.0,0,0.03130076845,3.03
0.5000,0.1000,3,0.01,1,0.9000,1000.0,0,0.03130076845,3.03
0.5000,0.1000,3,0.01,1,0.9000,10000.0,0,0.03130076845,3.03
0.5000,0.1000,3,0.01,1,0.9000,inf,0,0.03130076845,3.03
0.5000,0.1000,3,0.1,0.0166667,0.5000,100.0,0.9572096455,2.68203118e-06,3.3
0.5000,0.1000,3,0.1,0.0166667,0.5000,1000.0,0.01897550515,2.68203118e-06,3.3
0.5000,0.1000,3,0.1,0.0166667,0.5000,10000.0,0,2.68203118e-06,3.3
0.5000,0.1000,3,0.1,0.0166667,0.5000,inf,0,2.68203118e-06,3.3
0.5000,0.1000,3,0.1,0.0166667,0.9000,100.0,0.958240515,2.415959893e-07,3.3
0.5000,0.1000,3,0.1,0.0166667,0.9000,1000.0,0.01908440389,2.415959893e-07,3.3
0.5000,0.1000,3,0.1,0.0166667,0.9000,10000.0,0,2.415959893e-07,3.3
0.5000,0.1000,3,0.1,0.0166667,0.9000,inf,0,2.415959893e-07,3.3
0.5000,0.1000,3,0.1,0.1,0.5000,100.0,0.1626963861,0.0004829060315,3.3
0.5000,0.1000,3,0.1,0.1,0.5000,1000.0,0,0.0004829060315,3.3
0.5000,0.1000,3,0.1,0.1,0.5000,10000.0,0,0.0004829060315,3.3
0.5000,0.1000,3,0.1,0.1,0.5000,inf,0,0.0004829060315,3.3
0.5000,0.1000,3,0.1,0.1,0.9000,100.0,0.1673819714,4.879518073e-05,3.3
0.5000,0.1000,3,0.1,0.1,0.9000,1000.0,0,4.879518073e-05,3.3
0.5000,0.1000,3,0.1,0.1,0.9000,10000.0,0,4.879518073e-05,3.3
0.5000,0.1000,3,0.1,0.1,0.9000,inf,0,4.879518073e-05,3.3
0.5000,0.1000,3,0.1,1,0.5000,100.0,0,0.1103611326,3.3
0.5000,0.1000,3,0.1,1,0.5000,1000.0,0,0.1103611326,3.3
0.5000,0.1000,3,0.1,1,0.5000,10000.0,0,0.1103611326,3.3
0.5000,0.1000,3,0.1,1,0.5000,inf,0,0.1103611326,3.3
0.5000,0.1000,3,0.1,1,0.9000,100.0,0,0.02564620515,3.3
0.5000,0.1000,3,0.1,1,0.9000,1000.0,0,0.02564620515,3.3
0.5000,0.1000,3,0.1,1,0.9000,10000.0,0,0.02564620515,3.3
0.5000,0.1000,3,0.1,1,0.9000,inf,0,0.02564620515,3.3
0.5000,0.1000,6,0.01,0.0166667,0.5000,100.0,0.9997676462,8.710396217e-12,6.06
0.5000,0.1000,6,0.01,0.0166667,0.5000,1000.0,0.1684901772,8.710396217e-12,6.06
0.5000,0.1000,6,0.01,0.0166667,0.5000,10000.0,0,8.710396217e-12,6.06
0.5000,0.1000,6,0.01,0.0166667,0.5000,inf,0,8.710396217e-12,6.06
0.5000,0.1000,6,0.01,0.0166667,0.9000,100.0,0.9997800044,3.746659667e-14,6.06
0.5000,0.1000,6,0.01,0.0166667,0.9000,1000.0,0.1691637077,3.746659667e-14,6.06
0.5000,0.1000,6,0.01,0.0166667,0.9000,10000.0,0,3.746659667e-14,6.06
0.5000,0.1000,6,0.01,0.0166667,0.9000,inf,0,3.746659667e-14,6.06
0.5000,0.1000,6,0.01,0.1,0.5000,100.0,0.6140379596,2.737513309e-07,6.06
0.5000,0.1000,6,0.01,0.1,0.5000,1000.0,0,2.737513309e-07,6.06
0.5000,0.1000,6,0.01,0.1,0.5000,10000.0,0,2.737513309e-07,6.06
0.5000,0.1000,6,0.01,0.1,0.5000,inf,0,2.737513309e-07,6.06
0.5000,0.1000,6,0.01,0.1,0.9000,100.0,0.6226090913,1.50979088e-09,6.06
0.5000,0.1000,6,0.01,0.1,0.9000,1000.0,0,1.50979088e-09,6.06
0.5000,0.1000,6,0.01,0.1,0.9000,10000.0,0,1.50979088e-09,6.06
0.5000,0.1000,6,0.01,0.1,0.9000,inf,0,1.50979088e-09,6.06
0.5000,0.1000,6,0.01,1,0.5000,100.0,0,0.01182242433,6.06
0.5000,0.1000,6,0.01,1,0.5000,1000.0,0,0.01182242433,6.06
0.5000,0.1000,6,0.01,1,0.5000,10000.0,0,0.01182242433,6.06
0.5000,0.1000,6,0.01,1,0.5000,inf,0,0.01182242433,6.06
0.5000,0.1000,6,0.01,1,0.9000,100.0,0,0.000376262225,6.06
0.5000,0.1000,6,0.01,1,0.9000,1000.0,0,0.000376262225,6.06
0.5000,0.1000,6,0.01,1,0.9000,10000.0,0,0.000376262225,6.06
0.5000,0.1000,6,0.01,1,0.9000,inf,0,0.000376262225,6.06
0.5000,0.1000,6,0.1,0.0166667,0.5000,100.0,0.9998524947,5.254289441e-12,6.6
0.5000,0.1000,6,0.1,0.0166667,0.5000,1000.0,0.2322720809,5.254289441e-12,6.6
0.5000,0.1000,6,0.1,0.0166667,0.5000,10000.0,0,5.254289441e-12,6.6
0.5000,0.1000,6,0.1,0.0166667,0.5000,inf,0,5.254289441e-12,6.6
0.5000,0.1000,6,0.1,0.0166667,0.9000,100.0,0.999860428,2.250456894e-14,6.6
0.5000,0.1000,6,0.1,0.0166667,0.9000,1000.0,0.2330658213,2.250456894e-14,6.6
0.5000,0.1000,6,0.1,0.0166667,0.9000,10000.0,0,2.250456894e-14,6.6
0.5000,0.1000,6,0.1,0.0166667,0.9000,inf,0,2.250456894e-14,6.6
0.5000,0.1000,6,0.1,0.1,0.5000,100.0,0.6855489138,1.703271281e-07,6.6
0.5000,0.1000,6,0.1,0.1,0.5000,1000.0,2.203810166e-14,1.703271281e-07,6.6
0.5000,0.1000,6,0.1,0.1,0.5000,10000.0,0,1.703271281e-07,6.6
0.5000,0.1000,6,0.1,0.1,0.5000,inf,0,1.703271281e-07,6.6
0.5000,0.1000,6,0.1,0.1,0.9000,100.0,0.6933107387,9.176317362e-10,6.6
0.5000,0.1000,6,0.1,0.1,0.9000,1000.0,2.324643516e-14,9.176317362e-10,6.6
0.5000,0.1000,6,0.1,0.1,0.9000,10000.0,0,9.176317362e-10,6.6
0.5000,0.1000,6,0.1,0.1,0.9000,inf,0,9.176317362e-10,6.6
0.5000,0.1000,6,0.1,1,0.5000,100.0,1.710512981e-14,0.008885622602,6.6
0.5000,0.1000,6,0.1,1,0.5000,1000.0,0,0.008885622602,6.6
0.5000,0.1000,6,0.1,1,0.5000,10000.0,0,0.008885622602,6.6
0.5000,0.1000,6,0.1,1,0.5000,inf,0,0.008885622602,6.6
0.5000,0.1000,6,0.1,1,0.9000,100.0,2.405370433e-14,0.0002526400729,6.6
0.5000,0.1000,6,0.1,1,0.9000,1000.0,0,0.0002526400729,6.6
0.5000,0.1000,6,0.1,1,0.9000,10000.0,0,0.0002526400729,6.6
0.5000,0.1000,6,0.1,1,0.9000,inf,0,0.0002526400729,6.6
0.5000,0.1000,12,0.01,0.0166667,0.5000,100.0,0.9999999999,5.543816771e-23,12.12
0.5000,0.1000,12,0.01,0.0166667,0.5000,1000.0,0.8683250771,5.543816771e-23,12.12
0.5000,0.1000,12,0.01,0.0166667,0.5000,10000.0,0,5.543816771e-23,12.12
0.5000,0.1000,12,0.01,0.0166667,0.5000,inf,0,5.543816771e-23,12.12
0.5000,0.1000,12,0.01,0.0166667,0.9000,100.0,0.9999999999,5.469916486e-28,12.12
0.5000,0.1000,12,0.01,0.0166667,0.9000,1000.0,0.8689714079,5.469916486e-28,12.12
0.5000,0.1000,12,0.01,0.0166667,0.9000,10000.0,0,5.469916486e-28,12.12
0.5000,0.1000,12,0.01,0.0166667,0.9000,inf,0,5.469916486e-28,12.12
0.5000,0.1000,12,0.01,0.1,0.5000,100.0,0.9944208104,5.475774687e-14,12.12
0.5000,0.1000,12,0.01,0.1,0.5000,1000.0,4.231854021e-11,5.475774687e-14,12.12
0.5000,0.1000,12,0.01,0.1,0.5000,10000.0,0,5.475774687e-14,12.12
0.5000,0.1000,12,0.01,0.1,0.5000,inf,0,5.475774687e-14,12.12
0.5000,0.1000,12,0.01,0.1,0.9000,100.0,0.9948487297,8.882651506e-19,12.12
0.5000,0.1000,12,0.01,0.1,0.9000,1000.0,4.389516105e-11,8.882651506e-19,12.12
0.5000,0.1000,12,0.01,0.1,0.9000,10000.0,0,8.882651506e-19,12.12
0.5000,0.1000,12,0.01,0.1,0.9000,inf,0,8.882651506e-19,12.12
0.5000,0.1000,12,0.01,1,0.5000,100.0,3.177721001e-11,0.0001021291782,12.12
0.5000,0.1000,12,0.01,1,0.5000,1000.0,0,0.0001021291782,12.12
0.5000,0.1000,12,0.01,1,0.5000,10000.0,0,0.0001021291782,12.12
0.5000,0.1000,12,0.01,1,0.5000,inf,0,0.0001021291782,12.12
0.5000,0.1000,12,0.01,1,0.9000,100.0,4.118204477e-11,5.520270864e-08,12.12
0.5000,0.1000,12,0.01,1,0.9000,1000.0,0,5.520270864e-08,12.12
0.5000,0.1000,12,0.01,1,0.9000,10000.0,0,5.520270864e-08,12.12
0.5000,0.1000,12,0.01,1,0.9000,inf,0,5.520270864e-08,12.12
0.5000,0.1000,12,0.1,0.0166667,0.5000,100.0,1,2.017256075e-23,13.2
0.5000,0.1000,12,0.1,0.0166667,0.5000,1000.0,0.9156824966,2.017256075e-23,13.2
0.5000,0.1000,12,0.1,0.0166667,0.5000,10000.0,0,2.017256075e-23,13.2
0.5000,0.1000,12,0.1,0.0166667,0.5000,inf,0,2.017256075e-23,13.2
0.5000,0.1000,12,0.1,0.0166667,0.9000,100.0,1,1.973482772e-28,13.2
0.5000,0.1000,12,0.1,0.0166667,0.9000,1000.0,0.9161389049,1.973482772e-28,13.2
0.5000,0.1000,12,0.1,0.0166667,0.9000,10000.0,0,1.973482772e-28,13.2
0.5000,0.1000,12,0.1,0.0166667,0.9000,inf,0,1.973482772e-28,13.2
0.5000,0.1000,12,0.1,0.1,0.5000,100.0,0.9971121344,2.119828535e-14,13.2
0.5000,0.1000,12,0.1,0.1,0.5000,1000.0,9.780445394e-10,2.119828535e-14,13.2
0.5000,0.1000,12,0.1,0.1,0.5000,10000.0,0,2.119828535e-14,13.2
0.5000,0.1000,12,0.1,0.1,0.5000,inf,0,2.119828535e-14,13.2
0.5000,0.1000,12,0.1,0.1,0.9000,100.0,0.9973445179,3.281286582e-19,13.2
0.5000,0.1000,12,0.1,0.1,0.9000,1000.0,1.010793103e-09,3.281286582e-19,13.2
0.5000,0.1000,12,0.1,0.1,0.9000,10000.0,0,3.281286582e-19,13.2
0.5000,0.1000,12,0.1,0.1,0.9000,inf,0,3.281286582e-19,13.2
0.5000,0.1000,12,0.1,1,0.5000,100.0,7.493017822e-10,5.769147914e-05,13.2
0.5000,0.1000,12,0.1,1,0.5000,1000.0,0,5.769147914e-05,13.2
0.5000,0.1000,12,0.1,1,0.5000,10000.0,0,5.769147914e-05,13.2
0.5000,0.1000,12,0.1,1,0.5000,inf,0,5.769147914e-05,13.2
0.5000,0.1000,12,0.1,1,0.9000,100.0,9.531547686e-10,2.488591191e-08,13.2
0.5000,0.1000,12,0.1,1,0.9000,1000.0,0,2.488591191e-08,13.2
0.5000,0.1000,12,0.1,1,0.9000,10000.0,0,2.488591191e-08,13.2
0.5000,0.1000,12,0.1,1,0.9000,inf,0,2.488591191e-08,13.2
0.5000,0.2500,1,0.01,0.0166667,0.5000,100.0,0.4322788631,0.02161565905,1.01
0.5000,0.2500,1,0.01,0.0166667,0.5000,1000.0,0.0002575164499,0.02161565905,1.01
0.5000,0.2500,1,0.01,0.0166667,0.5000,10000.0,0,0.02161565905,1.01
0.5000,0.2500,1,0.01,0.0166667,0.5000,inf,0,0.02161565905,1.01
0.5000,0.2500,1,0.01,0.0166667,0.9000,100.0,0.4364720322,0.01212518564,1.01
0.5000,0.2500,1,0.01,0.0166667,0.9000,1000.0,0.0002600143977,0.01212518564,1.01
0.5000,0.2500,1,0.01,0.0166667,0.9000,10000.0,0,0.01212518564,1.01
0.5000,0.2500,1,0.01,0.0166667,0.9000,inf,0,0.01212518564,1.01
0.5000,0.2500,1,0.01,0.1,0.5000,100.0,0.006552436869,0.1192030518,1.01
0.5000,0.2500,1,0.01,0.1,0.5000,1000.0,0,0.1192030518,1.01
0.5000,0.2500,1,0.01,0.1,0.5000,10000.0,0,0.1192030518,1.01
0.5000,0.2500,1,0.01,0.1,0.5000,inf,0,0.1192030518,1.01
0.5000,0.2500,1,0.01,0.1,0.9000,100.0,0.00691899947,0.0699286785,1.01
0.5000,0.2500,1,0.01,0.1,0.9000,1000.0,0,0.0699286785,1.01
0.5000,0.2500,1,0.01,0.1,0.9000,10000.0,0,0.0699286785,1.01
0.5000,0.2500,1,0.01,0.1,0.9000,inf,0,0.0699286785,1.01
0.5000,0.2500,1,0.01,1,0.5000,100.0,0,0.6307526717,1.01
0.5000,0.2500,1,0.01,1,0.5000,1000.0,0,0.6307526717,1.01
0.5000,0.2500,1,0.01,1,0.5000,10000.0,0,0.6307526717,1.01
0.5000,0.2500,1,0.01,1,0.5000,inf,0,0.6307526717,1.01
0.5000,0.2500,1,0.01,1,0.9000,100.0,0,0.4869181044,1.01
0.5000,0.2500,1,0.01,1,0.9000,1000.0,0,0.4869181044,1.01
0.5000,0.2500,1,0.01,1,0.9000,10000.0,0,0.4869181044,1.01
0.5000,0.2500,1,0.01,1,0.9000,inf,0,0.4869181044,1.01
0.5000,0.2500,1,0.1,0.0166667,0.5000,100.0,0.4629779449,0.01987568287,1.1
0.5000,0.2500,1,0.1,0.0166667,0.5000,1000.0,0.0005063625317,0.01987568287,1.1
0.5000,0.2500,1,0.1,0.0166667,0.5000,10000.0,0,0.01987568287,1.1
0.5000,0.2500,1,0.1,0.0166667,0.5000,inf,0,0.01987568287,1.1
0.5000,0.2500,1,0.1,0.0166667,0.9000,100.0,0.4671041736,0.01114045679,1.1
0.5000,0.2500,1,0.1,0.0166667,0.9000,1000.0,0.0005108754197,0.01114045679,1.1
0.5000,0.2500,1,0.1,0.0166667,0.9000,10000.0,0,0.01114045679,1.1
0.5000,0.2500,1,0.1,0.0166667,0.9000,inf,0,0.01114045679,1.1
0.5000,0.2500,1,0.1,0.1,0.5000,100.0,0.009883368329,0.1103275355,1.1
0.5000,0.2500,1,0.1,0.1,0.5000,1000.0,0,0.1103275355,1.1
0.5000,0.2500,1,0.1,0.1,0.5000,10000.0,0,0.1103275355,1.1
0.5000,0.2500,1,0.1,0.1,0.5000,inf,0,0.1103275355,1.1
0.5000,0.2500,1,0.1,0.1,0.9000,100.0,0.01039298262,0.06445351876,1.1
0.5000,0.2500,1,0.1,0.1,0.9000,1000.0,0,0.06445351876,1.1
0.5000,0.2500,1,0.1,0.1,0.9000,10000.0,0,0.06445351876,1.1
0.5000,0.2500,1,0.1,0.1,0.9000,inf,0,0.06445351876,1.1
0.5000,0.2500,1,0.1,1,0.5000,100.0,0,0.6054529987,1.1
0.5000,0.2500,1,0.1,1,0.5000,1000.0,0,0.6054529987,1.1
0.5000,0.2500,1,0.1,1,0.5000,10000.0,0,0.6054529987,1.1
0.5000,0.2500,1,0.1,1,0.5000,inf,0,0.6054529987,1.1
0.5000,0.2500,1,0.1,1,0.9000,100.0,0,0.4601973965,1.1
0.5000,0.2500,1,0.1,1,0.9000,1000.0,0,0.4601973965,1.1
0.5000,0.2500,1,0.1,1,0.9000,10000.0,0,0.4601973965,1.1
0.5000,0.2500,1,0.1,1,0.9000,inf,0,0.4601973965,1.1
0.5000,0.2500,3,0.01,0.0166667,0.5000,100.0,0.9468007233,6.555328774e-06,3.03
0.5000,0.2500,3,0.01,0.0166667,0.5000,1000.0,0.01117971117,6.555328774e-06,3.03
0.5000,0.2500,3,0.01,0.0166667,0.5000,10000.0,0,6.555328774e-06,3.03
0.5000,0.2500,3,0.01,0.0166667,0.5000,inf,0,6.555328774e-06,3.03
0.5000,0.2500,3,0.01,0.0166667,0.9000,100.0,0.9483040679,7.163757166e-07,3.03
0.5000,0.2500,3,0.01,0.0166667,0.9000,1000.0,0.01126518055,7.163757166e-07,3.03
0.5000,0.2500,3,0.01,0.0166667,0.9000,10000.0,0,7.163757166e-07,3.03
0.5000,0.2500,3,0.01,0.0166667,0.9000,inf,0,7.163757166e-07,3.03
0.5000,0.2500,3,0.01,0.1,0.5000,100.0,0.122161774,0.001104727397,3.03
0.5000,0.2500,3,0.01,0.1,0.5000,1000.0,0,0.001104727397,3.03
0.5000,0.2500,3,0.01,0.1,0.5000,10000.0,0,0.001104727397,3.03
0.5000,0.2500,3,0.01,0.1,0.5000,inf,0,0.001104727397,3.03
0.5000,0.2500,3,0.01,0.1,0.9000,100.0,0.1268747442,0.0001390052575,3.03
0.5000,0.2500,3,0.01,0.1,0.9000,1000.0,0,0.0001390052575,3.03
0.5000,0.2500,3,0.01,0.1,0.9000,10000.0,0,0.0001390052575,3.03
0.5000,0.2500,3,0.01,0.1,0.9000,inf,0,0.0001390052575,3.03
0.5000,0.2500,3,0.01,1,0.5000,100.0,0,0.1724075318,3.03
0.5000,0.2500,3,0.01,1,0.5000,1000.0,0,0.1724075318,3.03
0.5000,0.2500,3,0.01,1,0.5000,10000.0,0,0.1724075318,3.03
0.5000,0.2500,3,0.01,1,0.5000,inf,0,0.1724075318,3.03
0.5000,0.2500,3,0.01,1,0.9000,100.0,0,0.05302825943,3.03
0.5000,0.2500,3,0.01,1,0.9000,1000.0,0,0.05302825943,3.03
0.5000,0.2500,3,0.01,1,0.9000,10000.0,0,0.05302825943,3.03
0.5000,0.2500,3,0.01,1,0.9000,inf,0,0.05302825943,3.03
0.5000,0.2500,3,0.1,0.0166667,0.5000,100.0,0.9567378285,5.095898547e-06,3.3
0.5000,0.2500,3,0.1,0.0166667,0.5000,1000.0,0.01892688791,5.095898547e-06,3.3
0.5000,0.2500,3,0.1,0.0166667,0.5000,10000.0,0,5.095898547e-06,3.3
0.5000,0.2500,3,0.1,0.0166667,0.5000,inf,0,5.095898547e-06,3.3
0.5000,0.2500,3,0.1,0.0166667,0.9000,100.0,0.9579850868,5.555241449e-07,3.3
0.5000,0.2500,3,0.1,0.0166667,0.9000,1000.0,0.01905706726,5.555241449e-07,3.3
0.5000,0.2500,3,0.1,0.0166667,0.9000,10000.0,0,5.555241449e-07,3.3
0.5000,0.2500,3,0.1,0.0166667,0.9000,inf,0,5.555241449e-07,3.3
0.5000,0.2500,3,0.1,0.1,0.5000,100.0,0.1606627311,0.0008754638726,3.3
0.5000,0.2500,3,0.1,0.1,0.5000,1000.0,0,0.0008754638726,3.3
0.5000,0.2500,3,0.1,0.1,0.5000,10000.0,0,0.0008754638726,3.3
0.5000,0.2500,3,0.1,0.1,0.5000,inf,0,0.0008754638726,3.3
0.5000,0.2500,3,0.1,0.1,0.9000,100.0,0.1661885768,0.0001087215616,3.3
0.5000,0.2500,3,0.1,0.1,0.9000,1000.0,0,0.0001087215616,3.3
0.5000,0.2500,3,0.1,0.1,0.9000,10000.0,0,0.0001087215616,3.3
0.5000,0.2500,3,0.1,0.1,0.9000,inf,0,0.0001087215616,3.3
0.5000,0.2500,3,0.1,1,0.5000,100.0,0,0.1517688548,3.3
0.5000,0.2500,3,0.1,1,0.5000,1000.0,0,0.1517688548,3.3
0.5000,0.2500,3,0.1,1,0.5000,10000.0,0,0.1517688548,3.3
0.5000,0.2500,3,0.1,1,0.5000,inf,0,0.1517688548,3.3
0.5000,0.2500,3,0.1,1,0.9000,100.0,0,0.04428184055,3.3
0.5000,0.2500,3,0.1,1,0.9000,1000.0,0,0.04428184055,3.3
0.5000,0.2500,3,0.1,1,0.9000,10000.0,0,0.04428184055,3.3
0.5000,0.2500,3,0.1,1,0.9000,inf,0,0.04428184055,3.3
0.5000,0.2500,6,0.01,0.0166667,0.5000,100.0,0.9997617396,3.365736961e-11,6.06
0.5000,0.2500,6,0.01,0.0166667,0.5000,1000.0,0.1681884984,3.365736961e-11,6.06
0.5000,0.2500,6,0.01,0.0166667,0.5000,10000.0,0,3.365736961e-11,6.06
0.5000,0.2500,6,0.01,0.0166667,0.5000,inf,0,3.365736961e-11,6.06
0.5000,0.2500,6,0.01,0.0166667,0.9000,100.0,0.9997770108,2.767998585e-13,6.06
0.5000,0.2500,6,0.01,0.0166667,0.9000,1000.0,0.1689949191,2.767998585e-13,6.06
0.5000,0.2500,6,0.01,0.0166667,0.9000,10000.0,0,2.767998585e-13,6.06
0.5000,0.2500,6,0.01,0.0166667,0.9000,inf,0,2.767998585e-13,6.06
0.5000,0.2500,6,0.01,0.1,0.5000,100.0,0.6101889063,9.558405813e-07,6.06
0.5000,0.2500,6,0.01,0.1,0.5000,1000.0,0,9.558405813e-07,6.06
0.5000,0.2500,6,0.01,0.1,0.5000,10000.0,0,9.558405813e-07,6.06
0.5000,0.2500,6,0.01,0.1,0.5000,inf,0,9.558405813e-07,6.06
0.5000,0.2500,6,0.01,0.1,0.9000,100.0,0.620464862,1.041868515e-08,6.06
0.5000,0.2500,6,0.01,0.1,0.9000,1000.0,0,1.041868515e-08,6.06
0.5000,0.2500,6,0.01,0.1,0.9000,10000.0,0,1.041868515e-08,6.06
0.5000,0.2500,6,0.01,0.1,0.9000,inf,0,1.041868515e-08,6.06
0.5000,0.2500,6,0.01,1,0.5000,100.0,0,0.0232612904,6.06
0.5000,0.2500,6,0.01,1,0.5000,1000.0,0,0.0232612904,6.06
0.5000,0.2500,6,0.01,1,0.5000,10000.0,0,0.0232612904,6.06
0.5000,0.2500,6,0.01,1,0.5000,inf,0,0.0232612904,6.06
0.5000,0.2500,6,0.01,1,0.9000,100.0,0,0.001510385181,6.06
0.5000,0.2500,6,0.01,1,0.9000,1000.0,0,0.001510385181,6.06
0.5000,0.2500,6,0.01,1,0.9000,10000.0,0,0.001510385181,6.06
0.5000,0.2500,6,0.01,1,0.9000,inf,0,0.001510385181,6.06
0.5000,0.2500,6,0.1,0.0166667,0.5000,100.0,0.9998486987,2.033915958e-11,6.6
0.5000,0.2500,6,0.1,0.0166667,0.5000,1000.0,0.2319162182,2.033915958e-11,6.6
0.5000,0.2500,6,0.1,0.0166667,0.5000,10000.0,0,2.033915958e-11,6.6
0.5000,0.2500,6,0.1,0.0166667,0.5000,inf,0,2.033915958e-11,6.6
0.5000,0.2500,6,0.1,0.0166667,0.9000,100.0,0.9998585073,1.6645321e-13,6.6
0.5000,0.2500,6,0.1,0.0166667,0.9000,1000.0,0.2328670064,1.6645321e-13,6.6
0.5000,0.2500,6,0.1,0.0166667,0.9000,10000.0,0,1.6645321e-13,6.6
0.5000,0.2500,6,0.1,0.0166667,0.9000,inf,0,1.6645321e-13,6.6
0.5000,0.2500,6,0.1,0.1,0.5000,100.0,0.682043054,6.00279282e-07,6.6
0.5000,0.2500,6,0.1,0.1,0.5000,1000.0,2.151930347e-14,6.00279282e-07,6.6
0.5000,0.2500,6,0.1,0.1,0.5000,10000.0,0,6.00279282e-07,6.6
0.5000,0.2500,6,0.1,0.1,0.5000,inf,0,6.00279282e-07,6.6
0.5000,0.2500,6,0.1,0.1,0.9000,100.0,0.6913747972,6.373752282e-09,6.6
0.5000,0.2500,6,0.1,0.1,0.9000,1000.0,2.293889912e-14,6.373752282e-09,6.6
0.5000,0.2500,6,0.1,0.1,0.9000,10000.0,0,6.373752282e-09,6.6
0.5000,0.2500,6,0.1,0.1,0.9000,inf,0,6.373752282e-09,6.6
0.5000,0.2500,6,0.1,1,0.5000,100.0,1.506005607e-14,0.01802742154,6.6
0.5000,0.2500,6,0.1,1,0.5000,1000.0,0,0.01802742154,6.6
0.5000,0.2500,6,0.1,1,0.5000,10000.0,0,0.01802742154,6.6
0.5000,0.2500,6,0.1,1,0.5000,inf,0,0.01802742154,6.6
0.5000,0.2500,6,0.1,1,0.9000,100.0,2.19084321e-14,0.001053624236,6.6
0.5000,0.2500,6,0.1,1,0.9000,1000.0,0,0.001053624236,6.6
0.5000,0.2500,6,0.1,1,0.9000,10000.0,0,0.001053624236,6.6
0.5000,0.2500,6,0.1,1,0.9000,inf,0,0.001053624236,6.6
0.5000,0.2500,12,0.01,0.0166667,0.5000,100.0,0.9999999999,8.873813921e-22,12.12
0.5000,0.2500,12,0.01,0.0166667,0.5000,1000.0,0.8680330955,8.873813921e-22,12.12
0.5000,0.2500,12,0.01,0.0166667,0.5000,10000.0,0,8.873813921e-22,12.12
0.5000,0.2500,12,0.01,0.0166667,0.5000,inf,0,8.873813921e-22,12.12
0.5000,0.2500,12,0.01,0.0166667,0.9000,100.0,0.9999999999,4.1462901e-26,12.12
0.5000,0.2500,12,0.01,0.0166667,0.9000,1000.0,0.8688101512,4.1462901e-26,12.12
0.5000,0.2500,12,0.01,0.0166667,0.9000,10000.0,0,4.1462901e-26,12.12
0.5000,0.2500,12,0.01,0.0166667,0.9000,inf,0,4.1462901e-26,12.12
0.5000,0.2500,12,0.01,0.1,0.5000,100.0,0.9942107585,7.15683349e-13,12.12
0.5000,0.2500,12,0.01,0.1,0.5000,1000.0,4.164520494e-11,7.15683349e-13,12.12
0.5000,0.2500,12,0.01,0.1,0.5000,10000.0,0,7.15683349e-13,12.12
0.5000,0.2500,12,0.01,0.1,0.5000,inf,0,7.15683349e-13,12.12
0.5000,0.2500,12,0.01,0.1,0.9000,100.0,0.9947465474,5.874298554e-17,12.12
0.5000,0.2500,12,0.01,0.1,0.9000,1000.0,4.349016531e-11,5.874298554e-17,12.12
0.5000,0.2500,12,0.01,0.1,0.9000,10000.0,0,5.874298554e-17,12.12
0.5000,0.2500,12,0.01,0.1,0.9000,inf,0,5.874298554e-17,12.12
0.5000,0.2500,12,0.01,1,0.5000,100.0,2.881339294e-11,0.0004238565504,12.12
0.5000,0.2500,12,0.01,1,0.5000,1000.0,0,0.0004238565504,12.12
0.5000,0.2500,12,0.01,1,0.5000,10000.0,0,0.0004238565504,12.12
0.5000,0.2500,12,0.01,1,0.5000,inf,0,0.0004238565504,12.12
0.5000,0.2500,12,0.01,1,0.9000,100.0,3.834656666e-11,1.234719066e-06,12.12
0.5000,0.2500,12,0.01,1,0.9000,1000.0,0,1.234719066e-06,12.12
0.5000,0.2500,12,0.01,1,0.9000,10000.0,0,1.234719066e-06,12.12
0.5000,0.2500,12,0.01,1,0.9000,inf,0,1.234719066e-06,12.12
0.5000,0.2500,12,0.1,0.0166667,0.5000,100.0,1,3.240529514e-22,13.2
0.5000,0.2500,12,0.1,0.0166667,0.5000,1000.0,0.9154761116,3.240529514e-22,13.2
0.5000,0.2500,12,0.1,0.0166667,0.5000,10000.0,0,3.240529514e-22,13.2
0.5000,0.2500,12,0.1,0.0166667,0.5000,inf,0,3.240529514e-22,13.2
0.5000,0.2500,12,0.1,0.0166667,0.9000,100.0,1,1.499381933e-26,13.2
0.5000,0.2500,12,0.1,0.0166667,0.9000,1000.0,0.9160250905,1.499381933e-26,13.2
0.5000,0.2500,12,0.1,0.0166667,0.9000,10000.0,0,1.499381933e-26,13.2
0.5000,0.2500,12,0.1,0.0166667,0.9000,inf,0,1.499381933e-26,13.2
0.5000,0.2500,12,0.1,0.1,0.5000,100.0,0.9969972801,2.822647793e-13,13.2
0.5000,0.2500,12,0.1,0.1,0.5000,1000.0,9.639850377e-10,2.822647793e-13,13.2
0.5000,0.2500,12,0.1,0.1,0.5000,10000.0,0,2.822647793e-13,13.2
0.5000,0.2500,12,0.1,0.1,0.5000,inf,0,2.822647793e-13,13.2
0.5000,0.2500,12,0.1,0.1,0.9000,100.0,0.9972892228,2.198468824e-17,13.2
0.5000,0.2500,12,0.1,0.1,0.9000,1000.0,1.002403689e-09,2.198468824e-17,13.2
0.5000,0.2500,12,0.1,0.1,0.9000,10000.0,0,2.198468824e-17,13.2
0.5000,0.2500,12,0.1,0.1,0.9000,inf,0,2.198468824e-17,13.2
0.5000,0.2500,12,0.1,1,0.5000,100.0,6.834525304e-10,0.0002545764338,13.2
0.5000,0.2500,12,0.1,1,0.5000,1000.0,0,0.0002545764338,13.2
0.5000,0.2500,12,0.1,1,0.5000,10000.0,0,0.0002545764338,13.2
0.5000,0.2500,12,0.1,1,0.5000,inf,0,0.0002545764338,13.2
0.5000,0.2500,12,0.1,1,0.9000,100.0,8.924976409e-10,6.008341743e-07,13.2
0.5000,0.2500,12,0.1,1,0.9000,1000.0,0,6.008341743e-07,13.2
0.5000,0.2500,12,0.1,1,0.9000,10000.0,0,6.008341743e-07,13.2
0.5000,0.2500,12,0.1,1,0.9000,inf,0,6.008341743e-07,13.2
0.5000,0.4000,1,0.01,0.0166667,0.5000,100.0,0.4299554206,0.02687434713,1.01
0.5000,0.4000,1,0.01,0.0166667,0.5000,1000.0,0.0002561323326,0.02687434713,1.01
0.5000,0.4000,1,0.01,0.0166667,0.5000,10000.0,0,0.02687434713,1.01
0.5000,0.4000,1,0.01,0.0166667,0.5000,inf,0,0.02687434713,1.01
0.5000,0.4000,1,0.01,0.0166667,0.9000,100.0,0.4351529546,0.01511067711,1.01
0.5000,0.4000,1,0.01,0.0166667,0.9000,1000.0,0.0002592285989,0.01511067711,1.01
0.5000,0.4000,1,0.01,0.0166667,0.9000,10000.0,0,0.01511067711,1.01
0.5000,0.4000,1,0.01,0.0166667,0.9000,inf,0,0.01511067711,1.01
0.5000,0.4000,1,0.01,0.1,0.5000,100.0,0.00636281998,0.1446918861,1.01
0.5000,0.4000,1,0.01,0.1,0.5000,1000.0,0,0.1446918861,1.01
0.5000,0.4000,1,0.01,0.1,0.5000,10000.0,0,0.1446918861,1.01
0.5000,0.4000,1,0.01,0.1,0.5000,inf,0,0.1446918861,1.01
0.5000,0.4000,1,0.01,0.1,0.9000,100.0,0.006800118643,0.08590897289,1.01
0.5000,0.4000,1,0.01,0.1,0.9000,1000.0,0,0.08590897289,1.01
0.5000,0.4000,1,0.01,0.1,0.9000,10000.0,0,0.08590897289,1.01
0.5000,0.4000,1,0.01,0.1,0.9000,inf,0,0.08590897289,1.01
0.5000,0.4000,1,0.01,1,0.5000,100.0,0,0.6810476789,1.01
0.5000,0.4000,1,0.01,1,0.5000,1000.0,0,0.6810476789,1.01
0.5000,0.4000,1,0.01,1,0.5000,10000.0,0,0.6810476789,1.01
0.5000,0.4000,1,0.01,1,0.5000,inf,0,0.6810476789,1.01
0.5000,0.4000,1,0.01,1,0.9000,100.0,0,0.5425974946,1.01
0.5000,0.4000,1,0.01,1,0.9000,1000.0,0,0.5425974946,1.01
0.5000,0.4000,1,0.01,1,0.9000,10000.0,0,0.5425974946,1.01
0.5000,0.4000,1,0.01,1,0.9000,inf,0,0.5425974946,1.01
0.5000,0.4000,1,0.1,0.0166667,0.5000,100.0,0.4606888187,0.02472176311,1.1
0.5000,0.4000,1,0.1,0.0166667,0.5000,1000.0,0.0005038588968,0.02472176311,1.1
0.5000,0.4000,1,0.1,0.0166667,0.5000,10000.0,0,0.02472176311,1.1
0.5000,0.4000,1,0.1,0.0166667,0.5000,inf,0,0.02472176311,1.1
0.5000,0.4000,1,0.1,0.0166667,0.9000,100.0,0.4658068483,0.0138868944,1.1
0.5000,0.4000,1,0.1,0.0166667,0.9000,1000.0,0.000509456525,0.0138868944,1.1
0.5000,0.4000,1,0.1,0.0166667,0.9000,10000.0,0,0.0138868944,1.1
0.5000,0.4000,1,0.1,0.0166667,0.9000,inf,0,0.0138868944,1.1
0.5000,0.4000,1,0.1,0.1,0.5000,100.0,0.009618083467,0.1342077176,1.1
0.5000,0.4000,1,0.1,0.1,0.5000,1000.0,0,0.1342077176,1.1
0.5000,0.4000,1,0.1,0.1,0.5000,10000.0,0,0.1342077176,1.1
0.5000,0.4000,1,0.1,0.1,0.5000,inf,0,0.1342077176,1.1
0.5000,0.4000,1,0.1,0.1,0.9000,100.0,0.0102281722,0.07928928017,1.1
0.5000,0.4000,1,0.1,0.1,0.9000,1000.0,0,0.07928928017,1.1
0.5000,0.4000,1,0.1,0.1,0.9000,10000.0,0,0.07928928017,1.1
0.5000,0.4000,1,0.1,0.1,0.9000,inf,0,0.07928928017,1.1
0.5000,0.4000,1,0.1,1,0.5000,100.0,0,0.6573218735,1.1
0.5000,0.4000,1,0.1,1,0.5000,1000.0,0,0.6573218735,1.1
0.5000,0.4000,1,0.1,1,0.5000,10000.0,0,0.6573218735,1.1
0.5000,0.4000,1,0.1,1,0.5000,inf,0,0.6573218735,1.1
0.5000,0.4000,1,0.1,1,0.9000,100.0,0,0.5158935307,1.1
0.5000,0.4000,1,0.1,1,0.9000,1000.0,0,0.5158935307,1.1
0.5000,0.4000,1,0.1,1,0.9000,10000.0,0,0.5158935307,1.1
0.5000,0.4000,1,0.1,1,0.9000,inf,0,0.5158935307,1.1
0.5000,0.4000,3,0.01,0.0166667,0.5000,100.0,0.9459377996,1.388798661e-05,3.03
0.5000,0.4000,3,0.01,0.0166667,0.5000,1000.0,0.01113218239,1.388798661e-05,3.03
0.5000,0.4000,3,0.01,0.0166667,0.5000,10000.0,0,1.388798661e-05,3.03
0.5000,0.4000,3,0.01,0.0166667,0.5000,inf,0,1.388798661e-05,3.03
0.5000,0.4000,3,0.01,0.0166667,0.9000,100.0,0.9478385385,1.757609513e-06,3.03
0.5000,0.4000,3,0.01,0.0166667,0.9000,1000.0,0.01123833631,1.757609513e-06,3.03
0.5000,0.4000,3,0.01,0.0166667,0.9000,10000.0,0,1.757609513e-06,3.03
0.5000,0.4000,3,0.01,0.0166667,0.9000,inf,0,1.757609513e-06,3.03
0.5000,0.4000,3,0.01,0.1,0.5000,100.0,0.1196483695,0.00217548017,3.03
0.5000,0.4000,3,0.01,0.1,0.5000,1000.0,0,0.00217548017,3.03
0.5000,0.4000,3,0.01,0.1,0.5000,10000.0,0,0.00217548017,3.03
0.5000,0.4000,3,0.01,0.1,0.5000,inf,0,0.00217548017,3.03
0.5000,0.4000,3,0.01,0.1,0.9000,100.0,0.1253670935,0.0003255783653,3.03
0.5000,0.4000,3,0.01,0.1,0.9000,1000.0,0,0.0003255783653,3.03
0.5000,0.4000,3,0.01,0.1,0.9000,10000.0,0,0.0003255783653,3.03
0.5000,0.4000,3,0.01,0.1,0.9000,inf,0,0.0003255783653,3.03
0.5000,0.4000,3,0.01,1,0.5000,100.0,0,0.2360020836,3.03
0.5000,0.4000,3,0.01,1,0.5000,1000.0,0,0.2360020836,3.03
0.5000,0.4000,3,0.01,1,0.5000,10000.0,0,0.2360020836,3.03
0.5000,0.4000,3,0.01,1,0.5000,inf,0,0.2360020836,3.03
0.5000,0.4000,3,0.01,1,0.9000,100.0,0,0.08934836107,3.03
0.5000,0.4000,3,0.01,1,0.9000,1000.0,0,0.08934836107,3.03
0.5000,0.4000,3,0.01,1,0.9000,10000.0,0,0.08934836107,3.03
0.5000,0.4000,3,0.01,1,0.9000,inf,0,0.08934836107,3.03
0.5000,0.4000,3,0.1,0.0166667,0.5000,100.0,0.9560209666,1.081029897e-05,3.3
0.5000,0.4000,3,0.1,0.0166667,0.5000,1000.0,0.01885440777,1.081029897e-05,3.3
0.5000,0.4000,3,0.1,0.0166667,0.5000,10000.0,0,1.081029897e-05,3.3
0.5000,0.4000,3,0.1,0.0166667,0.5000,inf,0,1.081029897e-05,3.3
0.5000,0.4000,3,0.1,0.0166667,0.9000,100.0,0.9575990785,1.364046635e-06,3.3
0.5000,0.4000,3,0.1,0.0166667,0.9000,1000.0,0.01901620252,1.364046635e-06,3.3
0.5000,0.4000,3,0.1,0.0166667,0.9000,10000.0,0,1.364046635e-06,3.3
0.5000,0.4000,3,0.1,0.0166667,0.9000,inf,0,1.364046635e-06,3.3
0.5000,0.4000,3,0.1,0.1,0.5000,100.0,0.1576958993,0.001735394797,3.3
0.5000,0.4000,3,0.1,0.1,0.5000,1000.0,0,0.001735394797,3.3
0.5000,0.4000,3,0.1,0.1,0.5000,10000.0,0,0.001735394797,3.3
0.5000,0.4000,3,0.1,0.1,0.5000,inf,0,0.001735394797,3.3
0.5000,0.4000,3,0.1,0.1,0.9000,100.0,0.1644261734,0.0002557660591,3.3
0.5000,0.4000,3,0.1,0.1,0.9000,1000.0,0,0.0002557660591,3.3
0.5000,0.4000,3,0.1,0.1,0.9000,10000.0,0,0.0002557660591,3.3
0.5000,0.4000,3,0.1,0.1,0.9000,inf,0,0.0002557660591,3.3
0.5000,0.4000,3,0.1,1,0.5000,100.0,0,0.211430629,3.3
0.5000,0.4000,3,0.1,1,0.5000,1000.0,0,0.211430629,3.3
0.5000,0.4000,3,0.1,1,0.5000,10000.0,0,0.211430629,3.3
0.5000,0.4000,3,0.1,1,0.5000,inf,0,0.211430629,3.3
0.5000,0.4000,3,0.1,1,0.9000,100.0,0,0.07620734036,3.3
0.5000,0.4000,3,0.1,1,0.9000,1000.0,0,0.07620734036,3.3
0.5000,0.4000,3,0.1,1,0.9000,10000.0,0,0.07620734036,3.3
0.5000,0.4000,3,0.1,1,0.9000,inf,0,0.07620734036,3.3
0.5000,0.4000,6,0.01,0.0166667,0.5000,100.0,0.9997524527,1.605120724e-10,6.06
0.5000,0.4000,6,0.01,0.0166667,0.5000,1000.0,0.1677376149,1.605120724e-10,6.06
0.5000,0.4000,6,0.01,0.0166667,0.5000,10000.0,0,1.605120724e-10,6.06
0.5000,0.4000,6,0.01,0.0166667,0.5000,inf,0,1.605120724e-10,6.06
0.5000,0.4000,6,0.01,0.0166667,0.9000,100.0,0.9997724018,2.041625454e-12,6.06
0.5000,0.4000,6,0.01,0.0166667,0.9000,1000.0,0.168742244,2.041625454e-12,6.06
0.5000,0.4000,6,0.01,0.0166667,0.9000,10000.0,0,2.041625454e-12,6.06
0.5000,0.4000,6,0.01,0.0166667,0.9000,inf,0,2.041625454e-12,6.06
0.5000,0.4000,6,0.01,0.1,0.5000,100.0,0.6044303171,3.938509166e-06,6.06
0.5000,0.4000,6,0.01,0.1,0.5000,1000.0,0,3.938509166e-06,6.06
0.5000,0.4000,6,0.01,0.1,0.5000,10000.0,0,3.938509166e-06,6.06
0.5000,0.4000,6,0.01,0.1,0.5000,inf,0,3.938509166e-06,6.06
0.5000,0.4000,6,0.01,0.1,0.9000,100.0,0.6172499911,7.00459477e-08,6.06
0.5000,0.4000,6,0.01,0.1,0.9000,1000.0,0,7.00459477e-08,6.06
0.5000,0.4000,6,0.01,0.1,0.9000,10000.0,0,7.00459477e-08,6.06
0.5000,0.4000,6,0.01,0.1,0.9000,inf,0,7.00459477e-08,6.06
0.5000,0.4000,6,0.01,1,0.5000,100.0,0,0.04632842027,6.06
0.5000,0.4000,6,0.01,1,0.5000,1000.0,0,0.04632842027,6.06
0.5000,0.4000,6,0.01,1,0.5000,10000.0,0,0.04632842027,6.06
0.5000,0.4000,6,0.01,1,0.5000,inf,0,0.04632842027,6.06
0.5000,0.4000,6,0.01,1,0.9000,100.0,0,0.005263870422,6.06
0.5000,0.4000,6,0.01,1,0.9000,1000.0,0,0.005263870422,6.06
0.5000,0.4000,6,0.01,1,0.9000,10000.0,0,0.005263870422,6.06
0.5000,0.4000,6,0.01,1,0.9000,inf,0,0.005263870422,6.06
0.5000,0.4000,6,0.1,0.0166667,0.5000,100.0,0.9998427252,9.725336656e-11,6.6
0.5000,0.4000,6,0.1,0.0166667,0.5000,1000.0,0.2313839588,9.725336656e-11,6.6
0.5000,0.4000,6,0.1,0.0166667,0.5000,10000.0,0,9.725336656e-11,6.6
0.5000,0.4000,6,0.1,0.0166667,0.5000,inf,0,9.725336656e-11,6.6
0.5000,0.4000,6,0.1,0.0166667,0.9000,100.0,0.9998555489,1.229675869e-12,6.6
0.5000,0.4000,6,0.1,0.0166667,0.9000,1000.0,0.2325692589,1.229675869e-12,6.6
0.5000,0.4000,6,0.1,0.0166667,0.9000,10000.0,0,1.229675869e-12,6.6
0.5000,0.4000,6,0.1,0.0166667,0.9000,inf,0,1.229675869e-12,6.6
0.5000,0.4000,6,0.1,0.1,0.5000,100.0,0.6767744451,2.50621885e-06,6.6
0.5000,0.4000,6,0.1,0.1,0.5000,1000.0,2.077214428e-14,2.50621885e-06,6.6
0.5000,0.4000,6,0.1,0.1,0.5000,10000.0,0,2.50621885e-06,6.6
0.5000,0.4000,6,0.1,0.1,0.5000,inf,0,2.50621885e-06,6.6
0.5000,0.4000,6,0.1,0.1,0.9000,100.0,0.6884649381,4.322786684e-08,6.6
0.5000,0.4000,6,0.1,0.1,0.9000,1000.0,2.248321619e-14,4.322786684e-08,6.6
0.5000,0.4000,6,0.1,0.1,0.9000,10000.0,0,4.322786684e-08,6.6
0.5000,0.4000,6,0.1,0.1,0.9000,inf,0,4.322786684e-08,6.6
0.5000,0.4000,6,0.1,1,0.5000,100.0,1.274147454e-14,0.03718614786,6.6
0.5000,0.4000,6,0.1,1,0.5000,1000.0,0,0.03718614786,6.6
0.5000,0.4000,6,0.1,1,0.5000,10000.0,0,0.03718614786,6.6
0.5000,0.4000,6,0.1,1,0.5000,inf,0,0.03718614786,6.6
0.5000,0.4000,6,0.1,1,0.9000,100.0,1.924331574e-14,0.003830289655,6.6
0.5000,0.4000,6,0.1,1,0.9000,1000.0,0,0.003830289655,6.6
0.5000,0.4000,6,0.1,1,0.9000,10000.0,0,0.003830289655,6.6
0.5000,0.4000,6,0.1,1,0.9000,inf,0,0.003830289655,6.6
0.5000,0.4000,12,0.01,0.0166667,0.5000,100.0,0.9999999999,2.144197534e-20,12.12
0.5000,0.4000,12,0.01,0.0166667,0.5000,1000.0,0.8675938083,2.144197534e-20,12.12
0.5000,0.4000,12,0.01,0.0166667,0.5000,10000.0,0,2.144197534e-20,12.12
0.5000,0.4000,12,0.01,0.0166667,0.5000,inf,0,2.144197534e-20,12.12
0.5000,0.4000,12,0.01,0.0166667,0.9000,100.0,0.9999999999,2.757238722e-24,12.12
0.5000,0.4000,12,0.01,0.0166667,0.9000,1000.0,0.8685678585,2.757238722e-24,12.12
0.5000,0.4000,12,0.01,0.0166667,0.9000,10000.0,0,2.757238722e-24,12.12
0.5000,0.4000,12,0.01,0.0166667,0.9000,inf,0,2.757238722e-24,12.12
0.5000,0.4000,12,0.01,0.1,0.5000,100.0,0.9938736726,1.290960966e-11,12.12
0.5000,0.4000,12,0.01,0.1,0.5000,1000.0,4.067421585e-11,1.290960966e-11,12.12
0.5000,0.4000,12,0.01,0.1,0.5000,10000.0,0,1.290960966e-11,12.12
0.5000,0.4000,12,0.01,0.1,0.5000,inf,0,1.290960966e-11,12.12
0.5000,0.4000,12,0.01,0.1,0.9000,100.0,0.9945873654,3.245551402e-15,12.12
0.5000,0.4000,12,0.01,0.1,0.9000,1000.0,4.289640504e-11,3.245551402e-15,12.12
0.5000,0.4000,12,0.01,0.1,0.9000,10000.0,0,3.245551402e-15,12.12
0.5000,0.4000,12,0.01,0.1,0.9000,inf,0,3.245551402e-15,12.12
0.5000,0.4000,12,0.01,1,0.5000,100.0,2.527567265e-11,0.001786260574,12.12
0.5000,0.4000,12,0.01,1,0.5000,1000.0,0,0.001786260574,12.12
0.5000,0.4000,12,0.01,1,0.5000,10000.0,0,0.001786260574,12.12
0.5000,0.4000,12,0.01,1,0.5000,inf,0,0.001786260574,12.12
0.5000,0.4000,12,0.01,1,0.9000,100.0,3.475504387e-11,1.832924859e-05,12.12
0.5000,0.4000,12,0.01,1,0.9000,1000.0,0,1.832924859e-05,12.12
0.5000,0.4000,12,0.01,1,0.9000,10000.0,0,1.832924859e-05,12.12
0.5000,0.4000,12,0.01,1,0.9000,inf,0,1.832924859e-05,12.12
0.5000,0.4000,12,0.1,0.0166667,0.5000,100.0,0.9999999999,7.871521324e-21,13.2
0.5000,0.4000,12,0.1,0.0166667,0.5000,1000.0,0.9151653688,7.871521324e-21,13.2
0.5000,0.4000,12,0.1,0.0166667,0.5000,10000.0,0,7.871521324e-21,13.2
0.5000,0.4000,12,0.1,0.0166667,0.5000,inf,0,7.871521324e-21,13.2
0.5000,0.4000,12,0.1,0.0166667,0.9000,100.0,1,1.0002384e-24,13.2
0.5000,0.4000,12,0.1,0.0166667,0.9000,1000.0,0.9158540093,1.0002384e-24,13.2
0.5000,0.4000,12,0.1,0.0166667,0.9000,10000.0,0,1.0002384e-24,13.2
0.5000,0.4000,12,0.1,0.0166667,0.9000,inf,0,1.0002384e-24,13.2
0.5000,0.4000,12,0.1,0.1,0.5000,100.0,0.9968118943,5.227419747e-12,13.2
0.5000,0.4000,12,0.1,0.1,0.5000,1000.0,9.43632488e-10,5.227419747e-12,13.2
0.5000,0.4000,12,0.1,0.1,0.5000,10000.0,0,5.227419747e-12,13.2
0.5000,0.4000,12,0.1,0.1,0.5000,inf,0,5.227419747e-12,13.2
0.5000,0.4000,12,0.1,0.1,0.9000,100.0,0.9972028383,1.236089863e-15,13.2
0.5000,0.4000,12,0.1,0.1,0.9000,1000.0,9.900754696e-10,1.236089863e-15,13.2
0.5000,0.4000,12,0.1,0.1,0.9000,10000.0,0,1.236089863e-15,13.2
0.5000,0.4000,12,0.1,0.1,0.9000,inf,0,1.236089863e-15,13.2
0.5000,0.4000,12,0.1,1,0.5000,100.0,6.038148253e-10,0.001150832429,13.2
0.5000,0.4000,12,0.1,1,0.5000,1000.0,0,0.001150832429,13.2
0.5000,0.4000,12,0.1,1,0.5000,10000.0,0,0.001150832429,13.2
0.5000,0.4000,12,0.1,1,0.5000,inf,0,0.001150832429,13.2
0.5000,0.4000,12,0.1,1,0.9000,100.0,8.146776056e-10,9.704993597e-06,13.2
0.5000,0.4000,12,0.1,1,0.9000,1000.0,0,9.704993597e-06,13.2
0.5000,0.4000,12,0.1,1,0.9000,10000.0,0,9.704993597e-06,13.2
0.5000,0.4000,12,0.1,1,0.9000,inf,0,9.704993597e-06,13.2
0.5000,0.4500,1,0.01,0.0166667,0.5000,100.0,0.428907547,0.02924601799,1.01
0.5000,0.4500,1,0.01,0.0166667,0.5000,1000.0,0.000255508095,0.02924601799,1.01
0.5000,0.4500,1,0.01,0.0166667,0.5000,10000.0,0,0.02924601799,1.01
0.5000,0.4500,1,0.01,0.0166667,0.5000,inf,0,0.02924601799,1.01
0.5000,0.4500,1,0.01,0.0166667,0.9000,100.0,0.434556006,0.01646176154,1.01
0.5000,0.4500,1,0.01,0.0166667,0.9000,1000.0,0.0002588729857,0.01646176154,1.01
0.5000,0.4500,1,0.01,0.0166667,0.9000,10000.0,0,0.01646176154,1.01
0.5000,0.4500,1,0.01,0.0166667,0.9000,inf,0,0.01646176154,1.01
0.5000,0.4500,1,0.01,0.1,0.5000,100.0,0.006280211287,0.1557963783,1.01
0.5000,0.4500,1,0.01,0.1,0.5000,1000.0,0,0.1557963783,1.01
0.5000,0.4500,1,0.01,0.1,0.5000,10000.0,0,0.1557963783,1.01
0.5000,0.4500,1,0.01,0.1,0.5000,inf,0,0.1557963783,1.01
0.5000,0.4500,1,0.01,0.1,0.9000,100.0,0.006747421908,0.09299261586,1.01
0.5000,0.4500,1,0.01,0.1,0.9000,1000.0,0,0.09299261586,1.01
0.5000,0.4500,1,0.01,0.1,0.9000,10000.0,0,0.09299261586,1.01
0.5000,0.4500,1,0.01,0.1,0.9000,inf,0,0.09299261586,1.01
0.5000,0.4500,1,0.01,1,0.5000,100.0,0,0.6996437624,1.01
0.5000,0.4500,1,0.01,1,0.5000,1000.0,0,0.6996437624,1.01
0.5000,0.4500,1,0.01,1,0.5000,10000.0,0,0.6996437624,1.01
0.5000,0.4500,1,0.01,1,0.5000,inf,0,0.6996437624,1.01
0.5000,0.4500,1,0.01,1,0.9000,100.0,0,0.5640991933,1.01
0.5000,0.4500,1,0.01,1,0.9000,1000.0,0,0.5640991933,1.01
0.5000,0.4500,1,0.01,1,0.9000,10000.0,0,0.5640991933,1.01
0.5000,0.4500,1,0.01,1,0.9000,inf,0,0.5640991933,1.01
0.5000,0.4500,1,0.1,0.0166667,0.5000,100.0,0.4596557732,0.02690872057,1.1
0.5000,0.4500,1,0.1,0.0166667,0.5000,1000.0,0.000502729047,0.02690872057,1.1
0.5000,0.4500,1,0.1,0.0166667,0.5000,10000.0,0,0.02690872057,1.1
0.5000,0.4500,1,0.1,0.0166667,0.5000,inf,0,0.02690872057,1.1
0.5000,0.4500,1,0.1,0.0166667,0.9000,100.0,0.4652195343,0.01513023825,1.1
0.5000,0.4500,1,0.1,0.0166667,0.9000,1000.0,0.0005088141752,0.01513023825,1.1
0.5000,0.4500,1,0.1,0.0166667,0.9000,10000.0,0,0.01513023825,1.1
0.5000,0.4500,1,0.1,0.0166667,0.9000,inf,0,0.01513023825,1.1
0.5000,0.4500,1,0.1,0.1,0.5000,100.0,0.009502150564,0.1446436651,1.1
0.5000,0.4500,1,0.1,0.1,0.5000,1000.0,0,0.1446436651,1.1
0.5000,0.4500,1,0.1,0.1,0.5000,10000.0,0,0.1446436651,1.1
0.5000,0.4500,1,0.1,0.1,0.5000,inf,0,0.1446436651,1.1
0.5000,0.4500,1,0.1,0.1,0.9000,100.0,0.01015497397,0.08587837523,1.1
0.5000,0.4500,1,0.1,0.1,0.9000,1000.0,0,0.08587837523,1.1
0.5000,0.4500,1,0.1,0.1,0.9000,10000.0,0,0.08587837523,1.1
0.5000,0.4500,1,0.1,0.1,0.9000,inf,0,0.08587837523,1.1
0.5000,0.4500,1,0.1,1,0.5000,100.0,0,0.6766444787,1.1
0.5000,0.4500,1,0.1,1,0.5000,1000.0,0,0.6766444787,1.1
0.5000,0.4500,1,0.1,1,0.5000,10000.0,0,0.6766444787,1.1
0.5000,0.4500,1,0.1,1,0.5000,inf,0,0.6766444787,1.1
0.5000,0.4500,1,0.1,1,0.9000,100.0,0,0.5375807228,1.1
0.5000,0.4500,1,0.1,1,0.9000,1000.0,0,0.5375807228,1.1
0.5000,0.4500,1,0.1,1,0.9000,10000.0,0,0.5375807228,1.1
0.5000,0.4500,1,0.1,1,0.9000,inf,0,0.5375807228,1.1
0.5000,0.4500,3,0.01,0.0166667,0.5000,100.0,0.9455415021,1.846339867e-05,3.03
0.5000,0.4500,3,0.01,0.0166667,0.5000,1000.0,0.01111070714,1.846339867e-05,3.03
0.5000,0.4500,3,0.01,0.0166667,0.5000,10000.0,0,1.846339867e-05,3.03
0.5000,0.4500,3,0.01,0.0166667,0.5000,inf,0,1.846339867e-05,3.03
0.5000,0.4500,3,0.01,0.0166667,0.9000,100.0,0.9476256473,2.438392233e-06,3.03
0.5000,0.4500,3,0.01,0.0166667,0.9000,1000.0,0.01122617512,2.438392233e-06,3.03
0.5000,0.4500,3,0.01,0.0166667,0.9000,10000.0,0,2.438392233e-06,3.03
0.5000,0.4500,3,0.01,0.0166667,0.9000,inf,0,2.438392233e-06,3.03
0.5000,0.4500,3,0.01,0.1,0.5000,100.0,0.1185370131,0.002800422227,3.03
0.5000,0.4500,3,0.01,0.1,0.5000,1000.0,0,0.002800422227,3.03
0.5000,0.4500,3,0.01,0.1,0.5000,10000.0,0,0.002800422227,3.03
0.5000,0.4500,3,0.01,0.1,0.5000,inf,0,0.002800422227,3.03
0.5000,0.4500,3,0.01,0.1,0.9000,100.0,0.1246924306,0.0004426648212,3.03
0.5000,0.4500,3,0.01,0.1,0.9000,1000.0,0,0.0004426648212,3.03
0.5000,0.4500,3,0.01,0.1,0.9000,10000.0,0,0.0004426648212,3.03
0.5000,0.4500,3,0.01,0.1,0.9000,inf,0,0.0004426648212,3.03
0.5000,0.4500,3,0.01,1,0.5000,100.0,0,0.2628206817,3.03
0.5000,0.4500,3,0.01,1,0.5000,1000.0,0,0.2628206817,3.03
0.5000,0.4500,3,0.01,1,0.5000,10000.0,0,0.2628206817,3.03
0.5000,0.4500,3,0.01,1,0.5000,inf,0,0.2628206817,3.03
0.5000,0.4500,3,0.01,1,0.9000,100.0,0,0.1065408934,3.03
0.5000,0.4500,3,0.01,1,0.9000,1000.0,0,0.1065408934,3.03
0.5000,0.4500,3,0.01,1,0.9000,10000.0,0,0.1065408934,3.03
0.5000,0.4500,3,0.01,1,0.9000,inf,0,0.1065408934,3.03
0.5000,0.4500,3,0.1,0.0166667,0.5000,100.0,0.9556915205,1.438026859e-05,3.3
0.5000,0.4500,3,0.1,0.0166667,0.5000,1000.0,0.01882163777,1.438026859e-05,3.3
0.5000,0.4500,3,0.1,0.0166667,0.5000,10000.0,0,1.438026859e-05,3.3
0.5000,0.4500,3,0.1,0.0166667,0.5000,inf,0,1.438026859e-05,3.3
0.5000,0.4500,3,0.1,0.0166667,0.9000,100.0,0.9574224871,1.893049358e-06,3.3
0.5000,0.4500,3,0.1,0.0166667,0.9000,1000.0,0.01899768302,1.893049358e-06,3.3
0.5000,0.4500,3,0.1,0.0166667,0.9000,10000.0,0,1.893049358e-06,3.3
0.5000,0.4500,3,0.1,0.0166667,0.9000,inf,0,1.893049358e-06,3.3
0.5000,0.4500,3,0.1,0.1,0.5000,100.0,0.1563796085,0.002240311116,3.3
0.5000,0.4500,3,0.1,0.1,0.5000,1000.0,0,0.002240311116,3.3
0.5000,0.4500,3,0.1,0.1,0.5000,10000.0,0,0.002240311116,3.3
0.5000,0.4500,3,0.1,0.1,0.5000,inf,0,0.002240311116,3.3
0.5000,0.4500,3,0.1,0.1,0.9000,100.0,0.1636359043,0.000348402485,3.3
0.5000,0.4500,3,0.1,0.1,0.9000,1000.0,0,0.000348402485,3.3
0.5000,0.4500,3,0.1,0.1,0.9000,10000.0,0,0.000348402485,3.3
0.5000,0.4500,3,0.1,0.1,0.9000,inf,0,0.000348402485,3.3
0.5000,0.4500,3,0.1,1,0.5000,100.0,0,0.2369803181,3.3
0.5000,0.4500,3,0.1,1,0.5000,1000.0,0,0.2369803181,3.3
0.5000,0.4500,3,0.1,1,0.5000,10000.0,0,0.2369803181,3.3
0.5000,0.4500,3,0.1,1,0.5000,inf,0,0.2369803181,3.3
0.5000,0.4500,3,0.1,1,0.9000,100.0,0,0.09158740804,3.3
0.5000,0.4500,3,0.1,1,0.9000,1000.0,0,0.09158740804,3.3
0.5000,0.4500,3,0.1,1,0.9000,10000.0,0,0.09158740804,3.3
0.5000,0.4500,3,0.1,1,0.9000,inf,0,0.09158740804,3.3
0.5000,0.4500,6,0.01,0.0166667,0.5000,100.0,0.9997480553,2.890074007e-10,6.06
0.5000,0.4500,6,0.01,0.0166667,0.5000,1000.0,0.1675333146,2.890074007e-10,6.06
0.5000,0.4500,6,0.01,0.0166667,0.5000,10000.0,0,2.890074007e-10,6.06
0.5000,0.4500,6,0.01,0.0166667,0.5000,inf,0,2.890074007e-10,6.06
0.5000,0.4500,6,0.01,0.0166667,0.9000,100.0,0.9997702586,4.141867596e-12,6.06
0.5000,0.4500,6,0.01,0.0166667,0.9000,1000.0,0.1686275929,4.141867596e-12,6.06
0.5000,0.4500,6,0.01,0.0166667,0.9000,10000.0,0,4.141867596e-12,6.06
0.5000,0.4500,6,0.01,0.0166667,0.9000,inf,0,4.141867596e-12,6.06
0.5000,0.4500,6,0.01,0.1,0.5000,100.0,0.6018201518,6.648551631e-06,6.06
0.5000,0.4500,6,0.01,0.1,0.5000,1000.0,0,6.648551631e-06,6.06
0.5000,0.4500,6,0.01,0.1,0.5000,10000.0,0,6.648551631e-06,6.06
0.5000,0.4500,6,0.01,0.1,0.5000,inf,0,6.648551631e-06,6.06
0.5000,0.4500,6,0.01,0.1,0.9000,100.0,0.6157895538,1.364884914e-07,6.06
0.5000,0.4500,6,0.01,0.1,0.9000,1000.0,0,1.364884914e-07,6.06
0.5000,0.4500,6,0.01,0.1,0.9000,10000.0,0,1.364884914e-07,6.06
0.5000,0.4500,6,0.01,0.1,0.9000,inf,0,1.364884914e-07,6.06
0.5000,0.4500,6,0.01,1,0.5000,100.0,0,0.05853699563,6.06
0.5000,0.4500,6,0.01,1,0.5000,1000.0,0,0.05853699563,6.06
0.5000,0.4500,6,0.01,1,0.5000,10000.0,0,0.05853699563,6.06
0.5000,0.4500,6,0.01,1,0.5000,inf,0,0.05853699563,6.06
0.5000,0.4500,6,0.01,1,0.9000,100.0,0,0.007892955317,6.06
0.5000,0.4500,6,0.01,1,0.9000,1000.0,0,0.007892955317,6.06
0.5000,0.4500,6,0.01,1,0.9000,10000.0,0,0.007892955317,6.06
0.5000,0.4500,6,0.01,1,0.9000,inf,0,0.007892955317,6.06
0.5000,0.4500,6,0.1,0.0166667,0.5000,100.0,0.9998398944,1.75315271e-10,6.6
0.5000,0.4500,6,0.1,0.0166667,0.5000,1000.0,0.2311426308,1.75315271e-10,6.6
0.5000,0.4500,6,0.1,0.0166667,0.5000,10000.0,0,1.75315271e-10,6.6
0.5000,0.4500,6,0.1,0.0166667,0.5000,inf,0,1.75315271e-10,6.6
0.5000,0.4500,6,0.1,0.0166667,0.9000,100.0,0.9998541726,2.496396839e-12,6.6
0.5000,0.4500,6,0.1,0.0166667,0.9000,1000.0,0.2324341074,2.496396839e-12,6.6
0.5000,0.4500,6,0.1,0.0166667,0.9000,10000.0,0,2.496396839e-12,6.6
0.5000,0.4500,6,0.1,0.0166667,0.9000,inf,0,2.496396839e-12,6.6
0.5000,0.4500,6,0.1,0.1,0.5000,100.0,0.6743771014,4.254977756e-06,6.6
0.5000,0.4500,6,0.1,0.1,0.5000,1000.0,2.044436317e-14,4.254977756e-06,6.6
0.5000,0.4500,6,0.1,0.1,0.5000,10000.0,0,4.254977756e-06,6.6
0.5000,0.4500,6,0.1,0.1,0.5000,inf,0,4.254977756e-06,6.6
0.5000,0.4500,6,0.1,0.1,0.9000,100.0,0.6871401719,8.454986486e-08,6.6
0.5000,0.4500,6,0.1,0.1,0.9000,1000.0,2.227947799e-14,8.454986486e-08,6.6
0.5000,0.4500,6,0.1,0.1,0.9000,10000.0,0,8.454986486e-08,6.6
0.5000,0.4500,6,0.1,0.1,0.9000,inf,0,8.454986486e-08,6.6
0.5000,0.4500,6,0.1,1,0.5000,100.0,1.190190871e-14,0.04759494605,6.6
0.5000,0.4500,6,0.1,1,0.5000,1000.0,0,0.04759494605,6.6
0.5000,0.4500,6,0.1,1,0.5000,10000.0,0,0.04759494605,6.6
0.5000,0.4500,6,0.1,1,0.5000,inf,0,0.04759494605,6.6
0.5000,0.4500,6,0.1,1,0.9000,100.0,1.821438133e-14,0.005833989521,6.6
0.5000,0.4500,6,0.1,1,0.9000,1000.0,0,0.005833989521,6.6
0.5000,0.4500,6,0.1,1,0.9000,10000.0,0,0.005833989521,6.6
0.5000,0.4500,6,0.1,1,0.9000,inf,0,0.005833989521,6.6
0.5000,0.4500,12,0.01,0.0166667,0.5000,100.0,0.9999999999,7.081368044e-20,12.12
0.5000,0.4500,12,0.01,0.0166667,0.5000,1000.0,0.8673936119,7.081368044e-20,12.12
0.5000,0.4500,12,0.01,0.0166667,0.5000,10000.0,0,7.081368044e-20,12.12
0.5000,0.4500,12,0.01,0.0166667,0.5000,inf,0,7.081368044e-20,12.12
0.5000,0.4500,12,0.01,0.0166667,0.9000,100.0,0.9999999999,1.195706752e-23,12.12
0.5000,0.4500,12,0.01,0.0166667,0.9000,1000.0,0.8684575639,1.195706752e-23,12.12
0.5000,0.4500,12,0.01,0.0166667,0.9000,10000.0,0,1.195706752e-23,12.12
0.5000,0.4500,12,0.01,0.0166667,0.9000,inf,0,1.195706752e-23,12.12
0.5000,0.4500,12,0.01,0.1,0.5000,100.0,0.9937112741,3.747600869e-11,12.12
0.5000,0.4500,12,0.01,0.1,0.5000,1000.0,4.024758507e-11,3.747600869e-11,12.12
0.5000,0.4500,12,0.01,0.1,0.5000,10000.0,0,3.747600869e-11,12.12
0.5000,0.4500,12,0.01,0.1,0.5000,inf,0,3.747600869e-11,12.12
0.5000,0.4500,12,0.01,0.1,0.9000,100.0,0.9945125919,1.298447604e-14,12.12
0.5000,0.4500,12,0.01,0.1,0.9000,1000.0,4.263180712e-11,1.298447604e-14,12.12
0.5000,0.4500,12,0.01,0.1,0.9000,10000.0,0,1.298447604e-14,12.12
0.5000,0.4500,12,0.01,0.1,0.9000,inf,0,1.298447604e-14,12.12
0.5000,0.4500,12,0.01,1,0.5000,100.0,2.393924175e-11,0.002905095385,12.12
0.5000,0.4500,12,0.01,1,0.5000,1000.0,0,0.002905095385,12.12
0.5000,0.4500,12,0.01,1,0.5000,10000.0,0,0.002905095385,12.12
0.5000,0.4500,12,0.01,1,0.5000,inf,0,0.002905095385,12.12
0.5000,0.4500,12,0.01,1,0.9000,100.0,3.333529633e-11,4.342284507e-05,12.12
0.5000,0.4500,12,0.01,1,0.9000,1000.0,0,4.342284507e-05,12.12
0.5000,0.4500,12,0.01,1,0.9000,10000.0,0,4.342284507e-05,12.12
0.5000,0.4500,12,0.01,1,0.9000,inf,0,4.342284507e-05,12.12
0.5000,0.4500,12,0.1,0.0166667,0.5000,100.0,0.9999999999,2.60578592e-20,13.2
0.5000,0.4500,12,0.1,0.0166667,0.5000,1000.0,0.9150236598,2.60578592e-20,13.2
0.5000,0.4500,12,0.1,0.0166667,0.5000,10000.0,0,2.60578592e-20,13.2
0.5000,0.4500,12,0.1,0.0166667,0.5000,inf,0,2.60578592e-20,13.2
0.5000,0.4500,12,0.1,0.0166667,0.9000,100.0,1,4.343696819e-24,13.2
0.5000,0.4500,12,0.1,0.0166667,0.9000,1000.0,0.9157761025,4.343696819e-24,13.2
0.5000,0.4500,12,0.1,0.0166667,0.9000,10000.0,0,4.343696819e-24,13.2
0.5000,0.4500,12,0.1,0.0166667,0.9000,inf,0,4.343696819e-24,13.2
0.5000,0.4500,12,0.1,0.1,0.5000,100.0,0.9967221145,1.534948566e-11,13.2
0.5000,0.4500,12,0.1,0.1,0.5000,1000.0,9.346607994e-10,1.534948566e-11,13.2
0.5000,0.4500,12,0.1,0.1,0.5000,10000.0,0,1.534948566e-11,13.2
0.5000,0.4500,12,0.1,0.1,0.5000,inf,0,1.534948566e-11,13.2
0.5000,0.4500,12,0.1,0.1,0.9000,100.0,0.9971621577,4.982624812e-15,13.2
0.5000,0.4500,12,0.1,0.1,0.9000,1000.0,9.845706562e-10,4.982624812e-15,13.2
0.5000,0.4500,12,0.1,0.1,0.9000,10000.0,0,4.982624812e-15,13.2
0.5000,0.4500,12,0.1,0.1,0.9000,inf,0,4.982624812e-15,13.2
0.5000,0.4500,12,0.1,1,0.5000,100.0,5.734324398e-10,0.001920530154,13.2
0.5000,0.4500,12,0.1,1,0.5000,1000.0,0,0.001920530154,13.2
0.5000,0.4500,12,0.1,1,0.5000,10000.0,0,0.001920530154,13.2
0.5000,0.4500,12,0.1,1,0.5000,inf,0,0.001920530154,13.2
0.5000,0.4500,12,0.1,1,0.9000,100.0,7.836055818e-10,2.372296219e-05,13.2
0.5000,0.4500,12,0.1,1,0.9000,1000.0,0,2.372296219e-05,13.2
0.5000,0.4500,12,0.1,1,0.9000,10000.0,0,2.372296219e-05,13.2
0.5000,0.4500,12,0.1,1,0.9000,inf,0,2.372296219e-05,13.2
0.5000,0.5000,1,0.01,0.0166667,0.5000,100.0,0.427656821,0.0320768079,1.01
0.5000,0.5000,1,0.01,0.0166667,0.5000,1000.0,0.0002547630146,0.0320768079,1.01
0.5000,0.5000,1,0.01,0.0166667,0.5000,10000.0,0,0.0320768079,1.01
0.5000,0.5000,1,0.01,0.0166667,0.5000,inf,0,0.0320768079,1.01
0.5000,0.5000,1,0.01,0.0166667,0.9000,100.0,0.4338418259,0.01807817783,1.01
0.5000,0.5000,1,0.01,0.0166667,0.9000,1000.0,0.0002584475355,0.01807817783,1.01
0.5000,0.5000,1,0.01,0.0166667,0.9000,10000.0,0,0.01807817783,1.01
0.5000,0.5000,1,0.01,0.0166667,0.9000,inf,0,0.01807817783,1.01
0.5000,0.5000,1,0.01,0.1,0.5000,100.0,0.00618386885,0.168746999,1.01
0.5000,0.5000,1,0.01,0.1,0.5000,1000.0,0,0.168746999,1.01
0.5000,0.5000,1,0.01,0.1,0.5000,10000.0,0,0.168746999,1.01
0.5000,0.5000,1,0.01,0.1,0.5000,inf,0,0.168746999,1.01
0.5000,0.5000,1,0.01,0.1,0.9000,100.0,0.006685253982,0.1013494028,1.01
0.5000,0.5000,1,0.01,0.1,0.9000,1000.0,0,0.1013494028,1.01
0.5000,0.5000,1,0.01,0.1,0.9000,10000.0,0,0.1013494028,1.01
0.5000,0.5000,1,0.01,0.1,0.9000,inf,0,0.1013494028,1.01
0.5000,0.5000,1,0.01,1,0.5000,100.0,0,0.7192838899,1.01
0.5000,0.5000,1,0.01,1,0.5000,1000.0,0,0.7192838899,1.01
0.5000,0.5000,1,0.01,1,0.5000,10000.0,0,0.7192838899,1.01
0.5000,0.5000,1,0.01,1,0.5000,inf,0,0.7192838899,1.01
0.5000,0.5000,1,0.01,1,0.9000,100.0,0,0.5873753183,1.01
0.5000,0.5000,1,0.01,1,0.9000,1000.0,0,0.5873753183,1.01
0.5000,0.5000,1,0.01,1,0.9000,10000.0,0,0.5873753183,1.01
0.5000,0.5000,1,0.01,1,0.9000,inf,0,0.5873753183,1.01
0.5000,0.5000,1,0.1,0.0166667,0.5000,100.0,0.4584222176,0.02952015766,1.1
0.5000,0.5000,1,0.1,0.0166667,0.5000,1000.0,0.0005013798978,0.02952015766,1.1
0.5000,0.5000,1,0.1,0.0166667,0.5000,10000.0,0,0.02952015766,1.1
0.5000,0.5000,1,0.1,0.0166667,0.5000,inf,0,0.02952015766,1.1
0.5000,0.5000,1,0.1,0.0166667,0.9000,100.0,0.4645167094,0.01661811847,1.1
0.5000,0.5000,1,0.1,0.0166667,0.9000,1000.0,0.0005080454902,0.01661811847,1.1
0.5000,0.5000,1,0.1,0.0166667,0.9000,10000.0,0,0.01661811847,1.1
0.5000,0.5000,1,0.1,0.0166667,0.9000,inf,0,0.01661811847,1.1
0.5000,0.5000,1,0.1,0.1,0.5000,100.0,0.00936666765,0.1568394483,1.1
0.5000,0.5000,1,0.1,0.1,0.5000,1000.0,0,0.1568394483,1.1
0.5000,0.5000,1,0.1,0.1,0.5000,10000.0,0,0.1568394483,1.1
0.5000,0.5000,1,0.1,0.1,0.5000,inf,0,0.1568394483,1.1
0.5000,0.5000,1,0.1,0.1,0.9000,100.0,0.01006850726,0.09366185992,1.1
0.5000,0.5000,1,0.1,0.1,0.9000,1000.0,0,0.09366185992,1.1
0.5000,0.5000,1,0.1,0.1,0.9000,10000.0,0,0.09366185992,1.1
0.5000,0.5000,1,0.1,0.1,0.9000,inf,0,0.09366185992,1.1
0.5000,0.5000,1,0.1,1,0.5000,100.0,0,0.6971375024,1.1
0.5000,0.5000,1,0.1,1,0.5000,1000.0,0,0.6971375024,1.1
0.5000,0.5000,1,0.1,1,0.5000,10000.0,0,0.6971375024,1.1
0.5000,0.5000,1,0.1,1,0.5000,inf,0,0.6971375024,1.1
0.5000,0.5000,1,0.1,1,0.9000,100.0,0,0.5611713074,1.1
0.5000,0.5000,1,0.1,1,0.9000,1000.0,0,0.5611713074,1.1
0.5000,0.5000,1,0.1,1,0.9000,10000.0,0,0.5611713074,1.1
0.5000,0.5000,1,0.1,1,0.9000,inf,0,0.5611713074,1.1
0.5000,0.5000,3,0.01,0.0166667,0.5000,100.0,0.9450626259,2.511208388e-05,3.03
0.5000,0.5000,3,0.01,0.0166667,0.5000,1000.0,0.0110850422,2.511208388e-05,3.03
0.5000,0.5000,3,0.01,0.0166667,0.5000,10000.0,0,2.511208388e-05,3.03
0.5000,0.5000,3,0.01,0.0166667,0.5000,inf,0,2.511208388e-05,3.03
0.5000,0.5000,3,0.01,0.0166667,0.9000,100.0,0.9473691208,3.45323406e-06,3.03
0.5000,0.5000,3,0.01,0.0166667,0.9000,1000.0,0.01121161517,3.45323406e-06,3.03
0.5000,0.5000,3,0.01,0.0166667,0.9000,10000.0,0,3.45323406e-06,3.03
0.5000,0.5000,3,0.01,0.0166667,0.9000,inf,0,3.45323406e-06,3.03
0.5000,0.5000,3,0.01,0.1,0.5000,100.0,0.1172282272,0.003666956593,3.03
0.5000,0.5000,3,0.01,0.1,0.5000,1000.0,0,0.003666956593,3.03
0.5000,0.5000,3,0.01,0.1,0.5000,10000.0,0,0.003666956593,3.03
0.5000,0.5000,3,0.01,0.1,0.5000,inf,0,0.003666956593,3.03
0.5000,0.5000,3,0.01,0.1,0.9000,100.0,0.1238914549,0.0006122099895,3.03
0.5000,0.5000,3,0.01,0.1,0.9000,1000.0,0,0.0006122099895,3.03
0.5000,0.5000,3,0.01,0.1,0.9000,10000.0,0,0.0006122099895,3.03
0.5000,0.5000,3,0.01,0.1,0.9000,inf,0,0.0006122099895,3.03
0.5000,0.5000,3,0.01,1,0.5000,100.0,0,0.2931892562,3.03
0.5000,0.5000,3,0.01,1,0.5000,1000.0,0,0.2931892562,3.03
0.5000,0.5000,3,0.01,1,0.5000,10000.0,0,0.2931892562,3.03
0.5000,0.5000,3,0.01,1,0.5000,inf,0,0.2931892562,3.03
0.5000,0.5000,3,0.01,1,0.9000,100.0,0,0.127309438,3.03
0.5000,0.5000,3,0.01,1,0.9000,1000.0,0,0.127309438,3.03
0.5000,0.5000,3,0.01,1,0.9000,10000.0,0,0.127309438,3.03
0.5000,0.5000,3,0.01,1,0.9000,inf,0,0.127309438,3.03
0.5000,0.5000,3,0.1,0.0166667,0.5000,100.0,0.9552932351,1.957240788e-05,3.3
0.5000,0.5000,3,0.1,0.0166667,0.5000,1000.0,0.01878245759,1.957240788e-05,3.3
0.5000,0.5000,3,0.1,0.0166667,0.5000,10000.0,0,1.957240788e-05,3.3
0.5000,0.5000,3,0.1,0.0166667,0.5000,inf,0,1.957240788e-05,3.3
0.5000,0.5000,3,0.1,0.0166667,0.9000,100.0,0.9572096455,2.68203118e-06,3.3
0.5000,0.5000,3,0.1,0.0166667,0.9000,1000.0,0.01897550515,2.68203118e-06,3.3
0.5000,0.5000,3,0.1,0.0166667,0.9000,10000.0,0,2.68203118e-06,3.3
0.5000,0.5000,3,0.1,0.0166667,0.9000,inf,0,2.68203118e-06,3.3
0.5000,0.5000,3,0.1,0.1,0.5000,100.0,0.1548259803,0.002943317046,3.3
0.5000,0.5000,3,0.1,0.1,0.5000,1000.0,0,0.002943317046,3.3
0.5000,0.5000,3,0.1,0.1,0.5000,10000.0,0,0.002943317046,3.3
0.5000,0.5000,3,0.1,0.1,0.5000,inf,0,0.002943317046,3.3
0.5000,0.5000,3,0.1,0.1,0.9000,100.0,0.1626963861,0.0004829060315,3.3
0.5000,0.5000,3,0.1,0.1,0.9000,1000.0,0,0.0004829060315,3.3
0.5000,0.5000,3,0.1,0.1,0.9000,10000.0,0,0.0004829060315,3.3
0.5000,0.5000,3,0.1,0.1,0.9000,inf,0,0.0004829060315,3.3
0.5000,0.5000,3,0.1,1,0.5000,100.0,0,0.2661651097,3.3
0.5000,0.5000,3,0.1,1,0.5000,1000.0,0,0.2661651097,3.3
0.5000,0.5000,3,0.1,1,0.5000,10000.0,0,0.2661651097,3.3
0.5000,0.5000,3,0.1,1,0.5000,inf,0,0.2661651097,3.3
0.5000,0.5000,3,0.1,1,0.9000,100.0,0,0.1103611326,3.3
0.5000,0.5000,3,0.1,1,0.9000,1000.0,0,0.1103611326,3.3
0.5000,0.5000,3,0.1,1,0.9000,10000.0,0,0.1103611326,3.3
0.5000,0.5000,3,0.1,1,0.9000,inf,0,0.1103611326,3.3
0.5000,0.5000,6,0.01,0.0166667,0.5000,100.0,0.9997426276,5.442403647e-10,6.06
0.5000,0.5000,6,0.01,0.0166667,0.5000,1000.0,0.1672886867,5.442403647e-10,6.06
0.5000,0.5000,6,0.01,0.0166667,0.5000,10000.0,0,5.442403647e-10,6.06
0.5000,0.5000,6,0.01,0.0166667,0.5000,inf,0,5.442403647e-10,6.06
0.5000,0.5000,6,0.01,0.0166667,0.9000,100.0,0.9997676462,8.710396217e-12,6.06
0.5000,0.5000,6,0.01,0.0166667,0.9000,1000.0,0.1684901772,8.710396217e-12,6.06
0.5000,0.5000,6,0.01,0.0166667,0.9000,10000.0,0,8.710396217e-12,6.06
0.5000,0.5000,6,0.01,0.0166667,0.9000,inf,0,8.710396217e-12,6.06
0.5000,0.5000,6,0.01,0.1,0.5000,100.0,0.5986950889,1.160466527e-05,6.06
0.5000,0.5000,6,0.01,0.1,0.5000,1000.0,0,1.160466527e-05,6.06
0.5000,0.5000,6,0.01,0.1,0.5000,10000.0,0,1.160466527e-05,6.06
0.5000,0.5000,6,0.01,0.1,0.5000,inf,0,1.160466527e-05,6.06
0.5000,0.5000,6,0.01,0.1,0.9000,100.0,0.6140379596,2.737513309e-07,6.06
0.5000,0.5000,6,0.01,0.1,0.9000,1000.0,0,2.737513309e-07,6.06
0.5000,0.5000,6,0.01,0.1,0.9000,10000.0,0,2.737513309e-07,6.06
0.5000,0.5000,6,0.01,0.1,0.9000,inf,0,2.737513309e-07,6.06
0.5000,0.5000,6,0.01,1,0.5000,100.0,0,0.07416184069,6.06
0.5000,0.5000,6,0.01,1,0.5000,1000.0,0,0.07416184069,6.06
0.5000,0.5000,6,0.01,1,0.5000,10000.0,0,0.07416184069,6.06
0.5000,0.5000,6,0.01,1,0.5000,inf,0,0.07416184069,6.06
0.5000,0.5000,6,0.01,1,0.9000,100.0,0,0.01182242433,6.06
0.5000,0.5000,6,0.01,1,0.9000,1000.0,0,0.01182242433,6.06
0.5000,0.5000,6,0.01,1,0.9000,10000.0,0,0.01182242433,6.06
0.5000,0.5000,6,0.01,1,0.9000,inf,0,0.01182242433,6.06
0.5000,0.5000,6,0.1,0.0166667,0.5000,100.0,0.9998363983,3.306083495e-10,6.6
0.5000,0.5000,6,0.1,0.0166667,0.5000,1000.0,0.2308535384,3.306083495e-10,6.6
0.5000,0.5000,6,0.1,0.0166667,0.5000,10000.0,0,3.306083495e-10,6.6
0.5000,0.5000,6,0.1,0.0166667,0.5000,inf,0,3.306083495e-10,6.6
0.5000,0.5000,6,0.1,0.0166667,0.9000,100.0,0.9998524947,5.254289441e-12,6.6
0.5000,0.5000,6,0.1,0.0166667,0.9000,1000.0,0.2322720809,5.254289441e-12,6.6
0.5000,0.5000,6,0.1,0.0166667,0.9000,10000.0,0,5.254289441e-12,6.6
0.5000,0.5000,6,0.1,0.0166667,0.9000,inf,0,5.254289441e-12,6.6
0.5000,0.5000,6,0.1,0.1,0.5000,100.0,0.6714992407,7.476453339e-06,6.6
0.5000,0.5000,6,0.1,0.1,0.5000,1000.0,2.006038358e-14,7.476453339e-06,6.6
0.5000,0.5000,6,0.1,0.1,0.5000,10000.0,0,7.476453339e-06,6.6
0.5000,0.5000,6,0.1,0.1,0.5000,inf,0,7.476453339e-06,6.6
0.5000,0.5000,6,0.1,0.1,0.9000,100.0,0.6855489138,1.703271281e-07,6.6
0.5000,0.5000,6,0.1,0.1,0.9000,1000.0,2.203810166e-14,1.703271281e-07,6.6
0.5000,0.5000,6,0.1,0.1,0.9000,10000.0,0,1.703271281e-07,6.6
0.5000,0.5000,6,0.1,0.1,0.9000,inf,0,1.703271281e-07,6.6
0.5000,0.5000,6,0.1,1,0.5000,100.0,1.102676978e-14,0.06112339222,6.6
0.5000,0.5000,6,0.1,1,0.5000,1000.0,0,0.06112339222,6.6
0.5000,0.5000,6,0.1,1,0.5000,10000.0,0,0.06112339222,6.6
0.5000,0.5000,6,0.1,1,0.5000,inf,0,0.06112339222,6.6
0.5000,0.5000,6,0.1,1,0.9000,100.0,1.710512981e-14,0.008885622602,6.6
0.5000,0.5000,6,0.1,1,0.9000,1000.0,0,0.008885622602,6.6
0.5000,0.5000,6,0.1,1,0.9000,10000.0,0,0.008885622602,6.6
0.5000,0.5000,6,0.1,1,0.9000,inf,0,0.008885622602,6.6
0.5000,0.5000,12,0.01,0.0166667,0.5000,100.0,0.9999999999,2.556321965e-19,12.12
0.5000,0.5000,12,0.01,0.0166667,0.5000,1000.0,0.8671529477,2.556321965e-19,12.12
0.5000,0.5000,12,0.01,0.0166667,0.5000,10000.0,0,2.556321965e-19,12.12
0.5000,0.5000,12,0.01,0.0166667,0.5000,inf,0,2.556321965e-19,12.12
0.5000,0.5000,12,0.01,0.0166667,0.9000,100.0,0.9999999999,5.543816771e-23,12.12
0.5000,0.5000,12,0.01,0.0166667,0.9000,1000.0,0.8683250771,5.543816771e-23,12.12
0.5000,0.5000,12,0.01,0.0166667,0.9000,10000.0,0,5.543816771e-23,12.12
0.5000,0.5000,12,0.01,0.0166667,0.9000,inf,0,5.543816771e-23,12.12
0.5000,0.5000,12,0.01,0.1,0.5000,100.0,0.9935084761,1.162249292e-10,12.12
0.5000,0.5000,12,0.01,0.1,0.5000,1000.0,3.974723109e-11,1.162249292e-10,12.12
0.5000,0.5000,12,0.01,0.1,0.5000,10000.0,0,1.162249292e-10,12.12
0.5000,0.5000,12,0.01,0.1,0.5000,inf,0,1.162249292e-10,12.12
0.5000,0.5000,12,0.01,0.1,0.9000,100.0,0.9944208104,5.475774687e-14,12.12
0.5000,0.5000,12,0.01,0.1,0.9000,1000.0,4.231854021e-11,5.475774687e-14,12.12
0.5000,0.5000,12,0.01,0.1,0.9000,10000.0,0,5.475774687e-14,12.12
0.5000,0.5000,12,0.01,0.1,0.9000,inf,0,5.475774687e-14,12.12
0.5000,0.5000,12,0.01,1,0.5000,100.0,2.251072407e-11,0.004746737949,12.12
0.5000,0.5000,12,0.01,1,0.5000,1000.0,0,0.004746737949,12.12
0.5000,0.5000,12,0.01,1,0.5000,10000.0,0,0.004746737949,12.12
0.5000,0.5000,12,0.01,1,0.5000,inf,0,0.004746737949,12.12
0.5000,0.5000,12,0.01,1,0.9000,100.0,3.177721001e-11,0.0001021291782,12.12
0.5000,0.5000,12,0.01,1,0.9000,1000.0,0,0.0001021291782,12.12
0.5000,0.5000,12,0.01,1,0.9000,10000.0,0,0.0001021291782,12.12
0.5000,0.5000,12,0.01,1,0.9000,inf,0,0.0001021291782,12.12
0.5000,0.5000,12,0.1,0.0166667,0.5000,100.0,0.9999999999,9.433257481e-20,13.2
0.5000,0.5000,12,0.1,0.0166667,0.5000,1000.0,0.9148532274,9.433257481e-20,13.2
0.5000,0.5000,12,0.1,0.0166667,0.5000,10000.0,0,9.433257481e-20,13.2
0.5000,0.5000,12,0.1,0.0166667,0.5000,inf,0,9.433257481e-20,13.2
0.5000,0.5000,12,0.1,0.0166667,0.9000,100.0,1,2.017256075e-23,13.2
0.5000,0.5000,12,0.1,0.0166667,0.9000,1000.0,0.9156824966,2.017256075e-23,13.2
0.5000,0.5000,12,0.1,0.0166667,0.9000,10000.0,0,2.017256075e-23,13.2
0.5000,0.5000,12,0.1,0.0166667,0.9000,inf,0,2.017256075e-23,13.2
0.5000,0.5000,12,0.1,0.1,0.5000,100.0,0.9966095799,4.824200046e-11,13.2
0.5000,0.5000,12,0.1,0.1,0.5000,1000.0,9.241159346e-10,4.824200046e-11,13.2
0.5000,0.5000,12,0.1,0.1,0.5000,10000.0,0,4.824200046e-11,13.2
0.5000,0.5000,12,0.1,0.1,0.5000,inf,0,4.824200046e-11,13.2
0.5000,0.5000,12,0.1,0.1,0.9000,100.0,0.9971121344,2.119828535e-14,13.2
0.5000,0.5000,12,0.1,0.1,0.9000,1000.0,9.780445394e-10,2.119828535e-14,13.2
0.5000,0.5000,12,0.1,0.1,0.9000,10000.0,0,2.119828535e-14,13.2
0.5000,0.5000,12,0.1,0.1,0.9000,inf,0,2.119828535e-14,13.2
0.5000,0.5000,12,0.1,1,0.5000,100.0,5.407738763e-10,0.003224401339,13.2
0.5000,0.5000,12,0.1,1,0.5000,1000.0,0,0.003224401339,13.2
0.5000,0.5000,12,0.1,1,0.5000,10000.0,0,0.003224401339,13.2
0.5000,0.5000,12,0.1,1,0.5000,inf,0,0.003224401339,13.2
0.5000,0.5000,12,0.1,1,0.9000,100.0,7.493017822e-10,5.769147914e-05,13.2
0.5000,0.5000,12,0.1,1,0.9000,1000.0,0,5.769147914e-05,13.2
0.5000,0.5000,12,0.1,1,0.9000,10000.0,0,5.769147914e-05,13.2
0.5000,0.5000,12,0.1,1,0.9000,inf,0,5.769147914e-05,13.2
0.5000,0.5500,1,0.01,0.0166667,0.5000,100.0,0.4261380269,0.03551432144,1.01
0.5000,0.5500,1,0.01,0.0166667,0.5000,1000.0,0.0002538582411,0.03551432144,1.01
0.5000,0.5500,1,0.01,0.0166667,0.5000,10000.0,0,0.03551432144,1.01
0.5000,0.5500,1,0.01,0.0166667,0.5000,inf,0,0.03551432144,1.01
0.5000,0.5500,1,0.01,0.0166667,0.9000,100.0,0.4329721207,0.02004659693,1.01
0.5000,0.5500,1,0.01,0.0166667,0.9000,1000.0,0.0002579294361,0.02004659693,1.01
0.5000,0.5500,1,0.01,0.0166667,0.9000,10000.0,0,0.02004659693,1.01
0.5000,0.5500,1,0.01,0.0166667,0.9000,inf,0,0.02004659693,1.01
0.5000,0.5500,1,0.01,0.1,0.5000,100.0,0.0060700573,0.184045867,1.01
0.5000,0.5500,1,0.01,0.1,0.5000,1000.0,0,0.184045867,1.01
0.5000,0.5500,1,0.01,0.1,0.5000,10000.0,0,0.184045867,1.01
0.5000,0.5500,1,0.01,0.1,0.5000,inf,0,0.184045867,1.01
0.5000,0.5500,1,0.01,0.1,0.9000,100.0,0.006610809362,0.1113564575,1.01
0.5000,0.5500,1,0.01,0.1,0.9000,1000.0,0,0.1113564575,1.01
0.5000,0.5500,1,0.01,0.1,0.9000,10000.0,0,0.1113564575,1.01
0.5000,0.5500,1,0.01,0.1,0.9000,inf,0,0.1113564575,1.01
0.5000,0.5500,1,0.01,1,0.5000,100.0,0,0.740058525,1.01
0.5000,0.5500,1,0.01,1,0.5000,1000.0,0,0.740058525,1.01
0.5000,0.5500,1,0.01,1,0.5000,10000.0,0,0.740058525,1.01
0.5000,0.5500,1,0.01,1,0.5000,inf,0,0.740058525,1.01
0.5000,0.5500,1,0.01,1,0.9000,100.0,0,0.6126549747,1.01
0.5000,0.5500,1,0.01,1,0.9000,1000.0,0,0.6126549747,1.01
0.5000,0.5500,1,0.01,1,0.9000,10000.0,0,0.6126549747,1.01
0.5000,0.5500,1,0.01,1,0.9000,inf,0,0.6126549747,1.01
0.5000,0.5500,1,0.1,0.0166667,0.5000,100.0,0.4569235005,0.03269294176,1.1
0.5000,0.5500,1,0.1,0.0166667,0.5000,1000.0,0.0004997407394,0.03269294176,1.1
0.5000,0.5500,1,0.1,0.0166667,0.5000,10000.0,0,0.03269294176,1.1
0.5000,0.5500,1,0.1,0.0166667,0.5000,inf,0,0.03269294176,1.1
0.5000,0.5500,1,0.1,0.0166667,0.9000,100.0,0.4636605798,0.01843054486,1.1
0.5000,0.5500,1,0.1,0.0166667,0.9000,1000.0,0.0005071091347,0.01843054486,1.1
0.5000,0.5500,1,0.1,0.0166667,0.9000,10000.0,0,0.01843054486,1.1
0.5000,0.5500,1,0.1,0.0166667,0.9000,inf,0,0.01843054486,1.1
0.5000,0.5500,1,0.1,0.1,0.5000,100.0,0.009206234239,0.1712812037,1.1
0.5000,0.5500,1,0.1,0.1,0.5000,1000.0,0,0.1712812037,1.1
0.5000,0.5500,1,0.1,0.1,0.5000,10000.0,0,0.1712812037,1.1
0.5000,0.5500,1,0.1,0.1,0.5000,inf,0,0.1712812037,1.1
0.5000,0.5500,1,0.1,0.1,0.9000,100.0,0.009964804799,0.102996858,1.1
0.5000,0.5500,1,0.1,0.1,0.9000,1000.0,0,0.102996858,1.1
0.5000,0.5500,1,0.1,0.1,0.9000,10000.0,0,0.102996858,1.1
0.5000,0.5500,1,0.1,0.1,0.9000,inf,0,0.102996858,1.1
0.5000,0.5500,1,0.1,1,0.5000,100.0,0,0.7189106086,1.1
0.5000,0.5500,1,0.1,1,0.5000,1000.0,0,0.7189106086,1.1
0.5000,0.5500,1,0.1,1,0.5000,10000.0,0,0.7189106086,1.1
0.5000,0.5500,1,0.1,1,0.5000,inf,0,0.7189106086,1.1
0.5000,0.5500,1,0.1,1,0.9000,100.0,0,0.5869273642,1.1
0.5000,0.5500,1,0.1,1,0.9000,1000.0,0,0.5869273642,1.1
0.5000,0.5500,1,0.1,1,0.9000,10000.0,0,0.5869273642,1.1
0.5000,0.5500,1,0.1,1,0.9000,inf,0,0.5869273642,1.1
0.5000,0.5500,3,0.01,0.0166667,0.5000,100.0,0.9444724528,3.511100392e-05,3.03
0.5000,0.5500,3,0.01,0.0166667,0.5000,1000.0,0.01105382905,3.511100392e-05,3.03
0.5000,0.5500,3,0.01,0.0166667,0.5000,10000.0,0,3.511100392e-05,3.03
0.5000,0.5500,3,0.01,0.0166667,0.5000,inf,0,3.511100392e-05,3.03
0.5000,0.5500,3,0.01,0.0166667,0.9000,100.0,0.9470540281,5.018949742e-06,3.03
0.5000,0.5500,3,0.01,0.0166667,0.9000,1000.0,0.01119386907,5.018949742e-06,3.03
0.5000,0.5500,3,0.01,0.0166667,0.9000,10000.0,0,5.018949742e-06,3.03
0.5000,0.5500,3,0.01,0.0166667,0.9000,inf,0,5.018949742e-06,3.03
0.5000,0.5500,3,0.01,0.1,0.5000,100.0,0.1156644235,0.004899506809,3.03
0.5000,0.5500,3,0.01,0.1,0.5000,1000.0,0,0.004899506809,3.03
0.5000,0.5500,3,0.01,0.1,0.5000,10000.0,0,0.004899506809,3.03
0.5000,0.5500,3,0.01,0.1,0.5000,inf,0,0.004899506809,3.03
0.5000,0.5500,3,0.01,0.1,0.9000,100.0,0.1229250688,0.0008648899773,3.03
0.5000,0.5500,3,0.01,0.1,0.9000,1000.0,0,0.0008648899773,3.03
0.5000,0.5500,3,0.01,0.1,0.9000,10000.0,0,0.0008648899773,3.03
0.5000,0.5500,3,0.01,0.1,0.9000,inf,0,0.0008648899773,3.03
0.5000,0.5500,3,0.01,1,0.5000,100.0,0,0.3276772944,3.03
0.5000,0.5500,3,0.01,1,0.5000,1000.0,0,0.3276772944,3.03
0.5000,0.5500,3,0.01,1,0.5000,10000.0,0,0.3276772944,3.03
0.5000,0.5500,3,0.01,1,0.5000,inf,0,0.3276772944,3.03
0.5000,0.5500,3,0.01,1,0.9000,100.0,0,0.1525444591,3.03
0.5000,0.5500,3,0.01,1,0.9000,1000.0,0,0.1525444591,3.03
0.5000,0.5500,3,0.01,1,0.9000,10000.0,0,0.1525444591,3.03
0.5000,0.5500,3,0.01,1,0.9000,inf,0,0.1525444591,3.03
0.5000,0.5500,3,0.1,0.0166667,0.5000,100.0,0.9548020967,2.738898924e-05,3.3
0.5000,0.5500,3,0.1,0.0166667,0.5000,1000.0,0.01873478255,2.738898924e-05,3.3
0.5000,0.5500,3,0.1,0.0166667,0.5000,10000.0,0,2.738898924e-05,3.3
0.5000,0.5500,3,0.1,0.0166667,0.5000,inf,0,2.738898924e-05,3.3
0.5000,0.5500,3,0.1,0.0166667,0.9000,100.0,0.9569481289,3.90002472e-06,3.3
0.5000,0.5500,3,0.1,0.0166667,0.9000,1000.0,0.01894846609,3.90002472e-06,3.3
0.5000,0.5500,3,0.1,0.0166667,0.9000,10000.0,0,3.90002472e-06,3.3
0.5000,0.5500,3,0.1,0.0166667,0.9000,inf,0,3.90002472e-06,3.3
0.5000,0.5500,3,0.1,0.1,0.5000,100.0,0.1529646505,0.00394812796,3.3
0.5000,0.5500,3,0.1,0.1,0.5000,1000.0,0,0.00394812796,3.3
0.5000,0.5500,3,0.1,0.1,0.5000,10000.0,0,0.00394812796,3.3
0.5000,0.5500,3,0.1,0.1,0.5000,inf,0,0.00394812796,3.3
0.5000,0.5500,3,0.1,0.1,0.9000,100.0,0.1615609764,0.0006840037462,3.3
0.5000,0.5500,3,0.1,0.1,0.9000,1000.0,0,0.0006840037462,3.3
0.5000,0.5500,3,0.1,0.1,0.9000,10000.0,0,0.0006840037462,3.3
0.5000,0.5500,3,0.1,0.1,0.9000,inf,0,0.0006840037462,3.3
0.5000,0.5500,3,0.1,1,0.5000,100.0,0,0.2996150715,3.3
0.5000,0.5500,3,0.1,1,0.5000,1000.0,0,0.2996150715,3.3
0.5000,0.5500,3,0.1,1,0.5000,10000.0,0,0.2996150715,3.3
0.5000,0.5500,3,0.1,1,0.5000,inf,0,0.2996150715,3.3
0.5000,0.5500,3,0.1,1,0.9000,100.0,0,0.1334299323,3.3
0.5000,0.5500,3,0.1,1,0.9000,1000.0,0,0.1334299323,3.3
0.5000,0.5500,3,0.1,1,0.9000,10000.0,0,0.1334299323,3.3
0.5000,0.5500,3,0.1,1,0.9000,inf,0,0.1334299323,3.3
0.5000,0.5500,6,0.01,0.0166667,0.5000,100.0,0.9997357635,1.082322774e-09,6.06
0.5000,0.5500,6,0.01,0.0166667,0.5000,1000.0,0.1669904841,1.082322774e-09,6.06
0.5000,0.5500,6,0.01,0.0166667,0.5000,10000.0,0,1.082322774e-09,6.06
0.5000,0.5500,6,0.01,0.0166667,0.5000,inf,0,1.082322774e-09,6.06
0.5000,0.5500,6,0.01,0.0166667,0.9000,100.0,0.9997643922,1.921016862e-11,6.06
0.5000,0.5500,6,0.01,0.0166667,0.9000,1000.0,0.1683224701,1.921016862e-11,6.06
0.5000,0.5500,6,0.01,0.0166667,0.9000,10000.0,0,1.921016862e-11,6.06
0.5000,0.5500,6,0.01,0.0166667,0.9000,inf,0,1.921016862e-11,6.06
0.5000,0.5500,6,0.01,0.1,0.5000,100.0,0.594887361,2.107521665e-05,6.06
0.5000,0.5500,6,0.01,0.1,0.5000,1000.0,0,2.107521665e-05,6.06
0.5000,0.5500,6,0.01,0.1,0.5000,10000.0,0,2.107521665e-05,6.06
0.5000,0.5500,6,0.01,0.1,0.5000,inf,0,2.107521665e-05,6.06
0.5000,0.5500,6,0.01,0.1,0.9000,100.0,0.6118987597,5.704351496e-07,6.06
0.5000,0.5500,6,0.01,0.1,0.9000,1000.0,0,5.704351496e-07,6.06
0.5000,0.5500,6,0.01,0.1,0.9000,10000.0,0,5.704351496e-07,6.06
0.5000,0.5500,6,0.01,0.1,0.9000,inf,0,5.704351496e-07,6.06
0.5000,0.5500,6,0.01,1,0.5000,100.0,0,0.09424334547,6.06
0.5000,0.5500,6,0.01,1,0.5000,1000.0,0,0.09424334547,6.06
0.5000,0.5500,6,0.01,1,0.5000,10000.0,0,0.09424334547,6.06
0.5000,0.5500,6,0.01,1,0.5000,inf,0,0.09424334547,6.06
0.5000,0.5500,6,0.01,1,0.9000,100.0,0,0.0177274463,6.06
0.5000,0.5500,6,0.01,1,0.9000,1000.0,0,0.0177274463,6.06
0.5000,0.5500,6,0.01,1,0.9000,10000.0,0,0.0177274463,6.06
0.5000,0.5500,6,0.01,1,0.9000,inf,0,0.0177274463,6.06
0.5000,0.5500,6,0.1,0.0166667,0.5000,100.0,0.999831974,6.58600953e-10,6.6
0.5000,0.5500,6,0.1,0.0166667,0.5000,1000.0,0.230500945,6.58600953e-10,6.6
0.5000,0.5500,6,0.1,0.0166667,0.5000,10000.0,0,6.58600953e-10,6.6
0.5000,0.5500,6,0.1,0.0166667,0.5000,inf,0,6.58600953e-10,6.6
0.5000,0.5500,6,0.1,0.0166667,0.9000,100.0,0.9998504038,1.159953345e-11,6.6
0.5000,0.5500,6,0.1,0.0166667,0.9000,1000.0,0.2320742783,1.159953345e-11,6.6
0.5000,0.5500,6,0.1,0.0166667,0.9000,10000.0,0,1.159953345e-11,6.6
0.5000,0.5500,6,0.1,0.0166667,0.9000,inf,0,1.159953345e-11,6.6
0.5000,0.5500,6,0.1,0.1,0.5000,100.0,0.6679815302,1.368516657e-05,6.6
0.5000,0.5500,6,0.1,0.1,0.5000,1000.0,1.960448265e-14,1.368516657e-05,6.6
0.5000,0.5500,6,0.1,0.1,0.5000,10000.0,0,1.368516657e-05,6.6
0.5000,0.5500,6,0.1,0.1,0.5000,inf,0,1.368516657e-05,6.6
0.5000,0.5500,6,0.1,0.1,0.9000,100.0,0.6836020027,3.567826227e-07,6.6
0.5000,0.5500,6,0.1,0.1,0.9000,1000.0,2.174780136e-14,3.567826227e-07,6.6
0.5000,0.5500,6,0.1,0.1,0.9000,10000.0,0,3.567826227e-07,6.6
0.5000,0.5500,6,0.1,0.1,0.9000,inf,0,3.567826227e-07,6.6
0.5000,0.5500,6,0.1,1,0.5000,100.0,1.011467863e-14,0.07879568912,6.6
0.5000,0.5500,6,0.1,1,0.5000,1000.0,0,0.07879568912,6.6
0.5000,0.5500,6,0.1,1,0.5000,10000.0,0,0.07879568912,6.6
0.5000,0.5500,6,0.1,1,0.5000,inf,0,0.07879568912,6.6
0.5000,0.5500,6,0.1,1,0.9000,100.0,1.590904791e-14,0.01356486154,6.6
0.5000,0.5500,6,0.1,1,0.9000,1000.0,0,0.01356486154,6.6
0.5000,0.5500,6,0.1,1,0.9000,10000.0,0,0.01356486154,6.6
0.5000,0.5500,6,0.1,1,0.9000,inf,0,0.01356486154,6.6
0.5000,0.5500,12,0.01,0.0166667,0.5000,100.0,0.9999999998,1.028464743e-18,12.12
0.5000,0.5500,12,0.01,0.0166667,0.5000,1000.0,0.8668581687,1.028464743e-18,12.12
0.5000,0.5500,12,0.01,0.0166667,0.5000,10000.0,0,1.028464743e-18,12.12
0.5000,0.5500,12,0.01,0.0166667,0.5000,inf,0,1.028464743e-18,12.12
0.5000,0.5500,12,0.01,0.0166667,0.9000,100.0,0.9999999999,2.814841094e-22,12.12
0.5000,0.5500,12,0.01,0.0166667,0.9000,1000.0,0.8681629518,2.814841094e-22,12.12
0.5000,0.5500,12,0.01,0.0166667,0.9000,10000.0,0,2.814841094e-22,12.12
0.5000,0.5500,12,0.01,0.0166667,0.9000,inf,0,2.814841094e-22,12.12
0.5000,0.5500,12,0.01,0.1,0.5000,100.0,0.9932484506,3.899598644e-10,12.12
0.5000,0.5500,12,0.01,0.1,0.5000,1000.0,3.915224072e-11,3.899598644e-10,12.12
0.5000,0.5500,12,0.01,0.1,0.5000,10000.0,0,3.899598644e-10,12.12
0.5000,0.5500,12,0.01,0.1,0.5000,inf,0,3.899598644e-10,12.12
0.5000,0.5500,12,0.01,0.1,0.9000,100.0,0.9943055188,2.482013295e-13,12.12
0.5000,0.5500,12,0.01,0.1,0.9000,1000.0,4.194181717e-11,2.482013295e-13,12.12
0.5000,0.5500,12,0.01,0.1,0.9000,10000.0,0,2.482013295e-13,12.12
0.5000,0.5500,12,0.01,0.1,0.9000,inf,0,2.482013295e-13,12.12
0.5000,0.5500,12,0.01,1,0.5000,100.0,2.098030591e-11,0.007797894184,12.12
0.5000,0.5500,12,0.01,1,0.5000,1000.0,0,0.007797894184,12.12
0.5000,0.5500,12,0.01,1,0.5000,10000.0,0,0.007797894184,12.12
0.5000,0.5500,12,0.01,1,0.5000,inf,0,0.007797894184,12.12
0.5000,0.5500,12,0.01,1,0.9000,100.0,3.005959082e-11,0.0002397098569,12.12
0.5000,0.5500,12,0.01,1,0.9000,1000.0,0,0.0002397098569,12.12
0.5000,0.5500,12,0.01,1,0.9000,10000.0,0,0.0002397098569,12.12
0.5000,0.5500,12,0.01,1,0.9000,inf,0,0.0002397098569,12.12
0.5000,0.5500,12,0.1,0.0166667,0.5000,100.0,0.9999999999,3.808206802e-19,13.2
0.5000,0.5500,12,0.1,0.0166667,0.5000,1000.0,0.914644356,3.808206802e-19,13.2
0.5000,0.5500,12,0.1,0.0166667,0.5000,10000.0,0,3.808206802e-19,13.2
0.5000,0.5500,12,0.1,0.0166667,0.5000,inf,0,3.808206802e-19,13.2
0.5000,0.5500,12,0.1,0.0166667,0.9000,100.0,1,1.026295848e-22,13.2
0.5000,0.5500,12,0.1,0.0166667,0.9000,1000.0,0.915567915,1.026295848e-22,13.2
0.5000,0.5500,12,0.1,0.0166667,0.9000,10000.0,0,1.026295848e-22,13.2
0.5000,0.5500,12,0.1,0.0166667,0.9000,inf,0,1.026295848e-22,13.2
0.5000,0.5500,12,0.1,0.1,0.5000,100.0,0.9964646144,1.644280819e-10,13.2
0.5000,0.5500,12,0.1,0.1,0.5000,1000.0,9.115444239e-10,1.644280819e-10,13.2
0.5000,0.5500,12,0.1,0.1,0.5000,10000.0,0,1.644280819e-10,13.2
0.5000,0.5500,12,0.1,0.1,0.5000,inf,0,1.644280819e-10,13.2
0.5000,0.5500,12,0.1,0.1,0.9000,100.0,0.9970491578,9.709546187e-14,13.2
0.5000,0.5500,12,0.1,0.1,0.9000,1000.0,9.70183854e-10,9.709546187e-14,13.2
0.5000,0.5500,12,0.1,0.1,0.9000,10000.0,0,9.709546187e-14,13.2
0.5000,0.5500,12,0.1,0.1,0.9000,inf,0,9.709546187e-14,13.2
0.5000,0.5500,12,0.1,1,0.5000,100.0,5.055746482e-10,0.005451058255,13.2
0.5000,0.5500,12,0.1,1,0.5000,1000.0,0,0.005451058255,13.2
0.5000,0.5500,12,0.1,1,0.5000,10000.0,0,0.005451058255,13.2
0.5000,0.5500,12,0.1,1,0.5000,inf,0,0.005451058255,13.2
0.5000,0.5500,12,0.1,1,0.9000,100.0,7.112359512e-10,0.0001403536779,13.2
0.5000,0.5500,12,0.1,1,0.9000,1000.0,0,0.0001403536779,13.2
0.5000,0.5500,12,0.1,1,0.9000,10000.0,0,0.0001403536779,13.2
0.5000,0.5500,12,0.1,1,0.9000,inf,0,0.0001403536779,13.2
0.6000,0.1000,1,0.01,0.0166667,0.5000,100.0,0.3671192366,0.02163314154,1.01
0.6000,0.1000,1,0.01,0.0166667,0.5000,1000.0,4.952862972e-05,0.02163314154,1.01
0.6000,0.1000,1,0.01,0.0166667,0.5000,10000.0,0,0.02163314154,1.01
0.6000,0.1000,1,0.01,0.0166667,0.5000,inf,0,0.02163314154,1.01
0.6000,0.1000,1,0.01,0.0166667,0.9000,100.0,0.3706832559,0.01213508755,1.01
0.6000,0.1000,1,0.01,0.0166667,0.9000,1000.0,5.000945712e-05,0.01213508755,1.01
0.6000,0.1000,1,0.01,0.0166667,0.9000,10000.0,0,0.01213508755,1.01
0.6000,0.1000,1,0.01,0.0166667,0.9000,inf,0,0.01213508755,1.01
0.6000,0.1000,1,0.01,0.1,0.5000,100.0,0.002457248481,0.1197285382,1.01
0.6000,0.1000,1,0.01,0.1,0.5000,1000.0,0,0.1197285382,1.01
0.6000,0.1000,1,0.01,0.1,0.5000,10000.0,0,0.1197285382,1.01
0.6000,0.1000,1,0.01,0.1,0.5000,inf,0,0.1197285382,1.01
0.6000,0.1000,1,0.01,0.1,0.9000,100.0,0.002595354246,0.07025427294,1.01
0.6000,0.1000,1,0.01,0.1,0.9000,1000.0,0,0.07025427294,1.01
0.6000,0.1000,1,0.01,0.1,0.9000,10000.0,0,0.07025427294,1.01
0.6000,0.1000,1,0.01,0.1,0.9000,inf,0,0.07025427294,1.01
0.6000,0.1000,1,0.01,1,0.5000,100.0,0,0.643232717,1.01
0.6000,0.1000,1,0.01,1,0.5000,1000.0,0,0.643232717,1.01
0.6000,0.1000,1,0.01,1,0.5000,10000.0,0,0.643232717,1.01
0.6000,0.1000,1,0.01,1,0.5000,inf,0,0.643232717,1.01
0.6000,0.1000,1,0.01,1,0.9000,100.0,0,0.5004090541,1.01
0.6000,0.1000,1,0.01,1,0.9000,1000.0,0,0.5004090541,1.01
0.6000,0.1000,1,0.01,1,0.9000,10000.0,0,0.5004090541,1.01
0.6000,0.1000,1,0.01,1,0.9000,inf,0,0.5004090541,1.01
0.6000,0.1000,1,0.1,0.0166667,0.5000,100.0,0.3984827994,0.01989046682,1.1
0.6000,0.1000,1,0.1,0.0166667,0.5000,1000.0,0.0001114528277,0.01989046682,1.1
0.6000,0.1000,1,0.1,0.0166667,0.5000,10000.0,0,0.01989046682,1.1
0.6000,0.1000,1,0.1,0.0166667,0.5000,inf,0,0.01989046682,1.1
0.6000,0.1000,1,0.1,0.0166667,0.9000,100.0,0.4020368889,0.0111488172,1.1
0.6000,0.1000,1,0.1,0.0166667,0.9000,1000.0,0.0001124468814,0.0111488172,1.1
0.6000,0.1000,1,0.1,0.0166667,0.9000,10000.0,0,0.0111488172,1.1
0.6000,0.1000,1,0.1,0.0166667,0.9000,inf,0,0.0111488172,1.1
0.6000,0.1000,1,0.1,0.1,0.5000,100.0,0.004016242153,0.1107782182,1.1
0.6000,0.1000,1,0.1,0.1,0.5000,1000.0,0,0.1107782182,1.1
0.6000,0.1000,1,0.1,0.1,0.5000,10000.0,0,0.1107782182,1.1
0.6000,0.1000,1,0.1,0.1,0.5000,inf,0,0.1107782182,1.1
0.6000,0.1000,1,0.1,0.1,0.9000,100.0,0.004224220659,0.06473044261,1.1
0.6000,0.1000,1,0.1,0.1,0.9000,1000.0,0,0.06473044261,1.1
0.6000,0.1000,1,0.1,0.1,0.9000,10000.0,0,0.06473044261,1.1
0.6000,0.1000,1,0.1,0.1,0.9000,inf,0,0.06473044261,1.1
0.6000,0.1000,1,0.1,1,0.5000,100.0,0,0.6171491564,1.1
0.6000,0.1000,1,0.1,1,0.5000,1000.0,0,0.6171491564,1.1
0.6000,0.1000,1,0.1,1,0.5000,10000.0,0,0.6171491564,1.1
0.6000,0.1000,1,0.1,1,0.5000,inf,0,0.6171491564,1.1
0.6000,0.1000,1,0.1,1,0.9000,100.0,0,0.4724475898,1.1
0.6000,0.1000,1,0.1,1,0.9000,1000.0,0,0.4724475898,1.1
0.6000,0.1000,1,0.1,1,0.9000,10000.0,0,0.4724475898,1.1
0.6000,0.1000,1,0.1,1,0.9000,inf,0,0.4724475898,1.1
0.6000,0.1000,3,0.01,0.0166667,0.5000,100.0,0.9192693005,5.918720799e-06,3.03
0.6000,0.1000,3,0.01,0.0166667,0.5000,1000.0,0.002973949186,5.918720799e-06,3.03
0.6000,0.1000,3,0.01,0.0166667,0.5000,10000.0,0,5.918720799e-06,3.03
0.6000,0.1000,3,0.01,0.0166667,0.5000,inf,0,5.918720799e-06,3.03
0.6000,0.1000,3,0.01,0.0166667,0.9000,100.0,0.9210846832,5.37078775e-07,3.03
0.6000,0.1000,3,0.01,0.0166667,0.9000,1000.0,0.002997607819,5.37078775e-07,3.03
0.6000,0.1000,3,0.01,0.0166667,0.9000,10000.0,0,5.37078775e-07,3.03
0.6000,0.1000,3,0.01,0.0166667,0.9000,inf,0,5.37078775e-07,3.03
0.6000,0.1000,3,0.01,0.1,0.5000,100.0,0.06151846455,0.001010814665,3.03
0.6000,0.1000,3,0.01,0.1,0.5000,1000.0,0,0.001010814665,3.03
0.6000,0.1000,3,0.01,0.1,0.5000,10000.0,0,0.001010814665,3.03
0.6000,0.1000,3,0.01,0.1,0.5000,inf,0,0.001010814665,3.03
0.6000,0.1000,3,0.01,0.1,0.9000,100.0,0.06404398976,0.0001063052822,3.03
0.6000,0.1000,3,0.01,0.1,0.9000,1000.0,0,0.0001063052822,3.03
0.6000,0.1000,3,0.01,0.1,0.9000,10000.0,0,0.0001063052822,3.03
0.6000,0.1000,3,0.01,0.1,0.9000,inf,0,0.0001063052822,3.03
0.6000,0.1000,3,0.01,1,0.5000,100.0,0,0.1696314224,3.03
0.6000,0.1000,3,0.01,1,0.5000,1000.0,0,0.1696314224,3.03
0.6000,0.1000,3,0.01,1,0.5000,10000.0,0,0.1696314224,3.03
0.6000,0.1000,3,0.01,1,0.5000,inf,0,0.1696314224,3.03
0.6000,0.1000,3,0.01,1,0.9000,100.0,0,0.04727485661,3.03
0.6000,0.1000,3,0.01,1,0.9000,1000.0,0,0.04727485661,3.03
0.6000,0.1000,3,0.01,1,0.9000,10000.0,0,0.04727485661,3.03
0.6000,0.1000,3,0.01,1,0.9000,inf,0,0.04727485661,3.03
0.6000,0.1000,3,0.1,0.0166667,0.5000,100.0,0.9337537245,4.599932584e-06,3.3
0.6000,0.1000,3,0.1,0.0166667,0.5000,1000.0,0.005742415504,4.599932584e-06,3.3
0.6000,0.1000,3,0.1,0.0166667,0.5000,10000.0,0,4.599932584e-06,3.3
0.6000,0.1000,3,0.1,0.0166667,0.5000,inf,0,4.599932584e-06,3.3
0.6000,0.1000,3,0.1,0.0166667,0.9000,100.0,0.9352800069,4.163457561e-07,3.3
0.6000,0.1000,3,0.1,0.0166667,0.9000,1000.0,0.005783650864,4.163457561e-07,3.3
0.6000,0.1000,3,0.1,0.0166667,0.9000,10000.0,0,4.163457561e-07,3.3
0.6000,0.1000,3,0.1,0.0166667,0.9000,inf,0,4.163457561e-07,3.3
0.6000,0.1000,3,0.1,0.1,0.5000,100.0,0.08722613027,0.0008000675134,3.3
0.6000,0.1000,3,0.1,0.1,0.5000,1000.0,0,0.0008000675134,3.3
0.6000,0.1000,3,0.1,0.1,0.5000,10000.0,0,0.0008000675134,3.3
0.6000,0.1000,3,0.1,0.1,0.5000,inf,0,0.0008000675134,3.3
0.6000,0.1000,3,0.1,0.1,0.9000,100.0,0.09043332321,8.298832536e-05,3.3
0.6000,0.1000,3,0.1,0.1,0.9000,1000.0,0,8.298832536e-05,3.3
0.6000,0.1000,3,0.1,0.1,0.9000,10000.0,0,8.298832536e-05,3.3
0.6000,0.1000,3,0.1,0.1,0.9000,inf,0,8.298832536e-05,3.3
0.6000,0.1000,3,0.1,1,0.5000,100.0,0,0.1487614534,3.3
0.6000,0.1000,3,0.1,1,0.5000,1000.0,0,0.1487614534,3.3
0.6000,0.1000,3,0.1,1,0.5000,10000.0,0,0.1487614534,3.3
0.6000,0.1000,3,0.1,1,0.5000,inf,0,0.1487614534,3.3
0.6000,0.1000,3,0.1,1,0.9000,100.0,0,0.03906589341,3.3
0.6000,0.1000,3,0.1,1,0.9000,1000.0,0,0.03906589341,3.3
0.6000,0.1000,3,0.1,1,0.9000,10000.0,0,0.03906589341,3.3
0.6000,0.1000,3,0.1,1,0.9000,inf,0,0.03906589341,3.3
0.6000,0.1000,6,0.01,0.0166667,0.5000,100.0,0.9993973456,2.558824118e-11,6.06
0.6000,0.1000,6,0.01,0.0166667,0.5000,1000.0,0.07044886946,2.558824118e-11,6.06
0.6000,0.1000,6,0.01,0.0166667,0.5000,10000.0,0,2.558824118e-11,6.06
0.6000,0.1000,6,0.01,0.0166667,0.5000,inf,0,2.558824118e-11,6.06
0.6000,0.1000,6,0.01,0.0166667,0.9000,100.0,0.9994285259,1.112131863e-13,6.06
0.6000,0.1000,6,0.01,0.0166667,0.9000,1000.0,0.07083381013,1.112131863e-13,6.06
0.6000,0.1000,6,0.01,0.0166667,0.9000,10000.0,0,1.112131863e-13,6.06
0.6000,0.1000,6,0.01,0.0166667,0.9000,inf,0,1.112131863e-13,6.06
0.6000,0.1000,6,0.01,0.1,0.5000,100.0,0.4436960965,7.462608198e-07,6.06
0.6000,0.1000,6,0.01,0.1,0.5000,1000.0,0,7.462608198e-07,6.06
0.6000,0.1000,6,0.01,0.1,0.5000,10000.0,0,7.462608198e-07,6.06
0.6000,0.1000,6,0.01,0.1,0.5000,inf,0,7.462608198e-07,6.06
0.6000,0.1000,6,0.01,0.1,0.9000,100.0,0.4530242866,4.354719653e-09,6.06
0.6000,0.1000,6,0.01,0.1,0.9000,1000.0,0,4.354719653e-09,6.06
0.6000,0.1000,6,0.01,0.1,0.9000,10000.0,0,4.354719653e-09,6.06
0.6000,0.1000,6,0.01,0.1,0.9000,inf,0,4.354719653e-09,6.06
0.6000,0.1000,6,0.01,1,0.5000,100.0,0,0.0209803136,6.06
0.6000,0.1000,6,0.01,1,0.5000,1000.0,0,0.0209803136,6.06
0.6000,0.1000,6,0.01,1,0.5000,10000.0,0,0.0209803136,6.06
0.6000,0.1000,6,0.01,1,0.5000,inf,0,0.0209803136,6.06
0.6000,0.1000,6,0.01,1,0.9000,100.0,0,0.000858085367,6.06
0.6000,0.1000,6,0.01,1,0.9000,1000.0,0,0.000858085367,6.06
0.6000,0.1000,6,0.01,1,0.9000,10000.0,0,0.000858085367,6.06
0.6000,0.1000,6,0.01,1,0.9000,inf,0,0.000858085367,6.06
0.6000,0.1000,6,0.1,0.0166667,0.5000,100.0,0.9996130618,1.545568391e-11,6.6
0.6000,0.1000,6,0.1,0.0166667,0.5000,1000.0,0.1096370719,1.545568391e-11,6.6
0.6000,0.1000,6,0.1,0.0166667,0.5000,10000.0,0,1.545568391e-11,6.6
0.6000,0.1000,6,0.1,0.0166667,0.5000,inf,0,1.545568391e-11,6.6
0.6000,0.1000,6,0.1,0.0166667,0.9000,100.0,0.9996333558,6.683322269e-14,6.6
0.6000,0.1000,6,0.1,0.0166667,0.9000,1000.0,0.1101564255,6.683322269e-14,6.6
0.6000,0.1000,6,0.1,0.0166667,0.9000,10000.0,0,6.683322269e-14,6.6
0.6000,0.1000,6,0.1,0.0166667,0.9000,inf,0,6.683322269e-14,6.6
0.6000,0.1000,6,0.1,0.1,0.5000,100.0,0.5253579624,4.67524874e-07,6.6
0.6000,0.1000,6,0.1,0.1,0.5000,1000.0,0,4.67524874e-07,6.6
0.6000,0.1000,6,0.1,0.1,0.5000,10000.0,0,4.67524874e-07,6.6
0.6000,0.1000,6,0.1,0.1,0.5000,inf,0,4.67524874e-07,6.6
0.6000,0.1000,6,0.1,0.1,0.9000,100.0,0.5345314139,2.654035701e-09,6.6
0.6000,0.1000,6,0.1,0.1,0.9000,1000.0,0,2.654035701e-09,6.6
0.6000,0.1000,6,0.1,0.1,0.9000,10000.0,0,2.654035701e-09,6.6
0.6000,0.1000,6,0.1,0.1,0.9000,inf,0,2.654035701e-09,6.6
0.6000,0.1000,6,0.1,1,0.5000,100.0,0,0.01613890109,6.6
0.6000,0.1000,6,0.1,1,0.5000,1000.0,0,0.01613890109,6.6
0.6000,0.1000,6,0.1,1,0.5000,10000.0,0,0.01613890109,6.6
0.6000,0.1000,6,0.1,1,0.5000,inf,0,0.01613890109,6.6
0.6000,0.1000,6,0.1,1,0.9000,100.0,0,0.0005860115002,6.6
0.6000,0.1000,6,0.1,1,0.9000,1000.0,0,0.0005860115002,6.6
0.6000,0.1000,6,0.1,1,0.9000,10000.0,0,0.0005860115002,6.6
0.6000,0.1000,6,0.1,1,0.9000,inf,0,0.0005860115002,6.6
0.6000,0.1000,12,0.01,0.0166667,0.5000,100.0,0.9999999991,4.784250591e-22,12.12
0.6000,0.1000,12,0.01,0.0166667,0.5000,1000.0,0.7066150049,4.784250591e-22,12.12
0.6000,0.1000,12,0.01,0.0166667,0.5000,10000.0,0,4.784250591e-22,12.12
0.6000,0.1000,12,0.01,0.0166667,0.5000,inf,0,4.784250591e-22,12.12
0.6000,0.1000,12,0.01,0.0166667,0.9000,100.0,0.9999999992,4.819538098e-27,12.12
0.6000,0.1000,12,0.01,0.0166667,0.9000,1000.0,0.7077179798,4.819538098e-27,12.12
0.6000,0.1000,12,0.01,0.0166667,0.9000,10000.0,0,4.819538098e-27,12.12
0.6000,0.1000,12,0.01,0.0166667,0.9000,inf,0,4.819538098e-27,12.12
0.6000,0.1000,12,0.01,0.1,0.5000,100.0,0.9795156867,4.069250131e-13,12.12
0.6000,0.1000,12,0.01,0.1,0.5000,1000.0,5.683530449e-15,4.069250131e-13,12.12
0.6000,0.1000,12,0.01,0.1,0.5000,10000.0,0,4.069250131e-13,12.12
0.6000,0.1000,12,0.01,0.1,0.5000,inf,0,4.069250131e-13,12.12
0.6000,0.1000,12,0.01,0.1,0.9000,100.0,0.9809036649,7.389817017e-18,12.12
0.6000,0.1000,12,0.01,0.1,0.9000,1000.0,6.372974484e-15,7.389817017e-18,12.12
0.6000,0.1000,12,0.01,0.1,0.9000,10000.0,0,7.389817017e-18,12.12
0.6000,0.1000,12,0.01,0.1,0.9000,inf,0,7.389817017e-18,12.12
0.6000,0.1000,12,0.01,1,0.5000,100.0,5.303257833e-15,0.0003216350928,12.12
0.6000,0.1000,12,0.01,1,0.5000,1000.0,0,0.0003216350928,12.12
0.6000,0.1000,12,0.01,1,0.5000,10000.0,0,0.0003216350928,12.12
0.6000,0.1000,12,0.01,1,0.5000,inf,0,0.0003216350928,12.12
0.6000,0.1000,12,0.01,1,0.9000,100.0,8.477518687e-15,2.871544223e-07,12.12
0.6000,0.1000,12,0.01,1,0.9000,1000.0,0,2.871544223e-07,12.12
0.6000,0.1000,12,0.01,1,0.9000,10000.0,0,2.871544223e-07,12.12
0.6000,0.1000,12,0.01,1,0.9000,inf,0,2.871544223e-07,12.12
0.6000,0.1000,12,0.1,0.0166667,0.5000,100.0,0.9999999997,1.745458397e-22,13.2
0.6000,0.1000,12,0.1,0.0166667,0.5000,1000.0,0.7929973711,1.745458397e-22,13.2
0.6000,0.1000,12,0.1,0.0166667,0.5000,10000.0,0,1.745458397e-22,13.2
0.6000,0.1000,12,0.1,0.0166667,0.5000,inf,0,1.745458397e-22,13.2
0.6000,0.1000,12,0.1,0.0166667,0.9000,100.0,0.9999999997,1.740513275e-27,13.2
0.6000,0.1000,12,0.1,0.0166667,0.9000,1000.0,0.7938890606,1.740513275e-27,13.2
0.6000,0.1000,12,0.1,0.0166667,0.9000,10000.0,0,1.740513275e-27,13.2
0.6000,0.1000,12,0.1,0.0166667,0.9000,inf,0,1.740513275e-27,13.2
0.6000,0.1000,12,0.1,0.1,0.5000,100.0,0.9886453767,1.597138363e-13,13.2
0.6000,0.1000,12,0.1,0.1,0.5000,1000.0,7.62777372e-13,1.597138363e-13,13.2
0.6000,0.1000,12,0.1,0.1,0.5000,10000.0,0,1.597138363e-13,13.2
0.6000,0.1000,12,0.1,0.1,0.5000,inf,0,1.597138363e-13,13.2
0.6000,0.1000,12,0.1,0.1,0.9000,100.0,0.9894640154,2.744888479e-18,13.2
0.6000,0.1000,12,0.1,0.1,0.9000,1000.0,7.951524556e-13,2.744888479e-18,13.2
0.6000,0.1000,12,0.1,0.1,0.9000,10000.0,0,2.744888479e-18,13.2
0.6000,0.1000,12,0.1,0.1,0.9000,inf,0,2.744888479e-18,13.2
0.6000,0.1000,12,0.1,1,0.5000,100.0,5.603280143e-13,0.000190320649,13.2
0.6000,0.1000,12,0.1,1,0.5000,1000.0,0,0.000190320649,13.2
0.6000,0.1000,12,0.1,1,0.5000,10000.0,0,0.000190320649,13.2
0.6000,0.1000,12,0.1,1,0.5000,inf,0,0.000190320649,13.2
0.6000,0.1000,12,0.1,1,0.9000,100.0,7.438829205e-13,1.339151125e-07,13.2
0.6000,0.1000,12,0.1,1,0.9000,1000.0,0,1.339151125e-07,13.2
0.6000,0.1000,12,0.1,1,0.9000,10000.0,0,1.339151125e-07,13.2
0.6000,0.1000,12,0.1,1,0.9000,inf,0,1.339151125e-07,13.2
0.6000,0.2500,1,0.01,0.0166667,0.5000,100.0,0.3655376909,0.02584793544,1.01
0.6000,0.2500,1,0.01,0.0166667,0.5000,1000.0,4.931526091e-05,0.02584793544,1.01
0.6000,0.2500,1,0.01,0.0166667,0.5000,10000.0,0,0.02584793544,1.01
0.6000,0.2500,1,0.01,0.0166667,0.5000,inf,0,0.02584793544,1.01
0.6000,0.2500,1,0.01,0.0166667,0.9000,100.0,0.3697857794,0.01452684815,1.01
0.6000,0.2500,1,0.01,0.0166667,0.9000,1000.0,4.988837716e-05,0.01452684815,1.01
0.6000,0.2500,1,0.01,0.0166667,0.9000,10000.0,0,0.01452684815,1.01
0.6000,0.2500,1,0.01,0.0166667,0.9000,inf,0,0.01452684815,1.01
0.6000,0.2500,1,0.01,0.1,0.5000,100.0,0.002399783956,0.1403143201,1.01
0.6000,0.2500,1,0.01,0.1,0.5000,1000.0,0,0.1403143201,1.01
0.6000,0.2500,1,0.01,0.1,0.5000,10000.0,0,0.1403143201,1.01
0.6000,0.2500,1,0.01,0.1,0.5000,inf,0,0.1403143201,1.01
0.6000,0.2500,1,0.01,0.1,0.9000,100.0,0.002559392593,0.08313698188,1.01
0.6000,0.2500,1,0.01,0.1,0.9000,1000.0,0,0.08313698188,1.01
0.6000,0.2500,1,0.01,0.1,0.9000,10000.0,0,0.08313698188,1.01
0.6000,0.2500,1,0.01,0.1,0.9000,inf,0,0.08313698188,1.01
0.6000,0.2500,1,0.01,1,0.5000,100.0,0,0.68389813,1.01
0.6000,0.2500,1,0.01,1,0.5000,1000.0,0,0.68389813,1.01
0.6000,0.2500,1,0.01,1,0.5000,10000.0,0,0.68389813,1.01
0.6000,0.2500,1,0.01,1,0.5000,inf,0,0.68389813,1.01
0.6000,0.2500,1,0.01,1,0.9000,100.0,0,0.5458601888,1.01
0.6000,0.2500,1,0.01,1,0.9000,1000.0,0,0.5458601888,1.01
0.6000,0.2500,1,0.01,1,0.9000,10000.0,0,0.5458601888,1.01
0.6000,0.2500,1,0.01,1,0.9000,inf,0,0.5458601888,1.01
0.6000,0.2500,1,0.1,0.0166667,0.5000,100.0,0.3969038787,0.02377398505,1.1
0.6000,0.2500,1,0.1,0.0166667,0.5000,1000.0,0.0001110112147,0.02377398505,1.1
0.6000,0.2500,1,0.1,0.0166667,0.5000,10000.0,0,0.02377398505,1.1
0.6000,0.2500,1,0.1,0.0166667,0.5000,inf,0,0.02377398505,1.1
0.6000,0.2500,1,0.1,0.0166667,0.9000,100.0,0.4011424362,0.01334881594,1.1
0.6000,0.2500,1,0.1,0.0166667,0.9000,1000.0,0.0001121967093,0.01334881594,1.1
0.6000,0.2500,1,0.1,0.0166667,0.9000,10000.0,0,0.01334881594,1.1
0.6000,0.2500,1,0.1,0.0166667,0.9000,inf,0,0.01334881594,1.1
0.6000,0.2500,1,0.1,0.1,0.5000,100.0,0.003929188454,0.1300524658,1.1
0.6000,0.2500,1,0.1,0.1,0.5000,1000.0,0,0.1300524658,1.1
0.6000,0.2500,1,0.1,0.1,0.5000,10000.0,0,0.1300524658,1.1
0.6000,0.2500,1,0.1,0.1,0.5000,inf,0,0.1300524658,1.1
0.6000,0.2500,1,0.1,0.1,0.9000,100.0,0.004170232461,0.07668377618,1.1
0.6000,0.2500,1,0.1,0.1,0.9000,1000.0,0,0.07668377618,1.1
0.6000,0.2500,1,0.1,0.1,0.9000,10000.0,0,0.07668377618,1.1
0.6000,0.2500,1,0.1,0.1,0.9000,inf,0,0.07668377618,1.1
0.6000,0.2500,1,0.1,1,0.5000,100.0,0,0.6592125,1.1
0.6000,0.2500,1,0.1,1,0.5000,1000.0,0,0.6592125,1.1
0.6000,0.2500,1,0.1,1,0.5000,10000.0,0,0.6592125,1.1
0.6000,0.2500,1,0.1,1,0.5000,inf,0,0.6592125,1.1
0.6000,0.2500,1,0.1,1,0.9000,100.0,0,0.517992268,1.1
0.6000,0.2500,1,0.1,1,0.9000,1000.0,0,0.517992268,1.1
0.6000,0.2500,1,0.1,1,0.9000,10000.0,0,0.517992268,1.1
0.6000,0.2500,1,0.1,1,0.9000,inf,0,0.517992268,1.1
0.6000,0.2500,3,0.01,0.0166667,0.5000,100.0,0.9184412649,1.121116625e-05,3.03
0.6000,0.2500,3,0.01,0.0166667,0.5000,1000.0,0.002963421356,1.121116625e-05,3.03
0.6000,0.2500,3,0.01,0.0166667,0.5000,10000.0,0,1.121116625e-05,3.03
0.6000,0.2500,3,0.01,0.0166667,0.5000,inf,0,1.121116625e-05,3.03
0.6000,0.2500,3,0.01,0.0166667,0.9000,100.0,0.920634071,1.232507622e-06,3.03
0.6000,0.2500,3,0.01,0.0166667,0.9000,1000.0,0.002991658786,1.232507622e-06,3.03
0.6000,0.2500,3,0.01,0.0166667,0.9000,10000.0,0,1.232507622e-06,3.03
0.6000,0.2500,3,0.01,0.0166667,0.9000,inf,0,1.232507622e-06,3.03
0.6000,0.2500,3,0.01,0.1,0.5000,100.0,0.06044206608,0.001803863943,3.03
0.6000,0.2500,3,0.01,0.1,0.5000,1000.0,0,0.001803863943,3.03
0.6000,0.2500,3,0.01,0.1,0.5000,10000.0,0,0.001803863943,3.03
0.6000,0.2500,3,0.01,0.1,0.5000,inf,0,0.001803863943,3.03
0.6000,0.2500,3,0.01,0.1,0.9000,100.0,0.06339463442,0.0002342308727,3.03
0.6000,0.2500,3,0.01,0.1,0.9000,1000.0,0,0.0002342308727,3.03
0.6000,0.2500,3,0.01,0.1,0.9000,10000.0,0,0.0002342308727,3.03
0.6000,0.2500,3,0.01,0.1,0.9000,inf,0,0.0002342308727,3.03
0.6000,0.2500,3,0.01,1,0.5000,100.0,0,0.2222874626,3.03
0.6000,0.2500,3,0.01,1,0.5000,1000.0,0,0.2222874626,3.03
0.6000,0.2500,3,0.01,1,0.5000,10000.0,0,0.2222874626,3.03
0.6000,0.2500,3,0.01,1,0.5000,inf,0,0.2222874626,3.03
0.6000,0.2500,3,0.01,1,0.9000,100.0,0,0.07671892478,3.03
0.6000,0.2500,3,0.01,1,0.9000,1000.0,0,0.07671892478,3.03
0.6000,0.2500,3,0.01,1,0.9000,10000.0,0,0.07671892478,3.03
0.6000,0.2500,3,0.01,1,0.9000,inf,0,0.07671892478,3.03
0.6000,0.2500,3,0.1,0.0166667,0.5000,100.0,0.9330567236,8.72243705e-06,3.3
0.6000,0.2500,3,0.1,0.0166667,0.5000,1000.0,0.005724045381,8.72243705e-06,3.3
0.6000,0.2500,3,0.1,0.0166667,0.5000,10000.0,0,8.72243705e-06,3.3
0.6000,0.2500,3,0.1,0.0166667,0.5000,inf,0,8.72243705e-06,3.3
0.6000,0.2500,3,0.1,0.0166667,0.9000,100.0,0.9349013882,9.561050161e-07,3.3
0.6000,0.2500,3,0.1,0.0166667,0.9000,1000.0,0.005773288207,9.561050161e-07,3.3
0.6000,0.2500,3,0.1,0.0166667,0.9000,10000.0,0,9.561050161e-07,3.3
0.6000,0.2500,3,0.1,0.0166667,0.9000,inf,0,9.561050161e-07,3.3
0.6000,0.2500,3,0.1,0.1,0.5000,100.0,0.08585062673,0.00143550849,3.3
0.6000,0.2500,3,0.1,0.1,0.5000,1000.0,0,0.00143550849,3.3
0.6000,0.2500,3,0.1,0.1,0.5000,10000.0,0,0.00143550849,3.3
0.6000,0.2500,3,0.1,0.1,0.5000,inf,0,0.00143550849,3.3
0.6000,0.2500,3,0.1,0.1,0.9000,100.0,0.08961138231,0.0001835628259,3.3
0.6000,0.2500,3,0.1,0.1,0.9000,1000.0,0,0.0001835628259,3.3
0.6000,0.2500,3,0.1,0.1,0.9000,10000.0,0,0.0001835628259,3.3
0.6000,0.2500,3,0.1,0.1,0.9000,inf,0,0.0001835628259,3.3
0.6000,0.2500,3,0.1,1,0.5000,100.0,0,0.1979633445,3.3
0.6000,0.2500,3,0.1,1,0.5000,1000.0,0,0.1979633445,3.3
0.6000,0.2500,3,0.1,1,0.5000,10000.0,0,0.1979633445,3.3
0.6000,0.2500,3,0.1,1,0.5000,inf,0,0.1979633445,3.3
0.6000,0.2500,3,0.1,1,0.9000,100.0,0,0.06471259779,3.3
0.6000,0.2500,3,0.1,1,0.9000,1000.0,0,0.06471259779,3.3
0.6000,0.2500,3,0.1,1,0.9000,10000.0,0,0.06471259779,3.3
0.6000,0.2500,3,0.1,1,0.9000,inf,0,0.06471259779,3.3
0.6000,0.2500,6,0.01,0.0166667,0.5000,100.0,0.9993824821,9.844467015e-11,6.06
0.6000,0.2500,6,0.01,0.0166667,0.5000,1000.0,0.07027685412,9.844467015e-11,6.06
0.6000,0.2500,6,0.01,0.0166667,0.5000,10000.0,0,9.844467015e-11,6.06
0.6000,0.2500,6,0.01,0.0166667,0.5000,inf,0,9.844467015e-11,6.06
0.6000,0.2500,6,0.01,0.0166667,0.9000,100.0,0.9994209626,8.19328634e-13,6.06
0.6000,0.2500,6,0.01,0.0166667,0.9000,1000.0,0.07073722624,8.19328634e-13,6.06
0.6000,0.2500,6,0.01,0.0166667,0.9000,10000.0,0,8.19328634e-13,6.06
0.6000,0.2500,6,0.01,0.0166667,0.9000,inf,0,8.19328634e-13,6.06
0.6000,0.2500,6,0.01,0.1,0.5000,100.0,0.4395647947,2.548464339e-06,6.06
0.6000,0.2500,6,0.01,0.1,0.5000,1000.0,0,2.548464339e-06,6.06
0.6000,0.2500,6,0.01,0.1,0.5000,10000.0,0,2.548464339e-06,6.06
0.6000,0.2500,6,0.01,0.1,0.5000,inf,0,2.548464339e-06,6.06
0.6000,0.2500,6,0.01,0.1,0.9000,100.0,0.4506737851,2.958052514e-08,6.06
0.6000,0.2500,6,0.01,0.1,0.9000,1000.0,0,2.958052514e-08,6.06
0.6000,0.2500,6,0.01,0.1,0.9000,10000.0,0,2.958052514e-08,6.06
0.6000,0.2500,6,0.01,0.1,0.9000,inf,0,2.958052514e-08,6.06
0.6000,0.2500,6,0.01,1,0.5000,100.0,0,0.03865662326,6.06
0.6000,0.2500,6,0.01,1,0.5000,1000.0,0,0.03865662326,6.06
0.6000,0.2500,6,0.01,1,0.5000,10000.0,0,0.03865662326,6.06
0.6000,0.2500,6,0.01,1,0.5000,inf,0,0.03865662326,6.06
0.6000,0.2500,6,0.01,1,0.9000,100.0,0,0.003158541327,6.06
0.6000,0.2500,6,0.01,1,0.9000,1000.0,0,0.003158541327,6.06
0.6000,0.2500,6,0.01,1,0.9000,10000.0,0,0.003158541327,6.06
0.6000,0.2500,6,0.01,1,0.9000,inf,0,0.003158541327,6.06
0.6000,0.2500,6,0.1,0.0166667,0.5000,100.0,0.9996033752,5.958906924e-11,6.6
0.6000,0.2500,6,0.1,0.0166667,0.5000,1000.0,0.1094047266,5.958906924e-11,6.6
0.6000,0.2500,6,0.1,0.0166667,0.5000,10000.0,0,5.958906924e-11,6.6
0.6000,0.2500,6,0.1,0.0166667,0.5000,inf,0,5.958906924e-11,6.6
0.6000,0.2500,6,0.1,0.0166667,0.9000,100.0,0.9996284364,4.930519442e-13,6.6
0.6000,0.2500,6,0.1,0.0166667,0.9000,1000.0,0.1100261938,4.930519442e-13,6.6
0.6000,0.2500,6,0.1,0.0166667,0.9000,10000.0,0,4.930519442e-13,6.6
0.6000,0.2500,6,0.1,0.0166667,0.9000,inf,0,4.930519442e-13,6.6
0.6000,0.2500,6,0.1,0.1,0.5000,100.0,0.5212676227,1.61392973e-06,6.6
0.6000,0.2500,6,0.1,0.1,0.5000,1000.0,0,1.61392973e-06,6.6
0.6000,0.2500,6,0.1,0.1,0.5000,10000.0,0,1.61392973e-06,6.6
0.6000,0.2500,6,0.1,0.1,0.5000,inf,0,1.61392973e-06,6.6
0.6000,0.2500,6,0.1,0.1,0.9000,100.0,0.5322280122,1.816783768e-08,6.6
0.6000,0.2500,6,0.1,0.1,0.9000,1000.0,0,1.816783768e-08,6.6
0.6000,0.2500,6,0.1,0.1,0.9000,10000.0,0,1.816783768e-08,6.6
0.6000,0.2500,6,0.1,0.1,0.9000,inf,0,1.816783768e-08,6.6
0.6000,0.2500,6,0.1,1,0.5000,100.0,0,0.03066396182,6.6
0.6000,0.2500,6,0.1,1,0.5000,1000.0,0,0.03066396182,6.6
0.6000,0.2500,6,0.1,1,0.5000,10000.0,0,0.03066396182,6.6
0.6000,0.2500,6,0.1,1,0.5000,inf,0,0.03066396182,6.6
0.6000,0.2500,6,0.1,1,0.9000,100.0,0,0.002248280203,6.6
0.6000,0.2500,6,0.1,1,0.9000,1000.0,0,0.002248280203,6.6
0.6000,0.2500,6,0.1,1,0.9000,10000.0,0,0.002248280203,6.6
0.6000,0.2500,6,0.1,1,0.9000,inf,0,0.002248280203,6.6
0.6000,0.2500,12,0.01,0.0166667,0.5000,100.0,0.9999999991,7.591618758e-21,12.12
0.6000,0.2500,12,0.01,0.0166667,0.5000,1000.0,0.7061179153,7.591618758e-21,12.12
0.6000,0.2500,12,0.01,0.0166667,0.5000,10000.0,0,7.591618758e-21,12.12
0.6000,0.2500,12,0.01,0.0166667,0.5000,inf,0,7.591618758e-21,12.12
0.6000,0.2500,12,0.01,0.0166667,0.9000,100.0,0.9999999992,3.632823555e-25,12.12
0.6000,0.2500,12,0.01,0.0166667,0.9000,1000.0,0.7074424542,3.632823555e-25,12.12
0.6000,0.2500,12,0.01,0.0166667,0.9000,10000.0,0,3.632823555e-25,12.12
0.6000,0.2500,12,0.01,0.0166667,0.9000,inf,0,3.632823555e-25,12.12
0.6000,0.2500,12,0.01,0.1,0.5000,100.0,0.9788454537,5.087531459e-12,12.12
0.6000,0.2500,12,0.01,0.1,0.5000,1000.0,5.39585615e-15,5.087531459e-12,12.12
0.6000,0.2500,12,0.01,0.1,0.5000,10000.0,0,5.087531459e-12,12.12
0.6000,0.2500,12,0.01,0.1,0.5000,inf,0,5.087531459e-12,12.12
0.6000,0.2500,12,0.01,0.1,0.9000,100.0,0.9805694186,4.735245957e-16,12.12
0.6000,0.2500,12,0.01,0.1,0.9000,1000.0,6.193702432e-15,4.735245957e-16,12.12
0.6000,0.2500,12,0.01,0.1,0.9000,10000.0,0,4.735245957e-16,12.12
0.6000,0.2500,12,0.01,0.1,0.9000,inf,0,4.735245957e-16,12.12
0.6000,0.2500,12,0.01,1,0.5000,100.0,4.522424102e-15,0.001170577796,12.12
0.6000,0.2500,12,0.01,1,0.5000,1000.0,0,0.001170577796,12.12
0.6000,0.2500,12,0.01,1,0.5000,10000.0,0,0.001170577796,12.12
0.6000,0.2500,12,0.01,1,0.5000,inf,0,0.001170577796,12.12
0.6000,0.2500,12,0.01,1,0.9000,100.0,7.398456847e-15,5.399997465e-06,12.12
0.6000,0.2500,12,0.01,1,0.9000,1000.0,0,5.399997465e-06,12.12
0.6000,0.2500,12,0.01,1,0.9000,10000.0,0,5.399997465e-06,12.12
0.6000,0.2500,12,0.01,1,0.9000,inf,0,5.399997465e-06,12.12
0.6000,0.2500,12,0.1,0.0166667,0.5000,100.0,0.9999999996,2.781526345e-21,13.2
0.6000,0.2500,12,0.1,0.0166667,0.5000,1000.0,0.7925950355,2.781526345e-21,13.2
0.6000,0.2500,12,0.1,0.0166667,0.5000,10000.0,0,2.781526345e-21,13.2
0.6000,0.2500,12,0.1,0.0166667,0.5000,inf,0,2.781526345e-21,13.2
0.6000,0.2500,12,0.1,0.0166667,0.9000,100.0,0.9999999997,1.315568149e-25,13.2
0.6000,0.2500,12,0.1,0.0166667,0.9000,1000.0,0.7936664487,1.315568149e-25,13.2
0.6000,0.2500,12,0.1,0.0166667,0.9000,10000.0,0,1.315568149e-25,13.2
0.6000,0.2500,12,0.1,0.0166667,0.9000,inf,0,1.315568149e-25,13.2
0.6000,0.2500,12,0.1,0.1,0.5000,100.0,0.9882468988,2.040418385e-12,13.2
0.6000,0.2500,12,0.1,0.1,0.5000,1000.0,7.490429006e-13,2.040418385e-12,13.2
0.6000,0.2500,12,0.1,0.1,0.5000,10000.0,0,2.040418385e-12,13.2
0.6000,0.2500,12,0.1,0.1,0.5000,inf,0,2.040418385e-12,13.2
0.6000,0.2500,12,0.1,0.1,0.9000,100.0,0.9892676851,1.786228315e-16,13.2
0.6000,0.2500,12,0.1,0.1,0.9000,1000.0,7.868065007e-13,1.786228315e-16,13.2
0.6000,0.2500,12,0.1,0.1,0.9000,10000.0,0,1.786228315e-16,13.2
0.6000,0.2500,12,0.1,0.1,0.9000,inf,0,1.786228315e-16,13.2
0.6000,0.2500,12,0.1,1,0.5000,100.0,5.041071749e-13,0.0007365603561,13.2
0.6000,0.2500,12,0.1,1,0.5000,1000.0,0,0.0007365603561,13.2
0.6000,0.2500,12,0.1,1,0.5000,10000.0,0,0.0007365603561,13.2
0.6000,0.2500,12,0.1,1,0.5000,inf,0,0.0007365603561,13.2
0.6000,0.2500,12,0.1,1,0.9000,100.0,6.877013966e-13,2.735942251e-06,13.2
0.6000,0.2500,12,0.1,1,0.9000,1000.0,0,2.735942251e-06,13.2
0.6000,0.2500,12,0.1,1,0.9000,10000.0,0,2.735942251e-06,13.2
0.6000,0.2500,12,0.1,1,0.9000,inf,0,2.735942251e-06,13.2
0.6000,0.4000,1,0.01,0.0166667,0.5000,100.0,0.3631907581,0.03210247364,1.01
0.6000,0.4000,1,0.01,0.0166667,0.5000,1000.0,4.899863254e-05,0.03210247364,1.01
0.6000,0.4000,1,0.01,0.0166667,0.5000,10000.0,0,0.03210247364,1.01
0.6000,0.4000,1,0.01,0.0166667,0.5000,inf,0,0.03210247364,1.01
0.6000,0.4000,1,0.01,0.0166667,0.9000,100.0,0.3684476835,0.01809285216,1.01
0.6000,0.4000,1,0.01,0.0166667,0.9000,1000.0,4.970785255e-05,0.01809285216,1.01
0.6000,0.4000,1,0.01,0.0166667,0.9000,10000.0,0,0.01809285216,1.01
0.6000,0.4000,1,0.01,0.0166667,0.9000,inf,0,0.01809285216,1.01
0.6000,0.4000,1,0.01,0.1,0.5000,100.0,0.002318455818,0.1694488742,1.01
0.6000,0.4000,1,0.01,0.1,0.5000,1000.0,0,0.1694488742,1.01
0.6000,0.4000,1,0.01,0.1,0.5000,10000.0,0,0.1694488742,1.01
0.6000,0.4000,1,0.01,0.1,0.5000,inf,0,0.1694488742,1.01
0.6000,0.4000,1,0.01,0.1,0.9000,100.0,0.002507280656,0.1018052814,1.01
0.6000,0.4000,1,0.01,0.1,0.9000,1000.0,0,0.1018052814,1.01
0.6000,0.4000,1,0.01,0.1,0.9000,10000.0,0,0.1018052814,1.01
0.6000,0.4000,1,0.01,0.1,0.9000,inf,0,0.1018052814,1.01
0.6000,0.4000,1,0.01,1,0.5000,100.0,0,0.7300523101,1.01
0.6000,0.4000,1,0.01,1,0.5000,1000.0,0,0.7300523101,1.01
0.6000,0.4000,1,0.01,1,0.5000,10000.0,0,0.7300523101,1.01
0.6000,0.4000,1,0.01,1,0.5000,inf,0,0.7300523101,1.01
0.6000,0.4000,1,0.01,1,0.9000,100.0,0,0.6003926277,1.01
0.6000,0.4000,1,0.01,1,0.9000,1000.0,0,0.6003926277,1.01
0.6000,0.4000,1,0.01,1,0.9000,10000.0,0,0.6003926277,1.01
0.6000,0.4000,1,0.01,1,0.9000,inf,0,0.6003926277,1.01
0.6000,0.4000,1,0.1,0.0166667,0.5000,100.0,0.3945588199,0.02954189914,1.1
0.6000,0.4000,1,0.1,0.0166667,0.5000,1000.0,0.0001103553183,0.02954189914,1.1
0.6000,0.4000,1,0.1,0.0166667,0.5000,10000.0,0,0.02954189914,1.1
0.6000,0.4000,1,0.1,0.0166667,0.5000,inf,0,0.02954189914,1.1
0.6000,0.4000,1,0.1,0.0166667,0.9000,100.0,0.3998081947,0.01663052048,1.1
0.6000,0.4000,1,0.1,0.0166667,0.9000,1000.0,0.0001118235314,0.01663052048,1.1
0.6000,0.4000,1,0.1,0.0166667,0.9000,10000.0,0,0.01663052048,1.1
0.6000,0.4000,1,0.1,0.0166667,0.9000,inf,0,0.01663052048,1.1
0.6000,0.4000,1,0.1,0.1,0.5000,100.0,0.003805461056,0.1574465056,1.1
0.6000,0.4000,1,0.1,0.1,0.5000,1000.0,0,0.1574465056,1.1
0.6000,0.4000,1,0.1,0.1,0.5000,10000.0,0,0.1574465056,1.1
0.6000,0.4000,1,0.1,0.1,0.5000,inf,0,0.1574465056,1.1
0.6000,0.4000,1,0.1,0.1,0.9000,100.0,0.004091789003,0.09405166109,1.1
0.6000,0.4000,1,0.1,0.1,0.9000,1000.0,0,0.09405166109,1.1
0.6000,0.4000,1,0.1,0.1,0.9000,10000.0,0,0.09405166109,1.1
0.6000,0.4000,1,0.1,0.1,0.9000,inf,0,0.09405166109,1.1
0.6000,0.4000,1,0.1,1,0.5000,100.0,0,0.7074290988,1.1
0.6000,0.4000,1,0.1,1,0.5000,1000.0,0,0.7074290988,1.1
0.6000,0.4000,1,0.1,1,0.5000,10000.0,0,0.7074290988,1.1
0.6000,0.4000,1,0.1,1,0.5000,inf,0,0.7074290988,1.1
0.6000,0.4000,1,0.1,1,0.9000,100.0,0,0.5732549297,1.1
0.6000,0.4000,1,0.1,1,0.9000,1000.0,0,0.5732549297,1.1
0.6000,0.4000,1,0.1,1,0.9000,10000.0,0,0.5732549297,1.1
0.6000,0.4000,1,0.1,1,0.9000,inf,0,0.5732549297,1.1
0.6000,0.4000,3,0.01,0.0166667,0.5000,100.0,0.9171865687,2.367581344e-05,3.03
0.6000,0.4000,3,0.01,0.0166667,0.5000,1000.0,0.002947765412,2.367581344e-05,3.03
0.6000,0.4000,3,0.01,0.0166667,0.5000,10000.0,0,2.367581344e-05,3.03
0.6000,0.4000,3,0.01,0.0166667,0.5000,inf,0,2.367581344e-05,3.03
0.6000,0.4000,3,0.01,0.0166667,0.9000,100.0,0.9199540953,3.018078692e-06,3.03
0.6000,0.4000,3,0.01,0.0166667,0.9000,1000.0,0.002982778326,3.018078692e-06,3.03
0.6000,0.4000,3,0.01,0.0166667,0.9000,10000.0,0,3.018078692e-06,3.03
0.6000,0.4000,3,0.01,0.0166667,0.9000,inf,0,3.018078692e-06,3.03
0.6000,0.4000,3,0.01,0.1,0.5000,100.0,0.05889257688,0.003497211209,3.03
0.6000,0.4000,3,0.01,0.1,0.5000,1000.0,0,0.003497211209,3.03
0.6000,0.4000,3,0.01,0.1,0.5000,10000.0,0,0.003497211209,3.03
0.6000,0.4000,3,0.01,0.1,0.5000,inf,0,0.003497211209,3.03
0.6000,0.4000,3,0.01,0.1,0.9000,100.0,0.06244335145,0.000542853944,3.03
0.6000,0.4000,3,0.01,0.1,0.9000,1000.0,0,0.000542853944,3.03
0.6000,0.4000,3,0.01,0.1,0.9000,10000.0,0,0.000542853944,3.03
0.6000,0.4000,3,0.01,0.1,0.9000,inf,0,0.000542853944,3.03
0.6000,0.4000,3,0.01,1,0.5000,100.0,0,0.2932380571,3.03
0.6000,0.4000,3,0.01,1,0.5000,1000.0,0,0.2932380571,3.03
0.6000,0.4000,3,0.01,1,0.5000,10000.0,0,0.2932380571,3.03
0.6000,0.4000,3,0.01,1,0.5000,inf,0,0.2932380571,3.03
0.6000,0.4000,3,0.01,1,0.9000,100.0,0,0.123331266,3.03
0.6000,0.4000,3,0.01,1,0.9000,1000.0,0,0.123331266,3.03
0.6000,0.4000,3,0.01,1,0.9000,10000.0,0,0.123331266,3.03
0.6000,0.4000,3,0.01,1,0.9000,inf,0,0.123331266,3.03
0.6000,0.4000,3,0.1,0.0166667,0.5000,100.0,0.93199959,1.844901919e-05,3.3
0.6000,0.4000,3,0.1,0.0166667,0.5000,1000.0,0.005696703379,1.844901919e-05,3.3
0.6000,0.4000,3,0.1,0.0166667,0.5000,10000.0,0,1.844901919e-05,3.3
0.6000,0.4000,3,0.1,0.0166667,0.5000,inf,0,1.844901919e-05,3.3
0.6000,0.4000,3,0.1,0.0166667,0.9000,100.0,0.9343297593,2.343466902e-06,3.3
0.6000,0.4000,3,0.1,0.0166667,0.9000,1000.0,0.005757811661,2.343466902e-06,3.3
0.6000,0.4000,3,0.1,0.0166667,0.9000,10000.0,0,2.343466902e-06,3.3
0.6000,0.4000,3,0.1,0.0166667,0.9000,inf,0,2.343466902e-06,3.3
0.6000,0.4000,3,0.1,0.1,0.5000,100.0,0.08386151411,0.002804250233,3.3
0.6000,0.4000,3,0.1,0.1,0.5000,1000.0,0,0.002804250233,3.3
0.6000,0.4000,3,0.1,0.1,0.5000,10000.0,0,0.002804250233,3.3
0.6000,0.4000,3,0.1,0.1,0.5000,inf,0,0.002804250233,3.3
0.6000,0.4000,3,0.1,0.1,0.9000,100.0,0.08840391898,0.0004276249311,3.3
0.6000,0.4000,3,0.1,0.1,0.9000,1000.0,0,0.0004276249311,3.3
0.6000,0.4000,3,0.1,0.1,0.9000,10000.0,0,0.0004276249311,3.3
0.6000,0.4000,3,0.1,0.1,0.9000,inf,0,0.0004276249311,3.3
0.6000,0.4000,3,0.1,1,0.5000,100.0,0,0.2656784524,3.3
0.6000,0.4000,3,0.1,1,0.5000,1000.0,0,0.2656784524,3.3
0.6000,0.4000,3,0.1,1,0.5000,10000.0,0,0.2656784524,3.3
0.6000,0.4000,3,0.1,1,0.5000,inf,0,0.2656784524,3.3
0.6000,0.4000,3,0.1,1,0.9000,100.0,0,0.1063739301,3.3
0.6000,0.4000,3,0.1,1,0.9000,1000.0,0,0.1063739301,3.3
0.6000,0.4000,3,0.1,1,0.9000,10000.0,0,0.1063739301,3.3
0.6000,0.4000,3,0.1,1,0.9000,inf,0,0.1063739301,3.3
0.6000,0.4000,6,0.01,0.0166667,0.5000,100.0,0.9993591635,4.664860604e-10,6.06
0.6000,0.4000,6,0.01,0.0166667,0.5000,1000.0,0.07002022544,4.664860604e-10,6.06
0.6000,0.4000,6,0.01,0.0166667,0.5000,10000.0,0,4.664860604e-10,6.06
0.6000,0.4000,6,0.01,0.0166667,0.5000,inf,0,4.664860604e-10,6.06
0.6000,0.4000,6,0.01,0.0166667,0.9000,100.0,0.9994093308,6.019911694e-12,6.06
0.6000,0.4000,6,0.01,0.0166667,0.9000,1000.0,0.07059278694,6.019911694e-12,6.06
0.6000,0.4000,6,0.01,0.0166667,0.9000,10000.0,0,6.019911694e-12,6.06
0.6000,0.4000,6,0.01,0.0166667,0.9000,inf,0,6.019911694e-12,6.06
0.6000,0.4000,6,0.01,0.1,0.5000,100.0,0.4334489909,1.017801969e-05,6.06
0.6000,0.4000,6,0.01,0.1,0.5000,1000.0,0,1.017801969e-05,6.06
0.6000,0.4000,6,0.01,0.1,0.5000,10000.0,0,1.017801969e-05,6.06
0.6000,0.4000,6,0.01,0.1,0.5000,inf,0,1.017801969e-05,6.06
0.6000,0.4000,6,0.01,0.1,0.9000,100.0,0.4471708433,1.947255617e-07,6.06
0.6000,0.4000,6,0.01,0.1,0.9000,1000.0,0,1.947255617e-07,6.06
0.6000,0.4000,6,0.01,0.1,0.9000,10000.0,0,1.947255617e-07,6.06
0.6000,0.4000,6,0.01,0.1,0.9000,inf,0,1.947255617e-07,6.06
0.6000,0.4000,6,0.01,1,0.5000,100.0,0,0.07151123985,6.06
0.6000,0.4000,6,0.01,1,0.5000,1000.0,0,0.07151123985,6.06
0.6000,0.4000,6,0.01,1,0.5000,10000.0,0,0.07151123985,6.06
0.6000,0.4000,6,0.01,1,0.5000,inf,0,0.07151123985,6.06
0.6000,0.4000,6,0.01,1,0.9000,100.0,0,0.01002318593,6.06
0.6000,0.4000,6,0.01,1,0.9000,1000.0,0,0.01002318593,6.06
0.6000,0.4000,6,0.01,1,0.9000,10000.0,0,0.01002318593,6.06
0.6000,0.4000,6,0.01,1,0.9000,inf,0,0.01002318593,6.06
0.6000,0.4000,6,0.1,0.0166667,0.5000,100.0,0.9995881622,2.832536735e-10,6.6
0.6000,0.4000,6,0.1,0.0166667,0.5000,1000.0,0.1090577862,2.832536735e-10,6.6
0.6000,0.4000,6,0.1,0.0166667,0.5000,10000.0,0,2.832536735e-10,6.6
0.6000,0.4000,6,0.1,0.0166667,0.5000,inf,0,2.832536735e-10,6.6
0.6000,0.4000,6,0.1,0.0166667,0.9000,100.0,0.9996208667,3.629508108e-12,6.6
0.6000,0.4000,6,0.1,0.0166667,0.9000,1000.0,0.1098313384,3.629508108e-12,6.6
0.6000,0.4000,6,0.1,0.0166667,0.9000,10000.0,0,3.629508108e-12,6.6
0.6000,0.4000,6,0.1,0.0166667,0.9000,inf,0,3.629508108e-12,6.6
0.6000,0.4000,6,0.1,0.1,0.5000,100.0,0.5151812739,6.544162957e-06,6.6
0.6000,0.4000,6,0.1,0.1,0.5000,1000.0,0,6.544162957e-06,6.6
0.6000,0.4000,6,0.1,0.1,0.5000,10000.0,0,6.544162957e-06,6.6
0.6000,0.4000,6,0.1,0.1,0.5000,inf,0,6.544162957e-06,6.6
0.6000,0.4000,6,0.1,0.1,0.9000,100.0,0.5287851353,1.208343439e-07,6.6
0.6000,0.4000,6,0.1,0.1,0.9000,1000.0,0,1.208343439e-07,6.6
0.6000,0.4000,6,0.1,0.1,0.9000,10000.0,0,1.208343439e-07,6.6
0.6000,0.4000,6,0.1,0.1,0.9000,inf,0,1.208343439e-07,6.6
0.6000,0.4000,6,0.1,1,0.5000,100.0,0,0.0587067995,6.6
0.6000,0.4000,6,0.1,1,0.5000,1000.0,0,0.0587067995,6.6
0.6000,0.4000,6,0.1,1,0.5000,10000.0,0,0.0587067995,6.6
0.6000,0.4000,6,0.1,1,0.5000,inf,0,0.0587067995,6.6
0.6000,0.4000,6,0.1,1,0.9000,100.0,0,0.007458747065,6.6
0.6000,0.4000,6,0.1,1,0.9000,1000.0,0,0.007458747065,6.6
0.6000,0.4000,6,0.1,1,0.9000,10000.0,0,0.007458747065,6.6
0.6000,0.4000,6,0.1,1,0.9000,inf,0,0.007458747065,6.6
0.6000,0.4000,12,0.01,0.0166667,0.5000,100.0,0.999999999,1.811034525e-19,12.12
0.6000,0.4000,12,0.01,0.0166667,0.5000,1000.0,0.7053714244,1.811034525e-19,12.12
0.6000,0.4000,12,0.01,0.0166667,0.5000,10000.0,0,1.811034525e-19,12.12
0.6000,0.4000,12,0.01,0.0166667,0.5000,inf,0,1.811034525e-19,12.12
0.6000,0.4000,12,0.01,0.0166667,0.9000,100.0,0.9999999992,2.397190099e-23,12.12
0.6000,0.4000,12,0.01,0.0166667,0.9000,1000.0,0.7070288922,2.397190099e-23,12.12
0.6000,0.4000,12,0.01,0.0166667,0.9000,10000.0,0,2.397190099e-23,12.12
0.6000,0.4000,12,0.01,0.0166667,0.9000,inf,0,2.397190099e-23,12.12
0.6000,0.4000,12,0.01,0.1,0.5000,100.0,0.9777844853,8.621363649e-11,12.12
0.6000,0.4000,12,0.01,0.1,0.5000,1000.0,4.994113826e-15,8.621363649e-11,12.12
0.6000,0.4000,12,0.01,0.1,0.5000,10000.0,0,8.621363649e-11,12.12
0.6000,0.4000,12,0.01,0.1,0.5000,inf,0,8.621363649e-11,12.12
0.6000,0.4000,12,0.01,0.1,0.9000,100.0,0.9800522604,2.508236352e-14,12.12
0.6000,0.4000,12,0.01,0.1,0.9000,1000.0,5.93396247e-15,2.508236352e-14,12.12
0.6000,0.4000,12,0.01,0.1,0.9000,10000.0,0,2.508236352e-14,12.12
0.6000,0.4000,12,0.01,0.1,0.9000,inf,0,2.508236352e-14,12.12
0.6000,0.4000,12,0.01,1,0.5000,100.0,3.700373341e-15,0.00425597345,12.12
0.6000,0.4000,12,0.01,1,0.5000,1000.0,0,0.00425597345,12.12
0.6000,0.4000,12,0.01,1,0.5000,10000.0,0,0.00425597345,12.12
0.6000,0.4000,12,0.01,1,0.5000,inf,0,0.00425597345,12.12
0.6000,0.4000,12,0.01,1,0.9000,100.0,6.185851831e-15,6.645888364e-05,12.12
0.6000,0.4000,12,0.01,1,0.9000,1000.0,0,6.645888364e-05,12.12
0.6000,0.4000,12,0.01,1,0.9000,10000.0,0,6.645888364e-05,12.12
0.6000,0.4000,12,0.01,1,0.9000,inf,0,6.645888364e-05,12.12
0.6000,0.4000,12,0.1,0.0166667,0.5000,100.0,0.9999999996,6.677293873e-20,13.2
0.6000,0.4000,12,0.1,0.0166667,0.5000,1000.0,0.7919902911,6.677293873e-20,13.2
0.6000,0.4000,12,0.1,0.0166667,0.5000,10000.0,0,6.677293873e-20,13.2
0.6000,0.4000,12,0.1,0.0166667,0.5000,inf,0,6.677293873e-20,13.2
0.6000,0.4000,12,0.1,0.0166667,0.9000,100.0,0.9999999997,8.714004339e-24,13.2
0.6000,0.4000,12,0.1,0.0166667,0.9000,1000.0,0.7933321422,8.714004339e-24,13.2
0.6000,0.4000,12,0.1,0.0166667,0.9000,10000.0,0,8.714004339e-24,13.2
0.6000,0.4000,12,0.1,0.0166667,0.9000,inf,0,8.714004339e-24,13.2
0.6000,0.4000,12,0.1,0.1,0.5000,100.0,0.9876119203,3.564163355e-11,13.2
0.6000,0.4000,12,0.1,0.1,0.5000,1000.0,7.293311265e-13,3.564163355e-11,13.2
0.6000,0.4000,12,0.1,0.1,0.5000,10000.0,0,3.564163355e-11,13.2
0.6000,0.4000,12,0.1,0.1,0.5000,inf,0,3.564163355e-11,13.2
0.6000,0.4000,12,0.1,0.1,0.9000,100.0,0.9889629024,9.658357363e-15,13.2
0.6000,0.4000,12,0.1,0.1,0.9000,1000.0,7.746078925e-13,9.658357363e-15,13.2
0.6000,0.4000,12,0.1,0.1,0.9000,10000.0,0,9.658357363e-15,13.2
0.6000,0.4000,12,0.1,0.1,0.9000,inf,0,9.658357363e-15,13.2
0.6000,0.4000,12,0.1,1,0.5000,100.0,4.380030485e-13,0.002868314981,13.2
0.6000,0.4000,12,0.1,1,0.5000,1000.0,0,0.002868314981,13.2
0.6000,0.4000,12,0.1,1,0.5000,10000.0,0,0.002868314981,13.2
0.6000,0.4000,12,0.1,1,0.5000,inf,0,0.002868314981,13.2
0.6000,0.4000,12,0.1,1,0.9000,100.0,6.17589468e-13,3.680182742e-05,13.2
0.6000,0.4000,12,0.1,1,0.9000,1000.0,0,3.680182742e-05,13.2
0.6000,0.4000,12,0.1,1,0.9000,10000.0,0,3.680182742e-05,13.2
0.6000,0.4000,12,0.1,1,0.9000,inf,0,3.680182742e-05,13.2
0.6000,0.4500,1,0.01,0.0166667,0.5000,100.0,0.3621339041,0.03491897257,1.01
0.6000,0.4500,1,0.01,0.0166667,0.5000,1000.0,4.885605071e-05,0.03491897257,1.01
0.6000,0.4500,1,0.01,0.0166667,0.5000,10000.0,0,0.03491897257,1.01
0.6000,0.4500,1,0.01,0.0166667,0.5000,inf,0,0.03491897257,1.01
0.6000,0.4500,1,0.01,0.0166667,0.9000,100.0,0.3678426541,0.01970524562,1.01
0.6000,0.4500,1,0.01,0.0166667,0.9000,1000.0,4.96262271e-05,0.01970524562,1.01
0.6000,0.4500,1,0.01,0.0166667,0.9000,10000.0,0,0.01970524562,1.01
0.6000,0.4500,1,0.01,0.0166667,0.9000,inf,0,0.01970524562,1.01
0.6000,0.4500,1,0.01,0.1,0.5000,100.0,0.002283283114,0.1820489546,1.01
0.6000,0.4500,1,0.01,0.1,0.5000,1000.0,0,0.1820489546,1.01
0.6000,0.4500,1,0.01,0.1,0.5000,10000.0,0,0.1820489546,1.01
0.6000,0.4500,1,0.01,0.1,0.5000,inf,0,0.1820489546,1.01
0.6000,0.4500,1,0.01,0.1,0.9000,100.0,0.002484288502,0.1100418667,1.01
0.6000,0.4500,1,0.01,0.1,0.9000,1000.0,0,0.1100418667,1.01
0.6000,0.4500,1,0.01,0.1,0.9000,10000.0,0,0.1100418667,1.01
0.6000,0.4500,1,0.01,0.1,0.9000,inf,0,0.1100418667,1.01
0.6000,0.4500,1,0.01,1,0.5000,100.0,0,0.7468532526,1.01
0.6000,0.4500,1,0.01,1,0.5000,1000.0,0,0.7468532526,1.01
0.6000,0.4500,1,0.01,1,0.5000,10000.0,0,0.7468532526,1.01
0.6000,0.4500,1,0.01,1,0.5000,inf,0,0.7468532526,1.01
0.6000,0.4500,1,0.01,1,0.9000,100.0,0,0.6210748001,1.01
0.6000,0.4500,1,0.01,1,0.9000,1000.0,0,0.6210748001,1.01
0.6000,0.4500,1,0.01,1,0.9000,10000.0,0,0.6210748001,1.01
0.6000,0.4500,1,0.01,1,0.9000,inf,0,0.6210748001,1.01
0.6000,0.4500,1,0.1,0.0166667,0.5000,100.0,0.3935020201,0.03214120704,1.1
0.6000,0.4500,1,0.1,0.0166667,0.5000,1000.0,0.0001100597388,0.03214120704,1.1
0.6000,0.4500,1,0.1,0.0166667,0.5000,10000.0,0,0.03214120704,1.1
0.6000,0.4500,1,0.1,0.0166667,0.5000,inf,0,0.03214120704,1.1
0.6000,0.4500,1,0.1,0.0166667,0.9000,100.0,0.3992046509,0.01811499854,1.1
0.6000,0.4500,1,0.1,0.0166667,0.9000,1000.0,0.0001116547244,0.01811499854,1.1
0.6000,0.4500,1,0.1,0.0166667,0.9000,10000.0,0,0.01811499854,1.1
0.6000,0.4500,1,0.1,0.0166667,0.9000,inf,0,0.01811499854,1.1
0.6000,0.4500,1,0.1,0.1,0.5000,100.0,0.003751760906,0.1693360633,1.1
0.6000,0.4500,1,0.1,0.1,0.5000,1000.0,0,0.1693360633,1.1
0.6000,0.4500,1,0.1,0.1,0.5000,10000.0,0,0.1693360633,1.1
0.6000,0.4500,1,0.1,0.1,0.5000,inf,0,0.1693360633,1.1
0.6000,0.4500,1,0.1,0.1,0.9000,100.0,0.004057100183,0.1017319882,1.1
0.6000,0.4500,1,0.1,0.1,0.9000,1000.0,0,0.1017319882,1.1
0.6000,0.4500,1,0.1,0.1,0.9000,10000.0,0,0.1017319882,1.1
0.6000,0.4500,1,0.1,0.1,0.9000,inf,0,0.1017319882,1.1
0.6000,0.4500,1,0.1,1,0.5000,100.0,0,0.7251078879,1.1
0.6000,0.4500,1,0.1,1,0.5000,1000.0,0,0.7251078879,1.1
0.6000,0.4500,1,0.1,1,0.5000,10000.0,0,0.7251078879,1.1
0.6000,0.4500,1,0.1,1,0.5000,inf,0,0.7251078879,1.1
0.6000,0.4500,1,0.1,1,0.9000,100.0,0,0.5943927787,1.1
0.6000,0.4500,1,0.1,1,0.9000,1000.0,0,0.5943927787,1.1
0.6000,0.4500,1,0.1,1,0.9000,10000.0,0,0.5943927787,1.1
0.6000,0.4500,1,0.1,1,0.9000,inf,0,0.5943927787,1.1
0.6000,0.4500,3,0.01,0.0166667,0.5000,100.0,0.9166113157,3.143065264e-05,3.03
0.6000,0.4500,3,0.01,0.0166667,0.5000,1000.0,0.002940702374,3.143065264e-05,3.03
0.6000,0.4500,3,0.01,0.0166667,0.5000,10000.0,0,3.143065264e-05,3.03
0.6000,0.4500,3,0.01,0.0166667,0.5000,inf,0,3.143065264e-05,3.03
0.6000,0.4500,3,0.01,0.0166667,0.9000,100.0,0.919643419,4.183525785e-06,3.03
0.6000,0.4500,3,0.01,0.0166667,0.9000,1000.0,0.002978758745,4.183525785e-06,3.03
0.6000,0.4500,3,0.01,0.0166667,0.9000,10000.0,0,4.183525785e-06,3.03
0.6000,0.4500,3,0.01,0.0166667,0.9000,inf,0,4.183525785e-06,3.03
0.6000,0.4500,3,0.01,0.1,0.5000,100.0,0.05821288775,0.004471585493,3.03
0.6000,0.4500,3,0.01,0.1,0.5000,1000.0,0,0.004471585493,3.03
0.6000,0.4500,3,0.01,0.1,0.5000,10000.0,0,0.004471585493,3.03
0.6000,0.4500,3,0.01,0.1,0.5000,inf,0,0.004471585493,3.03
0.6000,0.4500,3,0.01,0.1,0.9000,100.0,0.0620197359,0.0007347443749,3.03
0.6000,0.4500,3,0.01,0.1,0.9000,1000.0,0,0.0007347443749,3.03
0.6000,0.4500,3,0.01,0.1,0.9000,10000.0,0,0.0007347443749,3.03
0.6000,0.4500,3,0.01,0.1,0.9000,inf,0,0.0007347443749,3.03
0.6000,0.4500,3,0.01,1,0.5000,100.0,0,0.3222111225,3.03
0.6000,0.4500,3,0.01,1,0.5000,1000.0,0,0.3222111225,3.03
0.6000,0.4500,3,0.01,1,0.5000,10000.0,0,0.3222111225,3.03
0.6000,0.4500,3,0.01,1,0.5000,inf,0,0.3222111225,3.03
0.6000,0.4500,3,0.01,1,0.9000,100.0,0,0.1445595836,3.03
0.6000,0.4500,3,0.01,1,0.9000,1000.0,0,0.1445595836,3.03
0.6000,0.4500,3,0.01,1,0.9000,10000.0,0,0.1445595836,3.03
0.6000,0.4500,3,0.01,1,0.9000,inf,0,0.1445595836,3.03
0.6000,0.4500,3,0.1,0.0166667,0.5000,100.0,0.931514517,2.450909608e-05,3.3
0.6000,0.4500,3,0.1,0.0166667,0.5000,1000.0,0.005684358965,2.450909608e-05,3.3
0.6000,0.4500,3,0.1,0.0166667,0.5000,10000.0,0,2.450909608e-05,3.3
0.6000,0.4500,3,0.1,0.0166667,0.5000,inf,0,2.450909608e-05,3.3
0.6000,0.4500,3,0.1,0.0166667,0.9000,100.0,0.9340684691,3.249763763e-06,3.3
0.6000,0.4500,3,0.1,0.0166667,0.9000,1000.0,0.005750803478,3.249763763e-06,3.3
0.6000,0.4500,3,0.1,0.0166667,0.9000,10000.0,0,3.249763763e-06,3.3
0.6000,0.4500,3,0.1,0.0166667,0.9000,inf,0,3.249763763e-06,3.3
0.6000,0.4500,3,0.1,0.1,0.5000,100.0,0.08298559601,0.003597292311,3.3
0.6000,0.4500,3,0.1,0.1,0.5000,1000.0,0,0.003597292311,3.3
0.6000,0.4500,3,0.1,0.1,0.5000,10000.0,0,0.003597292311,3.3
0.6000,0.4500,3,0.1,0.1,0.5000,inf,0,0.003597292311,3.3
0.6000,0.4500,3,0.1,0.1,0.9000,100.0,0.08786493924,0.0005800631793,3.3
0.6000,0.4500,3,0.1,0.1,0.9000,1000.0,0,0.0005800631793,3.3
0.6000,0.4500,3,0.1,0.1,0.9000,10000.0,0,0.0005800631793,3.3
0.6000,0.4500,3,0.1,0.1,0.9000,inf,0,0.0005800631793,3.3
0.6000,0.4500,3,0.1,1,0.5000,100.0,0,0.2937464499,3.3
0.6000,0.4500,3,0.1,1,0.5000,1000.0,0,0.2937464499,3.3
0.6000,0.4500,3,0.1,1,0.5000,10000.0,0,0.2937464499,3.3
0.6000,0.4500,3,0.1,1,0.5000,inf,0,0.2937464499,3.3
0.6000,0.4500,3,0.1,1,0.9000,100.0,0,0.1256969023,3.3
0.6000,0.4500,3,0.1,1,0.9000,1000.0,0,0.1256969023,3.3
0.6000,0.4500,3,0.1,1,0.9000,10000.0,0,0.1256969023,3.3
0.6000,0.4500,3,0.1,1,0.9000,inf,0,0.1256969023,3.3
0.6000,0.4500,6,0.01,0.0166667,0.5000,100.0,0.9993481434,8.375143669e-10,6.06
0.6000,0.4500,6,0.01,0.0166667,0.5000,1000.0,0.06990412611,8.375143669e-10,6.06
0.6000,0.4500,6,0.01,0.0166667,0.5000,10000.0,0,8.375143669e-10,6.06
0.6000,0.4500,6,0.01,0.0166667,0.5000,inf,0,8.375143669e-10,6.06
0.6000,0.4500,6,0.01,0.0166667,0.9000,100.0,0.9994039274,1.219192655e-11,6.06
0.6000,0.4500,6,0.01,0.0166667,0.9000,1000.0,0.07052730535,1.219192655e-11,6.06
0.6000,0.4500,6,0.01,0.0166667,0.9000,10000.0,0,1.219192655e-11,6.06
0.6000,0.4500,6,0.01,0.0166667,0.9000,inf,0,1.219192655e-11,6.06
0.6000,0.4500,6,0.01,0.1,0.5000,100.0,0.4307021249,1.695124253e-05,6.06
0.6000,0.4500,6,0.01,0.1,0.5000,1000.0,0,1.695124253e-05,6.06
0.6000,0.4500,6,0.01,0.1,0.5000,10000.0,0,1.695124253e-05,6.06
0.6000,0.4500,6,0.01,0.1,0.5000,inf,0,1.695124253e-05,6.06
0.6000,0.4500,6,0.01,0.1,0.9000,100.0,0.4455878651,3.760170913e-07,6.06
0.6000,0.4500,6,0.01,0.1,0.9000,1000.0,0,3.760170913e-07,6.06
0.6000,0.4500,6,0.01,0.1,0.9000,10000.0,0,3.760170913e-07,6.06
0.6000,0.4500,6,0.01,0.1,0.9000,inf,0,3.760170913e-07,6.06
0.6000,0.4500,6,0.01,1,0.5000,100.0,0,0.08796755867,6.06
0.6000,0.4500,6,0.01,1,0.5000,1000.0,0,0.08796755867,6.06
0.6000,0.4500,6,0.01,1,0.5000,10000.0,0,0.08796755867,6.06
0.6000,0.4500,6,0.01,1,0.5000,inf,0,0.08796755867,6.06
0.6000,0.4500,6,0.01,1,0.9000,100.0,0,0.01452356694,6.06
0.6000,0.4500,6,0.01,1,0.9000,1000.0,0,0.01452356694,6.06
0.6000,0.4500,6,0.01,1,0.9000,10000.0,0,0.01452356694,6.06
0.6000,0.4500,6,0.01,1,0.9000,inf,0,0.01452356694,6.06
0.6000,0.4500,6,0.1,0.0166667,0.5000,100.0,0.9995809658,5.092606919e-10,6.6
0.6000,0.4500,6,0.1,0.0166667,0.5000,1000.0,0.1089007093,5.092606919e-10,6.6
0.6000,0.4500,6,0.1,0.0166667,0.5000,10000.0,0,5.092606919e-10,6.6
0.6000,0.4500,6,0.1,0.0166667,0.5000,inf,0,5.092606919e-10,6.6
0.6000,0.4500,6,0.1,0.0166667,0.9000,100.0,0.9996173486,7.356848752e-12,6.6
0.6000,0.4500,6,0.1,0.0166667,0.9000,1000.0,0.1097429626,7.356848752e-12,6.6
0.6000,0.4500,6,0.1,0.0166667,0.9000,10000.0,0,7.356848752e-12,6.6
0.6000,0.4500,6,0.1,0.0166667,0.9000,inf,0,7.356848752e-12,6.6
0.6000,0.4500,6,0.1,0.1,0.5000,100.0,0.5124355073,1.097060786e-05,6.6
0.6000,0.4500,6,0.1,0.1,0.5000,1000.0,0,1.097060786e-05,6.6
0.6000,0.4500,6,0.1,0.1,0.5000,10000.0,0,1.097060786e-05,6.6
0.6000,0.4500,6,0.1,0.1,0.5000,inf,0,1.097060786e-05,6.6
0.6000,0.4500,6,0.1,0.1,0.9000,100.0,0.5272253151,2.343640844e-07,6.6
0.6000,0.4500,6,0.1,0.1,0.9000,1000.0,0,2.343640844e-07,6.6
0.6000,0.4500,6,0.1,0.1,0.9000,10000.0,0,2.343640844e-07,6.6
0.6000,0.4500,6,0.1,0.1,0.9000,inf,0,2.343640844e-07,6.6
0.6000,0.4500,6,0.1,1,0.5000,100.0,0,0.0731177181,6.6
0.6000,0.4500,6,0.1,1,0.5000,1000.0,0,0.0731177181,6.6
0.6000,0.4500,6,0.1,1,0.5000,10000.0,0,0.0731177181,6.6
0.6000,0.4500,6,0.1,1,0.5000,inf,0,0.0731177181,6.6
0.6000,0.4500,6,0.1,1,0.9000,100.0,0,0.01098355142,6.6
0.6000,0.4500,6,0.1,1,0.9000,1000.0,0,0.01098355142,6.6
0.6000,0.4500,6,0.1,1,0.9000,10000.0,0,0.01098355142,6.6
0.6000,0.4500,6,0.1,1,0.9000,inf,0,0.01098355142,6.6
0.6000,0.4500,12,0.01,0.0166667,0.5000,100.0,0.9999999989,5.946805989e-19,12.12
0.6000,0.4500,12,0.01,0.0166667,0.5000,1000.0,0.7050317751,5.946805989e-19,12.12
0.6000,0.4500,12,0.01,0.0166667,0.5000,10000.0,0,5.946805989e-19,12.12
0.6000,0.4500,12,0.01,0.0166667,0.5000,inf,0,5.946805989e-19,12.12
0.6000,0.4500,12,0.01,0.0166667,0.9000,100.0,0.9999999992,1.036040987e-22,12.12
0.6000,0.4500,12,0.01,0.0166667,0.9000,1000.0,0.7068408017,1.036040987e-22,12.12
0.6000,0.4500,12,0.01,0.0166667,0.9000,10000.0,0,1.036040987e-22,12.12
0.6000,0.4500,12,0.01,0.0166667,0.9000,inf,0,1.036040987e-22,12.12
0.6000,0.4500,12,0.01,0.1,0.5000,100.0,0.9772795486,2.436140404e-10,12.12
0.6000,0.4500,12,0.01,0.1,0.5000,1000.0,4.824225237e-15,2.436140404e-10,12.12
0.6000,0.4500,12,0.01,0.1,0.5000,10000.0,0,2.436140404e-10,12.12
0.6000,0.4500,12,0.01,0.1,0.5000,inf,0,2.436140404e-10,12.12
0.6000,0.4500,12,0.01,0.1,0.9000,100.0,0.9798108013,9.85479431e-14,12.12
0.6000,0.4500,12,0.01,0.1,0.9000,1000.0,5.818984755e-15,9.85479431e-14,12.12
0.6000,0.4500,12,0.01,0.1,0.9000,10000.0,0,9.85479431e-14,12.12
0.6000,0.4500,12,0.01,0.1,0.9000,inf,0,9.85479431e-14,12.12
0.6000,0.4500,12,0.01,1,0.5000,100.0,3.417197081e-15,0.006560621075,12.12
0.6000,0.4500,12,0.01,1,0.5000,1000.0,0,0.006560621075,12.12
0.6000,0.4500,12,0.01,1,0.5000,10000.0,0,0.006560621075,12.12
0.6000,0.4500,12,0.01,1,0.5000,inf,0,0.006560621075,12.12
0.6000,0.4500,12,0.01,1,0.9000,100.0,5.751973897e-15,0.000147024606,12.12
0.6000,0.4500,12,0.01,1,0.9000,1000.0,0,0.000147024606,12.12
0.6000,0.4500,12,0.01,1,0.9000,10000.0,0,0.000147024606,12.12
0.6000,0.4500,12,0.01,1,0.9000,inf,0,0.000147024606,12.12
0.6000,0.4500,12,0.1,0.0166667,0.5000,100.0,0.9999999996,2.198768721e-19,13.2
0.6000,0.4500,12,0.1,0.0166667,0.5000,1000.0,0.7917149178,2.198768721e-19,13.2
0.6000,0.4500,12,0.1,0.0166667,0.5000,10000.0,0,2.198768721e-19,13.2
0.6000,0.4500,12,0.1,0.0166667,0.5000,inf,0,2.198768721e-19,13.2
0.6000,0.4500,12,0.1,0.0166667,0.9000,100.0,0.9999999997,3.772384183e-23,13.2
0.6000,0.4500,12,0.1,0.0166667,0.9000,1000.0,0.793180031,3.772384183e-23,13.2
0.6000,0.4500,12,0.1,0.0166667,0.9000,10000.0,0,3.772384183e-23,13.2
0.6000,0.4500,12,0.1,0.0166667,0.9000,inf,0,3.772384183e-23,13.2
0.6000,0.4500,12,0.1,0.1,0.5000,100.0,0.9873079292,1.02037691e-10,13.2
0.6000,0.4500,12,0.1,0.1,0.5000,1000.0,7.207049294e-13,1.02037691e-10,13.2
0.6000,0.4500,12,0.1,0.1,0.5000,10000.0,0,1.02037691e-10,13.2
0.6000,0.4500,12,0.1,0.1,0.5000,inf,0,1.02037691e-10,13.2
0.6000,0.4500,12,0.1,0.1,0.9000,100.0,0.9888201791,3.828375199e-14,13.2
0.6000,0.4500,12,0.1,0.1,0.9000,1000.0,7.69185799e-13,3.828375199e-14,13.2
0.6000,0.4500,12,0.1,0.1,0.9000,10000.0,0,3.828375199e-14,13.2
0.6000,0.4500,12,0.1,0.1,0.9000,inf,0,3.828375199e-14,13.2
0.6000,0.4500,12,0.1,1,0.5000,100.0,4.133170996e-13,0.004532574413,13.2
0.6000,0.4500,12,0.1,1,0.5000,1000.0,0,0.004532574413,13.2
0.6000,0.4500,12,0.1,1,0.5000,10000.0,0,0.004532574413,13.2
0.6000,0.4500,12,0.1,1,0.5000,inf,0,0.004532574413,13.2
0.6000,0.4500,12,0.1,1,0.9000,100.0,5.901913913e-13,8.408656487e-05,13.2
0.6000,0.4500,12,0.1,1,0.9000,1000.0,0,8.408656487e-05,13.2
0.6000,0.4500,12,0.1,1,0.9000,10000.0,0,8.408656487e-05,13.2
0.6000,0.4500,12,0.1,1,0.9000,inf,0,8.408656487e-05,13.2
0.6000,0.5000,1,0.01,0.0166667,0.5000,100.0,0.36087377,0.03827720974,1.01
0.6000,0.5000,1,0.01,0.0166667,0.5000,1000.0,4.868604405e-05,0.03827720974,1.01
0.6000,0.5000,1,0.01,0.0166667,0.5000,10000.0,0,0.03827720974,1.01
0.6000,0.5000,1,0.01,0.0166667,0.5000,inf,0,0.03827720974,1.01
0.6000,0.5000,1,0.01,0.0166667,0.9000,100.0,0.3671192366,0.02163314154,1.01
0.6000,0.5000,1,0.01,0.0166667,0.9000,1000.0,4.952862972e-05,0.02163314154,1.01
0.6000,0.5000,1,0.01,0.0166667,0.9000,10000.0,0,0.02163314154,1.01
0.6000,0.5000,1,0.01,0.0166667,0.9000,inf,0,0.02163314154,1.01
0.6000,0.5000,1,0.01,0.1,0.5000,100.0,0.002242459375,0.1966734308,1.01
0.6000,0.5000,1,0.01,0.1,0.5000,1000.0,0,0.1966734308,1.01
0.6000,0.5000,1,0.01,0.1,0.5000,10000.0,0,0.1966734308,1.01
0.6000,0.5000,1,0.01,0.1,0.5000,inf,0,0.1966734308,1.01
0.6000,0.5000,1,0.01,0.1,0.9000,100.0,0.002457248481,0.1197285382,1.01
0.6000,0.5000,1,0.01,0.1,0.9000,1000.0,0,0.1197285382,1.01
0.6000,0.5000,1,0.01,0.1,0.9000,10000.0,0,0.1197285382,1.01
0.6000,0.5000,1,0.01,0.1,0.9000,inf,0,0.1197285382,1.01
0.6000,0.5000,1,0.01,1,0.5000,100.0,0,0.764445702,1.01
0.6000,0.5000,1,0.01,1,0.5000,1000.0,0,0.764445702,1.01
0.6000,0.5000,1,0.01,1,0.5000,10000.0,0,0.764445702,1.01
0.6000,0.5000,1,0.01,1,0.5000,inf,0,0.764445702,1.01
0.6000,0.5000,1,0.01,1,0.9000,100.0,0,0.643232717,1.01
0.6000,0.5000,1,0.01,1,0.9000,1000.0,0,0.643232717,1.01
0.6000,0.5000,1,0.01,1,0.9000,10000.0,0,0.643232717,1.01
0.6000,0.5000,1,0.01,1,0.9000,inf,0,0.643232717,1.01
0.6000,0.5000,1,0.1,0.0166667,0.5000,100.0,0.3922413092,0.03524205552,1.1
0.6000,0.5000,1,0.1,0.0166667,0.5000,1000.0,0.0001097071269,0.03524205552,1.1
0.6000,0.5000,1,0.1,0.0166667,0.5000,10000.0,0,0.03524205552,1.1
0.6000,0.5000,1,0.1,0.0166667,0.5000,inf,0,0.03524205552,1.1
0.6000,0.5000,1,0.1,0.0166667,0.9000,100.0,0.3984827994,0.01989046682,1.1
0.6000,0.5000,1,0.1,0.0166667,0.9000,1000.0,0.0001114528277,0.01989046682,1.1
0.6000,0.5000,1,0.1,0.0166667,0.9000,10000.0,0,0.01989046682,1.1
0.6000,0.5000,1,0.1,0.0166667,0.9000,inf,0,0.01989046682,1.1
0.6000,0.5000,1,0.1,0.1,0.5000,100.0,0.003689287956,0.1831679752,1.1
0.6000,0.5000,1,0.1,0.1,0.5000,1000.0,0,0.1831679752,1.1
0.6000,0.5000,1,0.1,0.1,0.5000,10000.0,0,0.1831679752,1.1
0.6000,0.5000,1,0.1,0.1,0.5000,inf,0,0.1831679752,1.1
0.6000,0.5000,1,0.1,0.1,0.9000,100.0,0.004016242153,0.1107782182,1.1
0.6000,0.5000,1,0.1,0.1,0.9000,1000.0,0,0.1107782182,1.1
0.6000,0.5000,1,0.1,0.1,0.9000,10000.0,0,0.1107782182,1.1
0.6000,0.5000,1,0.1,0.1,0.9000,inf,0,0.1107782182,1.1
0.6000,0.5000,1,0.1,1,0.5000,100.0,0,0.7436929166,1.1
0.6000,0.5000,1,0.1,1,0.5000,1000.0,0,0.7436929166,1.1
0.6000,0.5000,1,0.1,1,0.5000,10000.0,0,0.7436929166,1.1
0.6000,0.5000,1,0.1,1,0.5000,inf,0,0.7436929166,1.1
0.6000,0.5000,1,0.1,1,0.9000,100.0,0,0.6171491564,1.1
0.6000,0.5000,1,0.1,1,0.9000,1000.0,0,0.6171491564,1.1
0.6000,0.5000,1,0.1,1,0.9000,10000.0,0,0.6171491564,1.1
0.6000,0.5000,1,0.1,1,0.9000,inf,0,0.6171491564,1.1
0.6000,0.5000,3,0.01,0.0166667,0.5000,100.0,0.9159170011,4.267580058e-05,3.03
0.6000,0.5000,3,0.01,0.0166667,0.5000,1000.0,0.002932270264,4.267580058e-05,3.03
0.6000,0.5000,3,0.01,0.0166667,0.5000,10000.0,0,4.267580058e-05,3.03
0.6000,0.5000,3,0.01,0.0166667,0.5000,inf,0,4.267580058e-05,3.03
0.6000,0.5000,3,0.01,0.0166667,0.9000,100.0,0.9192693005,5.918720799e-06,3.03
0.6000,0.5000,3,0.01,0.0166667,0.9000,1000.0,0.002973949186,5.918720799e-06,3.03
0.6000,0.5000,3,0.01,0.0166667,0.9000,10000.0,0,5.918720799e-06,3.03
0.6000,0.5000,3,0.01,0.0166667,0.9000,inf,0,5.918720799e-06,3.03
0.6000,0.5000,3,0.01,0.1,0.5000,100.0,0.05741668569,0.005809567437,3.03
0.6000,0.5000,3,0.01,0.1,0.5000,1000.0,0,0.005809567437,3.03
0.6000,0.5000,3,0.01,0.1,0.5000,10000.0,0,0.005809567437,3.03
0.6000,0.5000,3,0.01,0.1,0.5000,inf,0,0.005809567437,3.03
0.6000,0.5000,3,0.01,0.1,0.9000,100.0,0.06151846455,0.001010814665,3.03
0.6000,0.5000,3,0.01,0.1,0.9000,1000.0,0,0.001010814665,3.03
0.6000,0.5000,3,0.01,0.1,0.9000,10000.0,0,0.001010814665,3.03
0.6000,0.5000,3,0.01,0.1,0.9000,inf,0,0.001010814665,3.03
0.6000,0.5000,3,0.01,1,0.5000,100.0,0,0.3544344188,3.03
0.6000,0.5000,3,0.01,1,0.5000,1000.0,0,0.3544344188,3.03
0.6000,0.5000,3,0.01,1,0.5000,10000.0,0,0.3544344188,3.03
0.6000,0.5000,3,0.01,1,0.5000,inf,0,0.3544344188,3.03
0.6000,0.5000,3,0.01,1,0.9000,100.0,0,0.1696314224,3.03
0.6000,0.5000,3,0.01,1,0.9000,1000.0,0,0.1696314224,3.03
0.6000,0.5000,3,0.01,1,0.9000,10000.0,0,0.1696314224,3.03
0.6000,0.5000,3,0.01,1,0.9000,inf,0,0.1696314224,3.03
0.6000,0.5000,3,0.1,0.0166667,0.5000,100.0,0.9309287141,3.330575278e-05,3.3
0.6000,0.5000,3,0.1,0.0166667,0.5000,1000.0,0.00566961416,3.330575278e-05,3.3
0.6000,0.5000,3,0.1,0.0166667,0.5000,10000.0,0,3.330575278e-05,3.3
0.6000,0.5000,3,0.1,0.0166667,0.5000,inf,0,3.330575278e-05,3.3
0.6000,0.5000,3,0.1,0.0166667,0.9000,100.0,0.9337537245,4.599932584e-06,3.3
0.6000,0.5000,3,0.1,0.0166667,0.9000,1000.0,0.005742415504,4.599932584e-06,3.3
0.6000,0.5000,3,0.1,0.0166667,0.9000,10000.0,0,4.599932584e-06,3.3
0.6000,0.5000,3,0.1,0.0166667,0.9000,inf,0,4.599932584e-06,3.3
0.6000,0.5000,3,0.1,0.1,0.5000,100.0,0.08195689158,0.00469141231,3.3
0.6000,0.5000,3,0.1,0.1,0.5000,1000.0,0,0.00469141231,3.3
0.6000,0.5000,3,0.1,0.1,0.5000,10000.0,0,0.00469141231,3.3
0.6000,0.5000,3,0.1,0.1,0.5000,inf,0,0.00469141231,3.3
0.6000,0.5000,3,0.1,0.1,0.9000,100.0,0.08722613027,0.0008000675134,3.3
0.6000,0.5000,3,0.1,0.1,0.9000,1000.0,0,0.0008000675134,3.3
0.6000,0.5000,3,0.1,0.1,0.9000,10000.0,0,0.0008000675134,3.3
0.6000,0.5000,3,0.1,0.1,0.9000,inf,0,0.0008000675134,3.3
0.6000,0.5000,3,0.1,1,0.5000,100.0,0,0.3252235487,3.3
0.6000,0.5000,3,0.1,1,0.5000,1000.0,0,0.3252235487,3.3
0.6000,0.5000,3,0.1,1,0.5000,10000.0,0,0.3252235487,3.3
0.6000,0.5000,3,0.1,1,0.5000,inf,0,0.3252235487,3.3
0.6000,0.5000,3,0.1,1,0.9000,100.0,0,0.1487614534,3.3
0.6000,0.5000,3,0.1,1,0.9000,1000.0,0,0.1487614534,3.3
0.6000,0.5000,3,0.1,1,0.9000,10000.0,0,0.1487614534,3.3
0.6000,0.5000,3,0.1,1,0.9000,inf,0,0.1487614534,3.3
0.6000,0.5000,6,0.01,0.0166667,0.5000,100.0,0.9993345603,1.571768027e-09,6.06
0.6000,0.5000,6,0.01,0.0166667,0.5000,1000.0,0.06976525834,1.571768027e-09,6.06
0.6000,0.5000,6,0.01,0.0166667,0.5000,10000.0,0,1.571768027e-09,6.06
0.6000,0.5000,6,0.01,0.0166667,0.5000,inf,0,1.571768027e-09,6.06
0.6000,0.5000,6,0.01,0.0166667,0.9000,100.0,0.9993973456,2.558824118e-11,6.06
0.6000,0.5000,6,0.01,0.0166667,0.9000,1000.0,0.07044886946,2.558824118e-11,6.06
0.6000,0.5000,6,0.01,0.0166667,0.9000,10000.0,0,2.558824118e-11,6.06
0.6000,0.5000,6,0.01,0.0166667,0.9000,inf,0,2.558824118e-11,6.06
0.6000,0.5000,6,0.01,0.1,0.5000,100.0,0.4274337119,2.912778863e-05,6.06
0.6000,0.5000,6,0.01,0.1,0.5000,1000.0,0,2.912778863e-05,6.06
0.6000,0.5000,6,0.01,0.1,0.5000,10000.0,0,2.912778863e-05,6.06
0.6000,0.5000,6,0.01,0.1,0.5000,inf,0,2.912778863e-05,6.06
0.6000,0.5000,6,0.01,0.1,0.9000,100.0,0.4436960965,7.462608198e-07,6.06
0.6000,0.5000,6,0.01,0.1,0.9000,1000.0,0,7.462608198e-07,6.06
0.6000,0.5000,6,0.01,0.1,0.9000,10000.0,0,7.462608198e-07,6.06
0.6000,0.5000,6,0.01,0.1,0.9000,inf,0,7.462608198e-07,6.06
0.6000,0.5000,6,0.01,1,0.5000,100.0,0,0.1083670766,6.06
0.6000,0.5000,6,0.01,1,0.5000,1000.0,0,0.1083670766,6.06
0.6000,0.5000,6,0.01,1,0.5000,10000.0,0,0.1083670766,6.06
0.6000,0.5000,6,0.01,1,0.5000,inf,0,0.1083670766,6.06
0.6000,0.5000,6,0.01,1,0.9000,100.0,0,0.0209803136,6.06
0.6000,0.5000,6,0.01,1,0.9000,1000.0,0,0.0209803136,6.06
0.6000,0.5000,6,0.01,1,0.9000,10000.0,0,0.0209803136,6.06
0.6000,0.5000,6,0.01,1,0.9000,inf,0,0.0209803136,6.06
0.6000,0.5000,6,0.1,0.0166667,0.5000,100.0,0.9995720898,9.573344253e-10,6.6
0.6000,0.5000,6,0.1,0.0166667,0.5000,1000.0,0.1087127291,9.573344253e-10,6.6
0.6000,0.5000,6,0.1,0.0166667,0.5000,10000.0,0,9.573344253e-10,6.6
0.6000,0.5000,6,0.1,0.0166667,0.5000,inf,0,9.573344253e-10,6.6
0.6000,0.5000,6,0.1,0.0166667,0.9000,100.0,0.9996130618,1.545568391e-11,6.6
0.6000,0.5000,6,0.1,0.0166667,0.9000,1000.0,0.1096370719,1.545568391e-11,6.6
0.6000,0.5000,6,0.1,0.0166667,0.9000,10000.0,0,1.545568391e-11,6.6
0.6000,0.5000,6,0.1,0.0166667,0.9000,inf,0,1.545568391e-11,6.6
0.6000,0.5000,6,0.1,0.1,0.5000,100.0,0.5091586002,1.89944929e-05,6.6
0.6000,0.5000,6,0.1,0.1,0.5000,1000.0,0,1.89944929e-05,6.6
0.6000,0.5000,6,0.1,0.1,0.5000,10000.0,0,1.89944929e-05,6.6
0.6000,0.5000,6,0.1,0.1,0.5000,inf,0,1.89944929e-05,6.6
0.6000,0.5000,6,0.1,0.1,0.9000,100.0,0.5253579624,4.67524874e-07,6.6
0.6000,0.5000,6,0.1,0.1,0.9000,1000.0,0,4.67524874e-07,6.6
0.6000,0.5000,6,0.1,0.1,0.9000,10000.0,0,4.67524874e-07,6.6
0.6000,0.5000,6,0.1,0.1,0.9000,inf,0,4.67524874e-07,6.6
0.6000,0.5000,6,0.1,1,0.5000,100.0,0,0.0912472632,6.6
0.6000,0.5000,6,0.1,1,0.5000,1000.0,0,0.0912472632,6.6
0.6000,0.5000,6,0.1,1,0.5000,10000.0,0,0.0912472632,6.6
0.6000,0.5000,6,0.1,1,0.5000,inf,0,0.0912472632,6.6
0.6000,0.5000,6,0.1,1,0.9000,100.0,0,0.01613890109,6.6
0.6000,0.5000,6,0.1,1,0.9000,1000.0,0,0.01613890109,6.6
0.6000,0.5000,6,0.1,1,0.9000,10000.0,0,0.01613890109,6.6
0.6000,0.5000,6,0.1,1,0.9000,inf,0,0.01613890109,6.6
0.6000,0.5000,12,0.01,0.0166667,0.5000,100.0,0.9999999989,2.132116611e-18,12.12
0.6000,0.5000,12,0.01,0.0166667,0.5000,1000.0,0.7046239229,2.132116611e-18,12.12
0.6000,0.5000,12,0.01,0.0166667,0.5000,10000.0,0,2.132116611e-18,12.12
0.6000,0.5000,12,0.01,0.0166667,0.5000,inf,0,2.132116611e-18,12.12
0.6000,0.5000,12,0.01,0.0166667,0.9000,100.0,0.9999999991,4.784250591e-22,12.12
0.6000,0.5000,12,0.01,0.0166667,0.9000,1000.0,0.7066150049,4.784250591e-22,12.12
0.6000,0.5000,12,0.01,0.0166667,0.9000,10000.0,0,4.784250591e-22,12.12
0.6000,0.5000,12,0.01,0.0166667,0.9000,inf,0,4.784250591e-22,12.12
0.6000,0.5000,12,0.01,0.1,0.5000,100.0,0.9766544716,7.322326381e-10,12.12
0.6000,0.5000,12,0.01,0.1,0.5000,1000.0,4.63104676e-15,7.322326381e-10,12.12
0.6000,0.5000,12,0.01,0.1,0.5000,10000.0,0,7.322326381e-10,12.12
0.6000,0.5000,12,0.01,0.1,0.5000,inf,0,7.322326381e-10,12.12
0.6000,0.5000,12,0.01,0.1,0.9000,100.0,0.9795156867,4.069250131e-13,12.12
0.6000,0.5000,12,0.01,0.1,0.9000,1000.0,5.683530449e-15,4.069250131e-13,12.12
0.6000,0.5000,12,0.01,0.1,0.9000,10000.0,0,4.069250131e-13,12.12
0.6000,0.5000,12,0.01,0.1,0.9000,inf,0,4.069250131e-13,12.12
0.6000,0.5000,12,0.01,1,0.5000,100.0,3.129441151e-15,0.01013512741,12.12
0.6000,0.5000,12,0.01,1,0.5000,1000.0,0,0.01013512741,12.12
0.6000,0.5000,12,0.01,1,0.5000,10000.0,0,0.01013512741,12.12
0.6000,0.5000,12,0.01,1,0.5000,inf,0,0.01013512741,12.12
0.6000,0.5000,12,0.01,1,0.9000,100.0,5.303257833e-15,0.0003216350928,12.12
0.6000,0.5000,12,0.01,1,0.9000,1000.0,0,0.0003216350928,12.12
0.6000,0.5000,12,0.01,1,0.9000,10000.0,0,0.0003216350928,12.12
0.6000,0.5000,12,0.01,1,0.9000,inf,0,0.0003216350928,12.12
0.6000,0.5000,12,0.1,0.0166667,0.5000,100.0,0.9999999996,7.909725394e-19,13.2
0.6000,0.5000,12,0.1,0.0166667,0.5000,1000.0,0.7913840684,7.909725394e-19,13.2
0.6000,0.5000,12,0.1,0.0166667,0.5000,10000.0,0,7.909725394e-19,13.2
0.6000,0.5000,12,0.1,0.0166667,0.5000,inf,0,7.909725394e-19,13.2
0.6000,0.5000,12,0.1,0.0166667,0.9000,100.0,0.9999999997,1.745458397e-22,13.2
0.6000,0.5000,12,0.1,0.0166667,0.9000,1000.0,0.7929973711,1.745458397e-22,13.2
0.6000,0.5000,12,0.1,0.0166667,0.9000,10000.0,0,1.745458397e-22,13.2
0.6000,0.5000,12,0.1,0.0166667,0.9000,inf,0,1.745458397e-22,13.2
0.6000,0.5000,12,0.1,0.1,0.5000,100.0,0.9869300239,3.113791017e-10,13.2
0.6000,0.5000,12,0.1,0.1,0.5000,1000.0,7.106148561e-13,3.113791017e-10,13.2
0.6000,0.5000,12,0.1,0.1,0.5000,10000.0,0,3.113791017e-10,13.2
0.6000,0.5000,12,0.1,0.1,0.5000,inf,0,3.113791017e-10,13.2
0.6000,0.5000,12,0.1,0.1,0.9000,100.0,0.9886453767,1.597138363e-13,13.2
0.6000,0.5000,12,0.1,0.1,0.9000,1000.0,7.62777372e-13,1.597138363e-13,13.2
0.6000,0.5000,12,0.1,0.1,0.9000,10000.0,0,1.597138363e-13,13.2
0.6000,0.5000,12,0.1,0.1,0.9000,inf,0,1.597138363e-13,13.2
0.6000,0.5000,12,0.1,1,0.5000,100.0,3.871055991e-13,0.007185782272,13.2
0.6000,0.5000,12,0.1,1,0.5000,1000.0,0,0.007185782272,13.2
0.6000,0.5000,12,0.1,1,0.5000,10000.0,0,0.007185782272,13.2
0.6000,0.5000,12,0.1,1,0.5000,inf,0,0.007185782272,13.2
0.6000,0.5000,12,0.1,1,0.9000,100.0,5.603280143e-13,0.000190320649,13.2
0.6000,0.5000,12,0.1,1,0.9000,1000.0,0,0.000190320649,13.2
0.6000,0.5000,12,0.1,1,0.9000,10000.0,0,0.000190320649,13.2
0.6000,0.5000,12,0.1,1,0.9000,inf,0,0.000190320649,13.2
0.6000,0.5500,1,0.01,0.0166667,0.5000,100.0,0.3593454653,0.04235011701,1.01
0.6000,0.5500,1,0.01,0.0166667,0.5000,1000.0,4.847985808e-05,0.04235011701,1.01
0.6000,0.5500,1,0.01,0.0166667,0.5000,10000.0,0,0.04235011701,1.01
0.6000,0.5500,1,0.01,0.0166667,0.5000,inf,0,0.04235011701,1.01
0.6000,0.5500,1,0.01,0.0166667,0.9000,100.0,0.3662389146,0.02397918559,1.01
0.6000,0.5500,1,0.01,0.0166667,0.9000,1000.0,4.940986409e-05,0.02397918559,1.01
0.6000,0.5500,1,0.01,0.0166667,0.9000,10000.0,0,0.02397918559,1.01
0.6000,0.5500,1,0.01,0.0166667,0.9000,inf,0,0.02397918559,1.01
0.6000,0.5500,1,0.01,0.1,0.5000,100.0,0.002194503755,0.2138527939,1.01
0.6000,0.5500,1,0.01,0.1,0.5000,1000.0,0,0.2138527939,1.01
0.6000,0.5500,1,0.01,0.1,0.5000,10000.0,0,0.2138527939,1.01
0.6000,0.5500,1,0.01,0.1,0.5000,inf,0,0.2138527939,1.01
0.6000,0.5500,1,0.01,0.1,0.9000,100.0,0.002424988446,0.1312851996,1.01
0.6000,0.5500,1,0.01,0.1,0.9000,1000.0,0,0.1312851996,1.01
0.6000,0.5500,1,0.01,0.1,0.9000,10000.0,0,0.1312851996,1.01
0.6000,0.5500,1,0.01,0.1,0.9000,inf,0,0.1312851996,1.01
0.6000,0.5500,1,0.01,1,0.5000,100.0,0,0.7828869403,1.01
0.6000,0.5500,1,0.01,1,0.5000,1000.0,0,0.7828869403,1.01
0.6000,0.5500,1,0.01,1,0.5000,10000.0,0,0.7828869403,1.01
0.6000,0.5500,1,0.01,1,0.5000,inf,0,0.7828869403,1.01
0.6000,0.5500,1,0.01,1,0.9000,100.0,0,0.6670301712,1.01
0.6000,0.5500,1,0.01,1,0.9000,1000.0,0,0.6670301712,1.01
0.6000,0.5500,1,0.01,1,0.9000,10000.0,0,0.6670301712,1.01
0.6000,0.5500,1,0.01,1,0.9000,inf,0,0.6670301712,1.01
0.6000,0.5500,1,0.1,0.0166667,0.5000,100.0,0.3907113679,0.03900510391,1.1
0.6000,0.5500,1,0.1,0.0166667,0.5000,1000.0,0.0001092792131,0.03900510391,1.1
0.6000,0.5500,1,0.1,0.0166667,0.5000,10000.0,0,0.03900510391,1.1
0.6000,0.5500,1,0.1,0.0166667,0.5000,inf,0,0.03900510391,1.1
0.6000,0.5500,1,0.1,0.0166667,0.9000,100.0,0.3976040738,0.0220517831,1.1
0.6000,0.5500,1,0.1,0.0166667,0.9000,1000.0,0.0001112070543,0.0220517831,1.1
0.6000,0.5500,1,0.1,0.0166667,0.9000,10000.0,0,0.0220517831,1.1
0.6000,0.5500,1,0.1,0.0166667,0.9000,inf,0,0.0220517831,1.1
0.6000,0.5500,1,0.1,0.1,0.5000,100.0,0.003615701215,0.1994605519,1.1
0.6000,0.5500,1,0.1,0.1,0.5000,1000.0,0,0.1994605519,1.1
0.6000,0.5500,1,0.1,0.1,0.5000,10000.0,0,0.1994605519,1.1
0.6000,0.5500,1,0.1,0.1,0.5000,inf,0,0.1994605519,1.1
0.6000,0.5500,1,0.1,0.1,0.9000,100.0,0.003967408548,0.1215902918,1.1
0.6000,0.5500,1,0.1,0.1,0.9000,1000.0,0,0.1215902918,1.1
0.6000,0.5500,1,0.1,0.1,0.9000,10000.0,0,0.1215902918,1.1
0.6000,0.5500,1,0.1,0.1,0.9000,inf,0,0.1215902918,1.1
0.6000,0.5500,1,0.1,1,0.5000,100.0,0,0.7632557009,1.1
0.6000,0.5500,1,0.1,1,0.5000,1000.0,0,0.7632557009,1.1
0.6000,0.5500,1,0.1,1,0.5000,10000.0,0,0.7632557009,1.1
0.6000,0.5500,1,0.1,1,0.5000,inf,0,0.7632557009,1.1
0.6000,0.5500,1,0.1,1,0.9000,100.0,0,0.6417173597,1.1
0.6000,0.5500,1,0.1,1,0.9000,1000.0,0,0.6417173597,1.1
0.6000,0.5500,1,0.1,1,0.9000,10000.0,0,0.6417173597,1.1
0.6000,0.5500,1,0.1,1,0.9000,inf,0,0.6417173597,1.1
0.6000,0.5500,3,0.01,0.0166667,0.5000,100.0,0.9150625291,5.954457397e-05,3.03
0.6000,0.5500,3,0.01,0.0166667,0.5000,1000.0,0.002922028314,5.954457397e-05,3.03
0.6000,0.5500,3,0.01,0.0166667,0.5000,10000.0,0,5.954457397e-05,3.03
0.6000,0.5500,3,0.01,0.0166667,0.5000,inf,0,5.954457397e-05,3.03
0.6000,0.5500,3,0.01,0.0166667,0.9000,100.0,0.9188101211,8.591858863e-06,3.03
0.6000,0.5500,3,0.01,0.0166667,0.9000,1000.0,0.002968091392,8.591858863e-06,3.03
0.6000,0.5500,3,0.01,0.0166667,0.9000,10000.0,0,8.591858863e-06,3.03
0.6000,0.5500,3,0.01,0.0166667,0.9000,inf,0,8.591858863e-06,3.03
0.6000,0.5500,3,0.01,0.1,0.5000,100.0,0.05647128369,0.007691177715,3.03
0.6000,0.5500,3,0.01,0.1,0.5000,1000.0,0,0.007691177715,3.03
0.6000,0.5500,3,0.01,0.1,0.5000,10000.0,0,0.007691177715,3.03
0.6000,0.5500,3,0.01,0.1,0.5000,inf,0,0.007691177715,3.03
0.6000,0.5500,3,0.01,0.1,0.9000,100.0,0.0609160522,0.001419121078,3.03
0.6000,0.5500,3,0.01,0.1,0.9000,1000.0,0,0.001419121078,3.03
0.6000,0.5500,3,0.01,0.1,0.9000,10000.0,0,0.001419121078,3.03
0.6000,0.5500,3,0.01,0.1,0.9000,inf,0,0.001419121078,3.03
0.6000,0.5500,3,0.01,1,0.5000,100.0,0,0.390344656,3.03
0.6000,0.5500,3,0.01,1,0.5000,1000.0,0,0.390344656,3.03
0.6000,0.5500,3,0.01,1,0.5000,10000.0,0,0.390344656,3.03
0.6000,0.5500,3,0.01,1,0.5000,inf,0,0.390344656,3.03
0.6000,0.5500,3,0.01,1,0.9000,100.0,0,0.1993695995,3.03
0.6000,0.5500,3,0.01,1,0.9000,1000.0,0,0.1993695995,3.03
0.6000,0.5500,3,0.01,1,0.9000,10000.0,0,0.1993695995,3.03
0.6000,0.5500,3,0.01,1,0.9000,inf,0,0.1993695995,3.03
0.6000,0.5500,3,0.1,0.0166667,0.5000,100.0,0.9302072847,4.651791587e-05,3.3
0.6000,0.5500,3,0.1,0.0166667,0.5000,1000.0,0.005651693453,4.651791587e-05,3.3
0.6000,0.5500,3,0.1,0.0166667,0.5000,10000.0,0,4.651791587e-05,3.3
0.6000,0.5500,3,0.1,0.0166667,0.5000,inf,0,4.651791587e-05,3.3
0.6000,0.5500,3,0.1,0.0166667,0.9000,100.0,0.9333672734,6.681428752e-06,3.3
0.6000,0.5500,3,0.1,0.0166667,0.9000,1000.0,0.005732195762,6.681428752e-06,3.3
0.6000,0.5500,3,0.1,0.0166667,0.9000,10000.0,0,6.681428752e-06,3.3
0.6000,0.5500,3,0.1,0.0166667,0.9000,inf,0,6.681428752e-06,3.3
0.6000,0.5500,3,0.1,0.1,0.5000,100.0,0.08073171604,0.006238564238,3.3
0.6000,0.5500,3,0.1,0.1,0.5000,1000.0,0,0.006238564238,3.3
0.6000,0.5500,3,0.1,0.1,0.5000,10000.0,0,0.006238564238,3.3
0.6000,0.5500,3,0.1,0.1,0.5000,inf,0,0.006238564238,3.3
0.6000,0.5500,3,0.1,0.1,0.9000,100.0,0.08645695616,0.001126665965,3.3
0.6000,0.5500,3,0.1,0.1,0.9000,1000.0,0,0.001126665965,3.3
0.6000,0.5500,3,0.1,0.1,0.9000,10000.0,0,0.001126665965,3.3
0.6000,0.5500,3,0.1,0.1,0.9000,inf,0,0.001126665965,3.3
0.6000,0.5500,3,0.1,1,0.5000,100.0,0,0.3606084801,3.3
0.6000,0.5500,3,0.1,1,0.5000,1000.0,0,0.3606084801,3.3
0.6000,0.5500,3,0.1,1,0.5000,10000.0,0,0.3606084801,3.3
0.6000,0.5500,3,0.1,1,0.5000,inf,0,0.3606084801,3.3
0.6000,0.5500,3,0.1,1,0.9000,100.0,0,0.1764293184,3.3
0.6000,0.5500,3,0.1,1,0.9000,1000.0,0,0.1764293184,3.3
0.6000,0.5500,3,0.1,1,0.9000,10000.0,0,0.1764293184,3.3
0.6000,0.5500,3,0.1,1,0.9000,inf,0,0.1764293184,3.3
0.6000,0.5500,6,0.01,0.0166667,0.5000,100.0,0.9993174121,3.112824122e-09,6.06
0.6000,0.5500,6,0.01,0.0166667,0.5000,1000.0,0.06959619696,3.112824122e-09,6.06
0.6000,0.5500,6,0.01,0.0166667,0.5000,10000.0,0,3.112824122e-09,6.06
0.6000,0.5500,6,0.01,0.0166667,0.5000,inf,0,3.112824122e-09,6.06
0.6000,0.5500,6,0.01,0.0166667,0.9000,100.0,0.999389154,5.629618554e-11,6.06
0.6000,0.5500,6,0.01,0.0166667,0.9000,1000.0,0.07035321327,5.629618554e-11,6.06
0.6000,0.5500,6,0.01,0.0166667,0.9000,10000.0,0,5.629618554e-11,6.06
0.6000,0.5500,6,0.01,0.0166667,0.9000,inf,0,5.629618554e-11,6.06
0.6000,0.5500,6,0.01,0.1,0.5000,100.0,0.4234807904,5.193404656e-05,6.06
0.6000,0.5500,6,0.01,0.1,0.5000,1000.0,0,5.193404656e-05,6.06
0.6000,0.5500,6,0.01,0.1,0.5000,10000.0,0,5.193404656e-05,6.06
0.6000,0.5500,6,0.01,0.1,0.5000,inf,0,5.193404656e-05,6.06
0.6000,0.5500,6,0.01,0.1,0.9000,100.0,0.4413956812,1.535741055e-06,6.06
0.6000,0.5500,6,0.01,0.1,0.9000,1000.0,0,1.535741055e-06,6.06
0.6000,0.5500,6,0.01,0.1,0.9000,10000.0,0,1.535741055e-06,6.06
0.6000,0.5500,6,0.01,0.1,0.9000,inf,0,1.535741055e-06,6.06
0.6000,0.5500,6,0.01,1,0.5000,100.0,0,0.1337228225,6.06
0.6000,0.5500,6,0.01,1,0.5000,1000.0,0,0.1337228225,6.06
0.6000,0.5500,6,0.01,1,0.5000,10000.0,0,0.1337228225,6.06
0.6000,0.5500,6,0.01,1,0.5000,inf,0,0.1337228225,6.06
0.6000,0.5500,6,0.01,1,0.9000,100.0,0,0.03027066916,6.06
0.6000,0.5500,6,0.01,1,0.9000,1000.0,0,0.03027066916,6.06
0.6000,0.5500,6,0.01,1,0.9000,10000.0,0,0.03027066916,6.06
0.6000,0.5500,6,0.01,1,0.9000,inf,0,0.03027066916,6.06
0.6000,0.5500,6,0.1,0.0166667,0.5000,100.0,0.9995608746,1.899812529e-09,6.6
0.6000,0.5500,6,0.1,0.0166667,0.5000,1000.0,0.1084837318,1.899812529e-09,6.6
0.6000,0.5500,6,0.1,0.0166667,0.5000,10000.0,0,1.899812529e-09,6.6
0.6000,0.5500,6,0.1,0.0166667,0.5000,inf,0,1.899812529e-09,6.6
0.6000,0.5500,6,0.1,0.0166667,0.9000,100.0,0.9996077243,3.404424982e-11,6.6
0.6000,0.5500,6,0.1,0.0166667,0.9000,1000.0,0.109507887,3.404424982e-11,6.6
0.6000,0.5500,6,0.1,0.0166667,0.9000,10000.0,0,3.404424982e-11,6.6
0.6000,0.5500,6,0.1,0.0166667,0.9000,inf,0,3.404424982e-11,6.6
0.6000,0.5500,6,0.1,0.1,0.5000,100.0,0.5051811726,3.416930891e-05,6.6
0.6000,0.5500,6,0.1,0.1,0.5000,1000.0,0,3.416930891e-05,6.6
0.6000,0.5500,6,0.1,0.1,0.5000,10000.0,0,3.416930891e-05,6.6
0.6000,0.5500,6,0.1,0.1,0.5000,inf,0,3.416930891e-05,6.6
0.6000,0.5500,6,0.1,0.1,0.9000,100.0,0.5230824493,9.679928368e-07,6.6
0.6000,0.5500,6,0.1,0.1,0.9000,1000.0,0,9.679928368e-07,6.6
0.6000,0.5500,6,0.1,0.1,0.9000,10000.0,0,9.679928368e-07,6.6
0.6000,0.5500,6,0.1,0.1,0.9000,inf,0,9.679928368e-07,6.6
0.6000,0.5500,6,0.1,1,0.5000,100.0,0,0.1141316806,6.6
0.6000,0.5500,6,0.1,1,0.5000,1000.0,0,0.1141316806,6.6
0.6000,0.5500,6,0.1,1,0.5000,10000.0,0,0.1141316806,6.6
0.6000,0.5500,6,0.1,1,0.5000,inf,0,0.1141316806,6.6
0.6000,0.5500,6,0.1,1,0.9000,100.0,0,0.02370943602,6.6
0.6000,0.5500,6,0.1,1,0.9000,1000.0,0,0.02370943602,6.6
0.6000,0.5500,6,0.1,1,0.9000,10000.0,0,0.02370943602,6.6
0.6000,0.5500,6,0.1,1,0.9000,inf,0,0.02370943602,6.6
0.6000,0.5500,12,0.01,0.0166667,0.5000,100.0,0.9999999988,8.507167453e-18,12.12
0.6000,0.5500,12,0.01,0.0166667,0.5000,1000.0,0.7041250369,8.507167453e-18,12.12
0.6000,0.5500,12,0.01,0.0166667,0.5000,10000.0,0,8.507167453e-18,12.12
0.6000,0.5500,12,0.01,0.0166667,0.5000,inf,0,8.507167453e-18,12.12
0.6000,0.5500,12,0.01,0.0166667,0.9000,100.0,0.9999999991,2.41740529e-21,12.12
0.6000,0.5500,12,0.01,0.0166667,0.9000,1000.0,0.7063389009,2.41740529e-21,12.12
0.6000,0.5500,12,0.01,0.0166667,0.9000,10000.0,0,2.41740529e-21,12.12
0.6000,0.5500,12,0.01,0.0166667,0.9000,inf,0,2.41740529e-21,12.12
0.6000,0.5500,12,0.01,0.1,0.5000,100.0,0.9758616134,2.36799151e-09,12.12
0.6000,0.5500,12,0.01,0.1,0.5000,1000.0,4.410479875e-15,2.36799151e-09,12.12
0.6000,0.5500,12,0.01,0.1,0.5000,10000.0,0,2.36799151e-09,12.12
0.6000,0.5500,12,0.01,0.1,0.5000,inf,0,2.36799151e-09,12.12
0.6000,0.5500,12,0.01,0.1,0.9000,100.0,0.979146932,1.798984995e-12,12.12
0.6000,0.5500,12,0.01,0.1,0.9000,1000.0,5.521883578e-15,1.798984995e-12,12.12
0.6000,0.5500,12,0.01,0.1,0.9000,10000.0,0,1.798984995e-12,12.12
0.6000,0.5500,12,0.01,0.1,0.9000,inf,0,1.798984995e-12,12.12
0.6000,0.5500,12,0.01,1,0.5000,100.0,2.83710555e-15,0.01569954946,12.12
0.6000,0.5500,12,0.01,1,0.5000,1000.0,0,0.01569954946,12.12
0.6000,0.5500,12,0.01,1,0.5000,10000.0,0,0.01569954946,12.12
0.6000,0.5500,12,0.01,1,0.5000,inf,0,0.01569954946,12.12
0.6000,0.5500,12,0.01,1,0.9000,100.0,4.839703638e-15,0.0006989389127,12.12
0.6000,0.5500,12,0.01,1,0.9000,1000.0,0,0.0006989389127,12.12
0.6000,0.5500,12,0.01,1,0.9000,10000.0,0,0.0006989389127,12.12
0.6000,0.5500,12,0.01,1,0.9000,inf,0,0.0006989389127,12.12
0.6000,0.5500,12,0.1,0.0166667,0.5000,100.0,0.9999999995,3.168818096e-18,13.2
0.6000,0.5500,12,0.1,0.0166667,0.5000,1000.0,0.7909791049,3.168818096e-18,13.2
0.6000,0.5500,12,0.1,0.0166667,0.5000,10000.0,0,3.168818096e-18,13.2
0.6000,0.5500,12,0.1,0.0166667,0.5000,inf,0,3.168818096e-18,13.2
0.6000,0.5500,12,0.1,0.0166667,0.9000,100.0,0.9999999997,8.840545559e-22,13.2
0.6000,0.5500,12,0.1,0.0166667,0.9000,1000.0,0.7927739333,8.840545559e-22,13.2
0.6000,0.5500,12,0.1,0.0166667,0.9000,10000.0,0,8.840545559e-22,13.2
0.6000,0.5500,12,0.1,0.0166667,0.9000,inf,0,8.840545559e-22,13.2
0.6000,0.5500,12,0.1,0.1,0.5000,100.0,0.9864481844,1.025057447e-09,13.2
0.6000,0.5500,12,0.1,0.1,0.5000,1000.0,6.986537302e-13,1.025057447e-09,13.2
0.6000,0.5500,12,0.1,0.1,0.5000,10000.0,0,1.025057447e-09,13.2
0.6000,0.5500,12,0.1,0.1,0.5000,inf,0,1.025057447e-09,13.2
0.6000,0.5500,12,0.1,0.1,0.9000,100.0,0.9884263935,7.147198376e-13,13.2
0.6000,0.5500,12,0.1,0.1,0.9000,1000.0,7.550864491e-13,7.147198376e-13,13.2
0.6000,0.5500,12,0.1,0.1,0.9000,10000.0,0,7.147198376e-13,13.2
0.6000,0.5500,12,0.1,0.1,0.9000,inf,0,7.147198376e-13,13.2
0.6000,0.5500,12,0.1,1,0.5000,100.0,3.592277381e-13,0.01143637653,13.2
0.6000,0.5500,12,0.1,1,0.5000,1000.0,0,0.01143637653,13.2
0.6000,0.5500,12,0.1,1,0.5000,10000.0,0,0.01143637653,13.2
0.6000,0.5500,12,0.1,1,0.5000,inf,0,0.01143637653,13.2
0.6000,0.5500,12,0.1,1,0.9000,100.0,5.276530803e-13,0.0004287821717,13.2
0.6000,0.5500,12,0.1,1,0.9000,1000.0,0,0.0004287821717,13.2
0.6000,0.5500,12,0.1,1,0.9000,10000.0,0,0.0004287821717,13.2
0.6000,0.5500,12,0.1,1,0.9000,inf,0,0.0004287821717,13.2
0.9000,0.1000,1,0.01,0.0166667,0.5000,100.0,0.2224604804,0.03217963245,1.01
0.9000,0.1000,1,0.01,0.0166667,0.5000,1000.0,3.48599384e-07,0.03217963245,1.01
0.9000,0.1000,1,0.01,0.0166667,0.5000,10000.0,0,0.03217963245,1.01
0.9000,0.1000,1,0.01,0.0166667,0.5000,inf,0,0.03217963245,1.01
0.9000,0.1000,1,0.01,0.0166667,0.9000,100.0,0.2256882876,0.01813696959,1.01
0.9000,0.1000,1,0.01,0.0166667,0.9000,1000.0,3.536574133e-07,0.01813696959,1.01
0.9000,0.1000,1,0.01,0.0166667,0.9000,10000.0,0,0.01813696959,1.01
0.9000,0.1000,1,0.01,0.0166667,0.9000,inf,0,0.01813696959,1.01
0.9000,0.1000,1,0.01,0.1,0.5000,100.0,0.0001221804338,0.1715754064,1.01
0.9000,0.1000,1,0.01,0.1,0.5000,1000.0,0,0.1715754064,1.01
0.9000,0.1000,1,0.01,0.1,0.5000,10000.0,0,0.1715754064,1.01
0.9000,0.1000,1,0.01,0.1,0.5000,inf,0,0.1715754064,1.01
0.9000,0.1000,1,0.01,0.1,0.9000,100.0,0.0001322665142,0.1031883758,1.01
0.9000,0.1000,1,0.01,0.1,0.9000,1000.0,0,0.1031883758,1.01
0.9000,0.1000,1,0.01,0.1,0.9000,10000.0,0,0.1031883758,1.01
0.9000,0.1000,1,0.01,0.1,0.9000,inf,0,0.1031883758,1.01
0.9000,0.1000,1,0.01,1,0.5000,100.0,0,0.7616251719,1.01
0.9000,0.1000,1,0.01,1,0.5000,1000.0,0,0.7616251719,1.01
0.9000,0.1000,1,0.01,1,0.5000,10000.0,0,0.7616251719,1.01
0.9000,0.1000,1,0.01,1,0.5000,inf,0,0.7616251719,1.01
0.9000,0.1000,1,0.01,1,0.9000,100.0,0,0.639644965,1.01
0.9000,0.1000,1,0.01,1,0.9000,1000.0,0,0.639644965,1.01
0.9000,0.1000,1,0.01,1,0.9000,10000.0,0,0.639644965,1.01
0.9000,0.1000,1,0.01,1,0.9000,inf,0,0.639644965,1.01
0.9000,0.1000,1,0.1,0.0166667,0.5000,100.0,0.2515648695,0.02960724974,1.1
0.9000,0.1000,1,0.1,0.0166667,0.5000,1000.0,1.17671762e-06,0.02960724974,1.1
0.9000,0.1000,1,0.1,0.0166667,0.5000,10000.0,0,0.02960724974,1.1
0.9000,0.1000,1,0.1,0.0166667,0.5000,inf,0,0.02960724974,1.1
0.9000,0.1000,1,0.1,0.0166667,0.9000,100.0,0.2549192958,0.01666779995,1.1
0.9000,0.1000,1,0.1,0.0166667,0.9000,1000.0,1.192408255e-06,0.01666779995,1.1
0.9000,0.1000,1,0.1,0.0166667,0.9000,10000.0,0,0.01666779995,1.1
0.9000,0.1000,1,0.1,0.0166667,0.9000,inf,0,0.01666779995,1.1
0.9000,0.1000,1,0.1,0.1,0.5000,100.0,0.0002551900049,0.1592846757,1.1
0.9000,0.1000,1,0.1,0.1,0.5000,1000.0,0,0.1592846757,1.1
0.9000,0.1000,1,0.1,0.1,0.5000,10000.0,0,0.1592846757,1.1
0.9000,0.1000,1,0.1,0.1,0.5000,inf,0,0.1592846757,1.1
0.9000,0.1000,1,0.1,0.1,0.9000,100.0,0.0002746320861,0.09523335977,1.1
0.9000,0.1000,1,0.1,0.1,0.9000,1000.0,0,0.09523335977,1.1
0.9000,0.1000,1,0.1,0.1,0.9000,10000.0,0,0.09523335977,1.1
0.9000,0.1000,1,0.1,0.1,0.9000,inf,0,0.09523335977,1.1
0.9000,0.1000,1,0.1,1,0.5000,100.0,0,0.7378195946,1.1
0.9000,0.1000,1,0.1,1,0.5000,1000.0,0,0.7378195946,1.1
0.9000,0.1000,1,0.1,1,0.5000,10000.0,0,0.7378195946,1.1
0.9000,0.1000,1,0.1,1,0.5000,inf,0,0.7378195946,1.1
0.9000,0.1000,1,0.1,1,0.9000,100.0,0,0.6098971326,1.1
0.9000,0.1000,1,0.1,1,0.9000,1000.0,0,0.6098971326,1.1
0.9000,0.1000,1,0.1,1,0.9000,10000.0,0,0.6098971326,1.1
0.9000,0.1000,1,0.1,1,0.9000,inf,0,0.6098971326,1.1
0.9000,0.1000,3,0.01,0.0166667,0.5000,100.0,0.8079940352,1.949545491e-05,3.03
0.9000,0.1000,3,0.01,0.0166667,0.5000,1000.0,4.406774052e-05,1.949545491e-05,3.03
0.9000,0.1000,3,0.01,0.0166667,0.5000,10000.0,0,1.949545491e-05,3.03
0.9000,0.1000,3,0.01,0.0166667,0.5000,inf,0,1.949545491e-05,3.03
0.9000,0.1000,3,0.01,0.0166667,0.9000,100.0,0.8116922406,1.796668122e-06,3.03
0.9000,0.1000,3,0.01,0.0166667,0.9000,1000.0,4.462769344e-05,1.796668122e-06,3.03
0.9000,0.1000,3,0.01,0.0166667,0.9000,10000.0,0,1.796668122e-06,3.03
0.9000,0.1000,3,0.01,0.0166667,0.9000,inf,0,1.796668122e-06,3.03
0.9000,0.1000,3,0.01,0.1,0.5000,100.0,0.006172463423,0.002987912365,3.03
0.9000,0.1000,3,0.01,0.1,0.5000,1000.0,0,0.002987912365,3.03
0.9000,0.1000,3,0.01,0.1,0.5000,10000.0,0,0.002987912365,3.03
0.9000,0.1000,3,0.01,0.1,0.5000,inf,0,0.002987912365,3.03
0.9000,0.1000,3,0.01,0.1,0.9000,100.0,0.006586852525,0.0003408682486,3.03
0.9000,0.1000,3,0.01,0.1,0.9000,1000.0,0,0.0003408682486,3.03
0.9000,0.1000,3,0.01,0.1,0.9000,10000.0,0,0.0003408682486,3.03
0.9000,0.1000,3,0.01,0.1,0.9000,inf,0,0.0003408682486,3.03
0.9000,0.1000,3,0.01,1,0.5000,100.0,0,0.2939010092,3.03
0.9000,0.1000,3,0.01,1,0.5000,1000.0,0,0.2939010092,3.03
0.9000,0.1000,3,0.01,1,0.5000,10000.0,0,0.2939010092,3.03
0.9000,0.1000,3,0.01,1,0.5000,inf,0,0.2939010092,3.03
0.9000,0.1000,3,0.01,1,0.9000,100.0,0,0.1100017388,3.03
0.9000,0.1000,3,0.01,1,0.9000,1000.0,0,0.1100017388,3.03
0.9000,0.1000,3,0.01,1,0.9000,10000.0,0,0.1100017388,3.03
0.9000,0.1000,3,0.01,1,0.9000,inf,0,0.1100017388,3.03
0.9000,0.1000,3,0.1,0.0166667,0.5000,100.0,0.8382110931,1.518118015e-05,3.3
0.9000,0.1000,3,0.1,0.0166667,0.5000,1000.0,0.0001269074185,1.518118015e-05,3.3
0.9000,0.1000,3,0.1,0.0166667,0.5000,10000.0,0,1.518118015e-05,3.3
0.9000,0.1000,3,0.1,0.0166667,0.5000,inf,0,1.518118015e-05,3.3
0.9000,0.1000,3,0.1,0.0166667,0.9000,100.0,0.8414514297,1.393786904e-06,3.3
0.9000,0.1000,3,0.1,0.0166667,0.9000,1000.0,0.0001283718573,1.393786904e-06,3.3
0.9000,0.1000,3,0.1,0.0166667,0.9000,10000.0,0,1.393786904e-06,3.3
0.9000,0.1000,3,0.1,0.0166667,0.9000,inf,0,1.393786904e-06,3.3
0.9000,0.1000,3,0.1,0.1,0.5000,100.0,0.01108426192,0.002388100091,3.3
0.9000,0.1000,3,0.1,0.1,0.5000,1000.0,0,0.002388100091,3.3
0.9000,0.1000,3,0.1,0.1,0.5000,10000.0,0,0.002388100091,3.3
0.9000,0.1000,3,0.1,0.1,0.5000,inf,0,0.002388100091,3.3
0.9000,0.1000,3,0.1,0.1,0.9000,100.0,0.01175791672,0.0002671756841,3.3
0.9000,0.1000,3,0.1,0.1,0.9000,1000.0,0,0.0002671756841,3.3
0.9000,0.1000,3,0.1,0.1,0.9000,10000.0,0,0.0002671756841,3.3
0.9000,0.1000,3,0.1,0.1,0.9000,inf,0,0.0002671756841,3.3
0.9000,0.1000,3,0.1,1,0.5000,100.0,0,0.2644323193,3.3
0.9000,0.1000,3,0.1,1,0.5000,1000.0,0,0.2644323193,3.3
0.9000,0.1000,3,0.1,1,0.5000,10000.0,0,0.2644323193,3.3
0.9000,0.1000,3,0.1,1,0.5000,inf,0,0.2644323193,3.3
0.9000,0.1000,3,0.1,1,0.9000,100.0,0,0.09291339576,3.3
0.9000,0.1000,3,0.1,1,0.9000,1000.0,0,0.09291339576,3.3
0.9000,0.1000,3,0.1,1,0.9000,10000.0,0,0.09291339576,3.3
0.9000,0.1000,3,0.1,1,0.9000,inf,0,0.09291339576,3.3
0.9000,0.1000,6,0.01,0.0166667,0.5000,100.0,0.9954870931,2.776182352e-10,6.06
0.9000,0.1000,6,0.01,0.0166667,0.5000,1000.0,0.003056473446,2.776182352e-10,6.06
0.9000,0.1000,6,0.01,0.0166667,0.5000,10000.0,0,2.776182352e-10,6.06
0.9000,0.1000,6,0.01,0.0166667,0.5000,inf,0,2.776182352e-10,6.06
0.9000,0.1000,6,0.01,0.0166667,0.9000,100.0,0.9957013682,1.24449384e-12,6.06
0.9000,0.1000,6,0.01,0.0166667,0.9000,1000.0,0.003087220969,1.24449384e-12,6.06
0.9000,0.1000,6,0.01,0.0166667,0.9000,10000.0,0,1.24449384e-12,6.06
0.9000,0.1000,6,0.01,0.0166667,0.9000,inf,0,1.24449384e-12,6.06
0.9000,0.1000,6,0.01,0.1,0.5000,100.0,0.114773449,6.520163647e-06,6.06
0.9000,0.1000,6,0.01,0.1,0.5000,1000.0,0,6.520163647e-06,6.06
0.9000,0.1000,6,0.01,0.1,0.5000,10000.0,0,6.520163647e-06,6.06
0.9000,0.1000,6,0.01,0.1,0.5000,inf,0,6.520163647e-06,6.06
0.9000,0.1000,6,0.01,0.1,0.9000,100.0,0.1199269871,4.475992529e-08,6.06
0.9000,0.1000,6,0.01,0.1,0.9000,1000.0,0,4.475992529e-08,6.06
0.9000,0.1000,6,0.01,0.1,0.9000,10000.0,0,4.475992529e-08,6.06
0.9000,0.1000,6,0.01,0.1,0.9000,inf,0,4.475992529e-08,6.06
0.9000,0.1000,6,0.01,1,0.5000,100.0,0,0.06288434877,6.06
0.9000,0.1000,6,0.01,1,0.5000,1000.0,0,0.06288434877,6.06
0.9000,0.1000,6,0.01,1,0.5000,10000.0,0,0.06288434877,6.06
0.9000,0.1000,6,0.01,1,0.5000,inf,0,0.06288434877,6.06
0.9000,0.1000,6,0.01,1,0.9000,100.0,0,0.004650629562,6.06
0.9000,0.1000,6,0.01,1,0.9000,1000.0,0,0.004650629562,6.06
0.9000,0.1000,6,0.01,1,0.9000,10000.0,0,0.004650629562,6.06
0.9000,0.1000,6,0.01,1,0.9000,inf,0,0.004650629562,6.06
0.9000,0.1000,6,0.1,0.0166667,0.5000,100.0,0.9970039571,1.683422666e-10,6.6
0.9000,0.1000,6,0.1,0.0166667,0.5000,1000.0,0.006980642203,1.683422666e-10,6.6
0.9000,0.1000,6,0.1,0.0166667,0.5000,10000.0,0,1.683422666e-10,6.6
0.9000,0.1000,6,0.1,0.0166667,0.5000,inf,0,1.683422666e-10,6.6
0.9000,0.1000,6,0.1,0.0166667,0.9000,100.0,0.9971493044,7.489546019e-13,6.6
0.9000,0.1000,6,0.1,0.0166667,0.9000,1000.0,0.007042889514,7.489546019e-13,6.6
0.9000,0.1000,6,0.1,0.0166667,0.9000,10000.0,0,7.489546019e-13,6.6
0.9000,0.1000,6,0.1,0.0166667,0.9000,inf,0,7.489546019e-13,6.6
0.9000,0.1000,6,0.1,0.1,0.5000,100.0,0.1670517504,4.165183084e-06,6.6
0.9000,0.1000,6,0.1,0.1,0.5000,1000.0,0,4.165183084e-06,6.6
0.9000,0.1000,6,0.1,0.1,0.5000,10000.0,0,4.165183084e-06,6.6
0.9000,0.1000,6,0.1,0.1,0.5000,inf,0,4.165183084e-06,6.6
0.9000,0.1000,6,0.1,0.1,0.9000,100.0,0.1735405371,2.750063917e-08,6.6
0.9000,0.1000,6,0.1,0.1,0.9000,1000.0,0,2.750063917e-08,6.6
0.9000,0.1000,6,0.1,0.1,0.9000,10000.0,0,2.750063917e-08,6.6
0.9000,0.1000,6,0.1,0.1,0.9000,inf,0,2.750063917e-08,6.6
0.9000,0.1000,6,0.1,1,0.5000,100.0,0,0.05092635348,6.6
0.9000,0.1000,6,0.1,1,0.5000,1000.0,0,0.05092635348,6.6
0.9000,0.1000,6,0.1,1,0.5000,10000.0,0,0.05092635348,6.6
0.9000,0.1000,6,0.1,1,0.5000,inf,0,0.05092635348,6.6
0.9000,0.1000,6,0.1,1,0.9000,100.0,0,0.00331618091,6.6
0.9000,0.1000,6,0.1,1,0.9000,1000.0,0,0.00331618091,6.6
0.9000,0.1000,6,0.1,1,0.9000,10000.0,0,0.00331618091,6.6
0.9000,0.1000,6,0.1,1,0.9000,inf,0,0.00331618091,6.6
0.9000,0.1000,12,0.01,0.0166667,0.5000,100.0,0.9999999291,5.631564093e-20,12.12
0.9000,0.1000,12,0.01,0.0166667,0.5000,1000.0,0.1935492905,5.631564093e-20,12.12
0.9000,0.1000,12,0.01,0.0166667,0.5000,10000.0,0,5.631564093e-20,12.12
0.9000,0.1000,12,0.01,0.0166667,0.5000,inf,0,5.631564093e-20,12.12
0.9000,0.1000,12,0.01,0.0166667,0.9000,100.0,0.999999937,6.035042076e-25,12.12
0.9000,0.1000,12,0.01,0.0166667,0.9000,1000.0,0.1945527281,6.035042076e-25,12.12
0.9000,0.1000,12,0.01,0.0166667,0.9000,10000.0,0,6.035042076e-25,12.12
0.9000,0.1000,12,0.01,0.0166667,0.9000,inf,0,6.035042076e-25,12.12
0.9000,0.1000,12,0.01,0.1,0.5000,100.0,0.8008624088,3.106348258e-11,12.12
0.9000,0.1000,12,0.01,0.1,0.5000,1000.0,0,3.106348258e-11,12.12
0.9000,0.1000,12,0.01,0.1,0.5000,10000.0,0,3.106348258e-11,12.12
0.9000,0.1000,12,0.01,0.1,0.5000,inf,0,3.106348258e-11,12.12
0.9000,0.1000,12,0.01,0.1,0.9000,100.0,0.8095502075,7.807378924e-16,12.12
0.9000,0.1000,12,0.01,0.1,0.9000,1000.0,0,7.807378924e-16,12.12
0.9000,0.1000,12,0.01,0.1,0.9000,10000.0,0,7.807378924e-16,12.12
0.9000,0.1000,12,0.01,0.1,0.9000,inf,0,7.807378924e-16,12.12
0.9000,0.1000,12,0.01,1,0.5000,100.0,0,0.002889634497,12.12
0.9000,0.1000,12,0.01,1,0.5000,1000.0,0,0.002889634497,12.12
0.9000,0.1000,12,0.01,1,0.5000,10000.0,0,0.002889634497,12.12
0.9000,0.1000,12,0.01,1,0.5000,inf,0,0.002889634497,12.12
0.9000,0.1000,12,0.01,1,0.9000,100.0,0,8.438841903e-06,12.12
0.9000,0.1000,12,0.01,1,0.9000,1000.0,0,8.438841903e-06,12.12
0.9000,0.1000,12,0.01,1,0.9000,10000.0,0,8.438841903e-06,12.12
0.9000,0.1000,12,0.01,1,0.9000,inf,0,8.438841903e-06,12.12
0.9000,0.1000,12,0.1,0.0166667,0.5000,100.0,0.9999999715,2.070710531e-20,13.2
0.9000,0.1000,12,0.1,0.0166667,0.5000,1000.0,0.2903946267,2.070710531e-20,13.2
0.9000,0.1000,12,0.1,0.0166667,0.5000,10000.0,0,2.070710531e-20,13.2
0.9000,0.1000,12,0.1,0.0166667,0.5000,inf,0,2.070710531e-20,13.2
0.9000,0.1000,12,0.1,0.0166667,0.9000,100.0,0.9999999747,2.185774258e-25,13.2
0.9000,0.1000,12,0.1,0.0166667,0.9000,1000.0,0.2916118844,2.185774258e-25,13.2
0.9000,0.1000,12,0.1,0.0166667,0.9000,10000.0,0,2.185774258e-25,13.2
0.9000,0.1000,12,0.1,0.0166667,0.9000,inf,0,2.185774258e-25,13.2
0.9000,0.1000,12,0.1,0.1,0.5000,100.0,0.8664333118,1.26765575e-11,13.2
0.9000,0.1000,12,0.1,0.1,0.5000,1000.0,0,1.26765575e-11,13.2
0.9000,0.1000,12,0.1,0.1,0.5000,10000.0,0,1.26765575e-11,13.2
0.9000,0.1000,12,0.1,0.1,0.5000,inf,0,1.26765575e-11,13.2
0.9000,0.1000,12,0.1,0.1,0.9000,100.0,0.8729961509,2.947194511e-16,13.2
0.9000,0.1000,12,0.1,0.1,0.9000,1000.0,0,2.947194511e-16,13.2
0.9000,0.1000,12,0.1,0.1,0.9000,10000.0,0,2.947194511e-16,13.2
0.9000,0.1000,12,0.1,0.1,0.9000,inf,0,2.947194511e-16,13.2
0.9000,0.1000,12,0.1,1,0.5000,100.0,0,0.001895119601,13.2
0.9000,0.1000,12,0.1,1,0.5000,1000.0,0,0.001895119601,13.2
0.9000,0.1000,12,0.1,1,0.5000,10000.0,0,0.001895119601,13.2
0.9000,0.1000,12,0.1,1,0.5000,inf,0,0.001895119601,13.2
0.9000,0.1000,12,0.1,1,0.9000,100.0,0,4.290354388e-06,13.2
0.9000,0.1000,12,0.1,1,0.9000,1000.0,0,4.290354388e-06,13.2
0.9000,0.1000,12,0.1,1,0.9000,10000.0,0,4.290354388e-06,13.2
0.9000,0.1000,12,0.1,1,0.9000,inf,0,4.290354388e-06,13.2
0.9000,0.2500,1,0.01,0.0166667,0.5000,100.0,0.2210378967,0.03836862131,1.01
0.9000,0.2500,1,0.01,0.0166667,0.5000,1000.0,3.463701709e-07,0.03836862131,1.01
0.9000,0.2500,1,0.01,0.0166667,0.5000,10000.0,0,0.03836862131,1.01
0.9000,0.2500,1,0.01,0.0166667,0.5000,inf,0,0.03836862131,1.01
0.9000,0.2500,1,0.01,0.0166667,0.9000,100.0,0.2248725861,0.02168570093,1.01
0.9000,0.2500,1,0.01,0.0166667,0.9000,1000.0,3.523791951e-07,0.02168570093,1.01
0.9000,0.2500,1,0.01,0.0166667,0.9000,10000.0,0,0.02168570093,1.01
0.9000,0.2500,1,0.01,0.0166667,0.9000,inf,0,0.02168570093,1.01
0.9000,0.2500,1,0.01,0.1,0.5000,100.0,0.0001181268997,0.1990597366,1.01
0.9000,0.2500,1,0.01,0.1,0.5000,1000.0,0,0.1990597366,1.01
0.9000,0.2500,1,0.01,0.1,0.5000,10000.0,0,0.1990597366,1.01
0.9000,0.2500,1,0.01,0.1,0.5000,inf,0,0.1990597366,1.01
0.9000,0.2500,1,0.01,0.1,0.9000,100.0,0.0001295920359,0.1213222419,1.01
0.9000,0.2500,1,0.01,0.1,0.9000,1000.0,0,0.1213222419,1.01
0.9000,0.2500,1,0.01,0.1,0.9000,10000.0,0,0.1213222419,1.01
0.9000,0.2500,1,0.01,0.1,0.9000,inf,0,0.1213222419,1.01
0.9000,0.2500,1,0.01,1,0.5000,100.0,0,0.7931357724,1.01
0.9000,0.2500,1,0.01,1,0.5000,1000.0,0,0.7931357724,1.01
0.9000,0.2500,1,0.01,1,0.5000,10000.0,0,0.7931357724,1.01
0.9000,0.2500,1,0.01,1,0.5000,inf,0,0.7931357724,1.01
0.9000,0.2500,1,0.01,1,0.9000,100.0,0,0.6805162052,1.01
0.9000,0.2500,1,0.01,1,0.9000,1000.0,0,0.6805162052,1.01
0.9000,0.2500,1,0.01,1,0.9000,10000.0,0,0.6805162052,1.01
0.9000,0.2500,1,0.01,1,0.9000,inf,0,0.6805162052,1.01
0.9000,0.2500,1,0.1,0.0166667,0.5000,100.0,0.2500840096,0.0353195567,1.1
0.9000,0.2500,1,0.1,0.0166667,0.5000,1000.0,1.169790763e-06,0.0353195567,1.1
0.9000,0.2500,1,0.1,0.0166667,0.5000,10000.0,0,0.0353195567,1.1
0.9000,0.2500,1,0.1,0.0166667,0.5000,inf,0,0.0353195567,1.1
0.9000,0.2500,1,0.1,0.0166667,0.9000,100.0,0.2540723305,0.01993490574,1.1
0.9000,0.2500,1,0.1,0.0166667,0.9000,1000.0,1.188446498e-06,0.01993490574,1.1
0.9000,0.2500,1,0.1,0.0166667,0.9000,10000.0,0,0.01993490574,1.1
0.9000,0.2500,1,0.1,0.0166667,0.9000,inf,0,0.01993490574,1.1
0.9000,0.2500,1,0.1,0.1,0.5000,100.0,0.000247311421,0.1852404189,1.1
0.9000,0.2500,1,0.1,0.1,0.5000,1000.0,0,0.1852404189,1.1
0.9000,0.2500,1,0.1,0.1,0.5000,10000.0,0,0.1852404189,1.1
0.9000,0.2500,1,0.1,0.1,0.5000,inf,0,0.1852404189,1.1
0.9000,0.2500,1,0.1,0.1,0.9000,100.0,0.0002694990266,0.1121440606,1.1
0.9000,0.2500,1,0.1,0.1,0.9000,1000.0,0,0.1121440606,1.1
0.9000,0.2500,1,0.1,0.1,0.9000,10000.0,0,0.1121440606,1.1
0.9000,0.2500,1,0.1,0.1,0.9000,inf,0,0.1121440606,1.1
0.9000,0.2500,1,0.1,1,0.5000,100.0,0,0.7715330701,1.1
0.9000,0.2500,1,0.1,1,0.5000,1000.0,0,0.7715330701,1.1
0.9000,0.2500,1,0.1,1,0.5000,10000.0,0,0.7715330701,1.1
0.9000,0.2500,1,0.1,1,0.5000,inf,0,0.7715330701,1.1
0.9000,0.2500,1,0.1,1,0.9000,100.0,0,0.6523083595,1.1
0.9000,0.2500,1,0.1,1,0.9000,1000.0,0,0.6523083595,1.1
0.9000,0.2500,1,0.1,1,0.9000,10000.0,0,0.6523083595,1.1
0.9000,0.2500,1,0.1,1,0.9000,inf,0,0.6523083595,1.1
0.9000,0.2500,3,0.01,0.0166667,0.5000,100.0,0.8063193428,3.669055818e-05,3.03
0.9000,0.2500,3,0.01,0.0166667,0.5000,1000.0,4.382027631e-05,3.669055818e-05,3.03
0.9000,0.2500,3,0.01,0.0166667,0.5000,10000.0,0,3.669055818e-05,3.03
0.9000,0.2500,3,0.01,0.0166667,0.5000,inf,0,3.669055818e-05,3.03
0.9000,0.2500,3,0.01,0.0166667,0.9000,100.0,0.8107708411,4.105773623e-06,3.03
0.9000,0.2500,3,0.01,0.0166667,0.9000,1000.0,4.448638861e-05,4.105773623e-06,3.03
0.9000,0.2500,3,0.01,0.0166667,0.9000,10000.0,0,4.105773623e-06,3.03
0.9000,0.2500,3,0.01,0.0166667,0.9000,inf,0,4.105773623e-06,3.03
0.9000,0.2500,3,0.01,0.1,0.5000,100.0,0.006002174955,0.005168469722,3.03
0.9000,0.2500,3,0.01,0.1,0.5000,1000.0,0,0.005168469722,3.03
0.9000,0.2500,3,0.01,0.1,0.5000,10000.0,0,0.005168469722,3.03
0.9000,0.2500,3,0.01,0.1,0.5000,inf,0,0.005168469722,3.03
0.9000,0.2500,3,0.01,0.1,0.9000,100.0,0.006478255736,0.0007339517927,3.03
0.9000,0.2500,3,0.01,0.1,0.9000,1000.0,0,0.0007339517927,3.03
0.9000,0.2500,3,0.01,0.1,0.9000,10000.0,0,0.0007339517927,3.03
0.9000,0.2500,3,0.01,0.1,0.9000,inf,0,0.0007339517927,3.03
0.9000,0.2500,3,0.01,1,0.5000,100.0,0,0.3586452171,3.03
0.9000,0.2500,3,0.01,1,0.5000,1000.0,0,0.3586452171,3.03
0.9000,0.2500,3,0.01,1,0.5000,10000.0,0,0.3586452171,3.03
0.9000,0.2500,3,0.01,1,0.5000,inf,0,0.3586452171,3.03
0.9000,0.2500,3,0.01,1,0.9000,100.0,0,0.1606568201,3.03
0.9000,0.2500,3,0.01,1,0.9000,1000.0,0,0.1606568201,3.03
0.9000,0.2500,3,0.01,1,0.9000,10000.0,0,0.1606568201,3.03
0.9000,0.2500,3,0.01,1,0.9000,inf,0,0.1606568201,3.03
0.9000,0.2500,3,0.1,0.0166667,0.5000,100.0,0.8367411521,2.861603687e-05,3.3
0.9000,0.2500,3,0.1,0.0166667,0.5000,1000.0,0.00012625914,2.861603687e-05,3.3
0.9000,0.2500,3,0.1,0.0166667,0.5000,10000.0,0,2.861603687e-05,3.3
0.9000,0.2500,3,0.1,0.0166667,0.5000,inf,0,2.861603687e-05,3.3
0.9000,0.2500,3,0.1,0.0166667,0.9000,100.0,0.8406448433,3.188380223e-06,3.3
0.9000,0.2500,3,0.1,0.0166667,0.9000,1000.0,0.000128002626,3.188380223e-06,3.3
0.9000,0.2500,3,0.1,0.0166667,0.9000,10000.0,0,3.188380223e-06,3.3
0.9000,0.2500,3,0.1,0.0166667,0.9000,inf,0,3.188380223e-06,3.3
0.9000,0.2500,3,0.1,0.1,0.5000,100.0,0.01080501486,0.004161476373,3.3
0.9000,0.2500,3,0.1,0.1,0.5000,1000.0,0,0.004161476373,3.3
0.9000,0.2500,3,0.1,0.1,0.5000,10000.0,0,0.004161476373,3.3
0.9000,0.2500,3,0.1,0.1,0.5000,inf,0,0.004161476373,3.3
0.9000,0.2500,3,0.1,0.1,0.9000,100.0,0.01158217648,0.0005784897285,3.3
0.9000,0.2500,3,0.1,0.1,0.9000,1000.0,0,0.0005784897285,3.3
0.9000,0.2500,3,0.1,0.1,0.9000,10000.0,0,0.0005784897285,3.3
0.9000,0.2500,3,0.1,0.1,0.9000,inf,0,0.0005784897285,3.3
0.9000,0.2500,3,0.1,1,0.5000,100.0,0,0.3274274342,3.3
0.9000,0.2500,3,0.1,1,0.5000,1000.0,0,0.3274274342,3.3
0.9000,0.2500,3,0.1,1,0.5000,10000.0,0,0.3274274342,3.3
0.9000,0.2500,3,0.1,1,0.5000,inf,0,0.3274274342,3.3
0.9000,0.2500,3,0.1,1,0.9000,100.0,0,0.1388646479,3.3
0.9000,0.2500,3,0.1,1,0.9000,1000.0,0,0.1388646479,3.3
0.9000,0.2500,3,0.1,1,0.9000,10000.0,0,0.1388646479,3.3
0.9000,0.2500,3,0.1,1,0.9000,inf,0,0.1388646479,3.3
0.9000,0.2500,6,0.01,0.0166667,0.5000,100.0,0.9953857482,1.054380724e-09,6.06
0.9000,0.2500,6,0.01,0.0166667,0.5000,1000.0,0.003042828569,1.054380724e-09,6.06
0.9000,0.2500,6,0.01,0.0166667,0.5000,10000.0,0,1.054380724e-09,6.06
0.9000,0.2500,6,0.01,0.0166667,0.5000,inf,0,1.054380724e-09,6.06
0.9000,0.2500,6,0.01,0.0166667,0.9000,100.0,0.9956491813,9.091867891e-12,6.06
0.9000,0.2500,6,0.01,0.0166667,0.9000,1000.0,0.003079478451,9.091867891e-12,6.06
0.9000,0.2500,6,0.01,0.0166667,0.9000,10000.0,0,9.091867891e-12,6.06
0.9000,0.2500,6,0.01,0.0166667,0.9000,inf,0,9.091867891e-12,6.06
0.9000,0.2500,6,0.01,0.1,0.5000,100.0,0.1125791927,2.09209517e-05,6.06
0.9000,0.2500,6,0.01,0.1,0.5000,1000.0,0,2.09209517e-05,6.06
0.9000,0.2500,6,0.01,0.1,0.5000,10000.0,0,2.09209517e-05,6.06
0.9000,0.2500,6,0.01,0.1,0.5000,inf,0,2.09209517e-05,6.06
0.9000,0.2500,6,0.01,0.1,0.9000,100.0,0.1186014769,2.903704443e-07,6.06
0.9000,0.2500,6,0.01,0.1,0.9000,1000.0,0,2.903704443e-07,6.06
0.9000,0.2500,6,0.01,0.1,0.9000,10000.0,0,2.903704443e-07,6.06
0.9000,0.2500,6,0.01,0.1,0.9000,inf,0,2.903704443e-07,6.06
0.9000,0.2500,6,0.01,1,0.5000,100.0,0,0.1005182268,6.06
0.9000,0.2500,6,0.01,1,0.5000,1000.0,0,0.1005182268,6.06
0.9000,0.2500,6,0.01,1,0.5000,10000.0,0,0.1005182268,6.06
0.9000,0.2500,6,0.01,1,0.5000,inf,0,0.1005182268,6.06
0.9000,0.2500,6,0.01,1,0.9000,100.0,0,0.01381722946,6.06
0.9000,0.2500,6,0.01,1,0.9000,1000.0,0,0.01381722946,6.06
0.9000,0.2500,6,0.01,1,0.9000,10000.0,0,0.01381722946,6.06
0.9000,0.2500,6,0.01,1,0.9000,inf,0,0.01381722946,6.06
0.9000,0.2500,6,0.1,0.0166667,0.5000,100.0,0.9969350807,6.413694047e-10,6.6
0.9000,0.2500,6,0.1,0.0166667,0.5000,1000.0,0.006952971774,6.413694047e-10,6.6
0.9000,0.2500,6,0.1,0.0166667,0.5000,10000.0,0,6.413694047e-10,6.6
0.9000,0.2500,6,0.1,0.0166667,0.5000,inf,0,6.413694047e-10,6.6
0.9000,0.2500,6,0.1,0.0166667,0.9000,100.0,0.9971139399,5.482860698e-12,6.6
0.9000,0.2500,6,0.1,0.0166667,0.9000,1000.0,0.007027228806,5.482860698e-12,6.6
0.9000,0.2500,6,0.1,0.0166667,0.9000,10000.0,0,5.482860698e-12,6.6
0.9000,0.2500,6,0.1,0.0166667,0.9000,inf,0,5.482860698e-12,6.6
0.9000,0.2500,6,0.1,0.1,0.5000,100.0,0.1642629607,1.356300103e-05,6.6
0.9000,0.2500,6,0.1,0.1,0.5000,1000.0,0,1.356300103e-05,6.6
0.9000,0.2500,6,0.1,0.1,0.5000,10000.0,0,1.356300103e-05,6.6
0.9000,0.2500,6,0.1,0.1,0.5000,inf,0,1.356300103e-05,6.6
0.9000,0.2500,6,0.1,0.1,0.9000,100.0,0.1718797407,1.803987344e-07,6.6
0.9000,0.2500,6,0.1,0.1,0.9000,1000.0,0,1.803987344e-07,6.6
0.9000,0.2500,6,0.1,0.1,0.9000,10000.0,0,1.803987344e-07,6.6
0.9000,0.2500,6,0.1,0.1,0.9000,inf,0,1.803987344e-07,6.6
0.9000,0.2500,6,0.1,1,0.5000,100.0,0,0.08380589063,6.6
0.9000,0.2500,6,0.1,1,0.5000,1000.0,0,0.08380589063,6.6
0.9000,0.2500,6,0.1,1,0.5000,10000.0,0,0.08380589063,6.6
0.9000,0.2500,6,0.1,1,0.5000,inf,0,0.08380589063,6.6
0.9000,0.2500,6,0.1,1,0.9000,100.0,0,0.01032857524,6.6
0.9000,0.2500,6,0.1,1,0.9000,1000.0,0,0.01032857524,6.6
0.9000,0.2500,6,0.1,1,0.9000,10000.0,0,0.01032857524,6.6
0.9000,0.2500,6,0.1,1,0.9000,inf,0,0.01032857524,6.6
0.9000,0.2500,12,0.01,0.0166667,0.5000,100.0,0.999999925,8.708530752e-19,12.12
0.9000,0.2500,12,0.01,0.0166667,0.5000,1000.0,0.193100242,8.708530752e-19,12.12
0.9000,0.2500,12,0.01,0.0166667,0.5000,10000.0,0,8.708530752e-19,12.12
0.9000,0.2500,12,0.01,0.0166667,0.5000,inf,0,8.708530752e-19,12.12
0.9000,0.2500,12,0.01,0.0166667,0.9000,100.0,0.9999999351,4.473366913e-23,12.12
0.9000,0.2500,12,0.01,0.0166667,0.9000,1000.0,0.1943011498,4.473366913e-23,12.12
0.9000,0.2500,12,0.01,0.0166667,0.9000,10000.0,0,4.473366913e-23,12.12
0.9000,0.2500,12,0.01,0.0166667,0.9000,inf,0,4.473366913e-23,12.12
0.9000,0.2500,12,0.01,0.1,0.5000,100.0,0.796857125,3.428568816e-10,12.12
0.9000,0.2500,12,0.01,0.1,0.5000,1000.0,0,3.428568816e-10,12.12
0.9000,0.2500,12,0.01,0.1,0.5000,10000.0,0,3.428568816e-10,12.12
0.9000,0.2500,12,0.01,0.1,0.5000,inf,0,3.428568816e-10,12.12
0.9000,0.2500,12,0.01,0.1,0.9000,100.0,0.8074072795,4.562864156e-14,12.12
0.9000,0.2500,12,0.01,0.1,0.9000,1000.0,0,4.562864156e-14,12.12
0.9000,0.2500,12,0.01,0.1,0.9000,10000.0,0,4.562864156e-14,12.12
0.9000,0.2500,12,0.01,0.1,0.9000,inf,0,4.562864156e-14,12.12
0.9000,0.2500,12,0.01,1,0.5000,100.0,0,0.007915002644,12.12
0.9000,0.2500,12,0.01,1,0.5000,1000.0,0,0.007915002644,12.12
0.9000,0.2500,12,0.01,1,0.5000,10000.0,0,0.007915002644,12.12
0.9000,0.2500,12,0.01,1,0.5000,inf,0,0.007915002644,12.12
0.9000,0.2500,12,0.01,1,0.9000,100.0,0,0.0001033675901,12.12
0.9000,0.2500,12,0.01,1,0.9000,1000.0,0,0.0001033675901,12.12
0.9000,0.2500,12,0.01,1,0.9000,10000.0,0,0.0001033675901,12.12
0.9000,0.2500,12,0.01,1,0.9000,inf,0,0.0001033675901,12.12
0.9000,0.2500,12,0.1,0.0166667,0.5000,100.0,0.9999999698,3.22230357e-19,13.2
0.9000,0.2500,12,0.1,0.0166667,0.5000,1000.0,0.2898489519,3.22230357e-19,13.2
0.9000,0.2500,12,0.1,0.0166667,0.5000,10000.0,0,3.22230357e-19,13.2
0.9000,0.2500,12,0.1,0.0166667,0.5000,inf,0,3.22230357e-19,13.2
0.9000,0.2500,12,0.1,0.0166667,0.9000,100.0,0.999999974,1.62683179e-23,13.2
0.9000,0.2500,12,0.1,0.0166667,0.9000,1000.0,0.29130697,1.62683179e-23,13.2
0.9000,0.2500,12,0.1,0.0166667,0.9000,10000.0,0,1.62683179e-23,13.2
0.9000,0.2500,12,0.1,0.0166667,0.9000,inf,0,1.62683179e-23,13.2
0.9000,0.2500,12,0.1,0.1,0.5000,100.0,0.8633742412,1.440992046e-10,13.2
0.9000,0.2500,12,0.1,0.1,0.5000,1000.0,0,1.440992046e-10,13.2
0.9000,0.2500,12,0.1,0.1,0.5000,10000.0,0,1.440992046e-10,13.2
0.9000,0.2500,12,0.1,0.1,0.5000,inf,0,1.440992046e-10,13.2
0.9000,0.2500,12,0.1,0.1,0.9000,100.0,0.8713865702,1.761161554e-14,13.2
0.9000,0.2500,12,0.1,0.1,0.9000,1000.0,0,1.761161554e-14,13.2
0.9000,0.2500,12,0.1,0.1,0.9000,10000.0,0,1.761161554e-14,13.2
0.9000,0.2500,12,0.1,0.1,0.9000,inf,0,1.761161554e-14,13.2
0.9000,0.2500,12,0.1,1,0.5000,100.0,0,0.005501831263,13.2
0.9000,0.2500,12,0.1,1,0.5000,1000.0,0,0.005501831263,13.2
0.9000,0.2500,12,0.1,1,0.5000,10000.0,0,0.005501831263,13.2
0.9000,0.2500,12,0.1,1,0.5000,inf,0,0.005501831263,13.2
0.9000,0.2500,12,0.1,1,0.9000,100.0,0,5.775477957e-05,13.2
0.9000,0.2500,12,0.1,1,0.9000,1000.0,0,5.775477957e-05,13.2
0.9000,0.2500,12,0.1,1,0.9000,10000.0,0,5.775477957e-05,13.2
0.9000,0.2500,12,0.1,1,0.9000,inf,0,5.775477957e-05,13.2
0.9000,0.4000,1,0.01,0.0166667,0.5000,100.0,0.2189378113,0.04750510033,1.01
0.9000,0.4000,1,0.01,0.0166667,0.5000,1000.0,3.430793009e-07,0.04750510033,1.01
0.9000,0.4000,1,0.01,0.0166667,0.5000,10000.0,0,0.04750510033,1.01
0.9000,0.4000,1,0.01,0.0166667,0.5000,inf,0,0.04750510033,1.01
0.9000,0.4000,1,0.01,0.0166667,0.9000,100.0,0.22366003,0.02696095933,1.01
0.9000,0.4000,1,0.01,0.0166667,0.9000,1000.0,3.504790988e-07,0.02696095933,1.01
0.9000,0.4000,1,0.01,0.0166667,0.9000,10000.0,0,0.02696095933,1.01
0.9000,0.4000,1,0.01,0.0166667,0.9000,inf,0,0.02696095933,1.01
0.9000,0.4000,1,0.01,0.1,0.5000,100.0,0.0001125270009,0.2370289411,1.01
0.9000,0.4000,1,0.01,0.1,0.5000,1000.0,0,0.2370289411,1.01
0.9000,0.4000,1,0.01,0.1,0.5000,10000.0,0,0.2370289411,1.01
0.9000,0.4000,1,0.01,0.1,0.5000,inf,0,0.2370289411,1.01
0.9000,0.4000,1,0.01,0.1,0.9000,100.0,0.0001257771446,0.1471884929,1.01
0.9000,0.4000,1,0.01,0.1,0.9000,1000.0,0,0.1471884929,1.01
0.9000,0.4000,1,0.01,0.1,0.9000,10000.0,0,0.1471884929,1.01
0.9000,0.4000,1,0.01,0.1,0.9000,inf,0,0.1471884929,1.01
0.9000,0.4000,1,0.01,1,0.5000,100.0,0,0.8273662693,1.01
0.9000,0.4000,1,0.01,1,0.5000,1000.0,0,0.8273662693,1.01
0.9000,0.4000,1,0.01,1,0.5000,10000.0,0,0.8273662693,1.01
0.9000,0.4000,1,0.01,1,0.5000,inf,0,0.8273662693,1.01
0.9000,0.4000,1,0.01,1,0.9000,100.0,0,0.7269670431,1.01
0.9000,0.4000,1,0.01,1,0.9000,1000.0,0,0.7269670431,1.01
0.9000,0.4000,1,0.01,1,0.9000,10000.0,0,0.7269670431,1.01
0.9000,0.4000,1,0.01,1,0.9000,inf,0,0.7269670431,1.01
0.9000,0.4000,1,0.1,0.0166667,0.5000,100.0,0.2478951231,0.04376302323,1.1
0.9000,0.4000,1,0.1,0.0166667,0.5000,1000.0,1.159552047e-06,0.04376302323,1.1
0.9000,0.4000,1,0.1,0.0166667,0.5000,10000.0,0,0.04376302323,1.1
0.9000,0.4000,1,0.1,0.0166667,0.5000,inf,0,0.04376302323,1.1
0.9000,0.4000,1,0.1,0.0166667,0.9000,100.0,0.2528123827,0.02479506037,1.1
0.9000,0.4000,1,0.1,0.0166667,0.9000,1000.0,1.182552977e-06,0.02479506037,1.1
0.9000,0.4000,1,0.1,0.0166667,0.9000,10000.0,0,0.02479506037,1.1
0.9000,0.4000,1,0.1,0.0166667,0.9000,inf,0,0.02479506037,1.1
0.9000,0.4000,1,0.1,0.1,0.5000,100.0,0.0002363653183,0.2213020046,1.1
0.9000,0.4000,1,0.1,0.1,0.5000,1000.0,0,0.2213020046,1.1
0.9000,0.4000,1,0.1,0.1,0.5000,10000.0,0,0.2213020046,1.1
0.9000,0.4000,1,0.1,0.1,0.5000,inf,0,0.2213020046,1.1
0.9000,0.4000,1,0.1,0.1,0.9000,100.0,0.000262149402,0.1363571642,1.1
0.9000,0.4000,1,0.1,0.1,0.9000,1000.0,0,0.1363571642,1.1
0.9000,0.4000,1,0.1,0.1,0.9000,10000.0,0,0.1363571642,1.1
0.9000,0.4000,1,0.1,0.1,0.9000,inf,0,0.1363571642,1.1
0.9000,0.4000,1,0.1,1,0.5000,100.0,0,0.8084750318,1.1
0.9000,0.4000,1,0.1,1,0.5000,1000.0,0,0.8084750318,1.1
0.9000,0.4000,1,0.1,1,0.5000,10000.0,0,0.8084750318,1.1
0.9000,0.4000,1,0.1,1,0.5000,inf,0,0.8084750318,1.1
0.9000,0.4000,1,0.1,1,0.9000,100.0,0,0.7010588176,1.1
0.9000,0.4000,1,0.1,1,0.9000,1000.0,0,0.7010588176,1.1
0.9000,0.4000,1,0.1,1,0.9000,10000.0,0,0.7010588176,1.1
0.9000,0.4000,1,0.1,1,0.9000,inf,0,0.7010588176,1.1
0.9000,0.4000,3,0.01,0.0166667,0.5000,100.0,0.8037960346,7.675414007e-05,3.03
0.9000,0.4000,3,0.01,0.0166667,0.5000,1000.0,4.345419878e-05,7.675414007e-05,3.03
0.9000,0.4000,3,0.01,0.0166667,0.5000,10000.0,0,7.675414007e-05,3.03
0.9000,0.4000,3,0.01,0.0166667,0.5000,inf,0,7.675414007e-05,3.03
0.9000,0.4000,3,0.01,0.0166667,0.9000,100.0,0.8093847491,9.996131524e-06,3.03
0.9000,0.4000,3,0.01,0.0166667,0.9000,1000.0,4.427608473e-05,9.996131524e-06,3.03
0.9000,0.4000,3,0.01,0.0166667,0.9000,10000.0,0,9.996131524e-06,3.03
0.9000,0.4000,3,0.01,0.0166667,0.9000,inf,0,9.996131524e-06,3.03
0.9000,0.4000,3,0.01,0.1,0.5000,100.0,0.005763335286,0.009597525394,3.03
0.9000,0.4000,3,0.01,0.1,0.5000,1000.0,0,0.009597525394,3.03
0.9000,0.4000,3,0.01,0.1,0.5000,10000.0,0,0.009597525394,3.03
0.9000,0.4000,3,0.01,0.1,0.5000,inf,0,0.009597525394,3.03
0.9000,0.4000,3,0.01,0.1,0.9000,100.0,0.006321752499,0.001650017821,3.03
0.9000,0.4000,3,0.01,0.1,0.9000,1000.0,0,0.001650017821,3.03
0.9000,0.4000,3,0.01,0.1,0.9000,10000.0,0,0.001650017821,3.03
0.9000,0.4000,3,0.01,0.1,0.9000,inf,0,0.001650017821,3.03
0.9000,0.4000,3,0.01,1,0.5000,100.0,0,0.4379628267,3.03
0.9000,0.4000,3,0.01,1,0.5000,1000.0,0,0.4379628267,3.03
0.9000,0.4000,3,0.01,1,0.5000,10000.0,0,0.4379628267,3.03
0.9000,0.4000,3,0.01,1,0.5000,inf,0,0.4379628267,3.03
0.9000,0.4000,3,0.01,1,0.9000,100.0,0,0.2313203684,3.03
0.9000,0.4000,3,0.01,1,0.9000,1000.0,0,0.2313203684,3.03
0.9000,0.4000,3,0.01,1,0.9000,10000.0,0,0.2313203684,3.03
0.9000,0.4000,3,0.01,1,0.9000,inf,0,0.2313203684,3.03
0.9000,0.4000,3,0.1,0.0166667,0.5000,100.0,0.834523301,6.000065521e-05,3.3
0.9000,0.4000,3,0.1,0.0166667,0.5000,1000.0,0.0001252989055,6.000065521e-05,3.3
0.9000,0.4000,3,0.1,0.0166667,0.5000,10000.0,0,6.000065521e-05,3.3
0.9000,0.4000,3,0.1,0.0166667,0.5000,inf,0,6.000065521e-05,3.3
0.9000,0.4000,3,0.1,0.0166667,0.9000,100.0,0.8394305484,7.773546932e-06,3.3
0.9000,0.4000,3,0.1,0.0166667,0.9000,1000.0,0.0001274526974,7.773546932e-06,3.3
0.9000,0.4000,3,0.1,0.0166667,0.9000,10000.0,0,7.773546932e-06,3.3
0.9000,0.4000,3,0.1,0.0166667,0.9000,inf,0,7.773546932e-06,3.3
0.9000,0.4000,3,0.1,0.1,0.5000,100.0,0.01041095816,0.00780601016,3.3
0.9000,0.4000,3,0.1,0.1,0.5000,1000.0,0,0.00780601016,3.3
0.9000,0.4000,3,0.1,0.1,0.5000,10000.0,0,0.00780601016,3.3
0.9000,0.4000,3,0.1,0.1,0.5000,inf,0,0.00780601016,3.3
0.9000,0.4000,3,0.1,0.1,0.9000,100.0,0.01132791137,0.001310052591,3.3
0.9000,0.4000,3,0.1,0.1,0.9000,1000.0,0,0.001310052591,3.3
0.9000,0.4000,3,0.1,0.1,0.9000,10000.0,0,0.001310052591,3.3
0.9000,0.4000,3,0.1,0.1,0.9000,inf,0,0.001310052591,3.3
0.9000,0.4000,3,0.1,1,0.5000,100.0,0,0.4060885511,3.3
0.9000,0.4000,3,0.1,1,0.5000,1000.0,0,0.4060885511,3.3
0.9000,0.4000,3,0.1,1,0.5000,10000.0,0,0.4060885511,3.3
0.9000,0.4000,3,0.1,1,0.5000,inf,0,0.4060885511,3.3
0.9000,0.4000,3,0.1,1,0.9000,100.0,0,0.204708135,3.3
0.9000,0.4000,3,0.1,1,0.9000,1000.0,0,0.204708135,3.3
0.9000,0.4000,3,0.1,1,0.9000,10000.0,0,0.204708135,3.3
0.9000,0.4000,3,0.1,1,0.9000,inf,0,0.204708135,3.3
0.9000,0.4000,6,0.01,0.0166667,0.5000,100.0,0.9952277738,4.902658506e-09,6.06
0.9000,0.4000,6,0.01,0.0166667,0.5000,1000.0,0.003022579855,4.902658506e-09,6.06
0.9000,0.4000,6,0.01,0.0166667,0.5000,10000.0,0,4.902658506e-09,6.06
0.9000,0.4000,6,0.01,0.0166667,0.5000,inf,0,4.902658506e-09,6.06
0.9000,0.4000,6,0.01,0.0166667,0.9000,100.0,0.9955691863,6.603680277e-11,6.06
0.9000,0.4000,6,0.01,0.0166667,0.9000,1000.0,0.003067934459,6.603680277e-11,6.06
0.9000,0.4000,6,0.01,0.0166667,0.9000,10000.0,0,6.603680277e-11,6.06
0.9000,0.4000,6,0.01,0.0166667,0.9000,inf,0,6.603680277e-11,6.06
0.9000,0.4000,6,0.01,0.1,0.5000,100.0,0.1094242602,7.665339804e-05,6.06
0.9000,0.4000,6,0.01,0.1,0.5000,1000.0,0,7.665339804e-05,6.06
0.9000,0.4000,6,0.01,0.1,0.5000,10000.0,0,7.665339804e-05,6.06
0.9000,0.4000,6,0.01,0.1,0.5000,inf,0,7.665339804e-05,6.06
0.9000,0.4000,6,0.01,0.1,0.9000,100.0,0.1166601111,1.798819737e-06,6.06
0.9000,0.4000,6,0.01,0.1,0.9000,1000.0,0,1.798819737e-06,6.06
0.9000,0.4000,6,0.01,0.1,0.9000,10000.0,0,1.798819737e-06,6.06
0.9000,0.4000,6,0.01,0.1,0.9000,inf,0,1.798819737e-06,6.06
0.9000,0.4000,6,0.01,1,0.5000,100.0,0,0.1593969686,6.06
0.9000,0.4000,6,0.01,1,0.5000,1000.0,0,0.1593969686,6.06
0.9000,0.4000,6,0.01,1,0.5000,10000.0,0,0.1593969686,6.06
0.9000,0.4000,6,0.01,1,0.5000,inf,0,0.1593969686,6.06
0.9000,0.4000,6,0.01,1,0.9000,100.0,0,0.03518807365,6.06
0.9000,0.4000,6,0.01,1,0.9000,1000.0,0,0.03518807365,6.06
0.9000,0.4000,6,0.01,1,0.9000,10000.0,0,0.03518807365,6.06
0.9000,0.4000,6,0.01,1,0.9000,inf,0,0.03518807365,6.06
0.9000,0.4000,6,0.1,0.0166667,0.5000,100.0,0.9968275496,2.995988998e-09,6.6
0.9000,0.4000,6,0.1,0.0166667,0.5000,1000.0,0.00691185623,2.995988998e-09,6.6
0.9000,0.4000,6,0.1,0.0166667,0.5000,10000.0,0,2.995988998e-09,6.6
0.9000,0.4000,6,0.1,0.0166667,0.5000,inf,0,2.995988998e-09,6.6
0.9000,0.4000,6,0.1,0.0166667,0.9000,100.0,0.9970596874,3.993578833e-11,6.6
0.9000,0.4000,6,0.1,0.0166667,0.9000,1000.0,0.00700386171,3.993578833e-11,6.6
0.9000,0.4000,6,0.1,0.0166667,0.9000,10000.0,0,3.993578833e-11,6.6
0.9000,0.4000,6,0.1,0.0166667,0.9000,inf,0,3.993578833e-11,6.6
0.9000,0.4000,6,0.1,0.1,0.5000,100.0,0.16022575,5.070757249e-05,6.6
0.9000,0.4000,6,0.1,0.1,0.5000,1000.0,0,5.070757249e-05,6.6
0.9000,0.4000,6,0.1,0.1,0.5000,10000.0,0,5.070757249e-05,6.6
0.9000,0.4000,6,0.1,0.1,0.5000,inf,0,5.070757249e-05,6.6
0.9000,0.4000,6,0.1,0.1,0.9000,100.0,0.1694371458,1.133964626e-06,6.6
0.9000,0.4000,6,0.1,0.1,0.9000,1000.0,0,1.133964626e-06,6.6
0.9000,0.4000,6,0.1,0.1,0.9000,10000.0,0,1.133964626e-06,6.6
0.9000,0.4000,6,0.1,0.1,0.9000,inf,0,1.133964626e-06,6.6
0.9000,0.4000,6,0.1,1,0.5000,100.0,0,0.1370686956,6.6
0.9000,0.4000,6,0.1,1,0.5000,1000.0,0,0.1370686956,6.6
0.9000,0.4000,6,0.1,1,0.5000,10000.0,0,0.1370686956,6.6
0.9000,0.4000,6,0.1,1,0.5000,inf,0,0.1370686956,6.6
0.9000,0.4000,6,0.1,1,0.9000,100.0,0,0.02757161831,6.6
0.9000,0.4000,6,0.1,1,0.9000,1000.0,0,0.02757161831,6.6
0.9000,0.4000,6,0.1,1,0.9000,10000.0,0,0.02757161831,6.6
0.9000,0.4000,6,0.1,1,0.9000,inf,0,0.02757161831,6.6
0.9000,0.4000,12,0.01,0.0166667,0.5000,100.0,0.9999999181,2.000380792e-17,12.12
0.9000,0.4000,12,0.01,0.0166667,0.5000,1000.0,0.1924295699,2.000380792e-17,12.12
0.9000,0.4000,12,0.01,0.0166667,0.5000,10000.0,0,2.000380792e-17,12.12
0.9000,0.4000,12,0.01,0.0166667,0.5000,inf,0,2.000380792e-17,12.12
0.9000,0.4000,12,0.01,0.0166667,0.9000,100.0,0.9999999322,2.884658029e-21,12.12
0.9000,0.4000,12,0.01,0.0166667,0.9000,1000.0,0.1939246814,2.884658029e-21,12.12
0.9000,0.4000,12,0.01,0.0166667,0.9000,10000.0,0,2.884658029e-21,12.12
0.9000,0.4000,12,0.01,0.0166667,0.9000,inf,0,2.884658029e-21,12.12
0.9000,0.4000,12,0.01,0.1,0.5000,100.0,0.7907489638,4.890037802e-09,12.12
0.9000,0.4000,12,0.01,0.1,0.5000,1000.0,0,4.890037802e-09,12.12
0.9000,0.4000,12,0.01,0.1,0.5000,10000.0,0,4.890037802e-09,12.12
0.9000,0.4000,12,0.01,0.1,0.5000,inf,0,4.890037802e-09,12.12
0.9000,0.4000,12,0.01,0.1,0.9000,100.0,0.8041560376,2.14041528e-12,12.12
0.9000,0.4000,12,0.01,0.1,0.9000,1000.0,0,2.14041528e-12,12.12
0.9000,0.4000,12,0.01,0.1,0.9000,10000.0,0,2.14041528e-12,12.12
0.9000,0.4000,12,0.01,0.1,0.9000,inf,0,2.14041528e-12,12.12
0.9000,0.4000,12,0.01,1,0.5000,100.0,0,0.02114533664,12.12
0.9000,0.4000,12,0.01,1,0.5000,1000.0,0,0.02114533664,12.12
0.9000,0.4000,12,0.01,1,0.5000,10000.0,0,0.02114533664,12.12
0.9000,0.4000,12,0.01,1,0.5000,inf,0,0.02114533664,12.12
0.9000,0.4000,12,0.01,1,0.9000,100.0,0,0.000819168834,12.12
0.9000,0.4000,12,0.01,1,0.9000,1000.0,0,0.000819168834,12.12
0.9000,0.4000,12,0.01,1,0.9000,10000.0,0,0.000819168834,12.12
0.9000,0.4000,12,0.01,1,0.9000,inf,0,0.000819168834,12.12
0.9000,0.4000,12,0.1,0.0166667,0.5000,100.0,0.999999967,7.470158505e-18,13.2
0.9000,0.4000,12,0.1,0.0166667,0.5000,1000.0,0.28903288,7.470158505e-18,13.2
0.9000,0.4000,12,0.1,0.0166667,0.5000,10000.0,0,7.470158505e-18,13.2
0.9000,0.4000,12,0.1,0.0166667,0.5000,inf,0,7.470158505e-18,13.2
0.9000,0.4000,12,0.1,0.0166667,0.9000,100.0,0.9999999728,1.054986195e-21,13.2
0.9000,0.4000,12,0.1,0.0166667,0.9000,1000.0,0.290850348,1.054986195e-21,13.2
0.9000,0.4000,12,0.1,0.0166667,0.9000,10000.0,0,1.054986195e-21,13.2
0.9000,0.4000,12,0.1,0.0166667,0.9000,inf,0,1.054986195e-21,13.2
0.9000,0.4000,12,0.1,0.1,0.5000,100.0,0.8586684182,2.139907655e-09,13.2
0.9000,0.4000,12,0.1,0.1,0.5000,1000.0,0,2.139907655e-09,13.2
0.9000,0.4000,12,0.1,0.1,0.5000,10000.0,0,2.139907655e-09,13.2
0.9000,0.4000,12,0.1,0.1,0.5000,inf,0,2.139907655e-09,13.2
0.9000,0.4000,12,0.1,0.1,0.9000,100.0,0.8689330205,8.505928133e-13,13.2
0.9000,0.4000,12,0.1,0.1,0.9000,1000.0,0,8.505928133e-13,13.2
0.9000,0.4000,12,0.1,0.1,0.9000,10000.0,0,8.505928133e-13,13.2
0.9000,0.4000,12,0.1,0.1,0.9000,inf,0,8.505928133e-13,13.2
0.9000,0.4000,12,0.1,1,0.5000,100.0,0,0.01563613652,13.2
0.9000,0.4000,12,0.1,1,0.5000,1000.0,0,0.01563613652,13.2
0.9000,0.4000,12,0.1,1,0.5000,10000.0,0,0.01563613652,13.2
0.9000,0.4000,12,0.1,1,0.5000,inf,0,0.01563613652,13.2
0.9000,0.4000,12,0.1,1,0.9000,100.0,0,0.0005029139254,13.2
0.9000,0.4000,12,0.1,1,0.9000,1000.0,0,0.0005029139254,13.2
0.9000,0.4000,12,0.1,1,0.9000,10000.0,0,0.0005029139254,13.2
0.9000,0.4000,12,0.1,1,0.9000,inf,0,0.0005029139254,13.2
0.9000,0.4500,1,0.01,0.0166667,0.5000,100.0,0.2179963622,0.05160089983,1.01
0.9000,0.4500,1,0.01,0.0166667,0.5000,1000.0,3.416040341e-07,0.05160089983,1.01
0.9000,0.4500,1,0.01,0.0166667,0.5000,10000.0,0,0.05160089983,1.01
0.9000,0.4500,1,0.01,0.0166667,0.5000,inf,0,0.05160089983,1.01
0.9000,0.4500,1,0.01,0.0166667,0.9000,100.0,0.2231131804,0.0293400433,1.01
0.9000,0.4500,1,0.01,0.0166667,0.9000,1000.0,3.496221761e-07,0.0293400433,1.01
0.9000,0.4500,1,0.01,0.0166667,0.9000,10000.0,0,0.0293400433,1.01
0.9000,0.4500,1,0.01,0.0166667,0.9000,inf,0,0.0293400433,1.01
0.9000,0.4500,1,0.01,0.1,0.5000,100.0,0.0001101534059,0.2531227167,1.01
0.9000,0.4500,1,0.01,0.1,0.5000,1000.0,0,0.2531227167,1.01
0.9000,0.4500,1,0.01,0.1,0.5000,10000.0,0,0.2531227167,1.01
0.9000,0.4500,1,0.01,0.1,0.5000,inf,0,0.2531227167,1.01
0.9000,0.4500,1,0.01,0.1,0.9000,100.0,0.0001241163717,0.1584490938,1.01
0.9000,0.4500,1,0.01,0.1,0.9000,1000.0,0,0.1584490938,1.01
0.9000,0.4500,1,0.01,0.1,0.9000,10000.0,0,0.1584490938,1.01
0.9000,0.4500,1,0.01,0.1,0.9000,inf,0,0.1584490938,1.01
0.9000,0.4500,1,0.01,1,0.5000,100.0,0,0.8394426118,1.01
0.9000,0.4500,1,0.01,1,0.5000,1000.0,0,0.8394426118,1.01
0.9000,0.4500,1,0.01,1,0.5000,10000.0,0,0.8394426118,1.01
0.9000,0.4500,1,0.01,1,0.5000,inf,0,0.8394426118,1.01
0.9000,0.4500,1,0.01,1,0.9000,100.0,0,0.7438926438,1.01
0.9000,0.4500,1,0.01,1,0.9000,1000.0,0,0.7438926438,1.01
0.9000,0.4500,1,0.01,1,0.9000,10000.0,0,0.7438926438,1.01
0.9000,0.4500,1,0.01,1,0.9000,inf,0,0.7438926438,1.01
0.9000,0.4500,1,0.1,0.0166667,0.5000,100.0,0.2469127913,0.04755229514,1.1
0.9000,0.4500,1,0.1,0.0166667,0.5000,1000.0,1.1549571e-06,0.04755229514,1.1
0.9000,0.4500,1,0.1,0.0166667,0.5000,10000.0,0,0.04755229514,1.1
0.9000,0.4500,1,0.1,0.0166667,0.5000,inf,0,0.04755229514,1.1
0.9000,0.4500,1,0.1,0.0166667,0.9000,100.0,0.2522438009,0.02698832249,1.1
0.9000,0.4500,1,0.1,0.0166667,0.9000,1000.0,1.179893384e-06,0.02698832249,1.1
0.9000,0.4500,1,0.1,0.0166667,0.9000,10000.0,0,0.02698832249,1.1
0.9000,0.4500,1,0.1,0.0166667,0.9000,inf,0,0.02698832249,1.1
0.9000,0.4500,1,0.1,0.1,0.5000,100.0,0.0002317038166,0.2366591732,1.1
0.9000,0.4500,1,0.1,0.1,0.5000,1000.0,0,0.2366591732,1.1
0.9000,0.4500,1,0.1,0.1,0.5000,10000.0,0,0.2366591732,1.1
0.9000,0.4500,1,0.1,0.1,0.5000,inf,0,0.2366591732,1.1
0.9000,0.4500,1,0.1,0.1,0.9000,100.0,0.0002589395598,0.1469318868,1.1
0.9000,0.4500,1,0.1,0.1,0.9000,1000.0,0,0.1469318868,1.1
0.9000,0.4500,1,0.1,0.1,0.9000,10000.0,0,0.1469318868,1.1
0.9000,0.4500,1,0.1,0.1,0.9000,inf,0,0.1469318868,1.1
0.9000,0.4500,1,0.1,1,0.5000,100.0,0,0.821587915,1.1
0.9000,0.4500,1,0.1,1,0.5000,1000.0,0,0.821587915,1.1
0.9000,0.4500,1,0.1,1,0.5000,10000.0,0,0.821587915,1.1
0.9000,0.4500,1,0.1,1,0.5000,inf,0,0.821587915,1.1
0.9000,0.4500,1,0.1,1,0.9000,100.0,0,0.7189696199,1.1
0.9000,0.4500,1,0.1,1,0.9000,1000.0,0,0.7189696199,1.1
0.9000,0.4500,1,0.1,1,0.9000,10000.0,0,0.7189696199,1.1
0.9000,0.4500,1,0.1,1,0.9000,inf,0,0.7189696199,1.1
0.9000,0.4500,3,0.01,0.0166667,0.5000,100.0,0.8026448546,0.0001014643969,3.03
0.9000,0.4500,3,0.01,0.0166667,0.5000,1000.0,4.328979537e-05,0.0001014643969,3.03
0.9000,0.4500,3,0.01,0.0166667,0.5000,10000.0,0,0.0001014643969,3.03
0.9000,0.4500,3,0.01,0.0166667,0.5000,inf,0,0.0001014643969,3.03
0.9000,0.4500,3,0.01,0.0166667,0.9000,100.0,0.8087531681,1.382120334e-05,3.03
0.9000,0.4500,3,0.01,0.0166667,0.9000,1000.0,4.418114151e-05,1.382120334e-05,3.03
0.9000,0.4500,3,0.01,0.0166667,0.9000,10000.0,0,1.382120334e-05,3.03
0.9000,0.4500,3,0.01,0.0166667,0.9000,inf,0,1.382120334e-05,3.03
0.9000,0.4500,3,0.01,0.1,0.5000,100.0,0.005660831959,0.01204832577,3.03
0.9000,0.4500,3,0.01,0.1,0.5000,1000.0,0,0.01204832577,3.03
0.9000,0.4500,3,0.01,0.1,0.5000,10000.0,0,0.01204832577,3.03
0.9000,0.4500,3,0.01,0.1,0.5000,inf,0,0.01204832577,3.03
0.9000,0.4500,3,0.01,0.1,0.9000,100.0,0.006253028942,0.002204596549,3.03
0.9000,0.4500,3,0.01,0.1,0.9000,1000.0,0,0.002204596549,3.03
0.9000,0.4500,3,0.01,0.1,0.9000,10000.0,0,0.002204596549,3.03
0.9000,0.4500,3,0.01,0.1,0.9000,inf,0,0.002204596549,3.03
0.9000,0.4500,3,0.01,1,0.5000,100.0,0,0.4682777693,3.03
0.9000,0.4500,3,0.01,1,0.5000,1000.0,0,0.4682777693,3.03
0.9000,0.4500,3,0.01,1,0.5000,10000.0,0,0.4682777693,3.03
0.9000,0.4500,3,0.01,1,0.5000,inf,0,0.4682777693,3.03
0.9000,0.4500,3,0.01,1,0.9000,100.0,0,0.260786362,3.03
0.9000,0.4500,3,0.01,1,0.9000,1000.0,0,0.260786362,3.03
0.9000,0.4500,3,0.01,1,0.9000,10000.0,0,0.260786362,3.03
0.9000,0.4500,3,0.01,1,0.9000,inf,0,0.260786362,3.03
0.9000,0.4500,3,0.1,0.0166667,0.5000,100.0,0.8335102596,7.939878985e-05,3.3
0.9000,0.4500,3,0.1,0.0166667,0.5000,1000.0,0.0001248671926,7.939878985e-05,3.3
0.9000,0.4500,3,0.1,0.0166667,0.5000,10000.0,0,7.939878985e-05,3.3
0.9000,0.4500,3,0.1,0.0166667,0.5000,inf,0,7.939878985e-05,3.3
0.9000,0.4500,3,0.1,0.0166667,0.9000,100.0,0.838876881,1.075477354e-05,3.3
0.9000,0.4500,3,0.1,0.0166667,0.9000,1000.0,0.0001272042705,1.075477354e-05,3.3
0.9000,0.4500,3,0.1,0.0166667,0.9000,10000.0,0,1.075477354e-05,3.3
0.9000,0.4500,3,0.1,0.0166667,0.9000,inf,0,1.075477354e-05,3.3
0.9000,0.4500,3,0.1,0.1,0.5000,100.0,0.01024097673,0.009841221675,3.3
0.9000,0.4500,3,0.1,0.1,0.5000,1000.0,0,0.009841221675,3.3
0.9000,0.4500,3,0.1,0.1,0.5000,10000.0,0,0.009841221675,3.3
0.9000,0.4500,3,0.1,0.1,0.5000,inf,0,0.009841221675,3.3
0.9000,0.4500,3,0.1,0.1,0.9000,100.0,0.01121588447,0.001755774709,3.3
0.9000,0.4500,3,0.1,0.1,0.9000,1000.0,0,0.001755774709,3.3
0.9000,0.4500,3,0.1,0.1,0.9000,10000.0,0,0.001755774709,3.3
0.9000,0.4500,3,0.1,0.1,0.9000,inf,0,0.001755774709,3.3
0.9000,0.4500,3,0.1,1,0.5000,100.0,0,0.4365503898,3.3
0.9000,0.4500,3,0.1,1,0.5000,1000.0,0,0.4365503898,3.3
0.9000,0.4500,3,0.1,1,0.5000,10000.0,0,0.4365503898,3.3
0.9000,0.4500,3,0.1,1,0.5000,inf,0,0.4365503898,3.3
0.9000,0.4500,3,0.1,1,0.9000,100.0,0,0.2326770425,3.3
0.9000,0.4500,3,0.1,1,0.9000,1000.0,0,0.2326770425,3.3
0.9000,0.4500,3,0.1,1,0.9000,10000.0,0,0.2326770425,3.3
0.9000,0.4500,3,0.1,1,0.9000,inf,0,0.2326770425,3.3
0.9000,0.4500,6,0.01,0.0166667,0.5000,100.0,0.9951535431,8.727949142e-09,6.06
0.9000,0.4500,6,0.01,0.0166667,0.5000,1000.0,0.003013461492,8.727949142e-09,6.06
0.9000,0.4500,6,0.01,0.0166667,0.5000,10000.0,0,8.727949142e-09,6.06
0.9000,0.4500,6,0.01,0.0166667,0.5000,inf,0,8.727949142e-09,6.06
0.9000,0.4500,6,0.01,0.0166667,0.9000,100.0,0.995532134,1.330681703e-10,6.06
0.9000,0.4500,6,0.01,0.0166667,0.9000,1000.0,0.003062714672,1.330681703e-10,6.06
0.9000,0.4500,6,0.01,0.0166667,0.9000,10000.0,0,1.330681703e-10,6.06
0.9000,0.4500,6,0.01,0.0166667,0.9000,inf,0,1.330681703e-10,6.06
0.9000,0.4500,6,0.01,0.1,0.5000,100.0,0.1080420399,0.0001230627798,6.06
0.9000,0.4500,6,0.01,0.1,0.5000,1000.0,0,0.0001230627798,6.06
0.9000,0.4500,6,0.01,0.1,0.5000,10000.0,0,0.0001230627798,6.06
0.9000,0.4500,6,0.01,0.1,0.5000,inf,0,0.0001230627798,6.06
0.9000,0.4500,6,0.01,0.1,0.9000,100.0,0.115795862,3.385001786e-06,6.06
0.9000,0.4500,6,0.01,0.1,0.9000,1000.0,0,3.385001786e-06,6.06
0.9000,0.4500,6,0.01,0.1,0.9000,10000.0,0,3.385001786e-06,6.06
0.9000,0.4500,6,0.01,0.1,0.9000,inf,0,3.385001786e-06,6.06
0.9000,0.4500,6,0.01,1,0.5000,100.0,0,0.1856795083,6.06
0.9000,0.4500,6,0.01,1,0.5000,1000.0,0,0.1856795083,6.06
0.9000,0.4500,6,0.01,1,0.5000,10000.0,0,0.1856795083,6.06
0.9000,0.4500,6,0.01,1,0.5000,inf,0,0.1856795083,6.06
0.9000,0.4500,6,0.01,1,0.9000,100.0,0,0.04718169794,6.06
0.9000,0.4500,6,0.01,1,0.9000,1000.0,0,0.04718169794,6.06
0.9000,0.4500,6,0.01,1,0.9000,10000.0,0,0.04718169794,6.06
0.9000,0.4500,6,0.01,1,0.9000,inf,0,0.04718169794,6.06
0.9000,0.4500,6,0.1,0.0166667,0.5000,100.0,0.9967769514,5.344570001e-09,6.6
0.9000,0.4500,6,0.1,0.0166667,0.5000,1000.0,0.006893320364,5.344570001e-09,6.6
0.9000,0.4500,6,0.1,0.0166667,0.5000,10000.0,0,5.344570001e-09,6.6
0.9000,0.4500,6,0.1,0.0166667,0.5000,inf,0,5.344570001e-09,6.6
0.9000,0.4500,6,0.1,0.0166667,0.9000,100.0,0.9970345407,8.057238827e-11,6.6
0.9000,0.4500,6,0.1,0.0166667,0.9000,1000.0,0.006993289171,8.057238827e-11,6.6
0.9000,0.4500,6,0.1,0.0166667,0.9000,10000.0,0,8.057238827e-11,6.6
0.9000,0.4500,6,0.1,0.0166667,0.9000,inf,0,8.057238827e-11,6.6
0.9000,0.4500,6,0.1,0.1,0.5000,100.0,0.1584467471,8.210558082e-05,6.6
0.9000,0.4500,6,0.1,0.1,0.5000,1000.0,0,8.210558082e-05,6.6
0.9000,0.4500,6,0.1,0.1,0.5000,10000.0,0,8.210558082e-05,6.6
0.9000,0.4500,6,0.1,0.1,0.5000,inf,0,8.210558082e-05,6.6
0.9000,0.4500,6,0.1,0.1,0.9000,100.0,0.1683458612,2.147073353e-06,6.6
0.9000,0.4500,6,0.1,0.1,0.9000,1000.0,0,2.147073353e-06,6.6
0.9000,0.4500,6,0.1,0.1,0.9000,10000.0,0,2.147073353e-06,6.6
0.9000,0.4500,6,0.1,0.1,0.9000,inf,0,2.147073353e-06,6.6
0.9000,0.4500,6,0.1,1,0.5000,100.0,0,0.1614007297,6.6
0.9000,0.4500,6,0.1,1,0.5000,1000.0,0,0.1614007297,6.6
0.9000,0.4500,6,0.1,1,0.5000,10000.0,0,0.1614007297,6.6
0.9000,0.4500,6,0.1,1,0.5000,inf,0,0.1614007297,6.6
0.9000,0.4500,6,0.1,1,0.9000,100.0,0,0.03757600424,6.6
0.9000,0.4500,6,0.1,1,0.9000,1000.0,0,0.03757600424,6.6
0.9000,0.4500,6,0.1,1,0.9000,10000.0,0,0.03757600424,6.6
0.9000,0.4500,6,0.1,1,0.9000,inf,0,0.03757600424,6.6
0.9000,0.4500,12,0.01,0.0166667,0.5000,100.0,0.9999999146,6.458380864e-17,12.12
0.9000,0.4500,12,0.01,0.0166667,0.5000,1000.0,0.1921258676,6.458380864e-17,12.12
0.9000,0.4500,12,0.01,0.0166667,0.5000,10000.0,0,6.458380864e-17,12.12
0.9000,0.4500,12,0.01,0.0166667,0.5000,inf,0,6.458380864e-17,12.12
0.9000,0.4500,12,0.01,0.0166667,0.9000,100.0,0.9999999308,1.234186079e-20,12.12
0.9000,0.4500,12,0.01,0.0166667,0.9000,1000.0,0.1937539156,1.234186079e-20,12.12
0.9000,0.4500,12,0.01,0.0166667,0.9000,10000.0,0,1.234186079e-20,12.12
0.9000,0.4500,12,0.01,0.0166667,0.9000,inf,0,1.234186079e-20,12.12
0.9000,0.4500,12,0.01,0.1,0.5000,100.0,0.7879358835,1.283963514e-08,12.12
0.9000,0.4500,12,0.01,0.1,0.5000,1000.0,0,1.283963514e-08,12.12
0.9000,0.4500,12,0.01,0.1,0.5000,10000.0,0,1.283963514e-08,12.12
0.9000,0.4500,12,0.01,0.1,0.5000,inf,0,1.283963514e-08,12.12
0.9000,0.4500,12,0.01,0.1,0.9000,100.0,0.8026640613,7.98638611e-12,12.12
0.9000,0.4500,12,0.01,0.1,0.9000,1000.0,0,7.98638611e-12,12.12
0.9000,0.4500,12,0.01,0.1,0.9000,10000.0,0,7.98638611e-12,12.12
0.9000,0.4500,12,0.01,0.1,0.9000,inf,0,7.98638611e-12,12.12
0.9000,0.4500,12,0.01,1,0.5000,100.0,0,0.02923014968,12.12
0.9000,0.4500,12,0.01,1,0.5000,1000.0,0,0.02923014968,12.12
0.9000,0.4500,12,0.01,1,0.5000,10000.0,0,0.02923014968,12.12
0.9000,0.4500,12,0.01,1,0.5000,inf,0,0.02923014968,12.12
0.9000,0.4500,12,0.01,1,0.9000,100.0,0,0.001551737055,12.12
0.9000,0.4500,12,0.01,1,0.9000,1000.0,0,0.001551737055,12.12
0.9000,0.4500,12,0.01,1,0.9000,10000.0,0,0.001551737055,12.12
0.9000,0.4500,12,0.01,1,0.9000,inf,0,0.001551737055,12.12
0.9000,0.4500,12,0.1,0.0166667,0.5000,100.0,0.9999999656,2.421724738e-17,13.2
0.9000,0.4500,12,0.1,0.0166667,0.5000,1000.0,0.2886629079,2.421724738e-17,13.2
0.9000,0.4500,12,0.1,0.0166667,0.5000,10000.0,0,2.421724738e-17,13.2
0.9000,0.4500,12,0.1,0.0166667,0.5000,inf,0,2.421724738e-17,13.2
0.9000,0.4500,12,0.1,0.0166667,0.9000,100.0,0.9999999722,4.524855804e-21,13.2
0.9000,0.4500,12,0.1,0.0166667,0.9000,1000.0,0.2906430902,4.524855804e-21,13.2
0.9000,0.4500,12,0.1,0.0166667,0.9000,10000.0,0,4.524855804e-21,13.2
0.9000,0.4500,12,0.1,0.0166667,0.9000,inf,0,4.524855804e-21,13.2
0.9000,0.4500,12,0.1,0.1,0.5000,100.0,0.8564846956,5.715373224e-09,13.2
0.9000,0.4500,12,0.1,0.1,0.5000,1000.0,0,5.715373224e-09,13.2
0.9000,0.4500,12,0.1,0.1,0.5000,10000.0,0,5.715373224e-09,13.2
0.9000,0.4500,12,0.1,0.1,0.5000,inf,0,5.715373224e-09,13.2
0.9000,0.4500,12,0.1,0.1,0.9000,100.0,0.8678024499,3.213114741e-12,13.2
0.9000,0.4500,12,0.1,0.1,0.9000,1000.0,0,3.213114741e-12,13.2
0.9000,0.4500,12,0.1,0.1,0.9000,10000.0,0,3.213114741e-12,13.2
0.9000,0.4500,12,0.1,0.1,0.9000,inf,0,3.213114741e-12,13.2
0.9000,0.4500,12,0.1,1,0.5000,100.0,0,0.02208578464,13.2
0.9000,0.4500,12,0.1,1,0.5000,1000.0,0,0.02208578464,13.2
0.9000,0.4500,12,0.1,1,0.5000,10000.0,0,0.02208578464,13.2
0.9000,0.4500,12,0.1,1,0.5000,inf,0,0.02208578464,13.2
0.9000,0.4500,12,0.1,1,0.9000,100.0,0,0.0009841991055,13.2
0.9000,0.4500,12,0.1,1,0.9000,1000.0,0,0.0009841991055,13.2
0.9000,0.4500,12,0.1,1,0.9000,10000.0,0,0.0009841991055,13.2
0.9000,0.4500,12,0.1,1,0.9000,inf,0,0.0009841991055,13.2
0.9000,0.5000,1,0.01,0.0166667,0.5000,100.0,0.2168772561,0.05646960158,1.01
0.9000,0.5000,1,0.01,0.0166667,0.5000,1000.0,3.398503756e-07,0.05646960158,1.01
0.9000,0.5000,1,0.01,0.0166667,0.5000,10000.0,0,0.05646960158,1.01
0.9000,0.5000,1,0.01,0.0166667,0.5000,inf,0,0.05646960158,1.01
0.9000,0.5000,1,0.01,0.0166667,0.9000,100.0,0.2224604804,0.03217963245,1.01
0.9000,0.5000,1,0.01,0.0166667,0.9000,1000.0,3.48599384e-07,0.03217963245,1.01
0.9000,0.5000,1,0.01,0.0166667,0.9000,10000.0,0,0.03217963245,1.01
0.9000,0.5000,1,0.01,0.0166667,0.9000,inf,0,0.03217963245,1.01
0.9000,0.5000,1,0.01,0.1,0.5000,100.0,0.0001074340071,0.2715611586,1.01
0.9000,0.5000,1,0.01,0.1,0.5000,1000.0,0,0.2715611586,1.01
0.9000,0.5000,1,0.01,0.1,0.5000,10000.0,0,0.2715611586,1.01
0.9000,0.5000,1,0.01,0.1,0.5000,inf,0,0.2715611586,1.01
0.9000,0.5000,1,0.01,0.1,0.9000,100.0,0.0001221804338,0.1715754064,1.01
0.9000,0.5000,1,0.01,0.1,0.9000,1000.0,0,0.1715754064,1.01
0.9000,0.5000,1,0.01,0.1,0.9000,10000.0,0,0.1715754064,1.01
0.9000,0.5000,1,0.01,0.1,0.9000,inf,0,0.1715754064,1.01
0.9000,0.5000,1,0.01,1,0.5000,100.0,0,0.8518767118,1.01
0.9000,0.5000,1,0.01,1,0.5000,1000.0,0,0.8518767118,1.01
0.9000,0.5000,1,0.01,1,0.5000,10000.0,0,0.8518767118,1.01
0.9000,0.5000,1,0.01,1,0.5000,inf,0,0.8518767118,1.01
0.9000,0.5000,1,0.01,1,0.9000,100.0,0,0.7616251719,1.01
0.9000,0.5000,1,0.01,1,0.9000,1000.0,0,0.7616251719,1.01
0.9000,0.5000,1,0.01,1,0.9000,10000.0,0,0.7616251719,1.01
0.9000,0.5000,1,0.01,1,0.9000,inf,0,0.7616251719,1.01
0.9000,0.5000,1,0.1,0.0166667,0.5000,100.0,0.2457442211,0.05205996756,1.1
0.9000,0.5000,1,0.1,0.0166667,0.5000,1000.0,1.149491006e-06,0.05205996756,1.1
0.9000,0.5000,1,0.1,0.0166667,0.5000,10000.0,0,0.05205996756,1.1
0.9000,0.5000,1,0.1,0.0166667,0.5000,inf,0,0.05205996756,1.1
0.9000,0.5000,1,0.1,0.0166667,0.9000,100.0,0.2515648695,0.02960724974,1.1
0.9000,0.5000,1,0.1,0.0166667,0.9000,1000.0,1.17671762e-06,0.02960724974,1.1
0.9000,0.5000,1,0.1,0.0166667,0.9000,10000.0,0,0.02960724974,1.1
0.9000,0.5000,1,0.1,0.0166667,0.9000,inf,0,0.02960724974,1.1
0.9000,0.5000,1,0.1,0.1,0.5000,100.0,0.0002263471047,0.2543066895,1.1
0.9000,0.5000,1,0.1,0.1,0.5000,1000.0,0,0.2543066895,1.1
0.9000,0.5000,1,0.1,0.1,0.5000,10000.0,0,0.2543066895,1.1
0.9000,0.5000,1,0.1,0.1,0.5000,inf,0,0.2543066895,1.1
0.9000,0.5000,1,0.1,0.1,0.9000,100.0,0.0002551900049,0.1592846757,1.1
0.9000,0.5000,1,0.1,0.1,0.9000,1000.0,0,0.1592846757,1.1
0.9000,0.5000,1,0.1,0.1,0.9000,10000.0,0,0.1592846757,1.1
0.9000,0.5000,1,0.1,0.1,0.9000,inf,0,0.1592846757,1.1
0.9000,0.5000,1,0.1,1,0.5000,100.0,0,0.8351331742,1.1
0.9000,0.5000,1,0.1,1,0.5000,1000.0,0,0.8351331742,1.1
0.9000,0.5000,1,0.1,1,0.5000,10000.0,0,0.8351331742,1.1
0.9000,0.5000,1,0.1,1,0.5000,inf,0,0.8351331742,1.1
0.9000,0.5000,1,0.1,1,0.9000,100.0,0,0.7378195946,1.1
0.9000,0.5000,1,0.1,1,0.9000,1000.0,0,0.7378195946,1.1
0.9000,0.5000,1,0.1,1,0.9000,10000.0,0,0.7378195946,1.1
0.9000,0.5000,1,0.1,1,0.9000,inf,0,0.7378195946,1.1
0.9000,0.5000,3,0.01,0.0166667,0.5000,100.0,0.801260146,0.0001370754381,3.03
0.9000,0.5000,3,0.01,0.0166667,0.5000,1000.0,4.309413082e-05,0.0001370754381,3.03
0.9000,0.5000,3,0.01,0.0166667,0.5000,10000.0,0,0.0001370754381,3.03
0.9000,0.5000,3,0.01,0.0166667,0.5000,inf,0,0.0001370754381,3.03
0.9000,0.5000,3,0.01,0.0166667,0.9000,100.0,0.8079940352,1.949545491e-05,3.03
0.9000,0.5000,3,0.01,0.0166667,0.9000,1000.0,4.406774052e-05,1.949545491e-05,3.03
0.9000,0.5000,3,0.01,0.0166667,0.9000,10000.0,0,1.949545491e-05,3.03
0.9000,0.5000,3,0.01,0.0166667,0.9000,inf,0,1.949545491e-05,3.03
0.9000,0.5000,3,0.01,0.1,0.5000,100.0,0.005542459933,0.01532628355,3.03
0.9000,0.5000,3,0.01,0.1,0.5000,1000.0,0,0.01532628355,3.03
0.9000,0.5000,3,0.01,0.1,0.5000,10000.0,0,0.01532628355,3.03
0.9000,0.5000,3,0.01,0.1,0.5000,inf,0,0.01532628355,3.03
0.9000,0.5000,3,0.01,0.1,0.9000,100.0,0.006172463423,0.002987912365,3.03
0.9000,0.5000,3,0.01,0.1,0.9000,1000.0,0,0.002987912365,3.03
0.9000,0.5000,3,0.01,0.1,0.9000,10000.0,0,0.002987912365,3.03
0.9000,0.5000,3,0.01,0.1,0.9000,inf,0,0.002987912365,3.03
0.9000,0.5000,3,0.01,1,0.5000,100.0,0,0.5008026073,3.03
0.9000,0.5000,3,0.01,1,0.5000,1000.0,0,0.5008026073,3.03
0.9000,0.5000,3,0.01,1,0.5000,10000.0,0,0.5008026073,3.03
0.9000,0.5000,3,0.01,1,0.5000,inf,0,0.5008026073,3.03
0.9000,0.5000,3,0.01,1,0.9000,100.0,0,0.2939010092,3.03
0.9000,0.5000,3,0.01,1,0.9000,1000.0,0,0.2939010092,3.03
0.9000,0.5000,3,0.01,1,0.9000,10000.0,0,0.2939010092,3.03
0.9000,0.5000,3,0.01,1,0.9000,inf,0,0.2939010092,3.03
0.9000,0.5000,3,0.1,0.0166667,0.5000,100.0,0.8322907034,0.000107396271,3.3
0.9000,0.5000,3,0.1,0.0166667,0.5000,1000.0,0.0001243530041,0.000107396271,3.3
0.9000,0.5000,3,0.1,0.0166667,0.5000,10000.0,0,0.000107396271,3.3
0.9000,0.5000,3,0.1,0.0166667,0.5000,inf,0,0.000107396271,3.3
0.9000,0.5000,3,0.1,0.0166667,0.9000,100.0,0.8382110931,1.518118015e-05,3.3
0.9000,0.5000,3,0.1,0.0166667,0.9000,1000.0,0.0001269074185,1.518118015e-05,3.3
0.9000,0.5000,3,0.1,0.0166667,0.9000,10000.0,0,1.518118015e-05,3.3
0.9000,0.5000,3,0.1,0.0166667,0.9000,inf,0,1.518118015e-05,3.3
0.9000,0.5000,3,0.1,0.1,0.5000,100.0,0.01004403165,0.01257997265,3.3
0.9000,0.5000,3,0.1,0.1,0.5000,1000.0,0,0.01257997265,3.3
0.9000,0.5000,3,0.1,0.1,0.5000,10000.0,0,0.01257997265,3.3
0.9000,0.5000,3,0.1,0.1,0.5000,inf,0,0.01257997265,3.3
0.9000,0.5000,3,0.1,0.1,0.9000,100.0,0.01108426192,0.002388100091,3.3
0.9000,0.5000,3,0.1,0.1,0.9000,1000.0,0,0.002388100091,3.3
0.9000,0.5000,3,0.1,0.1,0.9000,10000.0,0,0.002388100091,3.3
0.9000,0.5000,3,0.1,0.1,0.9000,inf,0,0.002388100091,3.3
0.9000,0.5000,3,0.1,1,0.5000,100.0,0,0.4694634523,3.3
0.9000,0.5000,3,0.1,1,0.5000,1000.0,0,0.4694634523,3.3
0.9000,0.5000,3,0.1,1,0.5000,10000.0,0,0.4694634523,3.3
0.9000,0.5000,3,0.1,1,0.5000,inf,0,0.4694634523,3.3
0.9000,0.5000,3,0.1,1,0.9000,100.0,0,0.2644323193,3.3
0.9000,0.5000,3,0.1,1,0.9000,1000.0,0,0.2644323193,3.3
0.9000,0.5000,3,0.1,1,0.9000,10000.0,0,0.2644323193,3.3
0.9000,0.5000,3,0.1,1,0.9000,inf,0,0.2644323193,3.3
0.9000,0.5000,6,0.01,0.0166667,0.5000,100.0,0.9950624195,1.621600731e-08,6.06
0.9000,0.5000,6,0.01,0.0166667,0.5000,1000.0,0.003002589216,1.621600731e-08,6.06
0.9000,0.5000,6,0.01,0.0166667,0.5000,10000.0,0,1.621600731e-08,6.06
0.9000,0.5000,6,0.01,0.0166667,0.5000,inf,0,1.621600731e-08,6.06
0.9000,0.5000,6,0.01,0.0166667,0.9000,100.0,0.9954870931,2.776182352e-10,6.06
0.9000,0.5000,6,0.01,0.0166667,0.9000,1000.0,0.003056473446,2.776182352e-10,6.06
0.9000,0.5000,6,0.01,0.0166667,0.9000,10000.0,0,2.776182352e-10,6.06
0.9000,0.5000,6,0.01,0.0166667,0.9000,inf,0,2.776182352e-10,6.06
0.9000,0.5000,6,0.01,0.1,0.5000,100.0,0.106424412,0.000202716804,6.06
0.9000,0.5000,6,0.01,0.1,0.5000,1000.0,0,0.000202716804,6.06
0.9000,0.5000,6,0.01,0.1,0.5000,10000.0,0,0.000202716804,6.06
0.9000,0.5000,6,0.01,0.1,0.5000,inf,0,0.000202716804,6.06
0.9000,0.5000,6,0.01,0.1,0.9000,100.0,0.114773449,6.520163647e-06,6.06
0.9000,0.5000,6,0.01,0.1,0.9000,1000.0,0,6.520163647e-06,6.06
0.9000,0.5000,6,0.01,0.1,0.9000,10000.0,0,6.520163647e-06,6.06
0.9000,0.5000,6,0.01,0.1,0.9000,inf,0,6.520163647e-06,6.06
0.9000,0.5000,6,0.01,1,0.5000,100.0,0,0.2162291616,6.06
0.9000,0.5000,6,0.01,1,0.5000,1000.0,0,0.2162291616,6.06
0.9000,0.5000,6,0.01,1,0.5000,10000.0,0,0.2162291616,6.06
0.9000,0.5000,6,0.01,1,0.5000,inf,0,0.2162291616,6.06
0.9000,0.5000,6,0.01,1,0.9000,100.0,0,0.06288434877,6.06
0.9000,0.5000,6,0.01,1,0.9000,1000.0,0,0.06288434877,6.06
0.9000,0.5000,6,0.01,1,0.9000,10000.0,0,0.06288434877,6.06
0.9000,0.5000,6,0.01,1,0.9000,inf,0,0.06288434877,6.06
0.9000,0.5000,6,0.1,0.0166667,0.5000,100.0,0.9967147771,9.954126641e-09,6.6
0.9000,0.5000,6,0.1,0.0166667,0.5000,1000.0,0.006871202234,9.954126641e-09,6.6
0.9000,0.5000,6,0.1,0.0166667,0.5000,10000.0,0,9.954126641e-09,6.6
0.9000,0.5000,6,0.1,0.0166667,0.5000,inf,0,9.954126641e-09,6.6
0.9000,0.5000,6,0.1,0.0166667,0.9000,100.0,0.9970039571,1.683422666e-10,6.6
0.9000,0.5000,6,0.1,0.0166667,0.9000,1000.0,0.006980642203,1.683422666e-10,6.6
0.9000,0.5000,6,0.1,0.0166667,0.9000,10000.0,0,1.683422666e-10,6.6
0.9000,0.5000,6,0.1,0.0166667,0.9000,inf,0,1.683422666e-10,6.6
0.9000,0.5000,6,0.1,0.1,0.5000,100.0,0.1563568061,0.0001365766456,6.6
0.9000,0.5000,6,0.1,0.1,0.5000,1000.0,0,0.0001365766456,6.6
0.9000,0.5000,6,0.1,0.1,0.5000,10000.0,0,0.0001365766456,6.6
0.9000,0.5000,6,0.1,0.1,0.5000,inf,0,0.0001365766456,6.6
0.9000,0.5000,6,0.1,0.1,0.9000,100.0,0.1670517504,4.165183084e-06,6.6
0.9000,0.5000,6,0.1,0.1,0.9000,1000.0,0,4.165183084e-06,6.6
0.9000,0.5000,6,0.1,0.1,0.9000,10000.0,0,4.165183084e-06,6.6
0.9000,0.5000,6,0.1,0.1,0.9000,inf,0,4.165183084e-06,6.6
0.9000,0.5000,6,0.1,1,0.5000,100.0,0,0.1900438705,6.6
0.9000,0.5000,6,0.1,1,0.5000,1000.0,0,0.1900438705,6.6
0.9000,0.5000,6,0.1,1,0.5000,10000.0,0,0.1900438705,6.6
0.9000,0.5000,6,0.1,1,0.5000,inf,0,0.1900438705,6.6
0.9000,0.5000,6,0.1,1,0.9000,100.0,0,0.05092635348,6.6
0.9000,0.5000,6,0.1,1,0.9000,1000.0,0,0.05092635348,6.6
0.9000,0.5000,6,0.1,1,0.9000,10000.0,0,0.05092635348,6.6
0.9000,0.5000,6,0.1,1,0.9000,inf,0,0.05092635348,6.6
0.9000,0.5000,12,0.01,0.0166667,0.5000,100.0,0.99999991,2.269456781e-16,12.12
0.9000,0.5000,12,0.01,0.0166667,0.5000,1000.0,0.191762371,2.269456781e-16,12.12
0.9000,0.5000,12,0.01,0.0166667,0.5000,10000.0,0,2.269456781e-16,12.12
0.9000,0.5000,12,0.01,0.0166667,0.5000,inf,0,2.269456781e-16,12.12
0.9000,0.5000,12,0.01,0.0166667,0.9000,100.0,0.9999999291,5.631564093e-20,12.12
0.9000,0.5000,12,0.01,0.0166667,0.9000,1000.0,0.1935492905,5.631564093e-20,12.12
0.9000,0.5000,12,0.01,0.0166667,0.9000,10000.0,0,5.631564093e-20,12.12
0.9000,0.5000,12,0.01,0.0166667,0.9000,inf,0,5.631564093e-20,12.12
0.9000,0.5000,12,0.01,0.1,0.5000,100.0,0.7845324213,3.546610996e-08,12.12
0.9000,0.5000,12,0.01,0.1,0.5000,1000.0,0,3.546610996e-08,12.12
0.9000,0.5000,12,0.01,0.1,0.5000,10000.0,0,3.546610996e-08,12.12
0.9000,0.5000,12,0.01,0.1,0.5000,inf,0,3.546610996e-08,12.12
0.9000,0.5000,12,0.01,0.1,0.9000,100.0,0.8008624088,3.106348258e-11,12.12
0.9000,0.5000,12,0.01,0.1,0.9000,1000.0,0,3.106348258e-11,12.12
0.9000,0.5000,12,0.01,0.1,0.9000,10000.0,0,3.106348258e-11,12.12
0.9000,0.5000,12,0.01,0.1,0.9000,inf,0,3.106348258e-11,12.12
0.9000,0.5000,12,0.01,1,0.5000,100.0,0,0.04035203658,12.12
0.9000,0.5000,12,0.01,1,0.5000,1000.0,0,0.04035203658,12.12
0.9000,0.5000,12,0.01,1,0.5000,10000.0,0,0.04035203658,12.12
0.9000,0.5000,12,0.01,1,0.5000,inf,0,0.04035203658,12.12
0.9000,0.5000,12,0.01,1,0.9000,100.0,0,0.002889634497,12.12
0.9000,0.5000,12,0.01,1,0.9000,1000.0,0,0.002889634497,12.12
0.9000,0.5000,12,0.01,1,0.9000,10000.0,0,0.002889634497,12.12
0.9000,0.5000,12,0.01,1,0.9000,inf,0,0.002889634497,12.12
0.9000,0.5000,12,0.1,0.0166667,0.5000,100.0,0.9999999637,8.551462138e-17,13.2
0.9000,0.5000,12,0.1,0.0166667,0.5000,1000.0,0.2882197426,8.551462138e-17,13.2
0.9000,0.5000,12,0.1,0.0166667,0.5000,10000.0,0,8.551462138e-17,13.2
0.9000,0.5000,12,0.1,0.0166667,0.5000,inf,0,8.551462138e-17,13.2
0.9000,0.5000,12,0.1,0.0166667,0.9000,100.0,0.9999999715,2.070710531e-20,13.2
0.9000,0.5000,12,0.1,0.0166667,0.9000,1000.0,0.2903946267,2.070710531e-20,13.2
0.9000,0.5000,12,0.1,0.0166667,0.9000,10000.0,0,2.070710531e-20,13.2
0.9000,0.5000,12,0.1,0.0166667,0.9000,inf,0,2.070710531e-20,13.2
0.9000,0.5000,12,0.1,0.1,0.5000,100.0,0.853828832,1.60985566e-08,13.2
0.9000,0.5000,12,0.1,0.1,0.5000,1000.0,0,1.60985566e-08,13.2
0.9000,0.5000,12,0.1,0.1,0.5000,10000.0,0,1.60985566e-08,13.2
0.9000,0.5000,12,0.1,0.1,0.5000,inf,0,1.60985566e-08,13.2
0.9000,0.5000,12,0.1,0.1,0.9000,100.0,0.8664333118,1.26765575e-11,13.2
0.9000,0.5000,12,0.1,0.1,0.9000,1000.0,0,1.26765575e-11,13.2
0.9000,0.5000,12,0.1,0.1,0.9000,10000.0,0,1.26765575e-11,13.2
0.9000,0.5000,12,0.1,0.1,0.9000,inf,0,1.26765575e-11,13.2
0.9000,0.5000,12,0.1,1,0.5000,100.0,0,0.03117049569,13.2
0.9000,0.5000,12,0.1,1,0.5000,1000.0,0,0.03117049569,13.2
0.9000,0.5000,12,0.1,1,0.5000,10000.0,0,0.03117049569,13.2
0.9000,0.5000,12,0.1,1,0.5000,inf,0,0.03117049569,13.2
0.9000,0.5000,12,0.1,1,0.9000,100.0,0,0.001895119601,13.2
0.9000,0.5000,12,0.1,1,0.9000,1000.0,0,0.001895119601,13.2
0.9000,0.5000,12,0.1,1,0.9000,10000.0,0,0.001895119601,13.2
0.9000,0.5000,12,0.1,1,0.9000,inf,0,0.001895119601,13.2
0.9000,0.5500,1,0.01,0.0166667,0.5000,100.0,0.2155249662,0.06235277549,1.01
0.9000,0.5500,1,0.01,0.0166667,0.5000,1000.0,3.377313141e-07,0.06235277549,1.01
0.9000,0.5500,1,0.01,0.0166667,0.5000,10000.0,0,0.06235277549,1.01
0.9000,0.5500,1,0.01,0.0166667,0.5000,inf,0,0.06235277549,1.01
0.9000,0.5500,1,0.01,0.0166667,0.9000,100.0,0.2216679035,0.03562775958,1.01
0.9000,0.5500,1,0.01,0.0166667,0.9000,1000.0,3.473574024e-07,0.03562775958,1.01
0.9000,0.5500,1,0.01,0.0166667,0.9000,10000.0,0,0.03562775958,1.01
0.9000,0.5500,1,0.01,0.0166667,0.9000,inf,0,0.03562775958,1.01
0.9000,0.5500,1,0.01,0.1,0.5000,100.0,0.0001042872982,0.2928969069,1.01
0.9000,0.5500,1,0.01,0.1,0.5000,1000.0,0,0.2928969069,1.01
0.9000,0.5500,1,0.01,0.1,0.5000,10000.0,0,0.2928969069,1.01
0.9000,0.5500,1,0.01,0.1,0.5000,inf,0,0.2928969069,1.01
0.9000,0.5500,1,0.01,0.1,0.9000,100.0,0.0001198947679,0.1870729932,1.01
0.9000,0.5500,1,0.01,0.1,0.9000,1000.0,0,0.1870729932,1.01
0.9000,0.5500,1,0.01,0.1,0.9000,10000.0,0,0.1870729932,1.01
0.9000,0.5500,1,0.01,0.1,0.9000,inf,0,0.1870729932,1.01
0.9000,0.5500,1,0.01,1,0.5000,100.0,0,0.864684706,1.01
0.9000,0.5500,1,0.01,1,0.5000,1000.0,0,0.864684706,1.01
0.9000,0.5500,1,0.01,1,0.5000,10000.0,0,0.864684706,1.01
0.9000,0.5500,1,0.01,1,0.5000,inf,0,0.864684706,1.01
0.9000,0.5500,1,0.01,1,0.9000,100.0,0,0.7802237419,1.01
0.9000,0.5500,1,0.01,1,0.9000,1000.0,0,0.7802237419,1.01
0.9000,0.5500,1,0.01,1,0.9000,10000.0,0,0.7802237419,1.01
0.9000,0.5500,1,0.01,1,0.9000,inf,0,0.7802237419,1.01
0.9000,0.5500,1,0.1,0.0166667,0.5000,100.0,0.2443309034,0.05751173517,1.1
0.9000,0.5500,1,0.1,0.0166667,0.5000,1000.0,1.142880084e-06,0.05751173517,1.1
0.9000,0.5500,1,0.1,0.0166667,0.5000,10000.0,0,0.05751173517,1.1
0.9000,0.5500,1,0.1,0.0166667,0.5000,inf,0,0.05751173517,1.1
0.9000,0.5500,1,0.1,0.0166667,0.9000,100.0,0.2507400115,0.03278907811,1.1
0.9000,0.5500,1,0.1,0.0166667,0.9000,1000.0,1.172859272e-06,0.03278907811,1.1
0.9000,0.5500,1,0.1,0.0166667,0.9000,10000.0,0,0.03278907811,1.1
0.9000,0.5500,1,0.1,0.0166667,0.9000,inf,0,0.03278907811,1.1
0.9000,0.5500,1,0.1,0.1,0.5000,100.0,0.0002201271269,0.274798208,1.1
0.9000,0.5500,1,0.1,0.1,0.5000,1000.0,0,0.274798208,1.1
0.9000,0.5500,1,0.1,0.1,0.5000,10000.0,0,0.274798208,1.1
0.9000,0.5500,1,0.1,0.1,0.5000,inf,0,0.274798208,1.1
0.9000,0.5500,1,0.1,0.1,0.9000,100.0,0.0002507521193,0.173905148,1.1
0.9000,0.5500,1,0.1,0.1,0.9000,1000.0,0,0.173905148,1.1
0.9000,0.5500,1,0.1,0.1,0.9000,10000.0,0,0.173905148,1.1
0.9000,0.5500,1,0.1,0.1,0.9000,inf,0,0.173905148,1.1
0.9000,0.5500,1,0.1,1,0.5000,100.0,0,0.8491325531,1.1
0.9000,0.5500,1,0.1,1,0.5000,1000.0,0,0.8491325531,1.1
0.9000,0.5500,1,0.1,1,0.5000,10000.0,0,0.8491325531,1.1
0.9000,0.5500,1,0.1,1,0.5000,inf,0,0.8491325531,1.1
0.9000,0.5500,1,0.1,1,0.9000,100.0,0,0.7576846001,1.1
0.9000,0.5500,1,0.1,1,0.9000,1000.0,0,0.7576846001,1.1
0.9000,0.5500,1,0.1,1,0.9000,10000.0,0,0.7576846001,1.1
0.9000,0.5500,1,0.1,1,0.9000,inf,0,0.7576846001,1.1
0.9000,0.5500,3,0.01,0.0166667,0.5000,100.0,0.7995630773,0.0001901002593,3.03
0.9000,0.5500,3,0.01,0.0166667,0.5000,1000.0,4.285735226e-05,0.0001901002593,3.03
0.9000,0.5500,3,0.01,0.0166667,0.5000,10000.0,0,0.0001901002593,3.03
0.9000,0.5500,3,0.01,0.0166667,0.5000,inf,0,0.0001901002593,3.03
0.9000,0.5500,3,0.01,0.0166667,0.9000,100.0,0.8070644181,2.819864888e-05,3.03
0.9000,0.5500,3,0.01,0.0166667,0.9000,1000.0,4.392991975e-05,2.819864888e-05,3.03
0.9000,0.5500,3,0.01,0.0166667,0.9000,10000.0,0,2.819864888e-05,3.03
0.9000,0.5500,3,0.01,0.0166667,0.9000,inf,0,2.819864888e-05,3.03
0.9000,0.5500,3,0.01,0.1,0.5000,100.0,0.005404233551,0.01979766515,3.03
0.9000,0.5500,3,0.01,0.1,0.5000,1000.0,0,0.01979766515,3.03
0.9000,0.5500,3,0.01,0.1,0.5000,10000.0,0,0.01979766515,3.03
0.9000,0.5500,3,0.01,0.1,0.5000,inf,0,0.01979766515,3.03
0.9000,0.5500,3,0.01,0.1,0.9000,100.0,0.006076709627,0.004121709519,3.03
0.9000,0.5500,3,0.01,0.1,0.9000,1000.0,0,0.004121709519,3.03
0.9000,0.5500,3,0.01,0.1,0.9000,10000.0,0,0.004121709519,3.03
0.9000,0.5500,3,0.01,0.1,0.9000,inf,0,0.004121709519,3.03
0.9000,0.5500,3,0.01,1,0.5000,100.0,0,0.5357246185,3.03
0.9000,0.5500,3,0.01,1,0.5000,1000.0,0,0.5357246185,3.03
0.9000,0.5500,3,0.01,1,0.5000,10000.0,0,0.5357246185,3.03
0.9000,0.5500,3,0.01,1,0.5000,inf,0,0.5357246185,3.03
0.9000,0.5500,3,0.01,1,0.9000,100.0,0,0.331182147,3.03
0.9000,0.5500,3,0.01,1,0.9000,1000.0,0,0.331182147,3.03
0.9000,0.5500,3,0.01,1,0.9000,10000.0,0,0.331182147,3.03
0.9000,0.5500,3,0.01,1,0.9000,inf,0,0.331182147,3.03
0.9000,0.5500,3,0.1,0.0166667,0.5000,100.0,0.8307945403,0.0001491595716,3.3
0.9000,0.5500,3,0.1,0.0166667,0.5000,1000.0,0.0001237302104,0.0001491595716,3.3
0.9000,0.5500,3,0.1,0.0166667,0.5000,10000.0,0,0.0001491595716,3.3
0.9000,0.5500,3,0.1,0.0166667,0.5000,inf,0,0.0001491595716,3.3
0.9000,0.5500,3,0.1,0.0166667,0.9000,100.0,0.8373953323,2.197768379e-05,3.3
0.9000,0.5500,3,0.1,0.0166667,0.9000,1000.0,0.0001265464538,2.197768379e-05,3.3
0.9000,0.5500,3,0.1,0.0166667,0.9000,10000.0,0,2.197768379e-05,3.3
0.9000,0.5500,3,0.1,0.0166667,0.9000,inf,0,2.197768379e-05,3.3
0.9000,0.5500,3,0.1,0.1,0.5000,100.0,0.009813169816,0.01634216815,3.3
0.9000,0.5500,3,0.1,0.1,0.5000,1000.0,0,0.01634216815,3.3
0.9000,0.5500,3,0.1,0.1,0.5000,10000.0,0,0.01634216815,3.3
0.9000,0.5500,3,0.1,0.1,0.5000,inf,0,0.01634216815,3.3
0.9000,0.5500,3,0.1,0.1,0.9000,100.0,0.01092741467,0.003308042671,3.3
0.9000,0.5500,3,0.1,0.1,0.9000,1000.0,0,0.003308042671,3.3
0.9000,0.5500,3,0.1,0.1,0.9000,10000.0,0,0.003308042671,3.3
0.9000,0.5500,3,0.1,0.1,0.9000,inf,0,0.003308042671,3.3
0.9000,0.5500,3,0.1,1,0.5000,100.0,0,0.5050586005,3.3
0.9000,0.5500,3,0.1,1,0.5000,1000.0,0,0.5050586005,3.3
0.9000,0.5500,3,0.1,1,0.5000,10000.0,0,0.5050586005,3.3
0.9000,0.5500,3,0.1,1,0.5000,inf,0,0.5050586005,3.3
0.9000,0.5500,3,0.1,1,0.9000,100.0,0,0.3005655884,3.3
0.9000,0.5500,3,0.1,1,0.9000,1000.0,0,0.3005655884,3.3
0.9000,0.5500,3,0.1,1,0.9000,10000.0,0,0.3005655884,3.3
0.9000,0.5500,3,0.1,1,0.9000,inf,0,0.3005655884,3.3
0.9000,0.5500,6,0.01,0.0166667,0.5000,100.0,0.9949479561,3.172745955e-08,6.06
0.9000,0.5500,6,0.01,0.0166667,0.5000,1000.0,0.002989403185,3.172745955e-08,6.06
0.9000,0.5500,6,0.01,0.0166667,0.5000,10000.0,0,3.172745955e-08,6.06
0.9000,0.5500,6,0.01,0.0166667,0.5000,inf,0,3.172745955e-08,6.06
0.9000,0.5500,6,0.01,0.0166667,0.9000,100.0,0.9954311764,6.063996272e-10,6.06
0.9000,0.5500,6,0.01,0.0166667,0.9000,1000.0,0.003048878451,6.063996272e-10,6.06
0.9000,0.5500,6,0.01,0.0166667,0.9000,10000.0,0,6.063996272e-10,6.06
0.9000,0.5500,6,0.01,0.0166667,0.9000,inf,0,6.063996272e-10,6.06
0.9000,0.5500,6,0.01,0.1,0.5000,100.0,0.1045060359,0.0003441054512,6.06
0.9000,0.5500,6,0.01,0.1,0.5000,1000.0,0,0.0003441054512,6.06
0.9000,0.5500,6,0.01,0.1,0.5000,10000.0,0,0.0003441054512,6.06
0.9000,0.5500,6,0.01,0.1,0.5000,inf,0,0.0003441054512,6.06
0.9000,0.5500,6,0.01,0.1,0.9000,100.0,0.113545197,1.295437459e-05,6.06
0.9000,0.5500,6,0.01,0.1,0.9000,1000.0,0,1.295437459e-05,6.06
0.9000,0.5500,6,0.01,0.1,0.9000,10000.0,0,1.295437459e-05,6.06
0.9000,0.5500,6,0.01,0.1,0.9000,inf,0,1.295437459e-05,6.06
0.9000,0.5500,6,0.01,1,0.5000,100.0,0,0.2517587746,6.06
0.9000,0.5500,6,0.01,1,0.5000,1000.0,0,0.2517587746,6.06
0.9000,0.5500,6,0.01,1,0.5000,10000.0,0,0.2517587746,6.06
0.9000,0.5500,6,0.01,1,0.5000,inf,0,0.2517587746,6.06
0.9000,0.5500,6,0.01,1,0.9000,100.0,0,0.08342378415,6.06
0.9000,0.5500,6,0.01,1,0.9000,1000.0,0,0.08342378415,6.06
0.9000,0.5500,6,0.01,1,0.9000,10000.0,0,0.08342378415,6.06
0.9000,0.5500,6,0.01,1,0.9000,inf,0,0.08342378415,6.06
0.9000,0.5500,6,0.1,0.0166667,0.5000,100.0,0.996636583,1.953314681e-08,6.6
0.9000,0.5500,6,0.1,0.0166667,0.5000,1000.0,0.006844352395,1.953314681e-08,6.6
0.9000,0.5500,6,0.1,0.0166667,0.5000,10000.0,0,1.953314681e-08,6.6
0.9000,0.5500,6,0.1,0.0166667,0.5000,inf,0,1.953314681e-08,6.6
0.9000,0.5500,6,0.1,0.0166667,0.9000,100.0,0.9969659652,3.683551566e-10,6.6
0.9000,0.5500,6,0.1,0.0166667,0.9000,1000.0,0.00696524388,3.683551566e-10,6.6
0.9000,0.5500,6,0.1,0.0166667,0.9000,10000.0,0,3.683551566e-10,6.6
0.9000,0.5500,6,0.1,0.0166667,0.9000,inf,0,3.683551566e-10,6.6
0.9000,0.5500,6,0.1,0.1,0.5000,100.0,0.1538671598,0.0002344680671,6.6
0.9000,0.5500,6,0.1,0.1,0.5000,1000.0,0,0.0002344680671,6.6
0.9000,0.5500,6,0.1,0.1,0.5000,10000.0,0,0.0002344680671,6.6
0.9000,0.5500,6,0.1,0.1,0.5000,inf,0,0.0002344680671,6.6
0.9000,0.5500,6,0.1,0.1,0.9000,100.0,0.1654926282,8.344653575e-06,6.6
0.9000,0.5500,6,0.1,0.1,0.9000,1000.0,0,8.344653575e-06,6.6
0.9000,0.5500,6,0.1,0.1,0.9000,10000.0,0,8.344653575e-06,6.6
0.9000,0.5500,6,0.1,0.1,0.9000,inf,0,8.344653575e-06,6.6
0.9000,0.5500,6,0.1,1,0.5000,100.0,0,0.2237918321,6.6
0.9000,0.5500,6,0.1,1,0.5000,1000.0,0,0.2237918321,6.6
0.9000,0.5500,6,0.1,1,0.5000,10000.0,0,0.2237918321,6.6
0.9000,0.5500,6,0.1,1,0.5000,inf,0,0.2237918321,6.6
0.9000,0.5500,6,0.1,1,0.9000,100.0,0,0.06873551484,6.6
0.9000,0.5500,6,0.1,1,0.9000,1000.0,0,0.06873551484,6.6
0.9000,0.5500,6,0.1,1,0.9000,10000.0,0,0.06873551484,6.6
0.9000,0.5500,6,0.1,1,0.9000,inf,0,0.06873551484,6.6
0.9000,0.5500,12,0.01,0.0166667,0.5000,100.0,0.9999999039,8.83784566e-16,12.12
0.9000,0.5500,12,0.01,0.0166667,0.5000,1000.0,0.1913194968,8.83784566e-16,12.12
0.9000,0.5500,12,0.01,0.0166667,0.5000,10000.0,0,8.83784566e-16,12.12
0.9000,0.5500,12,0.01,0.0166667,0.5000,inf,0,8.83784566e-16,12.12
0.9000,0.5500,12,0.01,0.0166667,0.9000,100.0,0.9999999269,2.804848332e-19,12.12
0.9000,0.5500,12,0.01,0.0166667,0.9000,1000.0,0.193299628,2.804848332e-19,12.12
0.9000,0.5500,12,0.01,0.0166667,0.9000,10000.0,0,2.804848332e-19,12.12
0.9000,0.5500,12,0.01,0.0166667,0.9000,inf,0,2.804848332e-19,12.12
0.9000,0.5500,12,0.01,0.1,0.5000,100.0,0.7803345626,1.039582406e-07,12.12
0.9000,0.5500,12,0.01,0.1,0.5000,1000.0,0,1.039582406e-07,12.12
0.9000,0.5500,12,0.01,0.1,0.5000,10000.0,0,1.039582406e-07,12.12
0.9000,0.5500,12,0.01,0.1,0.5000,inf,0,1.039582406e-07,12.12
0.9000,0.5500,12,0.01,0.1,0.9000,100.0,0.7986441627,1.280042751e-10,12.12
0.9000,0.5500,12,0.01,0.1,0.9000,1000.0,0,1.280042751e-10,12.12
0.9000,0.5500,12,0.01,0.1,0.9000,10000.0,0,1.280042751e-10,12.12
0.9000,0.5500,12,0.01,0.1,0.9000,inf,0,1.280042751e-10,12.12
0.9000,0.5500,12,0.01,1,0.5000,100.0,0,0.05564769448,12.12
0.9000,0.5500,12,0.01,1,0.5000,1000.0,0,0.05564769448,12.12
0.9000,0.5500,12,0.01,1,0.5000,10000.0,0,0.05564769448,12.12
0.9000,0.5500,12,0.01,1,0.5000,inf,0,0.05564769448,12.12
0.9000,0.5500,12,0.01,1,0.9000,100.0,0,0.005308684824,12.12
0.9000,0.5500,12,0.01,1,0.9000,1000.0,0,0.005308684824,12.12
0.9000,0.5500,12,0.01,1,0.9000,10000.0,0,0.005308684824,12.12
0.9000,0.5500,12,0.01,1,0.9000,inf,0,0.005308684824,12.12
0.9000,0.5500,12,0.1,0.0166667,0.5000,100.0,0.9999999612,3.349810528e-16,13.2
0.9000,0.5500,12,0.1,0.0166667,0.5000,1000.0,0.2876792846,3.349810528e-16,13.2
0.9000,0.5500,12,0.1,0.0166667,0.5000,10000.0,0,3.349810528e-16,13.2
0.9000,0.5500,12,0.1,0.0166667,0.5000,inf,0,3.349810528e-16,13.2
0.9000,0.5500,12,0.1,0.0166667,0.9000,100.0,0.9999999706,1.034963511e-19,13.2
0.9000,0.5500,12,0.1,0.0166667,0.9000,1000.0,0.2900913135,1.034963511e-19,13.2
0.9000,0.5500,12,0.1,0.0166667,0.9000,10000.0,0,1.034963511e-19,13.2
0.9000,0.5500,12,0.1,0.0166667,0.9000,inf,0,1.034963511e-19,13.2
0.9000,0.5500,12,0.1,0.1,0.5000,100.0,0.8505322821,4.826621263e-08,13.2
0.9000,0.5500,12,0.1,0.1,0.5000,1000.0,0,4.826621263e-08,13.2
0.9000,0.5500,12,0.1,0.1,0.5000,10000.0,0,4.826621263e-08,13.2
0.9000,0.5500,12,0.1,0.1,0.5000,inf,0,4.826621263e-08,13.2
0.9000,0.5500,12,0.1,0.1,0.9000,100.0,0.8647417178,5.311389986e-11,13.2
0.9000,0.5500,12,0.1,0.1,0.9000,1000.0,0,5.311389986e-11,13.2
0.9000,0.5500,12,0.1,0.1,0.9000,10000.0,0,5.311389986e-11,13.2
0.9000,0.5500,12,0.1,0.1,0.9000,inf,0,5.311389986e-11,13.2
0.9000,0.5500,12,0.1,1,0.5000,100.0,0,0.04397093292,13.2
0.9000,0.5500,12,0.1,1,0.5000,1000.0,0,0.04397093292,13.2
0.9000,0.5500,12,0.1,1,0.5000,10000.0,0,0.04397093292,13.2
0.9000,0.5500,12,0.1,1,0.5000,inf,0,0.04397093292,13.2
0.9000,0.5500,12,0.1,1,0.9000,100.0,0,0.003603838235,13.2
0.9000,0.5500,12,0.1,1,0.9000,1000.0,0,0.003603838235,13.2
0.9000,0.5500,12,0.1,1,0.9000,10000.0,0,0.003603838235,13.2
0.9000,0.5500,12,0.1,1,0.9000,inf,0,0.003603838235,13.2
