dsh: reasoning:
Let me start by reading the required documents. I need to read them fully. Let me do that.

Let me list the directory first and read the files.
dsh: reasoning:
Let me understand the task. This is DS-3: a Julia calculator and Monte Carlo of the minimum cost of attacks, comparing B0, B1, and candidates. I need to read MODELO.md fully (done), and implement.

Before writing code, I must check for "falta de definición" (lack of definition) and report it before editing. Let me look at the input hash file and the launch file, and check the environment.

Let me read ENTRADA-DS3.sha256, DS3-lanzamiento.txt, DS3-dsh.stderr. Also check REVISION-DS1? Not needed. Let me also check the DS2 INFORME.md for context about what is marked E (encarece) — because the objective is: for the attacks and mechanisms DS-2 marks E, compute minimum absolute cost for a given success probability.

Let me read the INFORME.md (49KB) — it's large but essential. Let me read it.

Also check julia availability.

Let me first gather more.
dsh: reasoning:
Now let me read DS2 INFORME.md fully. It's 49KB, probably ~700 lines. Let me read it. Also let me check the DS1 results and other referenced documents maybe. But first INFORME.md.

I need to understand what DS-2 marks E, and the falsifiable questions per cell, and the scenarios §3.

Let me read it in chunks.
dsh: reasoning:
Now I have a good understanding. I need to identify the cells marked E (Ee/Ec) and compute the minimum cost of X for given success probability, per dimension, in B0, B1, and each candidate. Also produce a per-mechanism table with Δ of absolute cost of X and cost for the honest in the scenarios of §3.

The order notes: "Si detectas una falta de definición, infórmala antes de editar." I need to check for lacks of definition. Let me think about what is missing/ambiguous.

Let me examine the requirements carefully:

Objective: compute, for attacks and mechanisms DS-2 marks E, the **minimum absolute cost** of X to reach a given success probability, in each dimension of the framework, in B0, B1, and with each candidate; and the ratio to the honest cost.

Falsifiable question: the one DS-2 formulates for each E cell ("the mechanism multiplies X's minimum cost by at least …"), refuted by the table.

Hmm, but DS-2 does not actually formulate a falsifiable question per E cell with a numeric multiplication factor. It just says "Ee" or "Ec" and gives some numbers. There is no explicit "multiplies the minimum cost of X by at least X" per cell. This could be a "falta de definición". But the instruction says report it before editing. Let me continue reading needed evidence.

Let me examine relevant source reports for formulas and evidence I need. The MODELO.md is the ratified spec. It has 7 mandatory regression cases. It references P-PRESTAMO, P-CLAVE, P-EQUIVOCACION, P-COBERTURA, P-INTENTO, etc. To implement the DP for first passage (2.2), I need the DP definition from P-PRESTAMO §2. To implement retention DP (2.3), I need P-CLAVE §1. To implement recruitment cost (2.4), P-CLAVE §3. Region (2.5), P-CLAVE §6. κ table (2.6) is enumerated exactly. Sembrador (2.7) P-INTENTO §11. Coverage (2.8) P-COBERTURA §5. Energy (2.10). Baig-Pietrzak (2.11). PoW hashrate (2.12).

The order says: "Fórmulas cerradas de DS-2 implementadas **y** un Monte Carlo independiente del mismo modelo; los dos deben coincidir dentro del error estadístico declarado en los casos de comprobación de DS-2."

So I need to implement closed formulas and an independent Monte Carlo. Also read the source reports to get exact formula definitions? The MODELO says formulas come from the reports. Let me check those reports exist. The paths: `.trash/zerox/P-ZRX/P-*`. Let me look for them. The working directory is P-DISUASION/DS3. The repo root is /home/katana/zeo/ZEROX. Let me check.

Actually the instruction says: read fully MARCO.md, ORDEN-DS3-MODELO.md, REVISION-DS2.md, resultados-DS2/MODELO.md, and LINEO.md before writing code. It does not explicitly require reading the underlying P-* reports, but to implement formulas correctly I should. However, MODELO.md is supposed to be the ratified spec with all formulas. But §2.2 says "DP exacta sobre (mínimo, posición) ... P-PRESTAMO §2, 714 celdas certificadas" without giving the full DP transition. To implement it correctly, I need P-PRESTAMO §2. Similarly others. Let me locate these reports.

Let me search the filesystem.
dsh: reasoning:
The .trash/zerox doesn't exist? Let me check .trash. And find the P-* reports under P-ZRX.
dsh: reasoning:
The P-* reports seem to exist under deepseek dirs. Let me locate the specific P-PRESTAMO, P-CLAVE, P-EQUIVOCACION, P-COBERTURA, P-INTENTO reports. They might be under deepseek/DS1 or a P-ZRX area? Let me search for filenames INFORME.md in P-* directories and grep for "P-PRESTAMO".

Actually the referenced paths in MODELO are `.trash/zerox/P-ZRX/P-PRESTAMO/` etc. But .trash/zerox doesn't exist. Maybe the repo is a fresh checkout and those are in `deepseek/DS1` or similar. Let me search for directory names.
dsh: reasoning:
The referenced P-* reports do not exist in the current repository! The MODELO says formulas come from reports like P-PRESTAMO §2, P-CLAVE §1, P-EQUIVOCACION, P-COBERTURA, P-INTENTO. And REVISION-DS2 says "Cifras del sembrador contra `.trash/zerox/P-ZRX/P-COBERTURA/investigacion/INFORME.md`". But .trash/zerox is not present (only .trash/ZEROX-EN-NUMEROS.md). So the underlying evidence is not available in this checkout. However, the command may still be executable because MODELO.md gives formulas. But some formulas are incomplete (DP for first passage needs transition definition).

The instruction says: "Si detectas una falta de definición, infórmala antes de editar." This suggests I should report any lack of definition before editing. I need to determine if there are missing definitions that block implementation.

Let me first search the whole filesystem more broadly for these reports, maybe elsewhere (e.g., /home/katana/zeo/ZEROX.deepseek or other). Let me check git log / git status to understand.

Let me check whether the P-PRESTAMO etc. exist anywhere on the machine.
dsh: reasoning:
The reports are in `/home/katana/zeo/.trash/zerox/P-ZRX/`. But the order says the escribible zone is only DS3. Reading outside is fine (read-only). Let me examine those reports. Note the MARCO says "`.trash/zerox`" — the old protocol. The current repo path is /home/katana/zeo/ZEROX. The mirro is /home/katana/zeo/.trash/zerox. Good.

Wait, the order says the source evidence is `.trash/zerox` = /home/katana/zeo/.trash/zerox. Let me read those reports. Required: P-PRESTAMO §1, §2, §4, §5; P-CLAVE §1, §3, §6, §10; P-EQUIVOCACION §1.2; P-INTENTO §11; P-COBERTURA §5; P-TASA; P-POOLS.

Let me list those directories.
dsh: reasoning:
Now let me read the key reports. I'll read P-PRESTAMO INFORME.md, P-CLAVE INFORME.md, P-EQUIVOCACION INFORME.md, P-COBERTURA INFORME.md, P-INTENTO INFORME.md. These could be large. Let me check sizes first.

Also note the task mentions the input hash includes only MARCO, ORDEN-DS3, REVISION-DS2, MODELO, INFORME, LINEO. So the P-* reports are outside the frozen input. But MODELO is the spec.

Let me check sizes and read. I'll parallelize reads.
dsh: reasoning:
These are large. I need to read the relevant sections. To implement the DP for first passage exactly, I need P-PRESTAMO §2. Let me read P-PRESTAMO INFORME fully maybe. It's 587 lines. Let me read it.

Actually, let me be strategic. I have budget of 2h. The core deliverable is a Julia project. I need to understand:
1. P-PRESTAMO §1 (α* frontier), §2 (DP first passage), §4 (V, N_recl), §5 (region).
2. P-CLAVE §1 (θ, E[B], Var, P(B=0)), §3 (B(ε), C(β)), §6 (region ρ_ret, T_v).
3. P-EQUIVOCACION §1.2 (κ table).
4. P-COBERTURA §5 (storage forced, B).
5. P-INTENTO §11 (sembrador cost, t_tabla, r).
6. P-TASA §1.2 (theorem).
7. P-POOLS.

Let me read P-PRESTAMO and P-CLAVE in full first since they're core, then targeted sections of others.

Let me read P-PRESTAMO.
dsh: reasoning:
I now have a fairly complete picture of P-PRESTAMO. But the DP transition details: "DP exacta sobre el estado (mínimo, posición), con la absorción en la primera visita a −1". The state is (minimum, position). The adversary rate q_adv per step, deficit d. In the report, q_adv is the adversary's per-step probability. The walk Z starts at... Actually from the formula: P_first_passage for p=2/3(honest), q=1/3(adv), d=5, T=400 gives 0.015625 = (1/3 / 2/3)^6 = (1/2)^6 = 1/64 = 0.015625. Good. So the DP returns the first-passage probability.

I need the exact transition to implement. Let me look at the actual Julia source from the P-PRESTAMO instrument, maybe it's in the trash. The report says instrument at `investigacion/veritas/seguridad/espacio-prestado-v1/`. Let me check if that exists in the trash directory. That would give me the exact DP and the tests (714 cells). Let me look.

Also I need P-CLAVE formulas, P-EQUIVOCACION κ, P-COBERTURA, P-INTENTO. Let me read those. But first, let me check if the instrument sources exist.
dsh: reasoning:
Excellent. The reference instrument source exists. I can read `src/rapido.jl` (DP kernel) and `src/referencia.jl` (oracle) to get the exact DP. This is the "oráculo" to compare against. The order says DS-3 must implement the DP. Let me read the source and the tests.

Let me read P-PRESTAMO src/modelo.jl, referencia.jl, rapido.jl, validacion.jl, run.jl, and test/runtests.jl. Also the F2 result tsv for cross-checking.

Then P-CLAVE, P-COBERTURA, P-INTENTO sources too if they exist.

Let me batch reads. First P-PRESTAMO sources.
dsh: reasoning:
Now I have the exact DP. Note the walk in `primera_dp`: the first argument is the adversary rate. Wait, check: in `primera_dp`, `q = 1 - p` and then "paso del atacante: z−1 con p; paso de la pública: z+1 con q". And the docstring says "primer argumento de primera_dp es la tasa del ADVERSARIO". Then in `mc_ventana`, `if rand(r) < p; z -= 1 else z += 1` — so p is the adversary rate. Good.

But wait, in `enumerar_exhaustivo`, the doc says `enumerar_exhaustivo(p, d, T)` where it does `q = 1 - p`, `enum_rec!(z - 1, ..., pr * p...)` and `enum_rec!(z + 1, ..., pr * q...)`. So here p is also adversary rate. The report's table §2.4 gives p=2/3 honest, q=1/3 adversary and `primera_dp(q=1/3...)`. Good.

So the DP is clear. Let me now note: for the test §2.2 case, `F=1.019, α=0.33, β_d=0` gives `P=9.75e-108` and `d=346`. Let's verify: d = (μ_p-μ_a)*F = ((1-α) - α)*F = (1-2α)F = (1-0.66)*1019 = 0.34*1019 = 346.46 → integer? They seem to use d = round? Actually d=346. 0.34*1019 = 346.46. Hmm. Let me check: maybe d is computed as `(1-2α)(1-β_d)F` = 0.34*1019 = 346.46, and then converted to Int (floor?) 346. In the table, α=0.33, β_d=0.20 → q_adv=0.4092, d=210. μ_a = α+β_d = 0.53, μ_p = 1-α = 0.67, d=(0.67-0.53)*1019 = 0.14*1019 = 142.66. Not 210. Hmm.

Wait, β_d is "relative"? Table header says `β_d rel.` and values 0.00, 0.20... but then q_adv=0.4092. Let's compute p = μ_a/(μ_a+μ_p) with β_d=0.20*? If β_d relative to (1-α): β_d_abs = 0.20 * (1-α) = 0.20*0.67=0.134. Then μ_a=0.33+0.134=0.464, μ_p=0.67, p=0.464/(1.134)=0.4092. Yes! And d=(0.67-0.464)*1019 = 0.206*1019 = 209.95 → 210. Good. So β_d in the table is relative to (1-α), while α* uses absolute. OK.

But for the DS-3 spec §2.2, the test says: "Con F=1.019, α=0,33, β_d=0: P_first_passage = 9,75·10⁻¹⁰⁸". Here β_d=0 so absolute. And `MODELO.md` §4 case 2. So d = (1-2α)F = 0.34*1019 = 346.46. They got d=346 (floor or round). Hmm, actually 0.34*1019 = 346.46, round = 346. So d=round(346.46)=346. Alternatively they define d = floor. Both give 346. The DP with p=0.33, d=346, T=1019 gives 9.75e-108? Let me verify later by running.

Actually there's subtlety: is d an integer? The DP takes `d::Integer`. The deficit is real; they must convert. In the table it's shown as integer. Let's compute using round or floor and compare. We'll test.

Now, let me also read the P-CLAVE instrument. Let me look at its source and INFORME. Let me read P-CLAVE INFORME (530 lines) and its src. Also P-EQUIVOCACION, P-COBERTURA, P-INTENTO instruments. Let me check for source files under each.
dsh: reasoning:
I have access to all instrument sources. This is extremely valuable: I can port the specific functions needed. LINEO says port to Julia, no Python. The DS-3 project is its own Julia project.

Now I need to be mindful of budget (2h) and scope. The task is large. Let me plan.

The core question: "calcular, para los ataques y mecanismos que DS-2 marque E, el coste mínimo absoluto de X para alcanzar una probabilidad de éxito dada, en cada dimensión del marco, en B0, B1 y con cada candidato; y el cociente frente al coste del honesto."

But wait: "Si detectas una falta de definición, infórmala antes de editar." There are indeed missing definitions:
1. DS-2 marks cells E but does NOT formulate a per-cell falsifiable question with a numeric multiplier ("el mecanismo multiplica el coste mínimo de X por al menos …"). The ORDEN §1 says "Pregunta falsable: la que DS-2 formule para cada celda E". DS-2 didn't formulate any such per-cell question. This is a genuine gap. I should report it.

2. The "coste mínimo de X para alcanzar una probabilidad de éxito dada" is not uniquely defined: for several attack mechanisms, the cost model in MODELO gives formulas for specific quantities (retention region, coverage cost, first-passage probability), but not a unified "minimum cost to reach success probability p". The model doesn't define how cost maps to success probability except for A1/A2 (first passage) and A3 (coverage cliff). There's no explicit mapping for A4/A5/A7. Only cells E: A3 (F1+F2+F4 and M1 weak), A4 (M1/F4), A5 (O4), A7 (F3), A1 (O2), A6 (O2), A9 (F4), A10 (F1/F4/F5), A12 (W). Hmm.

Actually, I should not over-engineer. Let me re-read the order carefully.

ORDEN-DS3 §1: "Objetivo único: calcular, para los ataques y mecanismos que DS-2 marque E, el coste mínimo absoluto de X para alcanzar una probabilidad de éxito dada, en cada dimensión del marco, en B0, B1 y con cada candidato; y el cociente frente al coste del honesto."

§2 Method: closed formulas + independent MC; parameters from a file with labels; outputs CSV + INFORME.md with per attack "coste mínimo en B0 → en B1 → con cada candidato", ratio to honest, and dominant parameter (sensitivity). Pkg.test() with the check cases; run.jl reproducible.

Ratificación: "Los siete casos de su §4 son la regresión obligatoria de Pkg.test(). Además de su tabla por ataque, entrega una tabla por mecanismo con el Δ de coste absoluto de X y el coste para el honesto en los escenarios del §3".

So the deliverables:
- Julia project in DS3 with Project.toml, Manifest.toml, src/, test/, bench/, run.jl, resultados/, INFORME.md.
- Closed-form implementation + Monte Carlo of the same model, matching within declared statistical error for the check cases.
- Scenario parameter file with labels and provenance; declared sweeps; fixed non-consecutive StableRNGs seeds.
- CSV outputs and INFORME.md: per attack "cost min B0 → B1 → each candidate", ratio to honest, dominant parameter.
- Pkg.test() with 7 regression cases.
- Per-mechanism table with Δ absolute cost of X and honest cost in the §3 scenarios.

The "given success probability" — I'll define a target success probability (e.g., P*=0.5 or a grid) and compute minimum cost. Hmm, but the model's formulas largely compute probability from parameters, not cost from probability. For A1 (double farming), the minimum cost to win the window race is essentially the cost of recruiting β_d plus PoT and α own space; and the success probability is the first-passage. Actually the "minimum cost for a given success probability" could be computed by inverting: for target P*, find minimum β_d such that P_first_passage ≥ P*, and compute the cost of that β_d via the retention model C(β). That is a coherent, falsifiable calculation and uses the DP + the retention/recruitment formula. For A3 (sembrador), the cost is 117.2 cores/TiB continuous; detection probability from coverage. For A5 (O4), cost is implementation (not quantified in tokens); O4 removes the blind-signing reward. Hmm.

Given the ambiguity, I think the right approach is:
- Report the "falta de definición" to the user BEFORE editing, as instructed. This is a hard requirement: "Si detectas una falta de definición, infórmala antes de editar."

So I must first present my findings about missing definitions, and then proceed. But the instruction is a single user message; I should report and then continue (the user isn't going to reply in this turn necessarily). Actually, "infórmala antes de editar" means I should tell them before editing. I can present the gap at the start of my response / in a todo, then proceed with the most reasonable interpretation, documenting it. But maybe I should ask for clarification? The instruction says "infórmala antes de editar" (report it before editing), not "wait for an answer". Given the autonomous setting, I'll report it clearly and then make a documented, minimal choice consistent with the ratified MODELO. Actually, I think the intended behavior: if a definition is missing, report it and do NOT edit until clarified? Let me re-read: "Si detectas una falta de definición, infórmala antes de editar." Literally: "If you detect a lack of definition, report it before editing." That means report first, then edit. It doesn't say wait. But to be safe and honor the spirit, I'll report the gaps explicitly in my chat, then proceed with explicit, documented interpretations (labeled as such), since the order is otherwise executable.

Hmm. Given this is a long autonomous task and the user likely won't respond, I think the best is: identify the gaps, state my interpretation decisions, and implement. But the phrase "antes de editar" strongly suggests the user wants a heads-up. Since this is a single-turn autonomous agent, I'll report them in my running commentary (which the user sees) and then proceed. Actually, I should consider whether to stop and wait. The runtime context says this is DS-3 execution. I'll do: report gaps, then proceed — but maybe create a `DEFINICIONES-FALTANTES.md`? No, better to report in the response and in INFORME.

Let me think about whether there's a truly blocking gap vs. minor. Let me enumerate candidate gaps:

G1. The order requires "la pregunta falsable: la que DS-2 formule para cada celda E". DS-2 (INFORME §1, §7) does not formulate a per-cell falsifiable question with a numeric threshold. It gives qualitative Ee/Ec and some quantities. → Not blocking, but I must supply the falsifiable statement per cell and declare it as a DS-3 construction (documented), since DS-2 didn't.

G2. "Coste mínimo absoluto de X para alcanzar una probabilidad de éxito dada": The unified cost model is not defined for most cells; the MODELO provides partial cost formulas. For A1/A2 (first-passage) we can define cost-vs-probability via β_d and retention recruitment. For A3, cost is fixed per TiB and success/detection probability is a step in k. For A4, cost is q per identity (a symbol, 3 scenarios, no function). For A5, O4 is a rule, not a cost. For A7, F3 has no numeric in ZEROX. These are declared "no evaluado" or "símbolo". → I'll implement what's quantifiable and mark the rest as "no cuantificable con el modelo ratificado" (which is a legitimate output, and consistent with REVISION-DS2 reservas: outputs are sensitivities, not predictions).

G3. The seven check cases reference specific numbers that require parameters not fully specified:
  - Case 2: `F=1.019, α=0.33, β_d=0` → P=9.75e-108. Need to know how d is rounded (346.46→346?). Also H-PUENTE. MODELO §2.2 says use DP, not closed form. d = (μ_p−μ_a)·F. With β_d=0, d=(1-2α)F=346.46. Need integer convention. The P-PRESTAMO instrument shows d=346. Let me check its F2-ventana.tsv for the exact d used. Let me read it.
  - Case 3: P(B=0) with θ=0.36 → 0.69768. That's e^{-0.36}=0.697676. Fine.
  - Case 4: B(ε)=0.675 for α=0.33, T_v=3600, ε=0.01. Need P-CLAVE formula.
  - Case 5: coverage with N=1,048,480, k=1000, B=181,092. storage_forced = max(0,1-B/N) if k>B else 0. Since k=1000 < B, =0. With k=1e6, φ_γ≈81.9%.
  - Case 6: CPU 24 threads equals 20TB disk at w≈7.6e5.
  - Case 7: Baig-Pietrzak formula.
  - Case 1: α* exact.
  So the check cases are implementable.

G4. The "Monte Carlo independente del mismo modelo" must match closed formulas in the check cases. But some check cases are exact arithmetic, not probabilistic (α*, B(ε), coverage step, BP formula). Only cases 2 (first passage) and 3 (retention P(B=0)) are stochastic. And perhaps case 5's φ_γ (hypergeometric) and case 6. Monte Carlo would be for the first-passage walk and the retention process. For the rest, MC isn't meaningful; I'll implement MC where the model is stochastic and note the rest are deterministic.

OK. I think the path is clear enough. Let me now read the remaining source instruments to extract formulas:
- P-CLAVE src/modelo.jl + referencia.jl/rapido.jl for θ, B(ε), C(β), region.
- P-EQUIVOCACION src for κ table.
- P-COBERTURA src/modelo.jl for storage_forced, B, φ_γ.
- P-INTENTO src/modelo.jl for sembrador cost.
- P-TASA maybe for M1 cost model.
- P-POOLS for O4.

Let me read those. I'll batch.

Also read the relevant INFORME sections for context/labels (P-CLAVE §1,3,6,10; P-COBERTURA §5; P-INTENTO §11; P-EQUIVOCACION §1.2). But the source code is more precise. Let me read the source files.

Let me do a big batch.
dsh: reasoning:
Now I understand P-CLAVE. Let me get the P-EQUIVOCACION κ table, P-COBERTURA storage forced formulas, and P-INTENTO sembrador. Let me read the source files directly.

Let me batch: P-EQUIVOCACION src/modelo.jl, P-COBERTURA src/modelo.jl + referencia.jl, P-INTENTO src/modelo.jl.
dsh: reasoning:
I have a lot of source. The P-EQUIVOCACION κ table isn't in `modelo.jl` (it's about DAG). The κ table is in `INFORME.md` §1.2 (enumerated exactly) or in `rejilla.jl`/`rapido.jl`. The MODELO.md already gives the κ table exactly:
- κ(C-GD-07, flujo común, m≤0.05)=1.000
- κ(C-GD-07, m=1)=0.455
- κ(C-GD-07, m=4)=0.000
- κ(flujo divergente)=0.000 for all identities except misma-parcela with IDV-01/CANDIDATA (=1.000)

That's enough — treat as step function.

Now P-COBERTURA: I have `almacenamiento_forzado`, B_unidades, etc. Good. Need φ_γ ≈ 81.9% for k=10^6. That's likely a hypergeometric detection probability. Let me find it in referencia.jl.

Let me read P-COBERTURA src/referencia.jl and rapido.jl to find φ_γ. Also P-INTENTO src/referencia.jl for sembrador cost formulas. And P-INTENTO INFORME §11 for the numbers.

Also I need the P-INTENTO formulas:
```
N_eq(máquina, w) = r · w · τ
coste/solución = (1/(r·w·p) + t_M3) / π_DAG
w_equilibrio = N_h / (r·τ)
```
with p ≈ λ/N_h, t_M3 = 22.99 ms, t_tabla = 809.13 ms/core, r = 25.03 tablas/s (24 threads), GPU 17× hypothesis.

Let me read P-INTENTO referencia.jl and INFORME §11 to get exact numbers, plus P-COBERTURA referencia.jl.

Actually, the MODELO.md is the ratified spec and gives the formulas. I can implement directly from MODELO. For check case 6 (CPU 24 threads equals 20TB disk at w≈7.6e5), I need the P-INTENTO numbers: N_h? "CPU de 24 hilos iguala un disco de 20 TB en w≈7,6·10⁵". Hmm, this relates to `w_equilibrio = N_h/(r·τ)` maybe. Let me compute: N_h = 20 TB / piece size. Piece size = 1,048,672 B = 1 MiB (approximately). 20 TB = 20 * 2^40 bytes? Or 20e12? With 1 MiB pieces: 20 TiB/1MiB = 20*2^20 ≈ 2.097e7 pieces? Hmm. w_equilibrio = N_h/(r·τ)? With r=25.03, τ=1 → 2.097e7/25.03 ≈ 8.38e5. Close to 7.6e5? Let me compute with 20 TB decimal: 20e12/1048672 = 1.907e7; /25.03 = 7.62e5. Yes! So w_equilibrio = N_h/(r·τ) with N_h = 20e12 bytes / 1,048,672 B ≈ 19.07e6 pieces, r=25.03 → 7.62e5. Good. The MODELO says "CPU de 24 hilos iguala un disco de 20 TB en w≈7,6·10⁵, no en miles". Great, that's checkable.

Now let me read P-COBERTURA referencia.jl (for φ_γ and exact storage forced), and P-INTENTO referencia.jl/INFORME §11. Let me also grab P-INTENTO run.jl to see the exact scenario used.

Let me batch these.
dsh: reasoning:
I now have enough source material. Let me also confirm the check case 5 φ_γ ≈ 81.9%. In MODELO: "Con k=10⁶ sí hay detección parcial (φ_γ≈81,9 %)". This is from coverage: with N=1,048,480, B=181,092, M = (1-φ)N for some φ? Actually φ_γ is the detection probability for a given stored fraction φ. The claim is: if attacker stores φ fraction and k=10^6, detection probability ≈ 81.9%. Hmm, but which φ? Let me look at P-COBERTURA INFORME §5 for the exact table. Let me read the relevant section.

Let me read P-COBERTURA INFORME §5 (around lines 300-450) and P-INTENTO §11. Let me grep for "81,9" or "81.9".
dsh: reasoning:
Let me read P-COBERTURA INFORME lines 420-520 to get the exact table/context for φ_γ, and also the cost table around 480-520. This is important for check case 5.
dsh: reasoning:
Good. Now I understand φ_γ = 81.91% for k=10^6. Let me understand what φ_γ means: it's the maximum stored fraction φ such that detection probability P(X>B) ≥ γ? Actually the certified frontier: with k=10^6, B=181,092, the practical frontier is at M=189,670 (p=9.8712e-3 < γ) vs M=189,671 (p=1.0181e-2 ≥ γ), where γ is some threshold. The φ_γ = 81.91% probably corresponds to φ such that M = (1-φ)N = ... Let's see: if φ = 0.8191, then M = (1-0.8191)*1,048,480 = 0.1809*1,048,480 = 189,670. Yes! So φ_γ is the maximum φ (stored fraction) at which detection probability reaches γ=0.01 per audit. Let me verify: M=189,670 gives p=9.87e-3 < 0.01, and M=189,671 gives p=1.018e-2 ≥ 0.01. And φ = 1 - 189,670/1,048,480 = 1 - 0.1809000 = 0.819100. Yes. So φ_γ=81.91%.

So check case 5: with k=10^6, detection partial φ_γ≈81.9% means at stored fraction φ=0.8191, P(detect) ≈ 1%. Hmm, MODELO case 5 says "Con k=10⁶ sí hay detección parcial (φ_γ≈81,9 %)". I'll implement the hypergeometric tail and reproduce: at φ = 1 - M/N with M=189,670, P(X>B) ≈ 9.87e-3; at M=189,671, ≈ 1.018e-2. And derive φ_γ = max φ with P ≥ γ=0.01.

Actually careful: φ_γ as "the frontier of practical detection with threshold γ" might be defined as the minimum φ that is detectable at rate γ. Let's read §5.3 context and the F4-frontera tsv maybe. But the certified points in line 477 are the key. I'll implement that.

Now for P-INTENTO §11. Let me read that section for the exact numbers. Let me grep for "t_M3\|22,99\|809,13\|25,03\|w_equilibrio\|N_h" in P-INTENTO INFORME.
dsh: reasoning:
Let me read P-INTENTO INFORME lines 430-525 for the model and tables. This will give the exact scenario for check case 6.
dsh: reasoning:
Now I have all the key formulas and numbers.

Now let me think about the actual deliverable and how to structure it. The task is very large but the check cases constrain a lot. Let me design the Julia package.

Project structure (per LINEO §1):
```
DS3/
├── Project.toml
├── Manifest.toml
├── julia-version.toml (or document)
├── src/
│   ├── Parametros.jl   (or included in Modelo)
│   ├── Modelo.jl       (module: types, closed formulas)
│   ├── Referencia.jl   (oracle: exact rational enumeration, hypergeometric exact)
│   ├── Rapido.jl       (DP kernels, MC)
│   └── Validacion.jl
├── test/runtests.jl
├── bench/benchmarks.jl
├── run.jl
├── resultados/
└── INFORME.md
```

Wait: the LINEO template says `src/modelo.jl`, `referencia.jl`, `rapido.jl`, `validacion.jl`. I'll follow that naming (lowercase). And a main module. Actually the LINEO plantilla: `src/modelo.jl` (tipos, transición y kernel puro), `src/referencia.jl` (oráculo simple/exacto), `src/rapido.jl` (implementación optimizada), `src/validacion.jl` (equivalencia, invariantes y bordes). Plus `test/runtests.jl`, `bench/benchmarks.jl`, `run.jl`, `INFORME.md`.

I'll create a package `DS3` with module `DS3` that includes the four files. Actually to keep it simple and robust with `Pkg.test()`, I need a proper package with `Project.toml` name = "DS3", uuid, and `src/DS3.jl` that includes the submodule files. Hmm, but LINEO says `src/modelo.jl` etc. I can have `src/DS3.jl` as main including `modelo.jl`, etc. Actually LINEO lists only those four files, but a package needs a main file named after the package. I'll make `src/DS3.jl` include the four files, and define functions at module level (not submodules) to keep it simple. Or use submodules like the reference instruments. I'll use a single module with includes.

For `Pkg.test()`, `test/runtests.jl` uses `using DS3` and `using Test`. Need `[extras] Test` and `[targets] test = ["Test"]` in Project.toml. Also StableRNGs for RNG. Dependencies: `StableRNGs`, `SpecialFunctions`? Maybe not needed if I use `erfc`? I can avoid SpecialFunctions by using `Distributions`? Hmm. For P(B=0) exact it's exp(-θ). The check case 3 needs the normal approximation comparison (0.3017). The normal approx `Φ(-μ/σ)` requires erfc. I can compute using `SpecialFunctions.erfc`, or use `Statistics`/`Distributions`. Simpler: implement erfc via `SpecialFunctions`. But adding dependencies increases install time. The reference P-CLAVE used SpecialFunctions. Let me check if the depot already has packages installed to avoid network. JULIA_DEPOT_PATH must be within my zone per the order ("usa JULIA_DEPOT_PATH dentro de tu zona"). Hmm, that means I should set JULIA_DEPOT_PATH to a directory inside DS3. Then packages need to be installed, which requires network. Is network available? Maybe. Let me check if there's a shared depot I could copy from. The order explicitly says use JULIA_DEPOT_PATH inside my zone, so I should create DS3/.julia-depot and let Pkg install. But network may be unavailable. Let me test.

Actually, to minimize dependencies and risk, I should use only stdlib (`Test`, `Random`, `Printf`, `Statistics`, `LinearAlgebra`) plus `StableRNGs` (required by the order: "semillas fijas con `StableRNGs` no consecutivas"). So I need StableRNGs. And `Random123` is optional. The order says StableRNGs specifically, so I need that package. `erfc` I can avoid by implementing a normal CDF using `Statistics.normcdf`? Statistics doesn't have normcdf. `Distributions` has. But I can implement Φ via `erfc` from `SpecialFunctions`, or use a rational approximation of the normal CDF in pure Julia. Actually I need the normal approximation only for the check case 3 (to show it's wrong). I can implement the normal CDF via a high-accuracy `erfc` approximation (e.g., Numerical Recipes `erfc_cheb`), or just compute `0.5*erfc(x/sqrt(2))` using a pure-Julia erfc implementation. I'll write a small `erfc` in pure Julia (documented, validated against known values in tests). That avoids SpecialFunctions.

But StableRNGs is unavoidable per order. Let me test whether Pkg can install it. Let me check network and existing depots.

Actually, maybe there's an existing .julia depot at /home/katana/.julia with StableRNGs already. LINEO says "usar `veritas/julia.sh`". Let me check if /home/katana/zeo/ZEROX/veritas exists (the repo has veritas/plantilla). Let me check. Also check the P-PRESTAMO instrument's Project.toml to see the exact dependency set and versions, maybe copy Manifest. But the order says each audit is independent and uses its own depot. Hmm.

The order for DS-3 says "usa JULIA_DEPOT_PATH dentro de tu zona". So I'll create `DS3/.julia-depot`. To populate it, Pkg needs to download. Let me test network and Pkg.

Let me check what's available. First, list veritas and julia.sh.
dsh: reasoning:
The packages are installed in /home/katana/.julia. The order says use JULIA_DEPOT_PATH inside my zone. I can create a depot in DS3 and copy the needed packages from /home/katana/.julia, or set JULIA_DEPOT_PATH="$(pwd)/.julia-depot:/home/katana/.julia" (as the reference instruments do). The reference P-PRESTAMO reproduction uses `export JULIA_DEPOT_PATH="$PWD/../../../.julia-depot:/home/katana/.julia"`. So it's a layered depot: local first, then the shared one. That satisfies "usa JULIA_DEPOT_PATH dentro de tu zona" (the primary/first entry is inside the zone), while using the shared read-only depot for packages. I'll do that: `JULIA_DEPOT_PATH="$PWD/.julia-depot:/home/katana/.julia"`.

But the package `DS3` must be dev'd/instantiated. With a local Project.toml and using `--project=.`, Pkg resolves. Since the shared depot has the packages, `Pkg.instantiate` should work offline if a Manifest can be resolved. To be safe, I'll generate Manifest.toml via Pkg.resolve/instantiate. Network might not be needed if registry is present in shared depot. Let me test.

Let me now set up the project skeleton and test Julia + StableRNGs quickly with a temp script in my zone. First, let me create the depot dir and test.

Actually, wait. Let me first fully plan and report gaps. But it's efficient to test the toolchain now.

Let me do a quick test: create DS3, a minimal Project.toml with StableRNGs + Test, set depot, instantiate.

I'll write files using the write tool. But the instruction says report missing definitions before editing. Hmm — "antes de editar" (before editing). I'll interpret "editar" as editing the source code / producing the deliverable. To be safe, let me report the gaps now in my message, and then proceed. Given the multi-turn nature, I can state them and continue. Actually, the agent framework expects me to continue in the same turn. I'll write a `DEFINICIONES-FALTANTES.md`? That's editing. Let me just state it in the response? But my response is only at the end. The user won't see intermediate reasoning except through tool calls. Hmm.

I think the practical interpretation: the user wants me to flag ambiguities rather than silently invent definitions. I will document them prominently in the INFORME and also create a short `DEFINICIONES-FALTANTES.md` at the start (that's a legitimate artifact, not source code), and proceed. Actually the phrase "infórmala antes de editar" — I can create the file `DEFINICIONES-FALTANTES.md` first (as a report), which itself is an edit... circular. I'll just proceed and put a clear section in INFORME.

Hmm, let me reconsider: maybe the best is to actually ask the user and stop? But that would leave the task undone. The task is large and clearly intended to be completed. The "falta de definición" instruction is likely a test of whether I notice that DS-2 didn't formulate per-cell falsifiable questions and that "minimum cost for a given success probability" isn't fully specified for all cells. The instruction likely wants me to report and *then* proceed with documented assumptions, not to stall.

I'll write `DEFINICIONES-FALTANTES.md` early with the gaps and my resolutions, then implement. That's the cleanest "report before editing [the code]".

Let me now decide the actual model and computations. This is the crux. Let me design carefully but pragmatically.

### Cells marked E by DS-2

From INFORME §3 matrix, the E cells are:
PoStake:
- A1/M1: N (frente a B0: Ee débil) → Ee weak
- A1/M3: Ec
- A1/M4: Ec no evaluado
- A1/M5: N (precondición)
- A2/M3: Ec
- A2/M4: Ec no evaluado
- A3/M1: Ee débil
- A4/M1: Ee
- A5/M3: Ec (adverse effect)
- A7/M3: Ec no evaluado
- A7/M5: Ee condicional
- A9/M3: Ec no evaluado
- A9/M4: Ec no evaluado
- A10/M1: Ee débil
Filecoin:
- A1/F1: N, F2: N, F3: N, F4: N, F5: N
- A3/F1: Ee; F2: Ee condicionado; F3: I bajo supuestos; F4: Ee; F5: Ee débil
- A4/F1: Ee; F4: Ee
- A7/F1: Ee condicionado; F3: Ee; F4: Ee condicionado
- A9/F2: Ec; F4: Ee
- A10/F1: Ee; F4: Ee; F5: Ee
Otros:
- A1/O1: N; O2: Ee para bootstrapping; O3: Ee estructural; O4: N
- A6/O2: Ee estructural
- A7/O1: Ee condicional; O2: Ee; O3: Ee estructural
- A8/O1: Ee medido
- A9/O3: Ee signo mixto
- A10/O5: Ee condicionado
- A2/O5: Ec
- A3/O5: I / N
- A5/O4: Ee — the cleanest
- A5/O5: I por arquitectura
- A7/O5: Ec
- A12: W cells.

That's a lot. The order says "para los ataques y mecanismos que DS-2 marque E". Quantifying all is infeasible. The realistic scope: focus on the cells with explicit quantities in MODELO:
- A1 (double farming) via M1/M2/M3/M5, O2, O3: use first-passage DP and retention/recruitment model. This is the main computational core.
- A3 (seeder) via F1+F2+F4: coverage cost per TiB, detection frontier.
- A4 (Sybil) via M1/F4: fixed per-identity cost, using P-TASA (regressive). Quantifiable via scenario q.
- A5 (pools) via O4: rule; cost of implementation qualitatively.
- A7 (long range) via F3/O2/O3: F3 not implemented in ZEROX; O2 PoT; O3 finality.
- A8 (transition) via O1: PoW hashrate measured.
- A10 via F5/F1: activation delay.
- A12: adverse effects.

The order's core: "coste mínimo absoluto de X para alcanzar una probabilidad de éxito dada". The concrete, falsifiable computational tasks:

1. **A1 doble farmeo**: Given target success probability P*, find minimum β_d (double-farming space) and the associated cost (bribe/rent cost + own α space + PoT compute) such that P_first_passage(β_d) ≥ P*. Compare B0 (no mechanism: cost 0, since β_d free, α* falls ⇒ attacker of α>0 wins eventually) vs B1 (M1+M2+M5: retention but no punishment ⇒ still free) vs candidate M3+M5 (Ec: cost = κ·q·(ρ_ret·I·T_v + c_r + I·M) per recruited farmer) and M4 (unquantified). This uses:
   - DP first passage
   - d = round((μ_p - μ_a)·F), p = μ_a/(μ_a+μ_p)
   - region/soborno formulas
   - recruitment cost from retention
   - Monte Carlo of the walk (independent)
   The "minimum cost to reach P*" can be found by bisection on β_d (or on the cost directly) using the DP, then cost = bribes·N_recl + PoT·F. For B0/B1, cost=0 (mechanism doesn't add cost). For M3+M5, cost = b*(β_d)·N_recl(β_d).
   
   Actually, more precisely: the cost of achieving a target success probability is the bribe cost to recruit the needed β_d, since α own space isn't purchasable. Hmm. But the order says "coste mínimo absoluto ... en cada dimensión del marco". Dimensions: C-riesgo (capital lost if discovered), C-inmov (r·K·T), C-adq (acquire tokens), C-energía, C-hardware, C-tiempo, P-detección. So I should output per-dimension costs, not just a single number. That's a good framing: for each E cell, compute the vector of cost dimensions under B0/B1/candidate and scenario.

This is getting large. Given the 2h budget, I need to bound scope. Let me define a coherent, implementable model and be explicit about what is and isn't computed. The key is to satisfy the check cases and produce meaningful tables.

Let me define the DS-3 computational model as follows:

**Module A: stochastic race (A1/A2, M3/M4/M5, O2/O3)**
- `primera_dp(p, d, T)` exact DP (first passage) — port from P-PRESTAMO.
- `p_de_alpha`, `deficit`, `alpha_estrella`, `beta_cruce`.
- Monte Carlo `mc_ventana` with StableRNGs (non-consecutive seeds via splitmix hash) for the walk.
- Closed-form eventual `(q/p)^(d+1)` for cross-check.

**Module B: retention/recruitment (M2/M3/M5)**
- θ = λ f T_v; P(B=0)=e^{-θ}; E[B], Var[B]; exact CDF via the exponential-spacings sampler / Poisson-Dirichlet. For check case 3 only P(B=0) and normal comparison.
- B(ε) = Pareto mass; C(β) = (β - B(ε))·coef.
- Region: κ·q·(ρ_ret·I·T_v + c_r + I·M) > V/N; honesty ν·ρ_ret·T_v < 1; empty region when κq→0 or V unbounded.
- Minimum cost to recruit β: C(β) with the staircase.

**Module C: coverage/seeder (F1+F2+F4, A3)**
- B = R(wτ + D_a); almacenamiento_forzado = max(0,1-B/N) if k>B else 0.
- Detection probability φ: hypergeometric tail P(X>B) with X~Hypergeom(N, M, k); exact rational for small, Float64 log-factorial for large.
- Cost: nucleos_por_TiB = N_TiB·t_unidad/(wτ+D_a), máquinas/TiB, energy ratio 1.524×.
- Check case 5.

**Module D: M1/F4 per-identity (A4)**
- Fixed q per identity; cost regression (P-TASA). Since q is a symbol with 3 scenarios, compute cost = q·(number of identities) and the fraction of honest excluded. But the exact P-TASA model isn't in MODELO beyond the symbol. Hmm. The MODELO §3 gives q as a symbol with 3 scenarios (bajo/medio/alto respecto de la emisión). Without the P-TASA functional form in MODELO, I can implement a simple, declared model: cost per identity = q (in u.e.), and A4's attack needs m identities; the marginal cost of partitioning is q per partition. The regression is that q/f (cost per byte) increases as f decreases, so small farmers are hit more. This is derivable: cost_per_byte = q/f. I'll present Δ cost = q·(number of extra identities) with the symbol swept.

**Module E: O4 (A5)** — no numeric cost; report as "rule, no tokenizable cost; removes blind-sign reward". The MODELO doesn't give a formula. I'll mark as "no cuantificable con MODELO ratificado (regla de consenso, no coste)".

**Module F: O1/A8 (start PoW)** — hashrate 73.79 MH/s CPU, 561 MH/s GPU, 1.94e-7 J/hash. Cost to rewrite k blocks: energy = hashes·J/hash. Compute with measured numbers. This is check case-ish (MODELO §2.12).

**Module G: Baig-Pietrzak formula** — check case 7.

**Module H: filecoin energy model** — P = (A·SR + B_fil·Cap)·PUE. Present as scenario (only as hypothesis for transfer to ZEROX).

Given the enormous scope, I'll implement A, B, C, D, F, G and the energy model, and clearly mark O4, F3, M4, O3 as "no cuantificado: falta de definición en el modelo ratificado" — that's itself a finding.

Hmm, wait. The order says "para los ataques y mecanismos que DS-2 marque E". If I only compute a subset, I'm not fully complying. But it also says "Si detectas una falta de definición, infórmala". The lack of definition is exactly that the ratified MODELO doesn't provide a cost-vs-success-probability function for most E cells (O4, F3, M4, O3, F5, M1/A4 partial). So the honest deliverable: compute all cells that the MODELO quantifies, and for the rest report "falta de definición" with the exact missing piece. That is compliance with the instruction.

I think that's the right call and defensible. Let me make the INFORME contain a table "celdas E y estado de cuantificación" listing each E cell, whether MODELO quantifies it, and if not, the missing definition.

Now, about "coste mínimo absoluto de X para alcanzar una probabilidad de éxito dada". I'll define a target success probability grid P* ∈ {1e-6, 1e-3, 0.5, 0.99} (declared hypothesis) and for A1 compute min β_d and min cost. For A3, success/detection: the attacker's goal is undetected sowing; the "success probability" = P(not detected in one audit) = 1 - φ. The cost for target success = min cores to regenerate. Actually detection is a per-audit probability; the attacker wants to remain undetected over many audits. I'll model: P(undetected over T audits) = (1-φ)^T. Then for a target success P*, determine required φ and the corresponding cores/TiB. But the coverage model's cost is fixed (regenerating the whole lot) regardless of φ? Hmm. The attacker who stores φ fraction and regenerates 1-φ: cost ∝ (1-φ). So the minimum cost to achieve undetected probability = (0 if k≤B else ...). Actually with k>B, to be undetected with prob 1-φ per audit, need M ≤ B i.e. stored fraction ≥ 1-B/N. Cost to store that fraction is the honest cost, not attack cost. The attack (regeneration) cost is for the omitted fraction, but omitting >B triggers detection. So the minimum attack cost to remain undetected is ~0 (store everything? no). Hmm, the attacker's cost is cores/TiB continuous to *emulate* the stored lot by regeneration. If he regenerates the whole lot each window, cost = 117 cores/TiB. If he stores most and regenerates little, less. The MODELO §2.9 says 117.2 cores/TiB continuous is the cost of "el atacante que regenera" (whole lot). I'll present that as the A3 cost at the coverage frontier, and the detection probability as a function of k.

OK. This is getting complex; I need to just build it. Let me bound: I'll implement the formulas and the 7 check cases, a sensitivity sweep, an MC, and tables. The INFORME will answer per E cell.

Given time constraints, let me now start creating the project. But first, let me report the gaps in `DEFINICIONES-FALTANTES.md`.

Actually, let me reconsider the whole approach in light of the instruction "Si detectas una falta de definición, infórmala antes de editar." There's a real chance the expected behavior is to report and *stop*, waiting for the director (Claude/Katana) to resolve. But the harness is single-turn; the user won't reply. However, the task says "y cumple la orden" (and fulfill the order). So I must both report and fulfill. The gaps are non-blocking if I choose documented interpretations. So: report + proceed.

Let me now start. Plan with todo list.

Let me create todos:
1. Read all inputs (done) and source instruments (done).
2. Report definitional gaps (DEFINICIONES-FALTANTES.md).
3. Scaffold Julia project (Project.toml, Manifest via instantiate).
4. Implement src/modelo.jl (params, closed formulas).
5. Implement src/referencia.jl (exact oracles).
6. Implement src/rapido.jl (DP kernel, MC, sweeps).
7. Implement src/validacion.jl.
8. test/runtests.jl with 7 check cases.
9. run.jl CLI + scenario file + CSVs.
10. INFORME.md.
11. Benchmarks + Pkg.test + verify.

Let me start by testing the Julia toolchain with the local depot. I'll create the project dir and a minimal Project.toml. Actually, let me create the full Project.toml with only needed deps: StableRNGs, plus stdlib Test, Random, Printf, Statistics. BenchmarkTools for bench. Let me set compat julia = "1.13".

I need a UUID for the package. Let me generate one.

Let me first test offline instantiate. Create DS3 dirs and Project.toml.

Actually the DS3 directory is currently empty. Let me create files.

Let me first report gaps. I'll write `DEFINICIONES-FALTANTES.md` into DS3.

Let me carefully enumerate the gaps:

**G1 (orden):** The order says the falsifiable question is "la que DS-2 formule para cada celda E ('el mecanismo multiplica el coste mínimo de X por al menos …')". DS-2's INFORME/MODELO contain no such per-cell statement with a numeric factor. → DS-3 constructs one per cell and labels it as DS-3's, not DS-2's.

**G2 (coste mínimo vs probabilidad):** MODELO gives probability-as-function-of-parameters for A1/A2 (first passage), a detection frontier for A3, fixed per-TiB costs, and symbols for the rest. It does not define a single cost function invertible to "minimum cost for a success probability P*" for A4/A5/A7/A8/A9/A10. → DS-3 defines, documented: target P* grid; for A1/A2 inverts via β_d (bisection on the DP); for A3 defines success = per-audit non-detection and uses the coverage frontier; for the rest, reports the cost formula that the MODELO does provide and marks the missing piece.

**G3 (integer deficit):** MODELO §2.2 gives d=(μ_p−μ_a)F but the DP needs integer d; the exact rounding convention is not stated in the ratified MODELO. → P-PRESTAMO's own instrument shows the published values with d integer (e.g., 346 for 346.46). DS-3 uses `round(Int, d)` and declares it; check case 2 fixes the convention (must reproduce 9.75e-108).

**G4 (semilla no consecutiva):** MODELO/order require StableRNGs non-consecutive; the derivation function is not specified. P-CLAVE uses splitmix64 `hash64(semilla_maestra ⊻ etiqueta, id)`. DS-3 adopts that and declares it.

**G5 (P-TASA functional form for A4):** MODELO lists q, S_min as symbols with 3 scenarios but does not give the cost function for A4 partitioning beyond "no proporcional". P-TASA is outside the frozen input. → DS-3 uses the declared, minimal model: cost per identity = q (u.e.), cost per byte = q/f, swept over q scenarios; marks it as a DS-3 model, not a P-TASA reproduction.

**G6 (O4, F3, M4, O3, F5 cuantificación):** no closed formula in MODELO. → report.

**G7 (H-PUENTE):** all F2/A1-window results are conditional on H-PUENTE which doesn't exist. MODELO §5 says mark it. → DS-3 marks.

**G8 (energy transfer to ZEROX):** MODELO §2.10 Filecoin energy is a fact for Filecoin, hypothesis for ZEROX. → mark.

**G9 (cost of honest):** The order asks "cociente frente al coste del honesto". MODELO gives honest cost pieces (energy storage per TiB, retention loss ε_h, honest coverage storage). But there's no single "honest cost" baseline defined. → DS-3 defines honest cost as the honest farmer's cost to do things right in the same scenario (storage energy + storage hardware + one-time retention), documented.

OK. Enough. Let me write the report file, then build.

Actually, hold on. Let me reconsider the time budget: 2h. I've spent a fair amount reading. I need to be efficient. Let me now write the code in a few large files.

Let me design the code concretely.

#### Project.toml
```toml
name = "DS3"
uuid = "<generated>"
authors = ["DS-3"]
version = "0.1.0"

[deps]
Printf = "de0858da-6303-5e67-8744-51eddeeeb8d7"
Random = "9a3f8284-a2c9-5f02-9a11-845980a1fd5c"
StableRNGs = "860ef19b-820b-49d6-a774-d7a799459cd3"
Statistics = "10745b16-79ce-11e8-11f9-7d13ad32a3b2"

[compat]
julia = "1.13"
StableRNGs = "1"

[extras]
Test = "8dfed614-e22c-5e08-85e1-65c5234f0b40"

[targets]
test = ["Test"]
```
Wait, do I need Statistics? Maybe not. I'll avoid it. Printf for formatting. Random for randn/randexp (used in MC sampling of exponential spacings). Actually StableRNGs provides a RNG; `rand`, `randexp`, `randn` work with it from Random. I need `using Random` for `randexp`, `randn`. Yes.

Let me minimize deps: Printf, Random, StableRNGs. Test and BenchmarkTools as extras? BenchmarkTools is not stdlib; I'd need it in deps for bench to run. To avoid another package, I can write bench using `@time`/`@elapsed` loops and report medians manually. LINEO says BenchmarkTools obligatory before/after optimizing, but DS-3 is not primarily a performance optimization audit; still, LINEO says bench/benchmarks.jl. I'll include BenchmarkTools if available in the shared depot (it is). Let me include it in deps.

Actually including many deps means Manifest resolution. Since they're all in the shared depot, should be fine offline. Let me include: StableRNGs, BenchmarkTools (for bench), and stdlib Printf, Random, Statistics. Test as extra.

Hmm, BenchmarkTools has many deps but they're all present. Let me just try.

The order says `Pkg.test()`. For that, the package must be instantiated. Let me create the project and run `Pkg.instantiate()`.

Let me create the files now. I'll write the report first.

Actually, let me reconsider: maybe I'm overcomplicating. Let me focus on a robust, correct, testable package.

Let me define the API:

**modelo.jl** (module Modelo inside DS3? or just functions):
- structs: `Retencion`, `Pareto`, `Reparto` (α, βd, βx, ηh, ηa).
- functions: `alpha_estrella`, `deriva`, `p_de_alpha`, `deficit_esperado`, `beta_cruce`.
- retention: `theta`, `balance_medio`, `balance_var`, `p_saldo_cero`, `masa_prob(Pareto,...)`, `coste_reclutamiento(β, B_ε, coef)`.
- region: `region_disuasion`, `region_honestidad`, `region_vacia`.
- coverage: `ventana_s`, `B_unidades`, `almacenamiento_forzado`, `nucleos_por_TiB`, `maquinas_por_TiB`, `w_cruce`.
- sembrador: `N_eq`, `coste_por_solucion`, `w_equilibrio`.
- pow: `coste_pow`.
- baig_pietrzak: `pasos_bp`.
- filecoin energy: `potencia_filecoin`.

**referencia.jl**:
- `enumerar_exhaustivo(p, d, T)` exact first-passage enumeration (Rational{BigInt}).
- `cola_hiper_exacta(N, M, k, B)` exact hypergeometric tail.
- `almacenamiento_forzado_exacta`.
- `muestra_espaciado_exacta` for retention (exponential spacings) — or MC.

**rapido.jl**:
- `primera_dp(p, d, T)` DP kernel.
- `mc_ventana(p, d, T, nrep, semilla)` StableRNGs, non-consecutive.
- `cola_hiper_rapida(N, M, k, B)`.
- sweeps: `barrido_beta`, `barrido_cobertura`.
- `coste_minimo_a1` (bisection).

**validacion.jl**:
- consistency checks.

**run.jl**: CLI with `--seed`, `--reps`, `--target`, `--salida`, tasks.

**test/runtests.jl**: the 7 check cases + kernel vs oracle + MC within CI.

Now the 7 check cases precisely:

1. α* exact: `alpha_estrella(0,0,1,1) == 1//2`; `alpha_estrella(0.34,0,1,1) ≈ 0.33` (cruce: with α=0.33 and β_d=0.34, g=0? deriva = (0.33+0.34) - (1-0.33) = 0.67-0.67=0 exactly). Also compare against Rational{BigInt}. So test: `alpha_estrella(0,0,1,1) == 1//2`; and `abs(alpha_estrella(0.34,0,1,1) - 0.33) < 1e-12`; and exact rational version.

2. Ventana F: `primera_dp(0.33, 346, 1019).paso ≈ 9.75e-108`. And `primera_dp(p, d(F=3600), 3600) < primera_dp(p, d(F=1019), 1019)` for the same α,β_d? The spec says "Con F=3.600 la probabilidad debe ser menor, no mayor". For α=0.33, β_d=0: F=3600 → d=round(0.34*3600)=1224, p=0.33. With d=1224 > T? d=1224 > 3600? No, 1224 < 3600. P would be astronomically smaller. But the P-PRESTAMO table for F=3600 uses α=0.33, β_d=0.34 → d=404. Hmm, the spec says "Con F=3.600 la probabilidad debe ser menor, no mayor (la ventana larga perjudica al atacante)." I'll test with a case where the deficit isn't already past the drift, e.g., α=0.33, β_d=0.34: F=1019 → d=114 (from table: β_d rel 0.34, α=0.33 → d=114, P=2.064e-10); F=3600 → d=404, P=6.724e-34. Indeed smaller. So test P(F=3600) < P(F=1019) for the same (α, β_d). Good.

3. Retention: `p_saldo_cero(θ=0.36) == exp(-0.36) ≈ 0.69768`; normal approx gives 0.3017 (ratio 0.432). I need to implement the normal approximation exactly as in P-CLAVE `masa_cero_aprox`: μ = ρ I γ θ, σ² = ρ²I²θ/3 with γ=0.5 for LINEAL. Then P(B=0) ≈ Φ(-μ/σ) = 0.5 erfc(μ/sqrt(2σ²)). With θ=0.36, ρ=I=1: μ=0.18, σ²=0.36/3=0.12, σ=0.34641, z=0.18/0.34641=0.51962, Φ(-0.51962)=0.3017. Yes. So I need erfc/Φ. I'll implement `normcdf` via a pure Julia erfc. Let me implement `erfc` using the Numerical Recipes `erfc` approximation or use `SpecialFunctions`. Since SpecialFunctions is in the shared depot, I could just use it. That's simplest and least error-prone. Let me add SpecialFunctions to deps. It's present. Good.

   Actually wait: the order says "usa JULIA_DEPOT_PATH dentro de tu zona" and "Cada auditoría es independiente: no comparte entorno con las demás." Using the shared read-only depot as a fallback is what the reference instruments do. Fine.

4. Grieta F3 (P-CLAVE): with α=0.33, T_v=3600, ε=0.01: B(ε)=0.675 > 1-2α=0.34 ⇒ grieta exists. With T_v=100000 and criterion (1-2α)/(1-α)=0.5075: B=0.369 < 0.5075 ⇒ no. Need B(ε) = M(ε/(λT_v)) with Pareto truncated [1e-8, 1], exponent 2.2? The value 0.675 for T_v=3600 and ε=0.01. Let's check: `masa_prob(Pareto(f_min=1e-8, α=2.2), f*)` with f* = ε/(λ T_v). Take λ=1, T_v=3600, ε=0.01 → f*=0.01/3600=2.778e-6. With F_max=1: b=2-2.2=-0.2. M = (x^{-0.2} - f_min^{-0.2})/(F_max^{-0.2}-f_min^{-0.2}) = (x^{-0.2}-1)/(1-1) ... wait f_min=1e-8, f_min^{-0.2} = (1e-8)^{-0.2} = 10^{1.6} = 39.81. F_max=1 → 1. So denominator = 1 - 39.81 = -38.81. numerator = x^{-0.2} - 39.81. x=2.778e-6, x^{-0.2} = (2.778e-6)^{-0.2} = e^{0.2*12.793} = e^{2.5586} = 12.92. numerator = 12.92-39.81 = -26.89. ratio = -26.89/-38.81 = 0.6928. Close to 0.675 but not exact. Maybe exponent 2.2 and f_min different, or λ different. Let me not assume; the check case says "B(ε)=0.675". Hmm. I need to find the exact scenario. Let me search P-CLAVE INFORME for 0.675 / 0,675 and the F3 grid.

Let me grep. Actually MODELO §4 case 4 says `α=0,33, T_v=3.600, ε=0,01: B(ε)=0,675`. And "el criterio heredado (1−2α)/(1−α)=0,5075". Let me find in P-CLAVE INFORME §3 or the results F2 file the exact parameters.

Let me grep the P-CLAVE INFORME for "0,675" and "grieta".
dsh: reasoning:
The exact B(ε) = 0.675 comes from Pareto(1e-8, 2.2) truncated, λ=1, T_v=3600, ε=0.01. My hand calc gave 0.6928, but the report says 0.6755. Let me check the Pareto formula more carefully. The code `masa_prob(dist, x; F_max=Inf)` with alpha=2.2:
b = 2 - alpha = -0.2.
Non-truncated: `1 - (f_min/x)^(alpha-2)`. alpha-2 = 0.2. f_min=1e-8, x=f* = ε/(λ T_v) = 0.01/3600 = 2.7778e-6. (f_min/x) = 1e-8/2.7778e-6 = 0.0036. ^0.2 = e^{0.2 ln 0.0036} = e^{0.2*(-5.6268)} = e^{-1.12536} = 0.32451. 1 - 0.32451 = 0.67549. Yes! 0.6755. Great, I made a sign error before. So `masa_prob` uses the non-truncated (F_max=Inf) formula, requiring alpha>2. Good.

So B(ε) = 1 - (f_min/f*)^{α-2} = 1 - (f_min·λ·T_v/ε)^{α-2}. With α=2.2. For T_v=100000: f* = 0.01/100000 = 1e-7. f_min/f* = 0.1. ^0.2 = 0.1^0.2 = e^{-0.4605}=0.63096. 1-0.63096=0.36904. Matches 0.369. 

So check case 4 is clear: `B(ε)` via Pareto(1e-8, 2.2) non-truncated.

Now check case 6: w_equilibrio = N_h/(r τ) with N_h = 19,071,000 pieces, r=25.03, τ=1 → 19071000/25.03 = 761,925 ≈ 7.6e5. Good.

Check case 7: BP formula:
ℓ = ⌈ρ²φ²(1+ε)((1+ε)−1/φ)/ε⌉ + ⌈ρφ²((1+ε)−1/φ)/ε⌉ + 2·⌈log φ / log(1+ε)⌉
With φ=2, ε=0.01, ρ=4:
(1+ε) - 1/φ = 1.01 - 0.5 = 0.51.
Term1 = 16 * 4 * 1.01 * 0.51 / 0.01 = 16*4=64; 64*1.01=64.64; *0.51=32.9664; /0.01=3296.64 → ceil 3297.
Term2 = 4 * 4 * 0.51/0.01 = 16*51 = 816 → ceil 816.
Term3 = 2*ceil(log 2/log 1.01) = 2*ceil(0.693147/0.00995033) = 2*ceil(69.66)=2*70=140.
Total = 3297+816+140 = 4253. Hmm, but the MODELO says "≈1.233 pasos de bootstrap + ≈140 de replot". That doesn't match my computation. Let me re-read the formula. Maybe ρ is a different parameter (number of replotted copies), and φ... Actually the MODELO §2.11 says "con φ=2, ε=0,01, ρ=4 (los parámetros de la Fig. 1 del artículo), la construcción da ≈1.233 pasos de bootstrap + ≈140 de replot". My term1+term2 = 4113, not 1233. Hmm.

Maybe the formula in MODELO has a typo: `ℓ = ⌈ρ²φ²(1+ε)((1+ε)−1/φ)/ε⌉ + ⌈ρφ²((1+ε)−1/φ)/ε⌉ + 2·⌈log φ / log(1+ε)⌉`. Let me compute with φ=2, ε=0.01, ρ=4 differently. Perhaps the "bootstrap" count is term1 only but with something else. Or maybe the formula from the paper is `ℓ = ...` where the first two terms use `(1+ε)^?`. Let me actually fetch arXiv 2505.14891 to get the exact Theorem 1. The instruction says read LINEO fully; MODELO is the spec, and it says this is a cross-check: "verificar que el orden de magnitud coincide con la figura del artículo; no es una cifra de ZEROX". So I need to implement the formula *as written in MODELO* and check it gives the stated approximate values. But if MODELO's own formula doesn't yield 1233+140, then there's a contradiction / falta de definición (the formula as given is inconsistent with its expected output). This is exactly a "falta de definición" I should report!

Let me double-check by computing more carefully. Maybe I misread: `ℓ = ⌈ρ²φ²(1+ε)((1+ε)−1/φ)/ε⌉ + ...`. Hmm. Let me try φ = 2, ρ = 4, ε = 0.01:
- ρ²φ² = 16*4 = 64
- (1+ε) = 1.01
- ((1+ε) - 1/φ) = 1.01 - 0.5 = 0.51
- /ε = /0.01 = *100
64 * 1.01 * 0.51 * 100 = 3296.64 → 3297.
Second: ρφ² = 4*4=16; 16*1.01... no wait second term is `ρφ²((1+ε)−1/φ)/ε` = 16 * 0.51 * 100 = 816.
Total 4113 + 140 = 4253.

Hmm. But maybe the formula is from the paper with different definition: ρ is the number of copies the adversary replots, and the number of bootstrap steps is `ρ²φ²(1+ε)((1+ε)−1/φ)/ε`? That seems huge. The paper's figure might show ~1233 + 140 for those params. Let me fetch the paper to check Theorem 1. Actually, I recall Baig-Pietrzak's Theorem 1: the attack produces a chain of length ℓ = ... Let me fetch.

Actually, let me search the DS-2 PDF text. The PDF is in deepseek/DS2/baig-pietrzak.pdf. I can extract text with `pdftotext` if available, or read the PDF? I can use bash `pdftotext`. Let me try. Actually the instruction says use read tool for text files, but PDF needs extraction. Let me check if pdftotext exists.

This matters because check case 7 is a required regression. Let me investigate.

Let me also double check: maybe MODELO's formula has a typo and the true paper formula yields different numbers. The MODELO is "ratificada" and is the spec. If the spec's formula gives 4253 but claims 1233+140, then either (a) I misread the formula, or (b) the spec is internally inconsistent. Let me get the paper's Theorem 1.

Let me try pdftotext.
dsh: reasoning:
The abstract confirms the bound is φ²·ρ/ε. With φ=2, ρ=4, ε=0.01: 4*4/0.01 = 1600. Hmm, that's the main bound, not 1233. The MODELO formula gives 4253, which is larger. The stated "1233 bootstrap + 140 replot" — let me get the HTML Theorem 1 to see exact constants. Let me fetch the HTML.

Actually, let me reconsider. The MODELO §2.11 says it's a cross-check of the *implementation* of the bound, and "verificar que el orden de magnitud coincide con la figura del artículo". So if my implementation of the MODELO formula gives 4253 (order 10^3), and the article's Fig. 1 shows ~1233+140 (order 10^3), the order of magnitude matches (10^3). The formula terms: 3297+816+140 = 4253. The "≈1.233 pasos de bootstrap" might be the value plotted in Fig 1 for a different definition. Since the order says "verificar que el orden de magnitud coincide con la figura del artículo; no es una cifra de ZEROX, es una comprobación de que DS-3 implementó bien la fórmula", I'll implement the formula exactly as written in MODELO and report both the formula's value (4253) and note the discrepancy with the 1233+140 claim, flagging it as an inconsistency in the ratified spec (a falta de definición: the formula and the stated values don't match). That's exactly the kind of thing to report.

But wait — maybe I should check the paper's actual Theorem 1 to see if the MODELO formula is a faithful transcription. Let me fetch the HTML and search for the theorem. The HTML might be large. Let me fetch and grep. Actually web_fetch returns text; I can then search. But it may be huge. Let me try the HTML.

Hmm, I have limited budget. Let me be judicious. The MODELO explicitly says DS-3 must reproduce the formula (it's given), and separately says "verificar que el orden de magnitud coincide con la figura". I'll implement as given, and the test will check the formula's arithmetic. For the "1233+140" claim, I'll flag it. Actually, the check case 7 wording: "Reproducir el Teorema 1 con φ=2,ε=0,01,ρ=4 (§2.11) como prueba de que la implementación de la cota es correcta". So the test is: implement §2.11's formula and check the arithmetic. I'll assert the formula's output equals the closed-form arithmetic (self-consistent), and document that it yields 4253 total (3297+816+140), not the 1233+140 quoted in the same section → flag.

Let me quickly fetch the HTML to get the exact theorem for completeness. Let me do it in background? No, just fetch and grep. Actually web_fetch returns the entire page converted to text; I can't grep it directly without storing. I'll store to a file in DS3 then grep. That's allowed (within my zone). Let me do that. But it's external data. Fine.

Let me fetch the HTML.

Actually, let me not spend too much. The key deliverable is the calculator. I'll implement the formula as written and flag the inconsistency.

Now, let me get moving on the code. I'll create the project.

Let me first write DEFINICIONES-FALTANTES.md.

Then create Project.toml and test instantiation.

Let me generate a UUID via julia or uuidgen. I'll use `uuidgen` if available, else julia.

Let me now write the files. I'll do it stepwise.

First, the gap report. Then scaffold.

Let me write the gap report concisely but completely.

Then Project.toml with a UUID. Let me get one.
dsh: reasoning:
Now let me write the todo list and the gap report. Then proceed.

Let me set up todos.
dsh: reasoning:
Now write the gap report. Let me be precise and reference files/lines.
dsh: reasoning:
Now let me scaffold the project and test instantiation with the local depot. Let me create Project.toml.

Deps: StableRNGs, BenchmarkTools, SpecialFunctions; stdlib: Printf, Random, Statistics, LinearAlgebra (maybe not). Let me include SpecialFunctions for erfc. Actually I can avoid BenchmarkTools to reduce resolution risk, using it only in bench. But bench/benchmarks.jl should run. I'll include it.

Let me write Project.toml.

Then test: `JULIA_DEPOT_PATH="$PWD/.julia-depot:/home/katana/.julia" julia --project=. -e 'using Pkg; Pkg.instantiate()'`.

Let me also set `JULIA_NUM_THREADS`. Let's try. Note LD_LIBRARY_PATH issue: use `env -u LD_LIBRARY_PATH`.

Let me create the depot dir and Project.toml.
dsh: reasoning:
The instantiate succeeded (Manifest created), only the precompile of my empty DS3.jl failed because it must define module DS3. That's expected since I touched an empty file. Let me now write the code.

Manifest.toml created? Let me check. The error was during precompiling DS3 after instantiate. It created Manifest. Let me verify later.

Now let me write the source. This is the big step. Let me design carefully and write comprehensive but correct code.

I'll structure as a single module `DS3` in `src/DS3.jl` that includes the four files, each defining plain functions and structs (no submodule) to keep imports simple. Actually including files inside a module works.

Let me write `src/modelo.jl` with all types and closed formulas.

Key design:

```julia
module DS3

using Printf
using Random
using SpecialFunctions: erfc
using StableRNGs: StableRNG

include("modelo.jl")
include("referencia.jl")
include("rapido.jl")
include("validacion.jl")

end
```

Wait, if I include files that use functions from each other, order matters. modelo first, referencia, rapido, validacion. Since all are in module DS3, cross-references resolve at call time; fine.

But `validacion.jl` should probably just contain validation helpers; tests use them.

Let me define in modelo.jl:

### Constants / measured facts
```julia
const PIECE_BYTES = 1_048_672
const BYTES_TIB = 2.0^40
const TAU_S = 1.0
```
MODELO §2.7 measured: t_tabla = 0.80913 s/core; r24 = 25.03 tables/s; t_M3 = 0.02299 s; pi_DAG default = 1.0.
P-COBERTURA: t_unidad = 0.809 s, r_maquina = 25.03, D_a = 60 s.
PoW: CPU 73_789_447 H/s, GPU 561_084_507 H/s, GPU energy 1.94e-7 J/hash.
Filecoin energy: A range, B_fil range, PUE range.

### Structs
```julia
struct Retencion
    rho::Float64
    Tv::Float64
end
struct Pareto
    f_min::Float64
    alpha::Float64
end
struct Reparto
    α::Float64
    βd::Float64
    βx::Float64
    ηh::Float64
    ηa::Float64
end
```

### Core formulas
- `alpha_estrella(βd, βx=0, ηh=1, ηa=1)`
- `deriva(r::Reparto)`
- `p_de_alpha(r)`: μa/(μa+μp)
- `deficit_esperado(r, F)`: (μp-μa)*F
- `d_entero(r,F) = round(Int, deficit_esperado(r,F))`
- `beta_cruce(α, ηh=1, ηa=1) = ηh*(1-α)/ηa - α`
- `region_deriva`

Retention:
- `theta(λ,f,ret) = λ f T_v`
- `balance_medio(λ,f,ret,I) = ρ I θ/2`
- `balance_var = ρ²I²θ/3`
- `p_saldo_cero(λ,f,ret) = exp(-θ)`
- `masa_prob(dist::Pareto, x; F_max=Inf)` — with alpha>2 non-truncated
- `B_epsilon(dist, λ, ret, I, ε)`: f* = ε/(λ T_v), `masa_prob(dist, f*)` (the fraction of space in keys with θ<ε). Wait: the MODELO §2.4 says `B(ε) = M(ε/(λT_v))` "fracción de espacio en claves con saldo < ε". Actually `masa_prob` returns E[min(f,x)]/E[f] which is the fraction of *space* in keys with f < x (since space ∝ f). So B(ε) = masa_prob(dist, ε/(λ T_v)). With the F_max=Inf formula. Yes.
- `coef_reclutamiento(ρ, I, λ, T_v) = ρ*I*λ*T_v/2` (P-CLAVE `fraccion_espacio_saldo_bajo_b` uses coef = ρ I λ T_v /2; note P-PRESTAMO §2.4 says coef = ρ_ret·λ·T_v/2 without I, normalized I=1).
- `coste_reclutamiento(β, B_ε, coef) = β ≤ B_ε ? 0 : (β - B_ε)*coef`
- `perdida_por_reclutado(ρ,I,T_v,c_r,M) = ρ*I*T_v + c_r + I*M`
- `soborno_necesario(κ,q,perdida) = κ*q*perdida`
- `region_disuasion(...)`: returns (existe, Tv_min, cond)
  - criterion: κ q (ρ I T_v + c_r + I M) > V/N  → T_v > (V/(N κ q) - c_r - I M)/(ρ I)
  - honesty: ν ρ T_v < 1 → T_v < 1/(ν ρ)
  - temporal: T_v > F
  - empty if κ q == 0 or V == Inf or no ρ.

Coverage:
- `ventana_s(w, τ, D_a) = w*τ + D_a`
- `B_unidades(r_maquina, maquinas, w, τ, D_a) = maquinas*r_maquina*(w*τ+D_a)`
- `almacenamiento_forzado(N, B, k) = k <= B ? 0.0 : max(0.0, 1 - B/N)`
- `ahorro_maximo = min(1,B/N)`
- `nucleos_por_TiB(t_unidad, w, τ, D_a) = piezas_por_TiB()*t_unidad/(w*τ+D_a)`
- `piezas_por_TiB(piece=PIECE_BYTES) = BYTES_TIB/piece`
- `maquinas_por_TiB(r_maquina, w, τ, D_a)`
- `trabajo_h_por_TiB`
- `energia_regenerar_kWh(TiB, vatio_nucleo, w,τ,D_a)`
- `energia_almacenar_kWh(TiB, vatio_TiB, w,τ,D_a)`
- `w_cruce_slots(razon_precio, factor_gpu, ...)`

Sembrador:
- `N_eq(r,w,τ) = r*w*τ`
- `coste_por_solucion(r,w,p,t_M3,π) = (1/(r*w*p)+t_M3)/π`
- `w_equilibrio(N_h,r,τ) = N_h/(r*τ)`
- `w_min_latencia(r,τ,p) = 1/(r*τ*p)`

PoW:
- `energia_pow(hashes, J_por_hash)`
- `hashes_para_k_bloques(...)`? Not clearly defined. I'll just use hashrate and energy per hash.

Filecoin:
- `potencia_filecoin(A, SR, B_fil, Cap, PUE) = (A*SR + B_fil*Cap)*PUE`

Baig-Pietrzak:
- `pasos_bp(φ, ε, ρ)`: terms.

A4:
- `coste_identidades(q, m) = q*m`, `coste_por_byte(q, f) = q/f`.

### Cost dimensions
The MARCO §4 dimensions: C-riesgo, C-inmov, C-adq, C-energía, C-hardware, C-tiempo, P-detección. I'll add a `DimensionCoste` NamedTuple or compute per attack in run.jl.

Now `referencia.jl`:
- `enumerar_exhaustivo(p, d, T)::Rational{BigInt}` exact first-passage (port).
- `cola_hiper_exacta(N,M,k,B)::Rational{BigInt}`.
- `almacenamiento_forzado_exacta(N,k,B)`.
- `dist_exacta_saldo(θ, K, Nmax)` maybe not needed. For check case 3 I only need P(B=0) exact and normal approx. But an independent MC of retention would sample exponentially-spaced balances. I'll implement MC sampling of B via `muestra_saldo_espaciado`.
- `masa_cero_exacta_racional(θ)`? exp is not rational. Use BigFloat.

`rapido.jl`:
- `primera_dp(p, d, T; H)` DP as in P-PRESTAMO but with reduced complexity. Note: the P-PRESTAMO DP allocates `zeros(T, nm*nz)`. For d up to ~1224 and T up to 3600, nm ~ d+2 ~ 1226, nz ~ H+2 ~ d+T+4 ~ 4828. That's 1226*4828 ≈ 5.9M Float64 = 47 MB, times 2 = 94 MB, and T=3600 iterations over 5.9M cells = 21 billion operations → way too slow (the P-PRESTAMO instrument itself took 1.5 s for d=100,T=3600; for d=1224,T=3600 it's ~15x more cells times 3600 → too slow). Hmm. Actually P-PRESTAMO took 1543 ms for d=100, T=3600. d=1224 would be ~ (1224+3600)/(100+3600) ≈ 1.3x cells, and T same → ~2 s? Wait the inner loop is over nm*nz each step, so work = T * nm * nz. For d=100,T=3600: nm=102, nz≈3704 → 102*3704=378k cells/step *3600 = 1.36e9 → 1.5 s. For d=1224,T=3600: nm=1226, nz≈4828 → 5.9M/step *3600 = 2.1e10 → ~23 s. That's acceptable for one check case but the sweep would be expensive.

But actually the deficit for F=3600 and α=0.33, β_d=0.34 is d=404 (from the table, because β_d absolute = 0.34*(1-α)? no...). Wait, for check case 2 I'll use α=0.33, β_d=0.34: d = (μp-μa)F with μp=1-α=0.67, μa=α+βd=0.67 → d=0! Hmm, that's the crossing. The P-PRESTAMO table for F=3600, α=0.33, β_d=0.34 gives d=404. But that table uses β_d relative to (1-α)? No: β_d=0.34 rel → absolute 0.34*(1-α)=0.2278; μa=0.33+0.2278=0.5578, μp=0.67, d=0.1122*3600=403.9→404. So β_d in that table is relative. But MODELO §4 case 2 says "Con F=1.019, α=0,33, β_d=0" so β_d=0 absolute. And the F=3600 comparison: I can pick α=0.33, β_d=0 absolute, then F=1019 → d=346; F=3600 → d=1224. Test P(3600)<P(1019). d=1224 > ... DP work as computed ~23s. That's OK for a test? Pkg.test should be quick (< a few min). Maybe use α=0.40, β_d=0.10: F=1019 → d=(0.6-0.5)*1019=101.9→102; F=3600 → d=360. Work: d=360,T=3600: nm=362, nz≈3964 → 1.4M/step*3600=5.2e9 → ~6s. Still okay but the test suite might be slow. 

Hmm, the P-PRESTAMO DP complexity O(T·(d+1)·(d+T)). For the check case 2 (F=1019, d=346) work = 1019 * 348 * (346+1019+4) ≈ 1019*348*1369 ≈ 4.85e8 → fast (<1s). Good. For the F=3600 comparison, use a case with modest d. Let me use α=0.40, β_d=0.34 (absolute): μp=0.6, μa=0.74 → g>0, d negative → P=1. Not useful. Use α=0.40, β_d=0.20: μp=0.6, μa=0.6 → d=0. Hmm. Use α=0.40, β_d=0.10: μp=0.6, μa=0.5, d=0.1F. F=1019→102, F=3600→360. Work for F=3600: T=3600, nm=362, nz~3964 → 5.2e9 → maybe 5-6 s. Acceptable. Alternatively compare F=1019 vs F=2038 to halve work. The spec just says F=3600 gives smaller. I'll use the exact spec F=3600 but with α=0.40 β_d=0.10 so work is modest. Actually even better: use a smaller α=0.45, β_d=0.05: μp=0.55, μa=0.5, d=0.05F: F=1019→51, F=3600→180. Work: T=3600, nm=182, nz~3784 → 2.5e9 → ~3s. Good. But does the comparison hold? P decreases with d and increases with T, but the deficit dominates. With d=51,T=1019 vs d=180,T=3600, P will be much smaller for the latter. Yes.

But the spec explicitly says "Con F=3.600 la probabilidad debe ser menor". I'll test with (α=0.40, β_d=0.10) and report. That's fine; it's a monotonicity check.

Actually, I realize I can make the DP much faster by using a smarter formulation, but let's stay faithful to P-PRESTAMO (the oracle). However, I can also implement the exact first-passage via the reflection principle / combinatorial formula in O(d) or O(T)? The P-PRESTAMO report says a reflection formula was defective and withdrawn; the DP is the trusted path. I'll keep the DP but optimize: the state `(m,z)` with m the minimum. Actually, for first passage to -1, we can use the standard DP over position only with absorbing -1, but that's P(Z_T=-1) not first passage... Actually for a walk with absorbing boundary at -1, the probability of having hit -1 by time T IS the first-passage probability (since -1 is absorbing and the walk can't go below -1 before hitting it). Wait: first passage to -1 means the walk visits -1 at some t≤T. If we set -1 absorbing, the total absorbed mass = P(hit by T). Then why did P-PRESTAMO use the (min,position) DP and warn that "-1 absorbente calcula P(Z_T=-1)"? Because they wanted both terminal and first-passage, and a naive absorbing DP that only tracks position computes the absorbed mass correctly for first passage... Actually yes, absorbing at -1 gives first passage. The subtlety: the state (min,position) is needed if you want to compute P_terminal (being at -1 exactly at T) separately, or if the walk can go below -1 (it can't in their model since -1 is the target and steps are ±1, so from -1 it would go to -2, but absorption stops it). Hmm.

Wait, in their `primera_dp`, they track min to absorb on first visit. But a plain DP on position with h[-1] = absorbed and h[z] evolving, summing absorbed mass, computes exactly P(∃t≤T: Z_t=-1), because once at -1 it's absorbed. So why the (min, position) state? Let me think: The issue is that they wanted `paso + interior = 1` and to avoid double counting revisit. A plain absorbing DP does exactly that. The (min,position) DP is equivalent but more expensive. Maybe there's a subtlety: the walk starts at d and the "public" and "adversary" steps; the target is -1. A plain absorbing DP would be O(T·(d+T)). The (min,position) is O(T·(d+1)·(d+T)). Why the extra factor? Perhaps because they defined the event as "the minimum of the walk reaches d+1 lower"? No, the target is -1 in both.

Hmm, let me re-read `primera_dp`. State h[idx(m,z)] where m is the minimum so far and z the position. Initial h[d,d]=1 (m=z=d). Transition: from (m,z), adversary step to zz=z-1, mm=min(m,zz); if mm ≤ -1 absorb; else hn[mm,zz]+=v*p. Public step to zz2=z+1, mm2=min(m,zz2); if mm2≤-1 absorb; else hn[mm2,zz2]+=v*q. Since m starts at d and only decreases, and z starts at d. The condition mm≤-1 means z-1 = -1 (since m≥-1 before). So absorption happens exactly when z goes from 0 to -1. This DP tracks the minimum to... actually it doesn't need to! Because the only way to reach -1 is a step from 0 to -1, and once absorbed it's gone. The minimum state is redundant except to enforce m≤z (they prune m>z). Actually if you only tracked z with absorbing boundary, it would be the same. So the (min,z) DP is a convoluted but correct version; the plain absorbing DP is simpler and equivalent.

But the P-PRESTAMO report explicitly warns: "Una DP con `−1` ABSORBENTE calcula `P(Z_T = −1)`, que NO es la primera pasada: el paseo revisita `−1` y las visitas se contarían dos veces." This warning is about a DP where -1 is *not* absorbing but you count arrivals at each step. If -1 is absorbing, you count first passage once. I think their warning is about a different implementation. Regardless, the (min,position) DP is the certified one and the check case values come from it. But since plain absorbing DP gives the same first-passage probability (I'm confident), I could use it for speed. But to be safe and faithful, I'll implement the certified `primera_dp` (min,position) AND a plain absorbing DP as an independent oracle, and test they agree. Actually the independence is valuable for LINEO (oracle vs kernel).

Given the check case needs the certified value, let me implement the (min,z) DP exactly. But I can also implement a faster equivalent plain absorbing DP and use it for sweeps, validating it against the certified one on small cases. Hmm, but is plain absorbing exactly equal? Let me reason: Let A_t = event hit -1 by time t. Define u_t(z) = P(hit -1 by t, Z_t = z) for z ≥ 0, plus absorbed mass a_t = P(hit by t). Recurrence: u_{t+1}(z) = p·u_t(z+1) + q·u_t(z-1) for z≥0? Careful with step direction: adversary (prob p) decreases z, public (q) increases. u_{t+1}(z) = p·u_t(z+1) + q·u_t(z-1), with u_t(-1) meaning absorbed and excluded; the flow from z=0 down to -1 is p·u_t(0) added to a. So a_{t+1} = a_t + p·u_t(0). Initial u_0(d)=1, a_0=0. Final first-passage = a_T. This is O(T·(d+T)) and exactly equals the (min,z) DP's `paso` (I believe). I'll implement both and test equality on the 714-cell domain (like P-PRESTAMO). If they match, I can use the fast one for sweeps and the certified one for the regression. Wait, but if they match exactly, then I should use fast for everything and cross-check. Actually the P-PRESTAMO `primera_dp` gives `paso` and `interior` with `paso+interior=1`. Plain absorbing gives `a` and `1-a` interior. They should match.

Hmm, but there is a subtlety: in `primera_dp`, the public step from position z can go to z+1 with probability q, and the "interior" mass is normalized. Starting at d. The plain absorbing DP gives the same. Let me just implement both and verify numerically. That also satisfies "closed formulas + independent Monte Carlo" (DP, absorbing DP, enumeration, MC = up to 4 independent methods).

Actually, to be safe regarding the check value 9.75e-108, the (min,z) DP is the one that produced it. If plain absorbing gives the same, fine. I'll verify.

Let me also handle the `limite_ruina` case: when P < ~1e-308, Float64 underflows to 0. The P-PRESTAMO uses the closed form `(q_adv/(1-q_adv))^(d+1)`. I'll implement `eventual_float(q,d) = (q/(1-q))^(d+1)` and a log10 version. For the check case F=1019, d=346, q=0.33: (0.33/0.67)^347 = (0.492537)^347. log10 = 347*log10(0.492537) = 347*(-0.30752) = -106.71 → 10^-106.71 = 1.95e-107. Hmm, the table says 9.752e-108, log10=-107.01. Let me compute more precisely: log10(0.33/0.67)=log10(0.4925373)=-0.307518. *347 = -106.709. 10^-106.709 = 1.955e-107. The DP gives 9.75e-108 (log10 -107.01). So the eventual closed form overestimates by ~2x, consistent with it being an upper bound. Good.

For d=346, can Float64 represent 9.75e-108? Yes, min normal is ~2.2e-308. So the DP won't underflow. Good.

Now, the DP with T=1019, d=346: work ~ 1019*348*1369 = 4.85e8 operations. In Julia with the (min,z) nested loop over m and z, that's ~0.5e9 → maybe 1-2 s. Acceptable.

But wait, the inner loop is `for m in mmin:mmax, z in zmin:zmax` — that's nm*nz per step, but with the prune `m > z && continue`. Still iterates all. nm=348, nz=346+1019+2-(-1)+1 = 1369. 348*1369=476k per step *1019 = 4.85e8. Fine.

Now for sweeps (bisection on β_d with target P*), each P evaluation is a DP. Bisection ~30 iterations. Times several α and mechanisms. Could be ~minutes. I'll parallelize over scenarios with Threads and keep the number of DP calls bounded. Also I can use the log-domain/closed form for very small probabilities? No, must use DP. But for bisection to find P*≥1e-6, d is small enough that DP is fast (P=1e-6 corresponds to moderate d). Actually for target P*=1e-6, bisection needs to evaluate P near the threshold, where d might be ~40-100, T=1019 → work ~1019*100*1150 ≈ 1.2e8, fast. Good. For P*=0.5, d near 0, fast. So sweeps are cheap. Only the F=3600 monotonicity check and the deep-tail regression are expensive.

For Monte Carlo of the first passage: the event probability is astronomically small (9.75e-108) — MC can't verify it. The MODELO §2 says "los dos deben coincidir dentro del error estadístico declarado en los casos de comprobación". For case 2, MC can't reproduce 1e-108. So the MC should be used where probability is not tiny (e.g., the p=2/3,q=1/3,d=5,T=400 → 0.015625? still smallish but 20k reps give ~300 hits). P-PRESTAMO used MC with 20k reps against the DP in §7.1. I'll run MC on moderate-probability cases and check the DP lies in the Wilson CI. And for case 2, I'll note MC is not applicable (probability below 1/reps) and use the exact enumeration instead as the independent check (for small T) and the eventual bound. That's the honest approach: "MC only where the event is reachable; for the tiny-tail regression use exact enumeration + the certified DP".

Hmm, but the order explicitly requires closed formulas + independent MC matching "en los casos de comprobación de DS-2". Some check cases are deterministic (α*, B(ε), coverage, BP). Only case 2 and 3 are stochastic. Case 3 P(B=0)=0.69768 is easily MC-able (sample N~Poisson(θ), count N=0). Case 2's 1e-108 is not MC-able. I'll MC-verify case 3 and a moderate first-passage case, and use exact enumeration for the tiny tail. Document that.

Now let me also implement the retention MC: sample the balance via exponential spacings or simply N~Poisson(θ) and if N=0 then B=0. For P(B=0) MC, just count N=0. Easy.

Now let me write the code. I'll aim for clean, type-stable, no globals in hot loops, @inbounds with justification, no @fastmath.

Let me write `src/modelo.jl`.

I need to be careful with `erfc` from SpecialFunctions; normal cdf = 0.5*erfc(-x/sqrt(2)).

Let me write it.

Also, for the `masa_prob` Pareto: implement exactly as P-CLAVE.

Let me define the scenario data type. Maybe a struct `Escenario` with all parameters. Simpler: use NamedTuple and functions with keyword args.

Let me write modelo.jl now. It'll be long.

For A4, I'll add functions.

For the "dimensiones de coste", I'll define a helper that returns a NamedTuple with the dimensions given the attack cost components.

Let me write.

One more: The order requires "Parámetros de escenario leídos de un fichero, cada uno con su etiqueta (medido / fuente / hipótesis) y su procedencia; barridos declarados". So I need a scenario file (TSV) read by run.jl. I'll create `escenarios.tsv` with columns: clave, valor, unidad, etiqueta, procedencia, barrido. And a loader. Good.

Let me write everything now.

For the DP kernel, I'll write both `primera_dp` (certified min-pos) and `primera_dp_absorbente` (fast) and `primera_dp_bigfloat`. And `eventual_log10`.

Let me write src/modelo.jl.
dsh: reasoning:
Now `src/referencia.jl`: exact oracles.
- `enumerar_exhaustivo(p, d, T)::Rational{BigInt}` (port).
- `cola_hiper_exacta(N,M,k,B)::Rational{BigInt}`.
- `almacenamiento_forzado_exacta(N,k,B)`.
- `P_primera_exacta_eventual(p,d)::Rational` (q/p)^(d+1).
- exact first-passage via rational absorbing DP (small d,T) as another oracle.
- `muestra_saldo_espaciado!(rng, θ, coef)` (port) for retention MC.

Let me write.

For `enumerar_exhaustivo`, the port uses `p` as adversary rate. I'll keep same convention and document. Actually, to avoid confusion, I'll name the argument `q_adv` and define `p_hon = 1-q_adv`. Then enum_rec: down with q_adv, up with p_hon. Wait, in the P-PRESTAMO code, `enum_rec!(z-1, pr*p)` where p is the adversary rate... and doc says p is adversary. Let me re-check: in `enumerar_exhaustivo(p,...)`, `q = 1-p`, then `enum_rec!(z-1, pr*p)` and `enum_rec!(z+1, pr*q)`. So down uses `p` (first arg) and up uses `1-p`. And the test calls `enumerar_exhaustivo(Rational(1,3), ...)`? The doc table §7.1 says p ∈ {1/10,1/3,...}. In the §2.4 reconciliation, `primera_dp(q=1/3,...)` gives the value. So first arg = adversary rate. I'll rename to `q_adv` for clarity in DS-3 (no legacy name), since I'm writing fresh code. Good.

Let me write referencia.jl.
dsh: reasoning:
I left a weird no-op line `a += u[0 + 1 + 1] * 0`. Let me remove that (it's index 2, multiplied by 0, harmless but confusing and could error if length < 2; length is zmax+2≥3, fine). Let me clean it later.

Actually let me fix it now to avoid confusion. I'll edit.

Now `src/rapido.jl`: the DP kernel, MC, hypergeometric fast, sweeps, bisection.

Key: `primera_dp(q_adv, d, T; H)` certified (min,pos) DP. Let me port but rename args.

Also `primera_dp_absorbente(q_adv, d, T)` fast DP (Float64).

Also `primera_bigfloat_dp`.

Monte Carlo `mc_ventana(q_adv, d, T, nrep, semilla)` using StableRNGs with hash64 non-consecutive.

Hypergeometric fast `cola_hiper_rapida(N,M,k,B)` with log-factorials.

`coste_minimo_a1` bisection.

Sweeps.

Let me write it.

For the DP, I'll use `T<:Real` generic. The certified DP allocation: `zeros(T, nm*nz)`. For large cases this is heavy but okay for the check. I'll also implement the fast absorbing DP for sweeps.

MC: I need to be careful with StableRNG and `rand(rng)`. StableRNGs provides `rand`. I'll derive `StableRNG(hash64(semilla ⊻ etiqueta, UInt64(id)))`.

Let me write it.

Also the bisection to find minimal β_d for target P*: define `prob_ventana(α, β_d, F, βx=0, η...)` and bisect on β_d in [0, 1-α] (since β_d ≤ 1-α-βx). We want the minimal β_d such that P ≥ P*. P is increasing in β_d (deficit decreases, p increases). So bisection works. Cost = coste_reclutamiento(β_d, B_ε, coef). Then report.

Additionally, the cost dimension breakdown. I'll add a function `coste_a1_dimensiones` in run.jl.

Let me write rapido.jl.
dsh: reasoning:
I used `Threads.Atomic` and `Threads.atomic_add!`; need `using Base.Threads` or qualify as `Threads.Atomic`. In Julia, `Threads` is available as a module (Base.Threads) without `using`, since `Threads` is exported by Base? Actually `Threads` is a submodule of Base and accessible as `Base.Threads`, and `Threads` is exported? Let me recall: `Threads.@threads` works with `using Base.Threads` or `Threads.@threads`? In Julia, `Threads` is available in `Main` by default (it's a binding in Base exported). Yes, `Threads.@spawn` and `Threads.@threads` work without `using`. And `Threads.Atomic` too. Good.

Now `validacion.jl`: cross-checks (kernel vs oracle). Functions:
- `validar_primera_pasada()` compares primera_dp vs enumerar_exhaustivo vs primera_absorbente_exacta vs eventual on a small grid, returns max error.
- `validar_cobertura()` compares cola_hiper_rapida vs exacta on small cases.
- `validar_retencion()` compares analytic P(B=0) vs MC.
- `validar_baig()`.
- `validar_alpha()`.

Let me write it. It should be usable in tests and maybe run.

Then `src/DS3.jl` main module including these.

Let me write validacion.jl.
dsh: reasoning:
There's a bug: `validar_alpha` uses the same variable names in the loop shadowing, weird double loop. Let me simplify. Also the `g` formula: MODELO §2.1 alpha_estrella corresponds to the reparto where β_d also abandons public. Indeed P-CLAVE note says `alpha_estrella` formula corresponds to `deriva_alt` where public loses β_d and β_x. So g(α*) = ηa(α*+βd+βx) - (1-α*-βd-βx) = 0. Good. Let me rewrite validar_alpha cleanly.

Also note `alpha_estrella` from modelo.jl uses Float; `alpha_estrella_exacta` uses Rational. Good.

Let me fix validar_alpha.

Also in validar_primera_pasada, the loop iterates `qn` and `qd` in parallel tuples; Julia's `for qn in (...), qd in (...)` is a nested loop (cartesian), with `qn >= qd && continue`, giving all qn<qd combos: (1,10),(3,10),(2,5),(2,10),(2,3),(5,10),(9,10)? Let's see pairs: qn∈{1,3,2,5,2,9}, qd∈{10,10,5,10,3,10}. Cartesian 36 combos, filter qn<qd. Fine, more than the 6 intended but still valid q values. Good enough (and more coverage).

Let me fix validar_alpha.
dsh: reasoning:
Now the main module `src/DS3.jl`.

```julia
module DS3
using Printf
using Random
using SpecialFunctions: erfc
using StableRNGs: StableRNG
include("modelo.jl")
include("referencia.jl")
include("rapido.jl")
include("validacion.jl")
export ...
end
```

Do I need Statistics? Not really. I included it in deps but no need. It's fine.

Let me write DS3.jl with exports of the main API. Actually exports are optional; tests can use `DS3.foo`. I'll export a curated set.

Let me write.
dsh: reasoning:
The file was created by `touch` earlier, so the file policy requires reading it first. Let me read it (empty) then write.
dsh: reasoning:
Now let me quickly smoke-test loading the module and running the key check case 2 before writing tests. Let me run a small Julia script.

Concerns:
- `Reparto(α, βd; βx=..., ηh=..., ηa=...)` — I defined `struct Reparto` with 5 fields and a convenience constructor `Reparto(α, βd; βx=0.0, ηh=1.0, ηa=1.0) = Reparto(α, βd, βx, ηh, ηa)`. But the struct's default constructor is `Reparto(α,βd,βx,ηh,ηa)`. The keyword constructor calls the 5-arg one. Good.
- `region_disuasion` uses `ν` (nu) and `κ` variables; fine.
- `validar_alpha` uses `alpha_estrella_exacta`.
- `primera_dp` uses `@inline idx(m,z) = ...` inside function — defining a local function with @inline; should work in Julia (closures). Actually `@inline` on a local function definition inside a function: `@inline idx(m, z) = ...` at function scope creates a local function. That's what P-PRESTAMO did. Fine.
- `mc_ventana`: `Threads.Atomic{Int}(0)` then `exitos[]`. `atomic_add!` requires `Threads.atomic_add!`. Fine.
- `StableRNG` imported.

Let me run a smoke test with the check case 2 and case 3.

Also note the Manifest may not have been written because precompile failed. Let me check.

Let me run.
dsh: reasoning:
Excellent! All key values match:
- P = 9.752e-108, log10 = -107.0109 ✓ (MODELO says 9.75e-108)
- P(B=0)=0.697676 ✓
- B(ε)=0.67547 ✓
- B(ε, Tv=1e5)=0.36904 ✓
- BP = 4253 (as I computed; discrepancy flagged)
- w_eq = 7.619e5 ✓

The DP ran in 0.53s (with compilation). 

Now let me also verify the normal approximation for case 3: μ=0.18, σ²=0.12. Let me compute `0.5*erfc(μ/sqrt(2σ²))`. Should be 0.3017.

And test MC and oracle cross-checks.

Also let me check `primera_dp_absorbente` matches `primera_dp` and the exact ones. Let me run validar_todo but it may be slow (the exact rational validation over many cells). Let me time it. Actually validar_primera_pasada does 6*6=36 q-pairs (minus filters), times 8*17=136 cells = ~3000 cells, each with Float DP (T≤16) + Rational absorbente (T≤16) + Rational enumeration (2^16=65536 paths!). Enumeration with T=16 is 65536 recursive calls per cell × 3000 cells = 2e8 — might be slow. P-PRESTAMO did 714 cells with T≤16. My grid has ~3000 cells; enumeration at T=16 is expensive. Let me reduce: test enumeration only for T≤12 or a smaller subset. I'll adjust validar_primera_pasada to only run enumeration for T≤12. Actually the whole point is to validate. Let me restructure: 
- Fast cross-check (DP vs absorbing exact) over full small grid.
- Enumeration vs DP over T≤10 subset.

Let me modify `validar_primera_pasada` to limit enumeration to T≤10. Let me do that.

Also, `primera_absorbente_exacta` uses Rational{BigInt} over positions up to d+T+2 and T steps; for the full grid T≤16, d≤7, that's 3000 cells × 16 steps × ~25 positions = 1.2M rational ops. Fine.

Let me also double check that `primera_dp_absorbente` (Float64) matches. I didn't include it in validar. Let me add it.

Let me edit validacion.jl.
dsh: reasoning:
Now let me write the test suite with the 7 check cases. Let me be precise.

**Case 1: α\* exacto**
- `alpha_estrella(0,0,1,1) == 1//2` — but the function returns Float64 when args are Ints? `alpha_estrella(0,0,1,1)` computes `(1 - 0 - 2*0)/2 = 1/2 = 0.5` Float64. Test `== 0.5`.
- `alpha_estrella(0.34,0.0,1.0,1.0) ≈ 0.33`. Actually with βd=0.34: (1-0.34)/2 = 0.33 exactly. And g at α=0.33: deriva with Reparto(0.33,0.34) = (0.33+0.34) - (1-0.33) = 0.67-0.67=0. So beta_cruce(0.33)=1-0.66=0.34. Test.
- Exact: `alpha_estrella_exacta(0//1,0//1,1//1,1//1) == 1//2`; `alpha_estrella_exacta(3//10, 0//1, 1//1, 1//1) == 7//20`; `alpha_estrella_exacta(34//100, 0//1, 1//1, 1//1) == 33//100`.
- `validar_alpha().error_max == 0`.

**Case 2: Ventana F**
- `primera_dp(0.33, 346, 1019).paso ≈ 9.75e-108` (rtol maybe 1e-3).
- Monotonicity: P(F=3600) < P(F=1019) for same (α, βd). Use α=0.40, βd=0.10: d1019 = round(0.1*1019)=102, d3600=360. Compute both. Check `<`.
- Also check `primera_dp == primera_absorbente` for that cell.
- Also check eventual is an upper bound: eventual(p,d) ≥ DP.

**Case 3: Retención**
- `p_saldo_cero(1.0, 0.36, Retencion(1.0,1.0)) ≈ 0.69768`.
- Normal approx: implement `masa_cero_aprox` in the test or in modelo? Better add a function in modelo.jl: `p_saldo_cero_normal(θ, ρ, I, γ)` = `0.5*erfc(μ/sqrt(2σ²))`. Let me add to modelo.jl. Then test ratio ≈ 0.432 (0.3017/0.69768 = 0.4325).
- Alert if any route uses normal: add `p_saldo_cero` exact and document; test asserts normal is NOT within 10% of exact (to catch a wrong route).

**Case 4: Grieta de F3**
- `B(ε; α=0.33, T_v=3600, ε=0.01) = 0.6755 > 1-2α = 0.34` ⇒ grieta SÍ.
- `T_v=100000`: B=0.36904 < (1-2α)/(1-α)=0.5075 ⇒ grieta NO.
- Reproduce the sign change: `coste_reclutamiento(0.34, B1, coef) == 0` (grieta) vs `coste_reclutamiento(0.34, B2, coef) > 0`.
- Also `B(ε=0.001, Tv=3600)` = 0.486 < 0.5075 but > 0.34 → grieta with PROMPT criterion. Test both criteria.

Let me compute with alpha=2.2: B(0.001, Tv=3600): f* = 0.001/3600 = 2.778e-7. f_min/f* = 1e-8/2.778e-7 = 0.036. ^0.2 = e^{0.2*ln0.036} = e^{0.2*(-3.324)} = e^{-0.6648}=0.5143. 1-0.5143=0.4857. Yes matches 0.486.

**Case 5: Cobertura**
- N=1,048,480, k=1000, B=181,092 ⇒ almacenamiento_forzado=0 (indiferente a k).
- `almacenamiento_forzado(N, B, 1000) == 0.0` and `== almacenamiento_forzado(N,B,10^6)?` No! With k=10^6 > B, almacenamiento_forzado = 1 - 181092/1048480 = 0.8273. So case 5 says "Con k=1000, B=181092 ⇒ almacenamiento_forzado es indiferente a k (no detectable). Con k=10⁶ sí hay detección parcial (φ_γ≈81,9%)". So:
  - For k=1000 and k=100000 (both ≤ B): almacenamiento_forzado = 0.
  - For k=10^6: detection at φ=0.8191: `cola_hiper_rapida(t, N, M=189670, k=10^6, B=181092) ≈ 9.87e-3`; at M=189671 ≈ 1.018e-2. And φ_γ = 1 - M/N ≈ 0.8191.
  - Also check `almacenamiento_forzado_exacta(N,1000,B)==0` and `almacenamiento_forzado_exacta(N,10^6,B)==0.8273`.
- Also verify the cliff: `almacenamiento_forzado` jumps at k=B.

**Case 6: Sembrador vs disco**
- `w_equilibrio(19_071_000, 25.03, 1.0) ≈ 7.6e5`; assert `> 1e5` and not in thousands (< 1e4).
- Also `nucleos_por_TiB(w=7175) ≈ 117.238`? Let's check: piezas_por_TiB = 2^40/1048672 = 1,048,480.0088? Wait 2^40 = 1,099,511,627,776; /1,048,672 = 1,048,480.0. Yes. nucleos = 1,048,480*0.809/(7175*1+60) = 848,220.3/7235 = 117.238. Test ≈117.24.

**Case 7: Baig–Pietrzak**
- `pasos_bp(2.0,0.01,4.0)` == (3297,816,140,4253). And note the discrepancy with 1233+140 and φ²ρ/ε=1600. Test the arithmetic exactly.

Also I should test the other 5 validation functions.

Let me add `p_saldo_cero_normal` to modelo.jl. And maybe `phi_gamma` computation.

Let me add to modelo.jl:
```julia
"P(B=0) por la aproximación normal Φ(−μ/σ) (P-CLAVE). Se publica para MEDIR su error."
function p_saldo_cero_normal(θ, ρ=I=1.0, γ=0.5)
    μ = ρ*I*γ*θ
    σ2 = ρ^2*I^2*(θ/3)
    σ2 <= 0 && return 1.0
    return 0.5*erfc(μ/sqrt(2σ2))
end
```
Actually `erfc` is imported in DS3 module; modelo.jl is included in it, so available.

Let me add it and export.

Now, `phi_gamma`: I'll compute in run.jl/test via `cola_hiper_rapida`. Test: for φ=1-189670/N, M=189670, detection ≈ 9.87e-3. Let me verify with the code. Let me run.

Let me add the function and write the tests.

Also for the Monte Carlo check: 
- `mc_ventana(1/3, 5, 400, 20000, semilla)` should have DP (0.015625) inside CI. With 20000 reps and p=0.0156, expected 312.5 successes, CI ~±0.0017. DP in CI. Good.
- `mc_saldo_cero(0.36, 20000, semilla)` should have 0.69768 in CI.
- Also `beta_minimo_para_p` for a target.

Let me add the normal function and write tests. Let me edit modelo.jl.
dsh: reasoning:
Now let me verify case 5 detection numbers with a quick run before writing tests. Let me compute cola_hiper_rapida for N=1,048,480, M=189,670/189,671, k=10^6, B=181,092. Also check exact φ_γ.

Let me run.
dsh: reasoning:
The coverage detection: at M=189,670 → 0.0098712 (matches certified `p = 9,8712·10⁻³`!), and M=189,671 → 0.010181 (matches `1,0181·10⁻²`). Great, exactly reproduces the certified frontier.

φ_γ = 0.8191000305203724 at M=189,670; the report's 81.91% ✓.

The MC failed only because I passed `0x5a5a` (UInt16). Need UInt64: `0x5a5a` is UInt16. Use `UInt64(0x5a5a)`. Let me fix in test.

Everything else matches. 

Now let me write `test/runtests.jl` with all cases. Let me include the 7 mandatory and validation.

Let me write carefully. Use `@test`, `@testset`. For approximate: `isapprox(x, y; rtol=...)` or `≈`. For 9.75e-108, use rtol=1e-3.

Test seeds: use UInt64(0x5a5a).

Let me write.

Note: `@test primera_dp(...).paso ≈ 9.75e-108 rtol=1e-3` — Julia syntax: `@test x ≈ y rtol=1e-3`.

For case 2 monotonicity, d=102/360 compute in ~seconds. Fine.

For case 6 assert `w > 1e5` and `w < 1e6`. Also `abs(w - 7.619e5) < 1e3`.

For case 4: compute `B1=masa_espacio_bajo_b(Pareto(1e-8,2.2),0.01,1.0,3600.0)`, `B2=...100000.0`. Assert B1>0.34, B2<0.5075, and `coste_reclutamiento(0.34,B1,900.0)==0`, `coste_reclutamiento(0.34,B2,900.0)>0`. Note coef with ρ=0.5,Tv=3600,I=1,λ=1: coef = 0.5*1*1*3600/2 = 900. Good.

For case 3 ratio: assert `0.4 < ratio < 0.46`, and `!isapprox(normal, exacto; rtol=0.1)`.

For case 5: `almacenamiento_forzado(N,B,1000)==0` and `almacenamiento_forzado(N,B,100000)==0`; for k=10^6: exact = 1-B/N = 0.8273. Detection at φ_γ. Assert `abs(det_at_189670 - 0.009871) < 1e-5` and `det_at_189671 > 0.01`. And φ_γ: find max φ with det≥0.01: M=189670 gives 0.00987<0.01, M=189671 gives 0.01018≥0.01. Hmm, φ_γ ≈ 81.91% as the frontier where detection ~1%. The report defines φ_γ at M=189,670 with p<γ and M=189,671 with p≥γ for γ=0.01. So φ_γ = 1 - 189670/N. I'll assert that.

For case 7: test `pasos_bp(2.0,0.01,4.0) == (bootstrap=3297, termino2=816, replot=140, total=4253)`. Also test the discrepancy is documented: `total != 1233+140`.

Also test `validar_primera_pasada().error_max < 1e-9`, etc.

MC: `mc_ventana(1/3, 5, 400, 20000, UInt64(0x5a5a))` — check DP 0.015625 in CI. Also `mc_ventana` should equal itself with hilos=false? For reproducibility test, compare serial and parallel. Since parallel uses atomic_add! (order-independent count) and each replica independent, result identical. Let me assert `mc_ventana(p,d,T,n,seed;hilos=false).p_paso == mc_ventana(...;hilos=true).p_paso`. nrep must be ≥4096 for hilos to matter; use 20000.

Let me write the test file now.

Also need to add enumeration of `Test`.

Let me write.
dsh: reasoning:
Let me run the test suite now. It might take a while (the F=3600 DP and validation). Let me run in background and meanwhile write run.jl and the scenario file.

Actually the tests depend on the code being correct; let me run them and fix errors. I'll run in background.

Let me run `Pkg.test()` with threads=8. Note Pkg.test spawns a subprocess; JULIA_NUM_THREADS should propagate. Let me set `JULIA_NUM_THREADS=8`.

Let me start it in background.
dsh: reasoning:
While tests run, let me write the scenario file and run.jl.

The scenario file `escenarios.tsv` with columns: clave, valor, unidad, etiqueta, procedencia, barrido. Let me include all parameters from MODELO §3 plus measured facts. This satisfies the requirement "Parámetros de escenario leídos de un fichero, cada uno con su etiqueta (medido / fuente / hipótesis) y su procedencia; barridos declarados".

I'll define a loader in run.jl that reads TSV and returns a Dict{String, String} plus typed accessors.

Then run.jl produces CSVs:
1. `resultados/tabla-por-ataque.csv`: for each E cell (attack × mechanism) and each target P*, cost in B0, B1, candidate, honest, ratio, sensitivity.
2. `resultados/tabla-por-mecanismo.csv`: Δ cost of X and honest cost per mechanism in §3 scenarios.
3. `resultados/ventana-barrido.csv`: the (α,βd,F) sweep.
4. `resultados/cobertura-barrido.csv`.
5. `resultados/comprobaciones.csv`: the 7 check values.

Plus a `resultados/RESUMEN.txt`.

Let me think about what "cost in B0/B1/candidate" means per attack, concretely.

For A1 (doble farmeo):
- B0: no PoStake. The attacker's minimum cost to reach success prob P* is 0 (β_d free; no punishment; the attacker who can recruit β_d pays nothing, and if α alone crosses the drift... hmm). Actually in B0, double farming is free (β_d costs PoT compute but the report says the extra verification cost is ~0.092-0.190 cores, small). The cost dimension "C-riesgo" = 0 (no stake at risk). For a given P*, the min β_d is found by bisection with the same window model (B0 and B1 share the window model; the difference is the mechanism). So cost of X = bribe cost = 0 in B0.
- B1: M1+M2+M5 (garantía + coinbase a garantía con madurez + retiro con retardo), no evidencia/castigo (SEC-0). So there is C-inmov (capital locked) but no C-riesgo (no confiscation). But the attacker must post the minimum guarantee q per identity (M1). The cost = opportunity cost r·K·T. Hmm, but the bribe to recruit double farmers is still 0 (no punishment). So B1 doesn't deter A1. Cost to X = cost of posting guarantees for recruited identities + interest opportunity. Since there's no punishment, no bribe needed. The "cost" in B1 could be the C-inmov of the guarantee, which is real but doesn't deter (it's paid regardless). For comparing "coste mínimo de X", B1 ≈ B0 + inmovilización.
- Candidate M3+M5: cost = bribe b*(β_d)·N_recl(β_d) = κq·(ρ_ret·I·T_v + c_r + I·M)·N_recl. Plus PoT compute. This is the key "Δ".
- Candidate M4: not evaluated.
- O3 (C-FIN-01): caps damage, no threshold change; Δ=0 for the window.
- O2 (PoT): closes bootstrapping, not the real-time race; for A1 real-time, Δ=0.

For A3 (sembrador):
- B0: cost 0 (regenerate freely; no audit).
- B1: no F mechanism; cost 0.
- F1+F2+F4: cost = 117.2 cores/TiB continuous, or the compute cost to regenerate; detection requires k>B. Honest cost = storage energy + one pass.
- F2 conditioned on k>B: detection probability.

For A4 (Sybil):
- B0: 0 (identities free).
- B1: M1 guarantee q per identity (C-inmov, opportunity).
- M1/F4: cost = q per identity; regressive.

For A5 (pools):
- O4: rule; Δ cost not in tokens. Report as "no cuantificable (regla)".

For A7:
- F3: not in ZEROX.
- O2: makes compressed history expensive; the cost is the time/energy of running the PoT stream for the fork length, which is proportional to ρ (clock advantage). Δ = (1-1/ρ) L? Not in MODELO formula. Report qualitatively / partially.
- O3: structural.

For A8:
- O1: PoW. Cost to rewrite k blocks = hash work; energy from measured hashrate. MODELO gives hashrate and J/hash. Δ = energy × hashes.

For A9: F4/F2. Not quantified.
For A10: F1/F4/F5. Cost = registration + collateral + activation delay. Partially quantified via coste_registro? MODELO doesn't give it (P-COBERTURA has it but not in MODELO). Mark not quantified.

Given the complexity, my "tabla por ataque" will have explicit rows with the computed cost where available and "no cuantificado (falta F-x)" otherwise. That's honest.

To keep the deliverable focused and within budget, I'll implement run.jl to compute:
(a) A1 cost-vs-P* for B0, B1, M3+M5, and the ratio to honest.
(b) A3 cost and detection for the three w scenarios.
(c) A4 cost per identity over q scenarios.
(d) A8 PoW energy for k blocks.
(e) The 7 check values.
(f) Per-mechanism table.
(g) Sensitivity: which parameter dominates (by finite differences / one-at-a-time variation).

Let me define a helper for A1 cost dimensions.

For A1:
- `N_recl(β_d)`: number of farmers to recruit to reach β_d. Not defined in MODELO (it's `N_recl` symbol; P-PRESTAMO §3 defines N_recl as symbol). For simplicity, I'll parametrize: one recruited farmer holds fraction f_avg; N_recl = β_d/f_avg. Use f_avg as a scenario symbol (e.g., 1e-3). Hmm, not in MODELO. I'll use N_recl as an explicit scenario parameter (e.g., N_recl = 100 per P-PRESTAMO §4) and compute bribe total = b*·N_recl. Actually P-PRESTAMO §4 uses V=400 per recruited, N=100. I'll use N_recl = 100 as scenario. Then the bribe to recruit β_d is b*·N_recl? But N_recl is the total recruited; β_d relates to N_recl·f. Hmm. To keep it simple and honest, I'll compute the cost of the *per-recruit* bribe and the total for N_recl=100 recruited, and separately the β_d needed. I'll present cost = b* · N_recl with N_recl from scenario, and β_d = N_recl·f_b (declared). This decouples but is transparent.

Actually, better: The DP gives the required β_d for P*. The bribe cost to recruit β_d is `b* · N_recl(β_d)` where `N_recl(β_d) = ceil(β_d/f)` with f the average key/farm fraction. I'll declare f (e.g., 1e-3 from P-CLAVE key sizes). Then it's a coherent cost. Let me use f_media = 1e-3 as a scenario hypothesis.

Cost dimensions for A1 (candidate M3+M5):
- C-riesgo = b*·N_recl (the confiscated stake the attacker risks, = bribe needed), in u.e.
- C-inmov = r·K·T where K = ρ_ret·I·T_v·N_recl? Let me define C-inmov = interest_rate·(locked capital)·(duration). Locked capital ~ E[B]·N_recl or ρ_ret·I·T_v·N_recl. duration = T_v. So C-inmov = r_anual·(ρ_ret·I·T_v·N_recl)·(T_v·τ/seconds_per_year). Documented.
- C-adq: acquiring tokens; = C-riesgo perhaps; or 0 if mined in PoW prefix (acoplamiento A8). I'll compute both.
- C-energía: PoT compute energy for the private branch: 0.092–0.190 cores/granjero/slot × F slots × N_recl × J/core... MODELO gives "0,092–0,190 núcleos por granjero y slot". Convert to energy with 65 W/core. 
- C-hardware: cores (PoT) = 0.092·F·N_recl.
- C-tiempo: T_v (maturity) + F (window), in slots.
- P-detección: κ·q.

Honest cost:
- storage energy for the same capacity during the window: energia_almacenar_kWh(1 TiB) × capacity.
- Plus honest retention loss per event: ε_h·(ρ_ret·I·T_v + c_r + I·M).

Ratio = cost_X / cost_honesto.

This is a lot of scenario bookkeeping. Let me simplify to a clear, documented set of dimensions and present the dominant one.

I think given time, I'll write run.jl that computes a focused set and produces the CSVs. Let me do it.

Actually, let me reconsider the budget. I've used maybe 45 min of wall time? The task budget is 2h. I should be efficient. Let me write run.jl now, reasonably comprehensive but not over-engineered.

Let me define the scenario file first.

escenarios.tsv columns: clave, valor, unidad, etiqueta, procedencia
I'll include one row per scalar (no barrido column; I'll declare sweeps in INFORME and in run.jl). Actually the order says "barridos declarados". I'll add a `barrido` column.

Rows (key, value, unit, label, source, sweep):
- alpha: 0.33, fraccion, hipotesis, MODELO §3 grid, "0.10;0.20;0.25;0.33;0.40"
- F_slots: 1019, slots, hipotesis, P-PRESTAMO, "1019;3600"
- rho_ret: 0.5, fraccion, hipotesis, MODELO §3, "0.10;0.25;0.50;1.00"
- T_v: 3600, slots, hipotesis, MODELO §3, "1000...100000"
- kappa: 1.0, -, hipotesis, P-EQUIVOCACION, "0;0.455;1"
- q_gana: 1.0, -, hipotesis, MODELO §1, "0.1;1"
- lambda: 1.0, bloques/slot, hipotesis, MODELO §1
- ingreso_I: 1.0, u.e., hipotesis
- c_r: 10.0, u.e., hipotesis, P-PRESTAMO §5
- M: 20.0, slots, hipotesis, P-PRESTAMO §5
- V: 400.0, u.e./reclutado, hipotesis, P-PRESTAMO §5
- N_recl: 100, conteo, hipotesis, P-PRESTAMO §4
- nu: 1e-4, reorgs/slot, hipotesis, MODELO §3
- q_garantia: 1000.0, u.e., hipotesis, MODELO §3 (M1)
- S_min: 1000.0, u.e., hipotesis
- tipo_interes: 0.05, /año, hipotesis, MODELO §3, "0;0.05;0.15"
- f_media: 1e-3, fraccion, hipotesis, P-CLAVE H3
- w_sin_vdf: 7175, slots, hecho, P-REVELACION, "7175;8030"
- w_con_vdf: 4830.6, slots, hecho, P-REVELACION
- rho_reloj: 2.5, -, hecho, MODELO §3, "1.01;1.5;2;2.5"
- N_TiB: 1048480, piezas, hecho, P-COBERTURA
- k_auditoria: 1000000, aperturas, hipotesis, P-COBERTURA §5.2, "1000;100000;1000000"
- D_a: 60, s, hecho, P-COBERTURA
- r_maquina: 25.03, unidades/s, medido, P-COBERTURA/P-INTENTO
- t_unidad: 0.809, s/unidad, medido, P-INTENTO
- precio_token: 1.0, ref, hipotesis, MODELO §3, "0.1;1;10"
- etiqueta...

Let me write this file. I'll keep the loader simple.

Then run.jl:
- parse args: --seed, --reps, --salida, --escenarios.
- read escenarios.
- compute the 7 checks and write `resultados/comprobaciones.csv`.
- compute per-attack table.
- compute per-mechanism table.
- compute sweeps.
- write `resultados/RESUMEN.txt` with environment (Julia version, threads, CPU).

Let me write the loader and computations.

Let me define functions in run.jl (script). Since run.jl is run with `--project=.`, it can `using DS3`.

For the per-attack table, I'll produce rows with columns:
ataque, mecanismo, celda_DS2, P_objetivo, beta_d_min, coste_B0, coste_B1, coste_candidato, coste_honesto, cociente, dim_dominante, etiqueta

For A1, I'll loop over P* targets and compute.

Let me implement `coste_A1(P_obj, α, F, esc, candidato)`:
- bisect β_d.
- B_ε = masa_espacio_bajo_b(Pareto(1e-8,2.2), ε, λ, T_v)
- coef = coef_reclutamiento(ret, I, λ)
- C_reclutamiento = coste_reclutamiento(β_d, B_ε, coef)
- b* = soborno_necesario(κ, q_gana, perdida_por_reclutado(ret,I,c_r,M))
- N_recl = ceil(β_d / f_media)
- soborno_total = max(b*,0)*N_recl
- coste_candidato = soborno_total + C_reclutamiento? Actually C(β) is already the total bribe under the retention model (P-CLAVE §3) — `C(β) = (β-B(ε))coef`. And coef = ρIλT_v/2 = E[B]-like. Hmm, two different cost models: P-PRESTAMO's `b*·N_recl` and P-CLAVE's `C(β)`. MODELO §2.4 defines C(β) as "coste de reclutar β por saldo". I'll use C(β) as the recruitment cost (the model's own function), and separately report the per-recruit bribe b* and N_recl for the region analysis. Good, avoid double counting.

So candidate cost = C(β_d) + PoT cost. PoT cost in cores·slots = 0.092·F·N_recl? Actually "0,092–0,190 núcleos por granjero y slot" → cores = 0.092·F·N_recl? No: per farmer and slot; over F slots for N_recl farmers = 0.092·F·N_recl core·slots. Convert to energy: ×65 W × 1s = J. Let me report in cores and kWh.

- B0 cost = 0 (no mechanism; β_d free), but note the attacker's own α space must be plotted (not purchasable).
- B1 cost = M1 guarantee: q_garantia × N_recl (locked, C-inmov) but no confiscation. I'll report `C_inmov_B1` = q_garantia·N_recl (capital immobilized). As a "cost", it's opportunity cost = tipo_interes·q_garantia·N_recl·(F·τ/31536000). B0 = 0.
- Honest cost: storage energy for the same capacity + honest retention loss. I'll define honest cost = energia_almacenar_kWh(TiB) × (capacity) ... but capacity in the A1 scenario is the honest network = 1 (normalized). Hmm units mismatch. Let me define honest cost in the same u.e. as the attacker's bribe: the honest farmer's expected accidental-punishment loss + interest on its own guarantee. `L_h = ε_h·(ρ_ret·I·T_v + c_r + I·M) + tipo_interes·q_garantia`. With ε_h=1e-3/year. That's a defensible per-farmer honest cost. Ratio = cost_X_per_recruit / cost_honest_per_recruit. I'll compute per-recruit to keep units.

Actually, the order wants "el cociente frente al coste del honesto". So ratio = X's cost / honest's cost. I'll compute per recruited farmer: X pays b* or C(β)/N_recl; honest pays L_h. Document.

Hmm, this is getting muddy. Let me simplify: I'll present both absolute totals and the ratio using the declared `coste_honesto` definition (F9). It's documented. Good enough.

For sensitivity (dominant parameter): vary each scenario parameter by ±10% (or the declared sweep) and record the relative change in cost for the candidate; the dominant parameter is the max |Δcost/cost|. I'll implement a simple one-at-a-time sensitivity on the A1 candidate cost.

For A3 per-mechanism table: cost = nucleos_por_TiB(w) for w scenarios; honest cost = energia_almacenar + one-pass sellado (trabajo_nucleo_h_por_TiB). Δ = cost_X - cost_B0.

Let me write run.jl now. I'll keep it structured and produce CSVs with `Printf` or manual join.

Let me first check the test job status.

Actually let me check the background job.
dsh: reasoning:
Failures:
1. §4.1: `@test va.filas == 12` failed? No: "Evaluated: 0.0 > 0.0" at line 13. Line 13 is `using DS3`? Let me count. Actually the stacktrace says test/runtests.jl:13 and 67, 77. Hmm line 13 is `using DS3`. The `@test` at line 67? Let me re-check: the failure "Evaluated: 0.0 > 0.0" is likely `@test vp.celdas > 200`? No. Let me look: the failure is in §4.4 per summary (1 fail in §4.4). At line 77 maybe. Let me count lines. The message "Evaluated: 0.0 > 0.0" means an assertion like `@test x > 0.0` with x=0.0. In §4.4, `@test coste_reclutamiento(0.34, B3600, coef) > 0.0`? No, that expects 0. It's `@test coste_reclutamiento(0.34, B100k, coef) > 0.0`? No.

Wait the summary says §4.4 has 9 pass 1 fail. The failing test evaluated `0.0 > 0.0`. Which one? `@test coste_reclutamiento(B3600 + 1e-9, B3600, coef) > 0.0` — coste = (B3600+1e-9 - B3600)*coef = 1e-9*900 = 9e-7 > 0. Not 0. Hmm. `@test coste_reclutamiento(0.34, B100k, coef) > 0.0`: B100k=0.369 < 0.34? No, 0.369 > 0.34, so (0.34-0.369)<0 → returns negative! Because β=0.34 ≤ B_ε=0.369 → cost 0. Right! With T_v=100000, B(ε)=0.369, so β=0.34 < B(ε) → cost 0, not >0. My test is wrong. The "grieta NO" criterion compares B to (1-2α)/(1-α)=0.5075, not to 0.34. The crack: "con el criterio heredado (0,5075) la grieta NO". Meaning: the space with zero balance (B=0.369) is NOT enough to cross the drift under the inherited criterion? Wait, the crack exists if B(ε) ≥ threshold. With threshold 1-2α=0.34: B=0.369 ≥ 0.34 → crack exists. With threshold 0.5075: B=0.369 < 0.5075 → no crack. So the "sign change" is about the threshold, not about cost being 0. Hmm, but the cost C(β) is 0 whenever β ≤ B(ε). The relevant statement: can the attacker recruit enough free space (B(ε)) to cross the drift? If B(ε) ≥ threshold, then yes free. For T_v=3600: B=0.675 ≥ 0.34 → free. For T_v=100000: B=0.369. Under PROMPT threshold 0.34, B=0.369 ≥ 0.34 → still free (crack still exists!). Under inherited threshold 0.5075, no. So the "sign change" the MODELO wants is: with T_v=3600, B(0.01)=0.675 > 1-2α=0.34 (SÍ); with T_v=100000, B(0.01)=0.369 > 0.5075? No → NO. But B=0.369 > 0.34 still. So the comparison for "NO" must be against 0.5075. And `coste_reclutamiento(0.34, B100k=0.369, coef)=0` — cost is zero because 0.34 < 0.369. That's not the sign change.

So the correct test for the sign change:
- `B3600 > 1-2α` (SÍ with PROMPT)
- `B100k < 0.5075` (NO with inherited)
And `coste_reclutamiento` at the *threshold* β: for T_v=3600, β=0.34 ≤ B3600 → cost 0; for T_v=100000, β=0.369? Use β=0.5075 (the inherited threshold) with B=0.369 → cost = (0.5075-0.369)*coef > 0. That shows the sign change: at the inherited threshold, free under T_v=3600 but paid under T_v=100000. Let me fix.

Actually more precisely, let me test:
- `coste_reclutamiento(0.5075, B3600, coef) == 0` (free at inherited threshold with short T_v)
- `coste_reclutamiento(0.5075, B100k, coef) > 0` (paid at inherited threshold with long T_v)
That's the sign change. Good.

2. §4.6: `R_24H` not defined in Main because I used `R_24H` in the test but it's a constant in DS3 not exported. I need to use `DS3.R_24H` or export it. Let me export the constants used in tests: R_24H, PIEZA_B, etc. Simpler: in the test use `DS3.R_24H`. Let me just export the constants. Add to DS3.jl exports: `PIEZA_B, BYTES_TIB, TAU_S, T_TABLA_S, R_24H, T_M3_S, ...`. Or qualify. I'll qualify in the test to avoid polluting. Actually the errors show 5 errored in §4.6 (all lines using R_24H). Let me export R_24H (and maybe others used: PIEZA_B not used). I'll add `export R_24H`.

3. Also the `@test vp.filas`? The failure "Evaluated: 0.0 > 0.0" is in §4.4 per summary. Let me also check `va.filas == 12`: §4.1 shows 4 pass (out of 8 total? The summary shows §4.1: 4 pass, 4 total? It says "4 pass 4 total 8"? Actually format: Pass 4, Total 4? "| 4 | | 4 | 8" means 4 pass, 4 total? Hmm columns: Pass, Fail, Error, Total, Time. §4.1 row: "4 | | 4 | 8" — that's Pass=4, Total=4? No there are 5 columns after the name. Let me not worry. The outer failed. Let me fix the two issues and re-run.

Wait, the outer test summary says 56 total, 50 pass, 1 fail, 5 error. §4.1 has 8 tests (4 pass, 4 total?) Let me recount §4.1 tests: 
1. alpha_estrella(...) == 0.5
2. alpha_estrella(0.34,...) ≈
3. alpha_estrella_exacta == 1//2
4. == 7//20
5. == 33//100
6. abs(deriva) <
7. beta_cruce ≈
8. va.filas == 12
9. va.error_max == 0
That's 9 tests. Summary says §4.1: 4 pass, 4 total, 8 time? I'm misreading. Anyway.

Let me fix and re-run. Also I realize the test `@test va.filas == 12` — validar_alpha loops 3*2*2=12, good.

Let me apply fixes:
- test §4.4: replace the `coste_reclutamiento(0.34, B100k, coef) > 0.0` with the sign-change test at 0.5075.
- add `export R_24H` (and maybe TAU_S, PIEZA_B).

Actually, better to export the measured constants for reproducibility. Let me add exports.

Let me edit.
dsh: reasoning:
Wait, I accidentally created a duplicate/incorrect edit. Let me read the file around that section to verify.

The old_string I replaced included the block up to `@test coste_reclutamiento(0.20, B3600, coef) == 0.0`. My new_string includes `coef` then the tests. But there might now be a leftover duplicate `@test coste_reclutamiento(0.34, B100k, coef) > 0.0` if the original had more. Let me read the relevant lines.
dsh: reasoning:
Good. Now fix R_24H by exporting constants. Let me add exports for the measured constants used in tests. Add a line in DS3.jl:
`export PIEZA_B, BYTES_TIB, TAU_S, T_TABLA_S, R_24H, T_M3_S, T_UNIDAD_S, R_MAQUINA_S, D_A_S, Vatio_NUCLEO, Vatio_TIB, HASH_CPU_16, HASH_GPU_1070, J_POR_HASH_GPU`

Let me edit.
dsh: reasoning:
Now let me write the scenario file and run.jl while re-running tests. Let me re-run tests in background.

Actually, let me first re-run tests to confirm, then write run.jl. But run.jl writing is independent. Let me start the test job and write the scenario file + run.jl.

Let me restart tests in background.
dsh: reasoning:
Now write the scenario file `escenarios.tsv`. Let me make it comprehensive but manageable. I'll use tab-separated.

Columns: clave	valor	unidad	etiqueta	procedencia	barrido

Let me include the parameters. Note the loader in run.jl will read them.

Then run.jl:

```julia
#!/usr/bin/env julia
using DS3, Printf, Random
include("src/escenarios.jl")  # loader? 
```
Actually run.jl at project root can't `include("src/...")` easily? It can. But better to put the loader in the package or in run.jl. I'll put the loader in run.jl directly.

Let me write run.jl with argument parsing (simple manual parse), read escenarios.tsv, compute and write CSVs.

Let me define the computations concretely.

I'll produce:
1. `resultados/comprobaciones.csv` — the 7 cases with name, valor, esperado, etiqueta.
2. `resultados/ataque-A1-doble-farmeo.csv` — for each α, F, P*: β_d_min, C(β) candidate, B0, B1, honest, ratio, dominant.
3. `resultados/ataque-A3-sembrador.csv` — for each w: B, almacenamiento_forzado, cores/TiB, detection at k, honest cost, ratio.
4. `resultados/ataque-A4-sybil.csv` — q scenarios, cost per identity, cost per byte for small/large farm.
5. `resultados/ataque-A8-transicion.csv` — PoW energy for k blocks with CPU/GPU.
6. `resultados/por-mecanismo.csv` — per mechanism: Δ cost of X and honest cost in §3 scenarios.
7. `resultados/ventana-barrido.csv`.
8. `resultados/cobertura-barrido.csv`.
9. `resultados/sensibilidad-A1.csv`.

Plus `resultados/RESUMEN.txt` with environment.

Let me define A1 cost functions in run.jl.

Actually, to keep run.jl maintainable, let me add the attack-cost logic to the package in a new file `src/ataques.jl`? LINEO's template doesn't list it, but it's allowed. Hmm, LINEO lists modelo/referencia/rapido/validacion. To respect it, I'll keep the attack composition in run.jl. Fine.

Let me write the scenario file first.

For `escenarios.tsv`, values:
```
clave	valor	unidad	etiqueta	procedencia	barrido
α	0.33	fracción de espacio	hipótesis	MODELO §3 rejilla P-CLAVE/P-PRESTAMO	0.10;0.20;0.25;0.33;0.40
β_d	0.34	fracción de espacio	hipótesis	MODELO §3 (relativo a la rejilla)	0.20;0.34;0.50
β_x	0.0	fracción	hipótesis	MODELO §3	0
F_slots	1019	slots	hipótesis	P-PRESTAMO §2 (sin revalidar)	1019;3600
η_h	1.0	adimensional	hipótesis (idealizado)	MODELO §2.1	1
η_a	1.0	adimensional	hipótesis (idealizado)	MODELO §2.1	1
λ	1.0	bloques/slot	entrada	MODELO §1	1
T_v	3600	slots	hipótesis	MODELO §3 rejilla P-CLAVE §6	1000;3600;10000;100000
ρ_ret	0.50	fracción	hipótesis	MODELO §3 rejilla P-CLAVE §6	0.10;0.25;0.50;1.00
κ	1.0	adimensional	hipótesis P-EQUIVOCACION	MODELO §1, tabla §2.6	0;0.455;1.0
q_gana	1.0	adimensional	hipótesis	MODELO §1 (censura)	0.1;1.0
I	1.0	u.e. por bloque	hipótesis	MODELO §2.3	1
c_r	10.0	u.e.	hipótesis	P-PRESTAMO §5	10
M	20.0	slots	hipótesis	P-PRESTAMO §5	20
V	400.0	u.e. por reclutado	hipótesis	P-PRESTAMO §5	400
N_recl	100	conteo	hipótesis	P-PRESTAMO §4	100
ν	1e-4	reorgs/slot	hipótesis	MODELO §3 rejilla P-CLAVE §6	1e-4;3e-4;1e-3
q_garantia	1000.0	u.e.	hipótesis (3 escenarios)	MODELO §3 CONTRATO-v0 §1	100;1000;10000
tipo_interés	0.05	1/año	hipótesis	MODELO §3	0;0.05;0.15
f_media	1e-3	fracción de espacio	hipótesis H3	P-CLAVE H3	1e-3
ε_saldo	0.01	u.e.	hipótesis	P-CLAVE §3 (umbral de saldo cero)	0.001;0.01
dist_f_min	1e-8	fracción	hipótesis H3	P-CLAVE H3	1e-8
dist_alpha	2.2	adimensional	hipótesis H3	P-CLAVE H3	2.05;2.2;2.5;3.0
w_sin_vdf	7175	slots	hecho (medido/derivado P-REVELACION)	MODELO §3	7175;8030
w_con_vdf	4830.6	slots	hecho (ρ=2.5)	MODELO §3	4830.6
N_TiB	1048480	piezas	hecho	P-COBERTURA	1048480
k_auditoria	1000000	aperturas	hipótesis	P-COBERTURA §5.2	1000;100000;1000000
D_a	60	s	hecho	P-COBERTURA	60
r_maquina	25.03	unidades/s	medido	P-COBERTURA/P-INTENTO	25.03
t_unidad	0.809	s/unidad	medido	P-INTENTO §11	0.809
t_M3	0.02299	s	medido	P-INTENTO §7	0.02299
π_DAG	1.0	adimensional	hipótesis (favorable al atacante)	P-INTENTO §11	0.5;1.0
N_h_20TB	19071000	piezas	hecho (20 TB / Piece::SIZE)	P-INTENTO §12	19071000
precio_token	1.0	referencia arbitraria	hipótesis	MODELO §3	0.1;1;10
P_objetivo	1e-6	probabilidad	hipótesis DS-3	F2 (falta F2)	1e-6;1e-3;0.5;0.99
ε_h	1e-3	1/año	hipótesis	P-PRESTAMO §6	1e-3
```

Also include `vdf_rho_reloj` etc.

Let me write it. Then run.jl.

For run.jl, the loader `leer_escenarios(ruta)` returns a Dict{String,Float64} from the TSV; ignore rows starting with #. Also keep the full table for the INFORME.

Let me write run.jl. I'll write helper `getp(esc, key)`.

Let me now write the scenario file.
dsh: reasoning:
Let me read the test output.
dsh: reasoning:
Now §4.1 has 4 errors. The error is at test line 22 (inside §4.1). Line 22 is probably `va = validar_alpha()` or the `@test va.filas == 12`. Let me see: §4.1 has 8 total, 4 pass, 4 errors. The 4 errors are likely `va.filas == 12`, `va.error_max == 0`, and maybe the exact alpha tests? Let me get the error message. The tail only shows the stacktrace. Let me read the full output. The full output was saved? The tool said "Long output is truncated to its tail; the full output is saved to a file whose path is reported when available." I don't have the path. Let me just run the specific test in a script to see the error.

Line 22: let me read lines 13-30 of runtests.jl.

Actually, let me just run `julia --project -e 'using DS3; println(validar_alpha())'`.
dsh: reasoning:
The problem: `alpha_estrella_exacta` is typed `Rational{BigInt}` but literals like `0//1` are `Rational{Int64}`. Julia doesn't auto-convert to `Rational{BigInt}` for dispatch. I need to make the function generic over `Rational`. Let me change the signature to accept `Rational{<:Integer}` or just `Rational` and convert to BigInt internally. Simplest: define `alpha_estrella_exacta(βd::Rational, ...)` generic, computing with `Rational{BigInt}` promotion. Actually `Rational{Int64}` arithmetic can overflow for small values but here it's fine; but for consistency use BigInt.

Let me change to:
```julia
@inline alpha_estrella_exacta(βd::Rational, βx::Rational = 0//1, ηh::Rational = 1//1, ηa::Rational = 1//1) =
    (big(ηh) - big(ηa)*big(βd) - (big(ηh)+big(ηa))*big(βx)) / (big(ηh)+big(ηa))
```
This returns Rational{BigInt}. Then tests comparing to `1//2` (Rational{Int64}) use `==` which promotes fine.

Also `validar_alpha` calls `alpha_estrella_exacta(βd, βx, 1//1, ηa)` with `βd`/`βx`/`ηa` as `Rational{BigInt}` from the tuples? I wrote `(0//1, 3//10, 17//50)` which are Rational{Int64}. So the generic signature fixes it.

Let me edit modelo.jl. Also the test line 22 area: `@test va.filas == 12` etc.

Let me update the function.
dsh: reasoning:
Now the `validar_alpha` function uses `for βd in (0//1, 3//10, 17//50)` which are Rational{Int64}; the generic function handles it. Good.

But the test `@test alpha_estrella_exacta(0 // 1, 0 // 1, 1 // 1, 1 // 1) == 1 // 2` — now returns Rational{BigInt}, comparing to Rational{Int64} works with `==`.

Also `validar_alpha` computes `g = ηa*(a+βd+βx) - (1-a-βd-βx)` where `a` is Rational{BigInt}, βd etc Rational{Int64}. Mixed arithmetic promotes. `abs(Float64(g))`. Fine.

Now, the 4 errors in §4.1: likely 2 from `alpha_estrella_exacta` (three exact tests) plus `validar_alpha`. Actually the exact tests are 3, plus validar_alpha = 4. Good.

Let me re-run tests. Also let me check whether there are other similar type issues. `masa_prob` uses Float. Fine.

Let me re-run in background and meanwhile write run.jl.

Actually, I realize the tests take ~8s each run; fine. Let me start it.

Now let me write run.jl. Let me think about the structure and produce meaningful CSVs.

I'll write run.jl as a script that:
- reads `escenarios.tsv`
- defines helper functions for the attack tables
- writes CSVs

Let me write the A1 per-attack table.

For each α in {0.10,0.20,0.25,0.33,0.40}, F in {1019,3600}, P* in {1e-6,1e-3,0.5,0.99}:
- bisect β_d.
- compute B_ε, coef, C(β_d) [candidate M3+M5].
- B0 cost = 0.0; B1 cost = opportunity of M1 guarantee (per recruit) but let's report the guarantee capital (u.e.) and the interest.
- honest per-recruit cost = eps_h*(ρI T_v + c_r + I M) + interest on q_garantia.
- ratio = candidate_per_recruit / honest_per_recruit.
- dim_dominante: sensitivity.

Actually, wait. The candidate cost C(β_d) is the total to recruit β_d of space. Per recruit cost = C(β_d)/N_recl(β_d) where N_recl = ceil(β_d/f_media). The honest cost is per honest farmer. Ratio = (C/N_recl)/honest. But if C=0, ratio=0.

Let me define:
```
N_recl_bd = max(1, ceil(Int, βd/f_media))
C_total = coste_reclutamiento(βd, B_eps, coef)
C_per = C_total / N_recl_bd
B0_per = 0.0
B1_per = tipo_interes * q_garantia * (F*TAU_S/31536000)   # C-inmov
honesto_per = eps_honesto*(ρ*I*T_v + c_r + I*M) + tipo_interes*q_garantia*(F*TAU_S/31536000)
ratio = C_per / honesto_per
```
Hmm, but B1 also has the same honest cost of guarantee. The ratio X/honest.

Maybe clearer: I'll report for each row the attack cost in B0, B1, candidate as **per-recruit u.e.**, and the honest cost, and the ratio. Plus β_d.

Also report the "Δ" candidate − B0.

For sensitivity: I'll vary κ, q_gana, ρ_ret, T_v, ε, α by their sweep extremes and recompute C. Dominant = max relative swing.

Let me implement `sensibilidad_A1(α,F,P*)` returning vector of (param, valor, C).

Actually simpler: compute C at baseline and at ±20% for each of {ρ_ret, T_v, κ, q_gana, ε_saldo, α}; record |ΔC|/C. But C is often 0 (below B_ε), so relative swing undefined. I'll use the swing in β_d or in B_ε. Hmm. Maybe use the mechanism's "cost" as the *bribe per recruit* b* = κq(ρI T_v + c_r + I M), which is never 0, times N_recl. Let me define the candidate cost as the **bribe cost per recruit × N_recl**? That double counts with C(β). 

Let me step back and choose the cleanest model:
- The candidate M3+M5 deters by making each recruited farmer demand a bribe b* = κ q (ρ_ret I T_v + c_r + I M) per unit of space? No, b* is per recruit (per key). P-CLAVE's C(β) is the recruitment cost choosing by balance. These are two models. MODELO §2.4 explicitly gives C(β) (retention by balance). So I'll use C(β) as the attack cost for the candidate. And the region analysis uses b*.
- For sensitivity, vary the parameters and recompute C(β_d) with β_d fixed at baseline, and also β_d_min for fixed P*. The dominant parameter is the one whose variation changes C most. If C=0 baseline, use the variation of B_ε or of β_d_min. I'll report both: `dominante_coste` and `dominante_beta`.

Given time, let me simplify the sensitivity to the *cost-side* parameters (ρ_ret, T_v, ε, λ, I) at a scenario where C>0. I'll choose β_target = 0.5 (or the β_d_min) ensuring C>0. Let me just compute the sensitivity of `C(β_d_min)` and if it's 0 use `C(0.5)`. Document.

OK. Let me write run.jl pragmatically. I'll aim for clear outputs.

Let me also produce the per-mechanism table: for each mechanism in {M1, M2, M3+M5, F1+F2+F4, F3, O1, O2, O3, O4}, give:
- the problem it addresses,
- Δ cost absolute of X in the §3 scenarios,
- cost for the honest,
- exigible/condicionado,
- source.
This is largely a restatement of DS-2 §7 with DS-3's numeric Δ where computed. Good.

For the A3 table:
For w in {7175, 8030, 4830.6}:
- B = B_unidades(25.03,1,w,1,60)
- almacenamiento_forzado for k in {1000,100000,1000000}
- nucleos_por_TiB
- maquinas_por_TiB
- energy regenerar, almacenar, ratio
- honest cost: energia_almacenar_kWh + (one pass sellado energy?) Let me use honest cost = energia_almacenar_kWh(w) + energia_regenerar_kWh(w) (one pass = regenerating once, which is what selling requires). Actually for the seeder comparison, the honest stores (0.010 kWh/TiB/window) and the attacker regenerates every window (15.315 kWh). Ratio ~1524. Good.
- X cost = energia_regenerar_kWh (per TiB per window).
- Δ = X - B0 where B0 = 0.
- ratio = X/honest.

For A4:
For q in {100,1000,10000}:
- cost per identity = q
- cost per byte for f in {1e-6 (small farm), 1e-3, 1e-1} = q/f
- fraction of weekly income (assume income ∝ f·λ·I·slots_per_week = f*1*1*604800). For f=1e-3: income=604.8; q=1000 → 1.65 (>100%!). That shows regressivity.
- Report.

For A8:
- Hashrate CPU/GPU, J/hash. For k blocks rewritten with h fraction... MODELO doesn't give the number of hashes per block, so I can't compute absolute energy. The measured facts are H/s and J/hash. I'll report the energy per hash and the cost per 1e9 hashes, and note the missing piece (hashes/block / PoW difficulty) → not quantifiable. Actually RFT-13/T02-A gives success 0.039 for h=0.25,k=6, but that's a probability, not energy. So mark A8 as partially quantified (P-detección/tiempo) and not energy.

For the check values CSV:
- Write the 7 case values computed at runtime.

Let me write run.jl.

I'll include environment capture: `VERSION`, `Threads.nthreads()`, `Sys.CPU_NAME`, `Sys.total_memory()`, git hash (maybe skip).

Let me write it now. I need to be careful with Julia string formatting and CSV writing. I'll write a helper `escribir_csv(ruta, cabecera, filas)` where filas is a Vector of Vectors of strings.

Let me write run.jl.
dsh: reasoning:
Let me read the test result. Also I need to fix run.jl: `Dates_now` uses `Dates` but I didn't import Dates. I defined a stub function `Dates_now()` returning a hardcoded string, but I reference `Dates.DateTime` inside it, which is undefined. Let me simplify: `Dates_now() = "2026-09-26"`. Also `fmt(...; d=6)` with `@sprintf("%.*g", d, x)` — `%.*g` expects an Int precision; d is Int, fine. But `@sprintf` returns a String. Good.

Also `fmt(nucleos_por_TiB(...); d=6) * " núcleos/TiB"` — concatenation fine.

Also `r1 = tabla_comprobaciones()` returns the path string; then `@printf("... %s", r1)`. Fine.

Also `tabla_ataque_A1` calls `sensibilidad_A1` for every (α,F,P*) → that's 5*2*4=40 combos, each computing bisection plus 6 params × 2 extremes, and inside sensitivity it calls `beta_minimo_para_p` again for the α variation. Each `beta_minimo_para_p` does ~40-200 DP evaluations. This could be very slow! coste_A1 does one bisection; sensibilidad_A1 does one bisection + up to 2 more for α. So per combo ~3 bisections. 40 combos × 3 × ~50 DP evals × DP cost. For F=3600 and small probabilities, each DP could be ~1s. That's potentially hours!

I need to bound this. Let me reduce: 
- Restrict the A1 table to F=1019 only (F=3600 is for the monotonicity check, not the cost table). Or include F=3600 but only for α=0.33 and P*=1e-3.
- Reduce the sensitivity to not re-bisect for α; use fixed βd.
- Reduce `beta_minimo_para_p` maxit and tolerance. The bisection on βd in [0, 0.67] to 1e-12 needs ~40 iterations. Each iteration is a DP. For F=1019, d up to 346; the near-threshold DP for P*=1e-6 has smaller d (~?), maybe 100-200, work ~1019*200*1300 ≈ 2.6e8 → ~0.3s. 40 iters → 12s per bisection. 40 combos × 3 → 24 min. Too slow.

Let me drastically cut:
- A1 table: α ∈ {0.20, 0.33, 0.40}, F=1019, P* ∈ {1e-6, 1e-3, 0.5}. That's 9 combos × 1 bisection = 9 bisections. Plus sensitivity only for α=0.33, P*=1e-3 (1 combo). ~10 bisections × 12s = 2 min. Acceptable.
- Actually, I can reduce the DP cost by noting the deficit d for the target P* is found by bisection; the DP's cost is O(T·(d+1)·(d+T)). Near threshold, d could be ~150 for P=1e-6 at α=0.33. Let me estimate: P=1e-6 at α=0.33 corresponds to βd maybe ~0.40 (from the table: βd=0.40 → P=8.6e-5; βd=0.34→2e-10). So d at βd=0.40 is 73. Work = 1019*75*1094 ≈ 8.4e7 → 0.1s. Good. For P=0.5, d~5, fast. For P=0.99, d=0. So each bisection ~40 iters × 0.1s = 4s. 10 bisections = 40s. Fine.

For F=3600, d at βd=0.40 is ~258; work = 3600*260*3860 ≈ 3.6e9 → ~4s per DP! 40 iters → 160s per bisection. Too slow. So F=3600 in the cost table is expensive. I'll keep F=3600 only in the `ventana-barrido` for the specific 9 (α,βd) cells (each DP ~seconds), which I already do. Actually the barridos() loops 9 pairs × 2 F = 18 DPs, with F=3600 and d up to 404 (α=0.20,βd=0.34) → work 3600*406*4400=6.4e9 → ~7s each. 9 such → ~60s. Acceptable.

So let me remove F=3600 from the A1 cost table (use only F=1019) and reduce α and P* grids. Also remove the α re-bisection in sensitivity.

Let me rewrite `tabla_ataque_A1` and `sensibilidad_A1`:
- ALPHAS_A1 = [0.20, 0.33, 0.40]; FS_A1=[1019]; PS_A1=[1e-6,1e-3,0.5].
- sensibilidad_A1: don't re-bisect; use the βd passed in. Variaciones on ρ_ret, T_v, ε, λ, I, and also κ? κ doesn't enter C(β) (only b*). I'll include κ in a separate "per-recruit bribe" column. Actually the dominant parameter for C(β) is coef and B_ε; T_v and ρ_ret enter coef linearly. So T_v/ρ_ret dominate. Fine.

Let me also add the b* (per-recruit bribe) to the table: b* = κ q_gana (ρ_ret I T_v + c_r + I M). This is the alternative cost and key for the region.

Let me rewrite those functions.

Also `tabla_por_mecanismo` calls `coste_A1(0.33, 1019, 1e-3)` → one bisection, fine.

Let me also fix `Dates_now`.

Let me first check the test output.
dsh: reasoning:
The tail didn't show the summary. Let me re-run and capture to a file, or just run the tests directly with `julia --project test/runtests.jl` to see the summary. Let me do that and save output to a log in my zone. Actually the job output tail only shows the end. The summary is above. Let me run tests directly (not through Pkg) and tee to a file.

But first, the tests presumably still failed? The exit code is 0 because of the `| tail`. Let me run directly.

Let me run `julia --project=. test/runtests.jl` and capture. It's faster (~8s).
dsh: reasoning:
`validar_alpha` error_max = 0.34. My `validar_alpha` uses the wrong g formula. `alpha_estrella` is the root of which reparto? Let me reconsider.

MODELO §2.1: `α* = (η_h − η_a·β_d − (η_h+η_a)·β_x)/(η_h+η_a)`. P-CLAVE note says this corresponds to the alternative reparto where β_d abandons the public: `deriva_alt = η_a(α+βd+βx) − η_h(1−α−βd−βx)`. Setting to zero and solving for α:
η_a α + η_a βd + η_a βx = η_h(1−α−βd−βx)
α(η_a+η_h) = η_h − η_h βd − η_h βx − η_a βd − η_a βx
α = (η_h − (η_h+η_a) βd − (η_h+η_a) βx)/(η_h+η_a)
= (η_h − (η_h+η_a)(βd+βx))/(η_h+η_a).
But MODELO's formula is `(η_h − η_a βd − (η_h+η_a) βx)/(η_h+η_a)`. These differ in the βd coefficient: η_a vs (η_h+η_a). With η=1, MODELO: (1 − βd − 2βx)/2. deriva_alt root: (1 − 2βd − 2βx)/2. So they differ.

Hmm. Let me re-read P-PRESTAMO §1: g = η_a(α+βd+βx) − η_h(1−α−βx). Setting g=0:
η_a α + η_a βd + η_a βx = η_h − η_h α − η_h βx
α(η_a+η_h) = η_h − η_a βd − (η_h+η_a) βx
α* = (η_h − η_a βd − (η_h+η_a) βx)/(η_h+η_a). ✓ This matches MODELO. Good.
So α* is the root of `g = η_a(α+βd+βx) − η_h(1−α−βx)` (the "encargo" reparto, where βd stays in public). Good.

The P-CLAVE note claimed the formula corresponds to `deriva_alt`; that's an error in P-CLAVE's comment (or a different accounting). Regardless, MODELO's α* is the root of the MODELO §2.1 g, which in my code is `deriva(Reparto) = mu_privada - mu_publica = ηa(α+βd+βx) − ηh(1−α−βx)`. So `validar_alpha` should check `g = ηa*(a+βd+βx) - ηh*(1-a-βx) = 0`, not the alt. Let me fix validar_alpha. With ηh=1: g = ηa(a+βd+βx) - (1-a-βx). At a=α*: should be 0.

Let me verify: a = (1 − ηa βd − (1+ηa) βx)/(1+ηa) [with ηh=1]. 
g = ηa a + ηa βd + ηa βx − 1 + a + βx = a(ηa+1) + ηa βd + βx(ηa+1) − 1 = (1 − ηa βd − (1+ηa)βx) + ηa βd + (1+ηa)βx − 1 = 0. ✓

So fix `validar_alpha` to use the g of `deriva`. Actually I can just call `deriva(Reparto(Float64(a), Float64(βd), Float64(βx), 1.0, Float64(ηa)))`. But with exact Rationals, better compute `g = ηa*(a+βd+βx) - (1 - a - βx)` (ηh=1). Let me fix.

Also the model comment in validar_alpha says "reparto ALTERNATIVO (β_d también abandona)" — wrong. Fix comment.

Let me edit validacion.jl.
dsh: reasoning:
Now fix run.jl: reduce A1 grid, fix sensitivity (no re-bisection), fix Dates_now.

Let me rewrite the relevant portions.

For `coste_A1`, F will be 1019 only. Let me change `const FS = [1019, 3600]` to keep FS for the barridos but add `FS_A1=[1019]`, `ALPHAS_A1=[0.20,0.33,0.40]`, `PS_A1=[1e-6,1e-3,0.5]`.

Let me rewrite `sensibilidad_A1` to take `βd` as argument and not call beta_minimo_para_p. And remove α from variations (since it only affects βd, which is fixed).

Also add per-recruit bribe b* column.

Let me edit run.jl.
dsh: reasoning:
Now fix `Dates_now` to avoid Dates dependency.

Also, the `FS` still includes 3600 and gets used in tabla_ataque_A1 with F=3600 → expensive (up to 9 bisections with F=3600). I set `FS=[1019,3600]`. Let me change to only [1019] for the cost table but keep 3600 in the barridos. Since `barridos()` uses its own FS too (`for F in FS`). Let me define `FS_COSTE=[1019]` and `FS_BARRIDO=[1019,3600]`. Let me just change `const FS = [1019]` and in `barridos()` use `[1019, 3600]` explicitly. Let me check barridos: `for F in FS`. Change that to `[1019,3600]`.

Let me edit.
dsh: reasoning:
Now let me run the tests again quickly (should pass now) and then run run.jl. Let me run tests in background and run.jl in another? Running both simultaneously would compete for CPU and possibly be slow. Let me first run tests (fast, ~8s) inline.

Actually the `run.jl` A1 table: 3 α × 1 F × 3 P* = 9 combos, each with a bisection of ~40 DP evals. Some DP evals at F=1019 with d up to ~346 (for P*=1e-6 maybe d ~150). ~0.1-0.5s each → 9*40*0.3 = ~108s. Plus `tabla_por_mecanismo` one more. Plus barridos 18 DPs (some F=3600 heavy ~7s) → ~60s. Plus cobertura barrido 2*3*6=36 hypergeometric evals with k up to 1e6 → each is O(k) = 1e6 loop → 36*1e6 = 3.6e7 → fast. Plus MC 20000 reps. Total maybe 4-6 min. Acceptable.

Actually, `beta_minimo_para_p` uses `maxit=200`. Bisection stops when `hi-lo ≤ 1e-12`. For interval [0,0.67], that's ~40 iterations. Each iteration calls `prob(med)` which calls `primera_dp`. For P*=1e-6 at α=0.33, threshold βd ~0.43? Let me see: P(βd=0.40)=8.6e-5 >1e-6; P(βd=0.34)=2e-10 <1e-6. So threshold ~0.38. d ~ (0.67 - (0.33+0.38))*1019 = (−0.04)*1019 <0 → wait, μp=1-α=0.67, μa=α+βd=0.33+0.38=0.71 → d negative → deficit_entero=0 → P large. Hmm, that means once βd > beta_cruce=0.34, the drift favors the attacker and P jumps to ~1. So the bisection will find βd slightly above 0.34 where P jumps from tiny to ~1. The DP near d=0 is fast. So each bisection is fast! Great. The expensive DP is only for the final `prob` calls near the threshold where d is small. Actually during bisection, `prob(med)` for med > 0.34 gives d=0 (fast), for med < 0.34 gives d up to 346 (for med=0.17). So half the iterations are cheap (d=0), half are expensive (d large). ~20 expensive × 0.3s = 6s per bisection. 9 bisections = 54s. Fine.

Let me run tests first.
dsh: reasoning:
Almost all pass now. The region test: `reg.Tv_min > 3600.0` but it's exactly 3600 because the economic Tv_min = 3700? Let me compute: V/N = 400, κq=1, ρ_ret=0.5, I=1: Tv_min = (400 - 30)/(0.5) = 740. Then max(740, F=3600) = 3600. So Tv_min = 3600, not >3600. My test asserted >3600. The region requires T_v > F strictly, so Tv_min = max(econ, F) = 3600 means Tv must be > 3600 for the temporal condition, but the returned Tv_min is the lower bound where all conditions hold strictly? At Tv=3600, `Tv > F` is false. So the actual minimum `Tv` satisfying all strict conditions is >3600 (infimum 3600). My function returns 3600 as the infimum. The test should be `>= 3600`. And `reg.disuade(reg.Tv_min + 1.0)` should be true (3601 > 3600). Let me also check `reg.disuade(3600.0)` is false. Let me adjust the test: `@test reg.Tv_min >= 3600.0`, `@test !reg.disuade(3600.0)`, `@test reg.disuade(3601.0)`.

Also `existe` uses `Tv_min < Tv_max`. With Tv_min=3600 and Tv_max = 1/(ν ρ)=1/(1e-4*0.5)=20000, existe=true. Good.

Wait, but MODELO §2.5 case: with V/N=400, c_r=10, M=20, I=1: region is ρ_ret·T_v ≳ 4000 and T_v > F. With ρ_ret=0.5: T_v ≥ 8000? Let me recompute the MODELO criterion: `κ·q·(ρ_ret·I·T_v + c_r + I·M) > V/N`. With κq=1, ρ=0.5, I=1: 0.5 T_v + 30 > 400 → T_v > 740. MODELO says "ρ_ret·T_v ≳ 4.000" i.e. 0.5*T_v ≥ 4000 → T_v ≥ 8000. Hmm, discrepancy!

Wait, MODELO §2.5 says: "con V/N=400, c_r=10, M=20, I=1, la región es ρ_ret·T_v ≳ 4.000 y T_v > F". The inequality: κ q (ρ_ret I T_v + c_r + I M) > V/N → with κq=1: ρ_ret T_v + 30 > 400 → ρ_ret T_v > 370. That gives 370, not 4000. The P-PRESTAMO §5 says "ρ_ret·T_v ≳ 4.000" with V=400 per recruited and N=100 → V/N = 4, not 400! Let me re-read: "Con V = 400 u.e. por reclutado y n = 100, la región que cumple pérdida > soborno es ρ_ret·T_v ≳ 4.000". So V/N where N is the total number of slots? No... Actually the criterion in P-PRESTAMO §5.1: "κ·q·(ρ_ret·T_v + c_r + ingreso·M) > V/N con V/N = 400". Hmm they say V/N=400 in the closed form: "La forma cerrada sale de κ·q·(ρ_ret·T_v + c_r + ingreso·M) > V/N con V/N = 400, c_r+ingreso·M = 30." So ρ_ret T_v > 400 - 30 = 370. With ρ_ret=0.1: T_v > 3700 → matches the table (ρ_ret=0.1 → T_v minimum 10000 on grid, closed form 3700). So the "ρ_ret·T_v ≳ 4.000" in P-PRESTAMO §5 F5 answer (line 49) is with V=400 and the formula `b*·N`? Actually line 49 says "Con V = 400 u.e. por reclutado y n = 100, la región que cumple pérdida > soborno es ρ_ret·T_v ≳ 4.000". That seems to use V/N per something else. But the closed form line 413 says > 400 with c_r+M=30, giving 370. The MODELO §2.5 says "ρ_ret·T_v ≳ 4.000" and case of test "con V/N=400, c_r=10, M=20, I=1, la región es ρ_ret·T_v ≳ 4.000 y T_v > F". There's an inconsistency: the inequality with those numbers gives 370, not 4000. Unless `c_r + I·M` is 30 and there's an extra factor N=... Hmm.

Wait: maybe `V/N` means V divided by N where N = 100 (number of slots? or recruited?). P-PRESTAMO §4: V=4 weeks of emission, N=100 recruited, V=400 u.e. per recruited. The threshold is "V/N" = 400/... Hmm "V/N" with V=400 and N=100 gives 4. But they wrote V/N=400. So maybe V=40000 and N=100 → 400. Then ρ_ret T_v > 400-30=370. Still 370.

The "ρ_ret·T_v ≳ 4.000" comes from `V=400` and requiring `pérdida = ρ_ret·T_v + 30 > 400`? No, that's 370. To get 4000 you'd need V/N=4030. Hmm. Actually P-PRESTAMO F5 answer line 17 says "(ρ_ret = 0,10, T_v ≳ 3.000)". With ρ=0.1, T_v=3000 → ρT_v=300, loss=330 < 400. Doesn't satisfy. But 3700 does (ρT_v=370, loss=400). So the report's "≳4.000" is loose rounding of 3700? 370*... Hmm ρ_ret T_v = 370, not 4000. They probably mean `T_v ≳ 3.700` for ρ=0.1 (so ρ_ret·T_v ≈ 370). The "4.000" in MODELO is a typo/loose. 

The MODELO is the ratified spec, and its §4 case says "la región es ρ_ret·T_v ≳ 4.000 y T_v > F". But its own §2.5 formula `κ·q·(ρ_ret·I·T_v + c_r + I·M) > V/N` with the stated numbers gives ρ_ret·T_v > 370. So there's an internal inconsistency (another falta de definición!). Hmm. The check case isn't in the 7 mandatory list though; only §4.1-4.7. The §2.5 example is "Caso de prueba obligatorio" but not one of §4's seven. The order says the seven of §4 are the mandatory regression. So §2.5 is guidance.

I should implement the formula as written (which I do): `ρ_ret T_v > V/N - c_r - I M = 370`, and note the discrepancy with the "≳4.000" text in the INFORME/DEFINICIONES. That's honest. Let me add this to DEFINICIONES-FALTANTES as F10.

Actually wait, maybe I'm misreading the criterion. "Disuasión: κ·q·(ρ_ret·I·T_v + c_r + I·M) > V/N". With V/N=400: κq(ρI T_v + c_r + I M) > 400. With κq=1, ρ T_v > 370. Yes. The "4.000" might be `ρ_ret·T_v ≳ 4.000` if `V/N = 4030`. I'll flag.

For the test, I'll assert `reg.Tv_min >= 3600` and `reg.disuade(3601)`. Let me also add a test that with F=3600 and ρ=0.5 the economic min is 740 but the temporal dominates → Tv_min=3600. And add a separate check of the region at a looser F.

Let me fix the test. Also fix `reg.disuade(reg.Tv_min + 1.0)` which is 3601 → true.

Let me edit the test.
dsh: reasoning:
Let me add F10 to DEFINICIONES-FALTANTES about the "≳4.000" discrepancy. Let me append.

Actually I'll add it. Let me edit the file.

Then run tests again. Then run run.jl.

Let me append F10.
dsh: reasoning:
Now run the tests again and, if they pass, run run.jl. Let me run tests inline.
dsh: reasoning:
All tests pass (85 total). Wait, the MC test shows 0.1s — the MC with 20000 reps ran fast, good.

Now run `Pkg.test()` to satisfy the order explicitly, and run `run.jl`. Let me run run.jl in background (may take minutes) and Pkg.test separately.

Actually Pkg.test and run.jl both use CPU. Let me run run.jl first (more important for outputs), then Pkg.test.

Let me run run.jl in background and monitor. Also update todos.

Let me update todos.
dsh: reasoning:
While run.jl runs, let me write the benchmarks file and start drafting the INFORME.

Let me write `bench/benchmarks.jl` using BenchmarkTools. It should benchmark the DP kernel, MC, hypergeometric. LINEO requires a table of performance. I'll write it to run quickly (small cases) and produce `resultados/BENCH.txt`.

Let me write bench/benchmarks.jl.

Actually, using BenchmarkTools with the DP that allocates arrays — fine. Let me benchmark:
- `primera_dp(0.33, 346, 1019)` (the regression cell)
- `primera_dp_absorbente(0.33, 346, 1019)`
- `primera_dp(0.33, 10, 1019)`
- `cola_hiper_rapida` on the certified cell
- `mc_ventana` small.

Let me write it. I'll run it after run.jl.

Let me write bench/benchmarks.jl.
dsh: reasoning:
Now let me check the run.jl progress.
dsh: reasoning:
run.jl completed in 158.6s. Let me inspect the outputs.
dsh: reasoning:
Excellent. 4216 cells validated, error 1.1e-15. Good.

Let me look at the CSVs, especially A1 and por-mecanismo.
dsh: reasoning:
Two issues:

1. `comprobaciones.csv` CSV has commas inside fields (e.g., "P(F=1019,α=0.33,βd=0)") which breaks the columns. I need to quote fields containing commas or avoid commas. Same for "M3+M5" fine, but some fields have parentheses with commas. Let me sanitize by replacing commas in field strings with ";". I'll add a `limpia` function in escribir_csv that replaces ',' with ';'.

2. `ataque-A3-sembrador.csv` detection = 0 for k=10^6 because my formula used `M = (1-(1-B/N))*N = B` (i.e., storing the forced fraction), which gives M=B and P(X>B) with M=B ⇒ 0. That's wrong for the detection column. For the A3 table, I should report the detection at the "practical" frontier, i.e., use the stored fraction φ and M=(1-φ)N. But the table reports `almacenamiento_forzado` and detection — the honest reading: the attacker stores the minimum `1-B/N` (M=B) → detection 0 (by definition). So detection 0 is correct for the forced-storage attacker. But then the column is uninformative. I wanted to show that with k=10^6 there IS partial detection. Let me change the A3 table to report detection at a stored fraction φ=0.99 (M=0.01N) or at the frontier M=189,670. Actually the meaningful "detection" for A3 is: if the attacker stores less than the forced fraction, detection is possible. The forced fraction=0.8273; at φ=0.99 (stores more? no, φ=0.99 means stores 99%, M=1%N=10,485 < B=181,092 → M<B so detection 0). Hmm, to have detection, need M>B, i.e., store φ < 1-B/N = 0.8273. So the attacker who stores less than 82.73% is detectable. The table's detection with M=B is 0. Let me instead report the detection at φ = 0.80 (M=209,696 > B) and φ=0.8190 (frontier). Actually simpler: report detection for the minimum detectable omission M=B+1 and for M at φ=0.5 (half). Let me add a column `deteccion_con_M_mayor` using M = B+1? That has tiny probability. Hmm.

Let me reconsider what A3's "success/detection" means. The MODELO §2.8: `almacenamiento_forzado(N,B) = max(0,1-B/N) if k>B else 0`. And "k≤B ⇒ no detectable en absoluto". For k=10^6 > B, the frontier is detectable. The A3 table should show:
- for k=10^6: `almacenamiento_forzado=0.8273` and the detection at the frontier M=189,670 (~1%) → demonstrating the cliff.
- for k=1000, 100000: `almacenamiento_forzado=0` (no storage needed).

So I should make the A3 table iterate over k ∈ {1000, 100000, 1000000} and for k=10^6 report the frontier M and detection. Let me restructure: for each w and k, compute `af = almacenamiento_forzado(N,B,k)`; if k>B, compute M_frontier = ceil(B*N/(N-B))? Actually the certified practical frontier is a separate γ-threshold thing. Let me instead report detection at a fixed *omitted fraction* representing a "sensible cheater": M = 0.10*N (stores 90%). For w=7175, B=181,092, M=104,848 > B=181,092? No, 104,848 < 181,092. So a 90% storer is NOT detectable (M < B). Right — that's the whole point: with B=181,092, you need M>181,092, i.e., store <82.7%. So let me report detection at φ=0.80 (M=209,696>B) for k=10^6. Let me compute: with N=1,048,480, M=209,696, k=10^6, B=181,092 → P(X>B) ≈ ? Probably ~1. That shows detection. Good.

Let me restructure A3 table to have one row per (w, k) and include `deteccion_phi80` (M=20% omitted) plus the frontier. Actually simpler columns:
- w, B, k, almacenamiento_forzado, M_omitido, deteccion, nucleos/TiB, ...
with M_omitido = round(0.2*N)=209,696 (declared: "cheater that stores 80%"). If k≤B, detection=0 regardless. If k>B, compute P(X>B). Let me do that.

Let me also verify the detection at M=209,696 for w=7175, k=1e6: should be high.

Actually the current A3 table has k fixed at 10^6 and M=B. Let me change: iterate k in {1000,100000,1000000}, M = round(0.2*N). Then for k=10^6, detection ~ high; for k≤B, 0.

Let me fix run.jl's `tabla_ataque_A3`.

3. Also the `A1` cost `C_candidato` is 0 for all rows because β_d_min < B(ε)=0.6755 always (β_d_min ≤ 0.585). So the crack: the required β_d for any P* up to 0.5 is below B(ε)=0.675, hence free. That's the key finding: M3+M5 does not impose any cost because the attacker can recruit from zero-balance keys. Good, but the table needs to show it. The `soborno_por_reclutado` = κq(ρ I T_v + c_r + I M) = 1*(0.5*1*3600 + 10 + 20) = 1830. That's the per-recruit bribe if balance were considered; but C(β)=0 because the free fraction exceeds β_d. So the candidate's Δ cost = 0 for A1. That's a strong, falsifiable result consistent with DS-2/REVISION-DS2 ("M3+M5 solo al atacante pequeño; la grieta hace que el β_d que cruza la deriva se compre a coste 0").

But wait: C(β)=0 means the *bribe* is zero because those keys have zero confiscable balance. So the attacker recruits them for free. Good.

However, the A1 table's cost being 0 is a legitimate result but the "cociente" = 0. Fine.

4. The sensitivity "dist_alpha" dominating is an artifact: when C=0, metrica=B_ε, and B_ε depends on dist_alpha strongly. So the "dominant parameter" is B(ε)'s parameter. That's fine but I should label it clearly: when C=0, the dominant parameter is the one that moves the free-space threshold B(ε). Good. Maybe better: report dominant for the *bribe* per recruit (1830) which depends on T_v, ρ_ret, κ, q_gana. Since cost is 0, the meaningful "cost" is the bribe (would-be). Let me adjust the sensitivity to use `base_metrica = base > 0 ? base : bribe` where bribe = 1830? Then dominant would be T_v. Hmm. Both are defensible. Let me keep the current (B_ε when C=0) but add a note column. Actually for the A1 row the `param_dominante` is used to say "qué parámetro domina". Given Δcost=0, the dominant parameter of the *threshold* is dist_alpha. I'll document in INFORME. That's fine.

Hmm, but the `cambio_relativo` values like 5054 for T_v at α=0.2 look odd (relative change of 5054%). When base_metrica = B_eps = 0.675 and varying T_v to 1000 gives B_eps(T_v=1000) much larger (near 1?), so |B_eps(1000)-0.675|/0.675 = big. For T_v=1000: f*=0.01/1000=1e-5, f_min/f*=1e-3, ^0.2 = 0.2512, B=0.7488. Not 5054%. Hmm, 5054% = 50.5x. That would come from B_eps at T_v=100000: f*=1e-7, f_min/f*=0.1, ^0.2=0.631, B=0.369. |0.369-0.675|/0.675=0.45. Not 50. So where does 5054 come from? Maybe from the metric being C when a variation makes C>0. For α=0.2, β_d_min=0.5056, B_eps=0.675. Varying T_v to 100000: B_eps=0.369, coef = ρIλT_v/2 = 0.5*1*1*100000/2=25000. C(0.5056, 0.369, 25000) = (0.5056-0.369)*25000 = 3415. base_metrica = B_eps(T_v=3600)=0.675 (since base C=0). |3415-0.675|/0.675 = 5058. There it is. So the metric mixes B_eps and C units, producing nonsensical relative changes. This is a flaw in the sensitivity when base cost is 0.

I need a better sensitivity metric. Options:
- Always use the *recruitment cost per unit of space* required to reach β_d: `C(β_d)/max(β_d, ε)`, which is well-defined and 0 if C=0. Then when C=0 for all variations, swing=0 (not informative).
- Or use the *bribe* b* = κq(ρI T_v + c_r + I M) as the cost metric (never 0), and measure sensitivity of b*. That's the "economic disincentive per recruit". This is meaningful and non-degenerate. Let me use the cost metric = `C(β_d)` if >0 else `bribe`. Since bribe=1830 and depends on T_v, ρ_ret, κ, q_gana, c_r, M, I. Then the dominant parameter is T_v likely. Let me compute sensitivity of `(C>0 ? C : bribe)`? Mixing again. Better: sensitivity of the *pair* (C, bribe) separately? 

Simplest robust choice: measure sensitivity of `bribe_total = bribe * N_recl` (the would-be bribe if the free crack didn't exist). That's the mechanism's "nominal" per-recruit cost, never 0, and directly relevant. Then separately report the realized C. Let me set `base_metrica = bribe` always, and variations affect bribe through ρ_ret, T_v, I, c_r, M, κ, q_gana. dist_alpha and ε_saldo don't affect bribe (they affect B_ε). So I should drop dist_alpha/ε from the bribe sensitivity and instead do a second sensitivity on B_ε. Given time, let me simplify: perform sensitivity on `C_realized` using β_d and the actual parameters, with metric = `C(β_d) + bribe·(number of recruits that must be bribed)`? 

Hmm. Actually a cleaner, unified cost model for the candidate: the attacker must recruit β_d of space. Of that, `min(β_d, B_ε)` is free and `max(0, β_d - B_ε)` costs `bribe` per unit? P-CLAVE's C(β) uses coef = E[B] per unit (balance), while P-PRESTAMO's bribe is per recruit. Let me use P-CLAVE's C(β) as the recruitment cost (the ratified MODELO §2.4) and note that it's 0 under the crack. For sensitivity, when C=0, the meaningful question is "how much would the mechanism have to raise the free threshold to bite?" I'll just report sensitivity of `B_ε` (dimensionless) when C=0, and of `C` when C>0. The relative change should be computed on B_ε alone (not mixed with C). So: `base_metrica = base > 0 ? base : B_eps`, and each variation computes `v = C(...)`, and `metrica = v > 0 ? v : Be`; but if base==0 and v>0, I should compare... The issue is mixing. Let me define: if `base == 0`, metric = Be for all variations (ignore C even if v>0). That is, when the crack holds, the dominant parameter is the one that moves the crack threshold. If base>0, metric = C. Let me implement that. Then the relative changes are sensible.

Let me fix `sensibilidad_A1` accordingly.

Also the `cociente_X_honesto` = 0 because C_per=0. Fine.

Now, the comprobaciones.csv quoting. Let me fix `escribir_csv` to replace commas.

Also the "§4.2 P(F=1019,α=0.33,βd=0)" has commas; I'll replace ',' with ';' in all fields.

Let me make these edits and re-run run.jl. It's ~3 min. Let me do it.

Also I should fix the A3 detection.

Let me edit run.jl.

First `escribir_csv`.
dsh: reasoning:
Now update `tabla_ataque_A1` to use the new return, and add the `en_grieta` info. Let me edit.
dsh: reasoning:
I call `sensibilidad_A1` twice; wasteful. Let me clean: compute `sens = isnan(c.βd) ? nothing : sensibilidad_A1(c.βd)`, then use. Let me fix.

Also update the sens_filas header to include grieta.
dsh: reasoning:
Now fix the sensibilidad CSV header (I already changed the row to include grieta, but the header `escribir_csv("sensibilidad-A1.csv", [...])` doesn't include it). Let me update the header.

And fix A3 table.

Let me edit.
dsh: reasoning:
Now `tabla_por_mecanismo` calls `coste_A1` which is fine. The `compromiso` CSV fields with commas now sanitized.

Also `p("k_auditoria")` is still in the obligatorias list but now only used... not used in A3 anymore, but still used in cobertura-barrido? No, cobertura-barrido uses explicit k values. `k_auditoria` is now unused but that's fine as a scenario parameter.

Now let me re-run run.jl. But first, let me double check `sensibilidad_A1` return: I renamed to `(dominante, tabla, en_grieta)`. The function returns a NamedTuple. The call `sens.dominante`, `sens.en_grieta`. Good.

Let me run run.jl again (background) and meanwhile start writing INFORME.

Actually, let me also run the benchmark after. Let me run run.jl now.
dsh: reasoning:
While that runs, let me draft the INFORME.md. I'll need the final numbers, which I mostly have. Let me write the INFORME with placeholders replaced by the actual numbers from the previous run (they shouldn't change except A3 detection and sensitivity). I'll write it after the run to be safe, but I can draft the structure now.

Actually, let me wait for the run and then write INFORME with final numbers. Meanwhile, let me prepare the structure mentally and check the cobertura-barrido and ventana-barrido CSVs from the previous run.

Let me look at those.
dsh: reasoning:
The cobertura-barrido shows detection 0 for M=104,848 even with k=1e6 because M < B=181,092. Correct (must omit more than B). The barrido doesn't include φ low enough to trigger detection. Let me add φ=0.80 and φ=0.819 in the barrido to show the cliff. Let me update the φ list to include 0.83, 0.82, 0.80. Actually the cliff at w=7175 is at φ = 1-B/N = 0.8273, i.e., M=B. For M>B need φ<0.8273. Let me add φ ∈ {0.83, 0.82, 0.80, 0.70}. And for w=8030, B=202492, frontier φ=1-202492/1048480=0.8069.

Let me add 0.83, 0.82, 0.80, 0.70.

Also the ventana-barrido has entries where P underflowed to 0 with log10P from eventual_log10. Good, but note for α=0.2, βd=0, F=1019, d=611, P=0 (underflow), eventual_log10=-368.46 matches P-PRESTAMO. For α=0.33, F=3600, βd=0, d=1224, log10=-376.76. Good.

I notice the ventana table for α=0.20, βd=0.34, F=1019 gives P=6.58e-48 whereas P-PRESTAMO's table gives 4.939e-35. The difference: P-PRESTAMO's βd is relative (0.34*(1-α)=0.2278 absolute) giving d=210, while mine uses βd=0.34 absolute giving d=265. That's fine — the MODELO §2.2 spec uses absolute. I'll note the convention in the INFORME.

Now let me update the cobertura φ list and then wait for the run.

Actually, the run is already going with the old φ list. Let me edit and re-run after (or just edit now and re-run once more). Let me edit now.
dsh: reasoning:
Let me check the current run status. It's probably still running (~3 min). Let me wait a bit and then re-run with the updated φ list. Actually, let me just kill the current run and restart with the final code, to avoid wasting time. Let me check job status first.
dsh: reasoning:
It finished before I edited (well, the edit happened during). The output used the old φ list (since the process loaded the file at start). Let me just re-run once more with the final code. Let me start it in background and inspect the previous outputs meanwhile.

Actually, let me check the new A1/A3 outputs from this run first.
dsh: reasoning:
The A3 detection at k=10^6 for w=8030 gives 6.27e-198 (very small) — because M=209,696 is only slightly above B=202,492, so P(X>B) is tiny. For w=7175 it's 1 (M=209,696 vs B=181,092). Fine — shows the cliff. I'll interpret in the INFORME.

The sensitivity "dist_alpha" dominates with cambio_relativo 0.6369. Fine.

Now let me re-run with the extended φ list. But before re-running, let me also fix `tabla_por_mecanismo` to be more informative: it currently shows M3+M5 delta cost = 0 (the A1 result) and the honest cost 1.83. Good. It doesn't show the bribe 1830. Let me add the bribe to the M3+M5 row. Actually the row says delta_coste_X = "0". Let me change to "0 (grieta); soborno nominal 1830 u.e./reclutado". Let me edit.

Let me also reconsider: the A1 "C_candidato" is 0 for all α and P*, which is the headline: M3+M5 imposes zero recruitment cost because the free-balance space (B(ε)=0.675) exceeds every β_d needed. That's the quantitative version of DS-2's "la grieta". Good.

Let me edit the M3+M5 row and re-run.

Also, I should perhaps show a case where C>0 to demonstrate the mechanism biting: e.g., if ε is very small (0.001 → B=0.486) or if β_d needed > B(ε). With α=0.20, β_d_min for P=0.5 is 0.585 > B(ε=0.001)=0.486 → cost>0. Let me add a row for ε=0.001 in the por-mecanismo table to show the cost becomes positive. Actually the sensitivity table already varies ε. Let me add a dedicated "what it takes to bite" calculation in the INFORME.

Let me edit the M3+M5 row.
dsh: reasoning:
Now let me re-run run.jl (final) and also run Pkg.test and benchmarks. Let me start run.jl in background; meanwhile run Pkg.test (quick) and bench after.

Actually, running multiple CPU-heavy jobs concurrently will slow each other. Let me run run.jl first (3 min), then Pkg.test and bench.

Let me start run.jl.
dsh: reasoning:
While run.jl runs, let me draft the INFORME.md skeleton with sections, and fill numbers after. Actually I can write most of it now using the numbers from the last run (which won't change except A3 detection and cobertura sweep). Let me wait for the run to finish before writing the final numbers, but I can prepare the text.

Actually, let me use the wait time productively: write the INFORME with the numbers I have, then adjust A3 if needed. The run takes ~3 min. Let me write the INFORME now.

INFORME.md structure:
1. Identidad, entrada congelada, método.
2. Faltas de definición y decisiones.
3. Comprobaciones (7 casos) — table.
4. Resultado por ataque (E cells): tabla B0→B1→candidato.
5. Tabla por mecanismo.
6. Sensibilidad.
7. Monte Carlo.
8. Qué no está cuantificado y por qué.
9. Reproducción y rendimiento.
10. Reservas y respuesta a la pregunta falsable.

Let me write it comprehensively. I'll use the computed numbers. Let me gather: 
- A1 table (from above).
- A3: I'll wait for final.
- cobertura: φ_γ.
- honest cost definitions.

Let me write the INFORME and leave A3 numbers as the ones I have (they'll be nearly the same; the extended φ list only adds rows to cobertura-barrido).

Let me write it. I'll reference file paths and the LINEO compliance (profile table from BENCH, which I'll run after).

Let me write the INFORME now, then run bench, then fill the bench table.

Actually, I'll write the INFORME after the run+bench so the numbers are final. But to save wall time, let me write the bulk now and append the bench table later. Let me draft.

Let me wait for the run to finish first (checking), then run bench, then write INFORME with all final numbers. That's cleaner. Let me check the run.

While waiting, let me verify the `julia-version.toml`. The order says "Pinear la versión de Julia en julia-version.toml o documentarla". My reproduction command includes the julia path from juliaup which selects 1.13.0. Let me create `julia-version.toml` documenting 1.13.0. Let me do that.

Also, I should verify the input hashes at the end (`sha256sum -c ENTRADA-DS3.sha256`). But ENTRADA-DS3.sha256 is in P-DISUASION, outside my writable zone but readable. The paths are relative to /home/katana/zeo/ZEROX. I can run sha256sum -c from there. Let me do that after.

Let me create julia-version.toml.
dsh: reasoning:
Now let me check the run job.
dsh: reasoning:
Now run benchmarks. Let me run bench/benchmarks.jl. It may take a few minutes (BenchmarkTools does many samples). The DP with d=346,T=1019 takes ~0.5s per eval; BenchmarkTools default does up to 5s of sampling → maybe 10-20 evals → 10s. The MC 10000 reps serial ~0.05s. `beta_minimo_para_p` ~6s per eval. Total maybe 2-4 min. Let me run it.

Actually BenchmarkTools with `@benchmark` may run the DP hundreds of times if it's fast enough, but at 0.5s each it will use the default `seconds=5` budget → ~10 samples. Fine. For `beta_minimo_para_p` at ~6s each, it will do ~1-2 evals. Fine.

Let me run bench in background.
dsh: reasoning:
While bench runs, let me write the INFORME. I have the final A1, A3 numbers from the previous run (the last run only changed por-mecanismo M3+M5 row and cobertura φ list; A1/A3 same). Let me read the final CSVs to confirm and get the por-mecanismo and cobertura cliff.

Let me read por-mecanismo and the cobertura cliff rows.
dsh: reasoning:
The cliff is beautiful: at φ=0.83 undetectable, at φ=0.82 detection 1.6e-41, at φ=0.80 detection 1.0. The frontier is at φ=1-B/N=0.82728. 

Now let me write the INFORME.md. I'll compose it carefully with all the numbers and the required content:
- Per attack: cost min B0 → B1 → each candidate.
- Ratio to honest.
- Dominant parameter.
- Per mechanism table with Δ and honest cost.
- The 7 checks.
- MC.
- Definitional gaps.
- Reproduction + performance (I'll add bench table after bench finishes).

Let me check bench progress first.

Actually let me draft the INFORME now and add the bench table at the end when done. Let me check the bench job quickly.
dsh: reasoning:
Bench is done. Note the certified DP `primera_dp` takes 602ms for the regression cell, while the fast absorbing DP takes 0.48ms — 1255× faster. This is a significant performance finding worth reporting: I should note that the sweep uses the certified DP (slow) but the absorbing DP is exactly equivalent (validated over 4216 cells) and 1255× faster. For performance, I could switch `beta_minimo_para_p` to use the fast `primera_dp_absorbente` and validate it gives the same β_d. That would make run.jl much faster (from 160s to seconds). LINEO §2 hierarchy: step 0 (unnecessary complexity) says eliminate enumeration/symmetry; using the fast equivalent after validation is exactly the right optimization. Let me do that: use `primera_dp_absorbente` inside `beta_minimo_para_p` (the sweep), and keep `primera_dp` for the regression checks. But I must ensure the results are identical. Since both agree to 1e-15 on 4216 cells, the bisection result could differ at the 1e-12 tolerance level only trivially. Let me use the fast one and add a test that `beta_minimo_para_p` (fast) and a certified-DP bisection agree. Actually the current `beta_minimo_para_p` uses `primera_dp`. Let me add a keyword `via = :rapida` or make it use the fast one and add an explicit certified comparison in the test. 

Given the order's 2h budget and that we're within it, this optimization improves the deliverable. Let me change `beta_minimo_para_p` to use `primera_dp_absorbente` (fast, validated) and add a `certificado=true` option used in the test. Actually simpler: add a function `beta_minimo_para_p_certificada` for the test, and make the default fast. Or add a `via` keyword.

Let me modify:
```julia
function beta_minimo_para_p(α, F, P_obj; ..., via::Symbol = :rapida)
    prob(βd) = via === :certificada ? primera_dp(...).paso : primera_dp_absorbente(...)
```
Then run.jl uses default fast; the test checks both give the same β_d and that the certified DP reaches P*. This reduces run.jl time dramatically and is good practice.

But the run.jl has already produced results with the certified DP. If I change it, I need to re-run to confirm identical outputs. Given each run is 160s and the fast one ~5s, it's worth it. Let me do it.

Actually, wait: is `primera_dp_absorbente` truly equivalent? The 4216-cell validation shows error < 1.1e-15. Yes. And the absorbing DP is exactly the mathematical first-passage probability. So it's safe. Let me switch and re-run. The resulting tables should be identical to the last digit or very close. I'll re-run and re-check.

Let me edit rapido.jl.
dsh: reasoning:
Now add a test that the fast and certified bisection agree, and that the certified DP reaches P*. Let me update the test "monótona e inversión".

Current test:
```julia
r = beta_minimo_para_p(0.33, 1019, 1e-6)
@test 0.2 < r.βd < 0.5
@test r.P >= 1e-6
@test primera_dp(...).paso >= 1e-6
```
Let me add:
```julia
rc = beta_minimo_para_p(0.33, 1019, 1e-6; via = :certificada)
@test abs(rc.βd - r.βd) < 1e-9
```
But the certified bisection costs ~6s (as bench showed). That's acceptable once. Actually the certified bisection at 0.33,1019,1e-6 took 6s. Fine.

Let me add it.
dsh: reasoning:
Now run tests quickly to ensure they pass, then re-run run.jl (should be fast now), then write the INFORME.

Let me run tests.
dsh: reasoning:
Tests pass. Now re-run run.jl (should be much faster). Let me run it in the background and then write the INFORME.

Actually, let me run run.jl and wait, since the INFORME needs final numbers. It should be ~10-20s now (the bisections are fast; the barridos still use `primera_dp` for F=3600, which is slow: 9 F=3600 DPs at up to 7s each = ~60s). Hmm, the barridos use `primera_dp` (certified). I could switch those to the fast one too, but the ventana-barrido is a published table and the check case uses certified. Actually the barrido for F=3600 with d=362 (α=0.4,βd=0.1) etc. — the heaviest is α=0.2,βd=0.34,d=936 → work 3600*938*4900 ≈ 1.65e10 → ~20s. Times a few → ~60s. To speed up, I can use the fast DP in `barrido_ventana` and label it "equivalente validado". Let me switch `barrido_ventana` to `primera_dp_absorbente` and note it. Actually the barrido table's P values should match; the fast one gives same values. Let me change it to use `primera_dp_absorbente` for speed. But then the "limite_ruina" detection: the fast DP will underflow to 0 too. Good.

Let me edit `barrido_ventana` to use the fast DP and add a comment. Also `run.jl`'s `barridos()` could use `barrido_ventana` instead of its own loop. But it writes the same columns. Let me just change `barrido_ventana` in rapido.jl.

Actually, simpler: in run.jl `barridos()`, replace `primera_dp(...)` with `primera_dp_absorbente(...)`. Let me do that. The values match.

Let me edit run.jl barridos.
dsh: reasoning:
Now re-run run.jl. It should be fast (~10s). Let me run inline.
dsh: reasoning:
1.4s now (down from 162s), same A1 values. Excellent optimization with validation.

Now let me run `Pkg.test()` to satisfy the order explicitly. It will run in a subprocess; should be ~20s. Let me run it and capture.

Actually, `Pkg.test()` needs the test target and will use the same depot. Let me run it.

Let me also verify the input hashes.

Let me run Pkg.test now.
dsh: reasoning:
Pkg.test passes. Now let me verify the frozen input hashes, and compute the output hashes for the INFORME.

Let me run sha256sum -c ENTRADA-DS3.sha256 from /home/katana/zeo/ZEROX. Note the paths are relative to /home/katana/zeo/ZEROX (e.g., P-ZRX/P-DISUASION/MARCO.md). Let me check.
dsh: reasoning:
Input frozen and verified. Now let me write the INFORME.md. This is the main deliverable document. Let me compose it thoroughly.

I'll include:
- Header, identity, frozen inputs verified.
- §1 Método y proyecto (LINEO compliance, category).
- §2 Faltas de definición (pointer to DEFINICIONES-FALTANTES.md) + falsifiable questions per E cell (constructed).
- §3 Comprobaciones (7 cases) table.
- §4 Resultado por ataque (A1, A3, A4, A5, A7, A8, A9, A10) with B0→B1→candidato, ratio, dominant.
- §5 Tabla por mecanismo (the Ratificación requirement).
- §6 Sensibilidad.
- §7 Monte Carlo.
- §8 Qué no está cuantificado.
- §9 Reproducción, versión, hardware, rendimiento.
- §10 Reservas y respuesta a la pregunta falsable.

Let me write it. I'll be precise with numbers.

Key numbers:
- A1 table: α=0.33, P*=1e-3: β_d=0.2787, P=1.006e-3, N_recl=279, C=0, bribe=1830, B0=0, B1=1.6156e-3, honest=1.8316, ratio=0, dominant dist_alpha (grieta).
- For α=0.20, P*=1e-6: β_d=0.5056, N_recl=506, C=0.
- A3: w=7175: B=181,092, almacenamiento forzado at k=10^6 = 0.8273, cores/TiB=117.238, maq=5.790, kWh regen=15.3151, almac=0.0100486, ratio 1524.1. w=4830.6: cores=173.4, ratio 2254.7.
- A4: q=1000, f=1e-3 → cost/byte=1e6, fracción ingreso=1.6534 (>100%).
- A8: CPU 7.379e7 H/s, GPU 5.611e8 H/s, 1.94e-7 J/hash.
- Coverage: φ_γ=81.91%, certified detection 9.8712e-3 / 1.0181e-2.
- BP: 4253 (3297+816+140) vs 1233+140 [sic] vs φ²ρ/ε=1600.
- Bench: primera_dp 601.7ms, absorbente 0.479ms, hypergeometric 0.0256ms, MC serial 3.78ms/10k, MC par 0.279ms/10k, bisection certified 6062ms vs fast (now ~1.4s whole run).

Wait, the bench measured `beta_minimo_para_p` default now = fast, but the bench ran before I switched the default? Let me check: I ran bench before editing `beta_minimo_para_p`. At that time default was certified, hence 6062ms. Now it's fast. I should re-run bench to get the updated `beta_minimo_para_p` timing, or add a `via=:certificada` label. The bench file currently calls `beta_minimo_para_p(0.33, 1019, 1e-6)` which now defaults to fast. Let me update the bench to measure both explicitly:
- `beta_minimo_para_p(0.33, 1019, 1e-6)` (fast)
- `beta_minimo_para_p(0.33, 1019, 1e-6; via=:certificada)` (certified)
And re-run bench. Let me do that. It'll take a couple min due to the certified one.

Let me edit bench.

Also I want the performance table to include the speedup. Let me update.

Let me edit bench/benchmarks.jl.
dsh: reasoning:
While bench runs, let me write the INFORME.md. I have all numbers except the final bench. I'll include the bench numbers I already have and update the two bisection rows after.

Let me write the INFORME now.

I need to be careful about the "pregunta falsable" per cell. Let me formulate them as DS-3 constructions:
- A1 / M3+M5: "El mecanismo multiplica el coste mínimo de X por al menos 2 frente a B0 para P*≥1e-6." Result: REFUTADA (cost = 0 because of the crack B(ε)=0.675 > β_d needed).
- A1 / O3: "C-FIN-01 reduce el coste... " no, it caps damage. 
- A3 / F1+F2+F4: "El mecanismo multiplica el coste mínimo de X por al menos 100 frente a B0 para regenerar 1 TiB." Result: CONFIRMADA (117.2 cores/TiB ≈ infinite multiple over 0), but detection zero for k≤B.
- A4 / M1+F4: "El mecanismo multiplica el coste mínimo de X por al menos 2 para un atacante que parte su espacio." Result: CONFIRMADA for small farms, REFUTADA for the large attacker (marginal → 0).
- A5 / O4: "El mecanismo elimina el premio del pool que firma a ciegas sin coste de detección." Result: CONFIRMADA cualitativamente; no tokenizable.
- A7 / F3: not quantified.
- A8 / O1: PoW; not energy-quantified (missing hashes/block).

Let me write the INFORME with these.

Also the "coste mínimo absoluto en cada dimensión del marco" — I'll present the dimensions per attack where quantifiable.

Let me write. I'll keep it thorough but not insanely long.

Let me construct the markdown.
dsh: reasoning:
Now let me check the bench result to fill in the two bisection numbers precisely, and correct the INFORME if needed. Let me check the bench job.
dsh: reasoning:
Now let me update the INFORME bench table with the exact fast bisection time (16.89 ms) and certified (6042.7 ms), and the small differences (551.99ms, 0.4694ms). Let me edit those rows.

Also, the INFORME says "primera_dp ... 601,7 ms" — update to 552.0 ms. Let me edit.

Let me update the table rows.
dsh: reasoning:
Now, the INFORME §6 says "el `run.jl` completo pasó de 162 s a 1,4 s". Good.

Now let me do a final verification pass:
1. Re-run the full test suite once more (should be green).
2. Re-run run.jl (already done, 1.4s).
3. Check the output directory for all deliverables.
4. Verify no files were written outside DS3.
5. Check git status to ensure I haven't modified anything outside DS3.

Also, I should double-check that I didn't write to any path outside DS3. I only wrote to DS3 and read outside. Good.

Let me also make sure `escenarios.tsv` is used and `Manifest.toml` exists. Let me list the DS3 tree.

Let me also check that `.julia-depot` is inside DS3 (it is) and its size (could be large). The order says use JULIA_DEPOT_PATH inside the zone. The local depot will contain compiled caches and maybe copied packages. Let me check size. If it's huge, I might worry about disk. But it's within the zone, fine.

Let me list and check git status.
dsh: reasoning:
Everything is in DS3, and git only shows DS3 untracked. Good. The `.julia-depot` is 113M (within the zone). Should I worry about including it in the deliverable? The order says use JULIA_DEPOT_PATH inside the zone, so it's expected. It's not part of git (untracked). Fine.

Now let me do a final full test run + run.jl to ensure the final state is consistent, and add output hashes (HUELLAS.sha256) like DS-2 did? The order doesn't require it, but it's good practice. Let me create `resultados/HUELLAS.sha256` with the hashes of the source and outputs. Actually, the order didn't ask. But DS-2 delivered huellas. It's a good addition. Let me create a `HUELLAS.sha256` at the DS3 root with sha256 of key files.

Also, I realize I should double check the `INFORME.md` claim about "1.176× más rápida" — 552.0/0.4694 = 1176. Good. And run.jl 162→1.4s. Good.

Let me also verify the `run.jl` final output hasn't changed after the fast switch: A1 values identical. Let me check A3 and comprobaciones quickly. Already did A1. Let me diff the current CSVs against the previous run? They're overwritten. The values I read after the final run (1.4s) are the same as before for A1. Let me just re-read comprobaciones and A3 to confirm.

Let me run a final combined verification: tests + run + hashes.

Let me create the hashes file and run final verification.
dsh: reasoning:
The grep didn't show pass counts because the "Pass" column text is on the summary lines but grep -E "Pass" should match. It shows "Test Summary:" lines but not the counts, because the counts are on the same line as the summary name (the format is `name | Pass Total Time` then the next line has the name and counts). Actually the output format:
```
Test Summary:                            | Pass  Total  Time
DS-3 · casos ...                         |   63     63  7.3s
```
grep "Pass" matched the header lines, and the counts lines don't contain "Pass". Fine. Tests pass (exit 0 implied). Let me confirm exit code explicitly. Actually the command didn't capture exit. Let me trust it since no error output. But to be safe, let me grep for "FAIL" or "Error".

Let me do a final check of the test log exit and create the hashes file.

Actually, the previous run captured TEST.log with exit=0. The final run also produced no error. Good.

Now let me create HUELLAS.sha256. It should cover the source, tests, run, escenarios, and the key results. Let me generate it.

Also, let me create a `resultados/TEST.log` and `RUN.log` fresh? They already exist. The final run overwrote RUN.log. Good.

Let me generate the hashes.
dsh: reasoning:
Now, the HUELLAS.sha256 itself isn't included (self-reference). Fine.

Let me do a final review of the INFORME for accuracy and completeness against the order:

Order requirements checklist:
1. ✅ Objetivo: cost min per attack/mechanism E, dimensions, B0/B1/candidates, ratio honest. Done for A1, A3, A4, A5, A7, A8; marked no cuantificado for others.
2. ✅ Fórmulas cerradas + Monte Carlo independente, coincide within statistical error in check cases. Done.
3. ✅ Parámetros de escenario de fichero con etiqueta y procedencia; barridos declarados; semillas StableRNGs no consecutivas. Done.
4. ✅ Salidas CSV + INFORME con per attack cost min B0→B1→candidato, ratio honest, dominant param. Done.
5. ✅ Pkg.test() with check cases; run.jl reproducible with one command. Done.
6. ✅ No Python. Done (Julia only; python3 exists but unused).
7. ✅ Budget 2h, 4 hilos... Actually the order says "Presupuesto: 2 h, 4 hilos, 8 GiB". I used 24 threads! The order says "4 hilos". Hmm. Let me re-read ORDEN-DS3: "**Prohibido Python.** Presupuesto: 2 h, 4 hilos, 8 GiB." So the budget is 4 threads, not 24. I used 24 in the run command and benchmarks. That violates the stated budget! I should re-run with 4 threads and document. The LINEO default says 24 max, but the order specifically says 4 hilos for DS-3. I must comply with the order. Let me re-run tests, run.jl, and bench with `JULIA_NUM_THREADS=4` and `--threads=4,0`, and update the INFORME/reproduction command.

This is important. Let me redo the final executions with 4 threads. The outputs should be identical (deterministic), and the bench timings will differ slightly. Let me re-run.

Also the INFORME §6 says "1 o 24 hilos". I'll change to "4 hilos".

Let me re-run tests, run.jl, bench with 4 threads, then update INFORME and hashes.

The MC parallel with 4 threads will be slower but fine.

Let me do it. I'll update the bench `publicar` calls to use `hilos=4` where relevant? The bench output records `Threads.nthreads()`. With `--threads=4,0`, nthreads=4. Good.

Let me run all three with 4 threads.
dsh: reasoning:
Now re-run bench with 4 threads. The MC parallel will use 4 threads. Let me run.
dsh: reasoning:
While bench runs, let me update the INFORME's reproduction commands and environment to 4 threads (per the order's budget). The order says 4 hilos. Let me change the INFORME and run.jl docstring header.

The run.jl header currently shows 24. Let me update it to reflect the order's budget: 4 hilos. Actually the ORDER says budget 2h, 4 hilos, 8 GiB. So the canonical command should be 4 threads. Let me update run.jl header comment.

Also the bench comment.

Let me update the INFORME reproduction block and the bench table header ("1 o 24 hilos" → "1 o 4 hilos"). And the bench numbers will change with 4 threads (MC parallel). I'll update after bench finishes.

Let me update run.jl and bench comments.
dsh: reasoning:
Wait, I replaced the old block but the old_string included the comment lines, and the new_string has the updated ones. Let me verify the run.jl header now; there might be a leftover duplicate "Presupuesto" line. Let me read the first 20 lines.
dsh: reasoning:
Good. Now update the bench comment and INFORME reproduction. Let me update bench comment.
dsh: reasoning:
Now update the INFORME reproduction commands from 24 to 4 threads, and the bench table header. Let me do targeted edits.

The INFORME has several occurrences of `JULIA_NUM_THREADS=24` and `--threads=24,0`. Let me replace all.

Also the environment capture line says `Threads.nthreads(:default)=24`. The RESUMEN.txt now says 4 (after the 4-thread run). Let me check and update.

Let me do the replacements.
dsh: reasoning:
Line 96 "CPU 24 hilos" refers to the hardware scenario (CPU 24 hilos ≈ disco), not the compute budget — leave it. Line 53 (budget) should change to 4. Line 246/255 (bench) change to 4 hilos. Lines 293-307 change to 4. Let me wait for the bench to get the 4-thread numbers before editing the table.

Let me check the bench job.
dsh: reasoning:
4-thread bench:
- primera_dp 550.65 ms
- absorbente 0.5579 ms → speedup 987×
- primera_dp(10) 15.211 ms
- hyper 0.0256 ms
- MC serial 3.7821 ms
- MC par (4 threads) 0.9616 ms → speedup 3.93×
- bisection rápida 20.17 ms
- bisection certificada 5612.2 ms

Let me update the INFORME bench table and threads references.

Edits:
1. Line 53: "24 hilos (tope)" → "4 hilos".
2. Bench table rows.
3. "1 o 24 hilos" → "1 o 4 hilos".
4. Reproduction commands 24 → 4.
5. Environment line `nthreads(:default)=24` → 4.

Let me apply.
dsh: reasoning:
Now update the "optimización aplicada" paragraph that mentions "1.255×" — let me check. It says "Se usa en los barridos y en la bisección; el run.jl completo pasó de 162 s a 1,4 s". Fine. But it might mention 1.255×? Let me grep. Also update reproduction commands and environment.

Let me grep for "24" again and "1.255".
dsh: reasoning:
Now the RESUMEN.txt was regenerated with 4 threads in the last run. Let me verify it says nthreads=4. And regenerate HUELLAS.sha256 (since INFORME, run.jl, bench changed and CSVs regenerated with 4 threads).

Let me verify RESUMEN and then regenerate hashes.

Also I should double-check the INFORME's §6 paragraph that says "el run.jl completo pasó de 162 s a 1,4 s" — correct. And "1.255×" was in the earlier versions; grep found none now (I replaced the table). Good.

Let me check the 4-thread RESUMEN and re-do hashes. Also verify input hash once more.

Let me also make sure the TEST.log and PKG-TEST.log reflect the final state. PKG-TEST.log was from the 24-thread run; let me re-run Pkg.test with 4 threads to have a consistent final log. Let me do that, then regenerate hashes.
dsh: reasoning:
Everything consistent now. The 4-thread run took 0.81s. 

Now regenerate HUELLAS.sha256 with the final files. Then verify input hashes one last time.

Let me also do a final sanity check that no test errors exist and the CSVs are unchanged in the values I reported. The A1/A3 values should be identical. Let me quickly diff a couple against the INFORME claims — I already read them. Good.

Let me regenerate hashes and verify input.
dsh: reasoning:
Everything is in place. Let me do a final review of the deliverables:

- DS3/
  - Project.toml, Manifest.toml, julia-version.toml, escenarios.tsv
  - src/{DS3,modelo,referencia,rapido,validacion}.jl
  - test/runtests.jl
  - bench/benchmarks.jl
  - run.jl
  - resultados/*.csv, BENCH.txt, TEST.log, RUN.log, PKG-TEST.log, RESUMEN.txt
  - INFORME.md, DEFINICIONES-FALTANTES.md, HUELLAS.sha256
  - .julia-depot/

The order's Ratificación requires:
- Tabla por ataque ✅ (INFORME §4, ataque-*.csv)
- Tabla por mecanismo con Δ coste absoluto de X y coste para el honesto en escenarios §3 ✅ (INFORME §4.6, por-mecanismo.csv)
- 7 check cases in Pkg.test() ✅

Now, one thing: the order says "Presupuesto: 2 h, 4 hilos, 8 GiB". I've used 4 threads. Wall time used: I've spent maybe ~1.5h. Within 2h. Good.

Let me update the todo list to completed.

Also, there is one more thing to double-check: the `INFORME.md` mentions "1.176×" nowhere now, good. And it says "el run.jl completo pasó de 162 s a 1,4 s" — correct (162 was 24-thread; the 4-thread certified run would have been similar or a bit longer; fine, the point stands). Actually, the 162s was with the certified `beta_minimo_para_p` on 24 threads; the certified bisection is single-thread DP, so 4 threads wouldn't change it much. Fine.

Let me also double check that `INFORME.md` line about "1 o 4 hilos" and the numbers are consistent with the final BENCH.txt. Yes.

Now, should I clean up `.julia-depot`? The order explicitly says use JULIA_DEPOT_PATH inside the zone, so keeping it is fine. But it's 113M and untracked; the user might not want it committed. It's not committed (no commit allowed). Fine.

Let me finalize the todos and provide the final answer summarizing what was done and the definitional gaps.

Actually, wait. Let me reconsider one potential issue: the order says "Entrada congelada `P-ZRX/P-DISUASION/ENTRADA-DS3.sha256`." and I verified it. Good.

Let me also verify there are no stray files written outside DS3. I wrote only under DS3. The `/tmp` maybe? No. The `.julia-depot` inside DS3. Good.

One more: the `DEFINICIONES-FALTANTES.md` was created "before editing code" — well, I created it after reading and before writing the source. Good.

Let me mark todos complete and write the final response.

Actually, let me reconsider the completeness of the attack coverage. The order says "para los ataques y mecanismos que DS-2 marque E". I covered A1, A3, A4, A5, A7, A8, A9, A10 and marked which are quantified. In INFORME §4.5 I mention A7/A8/A9/A10. Let me make sure A2 is covered: A2/M3 (Ec) and A2/M4 (Ec no evaluado). A2 is equívocation, modeled by κ (MODELO §2.6). I have the κ table in MODELO but didn't explicitly output A2. Let me check: the `por-mecanismo.csv` has M3+M5 for A1/A2, but no dedicated A2 table. A2's cost is essentially the same M3+M5 model with κ from the step function. I should add a short A2 quantification: for m≤0.05 κ=1, m=1 κ=0.455, m=4 κ=0. So the M3+M5 cost scales with κ. Let me add an A2 row to the por-mecanismo table or a small A2 CSV. Given budget, let me add a brief A2 table to `tabla_por_mecanismo` or a new CSV `ataque-A2-equivocacion.csv` with κ and the resulting soborno/perdida and the crack.

Actually, since κ multiplies the bribe and the crack makes C=0 anyway, A2's cost is also 0 under the crack. But the κ step matters if the crack didn't exist. Let me add a small A2 CSV that reports, for m ∈ {0.05, 1, 4}, κ and the resulting per-recruit bribe (κ·1830) and whether the crack still applies (yes). That directly addresses A2 with the MODELO §2.6 step function.

Let me add `tabla_ataque_A2` to run.jl and regenerate. This is quick.

Also A6 (grinding) via O2 is Ee structural — covered in por-mecanismo? Not explicitly. Let me add a row for A6/O2. And A9 (F4/F2) row exists. A10 rows exist. A12 W effects — covered in the "no cuantificado" / adverse effects. Let me add a brief note.

Given time, let me add the A2 table and a couple of por-mecanismo rows (A6/O2, A12/M3), then re-run and update the INFORME briefly.

Let me add `tabla_ataque_A2`.
dsh: reasoning:
Wait, I inserted the A2 function right before the A8 section header but removed the section header comment. Let me check: the old_string was the A8 header block, and I replaced it with the A2 function + a newline, losing the A8 header. Let me verify and re-add the A8 header.

Actually the new_string ends with the A2 function and a blank line, but doesn't include the A8 section header. Let me check the file around there.
dsh: reasoning:
The A8 function exists at 329 but the section header comment was consumed. Let me look at lines 325-335 to re-add the header. Actually it's cosmetic. Let me read and fix.
dsh: reasoning:
Now add `tabla_ataque_A2()` to main() and add rows for A6/O2 and A12 to por-mecanismo. Let me edit main().

Also add A6/O2 row. Let me update `tabla_por_mecanismo`.
dsh: reasoning:
Now re-run run.jl with 4 threads and check the A2 output. Then update the INFORME to mention A2 and the new artifacts, and regenerate hashes.

Let me run.
dsh: reasoning:
Good. Now update the INFORME to mention A2 and the new artifact. Let me add a §4.1b or a paragraph in §4.

Let me add to §4 an A2 subsection and update the "por ataque" list. Let me find a good insertion point: after §4.1 (A1), before §4.2 (A3). Let me insert an A2 subsection.

Also update the "Rutas de entrega" to include ataque-A2. And the artifacts list in RESUMEN is auto-generated but HUELLAS needs regeneration.

Let me add the A2 subsection.
dsh: reasoning:
The file policy says it changed since read (because I used sed earlier). Let me re-read the relevant portion and then edit. Actually I can just read the whole file or the area, then edit. Let me read around §4.1.
dsh: reasoning:
Now update the "Rutas de entrega" line to include A2 CSV (it says `DS3/resultados/*.csv` so it's covered). And the §4 intro mentions detail in `resultados/ataque-*.csv`, covered.

Now regenerate HUELLAS.sha256 with the new CSV and updated INFORME/run.jl. Also re-run the test once? run.jl doesn't affect tests. The tests still pass. Good.

Let me regenerate hashes and verify.

Also, let me double check the INFORME for the earlier claim in §1 that says "las cuatro vías ... coinciden en 4.216 celdas" — correct.

Let me regenerate hashes.
dsh: reasoning:
Everything is in place. Let me do one final holistic verification:
1. `Pkg.test()` passes (already done with 4 threads).
2. `run.jl` runs with one command (done, 1.4s).
3. Input hashes verified.
4. All artifacts present.

Let me update the todo list to completed and prepare the final answer.

Actually, let me quickly run the tests one more time after all edits (INFORME edits don't affect tests; run.jl edits affect `tabla_ataque_A2` but not tests). But to be safe, let me confirm `Pkg.test()` still passes after the run.jl changes (run.jl isn't part of the package test, so no impact). The source files (src/) haven't changed since the last green test except... I changed `rapido.jl` (beta_minimo_para_p) before the last green test, and `validacion.jl` before. The last `Pkg.test()` with 4 threads was after all src changes. Good.

Wait, I edited `INFORME.md` only since. And `run.jl`. So tests are fine.

Let me finalize todos.

Actually, one concern: the `test/runtests.jl` has `using DS3` and uses `TablaLogFact`, etc. All exported. Fine.

Let me update todos and give the final summary.

Let me also verify the complete file listing one last time and the HUELLAS content is sane.

Final answer should:
- State the task is done.
- Summarize the definitional gaps found (F1-F10) as required by the instruction.
- Summarize the key results (A1 refuted, A3 confirmed, A4 regressive, A5 clean, etc.).
- List deliverables and reproduction command.
- Mention budget compliance (4 threads, ~2h).

Let me finalize the todo list.
dsh: reasoning:
Let me do one last verification of the full deliverable listing and the input hash, and confirm Pkg.test passes. Then final answer.

Let me run a final combined check.
dsh: reasoning:
Everything is complete. Let me write the final answer.

Let me summarize the "falta de definición" prominently since the instruction required it. I'll list F1-F10 briefly. And the results. And the deliverables and reproduction.

I should be concise but complete. Let me write in Spanish, matching the task language.
