replica,D,n_votos,sum_p_dis,dif_ref,max_bloques
1,0,20892,547.5469113,764,4
1,1,28888,266.2214916,263,3
1,2,29200,47.12,62,2
1,3,29200,0,0,1
1,4,29200,0,0,1
1,5,29200,0,0,1
1,6,29200,0,0,1
1,7,29200,0,0,1
1,8,29200,0,0,1
1,9,29200,0,0,1
1,10,29200,0,0,1
1,11,29200,0,0,1
1,12,29200,0,0,1
1,13,29200,0,0,1
1,14,29200,0,0,1
1,15,29200,0,0,1
2,0,20924,555.2024655,982,3
2,1,29203,194.9484588,259,3
2,2,29400,16.38,9,2
2,3,29400,0,0,1
2,4,29400,0,0,1
2,5,29400,0,0,1
2,6,29400,0,0,1
2,7,29400,0,0,1
2,8,29400,0,0,1
2,9,29400,0,0,1
2,10,29400,0,0,1
2,11,29400,0,0,1
2,12,29400,0,0,1
2,13,29400,0,0,1
2,14,29400,0,0,1
2,15,29400,0,0,1
3,0,22127,545.5921929,913,3
3,1,29403,286.9627948,330,3
3,2,29500,0,0,1
3,3,29500,0,0,1
3,4,29500,0,0,1
3,5,29500,0,0,1
3,6,29500,0,0,1
3,7,29500,0,0,1
3,8,29500,0,0,1
3,9,29500,0,0,1
3,10,29500,0,0,1
3,11,29500,0,0,1
3,12,29500,0,0,1
3,13,29500,0,0,1
3,14,29500,0,0,1
3,15,29500,0,0,1
4,0,20487,486.0097959,935,4
4,1,29496,260.1203934,428,2
4,2,29598,0,0,1
4,3,29600,0,0,1
4,4,29600,0,0,1
4,5,29600,0,0,1
4,6,29600,0,0,1
4,7,29600,0,0,1
4,8,29600,0,0,1
4,9,29600,0,0,1
4,10,29600,0,0,1
4,11,29600,0,0,1
4,12,29600,0,0,1
4,13,29600,0,0,1
4,14,29600,0,0,1
4,15,29600,0,0,1
5,0,21730,361.0840174,625,3
5,1,29474,207.2584035,225,2
5,2,29600,0,0,1
5,3,29600,0,0,1
5,4,29600,0,0,1
5,5,29600,0,0,1
5,6,29600,0,0,1
5,7,29600,0,0,1
5,8,29600,0,0,1
5,9,29600,0,0,1
5,10,29600,0,0,1
5,11,29600,0,0,1
5,12,29600,0,0,1
5,13,29600,0,0,1
5,14,29600,0,0,1
5,15,29600,0,0,1
6,0,22508,465.329471,571,3
6,1,29260,271.4127201,266,3
6,2,29400,49.34,29,2
6,3,29400,0,0,1
6,4,29400,0,0,1
6,5,29400,0,0,1
6,6,29400,0,0,1
6,7,29400,0,0,1
6,8,29400,0,0,1
6,9,29400,0,0,1
6,10,29400,0,0,1
6,11,29400,0,0,1
6,12,29400,0,0,1
6,13,29400,0,0,1
6,14,29400,0,0,1
6,15,29400,0,0,1
7,0,19761,413.9862127,537,3
7,1,29099,222.3862374,287,2
7,2,29200,26.88,84,2
7,3,29200,0,0,1
7,4,29200,0,0,1
7,5,29200,0,0,1
7,6,29200,0,0,1
7,7,29200,0,0,1
7,8,29200,0,0,1
7,9,29200,0,0,1
7,10,29200,0,0,1
7,11,29200,0,0,1
7,12,29200,0,0,1
7,13,29200,0,0,1
7,14,29200,0,0,1
7,15,29200,0,0,1
8,0,23368,397.5116381,746,3
8,1,29239,270.4920111,233,2
8,2,29300,0,0,1
8,3,29300,0,0,1
8,4,29300,0,0,1
8,5,29300,0,0,1
8,6,29300,0,0,1
8,7,29300,0,0,1
8,8,29300,0,0,1
8,9,29300,0,0,1
8,10,29300,0,0,1
8,11,29300,0,0,1
8,12,29300,0,0,1
8,13,29300,0,0,1
8,14,29300,0,0,1
8,15,29300,0,0,1
9,0,19961,542.2684168,652,3
9,1,29149,151.44,172,4
9,2,29300,1.98,1,2
9,3,29300,0,0,1
9,4,29300,0,0,1
9,5,29300,0,0,1
9,6,29300,0,0,1
9,7,29300,0,0,1
9,8,29300,0,0,1
9,9,29300,0,0,1
9,10,29300,0,0,1
9,11,29300,0,0,1
9,12,29300,0,0,1
9,13,29300,0,0,1
9,14,29300,0,0,1
9,15,29300,0,0,1
10,0,20973,482.8935516,1018,4
10,1,29074,269.5175079,421,4
10,2,29200,18.96,10,2
10,3,29200,0,0,1
10,4,29200,0,0,1
10,5,29200,0,0,1
10,6,29200,0,0,1
10,7,29200,0,0,1
10,8,29200,0,0,1
10,9,29200,0,0,1
10,10,29200,0,0,1
10,11,29200,0,0,1
10,12,29200,0,0,1
10,13,29200,0,0,1
10,14,29200,0,0,1
10,15,29200,0,0,1
11,0,21226,421.1975198,715,5
11,1,28852,211.9697815,329,2
11,2,29370,29.98040404,17,2
11,3,29396,1.98,1,2
11,4,29400,0,0,1
11,5,29400,0,0,1
11,6,29400,0,0,1
11,7,29400,0,0,1
11,8,29400,0,0,1
11,9,29400,0,0,1
11,10,29400,0,0,1
11,11,29400,0,0,1
11,12,29400,0,0,1
11,13,29400,0,0,1
11,14,29400,0,0,1
11,15,29400,0,0,1
12,0,20824,535.1390456,860,3
12,1,29196,253.5555321,413,2
12,2,29400,5.82,3,2
12,3,29400,0,0,1
12,4,29400,0,0,1
12,5,29400,0,0,1
12,6,29400,0,0,1
12,7,29400,0,0,1
12,8,29400,0,0,1
12,9,29400,0,0,1
12,10,29400,0,0,1
12,11,29400,0,0,1
12,12,29400,0,0,1
12,13,29400,0,0,1
12,14,29400,0,0,1
12,15,29400,0,0,1
13,0,21183,353.8384287,505,3
13,1,29078,221.3723336,281,3
13,2,29300,150.36,144,2
13,3,29300,49.68,54,2
13,4,29300,0,0,1
13,5,29300,0,0,1
13,6,29300,0,0,1
13,7,29300,0,0,1
13,8,29300,0,0,1
13,9,29300,0,0,1
13,10,29300,0,0,1
13,11,29300,0,0,1
13,12,29300,0,0,1
13,13,29300,0,0,1
13,14,29300,0,0,1
13,15,29300,0,0,1
14,0,21422,384.1735041,589,5
14,1,29319,150.523299,150,2
14,2,29500,0,0,1
14,3,29500,0,0,1
14,4,29500,0,0,1
14,5,29500,0,0,1
14,6,29500,0,0,1
14,7,29500,0,0,1
14,8,29500,0,0,1
14,9,29500,0,0,1
14,10,29500,0,0,1
14,11,29500,0,0,1
14,12,29500,0,0,1
14,13,29500,0,0,1
14,14,29500,0,0,1
14,15,29500,0,0,1
15,0,22427,511.1254209,990,4
15,1,29219,156.0053936,300,2
15,2,29300,1.98,1,2
15,3,29300,0,0,1
15,4,29300,0,0,1
15,5,29300,0,0,1
15,6,29300,0,0,1
15,7,29300,0,0,1
15,8,29300,0,0,1
15,9,29300,0,0,1
15,10,29300,0,0,1
15,11,29300,0,0,1
15,12,29300,0,0,1
15,13,29300,0,0,1
15,14,29300,0,0,1
15,15,29300,0,0,1
16,0,19817,343.102762,548,3
16,1,29133,320.4570053,493,3
16,2,29299,9.5,95,2
16,3,29300,0,0,1
16,4,29300,0,0,1
16,5,29300,0,0,1
16,6,29300,0,0,1
16,7,29300,0,0,1
16,8,29300,0,0,1
16,9,29300,0,0,1
16,10,29300,0,0,1
16,11,29300,0,0,1
16,12,29300,0,0,1
16,13,29300,0,0,1
16,14,29300,0,0,1
16,15,29300,0,0,1
17,0,19990,671.8844668,1072,4
17,1,29314,188.061346,229,3
17,2,29500,1.98,1,2
17,3,29500,0,0,1
17,4,29500,0,0,1
17,5,29500,0,0,1
17,6,29500,0,0,1
17,7,29500,0,0,1
17,8,29500,0,0,1
17,9,29500,0,0,1
17,10,29500,0,0,1
17,11,29500,0,0,1
17,12,29500,0,0,1
17,13,29500,0,0,1
17,14,29500,0,0,1
17,15,29500,0,0,1
18,0,21517,491.2992657,614,5
18,1,29131,101.1777201,187,2
18,2,29500,19.58,89,2
18,3,29500,0,0,1
18,4,29500,0,0,1
18,5,29500,0,0,1
18,6,29500,0,0,1
18,7,29500,0,0,1
18,8,29500,0,0,1
18,9,29500,0,0,1
18,10,29500,0,0,1
18,11,29500,0,0,1
18,12,29500,0,0,1
18,13,29500,0,0,1
18,14,29500,0,0,1
18,15,29500,0,0,1
19,0,21671,452.8426699,818,4
19,1,29144,191.6591409,217,2
19,2,29300,1.98,1,2
19,3,29300,0,0,1
19,4,29300,0,0,1
19,5,29300,0,0,1
19,6,29300,0,0,1
19,7,29300,0,0,1
19,8,29300,0,0,1
19,9,29300,0,0,1
19,10,29300,0,0,1
19,11,29300,0,0,1
19,12,29300,0,0,1
19,13,29300,0,0,1
19,14,29300,0,0,1
19,15,29300,0,0,1
20,0,20732,776.3666064,1194,3
20,1,28748,302.6121588,378,2
20,2,28991,80.54262626,108,2
20,3,29000,1.98,1,2
20,4,29000,0,0,1
20,5,29000,0,0,1
20,6,29000,0,0,1
20,7,29000,0,0,1
20,8,29000,0,0,1
20,9,29000,0,0,1
20,10,29000,0,0,1
20,11,29000,0,0,1
20,12,29000,0,0,1
20,13,29000,0,0,1
20,14,29000,0,0,1
20,15,29000,0,0,1
21,0,19700,482.8836564,559,5
21,1,29323,143.7269197,398,2
21,2,29499,23.51555556,13,2
21,3,29500,21.12,12,2
21,4,29500,0,0,1
21,5,29500,0,0,1
21,6,29500,0,0,1
21,7,29500,0,0,1
21,8,29500,0,0,1
21,9,29500,0,0,1
21,10,29500,0,0,1
21,11,29500,0,0,1
21,12,29500,0,0,1
21,13,29500,0,0,1
21,14,29500,0,0,1
21,15,29500,0,0,1
22,0,21245,512.9584264,722,3
22,1,28931,176.0917014,123,3
22,2,29300,34.32,22,2
22,3,29300,0,0,1
22,4,29300,0,0,1
22,5,29300,0,0,1
22,6,29300,0,0,1
22,7,29300,0,0,1
22,8,29300,0,0,1
22,9,29300,0,0,1
22,10,29300,0,0,1
22,11,29300,0,0,1
22,12,29300,0,0,1
22,13,29300,0,0,1
22,14,29300,0,0,1
22,15,29300,0,0,1
23,0,22752,445.1724685,543,4
23,1,29439,259.6082217,245,3
23,2,29500,0,0,1
23,3,29500,0,0,1
23,4,29500,0,0,1
23,5,29500,0,0,1
23,6,29500,0,0,1
23,7,29500,0,0,1
23,8,29500,0,0,1
23,9,29500,0,0,1
23,10,29500,0,0,1
23,11,29500,0,0,1
23,12,29500,0,0,1
23,13,29500,0,0,1
23,14,29500,0,0,1
23,15,29500,0,0,1
24,0,21589,575.5462257,717,5
24,1,29376,277.3959778,351,2
24,2,29600,40.86,73,3
24,3,29600,0,0,1
24,4,29600,0,0,1
24,5,29600,0,0,1
24,6,29600,0,0,1
24,7,29600,0,0,1
24,8,29600,0,0,1
24,9,29600,0,0,1
24,10,29600,0,0,1
24,11,29600,0,0,1
24,12,29600,0,0,1
24,13,29600,0,0,1
24,14,29600,0,0,1
24,15,29600,0,0,1
25,0,21515,644.907734,949,3
25,1,29250,243.46,231,2
25,2,29300,75.98,101,2
25,3,29300,38.48,26,2
25,4,29300,0,0,1
25,5,29300,0,0,1
25,6,29300,0,0,1
25,7,29300,0,0,1
25,8,29300,0,0,1
25,9,29300,0,0,1
25,10,29300,0,0,1
25,11,29300,0,0,1
25,12,29300,0,0,1
25,13,29300,0,0,1
25,14,29300,0,0,1
25,15,29300,0,0,1
26,0,21061,381.8686466,452,3
26,1,29260,233.3557629,277,3
26,2,29397,11.28,6,2
26,3,29400,11.28,6,2
26,4,29400,0,0,1
26,5,29400,0,0,1
26,6,29400,0,0,1
26,7,29400,0,0,1
26,8,29400,0,0,1
26,9,29400,0,0,1
26,10,29400,0,0,1
26,11,29400,0,0,1
26,12,29400,0,0,1
26,13,29400,0,0,1
26,14,29400,0,0,1
26,15,29400,0,0,1
27,0,21836,697.7624394,962,3
27,1,29123,264.5503088,227,3
27,2,29200,70.2,46,2
27,3,29200,0,0,1
27,4,29200,0,0,1
27,5,29200,0,0,1
27,6,29200,0,0,1
27,7,29200,0,0,1
27,8,29200,0,0,1
27,9,29200,0,0,1
27,10,29200,0,0,1
27,11,29200,0,0,1
27,12,29200,0,0,1
27,13,29200,0,0,1
27,14,29200,0,0,1
27,15,29200,0,0,1
28,0,22105,388.6176388,795,3
28,1,29423,141.02,197,3
28,2,29500,0,0,1
28,3,29500,0,0,1
28,4,29500,0,0,1
28,5,29500,0,0,1
28,6,29500,0,0,1
28,7,29500,0,0,1
28,8,29500,0,0,1
28,9,29500,0,0,1
28,10,29500,0,0,1
28,11,29500,0,0,1
28,12,29500,0,0,1
28,13,29500,0,0,1
28,14,29500,0,0,1
28,15,29500,0,0,1
29,0,22402,428.608984,1052,3
29,1,29375,127.5737374,140,2
29,2,29400,0,0,1
29,3,29400,0,0,1
29,4,29400,0,0,1
29,5,29400,0,0,1
29,6,29400,0,0,1
29,7,29400,0,0,1
29,8,29400,0,0,1
29,9,29400,0,0,1
29,10,29400,0,0,1
29,11,29400,0,0,1
29,12,29400,0,0,1
29,13,29400,0,0,1
29,14,29400,0,0,1
29,15,29400,0,0,1
30,0,21998,456.9178094,1171,4
30,1,29529,211.94,463,2
30,2,29600,1.98,1,2
30,3,29600,0,0,1
30,4,29600,0,0,1
30,5,29600,0,0,1
30,6,29600,0,0,1
30,7,29600,0,0,1
30,8,29600,0,0,1
30,9,29600,0,0,1
30,10,29600,0,0,1
30,11,29600,0,0,1
30,12,29600,0,0,1
30,13,29600,0,0,1
30,14,29600,0,0,1
30,15,29600,0,0,1
31,0,21200,863.2206053,1389,3
31,1,29082,122.3580645,156,2
31,2,29500,0,0,1
31,3,29500,0,0,1
31,4,29500,0,0,1
31,5,29500,0,0,1
31,6,29500,0,0,1
31,7,29500,0,0,1
31,8,29500,0,0,1
31,9,29500,0,0,1
31,10,29500,0,0,1
31,11,29500,0,0,1
31,12,29500,0,0,1
31,13,29500,0,0,1
31,14,29500,0,0,1
31,15,29500,0,0,1
32,0,21166,510.4805298,980,3
32,1,29342,95.45917942,105,2
32,2,29500,0,0,1
32,3,29500,0,0,1
32,4,29500,0,0,1
32,5,29500,0,0,1
32,6,29500,0,0,1
32,7,29500,0,0,1
32,8,29500,0,0,1
32,9,29500,0,0,1
32,10,29500,0,0,1
32,11,29500,0,0,1
32,12,29500,0,0,1
32,13,29500,0,0,1
32,14,29500,0,0,1
32,15,29500,0,0,1
33,0,22782,457.2675238,810,4
33,1,29271,152.12,216,2
33,2,29500,0,0,1
33,3,29500,0,0,1
33,4,29500,0,0,1
33,5,29500,0,0,1
33,6,29500,0,0,1
33,7,29500,0,0,1
33,8,29500,0,0,1
33,9,29500,0,0,1
33,10,29500,0,0,1
33,11,29500,0,0,1
33,12,29500,0,0,1
33,13,29500,0,0,1
33,14,29500,0,0,1
33,15,29500,0,0,1
34,0,21263,634.9383687,807,5
34,1,29252,233.5985481,222,3
34,2,29400,82.32,98,2
34,3,29400,0,0,1
34,4,29400,0,0,1
34,5,29400,0,0,1
34,6,29400,0,0,1
34,7,29400,0,0,1
34,8,29400,0,0,1
34,9,29400,0,0,1
34,10,29400,0,0,1
34,11,29400,0,0,1
34,12,29400,0,0,1
34,13,29400,0,0,1
34,14,29400,0,0,1
34,15,29400,0,0,1
35,0,21185,572.8801586,991,3
35,1,29404,113.4319632,190,2
35,2,29500,0,0,1
35,3,29500,0,0,1
35,4,29500,0,0,1
35,5,29500,0,0,1
35,6,29500,0,0,1
35,7,29500,0,0,1
35,8,29500,0,0,1
35,9,29500,0,0,1
35,10,29500,0,0,1
35,11,29500,0,0,1
35,12,29500,0,0,1
35,13,29500,0,0,1
35,14,29500,0,0,1
35,15,29500,0,0,1
36,0,20254,347.3498301,627,3
36,1,29120,160.76,206,3
36,2,29300,0,0,1
36,3,29300,0,0,1
36,4,29300,0,0,1
36,5,29300,0,0,1
36,6,29300,0,0,1
36,7,29300,0,0,1
36,8,29300,0,0,1
36,9,29300,0,0,1
36,10,29300,0,0,1
36,11,29300,0,0,1
36,12,29300,0,0,1
36,13,29300,0,0,1
36,14,29300,0,0,1
36,15,29300,0,0,1
37,0,20728,396.3453028,626,3
37,1,29142,164.0453901,313,2
37,2,29200,7.68,96,2
37,3,29200,0,0,1
37,4,29200,0,0,1
37,5,29200,0,0,1
37,6,29200,0,0,1
37,7,29200,0,0,1
37,8,29200,0,0,1
37,9,29200,0,0,1
37,10,29200,0,0,1
37,11,29200,0,0,1
37,12,29200,0,0,1
37,13,29200,0,0,1
37,14,29200,0,0,1
37,15,29200,0,0,1
38,0,21788,480.7699091,830,3
38,1,29248,53.07240072,208,3
38,2,29300,0,0,1
38,3,29300,0,0,1
38,4,29300,0,0,1
38,5,29300,0,0,1
38,6,29300,0,0,1
38,7,29300,0,0,1
38,8,29300,0,0,1
38,9,29300,0,0,1
38,10,29300,0,0,1
38,11,29300,0,0,1
38,12,29300,0,0,1
38,13,29300,0,0,1
38,14,29300,0,0,1
38,15,29300,0,0,1
39,0,21117,644.8308149,1049,3
39,1,28893,199.0699516,246,2
39,2,29200,0,0,1
39,3,29200,0,0,1
39,4,29200,0,0,1
39,5,29200,0,0,1
39,6,29200,0,0,1
39,7,29200,0,0,1
39,8,29200,0,0,1
39,9,29200,0,0,1
39,10,29200,0,0,1
39,11,29200,0,0,1
39,12,29200,0,0,1
39,13,29200,0,0,1
39,14,29200,0,0,1
39,15,29200,0,0,1
40,0,21148,470.4024321,957,3
40,1,29271,1.98,1,2
40,2,29300,1.98,1,2
40,3,29300,0,0,1
40,4,29300,0,0,1
40,5,29300,0,0,1
40,6,29300,0,0,1
40,7,29300,0,0,1
40,8,29300,0,0,1
40,9,29300,0,0,1
40,10,29300,0,0,1
40,11,29300,0,0,1
40,12,29300,0,0,1
40,13,29300,0,0,1
40,14,29300,0,0,1
40,15,29300,0,0,1
41,0,21428,453.5366315,765,2
41,1,29332,150.7942529,247,2
41,2,29400,22.62,87,2
41,3,29400,0,0,1
41,4,29400,0,0,1
41,5,29400,0,0,1
41,6,29400,0,0,1
41,7,29400,0,0,1
41,8,29400,0,0,1
41,9,29400,0,0,1
41,10,29400,0,0,1
41,11,29400,0,0,1
41,12,29400,0,0,1
41,13,29400,0,0,1
41,14,29400,0,0,1
41,15,29400,0,0,1
42,0,21205,486.6317431,850,4
42,1,28905,189.0859103,359,2
42,2,29300,0,0,1
42,3,29300,0,0,1
42,4,29300,0,0,1
42,5,29300,0,0,1
42,6,29300,0,0,1
42,7,29300,0,0,1
42,8,29300,0,0,1
42,9,29300,0,0,1
42,10,29300,0,0,1
42,11,29300,0,0,1
42,12,29300,0,0,1
42,13,29300,0,0,1
42,14,29300,0,0,1
42,15,29300,0,0,1
43,0,21831,408.8742125,605,3
43,1,29160,131.5314286,112,3
43,2,29300,0,0,1
43,3,29300,0,0,1
43,4,29300,0,0,1
43,5,29300,0,0,1
43,6,29300,0,0,1
43,7,29300,0,0,1
43,8,29300,0,0,1
43,9,29300,0,0,1
43,10,29300,0,0,1
43,11,29300,0,0,1
43,12,29300,0,0,1
43,13,29300,0,0,1
43,14,29300,0,0,1
43,15,29300,0,0,1
44,0,21554,406.1370026,846,3
44,1,29206,340.6479578,395,3
44,2,29500,0,0,1
44,3,29500,0,0,1
44,4,29500,0,0,1
44,5,29500,0,0,1
44,6,29500,0,0,1
44,7,29500,0,0,1
44,8,29500,0,0,1
44,9,29500,0,0,1
44,10,29500,0,0,1
44,11,29500,0,0,1
44,12,29500,0,0,1
44,13,29500,0,0,1
44,14,29500,0,0,1
44,15,29500,0,0,1
45,0,20173,408.961706,548,4
45,1,28934,97.13916667,337,2
45,2,29300,11.28,6,2
45,3,29300,11.28,6,2
45,4,29300,0,0,1
45,5,29300,0,0,1
45,6,29300,0,0,1
45,7,29300,0,0,1
45,8,29300,0,0,1
45,9,29300,0,0,1
45,10,29300,0,0,1
45,11,29300,0,0,1
45,12,29300,0,0,1
45,13,29300,0,0,1
45,14,29300,0,0,1
45,15,29300,0,0,1
46,0,20787,453.2547925,695,3
46,1,29145,373.7269307,577,3
46,2,29400,3.92,2,2
46,3,29400,0,0,1
46,4,29400,0,0,1
46,5,29400,0,0,1
46,6,29400,0,0,1
46,7,29400,0,0,1
46,8,29400,0,0,1
46,9,29400,0,0,1
46,10,29400,0,0,1
46,11,29400,0,0,1
46,12,29400,0,0,1
46,13,29400,0,0,1
46,14,29400,0,0,1
46,15,29400,0,0,1
47,0,21027,397.6138731,629,3
47,1,29116,170.5427027,362,3
47,2,29200,49.5,55,2
47,3,29200,0,0,1
47,4,29200,0,0,1
47,5,29200,0,0,1
47,6,29200,0,0,1
47,7,29200,0,0,1
47,8,29200,0,0,1
47,9,29200,0,0,1
47,10,29200,0,0,1
47,11,29200,0,0,1
47,12,29200,0,0,1
47,13,29200,0,0,1
47,14,29200,0,0,1
47,15,29200,0,0,1
48,0,21931,291.775888,489,3
48,1,29239,222.1724175,324,2
48,2,29400,0,0,1
48,3,29400,0,0,1
48,4,29400,0,0,1
48,5,29400,0,0,1
48,6,29400,0,0,1
48,7,29400,0,0,1
48,8,29400,0,0,1
48,9,29400,0,0,1
48,10,29400,0,0,1
48,11,29400,0,0,1
48,12,29400,0,0,1
48,13,29400,0,0,1
48,14,29400,0,0,1
48,15,29400,0,0,1
49,0,21913,274.673547,466,2
49,1,29301,63.81673981,65,2
49,2,29400,0,0,1
49,3,29400,0,0,1
49,4,29400,0,0,1
49,5,29400,0,0,1
49,6,29400,0,0,1
49,7,29400,0,0,1
49,8,29400,0,0,1
49,9,29400,0,0,1
49,10,29400,0,0,1
49,11,29400,0,0,1
49,12,29400,0,0,1
49,13,29400,0,0,1
49,14,29400,0,0,1
49,15,29400,0,0,1
50,0,20723,653.8946025,1087,3
50,1,28892,269.5923503,257,3
50,2,29100,49.98,49,2
50,3,29100,0,0,1
50,4,29100,0,0,1
50,5,29100,0,0,1
50,6,29100,0,0,1
50,7,29100,0,0,1
50,8,29100,0,0,1
50,9,29100,0,0,1
50,10,29100,0,0,1
50,11,29100,0,0,1
50,12,29100,0,0,1
50,13,29100,0,0,1
50,14,29100,0,0,1
50,15,29100,0,0,1
51,0,20959,519.2908895,1253,3
51,1,29153,116.490002,75,2
51,2,29463,3.96,2,2
51,3,29494,3.96,2,2
51,4,29500,0,0,1
51,5,29500,0,0,1
51,6,29500,0,0,1
51,7,29500,0,0,1
51,8,29500,0,0,1
51,9,29500,0,0,1
51,10,29500,0,0,1
51,11,29500,0,0,1
51,12,29500,0,0,1
51,13,29500,0,0,1
51,14,29500,0,0,1
51,15,29500,0,0,1
52,0,19309,657.2851622,1358,3
52,1,29236,217.5975758,208,2
52,2,29400,0,0,1
52,3,29400,0,0,1
52,4,29400,0,0,1
52,5,29400,0,0,1
52,6,29400,0,0,1
52,7,29400,0,0,1
52,8,29400,0,0,1
52,9,29400,0,0,1
52,10,29400,0,0,1
52,11,29400,0,0,1
52,12,29400,0,0,1
52,13,29400,0,0,1
52,14,29400,0,0,1
52,15,29400,0,0,1
53,0,23250,431.4438367,722,3
53,1,29294,97.26,130,2
53,2,29600,0,0,1
53,3,29600,0,0,1
53,4,29600,0,0,1
53,5,29600,0,0,1
53,6,29600,0,0,1
53,7,29600,0,0,1
53,8,29600,0,0,1
53,9,29600,0,0,1
53,10,29600,0,0,1
53,11,29600,0,0,1
53,12,29600,0,0,1
53,13,29600,0,0,1
53,14,29600,0,0,1
53,15,29600,0,0,1
54,0,21326,592.3656045,647,3
54,1,29223,174.8816162,164,3
54,2,29398,0,0,1
54,3,29400,0,0,1
54,4,29400,0,0,1
54,5,29400,0,0,1
54,6,29400,0,0,1
54,7,29400,0,0,1
54,8,29400,0,0,1
54,9,29400,0,0,1
54,10,29400,0,0,1
54,11,29400,0,0,1
54,12,29400,0,0,1
54,13,29400,0,0,1
54,14,29400,0,0,1
54,15,29400,0,0,1
55,0,21917,460.3258352,915,3
55,1,29342,289.2728779,281,3
55,2,29400,0,0,1
55,3,29400,0,0,1
55,4,29400,0,0,1
55,5,29400,0,0,1
55,6,29400,0,0,1
55,7,29400,0,0,1
55,8,29400,0,0,1
55,9,29400,0,0,1
55,10,29400,0,0,1
55,11,29400,0,0,1
55,12,29400,0,0,1
55,13,29400,0,0,1
55,14,29400,0,0,1
55,15,29400,0,0,1
56,0,20237,589.606608,906,3
56,1,29219,235.4355875,233,3
56,2,29300,49.02,57,2
56,3,29300,0,0,1
56,4,29300,0,0,1
56,5,29300,0,0,1
56,6,29300,0,0,1
56,7,29300,0,0,1
56,8,29300,0,0,1
56,9,29300,0,0,1
56,10,29300,0,0,1
56,11,29300,0,0,1
56,12,29300,0,0,1
56,13,29300,0,0,1
56,14,29300,0,0,1
56,15,29300,0,0,1
57,0,21863,395.8663563,723,3
57,1,29116,216.1894184,340,3
57,2,29400,0,0,1
57,3,29400,0,0,1
57,4,29400,0,0,1
57,5,29400,0,0,1
57,6,29400,0,0,1
57,7,29400,0,0,1
57,8,29400,0,0,1
57,9,29400,0,0,1
57,10,29400,0,0,1
57,11,29400,0,0,1
57,12,29400,0,0,1
57,13,29400,0,0,1
57,14,29400,0,0,1
57,15,29400,0,0,1
58,0,21736,835.4082703,1323,3
58,1,29374,149.7775941,161,2
58,2,29500,0,0,1
58,3,29500,0,0,1
58,4,29500,0,0,1
58,5,29500,0,0,1
58,6,29500,0,0,1
58,7,29500,0,0,1
58,8,29500,0,0,1
58,9,29500,0,0,1
58,10,29500,0,0,1
58,11,29500,0,0,1
58,12,29500,0,0,1
58,13,29500,0,0,1
58,14,29500,0,0,1
58,15,29500,0,0,1
59,0,20899,603.0266581,848,4
59,1,29137,215.2041758,204,3
59,2,29300,5.82,3,2
59,3,29300,0,0,1
59,4,29300,0,0,1
59,5,29300,0,0,1
59,6,29300,0,0,1
59,7,29300,0,0,1
59,8,29300,0,0,1
59,9,29300,0,0,1
59,10,29300,0,0,1
59,11,29300,0,0,1
59,12,29300,0,0,1
59,13,29300,0,0,1
59,14,29300,0,0,1
59,15,29300,0,0,1
60,0,20386,559.6350039,1054,3
60,1,29167,360.4616217,460,3
60,2,29299,30.2,18,2
60,3,29300,0,0,1
60,4,29300,0,0,1
60,5,29300,0,0,1
60,6,29300,0,0,1
60,7,29300,0,0,1
60,8,29300,0,0,1
60,9,29300,0,0,1
60,10,29300,0,0,1
60,11,29300,0,0,1
60,12,29300,0,0,1
60,13,29300,0,0,1
60,14,29300,0,0,1
60,15,29300,0,0,1
61,0,21997,452.7741858,787,3
61,1,29360,204.0911111,166,2
61,2,29400,0,0,1
61,3,29400,0,0,1
61,4,29400,0,0,1
61,5,29400,0,0,1
61,6,29400,0,0,1
61,7,29400,0,0,1
61,8,29400,0,0,1
61,9,29400,0,0,1
61,10,29400,0,0,1
61,11,29400,0,0,1
61,12,29400,0,0,1
61,13,29400,0,0,1
61,14,29400,0,0,1
61,15,29400,0,0,1
62,0,21106,543.6892116,1019,3
62,1,29254,190.3573635,177,2
62,2,29500,0,0,1
62,3,29500,0,0,1
62,4,29500,0,0,1
62,5,29500,0,0,1
62,6,29500,0,0,1
62,7,29500,0,0,1
62,8,29500,0,0,1
62,9,29500,0,0,1
62,10,29500,0,0,1
62,11,29500,0,0,1
62,12,29500,0,0,1
62,13,29500,0,0,1
62,14,29500,0,0,1
62,15,29500,0,0,1
63,0,22275,441.7590168,895,3
63,1,29211,94.99142919,56,2
63,2,29300,0,0,1
63,3,29300,0,0,1
63,4,29300,0,0,1
63,5,29300,0,0,1
63,6,29300,0,0,1
63,7,29300,0,0,1
63,8,29300,0,0,1
63,9,29300,0,0,1
63,10,29300,0,0,1
63,11,29300,0,0,1
63,12,29300,0,0,1
63,13,29300,0,0,1
63,14,29300,0,0,1
63,15,29300,0,0,1
64,0,20660,468.5464174,781,3
64,1,29303,319.0186047,453,3
64,2,29500,41.88,106,2
64,3,29500,0,0,1
64,4,29500,0,0,1
64,5,29500,0,0,1
64,6,29500,0,0,1
64,7,29500,0,0,1
64,8,29500,0,0,1
64,9,29500,0,0,1
64,10,29500,0,0,1
64,11,29500,0,0,1
64,12,29500,0,0,1
64,13,29500,0,0,1
64,14,29500,0,0,1
64,15,29500,0,0,1
65,0,20246,525.3653979,887,4
65,1,29332,278.9683708,307,3
65,2,29397,1.98,1,2
65,3,29400,0,0,1
65,4,29400,0,0,1
65,5,29400,0,0,1
65,6,29400,0,0,1
65,7,29400,0,0,1
65,8,29400,0,0,1
65,9,29400,0,0,1
65,10,29400,0,0,1
65,11,29400,0,0,1
65,12,29400,0,0,1
65,13,29400,0,0,1
65,14,29400,0,0,1
65,15,29400,0,0,1
66,0,21061,620.9837262,1064,3
66,1,29164,132.4956543,132,2
66,2,29399,9.74,5,2
66,3,29400,0,0,1
66,4,29400,0,0,1
66,5,29400,0,0,1
66,6,29400,0,0,1
66,7,29400,0,0,1
66,8,29400,0,0,1
66,9,29400,0,0,1
66,10,29400,0,0,1
66,11,29400,0,0,1
66,12,29400,0,0,1
66,13,29400,0,0,1
66,14,29400,0,0,1
66,15,29400,0,0,1
67,0,21461,666.5390881,1017,3
67,1,29046,165.1772145,164,2
67,2,29600,0,0,1
67,3,29600,0,0,1
67,4,29600,0,0,1
67,5,29600,0,0,1
67,6,29600,0,0,1
67,7,29600,0,0,1
67,8,29600,0,0,1
67,9,29600,0,0,1
67,10,29600,0,0,1
67,11,29600,0,0,1
67,12,29600,0,0,1
67,13,29600,0,0,1
67,14,29600,0,0,1
67,15,29600,0,0,1
68,0,21528,497.2999259,895,3
68,1,29341,120.59618,196,2
68,2,29500,7.68,4,2
68,3,29500,0,0,1
68,4,29500,0,0,1
68,5,29500,0,0,1
68,6,29500,0,0,1
68,7,29500,0,0,1
68,8,29500,0,0,1
68,9,29500,0,0,1
68,10,29500,0,0,1
68,11,29500,0,0,1
68,12,29500,0,0,1
68,13,29500,0,0,1
68,14,29500,0,0,1
68,15,29500,0,0,1
69,0,21122,565.9823661,817,4
69,1,28949,183.0955556,130,2
69,2,29099,3.96,2,2
69,3,29100,1.98,1,2
69,4,29100,1.98,1,2
69,5,29100,0,0,1
69,6,29100,0,0,1
69,7,29100,0,0,1
69,8,29100,0,0,1
69,9,29100,0,0,1
69,10,29100,0,0,1
69,11,29100,0,0,1
69,12,29100,0,0,1
69,13,29100,0,0,1
69,14,29100,0,0,1
69,15,29100,0,0,1
70,0,22588,362.8558388,755,3
70,1,29388,226.2345455,302,3
70,2,29400,0,0,1
70,3,29400,0,0,1
70,4,29400,0,0,1
70,5,29400,0,0,1
70,6,29400,0,0,1
70,7,29400,0,0,1
70,8,29400,0,0,1
70,9,29400,0,0,1
70,10,29400,0,0,1
70,11,29400,0,0,1
70,12,29400,0,0,1
70,13,29400,0,0,1
70,14,29400,0,0,1
70,15,29400,0,0,1
71,0,20682,415.0828395,542,4
71,1,29031,214.6166679,191,3
71,2,29281,0,0,1
71,3,29297,0,0,1
71,4,29300,0,0,1
71,5,29300,0,0,1
71,6,29300,0,0,1
71,7,29300,0,0,1
71,8,29300,0,0,1
71,9,29300,0,0,1
71,10,29300,0,0,1
71,11,29300,0,0,1
71,12,29300,0,0,1
71,13,29300,0,0,1
71,14,29300,0,0,1
71,15,29300,0,0,1
72,0,19687,506.8012137,807,3
72,1,29092,246.4987342,248,2
72,2,29300,0,0,1
72,3,29300,0,0,1
72,4,29300,0,0,1
72,5,29300,0,0,1
72,6,29300,0,0,1
72,7,29300,0,0,1
72,8,29300,0,0,1
72,9,29300,0,0,1
72,10,29300,0,0,1
72,11,29300,0,0,1
72,12,29300,0,0,1
72,13,29300,0,0,1
72,14,29300,0,0,1
72,15,29300,0,0,1
73,0,20891,602.4914657,1078,3
73,1,29399,111.5897959,156,3
73,2,29500,79.66,103,2
73,3,29500,0,0,1
73,4,29500,0,0,1
73,5,29500,0,0,1
73,6,29500,0,0,1
73,7,29500,0,0,1
73,8,29500,0,0,1
73,9,29500,0,0,1
73,10,29500,0,0,1
73,11,29500,0,0,1
73,12,29500,0,0,1
73,13,29500,0,0,1
73,14,29500,0,0,1
73,15,29500,0,0,1
74,0,21226,414.3185191,528,3
74,1,29092,158.3291625,194,3
74,2,29200,7.68,4,2
74,3,29200,0,0,1
74,4,29200,0,0,1
74,5,29200,0,0,1
74,6,29200,0,0,1
74,7,29200,0,0,1
74,8,29200,0,0,1
74,9,29200,0,0,1
74,10,29200,0,0,1
74,11,29200,0,0,1
74,12,29200,0,0,1
74,13,29200,0,0,1
74,14,29200,0,0,1
74,15,29200,0,0,1
75,0,19086,471.1302987,793,4
75,1,29287,280.2694624,296,3
75,2,29400,40.32,72,2
75,3,29400,0,0,1
75,4,29400,0,0,1
75,5,29400,0,0,1
75,6,29400,0,0,1
75,7,29400,0,0,1
75,8,29400,0,0,1
75,9,29400,0,0,1
75,10,29400,0,0,1
75,11,29400,0,0,1
75,12,29400,0,0,1
75,13,29400,0,0,1
75,14,29400,0,0,1
75,15,29400,0,0,1
76,0,20928,537.8204749,566,5
76,1,29220,91.68125368,124,2
76,2,29399,15.19272727,8,2
76,3,29400,0,0,1
76,4,29400,0,0,1
76,5,29400,0,0,1
76,6,29400,0,0,1
76,7,29400,0,0,1
76,8,29400,0,0,1
76,9,29400,0,0,1
76,10,29400,0,0,1
76,11,29400,0,0,1
76,12,29400,0,0,1
76,13,29400,0,0,1
76,14,29400,0,0,1
76,15,29400,0,0,1
77,0,20430,459.4042236,709,3
77,1,29273,227.9201137,407,2
77,2,29498,90.23313131,136,2
77,3,29500,0,0,1
77,4,29500,0,0,1
77,5,29500,0,0,1
77,6,29500,0,0,1
77,7,29500,0,0,1
77,8,29500,0,0,1
77,9,29500,0,0,1
77,10,29500,0,0,1
77,11,29500,0,0,1
77,12,29500,0,0,1
77,13,29500,0,0,1
77,14,29500,0,0,1
77,15,29500,0,0,1
78,0,21258,443.2715549,799,3
78,1,29416,148.5753492,172,4
78,2,29500,0,0,1
78,3,29500,0,0,1
78,4,29500,0,0,1
78,5,29500,0,0,1
78,6,29500,0,0,1
78,7,29500,0,0,1
78,8,29500,0,0,1
78,9,29500,0,0,1
78,10,29500,0,0,1
78,11,29500,0,0,1
78,12,29500,0,0,1
78,13,29500,0,0,1
78,14,29500,0,0,1
78,15,29500,0,0,1
79,0,22482,426.0866732,866,3
79,1,29131,145.6000831,222,2
79,2,29400,0,0,1
79,3,29400,0,0,1
79,4,29400,0,0,1
79,5,29400,0,0,1
79,6,29400,0,0,1
79,7,29400,0,0,1
79,8,29400,0,0,1
79,9,29400,0,0,1
79,10,29400,0,0,1
79,11,29400,0,0,1
79,12,29400,0,0,1
79,13,29400,0,0,1
79,14,29400,0,0,1
79,15,29400,0,0,1
80,0,20895,614.5737011,832,4
80,1,29033,182.2154911,300,2
80,2,29300,0,0,1
80,3,29300,0,0,1
80,4,29300,0,0,1
80,5,29300,0,0,1
80,6,29300,0,0,1
80,7,29300,0,0,1
80,8,29300,0,0,1
80,9,29300,0,0,1
80,10,29300,0,0,1
80,11,29300,0,0,1
80,12,29300,0,0,1
80,13,29300,0,0,1
80,14,29300,0,0,1
80,15,29300,0,0,1
81,0,20975,653.3182576,1022,5
81,1,29270,248.04,260,2
81,2,29400,36.48,24,2
81,3,29400,0,0,1
81,4,29400,0,0,1
81,5,29400,0,0,1
81,6,29400,0,0,1
81,7,29400,0,0,1
81,8,29400,0,0,1
81,9,29400,0,0,1
81,10,29400,0,0,1
81,11,29400,0,0,1
81,12,29400,0,0,1
81,13,29400,0,0,1
81,14,29400,0,0,1
81,15,29400,0,0,1
82,0,20134,303.9187539,557,3
82,1,29267,153.645857,216,2
82,2,29400,0,0,1
82,3,29400,0,0,1
82,4,29400,0,0,1
82,5,29400,0,0,1
82,6,29400,0,0,1
82,7,29400,0,0,1
82,8,29400,0,0,1
82,9,29400,0,0,1
82,10,29400,0,0,1
82,11,29400,0,0,1
82,12,29400,0,0,1
82,13,29400,0,0,1
82,14,29400,0,0,1
82,15,29400,0,0,1
83,0,22120,390.9451548,736,3
83,1,29452,139.8359812,199,3
83,2,29500,28.44,16,2
83,3,29500,0,0,1
83,4,29500,0,0,1
83,5,29500,0,0,1
83,6,29500,0,0,1
83,7,29500,0,0,1
83,8,29500,0,0,1
83,9,29500,0,0,1
83,10,29500,0,0,1
83,11,29500,0,0,1
83,12,29500,0,0,1
83,13,29500,0,0,1
83,14,29500,0,0,1
83,15,29500,0,0,1
84,0,20228,456.1022235,1067,3
84,1,29074,257.7078149,241,2
84,2,29299,0,0,1
84,3,29300,0,0,1
84,4,29300,0,0,1
84,5,29300,0,0,1
84,6,29300,0,0,1
84,7,29300,0,0,1
84,8,29300,0,0,1
84,9,29300,0,0,1
84,10,29300,0,0,1
84,11,29300,0,0,1
84,12,29300,0,0,1
84,13,29300,0,0,1
84,14,29300,0,0,1
84,15,29300,0,0,1
85,0,19834,513.4340262,705,3
85,1,29319,133.6724263,306,3
85,2,29399,29.42,87,2
85,3,29400,0,0,1
85,4,29400,0,0,1
85,5,29400,0,0,1
85,6,29400,0,0,1
85,7,29400,0,0,1
85,8,29400,0,0,1
85,9,29400,0,0,1
85,10,29400,0,0,1
85,11,29400,0,0,1
85,12,29400,0,0,1
85,13,29400,0,0,1
85,14,29400,0,0,1
85,15,29400,0,0,1
86,0,21127,340.5567256,609,3
86,1,29362,83.90571429,227,2
86,2,29500,0,0,1
86,3,29500,0,0,1
86,4,29500,0,0,1
86,5,29500,0,0,1
86,6,29500,0,0,1
86,7,29500,0,0,1
86,8,29500,0,0,1
86,9,29500,0,0,1
86,10,29500,0,0,1
86,11,29500,0,0,1
86,12,29500,0,0,1
86,13,29500,0,0,1
86,14,29500,0,0,1
86,15,29500,0,0,1
87,0,21399,516.5566271,788,3
87,1,28979,227.8030769,225,3
87,2,29200,0,0,1
87,3,29200,0,0,1
87,4,29200,0,0,1
87,5,29200,0,0,1
87,6,29200,0,0,1
87,7,29200,0,0,1
87,8,29200,0,0,1
87,9,29200,0,0,1
87,10,29200,0,0,1
87,11,29200,0,0,1
87,12,29200,0,0,1
87,13,29200,0,0,1
87,14,29200,0,0,1
87,15,29200,0,0,1
88,0,21061,534.0392882,743,4
88,1,29131,182.7371292,265,2
88,2,29200,3.92,2,2
88,3,29200,0,0,1
88,4,29200,0,0,1
88,5,29200,0,0,1
88,6,29200,0,0,1
88,7,29200,0,0,1
88,8,29200,0,0,1
88,9,29200,0,0,1
88,10,29200,0,0,1
88,11,29200,0,0,1
88,12,29200,0,0,1
88,13,29200,0,0,1
88,14,29200,0,0,1
88,15,29200,0,0,1
89,0,21714,612.5112791,734,3
89,1,29274,196.6397701,223,3
89,2,29400,42,70,2
89,3,29400,0,0,1
89,4,29400,0,0,1
89,5,29400,0,0,1
89,6,29400,0,0,1
89,7,29400,0,0,1
89,8,29400,0,0,1
89,9,29400,0,0,1
89,10,29400,0,0,1
89,11,29400,0,0,1
89,12,29400,0,0,1
89,13,29400,0,0,1
89,14,29400,0,0,1
89,15,29400,0,0,1
90,0,20390,749.4172478,1154,4
90,1,28897,287.1555277,331,3
90,2,29200,51.54,63,2
90,3,29200,0,0,1
90,4,29200,0,0,1
90,5,29200,0,0,1
90,6,29200,0,0,1
90,7,29200,0,0,1
90,8,29200,0,0,1
90,9,29200,0,0,1
90,10,29200,0,0,1
90,11,29200,0,0,1
90,12,29200,0,0,1
90,13,29200,0,0,1
90,14,29200,0,0,1
90,15,29200,0,0,1
91,0,20552,564.1827144,928,3
91,1,28910,282.4378425,390,3
91,2,29200,36.48,24,2
91,3,29200,0,0,1
91,4,29200,0,0,1
91,5,29200,0,0,1
91,6,29200,0,0,1
91,7,29200,0,0,1
91,8,29200,0,0,1
91,9,29200,0,0,1
91,10,29200,0,0,1
91,11,29200,0,0,1
91,12,29200,0,0,1
91,13,29200,0,0,1
91,14,29200,0,0,1
91,15,29200,0,0,1
92,0,21960,528.1012162,702,3
92,1,29012,148.56,306,2
92,2,29100,78.62,83,3
92,3,29100,0,0,1
92,4,29100,0,0,1
92,5,29100,0,0,1
92,6,29100,0,0,1
92,7,29100,0,0,1
92,8,29100,0,0,1
92,9,29100,0,0,1
92,10,29100,0,0,1
92,11,29100,0,0,1
92,12,29100,0,0,1
92,13,29100,0,0,1
92,14,29100,0,0,1
92,15,29100,0,0,1
93,0,20555,367.913025,726,4
93,1,29225,340.4574286,367,3
93,2,29400,0,0,1
93,3,29400,0,0,1
93,4,29400,0,0,1
93,5,29400,0,0,1
93,6,29400,0,0,1
93,7,29400,0,0,1
93,8,29400,0,0,1
93,9,29400,0,0,1
93,10,29400,0,0,1
93,11,29400,0,0,1
93,12,29400,0,0,1
93,13,29400,0,0,1
93,14,29400,0,0,1
93,15,29400,0,0,1
94,0,21866,544.5121509,1067,4
94,1,29327,260.4586502,338,2
94,2,29500,5.82,3,2
94,3,29500,0,0,1
94,4,29500,0,0,1
94,5,29500,0,0,1
94,6,29500,0,0,1
94,7,29500,0,0,1
94,8,29500,0,0,1
94,9,29500,0,0,1
94,10,29500,0,0,1
94,11,29500,0,0,1
94,12,29500,0,0,1
94,13,29500,0,0,1
94,14,29500,0,0,1
94,15,29500,0,0,1
95,0,20038,526.4932314,942,3
95,1,29250,149.7142857,218,2
95,2,29400,0,0,1
95,3,29400,0,0,1
95,4,29400,0,0,1
95,5,29400,0,0,1
95,6,29400,0,0,1
95,7,29400,0,0,1
95,8,29400,0,0,1
95,9,29400,0,0,1
95,10,29400,0,0,1
95,11,29400,0,0,1
95,12,29400,0,0,1
95,13,29400,0,0,1
95,14,29400,0,0,1
95,15,29400,0,0,1
96,0,21148,457.6598767,825,3
96,1,29183,139.9544781,268,2
96,2,29300,16.98,95,2
96,3,29300,0,0,1
96,4,29300,0,0,1
96,5,29300,0,0,1
96,6,29300,0,0,1
96,7,29300,0,0,1
96,8,29300,0,0,1
96,9,29300,0,0,1
96,10,29300,0,0,1
96,11,29300,0,0,1
96,12,29300,0,0,1
96,13,29300,0,0,1
96,14,29300,0,0,1
96,15,29300,0,0,1
97,0,19941,548.1023217,991,3
97,1,28949,212.0586057,153,2
97,2,29299,0,0,1
97,3,29300,1.98,1,2
97,4,29300,0,0,1
97,5,29300,0,0,1
97,6,29300,0,0,1
97,7,29300,0,0,1
97,8,29300,0,0,1
97,9,29300,0,0,1
97,10,29300,0,0,1
97,11,29300,0,0,1
97,12,29300,0,0,1
97,13,29300,0,0,1
97,14,29300,0,0,1
97,15,29300,0,0,1
98,0,21372,628.1991958,1105,3
98,1,29210,222.7162424,305,3
98,2,29300,0,0,1
98,3,29300,0,0,1
98,4,29300,0,0,1
98,5,29300,0,0,1
98,6,29300,0,0,1
98,7,29300,0,0,1
98,8,29300,0,0,1
98,9,29300,0,0,1
98,10,29300,0,0,1
98,11,29300,0,0,1
98,12,29300,0,0,1
98,13,29300,0,0,1
98,14,29300,0,0,1
98,15,29300,0,0,1
99,0,22004,331.3920639,536,3
99,1,29129,352.4459649,526,2
99,2,29300,53.76,40,2
99,3,29300,0,0,1
99,4,29300,0,0,1
99,5,29300,0,0,1
99,6,29300,0,0,1
99,7,29300,0,0,1
99,8,29300,0,0,1
99,9,29300,0,0,1
99,10,29300,0,0,1
99,11,29300,0,0,1
99,12,29300,0,0,1
99,13,29300,0,0,1
99,14,29300,0,0,1
99,15,29300,0,0,1
100,0,20299,350.7801355,723,3
100,1,29515,115.78997,170,2
100,2,29600,11.28,6,2
100,3,29600,0,0,1
100,4,29600,0,0,1
100,5,29600,0,0,1
100,6,29600,0,0,1
100,7,29600,0,0,1
100,8,29600,0,0,1
100,9,29600,0,0,1
100,10,29600,0,0,1
100,11,29600,0,0,1
100,12,29600,0,0,1
100,13,29600,0,0,1
100,14,29600,0,0,1
100,15,29600,0,0,1
101,0,21381,529.2023941,867,3
101,1,29229,207.4113173,286,4
101,2,29400,0,0,1
101,3,29400,0,0,1
101,4,29400,0,0,1
101,5,29400,0,0,1
101,6,29400,0,0,1
101,7,29400,0,0,1
101,8,29400,0,0,1
101,9,29400,0,0,1
101,10,29400,0,0,1
101,11,29400,0,0,1
101,12,29400,0,0,1
101,13,29400,0,0,1
101,14,29400,0,0,1
101,15,29400,0,0,1
102,0,20816,682.7604084,960,4
102,1,29196,164.46,179,3
102,2,29300,9.5,5,2
102,3,29300,0,0,1
102,4,29300,0,0,1
102,5,29300,0,0,1
102,6,29300,0,0,1
102,7,29300,0,0,1
102,8,29300,0,0,1
102,9,29300,0,0,1
102,10,29300,0,0,1
102,11,29300,0,0,1
102,12,29300,0,0,1
102,13,29300,0,0,1
102,14,29300,0,0,1
102,15,29300,0,0,1
103,0,20697,408.0349464,738,3
103,1,29503,144.1264208,160,2
103,2,29600,0,0,1
103,3,29600,0,0,1
103,4,29600,0,0,1
103,5,29600,0,0,1
103,6,29600,0,0,1
103,7,29600,0,0,1
103,8,29600,0,0,1
103,9,29600,0,0,1
103,10,29600,0,0,1
103,11,29600,0,0,1
103,12,29600,0,0,1
103,13,29600,0,0,1
103,14,29600,0,0,1
103,15,29600,0,0,1
104,0,20382,632.5858739,928,3
104,1,29096,187.6695384,308,2
104,2,29400,7.68,4,2
104,3,29400,0,0,1
104,4,29400,0,0,1
104,5,29400,0,0,1
104,6,29400,0,0,1
104,7,29400,0,0,1
104,8,29400,0,0,1
104,9,29400,0,0,1
104,10,29400,0,0,1
104,11,29400,0,0,1
104,12,29400,0,0,1
104,13,29400,0,0,1
104,14,29400,0,0,1
104,15,29400,0,0,1
105,0,18935,505.1535635,1083,3
105,1,28844,438.0544654,527,3
105,2,29000,44.22,33,2
105,3,29000,0,0,1
105,4,29000,0,0,1
105,5,29000,0,0,1
105,6,29000,0,0,1
105,7,29000,0,0,1
105,8,29000,0,0,1
105,9,29000,0,0,1
105,10,29000,0,0,1
105,11,29000,0,0,1
105,12,29000,0,0,1
105,13,29000,0,0,1
105,14,29000,0,0,1
105,15,29000,0,0,1
106,0,20945,429.2179164,623,3
106,1,29439,113.1850382,102,2
106,2,29600,0,0,1
106,3,29600,0,0,1
106,4,29600,0,0,1
106,5,29600,0,0,1
106,6,29600,0,0,1
106,7,29600,0,0,1
106,8,29600,0,0,1
106,9,29600,0,0,1
106,10,29600,0,0,1
106,11,29600,0,0,1
106,12,29600,0,0,1
106,13,29600,0,0,1
106,14,29600,0,0,1
106,15,29600,0,0,1
107,0,21435,614.5125451,1252,3
107,1,29235,48.33193277,34,3
107,2,29400,3.92,2,2
107,3,29400,0,0,1
107,4,29400,0,0,1
107,5,29400,0,0,1
107,6,29400,0,0,1
107,7,29400,0,0,1
107,8,29400,0,0,1
107,9,29400,0,0,1
107,10,29400,0,0,1
107,11,29400,0,0,1
107,12,29400,0,0,1
107,13,29400,0,0,1
107,14,29400,0,0,1
107,15,29400,0,0,1
108,0,19631,353.4168933,567,3
108,1,28945,169.960611,104,2
108,2,29200,0,0,1
108,3,29200,0,0,1
108,4,29200,0,0,1
108,5,29200,0,0,1
108,6,29200,0,0,1
108,7,29200,0,0,1
108,8,29200,0,0,1
108,9,29200,0,0,1
108,10,29200,0,0,1
108,11,29200,0,0,1
108,12,29200,0,0,1
108,13,29200,0,0,1
108,14,29200,0,0,1
108,15,29200,0,0,1
109,0,21649,333.4942772,449,3
109,1,29210,106.0324296,137,2
109,2,29400,5.82,3,2
109,3,29400,5.82,3,2
109,4,29400,0,0,1
109,5,29400,0,0,1
109,6,29400,0,0,1
109,7,29400,0,0,1
109,8,29400,0,0,1
109,9,29400,0,0,1
109,10,29400,0,0,1
109,11,29400,0,0,1
109,12,29400,0,0,1
109,13,29400,0,0,1
109,14,29400,0,0,1
109,15,29400,0,0,1
110,0,21244,507.860102,801,3
110,1,29097,178.7615568,196,3
110,2,29400,21.12,12,2
110,3,29400,0,0,1
110,4,29400,0,0,1
110,5,29400,0,0,1
110,6,29400,0,0,1
110,7,29400,0,0,1
110,8,29400,0,0,1
110,9,29400,0,0,1
110,10,29400,0,0,1
110,11,29400,0,0,1
110,12,29400,0,0,1
110,13,29400,0,0,1
110,14,29400,0,0,1
110,15,29400,0,0,1
111,0,20455,503.2045587,937,3
111,1,28917,177.4417544,277,3
111,2,29300,0,0,1
111,3,29300,0,0,1
111,4,29300,0,0,1
111,5,29300,0,0,1
111,6,29300,0,0,1
111,7,29300,0,0,1
111,8,29300,0,0,1
111,9,29300,0,0,1
111,10,29300,0,0,1
111,11,29300,0,0,1
111,12,29300,0,0,1
111,13,29300,0,0,1
111,14,29300,0,0,1
111,15,29300,0,0,1
112,0,20503,585.5434364,1062,3
112,1,29353,137.1684807,125,2
112,2,29500,32,20,2
112,3,29500,0,0,1
112,4,29500,0,0,1
112,5,29500,0,0,1
112,6,29500,0,0,1
112,7,29500,0,0,1
112,8,29500,0,0,1
112,9,29500,0,0,1
112,10,29500,0,0,1
112,11,29500,0,0,1
112,12,29500,0,0,1
112,13,29500,0,0,1
112,14,29500,0,0,1
112,15,29500,0,0,1
113,0,21870,447.2614187,704,3
113,1,29271,55.4,48,2
113,2,29300,0,0,1
113,3,29300,0,0,1
113,4,29300,0,0,1
113,5,29300,0,0,1
113,6,29300,0,0,1
113,7,29300,0,0,1
113,8,29300,0,0,1
113,9,29300,0,0,1
113,10,29300,0,0,1
113,11,29300,0,0,1
113,12,29300,0,0,1
113,13,29300,0,0,1
113,14,29300,0,0,1
113,15,29300,0,0,1
114,0,21769,312.1173681,464,3
114,1,29393,77.63454545,66,2
114,2,29600,1.98,1,2
114,3,29600,0,0,1
114,4,29600,0,0,1
114,5,29600,0,0,1
114,6,29600,0,0,1
114,7,29600,0,0,1
114,8,29600,0,0,1
114,9,29600,0,0,1
114,10,29600,0,0,1
114,11,29600,0,0,1
114,12,29600,0,0,1
114,13,29600,0,0,1
114,14,29600,0,0,1
114,15,29600,0,0,1
115,0,19687,624.4296373,955,4
115,1,29416,419.8748676,499,3
115,2,29500,7.68,4,2
115,3,29500,0,0,1
115,4,29500,0,0,1
115,5,29500,0,0,1
115,6,29500,0,0,1
115,7,29500,0,0,1
115,8,29500,0,0,1
115,9,29500,0,0,1
115,10,29500,0,0,1
115,11,29500,0,0,1
115,12,29500,0,0,1
115,13,29500,0,0,1
115,14,29500,0,0,1
115,15,29500,0,0,1
116,0,21716,375.0483748,455,2
116,1,29263,113.368046,133,2
116,2,29400,1.98,1,2
116,3,29400,0,0,1
116,4,29400,0,0,1
116,5,29400,0,0,1
116,6,29400,0,0,1
116,7,29400,0,0,1
116,8,29400,0,0,1
116,9,29400,0,0,1
116,10,29400,0,0,1
116,11,29400,0,0,1
116,12,29400,0,0,1
116,13,29400,0,0,1
116,14,29400,0,0,1
116,15,29400,0,0,1
117,0,20967,562.1665023,773,3
117,1,29272,235.4764955,276,3
117,2,29400,53.9,53,2
117,3,29400,0,0,1
117,4,29400,0,0,1
117,5,29400,0,0,1
117,6,29400,0,0,1
117,7,29400,0,0,1
117,8,29400,0,0,1
117,9,29400,0,0,1
117,10,29400,0,0,1
117,11,29400,0,0,1
117,12,29400,0,0,1
117,13,29400,0,0,1
117,14,29400,0,0,1
117,15,29400,0,0,1
118,0,19212,577.6451934,1219,3
118,1,29011,299.2734116,481,3
118,2,29300,42.78,31,2
118,3,29300,0,0,1
118,4,29300,0,0,1
118,5,29300,0,0,1
118,6,29300,0,0,1
118,7,29300,0,0,1
118,8,29300,0,0,1
118,9,29300,0,0,1
118,10,29300,0,0,1
118,11,29300,0,0,1
118,12,29300,0,0,1
118,13,29300,0,0,1
118,14,29300,0,0,1
118,15,29300,0,0,1
119,0,20861,470.0088483,780,3
119,1,29439,263.2204576,354,2
119,2,29600,49.82,53,2
119,3,29600,0,0,1
119,4,29600,0,0,1
119,5,29600,0,0,1
119,6,29600,0,0,1
119,7,29600,0,0,1
119,8,29600,0,0,1
119,9,29600,0,0,1
119,10,29600,0,0,1
119,11,29600,0,0,1
119,12,29600,0,0,1
119,13,29600,0,0,1
119,14,29600,0,0,1
119,15,29600,0,0,1
120,0,20386,299.3428839,598,3
120,1,29216,99.01818806,159,2
120,2,29398,1.979591837,1,2
120,3,29400,0,0,1
120,4,29400,0,0,1
120,5,29400,0,0,1
120,6,29400,0,0,1
120,7,29400,0,0,1
120,8,29400,0,0,1
120,9,29400,0,0,1
120,10,29400,0,0,1
120,11,29400,0,0,1
120,12,29400,0,0,1
120,13,29400,0,0,1
120,14,29400,0,0,1
120,15,29400,0,0,1
121,0,21540,534.0260157,926,3
121,1,29375,198.8484848,247,2
121,2,29400,3.96,2,2
121,3,29400,0,0,1
121,4,29400,0,0,1
121,5,29400,0,0,1
121,6,29400,0,0,1
121,7,29400,0,0,1
121,8,29400,0,0,1
121,9,29400,0,0,1
121,10,29400,0,0,1
121,11,29400,0,0,1
121,12,29400,0,0,1
121,13,29400,0,0,1
121,14,29400,0,0,1
121,15,29400,0,0,1
122,0,21804,423.9229042,843,3
122,1,29091,107.3766667,306,3
122,2,29300,0,0,1
122,3,29300,0,0,1
122,4,29300,0,0,1
122,5,29300,0,0,1
122,6,29300,0,0,1
122,7,29300,0,0,1
122,8,29300,0,0,1
122,9,29300,0,0,1
122,10,29300,0,0,1
122,11,29300,0,0,1
122,12,29300,0,0,1
122,13,29300,0,0,1
122,14,29300,0,0,1
122,15,29300,0,0,1
123,0,20116,512.3499077,1029,3
123,1,29058,194.62,281,2
123,2,29200,0,0,1
123,3,29200,0,0,1
123,4,29200,0,0,1
123,5,29200,0,0,1
123,6,29200,0,0,1
123,7,29200,0,0,1
123,8,29200,0,0,1
123,9,29200,0,0,1
123,10,29200,0,0,1
123,11,29200,0,0,1
123,12,29200,0,0,1
123,13,29200,0,0,1
123,14,29200,0,0,1
123,15,29200,0,0,1
124,0,20198,471.4581153,735,3
124,1,29077,79.58951252,127,3
124,2,29398,0,0,1
124,3,29400,0,0,1
124,4,29400,0,0,1
124,5,29400,0,0,1
124,6,29400,0,0,1
124,7,29400,0,0,1
124,8,29400,0,0,1
124,9,29400,0,0,1
124,10,29400,0,0,1
124,11,29400,0,0,1
124,12,29400,0,0,1
124,13,29400,0,0,1
124,14,29400,0,0,1
124,15,29400,0,0,1
125,0,20459,360.8596424,621,3
125,1,29142,116.1027734,87,3
125,2,29300,0,0,1
125,3,29300,0,0,1
125,4,29300,0,0,1
125,5,29300,0,0,1
125,6,29300,0,0,1
125,7,29300,0,0,1
125,8,29300,0,0,1
125,9,29300,0,0,1
125,10,29300,0,0,1
125,11,29300,0,0,1
125,12,29300,0,0,1
125,13,29300,0,0,1
125,14,29300,0,0,1
125,15,29300,0,0,1
126,0,21585,377.7249798,799,4
126,1,29168,202.2384286,252,3
126,2,29400,0,0,1
126,3,29400,0,0,1
126,4,29400,0,0,1
126,5,29400,0,0,1
126,6,29400,0,0,1
126,7,29400,0,0,1
126,8,29400,0,0,1
126,9,29400,0,0,1
126,10,29400,0,0,1
126,11,29400,0,0,1
126,12,29400,0,0,1
126,13,29400,0,0,1
126,14,29400,0,0,1
126,15,29400,0,0,1
127,0,22742,417.0428745,730,3
127,1,29295,130.3623932,205,2
127,2,29500,0,0,1
127,3,29500,0,0,1
127,4,29500,0,0,1
127,5,29500,0,0,1
127,6,29500,0,0,1
127,7,29500,0,0,1
127,8,29500,0,0,1
127,9,29500,0,0,1
127,10,29500,0,0,1
127,11,29500,0,0,1
127,12,29500,0,0,1
127,13,29500,0,0,1
127,14,29500,0,0,1
127,15,29500,0,0,1
128,0,21433,380.5934343,579,3
128,1,29262,258.6267532,224,3
128,2,29300,0,0,1
128,3,29300,0,0,1
128,4,29300,0,0,1
128,5,29300,0,0,1
128,6,29300,0,0,1
128,7,29300,0,0,1
128,8,29300,0,0,1
128,9,29300,0,0,1
128,10,29300,0,0,1
128,11,29300,0,0,1
128,12,29300,0,0,1
128,13,29300,0,0,1
128,14,29300,0,0,1
128,15,29300,0,0,1
129,0,21319,496.0918468,973,3
129,1,28539,136.7041379,232,3
129,2,28900,0,0,1
129,3,28900,0,0,1
129,4,28900,0,0,1
129,5,28900,0,0,1
129,6,28900,0,0,1
129,7,28900,0,0,1
129,8,28900,0,0,1
129,9,28900,0,0,1
129,10,28900,0,0,1
129,11,28900,0,0,1
129,12,28900,0,0,1
129,13,28900,0,0,1
129,14,28900,0,0,1
129,15,28900,0,0,1
130,0,21413,628.3965354,1392,3
130,1,29379,166.9860853,136,2
130,2,29400,1.98,1,2
130,3,29400,0,0,1
130,4,29400,0,0,1
130,5,29400,0,0,1
130,6,29400,0,0,1
130,7,29400,0,0,1
130,8,29400,0,0,1
130,9,29400,0,0,1
130,10,29400,0,0,1
130,11,29400,0,0,1
130,12,29400,0,0,1
130,13,29400,0,0,1
130,14,29400,0,0,1
130,15,29400,0,0,1
131,0,20839,326.516056,566,3
131,1,29006,127.1389474,202,3
131,2,29300,3.92,2,2
131,3,29300,0,0,1
131,4,29300,0,0,1
131,5,29300,0,0,1
131,6,29300,0,0,1
131,7,29300,0,0,1
131,8,29300,0,0,1
131,9,29300,0,0,1
131,10,29300,0,0,1
131,11,29300,0,0,1
131,12,29300,0,0,1
131,13,29300,0,0,1
131,14,29300,0,0,1
131,15,29300,0,0,1
132,0,21110,577.2094799,732,4
132,1,29144,199.7299814,359,3
132,2,29300,48.38,41,2
132,3,29300,0,0,1
132,4,29300,0,0,1
132,5,29300,0,0,1
132,6,29300,0,0,1
132,7,29300,0,0,1
132,8,29300,0,0,1
132,9,29300,0,0,1
132,10,29300,0,0,1
132,11,29300,0,0,1
132,12,29300,0,0,1
132,13,29300,0,0,1
132,14,29300,0,0,1
132,15,29300,0,0,1
133,0,22086,360.51657,603,3
133,1,29120,197.1187879,197,2
133,2,29200,0,0,1
133,3,29200,0,0,1
133,4,29200,0,0,1
133,5,29200,0,0,1
133,6,29200,0,0,1
133,7,29200,0,0,1
133,8,29200,0,0,1
133,9,29200,0,0,1
133,10,29200,0,0,1
133,11,29200,0,0,1
133,12,29200,0,0,1
133,13,29200,0,0,1
133,14,29200,0,0,1
133,15,29200,0,0,1
134,0,21128,674.7370733,870,3
134,1,29170,160.5743434,157,2
134,2,29400,0,0,1
134,3,29400,0,0,1
134,4,29400,0,0,1
134,5,29400,0,0,1
134,6,29400,0,0,1
134,7,29400,0,0,1
134,8,29400,0,0,1
134,9,29400,0,0,1
134,10,29400,0,0,1
134,11,29400,0,0,1
134,12,29400,0,0,1
134,13,29400,0,0,1
134,14,29400,0,0,1
134,15,29400,0,0,1
135,0,20059,463.2980444,773,3
135,1,28912,132.2798507,122,2
135,2,29280,11.88,6,2
135,3,29300,3.96,2,2
135,4,29300,0,0,1
135,5,29300,0,0,1
135,6,29300,0,0,1
135,7,29300,0,0,1
135,8,29300,0,0,1
135,9,29300,0,0,1
135,10,29300,0,0,1
135,11,29300,0,0,1
135,12,29300,0,0,1
135,13,29300,0,0,1
135,14,29300,0,0,1
135,15,29300,0,0,1
136,0,20989,425.9663566,477,3
136,1,29153,38.16741703,20,2
136,2,29200,0,0,1
136,3,29200,0,0,1
136,4,29200,0,0,1
136,5,29200,0,0,1
136,6,29200,0,0,1
136,7,29200,0,0,1
136,8,29200,0,0,1
136,9,29200,0,0,1
136,10,29200,0,0,1
136,11,29200,0,0,1
136,12,29200,0,0,1
136,13,29200,0,0,1
136,14,29200,0,0,1
136,15,29200,0,0,1
137,0,18125,712.4438149,1106,4
137,1,29296,392.5521839,328,2
137,2,29400,0,0,1
137,3,29400,0,0,1
137,4,29400,0,0,1
137,5,29400,0,0,1
137,6,29400,0,0,1
137,7,29400,0,0,1
137,8,29400,0,0,1
137,9,29400,0,0,1
137,10,29400,0,0,1
137,11,29400,0,0,1
137,12,29400,0,0,1
137,13,29400,0,0,1
137,14,29400,0,0,1
137,15,29400,0,0,1
138,0,20318,514.7649556,913,3
138,1,29305,42.24875622,160,3
138,2,29500,25.5,15,2
138,3,29500,0,0,1
138,4,29500,0,0,1
138,5,29500,0,0,1
138,6,29500,0,0,1
138,7,29500,0,0,1
138,8,29500,0,0,1
138,9,29500,0,0,1
138,10,29500,0,0,1
138,11,29500,0,0,1
138,12,29500,0,0,1
138,13,29500,0,0,1
138,14,29500,0,0,1
138,15,29500,0,0,1
139,0,20287,372.9850789,630,3
139,1,29274,267.2903082,201,3
139,2,29400,0,0,1
139,3,29400,0,0,1
139,4,29400,0,0,1
139,5,29400,0,0,1
139,6,29400,0,0,1
139,7,29400,0,0,1
139,8,29400,0,0,1
139,9,29400,0,0,1
139,10,29400,0,0,1
139,11,29400,0,0,1
139,12,29400,0,0,1
139,13,29400,0,0,1
139,14,29400,0,0,1
139,15,29400,0,0,1
140,0,20747,376.4868955,601,3
140,1,29167,218.7842796,357,2
140,2,29300,0,0,1
140,3,29300,0,0,1
140,4,29300,0,0,1
140,5,29300,0,0,1
140,6,29300,0,0,1
140,7,29300,0,0,1
140,8,29300,0,0,1
140,9,29300,0,0,1
140,10,29300,0,0,1
140,11,29300,0,0,1
140,12,29300,0,0,1
140,13,29300,0,0,1
140,14,29300,0,0,1
140,15,29300,0,0,1
141,0,21765,409.7857093,764,3
141,1,29324,134.0738095,196,3
141,2,29400,0,0,1
141,3,29400,0,0,1
141,4,29400,0,0,1
141,5,29400,0,0,1
141,6,29400,0,0,1
141,7,29400,0,0,1
141,8,29400,0,0,1
141,9,29400,0,0,1
141,10,29400,0,0,1
141,11,29400,0,0,1
141,12,29400,0,0,1
141,13,29400,0,0,1
141,14,29400,0,0,1
141,15,29400,0,0,1
142,0,20764,485.8064294,752,3
142,1,29137,22.59468354,12,2
142,2,29400,1.98,1,2
142,3,29400,0,0,1
142,4,29400,0,0,1
142,5,29400,0,0,1
142,6,29400,0,0,1
142,7,29400,0,0,1
142,8,29400,0,0,1
142,9,29400,0,0,1
142,10,29400,0,0,1
142,11,29400,0,0,1
142,12,29400,0,0,1
142,13,29400,0,0,1
142,14,29400,0,0,1
142,15,29400,0,0,1
143,0,22555,714.6376148,994,3
143,1,29475,219.8415901,308,4
143,2,29500,0,0,1
143,3,29500,0,0,1
143,4,29500,0,0,1
143,5,29500,0,0,1
143,6,29500,0,0,1
143,7,29500,0,0,1
143,8,29500,0,0,1
143,9,29500,0,0,1
143,10,29500,0,0,1
143,11,29500,0,0,1
143,12,29500,0,0,1
143,13,29500,0,0,1
143,14,29500,0,0,1
143,15,29500,0,0,1
144,0,20040,396.1625976,658,3
144,1,29315,232.6957299,184,2
144,2,29500,0,0,1
144,3,29500,0,0,1
144,4,29500,0,0,1
144,5,29500,0,0,1
144,6,29500,0,0,1
144,7,29500,0,0,1
144,8,29500,0,0,1
144,9,29500,0,0,1
144,10,29500,0,0,1
144,11,29500,0,0,1
144,12,29500,0,0,1
144,13,29500,0,0,1
144,14,29500,0,0,1
144,15,29500,0,0,1
145,0,19677,518.6630005,856,4
145,1,28786,124.3644298,290,3
145,2,29200,7.84,4,2
145,3,29200,0,0,1
145,4,29200,0,0,1
145,5,29200,0,0,1
145,6,29200,0,0,1
145,7,29200,0,0,1
145,8,29200,0,0,1
145,9,29200,0,0,1
145,10,29200,0,0,1
145,11,29200,0,0,1
145,12,29200,0,0,1
145,13,29200,0,0,1
145,14,29200,0,0,1
145,15,29200,0,0,1
146,0,22646,475.5965816,688,3
146,1,29427,218.969445,289,2
146,2,29500,57.6,50,2
146,3,29500,1.98,1,2
146,4,29500,0,0,1
146,5,29500,0,0,1
146,6,29500,0,0,1
146,7,29500,0,0,1
146,8,29500,0,0,1
146,9,29500,0,0,1
146,10,29500,0,0,1
146,11,29500,0,0,1
146,12,29500,0,0,1
146,13,29500,0,0,1
146,14,29500,0,0,1
146,15,29500,0,0,1
147,0,20359,464.7448162,1099,3
147,1,29103,286.1932449,390,3
147,2,29300,18,90,2
147,3,29300,0,0,1
147,4,29300,0,0,1
147,5,29300,0,0,1
147,6,29300,0,0,1
147,7,29300,0,0,1
147,8,29300,0,0,1
147,9,29300,0,0,1
147,10,29300,0,0,1
147,11,29300,0,0,1
147,12,29300,0,0,1
147,13,29300,0,0,1
147,14,29300,0,0,1
147,15,29300,0,0,1
148,0,20180,297.0420243,449,3
148,1,29251,238.8415473,270,3
148,2,29400,0,0,1
148,3,29400,0,0,1
148,4,29400,0,0,1
148,5,29400,0,0,1
148,6,29400,0,0,1
148,7,29400,0,0,1
148,8,29400,0,0,1
148,9,29400,0,0,1
148,10,29400,0,0,1
148,11,29400,0,0,1
148,12,29400,0,0,1
148,13,29400,0,0,1
148,14,29400,0,0,1
148,15,29400,0,0,1
149,0,22439,396.3483872,977,3
149,1,29415,231.8734256,377,3
149,2,29500,5.82,3,2
149,3,29500,0,0,1
149,4,29500,0,0,1
149,5,29500,0,0,1
149,6,29500,0,0,1
149,7,29500,0,0,1
149,8,29500,0,0,1
149,9,29500,0,0,1
149,10,29500,0,0,1
149,11,29500,0,0,1
149,12,29500,0,0,1
149,13,29500,0,0,1
149,14,29500,0,0,1
149,15,29500,0,0,1
150,0,20077,520.3889276,702,2
150,1,29087,272.7133692,316,3
150,2,29200,0,0,1
150,3,29200,0,0,1
150,4,29200,0,0,1
150,5,29200,0,0,1
150,6,29200,0,0,1
150,7,29200,0,0,1
150,8,29200,0,0,1
150,9,29200,0,0,1
150,10,29200,0,0,1
150,11,29200,0,0,1
150,12,29200,0,0,1
150,13,29200,0,0,1
150,14,29200,0,0,1
150,15,29200,0,0,1
151,0,21331,499.4098284,1013,3
151,1,29273,186.0382383,281,3
151,2,29500,14.72,92,2
151,3,29500,0,0,1
151,4,29500,0,0,1
151,5,29500,0,0,1
151,6,29500,0,0,1
151,7,29500,0,0,1
151,8,29500,0,0,1
151,9,29500,0,0,1
151,10,29500,0,0,1
151,11,29500,0,0,1
151,12,29500,0,0,1
151,13,29500,0,0,1
151,14,29500,0,0,1
151,15,29500,0,0,1
152,0,20560,471.6284972,750,4
152,1,29077,115.8221277,158,2
152,2,29200,0,0,1
152,3,29200,0,0,1
152,4,29200,0,0,1
152,5,29200,0,0,1
152,6,29200,0,0,1
152,7,29200,0,0,1
152,8,29200,0,0,1
152,9,29200,0,0,1
152,10,29200,0,0,1
152,11,29200,0,0,1
152,12,29200,0,0,1
152,13,29200,0,0,1
152,14,29200,0,0,1
152,15,29200,0,0,1
153,0,22606,539.2601822,842,4
153,1,29092,88.22322581,70,3
153,2,29200,33.18,21,2
153,3,29200,0,0,1
153,4,29200,0,0,1
153,5,29200,0,0,1
153,6,29200,0,0,1
153,7,29200,0,0,1
153,8,29200,0,0,1
153,9,29200,0,0,1
153,10,29200,0,0,1
153,11,29200,0,0,1
153,12,29200,0,0,1
153,13,29200,0,0,1
153,14,29200,0,0,1
153,15,29200,0,0,1
154,0,20532,421.5056783,744,3
154,1,29239,259.5167677,355,3
154,2,29400,0,0,1
154,3,29400,0,0,1
154,4,29400,0,0,1
154,5,29400,0,0,1
154,6,29400,0,0,1
154,7,29400,0,0,1
154,8,29400,0,0,1
154,9,29400,0,0,1
154,10,29400,0,0,1
154,11,29400,0,0,1
154,12,29400,0,0,1
154,13,29400,0,0,1
154,14,29400,0,0,1
154,15,29400,0,0,1
155,0,21074,485.3727521,932,3
155,1,29188,373.3848391,536,2
155,2,29500,0,0,1
155,3,29500,0,0,1
155,4,29500,0,0,1
155,5,29500,0,0,1
155,6,29500,0,0,1
155,7,29500,0,0,1
155,8,29500,0,0,1
155,9,29500,0,0,1
155,10,29500,0,0,1
155,11,29500,0,0,1
155,12,29500,0,0,1
155,13,29500,0,0,1
155,14,29500,0,0,1
155,15,29500,0,0,1
156,0,21958,351.9132578,713,3
156,1,29588,141.3161702,208,3
156,2,29600,1.98,1,2
156,3,29600,0,0,1
156,4,29600,0,0,1
156,5,29600,0,0,1
156,6,29600,0,0,1
156,7,29600,0,0,1
156,8,29600,0,0,1
156,9,29600,0,0,1
156,10,29600,0,0,1
156,11,29600,0,0,1
156,12,29600,0,0,1
156,13,29600,0,0,1
156,14,29600,0,0,1
156,15,29600,0,0,1
157,0,20824,380.5892793,564,4
157,1,29105,160.163137,373,2
157,2,29300,0,0,1
157,3,29300,0,0,1
157,4,29300,0,0,1
157,5,29300,0,0,1
157,6,29300,0,0,1
157,7,29300,0,0,1
157,8,29300,0,0,1
157,9,29300,0,0,1
157,10,29300,0,0,1
157,11,29300,0,0,1
157,12,29300,0,0,1
157,13,29300,0,0,1
157,14,29300,0,0,1
157,15,29300,0,0,1
158,0,21955,313.1201305,802,4
158,1,29146,83.96,110,2
158,2,29300,0,0,1
158,3,29300,0,0,1
158,4,29300,0,0,1
158,5,29300,0,0,1
158,6,29300,0,0,1
158,7,29300,0,0,1
158,8,29300,0,0,1
158,9,29300,0,0,1
158,10,29300,0,0,1
158,11,29300,0,0,1
158,12,29300,0,0,1
158,13,29300,0,0,1
158,14,29300,0,0,1
158,15,29300,0,0,1
159,0,20876,432.0933116,669,3
159,1,29146,195.9917909,292,3
159,2,29400,58.04,110,2
159,3,29400,22.62,87,2
159,4,29400,0,0,1
159,5,29400,0,0,1
159,6,29400,0,0,1
159,7,29400,0,0,1
159,8,29400,0,0,1
159,9,29400,0,0,1
159,10,29400,0,0,1
159,11,29400,0,0,1
159,12,29400,0,0,1
159,13,29400,0,0,1
159,14,29400,0,0,1
159,15,29400,0,0,1
160,0,20934,195.5225897,490,3
160,1,29106,43.68585859,24,2
160,2,29200,0,0,1
160,3,29200,0,0,1
160,4,29200,0,0,1
160,5,29200,0,0,1
160,6,29200,0,0,1
160,7,29200,0,0,1
160,8,29200,0,0,1
160,9,29200,0,0,1
160,10,29200,0,0,1
160,11,29200,0,0,1
160,12,29200,0,0,1
160,13,29200,0,0,1
160,14,29200,0,0,1
160,15,29200,0,0,1
161,0,21179,429.9282487,593,3
161,1,29318,126.0201297,89,2
161,2,29600,52.94,59,2
161,3,29600,0,0,1
161,4,29600,0,0,1
161,5,29600,0,0,1
161,6,29600,0,0,1
161,7,29600,0,0,1
161,8,29600,0,0,1
161,9,29600,0,0,1
161,10,29600,0,0,1
161,11,29600,0,0,1
161,12,29600,0,0,1
161,13,29600,0,0,1
161,14,29600,0,0,1
161,15,29600,0,0,1
162,0,20497,396.0253313,601,3
162,1,29055,267.0103665,243,2
162,2,29299,47.48,36,2
162,3,29300,0,0,1
162,4,29300,0,0,1
162,5,29300,0,0,1
162,6,29300,0,0,1
162,7,29300,0,0,1
162,8,29300,0,0,1
162,9,29300,0,0,1
162,10,29300,0,0,1
162,11,29300,0,0,1
162,12,29300,0,0,1
162,13,29300,0,0,1
162,14,29300,0,0,1
162,15,29300,0,0,1
163,0,21186,757.5730417,1347,4
163,1,29306,140.9698619,246,3
163,2,29495,9.575757576,5,3
163,3,29500,0,0,1
163,4,29500,0,0,1
163,5,29500,0,0,1
163,6,29500,0,0,1
163,7,29500,0,0,1
163,8,29500,0,0,1
163,9,29500,0,0,1
163,10,29500,0,0,1
163,11,29500,0,0,1
163,12,29500,0,0,1
163,13,29500,0,0,1
163,14,29500,0,0,1
163,15,29500,0,0,1
164,0,21346,646.5474478,1023,4
164,1,29327,143.2366667,114,2
164,2,29499,3.92,2,2
164,3,29500,0,0,1
164,4,29500,0,0,1
164,5,29500,0,0,1
164,6,29500,0,0,1
164,7,29500,0,0,1
164,8,29500,0,0,1
164,9,29500,0,0,1
164,10,29500,0,0,1
164,11,29500,0,0,1
164,12,29500,0,0,1
164,13,29500,0,0,1
164,14,29500,0,0,1
164,15,29500,0,0,1
165,0,20911,434.6356314,836,3
165,1,29401,388.8862915,339,2
165,2,29500,55.26,65,2
165,3,29500,0,0,1
165,4,29500,0,0,1
165,5,29500,0,0,1
165,6,29500,0,0,1
165,7,29500,0,0,1
165,8,29500,0,0,1
165,9,29500,0,0,1
165,10,29500,0,0,1
165,11,29500,0,0,1
165,12,29500,0,0,1
165,13,29500,0,0,1
165,14,29500,0,0,1
165,15,29500,0,0,1
166,0,20189,450.3422933,930,4
166,1,29033,225.2204329,259,2
166,2,29200,75.5,93,2
166,3,29200,0,0,1
166,4,29200,0,0,1
166,5,29200,0,0,1
166,6,29200,0,0,1
166,7,29200,0,0,1
166,8,29200,0,0,1
166,9,29200,0,0,1
166,10,29200,0,0,1
166,11,29200,0,0,1
166,12,29200,0,0,1
166,13,29200,0,0,1
166,14,29200,0,0,1
166,15,29200,0,0,1
167,0,21281,519.0996657,859,4
167,1,29247,265.2874853,300,3
167,2,29400,93.78,107,2
167,3,29400,0,0,1
167,4,29400,0,0,1
167,5,29400,0,0,1
167,6,29400,0,0,1
167,7,29400,0,0,1
167,8,29400,0,0,1
167,9,29400,0,0,1
167,10,29400,0,0,1
167,11,29400,0,0,1
167,12,29400,0,0,1
167,13,29400,0,0,1
167,14,29400,0,0,1
167,15,29400,0,0,1
168,0,22089,511.5091374,919,3
168,1,29261,259.005968,213,2
168,2,29400,21.12,12,2
168,3,29400,0,0,1
168,4,29400,0,0,1
168,5,29400,0,0,1
168,6,29400,0,0,1
168,7,29400,0,0,1
168,8,29400,0,0,1
168,9,29400,0,0,1
168,10,29400,0,0,1
168,11,29400,0,0,1
168,12,29400,0,0,1
168,13,29400,0,0,1
168,14,29400,0,0,1
168,15,29400,0,0,1
169,0,20854,439.4416962,602,3
169,1,29341,98.95346939,62,2
169,2,29500,32,20,2
169,3,29500,0,0,1
169,4,29500,0,0,1
169,5,29500,0,0,1
169,6,29500,0,0,1
169,7,29500,0,0,1
169,8,29500,0,0,1
169,9,29500,0,0,1
169,10,29500,0,0,1
169,11,29500,0,0,1
169,12,29500,0,0,1
169,13,29500,0,0,1
169,14,29500,0,0,1
169,15,29500,0,0,1
170,0,19821,627.2159876,881,4
170,1,29283,224.0166692,273,3
170,2,29398,26.88,84,2
170,3,29400,1.98,1,2
170,4,29400,0,0,1
170,5,29400,0,0,1
170,6,29400,0,0,1
170,7,29400,0,0,1
170,8,29400,0,0,1
170,9,29400,0,0,1
170,10,29400,0,0,1
170,11,29400,0,0,1
170,12,29400,0,0,1
170,13,29400,0,0,1
170,14,29400,0,0,1
170,15,29400,0,0,1
171,0,20987,552.9017601,836,3
171,1,29296,193.6254545,220,3
171,2,29498,0,0,1
171,3,29500,0,0,1
171,4,29500,0,0,1
171,5,29500,0,0,1
171,6,29500,0,0,1
171,7,29500,0,0,1
171,8,29500,0,0,1
171,9,29500,0,0,1
171,10,29500,0,0,1
171,11,29500,0,0,1
171,12,29500,0,0,1
171,13,29500,0,0,1
171,14,29500,0,0,1
171,15,29500,0,0,1
172,0,21341,364.9337322,489,3
172,1,29288,243.9810753,192,4
172,2,29500,46.7,33,2
172,3,29500,3.92,2,2
172,4,29500,0,0,1
172,5,29500,0,0,1
172,6,29500,0,0,1
172,7,29500,0,0,1
172,8,29500,0,0,1
172,9,29500,0,0,1
172,10,29500,0,0,1
172,11,29500,0,0,1
172,12,29500,0,0,1
172,13,29500,0,0,1
172,14,29500,0,0,1
172,15,29500,0,0,1
173,0,21822,383.5315286,510,4
173,1,28919,285.3432639,300,2
173,2,29097,1.98,1,2
173,3,29100,0,0,1
173,4,29100,0,0,1
173,5,29100,0,0,1
173,6,29100,0,0,1
173,7,29100,0,0,1
173,8,29100,0,0,1
173,9,29100,0,0,1
173,10,29100,0,0,1
173,11,29100,0,0,1
173,12,29100,0,0,1
173,13,29100,0,0,1
173,14,29100,0,0,1
173,15,29100,0,0,1
174,0,21200,378.6838797,391,3
174,1,29075,432.8462956,650,2
174,2,29299,13.26,7,2
174,3,29300,0,0,1
174,4,29300,0,0,1
174,5,29300,0,0,1
174,6,29300,0,0,1
174,7,29300,0,0,1
174,8,29300,0,0,1
174,9,29300,0,0,1
174,10,29300,0,0,1
174,11,29300,0,0,1
174,12,29300,0,0,1
174,13,29300,0,0,1
174,14,29300,0,0,1
174,15,29300,0,0,1
175,0,22203,378.8024023,608,3
175,1,28963,101.0306915,149,2
175,2,29199,5.9,3,2
175,3,29200,0,0,1
175,4,29200,0,0,1
175,5,29200,0,0,1
175,6,29200,0,0,1
175,7,29200,0,0,1
175,8,29200,0,0,1
175,9,29200,0,0,1
175,10,29200,0,0,1
175,11,29200,0,0,1
175,12,29200,0,0,1
175,13,29200,0,0,1
175,14,29200,0,0,1
175,15,29200,0,0,1
176,0,20998,285.4003243,697,3
176,1,29110,236.7987506,273,3
176,2,29199,48.38,59,2
176,3,29200,0,0,1
176,4,29200,0,0,1
176,5,29200,0,0,1
176,6,29200,0,0,1
176,7,29200,0,0,1
176,8,29200,0,0,1
176,9,29200,0,0,1
176,10,29200,0,0,1
176,11,29200,0,0,1
176,12,29200,0,0,1
176,13,29200,0,0,1
176,14,29200,0,0,1
176,15,29200,0,0,1
177,0,20759,577.4180425,936,4
177,1,29333,216.86,229,3
177,2,29500,0,0,1
177,3,29500,0,0,1
177,4,29500,0,0,1
177,5,29500,0,0,1
177,6,29500,0,0,1
177,7,29500,0,0,1
177,8,29500,0,0,1
177,9,29500,0,0,1
177,10,29500,0,0,1
177,11,29500,0,0,1
177,12,29500,0,0,1
177,13,29500,0,0,1
177,14,29500,0,0,1
177,15,29500,0,0,1
178,0,22966,334.9689564,640,5
178,1,29510,110.774058,202,2
178,2,29600,0,0,1
178,3,29600,0,0,1
178,4,29600,0,0,1
178,5,29600,0,0,1
178,6,29600,0,0,1
178,7,29600,0,0,1
178,8,29600,0,0,1
178,9,29600,0,0,1
178,10,29600,0,0,1
178,11,29600,0,0,1
178,12,29600,0,0,1
178,13,29600,0,0,1
178,14,29600,0,0,1
178,15,29600,0,0,1
179,0,21437,401.5521816,1144,2
179,1,29362,414.3752663,533,3
179,2,29500,58.14,76,3
179,3,29500,0,0,1
179,4,29500,0,0,1
179,5,29500,0,0,1
179,6,29500,0,0,1
179,7,29500,0,0,1
179,8,29500,0,0,1
179,9,29500,0,0,1
179,10,29500,0,0,1
179,11,29500,0,0,1
179,12,29500,0,0,1
179,13,29500,0,0,1
179,14,29500,0,0,1
179,15,29500,0,0,1
180,0,20311,284.1377496,449,3
180,1,28945,315.8720511,366,3
180,2,29200,77.1,53,2
180,3,29200,34.32,22,2
180,4,29200,0,0,1
180,5,29200,0,0,1
180,6,29200,0,0,1
180,7,29200,0,0,1
180,8,29200,0,0,1
180,9,29200,0,0,1
180,10,29200,0,0,1
180,11,29200,0,0,1
180,12,29200,0,0,1
180,13,29200,0,0,1
180,14,29200,0,0,1
180,15,29200,0,0,1
181,0,21202,539.8076111,928,4
181,1,29152,226.5998539,173,2
181,2,29300,0,0,1
181,3,29300,0,0,1
181,4,29300,0,0,1
181,5,29300,0,0,1
181,6,29300,0,0,1
181,7,29300,0,0,1
181,8,29300,0,0,1
181,9,29300,0,0,1
181,10,29300,0,0,1
181,11,29300,0,0,1
181,12,29300,0,0,1
181,13,29300,0,0,1
181,14,29300,0,0,1
181,15,29300,0,0,1
182,0,20149,479.6282156,883,3
182,1,29407,142.82,215,2
182,2,29455,1.963636364,1,2
182,3,29500,0,0,1
182,4,29500,0,0,1
182,5,29500,0,0,1
182,6,29500,0,0,1
182,7,29500,0,0,1
182,8,29500,0,0,1
182,9,29500,0,0,1
182,10,29500,0,0,1
182,11,29500,0,0,1
182,12,29500,0,0,1
182,13,29500,0,0,1
182,14,29500,0,0,1
182,15,29500,0,0,1
183,0,19990,297.7223798,517,3
183,1,29242,90.43587587,54,2
183,2,29300,37.5,25,2
183,3,29300,0,0,1
183,4,29300,0,0,1
183,5,29300,0,0,1
183,6,29300,0,0,1
183,7,29300,0,0,1
183,8,29300,0,0,1
183,9,29300,0,0,1
183,10,29300,0,0,1
183,11,29300,0,0,1
183,12,29300,0,0,1
183,13,29300,0,0,1
183,14,29300,0,0,1
183,15,29300,0,0,1
184,0,20319,440.318766,668,3
184,1,28847,142.7636559,113,2
184,2,29100,5.82,3,2
184,3,29100,0,0,1
184,4,29100,0,0,1
184,5,29100,0,0,1
184,6,29100,0,0,1
184,7,29100,0,0,1
184,8,29100,0,0,1
184,9,29100,0,0,1
184,10,29100,0,0,1
184,11,29100,0,0,1
184,12,29100,0,0,1
184,13,29100,0,0,1
184,14,29100,0,0,1
184,15,29100,0,0,1
185,0,21869,659.0597454,1106,4
185,1,29072,135.2988747,142,2
185,2,29200,9.66,5,2
185,3,29200,0,0,1
185,4,29200,0,0,1
185,5,29200,0,0,1
185,6,29200,0,0,1
185,7,29200,0,0,1
185,8,29200,0,0,1
185,9,29200,0,0,1
185,10,29200,0,0,1
185,11,29200,0,0,1
185,12,29200,0,0,1
185,13,29200,0,0,1
185,14,29200,0,0,1
185,15,29200,0,0,1
186,0,20995,369.6722581,723,3
186,1,29192,86.01108359,181,4
186,2,29400,1.98,1,2
186,3,29400,0,0,1
186,4,29400,0,0,1
186,5,29400,0,0,1
186,6,29400,0,0,1
186,7,29400,0,0,1
186,8,29400,0,0,1
186,9,29400,0,0,1
186,10,29400,0,0,1
186,11,29400,0,0,1
186,12,29400,0,0,1
186,13,29400,0,0,1
186,14,29400,0,0,1
186,15,29400,0,0,1
187,0,20623,551.9285062,878,3
187,1,29361,281.8020202,249,3
187,2,29499,1.98,1,2
187,3,29500,0,0,1
187,4,29500,0,0,1
187,5,29500,0,0,1
187,6,29500,0,0,1
187,7,29500,0,0,1
187,8,29500,0,0,1
187,9,29500,0,0,1
187,10,29500,0,0,1
187,11,29500,0,0,1
187,12,29500,0,0,1
187,13,29500,0,0,1
187,14,29500,0,0,1
187,15,29500,0,0,1
188,0,20490,407.4004031,859,4
188,1,29206,93.78652818,77,2
188,2,29400,1.98,1,2
188,3,29400,0,0,1
188,4,29400,0,0,1
188,5,29400,0,0,1
188,6,29400,0,0,1
188,7,29400,0,0,1
188,8,29400,0,0,1
188,9,29400,0,0,1
188,10,29400,0,0,1
188,11,29400,0,0,1
188,12,29400,0,0,1
188,13,29400,0,0,1
188,14,29400,0,0,1
188,15,29400,0,0,1
189,0,20980,526.5430867,1142,3
189,1,29417,72.24,222,2
189,2,29500,0,0,1
189,3,29500,0,0,1
189,4,29500,0,0,1
189,5,29500,0,0,1
189,6,29500,0,0,1
189,7,29500,0,0,1
189,8,29500,0,0,1
189,9,29500,0,0,1
189,10,29500,0,0,1
189,11,29500,0,0,1
189,12,29500,0,0,1
189,13,29500,0,0,1
189,14,29500,0,0,1
189,15,29500,0,0,1
190,0,21155,610.1253628,669,3
190,1,29273,185.4009091,153,2
190,2,29400,0,0,1
190,3,29400,0,0,1
190,4,29400,0,0,1
190,5,29400,0,0,1
190,6,29400,0,0,1
190,7,29400,0,0,1
190,8,29400,0,0,1
190,9,29400,0,0,1
190,10,29400,0,0,1
190,11,29400,0,0,1
190,12,29400,0,0,1
190,13,29400,0,0,1
190,14,29400,0,0,1
190,15,29400,0,0,1
191,0,20114,612.2236464,1096,3
191,1,29321,257.8228635,304,3
191,2,29500,0,0,1
191,3,29500,0,0,1
191,4,29500,0,0,1
191,5,29500,0,0,1
191,6,29500,0,0,1
191,7,29500,0,0,1
191,8,29500,0,0,1
191,9,29500,0,0,1
191,10,29500,0,0,1
191,11,29500,0,0,1
191,12,29500,0,0,1
191,13,29500,0,0,1
191,14,29500,0,0,1
191,15,29500,0,0,1
192,0,21815,506.6616818,747,4
192,1,29113,193.04,212,2
192,2,29400,0,0,1
192,3,29400,0,0,1
192,4,29400,0,0,1
192,5,29400,0,0,1
192,6,29400,0,0,1
192,7,29400,0,0,1
192,8,29400,0,0,1
192,9,29400,0,0,1
192,10,29400,0,0,1
192,11,29400,0,0,1
192,12,29400,0,0,1
192,13,29400,0,0,1
192,14,29400,0,0,1
192,15,29400,0,0,1
193,0,21826,364.3240812,542,3
193,1,29356,114.1972727,76,2
193,2,29400,5.82,3,2
193,3,29400,0,0,1
193,4,29400,0,0,1
193,5,29400,0,0,1
193,6,29400,0,0,1
193,7,29400,0,0,1
193,8,29400,0,0,1
193,9,29400,0,0,1
193,10,29400,0,0,1
193,11,29400,0,0,1
193,12,29400,0,0,1
193,13,29400,0,0,1
193,14,29400,0,0,1
193,15,29400,0,0,1
194,0,19251,466.3916986,813,3
194,1,29289,175.4781181,240,3
194,2,29500,11.28,6,2
194,3,29500,0,0,1
194,4,29500,0,0,1
194,5,29500,0,0,1
194,6,29500,0,0,1
194,7,29500,0,0,1
194,8,29500,0,0,1
194,9,29500,0,0,1
194,10,29500,0,0,1
194,11,29500,0,0,1
194,12,29500,0,0,1
194,13,29500,0,0,1
194,14,29500,0,0,1
194,15,29500,0,0,1
195,0,20909,417.5945991,768,3
195,1,29480,284.88,475,2
195,2,29500,0,0,1
195,3,29500,0,0,1
195,4,29500,0,0,1
195,5,29500,0,0,1
195,6,29500,0,0,1
195,7,29500,0,0,1
195,8,29500,0,0,1
195,9,29500,0,0,1
195,10,29500,0,0,1
195,11,29500,0,0,1
195,12,29500,0,0,1
195,13,29500,0,0,1
195,14,29500,0,0,1
195,15,29500,0,0,1
196,0,21201,722.5454566,1141,4
196,1,29101,200.6787864,162,2
196,2,29299,65,40,2
196,3,29300,0,0,1
196,4,29300,0,0,1
196,5,29300,0,0,1
196,6,29300,0,0,1
196,7,29300,0,0,1
196,8,29300,0,0,1
196,9,29300,0,0,1
196,10,29300,0,0,1
196,11,29300,0,0,1
196,12,29300,0,0,1
196,13,29300,0,0,1
196,14,29300,0,0,1
196,15,29300,0,0,1
197,0,20018,543.6837267,708,3
197,1,29095,117.8,143,2
197,2,29300,42,30,2
197,3,29300,42,30,2
197,4,29300,0,0,1
197,5,29300,0,0,1
197,6,29300,0,0,1
197,7,29300,0,0,1
197,8,29300,0,0,1
197,9,29300,0,0,1
197,10,29300,0,0,1
197,11,29300,0,0,1
197,12,29300,0,0,1
197,13,29300,0,0,1
197,14,29300,0,0,1
197,15,29300,0,0,1
198,0,20382,418.3688722,609,3
198,1,29225,261.9748936,263,2
198,2,29298,11.26530612,6,2
198,3,29300,0,0,1
198,4,29300,0,0,1
198,5,29300,0,0,1
198,6,29300,0,0,1
198,7,29300,0,0,1
198,8,29300,0,0,1
198,9,29300,0,0,1
198,10,29300,0,0,1
198,11,29300,0,0,1
198,12,29300,0,0,1
198,13,29300,0,0,1
198,14,29300,0,0,1
198,15,29300,0,0,1
199,0,20896,509.495831,742,3
199,1,29366,150.838762,168,3
199,2,29500,3.92,2,2
199,3,29500,0,0,1
199,4,29500,0,0,1
199,5,29500,0,0,1
199,6,29500,0,0,1
199,7,29500,0,0,1
199,8,29500,0,0,1
199,9,29500,0,0,1
199,10,29500,0,0,1
199,11,29500,0,0,1
199,12,29500,0,0,1
199,13,29500,0,0,1
199,14,29500,0,0,1
199,15,29500,0,0,1
200,0,21120,302.2858734,664,3
200,1,29120,104.2381644,267,3
200,2,29200,0,0,1
200,3,29200,0,0,1
200,4,29200,0,0,1
200,5,29200,0,0,1
200,6,29200,0,0,1
200,7,29200,0,0,1
200,8,29200,0,0,1
200,9,29200,0,0,1
200,10,29200,0,0,1
200,11,29200,0,0,1
200,12,29200,0,0,1
200,13,29200,0,0,1
200,14,29200,0,0,1
200,15,29200,0,0,1
201,0,21505,409.6686339,521,3
201,1,29125,280.0144387,358,3
201,2,29200,38.58,21,2
201,3,29200,0,0,1
201,4,29200,0,0,1
201,5,29200,0,0,1
201,6,29200,0,0,1
201,7,29200,0,0,1
201,8,29200,0,0,1
201,9,29200,0,0,1
201,10,29200,0,0,1
201,11,29200,0,0,1
201,12,29200,0,0,1
201,13,29200,0,0,1
201,14,29200,0,0,1
201,15,29200,0,0,1
202,0,20048,321.5934392,534,3
202,1,29150,129.812046,166,2
202,2,29400,0,0,1
202,3,29400,0,0,1
202,4,29400,0,0,1
202,5,29400,0,0,1
202,6,29400,0,0,1
202,7,29400,0,0,1
202,8,29400,0,0,1
202,9,29400,0,0,1
202,10,29400,0,0,1
202,11,29400,0,0,1
202,12,29400,0,0,1
202,13,29400,0,0,1
202,14,29400,0,0,1
202,15,29400,0,0,1
203,0,21313,350.6269189,575,2
203,1,29176,230.9162988,226,2
203,2,29400,46.08,36,2
203,3,29400,0,0,1
203,4,29400,0,0,1
203,5,29400,0,0,1
203,6,29400,0,0,1
203,7,29400,0,0,1
203,8,29400,0,0,1
203,9,29400,0,0,1
203,10,29400,0,0,1
203,11,29400,0,0,1
203,12,29400,0,0,1
203,13,29400,0,0,1
203,14,29400,0,0,1
203,15,29400,0,0,1
204,0,20127,575.8739285,1018,3
204,1,29303,298.1525983,392,3
204,2,29400,3.96,2,2
204,3,29400,0,0,1
204,4,29400,0,0,1
204,5,29400,0,0,1
204,6,29400,0,0,1
204,7,29400,0,0,1
204,8,29400,0,0,1
204,9,29400,0,0,1
204,10,29400,0,0,1
204,11,29400,0,0,1
204,12,29400,0,0,1
204,13,29400,0,0,1
204,14,29400,0,0,1
204,15,29400,0,0,1
205,0,21596,662.8648383,1060,4
205,1,29400,127.4816162,123,2
205,2,29500,42.2,24,2
205,3,29500,0,0,1
205,4,29500,0,0,1
205,5,29500,0,0,1
205,6,29500,0,0,1
205,7,29500,0,0,1
205,8,29500,0,0,1
205,9,29500,0,0,1
205,10,29500,0,0,1
205,11,29500,0,0,1
205,12,29500,0,0,1
205,13,29500,0,0,1
205,14,29500,0,0,1
205,15,29500,0,0,1
206,0,20698,727.335797,1074,4
206,1,29353,149.0475,199,3
206,2,29500,0,0,1
206,3,29500,0,0,1
206,4,29500,0,0,1
206,5,29500,0,0,1
206,6,29500,0,0,1
206,7,29500,0,0,1
206,8,29500,0,0,1
206,9,29500,0,0,1
206,10,29500,0,0,1
206,11,29500,0,0,1
206,12,29500,0,0,1
206,13,29500,0,0,1
206,14,29500,0,0,1
206,15,29500,0,0,1
207,0,21901,338.213372,694,3
207,1,29241,129.7655219,141,3
207,2,29300,0,0,1
207,3,29300,0,0,1
207,4,29300,0,0,1
207,5,29300,0,0,1
207,6,29300,0,0,1
207,7,29300,0,0,1
207,8,29300,0,0,1
207,9,29300,0,0,1
207,10,29300,0,0,1
207,11,29300,0,0,1
207,12,29300,0,0,1
207,13,29300,0,0,1
207,14,29300,0,0,1
207,15,29300,0,0,1
208,0,20580,547.1559419,875,3
208,1,29014,279.8601451,411,3
208,2,29200,42,70,2
208,3,29200,0,0,1
208,4,29200,0,0,1
208,5,29200,0,0,1
208,6,29200,0,0,1
208,7,29200,0,0,1
208,8,29200,0,0,1
208,9,29200,0,0,1
208,10,29200,0,0,1
208,11,29200,0,0,1
208,12,29200,0,0,1
208,13,29200,0,0,1
208,14,29200,0,0,1
208,15,29200,0,0,1
209,0,21449,429.7308397,797,3
209,1,29537,63.37979798,53,2
209,2,29600,11.48,6,2
209,3,29600,0,0,1
209,4,29600,0,0,1
209,5,29600,0,0,1
209,6,29600,0,0,1
209,7,29600,0,0,1
209,8,29600,0,0,1
209,9,29600,0,0,1
209,10,29600,0,0,1
209,11,29600,0,0,1
209,12,29600,0,0,1
209,13,29600,0,0,1
209,14,29600,0,0,1
209,15,29600,0,0,1
210,0,21571,523.1766987,1186,3
210,1,29467,275.845222,320,3
210,2,29500,0,0,1
210,3,29500,0,0,1
210,4,29500,0,0,1
210,5,29500,0,0,1
210,6,29500,0,0,1
210,7,29500,0,0,1
210,8,29500,0,0,1
210,9,29500,0,0,1
210,10,29500,0,0,1
210,11,29500,0,0,1
210,12,29500,0,0,1
210,13,29500,0,0,1
210,14,29500,0,0,1
210,15,29500,0,0,1
211,0,20170,438.7815739,718,3
211,1,28932,242.3058681,178,2
211,2,29199,3.96,2,2
211,3,29200,0,0,1
211,4,29200,0,0,1
211,5,29200,0,0,1
211,6,29200,0,0,1
211,7,29200,0,0,1
211,8,29200,0,0,1
211,9,29200,0,0,1
211,10,29200,0,0,1
211,11,29200,0,0,1
211,12,29200,0,0,1
211,13,29200,0,0,1
211,14,29200,0,0,1
211,15,29200,0,0,1
212,0,20310,388.228677,433,3
212,1,29305,152.8172638,222,3
212,2,29500,3.92,2,2
212,3,29500,0,0,1
212,4,29500,0,0,1
212,5,29500,0,0,1
212,6,29500,0,0,1
212,7,29500,0,0,1
212,8,29500,0,0,1
212,9,29500,0,0,1
212,10,29500,0,0,1
212,11,29500,0,0,1
212,12,29500,0,0,1
212,13,29500,0,0,1
212,14,29500,0,0,1
212,15,29500,0,0,1
213,0,19915,648.5899775,894,3
213,1,29149,221.5707071,311,2
213,2,29300,5.82,3,2
213,3,29300,0,0,1
213,4,29300,0,0,1
213,5,29300,0,0,1
213,6,29300,0,0,1
213,7,29300,0,0,1
213,8,29300,0,0,1
213,9,29300,0,0,1
213,10,29300,0,0,1
213,11,29300,0,0,1
213,12,29300,0,0,1
213,13,29300,0,0,1
213,14,29300,0,0,1
213,15,29300,0,0,1
214,0,20566,436.5649,655,3
214,1,28993,145.8465351,209,3
214,2,29200,28.22,17,2
214,3,29200,0,0,1
214,4,29200,0,0,1
214,5,29200,0,0,1
214,6,29200,0,0,1
214,7,29200,0,0,1
214,8,29200,0,0,1
214,9,29200,0,0,1
214,10,29200,0,0,1
214,11,29200,0,0,1
214,12,29200,0,0,1
214,13,29200,0,0,1
214,14,29200,0,0,1
214,15,29200,0,0,1
215,0,20921,675.9830051,940,4
215,1,29187,201.9952833,289,2
215,2,29300,11.64,6,2
215,3,29300,0,0,1
215,4,29300,0,0,1
215,5,29300,0,0,1
215,6,29300,0,0,1
215,7,29300,0,0,1
215,8,29300,0,0,1
215,9,29300,0,0,1
215,10,29300,0,0,1
215,11,29300,0,0,1
215,12,29300,0,0,1
215,13,29300,0,0,1
215,14,29300,0,0,1
215,15,29300,0,0,1
216,0,21396,658.3744961,942,4
216,1,28957,265.652877,492,3
216,2,29300,32.12,182,2
216,3,29300,0,0,1
216,4,29300,0,0,1
216,5,29300,0,0,1
216,6,29300,0,0,1
216,7,29300,0,0,1
216,8,29300,0,0,1
216,9,29300,0,0,1
216,10,29300,0,0,1
216,11,29300,0,0,1
216,12,29300,0,0,1
216,13,29300,0,0,1
216,14,29300,0,0,1
216,15,29300,0,0,1
217,0,21311,579.4092013,774,3
217,1,29281,180.9305051,175,3
217,2,29400,140.66,133,2
217,3,29400,0,0,1
217,4,29400,0,0,1
217,5,29400,0,0,1
217,6,29400,0,0,1
217,7,29400,0,0,1
217,8,29400,0,0,1
217,9,29400,0,0,1
217,10,29400,0,0,1
217,11,29400,0,0,1
217,12,29400,0,0,1
217,13,29400,0,0,1
217,14,29400,0,0,1
217,15,29400,0,0,1
218,0,21257,419.0003855,758,5
218,1,29291,337.701414,293,3
218,2,29500,48.38,59,2
218,3,29500,0,0,1
218,4,29500,0,0,1
218,5,29500,0,0,1
218,6,29500,0,0,1
218,7,29500,0,0,1
218,8,29500,0,0,1
218,9,29500,0,0,1
218,10,29500,0,0,1
218,11,29500,0,0,1
218,12,29500,0,0,1
218,13,29500,0,0,1
218,14,29500,0,0,1
218,15,29500,0,0,1
219,0,20315,511.2346388,771,3
219,1,29221,236.4886082,258,2
219,2,29400,0,0,1
219,3,29400,0,0,1
219,4,29400,0,0,1
219,5,29400,0,0,1
219,6,29400,0,0,1
219,7,29400,0,0,1
219,8,29400,0,0,1
219,9,29400,0,0,1
219,10,29400,0,0,1
219,11,29400,0,0,1
219,12,29400,0,0,1
219,13,29400,0,0,1
219,14,29400,0,0,1
219,15,29400,0,0,1
220,0,21670,507.6566995,989,4
220,1,29145,236.2215316,346,3
220,2,29300,0,0,1
220,3,29300,0,0,1
220,4,29300,0,0,1
220,5,29300,0,0,1
220,6,29300,0,0,1
220,7,29300,0,0,1
220,8,29300,0,0,1
220,9,29300,0,0,1
220,10,29300,0,0,1
220,11,29300,0,0,1
220,12,29300,0,0,1
220,13,29300,0,0,1
220,14,29300,0,0,1
220,15,29300,0,0,1
221,0,21502,288.4296682,489,3
221,1,29398,147.5695652,167,2
221,2,29500,0,0,1
221,3,29500,0,0,1
221,4,29500,0,0,1
221,5,29500,0,0,1
221,6,29500,0,0,1
221,7,29500,0,0,1
221,8,29500,0,0,1
221,9,29500,0,0,1
221,10,29500,0,0,1
221,11,29500,0,0,1
221,12,29500,0,0,1
221,13,29500,0,0,1
221,14,29500,0,0,1
221,15,29500,0,0,1
222,0,20617,507.9909665,719,3
222,1,29218,315.6756762,264,2
222,2,29400,28.86,17,2
222,3,29400,0,0,1
222,4,29400,0,0,1
222,5,29400,0,0,1
222,6,29400,0,0,1
222,7,29400,0,0,1
222,8,29400,0,0,1
222,9,29400,0,0,1
222,10,29400,0,0,1
222,11,29400,0,0,1
222,12,29400,0,0,1
222,13,29400,0,0,1
222,14,29400,0,0,1
222,15,29400,0,0,1
223,0,19038,305.7244706,604,3
223,1,29222,276.3728046,341,3
223,2,29466,48.38,59,2
223,3,29500,0,0,1
223,4,29500,0,0,1
223,5,29500,0,0,1
223,6,29500,0,0,1
223,7,29500,0,0,1
223,8,29500,0,0,1
223,9,29500,0,0,1
223,10,29500,0,0,1
223,11,29500,0,0,1
223,12,29500,0,0,1
223,13,29500,0,0,1
223,14,29500,0,0,1
223,15,29500,0,0,1
224,0,21117,660.0586631,1159,5
224,1,29305,291.5377105,473,3
224,2,29600,21.12,12,2
224,3,29600,0,0,1
224,4,29600,0,0,1
224,5,29600,0,0,1
224,6,29600,0,0,1
224,7,29600,0,0,1
224,8,29600,0,0,1
224,9,29600,0,0,1
224,10,29600,0,0,1
224,11,29600,0,0,1
224,12,29600,0,0,1
224,13,29600,0,0,1
224,14,29600,0,0,1
224,15,29600,0,0,1
225,0,20898,619.1038036,1014,3
225,1,29411,225.4858586,296,3
225,2,29600,0,0,1
225,3,29600,0,0,1
225,4,29600,0,0,1
225,5,29600,0,0,1
225,6,29600,0,0,1
225,7,29600,0,0,1
225,8,29600,0,0,1
225,9,29600,0,0,1
225,10,29600,0,0,1
225,11,29600,0,0,1
225,12,29600,0,0,1
225,13,29600,0,0,1
225,14,29600,0,0,1
225,15,29600,0,0,1
226,0,19913,625.7052815,1173,3
226,1,29319,248.9641906,335,3
226,2,29400,0,0,1
226,3,29400,0,0,1
226,4,29400,0,0,1
226,5,29400,0,0,1
226,6,29400,0,0,1
226,7,29400,0,0,1
226,8,29400,0,0,1
226,9,29400,0,0,1
226,10,29400,0,0,1
226,11,29400,0,0,1
226,12,29400,0,0,1
226,13,29400,0,0,1
226,14,29400,0,0,1
226,15,29400,0,0,1
227,0,22314,490.4097128,554,4
227,1,29172,226.6555102,379,2
227,2,29400,14.72,8,2
227,3,29400,0,0,1
227,4,29400,0,0,1
227,5,29400,0,0,1
227,6,29400,0,0,1
227,7,29400,0,0,1
227,8,29400,0,0,1
227,9,29400,0,0,1
227,10,29400,0,0,1
227,11,29400,0,0,1
227,12,29400,0,0,1
227,13,29400,0,0,1
227,14,29400,0,0,1
227,15,29400,0,0,1
228,0,21212,405.2011364,817,4
228,1,29254,176.2527636,134,3
228,2,29499,1.98,1,2
228,3,29500,1.98,1,2
228,4,29500,0,0,1
228,5,29500,0,0,1
228,6,29500,0,0,1
228,7,29500,0,0,1
228,8,29500,0,0,1
228,9,29500,0,0,1
228,10,29500,0,0,1
228,11,29500,0,0,1
228,12,29500,0,0,1
228,13,29500,0,0,1
228,14,29500,0,0,1
228,15,29500,0,0,1
229,0,18966,740.1494514,925,4
229,1,29050,198.3250505,333,2
229,2,29600,11.28,6,2
229,3,29600,0,0,1
229,4,29600,0,0,1
229,5,29600,0,0,1
229,6,29600,0,0,1
229,7,29600,0,0,1
229,8,29600,0,0,1
229,9,29600,0,0,1
229,10,29600,0,0,1
229,11,29600,0,0,1
229,12,29600,0,0,1
229,13,29600,0,0,1
229,14,29600,0,0,1
229,15,29600,0,0,1
230,0,21478,616.6648648,1181,3
230,1,29364,279.6098162,312,3
230,2,29500,0,0,1
230,3,29500,0,0,1
230,4,29500,0,0,1
230,5,29500,0,0,1
230,6,29500,0,0,1
230,7,29500,0,0,1
230,8,29500,0,0,1
230,9,29500,0,0,1
230,10,29500,0,0,1
230,11,29500,0,0,1
230,12,29500,0,0,1
230,13,29500,0,0,1
230,14,29500,0,0,1
230,15,29500,0,0,1
231,0,20297,525.604568,836,3
231,1,28778,149.3878408,194,3
231,2,29092,1.97826087,1,2
231,3,29100,0,0,1
231,4,29100,0,0,1
231,5,29100,0,0,1
231,6,29100,0,0,1
231,7,29100,0,0,1
231,8,29100,0,0,1
231,9,29100,0,0,1
231,10,29100,0,0,1
231,11,29100,0,0,1
231,12,29100,0,0,1
231,13,29100,0,0,1
231,14,29100,0,0,1
231,15,29100,0,0,1
232,0,22078,582.5422445,764,3
232,1,29250,120.1288215,170,2
232,2,29399,48.72,42,2
232,3,29400,0,0,1
232,4,29400,0,0,1
232,5,29400,0,0,1
232,6,29400,0,0,1
232,7,29400,0,0,1
232,8,29400,0,0,1
232,9,29400,0,0,1
232,10,29400,0,0,1
232,11,29400,0,0,1
232,12,29400,0,0,1
232,13,29400,0,0,1
232,14,29400,0,0,1
232,15,29400,0,0,1
233,0,19778,450.6698499,743,3
233,1,29195,220.5301063,331,2
233,2,29400,39.42,27,2
233,3,29400,0,0,1
233,4,29400,0,0,1
233,5,29400,0,0,1
233,6,29400,0,0,1
233,7,29400,0,0,1
233,8,29400,0,0,1
233,9,29400,0,0,1
233,10,29400,0,0,1
233,11,29400,0,0,1
233,12,29400,0,0,1
233,13,29400,0,0,1
233,14,29400,0,0,1
233,15,29400,0,0,1
234,0,22460,428.535785,697,3
234,1,29438,36.2755102,177,2
234,2,29500,26.88,84,2
234,3,29500,0,0,1
234,4,29500,0,0,1
234,5,29500,0,0,1
234,6,29500,0,0,1
234,7,29500,0,0,1
234,8,29500,0,0,1
234,9,29500,0,0,1
234,10,29500,0,0,1
234,11,29500,0,0,1
234,12,29500,0,0,1
234,13,29500,0,0,1
234,14,29500,0,0,1
234,15,29500,0,0,1
235,0,20091,517.9318677,878,3
235,1,29233,370.3779963,688,2
235,2,29500,0,0,1
235,3,29500,0,0,1
235,4,29500,0,0,1
235,5,29500,0,0,1
235,6,29500,0,0,1
235,7,29500,0,0,1
235,8,29500,0,0,1
235,9,29500,0,0,1
235,10,29500,0,0,1
235,11,29500,0,0,1
235,12,29500,0,0,1
235,13,29500,0,0,1
235,14,29500,0,0,1
235,15,29500,0,0,1
236,0,21721,372.8906786,584,3
236,1,29467,326.955597,449,2
236,2,29600,0,0,1
236,3,29600,0,0,1
236,4,29600,0,0,1
236,5,29600,0,0,1
236,6,29600,0,0,1
236,7,29600,0,0,1
236,8,29600,0,0,1
236,9,29600,0,0,1
236,10,29600,0,0,1
236,11,29600,0,0,1
236,12,29600,0,0,1
236,13,29600,0,0,1
236,14,29600,0,0,1
236,15,29600,0,0,1
237,0,20884,461.7356188,693,4
237,1,28895,106.6553337,255,2
237,2,29200,85.24,124,2
237,3,29200,0,0,1
237,4,29200,0,0,1
237,5,29200,0,0,1
237,6,29200,0,0,1
237,7,29200,0,0,1
237,8,29200,0,0,1
237,9,29200,0,0,1
237,10,29200,0,0,1
237,11,29200,0,0,1
237,12,29200,0,0,1
237,13,29200,0,0,1
237,14,29200,0,0,1
237,15,29200,0,0,1
238,0,21646,657.7343604,941,3
238,1,29040,154.0087429,121,2
238,2,29300,0,0,1
238,3,29300,0,0,1
238,4,29300,0,0,1
238,5,29300,0,0,1
238,6,29300,0,0,1
238,7,29300,0,0,1
238,8,29300,0,0,1
238,9,29300,0,0,1
238,10,29300,0,0,1
238,11,29300,0,0,1
238,12,29300,0,0,1
238,13,29300,0,0,1
238,14,29300,0,0,1
238,15,29300,0,0,1
239,0,21710,511.353581,978,3
239,1,29079,265.1784615,403,2
239,2,29200,0,0,1
239,3,29200,0,0,1
239,4,29200,0,0,1
239,5,29200,0,0,1
239,6,29200,0,0,1
239,7,29200,0,0,1
239,8,29200,0,0,1
239,9,29200,0,0,1
239,10,29200,0,0,1
239,11,29200,0,0,1
239,12,29200,0,0,1
239,13,29200,0,0,1
239,14,29200,0,0,1
239,15,29200,0,0,1
240,0,19996,206.3855433,386,3
240,1,28844,154.7716963,281,2
240,2,29200,29.52,18,2
240,3,29200,0,0,1
240,4,29200,0,0,1
240,5,29200,0,0,1
240,6,29200,0,0,1
240,7,29200,0,0,1
240,8,29200,0,0,1
240,9,29200,0,0,1
240,10,29200,0,0,1
240,11,29200,0,0,1
240,12,29200,0,0,1
240,13,29200,0,0,1
240,14,29200,0,0,1
240,15,29200,0,0,1
241,0,21422,464.6330989,937,4
241,1,29193,262.8955556,387,3
241,2,29400,72.08,126,2
241,3,29400,48,40,2
241,4,29400,0,0,1
241,5,29400,0,0,1
241,6,29400,0,0,1
241,7,29400,0,0,1
241,8,29400,0,0,1
241,9,29400,0,0,1
241,10,29400,0,0,1
241,11,29400,0,0,1
241,12,29400,0,0,1
241,13,29400,0,0,1
241,14,29400,0,0,1
241,15,29400,0,0,1
242,0,20339,330.5371532,752,3
242,1,28988,164.9365657,233,2
242,2,29200,0,0,1
242,3,29200,0,0,1
242,4,29200,0,0,1
242,5,29200,0,0,1
242,6,29200,0,0,1
242,7,29200,0,0,1
242,8,29200,0,0,1
242,9,29200,0,0,1
242,10,29200,0,0,1
242,11,29200,0,0,1
242,12,29200,0,0,1
242,13,29200,0,0,1
242,14,29200,0,0,1
242,15,29200,0,0,1
243,0,20456,652.9024913,936,4
243,1,29243,155.9163132,190,2
243,2,29300,0,0,1
243,3,29300,0,0,1
243,4,29300,0,0,1
243,5,29300,0,0,1
243,6,29300,0,0,1
243,7,29300,0,0,1
243,8,29300,0,0,1
243,9,29300,0,0,1
243,10,29300,0,0,1
243,11,29300,0,0,1
243,12,29300,0,0,1
243,13,29300,0,0,1
243,14,29300,0,0,1
243,15,29300,0,0,1
244,0,21441,277.3778645,690,3
244,1,29503,279.7565396,287,3
244,2,29600,7.68,4,2
244,3,29600,0,0,1
244,4,29600,0,0,1
244,5,29600,0,0,1
244,6,29600,0,0,1
244,7,29600,0,0,1
244,8,29600,0,0,1
244,9,29600,0,0,1
244,10,29600,0,0,1
244,11,29600,0,0,1
244,12,29600,0,0,1
244,13,29600,0,0,1
244,14,29600,0,0,1
244,15,29600,0,0,1
245,0,22218,394.1128869,534,3
245,1,29159,185.2371522,208,3
245,2,29300,0,0,1
245,3,29300,0,0,1
245,4,29300,0,0,1
245,5,29300,0,0,1
245,6,29300,0,0,1
245,7,29300,0,0,1
245,8,29300,0,0,1
245,9,29300,0,0,1
245,10,29300,0,0,1
245,11,29300,0,0,1
245,12,29300,0,0,1
245,13,29300,0,0,1
245,14,29300,0,0,1
245,15,29300,0,0,1
246,0,21020,563.2521398,889,4
246,1,29229,279.1501811,276,2
246,2,29400,0,0,1
246,3,29400,0,0,1
246,4,29400,0,0,1
246,5,29400,0,0,1
246,6,29400,0,0,1
246,7,29400,0,0,1
246,8,29400,0,0,1
246,9,29400,0,0,1
246,10,29400,0,0,1
246,11,29400,0,0,1
246,12,29400,0,0,1
246,13,29400,0,0,1
246,14,29400,0,0,1
246,15,29400,0,0,1
247,0,21042,334.8797827,608,3
247,1,29183,212.0225624,294,3
247,2,29500,0,0,1
247,3,29500,0,0,1
247,4,29500,0,0,1
247,5,29500,0,0,1
247,6,29500,0,0,1
247,7,29500,0,0,1
247,8,29500,0,0,1
247,9,29500,0,0,1
247,10,29500,0,0,1
247,11,29500,0,0,1
247,12,29500,0,0,1
247,13,29500,0,0,1
247,14,29500,0,0,1
247,15,29500,0,0,1
248,0,20451,703.1008128,1214,4
248,1,29251,276.1102449,276,2
248,2,29400,0,0,1
248,3,29400,0,0,1
248,4,29400,0,0,1
248,5,29400,0,0,1
248,6,29400,0,0,1
248,7,29400,0,0,1
248,8,29400,0,0,1
248,9,29400,0,0,1
248,10,29400,0,0,1
248,11,29400,0,0,1
248,12,29400,0,0,1
248,13,29400,0,0,1
248,14,29400,0,0,1
248,15,29400,0,0,1
249,0,20233,483.8081377,888,3
249,1,29327,368.1828571,436,2
249,2,29500,82.94,105,2
249,3,29500,0,0,1
249,4,29500,0,0,1
249,5,29500,0,0,1
249,6,29500,0,0,1
249,7,29500,0,0,1
249,8,29500,0,0,1
249,9,29500,0,0,1
249,10,29500,0,0,1
249,11,29500,0,0,1
249,12,29500,0,0,1
249,13,29500,0,0,1
249,14,29500,0,0,1
249,15,29500,0,0,1
250,0,21260,455.9421373,799,3
250,1,29262,134.3106818,91,2
250,2,29300,1.98,1,2
250,3,29300,0,0,1
250,4,29300,0,0,1
250,5,29300,0,0,1
250,6,29300,0,0,1
250,7,29300,0,0,1
250,8,29300,0,0,1
250,9,29300,0,0,1
250,10,29300,0,0,1
250,11,29300,0,0,1
250,12,29300,0,0,1
250,13,29300,0,0,1
250,14,29300,0,0,1
250,15,29300,0,0,1
251,0,21726,386.2020954,466,4
251,1,29495,70.79959184,190,2
251,2,29500,1.98,1,2
251,3,29500,0,0,1
251,4,29500,0,0,1
251,5,29500,0,0,1
251,6,29500,0,0,1
251,7,29500,0,0,1
251,8,29500,0,0,1
251,9,29500,0,0,1
251,10,29500,0,0,1
251,11,29500,0,0,1
251,12,29500,0,0,1
251,13,29500,0,0,1
251,14,29500,0,0,1
251,15,29500,0,0,1
252,0,19571,368.1850566,492,3
252,1,29540,158.74,159,2
252,2,29600,0,0,1
252,3,29600,0,0,1
252,4,29600,0,0,1
252,5,29600,0,0,1
252,6,29600,0,0,1
252,7,29600,0,0,1
252,8,29600,0,0,1
252,9,29600,0,0,1
252,10,29600,0,0,1
252,11,29600,0,0,1
252,12,29600,0,0,1
252,13,29600,0,0,1
252,14,29600,0,0,1
252,15,29600,0,0,1
253,0,21459,291.1313697,660,3
253,1,29206,164.2002269,168,3
253,2,29400,0,0,1
253,3,29400,0,0,1
253,4,29400,0,0,1
253,5,29400,0,0,1
253,6,29400,0,0,1
253,7,29400,0,0,1
253,8,29400,0,0,1
253,9,29400,0,0,1
253,10,29400,0,0,1
253,11,29400,0,0,1
253,12,29400,0,0,1
253,13,29400,0,0,1
253,14,29400,0,0,1
253,15,29400,0,0,1
254,0,19603,632.5431334,1346,3
254,1,29263,190.4059025,155,3
254,2,29400,0,0,1
254,3,29400,0,0,1
254,4,29400,0,0,1
254,5,29400,0,0,1
254,6,29400,0,0,1
254,7,29400,0,0,1
254,8,29400,0,0,1
254,9,29400,0,0,1
254,10,29400,0,0,1
254,11,29400,0,0,1
254,12,29400,0,0,1
254,13,29400,0,0,1
254,14,29400,0,0,1
254,15,29400,0,0,1
255,0,20245,500.9533768,697,3
255,1,29152,197.2078994,151,3
255,2,29400,0,0,1
255,3,29400,0,0,1
255,4,29400,0,0,1
255,5,29400,0,0,1
255,6,29400,0,0,1
255,7,29400,0,0,1
255,8,29400,0,0,1
255,9,29400,0,0,1
255,10,29400,0,0,1
255,11,29400,0,0,1
255,12,29400,0,0,1
255,13,29400,0,0,1
255,14,29400,0,0,1
255,15,29400,0,0,1
256,0,21175,503.6536958,921,3
256,1,29126,332.6294382,297,2
256,2,29200,68,60,2
256,3,29200,0,0,1
256,4,29200,0,0,1
256,5,29200,0,0,1
256,6,29200,0,0,1
256,7,29200,0,0,1
256,8,29200,0,0,1
256,9,29200,0,0,1
256,10,29200,0,0,1
256,11,29200,0,0,1
256,12,29200,0,0,1
256,13,29200,0,0,1
256,14,29200,0,0,1
256,15,29200,0,0,1
257,0,20791,407.6302426,935,4
257,1,29199,351.076991,447,2
257,2,29400,47.58,39,2
257,3,29400,0,0,1
257,4,29400,0,0,1
257,5,29400,0,0,1
257,6,29400,0,0,1
257,7,29400,0,0,1
257,8,29400,0,0,1
257,9,29400,0,0,1
257,10,29400,0,0,1
257,11,29400,0,0,1
257,12,29400,0,0,1
257,13,29400,0,0,1
257,14,29400,0,0,1
257,15,29400,0,0,1
258,0,20929,404.7177519,859,3
258,1,29084,227.2004517,402,3
258,2,29400,27.66,16,3
258,3,29400,0,0,1
258,4,29400,0,0,1
258,5,29400,0,0,1
258,6,29400,0,0,1
258,7,29400,0,0,1
258,8,29400,0,0,1
258,9,29400,0,0,1
258,10,29400,0,0,1
258,11,29400,0,0,1
258,12,29400,0,0,1
258,13,29400,0,0,1
258,14,29400,0,0,1
258,15,29400,0,0,1
259,0,21578,421.0244192,515,4
259,1,29390,165.924674,108,3
259,2,29500,22.62,13,2
259,3,29500,0,0,1
259,4,29500,0,0,1
259,5,29500,0,0,1
259,6,29500,0,0,1
259,7,29500,0,0,1
259,8,29500,0,0,1
259,9,29500,0,0,1
259,10,29500,0,0,1
259,11,29500,0,0,1
259,12,29500,0,0,1
259,13,29500,0,0,1
259,14,29500,0,0,1
259,15,29500,0,0,1
260,0,20435,527.4798696,725,4
260,1,29086,184.0712472,223,5
260,2,29300,1.98,1,2
260,3,29300,0,0,1
260,4,29300,0,0,1
260,5,29300,0,0,1
260,6,29300,0,0,1
260,7,29300,0,0,1
260,8,29300,0,0,1
260,9,29300,0,0,1
260,10,29300,0,0,1
260,11,29300,0,0,1
260,12,29300,0,0,1
260,13,29300,0,0,1
260,14,29300,0,0,1
260,15,29300,0,0,1
261,0,21318,760.9783899,1153,3
261,1,29450,431.5044444,473,2
261,2,29498,43.52,68,2
261,3,29500,0,0,1
261,4,29500,0,0,1
261,5,29500,0,0,1
261,6,29500,0,0,1
261,7,29500,0,0,1
261,8,29500,0,0,1
261,9,29500,0,0,1
261,10,29500,0,0,1
261,11,29500,0,0,1
261,12,29500,0,0,1
261,13,29500,0,0,1
261,14,29500,0,0,1
261,15,29500,0,0,1
262,0,20696,445.48293,593,3
262,1,28935,151.1787453,186,3
262,2,29000,0,0,1
262,3,29000,0,0,1
262,4,29000,0,0,1
262,5,29000,0,0,1
262,6,29000,0,0,1
262,7,29000,0,0,1
262,8,29000,0,0,1
262,9,29000,0,0,1
262,10,29000,0,0,1
262,11,29000,0,0,1
262,12,29000,0,0,1
262,13,29000,0,0,1
262,14,29000,0,0,1
262,15,29000,0,0,1
263,0,21111,518.8049378,1003,3
263,1,29192,292.2885714,263,3
263,2,29300,0,0,1
263,3,29300,0,0,1
263,4,29300,0,0,1
263,5,29300,0,0,1
263,6,29300,0,0,1
263,7,29300,0,0,1
263,8,29300,0,0,1
263,9,29300,0,0,1
263,10,29300,0,0,1
263,11,29300,0,0,1
263,12,29300,0,0,1
263,13,29300,0,0,1
263,14,29300,0,0,1
263,15,29300,0,0,1
264,0,20439,293.2084956,704,3
264,1,29265,168.6125253,206,3
264,2,29300,13.02,7,2
264,3,29300,0,0,1
264,4,29300,0,0,1
264,5,29300,0,0,1
264,6,29300,0,0,1
264,7,29300,0,0,1
264,8,29300,0,0,1
264,9,29300,0,0,1
264,10,29300,0,0,1
264,11,29300,0,0,1
264,12,29300,0,0,1
264,13,29300,0,0,1
264,14,29300,0,0,1
264,15,29300,0,0,1
265,0,20598,250.6440897,447,3
265,1,29480,156.2688889,167,3
265,2,29600,14.72,8,2
265,3,29600,0,0,1
265,4,29600,0,0,1
265,5,29600,0,0,1
265,6,29600,0,0,1
265,7,29600,0,0,1
265,8,29600,0,0,1
265,9,29600,0,0,1
265,10,29600,0,0,1
265,11,29600,0,0,1
265,12,29600,0,0,1
265,13,29600,0,0,1
265,14,29600,0,0,1
265,15,29600,0,0,1
266,0,21077,355.6682139,665,3
266,1,29333,91.49505155,83,2
266,2,29500,0,0,1
266,3,29500,0,0,1
266,4,29500,0,0,1
266,5,29500,0,0,1
266,6,29500,0,0,1
266,7,29500,0,0,1
266,8,29500,0,0,1
266,9,29500,0,0,1
266,10,29500,0,0,1
266,11,29500,0,0,1
266,12,29500,0,0,1
266,13,29500,0,0,1
266,14,29500,0,0,1
266,15,29500,0,0,1
267,0,20876,583.3144147,1034,3
267,1,29237,31.77646183,17,3
267,2,29500,0,0,1
267,3,29500,0,0,1
267,4,29500,0,0,1
267,5,29500,0,0,1
267,6,29500,0,0,1
267,7,29500,0,0,1
267,8,29500,0,0,1
267,9,29500,0,0,1
267,10,29500,0,0,1
267,11,29500,0,0,1
267,12,29500,0,0,1
267,13,29500,0,0,1
267,14,29500,0,0,1
267,15,29500,0,0,1
268,0,21334,576.2403833,707,4
268,1,29197,226.6948549,301,3
268,2,29400,0,0,1
268,3,29400,0,0,1
268,4,29400,0,0,1
268,5,29400,0,0,1
268,6,29400,0,0,1
268,7,29400,0,0,1
268,8,29400,0,0,1
268,9,29400,0,0,1
268,10,29400,0,0,1
268,11,29400,0,0,1
268,12,29400,0,0,1
268,13,29400,0,0,1
268,14,29400,0,0,1
268,15,29400,0,0,1
269,0,21286,403.370351,843,3
269,1,28953,253.6672727,180,2
269,2,29200,0,0,1
269,3,29200,0,0,1
269,4,29200,0,0,1
269,5,29200,0,0,1
269,6,29200,0,0,1
269,7,29200,0,0,1
269,8,29200,0,0,1
269,9,29200,0,0,1
269,10,29200,0,0,1
269,11,29200,0,0,1
269,12,29200,0,0,1
269,13,29200,0,0,1
269,14,29200,0,0,1
269,15,29200,0,0,1
270,0,21410,387.8045705,791,3
270,1,29148,155.2423656,130,3
270,2,29300,34.32,22,2
270,3,29300,0,0,1
270,4,29300,0,0,1
270,5,29300,0,0,1
270,6,29300,0,0,1
270,7,29300,0,0,1
270,8,29300,0,0,1
270,9,29300,0,0,1
270,10,29300,0,0,1
270,11,29300,0,0,1
270,12,29300,0,0,1
270,13,29300,0,0,1
270,14,29300,0,0,1
270,15,29300,0,0,1
271,0,21592,524.8042157,907,3
271,1,29538,103.7375258,139,2
271,2,29600,0,0,1
271,3,29600,0,0,1
271,4,29600,0,0,1
271,5,29600,0,0,1
271,6,29600,0,0,1
271,7,29600,0,0,1
271,8,29600,0,0,1
271,9,29600,0,0,1
271,10,29600,0,0,1
271,11,29600,0,0,1
271,12,29600,0,0,1
271,13,29600,0,0,1
271,14,29600,0,0,1
271,15,29600,0,0,1
272,0,20391,547.7778425,765,3
272,1,29238,243.0983673,185,2
272,2,29300,0,0,1
272,3,29300,0,0,1
272,4,29300,0,0,1
272,5,29300,0,0,1
272,6,29300,0,0,1
272,7,29300,0,0,1
272,8,29300,0,0,1
272,9,29300,0,0,1
272,10,29300,0,0,1
272,11,29300,0,0,1
272,12,29300,0,0,1
272,13,29300,0,0,1
272,14,29300,0,0,1
272,15,29300,0,0,1
273,0,21519,323.3996947,492,3
273,1,29286,229.5296693,215,3
273,2,29500,29.32,16,2
273,3,29500,5.82,3,2
273,4,29500,0,0,1
273,5,29500,0,0,1
273,6,29500,0,0,1
273,7,29500,0,0,1
273,8,29500,0,0,1
273,9,29500,0,0,1
273,10,29500,0,0,1
273,11,29500,0,0,1
273,12,29500,0,0,1
273,13,29500,0,0,1
273,14,29500,0,0,1
273,15,29500,0,0,1
274,0,21134,467.6781991,1062,3
274,1,29203,94.33146517,55,2
274,2,29400,0,0,1
274,3,29400,0,0,1
274,4,29400,0,0,1
274,5,29400,0,0,1
274,6,29400,0,0,1
274,7,29400,0,0,1
274,8,29400,0,0,1
274,9,29400,0,0,1
274,10,29400,0,0,1
274,11,29400,0,0,1
274,12,29400,0,0,1
274,13,29400,0,0,1
274,14,29400,0,0,1
274,15,29400,0,0,1
275,0,21792,317.918557,503,4
275,1,29127,74.46232323,108,3
275,2,29300,0,0,1
275,3,29300,0,0,1
275,4,29300,0,0,1
275,5,29300,0,0,1
275,6,29300,0,0,1
275,7,29300,0,0,1
275,8,29300,0,0,1
275,9,29300,0,0,1
275,10,29300,0,0,1
275,11,29300,0,0,1
275,12,29300,0,0,1
275,13,29300,0,0,1
275,14,29300,0,0,1
275,15,29300,0,0,1
276,0,20449,618.4506305,794,3
276,1,29278,78.38979592,260,2
276,2,29399,3.96,2,2
276,3,29400,0,0,1
276,4,29400,0,0,1
276,5,29400,0,0,1
276,6,29400,0,0,1
276,7,29400,0,0,1
276,8,29400,0,0,1
276,9,29400,0,0,1
276,10,29400,0,0,1
276,11,29400,0,0,1
276,12,29400,0,0,1
276,13,29400,0,0,1
276,14,29400,0,0,1
276,15,29400,0,0,1
277,0,20214,501.55636,1050,3
277,1,29119,216.2380588,331,3
277,2,29299,0,0,1
277,3,29300,0,0,1
277,4,29300,0,0,1
277,5,29300,0,0,1
277,6,29300,0,0,1
277,7,29300,0,0,1
277,8,29300,0,0,1
277,9,29300,0,0,1
277,10,29300,0,0,1
277,11,29300,0,0,1
277,12,29300,0,0,1
277,13,29300,0,0,1
277,14,29300,0,0,1
277,15,29300,0,0,1
278,0,21477,520.1064828,800,4
278,1,29282,221.1395918,261,2
278,2,29500,0,0,1
278,3,29500,0,0,1
278,4,29500,0,0,1
278,5,29500,0,0,1
278,6,29500,0,0,1
278,7,29500,0,0,1
278,8,29500,0,0,1
278,9,29500,0,0,1
278,10,29500,0,0,1
278,11,29500,0,0,1
278,12,29500,0,0,1
278,13,29500,0,0,1
278,14,29500,0,0,1
278,15,29500,0,0,1
279,0,21909,253.1554102,428,3
279,1,29290,202.4015933,164,2
279,2,29400,0,0,1
279,3,29400,0,0,1
279,4,29400,0,0,1
279,5,29400,0,0,1
279,6,29400,0,0,1
279,7,29400,0,0,1
279,8,29400,0,0,1
279,9,29400,0,0,1
279,10,29400,0,0,1
279,11,29400,0,0,1
279,12,29400,0,0,1
279,13,29400,0,0,1
279,14,29400,0,0,1
279,15,29400,0,0,1
280,0,19921,432.1431367,603,3
280,1,29151,249.0276357,201,2
280,2,29300,0,0,1
280,3,29300,0,0,1
280,4,29300,0,0,1
280,5,29300,0,0,1
280,6,29300,0,0,1
280,7,29300,0,0,1
280,8,29300,0,0,1
280,9,29300,0,0,1
280,10,29300,0,0,1
280,11,29300,0,0,1
280,12,29300,0,0,1
280,13,29300,0,0,1
280,14,29300,0,0,1
280,15,29300,0,0,1
281,0,22472,377.6974098,838,3
281,1,29374,106.4620763,127,2
281,2,29500,37.5,25,2
281,3,29500,0,0,1
281,4,29500,0,0,1
281,5,29500,0,0,1
281,6,29500,0,0,1
281,7,29500,0,0,1
281,8,29500,0,0,1
281,9,29500,0,0,1
281,10,29500,0,0,1
281,11,29500,0,0,1
281,12,29500,0,0,1
281,13,29500,0,0,1
281,14,29500,0,0,1
281,15,29500,0,0,1
282,0,21671,423.2757145,762,5
282,1,29228,120.0341212,196,2
282,2,29400,24.08,14,2
282,3,29400,0,0,1
282,4,29400,0,0,1
282,5,29400,0,0,1
282,6,29400,0,0,1
282,7,29400,0,0,1
282,8,29400,0,0,1
282,9,29400,0,0,1
282,10,29400,0,0,1
282,11,29400,0,0,1
282,12,29400,0,0,1
282,13,29400,0,0,1
282,14,29400,0,0,1
282,15,29400,0,0,1
283,0,21211,348.0868014,477,4
283,1,29122,372.6338385,413,2
283,2,29295,20.95368421,11,2
283,3,29300,0,0,1
283,4,29300,0,0,1
283,5,29300,0,0,1
283,6,29300,0,0,1
283,7,29300,0,0,1
283,8,29300,0,0,1
283,9,29300,0,0,1
283,10,29300,0,0,1
283,11,29300,0,0,1
283,12,29300,0,0,1
283,13,29300,0,0,1
283,14,29300,0,0,1
283,15,29300,0,0,1
284,0,22574,442.0391173,850,3
284,1,29217,69.58446268,98,2
284,2,29297,1.98,1,2
284,3,29300,0,0,1
284,4,29300,0,0,1
284,5,29300,0,0,1
284,6,29300,0,0,1
284,7,29300,0,0,1
284,8,29300,0,0,1
284,9,29300,0,0,1
284,10,29300,0,0,1
284,11,29300,0,0,1
284,12,29300,0,0,1
284,13,29300,0,0,1
284,14,29300,0,0,1
284,15,29300,0,0,1
285,0,21422,484.9118187,935,3
285,1,29217,79.74338772,160,2
285,2,29400,5.82,3,2
285,3,29400,0,0,1
285,4,29400,0,0,1
285,5,29400,0,0,1
285,6,29400,0,0,1
285,7,29400,0,0,1
285,8,29400,0,0,1
285,9,29400,0,0,1
285,10,29400,0,0,1
285,11,29400,0,0,1
285,12,29400,0,0,1
285,13,29400,0,0,1
285,14,29400,0,0,1
285,15,29400,0,0,1
286,0,20809,568.5509186,827,3
286,1,29144,148.0724217,164,2
286,2,29500,0,0,1
286,3,29500,0,0,1
286,4,29500,0,0,1
286,5,29500,0,0,1
286,6,29500,0,0,1
286,7,29500,0,0,1
286,8,29500,0,0,1
286,9,29500,0,0,1
286,10,29500,0,0,1
286,11,29500,0,0,1
286,12,29500,0,0,1
286,13,29500,0,0,1
286,14,29500,0,0,1
286,15,29500,0,0,1
287,0,21142,492.0068876,885,4
287,1,29311,214.4261035,205,4
287,2,29400,0,0,1
287,3,29400,0,0,1
287,4,29400,0,0,1
287,5,29400,0,0,1
287,6,29400,0,0,1
287,7,29400,0,0,1
287,8,29400,0,0,1
287,9,29400,0,0,1
287,10,29400,0,0,1
287,11,29400,0,0,1
287,12,29400,0,0,1
287,13,29400,0,0,1
287,14,29400,0,0,1
287,15,29400,0,0,1
288,0,18539,265.4746086,378,3
288,1,28999,198.9683004,479,2
288,2,29200,0,0,1
288,3,29200,0,0,1
288,4,29200,0,0,1
288,5,29200,0,0,1
288,6,29200,0,0,1
288,7,29200,0,0,1
288,8,29200,0,0,1
288,9,29200,0,0,1
288,10,29200,0,0,1
288,11,29200,0,0,1
288,12,29200,0,0,1
288,13,29200,0,0,1
288,14,29200,0,0,1
288,15,29200,0,0,1
289,0,21957,589.2472889,1013,3
289,1,29138,105.1337178,83,2
289,2,29200,0,0,1
289,3,29200,0,0,1
289,4,29200,0,0,1
289,5,29200,0,0,1
289,6,29200,0,0,1
289,7,29200,0,0,1
289,8,29200,0,0,1
289,9,29200,0,0,1
289,10,29200,0,0,1
289,11,29200,0,0,1
289,12,29200,0,0,1
289,13,29200,0,0,1
289,14,29200,0,0,1
289,15,29200,0,0,1
290,0,21937,398.2661794,626,4
290,1,29356,322.1791667,348,2
290,2,29500,0,0,1
290,3,29500,0,0,1
290,4,29500,0,0,1
290,5,29500,0,0,1
290,6,29500,0,0,1
290,7,29500,0,0,1
290,8,29500,0,0,1
290,9,29500,0,0,1
290,10,29500,0,0,1
290,11,29500,0,0,1
290,12,29500,0,0,1
290,13,29500,0,0,1
290,14,29500,0,0,1
290,15,29500,0,0,1
291,0,20890,604.0153427,676,3
291,1,29196,232.4780386,365,2
291,2,29400,29.52,18,2
291,3,29400,0,0,1
291,4,29400,0,0,1
291,5,29400,0,0,1
291,6,29400,0,0,1
291,7,29400,0,0,1
291,8,29400,0,0,1
291,9,29400,0,0,1
291,10,29400,0,0,1
291,11,29400,0,0,1
291,12,29400,0,0,1
291,13,29400,0,0,1
291,14,29400,0,0,1
291,15,29400,0,0,1
292,0,22331,239.5359786,317,3
292,1,29424,91.02918573,67,3
292,2,29500,49.98,51,2
292,3,29500,0,0,1
292,4,29500,0,0,1
292,5,29500,0,0,1
292,6,29500,0,0,1
292,7,29500,0,0,1
292,8,29500,0,0,1
292,9,29500,0,0,1
292,10,29500,0,0,1
292,11,29500,0,0,1
292,12,29500,0,0,1
292,13,29500,0,0,1
292,14,29500,0,0,1
292,15,29500,0,0,1
293,0,20888,565.6658278,959,4
293,1,28925,151.3714966,93,2
293,2,29196,3.96,2,2
293,3,29200,0,0,1
293,4,29200,0,0,1
293,5,29200,0,0,1
293,6,29200,0,0,1
293,7,29200,0,0,1
293,8,29200,0,0,1
293,9,29200,0,0,1
293,10,29200,0,0,1
293,11,29200,0,0,1
293,12,29200,0,0,1
293,13,29200,0,0,1
293,14,29200,0,0,1
293,15,29200,0,0,1
294,0,20326,461.7221993,1009,3
294,1,28788,365.974798,751,2
294,2,29100,30.78,19,2
294,3,29100,0,0,1
294,4,29100,0,0,1
294,5,29100,0,0,1
294,6,29100,0,0,1
294,7,29100,0,0,1
294,8,29100,0,0,1
294,9,29100,0,0,1
294,10,29100,0,0,1
294,11,29100,0,0,1
294,12,29100,0,0,1
294,13,29100,0,0,1
294,14,29100,0,0,1
294,15,29100,0,0,1
295,0,20133,341.2225602,580,3
295,1,29269,167.6442814,139,2
295,2,29300,73.72,76,2
295,3,29300,0,0,1
295,4,29300,0,0,1
295,5,29300,0,0,1
295,6,29300,0,0,1
295,7,29300,0,0,1
295,8,29300,0,0,1
295,9,29300,0,0,1
295,10,29300,0,0,1
295,11,29300,0,0,1
295,12,29300,0,0,1
295,13,29300,0,0,1
295,14,29300,0,0,1
295,15,29300,0,0,1
296,0,21830,571.4443029,856,4
296,1,29078,66.37489362,45,2
296,2,29200,3.92,2,2
296,3,29200,0,0,1
296,4,29200,0,0,1
296,5,29200,0,0,1
296,6,29200,0,0,1
296,7,29200,0,0,1
296,8,29200,0,0,1
296,9,29200,0,0,1
296,10,29200,0,0,1
296,11,29200,0,0,1
296,12,29200,0,0,1
296,13,29200,0,0,1
296,14,29200,0,0,1
296,15,29200,0,0,1
297,0,20861,401.1254433,681,3
297,1,29411,30.58042194,17,2
297,2,29500,0,0,1
297,3,29500,0,0,1
297,4,29500,0,0,1
297,5,29500,0,0,1
297,6,29500,0,0,1
297,7,29500,0,0,1
297,8,29500,0,0,1
297,9,29500,0,0,1
297,10,29500,0,0,1
297,11,29500,0,0,1
297,12,29500,0,0,1
297,13,29500,0,0,1
297,14,29500,0,0,1
297,15,29500,0,0,1
298,0,21322,330.2364955,675,3
298,1,29358,194.0104755,276,2
298,2,29498,91.68585859,70,2
298,3,29500,0,0,1
298,4,29500,0,0,1
298,5,29500,0,0,1
298,6,29500,0,0,1
298,7,29500,0,0,1
298,8,29500,0,0,1
298,9,29500,0,0,1
298,10,29500,0,0,1
298,11,29500,0,0,1
298,12,29500,0,0,1
298,13,29500,0,0,1
298,14,29500,0,0,1
298,15,29500,0,0,1
299,0,21276,508.0270654,673,3
299,1,29066,456.5177713,595,3
299,2,29100,0,0,1
299,3,29100,0,0,1
299,4,29100,0,0,1
299,5,29100,0,0,1
299,6,29100,0,0,1
299,7,29100,0,0,1
299,8,29100,0,0,1
299,9,29100,0,0,1
299,10,29100,0,0,1
299,11,29100,0,0,1
299,12,29100,0,0,1
299,13,29100,0,0,1
299,14,29100,0,0,1
299,15,29100,0,0,1
300,0,20671,510.3354964,642,4
300,1,29216,259.1607018,246,3
300,2,29400,0,0,1
300,3,29400,0,0,1
300,4,29400,0,0,1
300,5,29400,0,0,1
300,6,29400,0,0,1
300,7,29400,0,0,1
300,8,29400,0,0,1
300,9,29400,0,0,1
300,10,29400,0,0,1
300,11,29400,0,0,1
300,12,29400,0,0,1
300,13,29400,0,0,1
300,14,29400,0,0,1
300,15,29400,0,0,1
301,0,20548,527.3627787,744,3
301,1,29114,320.9517542,382,2
301,2,29200,1.98,1,2
301,3,29200,0,0,1
301,4,29200,0,0,1
301,5,29200,0,0,1
301,6,29200,0,0,1
301,7,29200,0,0,1
301,8,29200,0,0,1
301,9,29200,0,0,1
301,10,29200,0,0,1
301,11,29200,0,0,1
301,12,29200,0,0,1
301,13,29200,0,0,1
301,14,29200,0,0,1
301,15,29200,0,0,1
302,0,21817,682.532032,1188,3
302,1,29236,185.5595031,319,2
302,2,29400,22.62,87,2
302,3,29400,0,0,1
302,4,29400,0,0,1
302,5,29400,0,0,1
302,6,29400,0,0,1
302,7,29400,0,0,1
302,8,29400,0,0,1
302,9,29400,0,0,1
302,10,29400,0,0,1
302,11,29400,0,0,1
302,12,29400,0,0,1
302,13,29400,0,0,1
302,14,29400,0,0,1
302,15,29400,0,0,1
303,0,20460,587.310154,876,3
303,1,29209,111.0767347,262,3
303,2,29400,3.92,2,2
303,3,29400,0,0,1
303,4,29400,0,0,1
303,5,29400,0,0,1
303,6,29400,0,0,1
303,7,29400,0,0,1
303,8,29400,0,0,1
303,9,29400,0,0,1
303,10,29400,0,0,1
303,11,29400,0,0,1
303,12,29400,0,0,1
303,13,29400,0,0,1
303,14,29400,0,0,1
303,15,29400,0,0,1
304,0,19948,525.4095275,731,4
304,1,29065,251.7268404,270,2
304,2,29299,5.818181818,3,2
304,3,29300,0,0,1
304,4,29300,0,0,1
304,5,29300,0,0,1
304,6,29300,0,0,1
304,7,29300,0,0,1
304,8,29300,0,0,1
304,9,29300,0,0,1
304,10,29300,0,0,1
304,11,29300,0,0,1
304,12,29300,0,0,1
304,13,29300,0,0,1
304,14,29300,0,0,1
304,15,29300,0,0,1
305,0,21063,675.3867839,965,3
305,1,29554,144.28,204,2
305,2,29600,0,0,1
305,3,29600,0,0,1
305,4,29600,0,0,1
305,5,29600,0,0,1
305,6,29600,0,0,1
305,7,29600,0,0,1
305,8,29600,0,0,1
305,9,29600,0,0,1
305,10,29600,0,0,1
305,11,29600,0,0,1
305,12,29600,0,0,1
305,13,29600,0,0,1
305,14,29600,0,0,1
305,15,29600,0,0,1
306,0,20245,406.9951831,598,4
306,1,29199,215.6132677,272,3
306,2,29500,11.6,6,2
306,3,29500,0,0,1
306,4,29500,0,0,1
306,5,29500,0,0,1
306,6,29500,0,0,1
306,7,29500,0,0,1
306,8,29500,0,0,1
306,9,29500,0,0,1
306,10,29500,0,0,1
306,11,29500,0,0,1
306,12,29500,0,0,1
306,13,29500,0,0,1
306,14,29500,0,0,1
306,15,29500,0,0,1
307,0,21361,632.4875771,1222,3
307,1,29413,118.7525,138,3
307,2,29500,58.38,63,2
307,3,29500,0,0,1
307,4,29500,0,0,1
307,5,29500,0,0,1
307,6,29500,0,0,1
307,7,29500,0,0,1
307,8,29500,0,0,1
307,9,29500,0,0,1
307,10,29500,0,0,1
307,11,29500,0,0,1
307,12,29500,0,0,1
307,13,29500,0,0,1
307,14,29500,0,0,1
307,15,29500,0,0,1
308,0,22393,706.0827056,1075,4
308,1,29254,299.8108299,336,3
308,2,29500,53.88,34,2
308,3,29500,0,0,1
308,4,29500,0,0,1
308,5,29500,0,0,1
308,6,29500,0,0,1
308,7,29500,0,0,1
308,8,29500,0,0,1
308,9,29500,0,0,1
308,10,29500,0,0,1
308,11,29500,0,0,1
308,12,29500,0,0,1
308,13,29500,0,0,1
308,14,29500,0,0,1
308,15,29500,0,0,1
309,0,20750,359.2840248,814,3
309,1,29284,204.7195018,546,2
309,2,29400,0,0,1
309,3,29400,0,0,1
309,4,29400,0,0,1
309,5,29400,0,0,1
309,6,29400,0,0,1
309,7,29400,0,0,1
309,8,29400,0,0,1
309,9,29400,0,0,1
309,10,29400,0,0,1
309,11,29400,0,0,1
309,12,29400,0,0,1
309,13,29400,0,0,1
309,14,29400,0,0,1
309,15,29400,0,0,1
310,0,20978,594.0159911,1052,4
310,1,29374,232.42,291,3
310,2,29500,19.58,11,2
310,3,29500,0,0,1
310,4,29500,0,0,1
310,5,29500,0,0,1
310,6,29500,0,0,1
310,7,29500,0,0,1
310,8,29500,0,0,1
310,9,29500,0,0,1
310,10,29500,0,0,1
310,11,29500,0,0,1
310,12,29500,0,0,1
310,13,29500,0,0,1
310,14,29500,0,0,1
310,15,29500,0,0,1
311,0,20542,332.2445682,812,3
311,1,29273,225.3140959,466,3
311,2,29400,43.16,72,2
311,3,29400,0,0,1
311,4,29400,0,0,1
311,5,29400,0,0,1
311,6,29400,0,0,1
311,7,29400,0,0,1
311,8,29400,0,0,1
311,9,29400,0,0,1
311,10,29400,0,0,1
311,11,29400,0,0,1
311,12,29400,0,0,1
311,13,29400,0,0,1
311,14,29400,0,0,1
311,15,29400,0,0,1
312,0,22061,469.2164091,682,4
312,1,29490,155.52,156,2
312,2,29500,0,0,1
312,3,29500,0,0,1
312,4,29500,0,0,1
312,5,29500,0,0,1
312,6,29500,0,0,1
312,7,29500,0,0,1
312,8,29500,0,0,1
312,9,29500,0,0,1
312,10,29500,0,0,1
312,11,29500,0,0,1
312,12,29500,0,0,1
312,13,29500,0,0,1
312,14,29500,0,0,1
312,15,29500,0,0,1
313,0,21240,537.9660287,940,3
313,1,29101,294.4546783,351,3
313,2,29300,7.68,4,2
313,3,29300,0,0,1
313,4,29300,0,0,1
313,5,29300,0,0,1
313,6,29300,0,0,1
313,7,29300,0,0,1
313,8,29300,0,0,1
313,9,29300,0,0,1
313,10,29300,0,0,1
313,11,29300,0,0,1
313,12,29300,0,0,1
313,13,29300,0,0,1
313,14,29300,0,0,1
313,15,29300,0,0,1
314,0,22196,412.0876508,756,3
314,1,29365,41.15111111,22,2
314,2,29500,0,0,1
314,3,29500,0,0,1
314,4,29500,0,0,1
314,5,29500,0,0,1
314,6,29500,0,0,1
314,7,29500,0,0,1
314,8,29500,0,0,1
314,9,29500,0,0,1
314,10,29500,0,0,1
314,11,29500,0,0,1
314,12,29500,0,0,1
314,13,29500,0,0,1
314,14,29500,0,0,1
314,15,29500,0,0,1
315,0,21373,435.8258862,749,2
315,1,29466,210.4934694,275,2
315,2,29500,13.26,95,2
315,3,29500,0,0,1
315,4,29500,0,0,1
315,5,29500,0,0,1
315,6,29500,0,0,1
315,7,29500,0,0,1
315,8,29500,0,0,1
315,9,29500,0,0,1
315,10,29500,0,0,1
315,11,29500,0,0,1
315,12,29500,0,0,1
315,13,29500,0,0,1
315,14,29500,0,0,1
315,15,29500,0,0,1
316,0,20441,432.60978,868,3
316,1,29160,138.9,275,2
316,2,29300,0,0,1
316,3,29300,0,0,1
316,4,29300,0,0,1
316,5,29300,0,0,1
316,6,29300,0,0,1
316,7,29300,0,0,1
316,8,29300,0,0,1
316,9,29300,0,0,1
316,10,29300,0,0,1
316,11,29300,0,0,1
316,12,29300,0,0,1
316,13,29300,0,0,1
316,14,29300,0,0,1
316,15,29300,0,0,1
317,0,20990,625.4751341,1116,3
317,1,29017,175.6286345,247,3
317,2,29100,32.38,81,3
317,3,29100,0,0,1
317,4,29100,0,0,1
317,5,29100,0,0,1
317,6,29100,0,0,1
317,7,29100,0,0,1
317,8,29100,0,0,1
317,9,29100,0,0,1
317,10,29100,0,0,1
317,11,29100,0,0,1
317,12,29100,0,0,1
317,13,29100,0,0,1
317,14,29100,0,0,1
317,15,29100,0,0,1
318,0,19084,538.0936191,853,4
318,1,29060,237.3608081,358,2
318,2,29300,0,0,1
318,3,29300,0,0,1
318,4,29300,0,0,1
318,5,29300,0,0,1
318,6,29300,0,0,1
318,7,29300,0,0,1
318,8,29300,0,0,1
318,9,29300,0,0,1
318,10,29300,0,0,1
318,11,29300,0,0,1
318,12,29300,0,0,1
318,13,29300,0,0,1
318,14,29300,0,0,1
318,15,29300,0,0,1
319,0,22197,557.5737151,729,3
319,1,29370,139.1646465,167,2
319,2,29500,26.88,16,2
319,3,29500,0,0,1
319,4,29500,0,0,1
319,5,29500,0,0,1
319,6,29500,0,0,1
319,7,29500,0,0,1
319,8,29500,0,0,1
319,9,29500,0,0,1
319,10,29500,0,0,1
319,11,29500,0,0,1
319,12,29500,0,0,1
319,13,29500,0,0,1
319,14,29500,0,0,1
319,15,29500,0,0,1
320,0,21998,454.1050652,851,3
320,1,29230,230.6664942,198,2
320,2,29400,48.38,41,2
320,3,29400,0,0,1
320,4,29400,0,0,1
320,5,29400,0,0,1
320,6,29400,0,0,1
320,7,29400,0,0,1
320,8,29400,0,0,1
320,9,29400,0,0,1
320,10,29400,0,0,1
320,11,29400,0,0,1
320,12,29400,0,0,1
320,13,29400,0,0,1
320,14,29400,0,0,1
320,15,29400,0,0,1
321,0,21627,649.8438261,908,3
321,1,29194,236.4556098,199,2
321,2,29300,0,0,1
321,3,29300,0,0,1
321,4,29300,0,0,1
321,5,29300,0,0,1
321,6,29300,0,0,1
321,7,29300,0,0,1
321,8,29300,0,0,1
321,9,29300,0,0,1
321,10,29300,0,0,1
321,11,29300,0,0,1
321,12,29300,0,0,1
321,13,29300,0,0,1
321,14,29300,0,0,1
321,15,29300,0,0,1
322,0,20393,343.9779021,707,4
322,1,29412,180.7048485,244,3
322,2,29500,0,0,1
322,3,29500,0,0,1
322,4,29500,0,0,1
322,5,29500,0,0,1
322,6,29500,0,0,1
322,7,29500,0,0,1
322,8,29500,0,0,1
322,9,29500,0,0,1
322,10,29500,0,0,1
322,11,29500,0,0,1
322,12,29500,0,0,1
322,13,29500,0,0,1
322,14,29500,0,0,1
322,15,29500,0,0,1
323,0,20580,380.8426279,664,4
323,1,29257,155.8747541,282,3
323,2,29600,0,0,1
323,3,29600,0,0,1
323,4,29600,0,0,1
323,5,29600,0,0,1
323,6,29600,0,0,1
323,7,29600,0,0,1
323,8,29600,0,0,1
323,9,29600,0,0,1
323,10,29600,0,0,1
323,11,29600,0,0,1
323,12,29600,0,0,1
323,13,29600,0,0,1
323,14,29600,0,0,1
323,15,29600,0,0,1
324,0,20423,362.4504658,790,3
324,1,28860,155.6043478,369,2
324,2,29300,51.98,31,2
324,3,29300,0,0,1
324,4,29300,0,0,1
324,5,29300,0,0,1
324,6,29300,0,0,1
324,7,29300,0,0,1
324,8,29300,0,0,1
324,9,29300,0,0,1
324,10,29300,0,0,1
324,11,29300,0,0,1
324,12,29300,0,0,1
324,13,29300,0,0,1
324,14,29300,0,0,1
324,15,29300,0,0,1
325,0,19921,568.7553634,726,3
325,1,29089,154.9731178,446,2
325,2,29200,5.9,3,2
325,3,29200,0,0,1
325,4,29200,0,0,1
325,5,29200,0,0,1
325,6,29200,0,0,1
325,7,29200,0,0,1
325,8,29200,0,0,1
325,9,29200,0,0,1
325,10,29200,0,0,1
325,11,29200,0,0,1
325,12,29200,0,0,1
325,13,29200,0,0,1
325,14,29200,0,0,1
325,15,29200,0,0,1
326,0,20147,644.232439,930,4
326,1,29303,140.3343809,113,3
326,2,29500,0,0,1
326,3,29500,0,0,1
326,4,29500,0,0,1
326,5,29500,0,0,1
326,6,29500,0,0,1
326,7,29500,0,0,1
326,8,29500,0,0,1
326,9,29500,0,0,1
326,10,29500,0,0,1
326,11,29500,0,0,1
326,12,29500,0,0,1
326,13,29500,0,0,1
326,14,29500,0,0,1
326,15,29500,0,0,1
327,0,20696,385.7683344,638,3
327,1,29011,24.97208731,13,2
327,2,29300,0,0,1
327,3,29300,0,0,1
327,4,29300,0,0,1
327,5,29300,0,0,1
327,6,29300,0,0,1
327,7,29300,0,0,1
327,8,29300,0,0,1
327,9,29300,0,0,1
327,10,29300,0,0,1
327,11,29300,0,0,1
327,12,29300,0,0,1
327,13,29300,0,0,1
327,14,29300,0,0,1
327,15,29300,0,0,1
328,0,20383,323.9864094,635,3
328,1,29078,225.6084848,260,2
328,2,29300,0,0,1
328,3,29300,0,0,1
328,4,29300,0,0,1
328,5,29300,0,0,1
328,6,29300,0,0,1
328,7,29300,0,0,1
328,8,29300,0,0,1
328,9,29300,0,0,1
328,10,29300,0,0,1
328,11,29300,0,0,1
328,12,29300,0,0,1
328,13,29300,0,0,1
328,14,29300,0,0,1
328,15,29300,0,0,1
329,0,20418,423.17688,728,3
329,1,29252,180.933458,202,3
329,2,29400,0,0,1
329,3,29400,0,0,1
329,4,29400,0,0,1
329,5,29400,0,0,1
329,6,29400,0,0,1
329,7,29400,0,0,1
329,8,29400,0,0,1
329,9,29400,0,0,1
329,10,29400,0,0,1
329,11,29400,0,0,1
329,12,29400,0,0,1
329,13,29400,0,0,1
329,14,29400,0,0,1
329,15,29400,0,0,1
330,0,20317,441.3285193,700,3
330,1,29348,282.4664646,277,2
330,2,29500,0,0,1
330,3,29500,0,0,1
330,4,29500,0,0,1
330,5,29500,0,0,1
330,6,29500,0,0,1
330,7,29500,0,0,1
330,8,29500,0,0,1
330,9,29500,0,0,1
330,10,29500,0,0,1
330,11,29500,0,0,1
330,12,29500,0,0,1
330,13,29500,0,0,1
330,14,29500,0,0,1
330,15,29500,0,0,1
331,0,20792,654.7243153,866,4
331,1,29221,262.0294561,227,3
331,2,29400,0,0,1
331,3,29400,0,0,1
331,4,29400,0,0,1
331,5,29400,0,0,1
331,6,29400,0,0,1
331,7,29400,0,0,1
331,8,29400,0,0,1
331,9,29400,0,0,1
331,10,29400,0,0,1
331,11,29400,0,0,1
331,12,29400,0,0,1
331,13,29400,0,0,1
331,14,29400,0,0,1
331,15,29400,0,0,1
332,0,21159,717.4280884,1442,4
332,1,29251,140.2897872,173,2
332,2,29300,0,0,1
332,3,29300,0,0,1
332,4,29300,0,0,1
332,5,29300,0,0,1
332,6,29300,0,0,1
332,7,29300,0,0,1
332,8,29300,0,0,1
332,9,29300,0,0,1
332,10,29300,0,0,1
332,11,29300,0,0,1
332,12,29300,0,0,1
332,13,29300,0,0,1
332,14,29300,0,0,1
332,15,29300,0,0,1
333,0,20629,670.9506138,858,3
333,1,29361,125.8345455,178,2
333,2,29400,0,0,1
333,3,29400,0,0,1
333,4,29400,0,0,1
333,5,29400,0,0,1
333,6,29400,0,0,1
333,7,29400,0,0,1
333,8,29400,0,0,1
333,9,29400,0,0,1
333,10,29400,0,0,1
333,11,29400,0,0,1
333,12,29400,0,0,1
333,13,29400,0,0,1
333,14,29400,0,0,1
333,15,29400,0,0,1
334,0,20585,558.1530594,1194,4
334,1,29214,226.3410055,274,2
334,2,29500,32.14,85,2
334,3,29500,0,0,1
334,4,29500,0,0,1
334,5,29500,0,0,1
334,6,29500,0,0,1
334,7,29500,0,0,1
334,8,29500,0,0,1
334,9,29500,0,0,1
334,10,29500,0,0,1
334,11,29500,0,0,1
334,12,29500,0,0,1
334,13,29500,0,0,1
334,14,29500,0,0,1
334,15,29500,0,0,1
335,0,20800,431.3478839,681,3
335,1,29151,144.5375758,217,3
335,2,29300,0,0,1
335,3,29300,0,0,1
335,4,29300,0,0,1
335,5,29300,0,0,1
335,6,29300,0,0,1
335,7,29300,0,0,1
335,8,29300,0,0,1
335,9,29300,0,0,1
335,10,29300,0,0,1
335,11,29300,0,0,1
335,12,29300,0,0,1
335,13,29300,0,0,1
335,14,29300,0,0,1
335,15,29300,0,0,1
336,0,20719,553.1446458,841,3
336,1,29289,309.5382679,313,3
336,2,29500,0,0,1
336,3,29500,0,0,1
336,4,29500,0,0,1
336,5,29500,0,0,1
336,6,29500,0,0,1
336,7,29500,0,0,1
336,8,29500,0,0,1
336,9,29500,0,0,1
336,10,29500,0,0,1
336,11,29500,0,0,1
336,12,29500,0,0,1
336,13,29500,0,0,1
336,14,29500,0,0,1
336,15,29500,0,0,1
337,0,21760,752.7782489,931,3
337,1,29155,298.4183725,460,2
337,2,29300,19.58,89,2
337,3,29300,0,0,1
337,4,29300,0,0,1
337,5,29300,0,0,1
337,6,29300,0,0,1
337,7,29300,0,0,1
337,8,29300,0,0,1
337,9,29300,0,0,1
337,10,29300,0,0,1
337,11,29300,0,0,1
337,12,29300,0,0,1
337,13,29300,0,0,1
337,14,29300,0,0,1
337,15,29300,0,0,1
338,0,20046,432.4143697,994,3
338,1,29236,265.5560972,278,3
338,2,29397,1.98,1,2
338,3,29400,0,0,1
338,4,29400,0,0,1
338,5,29400,0,0,1
338,6,29400,0,0,1
338,7,29400,0,0,1
338,8,29400,0,0,1
338,9,29400,0,0,1
338,10,29400,0,0,1
338,11,29400,0,0,1
338,12,29400,0,0,1
338,13,29400,0,0,1
338,14,29400,0,0,1
338,15,29400,0,0,1
339,0,21687,466.3920674,783,4
339,1,29250,133.0877551,151,2
339,2,29300,0,0,1
339,3,29300,0,0,1
339,4,29300,0,0,1
339,5,29300,0,0,1
339,6,29300,0,0,1
339,7,29300,0,0,1
339,8,29300,0,0,1
339,9,29300,0,0,1
339,10,29300,0,0,1
339,11,29300,0,0,1
339,12,29300,0,0,1
339,13,29300,0,0,1
339,14,29300,0,0,1
339,15,29300,0,0,1
340,0,22125,535.0229183,881,3
340,1,29192,142.904612,218,2
340,2,29291,0,0,1
340,3,29300,0,0,1
340,4,29300,0,0,1
340,5,29300,0,0,1
340,6,29300,0,0,1
340,7,29300,0,0,1
340,8,29300,0,0,1
340,9,29300,0,0,1
340,10,29300,0,0,1
340,11,29300,0,0,1
340,12,29300,0,0,1
340,13,29300,0,0,1
340,14,29300,0,0,1
340,15,29300,0,0,1
341,0,21151,301.5621555,471,3
341,1,29149,435.2607828,423,3
341,2,29298,1.98,1,2
341,3,29300,0,0,1
341,4,29300,0,0,1
341,5,29300,0,0,1
341,6,29300,0,0,1
341,7,29300,0,0,1
341,8,29300,0,0,1
341,9,29300,0,0,1
341,10,29300,0,0,1
341,11,29300,0,0,1
341,12,29300,0,0,1
341,13,29300,0,0,1
341,14,29300,0,0,1
341,15,29300,0,0,1
342,0,21702,585.1800139,745,3
342,1,29255,98.48502444,158,3
342,2,29500,3.92,2,2
342,3,29500,0,0,1
342,4,29500,0,0,1
342,5,29500,0,0,1
342,6,29500,0,0,1
342,7,29500,0,0,1
342,8,29500,0,0,1
342,9,29500,0,0,1
342,10,29500,0,0,1
342,11,29500,0,0,1
342,12,29500,0,0,1
342,13,29500,0,0,1
342,14,29500,0,0,1
342,15,29500,0,0,1
343,0,21326,315.5948403,639,3
343,1,29174,137.9369537,254,2
343,2,29399,0,0,1
343,3,29400,0,0,1
343,4,29400,0,0,1
343,5,29400,0,0,1
343,6,29400,0,0,1
343,7,29400,0,0,1
343,8,29400,0,0,1
343,9,29400,0,0,1
343,10,29400,0,0,1
343,11,29400,0,0,1
343,12,29400,0,0,1
343,13,29400,0,0,1
343,14,29400,0,0,1
343,15,29400,0,0,1
344,0,20613,449.945043,638,3
344,1,29276,284.3415213,232,2
344,2,29300,0,0,1
344,3,29300,0,0,1
344,4,29300,0,0,1
344,5,29300,0,0,1
344,6,29300,0,0,1
344,7,29300,0,0,1
344,8,29300,0,0,1
344,9,29300,0,0,1
344,10,29300,0,0,1
344,11,29300,0,0,1
344,12,29300,0,0,1
344,13,29300,0,0,1
344,14,29300,0,0,1
344,15,29300,0,0,1
345,0,21809,337.5078486,559,3
345,1,29205,111.9114073,71,3
345,2,29300,0,0,1
345,3,29300,0,0,1
345,4,29300,0,0,1
345,5,29300,0,0,1
345,6,29300,0,0,1
345,7,29300,0,0,1
345,8,29300,0,0,1
345,9,29300,0,0,1
345,10,29300,0,0,1
345,11,29300,0,0,1
345,12,29300,0,0,1
345,13,29300,0,0,1
345,14,29300,0,0,1
345,15,29300,0,0,1
346,0,20392,410.7322666,579,3
346,1,29424,146.2882353,144,2
346,2,29500,1.98,1,2
346,3,29500,0,0,1
346,4,29500,0,0,1
346,5,29500,0,0,1
346,6,29500,0,0,1
346,7,29500,0,0,1
346,8,29500,0,0,1
346,9,29500,0,0,1
346,10,29500,0,0,1
346,11,29500,0,0,1
346,12,29500,0,0,1
346,13,29500,0,0,1
346,14,29500,0,0,1
346,15,29500,0,0,1
347,0,20743,402.060035,709,3
347,1,29396,143.9462069,94,2
347,2,29600,25.5,15,2
347,3,29600,0,0,1
347,4,29600,0,0,1
347,5,29600,0,0,1
347,6,29600,0,0,1
347,7,29600,0,0,1
347,8,29600,0,0,1
347,9,29600,0,0,1
347,10,29600,0,0,1
347,11,29600,0,0,1
347,12,29600,0,0,1
347,13,29600,0,0,1
347,14,29600,0,0,1
347,15,29600,0,0,1
348,0,23121,230.1570543,417,4
348,1,29498,144.02,151,2
348,2,29600,0,0,1
348,3,29600,0,0,1
348,4,29600,0,0,1
348,5,29600,0,0,1
348,6,29600,0,0,1
348,7,29600,0,0,1
348,8,29600,0,0,1
348,9,29600,0,0,1
348,10,29600,0,0,1
348,11,29600,0,0,1
348,12,29600,0,0,1
348,13,29600,0,0,1
348,14,29600,0,0,1
348,15,29600,0,0,1
349,0,20459,422.4369268,571,3
349,1,29106,163.0633068,277,3
349,2,29400,0,0,1
349,3,29400,0,0,1
349,4,29400,0,0,1
349,5,29400,0,0,1
349,6,29400,0,0,1
349,7,29400,0,0,1
349,8,29400,0,0,1
349,9,29400,0,0,1
349,10,29400,0,0,1
349,11,29400,0,0,1
349,12,29400,0,0,1
349,13,29400,0,0,1
349,14,29400,0,0,1
349,15,29400,0,0,1
350,0,21578,425.9581652,774,3
350,1,29100,100.4850361,73,2
350,2,29400,0,0,1
350,3,29400,0,0,1
350,4,29400,0,0,1
350,5,29400,0,0,1
350,6,29400,0,0,1
350,7,29400,0,0,1
350,8,29400,0,0,1
350,9,29400,0,0,1
350,10,29400,0,0,1
350,11,29400,0,0,1
350,12,29400,0,0,1
350,13,29400,0,0,1
350,14,29400,0,0,1
350,15,29400,0,0,1
351,0,20467,570.6159281,776,3
351,1,29273,175.7295939,339,2
351,2,29500,0,0,1
351,3,29500,0,0,1
351,4,29500,0,0,1
351,5,29500,0,0,1
351,6,29500,0,0,1
351,7,29500,0,0,1
351,8,29500,0,0,1
351,9,29500,0,0,1
351,10,29500,0,0,1
351,11,29500,0,0,1
351,12,29500,0,0,1
351,13,29500,0,0,1
351,14,29500,0,0,1
351,15,29500,0,0,1
352,0,19710,567.2093187,1161,3
352,1,29046,275.2713341,498,3
352,2,29200,5.82,3,2
352,3,29200,0,0,1
352,4,29200,0,0,1
352,5,29200,0,0,1
352,6,29200,0,0,1
352,7,29200,0,0,1
352,8,29200,0,0,1
352,9,29200,0,0,1
352,10,29200,0,0,1
352,11,29200,0,0,1
352,12,29200,0,0,1
352,13,29200,0,0,1
352,14,29200,0,0,1
352,15,29200,0,0,1
353,0,19613,390.4608168,681,3
353,1,29240,115.2523938,184,2
353,2,29300,0,0,1
353,3,29300,0,0,1
353,4,29300,0,0,1
353,5,29300,0,0,1
353,6,29300,0,0,1
353,7,29300,0,0,1
353,8,29300,0,0,1
353,9,29300,0,0,1
353,10,29300,0,0,1
353,11,29300,0,0,1
353,12,29300,0,0,1
353,13,29300,0,0,1
353,14,29300,0,0,1
353,15,29300,0,0,1
354,0,20220,696.7467934,1032,3
354,1,29409,273.5443009,268,2
354,2,29500,0,0,1
354,3,29500,0,0,1
354,4,29500,0,0,1
354,5,29500,0,0,1
354,6,29500,0,0,1
354,7,29500,0,0,1
354,8,29500,0,0,1
354,9,29500,0,0,1
354,10,29500,0,0,1
354,11,29500,0,0,1
354,12,29500,0,0,1
354,13,29500,0,0,1
354,14,29500,0,0,1
354,15,29500,0,0,1
355,0,19737,384.7324257,673,3
355,1,29403,322.7642301,337,3
355,2,29500,40.32,72,2
355,3,29500,0,0,1
355,4,29500,0,0,1
355,5,29500,0,0,1
355,6,29500,0,0,1
355,7,29500,0,0,1
355,8,29500,0,0,1
355,9,29500,0,0,1
355,10,29500,0,0,1
355,11,29500,0,0,1
355,12,29500,0,0,1
355,13,29500,0,0,1
355,14,29500,0,0,1
355,15,29500,0,0,1
356,0,20459,476.0704397,995,4
356,1,29086,217.2019851,377,2
356,2,29200,7.8,4,2
356,3,29200,0,0,1
356,4,29200,0,0,1
356,5,29200,0,0,1
356,6,29200,0,0,1
356,7,29200,0,0,1
356,8,29200,0,0,1
356,9,29200,0,0,1
356,10,29200,0,0,1
356,11,29200,0,0,1
356,12,29200,0,0,1
356,13,29200,0,0,1
356,14,29200,0,0,1
356,15,29200,0,0,1
357,0,21649,502.5981741,724,3
357,1,29484,159.2341667,140,3
357,2,29500,0,0,1
357,3,29500,0,0,1
357,4,29500,0,0,1
357,5,29500,0,0,1
357,6,29500,0,0,1
357,7,29500,0,0,1
357,8,29500,0,0,1
357,9,29500,0,0,1
357,10,29500,0,0,1
357,11,29500,0,0,1
357,12,29500,0,0,1
357,13,29500,0,0,1
357,14,29500,0,0,1
357,15,29500,0,0,1
358,0,21404,532.3050662,782,4
358,1,29158,169.02778,179,2
358,2,29400,0,0,1
358,3,29400,0,0,1
358,4,29400,0,0,1
358,5,29400,0,0,1
358,6,29400,0,0,1
358,7,29400,0,0,1
358,8,29400,0,0,1
358,9,29400,0,0,1
358,10,29400,0,0,1
358,11,29400,0,0,1
358,12,29400,0,0,1
358,13,29400,0,0,1
358,14,29400,0,0,1
358,15,29400,0,0,1
359,0,20664,460.238892,920,3
359,1,29212,230.795857,438,2
359,2,29500,0,0,1
359,3,29500,0,0,1
359,4,29500,0,0,1
359,5,29500,0,0,1
359,6,29500,0,0,1
359,7,29500,0,0,1
359,8,29500,0,0,1
359,9,29500,0,0,1
359,10,29500,0,0,1
359,11,29500,0,0,1
359,12,29500,0,0,1
359,13,29500,0,0,1
359,14,29500,0,0,1
359,15,29500,0,0,1
360,0,21398,479.1737903,624,3
360,1,28968,108.4575526,133,2
360,2,29397,7.92,4,2
360,3,29400,3.96,2,2
360,4,29400,1.98,1,2
360,5,29400,0,0,1
360,6,29400,0,0,1
360,7,29400,0,0,1
360,8,29400,0,0,1
360,9,29400,0,0,1
360,10,29400,0,0,1
360,11,29400,0,0,1
360,12,29400,0,0,1
360,13,29400,0,0,1
360,14,29400,0,0,1
360,15,29400,0,0,1
361,0,21292,723.0884099,1602,3
361,1,29106,275.644498,359,3
361,2,29400,52.22,83,2
361,3,29400,0,0,1
361,4,29400,0,0,1
361,5,29400,0,0,1
361,6,29400,0,0,1
361,7,29400,0,0,1
361,8,29400,0,0,1
361,9,29400,0,0,1
361,10,29400,0,0,1
361,11,29400,0,0,1
361,12,29400,0,0,1
361,13,29400,0,0,1
361,14,29400,0,0,1
361,15,29400,0,0,1
362,0,20235,552.0046784,879,4
362,1,29130,185.9100899,153,3
362,2,29300,0,0,1
362,3,29300,0,0,1
362,4,29300,0,0,1
362,5,29300,0,0,1
362,6,29300,0,0,1
362,7,29300,0,0,1
362,8,29300,0,0,1
362,9,29300,0,0,1
362,10,29300,0,0,1
362,11,29300,0,0,1
362,12,29300,0,0,1
362,13,29300,0,0,1
362,14,29300,0,0,1
362,15,29300,0,0,1
363,0,21079,706.5380302,1304,3
363,1,29299,276.4556881,249,3
363,2,29500,1.98,1,2
363,3,29500,0,0,1
363,4,29500,0,0,1
363,5,29500,0,0,1
363,6,29500,0,0,1
363,7,29500,0,0,1
363,8,29500,0,0,1
363,9,29500,0,0,1
363,10,29500,0,0,1
363,11,29500,0,0,1
363,12,29500,0,0,1
363,13,29500,0,0,1
363,14,29500,0,0,1
363,15,29500,0,0,1
364,0,21262,437.7723184,644,4
364,1,29282,212.1222642,404,3
364,2,29500,0,0,1
364,3,29500,0,0,1
364,4,29500,0,0,1
364,5,29500,0,0,1
364,6,29500,0,0,1
364,7,29500,0,0,1
364,8,29500,0,0,1
364,9,29500,0,0,1
364,10,29500,0,0,1
364,11,29500,0,0,1
364,12,29500,0,0,1
364,13,29500,0,0,1
364,14,29500,0,0,1
364,15,29500,0,0,1
365,0,21388,394.8246487,941,3
365,1,29148,201.6926531,284,3
365,2,29200,9.5,5,2
365,3,29200,0,0,1
365,4,29200,0,0,1
365,5,29200,0,0,1
365,6,29200,0,0,1
365,7,29200,0,0,1
365,8,29200,0,0,1
365,9,29200,0,0,1
365,10,29200,0,0,1
365,11,29200,0,0,1
365,12,29200,0,0,1
365,13,29200,0,0,1
365,14,29200,0,0,1
365,15,29200,0,0,1
366,0,20940,681.9022792,1131,3
366,1,29235,248.7245361,197,2
366,2,29300,1.98,1,2
366,3,29300,0,0,1
366,4,29300,0,0,1
366,5,29300,0,0,1
366,6,29300,0,0,1
366,7,29300,0,0,1
366,8,29300,0,0,1
366,9,29300,0,0,1
366,10,29300,0,0,1
366,11,29300,0,0,1
366,12,29300,0,0,1
366,13,29300,0,0,1
366,14,29300,0,0,1
366,15,29300,0,0,1
367,0,19825,615.1537639,1125,5
367,1,28994,111.1105983,153,3
367,2,29398,0,0,1
367,3,29400,0,0,1
367,4,29400,0,0,1
367,5,29400,0,0,1
367,6,29400,0,0,1
367,7,29400,0,0,1
367,8,29400,0,0,1
367,9,29400,0,0,1
367,10,29400,0,0,1
367,11,29400,0,0,1
367,12,29400,0,0,1
367,13,29400,0,0,1
367,14,29400,0,0,1
367,15,29400,0,0,1
368,0,21057,557.0232446,1054,4
368,1,29158,135.6878261,251,3
368,2,29400,0,0,1
368,3,29400,0,0,1
368,4,29400,0,0,1
368,5,29400,0,0,1
368,6,29400,0,0,1
368,7,29400,0,0,1
368,8,29400,0,0,1
368,9,29400,0,0,1
368,10,29400,0,0,1
368,11,29400,0,0,1
368,12,29400,0,0,1
368,13,29400,0,0,1
368,14,29400,0,0,1
368,15,29400,0,0,1
369,0,20685,567.8466499,819,5
369,1,29407,115.8166197,95,3
369,2,29500,15,8,2
369,3,29500,0,0,1
369,4,29500,0,0,1
369,5,29500,0,0,1
369,6,29500,0,0,1
369,7,29500,0,0,1
369,8,29500,0,0,1
369,9,29500,0,0,1
369,10,29500,0,0,1
369,11,29500,0,0,1
369,12,29500,0,0,1
369,13,29500,0,0,1
369,14,29500,0,0,1
369,15,29500,0,0,1
370,0,20650,602.8114381,790,5
370,1,28909,201.0428283,188,2
370,2,29198,5.898989899,3,2
370,3,29200,0,0,1
370,4,29200,0,0,1
370,5,29200,0,0,1
370,6,29200,0,0,1
370,7,29200,0,0,1
370,8,29200,0,0,1
370,9,29200,0,0,1
370,10,29200,0,0,1
370,11,29200,0,0,1
370,12,29200,0,0,1
370,13,29200,0,0,1
370,14,29200,0,0,1
370,15,29200,0,0,1
371,0,21186,309.9902754,549,3
371,1,29463,214.6074005,212,2
371,2,29500,30.78,19,2
371,3,29500,0,0,1
371,4,29500,0,0,1
371,5,29500,0,0,1
371,6,29500,0,0,1
371,7,29500,0,0,1
371,8,29500,0,0,1
371,9,29500,0,0,1
371,10,29500,0,0,1
371,11,29500,0,0,1
371,12,29500,0,0,1
371,13,29500,0,0,1
371,14,29500,0,0,1
371,15,29500,0,0,1
372,0,21100,323.0638386,678,2
372,1,29190,66.27846856,91,2
372,2,29300,0,0,1
372,3,29300,0,0,1
372,4,29300,0,0,1
372,5,29300,0,0,1
372,6,29300,0,0,1
372,7,29300,0,0,1
372,8,29300,0,0,1
372,9,29300,0,0,1
372,10,29300,0,0,1
372,11,29300,0,0,1
372,12,29300,0,0,1
372,13,29300,0,0,1
372,14,29300,0,0,1
372,15,29300,0,0,1
373,0,22012,646.5528281,950,4
373,1,29332,239.8463014,239,3
373,2,29400,0,0,1
373,3,29400,0,0,1
373,4,29400,0,0,1
373,5,29400,0,0,1
373,6,29400,0,0,1
373,7,29400,0,0,1
373,8,29400,0,0,1
373,9,29400,0,0,1
373,10,29400,0,0,1
373,11,29400,0,0,1
373,12,29400,0,0,1
373,13,29400,0,0,1
373,14,29400,0,0,1
373,15,29400,0,0,1
374,0,20991,518.1156308,529,3
374,1,29191,134.2904607,163,3
374,2,29300,29.52,82,2
374,3,29300,0,0,1
374,4,29300,0,0,1
374,5,29300,0,0,1
374,6,29300,0,0,1
374,7,29300,0,0,1
374,8,29300,0,0,1
374,9,29300,0,0,1
374,10,29300,0,0,1
374,11,29300,0,0,1
374,12,29300,0,0,1
374,13,29300,0,0,1
374,14,29300,0,0,1
374,15,29300,0,0,1
375,0,21170,519.267754,903,3
375,1,28963,227.3717238,311,2
375,2,29000,0,0,1
375,3,29000,0,0,1
375,4,29000,0,0,1
375,5,29000,0,0,1
375,6,29000,0,0,1
375,7,29000,0,0,1
375,8,29000,0,0,1
375,9,29000,0,0,1
375,10,29000,0,0,1
375,11,29000,0,0,1
375,12,29000,0,0,1
375,13,29000,0,0,1
375,14,29000,0,0,1
375,15,29000,0,0,1
376,0,21226,444.9185685,978,4
376,1,29298,99.02317005,129,3
376,2,29400,0,0,1
376,3,29400,0,0,1
376,4,29400,0,0,1
376,5,29400,0,0,1
376,6,29400,0,0,1
376,7,29400,0,0,1
376,8,29400,0,0,1
376,9,29400,0,0,1
376,10,29400,0,0,1
376,11,29400,0,0,1
376,12,29400,0,0,1
376,13,29400,0,0,1
376,14,29400,0,0,1
376,15,29400,0,0,1
377,0,22201,389.8662916,794,3
377,1,29347,80.48461538,55,2
377,2,29500,0,0,1
377,3,29500,0,0,1
377,4,29500,0,0,1
377,5,29500,0,0,1
377,6,29500,0,0,1
377,7,29500,0,0,1
377,8,29500,0,0,1
377,9,29500,0,0,1
377,10,29500,0,0,1
377,11,29500,0,0,1
377,12,29500,0,0,1
377,13,29500,0,0,1
377,14,29500,0,0,1
377,15,29500,0,0,1
378,0,20073,641.9371498,1100,4
378,1,28994,143.3165404,163,2
378,2,29200,19.58,11,2
378,3,29200,0,0,1
378,4,29200,0,0,1
378,5,29200,0,0,1
378,6,29200,0,0,1
378,7,29200,0,0,1
378,8,29200,0,0,1
378,9,29200,0,0,1
378,10,29200,0,0,1
378,11,29200,0,0,1
378,12,29200,0,0,1
378,13,29200,0,0,1
378,14,29200,0,0,1
378,15,29200,0,0,1
379,0,20777,506.2423647,711,4
379,1,29247,318.2372503,300,3
379,2,29600,39.34,25,2
379,3,29600,0,0,1
379,4,29600,0,0,1
379,5,29600,0,0,1
379,6,29600,0,0,1
379,7,29600,0,0,1
379,8,29600,0,0,1
379,9,29600,0,0,1
379,10,29600,0,0,1
379,11,29600,0,0,1
379,12,29600,0,0,1
379,13,29600,0,0,1
379,14,29600,0,0,1
379,15,29600,0,0,1
380,0,20646,505.6672879,848,3
380,1,29151,160.109633,136,2
380,2,29200,34.32,22,2
380,3,29200,0,0,1
380,4,29200,0,0,1
380,5,29200,0,0,1
380,6,29200,0,0,1
380,7,29200,0,0,1
380,8,29200,0,0,1
380,9,29200,0,0,1
380,10,29200,0,0,1
380,11,29200,0,0,1
380,12,29200,0,0,1
380,13,29200,0,0,1
380,14,29200,0,0,1
380,15,29200,0,0,1
381,0,20339,493.5693284,852,3
381,1,29127,266.1856483,314,2
381,2,29200,13.02,7,2
381,3,29200,0,0,1
381,4,29200,0,0,1
381,5,29200,0,0,1
381,6,29200,0,0,1
381,7,29200,0,0,1
381,8,29200,0,0,1
381,9,29200,0,0,1
381,10,29200,0,0,1
381,11,29200,0,0,1
381,12,29200,0,0,1
381,13,29200,0,0,1
381,14,29200,0,0,1
381,15,29200,0,0,1
382,0,21308,511.0065152,660,3
382,1,28925,178.9597534,273,3
382,2,29069,0,0,1
382,3,29100,0,0,1
382,4,29100,0,0,1
382,5,29100,0,0,1
382,6,29100,0,0,1
382,7,29100,0,0,1
382,8,29100,0,0,1
382,9,29100,0,0,1
382,10,29100,0,0,1
382,11,29100,0,0,1
382,12,29100,0,0,1
382,13,29100,0,0,1
382,14,29100,0,0,1
382,15,29100,0,0,1
383,0,20788,466.2085029,989,4
383,1,29284,175.7674703,215,3
383,2,29389,29.52,82,2
383,3,29400,0,0,1
383,4,29400,0,0,1
383,5,29400,0,0,1
383,6,29400,0,0,1
383,7,29400,0,0,1
383,8,29400,0,0,1
383,9,29400,0,0,1
383,10,29400,0,0,1
383,11,29400,0,0,1
383,12,29400,0,0,1
383,13,29400,0,0,1
383,14,29400,0,0,1
383,15,29400,0,0,1
384,0,21702,401.5796734,654,3
384,1,29331,140.44,236,2
384,2,29500,0,0,1
384,3,29500,0,0,1
384,4,29500,0,0,1
384,5,29500,0,0,1
384,6,29500,0,0,1
384,7,29500,0,0,1
384,8,29500,0,0,1
384,9,29500,0,0,1
384,10,29500,0,0,1
384,11,29500,0,0,1
384,12,29500,0,0,1
384,13,29500,0,0,1
384,14,29500,0,0,1
384,15,29500,0,0,1
385,0,19857,767.857009,1263,3
385,1,29340,378.856484,455,3
385,2,29500,129.18,141,2
385,3,29500,0,0,1
385,4,29500,0,0,1
385,5,29500,0,0,1
385,6,29500,0,0,1
385,7,29500,0,0,1
385,8,29500,0,0,1
385,9,29500,0,0,1
385,10,29500,0,0,1
385,11,29500,0,0,1
385,12,29500,0,0,1
385,13,29500,0,0,1
385,14,29500,0,0,1
385,15,29500,0,0,1
386,0,22166,636.9965707,1262,3
386,1,29307,146.2817027,191,2
386,2,29400,0,0,1
386,3,29400,0,0,1
386,4,29400,0,0,1
386,5,29400,0,0,1
386,6,29400,0,0,1
386,7,29400,0,0,1
386,8,29400,0,0,1
386,9,29400,0,0,1
386,10,29400,0,0,1
386,11,29400,0,0,1
386,12,29400,0,0,1
386,13,29400,0,0,1
386,14,29400,0,0,1
386,15,29400,0,0,1
387,0,21843,142.5495527,383,3
387,1,29182,33.42113091,18,3
387,2,29400,0,0,1
387,3,29400,0,0,1
387,4,29400,0,0,1
387,5,29400,0,0,1
387,6,29400,0,0,1
387,7,29400,0,0,1
387,8,29400,0,0,1
387,9,29400,0,0,1
387,10,29400,0,0,1
387,11,29400,0,0,1
387,12,29400,0,0,1
387,13,29400,0,0,1
387,14,29400,0,0,1
387,15,29400,0,0,1
388,0,21616,645.9635493,988,3
388,1,29243,182.9391586,386,2
388,2,29300,0,0,1
388,3,29300,0,0,1
388,4,29300,0,0,1
388,5,29300,0,0,1
388,6,29300,0,0,1
388,7,29300,0,0,1
388,8,29300,0,0,1
388,9,29300,0,0,1
388,10,29300,0,0,1
388,11,29300,0,0,1
388,12,29300,0,0,1
388,13,29300,0,0,1
388,14,29300,0,0,1
388,15,29300,0,0,1
389,0,20878,515.6243313,1062,3
389,1,29235,192.4313494,301,2
389,2,29399,25.08,90,2
389,3,29400,1.98,1,2
389,4,29400,0,0,1
389,5,29400,0,0,1
389,6,29400,0,0,1
389,7,29400,0,0,1
389,8,29400,0,0,1
389,9,29400,0,0,1
389,10,29400,0,0,1
389,11,29400,0,0,1
389,12,29400,0,0,1
389,13,29400,0,0,1
389,14,29400,0,0,1
389,15,29400,0,0,1
390,0,21922,458.9464694,1106,3
390,1,29017,143.1168283,451,2
390,2,29300,0,0,1
390,3,29300,0,0,1
390,4,29300,0,0,1
390,5,29300,0,0,1
390,6,29300,0,0,1
390,7,29300,0,0,1
390,8,29300,0,0,1
390,9,29300,0,0,1
390,10,29300,0,0,1
390,11,29300,0,0,1
390,12,29300,0,0,1
390,13,29300,0,0,1
390,14,29300,0,0,1
390,15,29300,0,0,1
391,0,21075,381.8474391,673,3
391,1,29129,117.0969239,90,2
391,2,29283,0,0,1
391,3,29300,0,0,1
391,4,29300,0,0,1
391,5,29300,0,0,1
391,6,29300,0,0,1
391,7,29300,0,0,1
391,8,29300,0,0,1
391,9,29300,0,0,1
391,10,29300,0,0,1
391,11,29300,0,0,1
391,12,29300,0,0,1
391,13,29300,0,0,1
391,14,29300,0,0,1
391,15,29300,0,0,1
392,0,20464,392.4776554,753,3
392,1,29449,125.5372727,231,2
392,2,29500,0,0,1
392,3,29500,0,0,1
392,4,29500,0,0,1
392,5,29500,0,0,1
392,6,29500,0,0,1
392,7,29500,0,0,1
392,8,29500,0,0,1
392,9,29500,0,0,1
392,10,29500,0,0,1
392,11,29500,0,0,1
392,12,29500,0,0,1
392,13,29500,0,0,1
392,14,29500,0,0,1
392,15,29500,0,0,1
393,0,21135,477.8718488,991,3
393,1,29430,214.2595589,319,2
393,2,29500,0,0,1
393,3,29500,0,0,1
393,4,29500,0,0,1
393,5,29500,0,0,1
393,6,29500,0,0,1
393,7,29500,0,0,1
393,8,29500,0,0,1
393,9,29500,0,0,1
393,10,29500,0,0,1
393,11,29500,0,0,1
393,12,29500,0,0,1
393,13,29500,0,0,1
393,14,29500,0,0,1
393,15,29500,0,0,1
394,0,22556,493.9128702,909,4
394,1,28933,267.3611957,376,2
394,2,29100,94.24,76,2
394,3,29100,0,0,1
394,4,29100,0,0,1
394,5,29100,0,0,1
394,6,29100,0,0,1
394,7,29100,0,0,1
394,8,29100,0,0,1
394,9,29100,0,0,1
394,10,29100,0,0,1
394,11,29100,0,0,1
394,12,29100,0,0,1
394,13,29100,0,0,1
394,14,29100,0,0,1
394,15,29100,0,0,1
395,0,21369,562.2506919,934,3
395,1,29316,361.7832955,437,3
395,2,29499,48,40,2
395,3,29500,0,0,1
395,4,29500,0,0,1
395,5,29500,0,0,1
395,6,29500,0,0,1
395,7,29500,0,0,1
395,8,29500,0,0,1
395,9,29500,0,0,1
395,10,29500,0,0,1
395,11,29500,0,0,1
395,12,29500,0,0,1
395,13,29500,0,0,1
395,14,29500,0,0,1
395,15,29500,0,0,1
396,0,22210,469.5850222,604,3
396,1,29403,243.9547957,202,3
396,2,29500,0,0,1
396,3,29500,0,0,1
396,4,29500,0,0,1
396,5,29500,0,0,1
396,6,29500,0,0,1
396,7,29500,0,0,1
396,8,29500,0,0,1
396,9,29500,0,0,1
396,10,29500,0,0,1
396,11,29500,0,0,1
396,12,29500,0,0,1
396,13,29500,0,0,1
396,14,29500,0,0,1
396,15,29500,0,0,1
397,0,20434,387.7393618,811,3
397,1,29463,110.6487403,176,2
397,2,29600,0,0,1
397,3,29600,0,0,1
397,4,29600,0,0,1
397,5,29600,0,0,1
397,6,29600,0,0,1
397,7,29600,0,0,1
397,8,29600,0,0,1
397,9,29600,0,0,1
397,10,29600,0,0,1
397,11,29600,0,0,1
397,12,29600,0,0,1
397,13,29600,0,0,1
397,14,29600,0,0,1
397,15,29600,0,0,1
398,0,21397,458.4978063,1028,3
398,1,29126,331.256709,378,3
398,2,29200,0,0,1
398,3,29200,0,0,1
398,4,29200,0,0,1
398,5,29200,0,0,1
398,6,29200,0,0,1
398,7,29200,0,0,1
398,8,29200,0,0,1
398,9,29200,0,0,1
398,10,29200,0,0,1
398,11,29200,0,0,1
398,12,29200,0,0,1
398,13,29200,0,0,1
398,14,29200,0,0,1
398,15,29200,0,0,1
399,0,20918,458.7503553,770,4
399,1,28975,232.1335117,299,3
399,2,29100,47.44,34,2
399,3,29100,0,0,1
399,4,29100,0,0,1
399,5,29100,0,0,1
399,6,29100,0,0,1
399,7,29100,0,0,1
399,8,29100,0,0,1
399,9,29100,0,0,1
399,10,29100,0,0,1
399,11,29100,0,0,1
399,12,29100,0,0,1
399,13,29100,0,0,1
399,14,29100,0,0,1
399,15,29100,0,0,1
400,0,20059,534.6321159,961,4
400,1,29353,263.5493491,503,3
400,2,29500,65.44,43,3
400,3,29500,0,0,1
400,4,29500,0,0,1
400,5,29500,0,0,1
400,6,29500,0,0,1
400,7,29500,0,0,1
400,8,29500,0,0,1
400,9,29500,0,0,1
400,10,29500,0,0,1
400,11,29500,0,0,1
400,12,29500,0,0,1
400,13,29500,0,0,1
400,14,29500,0,0,1
400,15,29500,0,0,1
401,0,20205,526.2248025,1104,3
401,1,28910,144.98,295,2
401,2,29100,16.38,9,2
401,3,29100,0,0,1
401,4,29100,0,0,1
401,5,29100,0,0,1
401,6,29100,0,0,1
401,7,29100,0,0,1
401,8,29100,0,0,1
401,9,29100,0,0,1
401,10,29100,0,0,1
401,11,29100,0,0,1
401,12,29100,0,0,1
401,13,29100,0,0,1
401,14,29100,0,0,1
401,15,29100,0,0,1
402,0,21349,410.0211657,711,3
402,1,29213,48.54790987,29,2
402,2,29300,0,0,1
402,3,29300,0,0,1
402,4,29300,0,0,1
402,5,29300,0,0,1
402,6,29300,0,0,1
402,7,29300,0,0,1
402,8,29300,0,0,1
402,9,29300,0,0,1
402,10,29300,0,0,1
402,11,29300,0,0,1
402,12,29300,0,0,1
402,13,29300,0,0,1
402,14,29300,0,0,1
402,15,29300,0,0,1
403,0,21388,417.2424652,644,3
403,1,29259,211.1813144,224,3
403,2,29400,0,0,1
403,3,29400,0,0,1
403,4,29400,0,0,1
403,5,29400,0,0,1
403,6,29400,0,0,1
403,7,29400,0,0,1
403,8,29400,0,0,1
403,9,29400,0,0,1
403,10,29400,0,0,1
403,11,29400,0,0,1
403,12,29400,0,0,1
403,13,29400,0,0,1
403,14,29400,0,0,1
403,15,29400,0,0,1
404,0,19811,556.0873769,1111,6
404,1,29341,186.4231072,226,3
404,2,29500,0,0,1
404,3,29500,0,0,1
404,4,29500,0,0,1
404,5,29500,0,0,1
404,6,29500,0,0,1
404,7,29500,0,0,1
404,8,29500,0,0,1
404,9,29500,0,0,1
404,10,29500,0,0,1
404,11,29500,0,0,1
404,12,29500,0,0,1
404,13,29500,0,0,1
404,14,29500,0,0,1
404,15,29500,0,0,1
405,0,21634,377.3803304,653,3
405,1,29265,266.1753977,301,4
405,2,29400,42,70,2
405,3,29400,0,0,1
405,4,29400,0,0,1
405,5,29400,0,0,1
405,6,29400,0,0,1
405,7,29400,0,0,1
405,8,29400,0,0,1
405,9,29400,0,0,1
405,10,29400,0,0,1
405,11,29400,0,0,1
405,12,29400,0,0,1
405,13,29400,0,0,1
405,14,29400,0,0,1
405,15,29400,0,0,1
406,0,21429,547.1949348,884,3
406,1,29302,253.0341176,355,3
406,2,29400,0,0,1
406,3,29400,0,0,1
406,4,29400,0,0,1
406,5,29400,0,0,1
406,6,29400,0,0,1
406,7,29400,0,0,1
406,8,29400,0,0,1
406,9,29400,0,0,1
406,10,29400,0,0,1
406,11,29400,0,0,1
406,12,29400,0,0,1
406,13,29400,0,0,1
406,14,29400,0,0,1
406,15,29400,0,0,1
407,0,21531,565.947154,1102,3
407,1,29194,119.72,252,2
407,2,29300,0,0,1
407,3,29300,0,0,1
407,4,29300,0,0,1
407,5,29300,0,0,1
407,6,29300,0,0,1
407,7,29300,0,0,1
407,8,29300,0,0,1
407,9,29300,0,0,1
407,10,29300,0,0,1
407,11,29300,0,0,1
407,12,29300,0,0,1
407,13,29300,0,0,1
407,14,29300,0,0,1
407,15,29300,0,0,1
408,0,21314,391.2390798,504,4
408,1,29011,239.4880086,209,2
408,2,29300,0,0,1
408,3,29300,0,0,1
408,4,29300,0,0,1
408,5,29300,0,0,1
408,6,29300,0,0,1
408,7,29300,0,0,1
408,8,29300,0,0,1
408,9,29300,0,0,1
408,10,29300,0,0,1
408,11,29300,0,0,1
408,12,29300,0,0,1
408,13,29300,0,0,1
408,14,29300,0,0,1
408,15,29300,0,0,1
409,0,21538,261.439215,384,4
409,1,29288,166.6285902,136,2
409,2,29400,7.68,4,2
409,3,29400,0,0,1
409,4,29400,0,0,1
409,5,29400,0,0,1
409,6,29400,0,0,1
409,7,29400,0,0,1
409,8,29400,0,0,1
409,9,29400,0,0,1
409,10,29400,0,0,1
409,11,29400,0,0,1
409,12,29400,0,0,1
409,13,29400,0,0,1
409,14,29400,0,0,1
409,15,29400,0,0,1
410,0,20888,474.9696271,598,4
410,1,29161,212.6404748,179,3
410,2,29400,0,0,1
410,3,29400,0,0,1
410,4,29400,0,0,1
410,5,29400,0,0,1
410,6,29400,0,0,1
410,7,29400,0,0,1
410,8,29400,0,0,1
410,9,29400,0,0,1
410,10,29400,0,0,1
410,11,29400,0,0,1
410,12,29400,0,0,1
410,13,29400,0,0,1
410,14,29400,0,0,1
410,15,29400,0,0,1
411,0,21469,469.4995048,790,3
411,1,28873,270.3084958,279,3
411,2,29300,1.98,1,2
411,3,29300,0,0,1
411,4,29300,0,0,1
411,5,29300,0,0,1
411,6,29300,0,0,1
411,7,29300,0,0,1
411,8,29300,0,0,1
411,9,29300,0,0,1
411,10,29300,0,0,1
411,11,29300,0,0,1
411,12,29300,0,0,1
411,13,29300,0,0,1
411,14,29300,0,0,1
411,15,29300,0,0,1
412,0,21578,671.8323345,818,3
412,1,28995,246.7254668,296,2
412,2,29191,3.96,2,2
412,3,29200,1.98,1,2
412,4,29200,0,0,1
412,5,29200,0,0,1
412,6,29200,0,0,1
412,7,29200,0,0,1
412,8,29200,0,0,1
412,9,29200,0,0,1
412,10,29200,0,0,1
412,11,29200,0,0,1
412,12,29200,0,0,1
412,13,29200,0,0,1
412,14,29200,0,0,1
412,15,29200,0,0,1
413,0,20046,527.9827382,842,4
413,1,28947,276.07203,319,3
413,2,29300,52.64,60,2
413,3,29300,0,0,1
413,4,29300,0,0,1
413,5,29300,0,0,1
413,6,29300,0,0,1
413,7,29300,0,0,1
413,8,29300,0,0,1
413,9,29300,0,0,1
413,10,29300,0,0,1
413,11,29300,0,0,1
413,12,29300,0,0,1
413,13,29300,0,0,1
413,14,29300,0,0,1
413,15,29300,0,0,1
414,0,20635,438.0539962,975,3
414,1,29009,211.7507377,184,4
414,2,29300,0,0,1
414,3,29300,0,0,1
414,4,29300,0,0,1
414,5,29300,0,0,1
414,6,29300,0,0,1
414,7,29300,0,0,1
414,8,29300,0,0,1
414,9,29300,0,0,1
414,10,29300,0,0,1
414,11,29300,0,0,1
414,12,29300,0,0,1
414,13,29300,0,0,1
414,14,29300,0,0,1
414,15,29300,0,0,1
415,0,19799,654.8588555,709,3
415,1,29104,253.5702084,326,3
415,2,29299,3.92,2,2
415,3,29300,0,0,1
415,4,29300,0,0,1
415,5,29300,0,0,1
415,6,29300,0,0,1
415,7,29300,0,0,1
415,8,29300,0,0,1
415,9,29300,0,0,1
415,10,29300,0,0,1
415,11,29300,0,0,1
415,12,29300,0,0,1
415,13,29300,0,0,1
415,14,29300,0,0,1
415,15,29300,0,0,1
416,0,19968,430.7624246,921,3
416,1,29120,151.5501857,207,3
416,2,29400,66.34,115,3
416,3,29400,0,0,1
416,4,29400,0,0,1
416,5,29400,0,0,1
416,6,29400,0,0,1
416,7,29400,0,0,1
416,8,29400,0,0,1
416,9,29400,0,0,1
416,10,29400,0,0,1
416,11,29400,0,0,1
416,12,29400,0,0,1
416,13,29400,0,0,1
416,14,29400,0,0,1
416,15,29400,0,0,1
417,0,20961,381.3494964,696,4
417,1,29445,139.6517567,129,2
417,2,29500,0,0,1
417,3,29500,0,0,1
417,4,29500,0,0,1
417,5,29500,0,0,1
417,6,29500,0,0,1
417,7,29500,0,0,1
417,8,29500,0,0,1
417,9,29500,0,0,1
417,10,29500,0,0,1
417,11,29500,0,0,1
417,12,29500,0,0,1
417,13,29500,0,0,1
417,14,29500,0,0,1
417,15,29500,0,0,1
418,0,21583,464.8582935,589,3
418,1,29316,127.0017554,289,2
418,2,29400,0,0,1
418,3,29400,0,0,1
418,4,29400,0,0,1
418,5,29400,0,0,1
418,6,29400,0,0,1
418,7,29400,0,0,1
418,8,29400,0,0,1
418,9,29400,0,0,1
418,10,29400,0,0,1
418,11,29400,0,0,1
418,12,29400,0,0,1
418,13,29400,0,0,1
418,14,29400,0,0,1
418,15,29400,0,0,1
419,0,21029,609.7311083,1355,4
419,1,29526,110.3534936,114,2
419,2,29600,21.12,12,2
419,3,29600,0,0,1
419,4,29600,0,0,1
419,5,29600,0,0,1
419,6,29600,0,0,1
419,7,29600,0,0,1
419,8,29600,0,0,1
419,9,29600,0,0,1
419,10,29600,0,0,1
419,11,29600,0,0,1
419,12,29600,0,0,1
419,13,29600,0,0,1
419,14,29600,0,0,1
419,15,29600,0,0,1
420,0,19977,542.951045,1239,5
420,1,29199,327.5914474,436,2
420,2,29400,54.2,78,2
420,3,29400,0,0,1
420,4,29400,0,0,1
420,5,29400,0,0,1
420,6,29400,0,0,1
420,7,29400,0,0,1
420,8,29400,0,0,1
420,9,29400,0,0,1
420,10,29400,0,0,1
420,11,29400,0,0,1
420,12,29400,0,0,1
420,13,29400,0,0,1
420,14,29400,0,0,1
420,15,29400,0,0,1
421,0,21024,681.3211586,1142,3
421,1,29149,216.2654545,195,2
421,2,29200,49.98,51,2
421,3,29200,0,0,1
421,4,29200,0,0,1
421,5,29200,0,0,1
421,6,29200,0,0,1
421,7,29200,0,0,1
421,8,29200,0,0,1
421,9,29200,0,0,1
421,10,29200,0,0,1
421,11,29200,0,0,1
421,12,29200,0,0,1
421,13,29200,0,0,1
421,14,29200,0,0,1
421,15,29200,0,0,1
422,0,21019,530.6672265,946,3
422,1,29324,152.5808012,162,3
422,2,29500,53.46,57,2
422,3,29500,0,0,1
422,4,29500,0,0,1
422,5,29500,0,0,1
422,6,29500,0,0,1
422,7,29500,0,0,1
422,8,29500,0,0,1
422,9,29500,0,0,1
422,10,29500,0,0,1
422,11,29500,0,0,1
422,12,29500,0,0,1
422,13,29500,0,0,1
422,14,29500,0,0,1
422,15,29500,0,0,1
423,0,20988,381.784501,894,3
423,1,28775,131.238597,323,2
423,2,29000,0,0,1
423,3,29000,0,0,1
423,4,29000,0,0,1
423,5,29000,0,0,1
423,6,29000,0,0,1
423,7,29000,0,0,1
423,8,29000,0,0,1
423,9,29000,0,0,1
423,10,29000,0,0,1
423,11,29000,0,0,1
423,12,29000,0,0,1
423,13,29000,0,0,1
423,14,29000,0,0,1
423,15,29000,0,0,1
424,0,20656,668.1928109,1369,3
424,1,29224,102.3102439,75,2
424,2,29297,0,0,1
424,3,29300,0,0,1
424,4,29300,0,0,1
424,5,29300,0,0,1
424,6,29300,0,0,1
424,7,29300,0,0,1
424,8,29300,0,0,1
424,9,29300,0,0,1
424,10,29300,0,0,1
424,11,29300,0,0,1
424,12,29300,0,0,1
424,13,29300,0,0,1
424,14,29300,0,0,1
424,15,29300,0,0,1
425,0,21331,528.8411299,691,4
425,1,29074,64.42613439,37,2
425,2,29299,0,0,1
425,3,29300,0,0,1
425,4,29300,0,0,1
425,5,29300,0,0,1
425,6,29300,0,0,1
425,7,29300,0,0,1
425,8,29300,0,0,1
425,9,29300,0,0,1
425,10,29300,0,0,1
425,11,29300,0,0,1
425,12,29300,0,0,1
425,13,29300,0,0,1
425,14,29300,0,0,1
425,15,29300,0,0,1
426,0,21664,347.4974398,764,3
426,1,29483,236.9776768,262,2
426,2,29600,3.96,2,2
426,3,29600,0,0,1
426,4,29600,0,0,1
426,5,29600,0,0,1
426,6,29600,0,0,1
426,7,29600,0,0,1
426,8,29600,0,0,1
426,9,29600,0,0,1
426,10,29600,0,0,1
426,11,29600,0,0,1
426,12,29600,0,0,1
426,13,29600,0,0,1
426,14,29600,0,0,1
426,15,29600,0,0,1
427,0,19757,352.2327996,703,5
427,1,28736,263.8836981,171,2
427,2,28999,47.58,39,2
427,3,29000,0,0,1
427,4,29000,0,0,1
427,5,29000,0,0,1
427,6,29000,0,0,1
427,7,29000,0,0,1
427,8,29000,0,0,1
427,9,29000,0,0,1
427,10,29000,0,0,1
427,11,29000,0,0,1
427,12,29000,0,0,1
427,13,29000,0,0,1
427,14,29000,0,0,1
427,15,29000,0,0,1
428,0,20975,470.2057396,779,3
428,1,28966,88.6982971,148,2
428,2,29100,0,0,1
428,3,29100,0,0,1
428,4,29100,0,0,1
428,5,29100,0,0,1
428,6,29100,0,0,1
428,7,29100,0,0,1
428,8,29100,0,0,1
428,9,29100,0,0,1
428,10,29100,0,0,1
428,11,29100,0,0,1
428,12,29100,0,0,1
428,13,29100,0,0,1
428,14,29100,0,0,1
428,15,29100,0,0,1
429,0,20385,331.3553798,789,3
429,1,29314,58.60963832,131,4
429,2,29500,0,0,1
429,3,29500,0,0,1
429,4,29500,0,0,1
429,5,29500,0,0,1
429,6,29500,0,0,1
429,7,29500,0,0,1
429,8,29500,0,0,1
429,9,29500,0,0,1
429,10,29500,0,0,1
429,11,29500,0,0,1
429,12,29500,0,0,1
429,13,29500,0,0,1
429,14,29500,0,0,1
429,15,29500,0,0,1
430,0,20467,375.8695769,565,3
430,1,29281,104.96,100,2
430,2,29500,41.42,23,2
430,3,29500,0,0,1
430,4,29500,0,0,1
430,5,29500,0,0,1
430,6,29500,0,0,1
430,7,29500,0,0,1
430,8,29500,0,0,1
430,9,29500,0,0,1
430,10,29500,0,0,1
430,11,29500,0,0,1
430,12,29500,0,0,1
430,13,29500,0,0,1
430,14,29500,0,0,1
430,15,29500,0,0,1
431,0,21074,568.162083,738,4
431,1,29290,149.3577778,346,2
431,2,29400,0,0,1
431,3,29400,0,0,1
431,4,29400,0,0,1
431,5,29400,0,0,1
431,6,29400,0,0,1
431,7,29400,0,0,1
431,8,29400,0,0,1
431,9,29400,0,0,1
431,10,29400,0,0,1
431,11,29400,0,0,1
431,12,29400,0,0,1
431,13,29400,0,0,1
431,14,29400,0,0,1
431,15,29400,0,0,1
432,0,22119,573.4241238,1131,4
432,1,29281,136.7899937,82,2
432,2,29400,3.92,2,2
432,3,29400,0,0,1
432,4,29400,0,0,1
432,5,29400,0,0,1
432,6,29400,0,0,1
432,7,29400,0,0,1
432,8,29400,0,0,1
432,9,29400,0,0,1
432,10,29400,0,0,1
432,11,29400,0,0,1
432,12,29400,0,0,1
432,13,29400,0,0,1
432,14,29400,0,0,1
432,15,29400,0,0,1
433,0,21908,469.641359,947,3
433,1,29195,237.9734066,472,2
433,2,29400,0,0,1
433,3,29400,0,0,1
433,4,29400,0,0,1
433,5,29400,0,0,1
433,6,29400,0,0,1
433,7,29400,0,0,1
433,8,29400,0,0,1
433,9,29400,0,0,1
433,10,29400,0,0,1
433,11,29400,0,0,1
433,12,29400,0,0,1
433,13,29400,0,0,1
433,14,29400,0,0,1
433,15,29400,0,0,1
434,0,20959,503.2454305,1032,3
434,1,29176,300.5445816,248,2
434,2,29400,0,0,1
434,3,29400,0,0,1
434,4,29400,0,0,1
434,5,29400,0,0,1
434,6,29400,0,0,1
434,7,29400,0,0,1
434,8,29400,0,0,1
434,9,29400,0,0,1
434,10,29400,0,0,1
434,11,29400,0,0,1
434,12,29400,0,0,1
434,13,29400,0,0,1
434,14,29400,0,0,1
434,15,29400,0,0,1
435,0,20494,448.1647612,629,3
435,1,29290,214.1410145,366,2
435,2,29500,0,0,1
435,3,29500,0,0,1
435,4,29500,0,0,1
435,5,29500,0,0,1
435,6,29500,0,0,1
435,7,29500,0,0,1
435,8,29500,0,0,1
435,9,29500,0,0,1
435,10,29500,0,0,1
435,11,29500,0,0,1
435,12,29500,0,0,1
435,13,29500,0,0,1
435,14,29500,0,0,1
435,15,29500,0,0,1
436,0,19850,628.7257632,905,4
436,1,29165,270.643368,278,3
436,2,29300,0,0,1
436,3,29300,0,0,1
436,4,29300,0,0,1
436,5,29300,0,0,1
436,6,29300,0,0,1
436,7,29300,0,0,1
436,8,29300,0,0,1
436,9,29300,0,0,1
436,10,29300,0,0,1
436,11,29300,0,0,1
436,12,29300,0,0,1
436,13,29300,0,0,1
436,14,29300,0,0,1
436,15,29300,0,0,1
437,0,20659,461.2682512,709,3
437,1,29131,250.1672302,382,3
437,2,29300,1.98,1,2
437,3,29300,0,0,1
437,4,29300,0,0,1
437,5,29300,0,0,1
437,6,29300,0,0,1
437,7,29300,0,0,1
437,8,29300,0,0,1
437,9,29300,0,0,1
437,10,29300,0,0,1
437,11,29300,0,0,1
437,12,29300,0,0,1
437,13,29300,0,0,1
437,14,29300,0,0,1
437,15,29300,0,0,1
438,0,21416,606.0964247,1000,4
438,1,29336,309.7123667,407,2
438,2,29500,11.28,6,2
438,3,29500,0,0,1
438,4,29500,0,0,1
438,5,29500,0,0,1
438,6,29500,0,0,1
438,7,29500,0,0,1
438,8,29500,0,0,1
438,9,29500,0,0,1
438,10,29500,0,0,1
438,11,29500,0,0,1
438,12,29500,0,0,1
438,13,29500,0,0,1
438,14,29500,0,0,1
438,15,29500,0,0,1
439,0,22305,610.6624482,981,4
439,1,29291,141.9866667,254,2
439,2,29400,0,0,1
439,3,29400,0,0,1
439,4,29400,0,0,1
439,5,29400,0,0,1
439,6,29400,0,0,1
439,7,29400,0,0,1
439,8,29400,0,0,1
439,9,29400,0,0,1
439,10,29400,0,0,1
439,11,29400,0,0,1
439,12,29400,0,0,1
439,13,29400,0,0,1
439,14,29400,0,0,1
439,15,29400,0,0,1
440,0,21353,382.6528622,691,3
440,1,29300,127.1039133,237,3
440,2,29399,47.58,61,2
440,3,29400,1.98,1,2
440,4,29400,1.98,1,2
440,5,29400,0,0,1
440,6,29400,0,0,1
440,7,29400,0,0,1
440,8,29400,0,0,1
440,9,29400,0,0,1
440,10,29400,0,0,1
440,11,29400,0,0,1
440,12,29400,0,0,1
440,13,29400,0,0,1
440,14,29400,0,0,1
440,15,29400,0,0,1
441,0,19751,686.0626224,1014,3
441,1,29286,151.5713992,121,2
441,2,29400,0,0,1
441,3,29400,0,0,1
441,4,29400,0,0,1
441,5,29400,0,0,1
441,6,29400,0,0,1
441,7,29400,0,0,1
441,8,29400,0,0,1
441,9,29400,0,0,1
441,10,29400,0,0,1
441,11,29400,0,0,1
441,12,29400,0,0,1
441,13,29400,0,0,1
441,14,29400,0,0,1
441,15,29400,0,0,1
442,0,20094,594.0693586,1206,3
442,1,28865,140.572417,179,2
442,2,29100,36.48,24,2
442,3,29100,0,0,1
442,4,29100,0,0,1
442,5,29100,0,0,1
442,6,29100,0,0,1
442,7,29100,0,0,1
442,8,29100,0,0,1
442,9,29100,0,0,1
442,10,29100,0,0,1
442,11,29100,0,0,1
442,12,29100,0,0,1
442,13,29100,0,0,1
442,14,29100,0,0,1
442,15,29100,0,0,1
443,0,21689,363.6963675,595,4
443,1,29267,229.4876822,277,2
443,2,29400,3.92,2,2
443,3,29400,0,0,1
443,4,29400,0,0,1
443,5,29400,0,0,1
443,6,29400,0,0,1
443,7,29400,0,0,1
443,8,29400,0,0,1
443,9,29400,0,0,1
443,10,29400,0,0,1
443,11,29400,0,0,1
443,12,29400,0,0,1
443,13,29400,0,0,1
443,14,29400,0,0,1
443,15,29400,0,0,1
444,0,21008,272.0392602,394,3
444,1,29249,334.2759304,315,3
444,2,29400,0,0,1
444,3,29400,0,0,1
444,4,29400,0,0,1
444,5,29400,0,0,1
444,6,29400,0,0,1
444,7,29400,0,0,1
444,8,29400,0,0,1
444,9,29400,0,0,1
444,10,29400,0,0,1
444,11,29400,0,0,1
444,12,29400,0,0,1
444,13,29400,0,0,1
444,14,29400,0,0,1
444,15,29400,0,0,1
445,0,20562,416.4495896,585,3
445,1,29196,114.3737374,112,4
445,2,29399,0,0,1
445,3,29400,0,0,1
445,4,29400,0,0,1
445,5,29400,0,0,1
445,6,29400,0,0,1
445,7,29400,0,0,1
445,8,29400,0,0,1
445,9,29400,0,0,1
445,10,29400,0,0,1
445,11,29400,0,0,1
445,12,29400,0,0,1
445,13,29400,0,0,1
445,14,29400,0,0,1
445,15,29400,0,0,1
446,0,21367,375.4462005,611,3
446,1,29364,72.91357306,120,2
446,2,29500,3.92,2,2
446,3,29500,0,0,1
446,4,29500,0,0,1
446,5,29500,0,0,1
446,6,29500,0,0,1
446,7,29500,0,0,1
446,8,29500,0,0,1
446,9,29500,0,0,1
446,10,29500,0,0,1
446,11,29500,0,0,1
446,12,29500,0,0,1
446,13,29500,0,0,1
446,14,29500,0,0,1
446,15,29500,0,0,1
447,0,20129,425.5875224,885,3
447,1,29244,217.8253581,286,2
447,2,29400,0,0,1
447,3,29400,0,0,1
447,4,29400,0,0,1
447,5,29400,0,0,1
447,6,29400,0,0,1
447,7,29400,0,0,1
447,8,29400,0,0,1
447,9,29400,0,0,1
447,10,29400,0,0,1
447,11,29400,0,0,1
447,12,29400,0,0,1
447,13,29400,0,0,1
447,14,29400,0,0,1
447,15,29400,0,0,1
448,0,21652,714.6272701,965,3
448,1,29235,154.9658864,122,2
448,2,29400,19.58,11,2
448,3,29400,0,0,1
448,4,29400,0,0,1
448,5,29400,0,0,1
448,6,29400,0,0,1
448,7,29400,0,0,1
448,8,29400,0,0,1
448,9,29400,0,0,1
448,10,29400,0,0,1
448,11,29400,0,0,1
448,12,29400,0,0,1
448,13,29400,0,0,1
448,14,29400,0,0,1
448,15,29400,0,0,1
449,0,20574,426.5503786,575,3
449,1,29383,69.30087845,47,2
449,2,29500,0,0,1
449,3,29500,0,0,1
449,4,29500,0,0,1
449,5,29500,0,0,1
449,6,29500,0,0,1
449,7,29500,0,0,1
449,8,29500,0,0,1
449,9,29500,0,0,1
449,10,29500,0,0,1
449,11,29500,0,0,1
449,12,29500,0,0,1
449,13,29500,0,0,1
449,14,29500,0,0,1
449,15,29500,0,0,1
450,0,21515,410.4502586,572,3
450,1,28839,238.0834547,385,3
450,2,29195,0,0,1
450,3,29198,0,0,1
450,4,29200,0,0,1
450,5,29200,0,0,1
450,6,29200,0,0,1
450,7,29200,0,0,1
450,8,29200,0,0,1
450,9,29200,0,0,1
450,10,29200,0,0,1
450,11,29200,0,0,1
450,12,29200,0,0,1
450,13,29200,0,0,1
450,14,29200,0,0,1
450,15,29200,0,0,1
451,0,20685,503.6011753,1245,4
451,1,29264,187.2257031,342,3
451,2,29400,0,0,1
451,3,29400,0,0,1
451,4,29400,0,0,1
451,5,29400,0,0,1
451,6,29400,0,0,1
451,7,29400,0,0,1
451,8,29400,0,0,1
451,9,29400,0,0,1
451,10,29400,0,0,1
451,11,29400,0,0,1
451,12,29400,0,0,1
451,13,29400,0,0,1
451,14,29400,0,0,1
451,15,29400,0,0,1
452,0,21371,478.24747,615,3
452,1,29299,111.2695355,74,2
452,2,29400,0,0,1
452,3,29400,0,0,1
452,4,29400,0,0,1
452,5,29400,0,0,1
452,6,29400,0,0,1
452,7,29400,0,0,1
452,8,29400,0,0,1
452,9,29400,0,0,1
452,10,29400,0,0,1
452,11,29400,0,0,1
452,12,29400,0,0,1
452,13,29400,0,0,1
452,14,29400,0,0,1
452,15,29400,0,0,1
453,0,20836,473.4788741,1045,3
453,1,29049,478.6806803,614,3
453,2,29291,48.72,58,2
453,3,29300,0,0,1
453,4,29300,0,0,1
453,5,29300,0,0,1
453,6,29300,0,0,1
453,7,29300,0,0,1
453,8,29300,0,0,1
453,9,29300,0,0,1
453,10,29300,0,0,1
453,11,29300,0,0,1
453,12,29300,0,0,1
453,13,29300,0,0,1
453,14,29300,0,0,1
453,15,29300,0,0,1
454,0,20681,661.4635485,948,5
454,1,29162,141.8714437,156,2
454,2,29300,1.98,1,2
454,3,29300,0,0,1
454,4,29300,0,0,1
454,5,29300,0,0,1
454,6,29300,0,0,1
454,7,29300,0,0,1
454,8,29300,0,0,1
454,9,29300,0,0,1
454,10,29300,0,0,1
454,11,29300,0,0,1
454,12,29300,0,0,1
454,13,29300,0,0,1
454,14,29300,0,0,1
454,15,29300,0,0,1
455,0,20808,398.1222238,805,3
455,1,29140,308.8946665,250,3
455,2,29300,49.68,54,2
455,3,29300,0,0,1
455,4,29300,0,0,1
455,5,29300,0,0,1
455,6,29300,0,0,1
455,7,29300,0,0,1
455,8,29300,0,0,1
455,9,29300,0,0,1
455,10,29300,0,0,1
455,11,29300,0,0,1
455,12,29300,0,0,1
455,13,29300,0,0,1
455,14,29300,0,0,1
455,15,29300,0,0,1
456,0,21177,463.7622624,962,3
456,1,29002,113.0682353,124,5
456,2,29100,7.68,4,2
456,3,29100,0,0,1
456,4,29100,0,0,1
456,5,29100,0,0,1
456,6,29100,0,0,1
456,7,29100,0,0,1
456,8,29100,0,0,1
456,9,29100,0,0,1
456,10,29100,0,0,1
456,11,29100,0,0,1
456,12,29100,0,0,1
456,13,29100,0,0,1
456,14,29100,0,0,1
456,15,29100,0,0,1
457,0,20335,378.3613677,542,4
457,1,29317,130.5210101,194,2
457,2,29400,3.92,2,2
457,3,29400,0,0,1
457,4,29400,0,0,1
457,5,29400,0,0,1
457,6,29400,0,0,1
457,7,29400,0,0,1
457,8,29400,0,0,1
457,9,29400,0,0,1
457,10,29400,0,0,1
457,11,29400,0,0,1
457,12,29400,0,0,1
457,13,29400,0,0,1
457,14,29400,0,0,1
457,15,29400,0,0,1
458,0,20302,445.9723255,943,3
458,1,28867,182.2497817,258,3
458,2,29092,9.89979798,5,2
458,3,29100,0,0,1
458,4,29100,0,0,1
458,5,29100,0,0,1
458,6,29100,0,0,1
458,7,29100,0,0,1
458,8,29100,0,0,1
458,9,29100,0,0,1
458,10,29100,0,0,1
458,11,29100,0,0,1
458,12,29100,0,0,1
458,13,29100,0,0,1
458,14,29100,0,0,1
458,15,29100,0,0,1
459,0,20233,612.3938045,1081,3
459,1,28955,532.2068979,627,3
459,2,29400,54.92,60,2
459,3,29400,0,0,1
459,4,29400,0,0,1
459,5,29400,0,0,1
459,6,29400,0,0,1
459,7,29400,0,0,1
459,8,29400,0,0,1
459,9,29400,0,0,1
459,10,29400,0,0,1
459,11,29400,0,0,1
459,12,29400,0,0,1
459,13,29400,0,0,1
459,14,29400,0,0,1
459,15,29400,0,0,1
460,0,20946,476.2364121,952,4
460,1,29158,115.885101,141,2
460,2,29200,0,0,1
460,3,29200,0,0,1
460,4,29200,0,0,1
460,5,29200,0,0,1
460,6,29200,0,0,1
460,7,29200,0,0,1
460,8,29200,0,0,1
460,9,29200,0,0,1
460,10,29200,0,0,1
460,11,29200,0,0,1
460,12,29200,0,0,1
460,13,29200,0,0,1
460,14,29200,0,0,1
460,15,29200,0,0,1
461,0,20516,280.3717624,423,4
461,1,29474,148.2264018,165,2
461,2,29600,26.88,16,2
461,3,29600,0,0,1
461,4,29600,0,0,1
461,5,29600,0,0,1
461,6,29600,0,0,1
461,7,29600,0,0,1
461,8,29600,0,0,1
461,9,29600,0,0,1
461,10,29600,0,0,1
461,11,29600,0,0,1
461,12,29600,0,0,1
461,13,29600,0,0,1
461,14,29600,0,0,1
461,15,29600,0,0,1
462,0,22006,232.119958,572,3
462,1,29179,320.4437037,332,3
462,2,29400,0,0,1
462,3,29400,0,0,1
462,4,29400,0,0,1
462,5,29400,0,0,1
462,6,29400,0,0,1
462,7,29400,0,0,1
462,8,29400,0,0,1
462,9,29400,0,0,1
462,10,29400,0,0,1
462,11,29400,0,0,1
462,12,29400,0,0,1
462,13,29400,0,0,1
462,14,29400,0,0,1
462,15,29400,0,0,1
463,0,21434,534.7135382,708,4
463,1,29092,109.8266667,70,2
463,2,29200,0,0,1
463,3,29200,0,0,1
463,4,29200,0,0,1
463,5,29200,0,0,1
463,6,29200,0,0,1
463,7,29200,0,0,1
463,8,29200,0,0,1
463,9,29200,0,0,1
463,10,29200,0,0,1
463,11,29200,0,0,1
463,12,29200,0,0,1
463,13,29200,0,0,1
463,14,29200,0,0,1
463,15,29200,0,0,1
464,0,19124,479.3320506,741,3
464,1,29022,366.8921587,566,2
464,2,29190,5.9,3,2
464,3,29200,0,0,1
464,4,29200,0,0,1
464,5,29200,0,0,1
464,6,29200,0,0,1
464,7,29200,0,0,1
464,8,29200,0,0,1
464,9,29200,0,0,1
464,10,29200,0,0,1
464,11,29200,0,0,1
464,12,29200,0,0,1
464,13,29200,0,0,1
464,14,29200,0,0,1
464,15,29200,0,0,1
465,0,21414,530.7647297,1130,3
465,1,29031,140.1326334,295,3
465,2,29300,34.32,22,2
465,3,29300,0,0,1
465,4,29300,0,0,1
465,5,29300,0,0,1
465,6,29300,0,0,1
465,7,29300,0,0,1
465,8,29300,0,0,1
465,9,29300,0,0,1
465,10,29300,0,0,1
465,11,29300,0,0,1
465,12,29300,0,0,1
465,13,29300,0,0,1
465,14,29300,0,0,1
465,15,29300,0,0,1
466,0,21035,273.9837945,401,2
466,1,29051,199.0406736,314,2
466,2,29400,34.32,22,2
466,3,29400,34.32,22,2
466,4,29400,0,0,1
466,5,29400,0,0,1
466,6,29400,0,0,1
466,7,29400,0,0,1
466,8,29400,0,0,1
466,9,29400,0,0,1
466,10,29400,0,0,1
466,11,29400,0,0,1
466,12,29400,0,0,1
466,13,29400,0,0,1
466,14,29400,0,0,1
466,15,29400,0,0,1
467,0,19351,457.8817275,674,4
467,1,29172,165.2209848,167,2
467,2,29300,0,0,1
467,3,29300,0,0,1
467,4,29300,0,0,1
467,5,29300,0,0,1
467,6,29300,0,0,1
467,7,29300,0,0,1
467,8,29300,0,0,1
467,9,29300,0,0,1
467,10,29300,0,0,1
467,11,29300,0,0,1
467,12,29300,0,0,1
467,13,29300,0,0,1
467,14,29300,0,0,1
467,15,29300,0,0,1
468,0,21275,497.3917016,1073,4
468,1,29145,155.0837436,244,2
468,2,29499,3.96,2,2
468,3,29500,0,0,1
468,4,29500,0,0,1
468,5,29500,0,0,1
468,6,29500,0,0,1
468,7,29500,0,0,1
468,8,29500,0,0,1
468,9,29500,0,0,1
468,10,29500,0,0,1
468,11,29500,0,0,1
468,12,29500,0,0,1
468,13,29500,0,0,1
468,14,29500,0,0,1
468,15,29500,0,0,1
469,0,20555,446.0884594,560,3
469,1,29193,271.7153158,379,3
469,2,29400,5.9,3,2
469,3,29400,0,0,1
469,4,29400,0,0,1
469,5,29400,0,0,1
469,6,29400,0,0,1
469,7,29400,0,0,1
469,8,29400,0,0,1
469,9,29400,0,0,1
469,10,29400,0,0,1
469,11,29400,0,0,1
469,12,29400,0,0,1
469,13,29400,0,0,1
469,14,29400,0,0,1
469,15,29400,0,0,1
470,0,21134,382.6497748,602,2
470,1,29302,261.2202028,209,2
470,2,29400,5.94,3,2
470,3,29400,1.98,1,2
470,4,29400,0,0,1
470,5,29400,0,0,1
470,6,29400,0,0,1
470,7,29400,0,0,1
470,8,29400,0,0,1
470,9,29400,0,0,1
470,10,29400,0,0,1
470,11,29400,0,0,1
470,12,29400,0,0,1
470,13,29400,0,0,1
470,14,29400,0,0,1
470,15,29400,0,0,1
471,0,21461,447.6672465,595,3
471,1,29162,171.6739535,119,2
471,2,29400,47.12,38,2
471,3,29400,0,0,1
471,4,29400,0,0,1
471,5,29400,0,0,1
471,6,29400,0,0,1
471,7,29400,0,0,1
471,8,29400,0,0,1
471,9,29400,0,0,1
471,10,29400,0,0,1
471,11,29400,0,0,1
471,12,29400,0,0,1
471,13,29400,0,0,1
471,14,29400,0,0,1
471,15,29400,0,0,1
472,0,22367,392.122313,726,3
472,1,29238,237.0485714,237,2
472,2,29500,0,0,1
472,3,29500,0,0,1
472,4,29500,0,0,1
472,5,29500,0,0,1
472,6,29500,0,0,1
472,7,29500,0,0,1
472,8,29500,0,0,1
472,9,29500,0,0,1
472,10,29500,0,0,1
472,11,29500,0,0,1
472,12,29500,0,0,1
472,13,29500,0,0,1
472,14,29500,0,0,1
472,15,29500,0,0,1
473,0,20799,593.5762948,874,4
473,1,29327,330.4079061,449,3
473,2,29499,0,0,1
473,3,29500,0,0,1
473,4,29500,0,0,1
473,5,29500,0,0,1
473,6,29500,0,0,1
473,7,29500,0,0,1
473,8,29500,0,0,1
473,9,29500,0,0,1
473,10,29500,0,0,1
473,11,29500,0,0,1
473,12,29500,0,0,1
473,13,29500,0,0,1
473,14,29500,0,0,1
473,15,29500,0,0,1
474,0,21320,432.3498906,601,3
474,1,29181,201.1925,208,3
474,2,29200,0,0,1
474,3,29200,0,0,1
474,4,29200,0,0,1
474,5,29200,0,0,1
474,6,29200,0,0,1
474,7,29200,0,0,1
474,8,29200,0,0,1
474,9,29200,0,0,1
474,10,29200,0,0,1
474,11,29200,0,0,1
474,12,29200,0,0,1
474,13,29200,0,0,1
474,14,29200,0,0,1
474,15,29200,0,0,1
475,0,21347,802.6655565,1138,3
475,1,29149,194.6902742,237,3
475,2,29300,0,0,1
475,3,29300,0,0,1
475,4,29300,0,0,1
475,5,29300,0,0,1
475,6,29300,0,0,1
475,7,29300,0,0,1
475,8,29300,0,0,1
475,9,29300,0,0,1
475,10,29300,0,0,1
475,11,29300,0,0,1
475,12,29300,0,0,1
475,13,29300,0,0,1
475,14,29300,0,0,1
475,15,29300,0,0,1
476,0,22059,431.7259227,706,3
476,1,29220,202.8838596,195,3
476,2,29596,17.41676768,9,2
476,3,29600,0,0,1
476,4,29600,0,0,1
476,5,29600,0,0,1
476,6,29600,0,0,1
476,7,29600,0,0,1
476,8,29600,0,0,1
476,9,29600,0,0,1
476,10,29600,0,0,1
476,11,29600,0,0,1
476,12,29600,0,0,1
476,13,29600,0,0,1
476,14,29600,0,0,1
476,15,29600,0,0,1
477,0,21142,598.7952214,1233,4
477,1,29058,256.7750137,255,2
477,2,29197,51.44,36,2
477,3,29200,0,0,1
477,4,29200,0,0,1
477,5,29200,0,0,1
477,6,29200,0,0,1
477,7,29200,0,0,1
477,8,29200,0,0,1
477,9,29200,0,0,1
477,10,29200,0,0,1
477,11,29200,0,0,1
477,12,29200,0,0,1
477,13,29200,0,0,1
477,14,29200,0,0,1
477,15,29200,0,0,1
478,0,20594,411.3806083,629,3
478,1,29094,218.0072566,337,2
478,2,29300,38.48,26,2
478,3,29300,0,0,1
478,4,29300,0,0,1
478,5,29300,0,0,1
478,6,29300,0,0,1
478,7,29300,0,0,1
478,8,29300,0,0,1
478,9,29300,0,0,1
478,10,29300,0,0,1
478,11,29300,0,0,1
478,12,29300,0,0,1
478,13,29300,0,0,1
478,14,29300,0,0,1
478,15,29300,0,0,1
479,0,22139,393.4798591,503,3
479,1,29436,354.1648307,321,3
479,2,29500,48.06,37,2
479,3,29500,0,0,1
479,4,29500,0,0,1
479,5,29500,0,0,1
479,6,29500,0,0,1
479,7,29500,0,0,1
479,8,29500,0,0,1
479,9,29500,0,0,1
479,10,29500,0,0,1
479,11,29500,0,0,1
479,12,29500,0,0,1
479,13,29500,0,0,1
479,14,29500,0,0,1
479,15,29500,0,0,1
480,0,20917,714.1436395,894,3
480,1,29331,316.4603642,472,2
480,2,29500,0,0,1
480,3,29500,0,0,1
480,4,29500,0,0,1
480,5,29500,0,0,1
480,6,29500,0,0,1
480,7,29500,0,0,1
480,8,29500,0,0,1
480,9,29500,0,0,1
480,10,29500,0,0,1
480,11,29500,0,0,1
480,12,29500,0,0,1
480,13,29500,0,0,1
480,14,29500,0,0,1
480,15,29500,0,0,1
481,0,20839,770.6407073,1155,3
481,1,29238,235.1804938,286,3
481,2,29300,0,0,1
481,3,29300,0,0,1
481,4,29300,0,0,1
481,5,29300,0,0,1
481,6,29300,0,0,1
481,7,29300,0,0,1
481,8,29300,0,0,1
481,9,29300,0,0,1
481,10,29300,0,0,1
481,11,29300,0,0,1
481,12,29300,0,0,1
481,13,29300,0,0,1
481,14,29300,0,0,1
481,15,29300,0,0,1
482,0,20125,463.68844,871,4
482,1,29439,157.7681818,161,2
482,2,29500,3.92,2,2
482,3,29500,0,0,1
482,4,29500,0,0,1
482,5,29500,0,0,1
482,6,29500,0,0,1
482,7,29500,0,0,1
482,8,29500,0,0,1
482,9,29500,0,0,1
482,10,29500,0,0,1
482,11,29500,0,0,1
482,12,29500,0,0,1
482,13,29500,0,0,1
482,14,29500,0,0,1
482,15,29500,0,0,1
483,0,20902,280.8599309,522,4
483,1,29393,161.3853168,202,3
483,2,29500,49.68,34,2
483,3,29500,0,0,1
483,4,29500,0,0,1
483,5,29500,0,0,1
483,6,29500,0,0,1
483,7,29500,0,0,1
483,8,29500,0,0,1
483,9,29500,0,0,1
483,10,29500,0,0,1
483,11,29500,0,0,1
483,12,29500,0,0,1
483,13,29500,0,0,1
483,14,29500,0,0,1
483,15,29500,0,0,1
484,0,20122,380.5373711,1059,4
484,1,29451,224.2179167,323,2
484,2,29600,26.88,16,2
484,3,29600,0,0,1
484,4,29600,0,0,1
484,5,29600,0,0,1
484,6,29600,0,0,1
484,7,29600,0,0,1
484,8,29600,0,0,1
484,9,29600,0,0,1
484,10,29600,0,0,1
484,11,29600,0,0,1
484,12,29600,0,0,1
484,13,29600,0,0,1
484,14,29600,0,0,1
484,15,29600,0,0,1
485,0,20794,606.0662636,789,4
485,1,29162,78.42403628,132,3
485,2,29499,0,0,1
485,3,29500,0,0,1
485,4,29500,0,0,1
485,5,29500,0,0,1
485,6,29500,0,0,1
485,7,29500,0,0,1
485,8,29500,0,0,1
485,9,29500,0,0,1
485,10,29500,0,0,1
485,11,29500,0,0,1
485,12,29500,0,0,1
485,13,29500,0,0,1
485,14,29500,0,0,1
485,15,29500,0,0,1
486,0,21775,285.6829356,582,3
486,1,29371,93.4,62,2
486,2,29400,0,0,1
486,3,29400,0,0,1
486,4,29400,0,0,1
486,5,29400,0,0,1
486,6,29400,0,0,1
486,7,29400,0,0,1
486,8,29400,0,0,1
486,9,29400,0,0,1
486,10,29400,0,0,1
486,11,29400,0,0,1
486,12,29400,0,0,1
486,13,29400,0,0,1
486,14,29400,0,0,1
486,15,29400,0,0,1
487,0,19903,436.3992539,822,3
487,1,29278,203.7705263,448,3
487,2,29400,46.62,63,2
487,3,29400,0,0,1
487,4,29400,0,0,1
487,5,29400,0,0,1
487,6,29400,0,0,1
487,7,29400,0,0,1
487,8,29400,0,0,1
487,9,29400,0,0,1
487,10,29400,0,0,1
487,11,29400,0,0,1
487,12,29400,0,0,1
487,13,29400,0,0,1
487,14,29400,0,0,1
487,15,29400,0,0,1
488,0,22148,447.2143229,649,3
488,1,29476,176.84,208,2
488,2,29600,0,0,1
488,3,29600,0,0,1
488,4,29600,0,0,1
488,5,29600,0,0,1
488,6,29600,0,0,1
488,7,29600,0,0,1
488,8,29600,0,0,1
488,9,29600,0,0,1
488,10,29600,0,0,1
488,11,29600,0,0,1
488,12,29600,0,0,1
488,13,29600,0,0,1
488,14,29600,0,0,1
488,15,29600,0,0,1
489,0,20813,529.4986188,852,3
489,1,28941,229.0392176,243,2
489,2,29300,34.38,19,2
489,3,29300,0,0,1
489,4,29300,0,0,1
489,5,29300,0,0,1
489,6,29300,0,0,1
489,7,29300,0,0,1
489,8,29300,0,0,1
489,9,29300,0,0,1
489,10,29300,0,0,1
489,11,29300,0,0,1
489,12,29300,0,0,1
489,13,29300,0,0,1
489,14,29300,0,0,1
489,15,29300,0,0,1
490,0,20365,588.1199907,837,4
490,1,29150,290.3326316,476,2
490,2,29400,0,0,1
490,3,29400,0,0,1
490,4,29400,0,0,1
490,5,29400,0,0,1
490,6,29400,0,0,1
490,7,29400,0,0,1
490,8,29400,0,0,1
490,9,29400,0,0,1
490,10,29400,0,0,1
490,11,29400,0,0,1
490,12,29400,0,0,1
490,13,29400,0,0,1
490,14,29400,0,0,1
490,15,29400,0,0,1
491,0,22335,625.6456339,966,3
491,1,29293,145.38,113,3
491,2,29400,0,0,1
491,3,29400,0,0,1
491,4,29400,0,0,1
491,5,29400,0,0,1
491,6,29400,0,0,1
491,7,29400,0,0,1
491,8,29400,0,0,1
491,9,29400,0,0,1
491,10,29400,0,0,1
491,11,29400,0,0,1
491,12,29400,0,0,1
491,13,29400,0,0,1
491,14,29400,0,0,1
491,15,29400,0,0,1
492,0,22186,428.6196819,643,4
492,1,29194,202.9975838,201,2
492,2,29600,0,0,1
492,3,29600,0,0,1
492,4,29600,0,0,1
492,5,29600,0,0,1
492,6,29600,0,0,1
492,7,29600,0,0,1
492,8,29600,0,0,1
492,9,29600,0,0,1
492,10,29600,0,0,1
492,11,29600,0,0,1
492,12,29600,0,0,1
492,13,29600,0,0,1
492,14,29600,0,0,1
492,15,29600,0,0,1
493,0,21742,624.4950072,970,3
493,1,29227,168.6792994,295,3
493,2,29400,0,0,1
493,3,29400,0,0,1
493,4,29400,0,0,1
493,5,29400,0,0,1
493,6,29400,0,0,1
493,7,29400,0,0,1
493,8,29400,0,0,1
493,9,29400,0,0,1
493,10,29400,0,0,1
493,11,29400,0,0,1
493,12,29400,0,0,1
493,13,29400,0,0,1
493,14,29400,0,0,1
493,15,29400,0,0,1
494,0,21062,546.5852967,1031,3
494,1,29035,199.4844444,196,2
494,2,29300,0,0,1
494,3,29300,0,0,1
494,4,29300,0,0,1
494,5,29300,0,0,1
494,6,29300,0,0,1
494,7,29300,0,0,1
494,8,29300,0,0,1
494,9,29300,0,0,1
494,10,29300,0,0,1
494,11,29300,0,0,1
494,12,29300,0,0,1
494,13,29300,0,0,1
494,14,29300,0,0,1
494,15,29300,0,0,1
495,0,20116,231.762504,435,3
495,1,29385,140.4633478,138,3
495,2,29500,0,0,1
495,3,29500,0,0,1
495,4,29500,0,0,1
495,5,29500,0,0,1
495,6,29500,0,0,1
495,7,29500,0,0,1
495,8,29500,0,0,1
495,9,29500,0,0,1
495,10,29500,0,0,1
495,11,29500,0,0,1
495,12,29500,0,0,1
495,13,29500,0,0,1
495,14,29500,0,0,1
495,15,29500,0,0,1
496,0,21415,489.9556673,819,3
496,1,29182,225.8902303,173,2
496,2,29500,49.92,48,2
496,3,29500,0,0,1
496,4,29500,0,0,1
496,5,29500,0,0,1
496,6,29500,0,0,1
496,7,29500,0,0,1
496,8,29500,0,0,1
496,9,29500,0,0,1
496,10,29500,0,0,1
496,11,29500,0,0,1
496,12,29500,0,0,1
496,13,29500,0,0,1
496,14,29500,0,0,1
496,15,29500,0,0,1
497,0,21910,524.1357017,687,2
497,1,29386,101.9393814,227,2
497,2,29500,0,0,1
497,3,29500,0,0,1
497,4,29500,0,0,1
497,5,29500,0,0,1
497,6,29500,0,0,1
497,7,29500,0,0,1
497,8,29500,0,0,1
497,9,29500,0,0,1
497,10,29500,0,0,1
497,11,29500,0,0,1
497,12,29500,0,0,1
497,13,29500,0,0,1
497,14,29500,0,0,1
497,15,29500,0,0,1
498,0,20975,450.1820367,863,3
498,1,29181,217.1857414,210,3
498,2,29300,3.92,2,2
498,3,29300,0,0,1
498,4,29300,0,0,1
498,5,29300,0,0,1
498,6,29300,0,0,1
498,7,29300,0,0,1
498,8,29300,0,0,1
498,9,29300,0,0,1
498,10,29300,0,0,1
498,11,29300,0,0,1
498,12,29300,0,0,1
498,13,29300,0,0,1
498,14,29300,0,0,1
498,15,29300,0,0,1
499,0,22048,507.0539597,761,4
499,1,29067,147.7123232,184,3
499,2,29200,36.48,24,2
499,3,29200,0,0,1
499,4,29200,0,0,1
499,5,29200,0,0,1
499,6,29200,0,0,1
499,7,29200,0,0,1
499,8,29200,0,0,1
499,9,29200,0,0,1
499,10,29200,0,0,1
499,11,29200,0,0,1
499,12,29200,0,0,1
499,13,29200,0,0,1
499,14,29200,0,0,1
499,15,29200,0,0,1
500,0,22094,613.1799508,1059,3
500,1,29314,77.18484848,92,2
500,2,29400,21.12,12,2
500,3,29400,0,0,1
500,4,29400,0,0,1
500,5,29400,0,0,1
500,6,29400,0,0,1
500,7,29400,0,0,1
500,8,29400,0,0,1
500,9,29400,0,0,1
500,10,29400,0,0,1
500,11,29400,0,0,1
500,12,29400,0,0,1
500,13,29400,0,0,1
500,14,29400,0,0,1
500,15,29400,0,0,1
501,0,20573,313.5483053,493,3
501,1,28908,379.5437034,453,3
501,2,29100,0,0,1
501,3,29100,0,0,1
501,4,29100,0,0,1
501,5,29100,0,0,1
501,6,29100,0,0,1
501,7,29100,0,0,1
501,8,29100,0,0,1
501,9,29100,0,0,1
501,10,29100,0,0,1
501,11,29100,0,0,1
501,12,29100,0,0,1
501,13,29100,0,0,1
501,14,29100,0,0,1
501,15,29100,0,0,1
502,0,21090,516.5135028,1306,3
502,1,28946,74.96687846,125,2
502,2,29200,32,80,2
502,3,29200,32,80,2
502,4,29200,0,0,1
502,5,29200,0,0,1
502,6,29200,0,0,1
502,7,29200,0,0,1
502,8,29200,0,0,1
502,9,29200,0,0,1
502,10,29200,0,0,1
502,11,29200,0,0,1
502,12,29200,0,0,1
502,13,29200,0,0,1
502,14,29200,0,0,1
502,15,29200,0,0,1
503,0,21786,505.7749668,827,3
503,1,29448,220.0543037,192,3
503,2,29600,0,0,1
503,3,29600,0,0,1
503,4,29600,0,0,1
503,5,29600,0,0,1
503,6,29600,0,0,1
503,7,29600,0,0,1
503,8,29600,0,0,1
503,9,29600,0,0,1
503,10,29600,0,0,1
503,11,29600,0,0,1
503,12,29600,0,0,1
503,13,29600,0,0,1
503,14,29600,0,0,1
503,15,29600,0,0,1
504,0,20916,295.6501121,679,3
504,1,29285,140.3089281,321,3
504,2,29500,0,0,1
504,3,29500,0,0,1
504,4,29500,0,0,1
504,5,29500,0,0,1
504,6,29500,0,0,1
504,7,29500,0,0,1
504,8,29500,0,0,1
504,9,29500,0,0,1
504,10,29500,0,0,1
504,11,29500,0,0,1
504,12,29500,0,0,1
504,13,29500,0,0,1
504,14,29500,0,0,1
504,15,29500,0,0,1
505,0,22410,411.9291299,716,3
505,1,29172,85.05916667,222,2
505,2,29399,25.5,15,2
505,3,29400,0,0,1
505,4,29400,0,0,1
505,5,29400,0,0,1
505,6,29400,0,0,1
505,7,29400,0,0,1
505,8,29400,0,0,1
505,9,29400,0,0,1
505,10,29400,0,0,1
505,11,29400,0,0,1
505,12,29400,0,0,1
505,13,29400,0,0,1
505,14,29400,0,0,1
505,15,29400,0,0,1
506,0,20966,560.7532927,897,6
506,1,28978,273.6472571,250,3
506,2,29200,1.98,1,2
506,3,29200,0,0,1
506,4,29200,0,0,1
506,5,29200,0,0,1
506,6,29200,0,0,1
506,7,29200,0,0,1
506,8,29200,0,0,1
506,9,29200,0,0,1
506,10,29200,0,0,1
506,11,29200,0,0,1
506,12,29200,0,0,1
506,13,29200,0,0,1
506,14,29200,0,0,1
506,15,29200,0,0,1
507,0,21288,746.7440838,1115,4
507,1,29178,212.8196945,228,3
507,2,29400,0,0,1
507,3,29400,0,0,1
507,4,29400,0,0,1
507,5,29400,0,0,1
507,6,29400,0,0,1
507,7,29400,0,0,1
507,8,29400,0,0,1
507,9,29400,0,0,1
507,10,29400,0,0,1
507,11,29400,0,0,1
507,12,29400,0,0,1
507,13,29400,0,0,1
507,14,29400,0,0,1
507,15,29400,0,0,1
508,0,21255,532.0929955,1049,3
508,1,29437,219.5162818,236,3
508,2,29600,1.98,1,2
508,3,29600,0,0,1
508,4,29600,0,0,1
508,5,29600,0,0,1
508,6,29600,0,0,1
508,7,29600,0,0,1
508,8,29600,0,0,1
508,9,29600,0,0,1
508,10,29600,0,0,1
508,11,29600,0,0,1
508,12,29600,0,0,1
508,13,29600,0,0,1
508,14,29600,0,0,1
508,15,29600,0,0,1
509,0,20159,403.2375145,620,3
509,1,29304,239.4,409,3
509,2,29400,49.5,45,2
509,3,29400,0,0,1
509,4,29400,0,0,1
509,5,29400,0,0,1
509,6,29400,0,0,1
509,7,29400,0,0,1
509,8,29400,0,0,1
509,9,29400,0,0,1
509,10,29400,0,0,1
509,11,29400,0,0,1
509,12,29400,0,0,1
509,13,29400,0,0,1
509,14,29400,0,0,1
509,15,29400,0,0,1
510,0,20764,529.7641535,901,3
510,1,29350,174.6910466,194,2
510,2,29500,32.76,100,2
510,3,29500,16.38,91,2
510,4,29500,0,0,1
510,5,29500,0,0,1
510,6,29500,0,0,1
510,7,29500,0,0,1
510,8,29500,0,0,1
510,9,29500,0,0,1
510,10,29500,0,0,1
510,11,29500,0,0,1
510,12,29500,0,0,1
510,13,29500,0,0,1
510,14,29500,0,0,1
510,15,29500,0,0,1
511,0,19381,269.0965688,538,3
511,1,29023,211.5936685,237,2
511,2,29200,0,0,1
511,3,29200,0,0,1
511,4,29200,0,0,1
511,5,29200,0,0,1
511,6,29200,0,0,1
511,7,29200,0,0,1
511,8,29200,0,0,1
511,9,29200,0,0,1
511,10,29200,0,0,1
511,11,29200,0,0,1
511,12,29200,0,0,1
511,13,29200,0,0,1
511,14,29200,0,0,1
511,15,29200,0,0,1
512,0,20588,527.6700904,554,3
512,1,29087,173.7068082,227,3
512,2,29200,40.32,28,2
512,3,29200,0,0,1
512,4,29200,0,0,1
512,5,29200,0,0,1
512,6,29200,0,0,1
512,7,29200,0,0,1
512,8,29200,0,0,1
512,9,29200,0,0,1
512,10,29200,0,0,1
512,11,29200,0,0,1
512,12,29200,0,0,1
512,13,29200,0,0,1
512,14,29200,0,0,1
512,15,29200,0,0,1
513,0,20953,354.3033369,541,4
513,1,29476,224.0458398,254,2
513,2,29500,0,0,1
513,3,29500,0,0,1
513,4,29500,0,0,1
513,5,29500,0,0,1
513,6,29500,0,0,1
513,7,29500,0,0,1
513,8,29500,0,0,1
513,9,29500,0,0,1
513,10,29500,0,0,1
513,11,29500,0,0,1
513,12,29500,0,0,1
513,13,29500,0,0,1
513,14,29500,0,0,1
513,15,29500,0,0,1
514,0,21645,575.1975246,770,3
514,1,29311,231.4658824,343,2
514,2,29400,0,0,1
514,3,29400,0,0,1
514,4,29400,0,0,1
514,5,29400,0,0,1
514,6,29400,0,0,1
514,7,29400,0,0,1
514,8,29400,0,0,1
514,9,29400,0,0,1
514,10,29400,0,0,1
514,11,29400,0,0,1
514,12,29400,0,0,1
514,13,29400,0,0,1
514,14,29400,0,0,1
514,15,29400,0,0,1
515,0,18673,563.2101173,1003,3
515,1,29039,439.1511826,471,3
515,2,29394,3.96,2,2
515,3,29400,1.98,1,2
515,4,29400,0,0,1
515,5,29400,0,0,1
515,6,29400,0,0,1
515,7,29400,0,0,1
515,8,29400,0,0,1
515,9,29400,0,0,1
515,10,29400,0,0,1
515,11,29400,0,0,1
515,12,29400,0,0,1
515,13,29400,0,0,1
515,14,29400,0,0,1
515,15,29400,0,0,1
516,0,21371,379.5844271,1073,3
516,1,29280,168.9391542,209,3
516,2,29498,1.98,1,2
516,3,29500,0,0,1
516,4,29500,0,0,1
516,5,29500,0,0,1
516,6,29500,0,0,1
516,7,29500,0,0,1
516,8,29500,0,0,1
516,9,29500,0,0,1
516,10,29500,0,0,1
516,11,29500,0,0,1
516,12,29500,0,0,1
516,13,29500,0,0,1
516,14,29500,0,0,1
516,15,29500,0,0,1
517,0,19879,500.8767743,656,3
517,1,29057,324.5932273,268,3
517,2,29300,50.58,35,2
517,3,29300,0,0,1
517,4,29300,0,0,1
517,5,29300,0,0,1
517,6,29300,0,0,1
517,7,29300,0,0,1
517,8,29300,0,0,1
517,9,29300,0,0,1
517,10,29300,0,0,1
517,11,29300,0,0,1
517,12,29300,0,0,1
517,13,29300,0,0,1
517,14,29300,0,0,1
517,15,29300,0,0,1
518,0,20993,433.8129013,557,3
518,1,29237,281.5163039,358,3
518,2,29400,19.58,11,2
518,3,29400,0,0,1
518,4,29400,0,0,1
518,5,29400,0,0,1
518,6,29400,0,0,1
518,7,29400,0,0,1
518,8,29400,0,0,1
518,9,29400,0,0,1
518,10,29400,0,0,1
518,11,29400,0,0,1
518,12,29400,0,0,1
518,13,29400,0,0,1
518,14,29400,0,0,1
518,15,29400,0,0,1
519,0,21686,485.049609,456,4
519,1,29269,177.3507056,246,3
519,2,29500,0,0,1
519,3,29500,0,0,1
519,4,29500,0,0,1
519,5,29500,0,0,1
519,6,29500,0,0,1
519,7,29500,0,0,1
519,8,29500,0,0,1
519,9,29500,0,0,1
519,10,29500,0,0,1
519,11,29500,0,0,1
519,12,29500,0,0,1
519,13,29500,0,0,1
519,14,29500,0,0,1
519,15,29500,0,0,1
520,0,21725,488.3423367,620,3
520,1,29310,148.1330864,128,2
520,2,29399,7.88,4,2
520,3,29400,0,0,1
520,4,29400,0,0,1
520,5,29400,0,0,1
520,6,29400,0,0,1
520,7,29400,0,0,1
520,8,29400,0,0,1
520,9,29400,0,0,1
520,10,29400,0,0,1
520,11,29400,0,0,1
520,12,29400,0,0,1
520,13,29400,0,0,1
520,14,29400,0,0,1
520,15,29400,0,0,1
521,0,21271,470.6235628,833,3
521,1,29231,141.0865067,109,2
521,2,29297,0,0,1
521,3,29300,0,0,1
521,4,29300,0,0,1
521,5,29300,0,0,1
521,6,29300,0,0,1
521,7,29300,0,0,1
521,8,29300,0,0,1
521,9,29300,0,0,1
521,10,29300,0,0,1
521,11,29300,0,0,1
521,12,29300,0,0,1
521,13,29300,0,0,1
521,14,29300,0,0,1
521,15,29300,0,0,1
522,0,20541,535.5096717,837,3
522,1,29108,248.6248064,316,3
522,2,29199,7.68,4,2
522,3,29200,0,0,1
522,4,29200,0,0,1
522,5,29200,0,0,1
522,6,29200,0,0,1
522,7,29200,0,0,1
522,8,29200,0,0,1
522,9,29200,0,0,1
522,10,29200,0,0,1
522,11,29200,0,0,1
522,12,29200,0,0,1
522,13,29200,0,0,1
522,14,29200,0,0,1
522,15,29200,0,0,1
523,0,22108,426.8406738,571,4
523,1,29035,135.16,96,3
523,2,29200,0,0,1
523,3,29200,0,0,1
523,4,29200,0,0,1
523,5,29200,0,0,1
523,6,29200,0,0,1
523,7,29200,0,0,1
523,8,29200,0,0,1
523,9,29200,0,0,1
523,10,29200,0,0,1
523,11,29200,0,0,1
523,12,29200,0,0,1
523,13,29200,0,0,1
523,14,29200,0,0,1
523,15,29200,0,0,1
524,0,20841,468.9199741,827,4
524,1,29344,211.893601,272,2
524,2,29500,0,0,1
524,3,29500,0,0,1
524,4,29500,0,0,1
524,5,29500,0,0,1
524,6,29500,0,0,1
524,7,29500,0,0,1
524,8,29500,0,0,1
524,9,29500,0,0,1
524,10,29500,0,0,1
524,11,29500,0,0,1
524,12,29500,0,0,1
524,13,29500,0,0,1
524,14,29500,0,0,1
524,15,29500,0,0,1
525,0,20180,544.1744781,1134,3
525,1,28868,210.3325253,159,3
525,2,29296,0,0,1
525,3,29300,0,0,1
525,4,29300,0,0,1
525,5,29300,0,0,1
525,6,29300,0,0,1
525,7,29300,0,0,1
525,8,29300,0,0,1
525,9,29300,0,0,1
525,10,29300,0,0,1
525,11,29300,0,0,1
525,12,29300,0,0,1
525,13,29300,0,0,1
525,14,29300,0,0,1
525,15,29300,0,0,1
526,0,20779,729.5952403,1106,3
526,1,29258,78.38580645,48,2
526,2,29300,0,0,1
526,3,29300,0,0,1
526,4,29300,0,0,1
526,5,29300,0,0,1
526,6,29300,0,0,1
526,7,29300,0,0,1
526,8,29300,0,0,1
526,9,29300,0,0,1
526,10,29300,0,0,1
526,11,29300,0,0,1
526,12,29300,0,0,1
526,13,29300,0,0,1
526,14,29300,0,0,1
526,15,29300,0,0,1
527,0,21000,394.8057036,529,3
527,1,29399,82.17959184,105,2
527,2,29500,35.42,77,2
527,3,29500,0,0,1
527,4,29500,0,0,1
527,5,29500,0,0,1
527,6,29500,0,0,1
527,7,29500,0,0,1
527,8,29500,0,0,1
527,9,29500,0,0,1
527,10,29500,0,0,1
527,11,29500,0,0,1
527,12,29500,0,0,1
527,13,29500,0,0,1
527,14,29500,0,0,1
527,15,29500,0,0,1
528,0,19980,501.9778239,547,3
528,1,29034,390.1488145,453,2
528,2,29299,31.91919192,20,2
528,3,29300,0,0,1
528,4,29300,0,0,1
528,5,29300,0,0,1
528,6,29300,0,0,1
528,7,29300,0,0,1
528,8,29300,0,0,1
528,9,29300,0,0,1
528,10,29300,0,0,1
528,11,29300,0,0,1
528,12,29300,0,0,1
528,13,29300,0,0,1
528,14,29300,0,0,1
528,15,29300,0,0,1
529,0,20763,537.2126225,752,3
529,1,29171,443.6836021,581,2
529,2,29300,1.98,1,2
529,3,29300,0,0,1
529,4,29300,0,0,1
529,5,29300,0,0,1
529,6,29300,0,0,1
529,7,29300,0,0,1
529,8,29300,0,0,1
529,9,29300,0,0,1
529,10,29300,0,0,1
529,11,29300,0,0,1
529,12,29300,0,0,1
529,13,29300,0,0,1
529,14,29300,0,0,1
529,15,29300,0,0,1
530,0,22614,777.1955848,1124,4
530,1,29406,186.7371895,150,2
530,2,29600,49.92,48,2
530,3,29600,0,0,1
530,4,29600,0,0,1
530,5,29600,0,0,1
530,6,29600,0,0,1
530,7,29600,0,0,1
530,8,29600,0,0,1
530,9,29600,0,0,1
530,10,29600,0,0,1
530,11,29600,0,0,1
530,12,29600,0,0,1
530,13,29600,0,0,1
530,14,29600,0,0,1
530,15,29600,0,0,1
531,0,20765,527.434928,868,3
531,1,29373,261.9354009,343,3
531,2,29600,16.7,9,2
531,3,29600,0,0,1
531,4,29600,0,0,1
531,5,29600,0,0,1
531,6,29600,0,0,1
531,7,29600,0,0,1
531,8,29600,0,0,1
531,9,29600,0,0,1
531,10,29600,0,0,1
531,11,29600,0,0,1
531,12,29600,0,0,1
531,13,29600,0,0,1
531,14,29600,0,0,1
531,15,29600,0,0,1
532,0,21288,577.3210362,795,3
532,1,29058,198.7326775,175,3
532,2,29200,0,0,1
532,3,29200,0,0,1
532,4,29200,0,0,1
532,5,29200,0,0,1
532,6,29200,0,0,1
532,7,29200,0,0,1
532,8,29200,0,0,1
532,9,29200,0,0,1
532,10,29200,0,0,1
532,11,29200,0,0,1
532,12,29200,0,0,1
532,13,29200,0,0,1
532,14,29200,0,0,1
532,15,29200,0,0,1
533,0,19660,333.9265456,364,3
533,1,29265,74.84322581,63,2
533,2,29300,0,0,1
533,3,29300,0,0,1
533,4,29300,0,0,1
533,5,29300,0,0,1
533,6,29300,0,0,1
533,7,29300,0,0,1
533,8,29300,0,0,1
533,9,29300,0,0,1
533,10,29300,0,0,1
533,11,29300,0,0,1
533,12,29300,0,0,1
533,13,29300,0,0,1
533,14,29300,0,0,1
533,15,29300,0,0,1
534,0,20476,457.1177153,1086,3
534,1,29144,272.5795506,424,2
534,2,29300,0,0,1
534,3,29300,0,0,1
534,4,29300,0,0,1
534,5,29300,0,0,1
534,6,29300,0,0,1
534,7,29300,0,0,1
534,8,29300,0,0,1
534,9,29300,0,0,1
534,10,29300,0,0,1
534,11,29300,0,0,1
534,12,29300,0,0,1
534,13,29300,0,0,1
534,14,29300,0,0,1
534,15,29300,0,0,1
535,0,22378,561.7205955,911,3
535,1,29445,225,237,3
535,2,29500,0,0,1
535,3,29500,0,0,1
535,4,29500,0,0,1
535,5,29500,0,0,1
535,6,29500,0,0,1
535,7,29500,0,0,1
535,8,29500,0,0,1
535,9,29500,0,0,1
535,10,29500,0,0,1
535,11,29500,0,0,1
535,12,29500,0,0,1
535,13,29500,0,0,1
535,14,29500,0,0,1
535,15,29500,0,0,1
536,0,21801,525.9702503,892,3
536,1,29089,214.3061667,246,3
536,2,29500,99.82,137,2
536,3,29500,3.92,2,2
536,4,29500,0,0,1
536,5,29500,0,0,1
536,6,29500,0,0,1
536,7,29500,0,0,1
536,8,29500,0,0,1
536,9,29500,0,0,1
536,10,29500,0,0,1
536,11,29500,0,0,1
536,12,29500,0,0,1
536,13,29500,0,0,1
536,14,29500,0,0,1
536,15,29500,0,0,1
537,0,20710,535.7732303,821,3
537,1,29323,295.4047349,303,4
537,2,29400,47.12,62,2
537,3,29400,0,0,1
537,4,29400,0,0,1
537,5,29400,0,0,1
537,6,29400,0,0,1
537,7,29400,0,0,1
537,8,29400,0,0,1
537,9,29400,0,0,1
537,10,29400,0,0,1
537,11,29400,0,0,1
537,12,29400,0,0,1
537,13,29400,0,0,1
537,14,29400,0,0,1
537,15,29400,0,0,1
538,0,21197,470.7309351,1181,3
538,1,29365,231.2353244,360,3
538,2,29500,29.52,82,2
538,3,29500,0,0,1
538,4,29500,0,0,1
538,5,29500,0,0,1
538,6,29500,0,0,1
538,7,29500,0,0,1
538,8,29500,0,0,1
538,9,29500,0,0,1
538,10,29500,0,0,1
538,11,29500,0,0,1
538,12,29500,0,0,1
538,13,29500,0,0,1
538,14,29500,0,0,1
538,15,29500,0,0,1
539,0,19815,402.6452298,793,3
539,1,29419,389.4455038,364,2
539,2,29500,5.82,3,2
539,3,29500,0,0,1
539,4,29500,0,0,1
539,5,29500,0,0,1
539,6,29500,0,0,1
539,7,29500,0,0,1
539,8,29500,0,0,1
539,9,29500,0,0,1
539,10,29500,0,0,1
539,11,29500,0,0,1
539,12,29500,0,0,1
539,13,29500,0,0,1
539,14,29500,0,0,1
539,15,29500,0,0,1
540,0,21609,410.2587329,801,3
540,1,29314,117.825614,175,3
540,2,29500,0,0,1
540,3,29500,0,0,1
540,4,29500,0,0,1
540,5,29500,0,0,1
540,6,29500,0,0,1
540,7,29500,0,0,1
540,8,29500,0,0,1
540,9,29500,0,0,1
540,10,29500,0,0,1
540,11,29500,0,0,1
540,12,29500,0,0,1
540,13,29500,0,0,1
540,14,29500,0,0,1
540,15,29500,0,0,1
541,0,21190,636.2364312,1231,4
541,1,29367,261.5494909,402,3
541,2,29600,0,0,1
541,3,29600,0,0,1
541,4,29600,0,0,1
541,5,29600,0,0,1
541,6,29600,0,0,1
541,7,29600,0,0,1
541,8,29600,0,0,1
541,9,29600,0,0,1
541,10,29600,0,0,1
541,11,29600,0,0,1
541,12,29600,0,0,1
541,13,29600,0,0,1
541,14,29600,0,0,1
541,15,29600,0,0,1
542,0,21178,535.6054606,965,3
542,1,29054,146.8754243,150,3
542,2,29300,36.48,76,2
542,3,29300,36.48,76,2
542,4,29300,0,0,1
542,5,29300,0,0,1
542,6,29300,0,0,1
542,7,29300,0,0,1
542,8,29300,0,0,1
542,9,29300,0,0,1
542,10,29300,0,0,1
542,11,29300,0,0,1
542,12,29300,0,0,1
542,13,29300,0,0,1
542,14,29300,0,0,1
542,15,29300,0,0,1
543,0,21410,491.1728366,605,3
543,1,29348,188.94,337,2
543,2,29400,0,0,1
543,3,29400,0,0,1
543,4,29400,0,0,1
543,5,29400,0,0,1
543,6,29400,0,0,1
543,7,29400,0,0,1
543,8,29400,0,0,1
543,9,29400,0,0,1
543,10,29400,0,0,1
543,11,29400,0,0,1
543,12,29400,0,0,1
543,13,29400,0,0,1
543,14,29400,0,0,1
543,15,29400,0,0,1
544,0,21046,576.9922928,1071,3
544,1,29102,232.3229326,375,3
544,2,29300,11.72,6,2
544,3,29300,0,0,1
544,4,29300,0,0,1
544,5,29300,0,0,1
544,6,29300,0,0,1
544,7,29300,0,0,1
544,8,29300,0,0,1
544,9,29300,0,0,1
544,10,29300,0,0,1
544,11,29300,0,0,1
544,12,29300,0,0,1
544,13,29300,0,0,1
544,14,29300,0,0,1
544,15,29300,0,0,1
545,0,21868,321.145802,567,3
545,1,29358,168.9343998,393,2
545,2,29400,0,0,1
545,3,29400,0,0,1
545,4,29400,0,0,1
545,5,29400,0,0,1
545,6,29400,0,0,1
545,7,29400,0,0,1
545,8,29400,0,0,1
545,9,29400,0,0,1
545,10,29400,0,0,1
545,11,29400,0,0,1
545,12,29400,0,0,1
545,13,29400,0,0,1
545,14,29400,0,0,1
545,15,29400,0,0,1
546,0,21795,392.3393605,681,3
546,1,29347,162.1137959,224,3
546,2,29400,49.68,54,2
546,3,29400,0,0,1
546,4,29400,0,0,1
546,5,29400,0,0,1
546,6,29400,0,0,1
546,7,29400,0,0,1
546,8,29400,0,0,1
546,9,29400,0,0,1
546,10,29400,0,0,1
546,11,29400,0,0,1
546,12,29400,0,0,1
546,13,29400,0,0,1
546,14,29400,0,0,1
546,15,29400,0,0,1
547,0,21516,267.6503304,696,4
547,1,29297,125.1500251,134,3
547,2,29500,0,0,1
547,3,29500,0,0,1
547,4,29500,0,0,1
547,5,29500,0,0,1
547,6,29500,0,0,1
547,7,29500,0,0,1
547,8,29500,0,0,1
547,9,29500,0,0,1
547,10,29500,0,0,1
547,11,29500,0,0,1
547,12,29500,0,0,1
547,13,29500,0,0,1
547,14,29500,0,0,1
547,15,29500,0,0,1
548,0,20760,518.5432013,859,3
548,1,29003,234.1244689,291,3
548,2,29194,1.98,1,2
548,3,29200,11.28,6,2
548,4,29200,0,0,1
548,5,29200,0,0,1
548,6,29200,0,0,1
548,7,29200,0,0,1
548,8,29200,0,0,1
548,9,29200,0,0,1
548,10,29200,0,0,1
548,11,29200,0,0,1
548,12,29200,0,0,1
548,13,29200,0,0,1
548,14,29200,0,0,1
548,15,29200,0,0,1
549,0,19351,444.958164,682,3
549,1,29357,205.9708713,239,3
549,2,29500,5.82,3,2
549,3,29500,0,0,1
549,4,29500,0,0,1
549,5,29500,0,0,1
549,6,29500,0,0,1
549,7,29500,0,0,1
549,8,29500,0,0,1
549,9,29500,0,0,1
549,10,29500,0,0,1
549,11,29500,0,0,1
549,12,29500,0,0,1
549,13,29500,0,0,1
549,14,29500,0,0,1
549,15,29500,0,0,1
550,0,20800,515.2191808,945,3
550,1,29049,208.8549367,173,2
550,2,29100,37.5,25,2
550,3,29100,0,0,1
550,4,29100,0,0,1
550,5,29100,0,0,1
550,6,29100,0,0,1
550,7,29100,0,0,1
550,8,29100,0,0,1
550,9,29100,0,0,1
550,10,29100,0,0,1
550,11,29100,0,0,1
550,12,29100,0,0,1
550,13,29100,0,0,1
550,14,29100,0,0,1
550,15,29100,0,0,1
551,0,20026,332.2530695,697,3
551,1,29090,88.74443769,130,2
551,2,29200,13.02,7,2
551,3,29200,0,0,1
551,4,29200,0,0,1
551,5,29200,0,0,1
551,6,29200,0,0,1
551,7,29200,0,0,1
551,8,29200,0,0,1
551,9,29200,0,0,1
551,10,29200,0,0,1
551,11,29200,0,0,1
551,12,29200,0,0,1
551,13,29200,0,0,1
551,14,29200,0,0,1
551,15,29200,0,0,1
552,0,20570,657.9393085,963,3
552,1,29056,139.3930753,108,2
552,2,29300,26.88,16,2
552,3,29300,0,0,1
552,4,29300,0,0,1
552,5,29300,0,0,1
552,6,29300,0,0,1
552,7,29300,0,0,1
552,8,29300,0,0,1
552,9,29300,0,0,1
552,10,29300,0,0,1
552,11,29300,0,0,1
552,12,29300,0,0,1
552,13,29300,0,0,1
552,14,29300,0,0,1
552,15,29300,0,0,1
553,0,22396,499.5977498,798,3
553,1,29200,116.7887313,130,2
553,2,29399,0,0,1
553,3,29400,1.98,1,2
553,4,29400,0,0,1
553,5,29400,0,0,1
553,6,29400,0,0,1
553,7,29400,0,0,1
553,8,29400,0,0,1
553,9,29400,0,0,1
553,10,29400,0,0,1
553,11,29400,0,0,1
553,12,29400,0,0,1
553,13,29400,0,0,1
553,14,29400,0,0,1
553,15,29400,0,0,1
554,0,20715,431.2580384,856,3
554,1,29150,267.1432323,366,3
554,2,29300,7.68,96,2
554,3,29300,0,0,1
554,4,29300,0,0,1
554,5,29300,0,0,1
554,6,29300,0,0,1
554,7,29300,0,0,1
554,8,29300,0,0,1
554,9,29300,0,0,1
554,10,29300,0,0,1
554,11,29300,0,0,1
554,12,29300,0,0,1
554,13,29300,0,0,1
554,14,29300,0,0,1
554,15,29300,0,0,1
555,0,21948,423.1513343,627,2
555,1,29172,107.0026192,118,2
555,2,29300,42.78,69,2
555,3,29300,0,0,1
555,4,29300,0,0,1
555,5,29300,0,0,1
555,6,29300,0,0,1
555,7,29300,0,0,1
555,8,29300,0,0,1
555,9,29300,0,0,1
555,10,29300,0,0,1
555,11,29300,0,0,1
555,12,29300,0,0,1
555,13,29300,0,0,1
555,14,29300,0,0,1
555,15,29300,0,0,1
556,0,22016,538.1335979,850,3
556,1,29221,136.1358333,109,2
556,2,29400,0,0,1
556,3,29400,0,0,1
556,4,29400,0,0,1
556,5,29400,0,0,1
556,6,29400,0,0,1
556,7,29400,0,0,1
556,8,29400,0,0,1
556,9,29400,0,0,1
556,10,29400,0,0,1
556,11,29400,0,0,1
556,12,29400,0,0,1
556,13,29400,0,0,1
556,14,29400,0,0,1
556,15,29400,0,0,1
557,0,21770,361.9699548,742,2
557,1,29085,213.9888889,292,2
557,2,29199,29.46,17,2
557,3,29200,1.98,1,2
557,4,29200,0,0,1
557,5,29200,0,0,1
557,6,29200,0,0,1
557,7,29200,0,0,1
557,8,29200,0,0,1
557,9,29200,0,0,1
557,10,29200,0,0,1
557,11,29200,0,0,1
557,12,29200,0,0,1
557,13,29200,0,0,1
557,14,29200,0,0,1
557,15,29200,0,0,1
558,0,20925,512.3959885,930,3
558,1,29368,301.110166,455,3
558,2,29500,0,0,1
558,3,29500,0,0,1
558,4,29500,0,0,1
558,5,29500,0,0,1
558,6,29500,0,0,1
558,7,29500,0,0,1
558,8,29500,0,0,1
558,9,29500,0,0,1
558,10,29500,0,0,1
558,11,29500,0,0,1
558,12,29500,0,0,1
558,13,29500,0,0,1
558,14,29500,0,0,1
558,15,29500,0,0,1
559,0,20654,669.0126284,983,3
559,1,29015,342.7636292,347,3
559,2,29185,9.89979798,5,2
559,3,29200,3.96,2,2
559,4,29200,0,0,1
559,5,29200,0,0,1
559,6,29200,0,0,1
559,7,29200,0,0,1
559,8,29200,0,0,1
559,9,29200,0,0,1
559,10,29200,0,0,1
559,11,29200,0,0,1
559,12,29200,0,0,1
559,13,29200,0,0,1
559,14,29200,0,0,1
559,15,29200,0,0,1
560,0,21385,677.5506628,1082,4
560,1,29179,83.48808081,51,3
560,2,29298,21.06122449,12,2
560,3,29300,0,0,1
560,4,29300,0,0,1
560,5,29300,0,0,1
560,6,29300,0,0,1
560,7,29300,0,0,1
560,8,29300,0,0,1
560,9,29300,0,0,1
560,10,29300,0,0,1
560,11,29300,0,0,1
560,12,29300,0,0,1
560,13,29300,0,0,1
560,14,29300,0,0,1
560,15,29300,0,0,1
561,0,21258,591.6125956,905,4
561,1,29322,95.47855573,123,3
561,2,29500,1.98,1,2
561,3,29500,0,0,1
561,4,29500,0,0,1
561,5,29500,0,0,1
561,6,29500,0,0,1
561,7,29500,0,0,1
561,8,29500,0,0,1
561,9,29500,0,0,1
561,10,29500,0,0,1
561,11,29500,0,0,1
561,12,29500,0,0,1
561,13,29500,0,0,1
561,14,29500,0,0,1
561,15,29500,0,0,1
562,0,20493,450.7478108,934,3
562,1,29120,159.3744355,173,2
562,2,29300,0,0,1
562,3,29300,0,0,1
562,4,29300,0,0,1
562,5,29300,0,0,1
562,6,29300,0,0,1
562,7,29300,0,0,1
562,8,29300,0,0,1
562,9,29300,0,0,1
562,10,29300,0,0,1
562,11,29300,0,0,1
562,12,29300,0,0,1
562,13,29300,0,0,1
562,14,29300,0,0,1
562,15,29300,0,0,1
563,0,20564,636.6569019,1211,3
563,1,29139,335.8313721,400,4
563,2,29300,25.5,15,2
563,3,29300,0,0,1
563,4,29300,0,0,1
563,5,29300,0,0,1
563,6,29300,0,0,1
563,7,29300,0,0,1
563,8,29300,0,0,1
563,9,29300,0,0,1
563,10,29300,0,0,1
563,11,29300,0,0,1
563,12,29300,0,0,1
563,13,29300,0,0,1
563,14,29300,0,0,1
563,15,29300,0,0,1
564,0,21161,388.8649935,448,3
564,1,29253,254.1975723,296,3
564,2,29400,18,10,2
564,3,29400,0,0,1
564,4,29400,0,0,1
564,5,29400,0,0,1
564,6,29400,0,0,1
564,7,29400,0,0,1
564,8,29400,0,0,1
564,9,29400,0,0,1
564,10,29400,0,0,1
564,11,29400,0,0,1
564,12,29400,0,0,1
564,13,29400,0,0,1
564,14,29400,0,0,1
564,15,29400,0,0,1
565,0,22018,604.6028168,868,3
565,1,29282,252.5064646,289,4
565,2,29398,0,0,1
565,3,29400,0,0,1
565,4,29400,0,0,1
565,5,29400,0,0,1
565,6,29400,0,0,1
565,7,29400,0,0,1
565,8,29400,0,0,1
565,9,29400,0,0,1
565,10,29400,0,0,1
565,11,29400,0,0,1
565,12,29400,0,0,1
565,13,29400,0,0,1
565,14,29400,0,0,1
565,15,29400,0,0,1
566,0,20807,520.6574188,764,4
566,1,29191,185.4831781,144,4
566,2,29400,0,0,1
566,3,29400,0,0,1
566,4,29400,0,0,1
566,5,29400,0,0,1
566,6,29400,0,0,1
566,7,29400,0,0,1
566,8,29400,0,0,1
566,9,29400,0,0,1
566,10,29400,0,0,1
566,11,29400,0,0,1
566,12,29400,0,0,1
566,13,29400,0,0,1
566,14,29400,0,0,1
566,15,29400,0,0,1
567,0,21542,234.6736179,564,3
567,1,29354,194.1,377,3
567,2,29400,3.92,2,2
567,3,29400,0,0,1
567,4,29400,0,0,1
567,5,29400,0,0,1
567,6,29400,0,0,1
567,7,29400,0,0,1
567,8,29400,0,0,1
567,9,29400,0,0,1
567,10,29400,0,0,1
567,11,29400,0,0,1
567,12,29400,0,0,1
567,13,29400,0,0,1
567,14,29400,0,0,1
567,15,29400,0,0,1
568,0,19559,353.8834192,426,3
568,1,29457,328.6317952,323,2
568,2,29500,0,0,1
568,3,29500,0,0,1
568,4,29500,0,0,1
568,5,29500,0,0,1
568,6,29500,0,0,1
568,7,29500,0,0,1
568,8,29500,0,0,1
568,9,29500,0,0,1
568,10,29500,0,0,1
568,11,29500,0,0,1
568,12,29500,0,0,1
568,13,29500,0,0,1
568,14,29500,0,0,1
568,15,29500,0,0,1
569,0,21232,321.6798687,456,4
569,1,29298,171.9091667,214,2
569,2,29400,42.68,26,2
569,3,29400,0,0,1
569,4,29400,0,0,1
569,5,29400,0,0,1
569,6,29400,0,0,1
569,7,29400,0,0,1
569,8,29400,0,0,1
569,9,29400,0,0,1
569,10,29400,0,0,1
569,11,29400,0,0,1
569,12,29400,0,0,1
569,13,29400,0,0,1
569,14,29400,0,0,1
569,15,29400,0,0,1
570,0,19701,362.6691097,1032,3
570,1,29277,177.2777778,147,2
570,2,29400,1.98,1,2
570,3,29400,0,0,1
570,4,29400,0,0,1
570,5,29400,0,0,1
570,6,29400,0,0,1
570,7,29400,0,0,1
570,8,29400,0,0,1
570,9,29400,0,0,1
570,10,29400,0,0,1
570,11,29400,0,0,1
570,12,29400,0,0,1
570,13,29400,0,0,1
570,14,29400,0,0,1
570,15,29400,0,0,1
571,0,20486,287.4036055,593,3
571,1,29198,109.42,167,2
571,2,29300,0,0,1
571,3,29300,0,0,1
571,4,29300,0,0,1
571,5,29300,0,0,1
571,6,29300,0,0,1
571,7,29300,0,0,1
571,8,29300,0,0,1
571,9,29300,0,0,1
571,10,29300,0,0,1
571,11,29300,0,0,1
571,12,29300,0,0,1
571,13,29300,0,0,1
571,14,29300,0,0,1
571,15,29300,0,0,1
572,0,20417,428.5552182,725,3
572,1,29162,124.0232536,214,3
572,2,29400,1.98,1,2
572,3,29400,0,0,1
572,4,29400,0,0,1
572,5,29400,0,0,1
572,6,29400,0,0,1
572,7,29400,0,0,1
572,8,29400,0,0,1
572,9,29400,0,0,1
572,10,29400,0,0,1
572,11,29400,0,0,1
572,12,29400,0,0,1
572,13,29400,0,0,1
572,14,29400,0,0,1
572,15,29400,0,0,1
573,0,22102,497.6458714,822,3
573,1,29470,224.2700607,326,3
573,2,29600,0,0,1
573,3,29600,0,0,1
573,4,29600,0,0,1
573,5,29600,0,0,1
573,6,29600,0,0,1
573,7,29600,0,0,1
573,8,29600,0,0,1
573,9,29600,0,0,1
573,10,29600,0,0,1
573,11,29600,0,0,1
573,12,29600,0,0,1
573,13,29600,0,0,1
573,14,29600,0,0,1
573,15,29600,0,0,1
574,0,20449,616.6173362,1171,3
574,1,29292,503.6515727,720,3
574,2,29400,39.42,73,2
574,3,29400,39.42,73,2
574,4,29400,0,0,1
574,5,29400,0,0,1
574,6,29400,0,0,1
574,7,29400,0,0,1
574,8,29400,0,0,1
574,9,29400,0,0,1
574,10,29400,0,0,1
574,11,29400,0,0,1
574,12,29400,0,0,1
574,13,29400,0,0,1
574,14,29400,0,0,1
574,15,29400,0,0,1
575,0,21188,416.9253981,705,3
575,1,28966,215.0325253,233,2
575,2,29100,0,0,1
575,3,29100,0,0,1
575,4,29100,0,0,1
575,5,29100,0,0,1
575,6,29100,0,0,1
575,7,29100,0,0,1
575,8,29100,0,0,1
575,9,29100,0,0,1
575,10,29100,0,0,1
575,11,29100,0,0,1
575,12,29100,0,0,1
575,13,29100,0,0,1
575,14,29100,0,0,1
575,15,29100,0,0,1
576,0,20322,503.1192209,894,4
576,1,29570,338.8290909,398,3
576,2,29600,0,0,1
576,3,29600,0,0,1
576,4,29600,0,0,1
576,5,29600,0,0,1
576,6,29600,0,0,1
576,7,29600,0,0,1
576,8,29600,0,0,1
576,9,29600,0,0,1
576,10,29600,0,0,1
576,11,29600,0,0,1
576,12,29600,0,0,1
576,13,29600,0,0,1
576,14,29600,0,0,1
576,15,29600,0,0,1
577,0,19750,532.1539902,864,6
577,1,29294,201.0425493,199,2
577,2,29500,14.72,8,2
577,3,29500,0,0,1
577,4,29500,0,0,1
577,5,29500,0,0,1
577,6,29500,0,0,1
577,7,29500,0,0,1
577,8,29500,0,0,1
577,9,29500,0,0,1
577,10,29500,0,0,1
577,11,29500,0,0,1
577,12,29500,0,0,1
577,13,29500,0,0,1
577,14,29500,0,0,1
577,15,29500,0,0,1
578,0,20193,546.9261413,723,3
578,1,29180,319.757029,367,3
578,2,29399,42.30343434,28,2
578,3,29400,0,0,1
578,4,29400,0,0,1
578,5,29400,0,0,1
578,6,29400,0,0,1
578,7,29400,0,0,1
578,8,29400,0,0,1
578,9,29400,0,0,1
578,10,29400,0,0,1
578,11,29400,0,0,1
578,12,29400,0,0,1
578,13,29400,0,0,1
578,14,29400,0,0,1
578,15,29400,0,0,1
579,0,20559,564.7130918,959,4
579,1,28998,356.7166191,328,3
579,2,29200,0,0,1
579,3,29200,0,0,1
579,4,29200,0,0,1
579,5,29200,0,0,1
579,6,29200,0,0,1
579,7,29200,0,0,1
579,8,29200,0,0,1
579,9,29200,0,0,1
579,10,29200,0,0,1
579,11,29200,0,0,1
579,12,29200,0,0,1
579,13,29200,0,0,1
579,14,29200,0,0,1
579,15,29200,0,0,1
580,0,21114,605.0838293,1045,3
580,1,29120,381.9022963,353,3
580,2,29397,50.94,52,3
580,3,29400,0,0,1
580,4,29400,0,0,1
580,5,29400,0,0,1
580,6,29400,0,0,1
580,7,29400,0,0,1
580,8,29400,0,0,1
580,9,29400,0,0,1
580,10,29400,0,0,1
580,11,29400,0,0,1
580,12,29400,0,0,1
580,13,29400,0,0,1
580,14,29400,0,0,1
580,15,29400,0,0,1
581,0,21361,436.0392441,989,5
581,1,29177,104.9979798,139,2
581,2,29400,49.1,63,2
581,3,29400,0,0,1
581,4,29400,0,0,1
581,5,29400,0,0,1
581,6,29400,0,0,1
581,7,29400,0,0,1
581,8,29400,0,0,1
581,9,29400,0,0,1
581,10,29400,0,0,1
581,11,29400,0,0,1
581,12,29400,0,0,1
581,13,29400,0,0,1
581,14,29400,0,0,1
581,15,29400,0,0,1
582,0,21689,176.9546573,168,3
582,1,29498,397.8293897,505,3
582,2,29600,13.02,7,2
582,3,29600,0,0,1
582,4,29600,0,0,1
582,5,29600,0,0,1
582,6,29600,0,0,1
582,7,29600,0,0,1
582,8,29600,0,0,1
582,9,29600,0,0,1
582,10,29600,0,0,1
582,11,29600,0,0,1
582,12,29600,0,0,1
582,13,29600,0,0,1
582,14,29600,0,0,1
582,15,29600,0,0,1
583,0,22133,459.4206348,619,3
583,1,29487,164.4221978,336,3
583,2,29500,11.28,6,2
583,3,29500,0,0,1
583,4,29500,0,0,1
583,5,29500,0,0,1
583,6,29500,0,0,1
583,7,29500,0,0,1
583,8,29500,0,0,1
583,9,29500,0,0,1
583,10,29500,0,0,1
583,11,29500,0,0,1
583,12,29500,0,0,1
583,13,29500,0,0,1
583,14,29500,0,0,1
583,15,29500,0,0,1
584,0,20759,521.4634809,669,3
584,1,29099,298.2676397,250,2
584,2,29200,0,0,1
584,3,29200,0,0,1
584,4,29200,0,0,1
584,5,29200,0,0,1
584,6,29200,0,0,1
584,7,29200,0,0,1
584,8,29200,0,0,1
584,9,29200,0,0,1
584,10,29200,0,0,1
584,11,29200,0,0,1
584,12,29200,0,0,1
584,13,29200,0,0,1
584,14,29200,0,0,1
584,15,29200,0,0,1
585,0,20456,404.6992946,440,3
585,1,29142,101.7573487,92,3
585,2,29399,46.82828283,61,2
585,3,29400,0,0,1
585,4,29400,0,0,1
585,5,29400,0,0,1
585,6,29400,0,0,1
585,7,29400,0,0,1
585,8,29400,0,0,1
585,9,29400,0,0,1
585,10,29400,0,0,1
585,11,29400,0,0,1
585,12,29400,0,0,1
585,13,29400,0,0,1
585,14,29400,0,0,1
585,15,29400,0,0,1
586,0,20771,481.0497152,714,4
586,1,28977,291.5421694,406,3
586,2,29199,1.98,1,2
586,3,29200,0,0,1
586,4,29200,0,0,1
586,5,29200,0,0,1
586,6,29200,0,0,1
586,7,29200,0,0,1
586,8,29200,0,0,1
586,9,29200,0,0,1
586,10,29200,0,0,1
586,11,29200,0,0,1
586,12,29200,0,0,1
586,13,29200,0,0,1
586,14,29200,0,0,1
586,15,29200,0,0,1
587,0,20605,434.9618545,771,4
587,1,29022,356.6600811,427,2
587,2,29300,0,0,1
587,3,29300,0,0,1
587,4,29300,0,0,1
587,5,29300,0,0,1
587,6,29300,0,0,1
587,7,29300,0,0,1
587,8,29300,0,0,1
587,9,29300,0,0,1
587,10,29300,0,0,1
587,11,29300,0,0,1
587,12,29300,0,0,1
587,13,29300,0,0,1
587,14,29300,0,0,1
587,15,29300,0,0,1
588,0,21108,579.1678306,1098,3
588,1,29296,145.2350649,330,2
588,2,29400,13.46,7,2
588,3,29400,0,0,1
588,4,29400,0,0,1
588,5,29400,0,0,1
588,6,29400,0,0,1
588,7,29400,0,0,1
588,8,29400,0,0,1
588,9,29400,0,0,1
588,10,29400,0,0,1
588,11,29400,0,0,1
588,12,29400,0,0,1
588,13,29400,0,0,1
588,14,29400,0,0,1
588,15,29400,0,0,1
589,0,21707,371.4414551,735,3
589,1,29173,144.4385312,97,2
589,2,29300,69.5,45,2
589,3,29300,0,0,1
589,4,29300,0,0,1
589,5,29300,0,0,1
589,6,29300,0,0,1
589,7,29300,0,0,1
589,8,29300,0,0,1
589,9,29300,0,0,1
589,10,29300,0,0,1
589,11,29300,0,0,1
589,12,29300,0,0,1
589,13,29300,0,0,1
589,14,29300,0,0,1
589,15,29300,0,0,1
590,0,20667,613.107936,924,3
590,1,29014,174.5460145,150,3
590,2,29200,0,0,1
590,3,29200,0,0,1
590,4,29200,0,0,1
590,5,29200,0,0,1
590,6,29200,0,0,1
590,7,29200,0,0,1
590,8,29200,0,0,1
590,9,29200,0,0,1
590,10,29200,0,0,1
590,11,29200,0,0,1
590,12,29200,0,0,1
590,13,29200,0,0,1
590,14,29200,0,0,1
590,15,29200,0,0,1
591,0,20889,278.9108188,572,3
591,1,29300,271.7121293,240,3
591,2,29500,44.88,34,2
591,3,29500,0,0,1
591,4,29500,0,0,1
591,5,29500,0,0,1
591,6,29500,0,0,1
591,7,29500,0,0,1
591,8,29500,0,0,1
591,9,29500,0,0,1
591,10,29500,0,0,1
591,11,29500,0,0,1
591,12,29500,0,0,1
591,13,29500,0,0,1
591,14,29500,0,0,1
591,15,29500,0,0,1
592,0,19759,380.7638786,1006,3
592,1,29408,195.5603661,167,2
592,2,29500,0,0,1
592,3,29500,0,0,1
592,4,29500,0,0,1
592,5,29500,0,0,1
592,6,29500,0,0,1
592,7,29500,0,0,1
592,8,29500,0,0,1
592,9,29500,0,0,1
592,10,29500,0,0,1
592,11,29500,0,0,1
592,12,29500,0,0,1
592,13,29500,0,0,1
592,14,29500,0,0,1
592,15,29500,0,0,1
593,0,20473,505.7992223,1007,3
593,1,29184,207.5,352,3
593,2,29300,43.52,68,2
593,3,29300,0,0,1
593,4,29300,0,0,1
593,5,29300,0,0,1
593,6,29300,0,0,1
593,7,29300,0,0,1
593,8,29300,0,0,1
593,9,29300,0,0,1
593,10,29300,0,0,1
593,11,29300,0,0,1
593,12,29300,0,0,1
593,13,29300,0,0,1
593,14,29300,0,0,1
593,15,29300,0,0,1
594,0,19748,398.2511138,505,3
594,1,29117,137.6091228,270,2
594,2,29299,0,0,1
594,3,29300,0,0,1
594,4,29300,0,0,1
594,5,29300,0,0,1
594,6,29300,0,0,1
594,7,29300,0,0,1
594,8,29300,0,0,1
594,9,29300,0,0,1
594,10,29300,0,0,1
594,11,29300,0,0,1
594,12,29300,0,0,1
594,13,29300,0,0,1
594,14,29300,0,0,1
594,15,29300,0,0,1
595,0,21447,423.6910176,714,3
595,1,29001,189.385148,250,3
595,2,29300,0,0,1
595,3,29300,0,0,1
595,4,29300,0,0,1
595,5,29300,0,0,1
595,6,29300,0,0,1
595,7,29300,0,0,1
595,8,29300,0,0,1
595,9,29300,0,0,1
595,10,29300,0,0,1
595,11,29300,0,0,1
595,12,29300,0,0,1
595,13,29300,0,0,1
595,14,29300,0,0,1
595,15,29300,0,0,1
596,0,20261,538.3675042,917,3
596,1,29056,166.6993898,268,3
596,2,29300,0,0,1
596,3,29300,0,0,1
596,4,29300,0,0,1
596,5,29300,0,0,1
596,6,29300,0,0,1
596,7,29300,0,0,1
596,8,29300,0,0,1
596,9,29300,0,0,1
596,10,29300,0,0,1
596,11,29300,0,0,1
596,12,29300,0,0,1
596,13,29300,0,0,1
596,14,29300,0,0,1
596,15,29300,0,0,1
597,0,22838,559.0878549,1034,3
597,1,29302,196.2,252,2
597,2,29500,0,0,1
597,3,29500,0,0,1
597,4,29500,0,0,1
597,5,29500,0,0,1
597,6,29500,0,0,1
597,7,29500,0,0,1
597,8,29500,0,0,1
597,9,29500,0,0,1
597,10,29500,0,0,1
597,11,29500,0,0,1
597,12,29500,0,0,1
597,13,29500,0,0,1
597,14,29500,0,0,1
597,15,29500,0,0,1
598,0,20629,458.8914024,750,3
598,1,29164,68.44,98,2
598,2,29300,9.5,5,2
598,3,29300,0,0,1
598,4,29300,0,0,1
598,5,29300,0,0,1
598,6,29300,0,0,1
598,7,29300,0,0,1
598,8,29300,0,0,1
598,9,29300,0,0,1
598,10,29300,0,0,1
598,11,29300,0,0,1
598,12,29300,0,0,1
598,13,29300,0,0,1
598,14,29300,0,0,1
598,15,29300,0,0,1
599,0,20226,479.4943691,568,3
599,1,29081,383.6380465,344,3
599,2,29299,21.09090909,12,2
599,3,29300,0,0,1
599,4,29300,0,0,1
599,5,29300,0,0,1
599,6,29300,0,0,1
599,7,29300,0,0,1
599,8,29300,0,0,1
599,9,29300,0,0,1
599,10,29300,0,0,1
599,11,29300,0,0,1
599,12,29300,0,0,1
599,13,29300,0,0,1
599,14,29300,0,0,1
599,15,29300,0,0,1
600,0,21279,377.7948503,742,4
600,1,29256,178.0946877,295,2
600,2,29400,1.98,1,2
600,3,29400,0,0,1
600,4,29400,0,0,1
600,5,29400,0,0,1
600,6,29400,0,0,1
600,7,29400,0,0,1
600,8,29400,0,0,1
600,9,29400,0,0,1
600,10,29400,0,0,1
600,11,29400,0,0,1
600,12,29400,0,0,1
600,13,29400,0,0,1
600,14,29400,0,0,1
600,15,29400,0,0,1
601,0,21721,608.2470422,1022,3
601,1,29334,211.5215922,296,2
601,2,29600,0,0,1
601,3,29600,0,0,1
601,4,29600,0,0,1
601,5,29600,0,0,1
601,6,29600,0,0,1
601,7,29600,0,0,1
601,8,29600,0,0,1
601,9,29600,0,0,1
601,10,29600,0,0,1
601,11,29600,0,0,1
601,12,29600,0,0,1
601,13,29600,0,0,1
601,14,29600,0,0,1
601,15,29600,0,0,1
602,0,21565,561.0833973,613,3
602,1,29463,160.4933622,159,3
602,2,29500,0,0,1
602,3,29500,0,0,1
602,4,29500,0,0,1
602,5,29500,0,0,1
602,6,29500,0,0,1
602,7,29500,0,0,1
602,8,29500,0,0,1
602,9,29500,0,0,1
602,10,29500,0,0,1
602,11,29500,0,0,1
602,12,29500,0,0,1
602,13,29500,0,0,1
602,14,29500,0,0,1
602,15,29500,0,0,1
603,0,20066,394.0933148,621,4
603,1,29415,281.9534537,265,3
603,2,29600,35.96,22,2
603,3,29600,0,0,1
603,4,29600,0,0,1
603,5,29600,0,0,1
603,6,29600,0,0,1
603,7,29600,0,0,1
603,8,29600,0,0,1
603,9,29600,0,0,1
603,10,29600,0,0,1
603,11,29600,0,0,1
603,12,29600,0,0,1
603,13,29600,0,0,1
603,14,29600,0,0,1
603,15,29600,0,0,1
604,0,20857,583.8085505,1074,4
604,1,29099,228.6014343,313,3
604,2,29300,13.02,93,2
604,3,29300,0,0,1
604,4,29300,0,0,1
604,5,29300,0,0,1
604,6,29300,0,0,1
604,7,29300,0,0,1
604,8,29300,0,0,1
604,9,29300,0,0,1
604,10,29300,0,0,1
604,11,29300,0,0,1
604,12,29300,0,0,1
604,13,29300,0,0,1
604,14,29300,0,0,1
604,15,29300,0,0,1
605,0,20807,433.9857095,717,3
605,1,29163,73.90885246,89,3
605,2,29300,1.98,1,2
605,3,29300,0,0,1
605,4,29300,0,0,1
605,5,29300,0,0,1
605,6,29300,0,0,1
605,7,29300,0,0,1
605,8,29300,0,0,1
605,9,29300,0,0,1
605,10,29300,0,0,1
605,11,29300,0,0,1
605,12,29300,0,0,1
605,13,29300,0,0,1
605,14,29300,0,0,1
605,15,29300,0,0,1
606,0,21099,411.7965348,652,3
606,1,29244,164.3413975,166,2
606,2,29400,0,0,1
606,3,29400,0,0,1
606,4,29400,0,0,1
606,5,29400,0,0,1
606,6,29400,0,0,1
606,7,29400,0,0,1
606,8,29400,0,0,1
606,9,29400,0,0,1
606,10,29400,0,0,1
606,11,29400,0,0,1
606,12,29400,0,0,1
606,13,29400,0,0,1
606,14,29400,0,0,1
606,15,29400,0,0,1
607,0,20818,627.6167291,1090,4
607,1,28897,140.8538672,274,2
607,2,29300,49.28,56,2
607,3,29300,0,0,1
607,4,29300,0,0,1
607,5,29300,0,0,1
607,6,29300,0,0,1
607,7,29300,0,0,1
607,8,29300,0,0,1
607,9,29300,0,0,1
607,10,29300,0,0,1
607,11,29300,0,0,1
607,12,29300,0,0,1
607,13,29300,0,0,1
607,14,29300,0,0,1
607,15,29300,0,0,1
608,0,21510,198.5313686,516,3
608,1,29420,166.5816068,249,2
608,2,29500,0,0,1
608,3,29500,0,0,1
608,4,29500,0,0,1
608,5,29500,0,0,1
608,6,29500,0,0,1
608,7,29500,0,0,1
608,8,29500,0,0,1
608,9,29500,0,0,1
608,10,29500,0,0,1
608,11,29500,0,0,1
608,12,29500,0,0,1
608,13,29500,0,0,1
608,14,29500,0,0,1
608,15,29500,0,0,1
609,0,20893,621.987822,692,3
609,1,29216,183.580522,179,4
609,2,29400,45.5,65,2
609,3,29400,0,0,1
609,4,29400,0,0,1
609,5,29400,0,0,1
609,6,29400,0,0,1
609,7,29400,0,0,1
609,8,29400,0,0,1
609,9,29400,0,0,1
609,10,29400,0,0,1
609,11,29400,0,0,1
609,12,29400,0,0,1
609,13,29400,0,0,1
609,14,29400,0,0,1
609,15,29400,0,0,1
610,0,21469,600.961825,879,4
610,1,29386,19.4122354,10,2
610,2,29500,0,0,1
610,3,29500,0,0,1
610,4,29500,0,0,1
610,5,29500,0,0,1
610,6,29500,0,0,1
610,7,29500,0,0,1
610,8,29500,0,0,1
610,9,29500,0,0,1
610,10,29500,0,0,1
610,11,29500,0,0,1
610,12,29500,0,0,1
610,13,29500,0,0,1
610,14,29500,0,0,1
610,15,29500,0,0,1
611,0,20575,415.5658078,732,3
611,1,29239,104.0934694,175,4
611,2,29400,31.42,101,2
611,3,29400,0,0,1
611,4,29400,0,0,1
611,5,29400,0,0,1
611,6,29400,0,0,1
611,7,29400,0,0,1
611,8,29400,0,0,1
611,9,29400,0,0,1
611,10,29400,0,0,1
611,11,29400,0,0,1
611,12,29400,0,0,1
611,13,29400,0,0,1
611,14,29400,0,0,1
611,15,29400,0,0,1
612,0,21332,552.1545219,797,5
612,1,29477,186.84,140,2
612,2,29500,0,0,1
612,3,29500,0,0,1
612,4,29500,0,0,1
612,5,29500,0,0,1
612,6,29500,0,0,1
612,7,29500,0,0,1
612,8,29500,0,0,1
612,9,29500,0,0,1
612,10,29500,0,0,1
612,11,29500,0,0,1
612,12,29500,0,0,1
612,13,29500,0,0,1
612,14,29500,0,0,1
612,15,29500,0,0,1
613,0,21375,397.1826336,796,3
613,1,29359,107.96,76,2
613,2,29500,0,0,1
613,3,29500,0,0,1
613,4,29500,0,0,1
613,5,29500,0,0,1
613,6,29500,0,0,1
613,7,29500,0,0,1
613,8,29500,0,0,1
613,9,29500,0,0,1
613,10,29500,0,0,1
613,11,29500,0,0,1
613,12,29500,0,0,1
613,13,29500,0,0,1
613,14,29500,0,0,1
613,15,29500,0,0,1
614,0,21934,555.2611625,1199,3
614,1,29383,119.558211,270,2
614,2,29500,0,0,1
614,3,29500,0,0,1
614,4,29500,0,0,1
614,5,29500,0,0,1
614,6,29500,0,0,1
614,7,29500,0,0,1
614,8,29500,0,0,1
614,9,29500,0,0,1
614,10,29500,0,0,1
614,11,29500,0,0,1
614,12,29500,0,0,1
614,13,29500,0,0,1
614,14,29500,0,0,1
614,15,29500,0,0,1
615,0,20495,414.6968653,728,4
615,1,29139,118.714433,220,2
615,2,29277,0,0,1
615,3,29300,5.82,3,2
615,4,29300,0,0,1
615,5,29300,0,0,1
615,6,29300,0,0,1
615,7,29300,0,0,1
615,8,29300,0,0,1
615,9,29300,0,0,1
615,10,29300,0,0,1
615,11,29300,0,0,1
615,12,29300,0,0,1
615,13,29300,0,0,1
615,14,29300,0,0,1
615,15,29300,0,0,1
616,0,21601,640.3403786,1153,3
616,1,29225,151.9793898,257,2
616,2,29300,0,0,1
616,3,29300,0,0,1
616,4,29300,0,0,1
616,5,29300,0,0,1
616,6,29300,0,0,1
616,7,29300,0,0,1
616,8,29300,0,0,1
616,9,29300,0,0,1
616,10,29300,0,0,1
616,11,29300,0,0,1
616,12,29300,0,0,1
616,13,29300,0,0,1
616,14,29300,0,0,1
616,15,29300,0,0,1
617,0,20181,660.1079628,924,4
617,1,29221,254.962103,250,3
617,2,29400,51.76,30,2
617,3,29400,0,0,1
617,4,29400,0,0,1
617,5,29400,0,0,1
617,6,29400,0,0,1
617,7,29400,0,0,1
617,8,29400,0,0,1
617,9,29400,0,0,1
617,10,29400,0,0,1
617,11,29400,0,0,1
617,12,29400,0,0,1
617,13,29400,0,0,1
617,14,29400,0,0,1
617,15,29400,0,0,1
618,0,20295,656.0771503,1029,3
618,1,29285,143.4527273,184,2
618,2,29400,0,0,1
618,3,29400,0,0,1
618,4,29400,0,0,1
618,5,29400,0,0,1
618,6,29400,0,0,1
618,7,29400,0,0,1
618,8,29400,0,0,1
618,9,29400,0,0,1
618,10,29400,0,0,1
618,11,29400,0,0,1
618,12,29400,0,0,1
618,13,29400,0,0,1
618,14,29400,0,0,1
618,15,29400,0,0,1
619,0,20610,381.1547876,636,4
619,1,29144,232.7992157,230,2
619,2,29200,0,0,1
619,3,29200,0,0,1
619,4,29200,0,0,1
619,5,29200,0,0,1
619,6,29200,0,0,1
619,7,29200,0,0,1
619,8,29200,0,0,1
619,9,29200,0,0,1
619,10,29200,0,0,1
619,11,29200,0,0,1
619,12,29200,0,0,1
619,13,29200,0,0,1
619,14,29200,0,0,1
619,15,29200,0,0,1
620,0,20548,508.5116255,1012,3
620,1,29448,287.5811862,324,3
620,2,29500,1.98,1,2
620,3,29500,1.98,1,2
620,4,29500,0,0,1
620,5,29500,0,0,1
620,6,29500,0,0,1
620,7,29500,0,0,1
620,8,29500,0,0,1
620,9,29500,0,0,1
620,10,29500,0,0,1
620,11,29500,0,0,1
620,12,29500,0,0,1
620,13,29500,0,0,1
620,14,29500,0,0,1
620,15,29500,0,0,1
621,0,20655,511.2433035,671,4
621,1,29213,207.0329877,303,2
621,2,29400,3.96,2,2
621,3,29400,0,0,1
621,4,29400,0,0,1
621,5,29400,0,0,1
621,6,29400,0,0,1
621,7,29400,0,0,1
621,8,29400,0,0,1
621,9,29400,0,0,1
621,10,29400,0,0,1
621,11,29400,0,0,1
621,12,29400,0,0,1
621,13,29400,0,0,1
621,14,29400,0,0,1
621,15,29400,0,0,1
622,0,19980,626.0465047,1177,3
622,1,29006,209.828588,301,3
622,2,29200,11.28,6,2
622,3,29200,0,0,1
622,4,29200,0,0,1
622,5,29200,0,0,1
622,6,29200,0,0,1
622,7,29200,0,0,1
622,8,29200,0,0,1
622,9,29200,0,0,1
622,10,29200,0,0,1
622,11,29200,0,0,1
622,12,29200,0,0,1
622,13,29200,0,0,1
622,14,29200,0,0,1
622,15,29200,0,0,1
623,0,20505,576.6446228,925,4
623,1,29279,97.91894737,362,3
623,2,29397,7.670103093,4,2
623,3,29400,13.02,7,2
623,4,29400,0,0,1
623,5,29400,0,0,1
623,6,29400,0,0,1
623,7,29400,0,0,1
623,8,29400,0,0,1
623,9,29400,0,0,1
623,10,29400,0,0,1
623,11,29400,0,0,1
623,12,29400,0,0,1
623,13,29400,0,0,1
623,14,29400,0,0,1
623,15,29400,0,0,1
624,0,21764,360.3169001,605,3
624,1,29293,217.6693405,233,2
624,2,29400,3.96,2,2
624,3,29400,0,0,1
624,4,29400,0,0,1
624,5,29400,0,0,1
624,6,29400,0,0,1
624,7,29400,0,0,1
624,8,29400,0,0,1
624,9,29400,0,0,1
624,10,29400,0,0,1
624,11,29400,0,0,1
624,12,29400,0,0,1
624,13,29400,0,0,1
624,14,29400,0,0,1
624,15,29400,0,0,1
625,0,20011,500.1366454,956,3
625,1,29164,149.8140579,254,2
625,2,29499,0,0,1
625,3,29500,0,0,1
625,4,29500,0,0,1
625,5,29500,0,0,1
625,6,29500,0,0,1
625,7,29500,0,0,1
625,8,29500,0,0,1
625,9,29500,0,0,1
625,10,29500,0,0,1
625,11,29500,0,0,1
625,12,29500,0,0,1
625,13,29500,0,0,1
625,14,29500,0,0,1
625,15,29500,0,0,1
626,0,21598,560.4379978,673,4
626,1,29112,188.0735562,218,3
626,2,29300,3.92,2,2
626,3,29300,0,0,1
626,4,29300,0,0,1
626,5,29300,0,0,1
626,6,29300,0,0,1
626,7,29300,0,0,1
626,8,29300,0,0,1
626,9,29300,0,0,1
626,10,29300,0,0,1
626,11,29300,0,0,1
626,12,29300,0,0,1
626,13,29300,0,0,1
626,14,29300,0,0,1
626,15,29300,0,0,1
627,0,20429,835.3246455,1143,3
627,1,29145,212.8470707,511,2
627,2,29400,19.98,91,2
627,3,29400,0,0,1
627,4,29400,0,0,1
627,5,29400,0,0,1
627,6,29400,0,0,1
627,7,29400,0,0,1
627,8,29400,0,0,1
627,9,29400,0,0,1
627,10,29400,0,0,1
627,11,29400,0,0,1
627,12,29400,0,0,1
627,13,29400,0,0,1
627,14,29400,0,0,1
627,15,29400,0,0,1
628,0,21078,471.151036,723,3
628,1,29175,112.1034921,171,2
628,2,29300,0,0,1
628,3,29300,0,0,1
628,4,29300,0,0,1
628,5,29300,0,0,1
628,6,29300,0,0,1
628,7,29300,0,0,1
628,8,29300,0,0,1
628,9,29300,0,0,1
628,10,29300,0,0,1
628,11,29300,0,0,1
628,12,29300,0,0,1
628,13,29300,0,0,1
628,14,29300,0,0,1
628,15,29300,0,0,1
629,0,21175,500.216255,1111,3
629,1,29364,177.6508974,292,2
629,2,29500,0,0,1
629,3,29500,0,0,1
629,4,29500,0,0,1
629,5,29500,0,0,1
629,6,29500,0,0,1
629,7,29500,0,0,1
629,8,29500,0,0,1
629,9,29500,0,0,1
629,10,29500,0,0,1
629,11,29500,0,0,1
629,12,29500,0,0,1
629,13,29500,0,0,1
629,14,29500,0,0,1
629,15,29500,0,0,1
630,0,21008,425.1868642,606,4
630,1,29214,131.3126413,174,2
630,2,29400,9.5,5,2
630,3,29400,0,0,1
630,4,29400,0,0,1
630,5,29400,0,0,1
630,6,29400,0,0,1
630,7,29400,0,0,1
630,8,29400,0,0,1
630,9,29400,0,0,1
630,10,29400,0,0,1
630,11,29400,0,0,1
630,12,29400,0,0,1
630,13,29400,0,0,1
630,14,29400,0,0,1
630,15,29400,0,0,1
631,0,19893,485.2691087,671,3
631,1,28833,215.1797164,159,2
631,2,29097,0,0,1
631,3,29100,0,0,1
631,4,29100,0,0,1
631,5,29100,0,0,1
631,6,29100,0,0,1
631,7,29100,0,0,1
631,8,29100,0,0,1
631,9,29100,0,0,1
631,10,29100,0,0,1
631,11,29100,0,0,1
631,12,29100,0,0,1
631,13,29100,0,0,1
631,14,29100,0,0,1
631,15,29100,0,0,1
632,0,21096,442.7744445,980,3
632,1,29465,220.2851546,294,2
632,2,29500,0,0,1
632,3,29500,0,0,1
632,4,29500,0,0,1
632,5,29500,0,0,1
632,6,29500,0,0,1
632,7,29500,0,0,1
632,8,29500,0,0,1
632,9,29500,0,0,1
632,10,29500,0,0,1
632,11,29500,0,0,1
632,12,29500,0,0,1
632,13,29500,0,0,1
632,14,29500,0,0,1
632,15,29500,0,0,1
633,0,21433,520.7030805,919,3
633,1,29531,168.3191919,292,2
633,2,29600,51.26,45,2
633,3,29600,0,0,1
633,4,29600,0,0,1
633,5,29600,0,0,1
633,6,29600,0,0,1
633,7,29600,0,0,1
633,8,29600,0,0,1
633,9,29600,0,0,1
633,10,29600,0,0,1
633,11,29600,0,0,1
633,12,29600,0,0,1
633,13,29600,0,0,1
633,14,29600,0,0,1
633,15,29600,0,0,1
634,0,22528,455.0774464,827,3
634,1,29455,88.48059701,66,3
634,2,29500,0,0,1
634,3,29500,0,0,1
634,4,29500,0,0,1
634,5,29500,0,0,1
634,6,29500,0,0,1
634,7,29500,0,0,1
634,8,29500,0,0,1
634,9,29500,0,0,1
634,10,29500,0,0,1
634,11,29500,0,0,1
634,12,29500,0,0,1
634,13,29500,0,0,1
634,14,29500,0,0,1
634,15,29500,0,0,1
635,0,20202,553.5226941,943,3
635,1,29427,297.9559801,507,3
635,2,29500,25.88,96,2
635,3,29500,16.38,91,2
635,4,29500,0,0,1
635,5,29500,0,0,1
635,6,29500,0,0,1
635,7,29500,0,0,1
635,8,29500,0,0,1
635,9,29500,0,0,1
635,10,29500,0,0,1
635,11,29500,0,0,1
635,12,29500,0,0,1
635,13,29500,0,0,1
635,14,29500,0,0,1
635,15,29500,0,0,1
636,0,21493,195.3054461,346,3
636,1,29136,161.5307401,114,2
636,2,29300,0,0,1
636,3,29300,0,0,1
636,4,29300,0,0,1
636,5,29300,0,0,1
636,6,29300,0,0,1
636,7,29300,0,0,1
636,8,29300,0,0,1
636,9,29300,0,0,1
636,10,29300,0,0,1
636,11,29300,0,0,1
636,12,29300,0,0,1
636,13,29300,0,0,1
636,14,29300,0,0,1
636,15,29300,0,0,1
637,0,20479,509.6285341,601,4
637,1,28959,45.5,35,2
637,2,29100,0,0,1
637,3,29100,0,0,1
637,4,29100,0,0,1
637,5,29100,0,0,1
637,6,29100,0,0,1
637,7,29100,0,0,1
637,8,29100,0,0,1
637,9,29100,0,0,1
637,10,29100,0,0,1
637,11,29100,0,0,1
637,12,29100,0,0,1
637,13,29100,0,0,1
637,14,29100,0,0,1
637,15,29100,0,0,1
638,0,20741,492.4137744,785,4
638,1,28899,249.6152324,490,5
638,2,29200,0,0,1
638,3,29200,0,0,1
638,4,29200,0,0,1
638,5,29200,0,0,1
638,6,29200,0,0,1
638,7,29200,0,0,1
638,8,29200,0,0,1
638,9,29200,0,0,1
638,10,29200,0,0,1
638,11,29200,0,0,1
638,12,29200,0,0,1
638,13,29200,0,0,1
638,14,29200,0,0,1
638,15,29200,0,0,1
639,0,22035,490.4779947,830,3
639,1,29382,74.57919192,59,2
639,2,29500,11.48,6,2
639,3,29500,0,0,1
639,4,29500,0,0,1
639,5,29500,0,0,1
639,6,29500,0,0,1
639,7,29500,0,0,1
639,8,29500,0,0,1
639,9,29500,0,0,1
639,10,29500,0,0,1
639,11,29500,0,0,1
639,12,29500,0,0,1
639,13,29500,0,0,1
639,14,29500,0,0,1
639,15,29500,0,0,1
640,0,21696,520.3440084,1014,3
640,1,29180,86.77999588,81,3
640,2,29298,1.98,1,2
640,3,29300,0,0,1
640,4,29300,0,0,1
640,5,29300,0,0,1
640,6,29300,0,0,1
640,7,29300,0,0,1
640,8,29300,0,0,1
640,9,29300,0,0,1
640,10,29300,0,0,1
640,11,29300,0,0,1
640,12,29300,0,0,1
640,13,29300,0,0,1
640,14,29300,0,0,1
640,15,29300,0,0,1
641,0,20634,732.8227526,965,3
641,1,29178,31.94894737,19,2
641,2,29400,0,0,1
641,3,29400,0,0,1
641,4,29400,0,0,1
641,5,29400,0,0,1
641,6,29400,0,0,1
641,7,29400,0,0,1
641,8,29400,0,0,1
641,9,29400,0,0,1
641,10,29400,0,0,1
641,11,29400,0,0,1
641,12,29400,0,0,1
641,13,29400,0,0,1
641,14,29400,0,0,1
641,15,29400,0,0,1
642,0,21694,445.8328429,632,3
642,1,28822,168.5877451,168,2
642,2,29095,0,0,1
642,3,29100,1.98,1,2
642,4,29100,0,0,1
642,5,29100,0,0,1
642,6,29100,0,0,1
642,7,29100,0,0,1
642,8,29100,0,0,1
642,9,29100,0,0,1
642,10,29100,0,0,1
642,11,29100,0,0,1
642,12,29100,0,0,1
642,13,29100,0,0,1
642,14,29100,0,0,1
642,15,29100,0,0,1
643,0,22284,474.1467957,1108,3
643,1,29366,163.4085141,260,3
643,2,29500,0,0,1
643,3,29500,0,0,1
643,4,29500,0,0,1
643,5,29500,0,0,1
643,6,29500,0,0,1
643,7,29500,0,0,1
643,8,29500,0,0,1
643,9,29500,0,0,1
643,10,29500,0,0,1
643,11,29500,0,0,1
643,12,29500,0,0,1
643,13,29500,0,0,1
643,14,29500,0,0,1
643,15,29500,0,0,1
644,0,21936,601.2269871,800,4
644,1,29285,91.57136819,62,2
644,2,29400,0,0,1
644,3,29400,0,0,1
644,4,29400,0,0,1
644,5,29400,0,0,1
644,6,29400,0,0,1
644,7,29400,0,0,1
644,8,29400,0,0,1
644,9,29400,0,0,1
644,10,29400,0,0,1
644,11,29400,0,0,1
644,12,29400,0,0,1
644,13,29400,0,0,1
644,14,29400,0,0,1
644,15,29400,0,0,1
645,0,22501,392.9099726,517,3
645,1,29313,84.59470494,59,3
645,2,29400,0,0,1
645,3,29400,0,0,1
645,4,29400,0,0,1
645,5,29400,0,0,1
645,6,29400,0,0,1
645,7,29400,0,0,1
645,8,29400,0,0,1
645,9,29400,0,0,1
645,10,29400,0,0,1
645,11,29400,0,0,1
645,12,29400,0,0,1
645,13,29400,0,0,1
645,14,29400,0,0,1
645,15,29400,0,0,1
646,0,20564,621.0131264,940,3
646,1,29097,351.3691952,410,3
646,2,29400,0,0,1
646,3,29400,0,0,1
646,4,29400,0,0,1
646,5,29400,0,0,1
646,6,29400,0,0,1
646,7,29400,0,0,1
646,8,29400,0,0,1
646,9,29400,0,0,1
646,10,29400,0,0,1
646,11,29400,0,0,1
646,12,29400,0,0,1
646,13,29400,0,0,1
646,14,29400,0,0,1
646,15,29400,0,0,1
647,0,20877,418.9248459,569,4
647,1,29180,237.8636559,188,2
647,2,29300,0,0,1
647,3,29300,0,0,1
647,4,29300,0,0,1
647,5,29300,0,0,1
647,6,29300,0,0,1
647,7,29300,0,0,1
647,8,29300,0,0,1
647,9,29300,0,0,1
647,10,29300,0,0,1
647,11,29300,0,0,1
647,12,29300,0,0,1
647,13,29300,0,0,1
647,14,29300,0,0,1
647,15,29300,0,0,1
648,0,21513,399.3432047,740,3
648,1,29438,54.11960791,195,2
648,2,29600,11.28,94,2
648,3,29600,11.28,94,2
648,4,29600,0,0,1
648,5,29600,0,0,1
648,6,29600,0,0,1
648,7,29600,0,0,1
648,8,29600,0,0,1
648,9,29600,0,0,1
648,10,29600,0,0,1
648,11,29600,0,0,1
648,12,29600,0,0,1
648,13,29600,0,0,1
648,14,29600,0,0,1
648,15,29600,0,0,1
649,0,20897,568.3450407,1116,4
649,1,29290,321.6028571,346,3
649,2,29500,0,0,1
649,3,29500,0,0,1
649,4,29500,0,0,1
649,5,29500,0,0,1
649,6,29500,0,0,1
649,7,29500,0,0,1
649,8,29500,0,0,1
649,9,29500,0,0,1
649,10,29500,0,0,1
649,11,29500,0,0,1
649,12,29500,0,0,1
649,13,29500,0,0,1
649,14,29500,0,0,1
649,15,29500,0,0,1
650,0,20118,513.2779045,793,3
650,1,29120,172.5905263,203,2
650,2,29300,32.18,85,2
650,3,29300,0,0,1
650,4,29300,0,0,1
650,5,29300,0,0,1
650,6,29300,0,0,1
650,7,29300,0,0,1
650,8,29300,0,0,1
650,9,29300,0,0,1
650,10,29300,0,0,1
650,11,29300,0,0,1
650,12,29300,0,0,1
650,13,29300,0,0,1
650,14,29300,0,0,1
650,15,29300,0,0,1
651,0,21606,296.2787763,297,3
651,1,29045,113.9898442,191,2
651,2,29200,36.48,24,2
651,3,29200,0,0,1
651,4,29200,0,0,1
651,5,29200,0,0,1
651,6,29200,0,0,1
651,7,29200,0,0,1
651,8,29200,0,0,1
651,9,29200,0,0,1
651,10,29200,0,0,1
651,11,29200,0,0,1
651,12,29200,0,0,1
651,13,29200,0,0,1
651,14,29200,0,0,1
651,15,29200,0,0,1
652,0,21211,677.436754,825,3
652,1,28869,175.6826804,149,3
652,2,29000,0,0,1
652,3,29000,0,0,1
652,4,29000,0,0,1
652,5,29000,0,0,1
652,6,29000,0,0,1
652,7,29000,0,0,1
652,8,29000,0,0,1
652,9,29000,0,0,1
652,10,29000,0,0,1
652,11,29000,0,0,1
652,12,29000,0,0,1
652,13,29000,0,0,1
652,14,29000,0,0,1
652,15,29000,0,0,1
653,0,21063,371.615083,735,3
653,1,28902,103.7653803,90,2
653,2,29100,0,0,1
653,3,29100,0,0,1
653,4,29100,0,0,1
653,5,29100,0,0,1
653,6,29100,0,0,1
653,7,29100,0,0,1
653,8,29100,0,0,1
653,9,29100,0,0,1
653,10,29100,0,0,1
653,11,29100,0,0,1
653,12,29100,0,0,1
653,13,29100,0,0,1
653,14,29100,0,0,1
653,15,29100,0,0,1
654,0,21500,370.1959363,508,3
654,1,29262,137.6435345,200,3
654,2,29500,24.08,14,2
654,3,29500,0,0,1
654,4,29500,0,0,1
654,5,29500,0,0,1
654,6,29500,0,0,1
654,7,29500,0,0,1
654,8,29500,0,0,1
654,9,29500,0,0,1
654,10,29500,0,0,1
654,11,29500,0,0,1
654,12,29500,0,0,1
654,13,29500,0,0,1
654,14,29500,0,0,1
654,15,29500,0,0,1
655,0,21309,442.8283746,695,3
655,1,29274,124.0133333,233,3
655,2,29400,0,0,1
655,3,29400,0,0,1
655,4,29400,0,0,1
655,5,29400,0,0,1
655,6,29400,0,0,1
655,7,29400,0,0,1
655,8,29400,0,0,1
655,9,29400,0,0,1
655,10,29400,0,0,1
655,11,29400,0,0,1
655,12,29400,0,0,1
655,13,29400,0,0,1
655,14,29400,0,0,1
655,15,29400,0,0,1
656,0,21130,689.4608309,1182,4
656,1,29038,318.4708586,477,3
656,2,29100,54.3,67,2
656,3,29100,0,0,1
656,4,29100,0,0,1
656,5,29100,0,0,1
656,6,29100,0,0,1
656,7,29100,0,0,1
656,8,29100,0,0,1
656,9,29100,0,0,1
656,10,29100,0,0,1
656,11,29100,0,0,1
656,12,29100,0,0,1
656,13,29100,0,0,1
656,14,29100,0,0,1
656,15,29100,0,0,1
657,0,21054,355.4544434,779,3
657,1,29270,55.50754873,115,2
657,2,29500,0,0,1
657,3,29500,0,0,1
657,4,29500,0,0,1
657,5,29500,0,0,1
657,6,29500,0,0,1
657,7,29500,0,0,1
657,8,29500,0,0,1
657,9,29500,0,0,1
657,10,29500,0,0,1
657,11,29500,0,0,1
657,12,29500,0,0,1
657,13,29500,0,0,1
657,14,29500,0,0,1
657,15,29500,0,0,1
658,0,21965,705.1575699,967,3
658,1,29320,247.6438219,332,2
658,2,29495,3.915789474,2,2
658,3,29500,0,0,1
658,4,29500,0,0,1
658,5,29500,0,0,1
658,6,29500,0,0,1
658,7,29500,0,0,1
658,8,29500,0,0,1
658,9,29500,0,0,1
658,10,29500,0,0,1
658,11,29500,0,0,1
658,12,29500,0,0,1
658,13,29500,0,0,1
658,14,29500,0,0,1
658,15,29500,0,0,1
659,0,20734,630.2878591,1165,4
659,1,29186,122.5064646,146,3
659,2,29200,1.98,1,2
659,3,29200,0,0,1
659,4,29200,0,0,1
659,5,29200,0,0,1
659,6,29200,0,0,1
659,7,29200,0,0,1
659,8,29200,0,0,1
659,9,29200,0,0,1
659,10,29200,0,0,1
659,11,29200,0,0,1
659,12,29200,0,0,1
659,13,29200,0,0,1
659,14,29200,0,0,1
659,15,29200,0,0,1
660,0,21735,616.4730416,865,3
660,1,29247,171.5927835,181,3
660,2,29299,5.9,3,2
660,3,29300,0,0,1
660,4,29300,0,0,1
660,5,29300,0,0,1
660,6,29300,0,0,1
660,7,29300,0,0,1
660,8,29300,0,0,1
660,9,29300,0,0,1
660,10,29300,0,0,1
660,11,29300,0,0,1
660,12,29300,0,0,1
660,13,29300,0,0,1
660,14,29300,0,0,1
660,15,29300,0,0,1
661,0,20466,608.1681776,1036,3
661,1,29114,55.37022456,124,3
661,2,29200,1.98,1,2
661,3,29200,0,0,1
661,4,29200,0,0,1
661,5,29200,0,0,1
661,6,29200,0,0,1
661,7,29200,0,0,1
661,8,29200,0,0,1
661,9,29200,0,0,1
661,10,29200,0,0,1
661,11,29200,0,0,1
661,12,29200,0,0,1
661,13,29200,0,0,1
661,14,29200,0,0,1
661,15,29200,0,0,1
662,0,20578,518.6968544,756,3
662,1,28958,275.7994925,359,2
662,2,29300,46.7,71,2
662,3,29300,0,0,1
662,4,29300,0,0,1
662,5,29300,0,0,1
662,6,29300,0,0,1
662,7,29300,0,0,1
662,8,29300,0,0,1
662,9,29300,0,0,1
662,10,29300,0,0,1
662,11,29300,0,0,1
662,12,29300,0,0,1
662,13,29300,0,0,1
662,14,29300,0,0,1
662,15,29300,0,0,1
663,0,20931,365.4702025,839,4
663,1,29179,402.2827027,479,2
663,2,29300,0,0,1
663,3,29300,0,0,1
663,4,29300,0,0,1
663,5,29300,0,0,1
663,6,29300,0,0,1
663,7,29300,0,0,1
663,8,29300,0,0,1
663,9,29300,0,0,1
663,10,29300,0,0,1
663,11,29300,0,0,1
663,12,29300,0,0,1
663,13,29300,0,0,1
663,14,29300,0,0,1
663,15,29300,0,0,1
664,0,20797,316.7310011,450,2
664,1,28787,151.3494071,179,3
664,2,29100,0,0,1
664,3,29100,0,0,1
664,4,29100,0,0,1
664,5,29100,0,0,1
664,6,29100,0,0,1
664,7,29100,0,0,1
664,8,29100,0,0,1
664,9,29100,0,0,1
664,10,29100,0,0,1
664,11,29100,0,0,1
664,12,29100,0,0,1
664,13,29100,0,0,1
664,14,29100,0,0,1
664,15,29100,0,0,1
665,0,20746,303.8543705,669,3
665,1,29172,142.9258204,136,2
665,2,29300,0,0,1
665,3,29300,0,0,1
665,4,29300,0,0,1
665,5,29300,0,0,1
665,6,29300,0,0,1
665,7,29300,0,0,1
665,8,29300,0,0,1
665,9,29300,0,0,1
665,10,29300,0,0,1
665,11,29300,0,0,1
665,12,29300,0,0,1
665,13,29300,0,0,1
665,14,29300,0,0,1
665,15,29300,0,0,1
666,0,20672,280.9102616,569,3
666,1,29101,359.6478535,564,3
666,2,29300,0,0,1
666,3,29300,0,0,1
666,4,29300,0,0,1
666,5,29300,0,0,1
666,6,29300,0,0,1
666,7,29300,0,0,1
666,8,29300,0,0,1
666,9,29300,0,0,1
666,10,29300,0,0,1
666,11,29300,0,0,1
666,12,29300,0,0,1
666,13,29300,0,0,1
666,14,29300,0,0,1
666,15,29300,0,0,1
667,0,20369,453.6759143,827,3
667,1,29200,226.8283505,213,3
667,2,29400,0,0,1
667,3,29400,0,0,1
667,4,29400,0,0,1
667,5,29400,0,0,1
667,6,29400,0,0,1
667,7,29400,0,0,1
667,8,29400,0,0,1
667,9,29400,0,0,1
667,10,29400,0,0,1
667,11,29400,0,0,1
667,12,29400,0,0,1
667,13,29400,0,0,1
667,14,29400,0,0,1
667,15,29400,0,0,1
668,0,20748,267.3192375,583,4
668,1,29125,152.9323109,269,3
668,2,29200,0,0,1
668,3,29200,0,0,1
668,4,29200,0,0,1
668,5,29200,0,0,1
668,6,29200,0,0,1
668,7,29200,0,0,1
668,8,29200,0,0,1
668,9,29200,0,0,1
668,10,29200,0,0,1
668,11,29200,0,0,1
668,12,29200,0,0,1
668,13,29200,0,0,1
668,14,29200,0,0,1
668,15,29200,0,0,1
669,0,21202,326.5069492,711,3
669,1,29246,245.2409091,285,3
669,2,29300,57.36,50,2
669,3,29300,0,0,1
669,4,29300,0,0,1
669,5,29300,0,0,1
669,6,29300,0,0,1
669,7,29300,0,0,1
669,8,29300,0,0,1
669,9,29300,0,0,1
669,10,29300,0,0,1
669,11,29300,0,0,1
669,12,29300,0,0,1
669,13,29300,0,0,1
669,14,29300,0,0,1
669,15,29300,0,0,1
670,0,19639,417.5099731,674,3
670,1,28973,227.079659,300,3
670,2,29200,16.38,9,2
670,3,29200,0,0,1
670,4,29200,0,0,1
670,5,29200,0,0,1
670,6,29200,0,0,1
670,7,29200,0,0,1
670,8,29200,0,0,1
670,9,29200,0,0,1
670,10,29200,0,0,1
670,11,29200,0,0,1
670,12,29200,0,0,1
670,13,29200,0,0,1
670,14,29200,0,0,1
670,15,29200,0,0,1
671,0,19936,355.185291,448,4
671,1,29102,169.7078383,195,3
671,2,29300,0,0,1
671,3,29300,0,0,1
671,4,29300,0,0,1
671,5,29300,0,0,1
671,6,29300,0,0,1
671,7,29300,0,0,1
671,8,29300,0,0,1
671,9,29300,0,0,1
671,10,29300,0,0,1
671,11,29300,0,0,1
671,12,29300,0,0,1
671,13,29300,0,0,1
671,14,29300,0,0,1
671,15,29300,0,0,1
672,0,22294,445.516367,896,3
672,1,29181,131.890851,123,2
672,2,29399,1.98,1,2
672,3,29400,0,0,1
672,4,29400,0,0,1
672,5,29400,0,0,1
672,6,29400,0,0,1
672,7,29400,0,0,1
672,8,29400,0,0,1
672,9,29400,0,0,1
672,10,29400,0,0,1
672,11,29400,0,0,1
672,12,29400,0,0,1
672,13,29400,0,0,1
672,14,29400,0,0,1
672,15,29400,0,0,1
673,0,20968,453.4087804,854,3
673,1,29396,157.3363636,229,2
673,2,29500,0,0,1
673,3,29500,0,0,1
673,4,29500,0,0,1
673,5,29500,0,0,1
673,6,29500,0,0,1
673,7,29500,0,0,1
673,8,29500,0,0,1
673,9,29500,0,0,1
673,10,29500,0,0,1
673,11,29500,0,0,1
673,12,29500,0,0,1
673,13,29500,0,0,1
673,14,29500,0,0,1
673,15,29500,0,0,1
674,0,20113,396.6854805,757,3
674,1,29303,215.7675233,212,3
674,2,29400,26.88,16,2
674,3,29400,0,0,1
674,4,29400,0,0,1
674,5,29400,0,0,1
674,6,29400,0,0,1
674,7,29400,0,0,1
674,8,29400,0,0,1
674,9,29400,0,0,1
674,10,29400,0,0,1
674,11,29400,0,0,1
674,12,29400,0,0,1
674,13,29400,0,0,1
674,14,29400,0,0,1
674,15,29400,0,0,1
675,0,21531,572.9198539,766,3
675,1,29266,234.92,232,2
675,2,29400,0,0,1
675,3,29400,0,0,1
675,4,29400,0,0,1
675,5,29400,0,0,1
675,6,29400,0,0,1
675,7,29400,0,0,1
675,8,29400,0,0,1
675,9,29400,0,0,1
675,10,29400,0,0,1
675,11,29400,0,0,1
675,12,29400,0,0,1
675,13,29400,0,0,1
675,14,29400,0,0,1
675,15,29400,0,0,1
676,0,21381,587.4433124,668,3
676,1,28922,271.3715443,211,2
676,2,29199,0,0,1
676,3,29200,0,0,1
676,4,29200,0,0,1
676,5,29200,0,0,1
676,6,29200,0,0,1
676,7,29200,0,0,1
676,8,29200,0,0,1
676,9,29200,0,0,1
676,10,29200,0,0,1
676,11,29200,0,0,1
676,12,29200,0,0,1
676,13,29200,0,0,1
676,14,29200,0,0,1
676,15,29200,0,0,1
677,0,20651,506.265702,630,3
677,1,29275,248.5277656,276,3
677,2,29400,32,80,2
677,3,29400,0,0,1
677,4,29400,0,0,1
677,5,29400,0,0,1
677,6,29400,0,0,1
677,7,29400,0,0,1
677,8,29400,0,0,1
677,9,29400,0,0,1
677,10,29400,0,0,1
677,11,29400,0,0,1
677,12,29400,0,0,1
677,13,29400,0,0,1
677,14,29400,0,0,1
677,15,29400,0,0,1
678,0,20439,488.7407448,740,2
678,1,28941,109.9475877,149,2
678,2,29200,0,0,1
678,3,29200,0,0,1
678,4,29200,0,0,1
678,5,29200,0,0,1
678,6,29200,0,0,1
678,7,29200,0,0,1
678,8,29200,0,0,1
678,9,29200,0,0,1
678,10,29200,0,0,1
678,11,29200,0,0,1
678,12,29200,0,0,1
678,13,29200,0,0,1
678,14,29200,0,0,1
678,15,29200,0,0,1
679,0,21712,687.5637104,1083,3
679,1,29406,190.2141897,214,2
679,2,29500,108.36,118,2
679,3,29500,0,0,1
679,4,29500,0,0,1
679,5,29500,0,0,1
679,6,29500,0,0,1
679,7,29500,0,0,1
679,8,29500,0,0,1
679,9,29500,0,0,1
679,10,29500,0,0,1
679,11,29500,0,0,1
679,12,29500,0,0,1
679,13,29500,0,0,1
679,14,29500,0,0,1
679,15,29500,0,0,1
680,0,20571,406.7709457,625,6
680,1,29190,152.1994855,125,3
680,2,29399,3.96,2,2
680,3,29400,1.98,1,2
680,4,29400,0,0,1
680,5,29400,0,0,1
680,6,29400,0,0,1
680,7,29400,0,0,1
680,8,29400,0,0,1
680,9,29400,0,0,1
680,10,29400,0,0,1
680,11,29400,0,0,1
680,12,29400,0,0,1
680,13,29400,0,0,1
680,14,29400,0,0,1
680,15,29400,0,0,1
681,0,21233,431.0649866,582,3
681,1,29194,96.10582084,234,2
681,2,29400,11.28,6,2
681,3,29400,0,0,1
681,4,29400,0,0,1
681,5,29400,0,0,1
681,6,29400,0,0,1
681,7,29400,0,0,1
681,8,29400,0,0,1
681,9,29400,0,0,1
681,10,29400,0,0,1
681,11,29400,0,0,1
681,12,29400,0,0,1
681,13,29400,0,0,1
681,14,29400,0,0,1
681,15,29400,0,0,1
682,0,20976,493.1983553,541,4
682,1,29325,183.6849462,310,2
682,2,29400,0,0,1
682,3,29400,0,0,1
682,4,29400,0,0,1
682,5,29400,0,0,1
682,6,29400,0,0,1
682,7,29400,0,0,1
682,8,29400,0,0,1
682,9,29400,0,0,1
682,10,29400,0,0,1
682,11,29400,0,0,1
682,12,29400,0,0,1
682,13,29400,0,0,1
682,14,29400,0,0,1
682,15,29400,0,0,1
683,0,21622,373.0410615,698,3
683,1,29193,120.5118561,75,2
683,2,29300,0,0,1
683,3,29300,0,0,1
683,4,29300,0,0,1
683,5,29300,0,0,1
683,6,29300,0,0,1
683,7,29300,0,0,1
683,8,29300,0,0,1
683,9,29300,0,0,1
683,10,29300,0,0,1
683,11,29300,0,0,1
683,12,29300,0,0,1
683,13,29300,0,0,1
683,14,29300,0,0,1
683,15,29300,0,0,1
684,0,19930,727.5629948,1059,4
684,1,29250,192.7554974,138,3
684,2,29500,43.38,75,2
684,3,29500,0,0,1
684,4,29500,0,0,1
684,5,29500,0,0,1
684,6,29500,0,0,1
684,7,29500,0,0,1
684,8,29500,0,0,1
684,9,29500,0,0,1
684,10,29500,0,0,1
684,11,29500,0,0,1
684,12,29500,0,0,1
684,13,29500,0,0,1
684,14,29500,0,0,1
684,15,29500,0,0,1
685,0,21922,526.7814045,775,3
685,1,29418,124.5459005,271,3
685,2,29600,9.5,5,2
685,3,29600,0,0,1
685,4,29600,0,0,1
685,5,29600,0,0,1
685,6,29600,0,0,1
685,7,29600,0,0,1
685,8,29600,0,0,1
685,9,29600,0,0,1
685,10,29600,0,0,1
685,11,29600,0,0,1
685,12,29600,0,0,1
685,13,29600,0,0,1
685,14,29600,0,0,1
685,15,29600,0,0,1
686,0,21017,394.2427743,706,3
686,1,29238,113.8425531,76,2
686,2,29300,0,0,1
686,3,29300,0,0,1
686,4,29300,0,0,1
686,5,29300,0,0,1
686,6,29300,0,0,1
686,7,29300,0,0,1
686,8,29300,0,0,1
686,9,29300,0,0,1
686,10,29300,0,0,1
686,11,29300,0,0,1
686,12,29300,0,0,1
686,13,29300,0,0,1
686,14,29300,0,0,1
686,15,29300,0,0,1
687,0,21039,632.1897156,995,4
687,1,29151,229.5385769,203,2
687,2,29300,26.88,16,2
687,3,29300,0,0,1
687,4,29300,0,0,1
687,5,29300,0,0,1
687,6,29300,0,0,1
687,7,29300,0,0,1
687,8,29300,0,0,1
687,9,29300,0,0,1
687,10,29300,0,0,1
687,11,29300,0,0,1
687,12,29300,0,0,1
687,13,29300,0,0,1
687,14,29300,0,0,1
687,15,29300,0,0,1
688,0,21734,340.2292006,414,4
688,1,29207,110.0426263,74,2
688,2,29399,0,0,1
688,3,29400,0,0,1
688,4,29400,0,0,1
688,5,29400,0,0,1
688,6,29400,0,0,1
688,7,29400,0,0,1
688,8,29400,0,0,1
688,9,29400,0,0,1
688,10,29400,0,0,1
688,11,29400,0,0,1
688,12,29400,0,0,1
688,13,29400,0,0,1
688,14,29400,0,0,1
688,15,29400,0,0,1
689,0,19836,453.7567158,666,4
689,1,29280,118.7908251,136,3
689,2,29600,41.18,29,2
689,3,29600,0,0,1
689,4,29600,0,0,1
689,5,29600,0,0,1
689,6,29600,0,0,1
689,7,29600,0,0,1
689,8,29600,0,0,1
689,9,29600,0,0,1
689,10,29600,0,0,1
689,11,29600,0,0,1
689,12,29600,0,0,1
689,13,29600,0,0,1
689,14,29600,0,0,1
689,15,29600,0,0,1
690,0,20620,418.6675207,708,4
690,1,29173,195.1248264,315,3
690,2,29400,0,0,1
690,3,29400,0,0,1
690,4,29400,0,0,1
690,5,29400,0,0,1
690,6,29400,0,0,1
690,7,29400,0,0,1
690,8,29400,0,0,1
690,9,29400,0,0,1
690,10,29400,0,0,1
690,11,29400,0,0,1
690,12,29400,0,0,1
690,13,29400,0,0,1
690,14,29400,0,0,1
690,15,29400,0,0,1
691,0,20048,418.0808781,709,3
691,1,29285,149.0174468,270,2
691,2,29400,0,0,1
691,3,29400,0,0,1
691,4,29400,0,0,1
691,5,29400,0,0,1
691,6,29400,0,0,1
691,7,29400,0,0,1
691,8,29400,0,0,1
691,9,29400,0,0,1
691,10,29400,0,0,1
691,11,29400,0,0,1
691,12,29400,0,0,1
691,13,29400,0,0,1
691,14,29400,0,0,1
691,15,29400,0,0,1
692,0,21232,509.8118533,1062,3
692,1,29274,247.2,186,2
692,2,29500,43.52,32,2
692,3,29500,0,0,1
692,4,29500,0,0,1
692,5,29500,0,0,1
692,6,29500,0,0,1
692,7,29500,0,0,1
692,8,29500,0,0,1
692,9,29500,0,0,1
692,10,29500,0,0,1
692,11,29500,0,0,1
692,12,29500,0,0,1
692,13,29500,0,0,1
692,14,29500,0,0,1
692,15,29500,0,0,1
693,0,20519,502.688317,1108,3
693,1,28982,202.8160481,194,3
693,2,29200,0,0,1
693,3,29200,0,0,1
693,4,29200,0,0,1
693,5,29200,0,0,1
693,6,29200,0,0,1
693,7,29200,0,0,1
693,8,29200,0,0,1
693,9,29200,0,0,1
693,10,29200,0,0,1
693,11,29200,0,0,1
693,12,29200,0,0,1
693,13,29200,0,0,1
693,14,29200,0,0,1
693,15,29200,0,0,1
694,0,21448,349.100234,746,3
694,1,29342,214.6681633,161,2
694,2,29500,0,0,1
694,3,29500,0,0,1
694,4,29500,0,0,1
694,5,29500,0,0,1
694,6,29500,0,0,1
694,7,29500,0,0,1
694,8,29500,0,0,1
694,9,29500,0,0,1
694,10,29500,0,0,1
694,11,29500,0,0,1
694,12,29500,0,0,1
694,13,29500,0,0,1
694,14,29500,0,0,1
694,15,29500,0,0,1
695,0,20470,565.9743916,938,3
695,1,28809,112.4272365,95,2
695,2,29200,1.98,1,2
695,3,29200,0,0,1
695,4,29200,0,0,1
695,5,29200,0,0,1
695,6,29200,0,0,1
695,7,29200,0,0,1
695,8,29200,0,0,1
695,9,29200,0,0,1
695,10,29200,0,0,1
695,11,29200,0,0,1
695,12,29200,0,0,1
695,13,29200,0,0,1
695,14,29200,0,0,1
695,15,29200,0,0,1
696,0,21257,288.5872174,487,4
696,1,29304,69.59181598,75,2
696,2,29500,28.22,17,2
696,3,29500,0,0,1
696,4,29500,0,0,1
696,5,29500,0,0,1
696,6,29500,0,0,1
696,7,29500,0,0,1
696,8,29500,0,0,1
696,9,29500,0,0,1
696,10,29500,0,0,1
696,11,29500,0,0,1
696,12,29500,0,0,1
696,13,29500,0,0,1
696,14,29500,0,0,1
696,15,29500,0,0,1
697,0,20814,550.3109352,776,3
697,1,29067,119.1074747,159,3
697,2,29279,13.86,7,2
697,3,29300,1.98,1,2
697,4,29300,0,0,1
697,5,29300,0,0,1
697,6,29300,0,0,1
697,7,29300,0,0,1
697,8,29300,0,0,1
697,9,29300,0,0,1
697,10,29300,0,0,1
697,11,29300,0,0,1
697,12,29300,0,0,1
697,13,29300,0,0,1
697,14,29300,0,0,1
697,15,29300,0,0,1
698,0,21274,395.1411632,632,3
698,1,29102,44.57950816,25,3
698,2,29400,0,0,1
698,3,29400,0,0,1
698,4,29400,0,0,1
698,5,29400,0,0,1
698,6,29400,0,0,1
698,7,29400,0,0,1
698,8,29400,0,0,1
698,9,29400,0,0,1
698,10,29400,0,0,1
698,11,29400,0,0,1
698,12,29400,0,0,1
698,13,29400,0,0,1
698,14,29400,0,0,1
698,15,29400,0,0,1
699,0,21564,435.7862958,717,3
699,1,29174,273.0849358,406,2
699,2,29400,0,0,1
699,3,29400,0,0,1
699,4,29400,0,0,1
699,5,29400,0,0,1
699,6,29400,0,0,1
699,7,29400,0,0,1
699,8,29400,0,0,1
699,9,29400,0,0,1
699,10,29400,0,0,1
699,11,29400,0,0,1
699,12,29400,0,0,1
699,13,29400,0,0,1
699,14,29400,0,0,1
699,15,29400,0,0,1
700,0,21670,492.0331285,967,3
700,1,29279,165.7991919,154,2
700,2,29500,0,0,1
700,3,29500,0,0,1
700,4,29500,0,0,1
700,5,29500,0,0,1
700,6,29500,0,0,1
700,7,29500,0,0,1
700,8,29500,0,0,1
700,9,29500,0,0,1
700,10,29500,0,0,1
700,11,29500,0,0,1
700,12,29500,0,0,1
700,13,29500,0,0,1
700,14,29500,0,0,1
700,15,29500,0,0,1
701,0,20033,595.9094765,1013,4
701,1,29061,121.6373395,77,2
701,2,29399,33.18,21,2
701,3,29400,0,0,1
701,4,29400,0,0,1
701,5,29400,0,0,1
701,6,29400,0,0,1
701,7,29400,0,0,1
701,8,29400,0,0,1
701,9,29400,0,0,1
701,10,29400,0,0,1
701,11,29400,0,0,1
701,12,29400,0,0,1
701,13,29400,0,0,1
701,14,29400,0,0,1
701,15,29400,0,0,1
702,0,20313,585.8554777,1080,4
702,1,29029,267.508657,271,3
702,2,29200,15.36,8,2
702,3,29200,0,0,1
702,4,29200,0,0,1
702,5,29200,0,0,1
702,6,29200,0,0,1
702,7,29200,0,0,1
702,8,29200,0,0,1
702,9,29200,0,0,1
702,10,29200,0,0,1
702,11,29200,0,0,1
702,12,29200,0,0,1
702,13,29200,0,0,1
702,14,29200,0,0,1
702,15,29200,0,0,1
703,0,20991,469.2738574,740,3
703,1,29440,343.9058333,394,2
703,2,29500,59.5,37,2
703,3,29500,35.42,23,2
703,4,29500,0,0,1
703,5,29500,0,0,1
703,6,29500,0,0,1
703,7,29500,0,0,1
703,8,29500,0,0,1
703,9,29500,0,0,1
703,10,29500,0,0,1
703,11,29500,0,0,1
703,12,29500,0,0,1
703,13,29500,0,0,1
703,14,29500,0,0,1
703,15,29500,0,0,1
704,0,21282,314.3058164,604,3
704,1,28814,116.0920116,83,2
704,2,29300,3.96,2,2
704,3,29300,0,0,1
704,4,29300,0,0,1
704,5,29300,0,0,1
704,6,29300,0,0,1
704,7,29300,0,0,1
704,8,29300,0,0,1
704,9,29300,0,0,1
704,10,29300,0,0,1
704,11,29300,0,0,1
704,12,29300,0,0,1
704,13,29300,0,0,1
704,14,29300,0,0,1
704,15,29300,0,0,1
705,0,19702,508.4417847,779,3
705,1,29159,229.9443424,169,2
705,2,29291,0,0,1
705,3,29300,0,0,1
705,4,29300,0,0,1
705,5,29300,0,0,1
705,6,29300,0,0,1
705,7,29300,0,0,1
705,8,29300,0,0,1
705,9,29300,0,0,1
705,10,29300,0,0,1
705,11,29300,0,0,1
705,12,29300,0,0,1
705,13,29300,0,0,1
705,14,29300,0,0,1
705,15,29300,0,0,1
706,0,21373,447.3419746,877,4
706,1,29320,236.2526531,324,2
706,2,29400,0,0,1
706,3,29400,0,0,1
706,4,29400,0,0,1
706,5,29400,0,0,1
706,6,29400,0,0,1
706,7,29400,0,0,1
706,8,29400,0,0,1
706,9,29400,0,0,1
706,10,29400,0,0,1
706,11,29400,0,0,1
706,12,29400,0,0,1
706,13,29400,0,0,1
706,14,29400,0,0,1
706,15,29400,0,0,1
707,0,20837,462.5326402,737,3
707,1,29266,141.4928509,108,2
707,2,29500,0,0,1
707,3,29500,0,0,1
707,4,29500,0,0,1
707,5,29500,0,0,1
707,6,29500,0,0,1
707,7,29500,0,0,1
707,8,29500,0,0,1
707,9,29500,0,0,1
707,10,29500,0,0,1
707,11,29500,0,0,1
707,12,29500,0,0,1
707,13,29500,0,0,1
707,14,29500,0,0,1
707,15,29500,0,0,1
708,0,21146,584.4819509,902,3
708,1,29238,221.7873633,255,2
708,2,29400,18,90,2
708,3,29400,0,0,1
708,4,29400,0,0,1
708,5,29400,0,0,1
708,6,29400,0,0,1
708,7,29400,0,0,1
708,8,29400,0,0,1
708,9,29400,0,0,1
708,10,29400,0,0,1
708,11,29400,0,0,1
708,12,29400,0,0,1
708,13,29400,0,0,1
708,14,29400,0,0,1
708,15,29400,0,0,1
709,0,22263,309.8794516,601,3
709,1,29270,175.9299711,159,3
709,2,29400,0,0,1
709,3,29400,0,0,1
709,4,29400,0,0,1
709,5,29400,0,0,1
709,6,29400,0,0,1
709,7,29400,0,0,1
709,8,29400,0,0,1
709,9,29400,0,0,1
709,10,29400,0,0,1
709,11,29400,0,0,1
709,12,29400,0,0,1
709,13,29400,0,0,1
709,14,29400,0,0,1
709,15,29400,0,0,1
710,0,22144,476.7211795,781,4
710,1,29368,212.1941215,168,2
710,2,29600,42.78,69,2
710,3,29600,0,0,1
710,4,29600,0,0,1
710,5,29600,0,0,1
710,6,29600,0,0,1
710,7,29600,0,0,1
710,8,29600,0,0,1
710,9,29600,0,0,1
710,10,29600,0,0,1
710,11,29600,0,0,1
710,12,29600,0,0,1
710,13,29600,0,0,1
710,14,29600,0,0,1
710,15,29600,0,0,1
711,0,21887,811.8121119,1164,3
711,1,29185,119.5443607,229,2
711,2,29400,11.72,6,2
711,3,29400,0,0,1
711,4,29400,0,0,1
711,5,29400,0,0,1
711,6,29400,0,0,1
711,7,29400,0,0,1
711,8,29400,0,0,1
711,9,29400,0,0,1
711,10,29400,0,0,1
711,11,29400,0,0,1
711,12,29400,0,0,1
711,13,29400,0,0,1
711,14,29400,0,0,1
711,15,29400,0,0,1
712,0,20963,530.2215644,872,3
712,1,29095,121.76,118,2
712,2,29300,0,0,1
712,3,29300,0,0,1
712,4,29300,0,0,1
712,5,29300,0,0,1
712,6,29300,0,0,1
712,7,29300,0,0,1
712,8,29300,0,0,1
712,9,29300,0,0,1
712,10,29300,0,0,1
712,11,29300,0,0,1
712,12,29300,0,0,1
712,13,29300,0,0,1
712,14,29300,0,0,1
712,15,29300,0,0,1
713,0,21096,333.0948581,865,3
713,1,29229,171.260854,222,2
713,2,29499,0,0,1
713,3,29500,0,0,1
713,4,29500,0,0,1
713,5,29500,0,0,1
713,6,29500,0,0,1
713,7,29500,0,0,1
713,8,29500,0,0,1
713,9,29500,0,0,1
713,10,29500,0,0,1
713,11,29500,0,0,1
713,12,29500,0,0,1
713,13,29500,0,0,1
713,14,29500,0,0,1
713,15,29500,0,0,1
714,0,19329,655.1204806,789,4
714,1,29179,95.36207841,83,3
714,2,29399,1.98,1,2
714,3,29400,0,0,1
714,4,29400,0,0,1
714,5,29400,0,0,1
714,6,29400,0,0,1
714,7,29400,0,0,1
714,8,29400,0,0,1
714,9,29400,0,0,1
714,10,29400,0,0,1
714,11,29400,0,0,1
714,12,29400,0,0,1
714,13,29400,0,0,1
714,14,29400,0,0,1
714,15,29400,0,0,1
715,0,20301,342.8430256,521,4
715,1,29045,199.0830569,364,4
715,2,29300,0,0,1
715,3,29300,0,0,1
715,4,29300,0,0,1
715,5,29300,0,0,1
715,6,29300,0,0,1
715,7,29300,0,0,1
715,8,29300,0,0,1
715,9,29300,0,0,1
715,10,29300,0,0,1
715,11,29300,0,0,1
715,12,29300,0,0,1
715,13,29300,0,0,1
715,14,29300,0,0,1
715,15,29300,0,0,1
716,0,21873,536.7138954,1038,3
716,1,29307,165.7591919,217,3
716,2,29500,32,20,2
716,3,29500,0,0,1
716,4,29500,0,0,1
716,5,29500,0,0,1
716,6,29500,0,0,1
716,7,29500,0,0,1
716,8,29500,0,0,1
716,9,29500,0,0,1
716,10,29500,0,0,1
716,11,29500,0,0,1
716,12,29500,0,0,1
716,13,29500,0,0,1
716,14,29500,0,0,1
716,15,29500,0,0,1
717,0,20999,423.4869986,950,4
717,1,29188,213.3569965,352,3
717,2,29297,33.89919192,21,2
717,3,29300,0,0,1
717,4,29300,0,0,1
717,5,29300,0,0,1
717,6,29300,0,0,1
717,7,29300,0,0,1
717,8,29300,0,0,1
717,9,29300,0,0,1
717,10,29300,0,0,1
717,11,29300,0,0,1
717,12,29300,0,0,1
717,13,29300,0,0,1
717,14,29300,0,0,1
717,15,29300,0,0,1
718,0,20776,506.8744052,722,3
718,1,29387,131.299798,121,2
718,2,29500,33.18,21,2
718,3,29500,0,0,1
718,4,29500,0,0,1
718,5,29500,0,0,1
718,6,29500,0,0,1
718,7,29500,0,0,1
718,8,29500,0,0,1
718,9,29500,0,0,1
718,10,29500,0,0,1
718,11,29500,0,0,1
718,12,29500,0,0,1
718,13,29500,0,0,1
718,14,29500,0,0,1
718,15,29500,0,0,1
719,0,21226,304.0251689,609,3
719,1,29409,136.9318027,127,2
719,2,29600,34.32,22,2
719,3,29600,0,0,1
719,4,29600,0,0,1
719,5,29600,0,0,1
719,6,29600,0,0,1
719,7,29600,0,0,1
719,8,29600,0,0,1
719,9,29600,0,0,1
719,10,29600,0,0,1
719,11,29600,0,0,1
719,12,29600,0,0,1
719,13,29600,0,0,1
719,14,29600,0,0,1
719,15,29600,0,0,1
720,0,21022,587.6388067,1061,3
720,1,29004,131.8319109,119,2
720,2,29100,0,0,1
720,3,29100,0,0,1
720,4,29100,0,0,1
720,5,29100,0,0,1
720,6,29100,0,0,1
720,7,29100,0,0,1
720,8,29100,0,0,1
720,9,29100,0,0,1
720,10,29100,0,0,1
720,11,29100,0,0,1
720,12,29100,0,0,1
720,13,29100,0,0,1
720,14,29100,0,0,1
720,15,29100,0,0,1
721,0,21905,517.0072475,1053,4
721,1,28864,207.8523556,262,3
721,2,28900,0,0,1
721,3,28900,0,0,1
721,4,28900,0,0,1
721,5,28900,0,0,1
721,6,28900,0,0,1
721,7,28900,0,0,1
721,8,28900,0,0,1
721,9,28900,0,0,1
721,10,28900,0,0,1
721,11,28900,0,0,1
721,12,28900,0,0,1
721,13,28900,0,0,1
721,14,28900,0,0,1
721,15,28900,0,0,1
722,0,21049,486.9300063,900,4
722,1,29315,364.1883963,522,2
722,2,29500,44.92,28,2
722,3,29500,0,0,1
722,4,29500,0,0,1
722,5,29500,0,0,1
722,6,29500,0,0,1
722,7,29500,0,0,1
722,8,29500,0,0,1
722,9,29500,0,0,1
722,10,29500,0,0,1
722,11,29500,0,0,1
722,12,29500,0,0,1
722,13,29500,0,0,1
722,14,29500,0,0,1
722,15,29500,0,0,1
723,0,20939,450.9218672,711,3
723,1,29410,168.328576,114,3
723,2,29500,0,0,1
723,3,29500,0,0,1
723,4,29500,0,0,1
723,5,29500,0,0,1
723,6,29500,0,0,1
723,7,29500,0,0,1
723,8,29500,0,0,1
723,9,29500,0,0,1
723,10,29500,0,0,1
723,11,29500,0,0,1
723,12,29500,0,0,1
723,13,29500,0,0,1
723,14,29500,0,0,1
723,15,29500,0,0,1
724,0,19620,450.6665542,744,3
724,1,29190,130.658191,270,3
724,2,29300,22.62,13,2
724,3,29300,0,0,1
724,4,29300,0,0,1
724,5,29300,0,0,1
724,6,29300,0,0,1
724,7,29300,0,0,1
724,8,29300,0,0,1
724,9,29300,0,0,1
724,10,29300,0,0,1
724,11,29300,0,0,1
724,12,29300,0,0,1
724,13,29300,0,0,1
724,14,29300,0,0,1
724,15,29300,0,0,1
725,0,21401,397.1802726,854,3
725,1,29087,80.86,153,2
725,2,29300,0,0,1
725,3,29300,0,0,1
725,4,29300,0,0,1
725,5,29300,0,0,1
725,6,29300,0,0,1
725,7,29300,0,0,1
725,8,29300,0,0,1
725,9,29300,0,0,1
725,10,29300,0,0,1
725,11,29300,0,0,1
725,12,29300,0,0,1
725,13,29300,0,0,1
725,14,29300,0,0,1
725,15,29300,0,0,1
726,0,19695,236.7764017,311,4
726,1,29389,318.7932847,442,3
726,2,29500,24.08,86,2
726,3,29500,0,0,1
726,4,29500,0,0,1
726,5,29500,0,0,1
726,6,29500,0,0,1
726,7,29500,0,0,1
726,8,29500,0,0,1
726,9,29500,0,0,1
726,10,29500,0,0,1
726,11,29500,0,0,1
726,12,29500,0,0,1
726,13,29500,0,0,1
726,14,29500,0,0,1
726,15,29500,0,0,1
727,0,22275,406.4259741,461,3
727,1,29406,132.8035897,120,2
727,2,29500,0,0,1
727,3,29500,0,0,1
727,4,29500,0,0,1
727,5,29500,0,0,1
727,6,29500,0,0,1
727,7,29500,0,0,1
727,8,29500,0,0,1
727,9,29500,0,0,1
727,10,29500,0,0,1
727,11,29500,0,0,1
727,12,29500,0,0,1
727,13,29500,0,0,1
727,14,29500,0,0,1
727,15,29500,0,0,1
728,0,20678,446.390126,751,2
728,1,29245,265.2540337,372,2
728,2,29500,47.44,34,2
728,3,29500,0,0,1
728,4,29500,0,0,1
728,5,29500,0,0,1
728,6,29500,0,0,1
728,7,29500,0,0,1
728,8,29500,0,0,1
728,9,29500,0,0,1
728,10,29500,0,0,1
728,11,29500,0,0,1
728,12,29500,0,0,1
728,13,29500,0,0,1
728,14,29500,0,0,1
728,15,29500,0,0,1
729,0,21544,381.2598603,711,4
729,1,29198,150.7557708,160,2
729,2,29300,3.92,2,2
729,3,29300,0,0,1
729,4,29300,0,0,1
729,5,29300,0,0,1
729,6,29300,0,0,1
729,7,29300,0,0,1
729,8,29300,0,0,1
729,9,29300,0,0,1
729,10,29300,0,0,1
729,11,29300,0,0,1
729,12,29300,0,0,1
729,13,29300,0,0,1
729,14,29300,0,0,1
729,15,29300,0,0,1
730,0,21650,459.9231809,799,4
730,1,29225,153.630087,178,2
730,2,29400,7.68,4,2
730,3,29400,0,0,1
730,4,29400,0,0,1
730,5,29400,0,0,1
730,6,29400,0,0,1
730,7,29400,0,0,1
730,8,29400,0,0,1
730,9,29400,0,0,1
730,10,29400,0,0,1
730,11,29400,0,0,1
730,12,29400,0,0,1
730,13,29400,0,0,1
730,14,29400,0,0,1
730,15,29400,0,0,1
731,0,22053,646.9257822,1069,3
731,1,29297,109.5288889,168,2
731,2,29400,0,0,1
731,3,29400,0,0,1
731,4,29400,0,0,1
731,5,29400,0,0,1
731,6,29400,0,0,1
731,7,29400,0,0,1
731,8,29400,0,0,1
731,9,29400,0,0,1
731,10,29400,0,0,1
731,11,29400,0,0,1
731,12,29400,0,0,1
731,13,29400,0,0,1
731,14,29400,0,0,1
731,15,29400,0,0,1
732,0,20839,541.5098532,804,3
732,1,29308,153.9144444,140,3
732,2,29400,28.22,17,2
732,3,29400,0,0,1
732,4,29400,0,0,1
732,5,29400,0,0,1
732,6,29400,0,0,1
732,7,29400,0,0,1
732,8,29400,0,0,1
732,9,29400,0,0,1
732,10,29400,0,0,1
732,11,29400,0,0,1
732,12,29400,0,0,1
732,13,29400,0,0,1
732,14,29400,0,0,1
732,15,29400,0,0,1
733,0,21369,705.8635708,1190,3
733,1,29099,259.9802797,269,3
733,2,29300,0,0,1
733,3,29300,0,0,1
733,4,29300,0,0,1
733,5,29300,0,0,1
733,6,29300,0,0,1
733,7,29300,0,0,1
733,8,29300,0,0,1
733,9,29300,0,0,1
733,10,29300,0,0,1
733,11,29300,0,0,1
733,12,29300,0,0,1
733,13,29300,0,0,1
733,14,29300,0,0,1
733,15,29300,0,0,1
734,0,20835,390.1685809,534,3
734,1,29438,145.2118831,222,2
734,2,29600,9.5,5,2
734,3,29600,0,0,1
734,4,29600,0,0,1
734,5,29600,0,0,1
734,6,29600,0,0,1
734,7,29600,0,0,1
734,8,29600,0,0,1
734,9,29600,0,0,1
734,10,29600,0,0,1
734,11,29600,0,0,1
734,12,29600,0,0,1
734,13,29600,0,0,1
734,14,29600,0,0,1
734,15,29600,0,0,1
735,0,21227,483.819586,761,3
735,1,29366,181.3678009,163,2
735,2,29400,7.68,4,2
735,3,29400,7.68,4,2
735,4,29400,7.68,4,2
735,5,29400,0,0,1
735,6,29400,0,0,1
735,7,29400,0,0,1
735,8,29400,0,0,1
735,9,29400,0,0,1
735,10,29400,0,0,1
735,11,29400,0,0,1
735,12,29400,0,0,1
735,13,29400,0,0,1
735,14,29400,0,0,1
735,15,29400,0,0,1
736,0,20416,220.7252225,448,3
736,1,29076,108.4806165,404,3
736,2,29193,3.96,2,2
736,3,29199,0,0,1
736,4,29200,0,0,1
736,5,29200,0,0,1
736,6,29200,0,0,1
736,7,29200,0,0,1
736,8,29200,0,0,1
736,9,29200,0,0,1
736,10,29200,0,0,1
736,11,29200,0,0,1
736,12,29200,0,0,1
736,13,29200,0,0,1
736,14,29200,0,0,1
736,15,29200,0,0,1
737,0,20355,424.9568261,476,3
737,1,28923,141.5485714,224,2
737,2,29100,0,0,1
737,3,29100,0,0,1
737,4,29100,0,0,1
737,5,29100,0,0,1
737,6,29100,0,0,1
737,7,29100,0,0,1
737,8,29100,0,0,1
737,9,29100,0,0,1
737,10,29100,0,0,1
737,11,29100,0,0,1
737,12,29100,0,0,1
737,13,29100,0,0,1
737,14,29100,0,0,1
737,15,29100,0,0,1
738,0,21562,451.2809846,888,3
738,1,29037,191.735469,191,3
738,2,29200,37.5,25,2
738,3,29200,0,0,1
738,4,29200,0,0,1
738,5,29200,0,0,1
738,6,29200,0,0,1
738,7,29200,0,0,1
738,8,29200,0,0,1
738,9,29200,0,0,1
738,10,29200,0,0,1
738,11,29200,0,0,1
738,12,29200,0,0,1
738,13,29200,0,0,1
738,14,29200,0,0,1
738,15,29200,0,0,1
739,0,20708,357.133202,713,3
739,1,29233,262.4174468,284,3
739,2,29400,0,0,1
739,3,29400,0,0,1
739,4,29400,0,0,1
739,5,29400,0,0,1
739,6,29400,0,0,1
739,7,29400,0,0,1
739,8,29400,0,0,1
739,9,29400,0,0,1
739,10,29400,0,0,1
739,11,29400,0,0,1
739,12,29400,0,0,1
739,13,29400,0,0,1
739,14,29400,0,0,1
739,15,29400,0,0,1
740,0,21194,408.588956,619,3
740,1,28971,309.7307334,277,2
740,2,29099,0,0,1
740,3,29100,0,0,1
740,4,29100,0,0,1
740,5,29100,0,0,1
740,6,29100,0,0,1
740,7,29100,0,0,1
740,8,29100,0,0,1
740,9,29100,0,0,1
740,10,29100,0,0,1
740,11,29100,0,0,1
740,12,29100,0,0,1
740,13,29100,0,0,1
740,14,29100,0,0,1
740,15,29100,0,0,1
741,0,19704,474.991287,773,3
741,1,29016,420.0726191,523,2
741,2,29300,49.02,43,2
741,3,29300,0,0,1
741,4,29300,0,0,1
741,5,29300,0,0,1
741,6,29300,0,0,1
741,7,29300,0,0,1
741,8,29300,0,0,1
741,9,29300,0,0,1
741,10,29300,0,0,1
741,11,29300,0,0,1
741,12,29300,0,0,1
741,13,29300,0,0,1
741,14,29300,0,0,1
741,15,29300,0,0,1
742,0,20675,641.1951956,1262,3
742,1,29175,224.0927273,274,2
742,2,29300,0,0,1
742,3,29300,0,0,1
742,4,29300,0,0,1
742,5,29300,0,0,1
742,6,29300,0,0,1
742,7,29300,0,0,1
742,8,29300,0,0,1
742,9,29300,0,0,1
742,10,29300,0,0,1
742,11,29300,0,0,1
742,12,29300,0,0,1
742,13,29300,0,0,1
742,14,29300,0,0,1
742,15,29300,0,0,1
743,0,19794,433.1205289,566,3
743,1,28944,203.609798,423,3
743,2,29299,0,0,1
743,3,29300,0,0,1
743,4,29300,0,0,1
743,5,29300,0,0,1
743,6,29300,0,0,1
743,7,29300,0,0,1
743,8,29300,0,0,1
743,9,29300,0,0,1
743,10,29300,0,0,1
743,11,29300,0,0,1
743,12,29300,0,0,1
743,13,29300,0,0,1
743,14,29300,0,0,1
743,15,29300,0,0,1
744,0,21600,502.0363574,851,4
744,1,29192,280.4365121,611,3
744,2,29299,1.97979798,1,2
744,3,29300,0,0,1
744,4,29300,0,0,1
744,5,29300,0,0,1
744,6,29300,0,0,1
744,7,29300,0,0,1
744,8,29300,0,0,1
744,9,29300,0,0,1
744,10,29300,0,0,1
744,11,29300,0,0,1
744,12,29300,0,0,1
744,13,29300,0,0,1
744,14,29300,0,0,1
744,15,29300,0,0,1
745,0,21447,415.7564754,653,3
745,1,29236,191.8352153,202,3
745,2,29300,0,0,1
745,3,29300,0,0,1
745,4,29300,0,0,1
745,5,29300,0,0,1
745,6,29300,0,0,1
745,7,29300,0,0,1
745,8,29300,0,0,1
745,9,29300,0,0,1
745,10,29300,0,0,1
745,11,29300,0,0,1
745,12,29300,0,0,1
745,13,29300,0,0,1
745,14,29300,0,0,1
745,15,29300,0,0,1
746,0,21455,591.1425574,1121,5
746,1,29369,105.8,140,2
746,2,29400,0,0,1
746,3,29400,0,0,1
746,4,29400,0,0,1
746,5,29400,0,0,1
746,6,29400,0,0,1
746,7,29400,0,0,1
746,8,29400,0,0,1
746,9,29400,0,0,1
746,10,29400,0,0,1
746,11,29400,0,0,1
746,12,29400,0,0,1
746,13,29400,0,0,1
746,14,29400,0,0,1
746,15,29400,0,0,1
747,0,21334,406.2485046,719,3
747,1,29245,179.2826723,310,2
747,2,29599,73.5,53,2
747,3,29600,0,0,1
747,4,29600,0,0,1
747,5,29600,0,0,1
747,6,29600,0,0,1
747,7,29600,0,0,1
747,8,29600,0,0,1
747,9,29600,0,0,1
747,10,29600,0,0,1
747,11,29600,0,0,1
747,12,29600,0,0,1
747,13,29600,0,0,1
747,14,29600,0,0,1
747,15,29600,0,0,1
748,0,20597,445.6403226,573,4
748,1,28954,238.5899109,192,3
748,2,29000,0,0,1
748,3,29000,0,0,1
748,4,29000,0,0,1
748,5,29000,0,0,1
748,6,29000,0,0,1
748,7,29000,0,0,1
748,8,29000,0,0,1
748,9,29000,0,0,1
748,10,29000,0,0,1
748,11,29000,0,0,1
748,12,29000,0,0,1
748,13,29000,0,0,1
748,14,29000,0,0,1
748,15,29000,0,0,1
749,0,21824,424.8927489,515,3
749,1,29291,132.38,143,2
749,2,29400,0,0,1
749,3,29400,0,0,1
749,4,29400,0,0,1
749,5,29400,0,0,1
749,6,29400,0,0,1
749,7,29400,0,0,1
749,8,29400,0,0,1
749,9,29400,0,0,1
749,10,29400,0,0,1
749,11,29400,0,0,1
749,12,29400,0,0,1
749,13,29400,0,0,1
749,14,29400,0,0,1
749,15,29400,0,0,1
750,0,20598,413.9060122,609,3
750,1,29209,309.5815569,306,3
750,2,29500,0,0,1
750,3,29500,0,0,1
750,4,29500,0,0,1
750,5,29500,0,0,1
750,6,29500,0,0,1
750,7,29500,0,0,1
750,8,29500,0,0,1
750,9,29500,0,0,1
750,10,29500,0,0,1
750,11,29500,0,0,1
750,12,29500,0,0,1
750,13,29500,0,0,1
750,14,29500,0,0,1
750,15,29500,0,0,1
751,0,21669,338.654634,712,3
751,1,29181,52.80707071,274,3
751,2,29296,0,0,1
751,3,29300,0,0,1
751,4,29300,0,0,1
751,5,29300,0,0,1
751,6,29300,0,0,1
751,7,29300,0,0,1
751,8,29300,0,0,1
751,9,29300,0,0,1
751,10,29300,0,0,1
751,11,29300,0,0,1
751,12,29300,0,0,1
751,13,29300,0,0,1
751,14,29300,0,0,1
751,15,29300,0,0,1
752,0,20865,509.7405791,675,3
752,1,29137,160.066343,342,3
752,2,29200,38.46,23,2
752,3,29200,0,0,1
752,4,29200,0,0,1
752,5,29200,0,0,1
752,6,29200,0,0,1
752,7,29200,0,0,1
752,8,29200,0,0,1
752,9,29200,0,0,1
752,10,29200,0,0,1
752,11,29200,0,0,1
752,12,29200,0,0,1
752,13,29200,0,0,1
752,14,29200,0,0,1
752,15,29200,0,0,1
753,0,22031,427.5138188,459,4
753,1,29286,184.2595918,176,3
753,2,29400,49.28,44,2
753,3,29400,0,0,1
753,4,29400,0,0,1
753,5,29400,0,0,1
753,6,29400,0,0,1
753,7,29400,0,0,1
753,8,29400,0,0,1
753,9,29400,0,0,1
753,10,29400,0,0,1
753,11,29400,0,0,1
753,12,29400,0,0,1
753,13,29400,0,0,1
753,14,29400,0,0,1
753,15,29400,0,0,1
754,0,19953,504.9858145,744,3
754,1,29252,112.220638,231,3
754,2,29400,0,0,1
754,3,29400,0,0,1
754,4,29400,0,0,1
754,5,29400,0,0,1
754,6,29400,0,0,1
754,7,29400,0,0,1
754,8,29400,0,0,1
754,9,29400,0,0,1
754,10,29400,0,0,1
754,11,29400,0,0,1
754,12,29400,0,0,1
754,13,29400,0,0,1
754,14,29400,0,0,1
754,15,29400,0,0,1
755,0,20376,586.9438244,1037,5
755,1,29294,166.7066385,295,2
755,2,29398,13.02,7,2
755,3,29400,0,0,1
755,4,29400,0,0,1
755,5,29400,0,0,1
755,6,29400,0,0,1
755,7,29400,0,0,1
755,8,29400,0,0,1
755,9,29400,0,0,1
755,10,29400,0,0,1
755,11,29400,0,0,1
755,12,29400,0,0,1
755,13,29400,0,0,1
755,14,29400,0,0,1
755,15,29400,0,0,1
756,0,21587,503.0229195,769,4
756,1,29422,62.87802198,44,3
756,2,29600,1.98,1,2
756,3,29600,0,0,1
756,4,29600,0,0,1
756,5,29600,0,0,1
756,6,29600,0,0,1
756,7,29600,0,0,1
756,8,29600,0,0,1
756,9,29600,0,0,1
756,10,29600,0,0,1
756,11,29600,0,0,1
756,12,29600,0,0,1
756,13,29600,0,0,1
756,14,29600,0,0,1
756,15,29600,0,0,1
757,0,21200,617.203227,967,3
757,1,28933,27.93650794,16,2
757,2,29200,35.42,23,2
757,3,29200,0,0,1
757,4,29200,0,0,1
757,5,29200,0,0,1
757,6,29200,0,0,1
757,7,29200,0,0,1
757,8,29200,0,0,1
757,9,29200,0,0,1
757,10,29200,0,0,1
757,11,29200,0,0,1
757,12,29200,0,0,1
757,13,29200,0,0,1
757,14,29200,0,0,1
757,15,29200,0,0,1
758,0,21270,168.0981654,413,3
758,1,29154,37.83636364,22,2
758,2,29300,9.5,5,2
758,3,29300,0,0,1
758,4,29300,0,0,1
758,5,29300,0,0,1
758,6,29300,0,0,1
758,7,29300,0,0,1
758,8,29300,0,0,1
758,9,29300,0,0,1
758,10,29300,0,0,1
758,11,29300,0,0,1
758,12,29300,0,0,1
758,13,29300,0,0,1
758,14,29300,0,0,1
758,15,29300,0,0,1
759,0,20648,396.8034701,603,3
759,1,29115,260.768467,390,3
759,2,29295,11.47494949,6,2
759,3,29300,0,0,1
759,4,29300,0,0,1
759,5,29300,0,0,1
759,6,29300,0,0,1
759,7,29300,0,0,1
759,8,29300,0,0,1
759,9,29300,0,0,1
759,10,29300,0,0,1
759,11,29300,0,0,1
759,12,29300,0,0,1
759,13,29300,0,0,1
759,14,29300,0,0,1
759,15,29300,0,0,1
760,0,20390,533.2505237,749,3
760,1,28963,414.9940725,438,3
760,2,29290,57.36,70,2
760,3,29300,0,0,1
760,4,29300,0,0,1
760,5,29300,0,0,1
760,6,29300,0,0,1
760,7,29300,0,0,1
760,8,29300,0,0,1
760,9,29300,0,0,1
760,10,29300,0,0,1
760,11,29300,0,0,1
760,12,29300,0,0,1
760,13,29300,0,0,1
760,14,29300,0,0,1
760,15,29300,0,0,1
761,0,22491,400.7856794,575,3
761,1,29317,157.9297516,104,2
761,2,29400,7.68,4,2
761,3,29400,0,0,1
761,4,29400,0,0,1
761,5,29400,0,0,1
761,6,29400,0,0,1
761,7,29400,0,0,1
761,8,29400,0,0,1
761,9,29400,0,0,1
761,10,29400,0,0,1
761,11,29400,0,0,1
761,12,29400,0,0,1
761,13,29400,0,0,1
761,14,29400,0,0,1
761,15,29400,0,0,1
762,0,21305,387.8961574,777,3
762,1,29462,172.58,145,2
762,2,29600,0,0,1
762,3,29600,0,0,1
762,4,29600,0,0,1
762,5,29600,0,0,1
762,6,29600,0,0,1
762,7,29600,0,0,1
762,8,29600,0,0,1
762,9,29600,0,0,1
762,10,29600,0,0,1
762,11,29600,0,0,1
762,12,29600,0,0,1
762,13,29600,0,0,1
762,14,29600,0,0,1
762,15,29600,0,0,1
763,0,21109,368.0827757,446,3
763,1,29009,148.4610234,284,3
763,2,29400,28.22,83,2
763,3,29400,0,0,1
763,4,29400,0,0,1
763,5,29400,0,0,1
763,6,29400,0,0,1
763,7,29400,0,0,1
763,8,29400,0,0,1
763,9,29400,0,0,1
763,10,29400,0,0,1
763,11,29400,0,0,1
763,12,29400,0,0,1
763,13,29400,0,0,1
763,14,29400,0,0,1
763,15,29400,0,0,1
764,0,21597,492.5293466,730,3
764,1,29163,114.7930435,168,2
764,2,29400,11.64,6,2
764,3,29400,0,0,1
764,4,29400,0,0,1
764,5,29400,0,0,1
764,6,29400,0,0,1
764,7,29400,0,0,1
764,8,29400,0,0,1
764,9,29400,0,0,1
764,10,29400,0,0,1
764,11,29400,0,0,1
764,12,29400,0,0,1
764,13,29400,0,0,1
764,14,29400,0,0,1
764,15,29400,0,0,1
765,0,21465,527.3889046,695,3
765,1,29061,365.8073782,449,2
765,2,29300,85.42,83,2
765,3,29300,0,0,1
765,4,29300,0,0,1
765,5,29300,0,0,1
765,6,29300,0,0,1
765,7,29300,0,0,1
765,8,29300,0,0,1
765,9,29300,0,0,1
765,10,29300,0,0,1
765,11,29300,0,0,1
765,12,29300,0,0,1
765,13,29300,0,0,1
765,14,29300,0,0,1
765,15,29300,0,0,1
766,0,19860,479.1039146,572,3
766,1,29214,33.38666667,19,3
766,2,29300,0,0,1
766,3,29300,0,0,1
766,4,29300,0,0,1
766,5,29300,0,0,1
766,6,29300,0,0,1
766,7,29300,0,0,1
766,8,29300,0,0,1
766,9,29300,0,0,1
766,10,29300,0,0,1
766,11,29300,0,0,1
766,12,29300,0,0,1
766,13,29300,0,0,1
766,14,29300,0,0,1
766,15,29300,0,0,1
767,0,21822,606.2092572,1051,3
767,1,29343,376.022651,560,3
767,2,29400,52.96,59,3
767,3,29400,0,0,1
767,4,29400,0,0,1
767,5,29400,0,0,1
767,6,29400,0,0,1
767,7,29400,0,0,1
767,8,29400,0,0,1
767,9,29400,0,0,1
767,10,29400,0,0,1
767,11,29400,0,0,1
767,12,29400,0,0,1
767,13,29400,0,0,1
767,14,29400,0,0,1
767,15,29400,0,0,1
768,0,20621,659.936553,923,3
768,1,29341,129.4631579,80,2
768,2,29400,24.6,14,2
768,3,29400,0,0,1
768,4,29400,0,0,1
768,5,29400,0,0,1
768,6,29400,0,0,1
768,7,29400,0,0,1
768,8,29400,0,0,1
768,9,29400,0,0,1
768,10,29400,0,0,1
768,11,29400,0,0,1
768,12,29400,0,0,1
768,13,29400,0,0,1
768,14,29400,0,0,1
768,15,29400,0,0,1
769,0,21693,380.6004485,577,3
769,1,29293,93.68693878,102,2
769,2,29400,0,0,1
769,3,29400,0,0,1
769,4,29400,0,0,1
769,5,29400,0,0,1
769,6,29400,0,0,1
769,7,29400,0,0,1
769,8,29400,0,0,1
769,9,29400,0,0,1
769,10,29400,0,0,1
769,11,29400,0,0,1
769,12,29400,0,0,1
769,13,29400,0,0,1
769,14,29400,0,0,1
769,15,29400,0,0,1
770,0,20567,536.4032332,1056,3
770,1,28960,216.484376,295,3
770,2,29299,45.5,65,2
770,3,29300,0,0,1
770,4,29300,0,0,1
770,5,29300,0,0,1
770,6,29300,0,0,1
770,7,29300,0,0,1
770,8,29300,0,0,1
770,9,29300,0,0,1
770,10,29300,0,0,1
770,11,29300,0,0,1
770,12,29300,0,0,1
770,13,29300,0,0,1
770,14,29300,0,0,1
770,15,29300,0,0,1
771,0,19701,507.9079751,807,3
771,1,29066,232.1167712,266,2
771,2,29400,38.48,26,2
771,3,29400,0,0,1
771,4,29400,0,0,1
771,5,29400,0,0,1
771,6,29400,0,0,1
771,7,29400,0,0,1
771,8,29400,0,0,1
771,9,29400,0,0,1
771,10,29400,0,0,1
771,11,29400,0,0,1
771,12,29400,0,0,1
771,13,29400,0,0,1
771,14,29400,0,0,1
771,15,29400,0,0,1
772,0,21182,614.0260685,1150,3
772,1,29229,267.0577548,217,3
772,2,29400,66.04,38,2
772,3,29400,19.58,11,2
772,4,29400,0,0,1
772,5,29400,0,0,1
772,6,29400,0,0,1
772,7,29400,0,0,1
772,8,29400,0,0,1
772,9,29400,0,0,1
772,10,29400,0,0,1
772,11,29400,0,0,1
772,12,29400,0,0,1
772,13,29400,0,0,1
772,14,29400,0,0,1
772,15,29400,0,0,1
773,0,21531,293.8401327,441,4
773,1,29214,214.2691815,273,3
773,2,29400,18,10,2
773,3,29400,0,0,1
773,4,29400,0,0,1
773,5,29400,0,0,1
773,6,29400,0,0,1
773,7,29400,0,0,1
773,8,29400,0,0,1
773,9,29400,0,0,1
773,10,29400,0,0,1
773,11,29400,0,0,1
773,12,29400,0,0,1
773,13,29400,0,0,1
773,14,29400,0,0,1
773,15,29400,0,0,1
774,0,20365,456.5757727,889,3
774,1,28942,224.8787942,254,2
774,2,29100,0,0,1
774,3,29100,0,0,1
774,4,29100,0,0,1
774,5,29100,0,0,1
774,6,29100,0,0,1
774,7,29100,0,0,1
774,8,29100,0,0,1
774,9,29100,0,0,1
774,10,29100,0,0,1
774,11,29100,0,0,1
774,12,29100,0,0,1
774,13,29100,0,0,1
774,14,29100,0,0,1
774,15,29100,0,0,1
775,0,20804,604.542555,1005,3
775,1,29263,181.8284489,276,4
775,2,29399,51.97979798,51,2
775,3,29400,0,0,1
775,4,29400,0,0,1
775,5,29400,0,0,1
775,6,29400,0,0,1
775,7,29400,0,0,1
775,8,29400,0,0,1
775,9,29400,0,0,1
775,10,29400,0,0,1
775,11,29400,0,0,1
775,12,29400,0,0,1
775,13,29400,0,0,1
775,14,29400,0,0,1
775,15,29400,0,0,1
776,0,21270,614.6814688,991,3
776,1,29295,286.2090909,310,2
776,2,29400,33.18,79,2
776,3,29400,0,0,1
776,4,29400,0,0,1
776,5,29400,0,0,1
776,6,29400,0,0,1
776,7,29400,0,0,1
776,8,29400,0,0,1
776,9,29400,0,0,1
776,10,29400,0,0,1
776,11,29400,0,0,1
776,12,29400,0,0,1
776,13,29400,0,0,1
776,14,29400,0,0,1
776,15,29400,0,0,1
777,0,22054,572.106212,835,3
777,1,29301,266.1985185,293,3
777,2,29500,0,0,1
777,3,29500,0,0,1
777,4,29500,0,0,1
777,5,29500,0,0,1
777,6,29500,0,0,1
777,7,29500,0,0,1
777,8,29500,0,0,1
777,9,29500,0,0,1
777,10,29500,0,0,1
777,11,29500,0,0,1
777,12,29500,0,0,1
777,13,29500,0,0,1
777,14,29500,0,0,1
777,15,29500,0,0,1
778,0,19718,244.2380706,497,3
778,1,29220,100.9568391,133,4
778,2,29400,49.82,77,2
778,3,29400,0,0,1
778,4,29400,0,0,1
778,5,29400,0,0,1
778,6,29400,0,0,1
778,7,29400,0,0,1
778,8,29400,0,0,1
778,9,29400,0,0,1
778,10,29400,0,0,1
778,11,29400,0,0,1
778,12,29400,0,0,1
778,13,29400,0,0,1
778,14,29400,0,0,1
778,15,29400,0,0,1
779,0,20639,247.8262984,328,3
779,1,28906,156.8901826,180,2
779,2,29100,16.38,9,2
779,3,29100,0,0,1
779,4,29100,0,0,1
779,5,29100,0,0,1
779,6,29100,0,0,1
779,7,29100,0,0,1
779,8,29100,0,0,1
779,9,29100,0,0,1
779,10,29100,0,0,1
779,11,29100,0,0,1
779,12,29100,0,0,1
779,13,29100,0,0,1
779,14,29100,0,0,1
779,15,29100,0,0,1
780,0,20233,563.8428392,835,3
780,1,29334,310.1278086,364,2
780,2,29500,7.8,4,2
780,3,29500,0,0,1
780,4,29500,0,0,1
780,5,29500,0,0,1
780,6,29500,0,0,1
780,7,29500,0,0,1
780,8,29500,0,0,1
780,9,29500,0,0,1
780,10,29500,0,0,1
780,11,29500,0,0,1
780,12,29500,0,0,1
780,13,29500,0,0,1
780,14,29500,0,0,1
780,15,29500,0,0,1
781,0,21014,558.3609974,778,3
781,1,29219,214.4526057,194,3
781,2,29400,5.82,3,2
781,3,29400,0,0,1
781,4,29400,0,0,1
781,5,29400,0,0,1
781,6,29400,0,0,1
781,7,29400,0,0,1
781,8,29400,0,0,1
781,9,29400,0,0,1
781,10,29400,0,0,1
781,11,29400,0,0,1
781,12,29400,0,0,1
781,13,29400,0,0,1
781,14,29400,0,0,1
781,15,29400,0,0,1
782,0,21884,654.9872534,962,4
782,1,29248,268.4055434,414,3
782,2,29400,29.52,82,2
782,3,29400,0,0,1
782,4,29400,0,0,1
782,5,29400,0,0,1
782,6,29400,0,0,1
782,7,29400,0,0,1
782,8,29400,0,0,1
782,9,29400,0,0,1
782,10,29400,0,0,1
782,11,29400,0,0,1
782,12,29400,0,0,1
782,13,29400,0,0,1
782,14,29400,0,0,1
782,15,29400,0,0,1
783,0,20192,566.6281212,848,3
783,1,29132,150.4775258,240,2
783,2,29200,0,0,1
783,3,29200,0,0,1
783,4,29200,0,0,1
783,5,29200,0,0,1
783,6,29200,0,0,1
783,7,29200,0,0,1
783,8,29200,0,0,1
783,9,29200,0,0,1
783,10,29200,0,0,1
783,11,29200,0,0,1
783,12,29200,0,0,1
783,13,29200,0,0,1
783,14,29200,0,0,1
783,15,29200,0,0,1
784,0,21790,597.0307391,823,4
784,1,29091,58.40717804,34,2
784,2,29300,0,0,1
784,3,29300,0,0,1
784,4,29300,0,0,1
784,5,29300,0,0,1
784,6,29300,0,0,1
784,7,29300,0,0,1
784,8,29300,0,0,1
784,9,29300,0,0,1
784,10,29300,0,0,1
784,11,29300,0,0,1
784,12,29300,0,0,1
784,13,29300,0,0,1
784,14,29300,0,0,1
784,15,29300,0,0,1
785,0,19116,484.330544,703,3
785,1,29124,327.000823,384,3
785,2,29300,54.86,35,2
785,3,29300,0,0,1
785,4,29300,0,0,1
785,5,29300,0,0,1
785,6,29300,0,0,1
785,7,29300,0,0,1
785,8,29300,0,0,1
785,9,29300,0,0,1
785,10,29300,0,0,1
785,11,29300,0,0,1
785,12,29300,0,0,1
785,13,29300,0,0,1
785,14,29300,0,0,1
785,15,29300,0,0,1
786,0,21002,755.2740373,944,5
786,1,29089,182.6560495,215,3
786,2,29298,3.96,2,2
786,3,29300,0,0,1
786,4,29300,0,0,1
786,5,29300,0,0,1
786,6,29300,0,0,1
786,7,29300,0,0,1
786,8,29300,0,0,1
786,9,29300,0,0,1
786,10,29300,0,0,1
786,11,29300,0,0,1
786,12,29300,0,0,1
786,13,29300,0,0,1
786,14,29300,0,0,1
786,15,29300,0,0,1
787,0,20288,541.658971,1000,3
787,1,29123,255.2630891,252,2
787,2,29400,0,0,1
787,3,29400,0,0,1
787,4,29400,0,0,1
787,5,29400,0,0,1
787,6,29400,0,0,1
787,7,29400,0,0,1
787,8,29400,0,0,1
787,9,29400,0,0,1
787,10,29400,0,0,1
787,11,29400,0,0,1
787,12,29400,0,0,1
787,13,29400,0,0,1
787,14,29400,0,0,1
787,15,29400,0,0,1
788,0,21286,396.4573176,727,3
788,1,29087,326.9831693,408,3
788,2,29300,5.9,3,2
788,3,29300,0,0,1
788,4,29300,0,0,1
788,5,29300,0,0,1
788,6,29300,0,0,1
788,7,29300,0,0,1
788,8,29300,0,0,1
788,9,29300,0,0,1
788,10,29300,0,0,1
788,11,29300,0,0,1
788,12,29300,0,0,1
788,13,29300,0,0,1
788,14,29300,0,0,1
788,15,29300,0,0,1
789,0,21740,434.9235269,593,3
789,1,29436,144.6703319,132,2
789,2,29500,62.72,68,2
789,3,29500,0,0,1
789,4,29500,0,0,1
789,5,29500,0,0,1
789,6,29500,0,0,1
789,7,29500,0,0,1
789,8,29500,0,0,1
789,9,29500,0,0,1
789,10,29500,0,0,1
789,11,29500,0,0,1
789,12,29500,0,0,1
789,13,29500,0,0,1
789,14,29500,0,0,1
789,15,29500,0,0,1
790,0,22234,332.643442,581,3
790,1,29327,101.9739685,66,2
790,2,29400,0,0,1
790,3,29400,0,0,1
790,4,29400,0,0,1
790,5,29400,0,0,1
790,6,29400,0,0,1
790,7,29400,0,0,1
790,8,29400,0,0,1
790,9,29400,0,0,1
790,10,29400,0,0,1
790,11,29400,0,0,1
790,12,29400,0,0,1
790,13,29400,0,0,1
790,14,29400,0,0,1
790,15,29400,0,0,1
791,0,20659,617.3295867,978,3
791,1,29381,175.5779922,298,2
791,2,29600,5.82,3,2
791,3,29600,0,0,1
791,4,29600,0,0,1
791,5,29600,0,0,1
791,6,29600,0,0,1
791,7,29600,0,0,1
791,8,29600,0,0,1
791,9,29600,0,0,1
791,10,29600,0,0,1
791,11,29600,0,0,1
791,12,29600,0,0,1
791,13,29600,0,0,1
791,14,29600,0,0,1
791,15,29600,0,0,1
792,0,21529,498.1728482,763,3
792,1,29172,122.2245557,123,2
792,2,29283,11.37759036,6,2
792,3,29300,0,0,1
792,4,29300,0,0,1
792,5,29300,0,0,1
792,6,29300,0,0,1
792,7,29300,0,0,1
792,8,29300,0,0,1
792,9,29300,0,0,1
792,10,29300,0,0,1
792,11,29300,0,0,1
792,12,29300,0,0,1
792,13,29300,0,0,1
792,14,29300,0,0,1
792,15,29300,0,0,1
793,0,21543,595.2983476,1095,3
793,1,29417,82.37902088,55,2
793,2,29500,3.92,2,2
793,3,29500,0,0,1
793,4,29500,0,0,1
793,5,29500,0,0,1
793,6,29500,0,0,1
793,7,29500,0,0,1
793,8,29500,0,0,1
793,9,29500,0,0,1
793,10,29500,0,0,1
793,11,29500,0,0,1
793,12,29500,0,0,1
793,13,29500,0,0,1
793,14,29500,0,0,1
793,15,29500,0,0,1
794,0,21182,466.6386095,613,3
794,1,29168,119.64,96,2
794,2,29400,9.5,5,2
794,3,29400,0,0,1
794,4,29400,0,0,1
794,5,29400,0,0,1
794,6,29400,0,0,1
794,7,29400,0,0,1
794,8,29400,0,0,1
794,9,29400,0,0,1
794,10,29400,0,0,1
794,11,29400,0,0,1
794,12,29400,0,0,1
794,13,29400,0,0,1
794,14,29400,0,0,1
794,15,29400,0,0,1
795,0,22298,437.4873892,572,2
795,1,29246,253.16,215,2
795,2,29400,0,0,1
795,3,29400,0,0,1
795,4,29400,0,0,1
795,5,29400,0,0,1
795,6,29400,0,0,1
795,7,29400,0,0,1
795,8,29400,0,0,1
795,9,29400,0,0,1
795,10,29400,0,0,1
795,11,29400,0,0,1
795,12,29400,0,0,1
795,13,29400,0,0,1
795,14,29400,0,0,1
795,15,29400,0,0,1
796,0,20719,261.8181745,553,3
796,1,29183,102.7657143,125,3
796,2,29400,0,0,1
796,3,29400,0,0,1
796,4,29400,0,0,1
796,5,29400,0,0,1
796,6,29400,0,0,1
796,7,29400,0,0,1
796,8,29400,0,0,1
796,9,29400,0,0,1
796,10,29400,0,0,1
796,11,29400,0,0,1
796,12,29400,0,0,1
796,13,29400,0,0,1
796,14,29400,0,0,1
796,15,29400,0,0,1
797,0,20798,618.6551566,842,4
797,1,28961,216.8075856,181,2
797,2,29400,116,112,3
797,3,29400,44.22,33,2
797,4,29400,0,0,1
797,5,29400,0,0,1
797,6,29400,0,0,1
797,7,29400,0,0,1
797,8,29400,0,0,1
797,9,29400,0,0,1
797,10,29400,0,0,1
797,11,29400,0,0,1
797,12,29400,0,0,1
797,13,29400,0,0,1
797,14,29400,0,0,1
797,15,29400,0,0,1
798,0,20965,552.0726207,792,3
798,1,29246,224.6420415,247,3
798,2,29400,37.5,25,2
798,3,29400,0,0,1
798,4,29400,0,0,1
798,5,29400,0,0,1
798,6,29400,0,0,1
798,7,29400,0,0,1
798,8,29400,0,0,1
798,9,29400,0,0,1
798,10,29400,0,0,1
798,11,29400,0,0,1
798,12,29400,0,0,1
798,13,29400,0,0,1
798,14,29400,0,0,1
798,15,29400,0,0,1
799,0,21371,600.3507664,734,3
799,1,29194,206.393117,302,4
799,2,29300,0,0,1
799,3,29300,0,0,1
799,4,29300,0,0,1
799,5,29300,0,0,1
799,6,29300,0,0,1
799,7,29300,0,0,1
799,8,29300,0,0,1
799,9,29300,0,0,1
799,10,29300,0,0,1
799,11,29300,0,0,1
799,12,29300,0,0,1
799,13,29300,0,0,1
799,14,29300,0,0,1
799,15,29300,0,0,1
800,0,21458,732.6150346,1037,4
800,1,29069,92.73835052,54,2
800,2,29099,1.98,1,2
800,3,29100,0,0,1
800,4,29100,0,0,1
800,5,29100,0,0,1
800,6,29100,0,0,1
800,7,29100,0,0,1
800,8,29100,0,0,1
800,9,29100,0,0,1
800,10,29100,0,0,1
800,11,29100,0,0,1
800,12,29100,0,0,1
800,13,29100,0,0,1
800,14,29100,0,0,1
800,15,29100,0,0,1
