caso,alpha,P_objetivo,beta_d,V,f_conf,q_g,eps_h,existe_region,rho_mejor,Tv_min,Tv_max,borde_inf,borde_sup,margen_Tv,L_en_Tv_min,etiqueta
empirico,0.2,1e-06,0.505619,100,0.25,20,0.0001,SI,0.1,1019,1.26143e+08,F (viabilidad T_v>F),honesto,1.26142e+08,40.475,empírico DS-6; mejor ρ de la rejilla
empirico,0.25,1e-06,0.408243,100,0.25,20,0.0001,SI,0.1,1019,1.26143e+08,F (viabilidad T_v>F),honesto,1.26142e+08,40.475,empírico DS-6; mejor ρ de la rejilla
empirico,0.33,1e-06,0.252169,100,0.25,20,0.0001,SI,0.1,1019,1.26143e+08,F (viabilidad T_v>F),honesto,1.26142e+08,40.475,empírico DS-6; mejor ρ de la rejilla
empirico,0.4,1e-06,0.116094,100,0.25,20,0.0001,SI,0.1,1019,1.26143e+08,F (viabilidad T_v>F),honesto,1.26142e+08,40.475,empírico DS-6; mejor ρ de la rejilla
empirico,0.2,1e-06,0.505619,100,0.25,20,0.001,SI,0.1,1019,1.26138e+07,F (viabilidad T_v>F),honesto,1.26128e+07,40.475,empírico DS-6; mejor ρ de la rejilla
empirico,0.25,1e-06,0.408243,100,0.25,20,0.001,SI,0.1,1019,1.26138e+07,F (viabilidad T_v>F),honesto,1.26128e+07,40.475,empírico DS-6; mejor ρ de la rejilla
empirico,0.33,1e-06,0.252169,100,0.25,20,0.001,SI,0.1,1019,1.26138e+07,F (viabilidad T_v>F),honesto,1.26128e+07,40.475,empírico DS-6; mejor ρ de la rejilla
empirico,0.4,1e-06,0.116094,100,0.25,20,0.001,SI,0.1,1019,1.26138e+07,F (viabilidad T_v>F),honesto,1.26128e+07,40.475,empírico DS-6; mejor ρ de la rejilla
empirico,0.2,1e-06,0.505619,100,0.25,20,0.01,SI,0.1,1019,1.26084e+06,F (viabilidad T_v>F),honesto,1.25982e+06,40.475,empírico DS-6; mejor ρ de la rejilla
empirico,0.25,1e-06,0.408243,100,0.25,20,0.01,SI,0.1,1019,1.26084e+06,F (viabilidad T_v>F),honesto,1.25982e+06,40.475,empírico DS-6; mejor ρ de la rejilla
empirico,0.33,1e-06,0.252169,100,0.25,20,0.01,SI,0.1,1019,1.26084e+06,F (viabilidad T_v>F),honesto,1.25982e+06,40.475,empírico DS-6; mejor ρ de la rejilla
empirico,0.4,1e-06,0.116094,100,0.25,20,0.01,SI,0.1,1019,1.26084e+06,F (viabilidad T_v>F),honesto,1.25982e+06,40.475,empírico DS-6; mejor ρ de la rejilla
empirico,0.2,1e-06,0.505619,100,0.25,20,0.1,SI,0.1,1019,125544,F (viabilidad T_v>F),honesto,124525,40.475,empírico DS-6; mejor ρ de la rejilla
empirico,0.25,1e-06,0.408243,100,0.25,20,0.1,SI,0.1,1019,125544,F (viabilidad T_v>F),honesto,124525,40.475,empírico DS-6; mejor ρ de la rejilla
empirico,0.33,1e-06,0.252169,100,0.25,20,0.1,SI,0.1,1019,125544,F (viabilidad T_v>F),honesto,124525,40.475,empírico DS-6; mejor ρ de la rejilla
empirico,0.4,1e-06,0.116094,100,0.25,20,0.1,SI,0.1,1019,125544,F (viabilidad T_v>F),honesto,124525,40.475,empírico DS-6; mejor ρ de la rejilla
empirico,0.2,1e-06,0.505619,100,0.25,100,0.0001,SI,0.1,1019,1.26143e+08,F (viabilidad T_v>F),honesto,1.26142e+08,60.475,empírico DS-6; mejor ρ de la rejilla
empirico,0.25,1e-06,0.408243,100,0.25,100,0.0001,SI,0.1,1019,1.26143e+08,F (viabilidad T_v>F),honesto,1.26142e+08,60.475,empírico DS-6; mejor ρ de la rejilla
empirico,0.33,1e-06,0.252169,100,0.25,100,0.0001,SI,0.1,1019,1.26143e+08,F (viabilidad T_v>F),honesto,1.26142e+08,60.475,empírico DS-6; mejor ρ de la rejilla
empirico,0.4,1e-06,0.116094,100,0.25,100,0.0001,SI,0.1,1019,1.26143e+08,F (viabilidad T_v>F),honesto,1.26142e+08,60.475,empírico DS-6; mejor ρ de la rejilla
empirico,0.2,1e-06,0.505619,100,0.25,100,0.001,SI,0.1,1019,1.2613e+07,F (viabilidad T_v>F),honesto,1.2612e+07,60.475,empírico DS-6; mejor ρ de la rejilla
empirico,0.25,1e-06,0.408243,100,0.25,100,0.001,SI,0.1,1019,1.2613e+07,F (viabilidad T_v>F),honesto,1.2612e+07,60.475,empírico DS-6; mejor ρ de la rejilla
empirico,0.33,1e-06,0.252169,100,0.25,100,0.001,SI,0.1,1019,1.2613e+07,F (viabilidad T_v>F),honesto,1.2612e+07,60.475,empírico DS-6; mejor ρ de la rejilla
empirico,0.4,1e-06,0.116094,100,0.25,100,0.001,SI,0.1,1019,1.2613e+07,F (viabilidad T_v>F),honesto,1.2612e+07,60.475,empírico DS-6; mejor ρ de la rejilla
empirico,0.2,1e-06,0.505619,100,0.25,100,0.01,SI,0.1,1019,1.26004e+06,F (viabilidad T_v>F),honesto,1.25902e+06,60.475,empírico DS-6; mejor ρ de la rejilla
empirico,0.25,1e-06,0.408243,100,0.25,100,0.01,SI,0.1,1019,1.26004e+06,F (viabilidad T_v>F),honesto,1.25902e+06,60.475,empírico DS-6; mejor ρ de la rejilla
empirico,0.33,1e-06,0.252169,100,0.25,100,0.01,SI,0.1,1019,1.26004e+06,F (viabilidad T_v>F),honesto,1.25902e+06,60.475,empírico DS-6; mejor ρ de la rejilla
empirico,0.4,1e-06,0.116094,100,0.25,100,0.01,SI,0.1,1019,1.26004e+06,F (viabilidad T_v>F),honesto,1.25902e+06,60.475,empírico DS-6; mejor ρ de la rejilla
empirico,0.2,1e-06,0.505619,100,0.25,100,0.1,SI,0.1,1019,124744,F (viabilidad T_v>F),honesto,123725,60.475,empírico DS-6; mejor ρ de la rejilla
empirico,0.25,1e-06,0.408243,100,0.25,100,0.1,SI,0.1,1019,124744,F (viabilidad T_v>F),honesto,123725,60.475,empírico DS-6; mejor ρ de la rejilla
empirico,0.33,1e-06,0.252169,100,0.25,100,0.1,SI,0.1,1019,124744,F (viabilidad T_v>F),honesto,123725,60.475,empírico DS-6; mejor ρ de la rejilla
empirico,0.4,1e-06,0.116094,100,0.25,100,0.1,SI,0.1,1019,124744,F (viabilidad T_v>F),honesto,123725,60.475,empírico DS-6; mejor ρ de la rejilla
empirico,0.2,1e-06,0.505619,100,0.25,1000,0.0001,SI,0.1,1019,1.26134e+08,F (viabilidad T_v>F),honesto,1.26133e+08,285.475,empírico DS-6; mejor ρ de la rejilla
empirico,0.25,1e-06,0.408243,100,0.25,1000,0.0001,SI,0.1,1019,1.26134e+08,F (viabilidad T_v>F),honesto,1.26133e+08,285.475,empírico DS-6; mejor ρ de la rejilla
empirico,0.33,1e-06,0.252169,100,0.25,1000,0.0001,SI,0.1,1019,1.26134e+08,F (viabilidad T_v>F),honesto,1.26133e+08,285.475,empírico DS-6; mejor ρ de la rejilla
empirico,0.4,1e-06,0.116094,100,0.25,1000,0.0001,SI,0.1,1019,1.26134e+08,F (viabilidad T_v>F),honesto,1.26133e+08,285.475,empírico DS-6; mejor ρ de la rejilla
empirico,0.2,1e-06,0.505619,100,0.25,1000,0.001,SI,0.1,1019,1.2604e+07,F (viabilidad T_v>F),honesto,1.2603e+07,285.475,empírico DS-6; mejor ρ de la rejilla
empirico,0.25,1e-06,0.408243,100,0.25,1000,0.001,SI,0.1,1019,1.2604e+07,F (viabilidad T_v>F),honesto,1.2603e+07,285.475,empírico DS-6; mejor ρ de la rejilla
empirico,0.33,1e-06,0.252169,100,0.25,1000,0.001,SI,0.1,1019,1.2604e+07,F (viabilidad T_v>F),honesto,1.2603e+07,285.475,empírico DS-6; mejor ρ de la rejilla
empirico,0.4,1e-06,0.116094,100,0.25,1000,0.001,SI,0.1,1019,1.2604e+07,F (viabilidad T_v>F),honesto,1.2603e+07,285.475,empírico DS-6; mejor ρ de la rejilla
empirico,0.2,1e-06,0.505619,100,0.25,1000,0.01,SI,0.1,1019,1.25104e+06,F (viabilidad T_v>F),honesto,1.25002e+06,285.475,empírico DS-6; mejor ρ de la rejilla
empirico,0.25,1e-06,0.408243,100,0.25,1000,0.01,SI,0.1,1019,1.25104e+06,F (viabilidad T_v>F),honesto,1.25002e+06,285.475,empírico DS-6; mejor ρ de la rejilla
empirico,0.33,1e-06,0.252169,100,0.25,1000,0.01,SI,0.1,1019,1.25104e+06,F (viabilidad T_v>F),honesto,1.25002e+06,285.475,empírico DS-6; mejor ρ de la rejilla
empirico,0.4,1e-06,0.116094,100,0.25,1000,0.01,SI,0.1,1019,1.25104e+06,F (viabilidad T_v>F),honesto,1.25002e+06,285.475,empírico DS-6; mejor ρ de la rejilla
empirico,0.2,1e-06,0.505619,100,0.25,1000,0.1,SI,0.1,1019,115744,F (viabilidad T_v>F),honesto,114725,285.475,empírico DS-6; mejor ρ de la rejilla
empirico,0.25,1e-06,0.408243,100,0.25,1000,0.1,SI,0.1,1019,115744,F (viabilidad T_v>F),honesto,114725,285.475,empírico DS-6; mejor ρ de la rejilla
empirico,0.33,1e-06,0.252169,100,0.25,1000,0.1,SI,0.1,1019,115744,F (viabilidad T_v>F),honesto,114725,285.475,empírico DS-6; mejor ρ de la rejilla
empirico,0.4,1e-06,0.116094,100,0.25,1000,0.1,SI,0.1,1019,115744,F (viabilidad T_v>F),honesto,114725,285.475,empírico DS-6; mejor ρ de la rejilla
empirico,0.2,1e-06,0.505619,100,0.25,10000,0.0001,SI,0.1,1019,1.26044e+08,F (viabilidad T_v>F),honesto,1.26043e+08,2535.47,empírico DS-6; mejor ρ de la rejilla
empirico,0.25,1e-06,0.408243,100,0.25,10000,0.0001,SI,0.1,1019,1.26044e+08,F (viabilidad T_v>F),honesto,1.26043e+08,2535.47,empírico DS-6; mejor ρ de la rejilla
empirico,0.33,1e-06,0.252169,100,0.25,10000,0.0001,SI,0.1,1019,1.26044e+08,F (viabilidad T_v>F),honesto,1.26043e+08,2535.47,empírico DS-6; mejor ρ de la rejilla
empirico,0.4,1e-06,0.116094,100,0.25,10000,0.0001,SI,0.1,1019,1.26044e+08,F (viabilidad T_v>F),honesto,1.26043e+08,2535.47,empírico DS-6; mejor ρ de la rejilla
empirico,0.2,1e-06,0.505619,100,0.25,10000,0.001,SI,0.1,1019,1.2514e+07,F (viabilidad T_v>F),honesto,1.2513e+07,2535.47,empírico DS-6; mejor ρ de la rejilla
empirico,0.25,1e-06,0.408243,100,0.25,10000,0.001,SI,0.1,1019,1.2514e+07,F (viabilidad T_v>F),honesto,1.2513e+07,2535.47,empírico DS-6; mejor ρ de la rejilla
empirico,0.33,1e-06,0.252169,100,0.25,10000,0.001,SI,0.1,1019,1.2514e+07,F (viabilidad T_v>F),honesto,1.2513e+07,2535.47,empírico DS-6; mejor ρ de la rejilla
empirico,0.4,1e-06,0.116094,100,0.25,10000,0.001,SI,0.1,1019,1.2514e+07,F (viabilidad T_v>F),honesto,1.2513e+07,2535.47,empírico DS-6; mejor ρ de la rejilla
empirico,0.2,1e-06,0.505619,100,0.25,10000,0.01,SI,0.1,1019,1.16104e+06,F (viabilidad T_v>F),honesto,1.16002e+06,2535.47,empírico DS-6; mejor ρ de la rejilla
empirico,0.25,1e-06,0.408243,100,0.25,10000,0.01,SI,0.1,1019,1.16104e+06,F (viabilidad T_v>F),honesto,1.16002e+06,2535.47,empírico DS-6; mejor ρ de la rejilla
empirico,0.33,1e-06,0.252169,100,0.25,10000,0.01,SI,0.1,1019,1.16104e+06,F (viabilidad T_v>F),honesto,1.16002e+06,2535.47,empírico DS-6; mejor ρ de la rejilla
empirico,0.4,1e-06,0.116094,100,0.25,10000,0.01,SI,0.1,1019,1.16104e+06,F (viabilidad T_v>F),honesto,1.16002e+06,2535.47,empírico DS-6; mejor ρ de la rejilla
empirico,0.2,1e-06,0.505619,100,0.25,10000,0.1,SI,0.1,1019,25744,F (viabilidad T_v>F),honesto,24725,2535.47,empírico DS-6; mejor ρ de la rejilla
empirico,0.25,1e-06,0.408243,100,0.25,10000,0.1,SI,0.1,1019,25744,F (viabilidad T_v>F),honesto,24725,2535.47,empírico DS-6; mejor ρ de la rejilla
empirico,0.33,1e-06,0.252169,100,0.25,10000,0.1,SI,0.1,1019,25744,F (viabilidad T_v>F),honesto,24725,2535.47,empírico DS-6; mejor ρ de la rejilla
empirico,0.4,1e-06,0.116094,100,0.25,10000,0.1,SI,0.1,1019,25744,F (viabilidad T_v>F),honesto,24725,2535.47,empírico DS-6; mejor ρ de la rejilla
empirico,0.2,1e-06,0.505619,100,0.5,20,0.0001,SI,0.1,1019,6.30716e+07,F (viabilidad T_v>F),honesto,6.30706e+07,70.95,empírico DS-6; mejor ρ de la rejilla
empirico,0.25,1e-06,0.408243,100,0.5,20,0.0001,SI,0.1,1019,6.30716e+07,F (viabilidad T_v>F),honesto,6.30706e+07,70.95,empírico DS-6; mejor ρ de la rejilla
empirico,0.33,1e-06,0.252169,100,0.5,20,0.0001,SI,0.1,1019,6.30716e+07,F (viabilidad T_v>F),honesto,6.30706e+07,70.95,empírico DS-6; mejor ρ de la rejilla
empirico,0.4,1e-06,0.116094,100,0.5,20,0.0001,SI,0.1,1019,6.30716e+07,F (viabilidad T_v>F),honesto,6.30706e+07,70.95,empírico DS-6; mejor ρ de la rejilla
empirico,0.2,1e-06,0.505619,100,0.5,20,0.001,SI,0.1,1019,6.3068e+06,F (viabilidad T_v>F),honesto,6.30578e+06,70.95,empírico DS-6; mejor ρ de la rejilla
empirico,0.25,1e-06,0.408243,100,0.5,20,0.001,SI,0.1,1019,6.3068e+06,F (viabilidad T_v>F),honesto,6.30578e+06,70.95,empírico DS-6; mejor ρ de la rejilla
empirico,0.33,1e-06,0.252169,100,0.5,20,0.001,SI,0.1,1019,6.3068e+06,F (viabilidad T_v>F),honesto,6.30578e+06,70.95,empírico DS-6; mejor ρ de la rejilla
empirico,0.4,1e-06,0.116094,100,0.5,20,0.001,SI,0.1,1019,6.3068e+06,F (viabilidad T_v>F),honesto,6.30578e+06,70.95,empírico DS-6; mejor ρ de la rejilla
empirico,0.2,1e-06,0.505619,100,0.5,20,0.01,SI,0.1,1019,630320,F (viabilidad T_v>F),honesto,629301,70.95,empírico DS-6; mejor ρ de la rejilla
empirico,0.25,1e-06,0.408243,100,0.5,20,0.01,SI,0.1,1019,630320,F (viabilidad T_v>F),honesto,629301,70.95,empírico DS-6; mejor ρ de la rejilla
empirico,0.33,1e-06,0.252169,100,0.5,20,0.01,SI,0.1,1019,630320,F (viabilidad T_v>F),honesto,629301,70.95,empírico DS-6; mejor ρ de la rejilla
empirico,0.4,1e-06,0.116094,100,0.5,20,0.01,SI,0.1,1019,630320,F (viabilidad T_v>F),honesto,629301,70.95,empírico DS-6; mejor ρ de la rejilla
empirico,0.2,1e-06,0.505619,100,0.5,20,0.1,SI,0.1,1019,62672,F (viabilidad T_v>F),honesto,61653,70.95,empírico DS-6; mejor ρ de la rejilla
empirico,0.25,1e-06,0.408243,100,0.5,20,0.1,SI,0.1,1019,62672,F (viabilidad T_v>F),honesto,61653,70.95,empírico DS-6; mejor ρ de la rejilla
empirico,0.33,1e-06,0.252169,100,0.5,20,0.1,SI,0.1,1019,62672,F (viabilidad T_v>F),honesto,61653,70.95,empírico DS-6; mejor ρ de la rejilla
empirico,0.4,1e-06,0.116094,100,0.5,20,0.1,SI,0.1,1019,62672,F (viabilidad T_v>F),honesto,61653,70.95,empírico DS-6; mejor ρ de la rejilla
empirico,0.2,1e-06,0.505619,100,0.5,100,0.0001,SI,0.1,1019,6.30708e+07,F (viabilidad T_v>F),honesto,6.30698e+07,110.95,empírico DS-6; mejor ρ de la rejilla
empirico,0.25,1e-06,0.408243,100,0.5,100,0.0001,SI,0.1,1019,6.30708e+07,F (viabilidad T_v>F),honesto,6.30698e+07,110.95,empírico DS-6; mejor ρ de la rejilla
empirico,0.33,1e-06,0.252169,100,0.5,100,0.0001,SI,0.1,1019,6.30708e+07,F (viabilidad T_v>F),honesto,6.30698e+07,110.95,empírico DS-6; mejor ρ de la rejilla
empirico,0.4,1e-06,0.116094,100,0.5,100,0.0001,SI,0.1,1019,6.30708e+07,F (viabilidad T_v>F),honesto,6.30698e+07,110.95,empírico DS-6; mejor ρ de la rejilla
empirico,0.2,1e-06,0.505619,100,0.5,100,0.001,SI,0.1,1019,6.306e+06,F (viabilidad T_v>F),honesto,6.30498e+06,110.95,empírico DS-6; mejor ρ de la rejilla
empirico,0.25,1e-06,0.408243,100,0.5,100,0.001,SI,0.1,1019,6.306e+06,F (viabilidad T_v>F),honesto,6.30498e+06,110.95,empírico DS-6; mejor ρ de la rejilla
empirico,0.33,1e-06,0.252169,100,0.5,100,0.001,SI,0.1,1019,6.306e+06,F (viabilidad T_v>F),honesto,6.30498e+06,110.95,empírico DS-6; mejor ρ de la rejilla
empirico,0.4,1e-06,0.116094,100,0.5,100,0.001,SI,0.1,1019,6.306e+06,F (viabilidad T_v>F),honesto,6.30498e+06,110.95,empírico DS-6; mejor ρ de la rejilla
empirico,0.2,1e-06,0.505619,100,0.5,100,0.01,SI,0.1,1019,629520,F (viabilidad T_v>F),honesto,628501,110.95,empírico DS-6; mejor ρ de la rejilla
empirico,0.25,1e-06,0.408243,100,0.5,100,0.01,SI,0.1,1019,629520,F (viabilidad T_v>F),honesto,628501,110.95,empírico DS-6; mejor ρ de la rejilla
empirico,0.33,1e-06,0.252169,100,0.5,100,0.01,SI,0.1,1019,629520,F (viabilidad T_v>F),honesto,628501,110.95,empírico DS-6; mejor ρ de la rejilla
empirico,0.4,1e-06,0.116094,100,0.5,100,0.01,SI,0.1,1019,629520,F (viabilidad T_v>F),honesto,628501,110.95,empírico DS-6; mejor ρ de la rejilla
empirico,0.2,1e-06,0.505619,100,0.5,100,0.1,SI,0.1,1019,61872,F (viabilidad T_v>F),honesto,60853,110.95,empírico DS-6; mejor ρ de la rejilla
empirico,0.25,1e-06,0.408243,100,0.5,100,0.1,SI,0.1,1019,61872,F (viabilidad T_v>F),honesto,60853,110.95,empírico DS-6; mejor ρ de la rejilla
empirico,0.33,1e-06,0.252169,100,0.5,100,0.1,SI,0.1,1019,61872,F (viabilidad T_v>F),honesto,60853,110.95,empírico DS-6; mejor ρ de la rejilla
empirico,0.4,1e-06,0.116094,100,0.5,100,0.1,SI,0.1,1019,61872,F (viabilidad T_v>F),honesto,60853,110.95,empírico DS-6; mejor ρ de la rejilla
empirico,0.2,1e-06,0.505619,100,0.5,1000,0.0001,SI,0.1,1019,6.30618e+07,F (viabilidad T_v>F),honesto,6.30608e+07,560.95,empírico DS-6; mejor ρ de la rejilla
empirico,0.25,1e-06,0.408243,100,0.5,1000,0.0001,SI,0.1,1019,6.30618e+07,F (viabilidad T_v>F),honesto,6.30608e+07,560.95,empírico DS-6; mejor ρ de la rejilla
empirico,0.33,1e-06,0.252169,100,0.5,1000,0.0001,SI,0.1,1019,6.30618e+07,F (viabilidad T_v>F),honesto,6.30608e+07,560.95,empírico DS-6; mejor ρ de la rejilla
empirico,0.4,1e-06,0.116094,100,0.5,1000,0.0001,SI,0.1,1019,6.30618e+07,F (viabilidad T_v>F),honesto,6.30608e+07,560.95,empírico DS-6; mejor ρ de la rejilla
empirico,0.2,1e-06,0.505619,100,0.5,1000,0.001,SI,0.1,1019,6.297e+06,F (viabilidad T_v>F),honesto,6.29598e+06,560.95,empírico DS-6; mejor ρ de la rejilla
empirico,0.25,1e-06,0.408243,100,0.5,1000,0.001,SI,0.1,1019,6.297e+06,F (viabilidad T_v>F),honesto,6.29598e+06,560.95,empírico DS-6; mejor ρ de la rejilla
empirico,0.33,1e-06,0.252169,100,0.5,1000,0.001,SI,0.1,1019,6.297e+06,F (viabilidad T_v>F),honesto,6.29598e+06,560.95,empírico DS-6; mejor ρ de la rejilla
empirico,0.4,1e-06,0.116094,100,0.5,1000,0.001,SI,0.1,1019,6.297e+06,F (viabilidad T_v>F),honesto,6.29598e+06,560.95,empírico DS-6; mejor ρ de la rejilla
empirico,0.2,1e-06,0.505619,100,0.5,1000,0.01,SI,0.1,1019,620520,F (viabilidad T_v>F),honesto,619501,560.95,empírico DS-6; mejor ρ de la rejilla
empirico,0.25,1e-06,0.408243,100,0.5,1000,0.01,SI,0.1,1019,620520,F (viabilidad T_v>F),honesto,619501,560.95,empírico DS-6; mejor ρ de la rejilla
empirico,0.33,1e-06,0.252169,100,0.5,1000,0.01,SI,0.1,1019,620520,F (viabilidad T_v>F),honesto,619501,560.95,empírico DS-6; mejor ρ de la rejilla
empirico,0.4,1e-06,0.116094,100,0.5,1000,0.01,SI,0.1,1019,620520,F (viabilidad T_v>F),honesto,619501,560.95,empírico DS-6; mejor ρ de la rejilla
empirico,0.2,1e-06,0.505619,100,0.5,1000,0.1,SI,0.1,1019,52872,F (viabilidad T_v>F),honesto,51853,560.95,empírico DS-6; mejor ρ de la rejilla
empirico,0.25,1e-06,0.408243,100,0.5,1000,0.1,SI,0.1,1019,52872,F (viabilidad T_v>F),honesto,51853,560.95,empírico DS-6; mejor ρ de la rejilla
empirico,0.33,1e-06,0.252169,100,0.5,1000,0.1,SI,0.1,1019,52872,F (viabilidad T_v>F),honesto,51853,560.95,empírico DS-6; mejor ρ de la rejilla
empirico,0.4,1e-06,0.116094,100,0.5,1000,0.1,SI,0.1,1019,52872,F (viabilidad T_v>F),honesto,51853,560.95,empírico DS-6; mejor ρ de la rejilla
empirico,0.2,1e-06,0.505619,100,0.5,10000,0.0001,SI,0.1,1019,6.29718e+07,F (viabilidad T_v>F),honesto,6.29708e+07,5060.95,empírico DS-6; mejor ρ de la rejilla
empirico,0.25,1e-06,0.408243,100,0.5,10000,0.0001,SI,0.1,1019,6.29718e+07,F (viabilidad T_v>F),honesto,6.29708e+07,5060.95,empírico DS-6; mejor ρ de la rejilla
empirico,0.33,1e-06,0.252169,100,0.5,10000,0.0001,SI,0.1,1019,6.29718e+07,F (viabilidad T_v>F),honesto,6.29708e+07,5060.95,empírico DS-6; mejor ρ de la rejilla
empirico,0.4,1e-06,0.116094,100,0.5,10000,0.0001,SI,0.1,1019,6.29718e+07,F (viabilidad T_v>F),honesto,6.29708e+07,5060.95,empírico DS-6; mejor ρ de la rejilla
empirico,0.2,1e-06,0.505619,100,0.5,10000,0.001,SI,0.1,1019,6.207e+06,F (viabilidad T_v>F),honesto,6.20598e+06,5060.95,empírico DS-6; mejor ρ de la rejilla
empirico,0.25,1e-06,0.408243,100,0.5,10000,0.001,SI,0.1,1019,6.207e+06,F (viabilidad T_v>F),honesto,6.20598e+06,5060.95,empírico DS-6; mejor ρ de la rejilla
empirico,0.33,1e-06,0.252169,100,0.5,10000,0.001,SI,0.1,1019,6.207e+06,F (viabilidad T_v>F),honesto,6.20598e+06,5060.95,empírico DS-6; mejor ρ de la rejilla
empirico,0.4,1e-06,0.116094,100,0.5,10000,0.001,SI,0.1,1019,6.207e+06,F (viabilidad T_v>F),honesto,6.20598e+06,5060.95,empírico DS-6; mejor ρ de la rejilla
empirico,0.2,1e-06,0.505619,100,0.5,10000,0.01,SI,0.1,1019,530520,F (viabilidad T_v>F),honesto,529501,5060.95,empírico DS-6; mejor ρ de la rejilla
empirico,0.25,1e-06,0.408243,100,0.5,10000,0.01,SI,0.1,1019,530520,F (viabilidad T_v>F),honesto,529501,5060.95,empírico DS-6; mejor ρ de la rejilla
empirico,0.33,1e-06,0.252169,100,0.5,10000,0.01,SI,0.1,1019,530520,F (viabilidad T_v>F),honesto,529501,5060.95,empírico DS-6; mejor ρ de la rejilla
empirico,0.4,1e-06,0.116094,100,0.5,10000,0.01,SI,0.1,1019,530520,F (viabilidad T_v>F),honesto,529501,5060.95,empírico DS-6; mejor ρ de la rejilla
empirico,0.2,1e-06,0.505619,100,0.5,10000,0.1,NO,NaN,NaN,NaN,—,—,-Inf,NaN,empírico DS-6; mejor ρ de la rejilla
empirico,0.25,1e-06,0.408243,100,0.5,10000,0.1,NO,NaN,NaN,NaN,—,—,-Inf,NaN,empírico DS-6; mejor ρ de la rejilla
empirico,0.33,1e-06,0.252169,100,0.5,10000,0.1,NO,NaN,NaN,NaN,—,—,-Inf,NaN,empírico DS-6; mejor ρ de la rejilla
empirico,0.4,1e-06,0.116094,100,0.5,10000,0.1,NO,NaN,NaN,NaN,—,—,-Inf,NaN,empírico DS-6; mejor ρ de la rejilla
empirico,0.2,1e-06,0.505619,100,1,20,0.0001,SI,0.1,1019,3.15357e+07,F (viabilidad T_v>F),honesto,3.15347e+07,131.9,empírico DS-6; mejor ρ de la rejilla
empirico,0.25,1e-06,0.408243,100,1,20,0.0001,SI,0.1,1019,3.15357e+07,F (viabilidad T_v>F),honesto,3.15347e+07,131.9,empírico DS-6; mejor ρ de la rejilla
empirico,0.33,1e-06,0.252169,100,1,20,0.0001,SI,0.1,1019,3.15357e+07,F (viabilidad T_v>F),honesto,3.15347e+07,131.9,empírico DS-6; mejor ρ de la rejilla
empirico,0.4,1e-06,0.116094,100,1,20,0.0001,SI,0.1,1019,3.15357e+07,F (viabilidad T_v>F),honesto,3.15347e+07,131.9,empírico DS-6; mejor ρ de la rejilla
empirico,0.2,1e-06,0.505619,100,1,20,0.001,SI,0.1,1019,3.1533e+06,F (viabilidad T_v>F),honesto,3.15228e+06,131.9,empírico DS-6; mejor ρ de la rejilla
empirico,0.25,1e-06,0.408243,100,1,20,0.001,SI,0.1,1019,3.1533e+06,F (viabilidad T_v>F),honesto,3.15228e+06,131.9,empírico DS-6; mejor ρ de la rejilla
empirico,0.33,1e-06,0.252169,100,1,20,0.001,SI,0.1,1019,3.1533e+06,F (viabilidad T_v>F),honesto,3.15228e+06,131.9,empírico DS-6; mejor ρ de la rejilla
empirico,0.4,1e-06,0.116094,100,1,20,0.001,SI,0.1,1019,3.1533e+06,F (viabilidad T_v>F),honesto,3.15228e+06,131.9,empírico DS-6; mejor ρ de la rejilla
empirico,0.2,1e-06,0.505619,100,1,20,0.01,SI,0.1,1019,315060,F (viabilidad T_v>F),honesto,314041,131.9,empírico DS-6; mejor ρ de la rejilla
empirico,0.25,1e-06,0.408243,100,1,20,0.01,SI,0.1,1019,315060,F (viabilidad T_v>F),honesto,314041,131.9,empírico DS-6; mejor ρ de la rejilla
empirico,0.33,1e-06,0.252169,100,1,20,0.01,SI,0.1,1019,315060,F (viabilidad T_v>F),honesto,314041,131.9,empírico DS-6; mejor ρ de la rejilla
empirico,0.4,1e-06,0.116094,100,1,20,0.01,SI,0.1,1019,315060,F (viabilidad T_v>F),honesto,314041,131.9,empírico DS-6; mejor ρ de la rejilla
empirico,0.2,1e-06,0.505619,100,1,20,0.1,SI,0.1,1019,31236,F (viabilidad T_v>F),honesto,30217,131.9,empírico DS-6; mejor ρ de la rejilla
empirico,0.25,1e-06,0.408243,100,1,20,0.1,SI,0.1,1019,31236,F (viabilidad T_v>F),honesto,30217,131.9,empírico DS-6; mejor ρ de la rejilla
empirico,0.33,1e-06,0.252169,100,1,20,0.1,SI,0.1,1019,31236,F (viabilidad T_v>F),honesto,30217,131.9,empírico DS-6; mejor ρ de la rejilla
empirico,0.4,1e-06,0.116094,100,1,20,0.1,SI,0.1,1019,31236,F (viabilidad T_v>F),honesto,30217,131.9,empírico DS-6; mejor ρ de la rejilla
empirico,0.2,1e-06,0.505619,100,1,100,0.0001,SI,0.1,1019,3.15349e+07,F (viabilidad T_v>F),honesto,3.15339e+07,211.9,empírico DS-6; mejor ρ de la rejilla
empirico,0.25,1e-06,0.408243,100,1,100,0.0001,SI,0.1,1019,3.15349e+07,F (viabilidad T_v>F),honesto,3.15339e+07,211.9,empírico DS-6; mejor ρ de la rejilla
empirico,0.33,1e-06,0.252169,100,1,100,0.0001,SI,0.1,1019,3.15349e+07,F (viabilidad T_v>F),honesto,3.15339e+07,211.9,empírico DS-6; mejor ρ de la rejilla
empirico,0.4,1e-06,0.116094,100,1,100,0.0001,SI,0.1,1019,3.15349e+07,F (viabilidad T_v>F),honesto,3.15339e+07,211.9,empírico DS-6; mejor ρ de la rejilla
empirico,0.2,1e-06,0.505619,100,1,100,0.001,SI,0.1,1019,3.1525e+06,F (viabilidad T_v>F),honesto,3.15148e+06,211.9,empírico DS-6; mejor ρ de la rejilla
empirico,0.25,1e-06,0.408243,100,1,100,0.001,SI,0.1,1019,3.1525e+06,F (viabilidad T_v>F),honesto,3.15148e+06,211.9,empírico DS-6; mejor ρ de la rejilla
empirico,0.33,1e-06,0.252169,100,1,100,0.001,SI,0.1,1019,3.1525e+06,F (viabilidad T_v>F),honesto,3.15148e+06,211.9,empírico DS-6; mejor ρ de la rejilla
empirico,0.4,1e-06,0.116094,100,1,100,0.001,SI,0.1,1019,3.1525e+06,F (viabilidad T_v>F),honesto,3.15148e+06,211.9,empírico DS-6; mejor ρ de la rejilla
empirico,0.2,1e-06,0.505619,100,1,100,0.01,SI,0.1,1019,314260,F (viabilidad T_v>F),honesto,313241,211.9,empírico DS-6; mejor ρ de la rejilla
empirico,0.25,1e-06,0.408243,100,1,100,0.01,SI,0.1,1019,314260,F (viabilidad T_v>F),honesto,313241,211.9,empírico DS-6; mejor ρ de la rejilla
empirico,0.33,1e-06,0.252169,100,1,100,0.01,SI,0.1,1019,314260,F (viabilidad T_v>F),honesto,313241,211.9,empírico DS-6; mejor ρ de la rejilla
empirico,0.4,1e-06,0.116094,100,1,100,0.01,SI,0.1,1019,314260,F (viabilidad T_v>F),honesto,313241,211.9,empírico DS-6; mejor ρ de la rejilla
empirico,0.2,1e-06,0.505619,100,1,100,0.1,SI,0.1,1019,30436,F (viabilidad T_v>F),honesto,29417,211.9,empírico DS-6; mejor ρ de la rejilla
empirico,0.25,1e-06,0.408243,100,1,100,0.1,SI,0.1,1019,30436,F (viabilidad T_v>F),honesto,29417,211.9,empírico DS-6; mejor ρ de la rejilla
empirico,0.33,1e-06,0.252169,100,1,100,0.1,SI,0.1,1019,30436,F (viabilidad T_v>F),honesto,29417,211.9,empírico DS-6; mejor ρ de la rejilla
empirico,0.4,1e-06,0.116094,100,1,100,0.1,SI,0.1,1019,30436,F (viabilidad T_v>F),honesto,29417,211.9,empírico DS-6; mejor ρ de la rejilla
empirico,0.2,1e-06,0.505619,100,1,1000,0.0001,SI,0.1,1019,3.15259e+07,F (viabilidad T_v>F),honesto,3.15249e+07,1111.9,empírico DS-6; mejor ρ de la rejilla
empirico,0.25,1e-06,0.408243,100,1,1000,0.0001,SI,0.1,1019,3.15259e+07,F (viabilidad T_v>F),honesto,3.15249e+07,1111.9,empírico DS-6; mejor ρ de la rejilla
empirico,0.33,1e-06,0.252169,100,1,1000,0.0001,SI,0.1,1019,3.15259e+07,F (viabilidad T_v>F),honesto,3.15249e+07,1111.9,empírico DS-6; mejor ρ de la rejilla
empirico,0.4,1e-06,0.116094,100,1,1000,0.0001,SI,0.1,1019,3.15259e+07,F (viabilidad T_v>F),honesto,3.15249e+07,1111.9,empírico DS-6; mejor ρ de la rejilla
empirico,0.2,1e-06,0.505619,100,1,1000,0.001,SI,0.1,1019,3.1435e+06,F (viabilidad T_v>F),honesto,3.14248e+06,1111.9,empírico DS-6; mejor ρ de la rejilla
empirico,0.25,1e-06,0.408243,100,1,1000,0.001,SI,0.1,1019,3.1435e+06,F (viabilidad T_v>F),honesto,3.14248e+06,1111.9,empírico DS-6; mejor ρ de la rejilla
empirico,0.33,1e-06,0.252169,100,1,1000,0.001,SI,0.1,1019,3.1435e+06,F (viabilidad T_v>F),honesto,3.14248e+06,1111.9,empírico DS-6; mejor ρ de la rejilla
empirico,0.4,1e-06,0.116094,100,1,1000,0.001,SI,0.1,1019,3.1435e+06,F (viabilidad T_v>F),honesto,3.14248e+06,1111.9,empírico DS-6; mejor ρ de la rejilla
empirico,0.2,1e-06,0.505619,100,1,1000,0.01,SI,0.1,1019,305260,F (viabilidad T_v>F),honesto,304241,1111.9,empírico DS-6; mejor ρ de la rejilla
empirico,0.25,1e-06,0.408243,100,1,1000,0.01,SI,0.1,1019,305260,F (viabilidad T_v>F),honesto,304241,1111.9,empírico DS-6; mejor ρ de la rejilla
empirico,0.33,1e-06,0.252169,100,1,1000,0.01,SI,0.1,1019,305260,F (viabilidad T_v>F),honesto,304241,1111.9,empírico DS-6; mejor ρ de la rejilla
empirico,0.4,1e-06,0.116094,100,1,1000,0.01,SI,0.1,1019,305260,F (viabilidad T_v>F),honesto,304241,1111.9,empírico DS-6; mejor ρ de la rejilla
empirico,0.2,1e-06,0.505619,100,1,1000,0.1,SI,0.1,1019,21436,F (viabilidad T_v>F),honesto,20417,1111.9,empírico DS-6; mejor ρ de la rejilla
empirico,0.25,1e-06,0.408243,100,1,1000,0.1,SI,0.1,1019,21436,F (viabilidad T_v>F),honesto,20417,1111.9,empírico DS-6; mejor ρ de la rejilla
empirico,0.33,1e-06,0.252169,100,1,1000,0.1,SI,0.1,1019,21436,F (viabilidad T_v>F),honesto,20417,1111.9,empírico DS-6; mejor ρ de la rejilla
empirico,0.4,1e-06,0.116094,100,1,1000,0.1,SI,0.1,1019,21436,F (viabilidad T_v>F),honesto,20417,1111.9,empírico DS-6; mejor ρ de la rejilla
empirico,0.2,1e-06,0.505619,100,1,10000,0.0001,SI,0.1,1019,3.14359e+07,F (viabilidad T_v>F),honesto,3.14349e+07,10111.9,empírico DS-6; mejor ρ de la rejilla
empirico,0.25,1e-06,0.408243,100,1,10000,0.0001,SI,0.1,1019,3.14359e+07,F (viabilidad T_v>F),honesto,3.14349e+07,10111.9,empírico DS-6; mejor ρ de la rejilla
empirico,0.33,1e-06,0.252169,100,1,10000,0.0001,SI,0.1,1019,3.14359e+07,F (viabilidad T_v>F),honesto,3.14349e+07,10111.9,empírico DS-6; mejor ρ de la rejilla
empirico,0.4,1e-06,0.116094,100,1,10000,0.0001,SI,0.1,1019,3.14359e+07,F (viabilidad T_v>F),honesto,3.14349e+07,10111.9,empírico DS-6; mejor ρ de la rejilla
empirico,0.2,1e-06,0.505619,100,1,10000,0.001,SI,0.1,1019,3.0535e+06,F (viabilidad T_v>F),honesto,3.05248e+06,10111.9,empírico DS-6; mejor ρ de la rejilla
empirico,0.25,1e-06,0.408243,100,1,10000,0.001,SI,0.1,1019,3.0535e+06,F (viabilidad T_v>F),honesto,3.05248e+06,10111.9,empírico DS-6; mejor ρ de la rejilla
empirico,0.33,1e-06,0.252169,100,1,10000,0.001,SI,0.1,1019,3.0535e+06,F (viabilidad T_v>F),honesto,3.05248e+06,10111.9,empírico DS-6; mejor ρ de la rejilla
empirico,0.4,1e-06,0.116094,100,1,10000,0.001,SI,0.1,1019,3.0535e+06,F (viabilidad T_v>F),honesto,3.05248e+06,10111.9,empírico DS-6; mejor ρ de la rejilla
empirico,0.2,1e-06,0.505619,100,1,10000,0.01,SI,0.1,1019,215260,F (viabilidad T_v>F),honesto,214241,10111.9,empírico DS-6; mejor ρ de la rejilla
empirico,0.25,1e-06,0.408243,100,1,10000,0.01,SI,0.1,1019,215260,F (viabilidad T_v>F),honesto,214241,10111.9,empírico DS-6; mejor ρ de la rejilla
empirico,0.33,1e-06,0.252169,100,1,10000,0.01,SI,0.1,1019,215260,F (viabilidad T_v>F),honesto,214241,10111.9,empírico DS-6; mejor ρ de la rejilla
empirico,0.4,1e-06,0.116094,100,1,10000,0.01,SI,0.1,1019,215260,F (viabilidad T_v>F),honesto,214241,10111.9,empírico DS-6; mejor ρ de la rejilla
empirico,0.2,1e-06,0.505619,100,1,10000,0.1,NO,NaN,NaN,NaN,—,—,-Inf,NaN,empírico DS-6; mejor ρ de la rejilla
empirico,0.25,1e-06,0.408243,100,1,10000,0.1,NO,NaN,NaN,NaN,—,—,-Inf,NaN,empírico DS-6; mejor ρ de la rejilla
empirico,0.33,1e-06,0.252169,100,1,10000,0.1,NO,NaN,NaN,NaN,—,—,-Inf,NaN,empírico DS-6; mejor ρ de la rejilla
empirico,0.4,1e-06,0.116094,100,1,10000,0.1,NO,NaN,NaN,NaN,—,—,-Inf,NaN,empírico DS-6; mejor ρ de la rejilla
empirico,0.2,1e-06,0.505619,1000,0.25,20,0.0001,SI,0.1,1019,1.26143e+08,F (viabilidad T_v>F),honesto,1.26142e+08,40.475,empírico DS-6; mejor ρ de la rejilla
empirico,0.25,1e-06,0.408243,1000,0.25,20,0.0001,SI,0.1,1019,1.26143e+08,F (viabilidad T_v>F),honesto,1.26142e+08,40.475,empírico DS-6; mejor ρ de la rejilla
empirico,0.33,1e-06,0.252169,1000,0.25,20,0.0001,SI,0.1,1019,1.26143e+08,F (viabilidad T_v>F),honesto,1.26142e+08,40.475,empírico DS-6; mejor ρ de la rejilla
empirico,0.4,1e-06,0.116094,1000,0.25,20,0.0001,SI,0.1,1019,1.26143e+08,F (viabilidad T_v>F),honesto,1.26142e+08,40.475,empírico DS-6; mejor ρ de la rejilla
empirico,0.2,1e-06,0.505619,1000,0.25,20,0.001,SI,0.1,1019,1.26138e+07,F (viabilidad T_v>F),honesto,1.26128e+07,40.475,empírico DS-6; mejor ρ de la rejilla
empirico,0.25,1e-06,0.408243,1000,0.25,20,0.001,SI,0.1,1019,1.26138e+07,F (viabilidad T_v>F),honesto,1.26128e+07,40.475,empírico DS-6; mejor ρ de la rejilla
empirico,0.33,1e-06,0.252169,1000,0.25,20,0.001,SI,0.1,1019,1.26138e+07,F (viabilidad T_v>F),honesto,1.26128e+07,40.475,empírico DS-6; mejor ρ de la rejilla
empirico,0.4,1e-06,0.116094,1000,0.25,20,0.001,SI,0.1,1019,1.26138e+07,F (viabilidad T_v>F),honesto,1.26128e+07,40.475,empírico DS-6; mejor ρ de la rejilla
empirico,0.2,1e-06,0.505619,1000,0.25,20,0.01,SI,0.1,1019,1.26084e+06,F (viabilidad T_v>F),honesto,1.25982e+06,40.475,empírico DS-6; mejor ρ de la rejilla
empirico,0.25,1e-06,0.408243,1000,0.25,20,0.01,SI,0.1,1019,1.26084e+06,F (viabilidad T_v>F),honesto,1.25982e+06,40.475,empírico DS-6; mejor ρ de la rejilla
empirico,0.33,1e-06,0.252169,1000,0.25,20,0.01,SI,0.1,1019,1.26084e+06,F (viabilidad T_v>F),honesto,1.25982e+06,40.475,empírico DS-6; mejor ρ de la rejilla
empirico,0.4,1e-06,0.116094,1000,0.25,20,0.01,SI,0.1,1019,1.26084e+06,F (viabilidad T_v>F),honesto,1.25982e+06,40.475,empírico DS-6; mejor ρ de la rejilla
empirico,0.2,1e-06,0.505619,1000,0.25,20,0.1,SI,0.1,1019,125544,F (viabilidad T_v>F),honesto,124525,40.475,empírico DS-6; mejor ρ de la rejilla
empirico,0.25,1e-06,0.408243,1000,0.25,20,0.1,SI,0.1,1019,125544,F (viabilidad T_v>F),honesto,124525,40.475,empírico DS-6; mejor ρ de la rejilla
empirico,0.33,1e-06,0.252169,1000,0.25,20,0.1,SI,0.1,1019,125544,F (viabilidad T_v>F),honesto,124525,40.475,empírico DS-6; mejor ρ de la rejilla
empirico,0.4,1e-06,0.116094,1000,0.25,20,0.1,SI,0.1,1019,125544,F (viabilidad T_v>F),honesto,124525,40.475,empírico DS-6; mejor ρ de la rejilla
empirico,0.2,1e-06,0.505619,1000,0.25,100,0.0001,SI,0.1,1019,1.26143e+08,F (viabilidad T_v>F),honesto,1.26142e+08,60.475,empírico DS-6; mejor ρ de la rejilla
empirico,0.25,1e-06,0.408243,1000,0.25,100,0.0001,SI,0.1,1019,1.26143e+08,F (viabilidad T_v>F),honesto,1.26142e+08,60.475,empírico DS-6; mejor ρ de la rejilla
empirico,0.33,1e-06,0.252169,1000,0.25,100,0.0001,SI,0.1,1019,1.26143e+08,F (viabilidad T_v>F),honesto,1.26142e+08,60.475,empírico DS-6; mejor ρ de la rejilla
empirico,0.4,1e-06,0.116094,1000,0.25,100,0.0001,SI,0.1,1019,1.26143e+08,F (viabilidad T_v>F),honesto,1.26142e+08,60.475,empírico DS-6; mejor ρ de la rejilla
empirico,0.2,1e-06,0.505619,1000,0.25,100,0.001,SI,0.1,1019,1.2613e+07,F (viabilidad T_v>F),honesto,1.2612e+07,60.475,empírico DS-6; mejor ρ de la rejilla
empirico,0.25,1e-06,0.408243,1000,0.25,100,0.001,SI,0.1,1019,1.2613e+07,F (viabilidad T_v>F),honesto,1.2612e+07,60.475,empírico DS-6; mejor ρ de la rejilla
empirico,0.33,1e-06,0.252169,1000,0.25,100,0.001,SI,0.1,1019,1.2613e+07,F (viabilidad T_v>F),honesto,1.2612e+07,60.475,empírico DS-6; mejor ρ de la rejilla
empirico,0.4,1e-06,0.116094,1000,0.25,100,0.001,SI,0.1,1019,1.2613e+07,F (viabilidad T_v>F),honesto,1.2612e+07,60.475,empírico DS-6; mejor ρ de la rejilla
empirico,0.2,1e-06,0.505619,1000,0.25,100,0.01,SI,0.1,1019,1.26004e+06,F (viabilidad T_v>F),honesto,1.25902e+06,60.475,empírico DS-6; mejor ρ de la rejilla
empirico,0.25,1e-06,0.408243,1000,0.25,100,0.01,SI,0.1,1019,1.26004e+06,F (viabilidad T_v>F),honesto,1.25902e+06,60.475,empírico DS-6; mejor ρ de la rejilla
empirico,0.33,1e-06,0.252169,1000,0.25,100,0.01,SI,0.1,1019,1.26004e+06,F (viabilidad T_v>F),honesto,1.25902e+06,60.475,empírico DS-6; mejor ρ de la rejilla
empirico,0.4,1e-06,0.116094,1000,0.25,100,0.01,SI,0.1,1019,1.26004e+06,F (viabilidad T_v>F),honesto,1.25902e+06,60.475,empírico DS-6; mejor ρ de la rejilla
empirico,0.2,1e-06,0.505619,1000,0.25,100,0.1,SI,0.1,1019,124744,F (viabilidad T_v>F),honesto,123725,60.475,empírico DS-6; mejor ρ de la rejilla
empirico,0.25,1e-06,0.408243,1000,0.25,100,0.1,SI,0.1,1019,124744,F (viabilidad T_v>F),honesto,123725,60.475,empírico DS-6; mejor ρ de la rejilla
empirico,0.33,1e-06,0.252169,1000,0.25,100,0.1,SI,0.1,1019,124744,F (viabilidad T_v>F),honesto,123725,60.475,empírico DS-6; mejor ρ de la rejilla
empirico,0.4,1e-06,0.116094,1000,0.25,100,0.1,SI,0.1,1019,124744,F (viabilidad T_v>F),honesto,123725,60.475,empírico DS-6; mejor ρ de la rejilla
empirico,0.2,1e-06,0.505619,1000,0.25,1000,0.0001,SI,0.1,1019,1.26134e+08,F (viabilidad T_v>F),honesto,1.26133e+08,285.475,empírico DS-6; mejor ρ de la rejilla
empirico,0.25,1e-06,0.408243,1000,0.25,1000,0.0001,SI,0.1,1019,1.26134e+08,F (viabilidad T_v>F),honesto,1.26133e+08,285.475,empírico DS-6; mejor ρ de la rejilla
empirico,0.33,1e-06,0.252169,1000,0.25,1000,0.0001,SI,0.1,1019,1.26134e+08,F (viabilidad T_v>F),honesto,1.26133e+08,285.475,empírico DS-6; mejor ρ de la rejilla
empirico,0.4,1e-06,0.116094,1000,0.25,1000,0.0001,SI,0.1,1019,1.26134e+08,F (viabilidad T_v>F),honesto,1.26133e+08,285.475,empírico DS-6; mejor ρ de la rejilla
empirico,0.2,1e-06,0.505619,1000,0.25,1000,0.001,SI,0.1,1019,1.2604e+07,F (viabilidad T_v>F),honesto,1.2603e+07,285.475,empírico DS-6; mejor ρ de la rejilla
empirico,0.25,1e-06,0.408243,1000,0.25,1000,0.001,SI,0.1,1019,1.2604e+07,F (viabilidad T_v>F),honesto,1.2603e+07,285.475,empírico DS-6; mejor ρ de la rejilla
empirico,0.33,1e-06,0.252169,1000,0.25,1000,0.001,SI,0.1,1019,1.2604e+07,F (viabilidad T_v>F),honesto,1.2603e+07,285.475,empírico DS-6; mejor ρ de la rejilla
empirico,0.4,1e-06,0.116094,1000,0.25,1000,0.001,SI,0.1,1019,1.2604e+07,F (viabilidad T_v>F),honesto,1.2603e+07,285.475,empírico DS-6; mejor ρ de la rejilla
empirico,0.2,1e-06,0.505619,1000,0.25,1000,0.01,SI,0.1,1019,1.25104e+06,F (viabilidad T_v>F),honesto,1.25002e+06,285.475,empírico DS-6; mejor ρ de la rejilla
empirico,0.25,1e-06,0.408243,1000,0.25,1000,0.01,SI,0.1,1019,1.25104e+06,F (viabilidad T_v>F),honesto,1.25002e+06,285.475,empírico DS-6; mejor ρ de la rejilla
empirico,0.33,1e-06,0.252169,1000,0.25,1000,0.01,SI,0.1,1019,1.25104e+06,F (viabilidad T_v>F),honesto,1.25002e+06,285.475,empírico DS-6; mejor ρ de la rejilla
empirico,0.4,1e-06,0.116094,1000,0.25,1000,0.01,SI,0.1,1019,1.25104e+06,F (viabilidad T_v>F),honesto,1.25002e+06,285.475,empírico DS-6; mejor ρ de la rejilla
empirico,0.2,1e-06,0.505619,1000,0.25,1000,0.1,SI,0.1,1019,115744,F (viabilidad T_v>F),honesto,114725,285.475,empírico DS-6; mejor ρ de la rejilla
empirico,0.25,1e-06,0.408243,1000,0.25,1000,0.1,SI,0.1,1019,115744,F (viabilidad T_v>F),honesto,114725,285.475,empírico DS-6; mejor ρ de la rejilla
empirico,0.33,1e-06,0.252169,1000,0.25,1000,0.1,SI,0.1,1019,115744,F (viabilidad T_v>F),honesto,114725,285.475,empírico DS-6; mejor ρ de la rejilla
empirico,0.4,1e-06,0.116094,1000,0.25,1000,0.1,SI,0.1,1019,115744,F (viabilidad T_v>F),honesto,114725,285.475,empírico DS-6; mejor ρ de la rejilla
empirico,0.2,1e-06,0.505619,1000,0.25,10000,0.0001,SI,0.1,1019,1.26044e+08,F (viabilidad T_v>F),honesto,1.26043e+08,2535.47,empírico DS-6; mejor ρ de la rejilla
empirico,0.25,1e-06,0.408243,1000,0.25,10000,0.0001,SI,0.1,1019,1.26044e+08,F (viabilidad T_v>F),honesto,1.26043e+08,2535.47,empírico DS-6; mejor ρ de la rejilla
empirico,0.33,1e-06,0.252169,1000,0.25,10000,0.0001,SI,0.1,1019,1.26044e+08,F (viabilidad T_v>F),honesto,1.26043e+08,2535.47,empírico DS-6; mejor ρ de la rejilla
empirico,0.4,1e-06,0.116094,1000,0.25,10000,0.0001,SI,0.1,1019,1.26044e+08,F (viabilidad T_v>F),honesto,1.26043e+08,2535.47,empírico DS-6; mejor ρ de la rejilla
empirico,0.2,1e-06,0.505619,1000,0.25,10000,0.001,SI,0.1,1019,1.2514e+07,F (viabilidad T_v>F),honesto,1.2513e+07,2535.47,empírico DS-6; mejor ρ de la rejilla
empirico,0.25,1e-06,0.408243,1000,0.25,10000,0.001,SI,0.1,1019,1.2514e+07,F (viabilidad T_v>F),honesto,1.2513e+07,2535.47,empírico DS-6; mejor ρ de la rejilla
empirico,0.33,1e-06,0.252169,1000,0.25,10000,0.001,SI,0.1,1019,1.2514e+07,F (viabilidad T_v>F),honesto,1.2513e+07,2535.47,empírico DS-6; mejor ρ de la rejilla
empirico,0.4,1e-06,0.116094,1000,0.25,10000,0.001,SI,0.1,1019,1.2514e+07,F (viabilidad T_v>F),honesto,1.2513e+07,2535.47,empírico DS-6; mejor ρ de la rejilla
empirico,0.2,1e-06,0.505619,1000,0.25,10000,0.01,SI,0.1,1019,1.16104e+06,F (viabilidad T_v>F),honesto,1.16002e+06,2535.47,empírico DS-6; mejor ρ de la rejilla
empirico,0.25,1e-06,0.408243,1000,0.25,10000,0.01,SI,0.1,1019,1.16104e+06,F (viabilidad T_v>F),honesto,1.16002e+06,2535.47,empírico DS-6; mejor ρ de la rejilla
empirico,0.33,1e-06,0.252169,1000,0.25,10000,0.01,SI,0.1,1019,1.16104e+06,F (viabilidad T_v>F),honesto,1.16002e+06,2535.47,empírico DS-6; mejor ρ de la rejilla
empirico,0.4,1e-06,0.116094,1000,0.25,10000,0.01,SI,0.1,1019,1.16104e+06,F (viabilidad T_v>F),honesto,1.16002e+06,2535.47,empírico DS-6; mejor ρ de la rejilla
empirico,0.2,1e-06,0.505619,1000,0.25,10000,0.1,SI,0.1,1019,25744,F (viabilidad T_v>F),honesto,24725,2535.47,empírico DS-6; mejor ρ de la rejilla
empirico,0.25,1e-06,0.408243,1000,0.25,10000,0.1,SI,0.1,1019,25744,F (viabilidad T_v>F),honesto,24725,2535.47,empírico DS-6; mejor ρ de la rejilla
empirico,0.33,1e-06,0.252169,1000,0.25,10000,0.1,SI,0.1,1019,25744,F (viabilidad T_v>F),honesto,24725,2535.47,empírico DS-6; mejor ρ de la rejilla
empirico,0.4,1e-06,0.116094,1000,0.25,10000,0.1,SI,0.1,1019,25744,F (viabilidad T_v>F),honesto,24725,2535.47,empírico DS-6; mejor ρ de la rejilla
empirico,0.2,1e-06,0.505619,1000,0.5,20,0.0001,SI,0.1,1019,6.30716e+07,F (viabilidad T_v>F),honesto,6.30706e+07,70.95,empírico DS-6; mejor ρ de la rejilla
empirico,0.25,1e-06,0.408243,1000,0.5,20,0.0001,SI,0.1,1019,6.30716e+07,F (viabilidad T_v>F),honesto,6.30706e+07,70.95,empírico DS-6; mejor ρ de la rejilla
empirico,0.33,1e-06,0.252169,1000,0.5,20,0.0001,SI,0.1,1019,6.30716e+07,F (viabilidad T_v>F),honesto,6.30706e+07,70.95,empírico DS-6; mejor ρ de la rejilla
empirico,0.4,1e-06,0.116094,1000,0.5,20,0.0001,SI,0.1,1019,6.30716e+07,F (viabilidad T_v>F),honesto,6.30706e+07,70.95,empírico DS-6; mejor ρ de la rejilla
empirico,0.2,1e-06,0.505619,1000,0.5,20,0.001,SI,0.1,1019,6.3068e+06,F (viabilidad T_v>F),honesto,6.30578e+06,70.95,empírico DS-6; mejor ρ de la rejilla
empirico,0.25,1e-06,0.408243,1000,0.5,20,0.001,SI,0.1,1019,6.3068e+06,F (viabilidad T_v>F),honesto,6.30578e+06,70.95,empírico DS-6; mejor ρ de la rejilla
empirico,0.33,1e-06,0.252169,1000,0.5,20,0.001,SI,0.1,1019,6.3068e+06,F (viabilidad T_v>F),honesto,6.30578e+06,70.95,empírico DS-6; mejor ρ de la rejilla
empirico,0.4,1e-06,0.116094,1000,0.5,20,0.001,SI,0.1,1019,6.3068e+06,F (viabilidad T_v>F),honesto,6.30578e+06,70.95,empírico DS-6; mejor ρ de la rejilla
empirico,0.2,1e-06,0.505619,1000,0.5,20,0.01,SI,0.1,1019,630320,F (viabilidad T_v>F),honesto,629301,70.95,empírico DS-6; mejor ρ de la rejilla
empirico,0.25,1e-06,0.408243,1000,0.5,20,0.01,SI,0.1,1019,630320,F (viabilidad T_v>F),honesto,629301,70.95,empírico DS-6; mejor ρ de la rejilla
empirico,0.33,1e-06,0.252169,1000,0.5,20,0.01,SI,0.1,1019,630320,F (viabilidad T_v>F),honesto,629301,70.95,empírico DS-6; mejor ρ de la rejilla
empirico,0.4,1e-06,0.116094,1000,0.5,20,0.01,SI,0.1,1019,630320,F (viabilidad T_v>F),honesto,629301,70.95,empírico DS-6; mejor ρ de la rejilla
empirico,0.2,1e-06,0.505619,1000,0.5,20,0.1,SI,0.1,1019,62672,F (viabilidad T_v>F),honesto,61653,70.95,empírico DS-6; mejor ρ de la rejilla
empirico,0.25,1e-06,0.408243,1000,0.5,20,0.1,SI,0.1,1019,62672,F (viabilidad T_v>F),honesto,61653,70.95,empírico DS-6; mejor ρ de la rejilla
empirico,0.33,1e-06,0.252169,1000,0.5,20,0.1,SI,0.1,1019,62672,F (viabilidad T_v>F),honesto,61653,70.95,empírico DS-6; mejor ρ de la rejilla
empirico,0.4,1e-06,0.116094,1000,0.5,20,0.1,SI,0.1,1019,62672,F (viabilidad T_v>F),honesto,61653,70.95,empírico DS-6; mejor ρ de la rejilla
empirico,0.2,1e-06,0.505619,1000,0.5,100,0.0001,SI,0.1,1019,6.30708e+07,F (viabilidad T_v>F),honesto,6.30698e+07,110.95,empírico DS-6; mejor ρ de la rejilla
empirico,0.25,1e-06,0.408243,1000,0.5,100,0.0001,SI,0.1,1019,6.30708e+07,F (viabilidad T_v>F),honesto,6.30698e+07,110.95,empírico DS-6; mejor ρ de la rejilla
empirico,0.33,1e-06,0.252169,1000,0.5,100,0.0001,SI,0.1,1019,6.30708e+07,F (viabilidad T_v>F),honesto,6.30698e+07,110.95,empírico DS-6; mejor ρ de la rejilla
empirico,0.4,1e-06,0.116094,1000,0.5,100,0.0001,SI,0.1,1019,6.30708e+07,F (viabilidad T_v>F),honesto,6.30698e+07,110.95,empírico DS-6; mejor ρ de la rejilla
empirico,0.2,1e-06,0.505619,1000,0.5,100,0.001,SI,0.1,1019,6.306e+06,F (viabilidad T_v>F),honesto,6.30498e+06,110.95,empírico DS-6; mejor ρ de la rejilla
empirico,0.25,1e-06,0.408243,1000,0.5,100,0.001,SI,0.1,1019,6.306e+06,F (viabilidad T_v>F),honesto,6.30498e+06,110.95,empírico DS-6; mejor ρ de la rejilla
empirico,0.33,1e-06,0.252169,1000,0.5,100,0.001,SI,0.1,1019,6.306e+06,F (viabilidad T_v>F),honesto,6.30498e+06,110.95,empírico DS-6; mejor ρ de la rejilla
empirico,0.4,1e-06,0.116094,1000,0.5,100,0.001,SI,0.1,1019,6.306e+06,F (viabilidad T_v>F),honesto,6.30498e+06,110.95,empírico DS-6; mejor ρ de la rejilla
empirico,0.2,1e-06,0.505619,1000,0.5,100,0.01,SI,0.1,1019,629520,F (viabilidad T_v>F),honesto,628501,110.95,empírico DS-6; mejor ρ de la rejilla
empirico,0.25,1e-06,0.408243,1000,0.5,100,0.01,SI,0.1,1019,629520,F (viabilidad T_v>F),honesto,628501,110.95,empírico DS-6; mejor ρ de la rejilla
empirico,0.33,1e-06,0.252169,1000,0.5,100,0.01,SI,0.1,1019,629520,F (viabilidad T_v>F),honesto,628501,110.95,empírico DS-6; mejor ρ de la rejilla
empirico,0.4,1e-06,0.116094,1000,0.5,100,0.01,SI,0.1,1019,629520,F (viabilidad T_v>F),honesto,628501,110.95,empírico DS-6; mejor ρ de la rejilla
empirico,0.2,1e-06,0.505619,1000,0.5,100,0.1,SI,0.1,1019,61872,F (viabilidad T_v>F),honesto,60853,110.95,empírico DS-6; mejor ρ de la rejilla
empirico,0.25,1e-06,0.408243,1000,0.5,100,0.1,SI,0.1,1019,61872,F (viabilidad T_v>F),honesto,60853,110.95,empírico DS-6; mejor ρ de la rejilla
empirico,0.33,1e-06,0.252169,1000,0.5,100,0.1,SI,0.1,1019,61872,F (viabilidad T_v>F),honesto,60853,110.95,empírico DS-6; mejor ρ de la rejilla
empirico,0.4,1e-06,0.116094,1000,0.5,100,0.1,SI,0.1,1019,61872,F (viabilidad T_v>F),honesto,60853,110.95,empírico DS-6; mejor ρ de la rejilla
empirico,0.2,1e-06,0.505619,1000,0.5,1000,0.0001,SI,0.1,1019,6.30618e+07,F (viabilidad T_v>F),honesto,6.30608e+07,560.95,empírico DS-6; mejor ρ de la rejilla
empirico,0.25,1e-06,0.408243,1000,0.5,1000,0.0001,SI,0.1,1019,6.30618e+07,F (viabilidad T_v>F),honesto,6.30608e+07,560.95,empírico DS-6; mejor ρ de la rejilla
empirico,0.33,1e-06,0.252169,1000,0.5,1000,0.0001,SI,0.1,1019,6.30618e+07,F (viabilidad T_v>F),honesto,6.30608e+07,560.95,empírico DS-6; mejor ρ de la rejilla
empirico,0.4,1e-06,0.116094,1000,0.5,1000,0.0001,SI,0.1,1019,6.30618e+07,F (viabilidad T_v>F),honesto,6.30608e+07,560.95,empírico DS-6; mejor ρ de la rejilla
empirico,0.2,1e-06,0.505619,1000,0.5,1000,0.001,SI,0.1,1019,6.297e+06,F (viabilidad T_v>F),honesto,6.29598e+06,560.95,empírico DS-6; mejor ρ de la rejilla
empirico,0.25,1e-06,0.408243,1000,0.5,1000,0.001,SI,0.1,1019,6.297e+06,F (viabilidad T_v>F),honesto,6.29598e+06,560.95,empírico DS-6; mejor ρ de la rejilla
empirico,0.33,1e-06,0.252169,1000,0.5,1000,0.001,SI,0.1,1019,6.297e+06,F (viabilidad T_v>F),honesto,6.29598e+06,560.95,empírico DS-6; mejor ρ de la rejilla
empirico,0.4,1e-06,0.116094,1000,0.5,1000,0.001,SI,0.1,1019,6.297e+06,F (viabilidad T_v>F),honesto,6.29598e+06,560.95,empírico DS-6; mejor ρ de la rejilla
empirico,0.2,1e-06,0.505619,1000,0.5,1000,0.01,SI,0.1,1019,620520,F (viabilidad T_v>F),honesto,619501,560.95,empírico DS-6; mejor ρ de la rejilla
empirico,0.25,1e-06,0.408243,1000,0.5,1000,0.01,SI,0.1,1019,620520,F (viabilidad T_v>F),honesto,619501,560.95,empírico DS-6; mejor ρ de la rejilla
empirico,0.33,1e-06,0.252169,1000,0.5,1000,0.01,SI,0.1,1019,620520,F (viabilidad T_v>F),honesto,619501,560.95,empírico DS-6; mejor ρ de la rejilla
empirico,0.4,1e-06,0.116094,1000,0.5,1000,0.01,SI,0.1,1019,620520,F (viabilidad T_v>F),honesto,619501,560.95,empírico DS-6; mejor ρ de la rejilla
empirico,0.2,1e-06,0.505619,1000,0.5,1000,0.1,SI,0.1,1019,52872,F (viabilidad T_v>F),honesto,51853,560.95,empírico DS-6; mejor ρ de la rejilla
empirico,0.25,1e-06,0.408243,1000,0.5,1000,0.1,SI,0.1,1019,52872,F (viabilidad T_v>F),honesto,51853,560.95,empírico DS-6; mejor ρ de la rejilla
empirico,0.33,1e-06,0.252169,1000,0.5,1000,0.1,SI,0.1,1019,52872,F (viabilidad T_v>F),honesto,51853,560.95,empírico DS-6; mejor ρ de la rejilla
empirico,0.4,1e-06,0.116094,1000,0.5,1000,0.1,SI,0.1,1019,52872,F (viabilidad T_v>F),honesto,51853,560.95,empírico DS-6; mejor ρ de la rejilla
empirico,0.2,1e-06,0.505619,1000,0.5,10000,0.0001,SI,0.1,1019,6.29718e+07,F (viabilidad T_v>F),honesto,6.29708e+07,5060.95,empírico DS-6; mejor ρ de la rejilla
empirico,0.25,1e-06,0.408243,1000,0.5,10000,0.0001,SI,0.1,1019,6.29718e+07,F (viabilidad T_v>F),honesto,6.29708e+07,5060.95,empírico DS-6; mejor ρ de la rejilla
empirico,0.33,1e-06,0.252169,1000,0.5,10000,0.0001,SI,0.1,1019,6.29718e+07,F (viabilidad T_v>F),honesto,6.29708e+07,5060.95,empírico DS-6; mejor ρ de la rejilla
empirico,0.4,1e-06,0.116094,1000,0.5,10000,0.0001,SI,0.1,1019,6.29718e+07,F (viabilidad T_v>F),honesto,6.29708e+07,5060.95,empírico DS-6; mejor ρ de la rejilla
empirico,0.2,1e-06,0.505619,1000,0.5,10000,0.001,SI,0.1,1019,6.207e+06,F (viabilidad T_v>F),honesto,6.20598e+06,5060.95,empírico DS-6; mejor ρ de la rejilla
empirico,0.25,1e-06,0.408243,1000,0.5,10000,0.001,SI,0.1,1019,6.207e+06,F (viabilidad T_v>F),honesto,6.20598e+06,5060.95,empírico DS-6; mejor ρ de la rejilla
empirico,0.33,1e-06,0.252169,1000,0.5,10000,0.001,SI,0.1,1019,6.207e+06,F (viabilidad T_v>F),honesto,6.20598e+06,5060.95,empírico DS-6; mejor ρ de la rejilla
empirico,0.4,1e-06,0.116094,1000,0.5,10000,0.001,SI,0.1,1019,6.207e+06,F (viabilidad T_v>F),honesto,6.20598e+06,5060.95,empírico DS-6; mejor ρ de la rejilla
empirico,0.2,1e-06,0.505619,1000,0.5,10000,0.01,SI,0.1,1019,530520,F (viabilidad T_v>F),honesto,529501,5060.95,empírico DS-6; mejor ρ de la rejilla
empirico,0.25,1e-06,0.408243,1000,0.5,10000,0.01,SI,0.1,1019,530520,F (viabilidad T_v>F),honesto,529501,5060.95,empírico DS-6; mejor ρ de la rejilla
empirico,0.33,1e-06,0.252169,1000,0.5,10000,0.01,SI,0.1,1019,530520,F (viabilidad T_v>F),honesto,529501,5060.95,empírico DS-6; mejor ρ de la rejilla
empirico,0.4,1e-06,0.116094,1000,0.5,10000,0.01,SI,0.1,1019,530520,F (viabilidad T_v>F),honesto,529501,5060.95,empírico DS-6; mejor ρ de la rejilla
empirico,0.2,1e-06,0.505619,1000,0.5,10000,0.1,NO,NaN,NaN,NaN,—,—,-Inf,NaN,empírico DS-6; mejor ρ de la rejilla
empirico,0.25,1e-06,0.408243,1000,0.5,10000,0.1,NO,NaN,NaN,NaN,—,—,-Inf,NaN,empírico DS-6; mejor ρ de la rejilla
empirico,0.33,1e-06,0.252169,1000,0.5,10000,0.1,NO,NaN,NaN,NaN,—,—,-Inf,NaN,empírico DS-6; mejor ρ de la rejilla
empirico,0.4,1e-06,0.116094,1000,0.5,10000,0.1,NO,NaN,NaN,NaN,—,—,-Inf,NaN,empírico DS-6; mejor ρ de la rejilla
empirico,0.2,1e-06,0.505619,1000,1,20,0.0001,SI,0.1,1019,3.15357e+07,F (viabilidad T_v>F),honesto,3.15347e+07,131.9,empírico DS-6; mejor ρ de la rejilla
empirico,0.25,1e-06,0.408243,1000,1,20,0.0001,SI,0.1,1019,3.15357e+07,F (viabilidad T_v>F),honesto,3.15347e+07,131.9,empírico DS-6; mejor ρ de la rejilla
empirico,0.33,1e-06,0.252169,1000,1,20,0.0001,SI,0.1,1019,3.15357e+07,F (viabilidad T_v>F),honesto,3.15347e+07,131.9,empírico DS-6; mejor ρ de la rejilla
empirico,0.4,1e-06,0.116094,1000,1,20,0.0001,SI,0.1,1019,3.15357e+07,F (viabilidad T_v>F),honesto,3.15347e+07,131.9,empírico DS-6; mejor ρ de la rejilla
empirico,0.2,1e-06,0.505619,1000,1,20,0.001,SI,0.1,1019,3.1533e+06,F (viabilidad T_v>F),honesto,3.15228e+06,131.9,empírico DS-6; mejor ρ de la rejilla
empirico,0.25,1e-06,0.408243,1000,1,20,0.001,SI,0.1,1019,3.1533e+06,F (viabilidad T_v>F),honesto,3.15228e+06,131.9,empírico DS-6; mejor ρ de la rejilla
empirico,0.33,1e-06,0.252169,1000,1,20,0.001,SI,0.1,1019,3.1533e+06,F (viabilidad T_v>F),honesto,3.15228e+06,131.9,empírico DS-6; mejor ρ de la rejilla
empirico,0.4,1e-06,0.116094,1000,1,20,0.001,SI,0.1,1019,3.1533e+06,F (viabilidad T_v>F),honesto,3.15228e+06,131.9,empírico DS-6; mejor ρ de la rejilla
empirico,0.2,1e-06,0.505619,1000,1,20,0.01,SI,0.1,1019,315060,F (viabilidad T_v>F),honesto,314041,131.9,empírico DS-6; mejor ρ de la rejilla
empirico,0.25,1e-06,0.408243,1000,1,20,0.01,SI,0.1,1019,315060,F (viabilidad T_v>F),honesto,314041,131.9,empírico DS-6; mejor ρ de la rejilla
empirico,0.33,1e-06,0.252169,1000,1,20,0.01,SI,0.1,1019,315060,F (viabilidad T_v>F),honesto,314041,131.9,empírico DS-6; mejor ρ de la rejilla
empirico,0.4,1e-06,0.116094,1000,1,20,0.01,SI,0.1,1019,315060,F (viabilidad T_v>F),honesto,314041,131.9,empírico DS-6; mejor ρ de la rejilla
empirico,0.2,1e-06,0.505619,1000,1,20,0.1,SI,0.1,1019,31236,F (viabilidad T_v>F),honesto,30217,131.9,empírico DS-6; mejor ρ de la rejilla
empirico,0.25,1e-06,0.408243,1000,1,20,0.1,SI,0.1,1019,31236,F (viabilidad T_v>F),honesto,30217,131.9,empírico DS-6; mejor ρ de la rejilla
empirico,0.33,1e-06,0.252169,1000,1,20,0.1,SI,0.1,1019,31236,F (viabilidad T_v>F),honesto,30217,131.9,empírico DS-6; mejor ρ de la rejilla
empirico,0.4,1e-06,0.116094,1000,1,20,0.1,SI,0.1,1019,31236,F (viabilidad T_v>F),honesto,30217,131.9,empírico DS-6; mejor ρ de la rejilla
empirico,0.2,1e-06,0.505619,1000,1,100,0.0001,SI,0.1,1019,3.15349e+07,F (viabilidad T_v>F),honesto,3.15339e+07,211.9,empírico DS-6; mejor ρ de la rejilla
empirico,0.25,1e-06,0.408243,1000,1,100,0.0001,SI,0.1,1019,3.15349e+07,F (viabilidad T_v>F),honesto,3.15339e+07,211.9,empírico DS-6; mejor ρ de la rejilla
empirico,0.33,1e-06,0.252169,1000,1,100,0.0001,SI,0.1,1019,3.15349e+07,F (viabilidad T_v>F),honesto,3.15339e+07,211.9,empírico DS-6; mejor ρ de la rejilla
empirico,0.4,1e-06,0.116094,1000,1,100,0.0001,SI,0.1,1019,3.15349e+07,F (viabilidad T_v>F),honesto,3.15339e+07,211.9,empírico DS-6; mejor ρ de la rejilla
empirico,0.2,1e-06,0.505619,1000,1,100,0.001,SI,0.1,1019,3.1525e+06,F (viabilidad T_v>F),honesto,3.15148e+06,211.9,empírico DS-6; mejor ρ de la rejilla
empirico,0.25,1e-06,0.408243,1000,1,100,0.001,SI,0.1,1019,3.1525e+06,F (viabilidad T_v>F),honesto,3.15148e+06,211.9,empírico DS-6; mejor ρ de la rejilla
empirico,0.33,1e-06,0.252169,1000,1,100,0.001,SI,0.1,1019,3.1525e+06,F (viabilidad T_v>F),honesto,3.15148e+06,211.9,empírico DS-6; mejor ρ de la rejilla
empirico,0.4,1e-06,0.116094,1000,1,100,0.001,SI,0.1,1019,3.1525e+06,F (viabilidad T_v>F),honesto,3.15148e+06,211.9,empírico DS-6; mejor ρ de la rejilla
empirico,0.2,1e-06,0.505619,1000,1,100,0.01,SI,0.1,1019,314260,F (viabilidad T_v>F),honesto,313241,211.9,empírico DS-6; mejor ρ de la rejilla
empirico,0.25,1e-06,0.408243,1000,1,100,0.01,SI,0.1,1019,314260,F (viabilidad T_v>F),honesto,313241,211.9,empírico DS-6; mejor ρ de la rejilla
empirico,0.33,1e-06,0.252169,1000,1,100,0.01,SI,0.1,1019,314260,F (viabilidad T_v>F),honesto,313241,211.9,empírico DS-6; mejor ρ de la rejilla
empirico,0.4,1e-06,0.116094,1000,1,100,0.01,SI,0.1,1019,314260,F (viabilidad T_v>F),honesto,313241,211.9,empírico DS-6; mejor ρ de la rejilla
empirico,0.2,1e-06,0.505619,1000,1,100,0.1,SI,0.1,1019,30436,F (viabilidad T_v>F),honesto,29417,211.9,empírico DS-6; mejor ρ de la rejilla
empirico,0.25,1e-06,0.408243,1000,1,100,0.1,SI,0.1,1019,30436,F (viabilidad T_v>F),honesto,29417,211.9,empírico DS-6; mejor ρ de la rejilla
empirico,0.33,1e-06,0.252169,1000,1,100,0.1,SI,0.1,1019,30436,F (viabilidad T_v>F),honesto,29417,211.9,empírico DS-6; mejor ρ de la rejilla
empirico,0.4,1e-06,0.116094,1000,1,100,0.1,SI,0.1,1019,30436,F (viabilidad T_v>F),honesto,29417,211.9,empírico DS-6; mejor ρ de la rejilla
empirico,0.2,1e-06,0.505619,1000,1,1000,0.0001,SI,0.1,1019,3.15259e+07,F (viabilidad T_v>F),honesto,3.15249e+07,1111.9,empírico DS-6; mejor ρ de la rejilla
empirico,0.25,1e-06,0.408243,1000,1,1000,0.0001,SI,0.1,1019,3.15259e+07,F (viabilidad T_v>F),honesto,3.15249e+07,1111.9,empírico DS-6; mejor ρ de la rejilla
empirico,0.33,1e-06,0.252169,1000,1,1000,0.0001,SI,0.1,1019,3.15259e+07,F (viabilidad T_v>F),honesto,3.15249e+07,1111.9,empírico DS-6; mejor ρ de la rejilla
empirico,0.4,1e-06,0.116094,1000,1,1000,0.0001,SI,0.1,1019,3.15259e+07,F (viabilidad T_v>F),honesto,3.15249e+07,1111.9,empírico DS-6; mejor ρ de la rejilla
empirico,0.2,1e-06,0.505619,1000,1,1000,0.001,SI,0.1,1019,3.1435e+06,F (viabilidad T_v>F),honesto,3.14248e+06,1111.9,empírico DS-6; mejor ρ de la rejilla
empirico,0.25,1e-06,0.408243,1000,1,1000,0.001,SI,0.1,1019,3.1435e+06,F (viabilidad T_v>F),honesto,3.14248e+06,1111.9,empírico DS-6; mejor ρ de la rejilla
empirico,0.33,1e-06,0.252169,1000,1,1000,0.001,SI,0.1,1019,3.1435e+06,F (viabilidad T_v>F),honesto,3.14248e+06,1111.9,empírico DS-6; mejor ρ de la rejilla
empirico,0.4,1e-06,0.116094,1000,1,1000,0.001,SI,0.1,1019,3.1435e+06,F (viabilidad T_v>F),honesto,3.14248e+06,1111.9,empírico DS-6; mejor ρ de la rejilla
empirico,0.2,1e-06,0.505619,1000,1,1000,0.01,SI,0.1,1019,305260,F (viabilidad T_v>F),honesto,304241,1111.9,empírico DS-6; mejor ρ de la rejilla
empirico,0.25,1e-06,0.408243,1000,1,1000,0.01,SI,0.1,1019,305260,F (viabilidad T_v>F),honesto,304241,1111.9,empírico DS-6; mejor ρ de la rejilla
empirico,0.33,1e-06,0.252169,1000,1,1000,0.01,SI,0.1,1019,305260,F (viabilidad T_v>F),honesto,304241,1111.9,empírico DS-6; mejor ρ de la rejilla
empirico,0.4,1e-06,0.116094,1000,1,1000,0.01,SI,0.1,1019,305260,F (viabilidad T_v>F),honesto,304241,1111.9,empírico DS-6; mejor ρ de la rejilla
empirico,0.2,1e-06,0.505619,1000,1,1000,0.1,SI,0.1,1019,21436,F (viabilidad T_v>F),honesto,20417,1111.9,empírico DS-6; mejor ρ de la rejilla
empirico,0.25,1e-06,0.408243,1000,1,1000,0.1,SI,0.1,1019,21436,F (viabilidad T_v>F),honesto,20417,1111.9,empírico DS-6; mejor ρ de la rejilla
empirico,0.33,1e-06,0.252169,1000,1,1000,0.1,SI,0.1,1019,21436,F (viabilidad T_v>F),honesto,20417,1111.9,empírico DS-6; mejor ρ de la rejilla
empirico,0.4,1e-06,0.116094,1000,1,1000,0.1,SI,0.1,1019,21436,F (viabilidad T_v>F),honesto,20417,1111.9,empírico DS-6; mejor ρ de la rejilla
empirico,0.2,1e-06,0.505619,1000,1,10000,0.0001,SI,0.1,1019,3.14359e+07,F (viabilidad T_v>F),honesto,3.14349e+07,10111.9,empírico DS-6; mejor ρ de la rejilla
empirico,0.25,1e-06,0.408243,1000,1,10000,0.0001,SI,0.1,1019,3.14359e+07,F (viabilidad T_v>F),honesto,3.14349e+07,10111.9,empírico DS-6; mejor ρ de la rejilla
empirico,0.33,1e-06,0.252169,1000,1,10000,0.0001,SI,0.1,1019,3.14359e+07,F (viabilidad T_v>F),honesto,3.14349e+07,10111.9,empírico DS-6; mejor ρ de la rejilla
empirico,0.4,1e-06,0.116094,1000,1,10000,0.0001,SI,0.1,1019,3.14359e+07,F (viabilidad T_v>F),honesto,3.14349e+07,10111.9,empírico DS-6; mejor ρ de la rejilla
empirico,0.2,1e-06,0.505619,1000,1,10000,0.001,SI,0.1,1019,3.0535e+06,F (viabilidad T_v>F),honesto,3.05248e+06,10111.9,empírico DS-6; mejor ρ de la rejilla
empirico,0.25,1e-06,0.408243,1000,1,10000,0.001,SI,0.1,1019,3.0535e+06,F (viabilidad T_v>F),honesto,3.05248e+06,10111.9,empírico DS-6; mejor ρ de la rejilla
empirico,0.33,1e-06,0.252169,1000,1,10000,0.001,SI,0.1,1019,3.0535e+06,F (viabilidad T_v>F),honesto,3.05248e+06,10111.9,empírico DS-6; mejor ρ de la rejilla
empirico,0.4,1e-06,0.116094,1000,1,10000,0.001,SI,0.1,1019,3.0535e+06,F (viabilidad T_v>F),honesto,3.05248e+06,10111.9,empírico DS-6; mejor ρ de la rejilla
empirico,0.2,1e-06,0.505619,1000,1,10000,0.01,SI,0.1,1019,215260,F (viabilidad T_v>F),honesto,214241,10111.9,empírico DS-6; mejor ρ de la rejilla
empirico,0.25,1e-06,0.408243,1000,1,10000,0.01,SI,0.1,1019,215260,F (viabilidad T_v>F),honesto,214241,10111.9,empírico DS-6; mejor ρ de la rejilla
empirico,0.33,1e-06,0.252169,1000,1,10000,0.01,SI,0.1,1019,215260,F (viabilidad T_v>F),honesto,214241,10111.9,empírico DS-6; mejor ρ de la rejilla
empirico,0.4,1e-06,0.116094,1000,1,10000,0.01,SI,0.1,1019,215260,F (viabilidad T_v>F),honesto,214241,10111.9,empírico DS-6; mejor ρ de la rejilla
empirico,0.2,1e-06,0.505619,1000,1,10000,0.1,NO,NaN,NaN,NaN,—,—,-Inf,NaN,empírico DS-6; mejor ρ de la rejilla
empirico,0.25,1e-06,0.408243,1000,1,10000,0.1,NO,NaN,NaN,NaN,—,—,-Inf,NaN,empírico DS-6; mejor ρ de la rejilla
empirico,0.33,1e-06,0.252169,1000,1,10000,0.1,NO,NaN,NaN,NaN,—,—,-Inf,NaN,empírico DS-6; mejor ρ de la rejilla
empirico,0.4,1e-06,0.116094,1000,1,10000,0.1,NO,NaN,NaN,NaN,—,—,-Inf,NaN,empírico DS-6; mejor ρ de la rejilla
empirico,0.2,1e-06,0.505619,10000,0.25,20,0.0001,SI,0.1,1019,1.26143e+08,F (viabilidad T_v>F),honesto,1.26142e+08,40.475,empírico DS-6; mejor ρ de la rejilla
empirico,0.25,1e-06,0.408243,10000,0.25,20,0.0001,SI,0.1,1019,1.26143e+08,F (viabilidad T_v>F),honesto,1.26142e+08,40.475,empírico DS-6; mejor ρ de la rejilla
empirico,0.33,1e-06,0.252169,10000,0.25,20,0.0001,SI,0.1,1019,1.26143e+08,F (viabilidad T_v>F),honesto,1.26142e+08,40.475,empírico DS-6; mejor ρ de la rejilla
empirico,0.4,1e-06,0.116094,10000,0.25,20,0.0001,SI,0.1,1019,1.26143e+08,F (viabilidad T_v>F),honesto,1.26142e+08,40.475,empírico DS-6; mejor ρ de la rejilla
empirico,0.2,1e-06,0.505619,10000,0.25,20,0.001,SI,0.1,1019,1.26138e+07,F (viabilidad T_v>F),honesto,1.26128e+07,40.475,empírico DS-6; mejor ρ de la rejilla
empirico,0.25,1e-06,0.408243,10000,0.25,20,0.001,SI,0.1,1019,1.26138e+07,F (viabilidad T_v>F),honesto,1.26128e+07,40.475,empírico DS-6; mejor ρ de la rejilla
empirico,0.33,1e-06,0.252169,10000,0.25,20,0.001,SI,0.1,1019,1.26138e+07,F (viabilidad T_v>F),honesto,1.26128e+07,40.475,empírico DS-6; mejor ρ de la rejilla
empirico,0.4,1e-06,0.116094,10000,0.25,20,0.001,SI,0.1,1019,1.26138e+07,F (viabilidad T_v>F),honesto,1.26128e+07,40.475,empírico DS-6; mejor ρ de la rejilla
empirico,0.2,1e-06,0.505619,10000,0.25,20,0.01,SI,0.1,1019,1.26084e+06,F (viabilidad T_v>F),honesto,1.25982e+06,40.475,empírico DS-6; mejor ρ de la rejilla
empirico,0.25,1e-06,0.408243,10000,0.25,20,0.01,SI,0.1,1019,1.26084e+06,F (viabilidad T_v>F),honesto,1.25982e+06,40.475,empírico DS-6; mejor ρ de la rejilla
empirico,0.33,1e-06,0.252169,10000,0.25,20,0.01,SI,0.1,1019,1.26084e+06,F (viabilidad T_v>F),honesto,1.25982e+06,40.475,empírico DS-6; mejor ρ de la rejilla
empirico,0.4,1e-06,0.116094,10000,0.25,20,0.01,SI,0.1,1019,1.26084e+06,F (viabilidad T_v>F),honesto,1.25982e+06,40.475,empírico DS-6; mejor ρ de la rejilla
empirico,0.2,1e-06,0.505619,10000,0.25,20,0.1,SI,0.1,1019,125544,F (viabilidad T_v>F),honesto,124525,40.475,empírico DS-6; mejor ρ de la rejilla
empirico,0.25,1e-06,0.408243,10000,0.25,20,0.1,SI,0.1,1019,125544,F (viabilidad T_v>F),honesto,124525,40.475,empírico DS-6; mejor ρ de la rejilla
empirico,0.33,1e-06,0.252169,10000,0.25,20,0.1,SI,0.1,1019,125544,F (viabilidad T_v>F),honesto,124525,40.475,empírico DS-6; mejor ρ de la rejilla
empirico,0.4,1e-06,0.116094,10000,0.25,20,0.1,SI,0.1,1019,125544,F (viabilidad T_v>F),honesto,124525,40.475,empírico DS-6; mejor ρ de la rejilla
empirico,0.2,1e-06,0.505619,10000,0.25,100,0.0001,SI,0.1,1019,1.26143e+08,F (viabilidad T_v>F),honesto,1.26142e+08,60.475,empírico DS-6; mejor ρ de la rejilla
empirico,0.25,1e-06,0.408243,10000,0.25,100,0.0001,SI,0.1,1019,1.26143e+08,F (viabilidad T_v>F),honesto,1.26142e+08,60.475,empírico DS-6; mejor ρ de la rejilla
empirico,0.33,1e-06,0.252169,10000,0.25,100,0.0001,SI,0.1,1019,1.26143e+08,F (viabilidad T_v>F),honesto,1.26142e+08,60.475,empírico DS-6; mejor ρ de la rejilla
empirico,0.4,1e-06,0.116094,10000,0.25,100,0.0001,SI,0.1,1019,1.26143e+08,F (viabilidad T_v>F),honesto,1.26142e+08,60.475,empírico DS-6; mejor ρ de la rejilla
empirico,0.2,1e-06,0.505619,10000,0.25,100,0.001,SI,0.1,1019,1.2613e+07,F (viabilidad T_v>F),honesto,1.2612e+07,60.475,empírico DS-6; mejor ρ de la rejilla
empirico,0.25,1e-06,0.408243,10000,0.25,100,0.001,SI,0.1,1019,1.2613e+07,F (viabilidad T_v>F),honesto,1.2612e+07,60.475,empírico DS-6; mejor ρ de la rejilla
empirico,0.33,1e-06,0.252169,10000,0.25,100,0.001,SI,0.1,1019,1.2613e+07,F (viabilidad T_v>F),honesto,1.2612e+07,60.475,empírico DS-6; mejor ρ de la rejilla
empirico,0.4,1e-06,0.116094,10000,0.25,100,0.001,SI,0.1,1019,1.2613e+07,F (viabilidad T_v>F),honesto,1.2612e+07,60.475,empírico DS-6; mejor ρ de la rejilla
empirico,0.2,1e-06,0.505619,10000,0.25,100,0.01,SI,0.1,1019,1.26004e+06,F (viabilidad T_v>F),honesto,1.25902e+06,60.475,empírico DS-6; mejor ρ de la rejilla
empirico,0.25,1e-06,0.408243,10000,0.25,100,0.01,SI,0.1,1019,1.26004e+06,F (viabilidad T_v>F),honesto,1.25902e+06,60.475,empírico DS-6; mejor ρ de la rejilla
empirico,0.33,1e-06,0.252169,10000,0.25,100,0.01,SI,0.1,1019,1.26004e+06,F (viabilidad T_v>F),honesto,1.25902e+06,60.475,empírico DS-6; mejor ρ de la rejilla
empirico,0.4,1e-06,0.116094,10000,0.25,100,0.01,SI,0.1,1019,1.26004e+06,F (viabilidad T_v>F),honesto,1.25902e+06,60.475,empírico DS-6; mejor ρ de la rejilla
empirico,0.2,1e-06,0.505619,10000,0.25,100,0.1,SI,0.1,1019,124744,F (viabilidad T_v>F),honesto,123725,60.475,empírico DS-6; mejor ρ de la rejilla
empirico,0.25,1e-06,0.408243,10000,0.25,100,0.1,SI,0.1,1019,124744,F (viabilidad T_v>F),honesto,123725,60.475,empírico DS-6; mejor ρ de la rejilla
empirico,0.33,1e-06,0.252169,10000,0.25,100,0.1,SI,0.1,1019,124744,F (viabilidad T_v>F),honesto,123725,60.475,empírico DS-6; mejor ρ de la rejilla
empirico,0.4,1e-06,0.116094,10000,0.25,100,0.1,SI,0.1,1019,124744,F (viabilidad T_v>F),honesto,123725,60.475,empírico DS-6; mejor ρ de la rejilla
empirico,0.2,1e-06,0.505619,10000,0.25,1000,0.0001,SI,0.1,1019,1.26134e+08,F (viabilidad T_v>F),honesto,1.26133e+08,285.475,empírico DS-6; mejor ρ de la rejilla
empirico,0.25,1e-06,0.408243,10000,0.25,1000,0.0001,SI,0.1,1019,1.26134e+08,F (viabilidad T_v>F),honesto,1.26133e+08,285.475,empírico DS-6; mejor ρ de la rejilla
empirico,0.33,1e-06,0.252169,10000,0.25,1000,0.0001,SI,0.1,1019,1.26134e+08,F (viabilidad T_v>F),honesto,1.26133e+08,285.475,empírico DS-6; mejor ρ de la rejilla
empirico,0.4,1e-06,0.116094,10000,0.25,1000,0.0001,SI,0.1,1019,1.26134e+08,F (viabilidad T_v>F),honesto,1.26133e+08,285.475,empírico DS-6; mejor ρ de la rejilla
empirico,0.2,1e-06,0.505619,10000,0.25,1000,0.001,SI,0.1,1019,1.2604e+07,F (viabilidad T_v>F),honesto,1.2603e+07,285.475,empírico DS-6; mejor ρ de la rejilla
empirico,0.25,1e-06,0.408243,10000,0.25,1000,0.001,SI,0.1,1019,1.2604e+07,F (viabilidad T_v>F),honesto,1.2603e+07,285.475,empírico DS-6; mejor ρ de la rejilla
empirico,0.33,1e-06,0.252169,10000,0.25,1000,0.001,SI,0.1,1019,1.2604e+07,F (viabilidad T_v>F),honesto,1.2603e+07,285.475,empírico DS-6; mejor ρ de la rejilla
empirico,0.4,1e-06,0.116094,10000,0.25,1000,0.001,SI,0.1,1019,1.2604e+07,F (viabilidad T_v>F),honesto,1.2603e+07,285.475,empírico DS-6; mejor ρ de la rejilla
empirico,0.2,1e-06,0.505619,10000,0.25,1000,0.01,SI,0.1,1019,1.25104e+06,F (viabilidad T_v>F),honesto,1.25002e+06,285.475,empírico DS-6; mejor ρ de la rejilla
empirico,0.25,1e-06,0.408243,10000,0.25,1000,0.01,SI,0.1,1019,1.25104e+06,F (viabilidad T_v>F),honesto,1.25002e+06,285.475,empírico DS-6; mejor ρ de la rejilla
empirico,0.33,1e-06,0.252169,10000,0.25,1000,0.01,SI,0.1,1019,1.25104e+06,F (viabilidad T_v>F),honesto,1.25002e+06,285.475,empírico DS-6; mejor ρ de la rejilla
empirico,0.4,1e-06,0.116094,10000,0.25,1000,0.01,SI,0.1,1019,1.25104e+06,F (viabilidad T_v>F),honesto,1.25002e+06,285.475,empírico DS-6; mejor ρ de la rejilla
empirico,0.2,1e-06,0.505619,10000,0.25,1000,0.1,SI,0.1,1019,115744,F (viabilidad T_v>F),honesto,114725,285.475,empírico DS-6; mejor ρ de la rejilla
empirico,0.25,1e-06,0.408243,10000,0.25,1000,0.1,SI,0.1,1019,115744,F (viabilidad T_v>F),honesto,114725,285.475,empírico DS-6; mejor ρ de la rejilla
empirico,0.33,1e-06,0.252169,10000,0.25,1000,0.1,SI,0.1,1019,115744,F (viabilidad T_v>F),honesto,114725,285.475,empírico DS-6; mejor ρ de la rejilla
empirico,0.4,1e-06,0.116094,10000,0.25,1000,0.1,SI,0.1,1019,115744,F (viabilidad T_v>F),honesto,114725,285.475,empírico DS-6; mejor ρ de la rejilla
empirico,0.2,1e-06,0.505619,10000,0.25,10000,0.0001,SI,0.1,1019,1.26044e+08,F (viabilidad T_v>F),honesto,1.26043e+08,2535.47,empírico DS-6; mejor ρ de la rejilla
empirico,0.25,1e-06,0.408243,10000,0.25,10000,0.0001,SI,0.1,1019,1.26044e+08,F (viabilidad T_v>F),honesto,1.26043e+08,2535.47,empírico DS-6; mejor ρ de la rejilla
empirico,0.33,1e-06,0.252169,10000,0.25,10000,0.0001,SI,0.1,1019,1.26044e+08,F (viabilidad T_v>F),honesto,1.26043e+08,2535.47,empírico DS-6; mejor ρ de la rejilla
empirico,0.4,1e-06,0.116094,10000,0.25,10000,0.0001,SI,0.1,1019,1.26044e+08,F (viabilidad T_v>F),honesto,1.26043e+08,2535.47,empírico DS-6; mejor ρ de la rejilla
empirico,0.2,1e-06,0.505619,10000,0.25,10000,0.001,SI,0.1,1019,1.2514e+07,F (viabilidad T_v>F),honesto,1.2513e+07,2535.47,empírico DS-6; mejor ρ de la rejilla
empirico,0.25,1e-06,0.408243,10000,0.25,10000,0.001,SI,0.1,1019,1.2514e+07,F (viabilidad T_v>F),honesto,1.2513e+07,2535.47,empírico DS-6; mejor ρ de la rejilla
empirico,0.33,1e-06,0.252169,10000,0.25,10000,0.001,SI,0.1,1019,1.2514e+07,F (viabilidad T_v>F),honesto,1.2513e+07,2535.47,empírico DS-6; mejor ρ de la rejilla
empirico,0.4,1e-06,0.116094,10000,0.25,10000,0.001,SI,0.1,1019,1.2514e+07,F (viabilidad T_v>F),honesto,1.2513e+07,2535.47,empírico DS-6; mejor ρ de la rejilla
empirico,0.2,1e-06,0.505619,10000,0.25,10000,0.01,SI,0.1,1019,1.16104e+06,F (viabilidad T_v>F),honesto,1.16002e+06,2535.47,empírico DS-6; mejor ρ de la rejilla
empirico,0.25,1e-06,0.408243,10000,0.25,10000,0.01,SI,0.1,1019,1.16104e+06,F (viabilidad T_v>F),honesto,1.16002e+06,2535.47,empírico DS-6; mejor ρ de la rejilla
empirico,0.33,1e-06,0.252169,10000,0.25,10000,0.01,SI,0.1,1019,1.16104e+06,F (viabilidad T_v>F),honesto,1.16002e+06,2535.47,empírico DS-6; mejor ρ de la rejilla
empirico,0.4,1e-06,0.116094,10000,0.25,10000,0.01,SI,0.1,1019,1.16104e+06,F (viabilidad T_v>F),honesto,1.16002e+06,2535.47,empírico DS-6; mejor ρ de la rejilla
empirico,0.2,1e-06,0.505619,10000,0.25,10000,0.1,SI,0.1,1019,25744,F (viabilidad T_v>F),honesto,24725,2535.47,empírico DS-6; mejor ρ de la rejilla
empirico,0.25,1e-06,0.408243,10000,0.25,10000,0.1,SI,0.1,1019,25744,F (viabilidad T_v>F),honesto,24725,2535.47,empírico DS-6; mejor ρ de la rejilla
empirico,0.33,1e-06,0.252169,10000,0.25,10000,0.1,SI,0.1,1019,25744,F (viabilidad T_v>F),honesto,24725,2535.47,empírico DS-6; mejor ρ de la rejilla
empirico,0.4,1e-06,0.116094,10000,0.25,10000,0.1,SI,0.1,1019,25744,F (viabilidad T_v>F),honesto,24725,2535.47,empírico DS-6; mejor ρ de la rejilla
empirico,0.2,1e-06,0.505619,10000,0.5,20,0.0001,SI,0.1,1019,6.30716e+07,F (viabilidad T_v>F),honesto,6.30706e+07,70.95,empírico DS-6; mejor ρ de la rejilla
empirico,0.25,1e-06,0.408243,10000,0.5,20,0.0001,SI,0.1,1019,6.30716e+07,F (viabilidad T_v>F),honesto,6.30706e+07,70.95,empírico DS-6; mejor ρ de la rejilla
empirico,0.33,1e-06,0.252169,10000,0.5,20,0.0001,SI,0.1,1019,6.30716e+07,F (viabilidad T_v>F),honesto,6.30706e+07,70.95,empírico DS-6; mejor ρ de la rejilla
empirico,0.4,1e-06,0.116094,10000,0.5,20,0.0001,SI,0.1,1019,6.30716e+07,F (viabilidad T_v>F),honesto,6.30706e+07,70.95,empírico DS-6; mejor ρ de la rejilla
empirico,0.2,1e-06,0.505619,10000,0.5,20,0.001,SI,0.1,1019,6.3068e+06,F (viabilidad T_v>F),honesto,6.30578e+06,70.95,empírico DS-6; mejor ρ de la rejilla
empirico,0.25,1e-06,0.408243,10000,0.5,20,0.001,SI,0.1,1019,6.3068e+06,F (viabilidad T_v>F),honesto,6.30578e+06,70.95,empírico DS-6; mejor ρ de la rejilla
empirico,0.33,1e-06,0.252169,10000,0.5,20,0.001,SI,0.1,1019,6.3068e+06,F (viabilidad T_v>F),honesto,6.30578e+06,70.95,empírico DS-6; mejor ρ de la rejilla
empirico,0.4,1e-06,0.116094,10000,0.5,20,0.001,SI,0.1,1019,6.3068e+06,F (viabilidad T_v>F),honesto,6.30578e+06,70.95,empírico DS-6; mejor ρ de la rejilla
empirico,0.2,1e-06,0.505619,10000,0.5,20,0.01,SI,0.1,1019,630320,F (viabilidad T_v>F),honesto,629301,70.95,empírico DS-6; mejor ρ de la rejilla
empirico,0.25,1e-06,0.408243,10000,0.5,20,0.01,SI,0.1,1019,630320,F (viabilidad T_v>F),honesto,629301,70.95,empírico DS-6; mejor ρ de la rejilla
empirico,0.33,1e-06,0.252169,10000,0.5,20,0.01,SI,0.1,1019,630320,F (viabilidad T_v>F),honesto,629301,70.95,empírico DS-6; mejor ρ de la rejilla
empirico,0.4,1e-06,0.116094,10000,0.5,20,0.01,SI,0.1,1019,630320,F (viabilidad T_v>F),honesto,629301,70.95,empírico DS-6; mejor ρ de la rejilla
empirico,0.2,1e-06,0.505619,10000,0.5,20,0.1,SI,0.1,1019,62672,F (viabilidad T_v>F),honesto,61653,70.95,empírico DS-6; mejor ρ de la rejilla
empirico,0.25,1e-06,0.408243,10000,0.5,20,0.1,SI,0.1,1019,62672,F (viabilidad T_v>F),honesto,61653,70.95,empírico DS-6; mejor ρ de la rejilla
empirico,0.33,1e-06,0.252169,10000,0.5,20,0.1,SI,0.1,1019,62672,F (viabilidad T_v>F),honesto,61653,70.95,empírico DS-6; mejor ρ de la rejilla
empirico,0.4,1e-06,0.116094,10000,0.5,20,0.1,SI,0.1,1019,62672,F (viabilidad T_v>F),honesto,61653,70.95,empírico DS-6; mejor ρ de la rejilla
empirico,0.2,1e-06,0.505619,10000,0.5,100,0.0001,SI,0.1,1019,6.30708e+07,F (viabilidad T_v>F),honesto,6.30698e+07,110.95,empírico DS-6; mejor ρ de la rejilla
empirico,0.25,1e-06,0.408243,10000,0.5,100,0.0001,SI,0.1,1019,6.30708e+07,F (viabilidad T_v>F),honesto,6.30698e+07,110.95,empírico DS-6; mejor ρ de la rejilla
empirico,0.33,1e-06,0.252169,10000,0.5,100,0.0001,SI,0.1,1019,6.30708e+07,F (viabilidad T_v>F),honesto,6.30698e+07,110.95,empírico DS-6; mejor ρ de la rejilla
empirico,0.4,1e-06,0.116094,10000,0.5,100,0.0001,SI,0.1,1019,6.30708e+07,F (viabilidad T_v>F),honesto,6.30698e+07,110.95,empírico DS-6; mejor ρ de la rejilla
empirico,0.2,1e-06,0.505619,10000,0.5,100,0.001,SI,0.1,1019,6.306e+06,F (viabilidad T_v>F),honesto,6.30498e+06,110.95,empírico DS-6; mejor ρ de la rejilla
empirico,0.25,1e-06,0.408243,10000,0.5,100,0.001,SI,0.1,1019,6.306e+06,F (viabilidad T_v>F),honesto,6.30498e+06,110.95,empírico DS-6; mejor ρ de la rejilla
empirico,0.33,1e-06,0.252169,10000,0.5,100,0.001,SI,0.1,1019,6.306e+06,F (viabilidad T_v>F),honesto,6.30498e+06,110.95,empírico DS-6; mejor ρ de la rejilla
empirico,0.4,1e-06,0.116094,10000,0.5,100,0.001,SI,0.1,1019,6.306e+06,F (viabilidad T_v>F),honesto,6.30498e+06,110.95,empírico DS-6; mejor ρ de la rejilla
empirico,0.2,1e-06,0.505619,10000,0.5,100,0.01,SI,0.1,1019,629520,F (viabilidad T_v>F),honesto,628501,110.95,empírico DS-6; mejor ρ de la rejilla
empirico,0.25,1e-06,0.408243,10000,0.5,100,0.01,SI,0.1,1019,629520,F (viabilidad T_v>F),honesto,628501,110.95,empírico DS-6; mejor ρ de la rejilla
empirico,0.33,1e-06,0.252169,10000,0.5,100,0.01,SI,0.1,1019,629520,F (viabilidad T_v>F),honesto,628501,110.95,empírico DS-6; mejor ρ de la rejilla
empirico,0.4,1e-06,0.116094,10000,0.5,100,0.01,SI,0.1,1019,629520,F (viabilidad T_v>F),honesto,628501,110.95,empírico DS-6; mejor ρ de la rejilla
empirico,0.2,1e-06,0.505619,10000,0.5,100,0.1,SI,0.1,1019,61872,F (viabilidad T_v>F),honesto,60853,110.95,empírico DS-6; mejor ρ de la rejilla
empirico,0.25,1e-06,0.408243,10000,0.5,100,0.1,SI,0.1,1019,61872,F (viabilidad T_v>F),honesto,60853,110.95,empírico DS-6; mejor ρ de la rejilla
empirico,0.33,1e-06,0.252169,10000,0.5,100,0.1,SI,0.1,1019,61872,F (viabilidad T_v>F),honesto,60853,110.95,empírico DS-6; mejor ρ de la rejilla
empirico,0.4,1e-06,0.116094,10000,0.5,100,0.1,SI,0.1,1019,61872,F (viabilidad T_v>F),honesto,60853,110.95,empírico DS-6; mejor ρ de la rejilla
empirico,0.2,1e-06,0.505619,10000,0.5,1000,0.0001,SI,0.1,1019,6.30618e+07,F (viabilidad T_v>F),honesto,6.30608e+07,560.95,empírico DS-6; mejor ρ de la rejilla
empirico,0.25,1e-06,0.408243,10000,0.5,1000,0.0001,SI,0.1,1019,6.30618e+07,F (viabilidad T_v>F),honesto,6.30608e+07,560.95,empírico DS-6; mejor ρ de la rejilla
empirico,0.33,1e-06,0.252169,10000,0.5,1000,0.0001,SI,0.1,1019,6.30618e+07,F (viabilidad T_v>F),honesto,6.30608e+07,560.95,empírico DS-6; mejor ρ de la rejilla
empirico,0.4,1e-06,0.116094,10000,0.5,1000,0.0001,SI,0.1,1019,6.30618e+07,F (viabilidad T_v>F),honesto,6.30608e+07,560.95,empírico DS-6; mejor ρ de la rejilla
empirico,0.2,1e-06,0.505619,10000,0.5,1000,0.001,SI,0.1,1019,6.297e+06,F (viabilidad T_v>F),honesto,6.29598e+06,560.95,empírico DS-6; mejor ρ de la rejilla
empirico,0.25,1e-06,0.408243,10000,0.5,1000,0.001,SI,0.1,1019,6.297e+06,F (viabilidad T_v>F),honesto,6.29598e+06,560.95,empírico DS-6; mejor ρ de la rejilla
empirico,0.33,1e-06,0.252169,10000,0.5,1000,0.001,SI,0.1,1019,6.297e+06,F (viabilidad T_v>F),honesto,6.29598e+06,560.95,empírico DS-6; mejor ρ de la rejilla
empirico,0.4,1e-06,0.116094,10000,0.5,1000,0.001,SI,0.1,1019,6.297e+06,F (viabilidad T_v>F),honesto,6.29598e+06,560.95,empírico DS-6; mejor ρ de la rejilla
empirico,0.2,1e-06,0.505619,10000,0.5,1000,0.01,SI,0.1,1019,620520,F (viabilidad T_v>F),honesto,619501,560.95,empírico DS-6; mejor ρ de la rejilla
empirico,0.25,1e-06,0.408243,10000,0.5,1000,0.01,SI,0.1,1019,620520,F (viabilidad T_v>F),honesto,619501,560.95,empírico DS-6; mejor ρ de la rejilla
empirico,0.33,1e-06,0.252169,10000,0.5,1000,0.01,SI,0.1,1019,620520,F (viabilidad T_v>F),honesto,619501,560.95,empírico DS-6; mejor ρ de la rejilla
empirico,0.4,1e-06,0.116094,10000,0.5,1000,0.01,SI,0.1,1019,620520,F (viabilidad T_v>F),honesto,619501,560.95,empírico DS-6; mejor ρ de la rejilla
empirico,0.2,1e-06,0.505619,10000,0.5,1000,0.1,SI,0.1,1019,52872,F (viabilidad T_v>F),honesto,51853,560.95,empírico DS-6; mejor ρ de la rejilla
empirico,0.25,1e-06,0.408243,10000,0.5,1000,0.1,SI,0.1,1019,52872,F (viabilidad T_v>F),honesto,51853,560.95,empírico DS-6; mejor ρ de la rejilla
empirico,0.33,1e-06,0.252169,10000,0.5,1000,0.1,SI,0.1,1019,52872,F (viabilidad T_v>F),honesto,51853,560.95,empírico DS-6; mejor ρ de la rejilla
empirico,0.4,1e-06,0.116094,10000,0.5,1000,0.1,SI,0.1,1019,52872,F (viabilidad T_v>F),honesto,51853,560.95,empírico DS-6; mejor ρ de la rejilla
empirico,0.2,1e-06,0.505619,10000,0.5,10000,0.0001,SI,0.1,1019,6.29718e+07,F (viabilidad T_v>F),honesto,6.29708e+07,5060.95,empírico DS-6; mejor ρ de la rejilla
empirico,0.25,1e-06,0.408243,10000,0.5,10000,0.0001,SI,0.1,1019,6.29718e+07,F (viabilidad T_v>F),honesto,6.29708e+07,5060.95,empírico DS-6; mejor ρ de la rejilla
empirico,0.33,1e-06,0.252169,10000,0.5,10000,0.0001,SI,0.1,1019,6.29718e+07,F (viabilidad T_v>F),honesto,6.29708e+07,5060.95,empírico DS-6; mejor ρ de la rejilla
empirico,0.4,1e-06,0.116094,10000,0.5,10000,0.0001,SI,0.1,1019,6.29718e+07,F (viabilidad T_v>F),honesto,6.29708e+07,5060.95,empírico DS-6; mejor ρ de la rejilla
empirico,0.2,1e-06,0.505619,10000,0.5,10000,0.001,SI,0.1,1019,6.207e+06,F (viabilidad T_v>F),honesto,6.20598e+06,5060.95,empírico DS-6; mejor ρ de la rejilla
empirico,0.25,1e-06,0.408243,10000,0.5,10000,0.001,SI,0.1,1019,6.207e+06,F (viabilidad T_v>F),honesto,6.20598e+06,5060.95,empírico DS-6; mejor ρ de la rejilla
empirico,0.33,1e-06,0.252169,10000,0.5,10000,0.001,SI,0.1,1019,6.207e+06,F (viabilidad T_v>F),honesto,6.20598e+06,5060.95,empírico DS-6; mejor ρ de la rejilla
empirico,0.4,1e-06,0.116094,10000,0.5,10000,0.001,SI,0.1,1019,6.207e+06,F (viabilidad T_v>F),honesto,6.20598e+06,5060.95,empírico DS-6; mejor ρ de la rejilla
empirico,0.2,1e-06,0.505619,10000,0.5,10000,0.01,SI,0.1,1019,530520,F (viabilidad T_v>F),honesto,529501,5060.95,empírico DS-6; mejor ρ de la rejilla
empirico,0.25,1e-06,0.408243,10000,0.5,10000,0.01,SI,0.1,1019,530520,F (viabilidad T_v>F),honesto,529501,5060.95,empírico DS-6; mejor ρ de la rejilla
empirico,0.33,1e-06,0.252169,10000,0.5,10000,0.01,SI,0.1,1019,530520,F (viabilidad T_v>F),honesto,529501,5060.95,empírico DS-6; mejor ρ de la rejilla
empirico,0.4,1e-06,0.116094,10000,0.5,10000,0.01,SI,0.1,1019,530520,F (viabilidad T_v>F),honesto,529501,5060.95,empírico DS-6; mejor ρ de la rejilla
empirico,0.2,1e-06,0.505619,10000,0.5,10000,0.1,NO,NaN,NaN,NaN,—,—,-Inf,NaN,empírico DS-6; mejor ρ de la rejilla
empirico,0.25,1e-06,0.408243,10000,0.5,10000,0.1,NO,NaN,NaN,NaN,—,—,-Inf,NaN,empírico DS-6; mejor ρ de la rejilla
empirico,0.33,1e-06,0.252169,10000,0.5,10000,0.1,NO,NaN,NaN,NaN,—,—,-Inf,NaN,empírico DS-6; mejor ρ de la rejilla
empirico,0.4,1e-06,0.116094,10000,0.5,10000,0.1,NO,NaN,NaN,NaN,—,—,-Inf,NaN,empírico DS-6; mejor ρ de la rejilla
empirico,0.2,1e-06,0.505619,10000,1,20,0.0001,SI,0.1,1019,3.15357e+07,F (viabilidad T_v>F),honesto,3.15347e+07,131.9,empírico DS-6; mejor ρ de la rejilla
empirico,0.25,1e-06,0.408243,10000,1,20,0.0001,SI,0.1,1019,3.15357e+07,F (viabilidad T_v>F),honesto,3.15347e+07,131.9,empírico DS-6; mejor ρ de la rejilla
empirico,0.33,1e-06,0.252169,10000,1,20,0.0001,SI,0.1,1019,3.15357e+07,F (viabilidad T_v>F),honesto,3.15347e+07,131.9,empírico DS-6; mejor ρ de la rejilla
empirico,0.4,1e-06,0.116094,10000,1,20,0.0001,SI,0.1,1019,3.15357e+07,F (viabilidad T_v>F),honesto,3.15347e+07,131.9,empírico DS-6; mejor ρ de la rejilla
empirico,0.2,1e-06,0.505619,10000,1,20,0.001,SI,0.1,1019,3.1533e+06,F (viabilidad T_v>F),honesto,3.15228e+06,131.9,empírico DS-6; mejor ρ de la rejilla
empirico,0.25,1e-06,0.408243,10000,1,20,0.001,SI,0.1,1019,3.1533e+06,F (viabilidad T_v>F),honesto,3.15228e+06,131.9,empírico DS-6; mejor ρ de la rejilla
empirico,0.33,1e-06,0.252169,10000,1,20,0.001,SI,0.1,1019,3.1533e+06,F (viabilidad T_v>F),honesto,3.15228e+06,131.9,empírico DS-6; mejor ρ de la rejilla
empirico,0.4,1e-06,0.116094,10000,1,20,0.001,SI,0.1,1019,3.1533e+06,F (viabilidad T_v>F),honesto,3.15228e+06,131.9,empírico DS-6; mejor ρ de la rejilla
empirico,0.2,1e-06,0.505619,10000,1,20,0.01,SI,0.1,1019,315060,F (viabilidad T_v>F),honesto,314041,131.9,empírico DS-6; mejor ρ de la rejilla
empirico,0.25,1e-06,0.408243,10000,1,20,0.01,SI,0.1,1019,315060,F (viabilidad T_v>F),honesto,314041,131.9,empírico DS-6; mejor ρ de la rejilla
empirico,0.33,1e-06,0.252169,10000,1,20,0.01,SI,0.1,1019,315060,F (viabilidad T_v>F),honesto,314041,131.9,empírico DS-6; mejor ρ de la rejilla
empirico,0.4,1e-06,0.116094,10000,1,20,0.01,SI,0.1,1019,315060,F (viabilidad T_v>F),honesto,314041,131.9,empírico DS-6; mejor ρ de la rejilla
empirico,0.2,1e-06,0.505619,10000,1,20,0.1,SI,0.1,1019,31236,F (viabilidad T_v>F),honesto,30217,131.9,empírico DS-6; mejor ρ de la rejilla
empirico,0.25,1e-06,0.408243,10000,1,20,0.1,SI,0.1,1019,31236,F (viabilidad T_v>F),honesto,30217,131.9,empírico DS-6; mejor ρ de la rejilla
empirico,0.33,1e-06,0.252169,10000,1,20,0.1,SI,0.1,1019,31236,F (viabilidad T_v>F),honesto,30217,131.9,empírico DS-6; mejor ρ de la rejilla
empirico,0.4,1e-06,0.116094,10000,1,20,0.1,SI,0.1,1019,31236,F (viabilidad T_v>F),honesto,30217,131.9,empírico DS-6; mejor ρ de la rejilla
empirico,0.2,1e-06,0.505619,10000,1,100,0.0001,SI,0.1,1019,3.15349e+07,F (viabilidad T_v>F),honesto,3.15339e+07,211.9,empírico DS-6; mejor ρ de la rejilla
empirico,0.25,1e-06,0.408243,10000,1,100,0.0001,SI,0.1,1019,3.15349e+07,F (viabilidad T_v>F),honesto,3.15339e+07,211.9,empírico DS-6; mejor ρ de la rejilla
empirico,0.33,1e-06,0.252169,10000,1,100,0.0001,SI,0.1,1019,3.15349e+07,F (viabilidad T_v>F),honesto,3.15339e+07,211.9,empírico DS-6; mejor ρ de la rejilla
empirico,0.4,1e-06,0.116094,10000,1,100,0.0001,SI,0.1,1019,3.15349e+07,F (viabilidad T_v>F),honesto,3.15339e+07,211.9,empírico DS-6; mejor ρ de la rejilla
empirico,0.2,1e-06,0.505619,10000,1,100,0.001,SI,0.1,1019,3.1525e+06,F (viabilidad T_v>F),honesto,3.15148e+06,211.9,empírico DS-6; mejor ρ de la rejilla
empirico,0.25,1e-06,0.408243,10000,1,100,0.001,SI,0.1,1019,3.1525e+06,F (viabilidad T_v>F),honesto,3.15148e+06,211.9,empírico DS-6; mejor ρ de la rejilla
empirico,0.33,1e-06,0.252169,10000,1,100,0.001,SI,0.1,1019,3.1525e+06,F (viabilidad T_v>F),honesto,3.15148e+06,211.9,empírico DS-6; mejor ρ de la rejilla
empirico,0.4,1e-06,0.116094,10000,1,100,0.001,SI,0.1,1019,3.1525e+06,F (viabilidad T_v>F),honesto,3.15148e+06,211.9,empírico DS-6; mejor ρ de la rejilla
empirico,0.2,1e-06,0.505619,10000,1,100,0.01,SI,0.1,1019,314260,F (viabilidad T_v>F),honesto,313241,211.9,empírico DS-6; mejor ρ de la rejilla
empirico,0.25,1e-06,0.408243,10000,1,100,0.01,SI,0.1,1019,314260,F (viabilidad T_v>F),honesto,313241,211.9,empírico DS-6; mejor ρ de la rejilla
empirico,0.33,1e-06,0.252169,10000,1,100,0.01,SI,0.1,1019,314260,F (viabilidad T_v>F),honesto,313241,211.9,empírico DS-6; mejor ρ de la rejilla
empirico,0.4,1e-06,0.116094,10000,1,100,0.01,SI,0.1,1019,314260,F (viabilidad T_v>F),honesto,313241,211.9,empírico DS-6; mejor ρ de la rejilla
empirico,0.2,1e-06,0.505619,10000,1,100,0.1,SI,0.1,1019,30436,F (viabilidad T_v>F),honesto,29417,211.9,empírico DS-6; mejor ρ de la rejilla
empirico,0.25,1e-06,0.408243,10000,1,100,0.1,SI,0.1,1019,30436,F (viabilidad T_v>F),honesto,29417,211.9,empírico DS-6; mejor ρ de la rejilla
empirico,0.33,1e-06,0.252169,10000,1,100,0.1,SI,0.1,1019,30436,F (viabilidad T_v>F),honesto,29417,211.9,empírico DS-6; mejor ρ de la rejilla
empirico,0.4,1e-06,0.116094,10000,1,100,0.1,SI,0.1,1019,30436,F (viabilidad T_v>F),honesto,29417,211.9,empírico DS-6; mejor ρ de la rejilla
empirico,0.2,1e-06,0.505619,10000,1,1000,0.0001,SI,0.1,1019,3.15259e+07,F (viabilidad T_v>F),honesto,3.15249e+07,1111.9,empírico DS-6; mejor ρ de la rejilla
empirico,0.25,1e-06,0.408243,10000,1,1000,0.0001,SI,0.1,1019,3.15259e+07,F (viabilidad T_v>F),honesto,3.15249e+07,1111.9,empírico DS-6; mejor ρ de la rejilla
empirico,0.33,1e-06,0.252169,10000,1,1000,0.0001,SI,0.1,1019,3.15259e+07,F (viabilidad T_v>F),honesto,3.15249e+07,1111.9,empírico DS-6; mejor ρ de la rejilla
empirico,0.4,1e-06,0.116094,10000,1,1000,0.0001,SI,0.1,1019,3.15259e+07,F (viabilidad T_v>F),honesto,3.15249e+07,1111.9,empírico DS-6; mejor ρ de la rejilla
empirico,0.2,1e-06,0.505619,10000,1,1000,0.001,SI,0.1,1019,3.1435e+06,F (viabilidad T_v>F),honesto,3.14248e+06,1111.9,empírico DS-6; mejor ρ de la rejilla
empirico,0.25,1e-06,0.408243,10000,1,1000,0.001,SI,0.1,1019,3.1435e+06,F (viabilidad T_v>F),honesto,3.14248e+06,1111.9,empírico DS-6; mejor ρ de la rejilla
empirico,0.33,1e-06,0.252169,10000,1,1000,0.001,SI,0.1,1019,3.1435e+06,F (viabilidad T_v>F),honesto,3.14248e+06,1111.9,empírico DS-6; mejor ρ de la rejilla
empirico,0.4,1e-06,0.116094,10000,1,1000,0.001,SI,0.1,1019,3.1435e+06,F (viabilidad T_v>F),honesto,3.14248e+06,1111.9,empírico DS-6; mejor ρ de la rejilla
empirico,0.2,1e-06,0.505619,10000,1,1000,0.01,SI,0.1,1019,305260,F (viabilidad T_v>F),honesto,304241,1111.9,empírico DS-6; mejor ρ de la rejilla
empirico,0.25,1e-06,0.408243,10000,1,1000,0.01,SI,0.1,1019,305260,F (viabilidad T_v>F),honesto,304241,1111.9,empírico DS-6; mejor ρ de la rejilla
empirico,0.33,1e-06,0.252169,10000,1,1000,0.01,SI,0.1,1019,305260,F (viabilidad T_v>F),honesto,304241,1111.9,empírico DS-6; mejor ρ de la rejilla
empirico,0.4,1e-06,0.116094,10000,1,1000,0.01,SI,0.1,1019,305260,F (viabilidad T_v>F),honesto,304241,1111.9,empírico DS-6; mejor ρ de la rejilla
empirico,0.2,1e-06,0.505619,10000,1,1000,0.1,SI,0.1,1019,21436,F (viabilidad T_v>F),honesto,20417,1111.9,empírico DS-6; mejor ρ de la rejilla
empirico,0.25,1e-06,0.408243,10000,1,1000,0.1,SI,0.1,1019,21436,F (viabilidad T_v>F),honesto,20417,1111.9,empírico DS-6; mejor ρ de la rejilla
empirico,0.33,1e-06,0.252169,10000,1,1000,0.1,SI,0.1,1019,21436,F (viabilidad T_v>F),honesto,20417,1111.9,empírico DS-6; mejor ρ de la rejilla
empirico,0.4,1e-06,0.116094,10000,1,1000,0.1,SI,0.1,1019,21436,F (viabilidad T_v>F),honesto,20417,1111.9,empírico DS-6; mejor ρ de la rejilla
empirico,0.2,1e-06,0.505619,10000,1,10000,0.0001,SI,0.1,1019,3.14359e+07,F (viabilidad T_v>F),honesto,3.14349e+07,10111.9,empírico DS-6; mejor ρ de la rejilla
empirico,0.25,1e-06,0.408243,10000,1,10000,0.0001,SI,0.1,1019,3.14359e+07,F (viabilidad T_v>F),honesto,3.14349e+07,10111.9,empírico DS-6; mejor ρ de la rejilla
empirico,0.33,1e-06,0.252169,10000,1,10000,0.0001,SI,0.1,1019,3.14359e+07,F (viabilidad T_v>F),honesto,3.14349e+07,10111.9,empírico DS-6; mejor ρ de la rejilla
empirico,0.4,1e-06,0.116094,10000,1,10000,0.0001,SI,0.1,1019,3.14359e+07,F (viabilidad T_v>F),honesto,3.14349e+07,10111.9,empírico DS-6; mejor ρ de la rejilla
empirico,0.2,1e-06,0.505619,10000,1,10000,0.001,SI,0.1,1019,3.0535e+06,F (viabilidad T_v>F),honesto,3.05248e+06,10111.9,empírico DS-6; mejor ρ de la rejilla
empirico,0.25,1e-06,0.408243,10000,1,10000,0.001,SI,0.1,1019,3.0535e+06,F (viabilidad T_v>F),honesto,3.05248e+06,10111.9,empírico DS-6; mejor ρ de la rejilla
empirico,0.33,1e-06,0.252169,10000,1,10000,0.001,SI,0.1,1019,3.0535e+06,F (viabilidad T_v>F),honesto,3.05248e+06,10111.9,empírico DS-6; mejor ρ de la rejilla
empirico,0.4,1e-06,0.116094,10000,1,10000,0.001,SI,0.1,1019,3.0535e+06,F (viabilidad T_v>F),honesto,3.05248e+06,10111.9,empírico DS-6; mejor ρ de la rejilla
empirico,0.2,1e-06,0.505619,10000,1,10000,0.01,SI,0.1,1019,215260,F (viabilidad T_v>F),honesto,214241,10111.9,empírico DS-6; mejor ρ de la rejilla
empirico,0.25,1e-06,0.408243,10000,1,10000,0.01,SI,0.1,1019,215260,F (viabilidad T_v>F),honesto,214241,10111.9,empírico DS-6; mejor ρ de la rejilla
empirico,0.33,1e-06,0.252169,10000,1,10000,0.01,SI,0.1,1019,215260,F (viabilidad T_v>F),honesto,214241,10111.9,empírico DS-6; mejor ρ de la rejilla
empirico,0.4,1e-06,0.116094,10000,1,10000,0.01,SI,0.1,1019,215260,F (viabilidad T_v>F),honesto,214241,10111.9,empírico DS-6; mejor ρ de la rejilla
empirico,0.2,1e-06,0.505619,10000,1,10000,0.1,NO,NaN,NaN,NaN,—,—,-Inf,NaN,empírico DS-6; mejor ρ de la rejilla
empirico,0.25,1e-06,0.408243,10000,1,10000,0.1,NO,NaN,NaN,NaN,—,—,-Inf,NaN,empírico DS-6; mejor ρ de la rejilla
empirico,0.33,1e-06,0.252169,10000,1,10000,0.1,NO,NaN,NaN,NaN,—,—,-Inf,NaN,empírico DS-6; mejor ρ de la rejilla
empirico,0.4,1e-06,0.116094,10000,1,10000,0.1,NO,NaN,NaN,NaN,—,—,-Inf,NaN,empírico DS-6; mejor ρ de la rejilla
empirico,0.2,1e-06,0.505619,100000,0.25,20,0.0001,SI,0.1,2639.54,1.26143e+08,A (disuasión),honesto,1.26141e+08,80.9884,empírico DS-6; mejor ρ de la rejilla
empirico,0.25,1e-06,0.408243,100000,0.25,20,0.0001,SI,0.1,3408.75,1.26143e+08,A (disuasión),honesto,1.2614e+08,100.219,empírico DS-6; mejor ρ de la rejilla
empirico,0.33,1e-06,0.252169,100000,0.25,20,0.0001,SI,0.1,5883.4,1.26143e+08,A (disuasión),honesto,1.26138e+08,162.085,empírico DS-6; mejor ρ de la rejilla
empirico,0.4,1e-06,0.116094,100000,0.25,20,0.0001,SI,0.1,13471,1.26143e+08,A (disuasión),honesto,1.2613e+08,351.775,empírico DS-6; mejor ρ de la rejilla
empirico,0.2,1e-06,0.505619,100000,0.25,20,0.001,SI,0.1,2639.54,1.26138e+07,A (disuasión),honesto,1.26112e+07,80.9884,empírico DS-6; mejor ρ de la rejilla
empirico,0.25,1e-06,0.408243,100000,0.25,20,0.001,SI,0.1,3408.75,1.26138e+07,A (disuasión),honesto,1.26104e+07,100.219,empírico DS-6; mejor ρ de la rejilla
empirico,0.33,1e-06,0.252169,100000,0.25,20,0.001,SI,0.1,5883.4,1.26138e+07,A (disuasión),honesto,1.26079e+07,162.085,empírico DS-6; mejor ρ de la rejilla
empirico,0.4,1e-06,0.116094,100000,0.25,20,0.001,SI,0.1,13471,1.26138e+07,A (disuasión),honesto,1.26003e+07,351.775,empírico DS-6; mejor ρ de la rejilla
empirico,0.2,1e-06,0.505619,100000,0.25,20,0.01,SI,0.1,2639.54,1.26084e+06,A (disuasión),honesto,1.2582e+06,80.9884,empírico DS-6; mejor ρ de la rejilla
empirico,0.25,1e-06,0.408243,100000,0.25,20,0.01,SI,0.1,3408.75,1.26084e+06,A (disuasión),honesto,1.25743e+06,100.219,empírico DS-6; mejor ρ de la rejilla
empirico,0.33,1e-06,0.252169,100000,0.25,20,0.01,SI,0.1,5883.4,1.26084e+06,A (disuasión),honesto,1.25496e+06,162.085,empírico DS-6; mejor ρ de la rejilla
empirico,0.4,1e-06,0.116094,100000,0.25,20,0.01,SI,0.1,13471,1.26084e+06,A (disuasión),honesto,1.24737e+06,351.775,empírico DS-6; mejor ρ de la rejilla
empirico,0.2,1e-06,0.505619,100000,0.25,20,0.1,SI,0.1,2639.54,125544,A (disuasión),honesto,122904,80.9884,empírico DS-6; mejor ρ de la rejilla
empirico,0.25,1e-06,0.408243,100000,0.25,20,0.1,SI,0.1,3408.75,125544,A (disuasión),honesto,122135,100.219,empírico DS-6; mejor ρ de la rejilla
empirico,0.33,1e-06,0.252169,100000,0.25,20,0.1,SI,0.1,5883.4,125544,A (disuasión),honesto,119661,162.085,empírico DS-6; mejor ρ de la rejilla
empirico,0.4,1e-06,0.116094,100000,0.25,20,0.1,SI,0.1,13471,125544,A (disuasión),honesto,112073,351.775,empírico DS-6; mejor ρ de la rejilla
empirico,0.2,1e-06,0.505619,100000,0.25,100,0.0001,SI,0.1,1852.36,1.26143e+08,A (disuasión),honesto,1.26141e+08,81.3089,empírico DS-6; mejor ρ de la rejilla
empirico,0.25,1e-06,0.408243,100000,0.25,100,0.0001,SI,0.1,2616.99,1.26143e+08,A (disuasión),honesto,1.2614e+08,100.425,empírico DS-6; mejor ρ de la rejilla
empirico,0.33,1e-06,0.252169,100000,0.25,100,0.0001,SI,0.1,5086.57,1.26143e+08,A (disuasión),honesto,1.26138e+08,162.164,empírico DS-6; mejor ρ de la rejilla
empirico,0.4,1e-06,0.116094,100000,0.25,100,0.0001,SI,0.1,12673.6,1.26143e+08,A (disuasión),honesto,1.2613e+08,351.84,empírico DS-6; mejor ρ de la rejilla
empirico,0.2,1e-06,0.505619,100000,0.25,100,0.001,SI,0.1,1852.35,1.2613e+07,A (disuasión),honesto,1.26111e+07,81.3089,empírico DS-6; mejor ρ de la rejilla
empirico,0.25,1e-06,0.408243,100000,0.25,100,0.001,SI,0.1,2616.99,1.2613e+07,A (disuasión),honesto,1.26104e+07,100.425,empírico DS-6; mejor ρ de la rejilla
empirico,0.33,1e-06,0.252169,100000,0.25,100,0.001,SI,0.1,5086.57,1.2613e+07,A (disuasión),honesto,1.26079e+07,162.164,empírico DS-6; mejor ρ de la rejilla
empirico,0.4,1e-06,0.116094,100000,0.25,100,0.001,SI,0.1,12673.6,1.2613e+07,A (disuasión),honesto,1.26003e+07,351.84,empírico DS-6; mejor ρ de la rejilla
empirico,0.2,1e-06,0.505619,100000,0.25,100,0.01,SI,0.1,1852.35,1.26004e+06,A (disuasión),honesto,1.25819e+06,81.3089,empírico DS-6; mejor ρ de la rejilla
empirico,0.25,1e-06,0.408243,100000,0.25,100,0.01,SI,0.1,2616.99,1.26004e+06,A (disuasión),honesto,1.25742e+06,100.425,empírico DS-6; mejor ρ de la rejilla
empirico,0.33,1e-06,0.252169,100000,0.25,100,0.01,SI,0.1,5086.57,1.26004e+06,A (disuasión),honesto,1.25495e+06,162.164,empírico DS-6; mejor ρ de la rejilla
empirico,0.4,1e-06,0.116094,100000,0.25,100,0.01,SI,0.1,12673.6,1.26004e+06,A (disuasión),honesto,1.24737e+06,351.84,empírico DS-6; mejor ρ de la rejilla
empirico,0.2,1e-06,0.505619,100000,0.25,100,0.1,SI,0.1,1852.36,124744,A (disuasión),honesto,122892,81.3089,empírico DS-6; mejor ρ de la rejilla
empirico,0.25,1e-06,0.408243,100000,0.25,100,0.1,SI,0.1,2616.99,124744,A (disuasión),honesto,122127,100.425,empírico DS-6; mejor ρ de la rejilla
empirico,0.33,1e-06,0.252169,100000,0.25,100,0.1,SI,0.1,5086.57,124744,A (disuasión),honesto,119657,162.164,empírico DS-6; mejor ρ de la rejilla
empirico,0.4,1e-06,0.116094,100000,0.25,100,0.1,SI,0.1,12673.6,124744,A (disuasión),honesto,112070,351.84,empírico DS-6; mejor ρ de la rejilla
empirico,0.2,1e-06,0.505619,100000,0.25,1000,0.0001,SI,0.1,1019,1.26134e+08,F (viabilidad T_v>F),honesto,1.26133e+08,285.475,empírico DS-6; mejor ρ de la rejilla
empirico,0.25,1e-06,0.408243,100000,0.25,1000,0.0001,SI,0.1,1019,1.26134e+08,F (viabilidad T_v>F),honesto,1.26133e+08,285.475,empírico DS-6; mejor ρ de la rejilla
empirico,0.33,1e-06,0.252169,100000,0.25,1000,0.0001,SI,0.1,1019,1.26134e+08,F (viabilidad T_v>F),honesto,1.26133e+08,285.475,empírico DS-6; mejor ρ de la rejilla
empirico,0.4,1e-06,0.116094,100000,0.25,1000,0.0001,SI,0.1,3801.5,1.26134e+08,A (disuasión),honesto,1.2613e+08,355.037,empírico DS-6; mejor ρ de la rejilla
empirico,0.2,1e-06,0.505619,100000,0.25,1000,0.001,SI,0.1,1019,1.2604e+07,F (viabilidad T_v>F),honesto,1.2603e+07,285.475,empírico DS-6; mejor ρ de la rejilla
empirico,0.25,1e-06,0.408243,100000,0.25,1000,0.001,SI,0.1,1019,1.2604e+07,F (viabilidad T_v>F),honesto,1.2603e+07,285.475,empírico DS-6; mejor ρ de la rejilla
empirico,0.33,1e-06,0.252169,100000,0.25,1000,0.001,SI,0.1,1019,1.2604e+07,F (viabilidad T_v>F),honesto,1.2603e+07,285.475,empírico DS-6; mejor ρ de la rejilla
empirico,0.4,1e-06,0.116094,100000,0.25,1000,0.001,SI,0.1,3801.5,1.2604e+07,A (disuasión),honesto,1.26002e+07,355.037,empírico DS-6; mejor ρ de la rejilla
empirico,0.2,1e-06,0.505619,100000,0.25,1000,0.01,SI,0.1,1019,1.25104e+06,F (viabilidad T_v>F),honesto,1.25002e+06,285.475,empírico DS-6; mejor ρ de la rejilla
empirico,0.25,1e-06,0.408243,100000,0.25,1000,0.01,SI,0.1,1019,1.25104e+06,F (viabilidad T_v>F),honesto,1.25002e+06,285.475,empírico DS-6; mejor ρ de la rejilla
empirico,0.33,1e-06,0.252169,100000,0.25,1000,0.01,SI,0.1,1019,1.25104e+06,F (viabilidad T_v>F),honesto,1.25002e+06,285.475,empírico DS-6; mejor ρ de la rejilla
empirico,0.4,1e-06,0.116094,100000,0.25,1000,0.01,SI,0.1,3801.5,1.25104e+06,A (disuasión),honesto,1.24724e+06,355.037,empírico DS-6; mejor ρ de la rejilla
empirico,0.2,1e-06,0.505619,100000,0.25,1000,0.1,SI,0.1,1019,115744,F (viabilidad T_v>F),honesto,114725,285.475,empírico DS-6; mejor ρ de la rejilla
empirico,0.25,1e-06,0.408243,100000,0.25,1000,0.1,SI,0.1,1019,115744,F (viabilidad T_v>F),honesto,114725,285.475,empírico DS-6; mejor ρ de la rejilla
empirico,0.33,1e-06,0.252169,100000,0.25,1000,0.1,SI,0.1,1019,115744,F (viabilidad T_v>F),honesto,114725,285.475,empírico DS-6; mejor ρ de la rejilla
empirico,0.4,1e-06,0.116094,100000,0.25,1000,0.1,SI,0.1,3801.5,115744,A (disuasión),honesto,111943,355.037,empírico DS-6; mejor ρ de la rejilla
empirico,0.2,1e-06,0.505619,100000,0.25,10000,0.0001,SI,0.1,1019,1.26044e+08,F (viabilidad T_v>F),honesto,1.26043e+08,2535.47,empírico DS-6; mejor ρ de la rejilla
empirico,0.25,1e-06,0.408243,100000,0.25,10000,0.0001,SI,0.1,1019,1.26044e+08,F (viabilidad T_v>F),honesto,1.26043e+08,2535.47,empírico DS-6; mejor ρ de la rejilla
empirico,0.33,1e-06,0.252169,100000,0.25,10000,0.0001,SI,0.1,1019,1.26044e+08,F (viabilidad T_v>F),honesto,1.26043e+08,2535.47,empírico DS-6; mejor ρ de la rejilla
empirico,0.4,1e-06,0.116094,100000,0.25,10000,0.0001,SI,0.1,1019,1.26044e+08,F (viabilidad T_v>F),honesto,1.26043e+08,2535.47,empírico DS-6; mejor ρ de la rejilla
empirico,0.2,1e-06,0.505619,100000,0.25,10000,0.001,SI,0.1,1019,1.2514e+07,F (viabilidad T_v>F),honesto,1.2513e+07,2535.47,empírico DS-6; mejor ρ de la rejilla
empirico,0.25,1e-06,0.408243,100000,0.25,10000,0.001,SI,0.1,1019,1.2514e+07,F (viabilidad T_v>F),honesto,1.2513e+07,2535.47,empírico DS-6; mejor ρ de la rejilla
empirico,0.33,1e-06,0.252169,100000,0.25,10000,0.001,SI,0.1,1019,1.2514e+07,F (viabilidad T_v>F),honesto,1.2513e+07,2535.47,empírico DS-6; mejor ρ de la rejilla
empirico,0.4,1e-06,0.116094,100000,0.25,10000,0.001,SI,0.1,1019,1.2514e+07,F (viabilidad T_v>F),honesto,1.2513e+07,2535.47,empírico DS-6; mejor ρ de la rejilla
empirico,0.2,1e-06,0.505619,100000,0.25,10000,0.01,SI,0.1,1019,1.16104e+06,F (viabilidad T_v>F),honesto,1.16002e+06,2535.47,empírico DS-6; mejor ρ de la rejilla
empirico,0.25,1e-06,0.408243,100000,0.25,10000,0.01,SI,0.1,1019,1.16104e+06,F (viabilidad T_v>F),honesto,1.16002e+06,2535.47,empírico DS-6; mejor ρ de la rejilla
empirico,0.33,1e-06,0.252169,100000,0.25,10000,0.01,SI,0.1,1019,1.16104e+06,F (viabilidad T_v>F),honesto,1.16002e+06,2535.47,empírico DS-6; mejor ρ de la rejilla
empirico,0.4,1e-06,0.116094,100000,0.25,10000,0.01,SI,0.1,1019,1.16104e+06,F (viabilidad T_v>F),honesto,1.16002e+06,2535.47,empírico DS-6; mejor ρ de la rejilla
empirico,0.2,1e-06,0.505619,100000,0.25,10000,0.1,SI,0.1,1019,25744,F (viabilidad T_v>F),honesto,24725,2535.47,empírico DS-6; mejor ρ de la rejilla
empirico,0.25,1e-06,0.408243,100000,0.25,10000,0.1,SI,0.1,1019,25744,F (viabilidad T_v>F),honesto,24725,2535.47,empírico DS-6; mejor ρ de la rejilla
empirico,0.33,1e-06,0.252169,100000,0.25,10000,0.1,SI,0.1,1019,25744,F (viabilidad T_v>F),honesto,24725,2535.47,empírico DS-6; mejor ρ de la rejilla
empirico,0.4,1e-06,0.116094,100000,0.25,10000,0.1,SI,0.1,1019,25744,F (viabilidad T_v>F),honesto,24725,2535.47,empírico DS-6; mejor ρ de la rejilla
empirico,0.2,1e-06,0.505619,100000,0.5,20,0.0001,SI,0.1,1220.88,6.30716e+07,A (disuasión),honesto,6.30704e+07,81.0441,empírico DS-6; mejor ρ de la rejilla
empirico,0.25,1e-06,0.408243,100000,0.5,20,0.0001,SI,0.1,1604.85,6.30716e+07,A (disuasión),honesto,6.307e+07,100.243,empírico DS-6; mejor ρ de la rejilla
empirico,0.33,1e-06,0.252169,100000,0.5,20,0.0001,SI,0.1,2842.15,6.30716e+07,A (disuasión),honesto,6.30688e+07,162.107,empírico DS-6; mejor ρ de la rejilla
empirico,0.4,1e-06,0.116094,100000,0.5,20,0.0001,SI,0.1,6635.87,6.30716e+07,A (disuasión),honesto,6.3065e+07,351.793,empírico DS-6; mejor ρ de la rejilla
empirico,0.2,1e-06,0.505619,100000,0.5,20,0.001,SI,0.1,1220.88,6.3068e+06,A (disuasión),honesto,6.30558e+06,81.0441,empírico DS-6; mejor ρ de la rejilla
empirico,0.25,1e-06,0.408243,100000,0.5,20,0.001,SI,0.1,1604.85,6.3068e+06,A (disuasión),honesto,6.3052e+06,100.243,empírico DS-6; mejor ρ de la rejilla
empirico,0.33,1e-06,0.252169,100000,0.5,20,0.001,SI,0.1,2842.15,6.3068e+06,A (disuasión),honesto,6.30396e+06,162.107,empírico DS-6; mejor ρ de la rejilla
empirico,0.4,1e-06,0.116094,100000,0.5,20,0.001,SI,0.1,6635.87,6.3068e+06,A (disuasión),honesto,6.30016e+06,351.794,empírico DS-6; mejor ρ de la rejilla
empirico,0.2,1e-06,0.505619,100000,0.5,20,0.01,SI,0.1,1220.88,630320,A (disuasión),honesto,629099,81.0441,empírico DS-6; mejor ρ de la rejilla
empirico,0.25,1e-06,0.408243,100000,0.5,20,0.01,SI,0.1,1604.85,630320,A (disuasión),honesto,628715,100.243,empírico DS-6; mejor ρ de la rejilla
empirico,0.33,1e-06,0.252169,100000,0.5,20,0.01,SI,0.1,2842.15,630320,A (disuasión),honesto,627478,162.107,empírico DS-6; mejor ρ de la rejilla
empirico,0.4,1e-06,0.116094,100000,0.5,20,0.01,SI,0.1,6635.87,630320,A (disuasión),honesto,623684,351.793,empírico DS-6; mejor ρ de la rejilla
empirico,0.2,1e-06,0.505619,100000,0.5,20,0.1,SI,0.1,1220.88,62672,A (disuasión),honesto,61451.1,81.044,empírico DS-6; mejor ρ de la rejilla
empirico,0.25,1e-06,0.408243,100000,0.5,20,0.1,SI,0.1,1604.85,62672,A (disuasión),honesto,61067.1,100.243,empírico DS-6; mejor ρ de la rejilla
empirico,0.33,1e-06,0.252169,100000,0.5,20,0.1,SI,0.1,2842.15,62672,A (disuasión),honesto,59829.9,162.107,empírico DS-6; mejor ρ de la rejilla
empirico,0.4,1e-06,0.116094,100000,0.5,20,0.1,SI,0.1,6635.87,62672,A (disuasión),honesto,56036.1,351.793,empírico DS-6; mejor ρ de la rejilla
empirico,0.2,1e-06,0.505619,100000,0.5,100,0.0001,SI,0.1,1019,6.30708e+07,F (viabilidad T_v>F),honesto,6.30698e+07,110.95,empírico DS-6; mejor ρ de la rejilla
empirico,0.25,1e-06,0.408243,100000,0.5,100,0.0001,SI,0.1,1019,6.30708e+07,F (viabilidad T_v>F),honesto,6.30698e+07,110.95,empírico DS-6; mejor ρ de la rejilla
empirico,0.33,1e-06,0.252169,100000,0.5,100,0.0001,SI,0.1,2048.18,6.30708e+07,A (disuasión),honesto,6.30688e+07,162.409,empírico DS-6; mejor ρ de la rejilla
empirico,0.4,1e-06,0.116094,100000,0.5,100,0.0001,SI,0.1,5837.4,6.30708e+07,A (disuasión),honesto,6.3065e+07,351.87,empírico DS-6; mejor ρ de la rejilla
empirico,0.2,1e-06,0.505619,100000,0.5,100,0.001,SI,0.1,1019,6.306e+06,F (viabilidad T_v>F),honesto,6.30498e+06,110.95,empírico DS-6; mejor ρ de la rejilla
empirico,0.25,1e-06,0.408243,100000,0.5,100,0.001,SI,0.1,1019,6.306e+06,F (viabilidad T_v>F),honesto,6.30498e+06,110.95,empírico DS-6; mejor ρ de la rejilla
empirico,0.33,1e-06,0.252169,100000,0.5,100,0.001,SI,0.1,2048.18,6.306e+06,A (disuasión),honesto,6.30395e+06,162.409,empírico DS-6; mejor ρ de la rejilla
empirico,0.4,1e-06,0.116094,100000,0.5,100,0.001,SI,0.1,5837.4,6.306e+06,A (disuasión),honesto,6.30016e+06,351.87,empírico DS-6; mejor ρ de la rejilla
empirico,0.2,1e-06,0.505619,100000,0.5,100,0.01,SI,0.1,1019,629520,F (viabilidad T_v>F),honesto,628501,110.95,empírico DS-6; mejor ρ de la rejilla
empirico,0.25,1e-06,0.408243,100000,0.5,100,0.01,SI,0.1,1019,629520,F (viabilidad T_v>F),honesto,628501,110.95,empírico DS-6; mejor ρ de la rejilla
empirico,0.33,1e-06,0.252169,100000,0.5,100,0.01,SI,0.1,2048.17,629520,A (disuasión),honesto,627472,162.409,empírico DS-6; mejor ρ de la rejilla
empirico,0.4,1e-06,0.116094,100000,0.5,100,0.01,SI,0.1,5837.4,629520,A (disuasión),honesto,623683,351.87,empírico DS-6; mejor ρ de la rejilla
empirico,0.2,1e-06,0.505619,100000,0.5,100,0.1,SI,0.1,1019,61872,F (viabilidad T_v>F),honesto,60853,110.95,empírico DS-6; mejor ρ de la rejilla
empirico,0.25,1e-06,0.408243,100000,0.5,100,0.1,SI,0.1,1019,61872,F (viabilidad T_v>F),honesto,60853,110.95,empírico DS-6; mejor ρ de la rejilla
empirico,0.33,1e-06,0.252169,100000,0.5,100,0.1,SI,0.1,2048.18,61872,A (disuasión),honesto,59823.8,162.409,empírico DS-6; mejor ρ de la rejilla
empirico,0.4,1e-06,0.116094,100000,0.5,100,0.1,SI,0.1,5837.4,61872,A (disuasión),honesto,56034.6,351.87,empírico DS-6; mejor ρ de la rejilla
empirico,0.2,1e-06,0.505619,100000,0.5,1000,0.0001,SI,0.1,1019,6.30618e+07,F (viabilidad T_v>F),honesto,6.30608e+07,560.95,empírico DS-6; mejor ρ de la rejilla
empirico,0.25,1e-06,0.408243,100000,0.5,1000,0.0001,SI,0.1,1019,6.30618e+07,F (viabilidad T_v>F),honesto,6.30608e+07,560.95,empírico DS-6; mejor ρ de la rejilla
empirico,0.33,1e-06,0.252169,100000,0.5,1000,0.0001,SI,0.1,1019,6.30618e+07,F (viabilidad T_v>F),honesto,6.30608e+07,560.95,empírico DS-6; mejor ρ de la rejilla
empirico,0.4,1e-06,0.116094,100000,0.5,1000,0.0001,SI,0.1,1019,6.30618e+07,F (viabilidad T_v>F),honesto,6.30608e+07,560.95,empírico DS-6; mejor ρ de la rejilla
empirico,0.2,1e-06,0.505619,100000,0.5,1000,0.001,SI,0.1,1019,6.297e+06,F (viabilidad T_v>F),honesto,6.29598e+06,560.95,empírico DS-6; mejor ρ de la rejilla
empirico,0.25,1e-06,0.408243,100000,0.5,1000,0.001,SI,0.1,1019,6.297e+06,F (viabilidad T_v>F),honesto,6.29598e+06,560.95,empírico DS-6; mejor ρ de la rejilla
empirico,0.33,1e-06,0.252169,100000,0.5,1000,0.001,SI,0.1,1019,6.297e+06,F (viabilidad T_v>F),honesto,6.29598e+06,560.95,empírico DS-6; mejor ρ de la rejilla
empirico,0.4,1e-06,0.116094,100000,0.5,1000,0.001,SI,0.1,1019,6.297e+06,F (viabilidad T_v>F),honesto,6.29598e+06,560.95,empírico DS-6; mejor ρ de la rejilla
empirico,0.2,1e-06,0.505619,100000,0.5,1000,0.01,SI,0.1,1019,620520,F (viabilidad T_v>F),honesto,619501,560.95,empírico DS-6; mejor ρ de la rejilla
empirico,0.25,1e-06,0.408243,100000,0.5,1000,0.01,SI,0.1,1019,620520,F (viabilidad T_v>F),honesto,619501,560.95,empírico DS-6; mejor ρ de la rejilla
empirico,0.33,1e-06,0.252169,100000,0.5,1000,0.01,SI,0.1,1019,620520,F (viabilidad T_v>F),honesto,619501,560.95,empírico DS-6; mejor ρ de la rejilla
empirico,0.4,1e-06,0.116094,100000,0.5,1000,0.01,SI,0.1,1019,620520,F (viabilidad T_v>F),honesto,619501,560.95,empírico DS-6; mejor ρ de la rejilla
empirico,0.2,1e-06,0.505619,100000,0.5,1000,0.1,SI,0.1,1019,52872,F (viabilidad T_v>F),honesto,51853,560.95,empírico DS-6; mejor ρ de la rejilla
empirico,0.25,1e-06,0.408243,100000,0.5,1000,0.1,SI,0.1,1019,52872,F (viabilidad T_v>F),honesto,51853,560.95,empírico DS-6; mejor ρ de la rejilla
empirico,0.33,1e-06,0.252169,100000,0.5,1000,0.1,SI,0.1,1019,52872,F (viabilidad T_v>F),honesto,51853,560.95,empírico DS-6; mejor ρ de la rejilla
empirico,0.4,1e-06,0.116094,100000,0.5,1000,0.1,SI,0.1,1019,52872,F (viabilidad T_v>F),honesto,51853,560.95,empírico DS-6; mejor ρ de la rejilla
empirico,0.2,1e-06,0.505619,100000,0.5,10000,0.0001,SI,0.1,1019,6.29718e+07,F (viabilidad T_v>F),honesto,6.29708e+07,5060.95,empírico DS-6; mejor ρ de la rejilla
empirico,0.25,1e-06,0.408243,100000,0.5,10000,0.0001,SI,0.1,1019,6.29718e+07,F (viabilidad T_v>F),honesto,6.29708e+07,5060.95,empírico DS-6; mejor ρ de la rejilla
empirico,0.33,1e-06,0.252169,100000,0.5,10000,0.0001,SI,0.1,1019,6.29718e+07,F (viabilidad T_v>F),honesto,6.29708e+07,5060.95,empírico DS-6; mejor ρ de la rejilla
empirico,0.4,1e-06,0.116094,100000,0.5,10000,0.0001,SI,0.1,1019,6.29718e+07,F (viabilidad T_v>F),honesto,6.29708e+07,5060.95,empírico DS-6; mejor ρ de la rejilla
empirico,0.2,1e-06,0.505619,100000,0.5,10000,0.001,SI,0.1,1019,6.207e+06,F (viabilidad T_v>F),honesto,6.20598e+06,5060.95,empírico DS-6; mejor ρ de la rejilla
empirico,0.25,1e-06,0.408243,100000,0.5,10000,0.001,SI,0.1,1019,6.207e+06,F (viabilidad T_v>F),honesto,6.20598e+06,5060.95,empírico DS-6; mejor ρ de la rejilla
empirico,0.33,1e-06,0.252169,100000,0.5,10000,0.001,SI,0.1,1019,6.207e+06,F (viabilidad T_v>F),honesto,6.20598e+06,5060.95,empírico DS-6; mejor ρ de la rejilla
empirico,0.4,1e-06,0.116094,100000,0.5,10000,0.001,SI,0.1,1019,6.207e+06,F (viabilidad T_v>F),honesto,6.20598e+06,5060.95,empírico DS-6; mejor ρ de la rejilla
empirico,0.2,1e-06,0.505619,100000,0.5,10000,0.01,SI,0.1,1019,530520,F (viabilidad T_v>F),honesto,529501,5060.95,empírico DS-6; mejor ρ de la rejilla
empirico,0.25,1e-06,0.408243,100000,0.5,10000,0.01,SI,0.1,1019,530520,F (viabilidad T_v>F),honesto,529501,5060.95,empírico DS-6; mejor ρ de la rejilla
empirico,0.33,1e-06,0.252169,100000,0.5,10000,0.01,SI,0.1,1019,530520,F (viabilidad T_v>F),honesto,529501,5060.95,empírico DS-6; mejor ρ de la rejilla
empirico,0.4,1e-06,0.116094,100000,0.5,10000,0.01,SI,0.1,1019,530520,F (viabilidad T_v>F),honesto,529501,5060.95,empírico DS-6; mejor ρ de la rejilla
empirico,0.2,1e-06,0.505619,100000,0.5,10000,0.1,NO,NaN,NaN,NaN,—,—,-Inf,NaN,empírico DS-6; mejor ρ de la rejilla
empirico,0.25,1e-06,0.408243,100000,0.5,10000,0.1,NO,NaN,NaN,NaN,—,—,-Inf,NaN,empírico DS-6; mejor ρ de la rejilla
empirico,0.33,1e-06,0.252169,100000,0.5,10000,0.1,NO,NaN,NaN,NaN,—,—,-Inf,NaN,empírico DS-6; mejor ρ de la rejilla
empirico,0.4,1e-06,0.116094,100000,0.5,10000,0.1,NO,NaN,NaN,NaN,—,—,-Inf,NaN,empírico DS-6; mejor ρ de la rejilla
empirico,0.2,1e-06,0.505619,100000,1,20,0.0001,SI,0.1,1019,3.15357e+07,F (viabilidad T_v>F),honesto,3.15347e+07,131.9,empírico DS-6; mejor ρ de la rejilla
empirico,0.25,1e-06,0.408243,100000,1,20,0.0001,SI,0.1,1019,3.15357e+07,F (viabilidad T_v>F),honesto,3.15347e+07,131.9,empírico DS-6; mejor ρ de la rejilla
empirico,0.33,1e-06,0.252169,100000,1,20,0.0001,SI,0.1,1321.49,3.15357e+07,A (disuasión),honesto,3.15344e+07,162.149,empírico DS-6; mejor ρ de la rejilla
empirico,0.4,1e-06,0.116094,100000,1,20,0.0001,SI,0.1,3218.4,3.15357e+07,A (disuasión),honesto,3.15325e+07,351.84,empírico DS-6; mejor ρ de la rejilla
empirico,0.2,1e-06,0.505619,100000,1,20,0.001,SI,0.1,1019,3.1533e+06,F (viabilidad T_v>F),honesto,3.15228e+06,131.9,empírico DS-6; mejor ρ de la rejilla
empirico,0.25,1e-06,0.408243,100000,1,20,0.001,SI,0.1,1019,3.1533e+06,F (viabilidad T_v>F),honesto,3.15228e+06,131.9,empírico DS-6; mejor ρ de la rejilla
empirico,0.33,1e-06,0.252169,100000,1,20,0.001,SI,0.1,1321.49,3.1533e+06,A (disuasión),honesto,3.15198e+06,162.149,empírico DS-6; mejor ρ de la rejilla
empirico,0.4,1e-06,0.116094,100000,1,20,0.001,SI,0.1,3218.4,3.1533e+06,A (disuasión),honesto,3.15008e+06,351.84,empírico DS-6; mejor ρ de la rejilla
empirico,0.2,1e-06,0.505619,100000,1,20,0.01,SI,0.1,1019,315060,F (viabilidad T_v>F),honesto,314041,131.9,empírico DS-6; mejor ρ de la rejilla
empirico,0.25,1e-06,0.408243,100000,1,20,0.01,SI,0.1,1019,315060,F (viabilidad T_v>F),honesto,314041,131.9,empírico DS-6; mejor ρ de la rejilla
empirico,0.33,1e-06,0.252169,100000,1,20,0.01,SI,0.1,1321.49,315060,A (disuasión),honesto,313739,162.149,empírico DS-6; mejor ρ de la rejilla
empirico,0.4,1e-06,0.116094,100000,1,20,0.01,SI,0.1,3218.4,315060,A (disuasión),honesto,311842,351.84,empírico DS-6; mejor ρ de la rejilla
empirico,0.2,1e-06,0.505619,100000,1,20,0.1,SI,0.1,1019,31236,F (viabilidad T_v>F),honesto,30217,131.9,empírico DS-6; mejor ρ de la rejilla
empirico,0.25,1e-06,0.408243,100000,1,20,0.1,SI,0.1,1019,31236,F (viabilidad T_v>F),honesto,30217,131.9,empírico DS-6; mejor ρ de la rejilla
empirico,0.33,1e-06,0.252169,100000,1,20,0.1,SI,0.1,1321.49,31236,A (disuasión),honesto,29914.5,162.149,empírico DS-6; mejor ρ de la rejilla
empirico,0.4,1e-06,0.116094,100000,1,20,0.1,SI,0.1,3218.4,31236,A (disuasión),honesto,28017.6,351.84,empírico DS-6; mejor ρ de la rejilla
empirico,0.2,1e-06,0.505619,100000,1,100,0.0001,SI,0.1,1019,3.15349e+07,F (viabilidad T_v>F),honesto,3.15339e+07,211.9,empírico DS-6; mejor ρ de la rejilla
empirico,0.25,1e-06,0.408243,100000,1,100,0.0001,SI,0.1,1019,3.15349e+07,F (viabilidad T_v>F),honesto,3.15339e+07,211.9,empírico DS-6; mejor ρ de la rejilla
empirico,0.33,1e-06,0.252169,100000,1,100,0.0001,SI,0.1,1019,3.15349e+07,F (viabilidad T_v>F),honesto,3.15339e+07,211.9,empírico DS-6; mejor ρ de la rejilla
empirico,0.4,1e-06,0.116094,100000,1,100,0.0001,SI,0.1,2420.31,3.15349e+07,A (disuasión),honesto,3.15325e+07,352.031,empírico DS-6; mejor ρ de la rejilla
empirico,0.2,1e-06,0.505619,100000,1,100,0.001,SI,0.1,1019,3.1525e+06,F (viabilidad T_v>F),honesto,3.15148e+06,211.9,empírico DS-6; mejor ρ de la rejilla
empirico,0.25,1e-06,0.408243,100000,1,100,0.001,SI,0.1,1019,3.1525e+06,F (viabilidad T_v>F),honesto,3.15148e+06,211.9,empírico DS-6; mejor ρ de la rejilla
empirico,0.33,1e-06,0.252169,100000,1,100,0.001,SI,0.1,1019,3.1525e+06,F (viabilidad T_v>F),honesto,3.15148e+06,211.9,empírico DS-6; mejor ρ de la rejilla
empirico,0.4,1e-06,0.116094,100000,1,100,0.001,SI,0.1,2420.31,3.1525e+06,A (disuasión),honesto,3.15008e+06,352.031,empírico DS-6; mejor ρ de la rejilla
empirico,0.2,1e-06,0.505619,100000,1,100,0.01,SI,0.1,1019,314260,F (viabilidad T_v>F),honesto,313241,211.9,empírico DS-6; mejor ρ de la rejilla
empirico,0.25,1e-06,0.408243,100000,1,100,0.01,SI,0.1,1019,314260,F (viabilidad T_v>F),honesto,313241,211.9,empírico DS-6; mejor ρ de la rejilla
empirico,0.33,1e-06,0.252169,100000,1,100,0.01,SI,0.1,1019,314260,F (viabilidad T_v>F),honesto,313241,211.9,empírico DS-6; mejor ρ de la rejilla
empirico,0.4,1e-06,0.116094,100000,1,100,0.01,SI,0.1,2420.31,314260,A (disuasión),honesto,311840,352.031,empírico DS-6; mejor ρ de la rejilla
empirico,0.2,1e-06,0.505619,100000,1,100,0.1,SI,0.1,1019,30436,F (viabilidad T_v>F),honesto,29417,211.9,empírico DS-6; mejor ρ de la rejilla
empirico,0.25,1e-06,0.408243,100000,1,100,0.1,SI,0.1,1019,30436,F (viabilidad T_v>F),honesto,29417,211.9,empírico DS-6; mejor ρ de la rejilla
empirico,0.33,1e-06,0.252169,100000,1,100,0.1,SI,0.1,1019,30436,F (viabilidad T_v>F),honesto,29417,211.9,empírico DS-6; mejor ρ de la rejilla
empirico,0.4,1e-06,0.116094,100000,1,100,0.1,SI,0.1,2420.31,30436,A (disuasión),honesto,28015.7,352.031,empírico DS-6; mejor ρ de la rejilla
empirico,0.2,1e-06,0.505619,100000,1,1000,0.0001,SI,0.1,1019,3.15259e+07,F (viabilidad T_v>F),honesto,3.15249e+07,1111.9,empírico DS-6; mejor ρ de la rejilla
empirico,0.25,1e-06,0.408243,100000,1,1000,0.0001,SI,0.1,1019,3.15259e+07,F (viabilidad T_v>F),honesto,3.15249e+07,1111.9,empírico DS-6; mejor ρ de la rejilla
empirico,0.33,1e-06,0.252169,100000,1,1000,0.0001,SI,0.1,1019,3.15259e+07,F (viabilidad T_v>F),honesto,3.15249e+07,1111.9,empírico DS-6; mejor ρ de la rejilla
empirico,0.4,1e-06,0.116094,100000,1,1000,0.0001,SI,0.1,1019,3.15259e+07,F (viabilidad T_v>F),honesto,3.15249e+07,1111.9,empírico DS-6; mejor ρ de la rejilla
empirico,0.2,1e-06,0.505619,100000,1,1000,0.001,SI,0.1,1019,3.1435e+06,F (viabilidad T_v>F),honesto,3.14248e+06,1111.9,empírico DS-6; mejor ρ de la rejilla
empirico,0.25,1e-06,0.408243,100000,1,1000,0.001,SI,0.1,1019,3.1435e+06,F (viabilidad T_v>F),honesto,3.14248e+06,1111.9,empírico DS-6; mejor ρ de la rejilla
empirico,0.33,1e-06,0.252169,100000,1,1000,0.001,SI,0.1,1019,3.1435e+06,F (viabilidad T_v>F),honesto,3.14248e+06,1111.9,empírico DS-6; mejor ρ de la rejilla
empirico,0.4,1e-06,0.116094,100000,1,1000,0.001,SI,0.1,1019,3.1435e+06,F (viabilidad T_v>F),honesto,3.14248e+06,1111.9,empírico DS-6; mejor ρ de la rejilla
empirico,0.2,1e-06,0.505619,100000,1,1000,0.01,SI,0.1,1019,305260,F (viabilidad T_v>F),honesto,304241,1111.9,empírico DS-6; mejor ρ de la rejilla
empirico,0.25,1e-06,0.408243,100000,1,1000,0.01,SI,0.1,1019,305260,F (viabilidad T_v>F),honesto,304241,1111.9,empírico DS-6; mejor ρ de la rejilla
empirico,0.33,1e-06,0.252169,100000,1,1000,0.01,SI,0.1,1019,305260,F (viabilidad T_v>F),honesto,304241,1111.9,empírico DS-6; mejor ρ de la rejilla
empirico,0.4,1e-06,0.116094,100000,1,1000,0.01,SI,0.1,1019,305260,F (viabilidad T_v>F),honesto,304241,1111.9,empírico DS-6; mejor ρ de la rejilla
empirico,0.2,1e-06,0.505619,100000,1,1000,0.1,SI,0.1,1019,21436,F (viabilidad T_v>F),honesto,20417,1111.9,empírico DS-6; mejor ρ de la rejilla
empirico,0.25,1e-06,0.408243,100000,1,1000,0.1,SI,0.1,1019,21436,F (viabilidad T_v>F),honesto,20417,1111.9,empírico DS-6; mejor ρ de la rejilla
empirico,0.33,1e-06,0.252169,100000,1,1000,0.1,SI,0.1,1019,21436,F (viabilidad T_v>F),honesto,20417,1111.9,empírico DS-6; mejor ρ de la rejilla
empirico,0.4,1e-06,0.116094,100000,1,1000,0.1,SI,0.1,1019,21436,F (viabilidad T_v>F),honesto,20417,1111.9,empírico DS-6; mejor ρ de la rejilla
empirico,0.2,1e-06,0.505619,100000,1,10000,0.0001,SI,0.1,1019,3.14359e+07,F (viabilidad T_v>F),honesto,3.14349e+07,10111.9,empírico DS-6; mejor ρ de la rejilla
empirico,0.25,1e-06,0.408243,100000,1,10000,0.0001,SI,0.1,1019,3.14359e+07,F (viabilidad T_v>F),honesto,3.14349e+07,10111.9,empírico DS-6; mejor ρ de la rejilla
empirico,0.33,1e-06,0.252169,100000,1,10000,0.0001,SI,0.1,1019,3.14359e+07,F (viabilidad T_v>F),honesto,3.14349e+07,10111.9,empírico DS-6; mejor ρ de la rejilla
empirico,0.4,1e-06,0.116094,100000,1,10000,0.0001,SI,0.1,1019,3.14359e+07,F (viabilidad T_v>F),honesto,3.14349e+07,10111.9,empírico DS-6; mejor ρ de la rejilla
empirico,0.2,1e-06,0.505619,100000,1,10000,0.001,SI,0.1,1019,3.0535e+06,F (viabilidad T_v>F),honesto,3.05248e+06,10111.9,empírico DS-6; mejor ρ de la rejilla
empirico,0.25,1e-06,0.408243,100000,1,10000,0.001,SI,0.1,1019,3.0535e+06,F (viabilidad T_v>F),honesto,3.05248e+06,10111.9,empírico DS-6; mejor ρ de la rejilla
empirico,0.33,1e-06,0.252169,100000,1,10000,0.001,SI,0.1,1019,3.0535e+06,F (viabilidad T_v>F),honesto,3.05248e+06,10111.9,empírico DS-6; mejor ρ de la rejilla
empirico,0.4,1e-06,0.116094,100000,1,10000,0.001,SI,0.1,1019,3.0535e+06,F (viabilidad T_v>F),honesto,3.05248e+06,10111.9,empírico DS-6; mejor ρ de la rejilla
empirico,0.2,1e-06,0.505619,100000,1,10000,0.01,SI,0.1,1019,215260,F (viabilidad T_v>F),honesto,214241,10111.9,empírico DS-6; mejor ρ de la rejilla
empirico,0.25,1e-06,0.408243,100000,1,10000,0.01,SI,0.1,1019,215260,F (viabilidad T_v>F),honesto,214241,10111.9,empírico DS-6; mejor ρ de la rejilla
empirico,0.33,1e-06,0.252169,100000,1,10000,0.01,SI,0.1,1019,215260,F (viabilidad T_v>F),honesto,214241,10111.9,empírico DS-6; mejor ρ de la rejilla
empirico,0.4,1e-06,0.116094,100000,1,10000,0.01,SI,0.1,1019,215260,F (viabilidad T_v>F),honesto,214241,10111.9,empírico DS-6; mejor ρ de la rejilla
empirico,0.2,1e-06,0.505619,100000,1,10000,0.1,NO,NaN,NaN,NaN,—,—,-Inf,NaN,empírico DS-6; mejor ρ de la rejilla
empirico,0.25,1e-06,0.408243,100000,1,10000,0.1,NO,NaN,NaN,NaN,—,—,-Inf,NaN,empírico DS-6; mejor ρ de la rejilla
empirico,0.33,1e-06,0.252169,100000,1,10000,0.1,NO,NaN,NaN,NaN,—,—,-Inf,NaN,empírico DS-6; mejor ρ de la rejilla
empirico,0.4,1e-06,0.116094,100000,1,10000,0.1,NO,NaN,NaN,NaN,—,—,-Inf,NaN,empírico DS-6; mejor ρ de la rejilla
empirico,0.2,1e-06,0.505619,1e+06,0.25,20,0.0001,SI,0.1,31655.5,1.26143e+08,A (disuasión),honesto,1.26112e+08,806.387,empírico DS-6; mejor ρ de la rejilla
empirico,0.25,1e-06,0.408243,1e+06,0.25,20,0.0001,SI,0.1,39348.9,1.26143e+08,A (disuasión),honesto,1.26104e+08,998.722,empírico DS-6; mejor ρ de la rejilla
empirico,0.33,1e-06,0.252169,1e+06,0.25,20,0.0001,SI,0.1,64073.4,1.26143e+08,A (disuasión),honesto,1.26079e+08,1616.84,empírico DS-6; mejor ρ de la rejilla
empirico,0.4,1e-06,0.116094,1e+06,0.25,20,0.0001,SI,0.1,139872,1.26143e+08,A (disuasión),honesto,1.26004e+08,3511.8,empírico DS-6; mejor ρ de la rejilla
empirico,0.2,1e-06,0.505619,1e+06,0.25,20,0.001,SI,0.1,31655.5,1.26138e+07,A (disuasión),honesto,1.25821e+07,806.386,empírico DS-6; mejor ρ de la rejilla
empirico,0.25,1e-06,0.408243,1e+06,0.25,20,0.001,SI,0.1,39348.8,1.26138e+07,A (disuasión),honesto,1.25745e+07,998.721,empírico DS-6; mejor ρ de la rejilla
empirico,0.33,1e-06,0.252169,1e+06,0.25,20,0.001,SI,0.1,64073.4,1.26138e+07,A (disuasión),honesto,1.25497e+07,1616.84,empírico DS-6; mejor ρ de la rejilla
empirico,0.4,1e-06,0.116094,1e+06,0.25,20,0.001,SI,0.1,139872,1.26138e+07,A (disuasión),honesto,1.24739e+07,3511.79,empírico DS-6; mejor ρ de la rejilla
empirico,0.2,1e-06,0.505619,1e+06,0.25,20,0.01,SI,0.1,31655.5,1.26084e+06,A (disuasión),honesto,1.22918e+06,806.386,empírico DS-6; mejor ρ de la rejilla
empirico,0.25,1e-06,0.408243,1e+06,0.25,20,0.01,SI,0.1,39348.8,1.26084e+06,A (disuasión),honesto,1.22149e+06,998.721,empírico DS-6; mejor ρ de la rejilla
empirico,0.33,1e-06,0.252169,1e+06,0.25,20,0.01,SI,0.1,64073.4,1.26084e+06,A (disuasión),honesto,1.19677e+06,1616.84,empírico DS-6; mejor ρ de la rejilla
empirico,0.4,1e-06,0.116094,1e+06,0.25,20,0.01,SI,0.1,139872,1.26084e+06,A (disuasión),honesto,1.12097e+06,3511.79,empírico DS-6; mejor ρ de la rejilla
empirico,0.2,1e-06,0.505619,1e+06,0.25,20,0.1,SI,0.1,31655.5,125544,A (disuasión),honesto,93888.5,806.386,empírico DS-6; mejor ρ de la rejilla
empirico,0.25,1e-06,0.408243,1e+06,0.25,20,0.1,SI,0.1,39348.8,125544,A (disuasión),honesto,86195.2,998.721,empírico DS-6; mejor ρ de la rejilla
empirico,0.33,1e-06,0.252169,1e+06,0.25,20,0.1,SI,0.1,64073.4,125544,A (disuasión),honesto,61470.6,1616.84,empírico DS-6; mejor ρ de la rejilla
empirico,0.4,1e-06,0.116094,1e+06,0.25,20,0.1,NO,NaN,NaN,NaN,—,—,-Inf,NaN,empírico DS-6; mejor ρ de la rejilla
empirico,0.2,1e-06,0.505619,1e+06,0.25,100,0.0001,SI,0.1,30855.7,1.26143e+08,A (disuasión),honesto,1.26112e+08,806.393,empírico DS-6; mejor ρ de la rejilla
empirico,0.25,1e-06,0.408243,1e+06,0.25,100,0.0001,SI,0.1,38549.2,1.26143e+08,A (disuasión),honesto,1.26104e+08,998.729,empírico DS-6; mejor ρ de la rejilla
empirico,0.33,1e-06,0.252169,1e+06,0.25,100,0.0001,SI,0.1,63273.7,1.26143e+08,A (disuasión),honesto,1.26079e+08,1616.84,empírico DS-6; mejor ρ de la rejilla
empirico,0.4,1e-06,0.116094,1e+06,0.25,100,0.0001,SI,0.1,139072,1.26143e+08,A (disuasión),honesto,1.26004e+08,3511.79,empírico DS-6; mejor ρ de la rejilla
empirico,0.2,1e-06,0.505619,1e+06,0.25,100,0.001,SI,0.1,30855.7,1.2613e+07,A (disuasión),honesto,1.25821e+07,806.393,empírico DS-6; mejor ρ de la rejilla
empirico,0.25,1e-06,0.408243,1e+06,0.25,100,0.001,SI,0.1,38549.2,1.2613e+07,A (disuasión),honesto,1.25745e+07,998.729,empírico DS-6; mejor ρ de la rejilla
empirico,0.33,1e-06,0.252169,1e+06,0.25,100,0.001,SI,0.1,63273.7,1.2613e+07,A (disuasión),honesto,1.25497e+07,1616.84,empírico DS-6; mejor ρ de la rejilla
empirico,0.4,1e-06,0.116094,1e+06,0.25,100,0.001,SI,0.1,139072,1.2613e+07,A (disuasión),honesto,1.24739e+07,3511.79,empírico DS-6; mejor ρ de la rejilla
empirico,0.2,1e-06,0.505619,1e+06,0.25,100,0.01,SI,0.1,30855.7,1.26004e+06,A (disuasión),honesto,1.22918e+06,806.392,empírico DS-6; mejor ρ de la rejilla
empirico,0.25,1e-06,0.408243,1e+06,0.25,100,0.01,SI,0.1,38549.2,1.26004e+06,A (disuasión),honesto,1.22149e+06,998.729,empírico DS-6; mejor ρ de la rejilla
empirico,0.33,1e-06,0.252169,1e+06,0.25,100,0.01,SI,0.1,63273.7,1.26004e+06,A (disuasión),honesto,1.19677e+06,1616.84,empírico DS-6; mejor ρ de la rejilla
empirico,0.4,1e-06,0.116094,1e+06,0.25,100,0.01,SI,0.1,139072,1.26004e+06,A (disuasión),honesto,1.12097e+06,3511.79,empírico DS-6; mejor ρ de la rejilla
empirico,0.2,1e-06,0.505619,1e+06,0.25,100,0.1,SI,0.1,30855.7,124744,A (disuasión),honesto,93888.3,806.393,empírico DS-6; mejor ρ de la rejilla
empirico,0.25,1e-06,0.408243,1e+06,0.25,100,0.1,SI,0.1,38549.1,124744,A (disuasión),honesto,86194.9,998.729,empírico DS-6; mejor ρ de la rejilla
empirico,0.33,1e-06,0.252169,1e+06,0.25,100,0.1,SI,0.1,63273.7,124744,A (disuasión),honesto,61470.3,1616.84,empírico DS-6; mejor ρ de la rejilla
empirico,0.4,1e-06,0.116094,1e+06,0.25,100,0.1,NO,NaN,NaN,NaN,—,—,-Inf,NaN,empírico DS-6; mejor ρ de la rejilla
empirico,0.2,1e-06,0.505619,1e+06,0.25,1000,0.0001,SI,0.1,21859.6,1.26134e+08,A (disuasión),honesto,1.26112e+08,806.49,empírico DS-6; mejor ρ de la rejilla
empirico,0.25,1e-06,0.408243,1e+06,0.25,1000,0.0001,SI,0.1,29551.2,1.26134e+08,A (disuasión),honesto,1.26104e+08,998.779,empírico DS-6; mejor ρ de la rejilla
empirico,0.33,1e-06,0.252169,1e+06,0.25,1000,0.0001,SI,0.1,54275.1,1.26134e+08,A (disuasión),honesto,1.26079e+08,1616.88,empírico DS-6; mejor ρ de la rejilla
empirico,0.4,1e-06,0.116094,1e+06,0.25,1000,0.0001,SI,0.1,130074,1.26134e+08,A (disuasión),honesto,1.26004e+08,3511.85,empírico DS-6; mejor ρ de la rejilla
empirico,0.2,1e-06,0.505619,1e+06,0.25,1000,0.001,SI,0.1,21859.6,1.2604e+07,A (disuasión),honesto,1.25821e+07,806.49,empírico DS-6; mejor ρ de la rejilla
empirico,0.25,1e-06,0.408243,1e+06,0.25,1000,0.001,SI,0.1,29551.2,1.2604e+07,A (disuasión),honesto,1.25744e+07,998.779,empírico DS-6; mejor ρ de la rejilla
empirico,0.33,1e-06,0.252169,1e+06,0.25,1000,0.001,SI,0.1,54275.1,1.2604e+07,A (disuasión),honesto,1.25497e+07,1616.88,empírico DS-6; mejor ρ de la rejilla
empirico,0.4,1e-06,0.116094,1e+06,0.25,1000,0.001,SI,0.1,130074,1.2604e+07,A (disuasión),honesto,1.24739e+07,3511.85,empírico DS-6; mejor ρ de la rejilla
empirico,0.2,1e-06,0.505619,1e+06,0.25,1000,0.01,SI,0.1,21859.6,1.25104e+06,A (disuasión),honesto,1.22918e+06,806.49,empírico DS-6; mejor ρ de la rejilla
empirico,0.25,1e-06,0.408243,1e+06,0.25,1000,0.01,SI,0.1,29551.2,1.25104e+06,A (disuasión),honesto,1.22149e+06,998.779,empírico DS-6; mejor ρ de la rejilla
empirico,0.33,1e-06,0.252169,1e+06,0.25,1000,0.01,SI,0.1,54275.1,1.25104e+06,A (disuasión),honesto,1.19676e+06,1616.88,empírico DS-6; mejor ρ de la rejilla
empirico,0.4,1e-06,0.116094,1e+06,0.25,1000,0.01,SI,0.1,130074,1.25104e+06,A (disuasión),honesto,1.12097e+06,3511.85,empírico DS-6; mejor ρ de la rejilla
empirico,0.2,1e-06,0.505619,1e+06,0.25,1000,0.1,SI,0.1,21859.6,115744,A (disuasión),honesto,93884.4,806.49,empírico DS-6; mejor ρ de la rejilla
empirico,0.25,1e-06,0.408243,1e+06,0.25,1000,0.1,SI,0.1,29551.2,115744,A (disuasión),honesto,86192.8,998.779,empírico DS-6; mejor ρ de la rejilla
empirico,0.33,1e-06,0.252169,1e+06,0.25,1000,0.1,SI,0.1,54275.1,115744,A (disuasión),honesto,61468.9,1616.88,empírico DS-6; mejor ρ de la rejilla
empirico,0.4,1e-06,0.116094,1e+06,0.25,1000,0.1,NO,NaN,NaN,NaN,—,—,-Inf,NaN,empírico DS-6; mejor ρ de la rejilla
empirico,0.2,1e-06,0.505619,1e+06,0.25,10000,0.0001,SI,0.1,1019,1.26044e+08,F (viabilidad T_v>F),honesto,1.26043e+08,2535.47,empírico DS-6; mejor ρ de la rejilla
empirico,0.25,1e-06,0.408243,1e+06,0.25,10000,0.0001,SI,0.1,1019,1.26044e+08,F (viabilidad T_v>F),honesto,1.26043e+08,2535.47,empírico DS-6; mejor ρ de la rejilla
empirico,0.33,1e-06,0.252169,1e+06,0.25,10000,0.0001,SI,0.1,1019,1.26044e+08,F (viabilidad T_v>F),honesto,1.26043e+08,2535.47,empírico DS-6; mejor ρ de la rejilla
empirico,0.4,1e-06,0.116094,1e+06,0.25,10000,0.0001,SI,0.1,40129,1.26044e+08,A (disuasión),honesto,1.26003e+08,3513.23,empírico DS-6; mejor ρ de la rejilla
empirico,0.2,1e-06,0.505619,1e+06,0.25,10000,0.001,SI,0.1,1019,1.2514e+07,F (viabilidad T_v>F),honesto,1.2513e+07,2535.47,empírico DS-6; mejor ρ de la rejilla
empirico,0.25,1e-06,0.408243,1e+06,0.25,10000,0.001,SI,0.1,1019,1.2514e+07,F (viabilidad T_v>F),honesto,1.2513e+07,2535.47,empírico DS-6; mejor ρ de la rejilla
empirico,0.33,1e-06,0.252169,1e+06,0.25,10000,0.001,SI,0.1,1019,1.2514e+07,F (viabilidad T_v>F),honesto,1.2513e+07,2535.47,empírico DS-6; mejor ρ de la rejilla
empirico,0.4,1e-06,0.116094,1e+06,0.25,10000,0.001,SI,0.1,40129,1.2514e+07,A (disuasión),honesto,1.24739e+07,3513.22,empírico DS-6; mejor ρ de la rejilla
empirico,0.2,1e-06,0.505619,1e+06,0.25,10000,0.01,SI,0.1,1019,1.16104e+06,F (viabilidad T_v>F),honesto,1.16002e+06,2535.47,empírico DS-6; mejor ρ de la rejilla
empirico,0.25,1e-06,0.408243,1e+06,0.25,10000,0.01,SI,0.1,1019,1.16104e+06,F (viabilidad T_v>F),honesto,1.16002e+06,2535.47,empírico DS-6; mejor ρ de la rejilla
empirico,0.33,1e-06,0.252169,1e+06,0.25,10000,0.01,SI,0.1,1019,1.16104e+06,F (viabilidad T_v>F),honesto,1.16002e+06,2535.47,empírico DS-6; mejor ρ de la rejilla
empirico,0.4,1e-06,0.116094,1e+06,0.25,10000,0.01,SI,0.1,40129,1.16104e+06,A (disuasión),honesto,1.12091e+06,3513.23,empírico DS-6; mejor ρ de la rejilla
empirico,0.2,1e-06,0.505619,1e+06,0.25,10000,0.1,SI,0.1,1019,25744,F (viabilidad T_v>F),honesto,24725,2535.47,empírico DS-6; mejor ρ de la rejilla
empirico,0.25,1e-06,0.408243,1e+06,0.25,10000,0.1,SI,0.1,1019,25744,F (viabilidad T_v>F),honesto,24725,2535.47,empírico DS-6; mejor ρ de la rejilla
empirico,0.33,1e-06,0.252169,1e+06,0.25,10000,0.1,SI,0.1,1019,25744,F (viabilidad T_v>F),honesto,24725,2535.47,empírico DS-6; mejor ρ de la rejilla
empirico,0.4,1e-06,0.116094,1e+06,0.25,10000,0.1,NO,NaN,NaN,NaN,—,—,-Inf,NaN,empírico DS-6; mejor ρ de la rejilla
empirico,0.2,1e-06,0.505619,1e+06,0.5,20,0.0001,SI,0.1,15727.8,6.30716e+07,A (disuasión),honesto,6.30559e+07,806.389,empírico DS-6; mejor ρ de la rejilla
empirico,0.25,1e-06,0.408243,1e+06,0.5,20,0.0001,SI,0.1,19574.5,6.30716e+07,A (disuasión),honesto,6.3052e+07,998.724,empírico DS-6; mejor ρ de la rejilla
empirico,0.33,1e-06,0.252169,1e+06,0.5,20,0.0001,SI,0.1,31936.7,6.30716e+07,A (disuasión),honesto,6.30397e+07,1616.84,empírico DS-6; mejor ρ de la rejilla
empirico,0.4,1e-06,0.116094,1e+06,0.5,20,0.0001,SI,0.1,69835.9,6.30716e+07,A (disuasión),honesto,6.30018e+07,3511.8,empírico DS-6; mejor ρ de la rejilla
empirico,0.2,1e-06,0.505619,1e+06,0.5,20,0.001,SI,0.1,15727.8,6.3068e+06,A (disuasión),honesto,6.29107e+06,806.388,empírico DS-6; mejor ρ de la rejilla
empirico,0.25,1e-06,0.408243,1e+06,0.5,20,0.001,SI,0.1,19574.5,6.3068e+06,A (disuasión),honesto,6.28723e+06,998.723,empírico DS-6; mejor ρ de la rejilla
empirico,0.33,1e-06,0.252169,1e+06,0.5,20,0.001,SI,0.1,31936.7,6.3068e+06,A (disuasión),honesto,6.27486e+06,1616.84,empírico DS-6; mejor ρ de la rejilla
empirico,0.4,1e-06,0.116094,1e+06,0.5,20,0.001,SI,0.1,69835.9,6.3068e+06,A (disuasión),honesto,6.23696e+06,3511.79,empírico DS-6; mejor ρ de la rejilla
empirico,0.2,1e-06,0.505619,1e+06,0.5,20,0.01,SI,0.1,15727.8,630320,A (disuasión),honesto,614592,806.388,empírico DS-6; mejor ρ de la rejilla
empirico,0.25,1e-06,0.408243,1e+06,0.5,20,0.01,SI,0.1,19574.5,630320,A (disuasión),honesto,610746,998.724,empírico DS-6; mejor ρ de la rejilla
empirico,0.33,1e-06,0.252169,1e+06,0.5,20,0.01,SI,0.1,31936.7,630320,A (disuasión),honesto,598383,1616.84,empírico DS-6; mejor ρ de la rejilla
empirico,0.4,1e-06,0.116094,1e+06,0.5,20,0.01,SI,0.1,69835.9,630320,A (disuasión),honesto,560484,3511.79,empírico DS-6; mejor ρ de la rejilla
empirico,0.2,1e-06,0.505619,1e+06,0.5,20,0.1,SI,0.1,15727.8,62672,A (disuasión),honesto,46944.2,806.389,empírico DS-6; mejor ρ de la rejilla
empirico,0.25,1e-06,0.408243,1e+06,0.5,20,0.1,SI,0.1,19574.5,62672,A (disuasión),honesto,43097.5,998.724,empírico DS-6; mejor ρ de la rejilla
empirico,0.33,1e-06,0.252169,1e+06,0.5,20,0.1,SI,0.1,31936.7,62672,A (disuasión),honesto,30735.3,1616.83,empírico DS-6; mejor ρ de la rejilla
empirico,0.4,1e-06,0.116094,1e+06,0.5,20,0.1,NO,NaN,NaN,NaN,—,—,-Inf,NaN,empírico DS-6; mejor ρ de la rejilla
empirico,0.2,1e-06,0.505619,1e+06,0.5,100,0.0001,SI,0.1,14927.9,6.30708e+07,A (disuasión),honesto,6.30559e+07,806.397,empírico DS-6; mejor ρ de la rejilla
empirico,0.25,1e-06,0.408243,1e+06,0.5,100,0.0001,SI,0.1,18774.6,6.30708e+07,A (disuasión),honesto,6.3052e+07,998.729,empírico DS-6; mejor ρ de la rejilla
empirico,0.33,1e-06,0.252169,1e+06,0.5,100,0.0001,SI,0.1,31136.9,6.30708e+07,A (disuasión),honesto,6.30397e+07,1616.84,empírico DS-6; mejor ρ de la rejilla
empirico,0.4,1e-06,0.116094,1e+06,0.5,100,0.0001,SI,0.1,69036.3,6.30708e+07,A (disuasión),honesto,6.30018e+07,3511.81,empírico DS-6; mejor ρ de la rejilla
empirico,0.2,1e-06,0.505619,1e+06,0.5,100,0.001,SI,0.1,14927.9,6.306e+06,A (disuasión),honesto,6.29107e+06,806.397,empírico DS-6; mejor ρ de la rejilla
empirico,0.25,1e-06,0.408243,1e+06,0.5,100,0.001,SI,0.1,18774.6,6.306e+06,A (disuasión),honesto,6.28723e+06,998.729,empírico DS-6; mejor ρ de la rejilla
empirico,0.33,1e-06,0.252169,1e+06,0.5,100,0.001,SI,0.1,31136.9,6.306e+06,A (disuasión),honesto,6.27486e+06,1616.84,empírico DS-6; mejor ρ de la rejilla
empirico,0.4,1e-06,0.116094,1e+06,0.5,100,0.001,SI,0.1,69036.2,6.306e+06,A (disuasión),honesto,6.23696e+06,3511.81,empírico DS-6; mejor ρ de la rejilla
empirico,0.2,1e-06,0.505619,1e+06,0.5,100,0.01,SI,0.1,14927.9,629520,A (disuasión),honesto,614592,806.397,empírico DS-6; mejor ρ de la rejilla
empirico,0.25,1e-06,0.408243,1e+06,0.5,100,0.01,SI,0.1,18774.6,629520,A (disuasión),honesto,610745,998.729,empírico DS-6; mejor ρ de la rejilla
empirico,0.33,1e-06,0.252169,1e+06,0.5,100,0.01,SI,0.1,31136.9,629520,A (disuasión),honesto,598383,1616.84,empírico DS-6; mejor ρ de la rejilla
empirico,0.4,1e-06,0.116094,1e+06,0.5,100,0.01,SI,0.1,69036.2,629520,A (disuasión),honesto,560484,3511.81,empírico DS-6; mejor ρ de la rejilla
empirico,0.2,1e-06,0.505619,1e+06,0.5,100,0.1,SI,0.1,14927.9,61872,A (disuasión),honesto,46944.1,806.397,empírico DS-6; mejor ρ de la rejilla
empirico,0.25,1e-06,0.408243,1e+06,0.5,100,0.1,SI,0.1,18774.6,61872,A (disuasión),honesto,43097.4,998.729,empírico DS-6; mejor ρ de la rejilla
empirico,0.33,1e-06,0.252169,1e+06,0.5,100,0.1,SI,0.1,31136.9,61872,A (disuasión),honesto,30735.1,1616.84,empírico DS-6; mejor ρ de la rejilla
empirico,0.4,1e-06,0.116094,1e+06,0.5,100,0.1,NO,NaN,NaN,NaN,—,—,-Inf,NaN,empírico DS-6; mejor ρ de la rejilla
empirico,0.2,1e-06,0.505619,1e+06,0.5,1000,0.0001,SI,0.1,5932.83,6.30618e+07,A (disuasión),honesto,6.30559e+07,806.641,empírico DS-6; mejor ρ de la rejilla
empirico,0.25,1e-06,0.408243,1e+06,0.5,1000,0.0001,SI,0.1,9779.1,6.30618e+07,A (disuasión),honesto,6.3052e+07,998.955,empírico DS-6; mejor ρ de la rejilla
empirico,0.33,1e-06,0.252169,1e+06,0.5,1000,0.0001,SI,0.1,22139.1,6.30618e+07,A (disuasión),honesto,6.30397e+07,1616.96,empírico DS-6; mejor ρ de la rejilla
empirico,0.4,1e-06,0.116094,1e+06,0.5,1000,0.0001,SI,0.1,60037.9,6.30618e+07,A (disuasión),honesto,6.30018e+07,3511.9,empírico DS-6; mejor ρ de la rejilla
empirico,0.2,1e-06,0.505619,1e+06,0.5,1000,0.001,SI,0.1,5932.83,6.297e+06,A (disuasión),honesto,6.29107e+06,806.641,empírico DS-6; mejor ρ de la rejilla
empirico,0.25,1e-06,0.408243,1e+06,0.5,1000,0.001,SI,0.1,9779.1,6.297e+06,A (disuasión),honesto,6.28722e+06,998.955,empírico DS-6; mejor ρ de la rejilla
empirico,0.33,1e-06,0.252169,1e+06,0.5,1000,0.001,SI,0.1,22139.1,6.297e+06,A (disuasión),honesto,6.27486e+06,1616.96,empírico DS-6; mejor ρ de la rejilla
empirico,0.4,1e-06,0.116094,1e+06,0.5,1000,0.001,SI,0.1,60037.9,6.297e+06,A (disuasión),honesto,6.23696e+06,3511.9,empírico DS-6; mejor ρ de la rejilla
empirico,0.2,1e-06,0.505619,1e+06,0.5,1000,0.01,SI,0.1,5932.83,620520,A (disuasión),honesto,614587,806.641,empírico DS-6; mejor ρ de la rejilla
empirico,0.25,1e-06,0.408243,1e+06,0.5,1000,0.01,SI,0.1,9779.1,620520,A (disuasión),honesto,610741,998.955,empírico DS-6; mejor ρ de la rejilla
empirico,0.33,1e-06,0.252169,1e+06,0.5,1000,0.01,SI,0.1,22139.1,620520,A (disuasión),honesto,598381,1616.96,empírico DS-6; mejor ρ de la rejilla
empirico,0.4,1e-06,0.116094,1e+06,0.5,1000,0.01,SI,0.1,60037.9,620520,A (disuasión),honesto,560482,3511.9,empírico DS-6; mejor ρ de la rejilla
empirico,0.2,1e-06,0.505619,1e+06,0.5,1000,0.1,SI,0.1,5932.83,52872,A (disuasión),honesto,46939.2,806.641,empírico DS-6; mejor ρ de la rejilla
empirico,0.25,1e-06,0.408243,1e+06,0.5,1000,0.1,SI,0.1,9779.1,52872,A (disuasión),honesto,43092.9,998.955,empírico DS-6; mejor ρ de la rejilla
empirico,0.33,1e-06,0.252169,1e+06,0.5,1000,0.1,SI,0.1,22139.1,52872,A (disuasión),honesto,30732.9,1616.96,empírico DS-6; mejor ρ de la rejilla
empirico,0.4,1e-06,0.116094,1e+06,0.5,1000,0.1,NO,NaN,NaN,NaN,—,—,-Inf,NaN,empírico DS-6; mejor ρ de la rejilla
empirico,0.2,1e-06,0.505619,1e+06,0.5,10000,0.0001,SI,0.1,1019,6.29718e+07,F (viabilidad T_v>F),honesto,6.29708e+07,5060.95,empírico DS-6; mejor ρ de la rejilla
empirico,0.25,1e-06,0.408243,1e+06,0.5,10000,0.0001,SI,0.1,1019,6.29718e+07,F (viabilidad T_v>F),honesto,6.29708e+07,5060.95,empírico DS-6; mejor ρ de la rejilla
empirico,0.33,1e-06,0.252169,1e+06,0.5,10000,0.0001,SI,0.1,1019,6.29718e+07,F (viabilidad T_v>F),honesto,6.29708e+07,5060.95,empírico DS-6; mejor ρ de la rejilla
empirico,0.4,1e-06,0.116094,1e+06,0.5,10000,0.0001,SI,0.1,1019,6.29718e+07,F (viabilidad T_v>F),honesto,6.29708e+07,5060.95,empírico DS-6; mejor ρ de la rejilla
empirico,0.2,1e-06,0.505619,1e+06,0.5,10000,0.001,SI,0.1,1019,6.207e+06,F (viabilidad T_v>F),honesto,6.20598e+06,5060.95,empírico DS-6; mejor ρ de la rejilla
empirico,0.25,1e-06,0.408243,1e+06,0.5,10000,0.001,SI,0.1,1019,6.207e+06,F (viabilidad T_v>F),honesto,6.20598e+06,5060.95,empírico DS-6; mejor ρ de la rejilla
empirico,0.33,1e-06,0.252169,1e+06,0.5,10000,0.001,SI,0.1,1019,6.207e+06,F (viabilidad T_v>F),honesto,6.20598e+06,5060.95,empírico DS-6; mejor ρ de la rejilla
empirico,0.4,1e-06,0.116094,1e+06,0.5,10000,0.001,SI,0.1,1019,6.207e+06,F (viabilidad T_v>F),honesto,6.20598e+06,5060.95,empírico DS-6; mejor ρ de la rejilla
empirico,0.2,1e-06,0.505619,1e+06,0.5,10000,0.01,SI,0.1,1019,530520,F (viabilidad T_v>F),honesto,529501,5060.95,empírico DS-6; mejor ρ de la rejilla
empirico,0.25,1e-06,0.408243,1e+06,0.5,10000,0.01,SI,0.1,1019,530520,F (viabilidad T_v>F),honesto,529501,5060.95,empírico DS-6; mejor ρ de la rejilla
empirico,0.33,1e-06,0.252169,1e+06,0.5,10000,0.01,SI,0.1,1019,530520,F (viabilidad T_v>F),honesto,529501,5060.95,empírico DS-6; mejor ρ de la rejilla
empirico,0.4,1e-06,0.116094,1e+06,0.5,10000,0.01,SI,0.1,1019,530520,F (viabilidad T_v>F),honesto,529501,5060.95,empírico DS-6; mejor ρ de la rejilla
empirico,0.2,1e-06,0.505619,1e+06,0.5,10000,0.1,NO,NaN,NaN,NaN,—,—,-Inf,NaN,empírico DS-6; mejor ρ de la rejilla
empirico,0.25,1e-06,0.408243,1e+06,0.5,10000,0.1,NO,NaN,NaN,NaN,—,—,-Inf,NaN,empírico DS-6; mejor ρ de la rejilla
empirico,0.33,1e-06,0.252169,1e+06,0.5,10000,0.1,NO,NaN,NaN,NaN,—,—,-Inf,NaN,empírico DS-6; mejor ρ de la rejilla
empirico,0.4,1e-06,0.116094,1e+06,0.5,10000,0.1,NO,NaN,NaN,NaN,—,—,-Inf,NaN,empírico DS-6; mejor ρ de la rejilla
empirico,0.2,1e-06,0.505619,1e+06,1,20,0.0001,SI,0.1,7763.93,3.15357e+07,A (disuasión),honesto,3.15279e+07,806.393,empírico DS-6; mejor ρ de la rejilla
empirico,0.25,1e-06,0.408243,1e+06,1,20,0.0001,SI,0.1,9687.24,3.15357e+07,A (disuasión),honesto,3.1526e+07,998.724,empírico DS-6; mejor ρ de la rejilla
empirico,0.33,1e-06,0.252169,1e+06,1,20,0.0001,SI,0.1,15868.4,3.15357e+07,A (disuasión),honesto,3.15198e+07,1616.84,empírico DS-6; mejor ρ de la rejilla
empirico,0.4,1e-06,0.116094,1e+06,1,20,0.0001,SI,0.1,34817.9,3.15357e+07,A (disuasión),honesto,3.15009e+07,3511.79,empírico DS-6; mejor ρ de la rejilla
empirico,0.2,1e-06,0.505619,1e+06,1,20,0.001,SI,0.1,7763.93,3.1533e+06,A (disuasión),honesto,3.14554e+06,806.393,empírico DS-6; mejor ρ de la rejilla
empirico,0.25,1e-06,0.408243,1e+06,1,20,0.001,SI,0.1,9687.24,3.1533e+06,A (disuasión),honesto,3.14361e+06,998.724,empírico DS-6; mejor ρ de la rejilla
empirico,0.33,1e-06,0.252169,1e+06,1,20,0.001,SI,0.1,15868.4,3.1533e+06,A (disuasión),honesto,3.13743e+06,1616.84,empírico DS-6; mejor ρ de la rejilla
empirico,0.4,1e-06,0.116094,1e+06,1,20,0.001,SI,0.1,34817.9,3.1533e+06,A (disuasión),honesto,3.11848e+06,3511.79,empírico DS-6; mejor ρ de la rejilla
empirico,0.2,1e-06,0.505619,1e+06,1,20,0.01,SI,0.1,7763.92,315060,A (disuasión),honesto,307296,806.392,empírico DS-6; mejor ρ de la rejilla
empirico,0.25,1e-06,0.408243,1e+06,1,20,0.01,SI,0.1,9687.24,315060,A (disuasión),honesto,305373,998.724,empírico DS-6; mejor ρ de la rejilla
empirico,0.33,1e-06,0.252169,1e+06,1,20,0.01,SI,0.1,15868.4,315060,A (disuasión),honesto,299192,1616.84,empírico DS-6; mejor ρ de la rejilla
empirico,0.4,1e-06,0.116094,1e+06,1,20,0.01,SI,0.1,34817.9,315060,A (disuasión),honesto,280242,3511.79,empírico DS-6; mejor ρ de la rejilla
empirico,0.2,1e-06,0.505619,1e+06,1,20,0.1,SI,0.1,7763.93,31236,A (disuasión),honesto,23472.1,806.393,empírico DS-6; mejor ρ de la rejilla
empirico,0.25,1e-06,0.408243,1e+06,1,20,0.1,SI,0.1,9687.24,31236,A (disuasión),honesto,21548.8,998.724,empírico DS-6; mejor ρ de la rejilla
empirico,0.33,1e-06,0.252169,1e+06,1,20,0.1,SI,0.1,15868.4,31236,A (disuasión),honesto,15367.6,1616.84,empírico DS-6; mejor ρ de la rejilla
empirico,0.4,1e-06,0.116094,1e+06,1,20,0.1,NO,NaN,NaN,NaN,—,—,-Inf,NaN,empírico DS-6; mejor ρ de la rejilla
empirico,0.2,1e-06,0.505619,1e+06,1,100,0.0001,SI,0.1,6964.1,3.15349e+07,A (disuasión),honesto,3.15279e+07,806.41,empírico DS-6; mejor ρ de la rejilla
empirico,0.25,1e-06,0.408243,1e+06,1,100,0.0001,SI,0.1,8887.37,3.15349e+07,A (disuasión),honesto,3.1526e+07,998.737,empírico DS-6; mejor ρ de la rejilla
empirico,0.33,1e-06,0.252169,1e+06,1,100,0.0001,SI,0.1,15068.5,3.15349e+07,A (disuasión),honesto,3.15198e+07,1616.85,empírico DS-6; mejor ρ de la rejilla
empirico,0.4,1e-06,0.116094,1e+06,1,100,0.0001,SI,0.1,34018.1,3.15349e+07,A (disuasión),honesto,3.15009e+07,3511.81,empírico DS-6; mejor ρ de la rejilla
empirico,0.2,1e-06,0.505619,1e+06,1,100,0.001,SI,0.1,6964.1,3.1525e+06,A (disuasión),honesto,3.14554e+06,806.41,empírico DS-6; mejor ρ de la rejilla
empirico,0.25,1e-06,0.408243,1e+06,1,100,0.001,SI,0.1,8887.37,3.1525e+06,A (disuasión),honesto,3.14361e+06,998.737,empírico DS-6; mejor ρ de la rejilla
empirico,0.33,1e-06,0.252169,1e+06,1,100,0.001,SI,0.1,15068.5,3.1525e+06,A (disuasión),honesto,3.13743e+06,1616.85,empírico DS-6; mejor ρ de la rejilla
empirico,0.4,1e-06,0.116094,1e+06,1,100,0.001,SI,0.1,34018.1,3.1525e+06,A (disuasión),honesto,3.11848e+06,3511.81,empírico DS-6; mejor ρ de la rejilla
empirico,0.2,1e-06,0.505619,1e+06,1,100,0.01,SI,0.1,6964.1,314260,A (disuasión),honesto,307296,806.41,empírico DS-6; mejor ρ de la rejilla
empirico,0.25,1e-06,0.408243,1e+06,1,100,0.01,SI,0.1,8887.37,314260,A (disuasión),honesto,305373,998.737,empírico DS-6; mejor ρ de la rejilla
empirico,0.33,1e-06,0.252169,1e+06,1,100,0.01,SI,0.1,15068.5,314260,A (disuasión),honesto,299191,1616.85,empírico DS-6; mejor ρ de la rejilla
empirico,0.4,1e-06,0.116094,1e+06,1,100,0.01,SI,0.1,34018.1,314260,A (disuasión),honesto,280242,3511.81,empírico DS-6; mejor ρ de la rejilla
empirico,0.2,1e-06,0.505619,1e+06,1,100,0.1,SI,0.1,6964.1,30436,A (disuasión),honesto,23471.9,806.41,empírico DS-6; mejor ρ de la rejilla
empirico,0.25,1e-06,0.408243,1e+06,1,100,0.1,SI,0.1,8887.37,30436,A (disuasión),honesto,21548.6,998.737,empírico DS-6; mejor ρ de la rejilla
empirico,0.33,1e-06,0.252169,1e+06,1,100,0.1,SI,0.1,15068.5,30436,A (disuasión),honesto,15367.5,1616.85,empírico DS-6; mejor ρ de la rejilla
empirico,0.4,1e-06,0.116094,1e+06,1,100,0.1,NO,NaN,NaN,NaN,—,—,-Inf,NaN,empírico DS-6; mejor ρ de la rejilla
empirico,0.2,1e-06,0.505619,1e+06,1,1000,0.0001,SI,0.1,1019,3.15259e+07,F (viabilidad T_v>F),honesto,3.15249e+07,1111.9,empírico DS-6; mejor ρ de la rejilla
empirico,0.25,1e-06,0.408243,1e+06,1,1000,0.0001,SI,0.1,1019,3.15259e+07,F (viabilidad T_v>F),honesto,3.15249e+07,1111.9,empírico DS-6; mejor ρ de la rejilla
empirico,0.33,1e-06,0.252169,1e+06,1,1000,0.0001,SI,0.1,6073.24,3.15259e+07,A (disuasión),honesto,3.15198e+07,1617.32,empírico DS-6; mejor ρ de la rejilla
empirico,0.4,1e-06,0.116094,1e+06,1,1000,0.0001,SI,0.1,25020.5,3.15259e+07,A (disuasión),honesto,3.15009e+07,3512.05,empírico DS-6; mejor ρ de la rejilla
empirico,0.2,1e-06,0.505619,1e+06,1,1000,0.001,SI,0.1,1019,3.1435e+06,F (viabilidad T_v>F),honesto,3.14248e+06,1111.9,empírico DS-6; mejor ρ de la rejilla
empirico,0.25,1e-06,0.408243,1e+06,1,1000,0.001,SI,0.1,1019,3.1435e+06,F (viabilidad T_v>F),honesto,3.14248e+06,1111.9,empírico DS-6; mejor ρ de la rejilla
empirico,0.33,1e-06,0.252169,1e+06,1,1000,0.001,SI,0.1,6073.24,3.1435e+06,A (disuasión),honesto,3.13743e+06,1617.32,empírico DS-6; mejor ρ de la rejilla
empirico,0.4,1e-06,0.116094,1e+06,1,1000,0.001,SI,0.1,25020.5,3.1435e+06,A (disuasión),honesto,3.11848e+06,3512.05,empírico DS-6; mejor ρ de la rejilla
empirico,0.2,1e-06,0.505619,1e+06,1,1000,0.01,SI,0.1,1019,305260,F (viabilidad T_v>F),honesto,304241,1111.9,empírico DS-6; mejor ρ de la rejilla
empirico,0.25,1e-06,0.408243,1e+06,1,1000,0.01,SI,0.1,1019,305260,F (viabilidad T_v>F),honesto,304241,1111.9,empírico DS-6; mejor ρ de la rejilla
empirico,0.33,1e-06,0.252169,1e+06,1,1000,0.01,SI,0.1,6073.24,305260,A (disuasión),honesto,299187,1617.32,empírico DS-6; mejor ρ de la rejilla
empirico,0.4,1e-06,0.116094,1e+06,1,1000,0.01,SI,0.1,25020.5,305260,A (disuasión),honesto,280240,3512.05,empírico DS-6; mejor ρ de la rejilla
empirico,0.2,1e-06,0.505619,1e+06,1,1000,0.1,SI,0.1,1019,21436,F (viabilidad T_v>F),honesto,20417,1111.9,empírico DS-6; mejor ρ de la rejilla
empirico,0.25,1e-06,0.408243,1e+06,1,1000,0.1,SI,0.1,1019,21436,F (viabilidad T_v>F),honesto,20417,1111.9,empírico DS-6; mejor ρ de la rejilla
empirico,0.33,1e-06,0.252169,1e+06,1,1000,0.1,SI,0.1,6073.24,21436,A (disuasión),honesto,15362.8,1617.32,empírico DS-6; mejor ρ de la rejilla
empirico,0.4,1e-06,0.116094,1e+06,1,1000,0.1,NO,NaN,NaN,NaN,—,—,-Inf,NaN,empírico DS-6; mejor ρ de la rejilla
empirico,0.2,1e-06,0.505619,1e+06,1,10000,0.0001,SI,0.1,1019,3.14359e+07,F (viabilidad T_v>F),honesto,3.14349e+07,10111.9,empírico DS-6; mejor ρ de la rejilla
empirico,0.25,1e-06,0.408243,1e+06,1,10000,0.0001,SI,0.1,1019,3.14359e+07,F (viabilidad T_v>F),honesto,3.14349e+07,10111.9,empírico DS-6; mejor ρ de la rejilla
empirico,0.33,1e-06,0.252169,1e+06,1,10000,0.0001,SI,0.1,1019,3.14359e+07,F (viabilidad T_v>F),honesto,3.14349e+07,10111.9,empírico DS-6; mejor ρ de la rejilla
empirico,0.4,1e-06,0.116094,1e+06,1,10000,0.0001,SI,0.1,1019,3.14359e+07,F (viabilidad T_v>F),honesto,3.14349e+07,10111.9,empírico DS-6; mejor ρ de la rejilla
empirico,0.2,1e-06,0.505619,1e+06,1,10000,0.001,SI,0.1,1019,3.0535e+06,F (viabilidad T_v>F),honesto,3.05248e+06,10111.9,empírico DS-6; mejor ρ de la rejilla
empirico,0.25,1e-06,0.408243,1e+06,1,10000,0.001,SI,0.1,1019,3.0535e+06,F (viabilidad T_v>F),honesto,3.05248e+06,10111.9,empírico DS-6; mejor ρ de la rejilla
empirico,0.33,1e-06,0.252169,1e+06,1,10000,0.001,SI,0.1,1019,3.0535e+06,F (viabilidad T_v>F),honesto,3.05248e+06,10111.9,empírico DS-6; mejor ρ de la rejilla
empirico,0.4,1e-06,0.116094,1e+06,1,10000,0.001,SI,0.1,1019,3.0535e+06,F (viabilidad T_v>F),honesto,3.05248e+06,10111.9,empírico DS-6; mejor ρ de la rejilla
empirico,0.2,1e-06,0.505619,1e+06,1,10000,0.01,SI,0.1,1019,215260,F (viabilidad T_v>F),honesto,214241,10111.9,empírico DS-6; mejor ρ de la rejilla
empirico,0.25,1e-06,0.408243,1e+06,1,10000,0.01,SI,0.1,1019,215260,F (viabilidad T_v>F),honesto,214241,10111.9,empírico DS-6; mejor ρ de la rejilla
empirico,0.33,1e-06,0.252169,1e+06,1,10000,0.01,SI,0.1,1019,215260,F (viabilidad T_v>F),honesto,214241,10111.9,empírico DS-6; mejor ρ de la rejilla
empirico,0.4,1e-06,0.116094,1e+06,1,10000,0.01,SI,0.1,1019,215260,F (viabilidad T_v>F),honesto,214241,10111.9,empírico DS-6; mejor ρ de la rejilla
empirico,0.2,1e-06,0.505619,1e+06,1,10000,0.1,NO,NaN,NaN,NaN,—,—,-Inf,NaN,empírico DS-6; mejor ρ de la rejilla
empirico,0.25,1e-06,0.408243,1e+06,1,10000,0.1,NO,NaN,NaN,NaN,—,—,-Inf,NaN,empírico DS-6; mejor ρ de la rejilla
empirico,0.33,1e-06,0.252169,1e+06,1,10000,0.1,NO,NaN,NaN,NaN,—,—,-Inf,NaN,empírico DS-6; mejor ρ de la rejilla
empirico,0.4,1e-06,0.116094,1e+06,1,10000,0.1,NO,NaN,NaN,NaN,—,—,-Inf,NaN,empírico DS-6; mejor ρ de la rejilla
empirico,0.2,0.001,0.53474,100,0.25,20,0.0001,SI,0.1,1019,1.26143e+08,F (viabilidad T_v>F),honesto,1.26142e+08,40.475,empírico DS-6; mejor ρ de la rejilla
empirico,0.25,0.001,0.436567,100,0.25,20,0.0001,SI,0.1,1019,1.26143e+08,F (viabilidad T_v>F),honesto,1.26142e+08,40.475,empírico DS-6; mejor ρ de la rejilla
empirico,0.33,0.001,0.278665,100,0.25,20,0.0001,SI,0.1,1019,1.26143e+08,F (viabilidad T_v>F),honesto,1.26142e+08,40.475,empírico DS-6; mejor ρ de la rejilla
empirico,0.4,0.001,0.141609,100,0.25,20,0.0001,SI,0.1,1019,1.26143e+08,F (viabilidad T_v>F),honesto,1.26142e+08,40.475,empírico DS-6; mejor ρ de la rejilla
empirico,0.2,0.001,0.53474,100,0.25,20,0.001,SI,0.1,1019,1.26138e+07,F (viabilidad T_v>F),honesto,1.26128e+07,40.475,empírico DS-6; mejor ρ de la rejilla
empirico,0.25,0.001,0.436567,100,0.25,20,0.001,SI,0.1,1019,1.26138e+07,F (viabilidad T_v>F),honesto,1.26128e+07,40.475,empírico DS-6; mejor ρ de la rejilla
empirico,0.33,0.001,0.278665,100,0.25,20,0.001,SI,0.1,1019,1.26138e+07,F (viabilidad T_v>F),honesto,1.26128e+07,40.475,empírico DS-6; mejor ρ de la rejilla
empirico,0.4,0.001,0.141609,100,0.25,20,0.001,SI,0.1,1019,1.26138e+07,F (viabilidad T_v>F),honesto,1.26128e+07,40.475,empírico DS-6; mejor ρ de la rejilla
empirico,0.2,0.001,0.53474,100,0.25,20,0.01,SI,0.1,1019,1.26084e+06,F (viabilidad T_v>F),honesto,1.25982e+06,40.475,empírico DS-6; mejor ρ de la rejilla
empirico,0.25,0.001,0.436567,100,0.25,20,0.01,SI,0.1,1019,1.26084e+06,F (viabilidad T_v>F),honesto,1.25982e+06,40.475,empírico DS-6; mejor ρ de la rejilla
empirico,0.33,0.001,0.278665,100,0.25,20,0.01,SI,0.1,1019,1.26084e+06,F (viabilidad T_v>F),honesto,1.25982e+06,40.475,empírico DS-6; mejor ρ de la rejilla
empirico,0.4,0.001,0.141609,100,0.25,20,0.01,SI,0.1,1019,1.26084e+06,F (viabilidad T_v>F),honesto,1.25982e+06,40.475,empírico DS-6; mejor ρ de la rejilla
empirico,0.2,0.001,0.53474,100,0.25,20,0.1,SI,0.1,1019,125544,F (viabilidad T_v>F),honesto,124525,40.475,empírico DS-6; mejor ρ de la rejilla
empirico,0.25,0.001,0.436567,100,0.25,20,0.1,SI,0.1,1019,125544,F (viabilidad T_v>F),honesto,124525,40.475,empírico DS-6; mejor ρ de la rejilla
empirico,0.33,0.001,0.278665,100,0.25,20,0.1,SI,0.1,1019,125544,F (viabilidad T_v>F),honesto,124525,40.475,empírico DS-6; mejor ρ de la rejilla
empirico,0.4,0.001,0.141609,100,0.25,20,0.1,SI,0.1,1019,125544,F (viabilidad T_v>F),honesto,124525,40.475,empírico DS-6; mejor ρ de la rejilla
empirico,0.2,0.001,0.53474,100,0.25,100,0.0001,SI,0.1,1019,1.26143e+08,F (viabilidad T_v>F),honesto,1.26142e+08,60.475,empírico DS-6; mejor ρ de la rejilla
empirico,0.25,0.001,0.436567,100,0.25,100,0.0001,SI,0.1,1019,1.26143e+08,F (viabilidad T_v>F),honesto,1.26142e+08,60.475,empírico DS-6; mejor ρ de la rejilla
empirico,0.33,0.001,0.278665,100,0.25,100,0.0001,SI,0.1,1019,1.26143e+08,F (viabilidad T_v>F),honesto,1.26142e+08,60.475,empírico DS-6; mejor ρ de la rejilla
empirico,0.4,0.001,0.141609,100,0.25,100,0.0001,SI,0.1,1019,1.26143e+08,F (viabilidad T_v>F),honesto,1.26142e+08,60.475,empírico DS-6; mejor ρ de la rejilla
empirico,0.2,0.001,0.53474,100,0.25,100,0.001,SI,0.1,1019,1.2613e+07,F (viabilidad T_v>F),honesto,1.2612e+07,60.475,empírico DS-6; mejor ρ de la rejilla
empirico,0.25,0.001,0.436567,100,0.25,100,0.001,SI,0.1,1019,1.2613e+07,F (viabilidad T_v>F),honesto,1.2612e+07,60.475,empírico DS-6; mejor ρ de la rejilla
empirico,0.33,0.001,0.278665,100,0.25,100,0.001,SI,0.1,1019,1.2613e+07,F (viabilidad T_v>F),honesto,1.2612e+07,60.475,empírico DS-6; mejor ρ de la rejilla
empirico,0.4,0.001,0.141609,100,0.25,100,0.001,SI,0.1,1019,1.2613e+07,F (viabilidad T_v>F),honesto,1.2612e+07,60.475,empírico DS-6; mejor ρ de la rejilla
empirico,0.2,0.001,0.53474,100,0.25,100,0.01,SI,0.1,1019,1.26004e+06,F (viabilidad T_v>F),honesto,1.25902e+06,60.475,empírico DS-6; mejor ρ de la rejilla
empirico,0.25,0.001,0.436567,100,0.25,100,0.01,SI,0.1,1019,1.26004e+06,F (viabilidad T_v>F),honesto,1.25902e+06,60.475,empírico DS-6; mejor ρ de la rejilla
empirico,0.33,0.001,0.278665,100,0.25,100,0.01,SI,0.1,1019,1.26004e+06,F (viabilidad T_v>F),honesto,1.25902e+06,60.475,empírico DS-6; mejor ρ de la rejilla
empirico,0.4,0.001,0.141609,100,0.25,100,0.01,SI,0.1,1019,1.26004e+06,F (viabilidad T_v>F),honesto,1.25902e+06,60.475,empírico DS-6; mejor ρ de la rejilla
empirico,0.2,0.001,0.53474,100,0.25,100,0.1,SI,0.1,1019,124744,F (viabilidad T_v>F),honesto,123725,60.475,empírico DS-6; mejor ρ de la rejilla
empirico,0.25,0.001,0.436567,100,0.25,100,0.1,SI,0.1,1019,124744,F (viabilidad T_v>F),honesto,123725,60.475,empírico DS-6; mejor ρ de la rejilla
empirico,0.33,0.001,0.278665,100,0.25,100,0.1,SI,0.1,1019,124744,F (viabilidad T_v>F),honesto,123725,60.475,empírico DS-6; mejor ρ de la rejilla
empirico,0.4,0.001,0.141609,100,0.25,100,0.1,SI,0.1,1019,124744,F (viabilidad T_v>F),honesto,123725,60.475,empírico DS-6; mejor ρ de la rejilla
empirico,0.2,0.001,0.53474,100,0.25,1000,0.0001,SI,0.1,1019,1.26134e+08,F (viabilidad T_v>F),honesto,1.26133e+08,285.475,empírico DS-6; mejor ρ de la rejilla
empirico,0.25,0.001,0.436567,100,0.25,1000,0.0001,SI,0.1,1019,1.26134e+08,F (viabilidad T_v>F),honesto,1.26133e+08,285.475,empírico DS-6; mejor ρ de la rejilla
empirico,0.33,0.001,0.278665,100,0.25,1000,0.0001,SI,0.1,1019,1.26134e+08,F (viabilidad T_v>F),honesto,1.26133e+08,285.475,empírico DS-6; mejor ρ de la rejilla
empirico,0.4,0.001,0.141609,100,0.25,1000,0.0001,SI,0.1,1019,1.26134e+08,F (viabilidad T_v>F),honesto,1.26133e+08,285.475,empírico DS-6; mejor ρ de la rejilla
empirico,0.2,0.001,0.53474,100,0.25,1000,0.001,SI,0.1,1019,1.2604e+07,F (viabilidad T_v>F),honesto,1.2603e+07,285.475,empírico DS-6; mejor ρ de la rejilla
empirico,0.25,0.001,0.436567,100,0.25,1000,0.001,SI,0.1,1019,1.2604e+07,F (viabilidad T_v>F),honesto,1.2603e+07,285.475,empírico DS-6; mejor ρ de la rejilla
empirico,0.33,0.001,0.278665,100,0.25,1000,0.001,SI,0.1,1019,1.2604e+07,F (viabilidad T_v>F),honesto,1.2603e+07,285.475,empírico DS-6; mejor ρ de la rejilla
empirico,0.4,0.001,0.141609,100,0.25,1000,0.001,SI,0.1,1019,1.2604e+07,F (viabilidad T_v>F),honesto,1.2603e+07,285.475,empírico DS-6; mejor ρ de la rejilla
empirico,0.2,0.001,0.53474,100,0.25,1000,0.01,SI,0.1,1019,1.25104e+06,F (viabilidad T_v>F),honesto,1.25002e+06,285.475,empírico DS-6; mejor ρ de la rejilla
empirico,0.25,0.001,0.436567,100,0.25,1000,0.01,SI,0.1,1019,1.25104e+06,F (viabilidad T_v>F),honesto,1.25002e+06,285.475,empírico DS-6; mejor ρ de la rejilla
empirico,0.33,0.001,0.278665,100,0.25,1000,0.01,SI,0.1,1019,1.25104e+06,F (viabilidad T_v>F),honesto,1.25002e+06,285.475,empírico DS-6; mejor ρ de la rejilla
empirico,0.4,0.001,0.141609,100,0.25,1000,0.01,SI,0.1,1019,1.25104e+06,F (viabilidad T_v>F),honesto,1.25002e+06,285.475,empírico DS-6; mejor ρ de la rejilla
empirico,0.2,0.001,0.53474,100,0.25,1000,0.1,SI,0.1,1019,115744,F (viabilidad T_v>F),honesto,114725,285.475,empírico DS-6; mejor ρ de la rejilla
empirico,0.25,0.001,0.436567,100,0.25,1000,0.1,SI,0.1,1019,115744,F (viabilidad T_v>F),honesto,114725,285.475,empírico DS-6; mejor ρ de la rejilla
empirico,0.33,0.001,0.278665,100,0.25,1000,0.1,SI,0.1,1019,115744,F (viabilidad T_v>F),honesto,114725,285.475,empírico DS-6; mejor ρ de la rejilla
empirico,0.4,0.001,0.141609,100,0.25,1000,0.1,SI,0.1,1019,115744,F (viabilidad T_v>F),honesto,114725,285.475,empírico DS-6; mejor ρ de la rejilla
empirico,0.2,0.001,0.53474,100,0.25,10000,0.0001,SI,0.1,1019,1.26044e+08,F (viabilidad T_v>F),honesto,1.26043e+08,2535.47,empírico DS-6; mejor ρ de la rejilla
empirico,0.25,0.001,0.436567,100,0.25,10000,0.0001,SI,0.1,1019,1.26044e+08,F (viabilidad T_v>F),honesto,1.26043e+08,2535.47,empírico DS-6; mejor ρ de la rejilla
empirico,0.33,0.001,0.278665,100,0.25,10000,0.0001,SI,0.1,1019,1.26044e+08,F (viabilidad T_v>F),honesto,1.26043e+08,2535.47,empírico DS-6; mejor ρ de la rejilla
empirico,0.4,0.001,0.141609,100,0.25,10000,0.0001,SI,0.1,1019,1.26044e+08,F (viabilidad T_v>F),honesto,1.26043e+08,2535.47,empírico DS-6; mejor ρ de la rejilla
empirico,0.2,0.001,0.53474,100,0.25,10000,0.001,SI,0.1,1019,1.2514e+07,F (viabilidad T_v>F),honesto,1.2513e+07,2535.47,empírico DS-6; mejor ρ de la rejilla
empirico,0.25,0.001,0.436567,100,0.25,10000,0.001,SI,0.1,1019,1.2514e+07,F (viabilidad T_v>F),honesto,1.2513e+07,2535.47,empírico DS-6; mejor ρ de la rejilla
empirico,0.33,0.001,0.278665,100,0.25,10000,0.001,SI,0.1,1019,1.2514e+07,F (viabilidad T_v>F),honesto,1.2513e+07,2535.47,empírico DS-6; mejor ρ de la rejilla
empirico,0.4,0.001,0.141609,100,0.25,10000,0.001,SI,0.1,1019,1.2514e+07,F (viabilidad T_v>F),honesto,1.2513e+07,2535.47,empírico DS-6; mejor ρ de la rejilla
empirico,0.2,0.001,0.53474,100,0.25,10000,0.01,SI,0.1,1019,1.16104e+06,F (viabilidad T_v>F),honesto,1.16002e+06,2535.47,empírico DS-6; mejor ρ de la rejilla
empirico,0.25,0.001,0.436567,100,0.25,10000,0.01,SI,0.1,1019,1.16104e+06,F (viabilidad T_v>F),honesto,1.16002e+06,2535.47,empírico DS-6; mejor ρ de la rejilla
empirico,0.33,0.001,0.278665,100,0.25,10000,0.01,SI,0.1,1019,1.16104e+06,F (viabilidad T_v>F),honesto,1.16002e+06,2535.47,empírico DS-6; mejor ρ de la rejilla
empirico,0.4,0.001,0.141609,100,0.25,10000,0.01,SI,0.1,1019,1.16104e+06,F (viabilidad T_v>F),honesto,1.16002e+06,2535.47,empírico DS-6; mejor ρ de la rejilla
empirico,0.2,0.001,0.53474,100,0.25,10000,0.1,SI,0.1,1019,25744,F (viabilidad T_v>F),honesto,24725,2535.47,empírico DS-6; mejor ρ de la rejilla
empirico,0.25,0.001,0.436567,100,0.25,10000,0.1,SI,0.1,1019,25744,F (viabilidad T_v>F),honesto,24725,2535.47,empírico DS-6; mejor ρ de la rejilla
empirico,0.33,0.001,0.278665,100,0.25,10000,0.1,SI,0.1,1019,25744,F (viabilidad T_v>F),honesto,24725,2535.47,empírico DS-6; mejor ρ de la rejilla
empirico,0.4,0.001,0.141609,100,0.25,10000,0.1,SI,0.1,1019,25744,F (viabilidad T_v>F),honesto,24725,2535.47,empírico DS-6; mejor ρ de la rejilla
empirico,0.2,0.001,0.53474,100,0.5,20,0.0001,SI,0.1,1019,6.30716e+07,F (viabilidad T_v>F),honesto,6.30706e+07,70.95,empírico DS-6; mejor ρ de la rejilla
empirico,0.25,0.001,0.436567,100,0.5,20,0.0001,SI,0.1,1019,6.30716e+07,F (viabilidad T_v>F),honesto,6.30706e+07,70.95,empírico DS-6; mejor ρ de la rejilla
empirico,0.33,0.001,0.278665,100,0.5,20,0.0001,SI,0.1,1019,6.30716e+07,F (viabilidad T_v>F),honesto,6.30706e+07,70.95,empírico DS-6; mejor ρ de la rejilla
empirico,0.4,0.001,0.141609,100,0.5,20,0.0001,SI,0.1,1019,6.30716e+07,F (viabilidad T_v>F),honesto,6.30706e+07,70.95,empírico DS-6; mejor ρ de la rejilla
empirico,0.2,0.001,0.53474,100,0.5,20,0.001,SI,0.1,1019,6.3068e+06,F (viabilidad T_v>F),honesto,6.30578e+06,70.95,empírico DS-6; mejor ρ de la rejilla
empirico,0.25,0.001,0.436567,100,0.5,20,0.001,SI,0.1,1019,6.3068e+06,F (viabilidad T_v>F),honesto,6.30578e+06,70.95,empírico DS-6; mejor ρ de la rejilla
empirico,0.33,0.001,0.278665,100,0.5,20,0.001,SI,0.1,1019,6.3068e+06,F (viabilidad T_v>F),honesto,6.30578e+06,70.95,empírico DS-6; mejor ρ de la rejilla
empirico,0.4,0.001,0.141609,100,0.5,20,0.001,SI,0.1,1019,6.3068e+06,F (viabilidad T_v>F),honesto,6.30578e+06,70.95,empírico DS-6; mejor ρ de la rejilla
empirico,0.2,0.001,0.53474,100,0.5,20,0.01,SI,0.1,1019,630320,F (viabilidad T_v>F),honesto,629301,70.95,empírico DS-6; mejor ρ de la rejilla
empirico,0.25,0.001,0.436567,100,0.5,20,0.01,SI,0.1,1019,630320,F (viabilidad T_v>F),honesto,629301,70.95,empírico DS-6; mejor ρ de la rejilla
empirico,0.33,0.001,0.278665,100,0.5,20,0.01,SI,0.1,1019,630320,F (viabilidad T_v>F),honesto,629301,70.95,empírico DS-6; mejor ρ de la rejilla
empirico,0.4,0.001,0.141609,100,0.5,20,0.01,SI,0.1,1019,630320,F (viabilidad T_v>F),honesto,629301,70.95,empírico DS-6; mejor ρ de la rejilla
empirico,0.2,0.001,0.53474,100,0.5,20,0.1,SI,0.1,1019,62672,F (viabilidad T_v>F),honesto,61653,70.95,empírico DS-6; mejor ρ de la rejilla
empirico,0.25,0.001,0.436567,100,0.5,20,0.1,SI,0.1,1019,62672,F (viabilidad T_v>F),honesto,61653,70.95,empírico DS-6; mejor ρ de la rejilla
empirico,0.33,0.001,0.278665,100,0.5,20,0.1,SI,0.1,1019,62672,F (viabilidad T_v>F),honesto,61653,70.95,empírico DS-6; mejor ρ de la rejilla
empirico,0.4,0.001,0.141609,100,0.5,20,0.1,SI,0.1,1019,62672,F (viabilidad T_v>F),honesto,61653,70.95,empírico DS-6; mejor ρ de la rejilla
empirico,0.2,0.001,0.53474,100,0.5,100,0.0001,SI,0.1,1019,6.30708e+07,F (viabilidad T_v>F),honesto,6.30698e+07,110.95,empírico DS-6; mejor ρ de la rejilla
empirico,0.25,0.001,0.436567,100,0.5,100,0.0001,SI,0.1,1019,6.30708e+07,F (viabilidad T_v>F),honesto,6.30698e+07,110.95,empírico DS-6; mejor ρ de la rejilla
empirico,0.33,0.001,0.278665,100,0.5,100,0.0001,SI,0.1,1019,6.30708e+07,F (viabilidad T_v>F),honesto,6.30698e+07,110.95,empírico DS-6; mejor ρ de la rejilla
empirico,0.4,0.001,0.141609,100,0.5,100,0.0001,SI,0.1,1019,6.30708e+07,F (viabilidad T_v>F),honesto,6.30698e+07,110.95,empírico DS-6; mejor ρ de la rejilla
empirico,0.2,0.001,0.53474,100,0.5,100,0.001,SI,0.1,1019,6.306e+06,F (viabilidad T_v>F),honesto,6.30498e+06,110.95,empírico DS-6; mejor ρ de la rejilla
empirico,0.25,0.001,0.436567,100,0.5,100,0.001,SI,0.1,1019,6.306e+06,F (viabilidad T_v>F),honesto,6.30498e+06,110.95,empírico DS-6; mejor ρ de la rejilla
empirico,0.33,0.001,0.278665,100,0.5,100,0.001,SI,0.1,1019,6.306e+06,F (viabilidad T_v>F),honesto,6.30498e+06,110.95,empírico DS-6; mejor ρ de la rejilla
empirico,0.4,0.001,0.141609,100,0.5,100,0.001,SI,0.1,1019,6.306e+06,F (viabilidad T_v>F),honesto,6.30498e+06,110.95,empírico DS-6; mejor ρ de la rejilla
empirico,0.2,0.001,0.53474,100,0.5,100,0.01,SI,0.1,1019,629520,F (viabilidad T_v>F),honesto,628501,110.95,empírico DS-6; mejor ρ de la rejilla
empirico,0.25,0.001,0.436567,100,0.5,100,0.01,SI,0.1,1019,629520,F (viabilidad T_v>F),honesto,628501,110.95,empírico DS-6; mejor ρ de la rejilla
empirico,0.33,0.001,0.278665,100,0.5,100,0.01,SI,0.1,1019,629520,F (viabilidad T_v>F),honesto,628501,110.95,empírico DS-6; mejor ρ de la rejilla
empirico,0.4,0.001,0.141609,100,0.5,100,0.01,SI,0.1,1019,629520,F (viabilidad T_v>F),honesto,628501,110.95,empírico DS-6; mejor ρ de la rejilla
empirico,0.2,0.001,0.53474,100,0.5,100,0.1,SI,0.1,1019,61872,F (viabilidad T_v>F),honesto,60853,110.95,empírico DS-6; mejor ρ de la rejilla
empirico,0.25,0.001,0.436567,100,0.5,100,0.1,SI,0.1,1019,61872,F (viabilidad T_v>F),honesto,60853,110.95,empírico DS-6; mejor ρ de la rejilla
empirico,0.33,0.001,0.278665,100,0.5,100,0.1,SI,0.1,1019,61872,F (viabilidad T_v>F),honesto,60853,110.95,empírico DS-6; mejor ρ de la rejilla
empirico,0.4,0.001,0.141609,100,0.5,100,0.1,SI,0.1,1019,61872,F (viabilidad T_v>F),honesto,60853,110.95,empírico DS-6; mejor ρ de la rejilla
empirico,0.2,0.001,0.53474,100,0.5,1000,0.0001,SI,0.1,1019,6.30618e+07,F (viabilidad T_v>F),honesto,6.30608e+07,560.95,empírico DS-6; mejor ρ de la rejilla
empirico,0.25,0.001,0.436567,100,0.5,1000,0.0001,SI,0.1,1019,6.30618e+07,F (viabilidad T_v>F),honesto,6.30608e+07,560.95,empírico DS-6; mejor ρ de la rejilla
empirico,0.33,0.001,0.278665,100,0.5,1000,0.0001,SI,0.1,1019,6.30618e+07,F (viabilidad T_v>F),honesto,6.30608e+07,560.95,empírico DS-6; mejor ρ de la rejilla
empirico,0.4,0.001,0.141609,100,0.5,1000,0.0001,SI,0.1,1019,6.30618e+07,F (viabilidad T_v>F),honesto,6.30608e+07,560.95,empírico DS-6; mejor ρ de la rejilla
empirico,0.2,0.001,0.53474,100,0.5,1000,0.001,SI,0.1,1019,6.297e+06,F (viabilidad T_v>F),honesto,6.29598e+06,560.95,empírico DS-6; mejor ρ de la rejilla
empirico,0.25,0.001,0.436567,100,0.5,1000,0.001,SI,0.1,1019,6.297e+06,F (viabilidad T_v>F),honesto,6.29598e+06,560.95,empírico DS-6; mejor ρ de la rejilla
empirico,0.33,0.001,0.278665,100,0.5,1000,0.001,SI,0.1,1019,6.297e+06,F (viabilidad T_v>F),honesto,6.29598e+06,560.95,empírico DS-6; mejor ρ de la rejilla
empirico,0.4,0.001,0.141609,100,0.5,1000,0.001,SI,0.1,1019,6.297e+06,F (viabilidad T_v>F),honesto,6.29598e+06,560.95,empírico DS-6; mejor ρ de la rejilla
empirico,0.2,0.001,0.53474,100,0.5,1000,0.01,SI,0.1,1019,620520,F (viabilidad T_v>F),honesto,619501,560.95,empírico DS-6; mejor ρ de la rejilla
empirico,0.25,0.001,0.436567,100,0.5,1000,0.01,SI,0.1,1019,620520,F (viabilidad T_v>F),honesto,619501,560.95,empírico DS-6; mejor ρ de la rejilla
empirico,0.33,0.001,0.278665,100,0.5,1000,0.01,SI,0.1,1019,620520,F (viabilidad T_v>F),honesto,619501,560.95,empírico DS-6; mejor ρ de la rejilla
empirico,0.4,0.001,0.141609,100,0.5,1000,0.01,SI,0.1,1019,620520,F (viabilidad T_v>F),honesto,619501,560.95,empírico DS-6; mejor ρ de la rejilla
empirico,0.2,0.001,0.53474,100,0.5,1000,0.1,SI,0.1,1019,52872,F (viabilidad T_v>F),honesto,51853,560.95,empírico DS-6; mejor ρ de la rejilla
empirico,0.25,0.001,0.436567,100,0.5,1000,0.1,SI,0.1,1019,52872,F (viabilidad T_v>F),honesto,51853,560.95,empírico DS-6; mejor ρ de la rejilla
empirico,0.33,0.001,0.278665,100,0.5,1000,0.1,SI,0.1,1019,52872,F (viabilidad T_v>F),honesto,51853,560.95,empírico DS-6; mejor ρ de la rejilla
empirico,0.4,0.001,0.141609,100,0.5,1000,0.1,SI,0.1,1019,52872,F (viabilidad T_v>F),honesto,51853,560.95,empírico DS-6; mejor ρ de la rejilla
empirico,0.2,0.001,0.53474,100,0.5,10000,0.0001,SI,0.1,1019,6.29718e+07,F (viabilidad T_v>F),honesto,6.29708e+07,5060.95,empírico DS-6; mejor ρ de la rejilla
empirico,0.25,0.001,0.436567,100,0.5,10000,0.0001,SI,0.1,1019,6.29718e+07,F (viabilidad T_v>F),honesto,6.29708e+07,5060.95,empírico DS-6; mejor ρ de la rejilla
empirico,0.33,0.001,0.278665,100,0.5,10000,0.0001,SI,0.1,1019,6.29718e+07,F (viabilidad T_v>F),honesto,6.29708e+07,5060.95,empírico DS-6; mejor ρ de la rejilla
empirico,0.4,0.001,0.141609,100,0.5,10000,0.0001,SI,0.1,1019,6.29718e+07,F (viabilidad T_v>F),honesto,6.29708e+07,5060.95,empírico DS-6; mejor ρ de la rejilla
empirico,0.2,0.001,0.53474,100,0.5,10000,0.001,SI,0.1,1019,6.207e+06,F (viabilidad T_v>F),honesto,6.20598e+06,5060.95,empírico DS-6; mejor ρ de la rejilla
empirico,0.25,0.001,0.436567,100,0.5,10000,0.001,SI,0.1,1019,6.207e+06,F (viabilidad T_v>F),honesto,6.20598e+06,5060.95,empírico DS-6; mejor ρ de la rejilla
empirico,0.33,0.001,0.278665,100,0.5,10000,0.001,SI,0.1,1019,6.207e+06,F (viabilidad T_v>F),honesto,6.20598e+06,5060.95,empírico DS-6; mejor ρ de la rejilla
empirico,0.4,0.001,0.141609,100,0.5,10000,0.001,SI,0.1,1019,6.207e+06,F (viabilidad T_v>F),honesto,6.20598e+06,5060.95,empírico DS-6; mejor ρ de la rejilla
empirico,0.2,0.001,0.53474,100,0.5,10000,0.01,SI,0.1,1019,530520,F (viabilidad T_v>F),honesto,529501,5060.95,empírico DS-6; mejor ρ de la rejilla
empirico,0.25,0.001,0.436567,100,0.5,10000,0.01,SI,0.1,1019,530520,F (viabilidad T_v>F),honesto,529501,5060.95,empírico DS-6; mejor ρ de la rejilla
empirico,0.33,0.001,0.278665,100,0.5,10000,0.01,SI,0.1,1019,530520,F (viabilidad T_v>F),honesto,529501,5060.95,empírico DS-6; mejor ρ de la rejilla
empirico,0.4,0.001,0.141609,100,0.5,10000,0.01,SI,0.1,1019,530520,F (viabilidad T_v>F),honesto,529501,5060.95,empírico DS-6; mejor ρ de la rejilla
empirico,0.2,0.001,0.53474,100,0.5,10000,0.1,NO,NaN,NaN,NaN,—,—,-Inf,NaN,empírico DS-6; mejor ρ de la rejilla
empirico,0.25,0.001,0.436567,100,0.5,10000,0.1,NO,NaN,NaN,NaN,—,—,-Inf,NaN,empírico DS-6; mejor ρ de la rejilla
empirico,0.33,0.001,0.278665,100,0.5,10000,0.1,NO,NaN,NaN,NaN,—,—,-Inf,NaN,empírico DS-6; mejor ρ de la rejilla
empirico,0.4,0.001,0.141609,100,0.5,10000,0.1,NO,NaN,NaN,NaN,—,—,-Inf,NaN,empírico DS-6; mejor ρ de la rejilla
empirico,0.2,0.001,0.53474,100,1,20,0.0001,SI,0.1,1019,3.15357e+07,F (viabilidad T_v>F),honesto,3.15347e+07,131.9,empírico DS-6; mejor ρ de la rejilla
empirico,0.25,0.001,0.436567,100,1,20,0.0001,SI,0.1,1019,3.15357e+07,F (viabilidad T_v>F),honesto,3.15347e+07,131.9,empírico DS-6; mejor ρ de la rejilla
empirico,0.33,0.001,0.278665,100,1,20,0.0001,SI,0.1,1019,3.15357e+07,F (viabilidad T_v>F),honesto,3.15347e+07,131.9,empírico DS-6; mejor ρ de la rejilla
empirico,0.4,0.001,0.141609,100,1,20,0.0001,SI,0.1,1019,3.15357e+07,F (viabilidad T_v>F),honesto,3.15347e+07,131.9,empírico DS-6; mejor ρ de la rejilla
empirico,0.2,0.001,0.53474,100,1,20,0.001,SI,0.1,1019,3.1533e+06,F (viabilidad T_v>F),honesto,3.15228e+06,131.9,empírico DS-6; mejor ρ de la rejilla
empirico,0.25,0.001,0.436567,100,1,20,0.001,SI,0.1,1019,3.1533e+06,F (viabilidad T_v>F),honesto,3.15228e+06,131.9,empírico DS-6; mejor ρ de la rejilla
empirico,0.33,0.001,0.278665,100,1,20,0.001,SI,0.1,1019,3.1533e+06,F (viabilidad T_v>F),honesto,3.15228e+06,131.9,empírico DS-6; mejor ρ de la rejilla
empirico,0.4,0.001,0.141609,100,1,20,0.001,SI,0.1,1019,3.1533e+06,F (viabilidad T_v>F),honesto,3.15228e+06,131.9,empírico DS-6; mejor ρ de la rejilla
empirico,0.2,0.001,0.53474,100,1,20,0.01,SI,0.1,1019,315060,F (viabilidad T_v>F),honesto,314041,131.9,empírico DS-6; mejor ρ de la rejilla
empirico,0.25,0.001,0.436567,100,1,20,0.01,SI,0.1,1019,315060,F (viabilidad T_v>F),honesto,314041,131.9,empírico DS-6; mejor ρ de la rejilla
empirico,0.33,0.001,0.278665,100,1,20,0.01,SI,0.1,1019,315060,F (viabilidad T_v>F),honesto,314041,131.9,empírico DS-6; mejor ρ de la rejilla
empirico,0.4,0.001,0.141609,100,1,20,0.01,SI,0.1,1019,315060,F (viabilidad T_v>F),honesto,314041,131.9,empírico DS-6; mejor ρ de la rejilla
empirico,0.2,0.001,0.53474,100,1,20,0.1,SI,0.1,1019,31236,F (viabilidad T_v>F),honesto,30217,131.9,empírico DS-6; mejor ρ de la rejilla
empirico,0.25,0.001,0.436567,100,1,20,0.1,SI,0.1,1019,31236,F (viabilidad T_v>F),honesto,30217,131.9,empírico DS-6; mejor ρ de la rejilla
empirico,0.33,0.001,0.278665,100,1,20,0.1,SI,0.1,1019,31236,F (viabilidad T_v>F),honesto,30217,131.9,empírico DS-6; mejor ρ de la rejilla
empirico,0.4,0.001,0.141609,100,1,20,0.1,SI,0.1,1019,31236,F (viabilidad T_v>F),honesto,30217,131.9,empírico DS-6; mejor ρ de la rejilla
empirico,0.2,0.001,0.53474,100,1,100,0.0001,SI,0.1,1019,3.15349e+07,F (viabilidad T_v>F),honesto,3.15339e+07,211.9,empírico DS-6; mejor ρ de la rejilla
empirico,0.25,0.001,0.436567,100,1,100,0.0001,SI,0.1,1019,3.15349e+07,F (viabilidad T_v>F),honesto,3.15339e+07,211.9,empírico DS-6; mejor ρ de la rejilla
empirico,0.33,0.001,0.278665,100,1,100,0.0001,SI,0.1,1019,3.15349e+07,F (viabilidad T_v>F),honesto,3.15339e+07,211.9,empírico DS-6; mejor ρ de la rejilla
empirico,0.4,0.001,0.141609,100,1,100,0.0001,SI,0.1,1019,3.15349e+07,F (viabilidad T_v>F),honesto,3.15339e+07,211.9,empírico DS-6; mejor ρ de la rejilla
empirico,0.2,0.001,0.53474,100,1,100,0.001,SI,0.1,1019,3.1525e+06,F (viabilidad T_v>F),honesto,3.15148e+06,211.9,empírico DS-6; mejor ρ de la rejilla
empirico,0.25,0.001,0.436567,100,1,100,0.001,SI,0.1,1019,3.1525e+06,F (viabilidad T_v>F),honesto,3.15148e+06,211.9,empírico DS-6; mejor ρ de la rejilla
empirico,0.33,0.001,0.278665,100,1,100,0.001,SI,0.1,1019,3.1525e+06,F (viabilidad T_v>F),honesto,3.15148e+06,211.9,empírico DS-6; mejor ρ de la rejilla
empirico,0.4,0.001,0.141609,100,1,100,0.001,SI,0.1,1019,3.1525e+06,F (viabilidad T_v>F),honesto,3.15148e+06,211.9,empírico DS-6; mejor ρ de la rejilla
empirico,0.2,0.001,0.53474,100,1,100,0.01,SI,0.1,1019,314260,F (viabilidad T_v>F),honesto,313241,211.9,empírico DS-6; mejor ρ de la rejilla
empirico,0.25,0.001,0.436567,100,1,100,0.01,SI,0.1,1019,314260,F (viabilidad T_v>F),honesto,313241,211.9,empírico DS-6; mejor ρ de la rejilla
empirico,0.33,0.001,0.278665,100,1,100,0.01,SI,0.1,1019,314260,F (viabilidad T_v>F),honesto,313241,211.9,empírico DS-6; mejor ρ de la rejilla
empirico,0.4,0.001,0.141609,100,1,100,0.01,SI,0.1,1019,314260,F (viabilidad T_v>F),honesto,313241,211.9,empírico DS-6; mejor ρ de la rejilla
empirico,0.2,0.001,0.53474,100,1,100,0.1,SI,0.1,1019,30436,F (viabilidad T_v>F),honesto,29417,211.9,empírico DS-6; mejor ρ de la rejilla
empirico,0.25,0.001,0.436567,100,1,100,0.1,SI,0.1,1019,30436,F (viabilidad T_v>F),honesto,29417,211.9,empírico DS-6; mejor ρ de la rejilla
empirico,0.33,0.001,0.278665,100,1,100,0.1,SI,0.1,1019,30436,F (viabilidad T_v>F),honesto,29417,211.9,empírico DS-6; mejor ρ de la rejilla
empirico,0.4,0.001,0.141609,100,1,100,0.1,SI,0.1,1019,30436,F (viabilidad T_v>F),honesto,29417,211.9,empírico DS-6; mejor ρ de la rejilla
empirico,0.2,0.001,0.53474,100,1,1000,0.0001,SI,0.1,1019,3.15259e+07,F (viabilidad T_v>F),honesto,3.15249e+07,1111.9,empírico DS-6; mejor ρ de la rejilla
empirico,0.25,0.001,0.436567,100,1,1000,0.0001,SI,0.1,1019,3.15259e+07,F (viabilidad T_v>F),honesto,3.15249e+07,1111.9,empírico DS-6; mejor ρ de la rejilla
empirico,0.33,0.001,0.278665,100,1,1000,0.0001,SI,0.1,1019,3.15259e+07,F (viabilidad T_v>F),honesto,3.15249e+07,1111.9,empírico DS-6; mejor ρ de la rejilla
empirico,0.4,0.001,0.141609,100,1,1000,0.0001,SI,0.1,1019,3.15259e+07,F (viabilidad T_v>F),honesto,3.15249e+07,1111.9,empírico DS-6; mejor ρ de la rejilla
empirico,0.2,0.001,0.53474,100,1,1000,0.001,SI,0.1,1019,3.1435e+06,F (viabilidad T_v>F),honesto,3.14248e+06,1111.9,empírico DS-6; mejor ρ de la rejilla
empirico,0.25,0.001,0.436567,100,1,1000,0.001,SI,0.1,1019,3.1435e+06,F (viabilidad T_v>F),honesto,3.14248e+06,1111.9,empírico DS-6; mejor ρ de la rejilla
empirico,0.33,0.001,0.278665,100,1,1000,0.001,SI,0.1,1019,3.1435e+06,F (viabilidad T_v>F),honesto,3.14248e+06,1111.9,empírico DS-6; mejor ρ de la rejilla
empirico,0.4,0.001,0.141609,100,1,1000,0.001,SI,0.1,1019,3.1435e+06,F (viabilidad T_v>F),honesto,3.14248e+06,1111.9,empírico DS-6; mejor ρ de la rejilla
empirico,0.2,0.001,0.53474,100,1,1000,0.01,SI,0.1,1019,305260,F (viabilidad T_v>F),honesto,304241,1111.9,empírico DS-6; mejor ρ de la rejilla
empirico,0.25,0.001,0.436567,100,1,1000,0.01,SI,0.1,1019,305260,F (viabilidad T_v>F),honesto,304241,1111.9,empírico DS-6; mejor ρ de la rejilla
empirico,0.33,0.001,0.278665,100,1,1000,0.01,SI,0.1,1019,305260,F (viabilidad T_v>F),honesto,304241,1111.9,empírico DS-6; mejor ρ de la rejilla
empirico,0.4,0.001,0.141609,100,1,1000,0.01,SI,0.1,1019,305260,F (viabilidad T_v>F),honesto,304241,1111.9,empírico DS-6; mejor ρ de la rejilla
empirico,0.2,0.001,0.53474,100,1,1000,0.1,SI,0.1,1019,21436,F (viabilidad T_v>F),honesto,20417,1111.9,empírico DS-6; mejor ρ de la rejilla
empirico,0.25,0.001,0.436567,100,1,1000,0.1,SI,0.1,1019,21436,F (viabilidad T_v>F),honesto,20417,1111.9,empírico DS-6; mejor ρ de la rejilla
empirico,0.33,0.001,0.278665,100,1,1000,0.1,SI,0.1,1019,21436,F (viabilidad T_v>F),honesto,20417,1111.9,empírico DS-6; mejor ρ de la rejilla
empirico,0.4,0.001,0.141609,100,1,1000,0.1,SI,0.1,1019,21436,F (viabilidad T_v>F),honesto,20417,1111.9,empírico DS-6; mejor ρ de la rejilla
empirico,0.2,0.001,0.53474,100,1,10000,0.0001,SI,0.1,1019,3.14359e+07,F (viabilidad T_v>F),honesto,3.14349e+07,10111.9,empírico DS-6; mejor ρ de la rejilla
empirico,0.25,0.001,0.436567,100,1,10000,0.0001,SI,0.1,1019,3.14359e+07,F (viabilidad T_v>F),honesto,3.14349e+07,10111.9,empírico DS-6; mejor ρ de la rejilla
empirico,0.33,0.001,0.278665,100,1,10000,0.0001,SI,0.1,1019,3.14359e+07,F (viabilidad T_v>F),honesto,3.14349e+07,10111.9,empírico DS-6; mejor ρ de la rejilla
empirico,0.4,0.001,0.141609,100,1,10000,0.0001,SI,0.1,1019,3.14359e+07,F (viabilidad T_v>F),honesto,3.14349e+07,10111.9,empírico DS-6; mejor ρ de la rejilla
empirico,0.2,0.001,0.53474,100,1,10000,0.001,SI,0.1,1019,3.0535e+06,F (viabilidad T_v>F),honesto,3.05248e+06,10111.9,empírico DS-6; mejor ρ de la rejilla
empirico,0.25,0.001,0.436567,100,1,10000,0.001,SI,0.1,1019,3.0535e+06,F (viabilidad T_v>F),honesto,3.05248e+06,10111.9,empírico DS-6; mejor ρ de la rejilla
empirico,0.33,0.001,0.278665,100,1,10000,0.001,SI,0.1,1019,3.0535e+06,F (viabilidad T_v>F),honesto,3.05248e+06,10111.9,empírico DS-6; mejor ρ de la rejilla
empirico,0.4,0.001,0.141609,100,1,10000,0.001,SI,0.1,1019,3.0535e+06,F (viabilidad T_v>F),honesto,3.05248e+06,10111.9,empírico DS-6; mejor ρ de la rejilla
empirico,0.2,0.001,0.53474,100,1,10000,0.01,SI,0.1,1019,215260,F (viabilidad T_v>F),honesto,214241,10111.9,empírico DS-6; mejor ρ de la rejilla
empirico,0.25,0.001,0.436567,100,1,10000,0.01,SI,0.1,1019,215260,F (viabilidad T_v>F),honesto,214241,10111.9,empírico DS-6; mejor ρ de la rejilla
empirico,0.33,0.001,0.278665,100,1,10000,0.01,SI,0.1,1019,215260,F (viabilidad T_v>F),honesto,214241,10111.9,empírico DS-6; mejor ρ de la rejilla
empirico,0.4,0.001,0.141609,100,1,10000,0.01,SI,0.1,1019,215260,F (viabilidad T_v>F),honesto,214241,10111.9,empírico DS-6; mejor ρ de la rejilla
empirico,0.2,0.001,0.53474,100,1,10000,0.1,NO,NaN,NaN,NaN,—,—,-Inf,NaN,empírico DS-6; mejor ρ de la rejilla
empirico,0.25,0.001,0.436567,100,1,10000,0.1,NO,NaN,NaN,NaN,—,—,-Inf,NaN,empírico DS-6; mejor ρ de la rejilla
empirico,0.33,0.001,0.278665,100,1,10000,0.1,NO,NaN,NaN,NaN,—,—,-Inf,NaN,empírico DS-6; mejor ρ de la rejilla
empirico,0.4,0.001,0.141609,100,1,10000,0.1,NO,NaN,NaN,NaN,—,—,-Inf,NaN,empírico DS-6; mejor ρ de la rejilla
empirico,0.2,0.001,0.53474,1000,0.25,20,0.0001,SI,0.1,1019,1.26143e+08,F (viabilidad T_v>F),honesto,1.26142e+08,40.475,empírico DS-6; mejor ρ de la rejilla
empirico,0.25,0.001,0.436567,1000,0.25,20,0.0001,SI,0.1,1019,1.26143e+08,F (viabilidad T_v>F),honesto,1.26142e+08,40.475,empírico DS-6; mejor ρ de la rejilla
empirico,0.33,0.001,0.278665,1000,0.25,20,0.0001,SI,0.1,1019,1.26143e+08,F (viabilidad T_v>F),honesto,1.26142e+08,40.475,empírico DS-6; mejor ρ de la rejilla
empirico,0.4,0.001,0.141609,1000,0.25,20,0.0001,SI,0.1,1019,1.26143e+08,F (viabilidad T_v>F),honesto,1.26142e+08,40.475,empírico DS-6; mejor ρ de la rejilla
empirico,0.2,0.001,0.53474,1000,0.25,20,0.001,SI,0.1,1019,1.26138e+07,F (viabilidad T_v>F),honesto,1.26128e+07,40.475,empírico DS-6; mejor ρ de la rejilla
empirico,0.25,0.001,0.436567,1000,0.25,20,0.001,SI,0.1,1019,1.26138e+07,F (viabilidad T_v>F),honesto,1.26128e+07,40.475,empírico DS-6; mejor ρ de la rejilla
empirico,0.33,0.001,0.278665,1000,0.25,20,0.001,SI,0.1,1019,1.26138e+07,F (viabilidad T_v>F),honesto,1.26128e+07,40.475,empírico DS-6; mejor ρ de la rejilla
empirico,0.4,0.001,0.141609,1000,0.25,20,0.001,SI,0.1,1019,1.26138e+07,F (viabilidad T_v>F),honesto,1.26128e+07,40.475,empírico DS-6; mejor ρ de la rejilla
empirico,0.2,0.001,0.53474,1000,0.25,20,0.01,SI,0.1,1019,1.26084e+06,F (viabilidad T_v>F),honesto,1.25982e+06,40.475,empírico DS-6; mejor ρ de la rejilla
empirico,0.25,0.001,0.436567,1000,0.25,20,0.01,SI,0.1,1019,1.26084e+06,F (viabilidad T_v>F),honesto,1.25982e+06,40.475,empírico DS-6; mejor ρ de la rejilla
empirico,0.33,0.001,0.278665,1000,0.25,20,0.01,SI,0.1,1019,1.26084e+06,F (viabilidad T_v>F),honesto,1.25982e+06,40.475,empírico DS-6; mejor ρ de la rejilla
empirico,0.4,0.001,0.141609,1000,0.25,20,0.01,SI,0.1,1019,1.26084e+06,F (viabilidad T_v>F),honesto,1.25982e+06,40.475,empírico DS-6; mejor ρ de la rejilla
empirico,0.2,0.001,0.53474,1000,0.25,20,0.1,SI,0.1,1019,125544,F (viabilidad T_v>F),honesto,124525,40.475,empírico DS-6; mejor ρ de la rejilla
empirico,0.25,0.001,0.436567,1000,0.25,20,0.1,SI,0.1,1019,125544,F (viabilidad T_v>F),honesto,124525,40.475,empírico DS-6; mejor ρ de la rejilla
empirico,0.33,0.001,0.278665,1000,0.25,20,0.1,SI,0.1,1019,125544,F (viabilidad T_v>F),honesto,124525,40.475,empírico DS-6; mejor ρ de la rejilla
empirico,0.4,0.001,0.141609,1000,0.25,20,0.1,SI,0.1,1019,125544,F (viabilidad T_v>F),honesto,124525,40.475,empírico DS-6; mejor ρ de la rejilla
empirico,0.2,0.001,0.53474,1000,0.25,100,0.0001,SI,0.1,1019,1.26143e+08,F (viabilidad T_v>F),honesto,1.26142e+08,60.475,empírico DS-6; mejor ρ de la rejilla
empirico,0.25,0.001,0.436567,1000,0.25,100,0.0001,SI,0.1,1019,1.26143e+08,F (viabilidad T_v>F),honesto,1.26142e+08,60.475,empírico DS-6; mejor ρ de la rejilla
empirico,0.33,0.001,0.278665,1000,0.25,100,0.0001,SI,0.1,1019,1.26143e+08,F (viabilidad T_v>F),honesto,1.26142e+08,60.475,empírico DS-6; mejor ρ de la rejilla
empirico,0.4,0.001,0.141609,1000,0.25,100,0.0001,SI,0.1,1019,1.26143e+08,F (viabilidad T_v>F),honesto,1.26142e+08,60.475,empírico DS-6; mejor ρ de la rejilla
empirico,0.2,0.001,0.53474,1000,0.25,100,0.001,SI,0.1,1019,1.2613e+07,F (viabilidad T_v>F),honesto,1.2612e+07,60.475,empírico DS-6; mejor ρ de la rejilla
empirico,0.25,0.001,0.436567,1000,0.25,100,0.001,SI,0.1,1019,1.2613e+07,F (viabilidad T_v>F),honesto,1.2612e+07,60.475,empírico DS-6; mejor ρ de la rejilla
empirico,0.33,0.001,0.278665,1000,0.25,100,0.001,SI,0.1,1019,1.2613e+07,F (viabilidad T_v>F),honesto,1.2612e+07,60.475,empírico DS-6; mejor ρ de la rejilla
empirico,0.4,0.001,0.141609,1000,0.25,100,0.001,SI,0.1,1019,1.2613e+07,F (viabilidad T_v>F),honesto,1.2612e+07,60.475,empírico DS-6; mejor ρ de la rejilla
empirico,0.2,0.001,0.53474,1000,0.25,100,0.01,SI,0.1,1019,1.26004e+06,F (viabilidad T_v>F),honesto,1.25902e+06,60.475,empírico DS-6; mejor ρ de la rejilla
empirico,0.25,0.001,0.436567,1000,0.25,100,0.01,SI,0.1,1019,1.26004e+06,F (viabilidad T_v>F),honesto,1.25902e+06,60.475,empírico DS-6; mejor ρ de la rejilla
empirico,0.33,0.001,0.278665,1000,0.25,100,0.01,SI,0.1,1019,1.26004e+06,F (viabilidad T_v>F),honesto,1.25902e+06,60.475,empírico DS-6; mejor ρ de la rejilla
empirico,0.4,0.001,0.141609,1000,0.25,100,0.01,SI,0.1,1019,1.26004e+06,F (viabilidad T_v>F),honesto,1.25902e+06,60.475,empírico DS-6; mejor ρ de la rejilla
empirico,0.2,0.001,0.53474,1000,0.25,100,0.1,SI,0.1,1019,124744,F (viabilidad T_v>F),honesto,123725,60.475,empírico DS-6; mejor ρ de la rejilla
empirico,0.25,0.001,0.436567,1000,0.25,100,0.1,SI,0.1,1019,124744,F (viabilidad T_v>F),honesto,123725,60.475,empírico DS-6; mejor ρ de la rejilla
empirico,0.33,0.001,0.278665,1000,0.25,100,0.1,SI,0.1,1019,124744,F (viabilidad T_v>F),honesto,123725,60.475,empírico DS-6; mejor ρ de la rejilla
empirico,0.4,0.001,0.141609,1000,0.25,100,0.1,SI,0.1,1019,124744,F (viabilidad T_v>F),honesto,123725,60.475,empírico DS-6; mejor ρ de la rejilla
empirico,0.2,0.001,0.53474,1000,0.25,1000,0.0001,SI,0.1,1019,1.26134e+08,F (viabilidad T_v>F),honesto,1.26133e+08,285.475,empírico DS-6; mejor ρ de la rejilla
empirico,0.25,0.001,0.436567,1000,0.25,1000,0.0001,SI,0.1,1019,1.26134e+08,F (viabilidad T_v>F),honesto,1.26133e+08,285.475,empírico DS-6; mejor ρ de la rejilla
empirico,0.33,0.001,0.278665,1000,0.25,1000,0.0001,SI,0.1,1019,1.26134e+08,F (viabilidad T_v>F),honesto,1.26133e+08,285.475,empírico DS-6; mejor ρ de la rejilla
empirico,0.4,0.001,0.141609,1000,0.25,1000,0.0001,SI,0.1,1019,1.26134e+08,F (viabilidad T_v>F),honesto,1.26133e+08,285.475,empírico DS-6; mejor ρ de la rejilla
empirico,0.2,0.001,0.53474,1000,0.25,1000,0.001,SI,0.1,1019,1.2604e+07,F (viabilidad T_v>F),honesto,1.2603e+07,285.475,empírico DS-6; mejor ρ de la rejilla
empirico,0.25,0.001,0.436567,1000,0.25,1000,0.001,SI,0.1,1019,1.2604e+07,F (viabilidad T_v>F),honesto,1.2603e+07,285.475,empírico DS-6; mejor ρ de la rejilla
empirico,0.33,0.001,0.278665,1000,0.25,1000,0.001,SI,0.1,1019,1.2604e+07,F (viabilidad T_v>F),honesto,1.2603e+07,285.475,empírico DS-6; mejor ρ de la rejilla
empirico,0.4,0.001,0.141609,1000,0.25,1000,0.001,SI,0.1,1019,1.2604e+07,F (viabilidad T_v>F),honesto,1.2603e+07,285.475,empírico DS-6; mejor ρ de la rejilla
empirico,0.2,0.001,0.53474,1000,0.25,1000,0.01,SI,0.1,1019,1.25104e+06,F (viabilidad T_v>F),honesto,1.25002e+06,285.475,empírico DS-6; mejor ρ de la rejilla
empirico,0.25,0.001,0.436567,1000,0.25,1000,0.01,SI,0.1,1019,1.25104e+06,F (viabilidad T_v>F),honesto,1.25002e+06,285.475,empírico DS-6; mejor ρ de la rejilla
empirico,0.33,0.001,0.278665,1000,0.25,1000,0.01,SI,0.1,1019,1.25104e+06,F (viabilidad T_v>F),honesto,1.25002e+06,285.475,empírico DS-6; mejor ρ de la rejilla
empirico,0.4,0.001,0.141609,1000,0.25,1000,0.01,SI,0.1,1019,1.25104e+06,F (viabilidad T_v>F),honesto,1.25002e+06,285.475,empírico DS-6; mejor ρ de la rejilla
empirico,0.2,0.001,0.53474,1000,0.25,1000,0.1,SI,0.1,1019,115744,F (viabilidad T_v>F),honesto,114725,285.475,empírico DS-6; mejor ρ de la rejilla
empirico,0.25,0.001,0.436567,1000,0.25,1000,0.1,SI,0.1,1019,115744,F (viabilidad T_v>F),honesto,114725,285.475,empírico DS-6; mejor ρ de la rejilla
empirico,0.33,0.001,0.278665,1000,0.25,1000,0.1,SI,0.1,1019,115744,F (viabilidad T_v>F),honesto,114725,285.475,empírico DS-6; mejor ρ de la rejilla
empirico,0.4,0.001,0.141609,1000,0.25,1000,0.1,SI,0.1,1019,115744,F (viabilidad T_v>F),honesto,114725,285.475,empírico DS-6; mejor ρ de la rejilla
empirico,0.2,0.001,0.53474,1000,0.25,10000,0.0001,SI,0.1,1019,1.26044e+08,F (viabilidad T_v>F),honesto,1.26043e+08,2535.47,empírico DS-6; mejor ρ de la rejilla
empirico,0.25,0.001,0.436567,1000,0.25,10000,0.0001,SI,0.1,1019,1.26044e+08,F (viabilidad T_v>F),honesto,1.26043e+08,2535.47,empírico DS-6; mejor ρ de la rejilla
empirico,0.33,0.001,0.278665,1000,0.25,10000,0.0001,SI,0.1,1019,1.26044e+08,F (viabilidad T_v>F),honesto,1.26043e+08,2535.47,empírico DS-6; mejor ρ de la rejilla
empirico,0.4,0.001,0.141609,1000,0.25,10000,0.0001,SI,0.1,1019,1.26044e+08,F (viabilidad T_v>F),honesto,1.26043e+08,2535.47,empírico DS-6; mejor ρ de la rejilla
empirico,0.2,0.001,0.53474,1000,0.25,10000,0.001,SI,0.1,1019,1.2514e+07,F (viabilidad T_v>F),honesto,1.2513e+07,2535.47,empírico DS-6; mejor ρ de la rejilla
empirico,0.25,0.001,0.436567,1000,0.25,10000,0.001,SI,0.1,1019,1.2514e+07,F (viabilidad T_v>F),honesto,1.2513e+07,2535.47,empírico DS-6; mejor ρ de la rejilla
empirico,0.33,0.001,0.278665,1000,0.25,10000,0.001,SI,0.1,1019,1.2514e+07,F (viabilidad T_v>F),honesto,1.2513e+07,2535.47,empírico DS-6; mejor ρ de la rejilla
empirico,0.4,0.001,0.141609,1000,0.25,10000,0.001,SI,0.1,1019,1.2514e+07,F (viabilidad T_v>F),honesto,1.2513e+07,2535.47,empírico DS-6; mejor ρ de la rejilla
empirico,0.2,0.001,0.53474,1000,0.25,10000,0.01,SI,0.1,1019,1.16104e+06,F (viabilidad T_v>F),honesto,1.16002e+06,2535.47,empírico DS-6; mejor ρ de la rejilla
empirico,0.25,0.001,0.436567,1000,0.25,10000,0.01,SI,0.1,1019,1.16104e+06,F (viabilidad T_v>F),honesto,1.16002e+06,2535.47,empírico DS-6; mejor ρ de la rejilla
empirico,0.33,0.001,0.278665,1000,0.25,10000,0.01,SI,0.1,1019,1.16104e+06,F (viabilidad T_v>F),honesto,1.16002e+06,2535.47,empírico DS-6; mejor ρ de la rejilla
empirico,0.4,0.001,0.141609,1000,0.25,10000,0.01,SI,0.1,1019,1.16104e+06,F (viabilidad T_v>F),honesto,1.16002e+06,2535.47,empírico DS-6; mejor ρ de la rejilla
empirico,0.2,0.001,0.53474,1000,0.25,10000,0.1,SI,0.1,1019,25744,F (viabilidad T_v>F),honesto,24725,2535.47,empírico DS-6; mejor ρ de la rejilla
empirico,0.25,0.001,0.436567,1000,0.25,10000,0.1,SI,0.1,1019,25744,F (viabilidad T_v>F),honesto,24725,2535.47,empírico DS-6; mejor ρ de la rejilla
empirico,0.33,0.001,0.278665,1000,0.25,10000,0.1,SI,0.1,1019,25744,F (viabilidad T_v>F),honesto,24725,2535.47,empírico DS-6; mejor ρ de la rejilla
empirico,0.4,0.001,0.141609,1000,0.25,10000,0.1,SI,0.1,1019,25744,F (viabilidad T_v>F),honesto,24725,2535.47,empírico DS-6; mejor ρ de la rejilla
empirico,0.2,0.001,0.53474,1000,0.5,20,0.0001,SI,0.1,1019,6.30716e+07,F (viabilidad T_v>F),honesto,6.30706e+07,70.95,empírico DS-6; mejor ρ de la rejilla
empirico,0.25,0.001,0.436567,1000,0.5,20,0.0001,SI,0.1,1019,6.30716e+07,F (viabilidad T_v>F),honesto,6.30706e+07,70.95,empírico DS-6; mejor ρ de la rejilla
empirico,0.33,0.001,0.278665,1000,0.5,20,0.0001,SI,0.1,1019,6.30716e+07,F (viabilidad T_v>F),honesto,6.30706e+07,70.95,empírico DS-6; mejor ρ de la rejilla
empirico,0.4,0.001,0.141609,1000,0.5,20,0.0001,SI,0.1,1019,6.30716e+07,F (viabilidad T_v>F),honesto,6.30706e+07,70.95,empírico DS-6; mejor ρ de la rejilla
empirico,0.2,0.001,0.53474,1000,0.5,20,0.001,SI,0.1,1019,6.3068e+06,F (viabilidad T_v>F),honesto,6.30578e+06,70.95,empírico DS-6; mejor ρ de la rejilla
empirico,0.25,0.001,0.436567,1000,0.5,20,0.001,SI,0.1,1019,6.3068e+06,F (viabilidad T_v>F),honesto,6.30578e+06,70.95,empírico DS-6; mejor ρ de la rejilla
empirico,0.33,0.001,0.278665,1000,0.5,20,0.001,SI,0.1,1019,6.3068e+06,F (viabilidad T_v>F),honesto,6.30578e+06,70.95,empírico DS-6; mejor ρ de la rejilla
empirico,0.4,0.001,0.141609,1000,0.5,20,0.001,SI,0.1,1019,6.3068e+06,F (viabilidad T_v>F),honesto,6.30578e+06,70.95,empírico DS-6; mejor ρ de la rejilla
empirico,0.2,0.001,0.53474,1000,0.5,20,0.01,SI,0.1,1019,630320,F (viabilidad T_v>F),honesto,629301,70.95,empírico DS-6; mejor ρ de la rejilla
empirico,0.25,0.001,0.436567,1000,0.5,20,0.01,SI,0.1,1019,630320,F (viabilidad T_v>F),honesto,629301,70.95,empírico DS-6; mejor ρ de la rejilla
empirico,0.33,0.001,0.278665,1000,0.5,20,0.01,SI,0.1,1019,630320,F (viabilidad T_v>F),honesto,629301,70.95,empírico DS-6; mejor ρ de la rejilla
empirico,0.4,0.001,0.141609,1000,0.5,20,0.01,SI,0.1,1019,630320,F (viabilidad T_v>F),honesto,629301,70.95,empírico DS-6; mejor ρ de la rejilla
empirico,0.2,0.001,0.53474,1000,0.5,20,0.1,SI,0.1,1019,62672,F (viabilidad T_v>F),honesto,61653,70.95,empírico DS-6; mejor ρ de la rejilla
empirico,0.25,0.001,0.436567,1000,0.5,20,0.1,SI,0.1,1019,62672,F (viabilidad T_v>F),honesto,61653,70.95,empírico DS-6; mejor ρ de la rejilla
empirico,0.33,0.001,0.278665,1000,0.5,20,0.1,SI,0.1,1019,62672,F (viabilidad T_v>F),honesto,61653,70.95,empírico DS-6; mejor ρ de la rejilla
empirico,0.4,0.001,0.141609,1000,0.5,20,0.1,SI,0.1,1019,62672,F (viabilidad T_v>F),honesto,61653,70.95,empírico DS-6; mejor ρ de la rejilla
empirico,0.2,0.001,0.53474,1000,0.5,100,0.0001,SI,0.1,1019,6.30708e+07,F (viabilidad T_v>F),honesto,6.30698e+07,110.95,empírico DS-6; mejor ρ de la rejilla
empirico,0.25,0.001,0.436567,1000,0.5,100,0.0001,SI,0.1,1019,6.30708e+07,F (viabilidad T_v>F),honesto,6.30698e+07,110.95,empírico DS-6; mejor ρ de la rejilla
empirico,0.33,0.001,0.278665,1000,0.5,100,0.0001,SI,0.1,1019,6.30708e+07,F (viabilidad T_v>F),honesto,6.30698e+07,110.95,empírico DS-6; mejor ρ de la rejilla
empirico,0.4,0.001,0.141609,1000,0.5,100,0.0001,SI,0.1,1019,6.30708e+07,F (viabilidad T_v>F),honesto,6.30698e+07,110.95,empírico DS-6; mejor ρ de la rejilla
empirico,0.2,0.001,0.53474,1000,0.5,100,0.001,SI,0.1,1019,6.306e+06,F (viabilidad T_v>F),honesto,6.30498e+06,110.95,empírico DS-6; mejor ρ de la rejilla
empirico,0.25,0.001,0.436567,1000,0.5,100,0.001,SI,0.1,1019,6.306e+06,F (viabilidad T_v>F),honesto,6.30498e+06,110.95,empírico DS-6; mejor ρ de la rejilla
empirico,0.33,0.001,0.278665,1000,0.5,100,0.001,SI,0.1,1019,6.306e+06,F (viabilidad T_v>F),honesto,6.30498e+06,110.95,empírico DS-6; mejor ρ de la rejilla
empirico,0.4,0.001,0.141609,1000,0.5,100,0.001,SI,0.1,1019,6.306e+06,F (viabilidad T_v>F),honesto,6.30498e+06,110.95,empírico DS-6; mejor ρ de la rejilla
empirico,0.2,0.001,0.53474,1000,0.5,100,0.01,SI,0.1,1019,629520,F (viabilidad T_v>F),honesto,628501,110.95,empírico DS-6; mejor ρ de la rejilla
empirico,0.25,0.001,0.436567,1000,0.5,100,0.01,SI,0.1,1019,629520,F (viabilidad T_v>F),honesto,628501,110.95,empírico DS-6; mejor ρ de la rejilla
empirico,0.33,0.001,0.278665,1000,0.5,100,0.01,SI,0.1,1019,629520,F (viabilidad T_v>F),honesto,628501,110.95,empírico DS-6; mejor ρ de la rejilla
empirico,0.4,0.001,0.141609,1000,0.5,100,0.01,SI,0.1,1019,629520,F (viabilidad T_v>F),honesto,628501,110.95,empírico DS-6; mejor ρ de la rejilla
empirico,0.2,0.001,0.53474,1000,0.5,100,0.1,SI,0.1,1019,61872,F (viabilidad T_v>F),honesto,60853,110.95,empírico DS-6; mejor ρ de la rejilla
empirico,0.25,0.001,0.436567,1000,0.5,100,0.1,SI,0.1,1019,61872,F (viabilidad T_v>F),honesto,60853,110.95,empírico DS-6; mejor ρ de la rejilla
empirico,0.33,0.001,0.278665,1000,0.5,100,0.1,SI,0.1,1019,61872,F (viabilidad T_v>F),honesto,60853,110.95,empírico DS-6; mejor ρ de la rejilla
empirico,0.4,0.001,0.141609,1000,0.5,100,0.1,SI,0.1,1019,61872,F (viabilidad T_v>F),honesto,60853,110.95,empírico DS-6; mejor ρ de la rejilla
empirico,0.2,0.001,0.53474,1000,0.5,1000,0.0001,SI,0.1,1019,6.30618e+07,F (viabilidad T_v>F),honesto,6.30608e+07,560.95,empírico DS-6; mejor ρ de la rejilla
empirico,0.25,0.001,0.436567,1000,0.5,1000,0.0001,SI,0.1,1019,6.30618e+07,F (viabilidad T_v>F),honesto,6.30608e+07,560.95,empírico DS-6; mejor ρ de la rejilla
empirico,0.33,0.001,0.278665,1000,0.5,1000,0.0001,SI,0.1,1019,6.30618e+07,F (viabilidad T_v>F),honesto,6.30608e+07,560.95,empírico DS-6; mejor ρ de la rejilla
empirico,0.4,0.001,0.141609,1000,0.5,1000,0.0001,SI,0.1,1019,6.30618e+07,F (viabilidad T_v>F),honesto,6.30608e+07,560.95,empírico DS-6; mejor ρ de la rejilla
empirico,0.2,0.001,0.53474,1000,0.5,1000,0.001,SI,0.1,1019,6.297e+06,F (viabilidad T_v>F),honesto,6.29598e+06,560.95,empírico DS-6; mejor ρ de la rejilla
empirico,0.25,0.001,0.436567,1000,0.5,1000,0.001,SI,0.1,1019,6.297e+06,F (viabilidad T_v>F),honesto,6.29598e+06,560.95,empírico DS-6; mejor ρ de la rejilla
empirico,0.33,0.001,0.278665,1000,0.5,1000,0.001,SI,0.1,1019,6.297e+06,F (viabilidad T_v>F),honesto,6.29598e+06,560.95,empírico DS-6; mejor ρ de la rejilla
empirico,0.4,0.001,0.141609,1000,0.5,1000,0.001,SI,0.1,1019,6.297e+06,F (viabilidad T_v>F),honesto,6.29598e+06,560.95,empírico DS-6; mejor ρ de la rejilla
empirico,0.2,0.001,0.53474,1000,0.5,1000,0.01,SI,0.1,1019,620520,F (viabilidad T_v>F),honesto,619501,560.95,empírico DS-6; mejor ρ de la rejilla
empirico,0.25,0.001,0.436567,1000,0.5,1000,0.01,SI,0.1,1019,620520,F (viabilidad T_v>F),honesto,619501,560.95,empírico DS-6; mejor ρ de la rejilla
empirico,0.33,0.001,0.278665,1000,0.5,1000,0.01,SI,0.1,1019,620520,F (viabilidad T_v>F),honesto,619501,560.95,empírico DS-6; mejor ρ de la rejilla
empirico,0.4,0.001,0.141609,1000,0.5,1000,0.01,SI,0.1,1019,620520,F (viabilidad T_v>F),honesto,619501,560.95,empírico DS-6; mejor ρ de la rejilla
empirico,0.2,0.001,0.53474,1000,0.5,1000,0.1,SI,0.1,1019,52872,F (viabilidad T_v>F),honesto,51853,560.95,empírico DS-6; mejor ρ de la rejilla
empirico,0.25,0.001,0.436567,1000,0.5,1000,0.1,SI,0.1,1019,52872,F (viabilidad T_v>F),honesto,51853,560.95,empírico DS-6; mejor ρ de la rejilla
empirico,0.33,0.001,0.278665,1000,0.5,1000,0.1,SI,0.1,1019,52872,F (viabilidad T_v>F),honesto,51853,560.95,empírico DS-6; mejor ρ de la rejilla
empirico,0.4,0.001,0.141609,1000,0.5,1000,0.1,SI,0.1,1019,52872,F (viabilidad T_v>F),honesto,51853,560.95,empírico DS-6; mejor ρ de la rejilla
empirico,0.2,0.001,0.53474,1000,0.5,10000,0.0001,SI,0.1,1019,6.29718e+07,F (viabilidad T_v>F),honesto,6.29708e+07,5060.95,empírico DS-6; mejor ρ de la rejilla
empirico,0.25,0.001,0.436567,1000,0.5,10000,0.0001,SI,0.1,1019,6.29718e+07,F (viabilidad T_v>F),honesto,6.29708e+07,5060.95,empírico DS-6; mejor ρ de la rejilla
empirico,0.33,0.001,0.278665,1000,0.5,10000,0.0001,SI,0.1,1019,6.29718e+07,F (viabilidad T_v>F),honesto,6.29708e+07,5060.95,empírico DS-6; mejor ρ de la rejilla
empirico,0.4,0.001,0.141609,1000,0.5,10000,0.0001,SI,0.1,1019,6.29718e+07,F (viabilidad T_v>F),honesto,6.29708e+07,5060.95,empírico DS-6; mejor ρ de la rejilla
empirico,0.2,0.001,0.53474,1000,0.5,10000,0.001,SI,0.1,1019,6.207e+06,F (viabilidad T_v>F),honesto,6.20598e+06,5060.95,empírico DS-6; mejor ρ de la rejilla
empirico,0.25,0.001,0.436567,1000,0.5,10000,0.001,SI,0.1,1019,6.207e+06,F (viabilidad T_v>F),honesto,6.20598e+06,5060.95,empírico DS-6; mejor ρ de la rejilla
empirico,0.33,0.001,0.278665,1000,0.5,10000,0.001,SI,0.1,1019,6.207e+06,F (viabilidad T_v>F),honesto,6.20598e+06,5060.95,empírico DS-6; mejor ρ de la rejilla
empirico,0.4,0.001,0.141609,1000,0.5,10000,0.001,SI,0.1,1019,6.207e+06,F (viabilidad T_v>F),honesto,6.20598e+06,5060.95,empírico DS-6; mejor ρ de la rejilla
empirico,0.2,0.001,0.53474,1000,0.5,10000,0.01,SI,0.1,1019,530520,F (viabilidad T_v>F),honesto,529501,5060.95,empírico DS-6; mejor ρ de la rejilla
empirico,0.25,0.001,0.436567,1000,0.5,10000,0.01,SI,0.1,1019,530520,F (viabilidad T_v>F),honesto,529501,5060.95,empírico DS-6; mejor ρ de la rejilla
empirico,0.33,0.001,0.278665,1000,0.5,10000,0.01,SI,0.1,1019,530520,F (viabilidad T_v>F),honesto,529501,5060.95,empírico DS-6; mejor ρ de la rejilla
empirico,0.4,0.001,0.141609,1000,0.5,10000,0.01,SI,0.1,1019,530520,F (viabilidad T_v>F),honesto,529501,5060.95,empírico DS-6; mejor ρ de la rejilla
empirico,0.2,0.001,0.53474,1000,0.5,10000,0.1,NO,NaN,NaN,NaN,—,—,-Inf,NaN,empírico DS-6; mejor ρ de la rejilla
empirico,0.25,0.001,0.436567,1000,0.5,10000,0.1,NO,NaN,NaN,NaN,—,—,-Inf,NaN,empírico DS-6; mejor ρ de la rejilla
empirico,0.33,0.001,0.278665,1000,0.5,10000,0.1,NO,NaN,NaN,NaN,—,—,-Inf,NaN,empírico DS-6; mejor ρ de la rejilla
empirico,0.4,0.001,0.141609,1000,0.5,10000,0.1,NO,NaN,NaN,NaN,—,—,-Inf,NaN,empírico DS-6; mejor ρ de la rejilla
empirico,0.2,0.001,0.53474,1000,1,20,0.0001,SI,0.1,1019,3.15357e+07,F (viabilidad T_v>F),honesto,3.15347e+07,131.9,empírico DS-6; mejor ρ de la rejilla
empirico,0.25,0.001,0.436567,1000,1,20,0.0001,SI,0.1,1019,3.15357e+07,F (viabilidad T_v>F),honesto,3.15347e+07,131.9,empírico DS-6; mejor ρ de la rejilla
empirico,0.33,0.001,0.278665,1000,1,20,0.0001,SI,0.1,1019,3.15357e+07,F (viabilidad T_v>F),honesto,3.15347e+07,131.9,empírico DS-6; mejor ρ de la rejilla
empirico,0.4,0.001,0.141609,1000,1,20,0.0001,SI,0.1,1019,3.15357e+07,F (viabilidad T_v>F),honesto,3.15347e+07,131.9,empírico DS-6; mejor ρ de la rejilla
empirico,0.2,0.001,0.53474,1000,1,20,0.001,SI,0.1,1019,3.1533e+06,F (viabilidad T_v>F),honesto,3.15228e+06,131.9,empírico DS-6; mejor ρ de la rejilla
empirico,0.25,0.001,0.436567,1000,1,20,0.001,SI,0.1,1019,3.1533e+06,F (viabilidad T_v>F),honesto,3.15228e+06,131.9,empírico DS-6; mejor ρ de la rejilla
empirico,0.33,0.001,0.278665,1000,1,20,0.001,SI,0.1,1019,3.1533e+06,F (viabilidad T_v>F),honesto,3.15228e+06,131.9,empírico DS-6; mejor ρ de la rejilla
empirico,0.4,0.001,0.141609,1000,1,20,0.001,SI,0.1,1019,3.1533e+06,F (viabilidad T_v>F),honesto,3.15228e+06,131.9,empírico DS-6; mejor ρ de la rejilla
empirico,0.2,0.001,0.53474,1000,1,20,0.01,SI,0.1,1019,315060,F (viabilidad T_v>F),honesto,314041,131.9,empírico DS-6; mejor ρ de la rejilla
empirico,0.25,0.001,0.436567,1000,1,20,0.01,SI,0.1,1019,315060,F (viabilidad T_v>F),honesto,314041,131.9,empírico DS-6; mejor ρ de la rejilla
empirico,0.33,0.001,0.278665,1000,1,20,0.01,SI,0.1,1019,315060,F (viabilidad T_v>F),honesto,314041,131.9,empírico DS-6; mejor ρ de la rejilla
empirico,0.4,0.001,0.141609,1000,1,20,0.01,SI,0.1,1019,315060,F (viabilidad T_v>F),honesto,314041,131.9,empírico DS-6; mejor ρ de la rejilla
empirico,0.2,0.001,0.53474,1000,1,20,0.1,SI,0.1,1019,31236,F (viabilidad T_v>F),honesto,30217,131.9,empírico DS-6; mejor ρ de la rejilla
empirico,0.25,0.001,0.436567,1000,1,20,0.1,SI,0.1,1019,31236,F (viabilidad T_v>F),honesto,30217,131.9,empírico DS-6; mejor ρ de la rejilla
empirico,0.33,0.001,0.278665,1000,1,20,0.1,SI,0.1,1019,31236,F (viabilidad T_v>F),honesto,30217,131.9,empírico DS-6; mejor ρ de la rejilla
empirico,0.4,0.001,0.141609,1000,1,20,0.1,SI,0.1,1019,31236,F (viabilidad T_v>F),honesto,30217,131.9,empírico DS-6; mejor ρ de la rejilla
empirico,0.2,0.001,0.53474,1000,1,100,0.0001,SI,0.1,1019,3.15349e+07,F (viabilidad T_v>F),honesto,3.15339e+07,211.9,empírico DS-6; mejor ρ de la rejilla
empirico,0.25,0.001,0.436567,1000,1,100,0.0001,SI,0.1,1019,3.15349e+07,F (viabilidad T_v>F),honesto,3.15339e+07,211.9,empírico DS-6; mejor ρ de la rejilla
empirico,0.33,0.001,0.278665,1000,1,100,0.0001,SI,0.1,1019,3.15349e+07,F (viabilidad T_v>F),honesto,3.15339e+07,211.9,empírico DS-6; mejor ρ de la rejilla
empirico,0.4,0.001,0.141609,1000,1,100,0.0001,SI,0.1,1019,3.15349e+07,F (viabilidad T_v>F),honesto,3.15339e+07,211.9,empírico DS-6; mejor ρ de la rejilla
empirico,0.2,0.001,0.53474,1000,1,100,0.001,SI,0.1,1019,3.1525e+06,F (viabilidad T_v>F),honesto,3.15148e+06,211.9,empírico DS-6; mejor ρ de la rejilla
empirico,0.25,0.001,0.436567,1000,1,100,0.001,SI,0.1,1019,3.1525e+06,F (viabilidad T_v>F),honesto,3.15148e+06,211.9,empírico DS-6; mejor ρ de la rejilla
empirico,0.33,0.001,0.278665,1000,1,100,0.001,SI,0.1,1019,3.1525e+06,F (viabilidad T_v>F),honesto,3.15148e+06,211.9,empírico DS-6; mejor ρ de la rejilla
empirico,0.4,0.001,0.141609,1000,1,100,0.001,SI,0.1,1019,3.1525e+06,F (viabilidad T_v>F),honesto,3.15148e+06,211.9,empírico DS-6; mejor ρ de la rejilla
empirico,0.2,0.001,0.53474,1000,1,100,0.01,SI,0.1,1019,314260,F (viabilidad T_v>F),honesto,313241,211.9,empírico DS-6; mejor ρ de la rejilla
empirico,0.25,0.001,0.436567,1000,1,100,0.01,SI,0.1,1019,314260,F (viabilidad T_v>F),honesto,313241,211.9,empírico DS-6; mejor ρ de la rejilla
empirico,0.33,0.001,0.278665,1000,1,100,0.01,SI,0.1,1019,314260,F (viabilidad T_v>F),honesto,313241,211.9,empírico DS-6; mejor ρ de la rejilla
empirico,0.4,0.001,0.141609,1000,1,100,0.01,SI,0.1,1019,314260,F (viabilidad T_v>F),honesto,313241,211.9,empírico DS-6; mejor ρ de la rejilla
empirico,0.2,0.001,0.53474,1000,1,100,0.1,SI,0.1,1019,30436,F (viabilidad T_v>F),honesto,29417,211.9,empírico DS-6; mejor ρ de la rejilla
empirico,0.25,0.001,0.436567,1000,1,100,0.1,SI,0.1,1019,30436,F (viabilidad T_v>F),honesto,29417,211.9,empírico DS-6; mejor ρ de la rejilla
empirico,0.33,0.001,0.278665,1000,1,100,0.1,SI,0.1,1019,30436,F (viabilidad T_v>F),honesto,29417,211.9,empírico DS-6; mejor ρ de la rejilla
empirico,0.4,0.001,0.141609,1000,1,100,0.1,SI,0.1,1019,30436,F (viabilidad T_v>F),honesto,29417,211.9,empírico DS-6; mejor ρ de la rejilla
empirico,0.2,0.001,0.53474,1000,1,1000,0.0001,SI,0.1,1019,3.15259e+07,F (viabilidad T_v>F),honesto,3.15249e+07,1111.9,empírico DS-6; mejor ρ de la rejilla
empirico,0.25,0.001,0.436567,1000,1,1000,0.0001,SI,0.1,1019,3.15259e+07,F (viabilidad T_v>F),honesto,3.15249e+07,1111.9,empírico DS-6; mejor ρ de la rejilla
empirico,0.33,0.001,0.278665,1000,1,1000,0.0001,SI,0.1,1019,3.15259e+07,F (viabilidad T_v>F),honesto,3.15249e+07,1111.9,empírico DS-6; mejor ρ de la rejilla
empirico,0.4,0.001,0.141609,1000,1,1000,0.0001,SI,0.1,1019,3.15259e+07,F (viabilidad T_v>F),honesto,3.15249e+07,1111.9,empírico DS-6; mejor ρ de la rejilla
empirico,0.2,0.001,0.53474,1000,1,1000,0.001,SI,0.1,1019,3.1435e+06,F (viabilidad T_v>F),honesto,3.14248e+06,1111.9,empírico DS-6; mejor ρ de la rejilla
empirico,0.25,0.001,0.436567,1000,1,1000,0.001,SI,0.1,1019,3.1435e+06,F (viabilidad T_v>F),honesto,3.14248e+06,1111.9,empírico DS-6; mejor ρ de la rejilla
empirico,0.33,0.001,0.278665,1000,1,1000,0.001,SI,0.1,1019,3.1435e+06,F (viabilidad T_v>F),honesto,3.14248e+06,1111.9,empírico DS-6; mejor ρ de la rejilla
empirico,0.4,0.001,0.141609,1000,1,1000,0.001,SI,0.1,1019,3.1435e+06,F (viabilidad T_v>F),honesto,3.14248e+06,1111.9,empírico DS-6; mejor ρ de la rejilla
empirico,0.2,0.001,0.53474,1000,1,1000,0.01,SI,0.1,1019,305260,F (viabilidad T_v>F),honesto,304241,1111.9,empírico DS-6; mejor ρ de la rejilla
empirico,0.25,0.001,0.436567,1000,1,1000,0.01,SI,0.1,1019,305260,F (viabilidad T_v>F),honesto,304241,1111.9,empírico DS-6; mejor ρ de la rejilla
empirico,0.33,0.001,0.278665,1000,1,1000,0.01,SI,0.1,1019,305260,F (viabilidad T_v>F),honesto,304241,1111.9,empírico DS-6; mejor ρ de la rejilla
empirico,0.4,0.001,0.141609,1000,1,1000,0.01,SI,0.1,1019,305260,F (viabilidad T_v>F),honesto,304241,1111.9,empírico DS-6; mejor ρ de la rejilla
empirico,0.2,0.001,0.53474,1000,1,1000,0.1,SI,0.1,1019,21436,F (viabilidad T_v>F),honesto,20417,1111.9,empírico DS-6; mejor ρ de la rejilla
empirico,0.25,0.001,0.436567,1000,1,1000,0.1,SI,0.1,1019,21436,F (viabilidad T_v>F),honesto,20417,1111.9,empírico DS-6; mejor ρ de la rejilla
empirico,0.33,0.001,0.278665,1000,1,1000,0.1,SI,0.1,1019,21436,F (viabilidad T_v>F),honesto,20417,1111.9,empírico DS-6; mejor ρ de la rejilla
empirico,0.4,0.001,0.141609,1000,1,1000,0.1,SI,0.1,1019,21436,F (viabilidad T_v>F),honesto,20417,1111.9,empírico DS-6; mejor ρ de la rejilla
empirico,0.2,0.001,0.53474,1000,1,10000,0.0001,SI,0.1,1019,3.14359e+07,F (viabilidad T_v>F),honesto,3.14349e+07,10111.9,empírico DS-6; mejor ρ de la rejilla
empirico,0.25,0.001,0.436567,1000,1,10000,0.0001,SI,0.1,1019,3.14359e+07,F (viabilidad T_v>F),honesto,3.14349e+07,10111.9,empírico DS-6; mejor ρ de la rejilla
empirico,0.33,0.001,0.278665,1000,1,10000,0.0001,SI,0.1,1019,3.14359e+07,F (viabilidad T_v>F),honesto,3.14349e+07,10111.9,empírico DS-6; mejor ρ de la rejilla
empirico,0.4,0.001,0.141609,1000,1,10000,0.0001,SI,0.1,1019,3.14359e+07,F (viabilidad T_v>F),honesto,3.14349e+07,10111.9,empírico DS-6; mejor ρ de la rejilla
empirico,0.2,0.001,0.53474,1000,1,10000,0.001,SI,0.1,1019,3.0535e+06,F (viabilidad T_v>F),honesto,3.05248e+06,10111.9,empírico DS-6; mejor ρ de la rejilla
empirico,0.25,0.001,0.436567,1000,1,10000,0.001,SI,0.1,1019,3.0535e+06,F (viabilidad T_v>F),honesto,3.05248e+06,10111.9,empírico DS-6; mejor ρ de la rejilla
empirico,0.33,0.001,0.278665,1000,1,10000,0.001,SI,0.1,1019,3.0535e+06,F (viabilidad T_v>F),honesto,3.05248e+06,10111.9,empírico DS-6; mejor ρ de la rejilla
empirico,0.4,0.001,0.141609,1000,1,10000,0.001,SI,0.1,1019,3.0535e+06,F (viabilidad T_v>F),honesto,3.05248e+06,10111.9,empírico DS-6; mejor ρ de la rejilla
empirico,0.2,0.001,0.53474,1000,1,10000,0.01,SI,0.1,1019,215260,F (viabilidad T_v>F),honesto,214241,10111.9,empírico DS-6; mejor ρ de la rejilla
empirico,0.25,0.001,0.436567,1000,1,10000,0.01,SI,0.1,1019,215260,F (viabilidad T_v>F),honesto,214241,10111.9,empírico DS-6; mejor ρ de la rejilla
empirico,0.33,0.001,0.278665,1000,1,10000,0.01,SI,0.1,1019,215260,F (viabilidad T_v>F),honesto,214241,10111.9,empírico DS-6; mejor ρ de la rejilla
empirico,0.4,0.001,0.141609,1000,1,10000,0.01,SI,0.1,1019,215260,F (viabilidad T_v>F),honesto,214241,10111.9,empírico DS-6; mejor ρ de la rejilla
empirico,0.2,0.001,0.53474,1000,1,10000,0.1,NO,NaN,NaN,NaN,—,—,-Inf,NaN,empírico DS-6; mejor ρ de la rejilla
empirico,0.25,0.001,0.436567,1000,1,10000,0.1,NO,NaN,NaN,NaN,—,—,-Inf,NaN,empírico DS-6; mejor ρ de la rejilla
empirico,0.33,0.001,0.278665,1000,1,10000,0.1,NO,NaN,NaN,NaN,—,—,-Inf,NaN,empírico DS-6; mejor ρ de la rejilla
empirico,0.4,0.001,0.141609,1000,1,10000,0.1,NO,NaN,NaN,NaN,—,—,-Inf,NaN,empírico DS-6; mejor ρ de la rejilla
empirico,0.2,0.001,0.53474,10000,0.25,20,0.0001,SI,0.1,1019,1.26143e+08,F (viabilidad T_v>F),honesto,1.26142e+08,40.475,empírico DS-6; mejor ρ de la rejilla
empirico,0.25,0.001,0.436567,10000,0.25,20,0.0001,SI,0.1,1019,1.26143e+08,F (viabilidad T_v>F),honesto,1.26142e+08,40.475,empírico DS-6; mejor ρ de la rejilla
empirico,0.33,0.001,0.278665,10000,0.25,20,0.0001,SI,0.1,1019,1.26143e+08,F (viabilidad T_v>F),honesto,1.26142e+08,40.475,empírico DS-6; mejor ρ de la rejilla
empirico,0.4,0.001,0.141609,10000,0.25,20,0.0001,SI,0.1,1019,1.26143e+08,F (viabilidad T_v>F),honesto,1.26142e+08,40.475,empírico DS-6; mejor ρ de la rejilla
empirico,0.2,0.001,0.53474,10000,0.25,20,0.001,SI,0.1,1019,1.26138e+07,F (viabilidad T_v>F),honesto,1.26128e+07,40.475,empírico DS-6; mejor ρ de la rejilla
empirico,0.25,0.001,0.436567,10000,0.25,20,0.001,SI,0.1,1019,1.26138e+07,F (viabilidad T_v>F),honesto,1.26128e+07,40.475,empírico DS-6; mejor ρ de la rejilla
empirico,0.33,0.001,0.278665,10000,0.25,20,0.001,SI,0.1,1019,1.26138e+07,F (viabilidad T_v>F),honesto,1.26128e+07,40.475,empírico DS-6; mejor ρ de la rejilla
empirico,0.4,0.001,0.141609,10000,0.25,20,0.001,SI,0.1,1019,1.26138e+07,F (viabilidad T_v>F),honesto,1.26128e+07,40.475,empírico DS-6; mejor ρ de la rejilla
empirico,0.2,0.001,0.53474,10000,0.25,20,0.01,SI,0.1,1019,1.26084e+06,F (viabilidad T_v>F),honesto,1.25982e+06,40.475,empírico DS-6; mejor ρ de la rejilla
empirico,0.25,0.001,0.436567,10000,0.25,20,0.01,SI,0.1,1019,1.26084e+06,F (viabilidad T_v>F),honesto,1.25982e+06,40.475,empírico DS-6; mejor ρ de la rejilla
empirico,0.33,0.001,0.278665,10000,0.25,20,0.01,SI,0.1,1019,1.26084e+06,F (viabilidad T_v>F),honesto,1.25982e+06,40.475,empírico DS-6; mejor ρ de la rejilla
empirico,0.4,0.001,0.141609,10000,0.25,20,0.01,SI,0.1,1019,1.26084e+06,F (viabilidad T_v>F),honesto,1.25982e+06,40.475,empírico DS-6; mejor ρ de la rejilla
empirico,0.2,0.001,0.53474,10000,0.25,20,0.1,SI,0.1,1019,125544,F (viabilidad T_v>F),honesto,124525,40.475,empírico DS-6; mejor ρ de la rejilla
empirico,0.25,0.001,0.436567,10000,0.25,20,0.1,SI,0.1,1019,125544,F (viabilidad T_v>F),honesto,124525,40.475,empírico DS-6; mejor ρ de la rejilla
empirico,0.33,0.001,0.278665,10000,0.25,20,0.1,SI,0.1,1019,125544,F (viabilidad T_v>F),honesto,124525,40.475,empírico DS-6; mejor ρ de la rejilla
empirico,0.4,0.001,0.141609,10000,0.25,20,0.1,SI,0.1,1019,125544,F (viabilidad T_v>F),honesto,124525,40.475,empírico DS-6; mejor ρ de la rejilla
empirico,0.2,0.001,0.53474,10000,0.25,100,0.0001,SI,0.1,1019,1.26143e+08,F (viabilidad T_v>F),honesto,1.26142e+08,60.475,empírico DS-6; mejor ρ de la rejilla
empirico,0.25,0.001,0.436567,10000,0.25,100,0.0001,SI,0.1,1019,1.26143e+08,F (viabilidad T_v>F),honesto,1.26142e+08,60.475,empírico DS-6; mejor ρ de la rejilla
empirico,0.33,0.001,0.278665,10000,0.25,100,0.0001,SI,0.1,1019,1.26143e+08,F (viabilidad T_v>F),honesto,1.26142e+08,60.475,empírico DS-6; mejor ρ de la rejilla
empirico,0.4,0.001,0.141609,10000,0.25,100,0.0001,SI,0.1,1019,1.26143e+08,F (viabilidad T_v>F),honesto,1.26142e+08,60.475,empírico DS-6; mejor ρ de la rejilla
empirico,0.2,0.001,0.53474,10000,0.25,100,0.001,SI,0.1,1019,1.2613e+07,F (viabilidad T_v>F),honesto,1.2612e+07,60.475,empírico DS-6; mejor ρ de la rejilla
empirico,0.25,0.001,0.436567,10000,0.25,100,0.001,SI,0.1,1019,1.2613e+07,F (viabilidad T_v>F),honesto,1.2612e+07,60.475,empírico DS-6; mejor ρ de la rejilla
empirico,0.33,0.001,0.278665,10000,0.25,100,0.001,SI,0.1,1019,1.2613e+07,F (viabilidad T_v>F),honesto,1.2612e+07,60.475,empírico DS-6; mejor ρ de la rejilla
empirico,0.4,0.001,0.141609,10000,0.25,100,0.001,SI,0.1,1019,1.2613e+07,F (viabilidad T_v>F),honesto,1.2612e+07,60.475,empírico DS-6; mejor ρ de la rejilla
empirico,0.2,0.001,0.53474,10000,0.25,100,0.01,SI,0.1,1019,1.26004e+06,F (viabilidad T_v>F),honesto,1.25902e+06,60.475,empírico DS-6; mejor ρ de la rejilla
empirico,0.25,0.001,0.436567,10000,0.25,100,0.01,SI,0.1,1019,1.26004e+06,F (viabilidad T_v>F),honesto,1.25902e+06,60.475,empírico DS-6; mejor ρ de la rejilla
empirico,0.33,0.001,0.278665,10000,0.25,100,0.01,SI,0.1,1019,1.26004e+06,F (viabilidad T_v>F),honesto,1.25902e+06,60.475,empírico DS-6; mejor ρ de la rejilla
empirico,0.4,0.001,0.141609,10000,0.25,100,0.01,SI,0.1,1019,1.26004e+06,F (viabilidad T_v>F),honesto,1.25902e+06,60.475,empírico DS-6; mejor ρ de la rejilla
empirico,0.2,0.001,0.53474,10000,0.25,100,0.1,SI,0.1,1019,124744,F (viabilidad T_v>F),honesto,123725,60.475,empírico DS-6; mejor ρ de la rejilla
empirico,0.25,0.001,0.436567,10000,0.25,100,0.1,SI,0.1,1019,124744,F (viabilidad T_v>F),honesto,123725,60.475,empírico DS-6; mejor ρ de la rejilla
empirico,0.33,0.001,0.278665,10000,0.25,100,0.1,SI,0.1,1019,124744,F (viabilidad T_v>F),honesto,123725,60.475,empírico DS-6; mejor ρ de la rejilla
empirico,0.4,0.001,0.141609,10000,0.25,100,0.1,SI,0.1,1019,124744,F (viabilidad T_v>F),honesto,123725,60.475,empírico DS-6; mejor ρ de la rejilla
empirico,0.2,0.001,0.53474,10000,0.25,1000,0.0001,SI,0.1,1019,1.26134e+08,F (viabilidad T_v>F),honesto,1.26133e+08,285.475,empírico DS-6; mejor ρ de la rejilla
empirico,0.25,0.001,0.436567,10000,0.25,1000,0.0001,SI,0.1,1019,1.26134e+08,F (viabilidad T_v>F),honesto,1.26133e+08,285.475,empírico DS-6; mejor ρ de la rejilla
empirico,0.33,0.001,0.278665,10000,0.25,1000,0.0001,SI,0.1,1019,1.26134e+08,F (viabilidad T_v>F),honesto,1.26133e+08,285.475,empírico DS-6; mejor ρ de la rejilla
empirico,0.4,0.001,0.141609,10000,0.25,1000,0.0001,SI,0.1,1019,1.26134e+08,F (viabilidad T_v>F),honesto,1.26133e+08,285.475,empírico DS-6; mejor ρ de la rejilla
empirico,0.2,0.001,0.53474,10000,0.25,1000,0.001,SI,0.1,1019,1.2604e+07,F (viabilidad T_v>F),honesto,1.2603e+07,285.475,empírico DS-6; mejor ρ de la rejilla
empirico,0.25,0.001,0.436567,10000,0.25,1000,0.001,SI,0.1,1019,1.2604e+07,F (viabilidad T_v>F),honesto,1.2603e+07,285.475,empírico DS-6; mejor ρ de la rejilla
empirico,0.33,0.001,0.278665,10000,0.25,1000,0.001,SI,0.1,1019,1.2604e+07,F (viabilidad T_v>F),honesto,1.2603e+07,285.475,empírico DS-6; mejor ρ de la rejilla
empirico,0.4,0.001,0.141609,10000,0.25,1000,0.001,SI,0.1,1019,1.2604e+07,F (viabilidad T_v>F),honesto,1.2603e+07,285.475,empírico DS-6; mejor ρ de la rejilla
empirico,0.2,0.001,0.53474,10000,0.25,1000,0.01,SI,0.1,1019,1.25104e+06,F (viabilidad T_v>F),honesto,1.25002e+06,285.475,empírico DS-6; mejor ρ de la rejilla
empirico,0.25,0.001,0.436567,10000,0.25,1000,0.01,SI,0.1,1019,1.25104e+06,F (viabilidad T_v>F),honesto,1.25002e+06,285.475,empírico DS-6; mejor ρ de la rejilla
empirico,0.33,0.001,0.278665,10000,0.25,1000,0.01,SI,0.1,1019,1.25104e+06,F (viabilidad T_v>F),honesto,1.25002e+06,285.475,empírico DS-6; mejor ρ de la rejilla
empirico,0.4,0.001,0.141609,10000,0.25,1000,0.01,SI,0.1,1019,1.25104e+06,F (viabilidad T_v>F),honesto,1.25002e+06,285.475,empírico DS-6; mejor ρ de la rejilla
empirico,0.2,0.001,0.53474,10000,0.25,1000,0.1,SI,0.1,1019,115744,F (viabilidad T_v>F),honesto,114725,285.475,empírico DS-6; mejor ρ de la rejilla
empirico,0.25,0.001,0.436567,10000,0.25,1000,0.1,SI,0.1,1019,115744,F (viabilidad T_v>F),honesto,114725,285.475,empírico DS-6; mejor ρ de la rejilla
empirico,0.33,0.001,0.278665,10000,0.25,1000,0.1,SI,0.1,1019,115744,F (viabilidad T_v>F),honesto,114725,285.475,empírico DS-6; mejor ρ de la rejilla
empirico,0.4,0.001,0.141609,10000,0.25,1000,0.1,SI,0.1,1019,115744,F (viabilidad T_v>F),honesto,114725,285.475,empírico DS-6; mejor ρ de la rejilla
empirico,0.2,0.001,0.53474,10000,0.25,10000,0.0001,SI,0.1,1019,1.26044e+08,F (viabilidad T_v>F),honesto,1.26043e+08,2535.47,empírico DS-6; mejor ρ de la rejilla
empirico,0.25,0.001,0.436567,10000,0.25,10000,0.0001,SI,0.1,1019,1.26044e+08,F (viabilidad T_v>F),honesto,1.26043e+08,2535.47,empírico DS-6; mejor ρ de la rejilla
empirico,0.33,0.001,0.278665,10000,0.25,10000,0.0001,SI,0.1,1019,1.26044e+08,F (viabilidad T_v>F),honesto,1.26043e+08,2535.47,empírico DS-6; mejor ρ de la rejilla
empirico,0.4,0.001,0.141609,10000,0.25,10000,0.0001,SI,0.1,1019,1.26044e+08,F (viabilidad T_v>F),honesto,1.26043e+08,2535.47,empírico DS-6; mejor ρ de la rejilla
empirico,0.2,0.001,0.53474,10000,0.25,10000,0.001,SI,0.1,1019,1.2514e+07,F (viabilidad T_v>F),honesto,1.2513e+07,2535.47,empírico DS-6; mejor ρ de la rejilla
empirico,0.25,0.001,0.436567,10000,0.25,10000,0.001,SI,0.1,1019,1.2514e+07,F (viabilidad T_v>F),honesto,1.2513e+07,2535.47,empírico DS-6; mejor ρ de la rejilla
empirico,0.33,0.001,0.278665,10000,0.25,10000,0.001,SI,0.1,1019,1.2514e+07,F (viabilidad T_v>F),honesto,1.2513e+07,2535.47,empírico DS-6; mejor ρ de la rejilla
empirico,0.4,0.001,0.141609,10000,0.25,10000,0.001,SI,0.1,1019,1.2514e+07,F (viabilidad T_v>F),honesto,1.2513e+07,2535.47,empírico DS-6; mejor ρ de la rejilla
empirico,0.2,0.001,0.53474,10000,0.25,10000,0.01,SI,0.1,1019,1.16104e+06,F (viabilidad T_v>F),honesto,1.16002e+06,2535.47,empírico DS-6; mejor ρ de la rejilla
empirico,0.25,0.001,0.436567,10000,0.25,10000,0.01,SI,0.1,1019,1.16104e+06,F (viabilidad T_v>F),honesto,1.16002e+06,2535.47,empírico DS-6; mejor ρ de la rejilla
empirico,0.33,0.001,0.278665,10000,0.25,10000,0.01,SI,0.1,1019,1.16104e+06,F (viabilidad T_v>F),honesto,1.16002e+06,2535.47,empírico DS-6; mejor ρ de la rejilla
empirico,0.4,0.001,0.141609,10000,0.25,10000,0.01,SI,0.1,1019,1.16104e+06,F (viabilidad T_v>F),honesto,1.16002e+06,2535.47,empírico DS-6; mejor ρ de la rejilla
empirico,0.2,0.001,0.53474,10000,0.25,10000,0.1,SI,0.1,1019,25744,F (viabilidad T_v>F),honesto,24725,2535.47,empírico DS-6; mejor ρ de la rejilla
empirico,0.25,0.001,0.436567,10000,0.25,10000,0.1,SI,0.1,1019,25744,F (viabilidad T_v>F),honesto,24725,2535.47,empírico DS-6; mejor ρ de la rejilla
empirico,0.33,0.001,0.278665,10000,0.25,10000,0.1,SI,0.1,1019,25744,F (viabilidad T_v>F),honesto,24725,2535.47,empírico DS-6; mejor ρ de la rejilla
empirico,0.4,0.001,0.141609,10000,0.25,10000,0.1,SI,0.1,1019,25744,F (viabilidad T_v>F),honesto,24725,2535.47,empírico DS-6; mejor ρ de la rejilla
empirico,0.2,0.001,0.53474,10000,0.5,20,0.0001,SI,0.1,1019,6.30716e+07,F (viabilidad T_v>F),honesto,6.30706e+07,70.95,empírico DS-6; mejor ρ de la rejilla
empirico,0.25,0.001,0.436567,10000,0.5,20,0.0001,SI,0.1,1019,6.30716e+07,F (viabilidad T_v>F),honesto,6.30706e+07,70.95,empírico DS-6; mejor ρ de la rejilla
empirico,0.33,0.001,0.278665,10000,0.5,20,0.0001,SI,0.1,1019,6.30716e+07,F (viabilidad T_v>F),honesto,6.30706e+07,70.95,empírico DS-6; mejor ρ de la rejilla
empirico,0.4,0.001,0.141609,10000,0.5,20,0.0001,SI,0.1,1019,6.30716e+07,F (viabilidad T_v>F),honesto,6.30706e+07,70.95,empírico DS-6; mejor ρ de la rejilla
empirico,0.2,0.001,0.53474,10000,0.5,20,0.001,SI,0.1,1019,6.3068e+06,F (viabilidad T_v>F),honesto,6.30578e+06,70.95,empírico DS-6; mejor ρ de la rejilla
empirico,0.25,0.001,0.436567,10000,0.5,20,0.001,SI,0.1,1019,6.3068e+06,F (viabilidad T_v>F),honesto,6.30578e+06,70.95,empírico DS-6; mejor ρ de la rejilla
empirico,0.33,0.001,0.278665,10000,0.5,20,0.001,SI,0.1,1019,6.3068e+06,F (viabilidad T_v>F),honesto,6.30578e+06,70.95,empírico DS-6; mejor ρ de la rejilla
empirico,0.4,0.001,0.141609,10000,0.5,20,0.001,SI,0.1,1019,6.3068e+06,F (viabilidad T_v>F),honesto,6.30578e+06,70.95,empírico DS-6; mejor ρ de la rejilla
empirico,0.2,0.001,0.53474,10000,0.5,20,0.01,SI,0.1,1019,630320,F (viabilidad T_v>F),honesto,629301,70.95,empírico DS-6; mejor ρ de la rejilla
empirico,0.25,0.001,0.436567,10000,0.5,20,0.01,SI,0.1,1019,630320,F (viabilidad T_v>F),honesto,629301,70.95,empírico DS-6; mejor ρ de la rejilla
empirico,0.33,0.001,0.278665,10000,0.5,20,0.01,SI,0.1,1019,630320,F (viabilidad T_v>F),honesto,629301,70.95,empírico DS-6; mejor ρ de la rejilla
empirico,0.4,0.001,0.141609,10000,0.5,20,0.01,SI,0.1,1019,630320,F (viabilidad T_v>F),honesto,629301,70.95,empírico DS-6; mejor ρ de la rejilla
empirico,0.2,0.001,0.53474,10000,0.5,20,0.1,SI,0.1,1019,62672,F (viabilidad T_v>F),honesto,61653,70.95,empírico DS-6; mejor ρ de la rejilla
empirico,0.25,0.001,0.436567,10000,0.5,20,0.1,SI,0.1,1019,62672,F (viabilidad T_v>F),honesto,61653,70.95,empírico DS-6; mejor ρ de la rejilla
empirico,0.33,0.001,0.278665,10000,0.5,20,0.1,SI,0.1,1019,62672,F (viabilidad T_v>F),honesto,61653,70.95,empírico DS-6; mejor ρ de la rejilla
empirico,0.4,0.001,0.141609,10000,0.5,20,0.1,SI,0.1,1019,62672,F (viabilidad T_v>F),honesto,61653,70.95,empírico DS-6; mejor ρ de la rejilla
empirico,0.2,0.001,0.53474,10000,0.5,100,0.0001,SI,0.1,1019,6.30708e+07,F (viabilidad T_v>F),honesto,6.30698e+07,110.95,empírico DS-6; mejor ρ de la rejilla
empirico,0.25,0.001,0.436567,10000,0.5,100,0.0001,SI,0.1,1019,6.30708e+07,F (viabilidad T_v>F),honesto,6.30698e+07,110.95,empírico DS-6; mejor ρ de la rejilla
empirico,0.33,0.001,0.278665,10000,0.5,100,0.0001,SI,0.1,1019,6.30708e+07,F (viabilidad T_v>F),honesto,6.30698e+07,110.95,empírico DS-6; mejor ρ de la rejilla
empirico,0.4,0.001,0.141609,10000,0.5,100,0.0001,SI,0.1,1019,6.30708e+07,F (viabilidad T_v>F),honesto,6.30698e+07,110.95,empírico DS-6; mejor ρ de la rejilla
empirico,0.2,0.001,0.53474,10000,0.5,100,0.001,SI,0.1,1019,6.306e+06,F (viabilidad T_v>F),honesto,6.30498e+06,110.95,empírico DS-6; mejor ρ de la rejilla
empirico,0.25,0.001,0.436567,10000,0.5,100,0.001,SI,0.1,1019,6.306e+06,F (viabilidad T_v>F),honesto,6.30498e+06,110.95,empírico DS-6; mejor ρ de la rejilla
empirico,0.33,0.001,0.278665,10000,0.5,100,0.001,SI,0.1,1019,6.306e+06,F (viabilidad T_v>F),honesto,6.30498e+06,110.95,empírico DS-6; mejor ρ de la rejilla
empirico,0.4,0.001,0.141609,10000,0.5,100,0.001,SI,0.1,1019,6.306e+06,F (viabilidad T_v>F),honesto,6.30498e+06,110.95,empírico DS-6; mejor ρ de la rejilla
empirico,0.2,0.001,0.53474,10000,0.5,100,0.01,SI,0.1,1019,629520,F (viabilidad T_v>F),honesto,628501,110.95,empírico DS-6; mejor ρ de la rejilla
empirico,0.25,0.001,0.436567,10000,0.5,100,0.01,SI,0.1,1019,629520,F (viabilidad T_v>F),honesto,628501,110.95,empírico DS-6; mejor ρ de la rejilla
empirico,0.33,0.001,0.278665,10000,0.5,100,0.01,SI,0.1,1019,629520,F (viabilidad T_v>F),honesto,628501,110.95,empírico DS-6; mejor ρ de la rejilla
empirico,0.4,0.001,0.141609,10000,0.5,100,0.01,SI,0.1,1019,629520,F (viabilidad T_v>F),honesto,628501,110.95,empírico DS-6; mejor ρ de la rejilla
empirico,0.2,0.001,0.53474,10000,0.5,100,0.1,SI,0.1,1019,61872,F (viabilidad T_v>F),honesto,60853,110.95,empírico DS-6; mejor ρ de la rejilla
empirico,0.25,0.001,0.436567,10000,0.5,100,0.1,SI,0.1,1019,61872,F (viabilidad T_v>F),honesto,60853,110.95,empírico DS-6; mejor ρ de la rejilla
empirico,0.33,0.001,0.278665,10000,0.5,100,0.1,SI,0.1,1019,61872,F (viabilidad T_v>F),honesto,60853,110.95,empírico DS-6; mejor ρ de la rejilla
empirico,0.4,0.001,0.141609,10000,0.5,100,0.1,SI,0.1,1019,61872,F (viabilidad T_v>F),honesto,60853,110.95,empírico DS-6; mejor ρ de la rejilla
empirico,0.2,0.001,0.53474,10000,0.5,1000,0.0001,SI,0.1,1019,6.30618e+07,F (viabilidad T_v>F),honesto,6.30608e+07,560.95,empírico DS-6; mejor ρ de la rejilla
empirico,0.25,0.001,0.436567,10000,0.5,1000,0.0001,SI,0.1,1019,6.30618e+07,F (viabilidad T_v>F),honesto,6.30608e+07,560.95,empírico DS-6; mejor ρ de la rejilla
empirico,0.33,0.001,0.278665,10000,0.5,1000,0.0001,SI,0.1,1019,6.30618e+07,F (viabilidad T_v>F),honesto,6.30608e+07,560.95,empírico DS-6; mejor ρ de la rejilla
empirico,0.4,0.001,0.141609,10000,0.5,1000,0.0001,SI,0.1,1019,6.30618e+07,F (viabilidad T_v>F),honesto,6.30608e+07,560.95,empírico DS-6; mejor ρ de la rejilla
empirico,0.2,0.001,0.53474,10000,0.5,1000,0.001,SI,0.1,1019,6.297e+06,F (viabilidad T_v>F),honesto,6.29598e+06,560.95,empírico DS-6; mejor ρ de la rejilla
empirico,0.25,0.001,0.436567,10000,0.5,1000,0.001,SI,0.1,1019,6.297e+06,F (viabilidad T_v>F),honesto,6.29598e+06,560.95,empírico DS-6; mejor ρ de la rejilla
empirico,0.33,0.001,0.278665,10000,0.5,1000,0.001,SI,0.1,1019,6.297e+06,F (viabilidad T_v>F),honesto,6.29598e+06,560.95,empírico DS-6; mejor ρ de la rejilla
empirico,0.4,0.001,0.141609,10000,0.5,1000,0.001,SI,0.1,1019,6.297e+06,F (viabilidad T_v>F),honesto,6.29598e+06,560.95,empírico DS-6; mejor ρ de la rejilla
empirico,0.2,0.001,0.53474,10000,0.5,1000,0.01,SI,0.1,1019,620520,F (viabilidad T_v>F),honesto,619501,560.95,empírico DS-6; mejor ρ de la rejilla
empirico,0.25,0.001,0.436567,10000,0.5,1000,0.01,SI,0.1,1019,620520,F (viabilidad T_v>F),honesto,619501,560.95,empírico DS-6; mejor ρ de la rejilla
empirico,0.33,0.001,0.278665,10000,0.5,1000,0.01,SI,0.1,1019,620520,F (viabilidad T_v>F),honesto,619501,560.95,empírico DS-6; mejor ρ de la rejilla
empirico,0.4,0.001,0.141609,10000,0.5,1000,0.01,SI,0.1,1019,620520,F (viabilidad T_v>F),honesto,619501,560.95,empírico DS-6; mejor ρ de la rejilla
empirico,0.2,0.001,0.53474,10000,0.5,1000,0.1,SI,0.1,1019,52872,F (viabilidad T_v>F),honesto,51853,560.95,empírico DS-6; mejor ρ de la rejilla
empirico,0.25,0.001,0.436567,10000,0.5,1000,0.1,SI,0.1,1019,52872,F (viabilidad T_v>F),honesto,51853,560.95,empírico DS-6; mejor ρ de la rejilla
empirico,0.33,0.001,0.278665,10000,0.5,1000,0.1,SI,0.1,1019,52872,F (viabilidad T_v>F),honesto,51853,560.95,empírico DS-6; mejor ρ de la rejilla
empirico,0.4,0.001,0.141609,10000,0.5,1000,0.1,SI,0.1,1019,52872,F (viabilidad T_v>F),honesto,51853,560.95,empírico DS-6; mejor ρ de la rejilla
empirico,0.2,0.001,0.53474,10000,0.5,10000,0.0001,SI,0.1,1019,6.29718e+07,F (viabilidad T_v>F),honesto,6.29708e+07,5060.95,empírico DS-6; mejor ρ de la rejilla
empirico,0.25,0.001,0.436567,10000,0.5,10000,0.0001,SI,0.1,1019,6.29718e+07,F (viabilidad T_v>F),honesto,6.29708e+07,5060.95,empírico DS-6; mejor ρ de la rejilla
empirico,0.33,0.001,0.278665,10000,0.5,10000,0.0001,SI,0.1,1019,6.29718e+07,F (viabilidad T_v>F),honesto,6.29708e+07,5060.95,empírico DS-6; mejor ρ de la rejilla
empirico,0.4,0.001,0.141609,10000,0.5,10000,0.0001,SI,0.1,1019,6.29718e+07,F (viabilidad T_v>F),honesto,6.29708e+07,5060.95,empírico DS-6; mejor ρ de la rejilla
empirico,0.2,0.001,0.53474,10000,0.5,10000,0.001,SI,0.1,1019,6.207e+06,F (viabilidad T_v>F),honesto,6.20598e+06,5060.95,empírico DS-6; mejor ρ de la rejilla
empirico,0.25,0.001,0.436567,10000,0.5,10000,0.001,SI,0.1,1019,6.207e+06,F (viabilidad T_v>F),honesto,6.20598e+06,5060.95,empírico DS-6; mejor ρ de la rejilla
empirico,0.33,0.001,0.278665,10000,0.5,10000,0.001,SI,0.1,1019,6.207e+06,F (viabilidad T_v>F),honesto,6.20598e+06,5060.95,empírico DS-6; mejor ρ de la rejilla
empirico,0.4,0.001,0.141609,10000,0.5,10000,0.001,SI,0.1,1019,6.207e+06,F (viabilidad T_v>F),honesto,6.20598e+06,5060.95,empírico DS-6; mejor ρ de la rejilla
empirico,0.2,0.001,0.53474,10000,0.5,10000,0.01,SI,0.1,1019,530520,F (viabilidad T_v>F),honesto,529501,5060.95,empírico DS-6; mejor ρ de la rejilla
empirico,0.25,0.001,0.436567,10000,0.5,10000,0.01,SI,0.1,1019,530520,F (viabilidad T_v>F),honesto,529501,5060.95,empírico DS-6; mejor ρ de la rejilla
empirico,0.33,0.001,0.278665,10000,0.5,10000,0.01,SI,0.1,1019,530520,F (viabilidad T_v>F),honesto,529501,5060.95,empírico DS-6; mejor ρ de la rejilla
empirico,0.4,0.001,0.141609,10000,0.5,10000,0.01,SI,0.1,1019,530520,F (viabilidad T_v>F),honesto,529501,5060.95,empírico DS-6; mejor ρ de la rejilla
empirico,0.2,0.001,0.53474,10000,0.5,10000,0.1,NO,NaN,NaN,NaN,—,—,-Inf,NaN,empírico DS-6; mejor ρ de la rejilla
empirico,0.25,0.001,0.436567,10000,0.5,10000,0.1,NO,NaN,NaN,NaN,—,—,-Inf,NaN,empírico DS-6; mejor ρ de la rejilla
empirico,0.33,0.001,0.278665,10000,0.5,10000,0.1,NO,NaN,NaN,NaN,—,—,-Inf,NaN,empírico DS-6; mejor ρ de la rejilla
empirico,0.4,0.001,0.141609,10000,0.5,10000,0.1,NO,NaN,NaN,NaN,—,—,-Inf,NaN,empírico DS-6; mejor ρ de la rejilla
empirico,0.2,0.001,0.53474,10000,1,20,0.0001,SI,0.1,1019,3.15357e+07,F (viabilidad T_v>F),honesto,3.15347e+07,131.9,empírico DS-6; mejor ρ de la rejilla
empirico,0.25,0.001,0.436567,10000,1,20,0.0001,SI,0.1,1019,3.15357e+07,F (viabilidad T_v>F),honesto,3.15347e+07,131.9,empírico DS-6; mejor ρ de la rejilla
empirico,0.33,0.001,0.278665,10000,1,20,0.0001,SI,0.1,1019,3.15357e+07,F (viabilidad T_v>F),honesto,3.15347e+07,131.9,empírico DS-6; mejor ρ de la rejilla
empirico,0.4,0.001,0.141609,10000,1,20,0.0001,SI,0.1,1019,3.15357e+07,F (viabilidad T_v>F),honesto,3.15347e+07,131.9,empírico DS-6; mejor ρ de la rejilla
empirico,0.2,0.001,0.53474,10000,1,20,0.001,SI,0.1,1019,3.1533e+06,F (viabilidad T_v>F),honesto,3.15228e+06,131.9,empírico DS-6; mejor ρ de la rejilla
empirico,0.25,0.001,0.436567,10000,1,20,0.001,SI,0.1,1019,3.1533e+06,F (viabilidad T_v>F),honesto,3.15228e+06,131.9,empírico DS-6; mejor ρ de la rejilla
empirico,0.33,0.001,0.278665,10000,1,20,0.001,SI,0.1,1019,3.1533e+06,F (viabilidad T_v>F),honesto,3.15228e+06,131.9,empírico DS-6; mejor ρ de la rejilla
empirico,0.4,0.001,0.141609,10000,1,20,0.001,SI,0.1,1019,3.1533e+06,F (viabilidad T_v>F),honesto,3.15228e+06,131.9,empírico DS-6; mejor ρ de la rejilla
empirico,0.2,0.001,0.53474,10000,1,20,0.01,SI,0.1,1019,315060,F (viabilidad T_v>F),honesto,314041,131.9,empírico DS-6; mejor ρ de la rejilla
empirico,0.25,0.001,0.436567,10000,1,20,0.01,SI,0.1,1019,315060,F (viabilidad T_v>F),honesto,314041,131.9,empírico DS-6; mejor ρ de la rejilla
empirico,0.33,0.001,0.278665,10000,1,20,0.01,SI,0.1,1019,315060,F (viabilidad T_v>F),honesto,314041,131.9,empírico DS-6; mejor ρ de la rejilla
empirico,0.4,0.001,0.141609,10000,1,20,0.01,SI,0.1,1019,315060,F (viabilidad T_v>F),honesto,314041,131.9,empírico DS-6; mejor ρ de la rejilla
empirico,0.2,0.001,0.53474,10000,1,20,0.1,SI,0.1,1019,31236,F (viabilidad T_v>F),honesto,30217,131.9,empírico DS-6; mejor ρ de la rejilla
empirico,0.25,0.001,0.436567,10000,1,20,0.1,SI,0.1,1019,31236,F (viabilidad T_v>F),honesto,30217,131.9,empírico DS-6; mejor ρ de la rejilla
empirico,0.33,0.001,0.278665,10000,1,20,0.1,SI,0.1,1019,31236,F (viabilidad T_v>F),honesto,30217,131.9,empírico DS-6; mejor ρ de la rejilla
empirico,0.4,0.001,0.141609,10000,1,20,0.1,SI,0.1,1019,31236,F (viabilidad T_v>F),honesto,30217,131.9,empírico DS-6; mejor ρ de la rejilla
empirico,0.2,0.001,0.53474,10000,1,100,0.0001,SI,0.1,1019,3.15349e+07,F (viabilidad T_v>F),honesto,3.15339e+07,211.9,empírico DS-6; mejor ρ de la rejilla
empirico,0.25,0.001,0.436567,10000,1,100,0.0001,SI,0.1,1019,3.15349e+07,F (viabilidad T_v>F),honesto,3.15339e+07,211.9,empírico DS-6; mejor ρ de la rejilla
empirico,0.33,0.001,0.278665,10000,1,100,0.0001,SI,0.1,1019,3.15349e+07,F (viabilidad T_v>F),honesto,3.15339e+07,211.9,empírico DS-6; mejor ρ de la rejilla
empirico,0.4,0.001,0.141609,10000,1,100,0.0001,SI,0.1,1019,3.15349e+07,F (viabilidad T_v>F),honesto,3.15339e+07,211.9,empírico DS-6; mejor ρ de la rejilla
empirico,0.2,0.001,0.53474,10000,1,100,0.001,SI,0.1,1019,3.1525e+06,F (viabilidad T_v>F),honesto,3.15148e+06,211.9,empírico DS-6; mejor ρ de la rejilla
empirico,0.25,0.001,0.436567,10000,1,100,0.001,SI,0.1,1019,3.1525e+06,F (viabilidad T_v>F),honesto,3.15148e+06,211.9,empírico DS-6; mejor ρ de la rejilla
empirico,0.33,0.001,0.278665,10000,1,100,0.001,SI,0.1,1019,3.1525e+06,F (viabilidad T_v>F),honesto,3.15148e+06,211.9,empírico DS-6; mejor ρ de la rejilla
empirico,0.4,0.001,0.141609,10000,1,100,0.001,SI,0.1,1019,3.1525e+06,F (viabilidad T_v>F),honesto,3.15148e+06,211.9,empírico DS-6; mejor ρ de la rejilla
empirico,0.2,0.001,0.53474,10000,1,100,0.01,SI,0.1,1019,314260,F (viabilidad T_v>F),honesto,313241,211.9,empírico DS-6; mejor ρ de la rejilla
empirico,0.25,0.001,0.436567,10000,1,100,0.01,SI,0.1,1019,314260,F (viabilidad T_v>F),honesto,313241,211.9,empírico DS-6; mejor ρ de la rejilla
empirico,0.33,0.001,0.278665,10000,1,100,0.01,SI,0.1,1019,314260,F (viabilidad T_v>F),honesto,313241,211.9,empírico DS-6; mejor ρ de la rejilla
empirico,0.4,0.001,0.141609,10000,1,100,0.01,SI,0.1,1019,314260,F (viabilidad T_v>F),honesto,313241,211.9,empírico DS-6; mejor ρ de la rejilla
empirico,0.2,0.001,0.53474,10000,1,100,0.1,SI,0.1,1019,30436,F (viabilidad T_v>F),honesto,29417,211.9,empírico DS-6; mejor ρ de la rejilla
empirico,0.25,0.001,0.436567,10000,1,100,0.1,SI,0.1,1019,30436,F (viabilidad T_v>F),honesto,29417,211.9,empírico DS-6; mejor ρ de la rejilla
empirico,0.33,0.001,0.278665,10000,1,100,0.1,SI,0.1,1019,30436,F (viabilidad T_v>F),honesto,29417,211.9,empírico DS-6; mejor ρ de la rejilla
empirico,0.4,0.001,0.141609,10000,1,100,0.1,SI,0.1,1019,30436,F (viabilidad T_v>F),honesto,29417,211.9,empírico DS-6; mejor ρ de la rejilla
empirico,0.2,0.001,0.53474,10000,1,1000,0.0001,SI,0.1,1019,3.15259e+07,F (viabilidad T_v>F),honesto,3.15249e+07,1111.9,empírico DS-6; mejor ρ de la rejilla
empirico,0.25,0.001,0.436567,10000,1,1000,0.0001,SI,0.1,1019,3.15259e+07,F (viabilidad T_v>F),honesto,3.15249e+07,1111.9,empírico DS-6; mejor ρ de la rejilla
empirico,0.33,0.001,0.278665,10000,1,1000,0.0001,SI,0.1,1019,3.15259e+07,F (viabilidad T_v>F),honesto,3.15249e+07,1111.9,empírico DS-6; mejor ρ de la rejilla
empirico,0.4,0.001,0.141609,10000,1,1000,0.0001,SI,0.1,1019,3.15259e+07,F (viabilidad T_v>F),honesto,3.15249e+07,1111.9,empírico DS-6; mejor ρ de la rejilla
empirico,0.2,0.001,0.53474,10000,1,1000,0.001,SI,0.1,1019,3.1435e+06,F (viabilidad T_v>F),honesto,3.14248e+06,1111.9,empírico DS-6; mejor ρ de la rejilla
empirico,0.25,0.001,0.436567,10000,1,1000,0.001,SI,0.1,1019,3.1435e+06,F (viabilidad T_v>F),honesto,3.14248e+06,1111.9,empírico DS-6; mejor ρ de la rejilla
empirico,0.33,0.001,0.278665,10000,1,1000,0.001,SI,0.1,1019,3.1435e+06,F (viabilidad T_v>F),honesto,3.14248e+06,1111.9,empírico DS-6; mejor ρ de la rejilla
empirico,0.4,0.001,0.141609,10000,1,1000,0.001,SI,0.1,1019,3.1435e+06,F (viabilidad T_v>F),honesto,3.14248e+06,1111.9,empírico DS-6; mejor ρ de la rejilla
empirico,0.2,0.001,0.53474,10000,1,1000,0.01,SI,0.1,1019,305260,F (viabilidad T_v>F),honesto,304241,1111.9,empírico DS-6; mejor ρ de la rejilla
empirico,0.25,0.001,0.436567,10000,1,1000,0.01,SI,0.1,1019,305260,F (viabilidad T_v>F),honesto,304241,1111.9,empírico DS-6; mejor ρ de la rejilla
empirico,0.33,0.001,0.278665,10000,1,1000,0.01,SI,0.1,1019,305260,F (viabilidad T_v>F),honesto,304241,1111.9,empírico DS-6; mejor ρ de la rejilla
empirico,0.4,0.001,0.141609,10000,1,1000,0.01,SI,0.1,1019,305260,F (viabilidad T_v>F),honesto,304241,1111.9,empírico DS-6; mejor ρ de la rejilla
empirico,0.2,0.001,0.53474,10000,1,1000,0.1,SI,0.1,1019,21436,F (viabilidad T_v>F),honesto,20417,1111.9,empírico DS-6; mejor ρ de la rejilla
empirico,0.25,0.001,0.436567,10000,1,1000,0.1,SI,0.1,1019,21436,F (viabilidad T_v>F),honesto,20417,1111.9,empírico DS-6; mejor ρ de la rejilla
empirico,0.33,0.001,0.278665,10000,1,1000,0.1,SI,0.1,1019,21436,F (viabilidad T_v>F),honesto,20417,1111.9,empírico DS-6; mejor ρ de la rejilla
empirico,0.4,0.001,0.141609,10000,1,1000,0.1,SI,0.1,1019,21436,F (viabilidad T_v>F),honesto,20417,1111.9,empírico DS-6; mejor ρ de la rejilla
empirico,0.2,0.001,0.53474,10000,1,10000,0.0001,SI,0.1,1019,3.14359e+07,F (viabilidad T_v>F),honesto,3.14349e+07,10111.9,empírico DS-6; mejor ρ de la rejilla
empirico,0.25,0.001,0.436567,10000,1,10000,0.0001,SI,0.1,1019,3.14359e+07,F (viabilidad T_v>F),honesto,3.14349e+07,10111.9,empírico DS-6; mejor ρ de la rejilla
empirico,0.33,0.001,0.278665,10000,1,10000,0.0001,SI,0.1,1019,3.14359e+07,F (viabilidad T_v>F),honesto,3.14349e+07,10111.9,empírico DS-6; mejor ρ de la rejilla
empirico,0.4,0.001,0.141609,10000,1,10000,0.0001,SI,0.1,1019,3.14359e+07,F (viabilidad T_v>F),honesto,3.14349e+07,10111.9,empírico DS-6; mejor ρ de la rejilla
empirico,0.2,0.001,0.53474,10000,1,10000,0.001,SI,0.1,1019,3.0535e+06,F (viabilidad T_v>F),honesto,3.05248e+06,10111.9,empírico DS-6; mejor ρ de la rejilla
empirico,0.25,0.001,0.436567,10000,1,10000,0.001,SI,0.1,1019,3.0535e+06,F (viabilidad T_v>F),honesto,3.05248e+06,10111.9,empírico DS-6; mejor ρ de la rejilla
empirico,0.33,0.001,0.278665,10000,1,10000,0.001,SI,0.1,1019,3.0535e+06,F (viabilidad T_v>F),honesto,3.05248e+06,10111.9,empírico DS-6; mejor ρ de la rejilla
empirico,0.4,0.001,0.141609,10000,1,10000,0.001,SI,0.1,1019,3.0535e+06,F (viabilidad T_v>F),honesto,3.05248e+06,10111.9,empírico DS-6; mejor ρ de la rejilla
empirico,0.2,0.001,0.53474,10000,1,10000,0.01,SI,0.1,1019,215260,F (viabilidad T_v>F),honesto,214241,10111.9,empírico DS-6; mejor ρ de la rejilla
empirico,0.25,0.001,0.436567,10000,1,10000,0.01,SI,0.1,1019,215260,F (viabilidad T_v>F),honesto,214241,10111.9,empírico DS-6; mejor ρ de la rejilla
empirico,0.33,0.001,0.278665,10000,1,10000,0.01,SI,0.1,1019,215260,F (viabilidad T_v>F),honesto,214241,10111.9,empírico DS-6; mejor ρ de la rejilla
empirico,0.4,0.001,0.141609,10000,1,10000,0.01,SI,0.1,1019,215260,F (viabilidad T_v>F),honesto,214241,10111.9,empírico DS-6; mejor ρ de la rejilla
empirico,0.2,0.001,0.53474,10000,1,10000,0.1,NO,NaN,NaN,NaN,—,—,-Inf,NaN,empírico DS-6; mejor ρ de la rejilla
empirico,0.25,0.001,0.436567,10000,1,10000,0.1,NO,NaN,NaN,NaN,—,—,-Inf,NaN,empírico DS-6; mejor ρ de la rejilla
empirico,0.33,0.001,0.278665,10000,1,10000,0.1,NO,NaN,NaN,NaN,—,—,-Inf,NaN,empírico DS-6; mejor ρ de la rejilla
empirico,0.4,0.001,0.141609,10000,1,10000,0.1,NO,NaN,NaN,NaN,—,—,-Inf,NaN,empírico DS-6; mejor ρ de la rejilla
empirico,0.2,0.001,0.53474,100000,0.25,20,0.0001,SI,0.1,2464.08,1.26143e+08,A (disuasión),honesto,1.26141e+08,76.6019,empírico DS-6; mejor ρ de la rejilla
empirico,0.25,0.001,0.436567,100000,0.25,20,0.0001,SI,0.1,3149.05,1.26143e+08,A (disuasión),honesto,1.2614e+08,93.7263,empírico DS-6; mejor ρ de la rejilla
empirico,0.33,0.001,0.278665,100000,0.25,20,0.0001,SI,0.1,5267.59,1.26143e+08,A (disuasión),honesto,1.26138e+08,146.69,empírico DS-6; mejor ρ de la rejilla
empirico,0.4,0.001,0.141609,100000,0.25,20,0.0001,SI,0.1,10936.6,1.26143e+08,A (disuasión),honesto,1.26132e+08,288.414,empírico DS-6; mejor ρ de la rejilla
empirico,0.2,0.001,0.53474,100000,0.25,20,0.001,SI,0.1,2464.08,1.26138e+07,A (disuasión),honesto,1.26113e+07,76.6019,empírico DS-6; mejor ρ de la rejilla
empirico,0.25,0.001,0.436567,100000,0.25,20,0.001,SI,0.1,3149.06,1.26138e+07,A (disuasión),honesto,1.26107e+07,93.7264,empírico DS-6; mejor ρ de la rejilla
empirico,0.33,0.001,0.278665,100000,0.25,20,0.001,SI,0.1,5267.59,1.26138e+07,A (disuasión),honesto,1.26085e+07,146.69,empírico DS-6; mejor ρ de la rejilla
empirico,0.4,0.001,0.141609,100000,0.25,20,0.001,SI,0.1,10936.6,1.26138e+07,A (disuasión),honesto,1.26029e+07,288.414,empírico DS-6; mejor ρ de la rejilla
empirico,0.2,0.001,0.53474,100000,0.25,20,0.01,SI,0.1,2464.08,1.26084e+06,A (disuasión),honesto,1.25838e+06,76.6019,empírico DS-6; mejor ρ de la rejilla
empirico,0.25,0.001,0.436567,100000,0.25,20,0.01,SI,0.1,3149.05,1.26084e+06,A (disuasión),honesto,1.25769e+06,93.7263,empírico DS-6; mejor ρ de la rejilla
empirico,0.33,0.001,0.278665,100000,0.25,20,0.01,SI,0.1,5267.59,1.26084e+06,A (disuasión),honesto,1.25557e+06,146.69,empírico DS-6; mejor ρ de la rejilla
empirico,0.4,0.001,0.141609,100000,0.25,20,0.01,SI,0.1,10936.6,1.26084e+06,A (disuasión),honesto,1.2499e+06,288.414,empírico DS-6; mejor ρ de la rejilla
empirico,0.2,0.001,0.53474,100000,0.25,20,0.1,SI,0.1,2464.08,125544,A (disuasión),honesto,123080,76.6019,empírico DS-6; mejor ρ de la rejilla
empirico,0.25,0.001,0.436567,100000,0.25,20,0.1,SI,0.1,3149.05,125544,A (disuasión),honesto,122395,93.7263,empírico DS-6; mejor ρ de la rejilla
empirico,0.33,0.001,0.278665,100000,0.25,20,0.1,SI,0.1,5267.59,125544,A (disuasión),honesto,120276,146.69,empírico DS-6; mejor ρ de la rejilla
empirico,0.4,0.001,0.141609,100000,0.25,20,0.1,SI,0.1,10936.6,125544,A (disuasión),honesto,114607,288.414,empírico DS-6; mejor ρ de la rejilla
empirico,0.2,0.001,0.53474,100000,0.25,100,0.0001,SI,0.1,1676.99,1.26143e+08,A (disuasión),honesto,1.26141e+08,76.9248,empírico DS-6; mejor ρ de la rejilla
empirico,0.25,0.001,0.436567,100000,0.25,100,0.0001,SI,0.1,2358.46,1.26143e+08,A (disuasión),honesto,1.2614e+08,93.9614,empírico DS-6; mejor ρ de la rejilla
empirico,0.33,0.001,0.278665,100000,0.25,100,0.0001,SI,0.1,4472.32,1.26143e+08,A (disuasión),honesto,1.26138e+08,146.808,empírico DS-6; mejor ρ de la rejilla
empirico,0.4,0.001,0.141609,100000,0.25,100,0.0001,SI,0.1,10136.9,1.26143e+08,A (disuasión),honesto,1.26132e+08,288.422,empírico DS-6; mejor ρ de la rejilla
empirico,0.2,0.001,0.53474,100000,0.25,100,0.001,SI,0.1,1676.99,1.2613e+07,A (disuasión),honesto,1.26113e+07,76.9248,empírico DS-6; mejor ρ de la rejilla
empirico,0.25,0.001,0.436567,100000,0.25,100,0.001,SI,0.1,2358.46,1.2613e+07,A (disuasión),honesto,1.26106e+07,93.9614,empírico DS-6; mejor ρ de la rejilla
empirico,0.33,0.001,0.278665,100000,0.25,100,0.001,SI,0.1,4472.32,1.2613e+07,A (disuasión),honesto,1.26085e+07,146.808,empírico DS-6; mejor ρ de la rejilla
empirico,0.4,0.001,0.141609,100000,0.25,100,0.001,SI,0.1,10136.9,1.2613e+07,A (disuasión),honesto,1.26029e+07,288.422,empírico DS-6; mejor ρ de la rejilla
empirico,0.2,0.001,0.53474,100000,0.25,100,0.01,SI,0.1,1676.99,1.26004e+06,A (disuasión),honesto,1.25836e+06,76.9248,empírico DS-6; mejor ρ de la rejilla
empirico,0.25,0.001,0.436567,100000,0.25,100,0.01,SI,0.1,2358.46,1.26004e+06,A (disuasión),honesto,1.25768e+06,93.9615,empírico DS-6; mejor ρ de la rejilla
empirico,0.33,0.001,0.278665,100000,0.25,100,0.01,SI,0.1,4472.32,1.26004e+06,A (disuasión),honesto,1.25557e+06,146.808,empírico DS-6; mejor ρ de la rejilla
empirico,0.4,0.001,0.141609,100000,0.25,100,0.01,SI,0.1,10136.9,1.26004e+06,A (disuasión),honesto,1.2499e+06,288.422,empírico DS-6; mejor ρ de la rejilla
empirico,0.2,0.001,0.53474,100000,0.25,100,0.1,SI,0.1,1676.99,124744,A (disuasión),honesto,123067,76.9248,empírico DS-6; mejor ρ de la rejilla
empirico,0.25,0.001,0.436567,100000,0.25,100,0.1,SI,0.1,2358.46,124744,A (disuasión),honesto,122386,93.9614,empírico DS-6; mejor ρ de la rejilla
empirico,0.33,0.001,0.278665,100000,0.25,100,0.1,SI,0.1,4472.32,124744,A (disuasión),honesto,120272,146.808,empírico DS-6; mejor ρ de la rejilla
empirico,0.4,0.001,0.141609,100000,0.25,100,0.1,SI,0.1,10136.9,124744,A (disuasión),honesto,114607,288.422,empírico DS-6; mejor ρ de la rejilla
empirico,0.2,0.001,0.53474,100000,0.25,1000,0.0001,SI,0.1,1019,1.26134e+08,F (viabilidad T_v>F),honesto,1.26133e+08,285.475,empírico DS-6; mejor ρ de la rejilla
empirico,0.25,0.001,0.436567,100000,0.25,1000,0.0001,SI,0.1,1019,1.26134e+08,F (viabilidad T_v>F),honesto,1.26133e+08,285.475,empírico DS-6; mejor ρ de la rejilla
empirico,0.33,0.001,0.278665,100000,0.25,1000,0.0001,SI,0.1,1019,1.26134e+08,F (viabilidad T_v>F),honesto,1.26133e+08,285.475,empírico DS-6; mejor ρ de la rejilla
empirico,0.4,0.001,0.141609,100000,0.25,1000,0.0001,SI,0.1,1559.04,1.26134e+08,A (disuasión),honesto,1.26132e+08,298.976,empírico DS-6; mejor ρ de la rejilla
empirico,0.2,0.001,0.53474,100000,0.25,1000,0.001,SI,0.1,1019,1.2604e+07,F (viabilidad T_v>F),honesto,1.2603e+07,285.475,empírico DS-6; mejor ρ de la rejilla
empirico,0.25,0.001,0.436567,100000,0.25,1000,0.001,SI,0.1,1019,1.2604e+07,F (viabilidad T_v>F),honesto,1.2603e+07,285.475,empírico DS-6; mejor ρ de la rejilla
empirico,0.33,0.001,0.278665,100000,0.25,1000,0.001,SI,0.1,1019,1.2604e+07,F (viabilidad T_v>F),honesto,1.2603e+07,285.475,empírico DS-6; mejor ρ de la rejilla
empirico,0.4,0.001,0.141609,100000,0.25,1000,0.001,SI,0.1,1559.04,1.2604e+07,A (disuasión),honesto,1.26024e+07,298.976,empírico DS-6; mejor ρ de la rejilla
empirico,0.2,0.001,0.53474,100000,0.25,1000,0.01,SI,0.1,1019,1.25104e+06,F (viabilidad T_v>F),honesto,1.25002e+06,285.475,empírico DS-6; mejor ρ de la rejilla
empirico,0.25,0.001,0.436567,100000,0.25,1000,0.01,SI,0.1,1019,1.25104e+06,F (viabilidad T_v>F),honesto,1.25002e+06,285.475,empírico DS-6; mejor ρ de la rejilla
empirico,0.33,0.001,0.278665,100000,0.25,1000,0.01,SI,0.1,1019,1.25104e+06,F (viabilidad T_v>F),honesto,1.25002e+06,285.475,empírico DS-6; mejor ρ de la rejilla
empirico,0.4,0.001,0.141609,100000,0.25,1000,0.01,SI,0.1,1559.04,1.25104e+06,A (disuasión),honesto,1.24948e+06,298.976,empírico DS-6; mejor ρ de la rejilla
empirico,0.2,0.001,0.53474,100000,0.25,1000,0.1,SI,0.1,1019,115744,F (viabilidad T_v>F),honesto,114725,285.475,empírico DS-6; mejor ρ de la rejilla
empirico,0.25,0.001,0.436567,100000,0.25,1000,0.1,SI,0.1,1019,115744,F (viabilidad T_v>F),honesto,114725,285.475,empírico DS-6; mejor ρ de la rejilla
empirico,0.33,0.001,0.278665,100000,0.25,1000,0.1,SI,0.1,1019,115744,F (viabilidad T_v>F),honesto,114725,285.475,empírico DS-6; mejor ρ de la rejilla
empirico,0.4,0.001,0.141609,100000,0.25,1000,0.1,SI,0.1,1559.04,115744,A (disuasión),honesto,114185,298.976,empírico DS-6; mejor ρ de la rejilla
empirico,0.2,0.001,0.53474,100000,0.25,10000,0.0001,SI,0.1,1019,1.26044e+08,F (viabilidad T_v>F),honesto,1.26043e+08,2535.47,empírico DS-6; mejor ρ de la rejilla
empirico,0.25,0.001,0.436567,100000,0.25,10000,0.0001,SI,0.1,1019,1.26044e+08,F (viabilidad T_v>F),honesto,1.26043e+08,2535.47,empírico DS-6; mejor ρ de la rejilla
empirico,0.33,0.001,0.278665,100000,0.25,10000,0.0001,SI,0.1,1019,1.26044e+08,F (viabilidad T_v>F),honesto,1.26043e+08,2535.47,empírico DS-6; mejor ρ de la rejilla
empirico,0.4,0.001,0.141609,100000,0.25,10000,0.0001,SI,0.1,1019,1.26044e+08,F (viabilidad T_v>F),honesto,1.26043e+08,2535.47,empírico DS-6; mejor ρ de la rejilla
empirico,0.2,0.001,0.53474,100000,0.25,10000,0.001,SI,0.1,1019,1.2514e+07,F (viabilidad T_v>F),honesto,1.2513e+07,2535.47,empírico DS-6; mejor ρ de la rejilla
empirico,0.25,0.001,0.436567,100000,0.25,10000,0.001,SI,0.1,1019,1.2514e+07,F (viabilidad T_v>F),honesto,1.2513e+07,2535.47,empírico DS-6; mejor ρ de la rejilla
empirico,0.33,0.001,0.278665,100000,0.25,10000,0.001,SI,0.1,1019,1.2514e+07,F (viabilidad T_v>F),honesto,1.2513e+07,2535.47,empírico DS-6; mejor ρ de la rejilla
empirico,0.4,0.001,0.141609,100000,0.25,10000,0.001,SI,0.1,1019,1.2514e+07,F (viabilidad T_v>F),honesto,1.2513e+07,2535.47,empírico DS-6; mejor ρ de la rejilla
empirico,0.2,0.001,0.53474,100000,0.25,10000,0.01,SI,0.1,1019,1.16104e+06,F (viabilidad T_v>F),honesto,1.16002e+06,2535.47,empírico DS-6; mejor ρ de la rejilla
empirico,0.25,0.001,0.436567,100000,0.25,10000,0.01,SI,0.1,1019,1.16104e+06,F (viabilidad T_v>F),honesto,1.16002e+06,2535.47,empírico DS-6; mejor ρ de la rejilla
empirico,0.33,0.001,0.278665,100000,0.25,10000,0.01,SI,0.1,1019,1.16104e+06,F (viabilidad T_v>F),honesto,1.16002e+06,2535.47,empírico DS-6; mejor ρ de la rejilla
empirico,0.4,0.001,0.141609,100000,0.25,10000,0.01,SI,0.1,1019,1.16104e+06,F (viabilidad T_v>F),honesto,1.16002e+06,2535.47,empírico DS-6; mejor ρ de la rejilla
empirico,0.2,0.001,0.53474,100000,0.25,10000,0.1,SI,0.1,1019,25744,F (viabilidad T_v>F),honesto,24725,2535.47,empírico DS-6; mejor ρ de la rejilla
empirico,0.25,0.001,0.436567,100000,0.25,10000,0.1,SI,0.1,1019,25744,F (viabilidad T_v>F),honesto,24725,2535.47,empírico DS-6; mejor ρ de la rejilla
empirico,0.33,0.001,0.278665,100000,0.25,10000,0.1,SI,0.1,1019,25744,F (viabilidad T_v>F),honesto,24725,2535.47,empírico DS-6; mejor ρ de la rejilla
empirico,0.4,0.001,0.141609,100000,0.25,10000,0.1,SI,0.1,1019,25744,F (viabilidad T_v>F),honesto,24725,2535.47,empírico DS-6; mejor ρ de la rejilla
empirico,0.2,0.001,0.53474,100000,0.5,20,0.0001,SI,0.1,1132.92,6.30716e+07,A (disuasión),honesto,6.30705e+07,76.646,empírico DS-6; mejor ρ de la rejilla
empirico,0.25,0.001,0.436567,100000,0.5,20,0.0001,SI,0.1,1475.46,6.30716e+07,A (disuasión),honesto,6.30701e+07,93.7728,empírico DS-6; mejor ρ de la rejilla
empirico,0.33,0.001,0.278665,100000,0.5,20,0.0001,SI,0.1,2534.12,6.30716e+07,A (disuasión),honesto,6.30691e+07,146.706,empírico DS-6; mejor ρ de la rejilla
empirico,0.4,0.001,0.141609,100000,0.5,20,0.0001,SI,0.1,5368.28,6.30716e+07,A (disuasión),honesto,6.30662e+07,288.414,empírico DS-6; mejor ρ de la rejilla
empirico,0.2,0.001,0.53474,100000,0.5,20,0.001,SI,0.1,1132.92,6.3068e+06,A (disuasión),honesto,6.30567e+06,76.646,empírico DS-6; mejor ρ de la rejilla
empirico,0.25,0.001,0.436567,100000,0.5,20,0.001,SI,0.1,1475.46,6.3068e+06,A (disuasión),honesto,6.30532e+06,93.7728,empírico DS-6; mejor ρ de la rejilla
empirico,0.33,0.001,0.278665,100000,0.5,20,0.001,SI,0.1,2534.12,6.3068e+06,A (disuasión),honesto,6.30427e+06,146.706,empírico DS-6; mejor ρ de la rejilla
empirico,0.4,0.001,0.141609,100000,0.5,20,0.001,SI,0.1,5368.28,6.3068e+06,A (disuasión),honesto,6.30143e+06,288.414,empírico DS-6; mejor ρ de la rejilla
empirico,0.2,0.001,0.53474,100000,0.5,20,0.01,SI,0.1,1132.92,630320,A (disuasión),honesto,629187,76.646,empírico DS-6; mejor ρ de la rejilla
empirico,0.25,0.001,0.436567,100000,0.5,20,0.01,SI,0.1,1475.46,630320,A (disuasión),honesto,628845,93.7728,empírico DS-6; mejor ρ de la rejilla
empirico,0.33,0.001,0.278665,100000,0.5,20,0.01,SI,0.1,2534.12,630320,A (disuasión),honesto,627786,146.706,empírico DS-6; mejor ρ de la rejilla
empirico,0.4,0.001,0.141609,100000,0.5,20,0.01,SI,0.1,5368.28,630320,A (disuasión),honesto,624952,288.414,empírico DS-6; mejor ρ de la rejilla
empirico,0.2,0.001,0.53474,100000,0.5,20,0.1,SI,0.1,1132.92,62672,A (disuasión),honesto,61539.1,76.646,empírico DS-6; mejor ρ de la rejilla
empirico,0.25,0.001,0.436567,100000,0.5,20,0.1,SI,0.1,1475.46,62672,A (disuasión),honesto,61196.5,93.7728,empírico DS-6; mejor ρ de la rejilla
empirico,0.33,0.001,0.278665,100000,0.5,20,0.1,SI,0.1,2534.12,62672,A (disuasión),honesto,60137.9,146.706,empírico DS-6; mejor ρ de la rejilla
empirico,0.4,0.001,0.141609,100000,0.5,20,0.1,SI,0.1,5368.28,62672,A (disuasión),honesto,57303.7,288.414,empírico DS-6; mejor ρ de la rejilla
empirico,0.2,0.001,0.53474,100000,0.5,100,0.0001,SI,0.1,1019,6.30708e+07,F (viabilidad T_v>F),honesto,6.30698e+07,110.95,empírico DS-6; mejor ρ de la rejilla
empirico,0.25,0.001,0.436567,100000,0.5,100,0.0001,SI,0.1,1019,6.30708e+07,F (viabilidad T_v>F),honesto,6.30698e+07,110.95,empírico DS-6; mejor ρ de la rejilla
empirico,0.33,0.001,0.278665,100000,0.5,100,0.0001,SI,0.1,1741.09,6.30708e+07,A (disuasión),honesto,6.30691e+07,147.055,empírico DS-6; mejor ρ de la rejilla
empirico,0.4,0.001,0.141609,100000,0.5,100,0.0001,SI,0.1,4570.84,6.30708e+07,A (disuasión),honesto,6.30662e+07,288.542,empírico DS-6; mejor ρ de la rejilla
empirico,0.2,0.001,0.53474,100000,0.5,100,0.001,SI,0.1,1019,6.306e+06,F (viabilidad T_v>F),honesto,6.30498e+06,110.95,empírico DS-6; mejor ρ de la rejilla
empirico,0.25,0.001,0.436567,100000,0.5,100,0.001,SI,0.1,1019,6.306e+06,F (viabilidad T_v>F),honesto,6.30498e+06,110.95,empírico DS-6; mejor ρ de la rejilla
empirico,0.33,0.001,0.278665,100000,0.5,100,0.001,SI,0.1,1741.09,6.306e+06,A (disuasión),honesto,6.30426e+06,147.055,empírico DS-6; mejor ρ de la rejilla
empirico,0.4,0.001,0.141609,100000,0.5,100,0.001,SI,0.1,4570.83,6.306e+06,A (disuasión),honesto,6.30143e+06,288.542,empírico DS-6; mejor ρ de la rejilla
empirico,0.2,0.001,0.53474,100000,0.5,100,0.01,SI,0.1,1019,629520,F (viabilidad T_v>F),honesto,628501,110.95,empírico DS-6; mejor ρ de la rejilla
empirico,0.25,0.001,0.436567,100000,0.5,100,0.01,SI,0.1,1019,629520,F (viabilidad T_v>F),honesto,628501,110.95,empírico DS-6; mejor ρ de la rejilla
empirico,0.33,0.001,0.278665,100000,0.5,100,0.01,SI,0.1,1741.09,629520,A (disuasión),honesto,627779,147.055,empírico DS-6; mejor ρ de la rejilla
empirico,0.4,0.001,0.141609,100000,0.5,100,0.01,SI,0.1,4570.84,629520,A (disuasión),honesto,624949,288.542,empírico DS-6; mejor ρ de la rejilla
empirico,0.2,0.001,0.53474,100000,0.5,100,0.1,SI,0.1,1019,61872,F (viabilidad T_v>F),honesto,60853,110.95,empírico DS-6; mejor ρ de la rejilla
empirico,0.25,0.001,0.436567,100000,0.5,100,0.1,SI,0.1,1019,61872,F (viabilidad T_v>F),honesto,60853,110.95,empírico DS-6; mejor ρ de la rejilla
empirico,0.33,0.001,0.278665,100000,0.5,100,0.1,SI,0.1,1741.09,61872,A (disuasión),honesto,60130.9,147.055,empírico DS-6; mejor ρ de la rejilla
empirico,0.4,0.001,0.141609,100000,0.5,100,0.1,SI,0.1,4570.84,61872,A (disuasión),honesto,57301.2,288.542,empírico DS-6; mejor ρ de la rejilla
empirico,0.2,0.001,0.53474,100000,0.5,1000,0.0001,SI,0.1,1019,6.30618e+07,F (viabilidad T_v>F),honesto,6.30608e+07,560.95,empírico DS-6; mejor ρ de la rejilla
empirico,0.25,0.001,0.436567,100000,0.5,1000,0.0001,SI,0.1,1019,6.30618e+07,F (viabilidad T_v>F),honesto,6.30608e+07,560.95,empírico DS-6; mejor ρ de la rejilla
empirico,0.33,0.001,0.278665,100000,0.5,1000,0.0001,SI,0.1,1019,6.30618e+07,F (viabilidad T_v>F),honesto,6.30608e+07,560.95,empírico DS-6; mejor ρ de la rejilla
empirico,0.4,0.001,0.141609,100000,0.5,1000,0.0001,SI,0.1,1019,6.30618e+07,F (viabilidad T_v>F),honesto,6.30608e+07,560.95,empírico DS-6; mejor ρ de la rejilla
empirico,0.2,0.001,0.53474,100000,0.5,1000,0.001,SI,0.1,1019,6.297e+06,F (viabilidad T_v>F),honesto,6.29598e+06,560.95,empírico DS-6; mejor ρ de la rejilla
empirico,0.25,0.001,0.436567,100000,0.5,1000,0.001,SI,0.1,1019,6.297e+06,F (viabilidad T_v>F),honesto,6.29598e+06,560.95,empírico DS-6; mejor ρ de la rejilla
empirico,0.33,0.001,0.278665,100000,0.5,1000,0.001,SI,0.1,1019,6.297e+06,F (viabilidad T_v>F),honesto,6.29598e+06,560.95,empírico DS-6; mejor ρ de la rejilla
empirico,0.4,0.001,0.141609,100000,0.5,1000,0.001,SI,0.1,1019,6.297e+06,F (viabilidad T_v>F),honesto,6.29598e+06,560.95,empírico DS-6; mejor ρ de la rejilla
empirico,0.2,0.001,0.53474,100000,0.5,1000,0.01,SI,0.1,1019,620520,F (viabilidad T_v>F),honesto,619501,560.95,empírico DS-6; mejor ρ de la rejilla
empirico,0.25,0.001,0.436567,100000,0.5,1000,0.01,SI,0.1,1019,620520,F (viabilidad T_v>F),honesto,619501,560.95,empírico DS-6; mejor ρ de la rejilla
empirico,0.33,0.001,0.278665,100000,0.5,1000,0.01,SI,0.1,1019,620520,F (viabilidad T_v>F),honesto,619501,560.95,empírico DS-6; mejor ρ de la rejilla
empirico,0.4,0.001,0.141609,100000,0.5,1000,0.01,SI,0.1,1019,620520,F (viabilidad T_v>F),honesto,619501,560.95,empírico DS-6; mejor ρ de la rejilla
empirico,0.2,0.001,0.53474,100000,0.5,1000,0.1,SI,0.1,1019,52872,F (viabilidad T_v>F),honesto,51853,560.95,empírico DS-6; mejor ρ de la rejilla
empirico,0.25,0.001,0.436567,100000,0.5,1000,0.1,SI,0.1,1019,52872,F (viabilidad T_v>F),honesto,51853,560.95,empírico DS-6; mejor ρ de la rejilla
empirico,0.33,0.001,0.278665,100000,0.5,1000,0.1,SI,0.1,1019,52872,F (viabilidad T_v>F),honesto,51853,560.95,empírico DS-6; mejor ρ de la rejilla
empirico,0.4,0.001,0.141609,100000,0.5,1000,0.1,SI,0.1,1019,52872,F (viabilidad T_v>F),honesto,51853,560.95,empírico DS-6; mejor ρ de la rejilla
empirico,0.2,0.001,0.53474,100000,0.5,10000,0.0001,SI,0.1,1019,6.29718e+07,F (viabilidad T_v>F),honesto,6.29708e+07,5060.95,empírico DS-6; mejor ρ de la rejilla
empirico,0.25,0.001,0.436567,100000,0.5,10000,0.0001,SI,0.1,1019,6.29718e+07,F (viabilidad T_v>F),honesto,6.29708e+07,5060.95,empírico DS-6; mejor ρ de la rejilla
empirico,0.33,0.001,0.278665,100000,0.5,10000,0.0001,SI,0.1,1019,6.29718e+07,F (viabilidad T_v>F),honesto,6.29708e+07,5060.95,empírico DS-6; mejor ρ de la rejilla
empirico,0.4,0.001,0.141609,100000,0.5,10000,0.0001,SI,0.1,1019,6.29718e+07,F (viabilidad T_v>F),honesto,6.29708e+07,5060.95,empírico DS-6; mejor ρ de la rejilla
empirico,0.2,0.001,0.53474,100000,0.5,10000,0.001,SI,0.1,1019,6.207e+06,F (viabilidad T_v>F),honesto,6.20598e+06,5060.95,empírico DS-6; mejor ρ de la rejilla
empirico,0.25,0.001,0.436567,100000,0.5,10000,0.001,SI,0.1,1019,6.207e+06,F (viabilidad T_v>F),honesto,6.20598e+06,5060.95,empírico DS-6; mejor ρ de la rejilla
empirico,0.33,0.001,0.278665,100000,0.5,10000,0.001,SI,0.1,1019,6.207e+06,F (viabilidad T_v>F),honesto,6.20598e+06,5060.95,empírico DS-6; mejor ρ de la rejilla
empirico,0.4,0.001,0.141609,100000,0.5,10000,0.001,SI,0.1,1019,6.207e+06,F (viabilidad T_v>F),honesto,6.20598e+06,5060.95,empírico DS-6; mejor ρ de la rejilla
empirico,0.2,0.001,0.53474,100000,0.5,10000,0.01,SI,0.1,1019,530520,F (viabilidad T_v>F),honesto,529501,5060.95,empírico DS-6; mejor ρ de la rejilla
empirico,0.25,0.001,0.436567,100000,0.5,10000,0.01,SI,0.1,1019,530520,F (viabilidad T_v>F),honesto,529501,5060.95,empírico DS-6; mejor ρ de la rejilla
empirico,0.33,0.001,0.278665,100000,0.5,10000,0.01,SI,0.1,1019,530520,F (viabilidad T_v>F),honesto,529501,5060.95,empírico DS-6; mejor ρ de la rejilla
empirico,0.4,0.001,0.141609,100000,0.5,10000,0.01,SI,0.1,1019,530520,F (viabilidad T_v>F),honesto,529501,5060.95,empírico DS-6; mejor ρ de la rejilla
empirico,0.2,0.001,0.53474,100000,0.5,10000,0.1,NO,NaN,NaN,NaN,—,—,-Inf,NaN,empírico DS-6; mejor ρ de la rejilla
empirico,0.25,0.001,0.436567,100000,0.5,10000,0.1,NO,NaN,NaN,NaN,—,—,-Inf,NaN,empírico DS-6; mejor ρ de la rejilla
empirico,0.33,0.001,0.278665,100000,0.5,10000,0.1,NO,NaN,NaN,NaN,—,—,-Inf,NaN,empírico DS-6; mejor ρ de la rejilla
empirico,0.4,0.001,0.141609,100000,0.5,10000,0.1,NO,NaN,NaN,NaN,—,—,-Inf,NaN,empírico DS-6; mejor ρ de la rejilla
empirico,0.2,0.001,0.53474,100000,1,20,0.0001,SI,0.1,1019,3.15357e+07,F (viabilidad T_v>F),honesto,3.15347e+07,131.9,empírico DS-6; mejor ρ de la rejilla
empirico,0.25,0.001,0.436567,100000,1,20,0.0001,SI,0.1,1019,3.15357e+07,F (viabilidad T_v>F),honesto,3.15347e+07,131.9,empírico DS-6; mejor ρ de la rejilla
empirico,0.33,0.001,0.278665,100000,1,20,0.0001,SI,0.1,1167.85,3.15357e+07,A (disuasión),honesto,3.15345e+07,146.785,empírico DS-6; mejor ρ de la rejilla
empirico,0.4,0.001,0.141609,100000,1,20,0.0001,SI,0.1,2584.22,3.15357e+07,A (disuasión),honesto,3.15331e+07,288.422,empírico DS-6; mejor ρ de la rejilla
empirico,0.2,0.001,0.53474,100000,1,20,0.001,SI,0.1,1019,3.1533e+06,F (viabilidad T_v>F),honesto,3.15228e+06,131.9,empírico DS-6; mejor ρ de la rejilla
empirico,0.25,0.001,0.436567,100000,1,20,0.001,SI,0.1,1019,3.1533e+06,F (viabilidad T_v>F),honesto,3.15228e+06,131.9,empírico DS-6; mejor ρ de la rejilla
empirico,0.33,0.001,0.278665,100000,1,20,0.001,SI,0.1,1167.85,3.1533e+06,A (disuasión),honesto,3.15213e+06,146.785,empírico DS-6; mejor ρ de la rejilla
empirico,0.4,0.001,0.141609,100000,1,20,0.001,SI,0.1,2584.22,3.1533e+06,A (disuasión),honesto,3.15072e+06,288.422,empírico DS-6; mejor ρ de la rejilla
empirico,0.2,0.001,0.53474,100000,1,20,0.01,SI,0.1,1019,315060,F (viabilidad T_v>F),honesto,314041,131.9,empírico DS-6; mejor ρ de la rejilla
empirico,0.25,0.001,0.436567,100000,1,20,0.01,SI,0.1,1019,315060,F (viabilidad T_v>F),honesto,314041,131.9,empírico DS-6; mejor ρ de la rejilla
empirico,0.33,0.001,0.278665,100000,1,20,0.01,SI,0.1,1167.85,315060,A (disuasión),honesto,313892,146.785,empírico DS-6; mejor ρ de la rejilla
empirico,0.4,0.001,0.141609,100000,1,20,0.01,SI,0.1,2584.22,315060,A (disuasión),honesto,312476,288.422,empírico DS-6; mejor ρ de la rejilla
empirico,0.2,0.001,0.53474,100000,1,20,0.1,SI,0.1,1019,31236,F (viabilidad T_v>F),honesto,30217,131.9,empírico DS-6; mejor ρ de la rejilla
empirico,0.25,0.001,0.436567,100000,1,20,0.1,SI,0.1,1019,31236,F (viabilidad T_v>F),honesto,30217,131.9,empírico DS-6; mejor ρ de la rejilla
empirico,0.33,0.001,0.278665,100000,1,20,0.1,SI,0.1,1167.85,31236,A (disuasión),honesto,30068.2,146.785,empírico DS-6; mejor ρ de la rejilla
empirico,0.4,0.001,0.141609,100000,1,20,0.1,SI,0.1,2584.22,31236,A (disuasión),honesto,28651.8,288.422,empírico DS-6; mejor ρ de la rejilla
empirico,0.2,0.001,0.53474,100000,1,100,0.0001,SI,0.1,1019,3.15349e+07,F (viabilidad T_v>F),honesto,3.15339e+07,211.9,empírico DS-6; mejor ρ de la rejilla
empirico,0.25,0.001,0.436567,100000,1,100,0.0001,SI,0.1,1019,3.15349e+07,F (viabilidad T_v>F),honesto,3.15339e+07,211.9,empírico DS-6; mejor ρ de la rejilla
empirico,0.33,0.001,0.278665,100000,1,100,0.0001,SI,0.1,1019,3.15349e+07,F (viabilidad T_v>F),honesto,3.15339e+07,211.9,empírico DS-6; mejor ρ de la rejilla
empirico,0.4,0.001,0.141609,100000,1,100,0.0001,SI,0.1,1788.43,3.15349e+07,A (disuasión),honesto,3.15331e+07,288.843,empírico DS-6; mejor ρ de la rejilla
empirico,0.2,0.001,0.53474,100000,1,100,0.001,SI,0.1,1019,3.1525e+06,F (viabilidad T_v>F),honesto,3.15148e+06,211.9,empírico DS-6; mejor ρ de la rejilla
empirico,0.25,0.001,0.436567,100000,1,100,0.001,SI,0.1,1019,3.1525e+06,F (viabilidad T_v>F),honesto,3.15148e+06,211.9,empírico DS-6; mejor ρ de la rejilla
empirico,0.33,0.001,0.278665,100000,1,100,0.001,SI,0.1,1019,3.1525e+06,F (viabilidad T_v>F),honesto,3.15148e+06,211.9,empírico DS-6; mejor ρ de la rejilla
empirico,0.4,0.001,0.141609,100000,1,100,0.001,SI,0.1,1788.43,3.1525e+06,A (disuasión),honesto,3.15071e+06,288.843,empírico DS-6; mejor ρ de la rejilla
empirico,0.2,0.001,0.53474,100000,1,100,0.01,SI,0.1,1019,314260,F (viabilidad T_v>F),honesto,313241,211.9,empírico DS-6; mejor ρ de la rejilla
empirico,0.25,0.001,0.436567,100000,1,100,0.01,SI,0.1,1019,314260,F (viabilidad T_v>F),honesto,313241,211.9,empírico DS-6; mejor ρ de la rejilla
empirico,0.33,0.001,0.278665,100000,1,100,0.01,SI,0.1,1019,314260,F (viabilidad T_v>F),honesto,313241,211.9,empírico DS-6; mejor ρ de la rejilla
empirico,0.4,0.001,0.141609,100000,1,100,0.01,SI,0.1,1788.43,314260,A (disuasión),honesto,312472,288.843,empírico DS-6; mejor ρ de la rejilla
empirico,0.2,0.001,0.53474,100000,1,100,0.1,SI,0.1,1019,30436,F (viabilidad T_v>F),honesto,29417,211.9,empírico DS-6; mejor ρ de la rejilla
empirico,0.25,0.001,0.436567,100000,1,100,0.1,SI,0.1,1019,30436,F (viabilidad T_v>F),honesto,29417,211.9,empírico DS-6; mejor ρ de la rejilla
empirico,0.33,0.001,0.278665,100000,1,100,0.1,SI,0.1,1019,30436,F (viabilidad T_v>F),honesto,29417,211.9,empírico DS-6; mejor ρ de la rejilla
empirico,0.4,0.001,0.141609,100000,1,100,0.1,SI,0.1,1788.43,30436,A (disuasión),honesto,28647.6,288.843,empírico DS-6; mejor ρ de la rejilla
empirico,0.2,0.001,0.53474,100000,1,1000,0.0001,SI,0.1,1019,3.15259e+07,F (viabilidad T_v>F),honesto,3.15249e+07,1111.9,empírico DS-6; mejor ρ de la rejilla
empirico,0.25,0.001,0.436567,100000,1,1000,0.0001,SI,0.1,1019,3.15259e+07,F (viabilidad T_v>F),honesto,3.15249e+07,1111.9,empírico DS-6; mejor ρ de la rejilla
empirico,0.33,0.001,0.278665,100000,1,1000,0.0001,SI,0.1,1019,3.15259e+07,F (viabilidad T_v>F),honesto,3.15249e+07,1111.9,empírico DS-6; mejor ρ de la rejilla
empirico,0.4,0.001,0.141609,100000,1,1000,0.0001,SI,0.1,1019,3.15259e+07,F (viabilidad T_v>F),honesto,3.15249e+07,1111.9,empírico DS-6; mejor ρ de la rejilla
empirico,0.2,0.001,0.53474,100000,1,1000,0.001,SI,0.1,1019,3.1435e+06,F (viabilidad T_v>F),honesto,3.14248e+06,1111.9,empírico DS-6; mejor ρ de la rejilla
empirico,0.25,0.001,0.436567,100000,1,1000,0.001,SI,0.1,1019,3.1435e+06,F (viabilidad T_v>F),honesto,3.14248e+06,1111.9,empírico DS-6; mejor ρ de la rejilla
empirico,0.33,0.001,0.278665,100000,1,1000,0.001,SI,0.1,1019,3.1435e+06,F (viabilidad T_v>F),honesto,3.14248e+06,1111.9,empírico DS-6; mejor ρ de la rejilla
empirico,0.4,0.001,0.141609,100000,1,1000,0.001,SI,0.1,1019,3.1435e+06,F (viabilidad T_v>F),honesto,3.14248e+06,1111.9,empírico DS-6; mejor ρ de la rejilla
empirico,0.2,0.001,0.53474,100000,1,1000,0.01,SI,0.1,1019,305260,F (viabilidad T_v>F),honesto,304241,1111.9,empírico DS-6; mejor ρ de la rejilla
empirico,0.25,0.001,0.436567,100000,1,1000,0.01,SI,0.1,1019,305260,F (viabilidad T_v>F),honesto,304241,1111.9,empírico DS-6; mejor ρ de la rejilla
empirico,0.33,0.001,0.278665,100000,1,1000,0.01,SI,0.1,1019,305260,F (viabilidad T_v>F),honesto,304241,1111.9,empírico DS-6; mejor ρ de la rejilla
empirico,0.4,0.001,0.141609,100000,1,1000,0.01,SI,0.1,1019,305260,F (viabilidad T_v>F),honesto,304241,1111.9,empírico DS-6; mejor ρ de la rejilla
empirico,0.2,0.001,0.53474,100000,1,1000,0.1,SI,0.1,1019,21436,F (viabilidad T_v>F),honesto,20417,1111.9,empírico DS-6; mejor ρ de la rejilla
empirico,0.25,0.001,0.436567,100000,1,1000,0.1,SI,0.1,1019,21436,F (viabilidad T_v>F),honesto,20417,1111.9,empírico DS-6; mejor ρ de la rejilla
empirico,0.33,0.001,0.278665,100000,1,1000,0.1,SI,0.1,1019,21436,F (viabilidad T_v>F),honesto,20417,1111.9,empírico DS-6; mejor ρ de la rejilla
empirico,0.4,0.001,0.141609,100000,1,1000,0.1,SI,0.1,1019,21436,F (viabilidad T_v>F),honesto,20417,1111.9,empírico DS-6; mejor ρ de la rejilla
empirico,0.2,0.001,0.53474,100000,1,10000,0.0001,SI,0.1,1019,3.14359e+07,F (viabilidad T_v>F),honesto,3.14349e+07,10111.9,empírico DS-6; mejor ρ de la rejilla
empirico,0.25,0.001,0.436567,100000,1,10000,0.0001,SI,0.1,1019,3.14359e+07,F (viabilidad T_v>F),honesto,3.14349e+07,10111.9,empírico DS-6; mejor ρ de la rejilla
empirico,0.33,0.001,0.278665,100000,1,10000,0.0001,SI,0.1,1019,3.14359e+07,F (viabilidad T_v>F),honesto,3.14349e+07,10111.9,empírico DS-6; mejor ρ de la rejilla
empirico,0.4,0.001,0.141609,100000,1,10000,0.0001,SI,0.1,1019,3.14359e+07,F (viabilidad T_v>F),honesto,3.14349e+07,10111.9,empírico DS-6; mejor ρ de la rejilla
empirico,0.2,0.001,0.53474,100000,1,10000,0.001,SI,0.1,1019,3.0535e+06,F (viabilidad T_v>F),honesto,3.05248e+06,10111.9,empírico DS-6; mejor ρ de la rejilla
empirico,0.25,0.001,0.436567,100000,1,10000,0.001,SI,0.1,1019,3.0535e+06,F (viabilidad T_v>F),honesto,3.05248e+06,10111.9,empírico DS-6; mejor ρ de la rejilla
empirico,0.33,0.001,0.278665,100000,1,10000,0.001,SI,0.1,1019,3.0535e+06,F (viabilidad T_v>F),honesto,3.05248e+06,10111.9,empírico DS-6; mejor ρ de la rejilla
empirico,0.4,0.001,0.141609,100000,1,10000,0.001,SI,0.1,1019,3.0535e+06,F (viabilidad T_v>F),honesto,3.05248e+06,10111.9,empírico DS-6; mejor ρ de la rejilla
empirico,0.2,0.001,0.53474,100000,1,10000,0.01,SI,0.1,1019,215260,F (viabilidad T_v>F),honesto,214241,10111.9,empírico DS-6; mejor ρ de la rejilla
empirico,0.25,0.001,0.436567,100000,1,10000,0.01,SI,0.1,1019,215260,F (viabilidad T_v>F),honesto,214241,10111.9,empírico DS-6; mejor ρ de la rejilla
empirico,0.33,0.001,0.278665,100000,1,10000,0.01,SI,0.1,1019,215260,F (viabilidad T_v>F),honesto,214241,10111.9,empírico DS-6; mejor ρ de la rejilla
empirico,0.4,0.001,0.141609,100000,1,10000,0.01,SI,0.1,1019,215260,F (viabilidad T_v>F),honesto,214241,10111.9,empírico DS-6; mejor ρ de la rejilla
empirico,0.2,0.001,0.53474,100000,1,10000,0.1,NO,NaN,NaN,NaN,—,—,-Inf,NaN,empírico DS-6; mejor ρ de la rejilla
empirico,0.25,0.001,0.436567,100000,1,10000,0.1,NO,NaN,NaN,NaN,—,—,-Inf,NaN,empírico DS-6; mejor ρ de la rejilla
empirico,0.33,0.001,0.278665,100000,1,10000,0.1,NO,NaN,NaN,NaN,—,—,-Inf,NaN,empírico DS-6; mejor ρ de la rejilla
empirico,0.4,0.001,0.141609,100000,1,10000,0.1,NO,NaN,NaN,NaN,—,—,-Inf,NaN,empírico DS-6; mejor ρ de la rejilla
empirico,0.2,0.001,0.53474,1e+06,0.25,20,0.0001,SI,0.1,29898.9,1.26143e+08,A (disuasión),honesto,1.26114e+08,762.472,empírico DS-6; mejor ρ de la rejilla
empirico,0.25,0.001,0.436567,1e+06,0.25,20,0.0001,SI,0.1,36756.9,1.26143e+08,A (disuasión),honesto,1.26107e+08,933.923,empírico DS-6; mejor ρ de la rejilla
empirico,0.33,0.001,0.278665,1e+06,0.25,20,0.0001,SI,0.1,57924.3,1.26143e+08,A (disuasión),honesto,1.26085e+08,1463.11,empírico DS-6; mejor ρ de la rejilla
empirico,0.4,0.001,0.141609,1e+06,0.25,20,0.0001,SI,0.1,114564,1.26143e+08,A (disuasión),honesto,1.26029e+08,2879.1,empírico DS-6; mejor ρ de la rejilla
empirico,0.2,0.001,0.53474,1e+06,0.25,20,0.001,SI,0.1,29898.9,1.26138e+07,A (disuasión),honesto,1.25839e+07,762.471,empírico DS-6; mejor ρ de la rejilla
empirico,0.25,0.001,0.436567,1e+06,0.25,20,0.001,SI,0.1,36756.9,1.26138e+07,A (disuasión),honesto,1.2577e+07,933.923,empírico DS-6; mejor ρ de la rejilla
empirico,0.33,0.001,0.278665,1e+06,0.25,20,0.001,SI,0.1,57924.3,1.26138e+07,A (disuasión),honesto,1.25559e+07,1463.11,empírico DS-6; mejor ρ de la rejilla
empirico,0.4,0.001,0.141609,1e+06,0.25,20,0.001,SI,0.1,114564,1.26138e+07,A (disuasión),honesto,1.24992e+07,2879.1,empírico DS-6; mejor ρ de la rejilla
empirico,0.2,0.001,0.53474,1e+06,0.25,20,0.01,SI,0.1,29898.8,1.26084e+06,A (disuasión),honesto,1.23094e+06,762.471,empírico DS-6; mejor ρ de la rejilla
empirico,0.25,0.001,0.436567,1e+06,0.25,20,0.01,SI,0.1,36756.9,1.26084e+06,A (disuasión),honesto,1.22408e+06,933.923,empírico DS-6; mejor ρ de la rejilla
empirico,0.33,0.001,0.278665,1e+06,0.25,20,0.01,SI,0.1,57924.3,1.26084e+06,A (disuasión),honesto,1.20292e+06,1463.11,empírico DS-6; mejor ρ de la rejilla
empirico,0.4,0.001,0.141609,1e+06,0.25,20,0.01,SI,0.1,114564,1.26084e+06,A (disuasión),honesto,1.14628e+06,2879.1,empírico DS-6; mejor ρ de la rejilla
empirico,0.2,0.001,0.53474,1e+06,0.25,20,0.1,SI,0.1,29898.9,125544,A (disuasión),honesto,95645.1,762.472,empírico DS-6; mejor ρ de la rejilla
empirico,0.25,0.001,0.436567,1e+06,0.25,20,0.1,SI,0.1,36756.9,125544,A (disuasión),honesto,88787.1,933.923,empírico DS-6; mejor ρ de la rejilla
empirico,0.33,0.001,0.278665,1e+06,0.25,20,0.1,SI,0.1,57924.3,125544,A (disuasión),honesto,67619.7,1463.11,empírico DS-6; mejor ρ de la rejilla
empirico,0.4,0.001,0.141609,1e+06,0.25,20,0.1,SI,0.1,114564,125544,A (disuasión),honesto,10980.1,2879.1,empírico DS-6; mejor ρ de la rejilla
empirico,0.2,0.001,0.53474,1e+06,0.25,100,0.0001,SI,0.1,29099.1,1.26143e+08,A (disuasión),honesto,1.26114e+08,762.477,empírico DS-6; mejor ρ de la rejilla
empirico,0.25,0.001,0.436567,1e+06,0.25,100,0.0001,SI,0.1,35957.1,1.26143e+08,A (disuasión),honesto,1.26107e+08,933.928,empírico DS-6; mejor ρ de la rejilla
empirico,0.33,0.001,0.278665,1e+06,0.25,100,0.0001,SI,0.1,57124.4,1.26143e+08,A (disuasión),honesto,1.26085e+08,1463.11,empírico DS-6; mejor ρ de la rejilla
empirico,0.4,0.001,0.141609,1e+06,0.25,100,0.0001,SI,0.1,113764,1.26143e+08,A (disuasión),honesto,1.26029e+08,2879.1,empírico DS-6; mejor ρ de la rejilla
empirico,0.2,0.001,0.53474,1e+06,0.25,100,0.001,SI,0.1,29099.1,1.2613e+07,A (disuasión),honesto,1.25839e+07,762.477,empírico DS-6; mejor ρ de la rejilla
empirico,0.25,0.001,0.436567,1e+06,0.25,100,0.001,SI,0.1,35957.1,1.2613e+07,A (disuasión),honesto,1.2577e+07,933.928,empírico DS-6; mejor ρ de la rejilla
empirico,0.33,0.001,0.278665,1e+06,0.25,100,0.001,SI,0.1,57124.4,1.2613e+07,A (disuasión),honesto,1.25559e+07,1463.11,empírico DS-6; mejor ρ de la rejilla
empirico,0.4,0.001,0.141609,1e+06,0.25,100,0.001,SI,0.1,113764,1.2613e+07,A (disuasión),honesto,1.24992e+07,2879.1,empírico DS-6; mejor ρ de la rejilla
empirico,0.2,0.001,0.53474,1e+06,0.25,100,0.01,SI,0.1,29099.1,1.26004e+06,A (disuasión),honesto,1.23094e+06,762.477,empírico DS-6; mejor ρ de la rejilla
empirico,0.25,0.001,0.436567,1e+06,0.25,100,0.01,SI,0.1,35957.1,1.26004e+06,A (disuasión),honesto,1.22408e+06,933.928,empírico DS-6; mejor ρ de la rejilla
empirico,0.33,0.001,0.278665,1e+06,0.25,100,0.01,SI,0.1,57124.4,1.26004e+06,A (disuasión),honesto,1.20292e+06,1463.11,empírico DS-6; mejor ρ de la rejilla
empirico,0.4,0.001,0.141609,1e+06,0.25,100,0.01,SI,0.1,113764,1.26004e+06,A (disuasión),honesto,1.14628e+06,2879.1,empírico DS-6; mejor ρ de la rejilla
empirico,0.2,0.001,0.53474,1e+06,0.25,100,0.1,SI,0.1,29099.1,124744,A (disuasión),honesto,95644.9,762.477,empírico DS-6; mejor ρ de la rejilla
empirico,0.25,0.001,0.436567,1e+06,0.25,100,0.1,SI,0.1,35957.1,124744,A (disuasión),honesto,88786.9,933.928,empírico DS-6; mejor ρ de la rejilla
empirico,0.33,0.001,0.278665,1e+06,0.25,100,0.1,SI,0.1,57124.4,124744,A (disuasión),honesto,67619.6,1463.11,empírico DS-6; mejor ρ de la rejilla
empirico,0.4,0.001,0.141609,1e+06,0.25,100,0.1,SI,0.1,113764,124744,A (disuasión),honesto,10980.1,2879.1,empírico DS-6; mejor ρ de la rejilla
empirico,0.2,0.001,0.53474,1e+06,0.25,1000,0.0001,SI,0.1,20103,1.26134e+08,A (disuasión),honesto,1.26113e+08,762.575,empírico DS-6; mejor ρ de la rejilla
empirico,0.25,0.001,0.436567,1e+06,0.25,1000,0.0001,SI,0.1,26959.7,1.26134e+08,A (disuasión),honesto,1.26107e+08,933.992,empírico DS-6; mejor ρ de la rejilla
empirico,0.33,0.001,0.278665,1e+06,0.25,1000,0.0001,SI,0.1,48126.2,1.26134e+08,A (disuasión),honesto,1.26085e+08,1463.15,empírico DS-6; mejor ρ de la rejilla
empirico,0.4,0.001,0.141609,1e+06,0.25,1000,0.0001,SI,0.1,104766,1.26134e+08,A (disuasión),honesto,1.26029e+08,2879.16,empírico DS-6; mejor ρ de la rejilla
empirico,0.2,0.001,0.53474,1e+06,0.25,1000,0.001,SI,0.1,20103,1.2604e+07,A (disuasión),honesto,1.25839e+07,762.575,empírico DS-6; mejor ρ de la rejilla
empirico,0.25,0.001,0.436567,1e+06,0.25,1000,0.001,SI,0.1,26959.7,1.2604e+07,A (disuasión),honesto,1.2577e+07,933.991,empírico DS-6; mejor ρ de la rejilla
empirico,0.33,0.001,0.278665,1e+06,0.25,1000,0.001,SI,0.1,48126.2,1.2604e+07,A (disuasión),honesto,1.25559e+07,1463.15,empírico DS-6; mejor ρ de la rejilla
empirico,0.4,0.001,0.141609,1e+06,0.25,1000,0.001,SI,0.1,104766,1.2604e+07,A (disuasión),honesto,1.24992e+07,2879.16,empírico DS-6; mejor ρ de la rejilla
empirico,0.2,0.001,0.53474,1e+06,0.25,1000,0.01,SI,0.1,20103,1.25104e+06,A (disuasión),honesto,1.23094e+06,762.575,empírico DS-6; mejor ρ de la rejilla
empirico,0.25,0.001,0.436567,1e+06,0.25,1000,0.01,SI,0.1,26959.7,1.25104e+06,A (disuasión),honesto,1.22408e+06,933.992,empírico DS-6; mejor ρ de la rejilla
empirico,0.33,0.001,0.278665,1e+06,0.25,1000,0.01,SI,0.1,48126.2,1.25104e+06,A (disuasión),honesto,1.20291e+06,1463.15,empírico DS-6; mejor ρ de la rejilla
empirico,0.4,0.001,0.141609,1e+06,0.25,1000,0.01,SI,0.1,104766,1.25104e+06,A (disuasión),honesto,1.14627e+06,2879.16,empírico DS-6; mejor ρ de la rejilla
empirico,0.2,0.001,0.53474,1e+06,0.25,1000,0.1,SI,0.1,20103,115744,A (disuasión),honesto,95641,762.575,empírico DS-6; mejor ρ de la rejilla
empirico,0.25,0.001,0.436567,1e+06,0.25,1000,0.1,SI,0.1,26959.7,115744,A (disuasión),honesto,88784.3,933.991,empírico DS-6; mejor ρ de la rejilla
empirico,0.33,0.001,0.278665,1e+06,0.25,1000,0.1,SI,0.1,48126.2,115744,A (disuasión),honesto,67617.8,1463.16,empírico DS-6; mejor ρ de la rejilla
empirico,0.4,0.001,0.141609,1e+06,0.25,1000,0.1,SI,0.1,104766,115744,A (disuasión),honesto,10977.7,2879.16,empírico DS-6; mejor ρ de la rejilla
empirico,0.2,0.001,0.53474,1e+06,0.25,10000,0.0001,SI,0.1,1019,1.26044e+08,F (viabilidad T_v>F),honesto,1.26043e+08,2535.47,empírico DS-6; mejor ρ de la rejilla
empirico,0.25,0.001,0.436567,1e+06,0.25,10000,0.0001,SI,0.1,1019,1.26044e+08,F (viabilidad T_v>F),honesto,1.26043e+08,2535.47,empírico DS-6; mejor ρ de la rejilla
empirico,0.33,0.001,0.278665,1e+06,0.25,10000,0.0001,SI,0.1,1019,1.26044e+08,F (viabilidad T_v>F),honesto,1.26043e+08,2535.47,empírico DS-6; mejor ρ de la rejilla
empirico,0.4,0.001,0.141609,1e+06,0.25,10000,0.0001,SI,0.1,14896.5,1.26044e+08,A (disuasión),honesto,1.26029e+08,2882.41,empírico DS-6; mejor ρ de la rejilla
empirico,0.2,0.001,0.53474,1e+06,0.25,10000,0.001,SI,0.1,1019,1.2514e+07,F (viabilidad T_v>F),honesto,1.2513e+07,2535.47,empírico DS-6; mejor ρ de la rejilla
empirico,0.25,0.001,0.436567,1e+06,0.25,10000,0.001,SI,0.1,1019,1.2514e+07,F (viabilidad T_v>F),honesto,1.2513e+07,2535.47,empírico DS-6; mejor ρ de la rejilla
empirico,0.33,0.001,0.278665,1e+06,0.25,10000,0.001,SI,0.1,1019,1.2514e+07,F (viabilidad T_v>F),honesto,1.2513e+07,2535.47,empírico DS-6; mejor ρ de la rejilla
empirico,0.4,0.001,0.141609,1e+06,0.25,10000,0.001,SI,0.1,14896.5,1.2514e+07,A (disuasión),honesto,1.24991e+07,2882.41,empírico DS-6; mejor ρ de la rejilla
empirico,0.2,0.001,0.53474,1e+06,0.25,10000,0.01,SI,0.1,1019,1.16104e+06,F (viabilidad T_v>F),honesto,1.16002e+06,2535.47,empírico DS-6; mejor ρ de la rejilla
empirico,0.25,0.001,0.436567,1e+06,0.25,10000,0.01,SI,0.1,1019,1.16104e+06,F (viabilidad T_v>F),honesto,1.16002e+06,2535.47,empírico DS-6; mejor ρ de la rejilla
empirico,0.33,0.001,0.278665,1e+06,0.25,10000,0.01,SI,0.1,1019,1.16104e+06,F (viabilidad T_v>F),honesto,1.16002e+06,2535.47,empírico DS-6; mejor ρ de la rejilla
empirico,0.4,0.001,0.141609,1e+06,0.25,10000,0.01,SI,0.1,14896.5,1.16104e+06,A (disuasión),honesto,1.14614e+06,2882.41,empírico DS-6; mejor ρ de la rejilla
empirico,0.2,0.001,0.53474,1e+06,0.25,10000,0.1,SI,0.1,1019,25744,F (viabilidad T_v>F),honesto,24725,2535.47,empírico DS-6; mejor ρ de la rejilla
empirico,0.25,0.001,0.436567,1e+06,0.25,10000,0.1,SI,0.1,1019,25744,F (viabilidad T_v>F),honesto,24725,2535.47,empírico DS-6; mejor ρ de la rejilla
empirico,0.33,0.001,0.278665,1e+06,0.25,10000,0.1,SI,0.1,1019,25744,F (viabilidad T_v>F),honesto,24725,2535.47,empírico DS-6; mejor ρ de la rejilla
empirico,0.4,0.001,0.141609,1e+06,0.25,10000,0.1,SI,0.1,14896.5,25744,A (disuasión),honesto,10847.5,2882.41,empírico DS-6; mejor ρ de la rejilla
empirico,0.2,0.001,0.53474,1e+06,0.5,20,0.0001,SI,0.1,14849.5,6.30716e+07,A (disuasión),honesto,6.30568e+07,762.475,empírico DS-6; mejor ρ de la rejilla
empirico,0.25,0.001,0.436567,1e+06,0.5,20,0.0001,SI,0.1,18278.5,6.30716e+07,A (disuasión),honesto,6.30533e+07,933.924,empírico DS-6; mejor ρ de la rejilla
empirico,0.33,0.001,0.278665,1e+06,0.5,20,0.0001,SI,0.1,28862.1,6.30716e+07,A (disuasión),honesto,6.30427e+07,1463.11,empírico DS-6; mejor ρ de la rejilla
empirico,0.4,0.001,0.141609,1e+06,0.5,20,0.0001,SI,0.1,57182,6.30716e+07,A (disuasión),honesto,6.30144e+07,2879.1,empírico DS-6; mejor ρ de la rejilla
empirico,0.2,0.001,0.53474,1e+06,0.5,20,0.001,SI,0.1,14849.5,6.3068e+06,A (disuasión),honesto,6.29195e+06,762.475,empírico DS-6; mejor ρ de la rejilla
empirico,0.25,0.001,0.436567,1e+06,0.5,20,0.001,SI,0.1,18278.5,6.3068e+06,A (disuasión),honesto,6.28852e+06,933.923,empírico DS-6; mejor ρ de la rejilla
empirico,0.33,0.001,0.278665,1e+06,0.5,20,0.001,SI,0.1,28862.1,6.3068e+06,A (disuasión),honesto,6.27794e+06,1463.11,empírico DS-6; mejor ρ de la rejilla
empirico,0.4,0.001,0.141609,1e+06,0.5,20,0.001,SI,0.1,57181.9,6.3068e+06,A (disuasión),honesto,6.24962e+06,2879.1,empírico DS-6; mejor ρ de la rejilla
empirico,0.2,0.001,0.53474,1e+06,0.5,20,0.01,SI,0.1,14849.5,630320,A (disuasión),honesto,615471,762.475,empírico DS-6; mejor ρ de la rejilla
empirico,0.25,0.001,0.436567,1e+06,0.5,20,0.01,SI,0.1,18278.5,630320,A (disuasión),honesto,612042,933.923,empírico DS-6; mejor ρ de la rejilla
empirico,0.33,0.001,0.278665,1e+06,0.5,20,0.01,SI,0.1,28862.1,630320,A (disuasión),honesto,601458,1463.11,empírico DS-6; mejor ρ de la rejilla
empirico,0.4,0.001,0.141609,1e+06,0.5,20,0.01,SI,0.1,57182,630320,A (disuasión),honesto,573138,2879.1,empírico DS-6; mejor ρ de la rejilla
empirico,0.2,0.001,0.53474,1e+06,0.5,20,0.1,SI,0.1,14849.5,62672,A (disuasión),honesto,47822.5,762.476,empírico DS-6; mejor ρ de la rejilla
empirico,0.25,0.001,0.436567,1e+06,0.5,20,0.1,SI,0.1,18278.5,62672,A (disuasión),honesto,44393.5,933.924,empírico DS-6; mejor ρ de la rejilla
empirico,0.33,0.001,0.278665,1e+06,0.5,20,0.1,SI,0.1,28862.1,62672,A (disuasión),honesto,33809.9,1463.11,empírico DS-6; mejor ρ de la rejilla
empirico,0.4,0.001,0.141609,1e+06,0.5,20,0.1,SI,0.1,57182,62672,A (disuasión),honesto,5490.04,2879.1,empírico DS-6; mejor ρ de la rejilla
empirico,0.2,0.001,0.53474,1e+06,0.5,100,0.0001,SI,0.1,14049.7,6.30708e+07,A (disuasión),honesto,6.30568e+07,762.487,empírico DS-6; mejor ρ de la rejilla
empirico,0.25,0.001,0.436567,1e+06,0.5,100,0.0001,SI,0.1,17478.6,6.30708e+07,A (disuasión),honesto,6.30533e+07,933.932,empírico DS-6; mejor ρ de la rejilla
empirico,0.33,0.001,0.278665,1e+06,0.5,100,0.0001,SI,0.1,28062.2,6.30708e+07,A (disuasión),honesto,6.30427e+07,1463.11,empírico DS-6; mejor ρ de la rejilla
empirico,0.4,0.001,0.141609,1e+06,0.5,100,0.0001,SI,0.1,56381.9,6.30708e+07,A (disuasión),honesto,6.30144e+07,2879.1,empírico DS-6; mejor ρ de la rejilla
empirico,0.2,0.001,0.53474,1e+06,0.5,100,0.001,SI,0.1,14049.7,6.306e+06,A (disuasión),honesto,6.29195e+06,762.487,empírico DS-6; mejor ρ de la rejilla
empirico,0.25,0.001,0.436567,1e+06,0.5,100,0.001,SI,0.1,17478.7,6.306e+06,A (disuasión),honesto,6.28852e+06,933.933,empírico DS-6; mejor ρ de la rejilla
empirico,0.33,0.001,0.278665,1e+06,0.5,100,0.001,SI,0.1,28062.2,6.306e+06,A (disuasión),honesto,6.27794e+06,1463.11,empírico DS-6; mejor ρ de la rejilla
empirico,0.4,0.001,0.141609,1e+06,0.5,100,0.001,SI,0.1,56382,6.306e+06,A (disuasión),honesto,6.24962e+06,2879.1,empírico DS-6; mejor ρ de la rejilla
empirico,0.2,0.001,0.53474,1e+06,0.5,100,0.01,SI,0.1,14049.7,629520,A (disuasión),honesto,615470,762.487,empírico DS-6; mejor ρ de la rejilla
empirico,0.25,0.001,0.436567,1e+06,0.5,100,0.01,SI,0.1,17478.7,629520,A (disuasión),honesto,612041,933.933,empírico DS-6; mejor ρ de la rejilla
empirico,0.33,0.001,0.278665,1e+06,0.5,100,0.01,SI,0.1,28062.2,629520,A (disuasión),honesto,601458,1463.11,empírico DS-6; mejor ρ de la rejilla
empirico,0.4,0.001,0.141609,1e+06,0.5,100,0.01,SI,0.1,56382,629520,A (disuasión),honesto,573138,2879.1,empírico DS-6; mejor ρ de la rejilla
empirico,0.2,0.001,0.53474,1e+06,0.5,100,0.1,SI,0.1,14049.7,61872,A (disuasión),honesto,47822.3,762.487,empírico DS-6; mejor ρ de la rejilla
empirico,0.25,0.001,0.436567,1e+06,0.5,100,0.1,SI,0.1,17478.7,61872,A (disuasión),honesto,44393.3,933.933,empírico DS-6; mejor ρ de la rejilla
empirico,0.33,0.001,0.278665,1e+06,0.5,100,0.1,SI,0.1,28062.2,61872,A (disuasión),honesto,33809.8,1463.11,empírico DS-6; mejor ρ de la rejilla
empirico,0.4,0.001,0.141609,1e+06,0.5,100,0.1,SI,0.1,56382,61872,A (disuasión),honesto,5490.04,2879.1,empírico DS-6; mejor ρ de la rejilla
empirico,0.2,0.001,0.53474,1e+06,0.5,1000,0.0001,SI,0.1,5054.79,6.30618e+07,A (disuasión),honesto,6.30567e+07,762.74,empírico DS-6; mejor ρ de la rejilla
empirico,0.25,0.001,0.436567,1e+06,0.5,1000,0.0001,SI,0.1,8483.18,6.30618e+07,A (disuasión),honesto,6.30533e+07,934.159,empírico DS-6; mejor ρ de la rejilla
empirico,0.33,0.001,0.278665,1e+06,0.5,1000,0.0001,SI,0.1,19064.7,6.30618e+07,A (disuasión),honesto,6.30427e+07,1463.23,empírico DS-6; mejor ρ de la rejilla
empirico,0.4,0.001,0.141609,1e+06,0.5,1000,0.0001,SI,0.1,47383.8,6.30618e+07,A (disuasión),honesto,6.30144e+07,2879.19,empírico DS-6; mejor ρ de la rejilla
empirico,0.2,0.001,0.53474,1e+06,0.5,1000,0.001,SI,0.1,5054.79,6.297e+06,A (disuasión),honesto,6.29195e+06,762.74,empírico DS-6; mejor ρ de la rejilla
empirico,0.25,0.001,0.436567,1e+06,0.5,1000,0.001,SI,0.1,8483.17,6.297e+06,A (disuasión),honesto,6.28852e+06,934.159,empírico DS-6; mejor ρ de la rejilla
empirico,0.33,0.001,0.278665,1e+06,0.5,1000,0.001,SI,0.1,19064.7,6.297e+06,A (disuasión),honesto,6.27794e+06,1463.23,empírico DS-6; mejor ρ de la rejilla
empirico,0.4,0.001,0.141609,1e+06,0.5,1000,0.001,SI,0.1,47383.8,6.297e+06,A (disuasión),honesto,6.24962e+06,2879.19,empírico DS-6; mejor ρ de la rejilla
empirico,0.2,0.001,0.53474,1e+06,0.5,1000,0.01,SI,0.1,5054.79,620520,A (disuasión),honesto,615465,762.74,empírico DS-6; mejor ρ de la rejilla
empirico,0.25,0.001,0.436567,1e+06,0.5,1000,0.01,SI,0.1,8483.17,620520,A (disuasión),honesto,612037,934.159,empírico DS-6; mejor ρ de la rejilla
empirico,0.33,0.001,0.278665,1e+06,0.5,1000,0.01,SI,0.1,19064.7,620520,A (disuasión),honesto,601455,1463.23,empírico DS-6; mejor ρ de la rejilla
empirico,0.4,0.001,0.141609,1e+06,0.5,1000,0.01,SI,0.1,47383.8,620520,A (disuasión),honesto,573136,2879.19,empírico DS-6; mejor ρ de la rejilla
empirico,0.2,0.001,0.53474,1e+06,0.5,1000,0.1,SI,0.1,5054.79,52872,A (disuasión),honesto,47817.2,762.74,empírico DS-6; mejor ρ de la rejilla
empirico,0.25,0.001,0.436567,1e+06,0.5,1000,0.1,SI,0.1,8483.17,52872,A (disuasión),honesto,44388.8,934.159,empírico DS-6; mejor ρ de la rejilla
empirico,0.33,0.001,0.278665,1e+06,0.5,1000,0.1,SI,0.1,19064.7,52872,A (disuasión),honesto,33807.3,1463.23,empírico DS-6; mejor ρ de la rejilla
empirico,0.4,0.001,0.141609,1e+06,0.5,1000,0.1,SI,0.1,47383.8,52872,A (disuasión),honesto,5488.21,2879.19,empírico DS-6; mejor ρ de la rejilla
empirico,0.2,0.001,0.53474,1e+06,0.5,10000,0.0001,SI,0.1,1019,6.29718e+07,F (viabilidad T_v>F),honesto,6.29708e+07,5060.95,empírico DS-6; mejor ρ de la rejilla
empirico,0.25,0.001,0.436567,1e+06,0.5,10000,0.0001,SI,0.1,1019,6.29718e+07,F (viabilidad T_v>F),honesto,6.29708e+07,5060.95,empírico DS-6; mejor ρ de la rejilla
empirico,0.33,0.001,0.278665,1e+06,0.5,10000,0.0001,SI,0.1,1019,6.29718e+07,F (viabilidad T_v>F),honesto,6.29708e+07,5060.95,empírico DS-6; mejor ρ de la rejilla
empirico,0.4,0.001,0.141609,1e+06,0.5,10000,0.0001,SI,0.1,1019,6.29718e+07,F (viabilidad T_v>F),honesto,6.29708e+07,5060.95,empírico DS-6; mejor ρ de la rejilla
empirico,0.2,0.001,0.53474,1e+06,0.5,10000,0.001,SI,0.1,1019,6.207e+06,F (viabilidad T_v>F),honesto,6.20598e+06,5060.95,empírico DS-6; mejor ρ de la rejilla
empirico,0.25,0.001,0.436567,1e+06,0.5,10000,0.001,SI,0.1,1019,6.207e+06,F (viabilidad T_v>F),honesto,6.20598e+06,5060.95,empírico DS-6; mejor ρ de la rejilla
empirico,0.33,0.001,0.278665,1e+06,0.5,10000,0.001,SI,0.1,1019,6.207e+06,F (viabilidad T_v>F),honesto,6.20598e+06,5060.95,empírico DS-6; mejor ρ de la rejilla
empirico,0.4,0.001,0.141609,1e+06,0.5,10000,0.001,SI,0.1,1019,6.207e+06,F (viabilidad T_v>F),honesto,6.20598e+06,5060.95,empírico DS-6; mejor ρ de la rejilla
empirico,0.2,0.001,0.53474,1e+06,0.5,10000,0.01,SI,0.1,1019,530520,F (viabilidad T_v>F),honesto,529501,5060.95,empírico DS-6; mejor ρ de la rejilla
empirico,0.25,0.001,0.436567,1e+06,0.5,10000,0.01,SI,0.1,1019,530520,F (viabilidad T_v>F),honesto,529501,5060.95,empírico DS-6; mejor ρ de la rejilla
empirico,0.33,0.001,0.278665,1e+06,0.5,10000,0.01,SI,0.1,1019,530520,F (viabilidad T_v>F),honesto,529501,5060.95,empírico DS-6; mejor ρ de la rejilla
empirico,0.4,0.001,0.141609,1e+06,0.5,10000,0.01,SI,0.1,1019,530520,F (viabilidad T_v>F),honesto,529501,5060.95,empírico DS-6; mejor ρ de la rejilla
empirico,0.2,0.001,0.53474,1e+06,0.5,10000,0.1,NO,NaN,NaN,NaN,—,—,-Inf,NaN,empírico DS-6; mejor ρ de la rejilla
empirico,0.25,0.001,0.436567,1e+06,0.5,10000,0.1,NO,NaN,NaN,NaN,—,—,-Inf,NaN,empírico DS-6; mejor ρ de la rejilla
empirico,0.33,0.001,0.278665,1e+06,0.5,10000,0.1,NO,NaN,NaN,NaN,—,—,-Inf,NaN,empírico DS-6; mejor ρ de la rejilla
empirico,0.4,0.001,0.141609,1e+06,0.5,10000,0.1,NO,NaN,NaN,NaN,—,—,-Inf,NaN,empírico DS-6; mejor ρ de la rejilla
empirico,0.2,0.001,0.53474,1e+06,1,20,0.0001,SI,0.1,7324.75,3.15357e+07,A (disuasión),honesto,3.15284e+07,762.475,empírico DS-6; mejor ρ de la rejilla
empirico,0.25,0.001,0.436567,1e+06,1,20,0.0001,SI,0.1,9039.28,3.15357e+07,A (disuasión),honesto,3.15267e+07,933.928,empírico DS-6; mejor ρ de la rejilla
empirico,0.33,0.001,0.278665,1e+06,1,20,0.0001,SI,0.1,14331.1,3.15357e+07,A (disuasión),honesto,3.15214e+07,1463.11,empírico DS-6; mejor ρ de la rejilla
empirico,0.4,0.001,0.141609,1e+06,1,20,0.0001,SI,0.1,28491,3.15357e+07,A (disuasión),honesto,3.15072e+07,2879.1,empírico DS-6; mejor ρ de la rejilla
empirico,0.2,0.001,0.53474,1e+06,1,20,0.001,SI,0.1,7324.75,3.1533e+06,A (disuasión),honesto,3.14598e+06,762.475,empírico DS-6; mejor ρ de la rejilla
empirico,0.25,0.001,0.436567,1e+06,1,20,0.001,SI,0.1,9039.28,3.1533e+06,A (disuasión),honesto,3.14426e+06,933.928,empírico DS-6; mejor ρ de la rejilla
empirico,0.33,0.001,0.278665,1e+06,1,20,0.001,SI,0.1,14331.1,3.1533e+06,A (disuasión),honesto,3.13897e+06,1463.11,empírico DS-6; mejor ρ de la rejilla
empirico,0.4,0.001,0.141609,1e+06,1,20,0.001,SI,0.1,28491,3.1533e+06,A (disuasión),honesto,3.12481e+06,2879.1,empírico DS-6; mejor ρ de la rejilla
empirico,0.2,0.001,0.53474,1e+06,1,20,0.01,SI,0.1,7324.75,315060,A (disuasión),honesto,307735,762.475,empírico DS-6; mejor ρ de la rejilla
empirico,0.25,0.001,0.436567,1e+06,1,20,0.01,SI,0.1,9039.28,315060,A (disuasión),honesto,306021,933.928,empírico DS-6; mejor ρ de la rejilla
empirico,0.33,0.001,0.278665,1e+06,1,20,0.01,SI,0.1,14331.1,315060,A (disuasión),honesto,300729,1463.11,empírico DS-6; mejor ρ de la rejilla
empirico,0.4,0.001,0.141609,1e+06,1,20,0.01,SI,0.1,28491,315060,A (disuasión),honesto,286569,2879.1,empírico DS-6; mejor ρ de la rejilla
empirico,0.2,0.001,0.53474,1e+06,1,20,0.1,SI,0.1,7324.75,31236,A (disuasión),honesto,23911.2,762.475,empírico DS-6; mejor ρ de la rejilla
empirico,0.25,0.001,0.436567,1e+06,1,20,0.1,SI,0.1,9039.28,31236,A (disuasión),honesto,22196.7,933.928,empírico DS-6; mejor ρ de la rejilla
empirico,0.33,0.001,0.278665,1e+06,1,20,0.1,SI,0.1,14331.1,31236,A (disuasión),honesto,16904.9,1463.11,empírico DS-6; mejor ρ de la rejilla
empirico,0.4,0.001,0.141609,1e+06,1,20,0.1,SI,0.1,28491,31236,A (disuasión),honesto,2745.02,2879.1,empírico DS-6; mejor ρ de la rejilla
empirico,0.2,0.001,0.53474,1e+06,1,100,0.0001,SI,0.1,6525,3.15349e+07,A (disuasión),honesto,3.15284e+07,762.5,empírico DS-6; mejor ρ de la rejilla
empirico,0.25,0.001,0.436567,1e+06,1,100,0.0001,SI,0.1,8239.45,3.15349e+07,A (disuasión),honesto,3.15267e+07,933.945,empírico DS-6; mejor ρ de la rejilla
empirico,0.33,0.001,0.278665,1e+06,1,100,0.0001,SI,0.1,13531.2,3.15349e+07,A (disuasión),honesto,3.15214e+07,1463.12,empírico DS-6; mejor ρ de la rejilla
empirico,0.4,0.001,0.141609,1e+06,1,100,0.0001,SI,0.1,27691.2,3.15349e+07,A (disuasión),honesto,3.15072e+07,2879.12,empírico DS-6; mejor ρ de la rejilla
empirico,0.2,0.001,0.53474,1e+06,1,100,0.001,SI,0.1,6525,3.1525e+06,A (disuasión),honesto,3.14598e+06,762.5,empírico DS-6; mejor ρ de la rejilla
empirico,0.25,0.001,0.436567,1e+06,1,100,0.001,SI,0.1,8239.45,3.1525e+06,A (disuasión),honesto,3.14426e+06,933.945,empírico DS-6; mejor ρ de la rejilla
empirico,0.33,0.001,0.278665,1e+06,1,100,0.001,SI,0.1,13531.2,3.1525e+06,A (disuasión),honesto,3.13897e+06,1463.12,empírico DS-6; mejor ρ de la rejilla
empirico,0.4,0.001,0.141609,1e+06,1,100,0.001,SI,0.1,27691.2,3.1525e+06,A (disuasión),honesto,3.12481e+06,2879.12,empírico DS-6; mejor ρ de la rejilla
empirico,0.2,0.001,0.53474,1e+06,1,100,0.01,SI,0.1,6525,314260,A (disuasión),honesto,307735,762.5,empírico DS-6; mejor ρ de la rejilla
empirico,0.25,0.001,0.436567,1e+06,1,100,0.01,SI,0.1,8239.46,314260,A (disuasión),honesto,306021,933.946,empírico DS-6; mejor ρ de la rejilla
empirico,0.33,0.001,0.278665,1e+06,1,100,0.01,SI,0.1,13531.2,314260,A (disuasión),honesto,300729,1463.12,empírico DS-6; mejor ρ de la rejilla
empirico,0.4,0.001,0.141609,1e+06,1,100,0.01,SI,0.1,27691.2,314260,A (disuasión),honesto,286569,2879.12,empírico DS-6; mejor ρ de la rejilla
empirico,0.2,0.001,0.53474,1e+06,1,100,0.1,SI,0.1,6525,30436,A (disuasión),honesto,23911,762.5,empírico DS-6; mejor ρ de la rejilla
empirico,0.25,0.001,0.436567,1e+06,1,100,0.1,SI,0.1,8239.45,30436,A (disuasión),honesto,22196.5,933.945,empírico DS-6; mejor ρ de la rejilla
empirico,0.33,0.001,0.278665,1e+06,1,100,0.1,SI,0.1,13531.2,30436,A (disuasión),honesto,16904.8,1463.12,empírico DS-6; mejor ρ de la rejilla
empirico,0.4,0.001,0.141609,1e+06,1,100,0.1,SI,0.1,27691.2,30436,A (disuasión),honesto,2744.81,2879.12,empírico DS-6; mejor ρ de la rejilla
empirico,0.2,0.001,0.53474,1e+06,1,1000,0.0001,SI,0.1,1019,3.15259e+07,F (viabilidad T_v>F),honesto,3.15249e+07,1111.9,empírico DS-6; mejor ρ de la rejilla
empirico,0.25,0.001,0.436567,1e+06,1,1000,0.0001,SI,0.1,1019,3.15259e+07,F (viabilidad T_v>F),honesto,3.15249e+07,1111.9,empírico DS-6; mejor ρ de la rejilla
empirico,0.33,0.001,0.278665,1e+06,1,1000,0.0001,SI,0.1,4537.75,3.15259e+07,A (disuasión),honesto,3.15214e+07,1463.77,empírico DS-6; mejor ρ de la rejilla
empirico,0.4,0.001,0.141609,1e+06,1,1000,0.0001,SI,0.1,18693,3.15259e+07,A (disuasión),honesto,3.15072e+07,2879.3,empírico DS-6; mejor ρ de la rejilla
empirico,0.2,0.001,0.53474,1e+06,1,1000,0.001,SI,0.1,1019,3.1435e+06,F (viabilidad T_v>F),honesto,3.14248e+06,1111.9,empírico DS-6; mejor ρ de la rejilla
empirico,0.25,0.001,0.436567,1e+06,1,1000,0.001,SI,0.1,1019,3.1435e+06,F (viabilidad T_v>F),honesto,3.14248e+06,1111.9,empírico DS-6; mejor ρ de la rejilla
empirico,0.33,0.001,0.278665,1e+06,1,1000,0.001,SI,0.1,4537.75,3.1435e+06,A (disuasión),honesto,3.13896e+06,1463.77,empírico DS-6; mejor ρ de la rejilla
empirico,0.4,0.001,0.141609,1e+06,1,1000,0.001,SI,0.1,18693,3.1435e+06,A (disuasión),honesto,3.12481e+06,2879.3,empírico DS-6; mejor ρ de la rejilla
empirico,0.2,0.001,0.53474,1e+06,1,1000,0.01,SI,0.1,1019,305260,F (viabilidad T_v>F),honesto,304241,1111.9,empírico DS-6; mejor ρ de la rejilla
empirico,0.25,0.001,0.436567,1e+06,1,1000,0.01,SI,0.1,1019,305260,F (viabilidad T_v>F),honesto,304241,1111.9,empírico DS-6; mejor ρ de la rejilla
empirico,0.33,0.001,0.278665,1e+06,1,1000,0.01,SI,0.1,4537.75,305260,A (disuasión),honesto,300722,1463.77,empírico DS-6; mejor ρ de la rejilla
empirico,0.4,0.001,0.141609,1e+06,1,1000,0.01,SI,0.1,18693,305260,A (disuasión),honesto,286567,2879.3,empírico DS-6; mejor ρ de la rejilla
empirico,0.2,0.001,0.53474,1e+06,1,1000,0.1,SI,0.1,1019,21436,F (viabilidad T_v>F),honesto,20417,1111.9,empírico DS-6; mejor ρ de la rejilla
empirico,0.25,0.001,0.436567,1e+06,1,1000,0.1,SI,0.1,1019,21436,F (viabilidad T_v>F),honesto,20417,1111.9,empírico DS-6; mejor ρ de la rejilla
empirico,0.33,0.001,0.278665,1e+06,1,1000,0.1,SI,0.1,4537.75,21436,A (disuasión),honesto,16898.3,1463.77,empírico DS-6; mejor ρ de la rejilla
empirico,0.4,0.001,0.141609,1e+06,1,1000,0.1,SI,0.1,18693,21436,A (disuasión),honesto,2743.04,2879.3,empírico DS-6; mejor ρ de la rejilla
empirico,0.2,0.001,0.53474,1e+06,1,10000,0.0001,SI,0.1,1019,3.14359e+07,F (viabilidad T_v>F),honesto,3.14349e+07,10111.9,empírico DS-6; mejor ρ de la rejilla
empirico,0.25,0.001,0.436567,1e+06,1,10000,0.0001,SI,0.1,1019,3.14359e+07,F (viabilidad T_v>F),honesto,3.14349e+07,10111.9,empírico DS-6; mejor ρ de la rejilla
empirico,0.33,0.001,0.278665,1e+06,1,10000,0.0001,SI,0.1,1019,3.14359e+07,F (viabilidad T_v>F),honesto,3.14349e+07,10111.9,empírico DS-6; mejor ρ de la rejilla
empirico,0.4,0.001,0.141609,1e+06,1,10000,0.0001,SI,0.1,1019,3.14359e+07,F (viabilidad T_v>F),honesto,3.14349e+07,10111.9,empírico DS-6; mejor ρ de la rejilla
empirico,0.2,0.001,0.53474,1e+06,1,10000,0.001,SI,0.1,1019,3.0535e+06,F (viabilidad T_v>F),honesto,3.05248e+06,10111.9,empírico DS-6; mejor ρ de la rejilla
empirico,0.25,0.001,0.436567,1e+06,1,10000,0.001,SI,0.1,1019,3.0535e+06,F (viabilidad T_v>F),honesto,3.05248e+06,10111.9,empírico DS-6; mejor ρ de la rejilla
empirico,0.33,0.001,0.278665,1e+06,1,10000,0.001,SI,0.1,1019,3.0535e+06,F (viabilidad T_v>F),honesto,3.05248e+06,10111.9,empírico DS-6; mejor ρ de la rejilla
empirico,0.4,0.001,0.141609,1e+06,1,10000,0.001,SI,0.1,1019,3.0535e+06,F (viabilidad T_v>F),honesto,3.05248e+06,10111.9,empírico DS-6; mejor ρ de la rejilla
empirico,0.2,0.001,0.53474,1e+06,1,10000,0.01,SI,0.1,1019,215260,F (viabilidad T_v>F),honesto,214241,10111.9,empírico DS-6; mejor ρ de la rejilla
empirico,0.25,0.001,0.436567,1e+06,1,10000,0.01,SI,0.1,1019,215260,F (viabilidad T_v>F),honesto,214241,10111.9,empírico DS-6; mejor ρ de la rejilla
empirico,0.33,0.001,0.278665,1e+06,1,10000,0.01,SI,0.1,1019,215260,F (viabilidad T_v>F),honesto,214241,10111.9,empírico DS-6; mejor ρ de la rejilla
empirico,0.4,0.001,0.141609,1e+06,1,10000,0.01,SI,0.1,1019,215260,F (viabilidad T_v>F),honesto,214241,10111.9,empírico DS-6; mejor ρ de la rejilla
empirico,0.2,0.001,0.53474,1e+06,1,10000,0.1,NO,NaN,NaN,NaN,—,—,-Inf,NaN,empírico DS-6; mejor ρ de la rejilla
empirico,0.25,0.001,0.436567,1e+06,1,10000,0.1,NO,NaN,NaN,NaN,—,—,-Inf,NaN,empírico DS-6; mejor ρ de la rejilla
empirico,0.33,0.001,0.278665,1e+06,1,10000,0.1,NO,NaN,NaN,NaN,—,—,-Inf,NaN,empírico DS-6; mejor ρ de la rejilla
empirico,0.4,0.001,0.141609,1e+06,1,10000,0.1,NO,NaN,NaN,NaN,—,—,-Inf,NaN,empírico DS-6; mejor ρ de la rejilla
empirico,0.2,0.5,0.584789,100,0.25,20,0.0001,SI,0.1,1019,1.26143e+08,F (viabilidad T_v>F),honesto,1.26142e+08,40.475,empírico DS-6; mejor ρ de la rejilla
empirico,0.25,0.5,0.484789,100,0.25,20,0.0001,SI,0.1,1019,1.26143e+08,F (viabilidad T_v>F),honesto,1.26142e+08,40.475,empírico DS-6; mejor ρ de la rejilla
empirico,0.33,0.5,0.324789,100,0.25,20,0.0001,SI,0.1,1019,1.26143e+08,F (viabilidad T_v>F),honesto,1.26142e+08,40.475,empírico DS-6; mejor ρ de la rejilla
empirico,0.4,0.5,0.18577,100,0.25,20,0.0001,SI,0.1,1019,1.26143e+08,F (viabilidad T_v>F),honesto,1.26142e+08,40.475,empírico DS-6; mejor ρ de la rejilla
empirico,0.2,0.5,0.584789,100,0.25,20,0.001,SI,0.1,1019,1.26138e+07,F (viabilidad T_v>F),honesto,1.26128e+07,40.475,empírico DS-6; mejor ρ de la rejilla
empirico,0.25,0.5,0.484789,100,0.25,20,0.001,SI,0.1,1019,1.26138e+07,F (viabilidad T_v>F),honesto,1.26128e+07,40.475,empírico DS-6; mejor ρ de la rejilla
empirico,0.33,0.5,0.324789,100,0.25,20,0.001,SI,0.1,1019,1.26138e+07,F (viabilidad T_v>F),honesto,1.26128e+07,40.475,empírico DS-6; mejor ρ de la rejilla
empirico,0.4,0.5,0.18577,100,0.25,20,0.001,SI,0.1,1019,1.26138e+07,F (viabilidad T_v>F),honesto,1.26128e+07,40.475,empírico DS-6; mejor ρ de la rejilla
empirico,0.2,0.5,0.584789,100,0.25,20,0.01,SI,0.1,1019,1.26084e+06,F (viabilidad T_v>F),honesto,1.25982e+06,40.475,empírico DS-6; mejor ρ de la rejilla
empirico,0.25,0.5,0.484789,100,0.25,20,0.01,SI,0.1,1019,1.26084e+06,F (viabilidad T_v>F),honesto,1.25982e+06,40.475,empírico DS-6; mejor ρ de la rejilla
empirico,0.33,0.5,0.324789,100,0.25,20,0.01,SI,0.1,1019,1.26084e+06,F (viabilidad T_v>F),honesto,1.25982e+06,40.475,empírico DS-6; mejor ρ de la rejilla
empirico,0.4,0.5,0.18577,100,0.25,20,0.01,SI,0.1,1019,1.26084e+06,F (viabilidad T_v>F),honesto,1.25982e+06,40.475,empírico DS-6; mejor ρ de la rejilla
empirico,0.2,0.5,0.584789,100,0.25,20,0.1,SI,0.1,1019,125544,F (viabilidad T_v>F),honesto,124525,40.475,empírico DS-6; mejor ρ de la rejilla
empirico,0.25,0.5,0.484789,100,0.25,20,0.1,SI,0.1,1019,125544,F (viabilidad T_v>F),honesto,124525,40.475,empírico DS-6; mejor ρ de la rejilla
empirico,0.33,0.5,0.324789,100,0.25,20,0.1,SI,0.1,1019,125544,F (viabilidad T_v>F),honesto,124525,40.475,empírico DS-6; mejor ρ de la rejilla
empirico,0.4,0.5,0.18577,100,0.25,20,0.1,SI,0.1,1019,125544,F (viabilidad T_v>F),honesto,124525,40.475,empírico DS-6; mejor ρ de la rejilla
empirico,0.2,0.5,0.584789,100,0.25,100,0.0001,SI,0.1,1019,1.26143e+08,F (viabilidad T_v>F),honesto,1.26142e+08,60.475,empírico DS-6; mejor ρ de la rejilla
empirico,0.25,0.5,0.484789,100,0.25,100,0.0001,SI,0.1,1019,1.26143e+08,F (viabilidad T_v>F),honesto,1.26142e+08,60.475,empírico DS-6; mejor ρ de la rejilla
empirico,0.33,0.5,0.324789,100,0.25,100,0.0001,SI,0.1,1019,1.26143e+08,F (viabilidad T_v>F),honesto,1.26142e+08,60.475,empírico DS-6; mejor ρ de la rejilla
empirico,0.4,0.5,0.18577,100,0.25,100,0.0001,SI,0.1,1019,1.26143e+08,F (viabilidad T_v>F),honesto,1.26142e+08,60.475,empírico DS-6; mejor ρ de la rejilla
empirico,0.2,0.5,0.584789,100,0.25,100,0.001,SI,0.1,1019,1.2613e+07,F (viabilidad T_v>F),honesto,1.2612e+07,60.475,empírico DS-6; mejor ρ de la rejilla
empirico,0.25,0.5,0.484789,100,0.25,100,0.001,SI,0.1,1019,1.2613e+07,F (viabilidad T_v>F),honesto,1.2612e+07,60.475,empírico DS-6; mejor ρ de la rejilla
empirico,0.33,0.5,0.324789,100,0.25,100,0.001,SI,0.1,1019,1.2613e+07,F (viabilidad T_v>F),honesto,1.2612e+07,60.475,empírico DS-6; mejor ρ de la rejilla
empirico,0.4,0.5,0.18577,100,0.25,100,0.001,SI,0.1,1019,1.2613e+07,F (viabilidad T_v>F),honesto,1.2612e+07,60.475,empírico DS-6; mejor ρ de la rejilla
empirico,0.2,0.5,0.584789,100,0.25,100,0.01,SI,0.1,1019,1.26004e+06,F (viabilidad T_v>F),honesto,1.25902e+06,60.475,empírico DS-6; mejor ρ de la rejilla
empirico,0.25,0.5,0.484789,100,0.25,100,0.01,SI,0.1,1019,1.26004e+06,F (viabilidad T_v>F),honesto,1.25902e+06,60.475,empírico DS-6; mejor ρ de la rejilla
empirico,0.33,0.5,0.324789,100,0.25,100,0.01,SI,0.1,1019,1.26004e+06,F (viabilidad T_v>F),honesto,1.25902e+06,60.475,empírico DS-6; mejor ρ de la rejilla
empirico,0.4,0.5,0.18577,100,0.25,100,0.01,SI,0.1,1019,1.26004e+06,F (viabilidad T_v>F),honesto,1.25902e+06,60.475,empírico DS-6; mejor ρ de la rejilla
empirico,0.2,0.5,0.584789,100,0.25,100,0.1,SI,0.1,1019,124744,F (viabilidad T_v>F),honesto,123725,60.475,empírico DS-6; mejor ρ de la rejilla
empirico,0.25,0.5,0.484789,100,0.25,100,0.1,SI,0.1,1019,124744,F (viabilidad T_v>F),honesto,123725,60.475,empírico DS-6; mejor ρ de la rejilla
empirico,0.33,0.5,0.324789,100,0.25,100,0.1,SI,0.1,1019,124744,F (viabilidad T_v>F),honesto,123725,60.475,empírico DS-6; mejor ρ de la rejilla
empirico,0.4,0.5,0.18577,100,0.25,100,0.1,SI,0.1,1019,124744,F (viabilidad T_v>F),honesto,123725,60.475,empírico DS-6; mejor ρ de la rejilla
empirico,0.2,0.5,0.584789,100,0.25,1000,0.0001,SI,0.1,1019,1.26134e+08,F (viabilidad T_v>F),honesto,1.26133e+08,285.475,empírico DS-6; mejor ρ de la rejilla
empirico,0.25,0.5,0.484789,100,0.25,1000,0.0001,SI,0.1,1019,1.26134e+08,F (viabilidad T_v>F),honesto,1.26133e+08,285.475,empírico DS-6; mejor ρ de la rejilla
empirico,0.33,0.5,0.324789,100,0.25,1000,0.0001,SI,0.1,1019,1.26134e+08,F (viabilidad T_v>F),honesto,1.26133e+08,285.475,empírico DS-6; mejor ρ de la rejilla
empirico,0.4,0.5,0.18577,100,0.25,1000,0.0001,SI,0.1,1019,1.26134e+08,F (viabilidad T_v>F),honesto,1.26133e+08,285.475,empírico DS-6; mejor ρ de la rejilla
empirico,0.2,0.5,0.584789,100,0.25,1000,0.001,SI,0.1,1019,1.2604e+07,F (viabilidad T_v>F),honesto,1.2603e+07,285.475,empírico DS-6; mejor ρ de la rejilla
empirico,0.25,0.5,0.484789,100,0.25,1000,0.001,SI,0.1,1019,1.2604e+07,F (viabilidad T_v>F),honesto,1.2603e+07,285.475,empírico DS-6; mejor ρ de la rejilla
empirico,0.33,0.5,0.324789,100,0.25,1000,0.001,SI,0.1,1019,1.2604e+07,F (viabilidad T_v>F),honesto,1.2603e+07,285.475,empírico DS-6; mejor ρ de la rejilla
empirico,0.4,0.5,0.18577,100,0.25,1000,0.001,SI,0.1,1019,1.2604e+07,F (viabilidad T_v>F),honesto,1.2603e+07,285.475,empírico DS-6; mejor ρ de la rejilla
empirico,0.2,0.5,0.584789,100,0.25,1000,0.01,SI,0.1,1019,1.25104e+06,F (viabilidad T_v>F),honesto,1.25002e+06,285.475,empírico DS-6; mejor ρ de la rejilla
empirico,0.25,0.5,0.484789,100,0.25,1000,0.01,SI,0.1,1019,1.25104e+06,F (viabilidad T_v>F),honesto,1.25002e+06,285.475,empírico DS-6; mejor ρ de la rejilla
empirico,0.33,0.5,0.324789,100,0.25,1000,0.01,SI,0.1,1019,1.25104e+06,F (viabilidad T_v>F),honesto,1.25002e+06,285.475,empírico DS-6; mejor ρ de la rejilla
empirico,0.4,0.5,0.18577,100,0.25,1000,0.01,SI,0.1,1019,1.25104e+06,F (viabilidad T_v>F),honesto,1.25002e+06,285.475,empírico DS-6; mejor ρ de la rejilla
empirico,0.2,0.5,0.584789,100,0.25,1000,0.1,SI,0.1,1019,115744,F (viabilidad T_v>F),honesto,114725,285.475,empírico DS-6; mejor ρ de la rejilla
empirico,0.25,0.5,0.484789,100,0.25,1000,0.1,SI,0.1,1019,115744,F (viabilidad T_v>F),honesto,114725,285.475,empírico DS-6; mejor ρ de la rejilla
empirico,0.33,0.5,0.324789,100,0.25,1000,0.1,SI,0.1,1019,115744,F (viabilidad T_v>F),honesto,114725,285.475,empírico DS-6; mejor ρ de la rejilla
empirico,0.4,0.5,0.18577,100,0.25,1000,0.1,SI,0.1,1019,115744,F (viabilidad T_v>F),honesto,114725,285.475,empírico DS-6; mejor ρ de la rejilla
empirico,0.2,0.5,0.584789,100,0.25,10000,0.0001,SI,0.1,1019,1.26044e+08,F (viabilidad T_v>F),honesto,1.26043e+08,2535.47,empírico DS-6; mejor ρ de la rejilla
empirico,0.25,0.5,0.484789,100,0.25,10000,0.0001,SI,0.1,1019,1.26044e+08,F (viabilidad T_v>F),honesto,1.26043e+08,2535.47,empírico DS-6; mejor ρ de la rejilla
empirico,0.33,0.5,0.324789,100,0.25,10000,0.0001,SI,0.1,1019,1.26044e+08,F (viabilidad T_v>F),honesto,1.26043e+08,2535.47,empírico DS-6; mejor ρ de la rejilla
empirico,0.4,0.5,0.18577,100,0.25,10000,0.0001,SI,0.1,1019,1.26044e+08,F (viabilidad T_v>F),honesto,1.26043e+08,2535.47,empírico DS-6; mejor ρ de la rejilla
empirico,0.2,0.5,0.584789,100,0.25,10000,0.001,SI,0.1,1019,1.2514e+07,F (viabilidad T_v>F),honesto,1.2513e+07,2535.47,empírico DS-6; mejor ρ de la rejilla
empirico,0.25,0.5,0.484789,100,0.25,10000,0.001,SI,0.1,1019,1.2514e+07,F (viabilidad T_v>F),honesto,1.2513e+07,2535.47,empírico DS-6; mejor ρ de la rejilla
empirico,0.33,0.5,0.324789,100,0.25,10000,0.001,SI,0.1,1019,1.2514e+07,F (viabilidad T_v>F),honesto,1.2513e+07,2535.47,empírico DS-6; mejor ρ de la rejilla
empirico,0.4,0.5,0.18577,100,0.25,10000,0.001,SI,0.1,1019,1.2514e+07,F (viabilidad T_v>F),honesto,1.2513e+07,2535.47,empírico DS-6; mejor ρ de la rejilla
empirico,0.2,0.5,0.584789,100,0.25,10000,0.01,SI,0.1,1019,1.16104e+06,F (viabilidad T_v>F),honesto,1.16002e+06,2535.47,empírico DS-6; mejor ρ de la rejilla
empirico,0.25,0.5,0.484789,100,0.25,10000,0.01,SI,0.1,1019,1.16104e+06,F (viabilidad T_v>F),honesto,1.16002e+06,2535.47,empírico DS-6; mejor ρ de la rejilla
empirico,0.33,0.5,0.324789,100,0.25,10000,0.01,SI,0.1,1019,1.16104e+06,F (viabilidad T_v>F),honesto,1.16002e+06,2535.47,empírico DS-6; mejor ρ de la rejilla
empirico,0.4,0.5,0.18577,100,0.25,10000,0.01,SI,0.1,1019,1.16104e+06,F (viabilidad T_v>F),honesto,1.16002e+06,2535.47,empírico DS-6; mejor ρ de la rejilla
empirico,0.2,0.5,0.584789,100,0.25,10000,0.1,SI,0.1,1019,25744,F (viabilidad T_v>F),honesto,24725,2535.47,empírico DS-6; mejor ρ de la rejilla
empirico,0.25,0.5,0.484789,100,0.25,10000,0.1,SI,0.1,1019,25744,F (viabilidad T_v>F),honesto,24725,2535.47,empírico DS-6; mejor ρ de la rejilla
empirico,0.33,0.5,0.324789,100,0.25,10000,0.1,SI,0.1,1019,25744,F (viabilidad T_v>F),honesto,24725,2535.47,empírico DS-6; mejor ρ de la rejilla
empirico,0.4,0.5,0.18577,100,0.25,10000,0.1,SI,0.1,1019,25744,F (viabilidad T_v>F),honesto,24725,2535.47,empírico DS-6; mejor ρ de la rejilla
empirico,0.2,0.5,0.584789,100,0.5,20,0.0001,SI,0.1,1019,6.30716e+07,F (viabilidad T_v>F),honesto,6.30706e+07,70.95,empírico DS-6; mejor ρ de la rejilla
empirico,0.25,0.5,0.484789,100,0.5,20,0.0001,SI,0.1,1019,6.30716e+07,F (viabilidad T_v>F),honesto,6.30706e+07,70.95,empírico DS-6; mejor ρ de la rejilla
empirico,0.33,0.5,0.324789,100,0.5,20,0.0001,SI,0.1,1019,6.30716e+07,F (viabilidad T_v>F),honesto,6.30706e+07,70.95,empírico DS-6; mejor ρ de la rejilla
empirico,0.4,0.5,0.18577,100,0.5,20,0.0001,SI,0.1,1019,6.30716e+07,F (viabilidad T_v>F),honesto,6.30706e+07,70.95,empírico DS-6; mejor ρ de la rejilla
empirico,0.2,0.5,0.584789,100,0.5,20,0.001,SI,0.1,1019,6.3068e+06,F (viabilidad T_v>F),honesto,6.30578e+06,70.95,empírico DS-6; mejor ρ de la rejilla
empirico,0.25,0.5,0.484789,100,0.5,20,0.001,SI,0.1,1019,6.3068e+06,F (viabilidad T_v>F),honesto,6.30578e+06,70.95,empírico DS-6; mejor ρ de la rejilla
empirico,0.33,0.5,0.324789,100,0.5,20,0.001,SI,0.1,1019,6.3068e+06,F (viabilidad T_v>F),honesto,6.30578e+06,70.95,empírico DS-6; mejor ρ de la rejilla
empirico,0.4,0.5,0.18577,100,0.5,20,0.001,SI,0.1,1019,6.3068e+06,F (viabilidad T_v>F),honesto,6.30578e+06,70.95,empírico DS-6; mejor ρ de la rejilla
empirico,0.2,0.5,0.584789,100,0.5,20,0.01,SI,0.1,1019,630320,F (viabilidad T_v>F),honesto,629301,70.95,empírico DS-6; mejor ρ de la rejilla
empirico,0.25,0.5,0.484789,100,0.5,20,0.01,SI,0.1,1019,630320,F (viabilidad T_v>F),honesto,629301,70.95,empírico DS-6; mejor ρ de la rejilla
empirico,0.33,0.5,0.324789,100,0.5,20,0.01,SI,0.1,1019,630320,F (viabilidad T_v>F),honesto,629301,70.95,empírico DS-6; mejor ρ de la rejilla
empirico,0.4,0.5,0.18577,100,0.5,20,0.01,SI,0.1,1019,630320,F (viabilidad T_v>F),honesto,629301,70.95,empírico DS-6; mejor ρ de la rejilla
empirico,0.2,0.5,0.584789,100,0.5,20,0.1,SI,0.1,1019,62672,F (viabilidad T_v>F),honesto,61653,70.95,empírico DS-6; mejor ρ de la rejilla
empirico,0.25,0.5,0.484789,100,0.5,20,0.1,SI,0.1,1019,62672,F (viabilidad T_v>F),honesto,61653,70.95,empírico DS-6; mejor ρ de la rejilla
empirico,0.33,0.5,0.324789,100,0.5,20,0.1,SI,0.1,1019,62672,F (viabilidad T_v>F),honesto,61653,70.95,empírico DS-6; mejor ρ de la rejilla
empirico,0.4,0.5,0.18577,100,0.5,20,0.1,SI,0.1,1019,62672,F (viabilidad T_v>F),honesto,61653,70.95,empírico DS-6; mejor ρ de la rejilla
empirico,0.2,0.5,0.584789,100,0.5,100,0.0001,SI,0.1,1019,6.30708e+07,F (viabilidad T_v>F),honesto,6.30698e+07,110.95,empírico DS-6; mejor ρ de la rejilla
empirico,0.25,0.5,0.484789,100,0.5,100,0.0001,SI,0.1,1019,6.30708e+07,F (viabilidad T_v>F),honesto,6.30698e+07,110.95,empírico DS-6; mejor ρ de la rejilla
empirico,0.33,0.5,0.324789,100,0.5,100,0.0001,SI,0.1,1019,6.30708e+07,F (viabilidad T_v>F),honesto,6.30698e+07,110.95,empírico DS-6; mejor ρ de la rejilla
empirico,0.4,0.5,0.18577,100,0.5,100,0.0001,SI,0.1,1019,6.30708e+07,F (viabilidad T_v>F),honesto,6.30698e+07,110.95,empírico DS-6; mejor ρ de la rejilla
empirico,0.2,0.5,0.584789,100,0.5,100,0.001,SI,0.1,1019,6.306e+06,F (viabilidad T_v>F),honesto,6.30498e+06,110.95,empírico DS-6; mejor ρ de la rejilla
empirico,0.25,0.5,0.484789,100,0.5,100,0.001,SI,0.1,1019,6.306e+06,F (viabilidad T_v>F),honesto,6.30498e+06,110.95,empírico DS-6; mejor ρ de la rejilla
empirico,0.33,0.5,0.324789,100,0.5,100,0.001,SI,0.1,1019,6.306e+06,F (viabilidad T_v>F),honesto,6.30498e+06,110.95,empírico DS-6; mejor ρ de la rejilla
empirico,0.4,0.5,0.18577,100,0.5,100,0.001,SI,0.1,1019,6.306e+06,F (viabilidad T_v>F),honesto,6.30498e+06,110.95,empírico DS-6; mejor ρ de la rejilla
empirico,0.2,0.5,0.584789,100,0.5,100,0.01,SI,0.1,1019,629520,F (viabilidad T_v>F),honesto,628501,110.95,empírico DS-6; mejor ρ de la rejilla
empirico,0.25,0.5,0.484789,100,0.5,100,0.01,SI,0.1,1019,629520,F (viabilidad T_v>F),honesto,628501,110.95,empírico DS-6; mejor ρ de la rejilla
empirico,0.33,0.5,0.324789,100,0.5,100,0.01,SI,0.1,1019,629520,F (viabilidad T_v>F),honesto,628501,110.95,empírico DS-6; mejor ρ de la rejilla
empirico,0.4,0.5,0.18577,100,0.5,100,0.01,SI,0.1,1019,629520,F (viabilidad T_v>F),honesto,628501,110.95,empírico DS-6; mejor ρ de la rejilla
empirico,0.2,0.5,0.584789,100,0.5,100,0.1,SI,0.1,1019,61872,F (viabilidad T_v>F),honesto,60853,110.95,empírico DS-6; mejor ρ de la rejilla
empirico,0.25,0.5,0.484789,100,0.5,100,0.1,SI,0.1,1019,61872,F (viabilidad T_v>F),honesto,60853,110.95,empírico DS-6; mejor ρ de la rejilla
empirico,0.33,0.5,0.324789,100,0.5,100,0.1,SI,0.1,1019,61872,F (viabilidad T_v>F),honesto,60853,110.95,empírico DS-6; mejor ρ de la rejilla
empirico,0.4,0.5,0.18577,100,0.5,100,0.1,SI,0.1,1019,61872,F (viabilidad T_v>F),honesto,60853,110.95,empírico DS-6; mejor ρ de la rejilla
empirico,0.2,0.5,0.584789,100,0.5,1000,0.0001,SI,0.1,1019,6.30618e+07,F (viabilidad T_v>F),honesto,6.30608e+07,560.95,empírico DS-6; mejor ρ de la rejilla
empirico,0.25,0.5,0.484789,100,0.5,1000,0.0001,SI,0.1,1019,6.30618e+07,F (viabilidad T_v>F),honesto,6.30608e+07,560.95,empírico DS-6; mejor ρ de la rejilla
empirico,0.33,0.5,0.324789,100,0.5,1000,0.0001,SI,0.1,1019,6.30618e+07,F (viabilidad T_v>F),honesto,6.30608e+07,560.95,empírico DS-6; mejor ρ de la rejilla
empirico,0.4,0.5,0.18577,100,0.5,1000,0.0001,SI,0.1,1019,6.30618e+07,F (viabilidad T_v>F),honesto,6.30608e+07,560.95,empírico DS-6; mejor ρ de la rejilla
empirico,0.2,0.5,0.584789,100,0.5,1000,0.001,SI,0.1,1019,6.297e+06,F (viabilidad T_v>F),honesto,6.29598e+06,560.95,empírico DS-6; mejor ρ de la rejilla
empirico,0.25,0.5,0.484789,100,0.5,1000,0.001,SI,0.1,1019,6.297e+06,F (viabilidad T_v>F),honesto,6.29598e+06,560.95,empírico DS-6; mejor ρ de la rejilla
empirico,0.33,0.5,0.324789,100,0.5,1000,0.001,SI,0.1,1019,6.297e+06,F (viabilidad T_v>F),honesto,6.29598e+06,560.95,empírico DS-6; mejor ρ de la rejilla
empirico,0.4,0.5,0.18577,100,0.5,1000,0.001,SI,0.1,1019,6.297e+06,F (viabilidad T_v>F),honesto,6.29598e+06,560.95,empírico DS-6; mejor ρ de la rejilla
empirico,0.2,0.5,0.584789,100,0.5,1000,0.01,SI,0.1,1019,620520,F (viabilidad T_v>F),honesto,619501,560.95,empírico DS-6; mejor ρ de la rejilla
empirico,0.25,0.5,0.484789,100,0.5,1000,0.01,SI,0.1,1019,620520,F (viabilidad T_v>F),honesto,619501,560.95,empírico DS-6; mejor ρ de la rejilla
empirico,0.33,0.5,0.324789,100,0.5,1000,0.01,SI,0.1,1019,620520,F (viabilidad T_v>F),honesto,619501,560.95,empírico DS-6; mejor ρ de la rejilla
empirico,0.4,0.5,0.18577,100,0.5,1000,0.01,SI,0.1,1019,620520,F (viabilidad T_v>F),honesto,619501,560.95,empírico DS-6; mejor ρ de la rejilla
empirico,0.2,0.5,0.584789,100,0.5,1000,0.1,SI,0.1,1019,52872,F (viabilidad T_v>F),honesto,51853,560.95,empírico DS-6; mejor ρ de la rejilla
empirico,0.25,0.5,0.484789,100,0.5,1000,0.1,SI,0.1,1019,52872,F (viabilidad T_v>F),honesto,51853,560.95,empírico DS-6; mejor ρ de la rejilla
empirico,0.33,0.5,0.324789,100,0.5,1000,0.1,SI,0.1,1019,52872,F (viabilidad T_v>F),honesto,51853,560.95,empírico DS-6; mejor ρ de la rejilla
empirico,0.4,0.5,0.18577,100,0.5,1000,0.1,SI,0.1,1019,52872,F (viabilidad T_v>F),honesto,51853,560.95,empírico DS-6; mejor ρ de la rejilla
empirico,0.2,0.5,0.584789,100,0.5,10000,0.0001,SI,0.1,1019,6.29718e+07,F (viabilidad T_v>F),honesto,6.29708e+07,5060.95,empírico DS-6; mejor ρ de la rejilla
empirico,0.25,0.5,0.484789,100,0.5,10000,0.0001,SI,0.1,1019,6.29718e+07,F (viabilidad T_v>F),honesto,6.29708e+07,5060.95,empírico DS-6; mejor ρ de la rejilla
empirico,0.33,0.5,0.324789,100,0.5,10000,0.0001,SI,0.1,1019,6.29718e+07,F (viabilidad T_v>F),honesto,6.29708e+07,5060.95,empírico DS-6; mejor ρ de la rejilla
empirico,0.4,0.5,0.18577,100,0.5,10000,0.0001,SI,0.1,1019,6.29718e+07,F (viabilidad T_v>F),honesto,6.29708e+07,5060.95,empírico DS-6; mejor ρ de la rejilla
empirico,0.2,0.5,0.584789,100,0.5,10000,0.001,SI,0.1,1019,6.207e+06,F (viabilidad T_v>F),honesto,6.20598e+06,5060.95,empírico DS-6; mejor ρ de la rejilla
empirico,0.25,0.5,0.484789,100,0.5,10000,0.001,SI,0.1,1019,6.207e+06,F (viabilidad T_v>F),honesto,6.20598e+06,5060.95,empírico DS-6; mejor ρ de la rejilla
empirico,0.33,0.5,0.324789,100,0.5,10000,0.001,SI,0.1,1019,6.207e+06,F (viabilidad T_v>F),honesto,6.20598e+06,5060.95,empírico DS-6; mejor ρ de la rejilla
empirico,0.4,0.5,0.18577,100,0.5,10000,0.001,SI,0.1,1019,6.207e+06,F (viabilidad T_v>F),honesto,6.20598e+06,5060.95,empírico DS-6; mejor ρ de la rejilla
empirico,0.2,0.5,0.584789,100,0.5,10000,0.01,SI,0.1,1019,530520,F (viabilidad T_v>F),honesto,529501,5060.95,empírico DS-6; mejor ρ de la rejilla
empirico,0.25,0.5,0.484789,100,0.5,10000,0.01,SI,0.1,1019,530520,F (viabilidad T_v>F),honesto,529501,5060.95,empírico DS-6; mejor ρ de la rejilla
empirico,0.33,0.5,0.324789,100,0.5,10000,0.01,SI,0.1,1019,530520,F (viabilidad T_v>F),honesto,529501,5060.95,empírico DS-6; mejor ρ de la rejilla
empirico,0.4,0.5,0.18577,100,0.5,10000,0.01,SI,0.1,1019,530520,F (viabilidad T_v>F),honesto,529501,5060.95,empírico DS-6; mejor ρ de la rejilla
empirico,0.2,0.5,0.584789,100,0.5,10000,0.1,NO,NaN,NaN,NaN,—,—,-Inf,NaN,empírico DS-6; mejor ρ de la rejilla
empirico,0.25,0.5,0.484789,100,0.5,10000,0.1,NO,NaN,NaN,NaN,—,—,-Inf,NaN,empírico DS-6; mejor ρ de la rejilla
empirico,0.33,0.5,0.324789,100,0.5,10000,0.1,NO,NaN,NaN,NaN,—,—,-Inf,NaN,empírico DS-6; mejor ρ de la rejilla
empirico,0.4,0.5,0.18577,100,0.5,10000,0.1,NO,NaN,NaN,NaN,—,—,-Inf,NaN,empírico DS-6; mejor ρ de la rejilla
empirico,0.2,0.5,0.584789,100,1,20,0.0001,SI,0.1,1019,3.15357e+07,F (viabilidad T_v>F),honesto,3.15347e+07,131.9,empírico DS-6; mejor ρ de la rejilla
empirico,0.25,0.5,0.484789,100,1,20,0.0001,SI,0.1,1019,3.15357e+07,F (viabilidad T_v>F),honesto,3.15347e+07,131.9,empírico DS-6; mejor ρ de la rejilla
empirico,0.33,0.5,0.324789,100,1,20,0.0001,SI,0.1,1019,3.15357e+07,F (viabilidad T_v>F),honesto,3.15347e+07,131.9,empírico DS-6; mejor ρ de la rejilla
empirico,0.4,0.5,0.18577,100,1,20,0.0001,SI,0.1,1019,3.15357e+07,F (viabilidad T_v>F),honesto,3.15347e+07,131.9,empírico DS-6; mejor ρ de la rejilla
empirico,0.2,0.5,0.584789,100,1,20,0.001,SI,0.1,1019,3.1533e+06,F (viabilidad T_v>F),honesto,3.15228e+06,131.9,empírico DS-6; mejor ρ de la rejilla
empirico,0.25,0.5,0.484789,100,1,20,0.001,SI,0.1,1019,3.1533e+06,F (viabilidad T_v>F),honesto,3.15228e+06,131.9,empírico DS-6; mejor ρ de la rejilla
empirico,0.33,0.5,0.324789,100,1,20,0.001,SI,0.1,1019,3.1533e+06,F (viabilidad T_v>F),honesto,3.15228e+06,131.9,empírico DS-6; mejor ρ de la rejilla
empirico,0.4,0.5,0.18577,100,1,20,0.001,SI,0.1,1019,3.1533e+06,F (viabilidad T_v>F),honesto,3.15228e+06,131.9,empírico DS-6; mejor ρ de la rejilla
empirico,0.2,0.5,0.584789,100,1,20,0.01,SI,0.1,1019,315060,F (viabilidad T_v>F),honesto,314041,131.9,empírico DS-6; mejor ρ de la rejilla
empirico,0.25,0.5,0.484789,100,1,20,0.01,SI,0.1,1019,315060,F (viabilidad T_v>F),honesto,314041,131.9,empírico DS-6; mejor ρ de la rejilla
empirico,0.33,0.5,0.324789,100,1,20,0.01,SI,0.1,1019,315060,F (viabilidad T_v>F),honesto,314041,131.9,empírico DS-6; mejor ρ de la rejilla
empirico,0.4,0.5,0.18577,100,1,20,0.01,SI,0.1,1019,315060,F (viabilidad T_v>F),honesto,314041,131.9,empírico DS-6; mejor ρ de la rejilla
empirico,0.2,0.5,0.584789,100,1,20,0.1,SI,0.1,1019,31236,F (viabilidad T_v>F),honesto,30217,131.9,empírico DS-6; mejor ρ de la rejilla
empirico,0.25,0.5,0.484789,100,1,20,0.1,SI,0.1,1019,31236,F (viabilidad T_v>F),honesto,30217,131.9,empírico DS-6; mejor ρ de la rejilla
empirico,0.33,0.5,0.324789,100,1,20,0.1,SI,0.1,1019,31236,F (viabilidad T_v>F),honesto,30217,131.9,empírico DS-6; mejor ρ de la rejilla
empirico,0.4,0.5,0.18577,100,1,20,0.1,SI,0.1,1019,31236,F (viabilidad T_v>F),honesto,30217,131.9,empírico DS-6; mejor ρ de la rejilla
empirico,0.2,0.5,0.584789,100,1,100,0.0001,SI,0.1,1019,3.15349e+07,F (viabilidad T_v>F),honesto,3.15339e+07,211.9,empírico DS-6; mejor ρ de la rejilla
empirico,0.25,0.5,0.484789,100,1,100,0.0001,SI,0.1,1019,3.15349e+07,F (viabilidad T_v>F),honesto,3.15339e+07,211.9,empírico DS-6; mejor ρ de la rejilla
empirico,0.33,0.5,0.324789,100,1,100,0.0001,SI,0.1,1019,3.15349e+07,F (viabilidad T_v>F),honesto,3.15339e+07,211.9,empírico DS-6; mejor ρ de la rejilla
empirico,0.4,0.5,0.18577,100,1,100,0.0001,SI,0.1,1019,3.15349e+07,F (viabilidad T_v>F),honesto,3.15339e+07,211.9,empírico DS-6; mejor ρ de la rejilla
empirico,0.2,0.5,0.584789,100,1,100,0.001,SI,0.1,1019,3.1525e+06,F (viabilidad T_v>F),honesto,3.15148e+06,211.9,empírico DS-6; mejor ρ de la rejilla
empirico,0.25,0.5,0.484789,100,1,100,0.001,SI,0.1,1019,3.1525e+06,F (viabilidad T_v>F),honesto,3.15148e+06,211.9,empírico DS-6; mejor ρ de la rejilla
empirico,0.33,0.5,0.324789,100,1,100,0.001,SI,0.1,1019,3.1525e+06,F (viabilidad T_v>F),honesto,3.15148e+06,211.9,empírico DS-6; mejor ρ de la rejilla
empirico,0.4,0.5,0.18577,100,1,100,0.001,SI,0.1,1019,3.1525e+06,F (viabilidad T_v>F),honesto,3.15148e+06,211.9,empírico DS-6; mejor ρ de la rejilla
empirico,0.2,0.5,0.584789,100,1,100,0.01,SI,0.1,1019,314260,F (viabilidad T_v>F),honesto,313241,211.9,empírico DS-6; mejor ρ de la rejilla
empirico,0.25,0.5,0.484789,100,1,100,0.01,SI,0.1,1019,314260,F (viabilidad T_v>F),honesto,313241,211.9,empírico DS-6; mejor ρ de la rejilla
empirico,0.33,0.5,0.324789,100,1,100,0.01,SI,0.1,1019,314260,F (viabilidad T_v>F),honesto,313241,211.9,empírico DS-6; mejor ρ de la rejilla
empirico,0.4,0.5,0.18577,100,1,100,0.01,SI,0.1,1019,314260,F (viabilidad T_v>F),honesto,313241,211.9,empírico DS-6; mejor ρ de la rejilla
empirico,0.2,0.5,0.584789,100,1,100,0.1,SI,0.1,1019,30436,F (viabilidad T_v>F),honesto,29417,211.9,empírico DS-6; mejor ρ de la rejilla
empirico,0.25,0.5,0.484789,100,1,100,0.1,SI,0.1,1019,30436,F (viabilidad T_v>F),honesto,29417,211.9,empírico DS-6; mejor ρ de la rejilla
empirico,0.33,0.5,0.324789,100,1,100,0.1,SI,0.1,1019,30436,F (viabilidad T_v>F),honesto,29417,211.9,empírico DS-6; mejor ρ de la rejilla
empirico,0.4,0.5,0.18577,100,1,100,0.1,SI,0.1,1019,30436,F (viabilidad T_v>F),honesto,29417,211.9,empírico DS-6; mejor ρ de la rejilla
empirico,0.2,0.5,0.584789,100,1,1000,0.0001,SI,0.1,1019,3.15259e+07,F (viabilidad T_v>F),honesto,3.15249e+07,1111.9,empírico DS-6; mejor ρ de la rejilla
empirico,0.25,0.5,0.484789,100,1,1000,0.0001,SI,0.1,1019,3.15259e+07,F (viabilidad T_v>F),honesto,3.15249e+07,1111.9,empírico DS-6; mejor ρ de la rejilla
empirico,0.33,0.5,0.324789,100,1,1000,0.0001,SI,0.1,1019,3.15259e+07,F (viabilidad T_v>F),honesto,3.15249e+07,1111.9,empírico DS-6; mejor ρ de la rejilla
empirico,0.4,0.5,0.18577,100,1,1000,0.0001,SI,0.1,1019,3.15259e+07,F (viabilidad T_v>F),honesto,3.15249e+07,1111.9,empírico DS-6; mejor ρ de la rejilla
empirico,0.2,0.5,0.584789,100,1,1000,0.001,SI,0.1,1019,3.1435e+06,F (viabilidad T_v>F),honesto,3.14248e+06,1111.9,empírico DS-6; mejor ρ de la rejilla
empirico,0.25,0.5,0.484789,100,1,1000,0.001,SI,0.1,1019,3.1435e+06,F (viabilidad T_v>F),honesto,3.14248e+06,1111.9,empírico DS-6; mejor ρ de la rejilla
empirico,0.33,0.5,0.324789,100,1,1000,0.001,SI,0.1,1019,3.1435e+06,F (viabilidad T_v>F),honesto,3.14248e+06,1111.9,empírico DS-6; mejor ρ de la rejilla
empirico,0.4,0.5,0.18577,100,1,1000,0.001,SI,0.1,1019,3.1435e+06,F (viabilidad T_v>F),honesto,3.14248e+06,1111.9,empírico DS-6; mejor ρ de la rejilla
empirico,0.2,0.5,0.584789,100,1,1000,0.01,SI,0.1,1019,305260,F (viabilidad T_v>F),honesto,304241,1111.9,empírico DS-6; mejor ρ de la rejilla
empirico,0.25,0.5,0.484789,100,1,1000,0.01,SI,0.1,1019,305260,F (viabilidad T_v>F),honesto,304241,1111.9,empírico DS-6; mejor ρ de la rejilla
empirico,0.33,0.5,0.324789,100,1,1000,0.01,SI,0.1,1019,305260,F (viabilidad T_v>F),honesto,304241,1111.9,empírico DS-6; mejor ρ de la rejilla
empirico,0.4,0.5,0.18577,100,1,1000,0.01,SI,0.1,1019,305260,F (viabilidad T_v>F),honesto,304241,1111.9,empírico DS-6; mejor ρ de la rejilla
empirico,0.2,0.5,0.584789,100,1,1000,0.1,SI,0.1,1019,21436,F (viabilidad T_v>F),honesto,20417,1111.9,empírico DS-6; mejor ρ de la rejilla
empirico,0.25,0.5,0.484789,100,1,1000,0.1,SI,0.1,1019,21436,F (viabilidad T_v>F),honesto,20417,1111.9,empírico DS-6; mejor ρ de la rejilla
empirico,0.33,0.5,0.324789,100,1,1000,0.1,SI,0.1,1019,21436,F (viabilidad T_v>F),honesto,20417,1111.9,empírico DS-6; mejor ρ de la rejilla
empirico,0.4,0.5,0.18577,100,1,1000,0.1,SI,0.1,1019,21436,F (viabilidad T_v>F),honesto,20417,1111.9,empírico DS-6; mejor ρ de la rejilla
empirico,0.2,0.5,0.584789,100,1,10000,0.0001,SI,0.1,1019,3.14359e+07,F (viabilidad T_v>F),honesto,3.14349e+07,10111.9,empírico DS-6; mejor ρ de la rejilla
empirico,0.25,0.5,0.484789,100,1,10000,0.0001,SI,0.1,1019,3.14359e+07,F (viabilidad T_v>F),honesto,3.14349e+07,10111.9,empírico DS-6; mejor ρ de la rejilla
empirico,0.33,0.5,0.324789,100,1,10000,0.0001,SI,0.1,1019,3.14359e+07,F (viabilidad T_v>F),honesto,3.14349e+07,10111.9,empírico DS-6; mejor ρ de la rejilla
empirico,0.4,0.5,0.18577,100,1,10000,0.0001,SI,0.1,1019,3.14359e+07,F (viabilidad T_v>F),honesto,3.14349e+07,10111.9,empírico DS-6; mejor ρ de la rejilla
empirico,0.2,0.5,0.584789,100,1,10000,0.001,SI,0.1,1019,3.0535e+06,F (viabilidad T_v>F),honesto,3.05248e+06,10111.9,empírico DS-6; mejor ρ de la rejilla
empirico,0.25,0.5,0.484789,100,1,10000,0.001,SI,0.1,1019,3.0535e+06,F (viabilidad T_v>F),honesto,3.05248e+06,10111.9,empírico DS-6; mejor ρ de la rejilla
empirico,0.33,0.5,0.324789,100,1,10000,0.001,SI,0.1,1019,3.0535e+06,F (viabilidad T_v>F),honesto,3.05248e+06,10111.9,empírico DS-6; mejor ρ de la rejilla
empirico,0.4,0.5,0.18577,100,1,10000,0.001,SI,0.1,1019,3.0535e+06,F (viabilidad T_v>F),honesto,3.05248e+06,10111.9,empírico DS-6; mejor ρ de la rejilla
empirico,0.2,0.5,0.584789,100,1,10000,0.01,SI,0.1,1019,215260,F (viabilidad T_v>F),honesto,214241,10111.9,empírico DS-6; mejor ρ de la rejilla
empirico,0.25,0.5,0.484789,100,1,10000,0.01,SI,0.1,1019,215260,F (viabilidad T_v>F),honesto,214241,10111.9,empírico DS-6; mejor ρ de la rejilla
empirico,0.33,0.5,0.324789,100,1,10000,0.01,SI,0.1,1019,215260,F (viabilidad T_v>F),honesto,214241,10111.9,empírico DS-6; mejor ρ de la rejilla
empirico,0.4,0.5,0.18577,100,1,10000,0.01,SI,0.1,1019,215260,F (viabilidad T_v>F),honesto,214241,10111.9,empírico DS-6; mejor ρ de la rejilla
empirico,0.2,0.5,0.584789,100,1,10000,0.1,NO,NaN,NaN,NaN,—,—,-Inf,NaN,empírico DS-6; mejor ρ de la rejilla
empirico,0.25,0.5,0.484789,100,1,10000,0.1,NO,NaN,NaN,NaN,—,—,-Inf,NaN,empírico DS-6; mejor ρ de la rejilla
empirico,0.33,0.5,0.324789,100,1,10000,0.1,NO,NaN,NaN,NaN,—,—,-Inf,NaN,empírico DS-6; mejor ρ de la rejilla
empirico,0.4,0.5,0.18577,100,1,10000,0.1,NO,NaN,NaN,NaN,—,—,-Inf,NaN,empírico DS-6; mejor ρ de la rejilla
empirico,0.2,0.5,0.584789,1000,0.25,20,0.0001,SI,0.1,1019,1.26143e+08,F (viabilidad T_v>F),honesto,1.26142e+08,40.475,empírico DS-6; mejor ρ de la rejilla
empirico,0.25,0.5,0.484789,1000,0.25,20,0.0001,SI,0.1,1019,1.26143e+08,F (viabilidad T_v>F),honesto,1.26142e+08,40.475,empírico DS-6; mejor ρ de la rejilla
empirico,0.33,0.5,0.324789,1000,0.25,20,0.0001,SI,0.1,1019,1.26143e+08,F (viabilidad T_v>F),honesto,1.26142e+08,40.475,empírico DS-6; mejor ρ de la rejilla
empirico,0.4,0.5,0.18577,1000,0.25,20,0.0001,SI,0.1,1019,1.26143e+08,F (viabilidad T_v>F),honesto,1.26142e+08,40.475,empírico DS-6; mejor ρ de la rejilla
empirico,0.2,0.5,0.584789,1000,0.25,20,0.001,SI,0.1,1019,1.26138e+07,F (viabilidad T_v>F),honesto,1.26128e+07,40.475,empírico DS-6; mejor ρ de la rejilla
empirico,0.25,0.5,0.484789,1000,0.25,20,0.001,SI,0.1,1019,1.26138e+07,F (viabilidad T_v>F),honesto,1.26128e+07,40.475,empírico DS-6; mejor ρ de la rejilla
empirico,0.33,0.5,0.324789,1000,0.25,20,0.001,SI,0.1,1019,1.26138e+07,F (viabilidad T_v>F),honesto,1.26128e+07,40.475,empírico DS-6; mejor ρ de la rejilla
empirico,0.4,0.5,0.18577,1000,0.25,20,0.001,SI,0.1,1019,1.26138e+07,F (viabilidad T_v>F),honesto,1.26128e+07,40.475,empírico DS-6; mejor ρ de la rejilla
empirico,0.2,0.5,0.584789,1000,0.25,20,0.01,SI,0.1,1019,1.26084e+06,F (viabilidad T_v>F),honesto,1.25982e+06,40.475,empírico DS-6; mejor ρ de la rejilla
empirico,0.25,0.5,0.484789,1000,0.25,20,0.01,SI,0.1,1019,1.26084e+06,F (viabilidad T_v>F),honesto,1.25982e+06,40.475,empírico DS-6; mejor ρ de la rejilla
empirico,0.33,0.5,0.324789,1000,0.25,20,0.01,SI,0.1,1019,1.26084e+06,F (viabilidad T_v>F),honesto,1.25982e+06,40.475,empírico DS-6; mejor ρ de la rejilla
empirico,0.4,0.5,0.18577,1000,0.25,20,0.01,SI,0.1,1019,1.26084e+06,F (viabilidad T_v>F),honesto,1.25982e+06,40.475,empírico DS-6; mejor ρ de la rejilla
empirico,0.2,0.5,0.584789,1000,0.25,20,0.1,SI,0.1,1019,125544,F (viabilidad T_v>F),honesto,124525,40.475,empírico DS-6; mejor ρ de la rejilla
empirico,0.25,0.5,0.484789,1000,0.25,20,0.1,SI,0.1,1019,125544,F (viabilidad T_v>F),honesto,124525,40.475,empírico DS-6; mejor ρ de la rejilla
empirico,0.33,0.5,0.324789,1000,0.25,20,0.1,SI,0.1,1019,125544,F (viabilidad T_v>F),honesto,124525,40.475,empírico DS-6; mejor ρ de la rejilla
empirico,0.4,0.5,0.18577,1000,0.25,20,0.1,SI,0.1,1019,125544,F (viabilidad T_v>F),honesto,124525,40.475,empírico DS-6; mejor ρ de la rejilla
empirico,0.2,0.5,0.584789,1000,0.25,100,0.0001,SI,0.1,1019,1.26143e+08,F (viabilidad T_v>F),honesto,1.26142e+08,60.475,empírico DS-6; mejor ρ de la rejilla
empirico,0.25,0.5,0.484789,1000,0.25,100,0.0001,SI,0.1,1019,1.26143e+08,F (viabilidad T_v>F),honesto,1.26142e+08,60.475,empírico DS-6; mejor ρ de la rejilla
empirico,0.33,0.5,0.324789,1000,0.25,100,0.0001,SI,0.1,1019,1.26143e+08,F (viabilidad T_v>F),honesto,1.26142e+08,60.475,empírico DS-6; mejor ρ de la rejilla
empirico,0.4,0.5,0.18577,1000,0.25,100,0.0001,SI,0.1,1019,1.26143e+08,F (viabilidad T_v>F),honesto,1.26142e+08,60.475,empírico DS-6; mejor ρ de la rejilla
empirico,0.2,0.5,0.584789,1000,0.25,100,0.001,SI,0.1,1019,1.2613e+07,F (viabilidad T_v>F),honesto,1.2612e+07,60.475,empírico DS-6; mejor ρ de la rejilla
empirico,0.25,0.5,0.484789,1000,0.25,100,0.001,SI,0.1,1019,1.2613e+07,F (viabilidad T_v>F),honesto,1.2612e+07,60.475,empírico DS-6; mejor ρ de la rejilla
empirico,0.33,0.5,0.324789,1000,0.25,100,0.001,SI,0.1,1019,1.2613e+07,F (viabilidad T_v>F),honesto,1.2612e+07,60.475,empírico DS-6; mejor ρ de la rejilla
empirico,0.4,0.5,0.18577,1000,0.25,100,0.001,SI,0.1,1019,1.2613e+07,F (viabilidad T_v>F),honesto,1.2612e+07,60.475,empírico DS-6; mejor ρ de la rejilla
empirico,0.2,0.5,0.584789,1000,0.25,100,0.01,SI,0.1,1019,1.26004e+06,F (viabilidad T_v>F),honesto,1.25902e+06,60.475,empírico DS-6; mejor ρ de la rejilla
empirico,0.25,0.5,0.484789,1000,0.25,100,0.01,SI,0.1,1019,1.26004e+06,F (viabilidad T_v>F),honesto,1.25902e+06,60.475,empírico DS-6; mejor ρ de la rejilla
empirico,0.33,0.5,0.324789,1000,0.25,100,0.01,SI,0.1,1019,1.26004e+06,F (viabilidad T_v>F),honesto,1.25902e+06,60.475,empírico DS-6; mejor ρ de la rejilla
empirico,0.4,0.5,0.18577,1000,0.25,100,0.01,SI,0.1,1019,1.26004e+06,F (viabilidad T_v>F),honesto,1.25902e+06,60.475,empírico DS-6; mejor ρ de la rejilla
empirico,0.2,0.5,0.584789,1000,0.25,100,0.1,SI,0.1,1019,124744,F (viabilidad T_v>F),honesto,123725,60.475,empírico DS-6; mejor ρ de la rejilla
empirico,0.25,0.5,0.484789,1000,0.25,100,0.1,SI,0.1,1019,124744,F (viabilidad T_v>F),honesto,123725,60.475,empírico DS-6; mejor ρ de la rejilla
empirico,0.33,0.5,0.324789,1000,0.25,100,0.1,SI,0.1,1019,124744,F (viabilidad T_v>F),honesto,123725,60.475,empírico DS-6; mejor ρ de la rejilla
empirico,0.4,0.5,0.18577,1000,0.25,100,0.1,SI,0.1,1019,124744,F (viabilidad T_v>F),honesto,123725,60.475,empírico DS-6; mejor ρ de la rejilla
empirico,0.2,0.5,0.584789,1000,0.25,1000,0.0001,SI,0.1,1019,1.26134e+08,F (viabilidad T_v>F),honesto,1.26133e+08,285.475,empírico DS-6; mejor ρ de la rejilla
empirico,0.25,0.5,0.484789,1000,0.25,1000,0.0001,SI,0.1,1019,1.26134e+08,F (viabilidad T_v>F),honesto,1.26133e+08,285.475,empírico DS-6; mejor ρ de la rejilla
empirico,0.33,0.5,0.324789,1000,0.25,1000,0.0001,SI,0.1,1019,1.26134e+08,F (viabilidad T_v>F),honesto,1.26133e+08,285.475,empírico DS-6; mejor ρ de la rejilla
empirico,0.4,0.5,0.18577,1000,0.25,1000,0.0001,SI,0.1,1019,1.26134e+08,F (viabilidad T_v>F),honesto,1.26133e+08,285.475,empírico DS-6; mejor ρ de la rejilla
empirico,0.2,0.5,0.584789,1000,0.25,1000,0.001,SI,0.1,1019,1.2604e+07,F (viabilidad T_v>F),honesto,1.2603e+07,285.475,empírico DS-6; mejor ρ de la rejilla
empirico,0.25,0.5,0.484789,1000,0.25,1000,0.001,SI,0.1,1019,1.2604e+07,F (viabilidad T_v>F),honesto,1.2603e+07,285.475,empírico DS-6; mejor ρ de la rejilla
empirico,0.33,0.5,0.324789,1000,0.25,1000,0.001,SI,0.1,1019,1.2604e+07,F (viabilidad T_v>F),honesto,1.2603e+07,285.475,empírico DS-6; mejor ρ de la rejilla
empirico,0.4,0.5,0.18577,1000,0.25,1000,0.001,SI,0.1,1019,1.2604e+07,F (viabilidad T_v>F),honesto,1.2603e+07,285.475,empírico DS-6; mejor ρ de la rejilla
empirico,0.2,0.5,0.584789,1000,0.25,1000,0.01,SI,0.1,1019,1.25104e+06,F (viabilidad T_v>F),honesto,1.25002e+06,285.475,empírico DS-6; mejor ρ de la rejilla
empirico,0.25,0.5,0.484789,1000,0.25,1000,0.01,SI,0.1,1019,1.25104e+06,F (viabilidad T_v>F),honesto,1.25002e+06,285.475,empírico DS-6; mejor ρ de la rejilla
empirico,0.33,0.5,0.324789,1000,0.25,1000,0.01,SI,0.1,1019,1.25104e+06,F (viabilidad T_v>F),honesto,1.25002e+06,285.475,empírico DS-6; mejor ρ de la rejilla
empirico,0.4,0.5,0.18577,1000,0.25,1000,0.01,SI,0.1,1019,1.25104e+06,F (viabilidad T_v>F),honesto,1.25002e+06,285.475,empírico DS-6; mejor ρ de la rejilla
empirico,0.2,0.5,0.584789,1000,0.25,1000,0.1,SI,0.1,1019,115744,F (viabilidad T_v>F),honesto,114725,285.475,empírico DS-6; mejor ρ de la rejilla
empirico,0.25,0.5,0.484789,1000,0.25,1000,0.1,SI,0.1,1019,115744,F (viabilidad T_v>F),honesto,114725,285.475,empírico DS-6; mejor ρ de la rejilla
empirico,0.33,0.5,0.324789,1000,0.25,1000,0.1,SI,0.1,1019,115744,F (viabilidad T_v>F),honesto,114725,285.475,empírico DS-6; mejor ρ de la rejilla
empirico,0.4,0.5,0.18577,1000,0.25,1000,0.1,SI,0.1,1019,115744,F (viabilidad T_v>F),honesto,114725,285.475,empírico DS-6; mejor ρ de la rejilla
empirico,0.2,0.5,0.584789,1000,0.25,10000,0.0001,SI,0.1,1019,1.26044e+08,F (viabilidad T_v>F),honesto,1.26043e+08,2535.47,empírico DS-6; mejor ρ de la rejilla
empirico,0.25,0.5,0.484789,1000,0.25,10000,0.0001,SI,0.1,1019,1.26044e+08,F (viabilidad T_v>F),honesto,1.26043e+08,2535.47,empírico DS-6; mejor ρ de la rejilla
empirico,0.33,0.5,0.324789,1000,0.25,10000,0.0001,SI,0.1,1019,1.26044e+08,F (viabilidad T_v>F),honesto,1.26043e+08,2535.47,empírico DS-6; mejor ρ de la rejilla
empirico,0.4,0.5,0.18577,1000,0.25,10000,0.0001,SI,0.1,1019,1.26044e+08,F (viabilidad T_v>F),honesto,1.26043e+08,2535.47,empírico DS-6; mejor ρ de la rejilla
empirico,0.2,0.5,0.584789,1000,0.25,10000,0.001,SI,0.1,1019,1.2514e+07,F (viabilidad T_v>F),honesto,1.2513e+07,2535.47,empírico DS-6; mejor ρ de la rejilla
empirico,0.25,0.5,0.484789,1000,0.25,10000,0.001,SI,0.1,1019,1.2514e+07,F (viabilidad T_v>F),honesto,1.2513e+07,2535.47,empírico DS-6; mejor ρ de la rejilla
empirico,0.33,0.5,0.324789,1000,0.25,10000,0.001,SI,0.1,1019,1.2514e+07,F (viabilidad T_v>F),honesto,1.2513e+07,2535.47,empírico DS-6; mejor ρ de la rejilla
empirico,0.4,0.5,0.18577,1000,0.25,10000,0.001,SI,0.1,1019,1.2514e+07,F (viabilidad T_v>F),honesto,1.2513e+07,2535.47,empírico DS-6; mejor ρ de la rejilla
empirico,0.2,0.5,0.584789,1000,0.25,10000,0.01,SI,0.1,1019,1.16104e+06,F (viabilidad T_v>F),honesto,1.16002e+06,2535.47,empírico DS-6; mejor ρ de la rejilla
empirico,0.25,0.5,0.484789,1000,0.25,10000,0.01,SI,0.1,1019,1.16104e+06,F (viabilidad T_v>F),honesto,1.16002e+06,2535.47,empírico DS-6; mejor ρ de la rejilla
empirico,0.33,0.5,0.324789,1000,0.25,10000,0.01,SI,0.1,1019,1.16104e+06,F (viabilidad T_v>F),honesto,1.16002e+06,2535.47,empírico DS-6; mejor ρ de la rejilla
empirico,0.4,0.5,0.18577,1000,0.25,10000,0.01,SI,0.1,1019,1.16104e+06,F (viabilidad T_v>F),honesto,1.16002e+06,2535.47,empírico DS-6; mejor ρ de la rejilla
empirico,0.2,0.5,0.584789,1000,0.25,10000,0.1,SI,0.1,1019,25744,F (viabilidad T_v>F),honesto,24725,2535.47,empírico DS-6; mejor ρ de la rejilla
empirico,0.25,0.5,0.484789,1000,0.25,10000,0.1,SI,0.1,1019,25744,F (viabilidad T_v>F),honesto,24725,2535.47,empírico DS-6; mejor ρ de la rejilla
empirico,0.33,0.5,0.324789,1000,0.25,10000,0.1,SI,0.1,1019,25744,F (viabilidad T_v>F),honesto,24725,2535.47,empírico DS-6; mejor ρ de la rejilla
empirico,0.4,0.5,0.18577,1000,0.25,10000,0.1,SI,0.1,1019,25744,F (viabilidad T_v>F),honesto,24725,2535.47,empírico DS-6; mejor ρ de la rejilla
empirico,0.2,0.5,0.584789,1000,0.5,20,0.0001,SI,0.1,1019,6.30716e+07,F (viabilidad T_v>F),honesto,6.30706e+07,70.95,empírico DS-6; mejor ρ de la rejilla
empirico,0.25,0.5,0.484789,1000,0.5,20,0.0001,SI,0.1,1019,6.30716e+07,F (viabilidad T_v>F),honesto,6.30706e+07,70.95,empírico DS-6; mejor ρ de la rejilla
empirico,0.33,0.5,0.324789,1000,0.5,20,0.0001,SI,0.1,1019,6.30716e+07,F (viabilidad T_v>F),honesto,6.30706e+07,70.95,empírico DS-6; mejor ρ de la rejilla
empirico,0.4,0.5,0.18577,1000,0.5,20,0.0001,SI,0.1,1019,6.30716e+07,F (viabilidad T_v>F),honesto,6.30706e+07,70.95,empírico DS-6; mejor ρ de la rejilla
empirico,0.2,0.5,0.584789,1000,0.5,20,0.001,SI,0.1,1019,6.3068e+06,F (viabilidad T_v>F),honesto,6.30578e+06,70.95,empírico DS-6; mejor ρ de la rejilla
empirico,0.25,0.5,0.484789,1000,0.5,20,0.001,SI,0.1,1019,6.3068e+06,F (viabilidad T_v>F),honesto,6.30578e+06,70.95,empírico DS-6; mejor ρ de la rejilla
empirico,0.33,0.5,0.324789,1000,0.5,20,0.001,SI,0.1,1019,6.3068e+06,F (viabilidad T_v>F),honesto,6.30578e+06,70.95,empírico DS-6; mejor ρ de la rejilla
empirico,0.4,0.5,0.18577,1000,0.5,20,0.001,SI,0.1,1019,6.3068e+06,F (viabilidad T_v>F),honesto,6.30578e+06,70.95,empírico DS-6; mejor ρ de la rejilla
empirico,0.2,0.5,0.584789,1000,0.5,20,0.01,SI,0.1,1019,630320,F (viabilidad T_v>F),honesto,629301,70.95,empírico DS-6; mejor ρ de la rejilla
empirico,0.25,0.5,0.484789,1000,0.5,20,0.01,SI,0.1,1019,630320,F (viabilidad T_v>F),honesto,629301,70.95,empírico DS-6; mejor ρ de la rejilla
empirico,0.33,0.5,0.324789,1000,0.5,20,0.01,SI,0.1,1019,630320,F (viabilidad T_v>F),honesto,629301,70.95,empírico DS-6; mejor ρ de la rejilla
empirico,0.4,0.5,0.18577,1000,0.5,20,0.01,SI,0.1,1019,630320,F (viabilidad T_v>F),honesto,629301,70.95,empírico DS-6; mejor ρ de la rejilla
empirico,0.2,0.5,0.584789,1000,0.5,20,0.1,SI,0.1,1019,62672,F (viabilidad T_v>F),honesto,61653,70.95,empírico DS-6; mejor ρ de la rejilla
empirico,0.25,0.5,0.484789,1000,0.5,20,0.1,SI,0.1,1019,62672,F (viabilidad T_v>F),honesto,61653,70.95,empírico DS-6; mejor ρ de la rejilla
empirico,0.33,0.5,0.324789,1000,0.5,20,0.1,SI,0.1,1019,62672,F (viabilidad T_v>F),honesto,61653,70.95,empírico DS-6; mejor ρ de la rejilla
empirico,0.4,0.5,0.18577,1000,0.5,20,0.1,SI,0.1,1019,62672,F (viabilidad T_v>F),honesto,61653,70.95,empírico DS-6; mejor ρ de la rejilla
empirico,0.2,0.5,0.584789,1000,0.5,100,0.0001,SI,0.1,1019,6.30708e+07,F (viabilidad T_v>F),honesto,6.30698e+07,110.95,empírico DS-6; mejor ρ de la rejilla
empirico,0.25,0.5,0.484789,1000,0.5,100,0.0001,SI,0.1,1019,6.30708e+07,F (viabilidad T_v>F),honesto,6.30698e+07,110.95,empírico DS-6; mejor ρ de la rejilla
empirico,0.33,0.5,0.324789,1000,0.5,100,0.0001,SI,0.1,1019,6.30708e+07,F (viabilidad T_v>F),honesto,6.30698e+07,110.95,empírico DS-6; mejor ρ de la rejilla
empirico,0.4,0.5,0.18577,1000,0.5,100,0.0001,SI,0.1,1019,6.30708e+07,F (viabilidad T_v>F),honesto,6.30698e+07,110.95,empírico DS-6; mejor ρ de la rejilla
empirico,0.2,0.5,0.584789,1000,0.5,100,0.001,SI,0.1,1019,6.306e+06,F (viabilidad T_v>F),honesto,6.30498e+06,110.95,empírico DS-6; mejor ρ de la rejilla
empirico,0.25,0.5,0.484789,1000,0.5,100,0.001,SI,0.1,1019,6.306e+06,F (viabilidad T_v>F),honesto,6.30498e+06,110.95,empírico DS-6; mejor ρ de la rejilla
empirico,0.33,0.5,0.324789,1000,0.5,100,0.001,SI,0.1,1019,6.306e+06,F (viabilidad T_v>F),honesto,6.30498e+06,110.95,empírico DS-6; mejor ρ de la rejilla
empirico,0.4,0.5,0.18577,1000,0.5,100,0.001,SI,0.1,1019,6.306e+06,F (viabilidad T_v>F),honesto,6.30498e+06,110.95,empírico DS-6; mejor ρ de la rejilla
empirico,0.2,0.5,0.584789,1000,0.5,100,0.01,SI,0.1,1019,629520,F (viabilidad T_v>F),honesto,628501,110.95,empírico DS-6; mejor ρ de la rejilla
empirico,0.25,0.5,0.484789,1000,0.5,100,0.01,SI,0.1,1019,629520,F (viabilidad T_v>F),honesto,628501,110.95,empírico DS-6; mejor ρ de la rejilla
empirico,0.33,0.5,0.324789,1000,0.5,100,0.01,SI,0.1,1019,629520,F (viabilidad T_v>F),honesto,628501,110.95,empírico DS-6; mejor ρ de la rejilla
empirico,0.4,0.5,0.18577,1000,0.5,100,0.01,SI,0.1,1019,629520,F (viabilidad T_v>F),honesto,628501,110.95,empírico DS-6; mejor ρ de la rejilla
empirico,0.2,0.5,0.584789,1000,0.5,100,0.1,SI,0.1,1019,61872,F (viabilidad T_v>F),honesto,60853,110.95,empírico DS-6; mejor ρ de la rejilla
empirico,0.25,0.5,0.484789,1000,0.5,100,0.1,SI,0.1,1019,61872,F (viabilidad T_v>F),honesto,60853,110.95,empírico DS-6; mejor ρ de la rejilla
empirico,0.33,0.5,0.324789,1000,0.5,100,0.1,SI,0.1,1019,61872,F (viabilidad T_v>F),honesto,60853,110.95,empírico DS-6; mejor ρ de la rejilla
empirico,0.4,0.5,0.18577,1000,0.5,100,0.1,SI,0.1,1019,61872,F (viabilidad T_v>F),honesto,60853,110.95,empírico DS-6; mejor ρ de la rejilla
empirico,0.2,0.5,0.584789,1000,0.5,1000,0.0001,SI,0.1,1019,6.30618e+07,F (viabilidad T_v>F),honesto,6.30608e+07,560.95,empírico DS-6; mejor ρ de la rejilla
empirico,0.25,0.5,0.484789,1000,0.5,1000,0.0001,SI,0.1,1019,6.30618e+07,F (viabilidad T_v>F),honesto,6.30608e+07,560.95,empírico DS-6; mejor ρ de la rejilla
empirico,0.33,0.5,0.324789,1000,0.5,1000,0.0001,SI,0.1,1019,6.30618e+07,F (viabilidad T_v>F),honesto,6.30608e+07,560.95,empírico DS-6; mejor ρ de la rejilla
empirico,0.4,0.5,0.18577,1000,0.5,1000,0.0001,SI,0.1,1019,6.30618e+07,F (viabilidad T_v>F),honesto,6.30608e+07,560.95,empírico DS-6; mejor ρ de la rejilla
empirico,0.2,0.5,0.584789,1000,0.5,1000,0.001,SI,0.1,1019,6.297e+06,F (viabilidad T_v>F),honesto,6.29598e+06,560.95,empírico DS-6; mejor ρ de la rejilla
empirico,0.25,0.5,0.484789,1000,0.5,1000,0.001,SI,0.1,1019,6.297e+06,F (viabilidad T_v>F),honesto,6.29598e+06,560.95,empírico DS-6; mejor ρ de la rejilla
empirico,0.33,0.5,0.324789,1000,0.5,1000,0.001,SI,0.1,1019,6.297e+06,F (viabilidad T_v>F),honesto,6.29598e+06,560.95,empírico DS-6; mejor ρ de la rejilla
empirico,0.4,0.5,0.18577,1000,0.5,1000,0.001,SI,0.1,1019,6.297e+06,F (viabilidad T_v>F),honesto,6.29598e+06,560.95,empírico DS-6; mejor ρ de la rejilla
empirico,0.2,0.5,0.584789,1000,0.5,1000,0.01,SI,0.1,1019,620520,F (viabilidad T_v>F),honesto,619501,560.95,empírico DS-6; mejor ρ de la rejilla
empirico,0.25,0.5,0.484789,1000,0.5,1000,0.01,SI,0.1,1019,620520,F (viabilidad T_v>F),honesto,619501,560.95,empírico DS-6; mejor ρ de la rejilla
empirico,0.33,0.5,0.324789,1000,0.5,1000,0.01,SI,0.1,1019,620520,F (viabilidad T_v>F),honesto,619501,560.95,empírico DS-6; mejor ρ de la rejilla
empirico,0.4,0.5,0.18577,1000,0.5,1000,0.01,SI,0.1,1019,620520,F (viabilidad T_v>F),honesto,619501,560.95,empírico DS-6; mejor ρ de la rejilla
empirico,0.2,0.5,0.584789,1000,0.5,1000,0.1,SI,0.1,1019,52872,F (viabilidad T_v>F),honesto,51853,560.95,empírico DS-6; mejor ρ de la rejilla
empirico,0.25,0.5,0.484789,1000,0.5,1000,0.1,SI,0.1,1019,52872,F (viabilidad T_v>F),honesto,51853,560.95,empírico DS-6; mejor ρ de la rejilla
empirico,0.33,0.5,0.324789,1000,0.5,1000,0.1,SI,0.1,1019,52872,F (viabilidad T_v>F),honesto,51853,560.95,empírico DS-6; mejor ρ de la rejilla
empirico,0.4,0.5,0.18577,1000,0.5,1000,0.1,SI,0.1,1019,52872,F (viabilidad T_v>F),honesto,51853,560.95,empírico DS-6; mejor ρ de la rejilla
empirico,0.2,0.5,0.584789,1000,0.5,10000,0.0001,SI,0.1,1019,6.29718e+07,F (viabilidad T_v>F),honesto,6.29708e+07,5060.95,empírico DS-6; mejor ρ de la rejilla
empirico,0.25,0.5,0.484789,1000,0.5,10000,0.0001,SI,0.1,1019,6.29718e+07,F (viabilidad T_v>F),honesto,6.29708e+07,5060.95,empírico DS-6; mejor ρ de la rejilla
empirico,0.33,0.5,0.324789,1000,0.5,10000,0.0001,SI,0.1,1019,6.29718e+07,F (viabilidad T_v>F),honesto,6.29708e+07,5060.95,empírico DS-6; mejor ρ de la rejilla
empirico,0.4,0.5,0.18577,1000,0.5,10000,0.0001,SI,0.1,1019,6.29718e+07,F (viabilidad T_v>F),honesto,6.29708e+07,5060.95,empírico DS-6; mejor ρ de la rejilla
empirico,0.2,0.5,0.584789,1000,0.5,10000,0.001,SI,0.1,1019,6.207e+06,F (viabilidad T_v>F),honesto,6.20598e+06,5060.95,empírico DS-6; mejor ρ de la rejilla
empirico,0.25,0.5,0.484789,1000,0.5,10000,0.001,SI,0.1,1019,6.207e+06,F (viabilidad T_v>F),honesto,6.20598e+06,5060.95,empírico DS-6; mejor ρ de la rejilla
empirico,0.33,0.5,0.324789,1000,0.5,10000,0.001,SI,0.1,1019,6.207e+06,F (viabilidad T_v>F),honesto,6.20598e+06,5060.95,empírico DS-6; mejor ρ de la rejilla
empirico,0.4,0.5,0.18577,1000,0.5,10000,0.001,SI,0.1,1019,6.207e+06,F (viabilidad T_v>F),honesto,6.20598e+06,5060.95,empírico DS-6; mejor ρ de la rejilla
empirico,0.2,0.5,0.584789,1000,0.5,10000,0.01,SI,0.1,1019,530520,F (viabilidad T_v>F),honesto,529501,5060.95,empírico DS-6; mejor ρ de la rejilla
empirico,0.25,0.5,0.484789,1000,0.5,10000,0.01,SI,0.1,1019,530520,F (viabilidad T_v>F),honesto,529501,5060.95,empírico DS-6; mejor ρ de la rejilla
empirico,0.33,0.5,0.324789,1000,0.5,10000,0.01,SI,0.1,1019,530520,F (viabilidad T_v>F),honesto,529501,5060.95,empírico DS-6; mejor ρ de la rejilla
empirico,0.4,0.5,0.18577,1000,0.5,10000,0.01,SI,0.1,1019,530520,F (viabilidad T_v>F),honesto,529501,5060.95,empírico DS-6; mejor ρ de la rejilla
empirico,0.2,0.5,0.584789,1000,0.5,10000,0.1,NO,NaN,NaN,NaN,—,—,-Inf,NaN,empírico DS-6; mejor ρ de la rejilla
empirico,0.25,0.5,0.484789,1000,0.5,10000,0.1,NO,NaN,NaN,NaN,—,—,-Inf,NaN,empírico DS-6; mejor ρ de la rejilla
empirico,0.33,0.5,0.324789,1000,0.5,10000,0.1,NO,NaN,NaN,NaN,—,—,-Inf,NaN,empírico DS-6; mejor ρ de la rejilla
empirico,0.4,0.5,0.18577,1000,0.5,10000,0.1,NO,NaN,NaN,NaN,—,—,-Inf,NaN,empírico DS-6; mejor ρ de la rejilla
empirico,0.2,0.5,0.584789,1000,1,20,0.0001,SI,0.1,1019,3.15357e+07,F (viabilidad T_v>F),honesto,3.15347e+07,131.9,empírico DS-6; mejor ρ de la rejilla
empirico,0.25,0.5,0.484789,1000,1,20,0.0001,SI,0.1,1019,3.15357e+07,F (viabilidad T_v>F),honesto,3.15347e+07,131.9,empírico DS-6; mejor ρ de la rejilla
empirico,0.33,0.5,0.324789,1000,1,20,0.0001,SI,0.1,1019,3.15357e+07,F (viabilidad T_v>F),honesto,3.15347e+07,131.9,empírico DS-6; mejor ρ de la rejilla
empirico,0.4,0.5,0.18577,1000,1,20,0.0001,SI,0.1,1019,3.15357e+07,F (viabilidad T_v>F),honesto,3.15347e+07,131.9,empírico DS-6; mejor ρ de la rejilla
empirico,0.2,0.5,0.584789,1000,1,20,0.001,SI,0.1,1019,3.1533e+06,F (viabilidad T_v>F),honesto,3.15228e+06,131.9,empírico DS-6; mejor ρ de la rejilla
empirico,0.25,0.5,0.484789,1000,1,20,0.001,SI,0.1,1019,3.1533e+06,F (viabilidad T_v>F),honesto,3.15228e+06,131.9,empírico DS-6; mejor ρ de la rejilla
empirico,0.33,0.5,0.324789,1000,1,20,0.001,SI,0.1,1019,3.1533e+06,F (viabilidad T_v>F),honesto,3.15228e+06,131.9,empírico DS-6; mejor ρ de la rejilla
empirico,0.4,0.5,0.18577,1000,1,20,0.001,SI,0.1,1019,3.1533e+06,F (viabilidad T_v>F),honesto,3.15228e+06,131.9,empírico DS-6; mejor ρ de la rejilla
empirico,0.2,0.5,0.584789,1000,1,20,0.01,SI,0.1,1019,315060,F (viabilidad T_v>F),honesto,314041,131.9,empírico DS-6; mejor ρ de la rejilla
empirico,0.25,0.5,0.484789,1000,1,20,0.01,SI,0.1,1019,315060,F (viabilidad T_v>F),honesto,314041,131.9,empírico DS-6; mejor ρ de la rejilla
empirico,0.33,0.5,0.324789,1000,1,20,0.01,SI,0.1,1019,315060,F (viabilidad T_v>F),honesto,314041,131.9,empírico DS-6; mejor ρ de la rejilla
empirico,0.4,0.5,0.18577,1000,1,20,0.01,SI,0.1,1019,315060,F (viabilidad T_v>F),honesto,314041,131.9,empírico DS-6; mejor ρ de la rejilla
empirico,0.2,0.5,0.584789,1000,1,20,0.1,SI,0.1,1019,31236,F (viabilidad T_v>F),honesto,30217,131.9,empírico DS-6; mejor ρ de la rejilla
empirico,0.25,0.5,0.484789,1000,1,20,0.1,SI,0.1,1019,31236,F (viabilidad T_v>F),honesto,30217,131.9,empírico DS-6; mejor ρ de la rejilla
empirico,0.33,0.5,0.324789,1000,1,20,0.1,SI,0.1,1019,31236,F (viabilidad T_v>F),honesto,30217,131.9,empírico DS-6; mejor ρ de la rejilla
empirico,0.4,0.5,0.18577,1000,1,20,0.1,SI,0.1,1019,31236,F (viabilidad T_v>F),honesto,30217,131.9,empírico DS-6; mejor ρ de la rejilla
empirico,0.2,0.5,0.584789,1000,1,100,0.0001,SI,0.1,1019,3.15349e+07,F (viabilidad T_v>F),honesto,3.15339e+07,211.9,empírico DS-6; mejor ρ de la rejilla
empirico,0.25,0.5,0.484789,1000,1,100,0.0001,SI,0.1,1019,3.15349e+07,F (viabilidad T_v>F),honesto,3.15339e+07,211.9,empírico DS-6; mejor ρ de la rejilla
empirico,0.33,0.5,0.324789,1000,1,100,0.0001,SI,0.1,1019,3.15349e+07,F (viabilidad T_v>F),honesto,3.15339e+07,211.9,empírico DS-6; mejor ρ de la rejilla
empirico,0.4,0.5,0.18577,1000,1,100,0.0001,SI,0.1,1019,3.15349e+07,F (viabilidad T_v>F),honesto,3.15339e+07,211.9,empírico DS-6; mejor ρ de la rejilla
empirico,0.2,0.5,0.584789,1000,1,100,0.001,SI,0.1,1019,3.1525e+06,F (viabilidad T_v>F),honesto,3.15148e+06,211.9,empírico DS-6; mejor ρ de la rejilla
empirico,0.25,0.5,0.484789,1000,1,100,0.001,SI,0.1,1019,3.1525e+06,F (viabilidad T_v>F),honesto,3.15148e+06,211.9,empírico DS-6; mejor ρ de la rejilla
empirico,0.33,0.5,0.324789,1000,1,100,0.001,SI,0.1,1019,3.1525e+06,F (viabilidad T_v>F),honesto,3.15148e+06,211.9,empírico DS-6; mejor ρ de la rejilla
empirico,0.4,0.5,0.18577,1000,1,100,0.001,SI,0.1,1019,3.1525e+06,F (viabilidad T_v>F),honesto,3.15148e+06,211.9,empírico DS-6; mejor ρ de la rejilla
empirico,0.2,0.5,0.584789,1000,1,100,0.01,SI,0.1,1019,314260,F (viabilidad T_v>F),honesto,313241,211.9,empírico DS-6; mejor ρ de la rejilla
empirico,0.25,0.5,0.484789,1000,1,100,0.01,SI,0.1,1019,314260,F (viabilidad T_v>F),honesto,313241,211.9,empírico DS-6; mejor ρ de la rejilla
empirico,0.33,0.5,0.324789,1000,1,100,0.01,SI,0.1,1019,314260,F (viabilidad T_v>F),honesto,313241,211.9,empírico DS-6; mejor ρ de la rejilla
empirico,0.4,0.5,0.18577,1000,1,100,0.01,SI,0.1,1019,314260,F (viabilidad T_v>F),honesto,313241,211.9,empírico DS-6; mejor ρ de la rejilla
empirico,0.2,0.5,0.584789,1000,1,100,0.1,SI,0.1,1019,30436,F (viabilidad T_v>F),honesto,29417,211.9,empírico DS-6; mejor ρ de la rejilla
empirico,0.25,0.5,0.484789,1000,1,100,0.1,SI,0.1,1019,30436,F (viabilidad T_v>F),honesto,29417,211.9,empírico DS-6; mejor ρ de la rejilla
empirico,0.33,0.5,0.324789,1000,1,100,0.1,SI,0.1,1019,30436,F (viabilidad T_v>F),honesto,29417,211.9,empírico DS-6; mejor ρ de la rejilla
empirico,0.4,0.5,0.18577,1000,1,100,0.1,SI,0.1,1019,30436,F (viabilidad T_v>F),honesto,29417,211.9,empírico DS-6; mejor ρ de la rejilla
empirico,0.2,0.5,0.584789,1000,1,1000,0.0001,SI,0.1,1019,3.15259e+07,F (viabilidad T_v>F),honesto,3.15249e+07,1111.9,empírico DS-6; mejor ρ de la rejilla
empirico,0.25,0.5,0.484789,1000,1,1000,0.0001,SI,0.1,1019,3.15259e+07,F (viabilidad T_v>F),honesto,3.15249e+07,1111.9,empírico DS-6; mejor ρ de la rejilla
empirico,0.33,0.5,0.324789,1000,1,1000,0.0001,SI,0.1,1019,3.15259e+07,F (viabilidad T_v>F),honesto,3.15249e+07,1111.9,empírico DS-6; mejor ρ de la rejilla
empirico,0.4,0.5,0.18577,1000,1,1000,0.0001,SI,0.1,1019,3.15259e+07,F (viabilidad T_v>F),honesto,3.15249e+07,1111.9,empírico DS-6; mejor ρ de la rejilla
empirico,0.2,0.5,0.584789,1000,1,1000,0.001,SI,0.1,1019,3.1435e+06,F (viabilidad T_v>F),honesto,3.14248e+06,1111.9,empírico DS-6; mejor ρ de la rejilla
empirico,0.25,0.5,0.484789,1000,1,1000,0.001,SI,0.1,1019,3.1435e+06,F (viabilidad T_v>F),honesto,3.14248e+06,1111.9,empírico DS-6; mejor ρ de la rejilla
empirico,0.33,0.5,0.324789,1000,1,1000,0.001,SI,0.1,1019,3.1435e+06,F (viabilidad T_v>F),honesto,3.14248e+06,1111.9,empírico DS-6; mejor ρ de la rejilla
empirico,0.4,0.5,0.18577,1000,1,1000,0.001,SI,0.1,1019,3.1435e+06,F (viabilidad T_v>F),honesto,3.14248e+06,1111.9,empírico DS-6; mejor ρ de la rejilla
empirico,0.2,0.5,0.584789,1000,1,1000,0.01,SI,0.1,1019,305260,F (viabilidad T_v>F),honesto,304241,1111.9,empírico DS-6; mejor ρ de la rejilla
empirico,0.25,0.5,0.484789,1000,1,1000,0.01,SI,0.1,1019,305260,F (viabilidad T_v>F),honesto,304241,1111.9,empírico DS-6; mejor ρ de la rejilla
empirico,0.33,0.5,0.324789,1000,1,1000,0.01,SI,0.1,1019,305260,F (viabilidad T_v>F),honesto,304241,1111.9,empírico DS-6; mejor ρ de la rejilla
empirico,0.4,0.5,0.18577,1000,1,1000,0.01,SI,0.1,1019,305260,F (viabilidad T_v>F),honesto,304241,1111.9,empírico DS-6; mejor ρ de la rejilla
empirico,0.2,0.5,0.584789,1000,1,1000,0.1,SI,0.1,1019,21436,F (viabilidad T_v>F),honesto,20417,1111.9,empírico DS-6; mejor ρ de la rejilla
empirico,0.25,0.5,0.484789,1000,1,1000,0.1,SI,0.1,1019,21436,F (viabilidad T_v>F),honesto,20417,1111.9,empírico DS-6; mejor ρ de la rejilla
empirico,0.33,0.5,0.324789,1000,1,1000,0.1,SI,0.1,1019,21436,F (viabilidad T_v>F),honesto,20417,1111.9,empírico DS-6; mejor ρ de la rejilla
empirico,0.4,0.5,0.18577,1000,1,1000,0.1,SI,0.1,1019,21436,F (viabilidad T_v>F),honesto,20417,1111.9,empírico DS-6; mejor ρ de la rejilla
empirico,0.2,0.5,0.584789,1000,1,10000,0.0001,SI,0.1,1019,3.14359e+07,F (viabilidad T_v>F),honesto,3.14349e+07,10111.9,empírico DS-6; mejor ρ de la rejilla
empirico,0.25,0.5,0.484789,1000,1,10000,0.0001,SI,0.1,1019,3.14359e+07,F (viabilidad T_v>F),honesto,3.14349e+07,10111.9,empírico DS-6; mejor ρ de la rejilla
empirico,0.33,0.5,0.324789,1000,1,10000,0.0001,SI,0.1,1019,3.14359e+07,F (viabilidad T_v>F),honesto,3.14349e+07,10111.9,empírico DS-6; mejor ρ de la rejilla
empirico,0.4,0.5,0.18577,1000,1,10000,0.0001,SI,0.1,1019,3.14359e+07,F (viabilidad T_v>F),honesto,3.14349e+07,10111.9,empírico DS-6; mejor ρ de la rejilla
empirico,0.2,0.5,0.584789,1000,1,10000,0.001,SI,0.1,1019,3.0535e+06,F (viabilidad T_v>F),honesto,3.05248e+06,10111.9,empírico DS-6; mejor ρ de la rejilla
empirico,0.25,0.5,0.484789,1000,1,10000,0.001,SI,0.1,1019,3.0535e+06,F (viabilidad T_v>F),honesto,3.05248e+06,10111.9,empírico DS-6; mejor ρ de la rejilla
empirico,0.33,0.5,0.324789,1000,1,10000,0.001,SI,0.1,1019,3.0535e+06,F (viabilidad T_v>F),honesto,3.05248e+06,10111.9,empírico DS-6; mejor ρ de la rejilla
empirico,0.4,0.5,0.18577,1000,1,10000,0.001,SI,0.1,1019,3.0535e+06,F (viabilidad T_v>F),honesto,3.05248e+06,10111.9,empírico DS-6; mejor ρ de la rejilla
empirico,0.2,0.5,0.584789,1000,1,10000,0.01,SI,0.1,1019,215260,F (viabilidad T_v>F),honesto,214241,10111.9,empírico DS-6; mejor ρ de la rejilla
empirico,0.25,0.5,0.484789,1000,1,10000,0.01,SI,0.1,1019,215260,F (viabilidad T_v>F),honesto,214241,10111.9,empírico DS-6; mejor ρ de la rejilla
empirico,0.33,0.5,0.324789,1000,1,10000,0.01,SI,0.1,1019,215260,F (viabilidad T_v>F),honesto,214241,10111.9,empírico DS-6; mejor ρ de la rejilla
empirico,0.4,0.5,0.18577,1000,1,10000,0.01,SI,0.1,1019,215260,F (viabilidad T_v>F),honesto,214241,10111.9,empírico DS-6; mejor ρ de la rejilla
empirico,0.2,0.5,0.584789,1000,1,10000,0.1,NO,NaN,NaN,NaN,—,—,-Inf,NaN,empírico DS-6; mejor ρ de la rejilla
empirico,0.25,0.5,0.484789,1000,1,10000,0.1,NO,NaN,NaN,NaN,—,—,-Inf,NaN,empírico DS-6; mejor ρ de la rejilla
empirico,0.33,0.5,0.324789,1000,1,10000,0.1,NO,NaN,NaN,NaN,—,—,-Inf,NaN,empírico DS-6; mejor ρ de la rejilla
empirico,0.4,0.5,0.18577,1000,1,10000,0.1,NO,NaN,NaN,NaN,—,—,-Inf,NaN,empírico DS-6; mejor ρ de la rejilla
empirico,0.2,0.5,0.584789,10000,0.25,20,0.0001,SI,0.1,1019,1.26143e+08,F (viabilidad T_v>F),honesto,1.26142e+08,40.475,empírico DS-6; mejor ρ de la rejilla
empirico,0.25,0.5,0.484789,10000,0.25,20,0.0001,SI,0.1,1019,1.26143e+08,F (viabilidad T_v>F),honesto,1.26142e+08,40.475,empírico DS-6; mejor ρ de la rejilla
empirico,0.33,0.5,0.324789,10000,0.25,20,0.0001,SI,0.1,1019,1.26143e+08,F (viabilidad T_v>F),honesto,1.26142e+08,40.475,empírico DS-6; mejor ρ de la rejilla
empirico,0.4,0.5,0.18577,10000,0.25,20,0.0001,SI,0.1,1019,1.26143e+08,F (viabilidad T_v>F),honesto,1.26142e+08,40.475,empírico DS-6; mejor ρ de la rejilla
empirico,0.2,0.5,0.584789,10000,0.25,20,0.001,SI,0.1,1019,1.26138e+07,F (viabilidad T_v>F),honesto,1.26128e+07,40.475,empírico DS-6; mejor ρ de la rejilla
empirico,0.25,0.5,0.484789,10000,0.25,20,0.001,SI,0.1,1019,1.26138e+07,F (viabilidad T_v>F),honesto,1.26128e+07,40.475,empírico DS-6; mejor ρ de la rejilla
empirico,0.33,0.5,0.324789,10000,0.25,20,0.001,SI,0.1,1019,1.26138e+07,F (viabilidad T_v>F),honesto,1.26128e+07,40.475,empírico DS-6; mejor ρ de la rejilla
empirico,0.4,0.5,0.18577,10000,0.25,20,0.001,SI,0.1,1019,1.26138e+07,F (viabilidad T_v>F),honesto,1.26128e+07,40.475,empírico DS-6; mejor ρ de la rejilla
empirico,0.2,0.5,0.584789,10000,0.25,20,0.01,SI,0.1,1019,1.26084e+06,F (viabilidad T_v>F),honesto,1.25982e+06,40.475,empírico DS-6; mejor ρ de la rejilla
empirico,0.25,0.5,0.484789,10000,0.25,20,0.01,SI,0.1,1019,1.26084e+06,F (viabilidad T_v>F),honesto,1.25982e+06,40.475,empírico DS-6; mejor ρ de la rejilla
empirico,0.33,0.5,0.324789,10000,0.25,20,0.01,SI,0.1,1019,1.26084e+06,F (viabilidad T_v>F),honesto,1.25982e+06,40.475,empírico DS-6; mejor ρ de la rejilla
empirico,0.4,0.5,0.18577,10000,0.25,20,0.01,SI,0.1,1019,1.26084e+06,F (viabilidad T_v>F),honesto,1.25982e+06,40.475,empírico DS-6; mejor ρ de la rejilla
empirico,0.2,0.5,0.584789,10000,0.25,20,0.1,SI,0.1,1019,125544,F (viabilidad T_v>F),honesto,124525,40.475,empírico DS-6; mejor ρ de la rejilla
empirico,0.25,0.5,0.484789,10000,0.25,20,0.1,SI,0.1,1019,125544,F (viabilidad T_v>F),honesto,124525,40.475,empírico DS-6; mejor ρ de la rejilla
empirico,0.33,0.5,0.324789,10000,0.25,20,0.1,SI,0.1,1019,125544,F (viabilidad T_v>F),honesto,124525,40.475,empírico DS-6; mejor ρ de la rejilla
empirico,0.4,0.5,0.18577,10000,0.25,20,0.1,SI,0.1,1019,125544,F (viabilidad T_v>F),honesto,124525,40.475,empírico DS-6; mejor ρ de la rejilla
empirico,0.2,0.5,0.584789,10000,0.25,100,0.0001,SI,0.1,1019,1.26143e+08,F (viabilidad T_v>F),honesto,1.26142e+08,60.475,empírico DS-6; mejor ρ de la rejilla
empirico,0.25,0.5,0.484789,10000,0.25,100,0.0001,SI,0.1,1019,1.26143e+08,F (viabilidad T_v>F),honesto,1.26142e+08,60.475,empírico DS-6; mejor ρ de la rejilla
empirico,0.33,0.5,0.324789,10000,0.25,100,0.0001,SI,0.1,1019,1.26143e+08,F (viabilidad T_v>F),honesto,1.26142e+08,60.475,empírico DS-6; mejor ρ de la rejilla
empirico,0.4,0.5,0.18577,10000,0.25,100,0.0001,SI,0.1,1019,1.26143e+08,F (viabilidad T_v>F),honesto,1.26142e+08,60.475,empírico DS-6; mejor ρ de la rejilla
empirico,0.2,0.5,0.584789,10000,0.25,100,0.001,SI,0.1,1019,1.2613e+07,F (viabilidad T_v>F),honesto,1.2612e+07,60.475,empírico DS-6; mejor ρ de la rejilla
empirico,0.25,0.5,0.484789,10000,0.25,100,0.001,SI,0.1,1019,1.2613e+07,F (viabilidad T_v>F),honesto,1.2612e+07,60.475,empírico DS-6; mejor ρ de la rejilla
empirico,0.33,0.5,0.324789,10000,0.25,100,0.001,SI,0.1,1019,1.2613e+07,F (viabilidad T_v>F),honesto,1.2612e+07,60.475,empírico DS-6; mejor ρ de la rejilla
empirico,0.4,0.5,0.18577,10000,0.25,100,0.001,SI,0.1,1019,1.2613e+07,F (viabilidad T_v>F),honesto,1.2612e+07,60.475,empírico DS-6; mejor ρ de la rejilla
empirico,0.2,0.5,0.584789,10000,0.25,100,0.01,SI,0.1,1019,1.26004e+06,F (viabilidad T_v>F),honesto,1.25902e+06,60.475,empírico DS-6; mejor ρ de la rejilla
empirico,0.25,0.5,0.484789,10000,0.25,100,0.01,SI,0.1,1019,1.26004e+06,F (viabilidad T_v>F),honesto,1.25902e+06,60.475,empírico DS-6; mejor ρ de la rejilla
empirico,0.33,0.5,0.324789,10000,0.25,100,0.01,SI,0.1,1019,1.26004e+06,F (viabilidad T_v>F),honesto,1.25902e+06,60.475,empírico DS-6; mejor ρ de la rejilla
empirico,0.4,0.5,0.18577,10000,0.25,100,0.01,SI,0.1,1019,1.26004e+06,F (viabilidad T_v>F),honesto,1.25902e+06,60.475,empírico DS-6; mejor ρ de la rejilla
empirico,0.2,0.5,0.584789,10000,0.25,100,0.1,SI,0.1,1019,124744,F (viabilidad T_v>F),honesto,123725,60.475,empírico DS-6; mejor ρ de la rejilla
empirico,0.25,0.5,0.484789,10000,0.25,100,0.1,SI,0.1,1019,124744,F (viabilidad T_v>F),honesto,123725,60.475,empírico DS-6; mejor ρ de la rejilla
empirico,0.33,0.5,0.324789,10000,0.25,100,0.1,SI,0.1,1019,124744,F (viabilidad T_v>F),honesto,123725,60.475,empírico DS-6; mejor ρ de la rejilla
empirico,0.4,0.5,0.18577,10000,0.25,100,0.1,SI,0.1,1019,124744,F (viabilidad T_v>F),honesto,123725,60.475,empírico DS-6; mejor ρ de la rejilla
empirico,0.2,0.5,0.584789,10000,0.25,1000,0.0001,SI,0.1,1019,1.26134e+08,F (viabilidad T_v>F),honesto,1.26133e+08,285.475,empírico DS-6; mejor ρ de la rejilla
empirico,0.25,0.5,0.484789,10000,0.25,1000,0.0001,SI,0.1,1019,1.26134e+08,F (viabilidad T_v>F),honesto,1.26133e+08,285.475,empírico DS-6; mejor ρ de la rejilla
empirico,0.33,0.5,0.324789,10000,0.25,1000,0.0001,SI,0.1,1019,1.26134e+08,F (viabilidad T_v>F),honesto,1.26133e+08,285.475,empírico DS-6; mejor ρ de la rejilla
empirico,0.4,0.5,0.18577,10000,0.25,1000,0.0001,SI,0.1,1019,1.26134e+08,F (viabilidad T_v>F),honesto,1.26133e+08,285.475,empírico DS-6; mejor ρ de la rejilla
empirico,0.2,0.5,0.584789,10000,0.25,1000,0.001,SI,0.1,1019,1.2604e+07,F (viabilidad T_v>F),honesto,1.2603e+07,285.475,empírico DS-6; mejor ρ de la rejilla
empirico,0.25,0.5,0.484789,10000,0.25,1000,0.001,SI,0.1,1019,1.2604e+07,F (viabilidad T_v>F),honesto,1.2603e+07,285.475,empírico DS-6; mejor ρ de la rejilla
empirico,0.33,0.5,0.324789,10000,0.25,1000,0.001,SI,0.1,1019,1.2604e+07,F (viabilidad T_v>F),honesto,1.2603e+07,285.475,empírico DS-6; mejor ρ de la rejilla
empirico,0.4,0.5,0.18577,10000,0.25,1000,0.001,SI,0.1,1019,1.2604e+07,F (viabilidad T_v>F),honesto,1.2603e+07,285.475,empírico DS-6; mejor ρ de la rejilla
empirico,0.2,0.5,0.584789,10000,0.25,1000,0.01,SI,0.1,1019,1.25104e+06,F (viabilidad T_v>F),honesto,1.25002e+06,285.475,empírico DS-6; mejor ρ de la rejilla
empirico,0.25,0.5,0.484789,10000,0.25,1000,0.01,SI,0.1,1019,1.25104e+06,F (viabilidad T_v>F),honesto,1.25002e+06,285.475,empírico DS-6; mejor ρ de la rejilla
empirico,0.33,0.5,0.324789,10000,0.25,1000,0.01,SI,0.1,1019,1.25104e+06,F (viabilidad T_v>F),honesto,1.25002e+06,285.475,empírico DS-6; mejor ρ de la rejilla
empirico,0.4,0.5,0.18577,10000,0.25,1000,0.01,SI,0.1,1019,1.25104e+06,F (viabilidad T_v>F),honesto,1.25002e+06,285.475,empírico DS-6; mejor ρ de la rejilla
empirico,0.2,0.5,0.584789,10000,0.25,1000,0.1,SI,0.1,1019,115744,F (viabilidad T_v>F),honesto,114725,285.475,empírico DS-6; mejor ρ de la rejilla
empirico,0.25,0.5,0.484789,10000,0.25,1000,0.1,SI,0.1,1019,115744,F (viabilidad T_v>F),honesto,114725,285.475,empírico DS-6; mejor ρ de la rejilla
empirico,0.33,0.5,0.324789,10000,0.25,1000,0.1,SI,0.1,1019,115744,F (viabilidad T_v>F),honesto,114725,285.475,empírico DS-6; mejor ρ de la rejilla
empirico,0.4,0.5,0.18577,10000,0.25,1000,0.1,SI,0.1,1019,115744,F (viabilidad T_v>F),honesto,114725,285.475,empírico DS-6; mejor ρ de la rejilla
empirico,0.2,0.5,0.584789,10000,0.25,10000,0.0001,SI,0.1,1019,1.26044e+08,F (viabilidad T_v>F),honesto,1.26043e+08,2535.47,empírico DS-6; mejor ρ de la rejilla
empirico,0.25,0.5,0.484789,10000,0.25,10000,0.0001,SI,0.1,1019,1.26044e+08,F (viabilidad T_v>F),honesto,1.26043e+08,2535.47,empírico DS-6; mejor ρ de la rejilla
empirico,0.33,0.5,0.324789,10000,0.25,10000,0.0001,SI,0.1,1019,1.26044e+08,F (viabilidad T_v>F),honesto,1.26043e+08,2535.47,empírico DS-6; mejor ρ de la rejilla
empirico,0.4,0.5,0.18577,10000,0.25,10000,0.0001,SI,0.1,1019,1.26044e+08,F (viabilidad T_v>F),honesto,1.26043e+08,2535.47,empírico DS-6; mejor ρ de la rejilla
empirico,0.2,0.5,0.584789,10000,0.25,10000,0.001,SI,0.1,1019,1.2514e+07,F (viabilidad T_v>F),honesto,1.2513e+07,2535.47,empírico DS-6; mejor ρ de la rejilla
empirico,0.25,0.5,0.484789,10000,0.25,10000,0.001,SI,0.1,1019,1.2514e+07,F (viabilidad T_v>F),honesto,1.2513e+07,2535.47,empírico DS-6; mejor ρ de la rejilla
empirico,0.33,0.5,0.324789,10000,0.25,10000,0.001,SI,0.1,1019,1.2514e+07,F (viabilidad T_v>F),honesto,1.2513e+07,2535.47,empírico DS-6; mejor ρ de la rejilla
empirico,0.4,0.5,0.18577,10000,0.25,10000,0.001,SI,0.1,1019,1.2514e+07,F (viabilidad T_v>F),honesto,1.2513e+07,2535.47,empírico DS-6; mejor ρ de la rejilla
empirico,0.2,0.5,0.584789,10000,0.25,10000,0.01,SI,0.1,1019,1.16104e+06,F (viabilidad T_v>F),honesto,1.16002e+06,2535.47,empírico DS-6; mejor ρ de la rejilla
empirico,0.25,0.5,0.484789,10000,0.25,10000,0.01,SI,0.1,1019,1.16104e+06,F (viabilidad T_v>F),honesto,1.16002e+06,2535.47,empírico DS-6; mejor ρ de la rejilla
empirico,0.33,0.5,0.324789,10000,0.25,10000,0.01,SI,0.1,1019,1.16104e+06,F (viabilidad T_v>F),honesto,1.16002e+06,2535.47,empírico DS-6; mejor ρ de la rejilla
empirico,0.4,0.5,0.18577,10000,0.25,10000,0.01,SI,0.1,1019,1.16104e+06,F (viabilidad T_v>F),honesto,1.16002e+06,2535.47,empírico DS-6; mejor ρ de la rejilla
empirico,0.2,0.5,0.584789,10000,0.25,10000,0.1,SI,0.1,1019,25744,F (viabilidad T_v>F),honesto,24725,2535.47,empírico DS-6; mejor ρ de la rejilla
empirico,0.25,0.5,0.484789,10000,0.25,10000,0.1,SI,0.1,1019,25744,F (viabilidad T_v>F),honesto,24725,2535.47,empírico DS-6; mejor ρ de la rejilla
empirico,0.33,0.5,0.324789,10000,0.25,10000,0.1,SI,0.1,1019,25744,F (viabilidad T_v>F),honesto,24725,2535.47,empírico DS-6; mejor ρ de la rejilla
empirico,0.4,0.5,0.18577,10000,0.25,10000,0.1,SI,0.1,1019,25744,F (viabilidad T_v>F),honesto,24725,2535.47,empírico DS-6; mejor ρ de la rejilla
empirico,0.2,0.5,0.584789,10000,0.5,20,0.0001,SI,0.1,1019,6.30716e+07,F (viabilidad T_v>F),honesto,6.30706e+07,70.95,empírico DS-6; mejor ρ de la rejilla
empirico,0.25,0.5,0.484789,10000,0.5,20,0.0001,SI,0.1,1019,6.30716e+07,F (viabilidad T_v>F),honesto,6.30706e+07,70.95,empírico DS-6; mejor ρ de la rejilla
empirico,0.33,0.5,0.324789,10000,0.5,20,0.0001,SI,0.1,1019,6.30716e+07,F (viabilidad T_v>F),honesto,6.30706e+07,70.95,empírico DS-6; mejor ρ de la rejilla
empirico,0.4,0.5,0.18577,10000,0.5,20,0.0001,SI,0.1,1019,6.30716e+07,F (viabilidad T_v>F),honesto,6.30706e+07,70.95,empírico DS-6; mejor ρ de la rejilla
empirico,0.2,0.5,0.584789,10000,0.5,20,0.001,SI,0.1,1019,6.3068e+06,F (viabilidad T_v>F),honesto,6.30578e+06,70.95,empírico DS-6; mejor ρ de la rejilla
empirico,0.25,0.5,0.484789,10000,0.5,20,0.001,SI,0.1,1019,6.3068e+06,F (viabilidad T_v>F),honesto,6.30578e+06,70.95,empírico DS-6; mejor ρ de la rejilla
empirico,0.33,0.5,0.324789,10000,0.5,20,0.001,SI,0.1,1019,6.3068e+06,F (viabilidad T_v>F),honesto,6.30578e+06,70.95,empírico DS-6; mejor ρ de la rejilla
empirico,0.4,0.5,0.18577,10000,0.5,20,0.001,SI,0.1,1019,6.3068e+06,F (viabilidad T_v>F),honesto,6.30578e+06,70.95,empírico DS-6; mejor ρ de la rejilla
empirico,0.2,0.5,0.584789,10000,0.5,20,0.01,SI,0.1,1019,630320,F (viabilidad T_v>F),honesto,629301,70.95,empírico DS-6; mejor ρ de la rejilla
empirico,0.25,0.5,0.484789,10000,0.5,20,0.01,SI,0.1,1019,630320,F (viabilidad T_v>F),honesto,629301,70.95,empírico DS-6; mejor ρ de la rejilla
empirico,0.33,0.5,0.324789,10000,0.5,20,0.01,SI,0.1,1019,630320,F (viabilidad T_v>F),honesto,629301,70.95,empírico DS-6; mejor ρ de la rejilla
empirico,0.4,0.5,0.18577,10000,0.5,20,0.01,SI,0.1,1019,630320,F (viabilidad T_v>F),honesto,629301,70.95,empírico DS-6; mejor ρ de la rejilla
empirico,0.2,0.5,0.584789,10000,0.5,20,0.1,SI,0.1,1019,62672,F (viabilidad T_v>F),honesto,61653,70.95,empírico DS-6; mejor ρ de la rejilla
empirico,0.25,0.5,0.484789,10000,0.5,20,0.1,SI,0.1,1019,62672,F (viabilidad T_v>F),honesto,61653,70.95,empírico DS-6; mejor ρ de la rejilla
empirico,0.33,0.5,0.324789,10000,0.5,20,0.1,SI,0.1,1019,62672,F (viabilidad T_v>F),honesto,61653,70.95,empírico DS-6; mejor ρ de la rejilla
empirico,0.4,0.5,0.18577,10000,0.5,20,0.1,SI,0.1,1019,62672,F (viabilidad T_v>F),honesto,61653,70.95,empírico DS-6; mejor ρ de la rejilla
empirico,0.2,0.5,0.584789,10000,0.5,100,0.0001,SI,0.1,1019,6.30708e+07,F (viabilidad T_v>F),honesto,6.30698e+07,110.95,empírico DS-6; mejor ρ de la rejilla
empirico,0.25,0.5,0.484789,10000,0.5,100,0.0001,SI,0.1,1019,6.30708e+07,F (viabilidad T_v>F),honesto,6.30698e+07,110.95,empírico DS-6; mejor ρ de la rejilla
empirico,0.33,0.5,0.324789,10000,0.5,100,0.0001,SI,0.1,1019,6.30708e+07,F (viabilidad T_v>F),honesto,6.30698e+07,110.95,empírico DS-6; mejor ρ de la rejilla
empirico,0.4,0.5,0.18577,10000,0.5,100,0.0001,SI,0.1,1019,6.30708e+07,F (viabilidad T_v>F),honesto,6.30698e+07,110.95,empírico DS-6; mejor ρ de la rejilla
empirico,0.2,0.5,0.584789,10000,0.5,100,0.001,SI,0.1,1019,6.306e+06,F (viabilidad T_v>F),honesto,6.30498e+06,110.95,empírico DS-6; mejor ρ de la rejilla
empirico,0.25,0.5,0.484789,10000,0.5,100,0.001,SI,0.1,1019,6.306e+06,F (viabilidad T_v>F),honesto,6.30498e+06,110.95,empírico DS-6; mejor ρ de la rejilla
empirico,0.33,0.5,0.324789,10000,0.5,100,0.001,SI,0.1,1019,6.306e+06,F (viabilidad T_v>F),honesto,6.30498e+06,110.95,empírico DS-6; mejor ρ de la rejilla
empirico,0.4,0.5,0.18577,10000,0.5,100,0.001,SI,0.1,1019,6.306e+06,F (viabilidad T_v>F),honesto,6.30498e+06,110.95,empírico DS-6; mejor ρ de la rejilla
empirico,0.2,0.5,0.584789,10000,0.5,100,0.01,SI,0.1,1019,629520,F (viabilidad T_v>F),honesto,628501,110.95,empírico DS-6; mejor ρ de la rejilla
empirico,0.25,0.5,0.484789,10000,0.5,100,0.01,SI,0.1,1019,629520,F (viabilidad T_v>F),honesto,628501,110.95,empírico DS-6; mejor ρ de la rejilla
empirico,0.33,0.5,0.324789,10000,0.5,100,0.01,SI,0.1,1019,629520,F (viabilidad T_v>F),honesto,628501,110.95,empírico DS-6; mejor ρ de la rejilla
empirico,0.4,0.5,0.18577,10000,0.5,100,0.01,SI,0.1,1019,629520,F (viabilidad T_v>F),honesto,628501,110.95,empírico DS-6; mejor ρ de la rejilla
empirico,0.2,0.5,0.584789,10000,0.5,100,0.1,SI,0.1,1019,61872,F (viabilidad T_v>F),honesto,60853,110.95,empírico DS-6; mejor ρ de la rejilla
empirico,0.25,0.5,0.484789,10000,0.5,100,0.1,SI,0.1,1019,61872,F (viabilidad T_v>F),honesto,60853,110.95,empírico DS-6; mejor ρ de la rejilla
empirico,0.33,0.5,0.324789,10000,0.5,100,0.1,SI,0.1,1019,61872,F (viabilidad T_v>F),honesto,60853,110.95,empírico DS-6; mejor ρ de la rejilla
empirico,0.4,0.5,0.18577,10000,0.5,100,0.1,SI,0.1,1019,61872,F (viabilidad T_v>F),honesto,60853,110.95,empírico DS-6; mejor ρ de la rejilla
empirico,0.2,0.5,0.584789,10000,0.5,1000,0.0001,SI,0.1,1019,6.30618e+07,F (viabilidad T_v>F),honesto,6.30608e+07,560.95,empírico DS-6; mejor ρ de la rejilla
empirico,0.25,0.5,0.484789,10000,0.5,1000,0.0001,SI,0.1,1019,6.30618e+07,F (viabilidad T_v>F),honesto,6.30608e+07,560.95,empírico DS-6; mejor ρ de la rejilla
empirico,0.33,0.5,0.324789,10000,0.5,1000,0.0001,SI,0.1,1019,6.30618e+07,F (viabilidad T_v>F),honesto,6.30608e+07,560.95,empírico DS-6; mejor ρ de la rejilla
empirico,0.4,0.5,0.18577,10000,0.5,1000,0.0001,SI,0.1,1019,6.30618e+07,F (viabilidad T_v>F),honesto,6.30608e+07,560.95,empírico DS-6; mejor ρ de la rejilla
empirico,0.2,0.5,0.584789,10000,0.5,1000,0.001,SI,0.1,1019,6.297e+06,F (viabilidad T_v>F),honesto,6.29598e+06,560.95,empírico DS-6; mejor ρ de la rejilla
empirico,0.25,0.5,0.484789,10000,0.5,1000,0.001,SI,0.1,1019,6.297e+06,F (viabilidad T_v>F),honesto,6.29598e+06,560.95,empírico DS-6; mejor ρ de la rejilla
empirico,0.33,0.5,0.324789,10000,0.5,1000,0.001,SI,0.1,1019,6.297e+06,F (viabilidad T_v>F),honesto,6.29598e+06,560.95,empírico DS-6; mejor ρ de la rejilla
empirico,0.4,0.5,0.18577,10000,0.5,1000,0.001,SI,0.1,1019,6.297e+06,F (viabilidad T_v>F),honesto,6.29598e+06,560.95,empírico DS-6; mejor ρ de la rejilla
empirico,0.2,0.5,0.584789,10000,0.5,1000,0.01,SI,0.1,1019,620520,F (viabilidad T_v>F),honesto,619501,560.95,empírico DS-6; mejor ρ de la rejilla
empirico,0.25,0.5,0.484789,10000,0.5,1000,0.01,SI,0.1,1019,620520,F (viabilidad T_v>F),honesto,619501,560.95,empírico DS-6; mejor ρ de la rejilla
empirico,0.33,0.5,0.324789,10000,0.5,1000,0.01,SI,0.1,1019,620520,F (viabilidad T_v>F),honesto,619501,560.95,empírico DS-6; mejor ρ de la rejilla
empirico,0.4,0.5,0.18577,10000,0.5,1000,0.01,SI,0.1,1019,620520,F (viabilidad T_v>F),honesto,619501,560.95,empírico DS-6; mejor ρ de la rejilla
empirico,0.2,0.5,0.584789,10000,0.5,1000,0.1,SI,0.1,1019,52872,F (viabilidad T_v>F),honesto,51853,560.95,empírico DS-6; mejor ρ de la rejilla
empirico,0.25,0.5,0.484789,10000,0.5,1000,0.1,SI,0.1,1019,52872,F (viabilidad T_v>F),honesto,51853,560.95,empírico DS-6; mejor ρ de la rejilla
empirico,0.33,0.5,0.324789,10000,0.5,1000,0.1,SI,0.1,1019,52872,F (viabilidad T_v>F),honesto,51853,560.95,empírico DS-6; mejor ρ de la rejilla
empirico,0.4,0.5,0.18577,10000,0.5,1000,0.1,SI,0.1,1019,52872,F (viabilidad T_v>F),honesto,51853,560.95,empírico DS-6; mejor ρ de la rejilla
empirico,0.2,0.5,0.584789,10000,0.5,10000,0.0001,SI,0.1,1019,6.29718e+07,F (viabilidad T_v>F),honesto,6.29708e+07,5060.95,empírico DS-6; mejor ρ de la rejilla
empirico,0.25,0.5,0.484789,10000,0.5,10000,0.0001,SI,0.1,1019,6.29718e+07,F (viabilidad T_v>F),honesto,6.29708e+07,5060.95,empírico DS-6; mejor ρ de la rejilla
empirico,0.33,0.5,0.324789,10000,0.5,10000,0.0001,SI,0.1,1019,6.29718e+07,F (viabilidad T_v>F),honesto,6.29708e+07,5060.95,empírico DS-6; mejor ρ de la rejilla
empirico,0.4,0.5,0.18577,10000,0.5,10000,0.0001,SI,0.1,1019,6.29718e+07,F (viabilidad T_v>F),honesto,6.29708e+07,5060.95,empírico DS-6; mejor ρ de la rejilla
empirico,0.2,0.5,0.584789,10000,0.5,10000,0.001,SI,0.1,1019,6.207e+06,F (viabilidad T_v>F),honesto,6.20598e+06,5060.95,empírico DS-6; mejor ρ de la rejilla
empirico,0.25,0.5,0.484789,10000,0.5,10000,0.001,SI,0.1,1019,6.207e+06,F (viabilidad T_v>F),honesto,6.20598e+06,5060.95,empírico DS-6; mejor ρ de la rejilla
empirico,0.33,0.5,0.324789,10000,0.5,10000,0.001,SI,0.1,1019,6.207e+06,F (viabilidad T_v>F),honesto,6.20598e+06,5060.95,empírico DS-6; mejor ρ de la rejilla
empirico,0.4,0.5,0.18577,10000,0.5,10000,0.001,SI,0.1,1019,6.207e+06,F (viabilidad T_v>F),honesto,6.20598e+06,5060.95,empírico DS-6; mejor ρ de la rejilla
empirico,0.2,0.5,0.584789,10000,0.5,10000,0.01,SI,0.1,1019,530520,F (viabilidad T_v>F),honesto,529501,5060.95,empírico DS-6; mejor ρ de la rejilla
empirico,0.25,0.5,0.484789,10000,0.5,10000,0.01,SI,0.1,1019,530520,F (viabilidad T_v>F),honesto,529501,5060.95,empírico DS-6; mejor ρ de la rejilla
empirico,0.33,0.5,0.324789,10000,0.5,10000,0.01,SI,0.1,1019,530520,F (viabilidad T_v>F),honesto,529501,5060.95,empírico DS-6; mejor ρ de la rejilla
empirico,0.4,0.5,0.18577,10000,0.5,10000,0.01,SI,0.1,1019,530520,F (viabilidad T_v>F),honesto,529501,5060.95,empírico DS-6; mejor ρ de la rejilla
empirico,0.2,0.5,0.584789,10000,0.5,10000,0.1,NO,NaN,NaN,NaN,—,—,-Inf,NaN,empírico DS-6; mejor ρ de la rejilla
empirico,0.25,0.5,0.484789,10000,0.5,10000,0.1,NO,NaN,NaN,NaN,—,—,-Inf,NaN,empírico DS-6; mejor ρ de la rejilla
empirico,0.33,0.5,0.324789,10000,0.5,10000,0.1,NO,NaN,NaN,NaN,—,—,-Inf,NaN,empírico DS-6; mejor ρ de la rejilla
empirico,0.4,0.5,0.18577,10000,0.5,10000,0.1,NO,NaN,NaN,NaN,—,—,-Inf,NaN,empírico DS-6; mejor ρ de la rejilla
empirico,0.2,0.5,0.584789,10000,1,20,0.0001,SI,0.1,1019,3.15357e+07,F (viabilidad T_v>F),honesto,3.15347e+07,131.9,empírico DS-6; mejor ρ de la rejilla
empirico,0.25,0.5,0.484789,10000,1,20,0.0001,SI,0.1,1019,3.15357e+07,F (viabilidad T_v>F),honesto,3.15347e+07,131.9,empírico DS-6; mejor ρ de la rejilla
empirico,0.33,0.5,0.324789,10000,1,20,0.0001,SI,0.1,1019,3.15357e+07,F (viabilidad T_v>F),honesto,3.15347e+07,131.9,empírico DS-6; mejor ρ de la rejilla
empirico,0.4,0.5,0.18577,10000,1,20,0.0001,SI,0.1,1019,3.15357e+07,F (viabilidad T_v>F),honesto,3.15347e+07,131.9,empírico DS-6; mejor ρ de la rejilla
empirico,0.2,0.5,0.584789,10000,1,20,0.001,SI,0.1,1019,3.1533e+06,F (viabilidad T_v>F),honesto,3.15228e+06,131.9,empírico DS-6; mejor ρ de la rejilla
empirico,0.25,0.5,0.484789,10000,1,20,0.001,SI,0.1,1019,3.1533e+06,F (viabilidad T_v>F),honesto,3.15228e+06,131.9,empírico DS-6; mejor ρ de la rejilla
empirico,0.33,0.5,0.324789,10000,1,20,0.001,SI,0.1,1019,3.1533e+06,F (viabilidad T_v>F),honesto,3.15228e+06,131.9,empírico DS-6; mejor ρ de la rejilla
empirico,0.4,0.5,0.18577,10000,1,20,0.001,SI,0.1,1019,3.1533e+06,F (viabilidad T_v>F),honesto,3.15228e+06,131.9,empírico DS-6; mejor ρ de la rejilla
empirico,0.2,0.5,0.584789,10000,1,20,0.01,SI,0.1,1019,315060,F (viabilidad T_v>F),honesto,314041,131.9,empírico DS-6; mejor ρ de la rejilla
empirico,0.25,0.5,0.484789,10000,1,20,0.01,SI,0.1,1019,315060,F (viabilidad T_v>F),honesto,314041,131.9,empírico DS-6; mejor ρ de la rejilla
empirico,0.33,0.5,0.324789,10000,1,20,0.01,SI,0.1,1019,315060,F (viabilidad T_v>F),honesto,314041,131.9,empírico DS-6; mejor ρ de la rejilla
empirico,0.4,0.5,0.18577,10000,1,20,0.01,SI,0.1,1019,315060,F (viabilidad T_v>F),honesto,314041,131.9,empírico DS-6; mejor ρ de la rejilla
empirico,0.2,0.5,0.584789,10000,1,20,0.1,SI,0.1,1019,31236,F (viabilidad T_v>F),honesto,30217,131.9,empírico DS-6; mejor ρ de la rejilla
empirico,0.25,0.5,0.484789,10000,1,20,0.1,SI,0.1,1019,31236,F (viabilidad T_v>F),honesto,30217,131.9,empírico DS-6; mejor ρ de la rejilla
empirico,0.33,0.5,0.324789,10000,1,20,0.1,SI,0.1,1019,31236,F (viabilidad T_v>F),honesto,30217,131.9,empírico DS-6; mejor ρ de la rejilla
empirico,0.4,0.5,0.18577,10000,1,20,0.1,SI,0.1,1019,31236,F (viabilidad T_v>F),honesto,30217,131.9,empírico DS-6; mejor ρ de la rejilla
empirico,0.2,0.5,0.584789,10000,1,100,0.0001,SI,0.1,1019,3.15349e+07,F (viabilidad T_v>F),honesto,3.15339e+07,211.9,empírico DS-6; mejor ρ de la rejilla
empirico,0.25,0.5,0.484789,10000,1,100,0.0001,SI,0.1,1019,3.15349e+07,F (viabilidad T_v>F),honesto,3.15339e+07,211.9,empírico DS-6; mejor ρ de la rejilla
empirico,0.33,0.5,0.324789,10000,1,100,0.0001,SI,0.1,1019,3.15349e+07,F (viabilidad T_v>F),honesto,3.15339e+07,211.9,empírico DS-6; mejor ρ de la rejilla
empirico,0.4,0.5,0.18577,10000,1,100,0.0001,SI,0.1,1019,3.15349e+07,F (viabilidad T_v>F),honesto,3.15339e+07,211.9,empírico DS-6; mejor ρ de la rejilla
empirico,0.2,0.5,0.584789,10000,1,100,0.001,SI,0.1,1019,3.1525e+06,F (viabilidad T_v>F),honesto,3.15148e+06,211.9,empírico DS-6; mejor ρ de la rejilla
empirico,0.25,0.5,0.484789,10000,1,100,0.001,SI,0.1,1019,3.1525e+06,F (viabilidad T_v>F),honesto,3.15148e+06,211.9,empírico DS-6; mejor ρ de la rejilla
empirico,0.33,0.5,0.324789,10000,1,100,0.001,SI,0.1,1019,3.1525e+06,F (viabilidad T_v>F),honesto,3.15148e+06,211.9,empírico DS-6; mejor ρ de la rejilla
empirico,0.4,0.5,0.18577,10000,1,100,0.001,SI,0.1,1019,3.1525e+06,F (viabilidad T_v>F),honesto,3.15148e+06,211.9,empírico DS-6; mejor ρ de la rejilla
empirico,0.2,0.5,0.584789,10000,1,100,0.01,SI,0.1,1019,314260,F (viabilidad T_v>F),honesto,313241,211.9,empírico DS-6; mejor ρ de la rejilla
empirico,0.25,0.5,0.484789,10000,1,100,0.01,SI,0.1,1019,314260,F (viabilidad T_v>F),honesto,313241,211.9,empírico DS-6; mejor ρ de la rejilla
empirico,0.33,0.5,0.324789,10000,1,100,0.01,SI,0.1,1019,314260,F (viabilidad T_v>F),honesto,313241,211.9,empírico DS-6; mejor ρ de la rejilla
empirico,0.4,0.5,0.18577,10000,1,100,0.01,SI,0.1,1019,314260,F (viabilidad T_v>F),honesto,313241,211.9,empírico DS-6; mejor ρ de la rejilla
empirico,0.2,0.5,0.584789,10000,1,100,0.1,SI,0.1,1019,30436,F (viabilidad T_v>F),honesto,29417,211.9,empírico DS-6; mejor ρ de la rejilla
empirico,0.25,0.5,0.484789,10000,1,100,0.1,SI,0.1,1019,30436,F (viabilidad T_v>F),honesto,29417,211.9,empírico DS-6; mejor ρ de la rejilla
empirico,0.33,0.5,0.324789,10000,1,100,0.1,SI,0.1,1019,30436,F (viabilidad T_v>F),honesto,29417,211.9,empírico DS-6; mejor ρ de la rejilla
empirico,0.4,0.5,0.18577,10000,1,100,0.1,SI,0.1,1019,30436,F (viabilidad T_v>F),honesto,29417,211.9,empírico DS-6; mejor ρ de la rejilla
empirico,0.2,0.5,0.584789,10000,1,1000,0.0001,SI,0.1,1019,3.15259e+07,F (viabilidad T_v>F),honesto,3.15249e+07,1111.9,empírico DS-6; mejor ρ de la rejilla
empirico,0.25,0.5,0.484789,10000,1,1000,0.0001,SI,0.1,1019,3.15259e+07,F (viabilidad T_v>F),honesto,3.15249e+07,1111.9,empírico DS-6; mejor ρ de la rejilla
empirico,0.33,0.5,0.324789,10000,1,1000,0.0001,SI,0.1,1019,3.15259e+07,F (viabilidad T_v>F),honesto,3.15249e+07,1111.9,empírico DS-6; mejor ρ de la rejilla
empirico,0.4,0.5,0.18577,10000,1,1000,0.0001,SI,0.1,1019,3.15259e+07,F (viabilidad T_v>F),honesto,3.15249e+07,1111.9,empírico DS-6; mejor ρ de la rejilla
empirico,0.2,0.5,0.584789,10000,1,1000,0.001,SI,0.1,1019,3.1435e+06,F (viabilidad T_v>F),honesto,3.14248e+06,1111.9,empírico DS-6; mejor ρ de la rejilla
empirico,0.25,0.5,0.484789,10000,1,1000,0.001,SI,0.1,1019,3.1435e+06,F (viabilidad T_v>F),honesto,3.14248e+06,1111.9,empírico DS-6; mejor ρ de la rejilla
empirico,0.33,0.5,0.324789,10000,1,1000,0.001,SI,0.1,1019,3.1435e+06,F (viabilidad T_v>F),honesto,3.14248e+06,1111.9,empírico DS-6; mejor ρ de la rejilla
empirico,0.4,0.5,0.18577,10000,1,1000,0.001,SI,0.1,1019,3.1435e+06,F (viabilidad T_v>F),honesto,3.14248e+06,1111.9,empírico DS-6; mejor ρ de la rejilla
empirico,0.2,0.5,0.584789,10000,1,1000,0.01,SI,0.1,1019,305260,F (viabilidad T_v>F),honesto,304241,1111.9,empírico DS-6; mejor ρ de la rejilla
empirico,0.25,0.5,0.484789,10000,1,1000,0.01,SI,0.1,1019,305260,F (viabilidad T_v>F),honesto,304241,1111.9,empírico DS-6; mejor ρ de la rejilla
empirico,0.33,0.5,0.324789,10000,1,1000,0.01,SI,0.1,1019,305260,F (viabilidad T_v>F),honesto,304241,1111.9,empírico DS-6; mejor ρ de la rejilla
empirico,0.4,0.5,0.18577,10000,1,1000,0.01,SI,0.1,1019,305260,F (viabilidad T_v>F),honesto,304241,1111.9,empírico DS-6; mejor ρ de la rejilla
empirico,0.2,0.5,0.584789,10000,1,1000,0.1,SI,0.1,1019,21436,F (viabilidad T_v>F),honesto,20417,1111.9,empírico DS-6; mejor ρ de la rejilla
empirico,0.25,0.5,0.484789,10000,1,1000,0.1,SI,0.1,1019,21436,F (viabilidad T_v>F),honesto,20417,1111.9,empírico DS-6; mejor ρ de la rejilla
empirico,0.33,0.5,0.324789,10000,1,1000,0.1,SI,0.1,1019,21436,F (viabilidad T_v>F),honesto,20417,1111.9,empírico DS-6; mejor ρ de la rejilla
empirico,0.4,0.5,0.18577,10000,1,1000,0.1,SI,0.1,1019,21436,F (viabilidad T_v>F),honesto,20417,1111.9,empírico DS-6; mejor ρ de la rejilla
empirico,0.2,0.5,0.584789,10000,1,10000,0.0001,SI,0.1,1019,3.14359e+07,F (viabilidad T_v>F),honesto,3.14349e+07,10111.9,empírico DS-6; mejor ρ de la rejilla
empirico,0.25,0.5,0.484789,10000,1,10000,0.0001,SI,0.1,1019,3.14359e+07,F (viabilidad T_v>F),honesto,3.14349e+07,10111.9,empírico DS-6; mejor ρ de la rejilla
empirico,0.33,0.5,0.324789,10000,1,10000,0.0001,SI,0.1,1019,3.14359e+07,F (viabilidad T_v>F),honesto,3.14349e+07,10111.9,empírico DS-6; mejor ρ de la rejilla
empirico,0.4,0.5,0.18577,10000,1,10000,0.0001,SI,0.1,1019,3.14359e+07,F (viabilidad T_v>F),honesto,3.14349e+07,10111.9,empírico DS-6; mejor ρ de la rejilla
empirico,0.2,0.5,0.584789,10000,1,10000,0.001,SI,0.1,1019,3.0535e+06,F (viabilidad T_v>F),honesto,3.05248e+06,10111.9,empírico DS-6; mejor ρ de la rejilla
empirico,0.25,0.5,0.484789,10000,1,10000,0.001,SI,0.1,1019,3.0535e+06,F (viabilidad T_v>F),honesto,3.05248e+06,10111.9,empírico DS-6; mejor ρ de la rejilla
empirico,0.33,0.5,0.324789,10000,1,10000,0.001,SI,0.1,1019,3.0535e+06,F (viabilidad T_v>F),honesto,3.05248e+06,10111.9,empírico DS-6; mejor ρ de la rejilla
empirico,0.4,0.5,0.18577,10000,1,10000,0.001,SI,0.1,1019,3.0535e+06,F (viabilidad T_v>F),honesto,3.05248e+06,10111.9,empírico DS-6; mejor ρ de la rejilla
empirico,0.2,0.5,0.584789,10000,1,10000,0.01,SI,0.1,1019,215260,F (viabilidad T_v>F),honesto,214241,10111.9,empírico DS-6; mejor ρ de la rejilla
empirico,0.25,0.5,0.484789,10000,1,10000,0.01,SI,0.1,1019,215260,F (viabilidad T_v>F),honesto,214241,10111.9,empírico DS-6; mejor ρ de la rejilla
empirico,0.33,0.5,0.324789,10000,1,10000,0.01,SI,0.1,1019,215260,F (viabilidad T_v>F),honesto,214241,10111.9,empírico DS-6; mejor ρ de la rejilla
empirico,0.4,0.5,0.18577,10000,1,10000,0.01,SI,0.1,1019,215260,F (viabilidad T_v>F),honesto,214241,10111.9,empírico DS-6; mejor ρ de la rejilla
empirico,0.2,0.5,0.584789,10000,1,10000,0.1,NO,NaN,NaN,NaN,—,—,-Inf,NaN,empírico DS-6; mejor ρ de la rejilla
empirico,0.25,0.5,0.484789,10000,1,10000,0.1,NO,NaN,NaN,NaN,—,—,-Inf,NaN,empírico DS-6; mejor ρ de la rejilla
empirico,0.33,0.5,0.324789,10000,1,10000,0.1,NO,NaN,NaN,NaN,—,—,-Inf,NaN,empírico DS-6; mejor ρ de la rejilla
empirico,0.4,0.5,0.18577,10000,1,10000,0.1,NO,NaN,NaN,NaN,—,—,-Inf,NaN,empírico DS-6; mejor ρ de la rejilla
empirico,0.2,0.5,0.584789,100000,0.25,20,0.0001,SI,0.1,2203.02,1.26143e+08,A (disuasión),honesto,1.26141e+08,70.0756,empírico DS-6; mejor ρ de la rejilla
empirico,0.25,0.5,0.484789,100000,0.25,20,0.0001,SI,0.1,2777.92,1.26143e+08,A (disuasión),honesto,1.26141e+08,84.448,empírico DS-6; mejor ρ de la rejilla
empirico,0.33,0.5,0.324789,100000,0.25,20,0.0001,SI,0.1,4436,1.26143e+08,A (disuasión),honesto,1.26139e+08,125.9,empírico DS-6; mejor ρ de la rejilla
empirico,0.4,0.5,0.18577,100000,0.25,20,0.0001,SI,0.1,8196.05,1.26143e+08,A (disuasión),honesto,1.26135e+08,219.901,empírico DS-6; mejor ρ de la rejilla
empirico,0.2,0.5,0.584789,100000,0.25,20,0.001,SI,0.1,2203.02,1.26138e+07,A (disuasión),honesto,1.26116e+07,70.0756,empírico DS-6; mejor ρ de la rejilla
empirico,0.25,0.5,0.484789,100000,0.25,20,0.001,SI,0.1,2777.92,1.26138e+07,A (disuasión),honesto,1.2611e+07,84.4481,empírico DS-6; mejor ρ de la rejilla
empirico,0.33,0.5,0.324789,100000,0.25,20,0.001,SI,0.1,4436,1.26138e+07,A (disuasión),honesto,1.26094e+07,125.9,empírico DS-6; mejor ρ de la rejilla
empirico,0.4,0.5,0.18577,100000,0.25,20,0.001,SI,0.1,8196.05,1.26138e+07,A (disuasión),honesto,1.26056e+07,219.901,empírico DS-6; mejor ρ de la rejilla
empirico,0.2,0.5,0.584789,100000,0.25,20,0.01,SI,0.1,2203.02,1.26084e+06,A (disuasión),honesto,1.25864e+06,70.0756,empírico DS-6; mejor ρ de la rejilla
empirico,0.25,0.5,0.484789,100000,0.25,20,0.01,SI,0.1,2777.92,1.26084e+06,A (disuasión),honesto,1.25806e+06,84.448,empírico DS-6; mejor ρ de la rejilla
empirico,0.33,0.5,0.324789,100000,0.25,20,0.01,SI,0.1,4436,1.26084e+06,A (disuasión),honesto,1.2564e+06,125.9,empírico DS-6; mejor ρ de la rejilla
empirico,0.4,0.5,0.18577,100000,0.25,20,0.01,SI,0.1,8196.05,1.26084e+06,A (disuasión),honesto,1.25264e+06,219.901,empírico DS-6; mejor ρ de la rejilla
empirico,0.2,0.5,0.584789,100000,0.25,20,0.1,SI,0.1,2203.02,125544,A (disuasión),honesto,123341,70.0756,empírico DS-6; mejor ρ de la rejilla
empirico,0.25,0.5,0.484789,100000,0.25,20,0.1,SI,0.1,2777.92,125544,A (disuasión),honesto,122766,84.448,empírico DS-6; mejor ρ de la rejilla
empirico,0.33,0.5,0.324789,100000,0.25,20,0.1,SI,0.1,4436,125544,A (disuasión),honesto,121108,125.9,empírico DS-6; mejor ρ de la rejilla
empirico,0.4,0.5,0.18577,100000,0.25,20,0.1,SI,0.1,8196.05,125544,A (disuasión),honesto,117348,219.901,empírico DS-6; mejor ρ de la rejilla
empirico,0.2,0.5,0.584789,100000,0.25,100,0.0001,SI,0.1,1418.74,1.26143e+08,A (disuasión),honesto,1.26141e+08,70.4684,empírico DS-6; mejor ρ de la rejilla
empirico,0.25,0.5,0.484789,100000,0.25,100,0.0001,SI,0.1,1990.52,1.26143e+08,A (disuasión),honesto,1.26141e+08,84.763,empírico DS-6; mejor ρ de la rejilla
empirico,0.33,0.5,0.324789,100000,0.25,100,0.0001,SI,0.1,3641.88,1.26143e+08,A (disuasión),honesto,1.26139e+08,126.047,empírico DS-6; mejor ρ de la rejilla
empirico,0.4,0.5,0.18577,100000,0.25,100,0.0001,SI,0.1,7398.02,1.26143e+08,A (disuasión),honesto,1.26135e+08,219.95,empírico DS-6; mejor ρ de la rejilla
empirico,0.2,0.5,0.584789,100000,0.25,100,0.001,SI,0.1,1418.74,1.2613e+07,A (disuasión),honesto,1.26116e+07,70.4684,empírico DS-6; mejor ρ de la rejilla
empirico,0.25,0.5,0.484789,100000,0.25,100,0.001,SI,0.1,1990.52,1.2613e+07,A (disuasión),honesto,1.2611e+07,84.763,empírico DS-6; mejor ρ de la rejilla
empirico,0.33,0.5,0.324789,100000,0.25,100,0.001,SI,0.1,3641.88,1.2613e+07,A (disuasión),honesto,1.26094e+07,126.047,empírico DS-6; mejor ρ de la rejilla
empirico,0.4,0.5,0.18577,100000,0.25,100,0.001,SI,0.1,7398.02,1.2613e+07,A (disuasión),honesto,1.26056e+07,219.95,empírico DS-6; mejor ρ de la rejilla
empirico,0.2,0.5,0.584789,100000,0.25,100,0.01,SI,0.1,1418.74,1.26004e+06,A (disuasión),honesto,1.25862e+06,70.4684,empírico DS-6; mejor ρ de la rejilla
empirico,0.25,0.5,0.484789,100000,0.25,100,0.01,SI,0.1,1990.52,1.26004e+06,A (disuasión),honesto,1.25805e+06,84.763,empírico DS-6; mejor ρ de la rejilla
empirico,0.33,0.5,0.324789,100000,0.25,100,0.01,SI,0.1,3641.88,1.26004e+06,A (disuasión),honesto,1.2564e+06,126.047,empírico DS-6; mejor ρ de la rejilla
empirico,0.4,0.5,0.18577,100000,0.25,100,0.01,SI,0.1,7398.02,1.26004e+06,A (disuasión),honesto,1.25264e+06,219.95,empírico DS-6; mejor ρ de la rejilla
empirico,0.2,0.5,0.584789,100000,0.25,100,0.1,SI,0.1,1418.74,124744,A (disuasión),honesto,123325,70.4684,empírico DS-6; mejor ρ de la rejilla
empirico,0.25,0.5,0.484789,100000,0.25,100,0.1,SI,0.1,1990.52,124744,A (disuasión),honesto,122753,84.7631,empírico DS-6; mejor ρ de la rejilla
empirico,0.33,0.5,0.324789,100000,0.25,100,0.1,SI,0.1,3641.88,124744,A (disuasión),honesto,121102,126.047,empírico DS-6; mejor ρ de la rejilla
empirico,0.4,0.5,0.18577,100000,0.25,100,0.1,SI,0.1,7398.02,124744,A (disuasión),honesto,117346,219.95,empírico DS-6; mejor ρ de la rejilla
empirico,0.2,0.5,0.584789,100000,0.25,1000,0.0001,SI,0.1,1019,1.26134e+08,F (viabilidad T_v>F),honesto,1.26133e+08,285.475,empírico DS-6; mejor ρ de la rejilla
empirico,0.25,0.5,0.484789,100000,0.25,1000,0.0001,SI,0.1,1019,1.26134e+08,F (viabilidad T_v>F),honesto,1.26133e+08,285.475,empírico DS-6; mejor ρ de la rejilla
empirico,0.33,0.5,0.324789,100000,0.25,1000,0.0001,SI,0.1,1019,1.26134e+08,F (viabilidad T_v>F),honesto,1.26133e+08,285.475,empírico DS-6; mejor ρ de la rejilla
empirico,0.4,0.5,0.18577,100000,0.25,1000,0.0001,SI,0.1,1019,1.26134e+08,F (viabilidad T_v>F),honesto,1.26133e+08,285.475,empírico DS-6; mejor ρ de la rejilla
empirico,0.2,0.5,0.584789,100000,0.25,1000,0.001,SI,0.1,1019,1.2604e+07,F (viabilidad T_v>F),honesto,1.2603e+07,285.475,empírico DS-6; mejor ρ de la rejilla
empirico,0.25,0.5,0.484789,100000,0.25,1000,0.001,SI,0.1,1019,1.2604e+07,F (viabilidad T_v>F),honesto,1.2603e+07,285.475,empírico DS-6; mejor ρ de la rejilla
empirico,0.33,0.5,0.324789,100000,0.25,1000,0.001,SI,0.1,1019,1.2604e+07,F (viabilidad T_v>F),honesto,1.2603e+07,285.475,empírico DS-6; mejor ρ de la rejilla
empirico,0.4,0.5,0.18577,100000,0.25,1000,0.001,SI,0.1,1019,1.2604e+07,F (viabilidad T_v>F),honesto,1.2603e+07,285.475,empírico DS-6; mejor ρ de la rejilla
empirico,0.2,0.5,0.584789,100000,0.25,1000,0.01,SI,0.1,1019,1.25104e+06,F (viabilidad T_v>F),honesto,1.25002e+06,285.475,empírico DS-6; mejor ρ de la rejilla
empirico,0.25,0.5,0.484789,100000,0.25,1000,0.01,SI,0.1,1019,1.25104e+06,F (viabilidad T_v>F),honesto,1.25002e+06,285.475,empírico DS-6; mejor ρ de la rejilla
empirico,0.33,0.5,0.324789,100000,0.25,1000,0.01,SI,0.1,1019,1.25104e+06,F (viabilidad T_v>F),honesto,1.25002e+06,285.475,empírico DS-6; mejor ρ de la rejilla
empirico,0.4,0.5,0.18577,100000,0.25,1000,0.01,SI,0.1,1019,1.25104e+06,F (viabilidad T_v>F),honesto,1.25002e+06,285.475,empírico DS-6; mejor ρ de la rejilla
empirico,0.2,0.5,0.584789,100000,0.25,1000,0.1,SI,0.1,1019,115744,F (viabilidad T_v>F),honesto,114725,285.475,empírico DS-6; mejor ρ de la rejilla
empirico,0.25,0.5,0.484789,100000,0.25,1000,0.1,SI,0.1,1019,115744,F (viabilidad T_v>F),honesto,114725,285.475,empírico DS-6; mejor ρ de la rejilla
empirico,0.33,0.5,0.324789,100000,0.25,1000,0.1,SI,0.1,1019,115744,F (viabilidad T_v>F),honesto,114725,285.475,empírico DS-6; mejor ρ de la rejilla
empirico,0.4,0.5,0.18577,100000,0.25,1000,0.1,SI,0.1,1019,115744,F (viabilidad T_v>F),honesto,114725,285.475,empírico DS-6; mejor ρ de la rejilla
empirico,0.2,0.5,0.584789,100000,0.25,10000,0.0001,SI,0.1,1019,1.26044e+08,F (viabilidad T_v>F),honesto,1.26043e+08,2535.47,empírico DS-6; mejor ρ de la rejilla
empirico,0.25,0.5,0.484789,100000,0.25,10000,0.0001,SI,0.1,1019,1.26044e+08,F (viabilidad T_v>F),honesto,1.26043e+08,2535.47,empírico DS-6; mejor ρ de la rejilla
empirico,0.33,0.5,0.324789,100000,0.25,10000,0.0001,SI,0.1,1019,1.26044e+08,F (viabilidad T_v>F),honesto,1.26043e+08,2535.47,empírico DS-6; mejor ρ de la rejilla
empirico,0.4,0.5,0.18577,100000,0.25,10000,0.0001,SI,0.1,1019,1.26044e+08,F (viabilidad T_v>F),honesto,1.26043e+08,2535.47,empírico DS-6; mejor ρ de la rejilla
empirico,0.2,0.5,0.584789,100000,0.25,10000,0.001,SI,0.1,1019,1.2514e+07,F (viabilidad T_v>F),honesto,1.2513e+07,2535.47,empírico DS-6; mejor ρ de la rejilla
empirico,0.25,0.5,0.484789,100000,0.25,10000,0.001,SI,0.1,1019,1.2514e+07,F (viabilidad T_v>F),honesto,1.2513e+07,2535.47,empírico DS-6; mejor ρ de la rejilla
empirico,0.33,0.5,0.324789,100000,0.25,10000,0.001,SI,0.1,1019,1.2514e+07,F (viabilidad T_v>F),honesto,1.2513e+07,2535.47,empírico DS-6; mejor ρ de la rejilla
empirico,0.4,0.5,0.18577,100000,0.25,10000,0.001,SI,0.1,1019,1.2514e+07,F (viabilidad T_v>F),honesto,1.2513e+07,2535.47,empírico DS-6; mejor ρ de la rejilla
empirico,0.2,0.5,0.584789,100000,0.25,10000,0.01,SI,0.1,1019,1.16104e+06,F (viabilidad T_v>F),honesto,1.16002e+06,2535.47,empírico DS-6; mejor ρ de la rejilla
empirico,0.25,0.5,0.484789,100000,0.25,10000,0.01,SI,0.1,1019,1.16104e+06,F (viabilidad T_v>F),honesto,1.16002e+06,2535.47,empírico DS-6; mejor ρ de la rejilla
empirico,0.33,0.5,0.324789,100000,0.25,10000,0.01,SI,0.1,1019,1.16104e+06,F (viabilidad T_v>F),honesto,1.16002e+06,2535.47,empírico DS-6; mejor ρ de la rejilla
empirico,0.4,0.5,0.18577,100000,0.25,10000,0.01,SI,0.1,1019,1.16104e+06,F (viabilidad T_v>F),honesto,1.16002e+06,2535.47,empírico DS-6; mejor ρ de la rejilla
empirico,0.2,0.5,0.584789,100000,0.25,10000,0.1,SI,0.1,1019,25744,F (viabilidad T_v>F),honesto,24725,2535.47,empírico DS-6; mejor ρ de la rejilla
empirico,0.25,0.5,0.484789,100000,0.25,10000,0.1,SI,0.1,1019,25744,F (viabilidad T_v>F),honesto,24725,2535.47,empírico DS-6; mejor ρ de la rejilla
empirico,0.33,0.5,0.324789,100000,0.25,10000,0.1,SI,0.1,1019,25744,F (viabilidad T_v>F),honesto,24725,2535.47,empírico DS-6; mejor ρ de la rejilla
empirico,0.4,0.5,0.18577,100000,0.25,10000,0.1,SI,0.1,1019,25744,F (viabilidad T_v>F),honesto,24725,2535.47,empírico DS-6; mejor ρ de la rejilla
empirico,0.2,0.5,0.584789,100000,0.5,20,0.0001,SI,0.1,1019,6.30716e+07,F (viabilidad T_v>F),honesto,6.30706e+07,70.95,empírico DS-6; mejor ρ de la rejilla
empirico,0.25,0.5,0.484789,100000,0.5,20,0.0001,SI,0.1,1290.07,6.30716e+07,A (disuasión),honesto,6.30703e+07,84.5033,empírico DS-6; mejor ρ de la rejilla
empirico,0.33,0.5,0.324789,100000,0.5,20,0.0001,SI,0.1,2118.79,6.30716e+07,A (disuasión),honesto,6.30695e+07,125.94,empírico DS-6; mejor ρ de la rejilla
empirico,0.4,0.5,0.18577,100000,0.5,20,0.0001,SI,0.1,3998.02,6.30716e+07,A (disuasión),honesto,6.30676e+07,219.901,empírico DS-6; mejor ρ de la rejilla
empirico,0.2,0.5,0.584789,100000,0.5,20,0.001,SI,0.1,1019,6.3068e+06,F (viabilidad T_v>F),honesto,6.30578e+06,70.95,empírico DS-6; mejor ρ de la rejilla
empirico,0.25,0.5,0.484789,100000,0.5,20,0.001,SI,0.1,1290.07,6.3068e+06,A (disuasión),honesto,6.30551e+06,84.5033,empírico DS-6; mejor ρ de la rejilla
empirico,0.33,0.5,0.324789,100000,0.5,20,0.001,SI,0.1,2118.79,6.3068e+06,A (disuasión),honesto,6.30468e+06,125.94,empírico DS-6; mejor ρ de la rejilla
empirico,0.4,0.5,0.18577,100000,0.5,20,0.001,SI,0.1,3998.03,6.3068e+06,A (disuasión),honesto,6.3028e+06,219.901,empírico DS-6; mejor ρ de la rejilla
empirico,0.2,0.5,0.584789,100000,0.5,20,0.01,SI,0.1,1019,630320,F (viabilidad T_v>F),honesto,629301,70.95,empírico DS-6; mejor ρ de la rejilla
empirico,0.25,0.5,0.484789,100000,0.5,20,0.01,SI,0.1,1290.07,630320,A (disuasión),honesto,629030,84.5033,empírico DS-6; mejor ρ de la rejilla
empirico,0.33,0.5,0.324789,100000,0.5,20,0.01,SI,0.1,2118.79,630320,A (disuasión),honesto,628201,125.94,empírico DS-6; mejor ρ de la rejilla
empirico,0.4,0.5,0.18577,100000,0.5,20,0.01,SI,0.1,3998.03,630320,A (disuasión),honesto,626322,219.901,empírico DS-6; mejor ρ de la rejilla
empirico,0.2,0.5,0.584789,100000,0.5,20,0.1,SI,0.1,1019,62672,F (viabilidad T_v>F),honesto,61653,70.95,empírico DS-6; mejor ρ de la rejilla
empirico,0.25,0.5,0.484789,100000,0.5,20,0.1,SI,0.1,1290.07,62672,A (disuasión),honesto,61381.9,84.5033,empírico DS-6; mejor ρ de la rejilla
empirico,0.33,0.5,0.324789,100000,0.5,20,0.1,SI,0.1,2118.79,62672,A (disuasión),honesto,60553.2,125.94,empírico DS-6; mejor ρ de la rejilla
empirico,0.4,0.5,0.18577,100000,0.5,20,0.1,SI,0.1,3998.02,62672,A (disuasión),honesto,58674,219.901,empírico DS-6; mejor ρ de la rejilla
empirico,0.2,0.5,0.584789,100000,0.5,100,0.0001,SI,0.1,1019,6.30708e+07,F (viabilidad T_v>F),honesto,6.30698e+07,110.95,empírico DS-6; mejor ρ de la rejilla
empirico,0.25,0.5,0.484789,100000,0.5,100,0.0001,SI,0.1,1019,6.30708e+07,F (viabilidad T_v>F),honesto,6.30698e+07,110.95,empírico DS-6; mejor ρ de la rejilla
empirico,0.33,0.5,0.324789,100000,0.5,100,0.0001,SI,0.1,1327.43,6.30708e+07,A (disuasión),honesto,6.30695e+07,126.371,empírico DS-6; mejor ρ de la rejilla
empirico,0.4,0.5,0.18577,100000,0.5,100,0.0001,SI,0.1,3202.91,6.30708e+07,A (disuasión),honesto,6.30676e+07,220.146,empírico DS-6; mejor ρ de la rejilla
empirico,0.2,0.5,0.584789,100000,0.5,100,0.001,SI,0.1,1019,6.306e+06,F (viabilidad T_v>F),honesto,6.30498e+06,110.95,empírico DS-6; mejor ρ de la rejilla
empirico,0.25,0.5,0.484789,100000,0.5,100,0.001,SI,0.1,1019,6.306e+06,F (viabilidad T_v>F),honesto,6.30498e+06,110.95,empírico DS-6; mejor ρ de la rejilla
empirico,0.33,0.5,0.324789,100000,0.5,100,0.001,SI,0.1,1327.43,6.306e+06,A (disuasión),honesto,6.30467e+06,126.371,empírico DS-6; mejor ρ de la rejilla
empirico,0.4,0.5,0.18577,100000,0.5,100,0.001,SI,0.1,3202.91,6.306e+06,A (disuasión),honesto,6.3028e+06,220.146,empírico DS-6; mejor ρ de la rejilla
empirico,0.2,0.5,0.584789,100000,0.5,100,0.01,SI,0.1,1019,629520,F (viabilidad T_v>F),honesto,628501,110.95,empírico DS-6; mejor ρ de la rejilla
empirico,0.25,0.5,0.484789,100000,0.5,100,0.01,SI,0.1,1019,629520,F (viabilidad T_v>F),honesto,628501,110.95,empírico DS-6; mejor ρ de la rejilla
empirico,0.33,0.5,0.324789,100000,0.5,100,0.01,SI,0.1,1327.43,629520,A (disuasión),honesto,628193,126.371,empírico DS-6; mejor ρ de la rejilla
empirico,0.4,0.5,0.18577,100000,0.5,100,0.01,SI,0.1,3202.91,629520,A (disuasión),honesto,626317,220.146,empírico DS-6; mejor ρ de la rejilla
empirico,0.2,0.5,0.584789,100000,0.5,100,0.1,SI,0.1,1019,61872,F (viabilidad T_v>F),honesto,60853,110.95,empírico DS-6; mejor ρ de la rejilla
empirico,0.25,0.5,0.484789,100000,0.5,100,0.1,SI,0.1,1019,61872,F (viabilidad T_v>F),honesto,60853,110.95,empírico DS-6; mejor ρ de la rejilla
empirico,0.33,0.5,0.324789,100000,0.5,100,0.1,SI,0.1,1327.43,61872,A (disuasión),honesto,60544.6,126.371,empírico DS-6; mejor ρ de la rejilla
empirico,0.4,0.5,0.18577,100000,0.5,100,0.1,SI,0.1,3202.91,61872,A (disuasión),honesto,58669.1,220.146,empírico DS-6; mejor ρ de la rejilla
empirico,0.2,0.5,0.584789,100000,0.5,1000,0.0001,SI,0.1,1019,6.30618e+07,F (viabilidad T_v>F),honesto,6.30608e+07,560.95,empírico DS-6; mejor ρ de la rejilla
empirico,0.25,0.5,0.484789,100000,0.5,1000,0.0001,SI,0.1,1019,6.30618e+07,F (viabilidad T_v>F),honesto,6.30608e+07,560.95,empírico DS-6; mejor ρ de la rejilla
empirico,0.33,0.5,0.324789,100000,0.5,1000,0.0001,SI,0.1,1019,6.30618e+07,F (viabilidad T_v>F),honesto,6.30608e+07,560.95,empírico DS-6; mejor ρ de la rejilla
empirico,0.4,0.5,0.18577,100000,0.5,1000,0.0001,SI,0.1,1019,6.30618e+07,F (viabilidad T_v>F),honesto,6.30608e+07,560.95,empírico DS-6; mejor ρ de la rejilla
empirico,0.2,0.5,0.584789,100000,0.5,1000,0.001,SI,0.1,1019,6.297e+06,F (viabilidad T_v>F),honesto,6.29598e+06,560.95,empírico DS-6; mejor ρ de la rejilla
empirico,0.25,0.5,0.484789,100000,0.5,1000,0.001,SI,0.1,1019,6.297e+06,F (viabilidad T_v>F),honesto,6.29598e+06,560.95,empírico DS-6; mejor ρ de la rejilla
empirico,0.33,0.5,0.324789,100000,0.5,1000,0.001,SI,0.1,1019,6.297e+06,F (viabilidad T_v>F),honesto,6.29598e+06,560.95,empírico DS-6; mejor ρ de la rejilla
empirico,0.4,0.5,0.18577,100000,0.5,1000,0.001,SI,0.1,1019,6.297e+06,F (viabilidad T_v>F),honesto,6.29598e+06,560.95,empírico DS-6; mejor ρ de la rejilla
empirico,0.2,0.5,0.584789,100000,0.5,1000,0.01,SI,0.1,1019,620520,F (viabilidad T_v>F),honesto,619501,560.95,empírico DS-6; mejor ρ de la rejilla
empirico,0.25,0.5,0.484789,100000,0.5,1000,0.01,SI,0.1,1019,620520,F (viabilidad T_v>F),honesto,619501,560.95,empírico DS-6; mejor ρ de la rejilla
empirico,0.33,0.5,0.324789,100000,0.5,1000,0.01,SI,0.1,1019,620520,F (viabilidad T_v>F),honesto,619501,560.95,empírico DS-6; mejor ρ de la rejilla
empirico,0.4,0.5,0.18577,100000,0.5,1000,0.01,SI,0.1,1019,620520,F (viabilidad T_v>F),honesto,619501,560.95,empírico DS-6; mejor ρ de la rejilla
empirico,0.2,0.5,0.584789,100000,0.5,1000,0.1,SI,0.1,1019,52872,F (viabilidad T_v>F),honesto,51853,560.95,empírico DS-6; mejor ρ de la rejilla
empirico,0.25,0.5,0.484789,100000,0.5,1000,0.1,SI,0.1,1019,52872,F (viabilidad T_v>F),honesto,51853,560.95,empírico DS-6; mejor ρ de la rejilla
empirico,0.33,0.5,0.324789,100000,0.5,1000,0.1,SI,0.1,1019,52872,F (viabilidad T_v>F),honesto,51853,560.95,empírico DS-6; mejor ρ de la rejilla
empirico,0.4,0.5,0.18577,100000,0.5,1000,0.1,SI,0.1,1019,52872,F (viabilidad T_v>F),honesto,51853,560.95,empírico DS-6; mejor ρ de la rejilla
empirico,0.2,0.5,0.584789,100000,0.5,10000,0.0001,SI,0.1,1019,6.29718e+07,F (viabilidad T_v>F),honesto,6.29708e+07,5060.95,empírico DS-6; mejor ρ de la rejilla
empirico,0.25,0.5,0.484789,100000,0.5,10000,0.0001,SI,0.1,1019,6.29718e+07,F (viabilidad T_v>F),honesto,6.29708e+07,5060.95,empírico DS-6; mejor ρ de la rejilla
empirico,0.33,0.5,0.324789,100000,0.5,10000,0.0001,SI,0.1,1019,6.29718e+07,F (viabilidad T_v>F),honesto,6.29708e+07,5060.95,empírico DS-6; mejor ρ de la rejilla
empirico,0.4,0.5,0.18577,100000,0.5,10000,0.0001,SI,0.1,1019,6.29718e+07,F (viabilidad T_v>F),honesto,6.29708e+07,5060.95,empírico DS-6; mejor ρ de la rejilla
empirico,0.2,0.5,0.584789,100000,0.5,10000,0.001,SI,0.1,1019,6.207e+06,F (viabilidad T_v>F),honesto,6.20598e+06,5060.95,empírico DS-6; mejor ρ de la rejilla
empirico,0.25,0.5,0.484789,100000,0.5,10000,0.001,SI,0.1,1019,6.207e+06,F (viabilidad T_v>F),honesto,6.20598e+06,5060.95,empírico DS-6; mejor ρ de la rejilla
empirico,0.33,0.5,0.324789,100000,0.5,10000,0.001,SI,0.1,1019,6.207e+06,F (viabilidad T_v>F),honesto,6.20598e+06,5060.95,empírico DS-6; mejor ρ de la rejilla
empirico,0.4,0.5,0.18577,100000,0.5,10000,0.001,SI,0.1,1019,6.207e+06,F (viabilidad T_v>F),honesto,6.20598e+06,5060.95,empírico DS-6; mejor ρ de la rejilla
empirico,0.2,0.5,0.584789,100000,0.5,10000,0.01,SI,0.1,1019,530520,F (viabilidad T_v>F),honesto,529501,5060.95,empírico DS-6; mejor ρ de la rejilla
empirico,0.25,0.5,0.484789,100000,0.5,10000,0.01,SI,0.1,1019,530520,F (viabilidad T_v>F),honesto,529501,5060.95,empírico DS-6; mejor ρ de la rejilla
empirico,0.33,0.5,0.324789,100000,0.5,10000,0.01,SI,0.1,1019,530520,F (viabilidad T_v>F),honesto,529501,5060.95,empírico DS-6; mejor ρ de la rejilla
empirico,0.4,0.5,0.18577,100000,0.5,10000,0.01,SI,0.1,1019,530520,F (viabilidad T_v>F),honesto,529501,5060.95,empírico DS-6; mejor ρ de la rejilla
empirico,0.2,0.5,0.584789,100000,0.5,10000,0.1,NO,NaN,NaN,NaN,—,—,-Inf,NaN,empírico DS-6; mejor ρ de la rejilla
empirico,0.25,0.5,0.484789,100000,0.5,10000,0.1,NO,NaN,NaN,NaN,—,—,-Inf,NaN,empírico DS-6; mejor ρ de la rejilla
empirico,0.33,0.5,0.324789,100000,0.5,10000,0.1,NO,NaN,NaN,NaN,—,—,-Inf,NaN,empírico DS-6; mejor ρ de la rejilla
empirico,0.4,0.5,0.18577,100000,0.5,10000,0.1,NO,NaN,NaN,NaN,—,—,-Inf,NaN,empírico DS-6; mejor ρ de la rejilla
empirico,0.2,0.5,0.584789,100000,1,20,0.0001,SI,0.1,1019,3.15357e+07,F (viabilidad T_v>F),honesto,3.15347e+07,131.9,empírico DS-6; mejor ρ de la rejilla
empirico,0.25,0.5,0.484789,100000,1,20,0.0001,SI,0.1,1019,3.15357e+07,F (viabilidad T_v>F),honesto,3.15347e+07,131.9,empírico DS-6; mejor ρ de la rejilla
empirico,0.33,0.5,0.324789,100000,1,20,0.0001,SI,0.1,1019,3.15357e+07,F (viabilidad T_v>F),honesto,3.15347e+07,131.9,empírico DS-6; mejor ρ de la rejilla
empirico,0.4,0.5,0.18577,100000,1,20,0.0001,SI,0.1,1899.38,3.15357e+07,A (disuasión),honesto,3.15338e+07,219.938,empírico DS-6; mejor ρ de la rejilla
empirico,0.2,0.5,0.584789,100000,1,20,0.001,SI,0.1,1019,3.1533e+06,F (viabilidad T_v>F),honesto,3.15228e+06,131.9,empírico DS-6; mejor ρ de la rejilla
empirico,0.25,0.5,0.484789,100000,1,20,0.001,SI,0.1,1019,3.1533e+06,F (viabilidad T_v>F),honesto,3.15228e+06,131.9,empírico DS-6; mejor ρ de la rejilla
empirico,0.33,0.5,0.324789,100000,1,20,0.001,SI,0.1,1019,3.1533e+06,F (viabilidad T_v>F),honesto,3.15228e+06,131.9,empírico DS-6; mejor ρ de la rejilla
empirico,0.4,0.5,0.18577,100000,1,20,0.001,SI,0.1,1899.38,3.1533e+06,A (disuasión),honesto,3.1514e+06,219.938,empírico DS-6; mejor ρ de la rejilla
empirico,0.2,0.5,0.584789,100000,1,20,0.01,SI,0.1,1019,315060,F (viabilidad T_v>F),honesto,314041,131.9,empírico DS-6; mejor ρ de la rejilla
empirico,0.25,0.5,0.484789,100000,1,20,0.01,SI,0.1,1019,315060,F (viabilidad T_v>F),honesto,314041,131.9,empírico DS-6; mejor ρ de la rejilla
empirico,0.33,0.5,0.324789,100000,1,20,0.01,SI,0.1,1019,315060,F (viabilidad T_v>F),honesto,314041,131.9,empírico DS-6; mejor ρ de la rejilla
empirico,0.4,0.5,0.18577,100000,1,20,0.01,SI,0.1,1899.38,315060,A (disuasión),honesto,313161,219.938,empírico DS-6; mejor ρ de la rejilla
empirico,0.2,0.5,0.584789,100000,1,20,0.1,SI,0.1,1019,31236,F (viabilidad T_v>F),honesto,30217,131.9,empírico DS-6; mejor ρ de la rejilla
empirico,0.25,0.5,0.484789,100000,1,20,0.1,SI,0.1,1019,31236,F (viabilidad T_v>F),honesto,30217,131.9,empírico DS-6; mejor ρ de la rejilla
empirico,0.33,0.5,0.324789,100000,1,20,0.1,SI,0.1,1019,31236,F (viabilidad T_v>F),honesto,30217,131.9,empírico DS-6; mejor ρ de la rejilla
empirico,0.4,0.5,0.18577,100000,1,20,0.1,SI,0.1,1899.38,31236,A (disuasión),honesto,29336.6,219.938,empírico DS-6; mejor ρ de la rejilla
empirico,0.2,0.5,0.584789,100000,1,100,0.0001,SI,0.1,1019,3.15349e+07,F (viabilidad T_v>F),honesto,3.15339e+07,211.9,empírico DS-6; mejor ρ de la rejilla
empirico,0.25,0.5,0.484789,100000,1,100,0.0001,SI,0.1,1019,3.15349e+07,F (viabilidad T_v>F),honesto,3.15339e+07,211.9,empírico DS-6; mejor ρ de la rejilla
empirico,0.33,0.5,0.324789,100000,1,100,0.0001,SI,0.1,1019,3.15349e+07,F (viabilidad T_v>F),honesto,3.15339e+07,211.9,empírico DS-6; mejor ρ de la rejilla
empirico,0.4,0.5,0.18577,100000,1,100,0.0001,SI,0.1,1106.2,3.15349e+07,A (disuasión),honesto,3.15338e+07,220.62,empírico DS-6; mejor ρ de la rejilla
empirico,0.2,0.5,0.584789,100000,1,100,0.001,SI,0.1,1019,3.1525e+06,F (viabilidad T_v>F),honesto,3.15148e+06,211.9,empírico DS-6; mejor ρ de la rejilla
empirico,0.25,0.5,0.484789,100000,1,100,0.001,SI,0.1,1019,3.1525e+06,F (viabilidad T_v>F),honesto,3.15148e+06,211.9,empírico DS-6; mejor ρ de la rejilla
empirico,0.33,0.5,0.324789,100000,1,100,0.001,SI,0.1,1019,3.1525e+06,F (viabilidad T_v>F),honesto,3.15148e+06,211.9,empírico DS-6; mejor ρ de la rejilla
empirico,0.4,0.5,0.18577,100000,1,100,0.001,SI,0.1,1106.2,3.1525e+06,A (disuasión),honesto,3.15139e+06,220.62,empírico DS-6; mejor ρ de la rejilla
empirico,0.2,0.5,0.584789,100000,1,100,0.01,SI,0.1,1019,314260,F (viabilidad T_v>F),honesto,313241,211.9,empírico DS-6; mejor ρ de la rejilla
empirico,0.25,0.5,0.484789,100000,1,100,0.01,SI,0.1,1019,314260,F (viabilidad T_v>F),honesto,313241,211.9,empírico DS-6; mejor ρ de la rejilla
empirico,0.33,0.5,0.324789,100000,1,100,0.01,SI,0.1,1019,314260,F (viabilidad T_v>F),honesto,313241,211.9,empírico DS-6; mejor ρ de la rejilla
empirico,0.4,0.5,0.18577,100000,1,100,0.01,SI,0.1,1106.2,314260,A (disuasión),honesto,313154,220.62,empírico DS-6; mejor ρ de la rejilla
empirico,0.2,0.5,0.584789,100000,1,100,0.1,SI,0.1,1019,30436,F (viabilidad T_v>F),honesto,29417,211.9,empírico DS-6; mejor ρ de la rejilla
empirico,0.25,0.5,0.484789,100000,1,100,0.1,SI,0.1,1019,30436,F (viabilidad T_v>F),honesto,29417,211.9,empírico DS-6; mejor ρ de la rejilla
empirico,0.33,0.5,0.324789,100000,1,100,0.1,SI,0.1,1019,30436,F (viabilidad T_v>F),honesto,29417,211.9,empírico DS-6; mejor ρ de la rejilla
empirico,0.4,0.5,0.18577,100000,1,100,0.1,SI,0.1,1106.2,30436,A (disuasión),honesto,29329.8,220.62,empírico DS-6; mejor ρ de la rejilla
empirico,0.2,0.5,0.584789,100000,1,1000,0.0001,SI,0.1,1019,3.15259e+07,F (viabilidad T_v>F),honesto,3.15249e+07,1111.9,empírico DS-6; mejor ρ de la rejilla
empirico,0.25,0.5,0.484789,100000,1,1000,0.0001,SI,0.1,1019,3.15259e+07,F (viabilidad T_v>F),honesto,3.15249e+07,1111.9,empírico DS-6; mejor ρ de la rejilla
empirico,0.33,0.5,0.324789,100000,1,1000,0.0001,SI,0.1,1019,3.15259e+07,F (viabilidad T_v>F),honesto,3.15249e+07,1111.9,empírico DS-6; mejor ρ de la rejilla
empirico,0.4,0.5,0.18577,100000,1,1000,0.0001,SI,0.1,1019,3.15259e+07,F (viabilidad T_v>F),honesto,3.15249e+07,1111.9,empírico DS-6; mejor ρ de la rejilla
empirico,0.2,0.5,0.584789,100000,1,1000,0.001,SI,0.1,1019,3.1435e+06,F (viabilidad T_v>F),honesto,3.14248e+06,1111.9,empírico DS-6; mejor ρ de la rejilla
empirico,0.25,0.5,0.484789,100000,1,1000,0.001,SI,0.1,1019,3.1435e+06,F (viabilidad T_v>F),honesto,3.14248e+06,1111.9,empírico DS-6; mejor ρ de la rejilla
empirico,0.33,0.5,0.324789,100000,1,1000,0.001,SI,0.1,1019,3.1435e+06,F (viabilidad T_v>F),honesto,3.14248e+06,1111.9,empírico DS-6; mejor ρ de la rejilla
empirico,0.4,0.5,0.18577,100000,1,1000,0.001,SI,0.1,1019,3.1435e+06,F (viabilidad T_v>F),honesto,3.14248e+06,1111.9,empírico DS-6; mejor ρ de la rejilla
empirico,0.2,0.5,0.584789,100000,1,1000,0.01,SI,0.1,1019,305260,F (viabilidad T_v>F),honesto,304241,1111.9,empírico DS-6; mejor ρ de la rejilla
empirico,0.25,0.5,0.484789,100000,1,1000,0.01,SI,0.1,1019,305260,F (viabilidad T_v>F),honesto,304241,1111.9,empírico DS-6; mejor ρ de la rejilla
empirico,0.33,0.5,0.324789,100000,1,1000,0.01,SI,0.1,1019,305260,F (viabilidad T_v>F),honesto,304241,1111.9,empírico DS-6; mejor ρ de la rejilla
empirico,0.4,0.5,0.18577,100000,1,1000,0.01,SI,0.1,1019,305260,F (viabilidad T_v>F),honesto,304241,1111.9,empírico DS-6; mejor ρ de la rejilla
empirico,0.2,0.5,0.584789,100000,1,1000,0.1,SI,0.1,1019,21436,F (viabilidad T_v>F),honesto,20417,1111.9,empírico DS-6; mejor ρ de la rejilla
empirico,0.25,0.5,0.484789,100000,1,1000,0.1,SI,0.1,1019,21436,F (viabilidad T_v>F),honesto,20417,1111.9,empírico DS-6; mejor ρ de la rejilla
empirico,0.33,0.5,0.324789,100000,1,1000,0.1,SI,0.1,1019,21436,F (viabilidad T_v>F),honesto,20417,1111.9,empírico DS-6; mejor ρ de la rejilla
empirico,0.4,0.5,0.18577,100000,1,1000,0.1,SI,0.1,1019,21436,F (viabilidad T_v>F),honesto,20417,1111.9,empírico DS-6; mejor ρ de la rejilla
empirico,0.2,0.5,0.584789,100000,1,10000,0.0001,SI,0.1,1019,3.14359e+07,F (viabilidad T_v>F),honesto,3.14349e+07,10111.9,empírico DS-6; mejor ρ de la rejilla
empirico,0.25,0.5,0.484789,100000,1,10000,0.0001,SI,0.1,1019,3.14359e+07,F (viabilidad T_v>F),honesto,3.14349e+07,10111.9,empírico DS-6; mejor ρ de la rejilla
empirico,0.33,0.5,0.324789,100000,1,10000,0.0001,SI,0.1,1019,3.14359e+07,F (viabilidad T_v>F),honesto,3.14349e+07,10111.9,empírico DS-6; mejor ρ de la rejilla
empirico,0.4,0.5,0.18577,100000,1,10000,0.0001,SI,0.1,1019,3.14359e+07,F (viabilidad T_v>F),honesto,3.14349e+07,10111.9,empírico DS-6; mejor ρ de la rejilla
empirico,0.2,0.5,0.584789,100000,1,10000,0.001,SI,0.1,1019,3.0535e+06,F (viabilidad T_v>F),honesto,3.05248e+06,10111.9,empírico DS-6; mejor ρ de la rejilla
empirico,0.25,0.5,0.484789,100000,1,10000,0.001,SI,0.1,1019,3.0535e+06,F (viabilidad T_v>F),honesto,3.05248e+06,10111.9,empírico DS-6; mejor ρ de la rejilla
empirico,0.33,0.5,0.324789,100000,1,10000,0.001,SI,0.1,1019,3.0535e+06,F (viabilidad T_v>F),honesto,3.05248e+06,10111.9,empírico DS-6; mejor ρ de la rejilla
empirico,0.4,0.5,0.18577,100000,1,10000,0.001,SI,0.1,1019,3.0535e+06,F (viabilidad T_v>F),honesto,3.05248e+06,10111.9,empírico DS-6; mejor ρ de la rejilla
empirico,0.2,0.5,0.584789,100000,1,10000,0.01,SI,0.1,1019,215260,F (viabilidad T_v>F),honesto,214241,10111.9,empírico DS-6; mejor ρ de la rejilla
empirico,0.25,0.5,0.484789,100000,1,10000,0.01,SI,0.1,1019,215260,F (viabilidad T_v>F),honesto,214241,10111.9,empírico DS-6; mejor ρ de la rejilla
empirico,0.33,0.5,0.324789,100000,1,10000,0.01,SI,0.1,1019,215260,F (viabilidad T_v>F),honesto,214241,10111.9,empírico DS-6; mejor ρ de la rejilla
empirico,0.4,0.5,0.18577,100000,1,10000,0.01,SI,0.1,1019,215260,F (viabilidad T_v>F),honesto,214241,10111.9,empírico DS-6; mejor ρ de la rejilla
empirico,0.2,0.5,0.584789,100000,1,10000,0.1,NO,NaN,NaN,NaN,—,—,-Inf,NaN,empírico DS-6; mejor ρ de la rejilla
empirico,0.25,0.5,0.484789,100000,1,10000,0.1,NO,NaN,NaN,NaN,—,—,-Inf,NaN,empírico DS-6; mejor ρ de la rejilla
empirico,0.33,0.5,0.324789,100000,1,10000,0.1,NO,NaN,NaN,NaN,—,—,-Inf,NaN,empírico DS-6; mejor ρ de la rejilla
empirico,0.4,0.5,0.18577,100000,1,10000,0.1,NO,NaN,NaN,NaN,—,—,-Inf,NaN,empírico DS-6; mejor ρ de la rejilla
empirico,0.2,0.5,0.584789,1e+06,0.25,20,0.0001,SI,0.1,27288.8,1.26143e+08,A (disuasión),honesto,1.26116e+08,697.22,empírico DS-6; mejor ρ de la rejilla
empirico,0.25,0.5,0.484789,1e+06,0.25,20,0.0001,SI,0.1,33041.3,1.26143e+08,A (disuasión),honesto,1.2611e+08,841.034,empírico DS-6; mejor ρ de la rejilla
empirico,0.33,0.5,0.324789,1e+06,0.25,20,0.0001,SI,0.1,49613.5,1.26143e+08,A (disuasión),honesto,1.26094e+08,1255.34,empírico DS-6; mejor ρ de la rejilla
empirico,0.4,0.5,0.18577,1e+06,0.25,20,0.0001,SI,0.1,87188.4,1.26143e+08,A (disuasión),honesto,1.26056e+08,2194.71,empírico DS-6; mejor ρ de la rejilla
empirico,0.2,0.5,0.584789,1e+06,0.25,20,0.001,SI,0.1,27288.8,1.26138e+07,A (disuasión),honesto,1.25865e+07,697.22,empírico DS-6; mejor ρ de la rejilla
empirico,0.25,0.5,0.484789,1e+06,0.25,20,0.001,SI,0.1,33041.3,1.26138e+07,A (disuasión),honesto,1.25808e+07,841.033,empírico DS-6; mejor ρ de la rejilla
empirico,0.33,0.5,0.324789,1e+06,0.25,20,0.001,SI,0.1,49613.6,1.26138e+07,A (disuasión),honesto,1.25642e+07,1255.34,empírico DS-6; mejor ρ de la rejilla
empirico,0.4,0.5,0.18577,1e+06,0.25,20,0.001,SI,0.1,87188.3,1.26138e+07,A (disuasión),honesto,1.25266e+07,2194.71,empírico DS-6; mejor ρ de la rejilla
empirico,0.2,0.5,0.584789,1e+06,0.25,20,0.01,SI,0.1,27288.8,1.26084e+06,A (disuasión),honesto,1.23355e+06,697.22,empírico DS-6; mejor ρ de la rejilla
empirico,0.25,0.5,0.484789,1e+06,0.25,20,0.01,SI,0.1,33041.3,1.26084e+06,A (disuasión),honesto,1.2278e+06,841.033,empírico DS-6; mejor ρ de la rejilla
empirico,0.33,0.5,0.324789,1e+06,0.25,20,0.01,SI,0.1,49613.5,1.26084e+06,A (disuasión),honesto,1.21123e+06,1255.34,empírico DS-6; mejor ρ de la rejilla
empirico,0.4,0.5,0.18577,1e+06,0.25,20,0.01,SI,0.1,87188.4,1.26084e+06,A (disuasión),honesto,1.17365e+06,2194.71,empírico DS-6; mejor ρ de la rejilla
empirico,0.2,0.5,0.584789,1e+06,0.25,20,0.1,SI,0.1,27288.8,125544,A (disuasión),honesto,98255.2,697.22,empírico DS-6; mejor ρ de la rejilla
empirico,0.25,0.5,0.484789,1e+06,0.25,20,0.1,SI,0.1,33041.3,125544,A (disuasión),honesto,92502.7,841.033,empírico DS-6; mejor ρ de la rejilla
empirico,0.33,0.5,0.324789,1e+06,0.25,20,0.1,SI,0.1,49613.5,125544,A (disuasión),honesto,75930.5,1255.34,empírico DS-6; mejor ρ de la rejilla
empirico,0.4,0.5,0.18577,1e+06,0.25,20,0.1,SI,0.1,87188.4,125544,A (disuasión),honesto,38355.6,2194.71,empírico DS-6; mejor ρ de la rejilla
empirico,0.2,0.5,0.584789,1e+06,0.25,100,0.0001,SI,0.1,26489.1,1.26143e+08,A (disuasión),honesto,1.26116e+08,697.229,empírico DS-6; mejor ρ de la rejilla
empirico,0.25,0.5,0.484789,1e+06,0.25,100,0.0001,SI,0.1,32241.5,1.26143e+08,A (disuasión),honesto,1.2611e+08,841.037,empírico DS-6; mejor ρ de la rejilla
empirico,0.33,0.5,0.324789,1e+06,0.25,100,0.0001,SI,0.1,48813.7,1.26143e+08,A (disuasión),honesto,1.26094e+08,1255.34,empírico DS-6; mejor ρ de la rejilla
empirico,0.4,0.5,0.18577,1e+06,0.25,100,0.0001,SI,0.1,86388.4,1.26143e+08,A (disuasión),honesto,1.26056e+08,2194.71,empírico DS-6; mejor ρ de la rejilla
empirico,0.2,0.5,0.584789,1e+06,0.25,100,0.001,SI,0.1,26489.2,1.2613e+07,A (disuasión),honesto,1.25865e+07,697.229,empírico DS-6; mejor ρ de la rejilla
empirico,0.25,0.5,0.484789,1e+06,0.25,100,0.001,SI,0.1,32241.5,1.2613e+07,A (disuasión),honesto,1.25808e+07,841.038,empírico DS-6; mejor ρ de la rejilla
empirico,0.33,0.5,0.324789,1e+06,0.25,100,0.001,SI,0.1,48813.7,1.2613e+07,A (disuasión),honesto,1.25642e+07,1255.34,empírico DS-6; mejor ρ de la rejilla
empirico,0.4,0.5,0.18577,1e+06,0.25,100,0.001,SI,0.1,86388.3,1.2613e+07,A (disuasión),honesto,1.25266e+07,2194.71,empírico DS-6; mejor ρ de la rejilla
empirico,0.2,0.5,0.584789,1e+06,0.25,100,0.01,SI,0.1,26489.2,1.26004e+06,A (disuasión),honesto,1.23355e+06,697.229,empírico DS-6; mejor ρ de la rejilla
empirico,0.25,0.5,0.484789,1e+06,0.25,100,0.01,SI,0.1,32241.5,1.26004e+06,A (disuasión),honesto,1.2278e+06,841.038,empírico DS-6; mejor ρ de la rejilla
empirico,0.33,0.5,0.324789,1e+06,0.25,100,0.01,SI,0.1,48813.7,1.26004e+06,A (disuasión),honesto,1.21123e+06,1255.34,empírico DS-6; mejor ρ de la rejilla
empirico,0.4,0.5,0.18577,1e+06,0.25,100,0.01,SI,0.1,86388.4,1.26004e+06,A (disuasión),honesto,1.17365e+06,2194.71,empírico DS-6; mejor ρ de la rejilla
empirico,0.2,0.5,0.584789,1e+06,0.25,100,0.1,SI,0.1,26489.1,124744,A (disuasión),honesto,98254.9,697.229,empírico DS-6; mejor ρ de la rejilla
empirico,0.25,0.5,0.484789,1e+06,0.25,100,0.1,SI,0.1,32241.5,124744,A (disuasión),honesto,92502.5,841.038,empírico DS-6; mejor ρ de la rejilla
empirico,0.33,0.5,0.324789,1e+06,0.25,100,0.1,SI,0.1,48813.7,124744,A (disuasión),honesto,75930.3,1255.34,empírico DS-6; mejor ρ de la rejilla
empirico,0.4,0.5,0.18577,1e+06,0.25,100,0.1,SI,0.1,86388.4,124744,A (disuasión),honesto,38355.6,2194.71,empírico DS-6; mejor ρ de la rejilla
empirico,0.2,0.5,0.584789,1e+06,0.25,1000,0.0001,SI,0.1,17492.4,1.26134e+08,A (disuasión),honesto,1.26116e+08,697.311,empírico DS-6; mejor ρ de la rejilla
empirico,0.25,0.5,0.484789,1e+06,0.25,1000,0.0001,SI,0.1,23244.7,1.26134e+08,A (disuasión),honesto,1.2611e+08,841.118,empírico DS-6; mejor ρ de la rejilla
empirico,0.33,0.5,0.324789,1e+06,0.25,1000,0.0001,SI,0.1,39815.5,1.26134e+08,A (disuasión),honesto,1.26094e+08,1255.39,empírico DS-6; mejor ρ de la rejilla
empirico,0.4,0.5,0.18577,1e+06,0.25,1000,0.0001,SI,0.1,77389.6,1.26134e+08,A (disuasión),honesto,1.26056e+08,2194.74,empírico DS-6; mejor ρ de la rejilla
empirico,0.2,0.5,0.584789,1e+06,0.25,1000,0.001,SI,0.1,17492.4,1.2604e+07,A (disuasión),honesto,1.25865e+07,697.311,empírico DS-6; mejor ρ de la rejilla
empirico,0.25,0.5,0.484789,1e+06,0.25,1000,0.001,SI,0.1,23244.7,1.2604e+07,A (disuasión),honesto,1.25808e+07,841.118,empírico DS-6; mejor ρ de la rejilla
empirico,0.33,0.5,0.324789,1e+06,0.25,1000,0.001,SI,0.1,39815.5,1.2604e+07,A (disuasión),honesto,1.25642e+07,1255.39,empírico DS-6; mejor ρ de la rejilla
empirico,0.4,0.5,0.18577,1e+06,0.25,1000,0.001,SI,0.1,77389.6,1.2604e+07,A (disuasión),honesto,1.25266e+07,2194.74,empírico DS-6; mejor ρ de la rejilla
empirico,0.2,0.5,0.584789,1e+06,0.25,1000,0.01,SI,0.1,17492.4,1.25104e+06,A (disuasión),honesto,1.23355e+06,697.311,empírico DS-6; mejor ρ de la rejilla
empirico,0.25,0.5,0.484789,1e+06,0.25,1000,0.01,SI,0.1,23244.7,1.25104e+06,A (disuasión),honesto,1.2278e+06,841.118,empírico DS-6; mejor ρ de la rejilla
empirico,0.33,0.5,0.324789,1e+06,0.25,1000,0.01,SI,0.1,39815.5,1.25104e+06,A (disuasión),honesto,1.21122e+06,1255.39,empírico DS-6; mejor ρ de la rejilla
empirico,0.4,0.5,0.18577,1e+06,0.25,1000,0.01,SI,0.1,77389.6,1.25104e+06,A (disuasión),honesto,1.17365e+06,2194.74,empírico DS-6; mejor ρ de la rejilla
empirico,0.2,0.5,0.584789,1e+06,0.25,1000,0.1,SI,0.1,17492.4,115744,A (disuasión),honesto,98251.6,697.311,empírico DS-6; mejor ρ de la rejilla
empirico,0.25,0.5,0.484789,1e+06,0.25,1000,0.1,SI,0.1,23244.7,115744,A (disuasión),honesto,92499.3,841.118,empírico DS-6; mejor ρ de la rejilla
empirico,0.33,0.5,0.324789,1e+06,0.25,1000,0.1,SI,0.1,39815.5,115744,A (disuasión),honesto,75928.5,1255.39,empírico DS-6; mejor ρ de la rejilla
empirico,0.4,0.5,0.18577,1e+06,0.25,1000,0.1,SI,0.1,77389.6,115744,A (disuasión),honesto,38354.4,2194.74,empírico DS-6; mejor ρ de la rejilla
empirico,0.2,0.5,0.584789,1e+06,0.25,10000,0.0001,SI,0.1,1019,1.26044e+08,F (viabilidad T_v>F),honesto,1.26043e+08,2535.47,empírico DS-6; mejor ρ de la rejilla
empirico,0.25,0.5,0.484789,1e+06,0.25,10000,0.0001,SI,0.1,1019,1.26044e+08,F (viabilidad T_v>F),honesto,1.26043e+08,2535.47,empírico DS-6; mejor ρ de la rejilla
empirico,0.33,0.5,0.324789,1e+06,0.25,10000,0.0001,SI,0.1,1019,1.26044e+08,F (viabilidad T_v>F),honesto,1.26043e+08,2535.47,empírico DS-6; mejor ρ de la rejilla
empirico,0.4,0.5,0.18577,1e+06,0.25,10000,0.0001,SI,0.1,1019,1.26044e+08,F (viabilidad T_v>F),honesto,1.26043e+08,2535.47,empírico DS-6; mejor ρ de la rejilla
empirico,0.2,0.5,0.584789,1e+06,0.25,10000,0.001,SI,0.1,1019,1.2514e+07,F (viabilidad T_v>F),honesto,1.2513e+07,2535.47,empírico DS-6; mejor ρ de la rejilla
empirico,0.25,0.5,0.484789,1e+06,0.25,10000,0.001,SI,0.1,1019,1.2514e+07,F (viabilidad T_v>F),honesto,1.2513e+07,2535.47,empírico DS-6; mejor ρ de la rejilla
empirico,0.33,0.5,0.324789,1e+06,0.25,10000,0.001,SI,0.1,1019,1.2514e+07,F (viabilidad T_v>F),honesto,1.2513e+07,2535.47,empírico DS-6; mejor ρ de la rejilla
empirico,0.4,0.5,0.18577,1e+06,0.25,10000,0.001,SI,0.1,1019,1.2514e+07,F (viabilidad T_v>F),honesto,1.2513e+07,2535.47,empírico DS-6; mejor ρ de la rejilla
empirico,0.2,0.5,0.584789,1e+06,0.25,10000,0.01,SI,0.1,1019,1.16104e+06,F (viabilidad T_v>F),honesto,1.16002e+06,2535.47,empírico DS-6; mejor ρ de la rejilla
empirico,0.25,0.5,0.484789,1e+06,0.25,10000,0.01,SI,0.1,1019,1.16104e+06,F (viabilidad T_v>F),honesto,1.16002e+06,2535.47,empírico DS-6; mejor ρ de la rejilla
empirico,0.33,0.5,0.324789,1e+06,0.25,10000,0.01,SI,0.1,1019,1.16104e+06,F (viabilidad T_v>F),honesto,1.16002e+06,2535.47,empírico DS-6; mejor ρ de la rejilla
empirico,0.4,0.5,0.18577,1e+06,0.25,10000,0.01,SI,0.1,1019,1.16104e+06,F (viabilidad T_v>F),honesto,1.16002e+06,2535.47,empírico DS-6; mejor ρ de la rejilla
empirico,0.2,0.5,0.584789,1e+06,0.25,10000,0.1,SI,0.1,1019,25744,F (viabilidad T_v>F),honesto,24725,2535.47,empírico DS-6; mejor ρ de la rejilla
empirico,0.25,0.5,0.484789,1e+06,0.25,10000,0.1,SI,0.1,1019,25744,F (viabilidad T_v>F),honesto,24725,2535.47,empírico DS-6; mejor ρ de la rejilla
empirico,0.33,0.5,0.324789,1e+06,0.25,10000,0.1,SI,0.1,1019,25744,F (viabilidad T_v>F),honesto,24725,2535.47,empírico DS-6; mejor ρ de la rejilla
empirico,0.4,0.5,0.18577,1e+06,0.25,10000,0.1,SI,0.1,1019,25744,F (viabilidad T_v>F),honesto,24725,2535.47,empírico DS-6; mejor ρ de la rejilla
empirico,0.2,0.5,0.584789,1e+06,0.5,20,0.0001,SI,0.1,13544.5,6.30716e+07,A (disuasión),honesto,6.30581e+07,697.223,empírico DS-6; mejor ρ de la rejilla
empirico,0.25,0.5,0.484789,1e+06,0.5,20,0.0001,SI,0.1,16420.7,6.30716e+07,A (disuasión),honesto,6.30552e+07,841.033,empírico DS-6; mejor ρ de la rejilla
empirico,0.33,0.5,0.324789,1e+06,0.5,20,0.0001,SI,0.1,24706.8,6.30716e+07,A (disuasión),honesto,6.30469e+07,1255.34,empírico DS-6; mejor ρ de la rejilla
empirico,0.4,0.5,0.18577,1e+06,0.5,20,0.0001,SI,0.1,43494.2,6.30716e+07,A (disuasión),honesto,6.30281e+07,2194.71,empírico DS-6; mejor ρ de la rejilla
empirico,0.2,0.5,0.584789,1e+06,0.5,20,0.001,SI,0.1,13544.5,6.3068e+06,A (disuasión),honesto,6.29326e+06,697.224,empírico DS-6; mejor ρ de la rejilla
empirico,0.25,0.5,0.484789,1e+06,0.5,20,0.001,SI,0.1,16420.7,6.3068e+06,A (disuasión),honesto,6.29038e+06,841.033,empírico DS-6; mejor ρ de la rejilla
empirico,0.33,0.5,0.324789,1e+06,0.5,20,0.001,SI,0.1,24706.8,6.3068e+06,A (disuasión),honesto,6.28209e+06,1255.34,empírico DS-6; mejor ρ de la rejilla
empirico,0.4,0.5,0.18577,1e+06,0.5,20,0.001,SI,0.1,43494.2,6.3068e+06,A (disuasión),honesto,6.26331e+06,2194.71,empírico DS-6; mejor ρ de la rejilla
empirico,0.2,0.5,0.584789,1e+06,0.5,20,0.01,SI,0.1,13544.5,630320,A (disuasión),honesto,616776,697.223,empírico DS-6; mejor ρ de la rejilla
empirico,0.25,0.5,0.484789,1e+06,0.5,20,0.01,SI,0.1,16420.7,630320,A (disuasión),honesto,613899,841.033,empírico DS-6; mejor ρ de la rejilla
empirico,0.33,0.5,0.324789,1e+06,0.5,20,0.01,SI,0.1,24706.8,630320,A (disuasión),honesto,605613,1255.34,empírico DS-6; mejor ρ de la rejilla
empirico,0.4,0.5,0.18577,1e+06,0.5,20,0.01,SI,0.1,43494.2,630320,A (disuasión),honesto,586826,2194.71,empírico DS-6; mejor ρ de la rejilla
empirico,0.2,0.5,0.584789,1e+06,0.5,20,0.1,SI,0.1,13544.5,62672,A (disuasión),honesto,49127.5,697.223,empírico DS-6; mejor ρ de la rejilla
empirico,0.25,0.5,0.484789,1e+06,0.5,20,0.1,SI,0.1,16420.7,62672,A (disuasión),honesto,46251.3,841.033,empírico DS-6; mejor ρ de la rejilla
empirico,0.33,0.5,0.324789,1e+06,0.5,20,0.1,SI,0.1,24706.8,62672,A (disuasión),honesto,37965.2,1255.34,empírico DS-6; mejor ρ de la rejilla
empirico,0.4,0.5,0.18577,1e+06,0.5,20,0.1,SI,0.1,43494.2,62672,A (disuasión),honesto,19177.8,2194.71,empírico DS-6; mejor ρ de la rejilla
empirico,0.2,0.5,0.584789,1e+06,0.5,100,0.0001,SI,0.1,12744.6,6.30708e+07,A (disuasión),honesto,6.30581e+07,697.232,empírico DS-6; mejor ρ de la rejilla
empirico,0.25,0.5,0.484789,1e+06,0.5,100,0.0001,SI,0.1,15620.8,6.30708e+07,A (disuasión),honesto,6.30552e+07,841.042,empírico DS-6; mejor ρ de la rejilla
empirico,0.33,0.5,0.324789,1e+06,0.5,100,0.0001,SI,0.1,23906.8,6.30708e+07,A (disuasión),honesto,6.30469e+07,1255.34,empírico DS-6; mejor ρ de la rejilla
empirico,0.4,0.5,0.18577,1e+06,0.5,100,0.0001,SI,0.1,42694.2,6.30708e+07,A (disuasión),honesto,6.30281e+07,2194.71,empírico DS-6; mejor ρ de la rejilla
empirico,0.2,0.5,0.584789,1e+06,0.5,100,0.001,SI,0.1,12744.6,6.306e+06,A (disuasión),honesto,6.29326e+06,697.232,empírico DS-6; mejor ρ de la rejilla
empirico,0.25,0.5,0.484789,1e+06,0.5,100,0.001,SI,0.1,15620.8,6.306e+06,A (disuasión),honesto,6.29038e+06,841.042,empírico DS-6; mejor ρ de la rejilla
empirico,0.33,0.5,0.324789,1e+06,0.5,100,0.001,SI,0.1,23906.8,6.306e+06,A (disuasión),honesto,6.28209e+06,1255.34,empírico DS-6; mejor ρ de la rejilla
empirico,0.4,0.5,0.18577,1e+06,0.5,100,0.001,SI,0.1,42694.2,6.306e+06,A (disuasión),honesto,6.26331e+06,2194.71,empírico DS-6; mejor ρ de la rejilla
empirico,0.2,0.5,0.584789,1e+06,0.5,100,0.01,SI,0.1,12744.7,629520,A (disuasión),honesto,616775,697.233,empírico DS-6; mejor ρ de la rejilla
empirico,0.25,0.5,0.484789,1e+06,0.5,100,0.01,SI,0.1,15620.8,629520,A (disuasión),honesto,613899,841.042,empírico DS-6; mejor ρ de la rejilla
empirico,0.33,0.5,0.324789,1e+06,0.5,100,0.01,SI,0.1,23906.8,629520,A (disuasión),honesto,605613,1255.34,empírico DS-6; mejor ρ de la rejilla
empirico,0.4,0.5,0.18577,1e+06,0.5,100,0.01,SI,0.1,42694.2,629520,A (disuasión),honesto,586826,2194.71,empírico DS-6; mejor ρ de la rejilla
empirico,0.2,0.5,0.584789,1e+06,0.5,100,0.1,SI,0.1,12744.6,61872,A (disuasión),honesto,49127.4,697.232,empírico DS-6; mejor ρ de la rejilla
empirico,0.25,0.5,0.484789,1e+06,0.5,100,0.1,SI,0.1,15620.8,61872,A (disuasión),honesto,46251.2,841.042,empírico DS-6; mejor ρ de la rejilla
empirico,0.33,0.5,0.324789,1e+06,0.5,100,0.1,SI,0.1,23906.8,61872,A (disuasión),honesto,37965.2,1255.34,empírico DS-6; mejor ρ de la rejilla
empirico,0.4,0.5,0.18577,1e+06,0.5,100,0.1,SI,0.1,42694.2,61872,A (disuasión),honesto,19177.8,2194.71,empírico DS-6; mejor ρ de la rejilla
empirico,0.2,0.5,0.584789,1e+06,0.5,1000,0.0001,SI,0.1,3752.32,6.30618e+07,A (disuasión),honesto,6.3058e+07,697.616,empírico DS-6; mejor ρ de la rejilla
empirico,0.25,0.5,0.484789,1e+06,0.5,1000,0.0001,SI,0.1,6625.58,6.30618e+07,A (disuasión),honesto,6.30552e+07,841.279,empírico DS-6; mejor ρ de la rejilla
empirico,0.33,0.5,0.324789,1e+06,0.5,1000,0.0001,SI,0.1,14909.6,6.30618e+07,A (disuasión),honesto,6.30469e+07,1255.48,empírico DS-6; mejor ρ de la rejilla
empirico,0.4,0.5,0.18577,1e+06,0.5,1000,0.0001,SI,0.1,33696.2,6.30618e+07,A (disuasión),honesto,6.30281e+07,2194.81,empírico DS-6; mejor ρ de la rejilla
empirico,0.2,0.5,0.584789,1e+06,0.5,1000,0.001,SI,0.1,3752.32,6.297e+06,A (disuasión),honesto,6.29325e+06,697.616,empírico DS-6; mejor ρ de la rejilla
empirico,0.25,0.5,0.484789,1e+06,0.5,1000,0.001,SI,0.1,6625.58,6.297e+06,A (disuasión),honesto,6.29037e+06,841.279,empírico DS-6; mejor ρ de la rejilla
empirico,0.33,0.5,0.324789,1e+06,0.5,1000,0.001,SI,0.1,14909.6,6.297e+06,A (disuasión),honesto,6.28209e+06,1255.48,empírico DS-6; mejor ρ de la rejilla
empirico,0.4,0.5,0.18577,1e+06,0.5,1000,0.001,SI,0.1,33696.2,6.297e+06,A (disuasión),honesto,6.2633e+06,2194.81,empírico DS-6; mejor ρ de la rejilla
empirico,0.2,0.5,0.584789,1e+06,0.5,1000,0.01,SI,0.1,3752.31,620520,A (disuasión),honesto,616768,697.616,empírico DS-6; mejor ρ de la rejilla
empirico,0.25,0.5,0.484789,1e+06,0.5,1000,0.01,SI,0.1,6625.58,620520,A (disuasión),honesto,613894,841.279,empírico DS-6; mejor ρ de la rejilla
empirico,0.33,0.5,0.324789,1e+06,0.5,1000,0.01,SI,0.1,14909.6,620520,A (disuasión),honesto,605610,1255.48,empírico DS-6; mejor ρ de la rejilla
empirico,0.4,0.5,0.18577,1e+06,0.5,1000,0.01,SI,0.1,33696.2,620520,A (disuasión),honesto,586824,2194.81,empírico DS-6; mejor ρ de la rejilla
empirico,0.2,0.5,0.584789,1e+06,0.5,1000,0.1,SI,0.1,3752.31,52872,A (disuasión),honesto,49119.7,697.616,empírico DS-6; mejor ρ de la rejilla
empirico,0.25,0.5,0.484789,1e+06,0.5,1000,0.1,SI,0.1,6625.59,52872,A (disuasión),honesto,46246.4,841.279,empírico DS-6; mejor ρ de la rejilla
empirico,0.33,0.5,0.324789,1e+06,0.5,1000,0.1,SI,0.1,14909.6,52872,A (disuasión),honesto,37962.4,1255.48,empírico DS-6; mejor ρ de la rejilla
empirico,0.4,0.5,0.18577,1e+06,0.5,1000,0.1,SI,0.1,33696.2,52872,A (disuasión),honesto,19175.8,2194.81,empírico DS-6; mejor ρ de la rejilla
empirico,0.2,0.5,0.584789,1e+06,0.5,10000,0.0001,SI,0.1,1019,6.29718e+07,F (viabilidad T_v>F),honesto,6.29708e+07,5060.95,empírico DS-6; mejor ρ de la rejilla
empirico,0.25,0.5,0.484789,1e+06,0.5,10000,0.0001,SI,0.1,1019,6.29718e+07,F (viabilidad T_v>F),honesto,6.29708e+07,5060.95,empírico DS-6; mejor ρ de la rejilla
empirico,0.33,0.5,0.324789,1e+06,0.5,10000,0.0001,SI,0.1,1019,6.29718e+07,F (viabilidad T_v>F),honesto,6.29708e+07,5060.95,empírico DS-6; mejor ρ de la rejilla
empirico,0.4,0.5,0.18577,1e+06,0.5,10000,0.0001,SI,0.1,1019,6.29718e+07,F (viabilidad T_v>F),honesto,6.29708e+07,5060.95,empírico DS-6; mejor ρ de la rejilla
empirico,0.2,0.5,0.584789,1e+06,0.5,10000,0.001,SI,0.1,1019,6.207e+06,F (viabilidad T_v>F),honesto,6.20598e+06,5060.95,empírico DS-6; mejor ρ de la rejilla
empirico,0.25,0.5,0.484789,1e+06,0.5,10000,0.001,SI,0.1,1019,6.207e+06,F (viabilidad T_v>F),honesto,6.20598e+06,5060.95,empírico DS-6; mejor ρ de la rejilla
empirico,0.33,0.5,0.324789,1e+06,0.5,10000,0.001,SI,0.1,1019,6.207e+06,F (viabilidad T_v>F),honesto,6.20598e+06,5060.95,empírico DS-6; mejor ρ de la rejilla
empirico,0.4,0.5,0.18577,1e+06,0.5,10000,0.001,SI,0.1,1019,6.207e+06,F (viabilidad T_v>F),honesto,6.20598e+06,5060.95,empírico DS-6; mejor ρ de la rejilla
empirico,0.2,0.5,0.584789,1e+06,0.5,10000,0.01,SI,0.1,1019,530520,F (viabilidad T_v>F),honesto,529501,5060.95,empírico DS-6; mejor ρ de la rejilla
empirico,0.25,0.5,0.484789,1e+06,0.5,10000,0.01,SI,0.1,1019,530520,F (viabilidad T_v>F),honesto,529501,5060.95,empírico DS-6; mejor ρ de la rejilla
empirico,0.33,0.5,0.324789,1e+06,0.5,10000,0.01,SI,0.1,1019,530520,F (viabilidad T_v>F),honesto,529501,5060.95,empírico DS-6; mejor ρ de la rejilla
empirico,0.4,0.5,0.18577,1e+06,0.5,10000,0.01,SI,0.1,1019,530520,F (viabilidad T_v>F),honesto,529501,5060.95,empírico DS-6; mejor ρ de la rejilla
empirico,0.2,0.5,0.584789,1e+06,0.5,10000,0.1,NO,NaN,NaN,NaN,—,—,-Inf,NaN,empírico DS-6; mejor ρ de la rejilla
empirico,0.25,0.5,0.484789,1e+06,0.5,10000,0.1,NO,NaN,NaN,NaN,—,—,-Inf,NaN,empírico DS-6; mejor ρ de la rejilla
empirico,0.33,0.5,0.324789,1e+06,0.5,10000,0.1,NO,NaN,NaN,NaN,—,—,-Inf,NaN,empírico DS-6; mejor ρ de la rejilla
empirico,0.4,0.5,0.18577,1e+06,0.5,10000,0.1,NO,NaN,NaN,NaN,—,—,-Inf,NaN,empírico DS-6; mejor ρ de la rejilla
empirico,0.2,0.5,0.584789,1e+06,1,20,0.0001,SI,0.1,6672.25,3.15357e+07,A (disuasión),honesto,3.1529e+07,697.225,empírico DS-6; mejor ρ de la rejilla
empirico,0.25,0.5,0.484789,1e+06,1,20,0.0001,SI,0.1,8110.33,3.15357e+07,A (disuasión),honesto,3.15276e+07,841.033,empírico DS-6; mejor ρ de la rejilla
empirico,0.33,0.5,0.324789,1e+06,1,20,0.0001,SI,0.1,12253.4,3.15357e+07,A (disuasión),honesto,3.15234e+07,1255.34,empírico DS-6; mejor ρ de la rejilla
empirico,0.4,0.5,0.18577,1e+06,1,20,0.0001,SI,0.1,21647.1,3.15357e+07,A (disuasión),honesto,3.15141e+07,2194.71,empírico DS-6; mejor ρ de la rejilla
empirico,0.2,0.5,0.584789,1e+06,1,20,0.001,SI,0.1,6672.25,3.1533e+06,A (disuasión),honesto,3.14663e+06,697.225,empírico DS-6; mejor ρ de la rejilla
empirico,0.25,0.5,0.484789,1e+06,1,20,0.001,SI,0.1,8110.33,3.1533e+06,A (disuasión),honesto,3.14519e+06,841.033,empírico DS-6; mejor ρ de la rejilla
empirico,0.33,0.5,0.324789,1e+06,1,20,0.001,SI,0.1,12253.4,3.1533e+06,A (disuasión),honesto,3.14105e+06,1255.34,empírico DS-6; mejor ρ de la rejilla
empirico,0.4,0.5,0.18577,1e+06,1,20,0.001,SI,0.1,21647.1,3.1533e+06,A (disuasión),honesto,3.13165e+06,2194.71,empírico DS-6; mejor ρ de la rejilla
empirico,0.2,0.5,0.584789,1e+06,1,20,0.01,SI,0.1,6672.25,315060,A (disuasión),honesto,308388,697.225,empírico DS-6; mejor ρ de la rejilla
empirico,0.25,0.5,0.484789,1e+06,1,20,0.01,SI,0.1,8110.33,315060,A (disuasión),honesto,306950,841.033,empírico DS-6; mejor ρ de la rejilla
empirico,0.33,0.5,0.324789,1e+06,1,20,0.01,SI,0.1,12253.4,315060,A (disuasión),honesto,302807,1255.34,empírico DS-6; mejor ρ de la rejilla
empirico,0.4,0.5,0.18577,1e+06,1,20,0.01,SI,0.1,21647.1,315060,A (disuasión),honesto,293413,2194.71,empírico DS-6; mejor ρ de la rejilla
empirico,0.2,0.5,0.584789,1e+06,1,20,0.1,SI,0.1,6672.25,31236,A (disuasión),honesto,24563.8,697.225,empírico DS-6; mejor ρ de la rejilla
empirico,0.25,0.5,0.484789,1e+06,1,20,0.1,SI,0.1,8110.33,31236,A (disuasión),honesto,23125.7,841.033,empírico DS-6; mejor ρ de la rejilla
empirico,0.33,0.5,0.324789,1e+06,1,20,0.1,SI,0.1,12253.4,31236,A (disuasión),honesto,18982.6,1255.34,empírico DS-6; mejor ρ de la rejilla
empirico,0.4,0.5,0.18577,1e+06,1,20,0.1,SI,0.1,21647.1,31236,A (disuasión),honesto,9588.9,2194.71,empírico DS-6; mejor ρ de la rejilla
empirico,0.2,0.5,0.584789,1e+06,1,100,0.0001,SI,0.1,5872.54,3.15349e+07,A (disuasión),honesto,3.1529e+07,697.254,empírico DS-6; mejor ρ de la rejilla
empirico,0.25,0.5,0.484789,1e+06,1,100,0.0001,SI,0.1,7310.51,3.15349e+07,A (disuasión),honesto,3.15276e+07,841.051,empírico DS-6; mejor ρ de la rejilla
empirico,0.33,0.5,0.324789,1e+06,1,100,0.0001,SI,0.1,11453.5,3.15349e+07,A (disuasión),honesto,3.15234e+07,1255.35,empírico DS-6; mejor ρ de la rejilla
empirico,0.4,0.5,0.18577,1e+06,1,100,0.0001,SI,0.1,20847.1,3.15349e+07,A (disuasión),honesto,3.15141e+07,2194.71,empírico DS-6; mejor ρ de la rejilla
empirico,0.2,0.5,0.584789,1e+06,1,100,0.001,SI,0.1,5872.54,3.1525e+06,A (disuasión),honesto,3.14663e+06,697.254,empírico DS-6; mejor ρ de la rejilla
empirico,0.25,0.5,0.484789,1e+06,1,100,0.001,SI,0.1,7310.51,3.1525e+06,A (disuasión),honesto,3.14519e+06,841.051,empírico DS-6; mejor ρ de la rejilla
empirico,0.33,0.5,0.324789,1e+06,1,100,0.001,SI,0.1,11453.6,3.1525e+06,A (disuasión),honesto,3.14105e+06,1255.36,empírico DS-6; mejor ρ de la rejilla
empirico,0.4,0.5,0.18577,1e+06,1,100,0.001,SI,0.1,20847.1,3.1525e+06,A (disuasión),honesto,3.13165e+06,2194.71,empírico DS-6; mejor ρ de la rejilla
empirico,0.2,0.5,0.584789,1e+06,1,100,0.01,SI,0.1,5872.54,314260,A (disuasión),honesto,308387,697.254,empírico DS-6; mejor ρ de la rejilla
empirico,0.25,0.5,0.484789,1e+06,1,100,0.01,SI,0.1,7310.51,314260,A (disuasión),honesto,306949,841.051,empírico DS-6; mejor ρ de la rejilla
empirico,0.33,0.5,0.324789,1e+06,1,100,0.01,SI,0.1,11453.6,314260,A (disuasión),honesto,302806,1255.36,empírico DS-6; mejor ρ de la rejilla
empirico,0.4,0.5,0.18577,1e+06,1,100,0.01,SI,0.1,20847.2,314260,A (disuasión),honesto,293413,2194.72,empírico DS-6; mejor ρ de la rejilla
empirico,0.2,0.5,0.584789,1e+06,1,100,0.1,SI,0.1,5872.54,30436,A (disuasión),honesto,24563.5,697.254,empírico DS-6; mejor ρ de la rejilla
empirico,0.25,0.5,0.484789,1e+06,1,100,0.1,SI,0.1,7310.51,30436,A (disuasión),honesto,23125.5,841.051,empírico DS-6; mejor ρ de la rejilla
empirico,0.33,0.5,0.324789,1e+06,1,100,0.1,SI,0.1,11453.5,30436,A (disuasión),honesto,18982.5,1255.35,empírico DS-6; mejor ρ de la rejilla
empirico,0.4,0.5,0.18577,1e+06,1,100,0.1,SI,0.1,20847.1,30436,A (disuasión),honesto,9588.85,2194.71,empírico DS-6; mejor ρ de la rejilla
empirico,0.2,0.5,0.584789,1e+06,1,1000,0.0001,SI,0.1,1019,3.15259e+07,F (viabilidad T_v>F),honesto,3.15249e+07,1111.9,empírico DS-6; mejor ρ de la rejilla
empirico,0.25,0.5,0.484789,1e+06,1,1000,0.0001,SI,0.1,1019,3.15259e+07,F (viabilidad T_v>F),honesto,3.15249e+07,1111.9,empírico DS-6; mejor ρ de la rejilla
empirico,0.33,0.5,0.324789,1e+06,1,1000,0.0001,SI,0.1,2462.28,3.15259e+07,A (disuasión),honesto,3.15234e+07,1256.23,empírico DS-6; mejor ρ de la rejilla
empirico,0.4,0.5,0.18577,1e+06,1,1000,0.0001,SI,0.1,11849.9,3.15259e+07,A (disuasión),honesto,3.15141e+07,2194.99,empírico DS-6; mejor ρ de la rejilla
empirico,0.2,0.5,0.584789,1e+06,1,1000,0.001,SI,0.1,1019,3.1435e+06,F (viabilidad T_v>F),honesto,3.14248e+06,1111.9,empírico DS-6; mejor ρ de la rejilla
empirico,0.25,0.5,0.484789,1e+06,1,1000,0.001,SI,0.1,1019,3.1435e+06,F (viabilidad T_v>F),honesto,3.14248e+06,1111.9,empírico DS-6; mejor ρ de la rejilla
empirico,0.33,0.5,0.324789,1e+06,1,1000,0.001,SI,0.1,2462.28,3.1435e+06,A (disuasión),honesto,3.14104e+06,1256.23,empírico DS-6; mejor ρ de la rejilla
empirico,0.4,0.5,0.18577,1e+06,1,1000,0.001,SI,0.1,11849.9,3.1435e+06,A (disuasión),honesto,3.13165e+06,2194.99,empírico DS-6; mejor ρ de la rejilla
empirico,0.2,0.5,0.584789,1e+06,1,1000,0.01,SI,0.1,1019,305260,F (viabilidad T_v>F),honesto,304241,1111.9,empírico DS-6; mejor ρ de la rejilla
empirico,0.25,0.5,0.484789,1e+06,1,1000,0.01,SI,0.1,1019,305260,F (viabilidad T_v>F),honesto,304241,1111.9,empírico DS-6; mejor ρ de la rejilla
empirico,0.33,0.5,0.324789,1e+06,1,1000,0.01,SI,0.1,2462.28,305260,A (disuasión),honesto,302798,1256.23,empírico DS-6; mejor ρ de la rejilla
empirico,0.4,0.5,0.18577,1e+06,1,1000,0.01,SI,0.1,11849.9,305260,A (disuasión),honesto,293410,2194.99,empírico DS-6; mejor ρ de la rejilla
empirico,0.2,0.5,0.584789,1e+06,1,1000,0.1,SI,0.1,1019,21436,F (viabilidad T_v>F),honesto,20417,1111.9,empírico DS-6; mejor ρ de la rejilla
empirico,0.25,0.5,0.484789,1e+06,1,1000,0.1,SI,0.1,1019,21436,F (viabilidad T_v>F),honesto,20417,1111.9,empírico DS-6; mejor ρ de la rejilla
empirico,0.33,0.5,0.324789,1e+06,1,1000,0.1,SI,0.1,2462.28,21436,A (disuasión),honesto,18973.7,1256.23,empírico DS-6; mejor ρ de la rejilla
empirico,0.4,0.5,0.18577,1e+06,1,1000,0.1,SI,0.1,11849.9,21436,A (disuasión),honesto,9586.12,2194.99,empírico DS-6; mejor ρ de la rejilla
empirico,0.2,0.5,0.584789,1e+06,1,10000,0.0001,SI,0.1,1019,3.14359e+07,F (viabilidad T_v>F),honesto,3.14349e+07,10111.9,empírico DS-6; mejor ρ de la rejilla
empirico,0.25,0.5,0.484789,1e+06,1,10000,0.0001,SI,0.1,1019,3.14359e+07,F (viabilidad T_v>F),honesto,3.14349e+07,10111.9,empírico DS-6; mejor ρ de la rejilla
empirico,0.33,0.5,0.324789,1e+06,1,10000,0.0001,SI,0.1,1019,3.14359e+07,F (viabilidad T_v>F),honesto,3.14349e+07,10111.9,empírico DS-6; mejor ρ de la rejilla
empirico,0.4,0.5,0.18577,1e+06,1,10000,0.0001,SI,0.1,1019,3.14359e+07,F (viabilidad T_v>F),honesto,3.14349e+07,10111.9,empírico DS-6; mejor ρ de la rejilla
empirico,0.2,0.5,0.584789,1e+06,1,10000,0.001,SI,0.1,1019,3.0535e+06,F (viabilidad T_v>F),honesto,3.05248e+06,10111.9,empírico DS-6; mejor ρ de la rejilla
empirico,0.25,0.5,0.484789,1e+06,1,10000,0.001,SI,0.1,1019,3.0535e+06,F (viabilidad T_v>F),honesto,3.05248e+06,10111.9,empírico DS-6; mejor ρ de la rejilla
empirico,0.33,0.5,0.324789,1e+06,1,10000,0.001,SI,0.1,1019,3.0535e+06,F (viabilidad T_v>F),honesto,3.05248e+06,10111.9,empírico DS-6; mejor ρ de la rejilla
empirico,0.4,0.5,0.18577,1e+06,1,10000,0.001,SI,0.1,1019,3.0535e+06,F (viabilidad T_v>F),honesto,3.05248e+06,10111.9,empírico DS-6; mejor ρ de la rejilla
empirico,0.2,0.5,0.584789,1e+06,1,10000,0.01,SI,0.1,1019,215260,F (viabilidad T_v>F),honesto,214241,10111.9,empírico DS-6; mejor ρ de la rejilla
empirico,0.25,0.5,0.484789,1e+06,1,10000,0.01,SI,0.1,1019,215260,F (viabilidad T_v>F),honesto,214241,10111.9,empírico DS-6; mejor ρ de la rejilla
empirico,0.33,0.5,0.324789,1e+06,1,10000,0.01,SI,0.1,1019,215260,F (viabilidad T_v>F),honesto,214241,10111.9,empírico DS-6; mejor ρ de la rejilla
empirico,0.4,0.5,0.18577,1e+06,1,10000,0.01,SI,0.1,1019,215260,F (viabilidad T_v>F),honesto,214241,10111.9,empírico DS-6; mejor ρ de la rejilla
empirico,0.2,0.5,0.584789,1e+06,1,10000,0.1,NO,NaN,NaN,NaN,—,—,-Inf,NaN,empírico DS-6; mejor ρ de la rejilla
empirico,0.25,0.5,0.484789,1e+06,1,10000,0.1,NO,NaN,NaN,NaN,—,—,-Inf,NaN,empírico DS-6; mejor ρ de la rejilla
empirico,0.33,0.5,0.324789,1e+06,1,10000,0.1,NO,NaN,NaN,NaN,—,—,-Inf,NaN,empírico DS-6; mejor ρ de la rejilla
empirico,0.4,0.5,0.18577,1e+06,1,10000,0.1,NO,NaN,NaN,NaN,—,—,-Inf,NaN,empírico DS-6; mejor ρ de la rejilla
