sr	i	j	bucket_i	bucket_j	bucket_igual	leidos_i	leidos_j	chunks_comunes	cand_i	cand_j	cand_comunes	dist_min_i	dist_min_j
9223372036854775806	0	1	26859	43	0	598	590	358	308	294	86	18441463652418971	15154191645266018
2305843009213693950	0	1	26859	43	0	598	590	358	79	69	6	18441463652418971	15154191645266018
144115188075855870	0	1	26859	43	0	598	590	358	6	2	0	18441463652418971	15154191645266018
6148914691236495	0	1	26859	43	0	598	590	358	0	0	0	18446744073709551615	18446744073709551615
9223372036854775806	0	2	26859	5797	0	598	574	342	308	285	99	18441463652418971	2553558605523328
2305843009213693950	0	2	26859	5797	0	598	574	342	79	69	8	18441463652418971	2553558605523328
144115188075855870	0	2	26859	5797	0	598	574	342	6	2	0	18441463652418971	2553558605523328
6148914691236495	0	2	26859	5797	0	598	574	342	0	1	0	18446744073709551615	2553558605523328
9223372036854775806	0	3	26859	43646	0	598	568	340	308	265	82	18441463652418971	20063131727927022
2305843009213693950	0	3	26859	43646	0	598	568	340	79	64	3	18441463652418971	20063131727927022
144115188075855870	0	3	26859	43646	0	598	568	340	6	2	0	18441463652418971	20063131727927022
6148914691236495	0	3	26859	43646	0	598	568	340	0	0	0	18446744073709551615	18446744073709551615
9223372036854775806	0	4	26859	63162	0	598	0	0	308	0	0	18441463652418971	18446744073709551615
2305843009213693950	0	4	26859	63162	0	598	0	0	79	0	0	18441463652418971	18446744073709551615
144115188075855870	0	4	26859	63162	0	598	0	0	6	0	0	18441463652418971	18446744073709551615
6148914691236495	0	4	26859	63162	0	598	0	0	0	0	0	18446744073709551615	18446744073709551615
9223372036854775806	0	5	26859	58023	0	598	17	8	308	5	1	18441463652418971	743817329257839234
2305843009213693950	0	5	26859	58023	0	598	17	8	79	1	0	18441463652418971	743817329257839234
144115188075855870	0	5	26859	58023	0	598	17	8	6	0	0	18441463652418971	18446744073709551615
6148914691236495	0	5	26859	58023	0	598	17	8	0	0	0	18446744073709551615	18446744073709551615
9223372036854775806	0	6	26859	481	0	598	601	352	308	296	74	18441463652418971	38549437110187536
2305843009213693950	0	6	26859	481	0	598	601	352	79	72	2	18441463652418971	38549437110187536
144115188075855870	0	6	26859	481	0	598	601	352	6	6	0	18441463652418971	38549437110187536
6148914691236495	0	6	26859	481	0	598	601	352	0	0	0	18446744073709551615	18446744073709551615
9223372036854775806	0	7	26859	51158	0	598	612	362	308	306	103	18441463652418971	6137495212140497
2305843009213693950	0	7	26859	51158	0	598	612	362	79	82	6	18441463652418971	6137495212140497
144115188075855870	0	7	26859	51158	0	598	612	362	6	2	0	18441463652418971	6137495212140497
6148914691236495	0	7	26859	51158	0	598	612	362	0	0	0	18446744073709551615	18446744073709551615
9223372036854775806	0	8	26859	41603	0	598	586	331	308	287	85	18441463652418971	10761376185897727
2305843009213693950	0	8	26859	41603	0	598	586	331	79	58	6	18441463652418971	10761376185897727
144115188075855870	0	8	26859	41603	0	598	586	331	6	5	0	18441463652418971	10761376185897727
6148914691236495	0	8	26859	41603	0	598	586	331	0	0	0	18446744073709551615	18446744073709551615
9223372036854775806	0	9	26859	53952	0	598	547	336	308	279	85	18441463652418971	12243229265372149
2305843009213693950	0	9	26859	53952	0	598	547	336	79	69	3	18441463652418971	12243229265372149
144115188075855870	0	9	26859	53952	0	598	547	336	6	2	0	18441463652418971	12243229265372149
6148914691236495	0	9	26859	53952	0	598	547	336	0	0	0	18446744073709551615	18446744073709551615
9223372036854775806	0	10	26859	48760	0	598	618	374	308	293	86	18441463652418971	47915410823883345
2305843009213693950	0	10	26859	48760	0	598	618	374	79	79	5	18441463652418971	47915410823883345
144115188075855870	0	10	26859	48760	0	598	618	374	6	1	0	18441463652418971	47915410823883345
6148914691236495	0	10	26859	48760	0	598	618	374	0	0	0	18446744073709551615	18446744073709551615
9223372036854775806	0	11	26859	8052	0	598	584	340	308	298	93	18441463652418971	19041420611092299
2305843009213693950	0	11	26859	8052	0	598	584	340	79	71	6	18441463652418971	19041420611092299
144115188075855870	0	11	26859	8052	0	598	584	340	6	4	0	18441463652418971	19041420611092299
6148914691236495	0	11	26859	8052	0	598	584	340	0	0	0	18446744073709551615	18446744073709551615
9223372036854775806	0	12	26859	6011	0	598	580	332	308	299	94	18441463652418971	4895819305245111
2305843009213693950	0	12	26859	6011	0	598	580	332	79	77	4	18441463652418971	4895819305245111
144115188075855870	0	12	26859	6011	0	598	580	332	6	5	0	18441463652418971	4895819305245111
6148914691236495	0	12	26859	6011	0	598	580	332	0	0	0	18446744073709551615	18446744073709551615
9223372036854775806	0	13	26859	8971	0	598	620	379	308	329	106	18441463652418971	13653916654037286
2305843009213693950	0	13	26859	8971	0	598	620	379	79	89	9	18441463652418971	13653916654037286
144115188075855870	0	13	26859	8971	0	598	620	379	6	5	0	18441463652418971	13653916654037286
6148914691236495	0	13	26859	8971	0	598	620	379	0	0	0	18446744073709551615	18446744073709551615
9223372036854775806	0	14	26859	29741	0	598	586	348	308	295	82	18441463652418971	11922634118000644
2305843009213693950	0	14	26859	29741	0	598	586	348	79	73	6	18441463652418971	11922634118000644
144115188075855870	0	14	26859	29741	0	598	586	348	6	7	0	18441463652418971	11922634118000644
6148914691236495	0	14	26859	29741	0	598	586	348	0	0	0	18446744073709551615	18446744073709551615
9223372036854775806	0	15	26859	61994	0	598	0	0	308	0	0	18441463652418971	18446744073709551615
2305843009213693950	0	15	26859	61994	0	598	0	0	79	0	0	18441463652418971	18446744073709551615
144115188075855870	0	15	26859	61994	0	598	0	0	6	0	0	18441463652418971	18446744073709551615
6148914691236495	0	15	26859	61994	0	598	0	0	0	0	0	18446744073709551615	18446744073709551615
9223372036854775806	0	16	26859	65179	0	598	0	0	308	0	0	18441463652418971	18446744073709551615
2305843009213693950	0	16	26859	65179	0	598	0	0	79	0	0	18441463652418971	18446744073709551615
144115188075855870	0	16	26859	65179	0	598	0	0	6	0	0	18441463652418971	18446744073709551615
6148914691236495	0	16	26859	65179	0	598	0	0	0	0	0	18446744073709551615	18446744073709551615
9223372036854775806	0	17	26859	39561	0	598	591	349	308	297	90	18441463652418971	16693452655042096
2305843009213693950	0	17	26859	39561	0	598	591	349	79	79	6	18441463652418971	16693452655042096
144115188075855870	0	17	26859	39561	0	598	591	349	6	1	0	18441463652418971	16693452655042096
6148914691236495	0	17	26859	39561	0	598	591	349	0	0	0	18446744073709551615	18446744073709551615
9223372036854775806	0	18	26859	40991	0	598	581	352	308	281	79	18441463652418971	4378728128714937
2305843009213693950	0	18	26859	40991	0	598	581	352	79	61	9	18441463652418971	4378728128714937
144115188075855870	0	18	26859	40991	0	598	581	352	6	6	0	18441463652418971	4378728128714937
6148914691236495	0	18	26859	40991	0	598	581	352	0	0	0	18446744073709551615	18446744073709551615
9223372036854775806	0	19	26859	46852	0	598	596	350	308	272	89	18441463652418971	1705756778285761
2305843009213693950	0	19	26859	46852	0	598	596	350	79	77	4	18441463652418971	1705756778285761
144115188075855870	0	19	26859	46852	0	598	596	350	6	5	0	18441463652418971	1705756778285761
6148914691236495	0	19	26859	46852	0	598	596	350	0	1	0	18446744073709551615	1705756778285761
9223372036854775806	0	20	26859	6863	0	598	619	363	308	322	100	18441463652418971	17292185457148032
2305843009213693950	0	20	26859	6863	0	598	619	363	79	81	8	18441463652418971	17292185457148032
144115188075855870	0	20	26859	6863	0	598	619	363	6	2	0	18441463652418971	17292185457148032
6148914691236495	0	20	26859	6863	0	598	619	363	0	0	0	18446744073709551615	18446744073709551615
9223372036854775806	0	21	26859	18917	0	598	590	357	308	296	97	18441463652418971	13061327029430687
2305843009213693950	0	21	26859	18917	0	598	590	357	79	66	6	18441463652418971	13061327029430687
144115188075855870	0	21	26859	18917	0	598	590	357	6	5	0	18441463652418971	13061327029430687
6148914691236495	0	21	26859	18917	0	598	590	357	0	0	0	18446744073709551615	18446744073709551615
9223372036854775806	0	22	26859	44560	0	598	621	379	308	292	89	18441463652418971	5883336446271408
2305843009213693950	0	22	26859	44560	0	598	621	379	79	83	6	18441463652418971	5883336446271408
144115188075855870	0	22	26859	44560	0	598	621	379	6	6	0	18441463652418971	5883336446271408
6148914691236495	0	22	26859	44560	0	598	621	379	0	0	0	18446744073709551615	18446744073709551615
9223372036854775806	0	23	26859	36290	0	598	559	328	308	285	91	18441463652418971	30102744842481255
2305843009213693950	0	23	26859	36290	0	598	559	328	79	73	12	18441463652418971	30102744842481255
144115188075855870	0	23	26859	36290	0	598	559	328	6	7	0	18441463652418971	30102744842481255
6148914691236495	0	23	26859	36290	0	598	559	328	0	0	0	18446744073709551615	18446744073709551615
9223372036854775806	0	24	26859	24867	0	598	580	341	308	280	78	18441463652418971	27029469813257164
2305843009213693950	0	24	26859	24867	0	598	580	341	79	77	5	18441463652418971	27029469813257164
144115188075855870	0	24	26859	24867	0	598	580	341	6	3	0	18441463652418971	27029469813257164
6148914691236495	0	24	26859	24867	0	598	580	341	0	0	0	18446744073709551615	18446744073709551615
9223372036854775806	0	25	26859	10092	0	598	594	360	308	296	99	18441463652418971	7354267654878491
2305843009213693950	0	25	26859	10092	0	598	594	360	79	90	7	18441463652418971	7354267654878491
144115188075855870	0	25	26859	10092	0	598	594	360	6	4	0	18441463652418971	7354267654878491
6148914691236495	0	25	26859	10092	0	598	594	360	0	0	0	18446744073709551615	18446744073709551615
9223372036854775806	0	26	26859	35222	0	598	601	366	308	325	97	18441463652418971	6767251757431065
2305843009213693950	0	26	26859	35222	0	598	601	366	79	91	10	18441463652418971	6767251757431065
144115188075855870	0	26	26859	35222	0	598	601	366	6	7	0	18441463652418971	6767251757431065
6148914691236495	0	26	26859	35222	0	598	601	366	0	0	0	18446744073709551615	18446744073709551615
9223372036854775806	0	27	26859	8487	0	598	592	345	308	278	79	18441463652418971	4893775207410366
2305843009213693950	0	27	26859	8487	0	598	592	345	79	69	5	18441463652418971	4893775207410366
144115188075855870	0	27	26859	8487	0	598	592	345	6	5	1	18441463652418971	4893775207410366
6148914691236495	0	27	26859	8487	0	598	592	345	0	0	0	18446744073709551615	18446744073709551615
9223372036854775806	0	28	26859	12647	0	598	597	358	308	297	98	18441463652418971	1692374620791229
2305843009213693950	0	28	26859	12647	0	598	597	358	79	82	5	18441463652418971	1692374620791229
144115188075855870	0	28	26859	12647	0	598	597	358	6	10	0	18441463652418971	1692374620791229
6148914691236495	0	28	26859	12647	0	598	597	358	0	2	0	18446744073709551615	1692374620791229
9223372036854775806	0	29	26859	10798	0	598	566	336	308	296	88	18441463652418971	20776250396026951
2305843009213693950	0	29	26859	10798	0	598	566	336	79	78	4	18441463652418971	20776250396026951
144115188075855870	0	29	26859	10798	0	598	566	336	6	7	1	18441463652418971	20776250396026951
6148914691236495	0	29	26859	10798	0	598	566	336	0	0	0	18446744073709551615	18446744073709551615
9223372036854775806	0	30	26859	25650	0	598	597	362	308	283	80	18441463652418971	3662753934290118
2305843009213693950	0	30	26859	25650	0	598	597	362	79	77	6	18441463652418971	3662753934290118
144115188075855870	0	30	26859	25650	0	598	597	362	6	4	0	18441463652418971	3662753934290118
6148914691236495	0	30	26859	25650	0	598	597	362	0	0	0	18446744073709551615	18446744073709551615
9223372036854775806	0	31	26859	34514	0	598	611	359	308	287	91	18441463652418971	6941176516761588
2305843009213693950	0	31	26859	34514	0	598	611	359	79	58	4	18441463652418971	6941176516761588
144115188075855870	0	31	26859	34514	0	598	611	359	6	4	0	18441463652418971	6941176516761588
6148914691236495	0	31	26859	34514	0	598	611	359	0	0	0	18446744073709551615	18446744073709551615
9223372036854775806	0	32	26859	8941	0	598	618	363	308	316	93	18441463652418971	41509711107450482
2305843009213693950	0	32	26859	8941	0	598	618	363	79	62	4	18441463652418971	41509711107450482
144115188075855870	0	32	26859	8941	0	598	618	363	6	2	0	18441463652418971	41509711107450482
6148914691236495	0	32	26859	8941	0	598	618	363	0	0	0	18446744073709551615	18446744073709551615
9223372036854775806	0	33	26859	18606	0	598	587	347	308	275	87	18441463652418971	853515616737708
2305843009213693950	0	33	26859	18606	0	598	587	347	79	87	7	18441463652418971	853515616737708
144115188075855870	0	33	26859	18606	0	598	587	347	6	5	0	18441463652418971	853515616737708
6148914691236495	0	33	26859	18606	0	598	587	347	0	1	0	18446744073709551615	853515616737708
9223372036854775806	0	34	26859	25591	0	598	601	380	308	280	78	18441463652418971	6928079483968818
2305843009213693950	0	34	26859	25591	0	598	601	380	79	79	5	18441463652418971	6928079483968818
144115188075855870	0	34	26859	25591	0	598	601	380	6	7	0	18441463652418971	6928079483968818
6148914691236495	0	34	26859	25591	0	598	601	380	0	0	0	18446744073709551615	18446744073709551615
9223372036854775806	0	35	26859	46113	0	598	590	361	308	315	99	18441463652418971	7541477037468554
2305843009213693950	0	35	26859	46113	0	598	590	361	79	87	4	18441463652418971	7541477037468554
144115188075855870	0	35	26859	46113	0	598	590	361	6	5	0	18441463652418971	7541477037468554
6148914691236495	0	35	26859	46113	0	598	590	361	0	0	0	18446744073709551615	18446744073709551615
9223372036854775806	0	36	26859	19622	0	598	589	351	308	288	88	18441463652418971	16578064053768791
2305843009213693950	0	36	26859	19622	0	598	589	351	79	66	2	18441463652418971	16578064053768791
144115188075855870	0	36	26859	19622	0	598	589	351	6	7	0	18441463652418971	16578064053768791
6148914691236495	0	36	26859	19622	0	598	589	351	0	0	0	18446744073709551615	18446744073709551615
9223372036854775806	0	37	26859	61384	0	598	0	0	308	0	0	18441463652418971	18446744073709551615
2305843009213693950	0	37	26859	61384	0	598	0	0	79	0	0	18441463652418971	18446744073709551615
144115188075855870	0	37	26859	61384	0	598	0	0	6	0	0	18441463652418971	18446744073709551615
6148914691236495	0	37	26859	61384	0	598	0	0	0	0	0	18446744073709551615	18446744073709551615
9223372036854775806	0	38	26859	1850	0	598	593	358	308	286	97	18441463652418971	2925841906355596
2305843009213693950	0	38	26859	1850	0	598	593	358	79	71	4	18441463652418971	2925841906355596
144115188075855870	0	38	26859	1850	0	598	593	358	6	2	1	18441463652418971	2925841906355596
6148914691236495	0	38	26859	1850	0	598	593	358	0	1	0	18446744073709551615	2925841906355596
9223372036854775806	0	39	26859	49493	0	598	597	368	308	308	92	18441463652418971	2369895518816490
2305843009213693950	0	39	26859	49493	0	598	597	368	79	76	6	18441463652418971	2369895518816490
144115188075855870	0	39	26859	49493	0	598	597	368	6	3	0	18441463652418971	2369895518816490
6148914691236495	0	39	26859	49493	0	598	597	368	0	1	0	18446744073709551615	2369895518816490
9223372036854775806	0	40	26859	43652	0	598	575	347	308	278	85	18441463652418971	42882982723515030
2305843009213693950	0	40	26859	43652	0	598	575	347	79	67	8	18441463652418971	42882982723515030
144115188075855870	0	40	26859	43652	0	598	575	347	6	1	0	18441463652418971	42882982723515030
6148914691236495	0	40	26859	43652	0	598	575	347	0	0	0	18446744073709551615	18446744073709551615
9223372036854775806	0	41	26859	65253	0	598	0	0	308	0	0	18441463652418971	18446744073709551615
2305843009213693950	0	41	26859	65253	0	598	0	0	79	0	0	18441463652418971	18446744073709551615
144115188075855870	0	41	26859	65253	0	598	0	0	6	0	0	18441463652418971	18446744073709551615
6148914691236495	0	41	26859	65253	0	598	0	0	0	0	0	18446744073709551615	18446744073709551615
9223372036854775806	0	42	26859	24016	0	598	582	360	308	278	86	18441463652418971	23566389845982477
2305843009213693950	0	42	26859	24016	0	598	582	360	79	65	4	18441463652418971	23566389845982477
144115188075855870	0	42	26859	24016	0	598	582	360	6	5	0	18441463652418971	23566389845982477
6148914691236495	0	42	26859	24016	0	598	582	360	0	0	0	18446744073709551615	18446744073709551615
9223372036854775806	0	43	26859	39014	0	598	577	328	308	286	78	18441463652418971	9614967626582621
2305843009213693950	0	43	26859	39014	0	598	577	328	79	69	7	18441463652418971	9614967626582621
144115188075855870	0	43	26859	39014	0	598	577	328	6	3	0	18441463652418971	9614967626582621
6148914691236495	0	43	26859	39014	0	598	577	328	0	0	0	18446744073709551615	18446744073709551615
9223372036854775806	0	44	26859	50585	0	598	573	340	308	297	101	18441463652418971	2197102958816999
2305843009213693950	0	44	26859	50585	0	598	573	340	79	76	7	18441463652418971	2197102958816999
144115188075855870	0	44	26859	50585	0	598	573	340	6	5	0	18441463652418971	2197102958816999
6148914691236495	0	44	26859	50585	0	598	573	340	0	1	0	18446744073709551615	2197102958816999
9223372036854775806	0	45	26859	543	0	598	595	350	308	277	78	18441463652418971	3529678978331514
2305843009213693950	0	45	26859	543	0	598	595	350	79	72	3	18441463652418971	3529678978331514
144115188075855870	0	45	26859	543	0	598	595	350	6	5	0	18441463652418971	3529678978331514
6148914691236495	0	45	26859	543	0	598	595	350	0	0	0	18446744073709551615	18446744073709551615
9223372036854775806	0	46	26859	28348	0	598	584	363	308	308	91	18441463652418971	7659861853809104
2305843009213693950	0	46	26859	28348	0	598	584	363	79	83	5	18441463652418971	7659861853809104
144115188075855870	0	46	26859	28348	0	598	584	363	6	7	0	18441463652418971	7659861853809104
6148914691236495	0	46	26859	28348	0	598	584	363	0	0	0	18446744073709551615	18446744073709551615
9223372036854775806	0	47	26859	36508	0	598	558	325	308	281	84	18441463652418971	5699832315310769
2305843009213693950	0	47	26859	36508	0	598	558	325	79	79	5	18441463652418971	5699832315310769
144115188075855870	0	47	26859	36508	0	598	558	325	6	5	0	18441463652418971	5699832315310769
6148914691236495	0	47	26859	36508	0	598	558	325	0	0	0	18446744073709551615	18446744073709551615
9223372036854775806	0	48	26859	10875	0	598	578	358	308	291	83	18441463652418971	25099112878567966
2305843009213693950	0	48	26859	10875	0	598	578	358	79	75	5	18441463652418971	25099112878567966
144115188075855870	0	48	26859	10875	0	598	578	358	6	4	0	18441463652418971	25099112878567966
6148914691236495	0	48	26859	10875	0	598	578	358	0	0	0	18446744073709551615	18446744073709551615
9223372036854775806	0	49	26859	34534	0	598	571	347	308	301	91	18441463652418971	1691219382961787
2305843009213693950	0	49	26859	34534	0	598	571	347	79	75	7	18441463652418971	1691219382961787
144115188075855870	0	49	26859	34534	0	598	571	347	6	4	0	18441463652418971	1691219382961787
6148914691236495	0	49	26859	34534	0	598	571	347	0	1	0	18446744073709551615	1691219382961787
9223372036854775806	0	50	26859	26791	0	598	623	357	308	301	89	18441463652418971	15400635981762684
2305843009213693950	0	50	26859	26791	0	598	623	357	79	85	6	18441463652418971	15400635981762684
144115188075855870	0	50	26859	26791	0	598	623	357	6	6	0	18441463652418971	15400635981762684
6148914691236495	0	50	26859	26791	0	598	623	357	0	0	0	18446744073709551615	18446744073709551615
9223372036854775806	0	51	26859	32876	0	598	586	351	308	292	87	18441463652418971	41742007892017841
2305843009213693950	0	51	26859	32876	0	598	586	351	79	77	4	18441463652418971	41742007892017841
144115188075855870	0	51	26859	32876	0	598	586	351	6	3	0	18441463652418971	41742007892017841
6148914691236495	0	51	26859	32876	0	598	586	351	0	0	0	18446744073709551615	18446744073709551615
9223372036854775806	0	52	26859	13804	0	598	574	344	308	300	90	18441463652418971	2790875122670278
2305843009213693950	0	52	26859	13804	0	598	574	344	79	63	6	18441463652418971	2790875122670278
144115188075855870	0	52	26859	13804	0	598	574	344	6	3	0	18441463652418971	2790875122670278
6148914691236495	0	52	26859	13804	0	598	574	344	0	1	0	18446744073709551615	2790875122670278
9223372036854775806	0	53	26859	28986	0	598	592	347	308	313	89	18441463652418971	26017863593228402
2305843009213693950	0	53	26859	28986	0	598	592	347	79	67	2	18441463652418971	26017863593228402
144115188075855870	0	53	26859	28986	0	598	592	347	6	5	0	18441463652418971	26017863593228402
6148914691236495	0	53	26859	28986	0	598	592	347	0	0	0	18446744073709551615	18446744073709551615
9223372036854775806	0	54	26859	20288	0	598	577	348	308	279	81	18441463652418971	6993834807301157
2305843009213693950	0	54	26859	20288	0	598	577	348	79	77	4	18441463652418971	6993834807301157
144115188075855870	0	54	26859	20288	0	598	577	348	6	2	0	18441463652418971	6993834807301157
6148914691236495	0	54	26859	20288	0	598	577	348	0	0	0	18446744073709551615	18446744073709551615
9223372036854775806	0	55	26859	41436	0	598	582	343	308	287	85	18441463652418971	25612715942692053
2305843009213693950	0	55	26859	41436	0	598	582	343	79	79	5	18441463652418971	25612715942692053
144115188075855870	0	55	26859	41436	0	598	582	343	6	3	0	18441463652418971	25612715942692053
6148914691236495	0	55	26859	41436	0	598	582	343	0	0	0	18446744073709551615	18446744073709551615
9223372036854775806	0	56	26859	41867	0	598	603	356	308	288	82	18441463652418971	8795885601060178
2305843009213693950	0	56	26859	41867	0	598	603	356	79	69	7	18441463652418971	8795885601060178
144115188075855870	0	56	26859	41867	0	598	603	356	6	8	0	18441463652418971	8795885601060178
6148914691236495	0	56	26859	41867	0	598	603	356	0	0	0	18446744073709551615	18446744073709551615
9223372036854775806	0	57	26859	55273	0	598	375	226	308	182	66	18441463652418971	57484945731452901
2305843009213693950	0	57	26859	55273	0	598	375	226	79	51	4	18441463652418971	57484945731452901
144115188075855870	0	57	26859	55273	0	598	375	226	6	3	0	18441463652418971	57484945731452901
6148914691236495	0	57	26859	55273	0	598	375	226	0	0	0	18446744073709551615	18446744073709551615
9223372036854775806	0	58	26859	48095	0	598	592	360	308	279	92	18441463652418971	5858463627943568
2305843009213693950	0	58	26859	48095	0	598	592	360	79	78	6	18441463652418971	5858463627943568
144115188075855870	0	58	26859	48095	0	598	592	360	6	5	0	18441463652418971	5858463627943568
6148914691236495	0	58	26859	48095	0	598	592	360	0	0	0	18446744073709551615	18446744073709551615
9223372036854775806	0	59	26859	55964	0	598	246	147	308	121	34	18441463652418971	4794458762861514
2305843009213693950	0	59	26859	55964	0	598	246	147	79	34	4	18441463652418971	4794458762861514
144115188075855870	0	59	26859	55964	0	598	246	147	6	6	0	18441463652418971	4794458762861514
6148914691236495	0	59	26859	55964	0	598	246	147	0	0	0	18446744073709551615	18446744073709551615
9223372036854775806	0	60	26859	33080	0	598	605	357	308	288	91	18441463652418971	21234551346284532
2305843009213693950	0	60	26859	33080	0	598	605	357	79	67	3	18441463652418971	21234551346284532
144115188075855870	0	60	26859	33080	0	598	605	357	6	6	0	18441463652418971	21234551346284532
6148914691236495	0	60	26859	33080	0	598	605	357	0	0	0	18446744073709551615	18446744073709551615
9223372036854775806	0	61	26859	19280	0	598	590	352	308	318	91	18441463652418971	43101032433561777
2305843009213693950	0	61	26859	19280	0	598	590	352	79	71	6	18441463652418971	43101032433561777
144115188075855870	0	61	26859	19280	0	598	590	352	6	3	0	18441463652418971	43101032433561777
6148914691236495	0	61	26859	19280	0	598	590	352	0	0	0	18446744073709551615	18446744073709551615
9223372036854775806	0	62	26859	8703	0	598	586	350	308	295	78	18441463652418971	21265985390459575
2305843009213693950	0	62	26859	8703	0	598	586	350	79	74	3	18441463652418971	21265985390459575
144115188075855870	0	62	26859	8703	0	598	586	350	6	5	0	18441463652418971	21265985390459575
6148914691236495	0	62	26859	8703	0	598	586	350	0	0	0	18446744073709551615	18446744073709551615
9223372036854775806	0	63	26859	18798	0	598	587	350	308	268	80	18441463652418971	15005778287697291
2305843009213693950	0	63	26859	18798	0	598	587	350	79	71	6	18441463652418971	15005778287697291
144115188075855870	0	63	26859	18798	0	598	587	350	6	3	0	18441463652418971	15005778287697291
6148914691236495	0	63	26859	18798	0	598	587	350	0	0	0	18446744073709551615	18446744073709551615
9223372036854775806	1	2	43	5797	0	590	574	340	294	285	100	15154191645266018	2553558605523328
2305843009213693950	1	2	43	5797	0	590	574	340	69	69	6	15154191645266018	2553558605523328
144115188075855870	1	2	43	5797	0	590	574	340	2	2	0	15154191645266018	2553558605523328
6148914691236495	1	2	43	5797	0	590	574	340	0	1	0	18446744073709551615	2553558605523328
9223372036854775806	1	3	43	43646	0	590	568	340	294	265	84	15154191645266018	20063131727927022
2305843009213693950	1	3	43	43646	0	590	568	340	69	64	3	15154191645266018	20063131727927022
144115188075855870	1	3	43	43646	0	590	568	340	2	2	0	15154191645266018	20063131727927022
6148914691236495	1	3	43	43646	0	590	568	340	0	0	0	18446744073709551615	18446744073709551615
9223372036854775806	1	4	43	63162	0	590	0	0	294	0	0	15154191645266018	18446744073709551615
2305843009213693950	1	4	43	63162	0	590	0	0	69	0	0	15154191645266018	18446744073709551615
144115188075855870	1	4	43	63162	0	590	0	0	2	0	0	15154191645266018	18446744073709551615
6148914691236495	1	4	43	63162	0	590	0	0	0	0	0	18446744073709551615	18446744073709551615
9223372036854775806	1	5	43	58023	0	590	17	12	294	5	0	15154191645266018	743817329257839234
2305843009213693950	1	5	43	58023	0	590	17	12	69	1	0	15154191645266018	743817329257839234
144115188075855870	1	5	43	58023	0	590	17	12	2	0	0	15154191645266018	18446744073709551615
6148914691236495	1	5	43	58023	0	590	17	12	0	0	0	18446744073709551615	18446744073709551615
9223372036854775806	1	6	43	481	0	590	601	356	294	296	92	15154191645266018	38549437110187536
2305843009213693950	1	6	43	481	0	590	601	356	69	72	8	15154191645266018	38549437110187536
144115188075855870	1	6	43	481	0	590	601	356	2	6	0	15154191645266018	38549437110187536
6148914691236495	1	6	43	481	0	590	601	356	0	0	0	18446744073709551615	18446744073709551615
9223372036854775806	1	7	43	51158	0	590	612	358	294	306	92	15154191645266018	6137495212140497
2305843009213693950	1	7	43	51158	0	590	612	358	69	82	5	15154191645266018	6137495212140497
144115188075855870	1	7	43	51158	0	590	612	358	2	2	0	15154191645266018	6137495212140497
6148914691236495	1	7	43	51158	0	590	612	358	0	0	0	18446744073709551615	18446744073709551615
9223372036854775806	1	8	43	41603	0	590	586	353	294	287	81	15154191645266018	10761376185897727
2305843009213693950	1	8	43	41603	0	590	586	353	69	58	7	15154191645266018	10761376185897727
144115188075855870	1	8	43	41603	0	590	586	353	2	5	0	15154191645266018	10761376185897727
6148914691236495	1	8	43	41603	0	590	586	353	0	0	0	18446744073709551615	18446744073709551615
9223372036854775806	1	9	43	53952	0	590	547	326	294	279	77	15154191645266018	12243229265372149
2305843009213693950	1	9	43	53952	0	590	547	326	69	69	3	15154191645266018	12243229265372149
144115188075855870	1	9	43	53952	0	590	547	326	2	2	0	15154191645266018	12243229265372149
6148914691236495	1	9	43	53952	0	590	547	326	0	0	0	18446744073709551615	18446744073709551615
9223372036854775806	1	10	43	48760	0	590	618	373	294	293	85	15154191645266018	47915410823883345
2305843009213693950	1	10	43	48760	0	590	618	373	69	79	6	15154191645266018	47915410823883345
144115188075855870	1	10	43	48760	0	590	618	373	2	1	0	15154191645266018	47915410823883345
6148914691236495	1	10	43	48760	0	590	618	373	0	0	0	18446744073709551615	18446744073709551615
9223372036854775806	1	11	43	8052	0	590	584	337	294	298	80	15154191645266018	19041420611092299
2305843009213693950	1	11	43	8052	0	590	584	337	69	71	4	15154191645266018	19041420611092299
144115188075855870	1	11	43	8052	0	590	584	337	2	4	0	15154191645266018	19041420611092299
6148914691236495	1	11	43	8052	0	590	584	337	0	0	0	18446744073709551615	18446744073709551615
9223372036854775806	1	12	43	6011	0	590	580	328	294	299	91	15154191645266018	4895819305245111
2305843009213693950	1	12	43	6011	0	590	580	328	69	77	7	15154191645266018	4895819305245111
144115188075855870	1	12	43	6011	0	590	580	328	2	5	0	15154191645266018	4895819305245111
6148914691236495	1	12	43	6011	0	590	580	328	0	0	0	18446744073709551615	18446744073709551615
9223372036854775806	1	13	43	8971	0	590	620	381	294	329	112	15154191645266018	13653916654037286
2305843009213693950	1	13	43	8971	0	590	620	381	69	89	9	15154191645266018	13653916654037286
144115188075855870	1	13	43	8971	0	590	620	381	2	5	0	15154191645266018	13653916654037286
6148914691236495	1	13	43	8971	0	590	620	381	0	0	0	18446744073709551615	18446744073709551615
9223372036854775806	1	14	43	29741	0	590	586	343	294	295	80	15154191645266018	11922634118000644
2305843009213693950	1	14	43	29741	0	590	586	343	69	73	3	15154191645266018	11922634118000644
144115188075855870	1	14	43	29741	0	590	586	343	2	7	0	15154191645266018	11922634118000644
6148914691236495	1	14	43	29741	0	590	586	343	0	0	0	18446744073709551615	18446744073709551615
9223372036854775806	1	15	43	61994	0	590	0	0	294	0	0	15154191645266018	18446744073709551615
2305843009213693950	1	15	43	61994	0	590	0	0	69	0	0	15154191645266018	18446744073709551615
144115188075855870	1	15	43	61994	0	590	0	0	2	0	0	15154191645266018	18446744073709551615
6148914691236495	1	15	43	61994	0	590	0	0	0	0	0	18446744073709551615	18446744073709551615
9223372036854775806	1	16	43	65179	0	590	0	0	294	0	0	15154191645266018	18446744073709551615
2305843009213693950	1	16	43	65179	0	590	0	0	69	0	0	15154191645266018	18446744073709551615
144115188075855870	1	16	43	65179	0	590	0	0	2	0	0	15154191645266018	18446744073709551615
6148914691236495	1	16	43	65179	0	590	0	0	0	0	0	18446744073709551615	18446744073709551615
9223372036854775806	1	17	43	39561	0	590	591	351	294	297	85	15154191645266018	16693452655042096
2305843009213693950	1	17	43	39561	0	590	591	351	69	79	4	15154191645266018	16693452655042096
144115188075855870	1	17	43	39561	0	590	591	351	2	1	0	15154191645266018	16693452655042096
6148914691236495	1	17	43	39561	0	590	591	351	0	0	0	18446744073709551615	18446744073709551615
9223372036854775806	1	18	43	40991	0	590	581	349	294	281	85	15154191645266018	4378728128714937
2305843009213693950	1	18	43	40991	0	590	581	349	69	61	4	15154191645266018	4378728128714937
144115188075855870	1	18	43	40991	0	590	581	349	2	6	0	15154191645266018	4378728128714937
6148914691236495	1	18	43	40991	0	590	581	349	0	0	0	18446744073709551615	18446744073709551615
9223372036854775806	1	19	43	46852	0	590	596	344	294	272	76	15154191645266018	1705756778285761
2305843009213693950	1	19	43	46852	0	590	596	344	69	77	4	15154191645266018	1705756778285761
144115188075855870	1	19	43	46852	0	590	596	344	2	5	0	15154191645266018	1705756778285761
6148914691236495	1	19	43	46852	0	590	596	344	0	1	0	18446744073709551615	1705756778285761
9223372036854775806	1	20	43	6863	0	590	619	366	294	322	92	15154191645266018	17292185457148032
2305843009213693950	1	20	43	6863	0	590	619	366	69	81	2	15154191645266018	17292185457148032
144115188075855870	1	20	43	6863	0	590	619	366	2	2	0	15154191645266018	17292185457148032
6148914691236495	1	20	43	6863	0	590	619	366	0	0	0	18446744073709551615	18446744073709551615
9223372036854775806	1	21	43	18917	0	590	590	350	294	296	87	15154191645266018	13061327029430687
2305843009213693950	1	21	43	18917	0	590	590	350	69	66	7	15154191645266018	13061327029430687
144115188075855870	1	21	43	18917	0	590	590	350	2	5	0	15154191645266018	13061327029430687
6148914691236495	1	21	43	18917	0	590	590	350	0	0	0	18446744073709551615	18446744073709551615
9223372036854775806	1	22	43	44560	0	590	621	369	294	292	98	15154191645266018	5883336446271408
2305843009213693950	1	22	43	44560	0	590	621	369	69	83	2	15154191645266018	5883336446271408
144115188075855870	1	22	43	44560	0	590	621	369	2	6	0	15154191645266018	5883336446271408
6148914691236495	1	22	43	44560	0	590	621	369	0	0	0	18446744073709551615	18446744073709551615
9223372036854775806	1	23	43	36290	0	590	559	323	294	285	67	15154191645266018	30102744842481255
2305843009213693950	1	23	43	36290	0	590	559	323	69	73	5	15154191645266018	30102744842481255
144115188075855870	1	23	43	36290	0	590	559	323	2	7	0	15154191645266018	30102744842481255
6148914691236495	1	23	43	36290	0	590	559	323	0	0	0	18446744073709551615	18446744073709551615
9223372036854775806	1	24	43	24867	0	590	580	345	294	280	72	15154191645266018	27029469813257164
2305843009213693950	1	24	43	24867	0	590	580	345	69	77	3	15154191645266018	27029469813257164
144115188075855870	1	24	43	24867	0	590	580	345	2	3	0	15154191645266018	27029469813257164
6148914691236495	1	24	43	24867	0	590	580	345	0	0	0	18446744073709551615	18446744073709551615
9223372036854775806	1	25	43	10092	0	590	594	352	294	296	83	15154191645266018	7354267654878491
2305843009213693950	1	25	43	10092	0	590	594	352	69	90	6	15154191645266018	7354267654878491
144115188075855870	1	25	43	10092	0	590	594	352	2	4	0	15154191645266018	7354267654878491
6148914691236495	1	25	43	10092	0	590	594	352	0	0	0	18446744073709551615	18446744073709551615
9223372036854775806	1	26	43	35222	0	590	601	362	294	325	101	15154191645266018	6767251757431065
2305843009213693950	1	26	43	35222	0	590	601	362	69	91	4	15154191645266018	6767251757431065
144115188075855870	1	26	43	35222	0	590	601	362	2	7	0	15154191645266018	6767251757431065
6148914691236495	1	26	43	35222	0	590	601	362	0	0	0	18446744073709551615	18446744073709551615
9223372036854775806	1	27	43	8487	0	590	592	355	294	278	85	15154191645266018	4893775207410366
2305843009213693950	1	27	43	8487	0	590	592	355	69	69	6	15154191645266018	4893775207410366
144115188075855870	1	27	43	8487	0	590	592	355	2	5	0	15154191645266018	4893775207410366
6148914691236495	1	27	43	8487	0	590	592	355	0	0	0	18446744073709551615	18446744073709551615
9223372036854775806	1	28	43	12647	0	590	597	355	294	297	97	15154191645266018	1692374620791229
2305843009213693950	1	28	43	12647	0	590	597	355	69	82	6	15154191645266018	1692374620791229
144115188075855870	1	28	43	12647	0	590	597	355	2	10	0	15154191645266018	1692374620791229
6148914691236495	1	28	43	12647	0	590	597	355	0	2	0	18446744073709551615	1692374620791229
9223372036854775806	1	29	43	10798	0	590	566	335	294	296	90	15154191645266018	20776250396026951
2305843009213693950	1	29	43	10798	0	590	566	335	69	78	2	15154191645266018	20776250396026951
144115188075855870	1	29	43	10798	0	590	566	335	2	7	0	15154191645266018	20776250396026951
6148914691236495	1	29	43	10798	0	590	566	335	0	0	0	18446744073709551615	18446744073709551615
9223372036854775806	1	30	43	25650	0	590	597	349	294	283	75	15154191645266018	3662753934290118
2305843009213693950	1	30	43	25650	0	590	597	349	69	77	3	15154191645266018	3662753934290118
144115188075855870	1	30	43	25650	0	590	597	349	2	4	0	15154191645266018	3662753934290118
6148914691236495	1	30	43	25650	0	590	597	349	0	0	0	18446744073709551615	18446744073709551615
9223372036854775806	1	31	43	34514	0	590	611	351	294	287	74	15154191645266018	6941176516761588
2305843009213693950	1	31	43	34514	0	590	611	351	69	58	3	15154191645266018	6941176516761588
144115188075855870	1	31	43	34514	0	590	611	351	2	4	0	15154191645266018	6941176516761588
6148914691236495	1	31	43	34514	0	590	611	351	0	0	0	18446744073709551615	18446744073709551615
9223372036854775806	1	32	43	8941	0	590	618	369	294	316	94	15154191645266018	41509711107450482
2305843009213693950	1	32	43	8941	0	590	618	369	69	62	2	15154191645266018	41509711107450482
144115188075855870	1	32	43	8941	0	590	618	369	2	2	0	15154191645266018	41509711107450482
6148914691236495	1	32	43	8941	0	590	618	369	0	0	0	18446744073709551615	18446744073709551615
9223372036854775806	1	33	43	18606	0	590	587	352	294	275	75	15154191645266018	853515616737708
2305843009213693950	1	33	43	18606	0	590	587	352	69	87	4	15154191645266018	853515616737708
144115188075855870	1	33	43	18606	0	590	587	352	2	5	0	15154191645266018	853515616737708
6148914691236495	1	33	43	18606	0	590	587	352	0	1	0	18446744073709551615	853515616737708
9223372036854775806	1	34	43	25591	0	590	601	355	294	280	81	15154191645266018	6928079483968818
2305843009213693950	1	34	43	25591	0	590	601	355	69	79	5	15154191645266018	6928079483968818
144115188075855870	1	34	43	25591	0	590	601	355	2	7	0	15154191645266018	6928079483968818
6148914691236495	1	34	43	25591	0	590	601	355	0	0	0	18446744073709551615	18446744073709551615
9223372036854775806	1	35	43	46113	0	590	590	349	294	315	74	15154191645266018	7541477037468554
2305843009213693950	1	35	43	46113	0	590	590	349	69	87	6	15154191645266018	7541477037468554
144115188075855870	1	35	43	46113	0	590	590	349	2	5	0	15154191645266018	7541477037468554
6148914691236495	1	35	43	46113	0	590	590	349	0	0	0	18446744073709551615	18446744073709551615
9223372036854775806	1	36	43	19622	0	590	589	347	294	288	79	15154191645266018	16578064053768791
2305843009213693950	1	36	43	19622	0	590	589	347	69	66	4	15154191645266018	16578064053768791
144115188075855870	1	36	43	19622	0	590	589	347	2	7	0	15154191645266018	16578064053768791
6148914691236495	1	36	43	19622	0	590	589	347	0	0	0	18446744073709551615	18446744073709551615
9223372036854775806	1	37	43	61384	0	590	0	0	294	0	0	15154191645266018	18446744073709551615
2305843009213693950	1	37	43	61384	0	590	0	0	69	0	0	15154191645266018	18446744073709551615
144115188075855870	1	37	43	61384	0	590	0	0	2	0	0	15154191645266018	18446744073709551615
6148914691236495	1	37	43	61384	0	590	0	0	0	0	0	18446744073709551615	18446744073709551615
9223372036854775806	1	38	43	1850	0	590	593	358	294	286	81	15154191645266018	2925841906355596
2305843009213693950	1	38	43	1850	0	590	593	358	69	71	5	15154191645266018	2925841906355596
144115188075855870	1	38	43	1850	0	590	593	358	2	2	0	15154191645266018	2925841906355596
6148914691236495	1	38	43	1850	0	590	593	358	0	1	0	18446744073709551615	2925841906355596
9223372036854775806	1	39	43	49493	0	590	597	352	294	308	96	15154191645266018	2369895518816490
2305843009213693950	1	39	43	49493	0	590	597	352	69	76	5	15154191645266018	2369895518816490
144115188075855870	1	39	43	49493	0	590	597	352	2	3	0	15154191645266018	2369895518816490
6148914691236495	1	39	43	49493	0	590	597	352	0	1	0	18446744073709551615	2369895518816490
9223372036854775806	1	40	43	43652	0	590	575	339	294	278	79	15154191645266018	42882982723515030
2305843009213693950	1	40	43	43652	0	590	575	339	69	67	8	15154191645266018	42882982723515030
144115188075855870	1	40	43	43652	0	590	575	339	2	1	0	15154191645266018	42882982723515030
6148914691236495	1	40	43	43652	0	590	575	339	0	0	0	18446744073709551615	18446744073709551615
9223372036854775806	1	41	43	65253	0	590	0	0	294	0	0	15154191645266018	18446744073709551615
2305843009213693950	1	41	43	65253	0	590	0	0	69	0	0	15154191645266018	18446744073709551615
144115188075855870	1	41	43	65253	0	590	0	0	2	0	0	15154191645266018	18446744073709551615
6148914691236495	1	41	43	65253	0	590	0	0	0	0	0	18446744073709551615	18446744073709551615
9223372036854775806	1	42	43	24016	0	590	582	340	294	278	86	15154191645266018	23566389845982477
2305843009213693950	1	42	43	24016	0	590	582	340	69	65	5	15154191645266018	23566389845982477
144115188075855870	1	42	43	24016	0	590	582	340	2	5	0	15154191645266018	23566389845982477
6148914691236495	1	42	43	24016	0	590	582	340	0	0	0	18446744073709551615	18446744073709551615
9223372036854775806	1	43	43	39014	0	590	577	347	294	286	91	15154191645266018	9614967626582621
2305843009213693950	1	43	43	39014	0	590	577	347	69	69	5	15154191645266018	9614967626582621
144115188075855870	1	43	43	39014	0	590	577	347	2	3	0	15154191645266018	9614967626582621
6148914691236495	1	43	43	39014	0	590	577	347	0	0	0	18446744073709551615	18446744073709551615
9223372036854775806	1	44	43	50585	0	590	573	335	294	297	77	15154191645266018	2197102958816999
2305843009213693950	1	44	43	50585	0	590	573	335	69	76	5	15154191645266018	2197102958816999
144115188075855870	1	44	43	50585	0	590	573	335	2	5	0	15154191645266018	2197102958816999
6148914691236495	1	44	43	50585	0	590	573	335	0	1	0	18446744073709551615	2197102958816999
9223372036854775806	1	45	43	543	0	590	595	350	294	277	88	15154191645266018	3529678978331514
2305843009213693950	1	45	43	543	0	590	595	350	69	72	5	15154191645266018	3529678978331514
144115188075855870	1	45	43	543	0	590	595	350	2	5	0	15154191645266018	3529678978331514
6148914691236495	1	45	43	543	0	590	595	350	0	0	0	18446744073709551615	18446744073709551615
9223372036854775806	1	46	43	28348	0	590	584	336	294	308	86	15154191645266018	7659861853809104
2305843009213693950	1	46	43	28348	0	590	584	336	69	83	5	15154191645266018	7659861853809104
144115188075855870	1	46	43	28348	0	590	584	336	2	7	0	15154191645266018	7659861853809104
6148914691236495	1	46	43	28348	0	590	584	336	0	0	0	18446744073709551615	18446744073709551615
9223372036854775806	1	47	43	36508	0	590	558	333	294	281	98	15154191645266018	5699832315310769
2305843009213693950	1	47	43	36508	0	590	558	333	69	79	5	15154191645266018	5699832315310769
144115188075855870	1	47	43	36508	0	590	558	333	2	5	0	15154191645266018	5699832315310769
6148914691236495	1	47	43	36508	0	590	558	333	0	0	0	18446744073709551615	18446744073709551615
9223372036854775806	1	48	43	10875	0	590	578	333	294	291	81	15154191645266018	25099112878567966
2305843009213693950	1	48	43	10875	0	590	578	333	69	75	6	15154191645266018	25099112878567966
144115188075855870	1	48	43	10875	0	590	578	333	2	4	0	15154191645266018	25099112878567966
6148914691236495	1	48	43	10875	0	590	578	333	0	0	0	18446744073709551615	18446744073709551615
9223372036854775806	1	49	43	34534	0	590	571	330	294	301	81	15154191645266018	1691219382961787
2305843009213693950	1	49	43	34534	0	590	571	330	69	75	5	15154191645266018	1691219382961787
144115188075855870	1	49	43	34534	0	590	571	330	2	4	0	15154191645266018	1691219382961787
6148914691236495	1	49	43	34534	0	590	571	330	0	1	0	18446744073709551615	1691219382961787
9223372036854775806	1	50	43	26791	0	590	623	375	294	301	90	15154191645266018	15400635981762684
2305843009213693950	1	50	43	26791	0	590	623	375	69	85	7	15154191645266018	15400635981762684
144115188075855870	1	50	43	26791	0	590	623	375	2	6	0	15154191645266018	15400635981762684
6148914691236495	1	50	43	26791	0	590	623	375	0	0	0	18446744073709551615	18446744073709551615
9223372036854775806	1	51	43	32876	0	590	586	333	294	292	87	15154191645266018	41742007892017841
2305843009213693950	1	51	43	32876	0	590	586	333	69	77	5	15154191645266018	41742007892017841
144115188075855870	1	51	43	32876	0	590	586	333	2	3	0	15154191645266018	41742007892017841
6148914691236495	1	51	43	32876	0	590	586	333	0	0	0	18446744073709551615	18446744073709551615
9223372036854775806	1	52	43	13804	0	590	574	346	294	300	93	15154191645266018	2790875122670278
2305843009213693950	1	52	43	13804	0	590	574	346	69	63	8	15154191645266018	2790875122670278
144115188075855870	1	52	43	13804	0	590	574	346	2	3	0	15154191645266018	2790875122670278
6148914691236495	1	52	43	13804	0	590	574	346	0	1	0	18446744073709551615	2790875122670278
9223372036854775806	1	53	43	28986	0	590	592	363	294	313	97	15154191645266018	26017863593228402
2305843009213693950	1	53	43	28986	0	590	592	363	69	67	5	15154191645266018	26017863593228402
144115188075855870	1	53	43	28986	0	590	592	363	2	5	0	15154191645266018	26017863593228402
6148914691236495	1	53	43	28986	0	590	592	363	0	0	0	18446744073709551615	18446744073709551615
9223372036854775806	1	54	43	20288	0	590	577	335	294	279	92	15154191645266018	6993834807301157
2305843009213693950	1	54	43	20288	0	590	577	335	69	77	9	15154191645266018	6993834807301157
144115188075855870	1	54	43	20288	0	590	577	335	2	2	0	15154191645266018	6993834807301157
6148914691236495	1	54	43	20288	0	590	577	335	0	0	0	18446744073709551615	18446744073709551615
9223372036854775806	1	55	43	41436	0	590	582	347	294	287	87	15154191645266018	25612715942692053
2305843009213693950	1	55	43	41436	0	590	582	347	69	79	8	15154191645266018	25612715942692053
144115188075855870	1	55	43	41436	0	590	582	347	2	3	0	15154191645266018	25612715942692053
6148914691236495	1	55	43	41436	0	590	582	347	0	0	0	18446744073709551615	18446744073709551615
9223372036854775806	1	56	43	41867	0	590	603	355	294	288	83	15154191645266018	8795885601060178
2305843009213693950	1	56	43	41867	0	590	603	355	69	69	6	15154191645266018	8795885601060178
144115188075855870	1	56	43	41867	0	590	603	355	2	8	0	15154191645266018	8795885601060178
6148914691236495	1	56	43	41867	0	590	603	355	0	0	0	18446744073709551615	18446744073709551615
9223372036854775806	1	57	43	55273	0	590	375	215	294	182	45	15154191645266018	57484945731452901
2305843009213693950	1	57	43	55273	0	590	375	215	69	51	3	15154191645266018	57484945731452901
144115188075855870	1	57	43	55273	0	590	375	215	2	3	0	15154191645266018	57484945731452901
6148914691236495	1	57	43	55273	0	590	375	215	0	0	0	18446744073709551615	18446744073709551615
9223372036854775806	1	58	43	48095	0	590	592	355	294	279	77	15154191645266018	5858463627943568
2305843009213693950	1	58	43	48095	0	590	592	355	69	78	4	15154191645266018	5858463627943568
144115188075855870	1	58	43	48095	0	590	592	355	2	5	0	15154191645266018	5858463627943568
6148914691236495	1	58	43	48095	0	590	592	355	0	0	0	18446744073709551615	18446744073709551615
9223372036854775806	1	59	43	55964	0	590	246	142	294	121	38	15154191645266018	4794458762861514
2305843009213693950	1	59	43	55964	0	590	246	142	69	34	2	15154191645266018	4794458762861514
144115188075855870	1	59	43	55964	0	590	246	142	2	6	0	15154191645266018	4794458762861514
6148914691236495	1	59	43	55964	0	590	246	142	0	0	0	18446744073709551615	18446744073709551615
9223372036854775806	1	60	43	33080	0	590	605	351	294	288	81	15154191645266018	21234551346284532
2305843009213693950	1	60	43	33080	0	590	605	351	69	67	1	15154191645266018	21234551346284532
144115188075855870	1	60	43	33080	0	590	605	351	2	6	0	15154191645266018	21234551346284532
6148914691236495	1	60	43	33080	0	590	605	351	0	0	0	18446744073709551615	18446744073709551615
9223372036854775806	1	61	43	19280	0	590	590	354	294	318	89	15154191645266018	43101032433561777
2305843009213693950	1	61	43	19280	0	590	590	354	69	71	3	15154191645266018	43101032433561777
144115188075855870	1	61	43	19280	0	590	590	354	2	3	0	15154191645266018	43101032433561777
6148914691236495	1	61	43	19280	0	590	590	354	0	0	0	18446744073709551615	18446744073709551615
9223372036854775806	1	62	43	8703	0	590	586	340	294	295	91	15154191645266018	21265985390459575
2305843009213693950	1	62	43	8703	0	590	586	340	69	74	3	15154191645266018	21265985390459575
144115188075855870	1	62	43	8703	0	590	586	340	2	5	0	15154191645266018	21265985390459575
6148914691236495	1	62	43	8703	0	590	586	340	0	0	0	18446744073709551615	18446744073709551615
9223372036854775806	1	63	43	18798	0	590	587	338	294	268	67	15154191645266018	15005778287697291
2305843009213693950	1	63	43	18798	0	590	587	338	69	71	6	15154191645266018	15005778287697291
144115188075855870	1	63	43	18798	0	590	587	338	2	3	0	15154191645266018	15005778287697291
6148914691236495	1	63	43	18798	0	590	587	338	0	0	0	18446744073709551615	18446744073709551615
9223372036854775806	2	3	5797	43646	0	574	568	322	285	265	68	2553558605523328	20063131727927022
2305843009213693950	2	3	5797	43646	0	574	568	322	69	64	3	2553558605523328	20063131727927022
144115188075855870	2	3	5797	43646	0	574	568	322	2	2	0	2553558605523328	20063131727927022
6148914691236495	2	3	5797	43646	0	574	568	322	1	0	0	2553558605523328	18446744073709551615
9223372036854775806	2	4	5797	63162	0	574	0	0	285	0	0	2553558605523328	18446744073709551615
2305843009213693950	2	4	5797	63162	0	574	0	0	69	0	0	2553558605523328	18446744073709551615
144115188075855870	2	4	5797	63162	0	574	0	0	2	0	0	2553558605523328	18446744073709551615
6148914691236495	2	4	5797	63162	0	574	0	0	1	0	0	2553558605523328	18446744073709551615
9223372036854775806	2	5	5797	58023	0	574	17	7	285	5	2	2553558605523328	743817329257839234
2305843009213693950	2	5	5797	58023	0	574	17	7	69	1	0	2553558605523328	743817329257839234
144115188075855870	2	5	5797	58023	0	574	17	7	2	0	0	2553558605523328	18446744073709551615
6148914691236495	2	5	5797	58023	0	574	17	7	1	0	0	2553558605523328	18446744073709551615
9223372036854775806	2	6	5797	481	0	574	601	350	285	296	82	2553558605523328	38549437110187536
2305843009213693950	2	6	5797	481	0	574	601	350	69	72	2	2553558605523328	38549437110187536
144115188075855870	2	6	5797	481	0	574	601	350	2	6	0	2553558605523328	38549437110187536
6148914691236495	2	6	5797	481	0	574	601	350	1	0	0	2553558605523328	18446744073709551615
9223372036854775806	2	7	5797	51158	0	574	612	360	285	306	84	2553558605523328	6137495212140497
2305843009213693950	2	7	5797	51158	0	574	612	360	69	82	5	2553558605523328	6137495212140497
144115188075855870	2	7	5797	51158	0	574	612	360	2	2	0	2553558605523328	6137495212140497
6148914691236495	2	7	5797	51158	0	574	612	360	1	0	0	2553558605523328	18446744073709551615
9223372036854775806	2	8	5797	41603	0	574	586	330	285	287	74	2553558605523328	10761376185897727
2305843009213693950	2	8	5797	41603	0	574	586	330	69	58	0	2553558605523328	10761376185897727
144115188075855870	2	8	5797	41603	0	574	586	330	2	5	0	2553558605523328	10761376185897727
6148914691236495	2	8	5797	41603	0	574	586	330	1	0	0	2553558605523328	18446744073709551615
9223372036854775806	2	9	5797	53952	0	574	547	299	285	279	80	2553558605523328	12243229265372149
2305843009213693950	2	9	5797	53952	0	574	547	299	69	69	8	2553558605523328	12243229265372149
144115188075855870	2	9	5797	53952	0	574	547	299	2	2	0	2553558605523328	12243229265372149
6148914691236495	2	9	5797	53952	0	574	547	299	1	0	0	2553558605523328	18446744073709551615
9223372036854775806	2	10	5797	48760	0	574	618	353	285	293	89	2553558605523328	47915410823883345
2305843009213693950	2	10	5797	48760	0	574	618	353	69	79	4	2553558605523328	47915410823883345
144115188075855870	2	10	5797	48760	0	574	618	353	2	1	0	2553558605523328	47915410823883345
6148914691236495	2	10	5797	48760	0	574	618	353	1	0	0	2553558605523328	18446744073709551615
9223372036854775806	2	11	5797	8052	0	574	584	339	285	298	77	2553558605523328	19041420611092299
2305843009213693950	2	11	5797	8052	0	574	584	339	69	71	4	2553558605523328	19041420611092299
144115188075855870	2	11	5797	8052	0	574	584	339	2	4	0	2553558605523328	19041420611092299
6148914691236495	2	11	5797	8052	0	574	584	339	1	0	0	2553558605523328	18446744073709551615
9223372036854775806	2	12	5797	6011	0	574	580	333	285	299	92	2553558605523328	4895819305245111
2305843009213693950	2	12	5797	6011	0	574	580	333	69	77	8	2553558605523328	4895819305245111
144115188075855870	2	12	5797	6011	0	574	580	333	2	5	0	2553558605523328	4895819305245111
6148914691236495	2	12	5797	6011	0	574	580	333	1	0	0	2553558605523328	18446744073709551615
9223372036854775806	2	13	5797	8971	0	574	620	368	285	329	92	2553558605523328	13653916654037286
2305843009213693950	2	13	5797	8971	0	574	620	368	69	89	12	2553558605523328	13653916654037286
144115188075855870	2	13	5797	8971	0	574	620	368	2	5	0	2553558605523328	13653916654037286
6148914691236495	2	13	5797	8971	0	574	620	368	1	0	0	2553558605523328	18446744073709551615
9223372036854775806	2	14	5797	29741	0	574	586	325	285	295	94	2553558605523328	11922634118000644
2305843009213693950	2	14	5797	29741	0	574	586	325	69	73	5	2553558605523328	11922634118000644
144115188075855870	2	14	5797	29741	0	574	586	325	2	7	0	2553558605523328	11922634118000644
6148914691236495	2	14	5797	29741	0	574	586	325	1	0	0	2553558605523328	18446744073709551615
9223372036854775806	2	15	5797	61994	0	574	0	0	285	0	0	2553558605523328	18446744073709551615
2305843009213693950	2	15	5797	61994	0	574	0	0	69	0	0	2553558605523328	18446744073709551615
144115188075855870	2	15	5797	61994	0	574	0	0	2	0	0	2553558605523328	18446744073709551615
6148914691236495	2	15	5797	61994	0	574	0	0	1	0	0	2553558605523328	18446744073709551615
9223372036854775806	2	16	5797	65179	0	574	0	0	285	0	0	2553558605523328	18446744073709551615
2305843009213693950	2	16	5797	65179	0	574	0	0	69	0	0	2553558605523328	18446744073709551615
144115188075855870	2	16	5797	65179	0	574	0	0	2	0	0	2553558605523328	18446744073709551615
6148914691236495	2	16	5797	65179	0	574	0	0	1	0	0	2553558605523328	18446744073709551615
9223372036854775806	2	17	5797	39561	0	574	591	338	285	297	85	2553558605523328	16693452655042096
2305843009213693950	2	17	5797	39561	0	574	591	338	69	79	5	2553558605523328	16693452655042096
144115188075855870	2	17	5797	39561	0	574	591	338	2	1	0	2553558605523328	16693452655042096
6148914691236495	2	17	5797	39561	0	574	591	338	1	0	0	2553558605523328	18446744073709551615
9223372036854775806	2	18	5797	40991	0	574	581	328	285	281	78	2553558605523328	4378728128714937
2305843009213693950	2	18	5797	40991	0	574	581	328	69	61	3	2553558605523328	4378728128714937
144115188075855870	2	18	5797	40991	0	574	581	328	2	6	0	2553558605523328	4378728128714937
6148914691236495	2	18	5797	40991	0	574	581	328	1	0	0	2553558605523328	18446744073709551615
9223372036854775806	2	19	5797	46852	0	574	596	345	285	272	76	2553558605523328	1705756778285761
2305843009213693950	2	19	5797	46852	0	574	596	345	69	77	3	2553558605523328	1705756778285761
144115188075855870	2	19	5797	46852	0	574	596	345	2	5	0	2553558605523328	1705756778285761
6148914691236495	2	19	5797	46852	0	574	596	345	1	1	0	2553558605523328	1705756778285761
9223372036854775806	2	20	5797	6863	0	574	619	357	285	322	95	2553558605523328	17292185457148032
2305843009213693950	2	20	5797	6863	0	574	619	357	69	81	5	2553558605523328	17292185457148032
144115188075855870	2	20	5797	6863	0	574	619	357	2	2	0	2553558605523328	17292185457148032
6148914691236495	2	20	5797	6863	0	574	619	357	1	0	0	2553558605523328	18446744073709551615
9223372036854775806	2	21	5797	18917	0	574	590	339	285	296	88	2553558605523328	13061327029430687
2305843009213693950	2	21	5797	18917	0	574	590	339	69	66	3	2553558605523328	13061327029430687
144115188075855870	2	21	5797	18917	0	574	590	339	2	5	0	2553558605523328	13061327029430687
6148914691236495	2	21	5797	18917	0	574	590	339	1	0	0	2553558605523328	18446744073709551615
9223372036854775806	2	22	5797	44560	0	574	621	355	285	292	85	2553558605523328	5883336446271408
2305843009213693950	2	22	5797	44560	0	574	621	355	69	83	4	2553558605523328	5883336446271408
144115188075855870	2	22	5797	44560	0	574	621	355	2	6	0	2553558605523328	5883336446271408
6148914691236495	2	22	5797	44560	0	574	621	355	1	0	0	2553558605523328	18446744073709551615
9223372036854775806	2	23	5797	36290	0	574	559	321	285	285	80	2553558605523328	30102744842481255
2305843009213693950	2	23	5797	36290	0	574	559	321	69	73	7	2553558605523328	30102744842481255
144115188075855870	2	23	5797	36290	0	574	559	321	2	7	0	2553558605523328	30102744842481255
6148914691236495	2	23	5797	36290	0	574	559	321	1	0	0	2553558605523328	18446744073709551615
9223372036854775806	2	24	5797	24867	0	574	580	337	285	280	72	2553558605523328	27029469813257164
2305843009213693950	2	24	5797	24867	0	574	580	337	69	77	6	2553558605523328	27029469813257164
144115188075855870	2	24	5797	24867	0	574	580	337	2	3	0	2553558605523328	27029469813257164
6148914691236495	2	24	5797	24867	0	574	580	337	1	0	0	2553558605523328	18446744073709551615
9223372036854775806	2	25	5797	10092	0	574	594	338	285	296	80	2553558605523328	7354267654878491
2305843009213693950	2	25	5797	10092	0	574	594	338	69	90	4	2553558605523328	7354267654878491
144115188075855870	2	25	5797	10092	0	574	594	338	2	4	0	2553558605523328	7354267654878491
6148914691236495	2	25	5797	10092	0	574	594	338	1	0	0	2553558605523328	18446744073709551615
9223372036854775806	2	26	5797	35222	0	574	601	351	285	325	83	2553558605523328	6767251757431065
2305843009213693950	2	26	5797	35222	0	574	601	351	69	91	4	2553558605523328	6767251757431065
144115188075855870	2	26	5797	35222	0	574	601	351	2	7	0	2553558605523328	6767251757431065
6148914691236495	2	26	5797	35222	0	574	601	351	1	0	0	2553558605523328	18446744073709551615
9223372036854775806	2	27	5797	8487	0	574	592	339	285	278	81	2553558605523328	4893775207410366
2305843009213693950	2	27	5797	8487	0	574	592	339	69	69	5	2553558605523328	4893775207410366
144115188075855870	2	27	5797	8487	0	574	592	339	2	5	0	2553558605523328	4893775207410366
6148914691236495	2	27	5797	8487	0	574	592	339	1	0	0	2553558605523328	18446744073709551615
9223372036854775806	2	28	5797	12647	0	574	597	340	285	297	80	2553558605523328	1692374620791229
2305843009213693950	2	28	5797	12647	0	574	597	340	69	82	7	2553558605523328	1692374620791229
144115188075855870	2	28	5797	12647	0	574	597	340	2	10	0	2553558605523328	1692374620791229
6148914691236495	2	28	5797	12647	0	574	597	340	1	2	0	2553558605523328	1692374620791229
9223372036854775806	2	29	5797	10798	0	574	566	327	285	296	81	2553558605523328	20776250396026951
2305843009213693950	2	29	5797	10798	0	574	566	327	69	78	2	2553558605523328	20776250396026951
144115188075855870	2	29	5797	10798	0	574	566	327	2	7	0	2553558605523328	20776250396026951
6148914691236495	2	29	5797	10798	0	574	566	327	1	0	0	2553558605523328	18446744073709551615
9223372036854775806	2	30	5797	25650	0	574	597	332	285	283	86	2553558605523328	3662753934290118
2305843009213693950	2	30	5797	25650	0	574	597	332	69	77	6	2553558605523328	3662753934290118
144115188075855870	2	30	5797	25650	0	574	597	332	2	4	0	2553558605523328	3662753934290118
6148914691236495	2	30	5797	25650	0	574	597	332	1	0	0	2553558605523328	18446744073709551615
9223372036854775806	2	31	5797	34514	0	574	611	345	285	287	84	2553558605523328	6941176516761588
2305843009213693950	2	31	5797	34514	0	574	611	345	69	58	5	2553558605523328	6941176516761588
144115188075855870	2	31	5797	34514	0	574	611	345	2	4	0	2553558605523328	6941176516761588
6148914691236495	2	31	5797	34514	0	574	611	345	1	0	0	2553558605523328	18446744073709551615
9223372036854775806	2	32	5797	8941	0	574	618	364	285	316	93	2553558605523328	41509711107450482
2305843009213693950	2	32	5797	8941	0	574	618	364	69	62	5	2553558605523328	41509711107450482
144115188075855870	2	32	5797	8941	0	574	618	364	2	2	0	2553558605523328	41509711107450482
6148914691236495	2	32	5797	8941	0	574	618	364	1	0	0	2553558605523328	18446744073709551615
9223372036854775806	2	33	5797	18606	0	574	587	341	285	275	71	2553558605523328	853515616737708
2305843009213693950	2	33	5797	18606	0	574	587	341	69	87	8	2553558605523328	853515616737708
144115188075855870	2	33	5797	18606	0	574	587	341	2	5	0	2553558605523328	853515616737708
6148914691236495	2	33	5797	18606	0	574	587	341	1	1	0	2553558605523328	853515616737708
9223372036854775806	2	34	5797	25591	0	574	601	343	285	280	78	2553558605523328	6928079483968818
2305843009213693950	2	34	5797	25591	0	574	601	343	69	79	8	2553558605523328	6928079483968818
144115188075855870	2	34	5797	25591	0	574	601	343	2	7	0	2553558605523328	6928079483968818
6148914691236495	2	34	5797	25591	0	574	601	343	1	0	0	2553558605523328	18446744073709551615
9223372036854775806	2	35	5797	46113	0	574	590	333	285	315	88	2553558605523328	7541477037468554
2305843009213693950	2	35	5797	46113	0	574	590	333	69	87	8	2553558605523328	7541477037468554
144115188075855870	2	35	5797	46113	0	574	590	333	2	5	0	2553558605523328	7541477037468554
6148914691236495	2	35	5797	46113	0	574	590	333	1	0	0	2553558605523328	18446744073709551615
9223372036854775806	2	36	5797	19622	0	574	589	334	285	288	78	2553558605523328	16578064053768791
2305843009213693950	2	36	5797	19622	0	574	589	334	69	66	8	2553558605523328	16578064053768791
144115188075855870	2	36	5797	19622	0	574	589	334	2	7	0	2553558605523328	16578064053768791
6148914691236495	2	36	5797	19622	0	574	589	334	1	0	0	2553558605523328	18446744073709551615
9223372036854775806	2	37	5797	61384	0	574	0	0	285	0	0	2553558605523328	18446744073709551615
2305843009213693950	2	37	5797	61384	0	574	0	0	69	0	0	2553558605523328	18446744073709551615
144115188075855870	2	37	5797	61384	0	574	0	0	2	0	0	2553558605523328	18446744073709551615
6148914691236495	2	37	5797	61384	0	574	0	0	1	0	0	2553558605523328	18446744073709551615
9223372036854775806	2	38	5797	1850	0	574	593	340	285	286	86	2553558605523328	2925841906355596
2305843009213693950	2	38	5797	1850	0	574	593	340	69	71	5	2553558605523328	2925841906355596
144115188075855870	2	38	5797	1850	0	574	593	340	2	2	0	2553558605523328	2925841906355596
6148914691236495	2	38	5797	1850	0	574	593	340	1	1	0	2553558605523328	2925841906355596
9223372036854775806	2	39	5797	49493	0	574	597	344	285	308	92	2553558605523328	2369895518816490
2305843009213693950	2	39	5797	49493	0	574	597	344	69	76	3	2553558605523328	2369895518816490
144115188075855870	2	39	5797	49493	0	574	597	344	2	3	0	2553558605523328	2369895518816490
6148914691236495	2	39	5797	49493	0	574	597	344	1	1	0	2553558605523328	2369895518816490
9223372036854775806	2	40	5797	43652	0	574	575	336	285	278	76	2553558605523328	42882982723515030
2305843009213693950	2	40	5797	43652	0	574	575	336	69	67	2	2553558605523328	42882982723515030
144115188075855870	2	40	5797	43652	0	574	575	336	2	1	0	2553558605523328	42882982723515030
6148914691236495	2	40	5797	43652	0	574	575	336	1	0	0	2553558605523328	18446744073709551615
9223372036854775806	2	41	5797	65253	0	574	0	0	285	0	0	2553558605523328	18446744073709551615
2305843009213693950	2	41	5797	65253	0	574	0	0	69	0	0	2553558605523328	18446744073709551615
144115188075855870	2	41	5797	65253	0	574	0	0	2	0	0	2553558605523328	18446744073709551615
6148914691236495	2	41	5797	65253	0	574	0	0	1	0	0	2553558605523328	18446744073709551615
9223372036854775806	2	42	5797	24016	0	574	582	323	285	278	81	2553558605523328	23566389845982477
2305843009213693950	2	42	5797	24016	0	574	582	323	69	65	5	2553558605523328	23566389845982477
144115188075855870	2	42	5797	24016	0	574	582	323	2	5	0	2553558605523328	23566389845982477
6148914691236495	2	42	5797	24016	0	574	582	323	1	0	0	2553558605523328	18446744073709551615
9223372036854775806	2	43	5797	39014	0	574	577	334	285	286	85	2553558605523328	9614967626582621
2305843009213693950	2	43	5797	39014	0	574	577	334	69	69	3	2553558605523328	9614967626582621
144115188075855870	2	43	5797	39014	0	574	577	334	2	3	0	2553558605523328	9614967626582621
6148914691236495	2	43	5797	39014	0	574	577	334	1	0	0	2553558605523328	18446744073709551615
9223372036854775806	2	44	5797	50585	0	574	573	328	285	297	84	2553558605523328	2197102958816999
2305843009213693950	2	44	5797	50585	0	574	573	328	69	76	7	2553558605523328	2197102958816999
144115188075855870	2	44	5797	50585	0	574	573	328	2	5	0	2553558605523328	2197102958816999
6148914691236495	2	44	5797	50585	0	574	573	328	1	1	0	2553558605523328	2197102958816999
9223372036854775806	2	45	5797	543	0	574	595	335	285	277	85	2553558605523328	3529678978331514
2305843009213693950	2	45	5797	543	0	574	595	335	69	72	4	2553558605523328	3529678978331514
144115188075855870	2	45	5797	543	0	574	595	335	2	5	0	2553558605523328	3529678978331514
6148914691236495	2	45	5797	543	0	574	595	335	1	0	0	2553558605523328	18446744073709551615
9223372036854775806	2	46	5797	28348	0	574	584	336	285	308	86	2553558605523328	7659861853809104
2305843009213693950	2	46	5797	28348	0	574	584	336	69	83	5	2553558605523328	7659861853809104
144115188075855870	2	46	5797	28348	0	574	584	336	2	7	0	2553558605523328	7659861853809104
6148914691236495	2	46	5797	28348	0	574	584	336	1	0	0	2553558605523328	18446744073709551615
9223372036854775806	2	47	5797	36508	0	574	558	316	285	281	80	2553558605523328	5699832315310769
2305843009213693950	2	47	5797	36508	0	574	558	316	69	79	5	2553558605523328	5699832315310769
144115188075855870	2	47	5797	36508	0	574	558	316	2	5	0	2553558605523328	5699832315310769
6148914691236495	2	47	5797	36508	0	574	558	316	1	0	0	2553558605523328	18446744073709551615
9223372036854775806	2	48	5797	10875	0	574	578	327	285	291	86	2553558605523328	25099112878567966
2305843009213693950	2	48	5797	10875	0	574	578	327	69	75	6	2553558605523328	25099112878567966
144115188075855870	2	48	5797	10875	0	574	578	327	2	4	0	2553558605523328	25099112878567966
6148914691236495	2	48	5797	10875	0	574	578	327	1	0	0	2553558605523328	18446744073709551615
9223372036854775806	2	49	5797	34534	0	574	571	336	285	301	106	2553558605523328	1691219382961787
2305843009213693950	2	49	5797	34534	0	574	571	336	69	75	4	2553558605523328	1691219382961787
144115188075855870	2	49	5797	34534	0	574	571	336	2	4	0	2553558605523328	1691219382961787
6148914691236495	2	49	5797	34534	0	574	571	336	1	1	0	2553558605523328	1691219382961787
9223372036854775806	2	50	5797	26791	0	574	623	362	285	301	87	2553558605523328	15400635981762684
2305843009213693950	2	50	5797	26791	0	574	623	362	69	85	7	2553558605523328	15400635981762684
144115188075855870	2	50	5797	26791	0	574	623	362	2	6	0	2553558605523328	15400635981762684
6148914691236495	2	50	5797	26791	0	574	623	362	1	0	0	2553558605523328	18446744073709551615
9223372036854775806	2	51	5797	32876	0	574	586	338	285	292	93	2553558605523328	41742007892017841
2305843009213693950	2	51	5797	32876	0	574	586	338	69	77	5	2553558605523328	41742007892017841
144115188075855870	2	51	5797	32876	0	574	586	338	2	3	0	2553558605523328	41742007892017841
6148914691236495	2	51	5797	32876	0	574	586	338	1	0	0	2553558605523328	18446744073709551615
9223372036854775806	2	52	5797	13804	0	574	574	341	285	300	96	2553558605523328	2790875122670278
2305843009213693950	2	52	5797	13804	0	574	574	341	69	63	9	2553558605523328	2790875122670278
144115188075855870	2	52	5797	13804	0	574	574	341	2	3	0	2553558605523328	2790875122670278
6148914691236495	2	52	5797	13804	0	574	574	341	1	1	0	2553558605523328	2790875122670278
9223372036854775806	2	53	5797	28986	0	574	592	331	285	313	79	2553558605523328	26017863593228402
2305843009213693950	2	53	5797	28986	0	574	592	331	69	67	2	2553558605523328	26017863593228402
144115188075855870	2	53	5797	28986	0	574	592	331	2	5	0	2553558605523328	26017863593228402
6148914691236495	2	53	5797	28986	0	574	592	331	1	0	0	2553558605523328	18446744073709551615
9223372036854775806	2	54	5797	20288	0	574	577	326	285	279	78	2553558605523328	6993834807301157
2305843009213693950	2	54	5797	20288	0	574	577	326	69	77	9	2553558605523328	6993834807301157
144115188075855870	2	54	5797	20288	0	574	577	326	2	2	0	2553558605523328	6993834807301157
6148914691236495	2	54	5797	20288	0	574	577	326	1	0	0	2553558605523328	18446744073709551615
9223372036854775806	2	55	5797	41436	0	574	582	337	285	287	86	2553558605523328	25612715942692053
2305843009213693950	2	55	5797	41436	0	574	582	337	69	79	8	2553558605523328	25612715942692053
144115188075855870	2	55	5797	41436	0	574	582	337	2	3	0	2553558605523328	25612715942692053
6148914691236495	2	55	5797	41436	0	574	582	337	1	0	0	2553558605523328	18446744073709551615
9223372036854775806	2	56	5797	41867	0	574	603	340	285	288	95	2553558605523328	8795885601060178
2305843009213693950	2	56	5797	41867	0	574	603	340	69	69	5	2553558605523328	8795885601060178
144115188075855870	2	56	5797	41867	0	574	603	340	2	8	0	2553558605523328	8795885601060178
6148914691236495	2	56	5797	41867	0	574	603	340	1	0	0	2553558605523328	18446744073709551615
9223372036854775806	2	57	5797	55273	0	574	375	200	285	182	43	2553558605523328	57484945731452901
2305843009213693950	2	57	5797	55273	0	574	375	200	69	51	3	2553558605523328	57484945731452901
144115188075855870	2	57	5797	55273	0	574	375	200	2	3	0	2553558605523328	57484945731452901
6148914691236495	2	57	5797	55273	0	574	375	200	1	0	0	2553558605523328	18446744073709551615
9223372036854775806	2	58	5797	48095	0	574	592	337	285	279	80	2553558605523328	5858463627943568
2305843009213693950	2	58	5797	48095	0	574	592	337	69	78	2	2553558605523328	5858463627943568
144115188075855870	2	58	5797	48095	0	574	592	337	2	5	0	2553558605523328	5858463627943568
6148914691236495	2	58	5797	48095	0	574	592	337	1	0	0	2553558605523328	18446744073709551615
9223372036854775806	2	59	5797	55964	0	574	246	144	285	121	30	2553558605523328	4794458762861514
2305843009213693950	2	59	5797	55964	0	574	246	144	69	34	2	2553558605523328	4794458762861514
144115188075855870	2	59	5797	55964	0	574	246	144	2	6	0	2553558605523328	4794458762861514
6148914691236495	2	59	5797	55964	0	574	246	144	1	0	0	2553558605523328	18446744073709551615
9223372036854775806	2	60	5797	33080	0	574	605	351	285	288	74	2553558605523328	21234551346284532
2305843009213693950	2	60	5797	33080	0	574	605	351	69	67	2	2553558605523328	21234551346284532
144115188075855870	2	60	5797	33080	0	574	605	351	2	6	0	2553558605523328	21234551346284532
6148914691236495	2	60	5797	33080	0	574	605	351	1	0	0	2553558605523328	18446744073709551615
9223372036854775806	2	61	5797	19280	0	574	590	339	285	318	85	2553558605523328	43101032433561777
2305843009213693950	2	61	5797	19280	0	574	590	339	69	71	3	2553558605523328	43101032433561777
144115188075855870	2	61	5797	19280	0	574	590	339	2	3	0	2553558605523328	43101032433561777
6148914691236495	2	61	5797	19280	0	574	590	339	1	0	0	2553558605523328	18446744073709551615
9223372036854775806	2	62	5797	8703	0	574	586	335	285	295	85	2553558605523328	21265985390459575
2305843009213693950	2	62	5797	8703	0	574	586	335	69	74	3	2553558605523328	21265985390459575
144115188075855870	2	62	5797	8703	0	574	586	335	2	5	0	2553558605523328	21265985390459575
6148914691236495	2	62	5797	8703	0	574	586	335	1	0	0	2553558605523328	18446744073709551615
9223372036854775806	2	63	5797	18798	0	574	587	325	285	268	65	2553558605523328	15005778287697291
2305843009213693950	2	63	5797	18798	0	574	587	325	69	71	3	2553558605523328	15005778287697291
144115188075855870	2	63	5797	18798	0	574	587	325	2	3	0	2553558605523328	15005778287697291
6148914691236495	2	63	5797	18798	0	574	587	325	1	0	0	2553558605523328	18446744073709551615
9223372036854775806	3	4	43646	63162	0	568	0	0	265	0	0	20063131727927022	18446744073709551615
2305843009213693950	3	4	43646	63162	0	568	0	0	64	0	0	20063131727927022	18446744073709551615
144115188075855870	3	4	43646	63162	0	568	0	0	2	0	0	20063131727927022	18446744073709551615
6148914691236495	3	4	43646	63162	0	568	0	0	0	0	0	18446744073709551615	18446744073709551615
9223372036854775806	3	5	43646	58023	0	568	17	13	265	5	3	20063131727927022	743817329257839234
2305843009213693950	3	5	43646	58023	0	568	17	13	64	1	0	20063131727927022	743817329257839234
144115188075855870	3	5	43646	58023	0	568	17	13	2	0	0	20063131727927022	18446744073709551615
6148914691236495	3	5	43646	58023	0	568	17	13	0	0	0	18446744073709551615	18446744073709551615
9223372036854775806	3	6	43646	481	0	568	601	334	265	296	79	20063131727927022	38549437110187536
2305843009213693950	3	6	43646	481	0	568	601	334	64	72	3	20063131727927022	38549437110187536
144115188075855870	3	6	43646	481	0	568	601	334	2	6	0	20063131727927022	38549437110187536
6148914691236495	3	6	43646	481	0	568	601	334	0	0	0	18446744073709551615	18446744073709551615
9223372036854775806	3	7	43646	51158	0	568	612	342	265	306	72	20063131727927022	6137495212140497
2305843009213693950	3	7	43646	51158	0	568	612	342	64	82	5	20063131727927022	6137495212140497
144115188075855870	3	7	43646	51158	0	568	612	342	2	2	0	20063131727927022	6137495212140497
6148914691236495	3	7	43646	51158	0	568	612	342	0	0	0	18446744073709551615	18446744073709551615
9223372036854775806	3	8	43646	41603	0	568	586	330	265	287	74	20063131727927022	10761376185897727
2305843009213693950	3	8	43646	41603	0	568	586	330	64	58	2	20063131727927022	10761376185897727
144115188075855870	3	8	43646	41603	0	568	586	330	2	5	0	20063131727927022	10761376185897727
6148914691236495	3	8	43646	41603	0	568	586	330	0	0	0	18446744073709551615	18446744073709551615
9223372036854775806	3	9	43646	53952	0	568	547	310	265	279	74	20063131727927022	12243229265372149
2305843009213693950	3	9	43646	53952	0	568	547	310	64	69	2	20063131727927022	12243229265372149
144115188075855870	3	9	43646	53952	0	568	547	310	2	2	0	20063131727927022	12243229265372149
6148914691236495	3	9	43646	53952	0	568	547	310	0	0	0	18446744073709551615	18446744073709551615
9223372036854775806	3	10	43646	48760	0	568	618	343	265	293	69	20063131727927022	47915410823883345
2305843009213693950	3	10	43646	48760	0	568	618	343	64	79	3	20063131727927022	47915410823883345
144115188075855870	3	10	43646	48760	0	568	618	343	2	1	0	20063131727927022	47915410823883345
6148914691236495	3	10	43646	48760	0	568	618	343	0	0	0	18446744073709551615	18446744073709551615
9223372036854775806	3	11	43646	8052	0	568	584	336	265	298	75	20063131727927022	19041420611092299
2305843009213693950	3	11	43646	8052	0	568	584	336	64	71	7	20063131727927022	19041420611092299
144115188075855870	3	11	43646	8052	0	568	584	336	2	4	0	20063131727927022	19041420611092299
6148914691236495	3	11	43646	8052	0	568	584	336	0	0	0	18446744073709551615	18446744073709551615
9223372036854775806	3	12	43646	6011	0	568	580	322	265	299	84	20063131727927022	4895819305245111
2305843009213693950	3	12	43646	6011	0	568	580	322	64	77	8	20063131727927022	4895819305245111
144115188075855870	3	12	43646	6011	0	568	580	322	2	5	0	20063131727927022	4895819305245111
6148914691236495	3	12	43646	6011	0	568	580	322	0	0	0	18446744073709551615	18446744073709551615
9223372036854775806	3	13	43646	8971	0	568	620	348	265	329	80	20063131727927022	13653916654037286
2305843009213693950	3	13	43646	8971	0	568	620	348	64	89	4	20063131727927022	13653916654037286
144115188075855870	3	13	43646	8971	0	568	620	348	2	5	0	20063131727927022	13653916654037286
6148914691236495	3	13	43646	8971	0	568	620	348	0	0	0	18446744073709551615	18446744073709551615
9223372036854775806	3	14	43646	29741	0	568	586	338	265	295	85	20063131727927022	11922634118000644
2305843009213693950	3	14	43646	29741	0	568	586	338	64	73	5	20063131727927022	11922634118000644
144115188075855870	3	14	43646	29741	0	568	586	338	2	7	0	20063131727927022	11922634118000644
6148914691236495	3	14	43646	29741	0	568	586	338	0	0	0	18446744073709551615	18446744073709551615
9223372036854775806	3	15	43646	61994	0	568	0	0	265	0	0	20063131727927022	18446744073709551615
2305843009213693950	3	15	43646	61994	0	568	0	0	64	0	0	20063131727927022	18446744073709551615
144115188075855870	3	15	43646	61994	0	568	0	0	2	0	0	20063131727927022	18446744073709551615
6148914691236495	3	15	43646	61994	0	568	0	0	0	0	0	18446744073709551615	18446744073709551615
9223372036854775806	3	16	43646	65179	0	568	0	0	265	0	0	20063131727927022	18446744073709551615
2305843009213693950	3	16	43646	65179	0	568	0	0	64	0	0	20063131727927022	18446744073709551615
144115188075855870	3	16	43646	65179	0	568	0	0	2	0	0	20063131727927022	18446744073709551615
6148914691236495	3	16	43646	65179	0	568	0	0	0	0	0	18446744073709551615	18446744073709551615
9223372036854775806	3	17	43646	39561	0	568	591	333	265	297	77	20063131727927022	16693452655042096
2305843009213693950	3	17	43646	39561	0	568	591	333	64	79	6	20063131727927022	16693452655042096
144115188075855870	3	17	43646	39561	0	568	591	333	2	1	0	20063131727927022	16693452655042096
6148914691236495	3	17	43646	39561	0	568	591	333	0	0	0	18446744073709551615	18446744073709551615
9223372036854775806	3	18	43646	40991	0	568	581	330	265	281	65	20063131727927022	4378728128714937
2305843009213693950	3	18	43646	40991	0	568	581	330	64	61	3	20063131727927022	4378728128714937
144115188075855870	3	18	43646	40991	0	568	581	330	2	6	0	20063131727927022	4378728128714937
6148914691236495	3	18	43646	40991	0	568	581	330	0	0	0	18446744073709551615	18446744073709551615
9223372036854775806	3	19	43646	46852	0	568	596	347	265	272	72	20063131727927022	1705756778285761
2305843009213693950	3	19	43646	46852	0	568	596	347	64	77	8	20063131727927022	1705756778285761
144115188075855870	3	19	43646	46852	0	568	596	347	2	5	0	20063131727927022	1705756778285761
6148914691236495	3	19	43646	46852	0	568	596	347	0	1	0	18446744073709551615	1705756778285761
9223372036854775806	3	20	43646	6863	0	568	619	349	265	322	96	20063131727927022	17292185457148032
2305843009213693950	3	20	43646	6863	0	568	619	349	64	81	3	20063131727927022	17292185457148032
144115188075855870	3	20	43646	6863	0	568	619	349	2	2	0	20063131727927022	17292185457148032
6148914691236495	3	20	43646	6863	0	568	619	349	0	0	0	18446744073709551615	18446744073709551615
9223372036854775806	3	21	43646	18917	0	568	590	327	265	296	76	20063131727927022	13061327029430687
2305843009213693950	3	21	43646	18917	0	568	590	327	64	66	6	20063131727927022	13061327029430687
144115188075855870	3	21	43646	18917	0	568	590	327	2	5	0	20063131727927022	13061327029430687
6148914691236495	3	21	43646	18917	0	568	590	327	0	0	0	18446744073709551615	18446744073709551615
9223372036854775806	3	22	43646	44560	0	568	621	359	265	292	82	20063131727927022	5883336446271408
2305843009213693950	3	22	43646	44560	0	568	621	359	64	83	4	20063131727927022	5883336446271408
144115188075855870	3	22	43646	44560	0	568	621	359	2	6	0	20063131727927022	5883336446271408
6148914691236495	3	22	43646	44560	0	568	621	359	0	0	0	18446744073709551615	18446744073709551615
9223372036854775806	3	23	43646	36290	0	568	559	306	265	285	67	20063131727927022	30102744842481255
2305843009213693950	3	23	43646	36290	0	568	559	306	64	73	4	20063131727927022	30102744842481255
144115188075855870	3	23	43646	36290	0	568	559	306	2	7	0	20063131727927022	30102744842481255
6148914691236495	3	23	43646	36290	0	568	559	306	0	0	0	18446744073709551615	18446744073709551615
9223372036854775806	3	24	43646	24867	0	568	580	336	265	280	64	20063131727927022	27029469813257164
2305843009213693950	3	24	43646	24867	0	568	580	336	64	77	3	20063131727927022	27029469813257164
144115188075855870	3	24	43646	24867	0	568	580	336	2	3	0	20063131727927022	27029469813257164
6148914691236495	3	24	43646	24867	0	568	580	336	0	0	0	18446744073709551615	18446744073709551615
9223372036854775806	3	25	43646	10092	0	568	594	346	265	296	82	20063131727927022	7354267654878491
2305843009213693950	3	25	43646	10092	0	568	594	346	64	90	7	20063131727927022	7354267654878491
144115188075855870	3	25	43646	10092	0	568	594	346	2	4	0	20063131727927022	7354267654878491
6148914691236495	3	25	43646	10092	0	568	594	346	0	0	0	18446744073709551615	18446744073709551615
9223372036854775806	3	26	43646	35222	0	568	601	347	265	325	92	20063131727927022	6767251757431065
2305843009213693950	3	26	43646	35222	0	568	601	347	64	91	6	20063131727927022	6767251757431065
144115188075855870	3	26	43646	35222	0	568	601	347	2	7	0	20063131727927022	6767251757431065
6148914691236495	3	26	43646	35222	0	568	601	347	0	0	0	18446744073709551615	18446744073709551615
9223372036854775806	3	27	43646	8487	0	568	592	342	265	278	70	20063131727927022	4893775207410366
2305843009213693950	3	27	43646	8487	0	568	592	342	64	69	3	20063131727927022	4893775207410366
144115188075855870	3	27	43646	8487	0	568	592	342	2	5	0	20063131727927022	4893775207410366
6148914691236495	3	27	43646	8487	0	568	592	342	0	0	0	18446744073709551615	18446744073709551615
9223372036854775806	3	28	43646	12647	0	568	597	335	265	297	78	20063131727927022	1692374620791229
2305843009213693950	3	28	43646	12647	0	568	597	335	64	82	4	20063131727927022	1692374620791229
144115188075855870	3	28	43646	12647	0	568	597	335	2	10	0	20063131727927022	1692374620791229
6148914691236495	3	28	43646	12647	0	568	597	335	0	2	0	18446744073709551615	1692374620791229
9223372036854775806	3	29	43646	10798	0	568	566	331	265	296	81	20063131727927022	20776250396026951
2305843009213693950	3	29	43646	10798	0	568	566	331	64	78	3	20063131727927022	20776250396026951
144115188075855870	3	29	43646	10798	0	568	566	331	2	7	0	20063131727927022	20776250396026951
6148914691236495	3	29	43646	10798	0	568	566	331	0	0	0	18446744073709551615	18446744073709551615
9223372036854775806	3	30	43646	25650	0	568	597	336	265	283	72	20063131727927022	3662753934290118
2305843009213693950	3	30	43646	25650	0	568	597	336	64	77	5	20063131727927022	3662753934290118
144115188075855870	3	30	43646	25650	0	568	597	336	2	4	0	20063131727927022	3662753934290118
6148914691236495	3	30	43646	25650	0	568	597	336	0	0	0	18446744073709551615	18446744073709551615
9223372036854775806	3	31	43646	34514	0	568	611	343	265	287	78	20063131727927022	6941176516761588
2305843009213693950	3	31	43646	34514	0	568	611	343	64	58	4	20063131727927022	6941176516761588
144115188075855870	3	31	43646	34514	0	568	611	343	2	4	0	20063131727927022	6941176516761588
6148914691236495	3	31	43646	34514	0	568	611	343	0	0	0	18446744073709551615	18446744073709551615
9223372036854775806	3	32	43646	8941	0	568	618	365	265	316	90	20063131727927022	41509711107450482
2305843009213693950	3	32	43646	8941	0	568	618	365	64	62	4	20063131727927022	41509711107450482
144115188075855870	3	32	43646	8941	0	568	618	365	2	2	0	20063131727927022	41509711107450482
6148914691236495	3	32	43646	8941	0	568	618	365	0	0	0	18446744073709551615	18446744073709551615
9223372036854775806	3	33	43646	18606	0	568	587	343	265	275	75	20063131727927022	853515616737708
2305843009213693950	3	33	43646	18606	0	568	587	343	64	87	6	20063131727927022	853515616737708
144115188075855870	3	33	43646	18606	0	568	587	343	2	5	0	20063131727927022	853515616737708
6148914691236495	3	33	43646	18606	0	568	587	343	0	1	0	18446744073709551615	853515616737708
9223372036854775806	3	34	43646	25591	0	568	601	336	265	280	74	20063131727927022	6928079483968818
2305843009213693950	3	34	43646	25591	0	568	601	336	64	79	3	20063131727927022	6928079483968818
144115188075855870	3	34	43646	25591	0	568	601	336	2	7	0	20063131727927022	6928079483968818
6148914691236495	3	34	43646	25591	0	568	601	336	0	0	0	18446744073709551615	18446744073709551615
9223372036854775806	3	35	43646	46113	0	568	590	339	265	315	83	20063131727927022	7541477037468554
2305843009213693950	3	35	43646	46113	0	568	590	339	64	87	5	20063131727927022	7541477037468554
144115188075855870	3	35	43646	46113	0	568	590	339	2	5	0	20063131727927022	7541477037468554
6148914691236495	3	35	43646	46113	0	568	590	339	0	0	0	18446744073709551615	18446744073709551615
9223372036854775806	3	36	43646	19622	0	568	589	330	265	288	78	20063131727927022	16578064053768791
2305843009213693950	3	36	43646	19622	0	568	589	330	64	66	3	20063131727927022	16578064053768791
144115188075855870	3	36	43646	19622	0	568	589	330	2	7	0	20063131727927022	16578064053768791
6148914691236495	3	36	43646	19622	0	568	589	330	0	0	0	18446744073709551615	18446744073709551615
9223372036854775806	3	37	43646	61384	0	568	0	0	265	0	0	20063131727927022	18446744073709551615
2305843009213693950	3	37	43646	61384	0	568	0	0	64	0	0	20063131727927022	18446744073709551615
144115188075855870	3	37	43646	61384	0	568	0	0	2	0	0	20063131727927022	18446744073709551615
6148914691236495	3	37	43646	61384	0	568	0	0	0	0	0	18446744073709551615	18446744073709551615
9223372036854775806	3	38	43646	1850	0	568	593	334	265	286	78	20063131727927022	2925841906355596
2305843009213693950	3	38	43646	1850	0	568	593	334	64	71	4	20063131727927022	2925841906355596
144115188075855870	3	38	43646	1850	0	568	593	334	2	2	0	20063131727927022	2925841906355596
6148914691236495	3	38	43646	1850	0	568	593	334	0	1	0	18446744073709551615	2925841906355596
9223372036854775806	3	39	43646	49493	0	568	597	337	265	308	82	20063131727927022	2369895518816490
2305843009213693950	3	39	43646	49493	0	568	597	337	64	76	8	20063131727927022	2369895518816490
144115188075855870	3	39	43646	49493	0	568	597	337	2	3	0	20063131727927022	2369895518816490
6148914691236495	3	39	43646	49493	0	568	597	337	0	1	0	18446744073709551615	2369895518816490
9223372036854775806	3	40	43646	43652	0	568	575	337	265	278	69	20063131727927022	42882982723515030
2305843009213693950	3	40	43646	43652	0	568	575	337	64	67	3	20063131727927022	42882982723515030
144115188075855870	3	40	43646	43652	0	568	575	337	2	1	0	20063131727927022	42882982723515030
6148914691236495	3	40	43646	43652	0	568	575	337	0	0	0	18446744073709551615	18446744073709551615
9223372036854775806	3	41	43646	65253	0	568	0	0	265	0	0	20063131727927022	18446744073709551615
2305843009213693950	3	41	43646	65253	0	568	0	0	64	0	0	20063131727927022	18446744073709551615
144115188075855870	3	41	43646	65253	0	568	0	0	2	0	0	20063131727927022	18446744073709551615
6148914691236495	3	41	43646	65253	0	568	0	0	0	0	0	18446744073709551615	18446744073709551615
9223372036854775806	3	42	43646	24016	0	568	582	332	265	278	77	20063131727927022	23566389845982477
2305843009213693950	3	42	43646	24016	0	568	582	332	64	65	4	20063131727927022	23566389845982477
144115188075855870	3	42	43646	24016	0	568	582	332	2	5	0	20063131727927022	23566389845982477
6148914691236495	3	42	43646	24016	0	568	582	332	0	0	0	18446744073709551615	18446744073709551615
9223372036854775806	3	43	43646	39014	0	568	577	336	265	286	68	20063131727927022	9614967626582621
2305843009213693950	3	43	43646	39014	0	568	577	336	64	69	6	20063131727927022	9614967626582621
144115188075855870	3	43	43646	39014	0	568	577	336	2	3	0	20063131727927022	9614967626582621
6148914691236495	3	43	43646	39014	0	568	577	336	0	0	0	18446744073709551615	18446744073709551615
9223372036854775806	3	44	43646	50585	0	568	573	334	265	297	90	20063131727927022	2197102958816999
2305843009213693950	3	44	43646	50585	0	568	573	334	64	76	5	20063131727927022	2197102958816999
144115188075855870	3	44	43646	50585	0	568	573	334	2	5	0	20063131727927022	2197102958816999
6148914691236495	3	44	43646	50585	0	568	573	334	0	1	0	18446744073709551615	2197102958816999
9223372036854775806	3	45	43646	543	0	568	595	338	265	277	81	20063131727927022	3529678978331514
2305843009213693950	3	45	43646	543	0	568	595	338	64	72	8	20063131727927022	3529678978331514
144115188075855870	3	45	43646	543	0	568	595	338	2	5	0	20063131727927022	3529678978331514
6148914691236495	3	45	43646	543	0	568	595	338	0	0	0	18446744073709551615	18446744073709551615
9223372036854775806	3	46	43646	28348	0	568	584	328	265	308	84	20063131727927022	7659861853809104
2305843009213693950	3	46	43646	28348	0	568	584	328	64	83	7	20063131727927022	7659861853809104
144115188075855870	3	46	43646	28348	0	568	584	328	2	7	0	20063131727927022	7659861853809104
6148914691236495	3	46	43646	28348	0	568	584	328	0	0	0	18446744073709551615	18446744073709551615
9223372036854775806	3	47	43646	36508	0	568	558	319	265	281	87	20063131727927022	5699832315310769
2305843009213693950	3	47	43646	36508	0	568	558	319	64	79	9	20063131727927022	5699832315310769
144115188075855870	3	47	43646	36508	0	568	558	319	2	5	0	20063131727927022	5699832315310769
6148914691236495	3	47	43646	36508	0	568	558	319	0	0	0	18446744073709551615	18446744073709551615
9223372036854775806	3	48	43646	10875	0	568	578	328	265	291	70	20063131727927022	25099112878567966
2305843009213693950	3	48	43646	10875	0	568	578	328	64	75	4	20063131727927022	25099112878567966
144115188075855870	3	48	43646	10875	0	568	578	328	2	4	0	20063131727927022	25099112878567966
6148914691236495	3	48	43646	10875	0	568	578	328	0	0	0	18446744073709551615	18446744073709551615
9223372036854775806	3	49	43646	34534	0	568	571	319	265	301	96	20063131727927022	1691219382961787
2305843009213693950	3	49	43646	34534	0	568	571	319	64	75	6	20063131727927022	1691219382961787
144115188075855870	3	49	43646	34534	0	568	571	319	2	4	0	20063131727927022	1691219382961787
6148914691236495	3	49	43646	34534	0	568	571	319	0	1	0	18446744073709551615	1691219382961787
9223372036854775806	3	50	43646	26791	0	568	623	347	265	301	77	20063131727927022	15400635981762684
2305843009213693950	3	50	43646	26791	0	568	623	347	64	85	4	20063131727927022	15400635981762684
144115188075855870	3	50	43646	26791	0	568	623	347	2	6	0	20063131727927022	15400635981762684
6148914691236495	3	50	43646	26791	0	568	623	347	0	0	0	18446744073709551615	18446744073709551615
9223372036854775806	3	51	43646	32876	0	568	586	324	265	292	72	20063131727927022	41742007892017841
2305843009213693950	3	51	43646	32876	0	568	586	324	64	77	7	20063131727927022	41742007892017841
144115188075855870	3	51	43646	32876	0	568	586	324	2	3	0	20063131727927022	41742007892017841
6148914691236495	3	51	43646	32876	0	568	586	324	0	0	0	18446744073709551615	18446744073709551615
9223372036854775806	3	52	43646	13804	0	568	574	328	265	300	79	20063131727927022	2790875122670278
2305843009213693950	3	52	43646	13804	0	568	574	328	64	63	4	20063131727927022	2790875122670278
144115188075855870	3	52	43646	13804	0	568	574	328	2	3	0	20063131727927022	2790875122670278
6148914691236495	3	52	43646	13804	0	568	574	328	0	1	0	18446744073709551615	2790875122670278
9223372036854775806	3	53	43646	28986	0	568	592	333	265	313	79	20063131727927022	26017863593228402
2305843009213693950	3	53	43646	28986	0	568	592	333	64	67	1	20063131727927022	26017863593228402
144115188075855870	3	53	43646	28986	0	568	592	333	2	5	0	20063131727927022	26017863593228402
6148914691236495	3	53	43646	28986	0	568	592	333	0	0	0	18446744073709551615	18446744073709551615
9223372036854775806	3	54	43646	20288	0	568	577	309	265	279	84	20063131727927022	6993834807301157
2305843009213693950	3	54	43646	20288	0	568	577	309	64	77	6	20063131727927022	6993834807301157
144115188075855870	3	54	43646	20288	0	568	577	309	2	2	0	20063131727927022	6993834807301157
6148914691236495	3	54	43646	20288	0	568	577	309	0	0	0	18446744073709551615	18446744073709551615
9223372036854775806	3	55	43646	41436	0	568	582	329	265	287	68	20063131727927022	25612715942692053
2305843009213693950	3	55	43646	41436	0	568	582	329	64	79	2	20063131727927022	25612715942692053
144115188075855870	3	55	43646	41436	0	568	582	329	2	3	0	20063131727927022	25612715942692053
6148914691236495	3	55	43646	41436	0	568	582	329	0	0	0	18446744073709551615	18446744073709551615
9223372036854775806	3	56	43646	41867	0	568	603	339	265	288	70	20063131727927022	8795885601060178
2305843009213693950	3	56	43646	41867	0	568	603	339	64	69	3	20063131727927022	8795885601060178
144115188075855870	3	56	43646	41867	0	568	603	339	2	8	0	20063131727927022	8795885601060178
6148914691236495	3	56	43646	41867	0	568	603	339	0	0	0	18446744073709551615	18446744073709551615
9223372036854775806	3	57	43646	55273	0	568	375	205	265	182	45	20063131727927022	57484945731452901
2305843009213693950	3	57	43646	55273	0	568	375	205	64	51	1	20063131727927022	57484945731452901
144115188075855870	3	57	43646	55273	0	568	375	205	2	3	0	20063131727927022	57484945731452901
6148914691236495	3	57	43646	55273	0	568	375	205	0	0	0	18446744073709551615	18446744073709551615
9223372036854775806	3	58	43646	48095	0	568	592	354	265	279	78	20063131727927022	5858463627943568
2305843009213693950	3	58	43646	48095	0	568	592	354	64	78	9	20063131727927022	5858463627943568
144115188075855870	3	58	43646	48095	0	568	592	354	2	5	0	20063131727927022	5858463627943568
6148914691236495	3	58	43646	48095	0	568	592	354	0	0	0	18446744073709551615	18446744073709551615
9223372036854775806	3	59	43646	55964	0	568	246	140	265	121	32	20063131727927022	4794458762861514
2305843009213693950	3	59	43646	55964	0	568	246	140	64	34	3	20063131727927022	4794458762861514
144115188075855870	3	59	43646	55964	0	568	246	140	2	6	0	20063131727927022	4794458762861514
6148914691236495	3	59	43646	55964	0	568	246	140	0	0	0	18446744073709551615	18446744073709551615
9223372036854775806	3	60	43646	33080	0	568	605	347	265	288	83	20063131727927022	21234551346284532
2305843009213693950	3	60	43646	33080	0	568	605	347	64	67	6	20063131727927022	21234551346284532
144115188075855870	3	60	43646	33080	0	568	605	347	2	6	0	20063131727927022	21234551346284532
6148914691236495	3	60	43646	33080	0	568	605	347	0	0	0	18446744073709551615	18446744073709551615
9223372036854775806	3	61	43646	19280	0	568	590	325	265	318	84	20063131727927022	43101032433561777
2305843009213693950	3	61	43646	19280	0	568	590	325	64	71	4	20063131727927022	43101032433561777
144115188075855870	3	61	43646	19280	0	568	590	325	2	3	0	20063131727927022	43101032433561777
6148914691236495	3	61	43646	19280	0	568	590	325	0	0	0	18446744073709551615	18446744073709551615
9223372036854775806	3	62	43646	8703	0	568	586	330	265	295	71	20063131727927022	21265985390459575
2305843009213693950	3	62	43646	8703	0	568	586	330	64	74	5	20063131727927022	21265985390459575
144115188075855870	3	62	43646	8703	0	568	586	330	2	5	0	20063131727927022	21265985390459575
6148914691236495	3	62	43646	8703	0	568	586	330	0	0	0	18446744073709551615	18446744073709551615
9223372036854775806	3	63	43646	18798	0	568	587	329	265	268	66	20063131727927022	15005778287697291
2305843009213693950	3	63	43646	18798	0	568	587	329	64	71	2	20063131727927022	15005778287697291
144115188075855870	3	63	43646	18798	0	568	587	329	2	3	0	20063131727927022	15005778287697291
6148914691236495	3	63	43646	18798	0	568	587	329	0	0	0	18446744073709551615	18446744073709551615
9223372036854775806	4	5	63162	58023	0	0	17	0	0	5	0	18446744073709551615	743817329257839234
2305843009213693950	4	5	63162	58023	0	0	17	0	0	1	0	18446744073709551615	743817329257839234
144115188075855870	4	5	63162	58023	0	0	17	0	0	0	0	18446744073709551615	18446744073709551615
6148914691236495	4	5	63162	58023	0	0	17	0	0	0	0	18446744073709551615	18446744073709551615
9223372036854775806	4	6	63162	481	0	0	601	0	0	296	0	18446744073709551615	38549437110187536
2305843009213693950	4	6	63162	481	0	0	601	0	0	72	0	18446744073709551615	38549437110187536
144115188075855870	4	6	63162	481	0	0	601	0	0	6	0	18446744073709551615	38549437110187536
6148914691236495	4	6	63162	481	0	0	601	0	0	0	0	18446744073709551615	18446744073709551615
9223372036854775806	4	7	63162	51158	0	0	612	0	0	306	0	18446744073709551615	6137495212140497
2305843009213693950	4	7	63162	51158	0	0	612	0	0	82	0	18446744073709551615	6137495212140497
144115188075855870	4	7	63162	51158	0	0	612	0	0	2	0	18446744073709551615	6137495212140497
6148914691236495	4	7	63162	51158	0	0	612	0	0	0	0	18446744073709551615	18446744073709551615
9223372036854775806	4	8	63162	41603	0	0	586	0	0	287	0	18446744073709551615	10761376185897727
2305843009213693950	4	8	63162	41603	0	0	586	0	0	58	0	18446744073709551615	10761376185897727
144115188075855870	4	8	63162	41603	0	0	586	0	0	5	0	18446744073709551615	10761376185897727
6148914691236495	4	8	63162	41603	0	0	586	0	0	0	0	18446744073709551615	18446744073709551615
9223372036854775806	4	9	63162	53952	0	0	547	0	0	279	0	18446744073709551615	12243229265372149
2305843009213693950	4	9	63162	53952	0	0	547	0	0	69	0	18446744073709551615	12243229265372149
144115188075855870	4	9	63162	53952	0	0	547	0	0	2	0	18446744073709551615	12243229265372149
6148914691236495	4	9	63162	53952	0	0	547	0	0	0	0	18446744073709551615	18446744073709551615
9223372036854775806	4	10	63162	48760	0	0	618	0	0	293	0	18446744073709551615	47915410823883345
2305843009213693950	4	10	63162	48760	0	0	618	0	0	79	0	18446744073709551615	47915410823883345
144115188075855870	4	10	63162	48760	0	0	618	0	0	1	0	18446744073709551615	47915410823883345
6148914691236495	4	10	63162	48760	0	0	618	0	0	0	0	18446744073709551615	18446744073709551615
9223372036854775806	4	11	63162	8052	0	0	584	0	0	298	0	18446744073709551615	19041420611092299
2305843009213693950	4	11	63162	8052	0	0	584	0	0	71	0	18446744073709551615	19041420611092299
144115188075855870	4	11	63162	8052	0	0	584	0	0	4	0	18446744073709551615	19041420611092299
6148914691236495	4	11	63162	8052	0	0	584	0	0	0	0	18446744073709551615	18446744073709551615
9223372036854775806	4	12	63162	6011	0	0	580	0	0	299	0	18446744073709551615	4895819305245111
2305843009213693950	4	12	63162	6011	0	0	580	0	0	77	0	18446744073709551615	4895819305245111
144115188075855870	4	12	63162	6011	0	0	580	0	0	5	0	18446744073709551615	4895819305245111
6148914691236495	4	12	63162	6011	0	0	580	0	0	0	0	18446744073709551615	18446744073709551615
9223372036854775806	4	13	63162	8971	0	0	620	0	0	329	0	18446744073709551615	13653916654037286
2305843009213693950	4	13	63162	8971	0	0	620	0	0	89	0	18446744073709551615	13653916654037286
144115188075855870	4	13	63162	8971	0	0	620	0	0	5	0	18446744073709551615	13653916654037286
6148914691236495	4	13	63162	8971	0	0	620	0	0	0	0	18446744073709551615	18446744073709551615
9223372036854775806	4	14	63162	29741	0	0	586	0	0	295	0	18446744073709551615	11922634118000644
2305843009213693950	4	14	63162	29741	0	0	586	0	0	73	0	18446744073709551615	11922634118000644
144115188075855870	4	14	63162	29741	0	0	586	0	0	7	0	18446744073709551615	11922634118000644
6148914691236495	4	14	63162	29741	0	0	586	0	0	0	0	18446744073709551615	18446744073709551615
9223372036854775806	4	15	63162	61994	0	0	0	0	0	0	0	18446744073709551615	18446744073709551615
2305843009213693950	4	15	63162	61994	0	0	0	0	0	0	0	18446744073709551615	18446744073709551615
144115188075855870	4	15	63162	61994	0	0	0	0	0	0	0	18446744073709551615	18446744073709551615
6148914691236495	4	15	63162	61994	0	0	0	0	0	0	0	18446744073709551615	18446744073709551615
9223372036854775806	4	16	63162	65179	0	0	0	0	0	0	0	18446744073709551615	18446744073709551615
2305843009213693950	4	16	63162	65179	0	0	0	0	0	0	0	18446744073709551615	18446744073709551615
144115188075855870	4	16	63162	65179	0	0	0	0	0	0	0	18446744073709551615	18446744073709551615
6148914691236495	4	16	63162	65179	0	0	0	0	0	0	0	18446744073709551615	18446744073709551615
9223372036854775806	4	17	63162	39561	0	0	591	0	0	297	0	18446744073709551615	16693452655042096
2305843009213693950	4	17	63162	39561	0	0	591	0	0	79	0	18446744073709551615	16693452655042096
144115188075855870	4	17	63162	39561	0	0	591	0	0	1	0	18446744073709551615	16693452655042096
6148914691236495	4	17	63162	39561	0	0	591	0	0	0	0	18446744073709551615	18446744073709551615
9223372036854775806	4	18	63162	40991	0	0	581	0	0	281	0	18446744073709551615	4378728128714937
2305843009213693950	4	18	63162	40991	0	0	581	0	0	61	0	18446744073709551615	4378728128714937
144115188075855870	4	18	63162	40991	0	0	581	0	0	6	0	18446744073709551615	4378728128714937
6148914691236495	4	18	63162	40991	0	0	581	0	0	0	0	18446744073709551615	18446744073709551615
9223372036854775806	4	19	63162	46852	0	0	596	0	0	272	0	18446744073709551615	1705756778285761
2305843009213693950	4	19	63162	46852	0	0	596	0	0	77	0	18446744073709551615	1705756778285761
144115188075855870	4	19	63162	46852	0	0	596	0	0	5	0	18446744073709551615	1705756778285761
6148914691236495	4	19	63162	46852	0	0	596	0	0	1	0	18446744073709551615	1705756778285761
9223372036854775806	4	20	63162	6863	0	0	619	0	0	322	0	18446744073709551615	17292185457148032
2305843009213693950	4	20	63162	6863	0	0	619	0	0	81	0	18446744073709551615	17292185457148032
144115188075855870	4	20	63162	6863	0	0	619	0	0	2	0	18446744073709551615	17292185457148032
6148914691236495	4	20	63162	6863	0	0	619	0	0	0	0	18446744073709551615	18446744073709551615
9223372036854775806	4	21	63162	18917	0	0	590	0	0	296	0	18446744073709551615	13061327029430687
2305843009213693950	4	21	63162	18917	0	0	590	0	0	66	0	18446744073709551615	13061327029430687
144115188075855870	4	21	63162	18917	0	0	590	0	0	5	0	18446744073709551615	13061327029430687
6148914691236495	4	21	63162	18917	0	0	590	0	0	0	0	18446744073709551615	18446744073709551615
9223372036854775806	4	22	63162	44560	0	0	621	0	0	292	0	18446744073709551615	5883336446271408
2305843009213693950	4	22	63162	44560	0	0	621	0	0	83	0	18446744073709551615	5883336446271408
144115188075855870	4	22	63162	44560	0	0	621	0	0	6	0	18446744073709551615	5883336446271408
6148914691236495	4	22	63162	44560	0	0	621	0	0	0	0	18446744073709551615	18446744073709551615
9223372036854775806	4	23	63162	36290	0	0	559	0	0	285	0	18446744073709551615	30102744842481255
2305843009213693950	4	23	63162	36290	0	0	559	0	0	73	0	18446744073709551615	30102744842481255
144115188075855870	4	23	63162	36290	0	0	559	0	0	7	0	18446744073709551615	30102744842481255
6148914691236495	4	23	63162	36290	0	0	559	0	0	0	0	18446744073709551615	18446744073709551615
9223372036854775806	4	24	63162	24867	0	0	580	0	0	280	0	18446744073709551615	27029469813257164
2305843009213693950	4	24	63162	24867	0	0	580	0	0	77	0	18446744073709551615	27029469813257164
144115188075855870	4	24	63162	24867	0	0	580	0	0	3	0	18446744073709551615	27029469813257164
6148914691236495	4	24	63162	24867	0	0	580	0	0	0	0	18446744073709551615	18446744073709551615
9223372036854775806	4	25	63162	10092	0	0	594	0	0	296	0	18446744073709551615	7354267654878491
2305843009213693950	4	25	63162	10092	0	0	594	0	0	90	0	18446744073709551615	7354267654878491
144115188075855870	4	25	63162	10092	0	0	594	0	0	4	0	18446744073709551615	7354267654878491
6148914691236495	4	25	63162	10092	0	0	594	0	0	0	0	18446744073709551615	18446744073709551615
9223372036854775806	4	26	63162	35222	0	0	601	0	0	325	0	18446744073709551615	6767251757431065
2305843009213693950	4	26	63162	35222	0	0	601	0	0	91	0	18446744073709551615	6767251757431065
144115188075855870	4	26	63162	35222	0	0	601	0	0	7	0	18446744073709551615	6767251757431065
6148914691236495	4	26	63162	35222	0	0	601	0	0	0	0	18446744073709551615	18446744073709551615
9223372036854775806	4	27	63162	8487	0	0	592	0	0	278	0	18446744073709551615	4893775207410366
2305843009213693950	4	27	63162	8487	0	0	592	0	0	69	0	18446744073709551615	4893775207410366
144115188075855870	4	27	63162	8487	0	0	592	0	0	5	0	18446744073709551615	4893775207410366
6148914691236495	4	27	63162	8487	0	0	592	0	0	0	0	18446744073709551615	18446744073709551615
9223372036854775806	4	28	63162	12647	0	0	597	0	0	297	0	18446744073709551615	1692374620791229
2305843009213693950	4	28	63162	12647	0	0	597	0	0	82	0	18446744073709551615	1692374620791229
144115188075855870	4	28	63162	12647	0	0	597	0	0	10	0	18446744073709551615	1692374620791229
6148914691236495	4	28	63162	12647	0	0	597	0	0	2	0	18446744073709551615	1692374620791229
9223372036854775806	4	29	63162	10798	0	0	566	0	0	296	0	18446744073709551615	20776250396026951
2305843009213693950	4	29	63162	10798	0	0	566	0	0	78	0	18446744073709551615	20776250396026951
144115188075855870	4	29	63162	10798	0	0	566	0	0	7	0	18446744073709551615	20776250396026951
6148914691236495	4	29	63162	10798	0	0	566	0	0	0	0	18446744073709551615	18446744073709551615
9223372036854775806	4	30	63162	25650	0	0	597	0	0	283	0	18446744073709551615	3662753934290118
2305843009213693950	4	30	63162	25650	0	0	597	0	0	77	0	18446744073709551615	3662753934290118
144115188075855870	4	30	63162	25650	0	0	597	0	0	4	0	18446744073709551615	3662753934290118
6148914691236495	4	30	63162	25650	0	0	597	0	0	0	0	18446744073709551615	18446744073709551615
9223372036854775806	4	31	63162	34514	0	0	611	0	0	287	0	18446744073709551615	6941176516761588
2305843009213693950	4	31	63162	34514	0	0	611	0	0	58	0	18446744073709551615	6941176516761588
144115188075855870	4	31	63162	34514	0	0	611	0	0	4	0	18446744073709551615	6941176516761588
6148914691236495	4	31	63162	34514	0	0	611	0	0	0	0	18446744073709551615	18446744073709551615
9223372036854775806	4	32	63162	8941	0	0	618	0	0	316	0	18446744073709551615	41509711107450482
2305843009213693950	4	32	63162	8941	0	0	618	0	0	62	0	18446744073709551615	41509711107450482
144115188075855870	4	32	63162	8941	0	0	618	0	0	2	0	18446744073709551615	41509711107450482
6148914691236495	4	32	63162	8941	0	0	618	0	0	0	0	18446744073709551615	18446744073709551615
9223372036854775806	4	33	63162	18606	0	0	587	0	0	275	0	18446744073709551615	853515616737708
2305843009213693950	4	33	63162	18606	0	0	587	0	0	87	0	18446744073709551615	853515616737708
144115188075855870	4	33	63162	18606	0	0	587	0	0	5	0	18446744073709551615	853515616737708
6148914691236495	4	33	63162	18606	0	0	587	0	0	1	0	18446744073709551615	853515616737708
9223372036854775806	4	34	63162	25591	0	0	601	0	0	280	0	18446744073709551615	6928079483968818
2305843009213693950	4	34	63162	25591	0	0	601	0	0	79	0	18446744073709551615	6928079483968818
144115188075855870	4	34	63162	25591	0	0	601	0	0	7	0	18446744073709551615	6928079483968818
6148914691236495	4	34	63162	25591	0	0	601	0	0	0	0	18446744073709551615	18446744073709551615
9223372036854775806	4	35	63162	46113	0	0	590	0	0	315	0	18446744073709551615	7541477037468554
2305843009213693950	4	35	63162	46113	0	0	590	0	0	87	0	18446744073709551615	7541477037468554
144115188075855870	4	35	63162	46113	0	0	590	0	0	5	0	18446744073709551615	7541477037468554
6148914691236495	4	35	63162	46113	0	0	590	0	0	0	0	18446744073709551615	18446744073709551615
9223372036854775806	4	36	63162	19622	0	0	589	0	0	288	0	18446744073709551615	16578064053768791
2305843009213693950	4	36	63162	19622	0	0	589	0	0	66	0	18446744073709551615	16578064053768791
144115188075855870	4	36	63162	19622	0	0	589	0	0	7	0	18446744073709551615	16578064053768791
6148914691236495	4	36	63162	19622	0	0	589	0	0	0	0	18446744073709551615	18446744073709551615
9223372036854775806	4	37	63162	61384	0	0	0	0	0	0	0	18446744073709551615	18446744073709551615
2305843009213693950	4	37	63162	61384	0	0	0	0	0	0	0	18446744073709551615	18446744073709551615
144115188075855870	4	37	63162	61384	0	0	0	0	0	0	0	18446744073709551615	18446744073709551615
6148914691236495	4	37	63162	61384	0	0	0	0	0	0	0	18446744073709551615	18446744073709551615
9223372036854775806	4	38	63162	1850	0	0	593	0	0	286	0	18446744073709551615	2925841906355596
2305843009213693950	4	38	63162	1850	0	0	593	0	0	71	0	18446744073709551615	2925841906355596
144115188075855870	4	38	63162	1850	0	0	593	0	0	2	0	18446744073709551615	2925841906355596
6148914691236495	4	38	63162	1850	0	0	593	0	0	1	0	18446744073709551615	2925841906355596
9223372036854775806	4	39	63162	49493	0	0	597	0	0	308	0	18446744073709551615	2369895518816490
2305843009213693950	4	39	63162	49493	0	0	597	0	0	76	0	18446744073709551615	2369895518816490
144115188075855870	4	39	63162	49493	0	0	597	0	0	3	0	18446744073709551615	2369895518816490
6148914691236495	4	39	63162	49493	0	0	597	0	0	1	0	18446744073709551615	2369895518816490
9223372036854775806	4	40	63162	43652	0	0	575	0	0	278	0	18446744073709551615	42882982723515030
2305843009213693950	4	40	63162	43652	0	0	575	0	0	67	0	18446744073709551615	42882982723515030
144115188075855870	4	40	63162	43652	0	0	575	0	0	1	0	18446744073709551615	42882982723515030
6148914691236495	4	40	63162	43652	0	0	575	0	0	0	0	18446744073709551615	18446744073709551615
9223372036854775806	4	41	63162	65253	0	0	0	0	0	0	0	18446744073709551615	18446744073709551615
2305843009213693950	4	41	63162	65253	0	0	0	0	0	0	0	18446744073709551615	18446744073709551615
144115188075855870	4	41	63162	65253	0	0	0	0	0	0	0	18446744073709551615	18446744073709551615
6148914691236495	4	41	63162	65253	0	0	0	0	0	0	0	18446744073709551615	18446744073709551615
9223372036854775806	4	42	63162	24016	0	0	582	0	0	278	0	18446744073709551615	23566389845982477
2305843009213693950	4	42	63162	24016	0	0	582	0	0	65	0	18446744073709551615	23566389845982477
144115188075855870	4	42	63162	24016	0	0	582	0	0	5	0	18446744073709551615	23566389845982477
6148914691236495	4	42	63162	24016	0	0	582	0	0	0	0	18446744073709551615	18446744073709551615
9223372036854775806	4	43	63162	39014	0	0	577	0	0	286	0	18446744073709551615	9614967626582621
2305843009213693950	4	43	63162	39014	0	0	577	0	0	69	0	18446744073709551615	9614967626582621
144115188075855870	4	43	63162	39014	0	0	577	0	0	3	0	18446744073709551615	9614967626582621
6148914691236495	4	43	63162	39014	0	0	577	0	0	0	0	18446744073709551615	18446744073709551615
9223372036854775806	4	44	63162	50585	0	0	573	0	0	297	0	18446744073709551615	2197102958816999
2305843009213693950	4	44	63162	50585	0	0	573	0	0	76	0	18446744073709551615	2197102958816999
144115188075855870	4	44	63162	50585	0	0	573	0	0	5	0	18446744073709551615	2197102958816999
6148914691236495	4	44	63162	50585	0	0	573	0	0	1	0	18446744073709551615	2197102958816999
9223372036854775806	4	45	63162	543	0	0	595	0	0	277	0	18446744073709551615	3529678978331514
2305843009213693950	4	45	63162	543	0	0	595	0	0	72	0	18446744073709551615	3529678978331514
144115188075855870	4	45	63162	543	0	0	595	0	0	5	0	18446744073709551615	3529678978331514
6148914691236495	4	45	63162	543	0	0	595	0	0	0	0	18446744073709551615	18446744073709551615
9223372036854775806	4	46	63162	28348	0	0	584	0	0	308	0	18446744073709551615	7659861853809104
2305843009213693950	4	46	63162	28348	0	0	584	0	0	83	0	18446744073709551615	7659861853809104
144115188075855870	4	46	63162	28348	0	0	584	0	0	7	0	18446744073709551615	7659861853809104
6148914691236495	4	46	63162	28348	0	0	584	0	0	0	0	18446744073709551615	18446744073709551615
9223372036854775806	4	47	63162	36508	0	0	558	0	0	281	0	18446744073709551615	5699832315310769
2305843009213693950	4	47	63162	36508	0	0	558	0	0	79	0	18446744073709551615	5699832315310769
144115188075855870	4	47	63162	36508	0	0	558	0	0	5	0	18446744073709551615	5699832315310769
6148914691236495	4	47	63162	36508	0	0	558	0	0	0	0	18446744073709551615	18446744073709551615
9223372036854775806	4	48	63162	10875	0	0	578	0	0	291	0	18446744073709551615	25099112878567966
2305843009213693950	4	48	63162	10875	0	0	578	0	0	75	0	18446744073709551615	25099112878567966
144115188075855870	4	48	63162	10875	0	0	578	0	0	4	0	18446744073709551615	25099112878567966
6148914691236495	4	48	63162	10875	0	0	578	0	0	0	0	18446744073709551615	18446744073709551615
9223372036854775806	4	49	63162	34534	0	0	571	0	0	301	0	18446744073709551615	1691219382961787
2305843009213693950	4	49	63162	34534	0	0	571	0	0	75	0	18446744073709551615	1691219382961787
144115188075855870	4	49	63162	34534	0	0	571	0	0	4	0	18446744073709551615	1691219382961787
6148914691236495	4	49	63162	34534	0	0	571	0	0	1	0	18446744073709551615	1691219382961787
9223372036854775806	4	50	63162	26791	0	0	623	0	0	301	0	18446744073709551615	15400635981762684
2305843009213693950	4	50	63162	26791	0	0	623	0	0	85	0	18446744073709551615	15400635981762684
144115188075855870	4	50	63162	26791	0	0	623	0	0	6	0	18446744073709551615	15400635981762684
6148914691236495	4	50	63162	26791	0	0	623	0	0	0	0	18446744073709551615	18446744073709551615
9223372036854775806	4	51	63162	32876	0	0	586	0	0	292	0	18446744073709551615	41742007892017841
2305843009213693950	4	51	63162	32876	0	0	586	0	0	77	0	18446744073709551615	41742007892017841
144115188075855870	4	51	63162	32876	0	0	586	0	0	3	0	18446744073709551615	41742007892017841
6148914691236495	4	51	63162	32876	0	0	586	0	0	0	0	18446744073709551615	18446744073709551615
9223372036854775806	4	52	63162	13804	0	0	574	0	0	300	0	18446744073709551615	2790875122670278
2305843009213693950	4	52	63162	13804	0	0	574	0	0	63	0	18446744073709551615	2790875122670278
144115188075855870	4	52	63162	13804	0	0	574	0	0	3	0	18446744073709551615	2790875122670278
6148914691236495	4	52	63162	13804	0	0	574	0	0	1	0	18446744073709551615	2790875122670278
9223372036854775806	4	53	63162	28986	0	0	592	0	0	313	0	18446744073709551615	26017863593228402
2305843009213693950	4	53	63162	28986	0	0	592	0	0	67	0	18446744073709551615	26017863593228402
144115188075855870	4	53	63162	28986	0	0	592	0	0	5	0	18446744073709551615	26017863593228402
6148914691236495	4	53	63162	28986	0	0	592	0	0	0	0	18446744073709551615	18446744073709551615
9223372036854775806	4	54	63162	20288	0	0	577	0	0	279	0	18446744073709551615	6993834807301157
2305843009213693950	4	54	63162	20288	0	0	577	0	0	77	0	18446744073709551615	6993834807301157
144115188075855870	4	54	63162	20288	0	0	577	0	0	2	0	18446744073709551615	6993834807301157
6148914691236495	4	54	63162	20288	0	0	577	0	0	0	0	18446744073709551615	18446744073709551615
9223372036854775806	4	55	63162	41436	0	0	582	0	0	287	0	18446744073709551615	25612715942692053
2305843009213693950	4	55	63162	41436	0	0	582	0	0	79	0	18446744073709551615	25612715942692053
144115188075855870	4	55	63162	41436	0	0	582	0	0	3	0	18446744073709551615	25612715942692053
6148914691236495	4	55	63162	41436	0	0	582	0	0	0	0	18446744073709551615	18446744073709551615
9223372036854775806	4	56	63162	41867	0	0	603	0	0	288	0	18446744073709551615	8795885601060178
2305843009213693950	4	56	63162	41867	0	0	603	0	0	69	0	18446744073709551615	8795885601060178
144115188075855870	4	56	63162	41867	0	0	603	0	0	8	0	18446744073709551615	8795885601060178
6148914691236495	4	56	63162	41867	0	0	603	0	0	0	0	18446744073709551615	18446744073709551615
9223372036854775806	4	57	63162	55273	0	0	375	0	0	182	0	18446744073709551615	57484945731452901
2305843009213693950	4	57	63162	55273	0	0	375	0	0	51	0	18446744073709551615	57484945731452901
144115188075855870	4	57	63162	55273	0	0	375	0	0	3	0	18446744073709551615	57484945731452901
6148914691236495	4	57	63162	55273	0	0	375	0	0	0	0	18446744073709551615	18446744073709551615
9223372036854775806	4	58	63162	48095	0	0	592	0	0	279	0	18446744073709551615	5858463627943568
2305843009213693950	4	58	63162	48095	0	0	592	0	0	78	0	18446744073709551615	5858463627943568
144115188075855870	4	58	63162	48095	0	0	592	0	0	5	0	18446744073709551615	5858463627943568
6148914691236495	4	58	63162	48095	0	0	592	0	0	0	0	18446744073709551615	18446744073709551615
9223372036854775806	4	59	63162	55964	0	0	246	0	0	121	0	18446744073709551615	4794458762861514
2305843009213693950	4	59	63162	55964	0	0	246	0	0	34	0	18446744073709551615	4794458762861514
144115188075855870	4	59	63162	55964	0	0	246	0	0	6	0	18446744073709551615	4794458762861514
6148914691236495	4	59	63162	55964	0	0	246	0	0	0	0	18446744073709551615	18446744073709551615
9223372036854775806	4	60	63162	33080	0	0	605	0	0	288	0	18446744073709551615	21234551346284532
2305843009213693950	4	60	63162	33080	0	0	605	0	0	67	0	18446744073709551615	21234551346284532
144115188075855870	4	60	63162	33080	0	0	605	0	0	6	0	18446744073709551615	21234551346284532
6148914691236495	4	60	63162	33080	0	0	605	0	0	0	0	18446744073709551615	18446744073709551615
9223372036854775806	4	61	63162	19280	0	0	590	0	0	318	0	18446744073709551615	43101032433561777
2305843009213693950	4	61	63162	19280	0	0	590	0	0	71	0	18446744073709551615	43101032433561777
144115188075855870	4	61	63162	19280	0	0	590	0	0	3	0	18446744073709551615	43101032433561777
6148914691236495	4	61	63162	19280	0	0	590	0	0	0	0	18446744073709551615	18446744073709551615
9223372036854775806	4	62	63162	8703	0	0	586	0	0	295	0	18446744073709551615	21265985390459575
2305843009213693950	4	62	63162	8703	0	0	586	0	0	74	0	18446744073709551615	21265985390459575
144115188075855870	4	62	63162	8703	0	0	586	0	0	5	0	18446744073709551615	21265985390459575
6148914691236495	4	62	63162	8703	0	0	586	0	0	0	0	18446744073709551615	18446744073709551615
9223372036854775806	4	63	63162	18798	0	0	587	0	0	268	0	18446744073709551615	15005778287697291
2305843009213693950	4	63	63162	18798	0	0	587	0	0	71	0	18446744073709551615	15005778287697291
144115188075855870	4	63	63162	18798	0	0	587	0	0	3	0	18446744073709551615	15005778287697291
6148914691236495	4	63	63162	18798	0	0	587	0	0	0	0	18446744073709551615	18446744073709551615
9223372036854775806	5	6	58023	481	0	17	601	10	5	296	1	743817329257839234	38549437110187536
2305843009213693950	5	6	58023	481	0	17	601	10	1	72	0	743817329257839234	38549437110187536
144115188075855870	5	6	58023	481	0	17	601	10	0	6	0	18446744073709551615	38549437110187536
6148914691236495	5	6	58023	481	0	17	601	10	0	0	0	18446744073709551615	18446744073709551615
9223372036854775806	5	7	58023	51158	0	17	612	13	5	306	2	743817329257839234	6137495212140497
2305843009213693950	5	7	58023	51158	0	17	612	13	1	82	0	743817329257839234	6137495212140497
144115188075855870	5	7	58023	51158	0	17	612	13	0	2	0	18446744073709551615	6137495212140497
6148914691236495	5	7	58023	51158	0	17	612	13	0	0	0	18446744073709551615	18446744073709551615
9223372036854775806	5	8	58023	41603	0	17	586	9	5	287	0	743817329257839234	10761376185897727
2305843009213693950	5	8	58023	41603	0	17	586	9	1	58	0	743817329257839234	10761376185897727
144115188075855870	5	8	58023	41603	0	17	586	9	0	5	0	18446744073709551615	10761376185897727
6148914691236495	5	8	58023	41603	0	17	586	9	0	0	0	18446744073709551615	18446744073709551615
9223372036854775806	5	9	58023	53952	0	17	547	13	5	279	2	743817329257839234	12243229265372149
2305843009213693950	5	9	58023	53952	0	17	547	13	1	69	0	743817329257839234	12243229265372149
144115188075855870	5	9	58023	53952	0	17	547	13	0	2	0	18446744073709551615	12243229265372149
6148914691236495	5	9	58023	53952	0	17	547	13	0	0	0	18446744073709551615	18446744073709551615
9223372036854775806	5	10	58023	48760	0	17	618	8	5	293	2	743817329257839234	47915410823883345
2305843009213693950	5	10	58023	48760	0	17	618	8	1	79	0	743817329257839234	47915410823883345
144115188075855870	5	10	58023	48760	0	17	618	8	0	1	0	18446744073709551615	47915410823883345
6148914691236495	5	10	58023	48760	0	17	618	8	0	0	0	18446744073709551615	18446744073709551615
9223372036854775806	5	11	58023	8052	0	17	584	8	5	298	2	743817329257839234	19041420611092299
2305843009213693950	5	11	58023	8052	0	17	584	8	1	71	0	743817329257839234	19041420611092299
144115188075855870	5	11	58023	8052	0	17	584	8	0	4	0	18446744073709551615	19041420611092299
6148914691236495	5	11	58023	8052	0	17	584	8	0	0	0	18446744073709551615	18446744073709551615
9223372036854775806	5	12	58023	6011	0	17	580	9	5	299	0	743817329257839234	4895819305245111
2305843009213693950	5	12	58023	6011	0	17	580	9	1	77	0	743817329257839234	4895819305245111
144115188075855870	5	12	58023	6011	0	17	580	9	0	5	0	18446744073709551615	4895819305245111
6148914691236495	5	12	58023	6011	0	17	580	9	0	0	0	18446744073709551615	18446744073709551615
9223372036854775806	5	13	58023	8971	0	17	620	11	5	329	1	743817329257839234	13653916654037286
2305843009213693950	5	13	58023	8971	0	17	620	11	1	89	0	743817329257839234	13653916654037286
144115188075855870	5	13	58023	8971	0	17	620	11	0	5	0	18446744073709551615	13653916654037286
6148914691236495	5	13	58023	8971	0	17	620	11	0	0	0	18446744073709551615	18446744073709551615
9223372036854775806	5	14	58023	29741	0	17	586	9	5	295	1	743817329257839234	11922634118000644
2305843009213693950	5	14	58023	29741	0	17	586	9	1	73	0	743817329257839234	11922634118000644
144115188075855870	5	14	58023	29741	0	17	586	9	0	7	0	18446744073709551615	11922634118000644
6148914691236495	5	14	58023	29741	0	17	586	9	0	0	0	18446744073709551615	18446744073709551615
9223372036854775806	5	15	58023	61994	0	17	0	0	5	0	0	743817329257839234	18446744073709551615
2305843009213693950	5	15	58023	61994	0	17	0	0	1	0	0	743817329257839234	18446744073709551615
144115188075855870	5	15	58023	61994	0	17	0	0	0	0	0	18446744073709551615	18446744073709551615
6148914691236495	5	15	58023	61994	0	17	0	0	0	0	0	18446744073709551615	18446744073709551615
9223372036854775806	5	16	58023	65179	0	17	0	0	5	0	0	743817329257839234	18446744073709551615
2305843009213693950	5	16	58023	65179	0	17	0	0	1	0	0	743817329257839234	18446744073709551615
144115188075855870	5	16	58023	65179	0	17	0	0	0	0	0	18446744073709551615	18446744073709551615
6148914691236495	5	16	58023	65179	0	17	0	0	0	0	0	18446744073709551615	18446744073709551615
9223372036854775806	5	17	58023	39561	0	17	591	9	5	297	1	743817329257839234	16693452655042096
2305843009213693950	5	17	58023	39561	0	17	591	9	1	79	0	743817329257839234	16693452655042096
144115188075855870	5	17	58023	39561	0	17	591	9	0	1	0	18446744073709551615	16693452655042096
6148914691236495	5	17	58023	39561	0	17	591	9	0	0	0	18446744073709551615	18446744073709551615
9223372036854775806	5	18	58023	40991	0	17	581	6	5	281	0	743817329257839234	4378728128714937
2305843009213693950	5	18	58023	40991	0	17	581	6	1	61	0	743817329257839234	4378728128714937
144115188075855870	5	18	58023	40991	0	17	581	6	0	6	0	18446744073709551615	4378728128714937
6148914691236495	5	18	58023	40991	0	17	581	6	0	0	0	18446744073709551615	18446744073709551615
9223372036854775806	5	19	58023	46852	0	17	596	10	5	272	1	743817329257839234	1705756778285761
2305843009213693950	5	19	58023	46852	0	17	596	10	1	77	1	743817329257839234	1705756778285761
144115188075855870	5	19	58023	46852	0	17	596	10	0	5	0	18446744073709551615	1705756778285761
6148914691236495	5	19	58023	46852	0	17	596	10	0	1	0	18446744073709551615	1705756778285761
9223372036854775806	5	20	58023	6863	0	17	619	13	5	322	4	743817329257839234	17292185457148032
2305843009213693950	5	20	58023	6863	0	17	619	13	1	81	1	743817329257839234	17292185457148032
144115188075855870	5	20	58023	6863	0	17	619	13	0	2	0	18446744073709551615	17292185457148032
6148914691236495	5	20	58023	6863	0	17	619	13	0	0	0	18446744073709551615	18446744073709551615
9223372036854775806	5	21	58023	18917	0	17	590	11	5	296	2	743817329257839234	13061327029430687
2305843009213693950	5	21	58023	18917	0	17	590	11	1	66	0	743817329257839234	13061327029430687
144115188075855870	5	21	58023	18917	0	17	590	11	0	5	0	18446744073709551615	13061327029430687
6148914691236495	5	21	58023	18917	0	17	590	11	0	0	0	18446744073709551615	18446744073709551615
9223372036854775806	5	22	58023	44560	0	17	621	7	5	292	1	743817329257839234	5883336446271408
2305843009213693950	5	22	58023	44560	0	17	621	7	1	83	0	743817329257839234	5883336446271408
144115188075855870	5	22	58023	44560	0	17	621	7	0	6	0	18446744073709551615	5883336446271408
6148914691236495	5	22	58023	44560	0	17	621	7	0	0	0	18446744073709551615	18446744073709551615
9223372036854775806	5	23	58023	36290	0	17	559	11	5	285	3	743817329257839234	30102744842481255
2305843009213693950	5	23	58023	36290	0	17	559	11	1	73	0	743817329257839234	30102744842481255
144115188075855870	5	23	58023	36290	0	17	559	11	0	7	0	18446744073709551615	30102744842481255
6148914691236495	5	23	58023	36290	0	17	559	11	0	0	0	18446744073709551615	18446744073709551615
9223372036854775806	5	24	58023	24867	0	17	580	11	5	280	0	743817329257839234	27029469813257164
2305843009213693950	5	24	58023	24867	0	17	580	11	1	77	0	743817329257839234	27029469813257164
144115188075855870	5	24	58023	24867	0	17	580	11	0	3	0	18446744073709551615	27029469813257164
6148914691236495	5	24	58023	24867	0	17	580	11	0	0	0	18446744073709551615	18446744073709551615
9223372036854775806	5	25	58023	10092	0	17	594	9	5	296	0	743817329257839234	7354267654878491
2305843009213693950	5	25	58023	10092	0	17	594	9	1	90	0	743817329257839234	7354267654878491
144115188075855870	5	25	58023	10092	0	17	594	9	0	4	0	18446744073709551615	7354267654878491
6148914691236495	5	25	58023	10092	0	17	594	9	0	0	0	18446744073709551615	18446744073709551615
9223372036854775806	5	26	58023	35222	0	17	601	9	5	325	3	743817329257839234	6767251757431065
2305843009213693950	5	26	58023	35222	0	17	601	9	1	91	0	743817329257839234	6767251757431065
144115188075855870	5	26	58023	35222	0	17	601	9	0	7	0	18446744073709551615	6767251757431065
6148914691236495	5	26	58023	35222	0	17	601	9	0	0	0	18446744073709551615	18446744073709551615
9223372036854775806	5	27	58023	8487	0	17	592	13	5	278	3	743817329257839234	4893775207410366
2305843009213693950	5	27	58023	8487	0	17	592	13	1	69	0	743817329257839234	4893775207410366
144115188075855870	5	27	58023	8487	0	17	592	13	0	5	0	18446744073709551615	4893775207410366
6148914691236495	5	27	58023	8487	0	17	592	13	0	0	0	18446744073709551615	18446744073709551615
9223372036854775806	5	28	58023	12647	0	17	597	15	5	297	1	743817329257839234	1692374620791229
2305843009213693950	5	28	58023	12647	0	17	597	15	1	82	0	743817329257839234	1692374620791229
144115188075855870	5	28	58023	12647	0	17	597	15	0	10	0	18446744073709551615	1692374620791229
6148914691236495	5	28	58023	12647	0	17	597	15	0	2	0	18446744073709551615	1692374620791229
9223372036854775806	5	29	58023	10798	0	17	566	10	5	296	1	743817329257839234	20776250396026951
2305843009213693950	5	29	58023	10798	0	17	566	10	1	78	0	743817329257839234	20776250396026951
144115188075855870	5	29	58023	10798	0	17	566	10	0	7	0	18446744073709551615	20776250396026951
6148914691236495	5	29	58023	10798	0	17	566	10	0	0	0	18446744073709551615	18446744073709551615
9223372036854775806	5	30	58023	25650	0	17	597	11	5	283	0	743817329257839234	3662753934290118
2305843009213693950	5	30	58023	25650	0	17	597	11	1	77	0	743817329257839234	3662753934290118
144115188075855870	5	30	58023	25650	0	17	597	11	0	4	0	18446744073709551615	3662753934290118
6148914691236495	5	30	58023	25650	0	17	597	11	0	0	0	18446744073709551615	18446744073709551615
9223372036854775806	5	31	58023	34514	0	17	611	13	5	287	2	743817329257839234	6941176516761588
2305843009213693950	5	31	58023	34514	0	17	611	13	1	58	0	743817329257839234	6941176516761588
144115188075855870	5	31	58023	34514	0	17	611	13	0	4	0	18446744073709551615	6941176516761588
6148914691236495	5	31	58023	34514	0	17	611	13	0	0	0	18446744073709551615	18446744073709551615
9223372036854775806	5	32	58023	8941	0	17	618	13	5	316	2	743817329257839234	41509711107450482
2305843009213693950	5	32	58023	8941	0	17	618	13	1	62	0	743817329257839234	41509711107450482
144115188075855870	5	32	58023	8941	0	17	618	13	0	2	0	18446744073709551615	41509711107450482
6148914691236495	5	32	58023	8941	0	17	618	13	0	0	0	18446744073709551615	18446744073709551615
9223372036854775806	5	33	58023	18606	0	17	587	9	5	275	1	743817329257839234	853515616737708
2305843009213693950	5	33	58023	18606	0	17	587	9	1	87	0	743817329257839234	853515616737708
144115188075855870	5	33	58023	18606	0	17	587	9	0	5	0	18446744073709551615	853515616737708
6148914691236495	5	33	58023	18606	0	17	587	9	0	1	0	18446744073709551615	853515616737708
9223372036854775806	5	34	58023	25591	0	17	601	10	5	280	1	743817329257839234	6928079483968818
2305843009213693950	5	34	58023	25591	0	17	601	10	1	79	0	743817329257839234	6928079483968818
144115188075855870	5	34	58023	25591	0	17	601	10	0	7	0	18446744073709551615	6928079483968818
6148914691236495	5	34	58023	25591	0	17	601	10	0	0	0	18446744073709551615	18446744073709551615
9223372036854775806	5	35	58023	46113	0	17	590	10	5	315	1	743817329257839234	7541477037468554
2305843009213693950	5	35	58023	46113	0	17	590	10	1	87	0	743817329257839234	7541477037468554
144115188075855870	5	35	58023	46113	0	17	590	10	0	5	0	18446744073709551615	7541477037468554
6148914691236495	5	35	58023	46113	0	17	590	10	0	0	0	18446744073709551615	18446744073709551615
9223372036854775806	5	36	58023	19622	0	17	589	8	5	288	1	743817329257839234	16578064053768791
2305843009213693950	5	36	58023	19622	0	17	589	8	1	66	0	743817329257839234	16578064053768791
144115188075855870	5	36	58023	19622	0	17	589	8	0	7	0	18446744073709551615	16578064053768791
6148914691236495	5	36	58023	19622	0	17	589	8	0	0	0	18446744073709551615	18446744073709551615
9223372036854775806	5	37	58023	61384	0	17	0	0	5	0	0	743817329257839234	18446744073709551615
2305843009213693950	5	37	58023	61384	0	17	0	0	1	0	0	743817329257839234	18446744073709551615
144115188075855870	5	37	58023	61384	0	17	0	0	0	0	0	18446744073709551615	18446744073709551615
6148914691236495	5	37	58023	61384	0	17	0	0	0	0	0	18446744073709551615	18446744073709551615
9223372036854775806	5	38	58023	1850	0	17	593	8	5	286	1	743817329257839234	2925841906355596
2305843009213693950	5	38	58023	1850	0	17	593	8	1	71	0	743817329257839234	2925841906355596
144115188075855870	5	38	58023	1850	0	17	593	8	0	2	0	18446744073709551615	2925841906355596
6148914691236495	5	38	58023	1850	0	17	593	8	0	1	0	18446744073709551615	2925841906355596
9223372036854775806	5	39	58023	49493	0	17	597	15	5	308	2	743817329257839234	2369895518816490
2305843009213693950	5	39	58023	49493	0	17	597	15	1	76	0	743817329257839234	2369895518816490
144115188075855870	5	39	58023	49493	0	17	597	15	0	3	0	18446744073709551615	2369895518816490
6148914691236495	5	39	58023	49493	0	17	597	15	0	1	0	18446744073709551615	2369895518816490
9223372036854775806	5	40	58023	43652	0	17	575	9	5	278	2	743817329257839234	42882982723515030
2305843009213693950	5	40	58023	43652	0	17	575	9	1	67	0	743817329257839234	42882982723515030
144115188075855870	5	40	58023	43652	0	17	575	9	0	1	0	18446744073709551615	42882982723515030
6148914691236495	5	40	58023	43652	0	17	575	9	0	0	0	18446744073709551615	18446744073709551615
9223372036854775806	5	41	58023	65253	0	17	0	0	5	0	0	743817329257839234	18446744073709551615
2305843009213693950	5	41	58023	65253	0	17	0	0	1	0	0	743817329257839234	18446744073709551615
144115188075855870	5	41	58023	65253	0	17	0	0	0	0	0	18446744073709551615	18446744073709551615
6148914691236495	5	41	58023	65253	0	17	0	0	0	0	0	18446744073709551615	18446744073709551615
9223372036854775806	5	42	58023	24016	0	17	582	8	5	278	4	743817329257839234	23566389845982477
2305843009213693950	5	42	58023	24016	0	17	582	8	1	65	0	743817329257839234	23566389845982477
144115188075855870	5	42	58023	24016	0	17	582	8	0	5	0	18446744073709551615	23566389845982477
6148914691236495	5	42	58023	24016	0	17	582	8	0	0	0	18446744073709551615	18446744073709551615
9223372036854775806	5	43	58023	39014	0	17	577	6	5	286	0	743817329257839234	9614967626582621
2305843009213693950	5	43	58023	39014	0	17	577	6	1	69	0	743817329257839234	9614967626582621
144115188075855870	5	43	58023	39014	0	17	577	6	0	3	0	18446744073709551615	9614967626582621
6148914691236495	5	43	58023	39014	0	17	577	6	0	0	0	18446744073709551615	18446744073709551615
9223372036854775806	5	44	58023	50585	0	17	573	10	5	297	3	743817329257839234	2197102958816999
2305843009213693950	5	44	58023	50585	0	17	573	10	1	76	0	743817329257839234	2197102958816999
144115188075855870	5	44	58023	50585	0	17	573	10	0	5	0	18446744073709551615	2197102958816999
6148914691236495	5	44	58023	50585	0	17	573	10	0	1	0	18446744073709551615	2197102958816999
9223372036854775806	5	45	58023	543	0	17	595	13	5	277	1	743817329257839234	3529678978331514
2305843009213693950	5	45	58023	543	0	17	595	13	1	72	0	743817329257839234	3529678978331514
144115188075855870	5	45	58023	543	0	17	595	13	0	5	0	18446744073709551615	3529678978331514
6148914691236495	5	45	58023	543	0	17	595	13	0	0	0	18446744073709551615	18446744073709551615
9223372036854775806	5	46	58023	28348	0	17	584	13	5	308	2	743817329257839234	7659861853809104
2305843009213693950	5	46	58023	28348	0	17	584	13	1	83	1	743817329257839234	7659861853809104
144115188075855870	5	46	58023	28348	0	17	584	13	0	7	0	18446744073709551615	7659861853809104
6148914691236495	5	46	58023	28348	0	17	584	13	0	0	0	18446744073709551615	18446744073709551615
9223372036854775806	5	47	58023	36508	0	17	558	9	5	281	1	743817329257839234	5699832315310769
2305843009213693950	5	47	58023	36508	0	17	558	9	1	79	0	743817329257839234	5699832315310769
144115188075855870	5	47	58023	36508	0	17	558	9	0	5	0	18446744073709551615	5699832315310769
6148914691236495	5	47	58023	36508	0	17	558	9	0	0	0	18446744073709551615	18446744073709551615
9223372036854775806	5	48	58023	10875	0	17	578	7	5	291	2	743817329257839234	25099112878567966
2305843009213693950	5	48	58023	10875	0	17	578	7	1	75	0	743817329257839234	25099112878567966
144115188075855870	5	48	58023	10875	0	17	578	7	0	4	0	18446744073709551615	25099112878567966
6148914691236495	5	48	58023	10875	0	17	578	7	0	0	0	18446744073709551615	18446744073709551615
9223372036854775806	5	49	58023	34534	0	17	571	10	5	301	2	743817329257839234	1691219382961787
2305843009213693950	5	49	58023	34534	0	17	571	10	1	75	0	743817329257839234	1691219382961787
144115188075855870	5	49	58023	34534	0	17	571	10	0	4	0	18446744073709551615	1691219382961787
6148914691236495	5	49	58023	34534	0	17	571	10	0	1	0	18446744073709551615	1691219382961787
9223372036854775806	5	50	58023	26791	0	17	623	12	5	301	3	743817329257839234	15400635981762684
2305843009213693950	5	50	58023	26791	0	17	623	12	1	85	0	743817329257839234	15400635981762684
144115188075855870	5	50	58023	26791	0	17	623	12	0	6	0	18446744073709551615	15400635981762684
6148914691236495	5	50	58023	26791	0	17	623	12	0	0	0	18446744073709551615	18446744073709551615
9223372036854775806	5	51	58023	32876	0	17	586	7	5	292	2	743817329257839234	41742007892017841
2305843009213693950	5	51	58023	32876	0	17	586	7	1	77	1	743817329257839234	41742007892017841
144115188075855870	5	51	58023	32876	0	17	586	7	0	3	0	18446744073709551615	41742007892017841
6148914691236495	5	51	58023	32876	0	17	586	7	0	0	0	18446744073709551615	18446744073709551615
9223372036854775806	5	52	58023	13804	0	17	574	13	5	300	1	743817329257839234	2790875122670278
2305843009213693950	5	52	58023	13804	0	17	574	13	1	63	0	743817329257839234	2790875122670278
144115188075855870	5	52	58023	13804	0	17	574	13	0	3	0	18446744073709551615	2790875122670278
6148914691236495	5	52	58023	13804	0	17	574	13	0	1	0	18446744073709551615	2790875122670278
9223372036854775806	5	53	58023	28986	0	17	592	9	5	313	2	743817329257839234	26017863593228402
2305843009213693950	5	53	58023	28986	0	17	592	9	1	67	0	743817329257839234	26017863593228402
144115188075855870	5	53	58023	28986	0	17	592	9	0	5	0	18446744073709551615	26017863593228402
6148914691236495	5	53	58023	28986	0	17	592	9	0	0	0	18446744073709551615	18446744073709551615
9223372036854775806	5	54	58023	20288	0	17	577	8	5	279	0	743817329257839234	6993834807301157
2305843009213693950	5	54	58023	20288	0	17	577	8	1	77	0	743817329257839234	6993834807301157
144115188075855870	5	54	58023	20288	0	17	577	8	0	2	0	18446744073709551615	6993834807301157
6148914691236495	5	54	58023	20288	0	17	577	8	0	0	0	18446744073709551615	18446744073709551615
9223372036854775806	5	55	58023	41436	0	17	582	7	5	287	1	743817329257839234	25612715942692053
2305843009213693950	5	55	58023	41436	0	17	582	7	1	79	0	743817329257839234	25612715942692053
144115188075855870	5	55	58023	41436	0	17	582	7	0	3	0	18446744073709551615	25612715942692053
6148914691236495	5	55	58023	41436	0	17	582	7	0	0	0	18446744073709551615	18446744073709551615
9223372036854775806	5	56	58023	41867	0	17	603	10	5	288	1	743817329257839234	8795885601060178
2305843009213693950	5	56	58023	41867	0	17	603	10	1	69	0	743817329257839234	8795885601060178
144115188075855870	5	56	58023	41867	0	17	603	10	0	8	0	18446744073709551615	8795885601060178
6148914691236495	5	56	58023	41867	0	17	603	10	0	0	0	18446744073709551615	18446744073709551615
9223372036854775806	5	57	58023	55273	0	17	375	9	5	182	0	743817329257839234	57484945731452901
2305843009213693950	5	57	58023	55273	0	17	375	9	1	51	0	743817329257839234	57484945731452901
144115188075855870	5	57	58023	55273	0	17	375	9	0	3	0	18446744073709551615	57484945731452901
6148914691236495	5	57	58023	55273	0	17	375	9	0	0	0	18446744073709551615	18446744073709551615
9223372036854775806	5	58	58023	48095	0	17	592	7	5	279	1	743817329257839234	5858463627943568
2305843009213693950	5	58	58023	48095	0	17	592	7	1	78	0	743817329257839234	5858463627943568
144115188075855870	5	58	58023	48095	0	17	592	7	0	5	0	18446744073709551615	5858463627943568
6148914691236495	5	58	58023	48095	0	17	592	7	0	0	0	18446744073709551615	18446744073709551615
9223372036854775806	5	59	58023	55964	0	17	246	11	5	121	2	743817329257839234	4794458762861514
2305843009213693950	5	59	58023	55964	0	17	246	11	1	34	0	743817329257839234	4794458762861514
144115188075855870	5	59	58023	55964	0	17	246	11	0	6	0	18446744073709551615	4794458762861514
6148914691236495	5	59	58023	55964	0	17	246	11	0	0	0	18446744073709551615	18446744073709551615
9223372036854775806	5	60	58023	33080	0	17	605	7	5	288	1	743817329257839234	21234551346284532
2305843009213693950	5	60	58023	33080	0	17	605	7	1	67	0	743817329257839234	21234551346284532
144115188075855870	5	60	58023	33080	0	17	605	7	0	6	0	18446744073709551615	21234551346284532
6148914691236495	5	60	58023	33080	0	17	605	7	0	0	0	18446744073709551615	18446744073709551615
9223372036854775806	5	61	58023	19280	0	17	590	9	5	318	2	743817329257839234	43101032433561777
2305843009213693950	5	61	58023	19280	0	17	590	9	1	71	0	743817329257839234	43101032433561777
144115188075855870	5	61	58023	19280	0	17	590	9	0	3	0	18446744073709551615	43101032433561777
6148914691236495	5	61	58023	19280	0	17	590	9	0	0	0	18446744073709551615	18446744073709551615
9223372036854775806	5	62	58023	8703	0	17	586	12	5	295	2	743817329257839234	21265985390459575
2305843009213693950	5	62	58023	8703	0	17	586	12	1	74	0	743817329257839234	21265985390459575
144115188075855870	5	62	58023	8703	0	17	586	12	0	5	0	18446744073709551615	21265985390459575
6148914691236495	5	62	58023	8703	0	17	586	12	0	0	0	18446744073709551615	18446744073709551615
9223372036854775806	5	63	58023	18798	0	17	587	11	5	268	1	743817329257839234	15005778287697291
2305843009213693950	5	63	58023	18798	0	17	587	11	1	71	0	743817329257839234	15005778287697291
144115188075855870	5	63	58023	18798	0	17	587	11	0	3	0	18446744073709551615	15005778287697291
6148914691236495	5	63	58023	18798	0	17	587	11	0	0	0	18446744073709551615	18446744073709551615
9223372036854775806	6	7	481	51158	0	601	612	363	296	306	90	38549437110187536	6137495212140497
2305843009213693950	6	7	481	51158	0	601	612	363	72	82	7	38549437110187536	6137495212140497
144115188075855870	6	7	481	51158	0	601	612	363	6	2	0	38549437110187536	6137495212140497
6148914691236495	6	7	481	51158	0	601	612	363	0	0	0	18446744073709551615	18446744073709551615
9223372036854775806	6	8	481	41603	0	601	586	360	296	287	95	38549437110187536	10761376185897727
2305843009213693950	6	8	481	41603	0	601	586	360	72	58	8	38549437110187536	10761376185897727
144115188075855870	6	8	481	41603	0	601	586	360	6	5	0	38549437110187536	10761376185897727
6148914691236495	6	8	481	41603	0	601	586	360	0	0	0	18446744073709551615	18446744073709551615
9223372036854775806	6	9	481	53952	0	601	547	336	296	279	89	38549437110187536	12243229265372149
2305843009213693950	6	9	481	53952	0	601	547	336	72	69	7	38549437110187536	12243229265372149
144115188075855870	6	9	481	53952	0	601	547	336	6	2	0	38549437110187536	12243229265372149
6148914691236495	6	9	481	53952	0	601	547	336	0	0	0	18446744073709551615	18446744073709551615
9223372036854775806	6	10	481	48760	0	601	618	375	296	293	74	38549437110187536	47915410823883345
2305843009213693950	6	10	481	48760	0	601	618	375	72	79	5	38549437110187536	47915410823883345
144115188075855870	6	10	481	48760	0	601	618	375	6	1	0	38549437110187536	47915410823883345
6148914691236495	6	10	481	48760	0	601	618	375	0	0	0	18446744073709551615	18446744073709551615
9223372036854775806	6	11	481	8052	0	601	584	356	296	298	84	38549437110187536	19041420611092299
2305843009213693950	6	11	481	8052	0	601	584	356	72	71	6	38549437110187536	19041420611092299
144115188075855870	6	11	481	8052	0	601	584	356	6	4	0	38549437110187536	19041420611092299
6148914691236495	6	11	481	8052	0	601	584	356	0	0	0	18446744073709551615	18446744073709551615
9223372036854775806	6	12	481	6011	0	601	580	324	296	299	78	38549437110187536	4895819305245111
2305843009213693950	6	12	481	6011	0	601	580	324	72	77	5	38549437110187536	4895819305245111
144115188075855870	6	12	481	6011	0	601	580	324	6	5	0	38549437110187536	4895819305245111
6148914691236495	6	12	481	6011	0	601	580	324	0	0	0	18446744073709551615	18446744073709551615
9223372036854775806	6	13	481	8971	0	601	620	388	296	329	92	38549437110187536	13653916654037286
2305843009213693950	6	13	481	8971	0	601	620	388	72	89	1	38549437110187536	13653916654037286
144115188075855870	6	13	481	8971	0	601	620	388	6	5	0	38549437110187536	13653916654037286
6148914691236495	6	13	481	8971	0	601	620	388	0	0	0	18446744073709551615	18446744073709551615
9223372036854775806	6	14	481	29741	0	601	586	346	296	295	94	38549437110187536	11922634118000644
2305843009213693950	6	14	481	29741	0	601	586	346	72	73	4	38549437110187536	11922634118000644
144115188075855870	6	14	481	29741	0	601	586	346	6	7	0	38549437110187536	11922634118000644
6148914691236495	6	14	481	29741	0	601	586	346	0	0	0	18446744073709551615	18446744073709551615
9223372036854775806	6	15	481	61994	0	601	0	0	296	0	0	38549437110187536	18446744073709551615
2305843009213693950	6	15	481	61994	0	601	0	0	72	0	0	38549437110187536	18446744073709551615
144115188075855870	6	15	481	61994	0	601	0	0	6	0	0	38549437110187536	18446744073709551615
6148914691236495	6	15	481	61994	0	601	0	0	0	0	0	18446744073709551615	18446744073709551615
9223372036854775806	6	16	481	65179	0	601	0	0	296	0	0	38549437110187536	18446744073709551615
2305843009213693950	6	16	481	65179	0	601	0	0	72	0	0	38549437110187536	18446744073709551615
144115188075855870	6	16	481	65179	0	601	0	0	6	0	0	38549437110187536	18446744073709551615
6148914691236495	6	16	481	65179	0	601	0	0	0	0	0	18446744073709551615	18446744073709551615
9223372036854775806	6	17	481	39561	0	601	591	355	296	297	92	38549437110187536	16693452655042096
2305843009213693950	6	17	481	39561	0	601	591	355	72	79	6	38549437110187536	16693452655042096
144115188075855870	6	17	481	39561	0	601	591	355	6	1	0	38549437110187536	16693452655042096
6148914691236495	6	17	481	39561	0	601	591	355	0	0	0	18446744073709551615	18446744073709551615
9223372036854775806	6	18	481	40991	0	601	581	354	296	281	84	38549437110187536	4378728128714937
2305843009213693950	6	18	481	40991	0	601	581	354	72	61	7	38549437110187536	4378728128714937
144115188075855870	6	18	481	40991	0	601	581	354	6	6	0	38549437110187536	4378728128714937
6148914691236495	6	18	481	40991	0	601	581	354	0	0	0	18446744073709551615	18446744073709551615
9223372036854775806	6	19	481	46852	0	601	596	363	296	272	70	38549437110187536	1705756778285761
2305843009213693950	6	19	481	46852	0	601	596	363	72	77	5	38549437110187536	1705756778285761
144115188075855870	6	19	481	46852	0	601	596	363	6	5	0	38549437110187536	1705756778285761
6148914691236495	6	19	481	46852	0	601	596	363	0	1	0	18446744073709551615	1705756778285761
9223372036854775806	6	20	481	6863	0	601	619	368	296	322	83	38549437110187536	17292185457148032
2305843009213693950	6	20	481	6863	0	601	619	368	72	81	3	38549437110187536	17292185457148032
144115188075855870	6	20	481	6863	0	601	619	368	6	2	0	38549437110187536	17292185457148032
6148914691236495	6	20	481	6863	0	601	619	368	0	0	0	18446744073709551615	18446744073709551615
9223372036854775806	6	21	481	18917	0	601	590	344	296	296	74	38549437110187536	13061327029430687
2305843009213693950	6	21	481	18917	0	601	590	344	72	66	4	38549437110187536	13061327029430687
144115188075855870	6	21	481	18917	0	601	590	344	6	5	0	38549437110187536	13061327029430687
6148914691236495	6	21	481	18917	0	601	590	344	0	0	0	18446744073709551615	18446744073709551615
9223372036854775806	6	22	481	44560	0	601	621	375	296	292	98	38549437110187536	5883336446271408
2305843009213693950	6	22	481	44560	0	601	621	375	72	83	7	38549437110187536	5883336446271408
144115188075855870	6	22	481	44560	0	601	621	375	6	6	0	38549437110187536	5883336446271408
6148914691236495	6	22	481	44560	0	601	621	375	0	0	0	18446744073709551615	18446744073709551615
9223372036854775806	6	23	481	36290	0	601	559	332	296	285	65	38549437110187536	30102744842481255
2305843009213693950	6	23	481	36290	0	601	559	332	72	73	4	38549437110187536	30102744842481255
144115188075855870	6	23	481	36290	0	601	559	332	6	7	0	38549437110187536	30102744842481255
6148914691236495	6	23	481	36290	0	601	559	332	0	0	0	18446744073709551615	18446744073709551615
9223372036854775806	6	24	481	24867	0	601	580	368	296	280	80	38549437110187536	27029469813257164
2305843009213693950	6	24	481	24867	0	601	580	368	72	77	6	38549437110187536	27029469813257164
144115188075855870	6	24	481	24867	0	601	580	368	6	3	0	38549437110187536	27029469813257164
6148914691236495	6	24	481	24867	0	601	580	368	0	0	0	18446744073709551615	18446744073709551615
9223372036854775806	6	25	481	10092	0	601	594	360	296	296	91	38549437110187536	7354267654878491
2305843009213693950	6	25	481	10092	0	601	594	360	72	90	2	38549437110187536	7354267654878491
144115188075855870	6	25	481	10092	0	601	594	360	6	4	0	38549437110187536	7354267654878491
6148914691236495	6	25	481	10092	0	601	594	360	0	0	0	18446744073709551615	18446744073709551615
9223372036854775806	6	26	481	35222	0	601	601	365	296	325	95	38549437110187536	6767251757431065
2305843009213693950	6	26	481	35222	0	601	601	365	72	91	6	38549437110187536	6767251757431065
144115188075855870	6	26	481	35222	0	601	601	365	6	7	0	38549437110187536	6767251757431065
6148914691236495	6	26	481	35222	0	601	601	365	0	0	0	18446744073709551615	18446744073709551615
9223372036854775806	6	27	481	8487	0	601	592	372	296	278	86	38549437110187536	4893775207410366
2305843009213693950	6	27	481	8487	0	601	592	372	72	69	5	38549437110187536	4893775207410366
144115188075855870	6	27	481	8487	0	601	592	372	6	5	0	38549437110187536	4893775207410366
6148914691236495	6	27	481	8487	0	601	592	372	0	0	0	18446744073709551615	18446744073709551615
9223372036854775806	6	28	481	12647	0	601	597	366	296	297	89	38549437110187536	1692374620791229
2305843009213693950	6	28	481	12647	0	601	597	366	72	82	3	38549437110187536	1692374620791229
144115188075855870	6	28	481	12647	0	601	597	366	6	10	0	38549437110187536	1692374620791229
6148914691236495	6	28	481	12647	0	601	597	366	0	2	0	18446744073709551615	1692374620791229
9223372036854775806	6	29	481	10798	0	601	566	338	296	296	90	38549437110187536	20776250396026951
2305843009213693950	6	29	481	10798	0	601	566	338	72	78	6	38549437110187536	20776250396026951
144115188075855870	6	29	481	10798	0	601	566	338	6	7	0	38549437110187536	20776250396026951
6148914691236495	6	29	481	10798	0	601	566	338	0	0	0	18446744073709551615	18446744073709551615
9223372036854775806	6	30	481	25650	0	601	597	349	296	283	83	38549437110187536	3662753934290118
2305843009213693950	6	30	481	25650	0	601	597	349	72	77	5	38549437110187536	3662753934290118
144115188075855870	6	30	481	25650	0	601	597	349	6	4	0	38549437110187536	3662753934290118
6148914691236495	6	30	481	25650	0	601	597	349	0	0	0	18446744073709551615	18446744073709551615
9223372036854775806	6	31	481	34514	0	601	611	367	296	287	87	38549437110187536	6941176516761588
2305843009213693950	6	31	481	34514	0	601	611	367	72	58	4	38549437110187536	6941176516761588
144115188075855870	6	31	481	34514	0	601	611	367	6	4	0	38549437110187536	6941176516761588
6148914691236495	6	31	481	34514	0	601	611	367	0	0	0	18446744073709551615	18446744073709551615
9223372036854775806	6	32	481	8941	0	601	618	365	296	316	96	38549437110187536	41509711107450482
2305843009213693950	6	32	481	8941	0	601	618	365	72	62	4	38549437110187536	41509711107450482
144115188075855870	6	32	481	8941	0	601	618	365	6	2	0	38549437110187536	41509711107450482
6148914691236495	6	32	481	8941	0	601	618	365	0	0	0	18446744073709551615	18446744073709551615
9223372036854775806	6	33	481	18606	0	601	587	348	296	275	85	38549437110187536	853515616737708
2305843009213693950	6	33	481	18606	0	601	587	348	72	87	7	38549437110187536	853515616737708
144115188075855870	6	33	481	18606	0	601	587	348	6	5	0	38549437110187536	853515616737708
6148914691236495	6	33	481	18606	0	601	587	348	0	1	0	18446744073709551615	853515616737708
9223372036854775806	6	34	481	25591	0	601	601	354	296	280	74	38549437110187536	6928079483968818
2305843009213693950	6	34	481	25591	0	601	601	354	72	79	4	38549437110187536	6928079483968818
144115188075855870	6	34	481	25591	0	601	601	354	6	7	0	38549437110187536	6928079483968818
6148914691236495	6	34	481	25591	0	601	601	354	0	0	0	18446744073709551615	18446744073709551615
9223372036854775806	6	35	481	46113	0	601	590	374	296	315	94	38549437110187536	7541477037468554
2305843009213693950	6	35	481	46113	0	601	590	374	72	87	6	38549437110187536	7541477037468554
144115188075855870	6	35	481	46113	0	601	590	374	6	5	1	38549437110187536	7541477037468554
6148914691236495	6	35	481	46113	0	601	590	374	0	0	0	18446744073709551615	18446744073709551615
9223372036854775806	6	36	481	19622	0	601	589	355	296	288	78	38549437110187536	16578064053768791
2305843009213693950	6	36	481	19622	0	601	589	355	72	66	4	38549437110187536	16578064053768791
144115188075855870	6	36	481	19622	0	601	589	355	6	7	1	38549437110187536	16578064053768791
6148914691236495	6	36	481	19622	0	601	589	355	0	0	0	18446744073709551615	18446744073709551615
9223372036854775806	6	37	481	61384	0	601	0	0	296	0	0	38549437110187536	18446744073709551615
2305843009213693950	6	37	481	61384	0	601	0	0	72	0	0	38549437110187536	18446744073709551615
144115188075855870	6	37	481	61384	0	601	0	0	6	0	0	38549437110187536	18446744073709551615
6148914691236495	6	37	481	61384	0	601	0	0	0	0	0	18446744073709551615	18446744073709551615
9223372036854775806	6	38	481	1850	0	601	593	358	296	286	90	38549437110187536	2925841906355596
2305843009213693950	6	38	481	1850	0	601	593	358	72	71	5	38549437110187536	2925841906355596
144115188075855870	6	38	481	1850	0	601	593	358	6	2	0	38549437110187536	2925841906355596
6148914691236495	6	38	481	1850	0	601	593	358	0	1	0	18446744073709551615	2925841906355596
9223372036854775806	6	39	481	49493	0	601	597	356	296	308	90	38549437110187536	2369895518816490
2305843009213693950	6	39	481	49493	0	601	597	356	72	76	5	38549437110187536	2369895518816490
144115188075855870	6	39	481	49493	0	601	597	356	6	3	0	38549437110187536	2369895518816490
6148914691236495	6	39	481	49493	0	601	597	356	0	1	0	18446744073709551615	2369895518816490
9223372036854775806	6	40	481	43652	0	601	575	346	296	278	83	38549437110187536	42882982723515030
2305843009213693950	6	40	481	43652	0	601	575	346	72	67	2	38549437110187536	42882982723515030
144115188075855870	6	40	481	43652	0	601	575	346	6	1	0	38549437110187536	42882982723515030
6148914691236495	6	40	481	43652	0	601	575	346	0	0	0	18446744073709551615	18446744073709551615
9223372036854775806	6	41	481	65253	0	601	0	0	296	0	0	38549437110187536	18446744073709551615
2305843009213693950	6	41	481	65253	0	601	0	0	72	0	0	38549437110187536	18446744073709551615
144115188075855870	6	41	481	65253	0	601	0	0	6	0	0	38549437110187536	18446744073709551615
6148914691236495	6	41	481	65253	0	601	0	0	0	0	0	18446744073709551615	18446744073709551615
9223372036854775806	6	42	481	24016	0	601	582	351	296	278	76	38549437110187536	23566389845982477
2305843009213693950	6	42	481	24016	0	601	582	351	72	65	4	38549437110187536	23566389845982477
144115188075855870	6	42	481	24016	0	601	582	351	6	5	0	38549437110187536	23566389845982477
6148914691236495	6	42	481	24016	0	601	582	351	0	0	0	18446744073709551615	18446744073709551615
9223372036854775806	6	43	481	39014	0	601	577	350	296	286	86	38549437110187536	9614967626582621
2305843009213693950	6	43	481	39014	0	601	577	350	72	69	9	38549437110187536	9614967626582621
144115188075855870	6	43	481	39014	0	601	577	350	6	3	0	38549437110187536	9614967626582621
6148914691236495	6	43	481	39014	0	601	577	350	0	0	0	18446744073709551615	18446744073709551615
9223372036854775806	6	44	481	50585	0	601	573	334	296	297	72	38549437110187536	2197102958816999
2305843009213693950	6	44	481	50585	0	601	573	334	72	76	4	38549437110187536	2197102958816999
144115188075855870	6	44	481	50585	0	601	573	334	6	5	0	38549437110187536	2197102958816999
6148914691236495	6	44	481	50585	0	601	573	334	0	1	0	18446744073709551615	2197102958816999
9223372036854775806	6	45	481	543	0	601	595	356	296	277	78	38549437110187536	3529678978331514
2305843009213693950	6	45	481	543	0	601	595	356	72	72	3	38549437110187536	3529678978331514
144115188075855870	6	45	481	543	0	601	595	356	6	5	0	38549437110187536	3529678978331514
6148914691236495	6	45	481	543	0	601	595	356	0	0	0	18446744073709551615	18446744073709551615
9223372036854775806	6	46	481	28348	0	601	584	360	296	308	88	38549437110187536	7659861853809104
2305843009213693950	6	46	481	28348	0	601	584	360	72	83	5	38549437110187536	7659861853809104
144115188075855870	6	46	481	28348	0	601	584	360	6	7	0	38549437110187536	7659861853809104
6148914691236495	6	46	481	28348	0	601	584	360	0	0	0	18446744073709551615	18446744073709551615
9223372036854775806	6	47	481	36508	0	601	558	337	296	281	80	38549437110187536	5699832315310769
2305843009213693950	6	47	481	36508	0	601	558	337	72	79	4	38549437110187536	5699832315310769
144115188075855870	6	47	481	36508	0	601	558	337	6	5	0	38549437110187536	5699832315310769
6148914691236495	6	47	481	36508	0	601	558	337	0	0	0	18446744073709551615	18446744073709551615
9223372036854775806	6	48	481	10875	0	601	578	354	296	291	90	38549437110187536	25099112878567966
2305843009213693950	6	48	481	10875	0	601	578	354	72	75	3	38549437110187536	25099112878567966
144115188075855870	6	48	481	10875	0	601	578	354	6	4	0	38549437110187536	25099112878567966
6148914691236495	6	48	481	10875	0	601	578	354	0	0	0	18446744073709551615	18446744073709551615
9223372036854775806	6	49	481	34534	0	601	571	345	296	301	83	38549437110187536	1691219382961787
2305843009213693950	6	49	481	34534	0	601	571	345	72	75	4	38549437110187536	1691219382961787
144115188075855870	6	49	481	34534	0	601	571	345	6	4	0	38549437110187536	1691219382961787
6148914691236495	6	49	481	34534	0	601	571	345	0	1	0	18446744073709551615	1691219382961787
9223372036854775806	6	50	481	26791	0	601	623	376	296	301	95	38549437110187536	15400635981762684
2305843009213693950	6	50	481	26791	0	601	623	376	72	85	6	38549437110187536	15400635981762684
144115188075855870	6	50	481	26791	0	601	623	376	6	6	0	38549437110187536	15400635981762684
6148914691236495	6	50	481	26791	0	601	623	376	0	0	0	18446744073709551615	18446744073709551615
9223372036854775806	6	51	481	32876	0	601	586	358	296	292	101	38549437110187536	41742007892017841
2305843009213693950	6	51	481	32876	0	601	586	358	72	77	5	38549437110187536	41742007892017841
144115188075855870	6	51	481	32876	0	601	586	358	6	3	0	38549437110187536	41742007892017841
6148914691236495	6	51	481	32876	0	601	586	358	0	0	0	18446744073709551615	18446744073709551615
9223372036854775806	6	52	481	13804	0	601	574	350	296	300	97	38549437110187536	2790875122670278
2305843009213693950	6	52	481	13804	0	601	574	350	72	63	10	38549437110187536	2790875122670278
144115188075855870	6	52	481	13804	0	601	574	350	6	3	0	38549437110187536	2790875122670278
6148914691236495	6	52	481	13804	0	601	574	350	0	1	0	18446744073709551615	2790875122670278
9223372036854775806	6	53	481	28986	0	601	592	367	296	313	93	38549437110187536	26017863593228402
2305843009213693950	6	53	481	28986	0	601	592	367	72	67	9	38549437110187536	26017863593228402
144115188075855870	6	53	481	28986	0	601	592	367	6	5	0	38549437110187536	26017863593228402
6148914691236495	6	53	481	28986	0	601	592	367	0	0	0	18446744073709551615	18446744073709551615
9223372036854775806	6	54	481	20288	0	601	577	352	296	279	85	38549437110187536	6993834807301157
2305843009213693950	6	54	481	20288	0	601	577	352	72	77	6	38549437110187536	6993834807301157
144115188075855870	6	54	481	20288	0	601	577	352	6	2	0	38549437110187536	6993834807301157
6148914691236495	6	54	481	20288	0	601	577	352	0	0	0	18446744073709551615	18446744073709551615
9223372036854775806	6	55	481	41436	0	601	582	345	296	287	84	38549437110187536	25612715942692053
2305843009213693950	6	55	481	41436	0	601	582	345	72	79	3	38549437110187536	25612715942692053
144115188075855870	6	55	481	41436	0	601	582	345	6	3	0	38549437110187536	25612715942692053
6148914691236495	6	55	481	41436	0	601	582	345	0	0	0	18446744073709551615	18446744073709551615
9223372036854775806	6	56	481	41867	0	601	603	360	296	288	87	38549437110187536	8795885601060178
2305843009213693950	6	56	481	41867	0	601	603	360	72	69	6	38549437110187536	8795885601060178
144115188075855870	6	56	481	41867	0	601	603	360	6	8	0	38549437110187536	8795885601060178
6148914691236495	6	56	481	41867	0	601	603	360	0	0	0	18446744073709551615	18446744073709551615
9223372036854775806	6	57	481	55273	0	601	375	233	296	182	59	38549437110187536	57484945731452901
2305843009213693950	6	57	481	55273	0	601	375	233	72	51	3	38549437110187536	57484945731452901
144115188075855870	6	57	481	55273	0	601	375	233	6	3	0	38549437110187536	57484945731452901
6148914691236495	6	57	481	55273	0	601	375	233	0	0	0	18446744073709551615	18446744073709551615
9223372036854775806	6	58	481	48095	0	601	592	353	296	279	85	38549437110187536	5858463627943568
2305843009213693950	6	58	481	48095	0	601	592	353	72	78	4	38549437110187536	5858463627943568
144115188075855870	6	58	481	48095	0	601	592	353	6	5	0	38549437110187536	5858463627943568
6148914691236495	6	58	481	48095	0	601	592	353	0	0	0	18446744073709551615	18446744073709551615
9223372036854775806	6	59	481	55964	0	601	246	149	296	121	40	38549437110187536	4794458762861514
2305843009213693950	6	59	481	55964	0	601	246	149	72	34	2	38549437110187536	4794458762861514
144115188075855870	6	59	481	55964	0	601	246	149	6	6	0	38549437110187536	4794458762861514
6148914691236495	6	59	481	55964	0	601	246	149	0	0	0	18446744073709551615	18446744073709551615
9223372036854775806	6	60	481	33080	0	601	605	373	296	288	86	38549437110187536	21234551346284532
2305843009213693950	6	60	481	33080	0	601	605	373	72	67	8	38549437110187536	21234551346284532
144115188075855870	6	60	481	33080	0	601	605	373	6	6	0	38549437110187536	21234551346284532
6148914691236495	6	60	481	33080	0	601	605	373	0	0	0	18446744073709551615	18446744073709551615
9223372036854775806	6	61	481	19280	0	601	590	348	296	318	93	38549437110187536	43101032433561777
2305843009213693950	6	61	481	19280	0	601	590	348	72	71	5	38549437110187536	43101032433561777
144115188075855870	6	61	481	19280	0	601	590	348	6	3	0	38549437110187536	43101032433561777
6148914691236495	6	61	481	19280	0	601	590	348	0	0	0	18446744073709551615	18446744073709551615
9223372036854775806	6	62	481	8703	0	601	586	343	296	295	77	38549437110187536	21265985390459575
2305843009213693950	6	62	481	8703	0	601	586	343	72	74	8	38549437110187536	21265985390459575
144115188075855870	6	62	481	8703	0	601	586	343	6	5	0	38549437110187536	21265985390459575
6148914691236495	6	62	481	8703	0	601	586	343	0	0	0	18446744073709551615	18446744073709551615
9223372036854775806	6	63	481	18798	0	601	587	355	296	268	84	38549437110187536	15005778287697291
2305843009213693950	6	63	481	18798	0	601	587	355	72	71	8	38549437110187536	15005778287697291
144115188075855870	6	63	481	18798	0	601	587	355	6	3	0	38549437110187536	15005778287697291
6148914691236495	6	63	481	18798	0	601	587	355	0	0	0	18446744073709551615	18446744073709551615
9223372036854775806	7	8	51158	41603	0	612	586	350	306	287	85	6137495212140497	10761376185897727
2305843009213693950	7	8	51158	41603	0	612	586	350	82	58	4	6137495212140497	10761376185897727
144115188075855870	7	8	51158	41603	0	612	586	350	2	5	0	6137495212140497	10761376185897727
6148914691236495	7	8	51158	41603	0	612	586	350	0	0	0	18446744073709551615	18446744073709551615
9223372036854775806	7	9	51158	53952	0	612	547	320	306	279	71	6137495212140497	12243229265372149
2305843009213693950	7	9	51158	53952	0	612	547	320	82	69	4	6137495212140497	12243229265372149
144115188075855870	7	9	51158	53952	0	612	547	320	2	2	0	6137495212140497	12243229265372149
6148914691236495	7	9	51158	53952	0	612	547	320	0	0	0	18446744073709551615	18446744073709551615
9223372036854775806	7	10	51158	48760	0	612	618	397	306	293	99	6137495212140497	47915410823883345
2305843009213693950	7	10	51158	48760	0	612	618	397	82	79	7	6137495212140497	47915410823883345
144115188075855870	7	10	51158	48760	0	612	618	397	2	1	0	6137495212140497	47915410823883345
6148914691236495	7	10	51158	48760	0	612	618	397	0	0	0	18446744073709551615	18446744073709551615
9223372036854775806	7	11	51158	8052	0	612	584	364	306	298	89	6137495212140497	19041420611092299
2305843009213693950	7	11	51158	8052	0	612	584	364	82	71	6	6137495212140497	19041420611092299
144115188075855870	7	11	51158	8052	0	612	584	364	2	4	0	6137495212140497	19041420611092299
6148914691236495	7	11	51158	8052	0	612	584	364	0	0	0	18446744073709551615	18446744073709551615
9223372036854775806	7	12	51158	6011	0	612	580	362	306	299	104	6137495212140497	4895819305245111
2305843009213693950	7	12	51158	6011	0	612	580	362	82	77	7	6137495212140497	4895819305245111
144115188075855870	7	12	51158	6011	0	612	580	362	2	5	0	6137495212140497	4895819305245111
6148914691236495	7	12	51158	6011	0	612	580	362	0	0	0	18446744073709551615	18446744073709551615
9223372036854775806	7	13	51158	8971	0	612	620	385	306	329	110	6137495212140497	13653916654037286
2305843009213693950	7	13	51158	8971	0	612	620	385	82	89	5	6137495212140497	13653916654037286
144115188075855870	7	13	51158	8971	0	612	620	385	2	5	0	6137495212140497	13653916654037286
6148914691236495	7	13	51158	8971	0	612	620	385	0	0	0	18446744073709551615	18446744073709551615
9223372036854775806	7	14	51158	29741	0	612	586	342	306	295	82	6137495212140497	11922634118000644
2305843009213693950	7	14	51158	29741	0	612	586	342	82	73	8	6137495212140497	11922634118000644
144115188075855870	7	14	51158	29741	0	612	586	342	2	7	0	6137495212140497	11922634118000644
6148914691236495	7	14	51158	29741	0	612	586	342	0	0	0	18446744073709551615	18446744073709551615
9223372036854775806	7	15	51158	61994	0	612	0	0	306	0	0	6137495212140497	18446744073709551615
2305843009213693950	7	15	51158	61994	0	612	0	0	82	0	0	6137495212140497	18446744073709551615
144115188075855870	7	15	51158	61994	0	612	0	0	2	0	0	6137495212140497	18446744073709551615
6148914691236495	7	15	51158	61994	0	612	0	0	0	0	0	18446744073709551615	18446744073709551615
9223372036854775806	7	16	51158	65179	0	612	0	0	306	0	0	6137495212140497	18446744073709551615
2305843009213693950	7	16	51158	65179	0	612	0	0	82	0	0	6137495212140497	18446744073709551615
144115188075855870	7	16	51158	65179	0	612	0	0	2	0	0	6137495212140497	18446744073709551615
6148914691236495	7	16	51158	65179	0	612	0	0	0	0	0	18446744073709551615	18446744073709551615
9223372036854775806	7	17	51158	39561	0	612	591	363	306	297	99	6137495212140497	16693452655042096
2305843009213693950	7	17	51158	39561	0	612	591	363	82	79	4	6137495212140497	16693452655042096
144115188075855870	7	17	51158	39561	0	612	591	363	2	1	0	6137495212140497	16693452655042096
6148914691236495	7	17	51158	39561	0	612	591	363	0	0	0	18446744073709551615	18446744073709551615
9223372036854775806	7	18	51158	40991	0	612	581	352	306	281	94	6137495212140497	4378728128714937
2305843009213693950	7	18	51158	40991	0	612	581	352	82	61	7	6137495212140497	4378728128714937
144115188075855870	7	18	51158	40991	0	612	581	352	2	6	0	6137495212140497	4378728128714937
6148914691236495	7	18	51158	40991	0	612	581	352	0	0	0	18446744073709551615	18446744073709551615
9223372036854775806	7	19	51158	46852	0	612	596	357	306	272	79	6137495212140497	1705756778285761
2305843009213693950	7	19	51158	46852	0	612	596	357	82	77	5	6137495212140497	1705756778285761
144115188075855870	7	19	51158	46852	0	612	596	357	2	5	0	6137495212140497	1705756778285761
6148914691236495	7	19	51158	46852	0	612	596	357	0	1	0	18446744073709551615	1705756778285761
9223372036854775806	7	20	51158	6863	0	612	619	373	306	322	94	6137495212140497	17292185457148032
2305843009213693950	7	20	51158	6863	0	612	619	373	82	81	4	6137495212140497	17292185457148032
144115188075855870	7	20	51158	6863	0	612	619	373	2	2	0	6137495212140497	17292185457148032
6148914691236495	7	20	51158	6863	0	612	619	373	0	0	0	18446744073709551615	18446744073709551615
9223372036854775806	7	21	51158	18917	0	612	590	361	306	296	92	6137495212140497	13061327029430687
2305843009213693950	7	21	51158	18917	0	612	590	361	82	66	5	6137495212140497	13061327029430687
144115188075855870	7	21	51158	18917	0	612	590	361	2	5	0	6137495212140497	13061327029430687
6148914691236495	7	21	51158	18917	0	612	590	361	0	0	0	18446744073709551615	18446744073709551615
9223372036854775806	7	22	51158	44560	0	612	621	379	306	292	83	6137495212140497	5883336446271408
2305843009213693950	7	22	51158	44560	0	612	621	379	82	83	5	6137495212140497	5883336446271408
144115188075855870	7	22	51158	44560	0	612	621	379	2	6	0	6137495212140497	5883336446271408
6148914691236495	7	22	51158	44560	0	612	621	379	0	0	0	18446744073709551615	18446744073709551615
9223372036854775806	7	23	51158	36290	0	612	559	345	306	285	98	6137495212140497	30102744842481255
2305843009213693950	7	23	51158	36290	0	612	559	345	82	73	4	6137495212140497	30102744842481255
144115188075855870	7	23	51158	36290	0	612	559	345	2	7	0	6137495212140497	30102744842481255
6148914691236495	7	23	51158	36290	0	612	559	345	0	0	0	18446744073709551615	18446744073709551615
9223372036854775806	7	24	51158	24867	0	612	580	349	306	280	85	6137495212140497	27029469813257164
2305843009213693950	7	24	51158	24867	0	612	580	349	82	77	6	6137495212140497	27029469813257164
144115188075855870	7	24	51158	24867	0	612	580	349	2	3	0	6137495212140497	27029469813257164
6148914691236495	7	24	51158	24867	0	612	580	349	0	0	0	18446744073709551615	18446744073709551615
9223372036854775806	7	25	51158	10092	0	612	594	352	306	296	88	6137495212140497	7354267654878491
2305843009213693950	7	25	51158	10092	0	612	594	352	82	90	6	6137495212140497	7354267654878491
144115188075855870	7	25	51158	10092	0	612	594	352	2	4	0	6137495212140497	7354267654878491
6148914691236495	7	25	51158	10092	0	612	594	352	0	0	0	18446744073709551615	18446744073709551615
9223372036854775806	7	26	51158	35222	0	612	601	362	306	325	99	6137495212140497	6767251757431065
2305843009213693950	7	26	51158	35222	0	612	601	362	82	91	8	6137495212140497	6767251757431065
144115188075855870	7	26	51158	35222	0	612	601	362	2	7	0	6137495212140497	6767251757431065
6148914691236495	7	26	51158	35222	0	612	601	362	0	0	0	18446744073709551615	18446744073709551615
9223372036854775806	7	27	51158	8487	0	612	592	365	306	278	81	6137495212140497	4893775207410366
2305843009213693950	7	27	51158	8487	0	612	592	365	82	69	6	6137495212140497	4893775207410366
144115188075855870	7	27	51158	8487	0	612	592	365	2	5	0	6137495212140497	4893775207410366
6148914691236495	7	27	51158	8487	0	612	592	365	0	0	0	18446744073709551615	18446744073709551615
9223372036854775806	7	28	51158	12647	0	612	597	360	306	297	80	6137495212140497	1692374620791229
2305843009213693950	7	28	51158	12647	0	612	597	360	82	82	3	6137495212140497	1692374620791229
144115188075855870	7	28	51158	12647	0	612	597	360	2	10	0	6137495212140497	1692374620791229
6148914691236495	7	28	51158	12647	0	612	597	360	0	2	0	18446744073709551615	1692374620791229
9223372036854775806	7	29	51158	10798	0	612	566	345	306	296	84	6137495212140497	20776250396026951
2305843009213693950	7	29	51158	10798	0	612	566	345	82	78	7	6137495212140497	20776250396026951
144115188075855870	7	29	51158	10798	0	612	566	345	2	7	0	6137495212140497	20776250396026951
6148914691236495	7	29	51158	10798	0	612	566	345	0	0	0	18446744073709551615	18446744073709551615
9223372036854775806	7	30	51158	25650	0	612	597	359	306	283	89	6137495212140497	3662753934290118
2305843009213693950	7	30	51158	25650	0	612	597	359	82	77	7	6137495212140497	3662753934290118
144115188075855870	7	30	51158	25650	0	612	597	359	2	4	0	6137495212140497	3662753934290118
6148914691236495	7	30	51158	25650	0	612	597	359	0	0	0	18446744073709551615	18446744073709551615
9223372036854775806	7	31	51158	34514	0	612	611	373	306	287	80	6137495212140497	6941176516761588
2305843009213693950	7	31	51158	34514	0	612	611	373	82	58	2	6137495212140497	6941176516761588
144115188075855870	7	31	51158	34514	0	612	611	373	2	4	0	6137495212140497	6941176516761588
6148914691236495	7	31	51158	34514	0	612	611	373	0	0	0	18446744073709551615	18446744073709551615
9223372036854775806	7	32	51158	8941	0	612	618	384	306	316	100	6137495212140497	41509711107450482
2305843009213693950	7	32	51158	8941	0	612	618	384	82	62	3	6137495212140497	41509711107450482
144115188075855870	7	32	51158	8941	0	612	618	384	2	2	0	6137495212140497	41509711107450482
6148914691236495	7	32	51158	8941	0	612	618	384	0	0	0	18446744073709551615	18446744073709551615
9223372036854775806	7	33	51158	18606	0	612	587	357	306	275	80	6137495212140497	853515616737708
2305843009213693950	7	33	51158	18606	0	612	587	357	82	87	10	6137495212140497	853515616737708
144115188075855870	7	33	51158	18606	0	612	587	357	2	5	0	6137495212140497	853515616737708
6148914691236495	7	33	51158	18606	0	612	587	357	0	1	0	18446744073709551615	853515616737708
9223372036854775806	7	34	51158	25591	0	612	601	370	306	280	81	6137495212140497	6928079483968818
2305843009213693950	7	34	51158	25591	0	612	601	370	82	79	5	6137495212140497	6928079483968818
144115188075855870	7	34	51158	25591	0	612	601	370	2	7	0	6137495212140497	6928079483968818
6148914691236495	7	34	51158	25591	0	612	601	370	0	0	0	18446744073709551615	18446744073709551615
9223372036854775806	7	35	51158	46113	0	612	590	352	306	315	98	6137495212140497	7541477037468554
2305843009213693950	7	35	51158	46113	0	612	590	352	82	87	8	6137495212140497	7541477037468554
144115188075855870	7	35	51158	46113	0	612	590	352	2	5	0	6137495212140497	7541477037468554
6148914691236495	7	35	51158	46113	0	612	590	352	0	0	0	18446744073709551615	18446744073709551615
9223372036854775806	7	36	51158	19622	0	612	589	347	306	288	92	6137495212140497	16578064053768791
2305843009213693950	7	36	51158	19622	0	612	589	347	82	66	2	6137495212140497	16578064053768791
144115188075855870	7	36	51158	19622	0	612	589	347	2	7	0	6137495212140497	16578064053768791
6148914691236495	7	36	51158	19622	0	612	589	347	0	0	0	18446744073709551615	18446744073709551615
9223372036854775806	7	37	51158	61384	0	612	0	0	306	0	0	6137495212140497	18446744073709551615
2305843009213693950	7	37	51158	61384	0	612	0	0	82	0	0	6137495212140497	18446744073709551615
144115188075855870	7	37	51158	61384	0	612	0	0	2	0	0	6137495212140497	18446744073709551615
6148914691236495	7	37	51158	61384	0	612	0	0	0	0	0	18446744073709551615	18446744073709551615
9223372036854775806	7	38	51158	1850	0	612	593	356	306	286	84	6137495212140497	2925841906355596
2305843009213693950	7	38	51158	1850	0	612	593	356	82	71	4	6137495212140497	2925841906355596
144115188075855870	7	38	51158	1850	0	612	593	356	2	2	0	6137495212140497	2925841906355596
6148914691236495	7	38	51158	1850	0	612	593	356	0	1	0	18446744073709551615	2925841906355596
9223372036854775806	7	39	51158	49493	0	612	597	387	306	308	99	6137495212140497	2369895518816490
2305843009213693950	7	39	51158	49493	0	612	597	387	82	76	2	6137495212140497	2369895518816490
144115188075855870	7	39	51158	49493	0	612	597	387	2	3	0	6137495212140497	2369895518816490
6148914691236495	7	39	51158	49493	0	612	597	387	0	1	0	18446744073709551615	2369895518816490
9223372036854775806	7	40	51158	43652	0	612	575	349	306	278	85	6137495212140497	42882982723515030
2305843009213693950	7	40	51158	43652	0	612	575	349	82	67	3	6137495212140497	42882982723515030
144115188075855870	7	40	51158	43652	0	612	575	349	2	1	0	6137495212140497	42882982723515030
6148914691236495	7	40	51158	43652	0	612	575	349	0	0	0	18446744073709551615	18446744073709551615
9223372036854775806	7	41	51158	65253	0	612	0	0	306	0	0	6137495212140497	18446744073709551615
2305843009213693950	7	41	51158	65253	0	612	0	0	82	0	0	6137495212140497	18446744073709551615
144115188075855870	7	41	51158	65253	0	612	0	0	2	0	0	6137495212140497	18446744073709551615
6148914691236495	7	41	51158	65253	0	612	0	0	0	0	0	18446744073709551615	18446744073709551615
9223372036854775806	7	42	51158	24016	0	612	582	357	306	278	79	6137495212140497	23566389845982477
2305843009213693950	7	42	51158	24016	0	612	582	357	82	65	4	6137495212140497	23566389845982477
144115188075855870	7	42	51158	24016	0	612	582	357	2	5	0	6137495212140497	23566389845982477
6148914691236495	7	42	51158	24016	0	612	582	357	0	0	0	18446744073709551615	18446744073709551615
9223372036854775806	7	43	51158	39014	0	612	577	361	306	286	89	6137495212140497	9614967626582621
2305843009213693950	7	43	51158	39014	0	612	577	361	82	69	4	6137495212140497	9614967626582621
144115188075855870	7	43	51158	39014	0	612	577	361	2	3	0	6137495212140497	9614967626582621
6148914691236495	7	43	51158	39014	0	612	577	361	0	0	0	18446744073709551615	18446744073709551615
9223372036854775806	7	44	51158	50585	0	612	573	352	306	297	92	6137495212140497	2197102958816999
2305843009213693950	7	44	51158	50585	0	612	573	352	82	76	8	6137495212140497	2197102958816999
144115188075855870	7	44	51158	50585	0	612	573	352	2	5	0	6137495212140497	2197102958816999
6148914691236495	7	44	51158	50585	0	612	573	352	0	1	0	18446744073709551615	2197102958816999
9223372036854775806	7	45	51158	543	0	612	595	364	306	277	86	6137495212140497	3529678978331514
2305843009213693950	7	45	51158	543	0	612	595	364	82	72	5	6137495212140497	3529678978331514
144115188075855870	7	45	51158	543	0	612	595	364	2	5	0	6137495212140497	3529678978331514
6148914691236495	7	45	51158	543	0	612	595	364	0	0	0	18446744073709551615	18446744073709551615
9223372036854775806	7	46	51158	28348	0	612	584	350	306	308	90	6137495212140497	7659861853809104
2305843009213693950	7	46	51158	28348	0	612	584	350	82	83	8	6137495212140497	7659861853809104
144115188075855870	7	46	51158	28348	0	612	584	350	2	7	0	6137495212140497	7659861853809104
6148914691236495	7	46	51158	28348	0	612	584	350	0	0	0	18446744073709551615	18446744073709551615
9223372036854775806	7	47	51158	36508	0	612	558	320	306	281	84	6137495212140497	5699832315310769
2305843009213693950	7	47	51158	36508	0	612	558	320	82	79	12	6137495212140497	5699832315310769
144115188075855870	7	47	51158	36508	0	612	558	320	2	5	0	6137495212140497	5699832315310769
6148914691236495	7	47	51158	36508	0	612	558	320	0	0	0	18446744073709551615	18446744073709551615
9223372036854775806	7	48	51158	10875	0	612	578	351	306	291	89	6137495212140497	25099112878567966
2305843009213693950	7	48	51158	10875	0	612	578	351	82	75	6	6137495212140497	25099112878567966
144115188075855870	7	48	51158	10875	0	612	578	351	2	4	0	6137495212140497	25099112878567966
6148914691236495	7	48	51158	10875	0	612	578	351	0	0	0	18446744073709551615	18446744073709551615
9223372036854775806	7	49	51158	34534	0	612	571	369	306	301	98	6137495212140497	1691219382961787
2305843009213693950	7	49	51158	34534	0	612	571	369	82	75	6	6137495212140497	1691219382961787
144115188075855870	7	49	51158	34534	0	612	571	369	2	4	0	6137495212140497	1691219382961787
6148914691236495	7	49	51158	34534	0	612	571	369	0	1	0	18446744073709551615	1691219382961787
9223372036854775806	7	50	51158	26791	0	612	623	375	306	301	85	6137495212140497	15400635981762684
2305843009213693950	7	50	51158	26791	0	612	623	375	82	85	12	6137495212140497	15400635981762684
144115188075855870	7	50	51158	26791	0	612	623	375	2	6	0	6137495212140497	15400635981762684
6148914691236495	7	50	51158	26791	0	612	623	375	0	0	0	18446744073709551615	18446744073709551615
9223372036854775806	7	51	51158	32876	0	612	586	354	306	292	83	6137495212140497	41742007892017841
2305843009213693950	7	51	51158	32876	0	612	586	354	82	77	4	6137495212140497	41742007892017841
144115188075855870	7	51	51158	32876	0	612	586	354	2	3	0	6137495212140497	41742007892017841
6148914691236495	7	51	51158	32876	0	612	586	354	0	0	0	18446744073709551615	18446744073709551615
9223372036854775806	7	52	51158	13804	0	612	574	351	306	300	102	6137495212140497	2790875122670278
2305843009213693950	7	52	51158	13804	0	612	574	351	82	63	6	6137495212140497	2790875122670278
144115188075855870	7	52	51158	13804	0	612	574	351	2	3	0	6137495212140497	2790875122670278
6148914691236495	7	52	51158	13804	0	612	574	351	0	1	0	18446744073709551615	2790875122670278
9223372036854775806	7	53	51158	28986	0	612	592	355	306	313	96	6137495212140497	26017863593228402
2305843009213693950	7	53	51158	28986	0	612	592	355	82	67	7	6137495212140497	26017863593228402
144115188075855870	7	53	51158	28986	0	612	592	355	2	5	0	6137495212140497	26017863593228402
6148914691236495	7	53	51158	28986	0	612	592	355	0	0	0	18446744073709551615	18446744073709551615
9223372036854775806	7	54	51158	20288	0	612	577	348	306	279	91	6137495212140497	6993834807301157
2305843009213693950	7	54	51158	20288	0	612	577	348	82	77	2	6137495212140497	6993834807301157
144115188075855870	7	54	51158	20288	0	612	577	348	2	2	0	6137495212140497	6993834807301157
6148914691236495	7	54	51158	20288	0	612	577	348	0	0	0	18446744073709551615	18446744073709551615
9223372036854775806	7	55	51158	41436	0	612	582	355	306	287	93	6137495212140497	25612715942692053
2305843009213693950	7	55	51158	41436	0	612	582	355	82	79	8	6137495212140497	25612715942692053
144115188075855870	7	55	51158	41436	0	612	582	355	2	3	0	6137495212140497	25612715942692053
6148914691236495	7	55	51158	41436	0	612	582	355	0	0	0	18446744073709551615	18446744073709551615
9223372036854775806	7	56	51158	41867	0	612	603	368	306	288	97	6137495212140497	8795885601060178
2305843009213693950	7	56	51158	41867	0	612	603	368	82	69	7	6137495212140497	8795885601060178
144115188075855870	7	56	51158	41867	0	612	603	368	2	8	0	6137495212140497	8795885601060178
6148914691236495	7	56	51158	41867	0	612	603	368	0	0	0	18446744073709551615	18446744073709551615
9223372036854775806	7	57	51158	55273	0	612	375	224	306	182	52	6137495212140497	57484945731452901
2305843009213693950	7	57	51158	55273	0	612	375	224	82	51	5	6137495212140497	57484945731452901
144115188075855870	7	57	51158	55273	0	612	375	224	2	3	0	6137495212140497	57484945731452901
6148914691236495	7	57	51158	55273	0	612	375	224	0	0	0	18446744073709551615	18446744073709551615
9223372036854775806	7	58	51158	48095	0	612	592	359	306	279	90	6137495212140497	5858463627943568
2305843009213693950	7	58	51158	48095	0	612	592	359	82	78	6	6137495212140497	5858463627943568
144115188075855870	7	58	51158	48095	0	612	592	359	2	5	0	6137495212140497	5858463627943568
6148914691236495	7	58	51158	48095	0	612	592	359	0	0	0	18446744073709551615	18446744073709551615
9223372036854775806	7	59	51158	55964	0	612	246	155	306	121	41	6137495212140497	4794458762861514
2305843009213693950	7	59	51158	55964	0	612	246	155	82	34	4	6137495212140497	4794458762861514
144115188075855870	7	59	51158	55964	0	612	246	155	2	6	0	6137495212140497	4794458762861514
6148914691236495	7	59	51158	55964	0	612	246	155	0	0	0	18446744073709551615	18446744073709551615
9223372036854775806	7	60	51158	33080	0	612	605	363	306	288	91	6137495212140497	21234551346284532
2305843009213693950	7	60	51158	33080	0	612	605	363	82	67	4	6137495212140497	21234551346284532
144115188075855870	7	60	51158	33080	0	612	605	363	2	6	0	6137495212140497	21234551346284532
6148914691236495	7	60	51158	33080	0	612	605	363	0	0	0	18446744073709551615	18446744073709551615
9223372036854775806	7	61	51158	19280	0	612	590	361	306	318	101	6137495212140497	43101032433561777
2305843009213693950	7	61	51158	19280	0	612	590	361	82	71	6	6137495212140497	43101032433561777
144115188075855870	7	61	51158	19280	0	612	590	361	2	3	0	6137495212140497	43101032433561777
6148914691236495	7	61	51158	19280	0	612	590	361	0	0	0	18446744073709551615	18446744073709551615
9223372036854775806	7	62	51158	8703	0	612	586	349	306	295	92	6137495212140497	21265985390459575
2305843009213693950	7	62	51158	8703	0	612	586	349	82	74	7	6137495212140497	21265985390459575
144115188075855870	7	62	51158	8703	0	612	586	349	2	5	0	6137495212140497	21265985390459575
6148914691236495	7	62	51158	8703	0	612	586	349	0	0	0	18446744073709551615	18446744073709551615
9223372036854775806	7	63	51158	18798	0	612	587	369	306	268	81	6137495212140497	15005778287697291
2305843009213693950	7	63	51158	18798	0	612	587	369	82	71	4	6137495212140497	15005778287697291
144115188075855870	7	63	51158	18798	0	612	587	369	2	3	0	6137495212140497	15005778287697291
6148914691236495	7	63	51158	18798	0	612	587	369	0	0	0	18446744073709551615	18446744073709551615
9223372036854775806	8	9	41603	53952	0	586	547	321	287	279	83	10761376185897727	12243229265372149
2305843009213693950	8	9	41603	53952	0	586	547	321	58	69	6	10761376185897727	12243229265372149
144115188075855870	8	9	41603	53952	0	586	547	321	5	2	0	10761376185897727	12243229265372149
6148914691236495	8	9	41603	53952	0	586	547	321	0	0	0	18446744073709551615	18446744073709551615
9223372036854775806	8	10	41603	48760	0	586	618	377	287	293	91	10761376185897727	47915410823883345
2305843009213693950	8	10	41603	48760	0	586	618	377	58	79	2	10761376185897727	47915410823883345
144115188075855870	8	10	41603	48760	0	586	618	377	5	1	0	10761376185897727	47915410823883345
6148914691236495	8	10	41603	48760	0	586	618	377	0	0	0	18446744073709551615	18446744073709551615
9223372036854775806	8	11	41603	8052	0	586	584	342	287	298	77	10761376185897727	19041420611092299
2305843009213693950	8	11	41603	8052	0	586	584	342	58	71	4	10761376185897727	19041420611092299
144115188075855870	8	11	41603	8052	0	586	584	342	5	4	0	10761376185897727	19041420611092299
6148914691236495	8	11	41603	8052	0	586	584	342	0	0	0	18446744073709551615	18446744073709551615
9223372036854775806	8	12	41603	6011	0	586	580	346	287	299	106	10761376185897727	4895819305245111
2305843009213693950	8	12	41603	6011	0	586	580	346	58	77	8	10761376185897727	4895819305245111
144115188075855870	8	12	41603	6011	0	586	580	346	5	5	0	10761376185897727	4895819305245111
6148914691236495	8	12	41603	6011	0	586	580	346	0	0	0	18446744073709551615	18446744073709551615
9223372036854775806	8	13	41603	8971	0	586	620	356	287	329	79	10761376185897727	13653916654037286
2305843009213693950	8	13	41603	8971	0	586	620	356	58	89	3	10761376185897727	13653916654037286
144115188075855870	8	13	41603	8971	0	586	620	356	5	5	0	10761376185897727	13653916654037286
6148914691236495	8	13	41603	8971	0	586	620	356	0	0	0	18446744073709551615	18446744073709551615
9223372036854775806	8	14	41603	29741	0	586	586	346	287	295	80	10761376185897727	11922634118000644
2305843009213693950	8	14	41603	29741	0	586	586	346	58	73	8	10761376185897727	11922634118000644
144115188075855870	8	14	41603	29741	0	586	586	346	5	7	0	10761376185897727	11922634118000644
6148914691236495	8	14	41603	29741	0	586	586	346	0	0	0	18446744073709551615	18446744073709551615
9223372036854775806	8	15	41603	61994	0	586	0	0	287	0	0	10761376185897727	18446744073709551615
2305843009213693950	8	15	41603	61994	0	586	0	0	58	0	0	10761376185897727	18446744073709551615
144115188075855870	8	15	41603	61994	0	586	0	0	5	0	0	10761376185897727	18446744073709551615
6148914691236495	8	15	41603	61994	0	586	0	0	0	0	0	18446744073709551615	18446744073709551615
9223372036854775806	8	16	41603	65179	0	586	0	0	287	0	0	10761376185897727	18446744073709551615
2305843009213693950	8	16	41603	65179	0	586	0	0	58	0	0	10761376185897727	18446744073709551615
144115188075855870	8	16	41603	65179	0	586	0	0	5	0	0	10761376185897727	18446744073709551615
6148914691236495	8	16	41603	65179	0	586	0	0	0	0	0	18446744073709551615	18446744073709551615
9223372036854775806	8	17	41603	39561	0	586	591	339	287	297	98	10761376185897727	16693452655042096
2305843009213693950	8	17	41603	39561	0	586	591	339	58	79	5	10761376185897727	16693452655042096
144115188075855870	8	17	41603	39561	0	586	591	339	5	1	0	10761376185897727	16693452655042096
6148914691236495	8	17	41603	39561	0	586	591	339	0	0	0	18446744073709551615	18446744073709551615
9223372036854775806	8	18	41603	40991	0	586	581	352	287	281	98	10761376185897727	4378728128714937
2305843009213693950	8	18	41603	40991	0	586	581	352	58	61	7	10761376185897727	4378728128714937
144115188075855870	8	18	41603	40991	0	586	581	352	5	6	0	10761376185897727	4378728128714937
6148914691236495	8	18	41603	40991	0	586	581	352	0	0	0	18446744073709551615	18446744073709551615
9223372036854775806	8	19	41603	46852	0	586	596	348	287	272	66	10761376185897727	1705756778285761
2305843009213693950	8	19	41603	46852	0	586	596	348	58	77	6	10761376185897727	1705756778285761
144115188075855870	8	19	41603	46852	0	586	596	348	5	5	0	10761376185897727	1705756778285761
6148914691236495	8	19	41603	46852	0	586	596	348	0	1	0	18446744073709551615	1705756778285761
9223372036854775806	8	20	41603	6863	0	586	619	374	287	322	88	10761376185897727	17292185457148032
2305843009213693950	8	20	41603	6863	0	586	619	374	58	81	7	10761376185897727	17292185457148032
144115188075855870	8	20	41603	6863	0	586	619	374	5	2	0	10761376185897727	17292185457148032
6148914691236495	8	20	41603	6863	0	586	619	374	0	0	0	18446744073709551615	18446744073709551615
9223372036854775806	8	21	41603	18917	0	586	590	350	287	296	83	10761376185897727	13061327029430687
2305843009213693950	8	21	41603	18917	0	586	590	350	58	66	4	10761376185897727	13061327029430687
144115188075855870	8	21	41603	18917	0	586	590	350	5	5	0	10761376185897727	13061327029430687
6148914691236495	8	21	41603	18917	0	586	590	350	0	0	0	18446744073709551615	18446744073709551615
9223372036854775806	8	22	41603	44560	0	586	621	352	287	292	96	10761376185897727	5883336446271408
2305843009213693950	8	22	41603	44560	0	586	621	352	58	83	4	10761376185897727	5883336446271408
144115188075855870	8	22	41603	44560	0	586	621	352	5	6	0	10761376185897727	5883336446271408
6148914691236495	8	22	41603	44560	0	586	621	352	0	0	0	18446744073709551615	18446744073709551615
9223372036854775806	8	23	41603	36290	0	586	559	332	287	285	80	10761376185897727	30102744842481255
2305843009213693950	8	23	41603	36290	0	586	559	332	58	73	4	10761376185897727	30102744842481255
144115188075855870	8	23	41603	36290	0	586	559	332	5	7	0	10761376185897727	30102744842481255
6148914691236495	8	23	41603	36290	0	586	559	332	0	0	0	18446744073709551615	18446744073709551615
9223372036854775806	8	24	41603	24867	0	586	580	343	287	280	79	10761376185897727	27029469813257164
2305843009213693950	8	24	41603	24867	0	586	580	343	58	77	1	10761376185897727	27029469813257164
144115188075855870	8	24	41603	24867	0	586	580	343	5	3	0	10761376185897727	27029469813257164
6148914691236495	8	24	41603	24867	0	586	580	343	0	0	0	18446744073709551615	18446744073709551615
9223372036854775806	8	25	41603	10092	0	586	594	358	287	296	90	10761376185897727	7354267654878491
2305843009213693950	8	25	41603	10092	0	586	594	358	58	90	4	10761376185897727	7354267654878491
144115188075855870	8	25	41603	10092	0	586	594	358	5	4	0	10761376185897727	7354267654878491
6148914691236495	8	25	41603	10092	0	586	594	358	0	0	0	18446744073709551615	18446744073709551615
9223372036854775806	8	26	41603	35222	0	586	601	347	287	325	88	10761376185897727	6767251757431065
2305843009213693950	8	26	41603	35222	0	586	601	347	58	91	4	10761376185897727	6767251757431065
144115188075855870	8	26	41603	35222	0	586	601	347	5	7	0	10761376185897727	6767251757431065
6148914691236495	8	26	41603	35222	0	586	601	347	0	0	0	18446744073709551615	18446744073709551615
9223372036854775806	8	27	41603	8487	0	586	592	358	287	278	73	10761376185897727	4893775207410366
2305843009213693950	8	27	41603	8487	0	586	592	358	58	69	1	10761376185897727	4893775207410366
144115188075855870	8	27	41603	8487	0	586	592	358	5	5	0	10761376185897727	4893775207410366
6148914691236495	8	27	41603	8487	0	586	592	358	0	0	0	18446744073709551615	18446744073709551615
9223372036854775806	8	28	41603	12647	0	586	597	352	287	297	86	10761376185897727	1692374620791229
2305843009213693950	8	28	41603	12647	0	586	597	352	58	82	2	10761376185897727	1692374620791229
144115188075855870	8	28	41603	12647	0	586	597	352	5	10	0	10761376185897727	1692374620791229
6148914691236495	8	28	41603	12647	0	586	597	352	0	2	0	18446744073709551615	1692374620791229
9223372036854775806	8	29	41603	10798	0	586	566	329	287	296	91	10761376185897727	20776250396026951
2305843009213693950	8	29	41603	10798	0	586	566	329	58	78	2	10761376185897727	20776250396026951
144115188075855870	8	29	41603	10798	0	586	566	329	5	7	0	10761376185897727	20776250396026951
6148914691236495	8	29	41603	10798	0	586	566	329	0	0	0	18446744073709551615	18446744073709551615
9223372036854775806	8	30	41603	25650	0	586	597	336	287	283	81	10761376185897727	3662753934290118
2305843009213693950	8	30	41603	25650	0	586	597	336	58	77	4	10761376185897727	3662753934290118
144115188075855870	8	30	41603	25650	0	586	597	336	5	4	0	10761376185897727	3662753934290118
6148914691236495	8	30	41603	25650	0	586	597	336	0	0	0	18446744073709551615	18446744073709551615
9223372036854775806	8	31	41603	34514	0	586	611	351	287	287	76	10761376185897727	6941176516761588
2305843009213693950	8	31	41603	34514	0	586	611	351	58	58	3	10761376185897727	6941176516761588
144115188075855870	8	31	41603	34514	0	586	611	351	5	4	0	10761376185897727	6941176516761588
6148914691236495	8	31	41603	34514	0	586	611	351	0	0	0	18446744073709551615	18446744073709551615
9223372036854775806	8	32	41603	8941	0	586	618	348	287	316	88	10761376185897727	41509711107450482
2305843009213693950	8	32	41603	8941	0	586	618	348	58	62	4	10761376185897727	41509711107450482
144115188075855870	8	32	41603	8941	0	586	618	348	5	2	0	10761376185897727	41509711107450482
6148914691236495	8	32	41603	8941	0	586	618	348	0	0	0	18446744073709551615	18446744073709551615
9223372036854775806	8	33	41603	18606	0	586	587	359	287	275	92	10761376185897727	853515616737708
2305843009213693950	8	33	41603	18606	0	586	587	359	58	87	7	10761376185897727	853515616737708
144115188075855870	8	33	41603	18606	0	586	587	359	5	5	0	10761376185897727	853515616737708
6148914691236495	8	33	41603	18606	0	586	587	359	0	1	0	18446744073709551615	853515616737708
9223372036854775806	8	34	41603	25591	0	586	601	366	287	280	93	10761376185897727	6928079483968818
2305843009213693950	8	34	41603	25591	0	586	601	366	58	79	2	10761376185897727	6928079483968818
144115188075855870	8	34	41603	25591	0	586	601	366	5	7	0	10761376185897727	6928079483968818
6148914691236495	8	34	41603	25591	0	586	601	366	0	0	0	18446744073709551615	18446744073709551615
9223372036854775806	8	35	41603	46113	0	586	590	341	287	315	89	10761376185897727	7541477037468554
2305843009213693950	8	35	41603	46113	0	586	590	341	58	87	1	10761376185897727	7541477037468554
144115188075855870	8	35	41603	46113	0	586	590	341	5	5	0	10761376185897727	7541477037468554
6148914691236495	8	35	41603	46113	0	586	590	341	0	0	0	18446744073709551615	18446744073709551615
9223372036854775806	8	36	41603	19622	0	586	589	353	287	288	90	10761376185897727	16578064053768791
2305843009213693950	8	36	41603	19622	0	586	589	353	58	66	2	10761376185897727	16578064053768791
144115188075855870	8	36	41603	19622	0	586	589	353	5	7	0	10761376185897727	16578064053768791
6148914691236495	8	36	41603	19622	0	586	589	353	0	0	0	18446744073709551615	18446744073709551615
9223372036854775806	8	37	41603	61384	0	586	0	0	287	0	0	10761376185897727	18446744073709551615
2305843009213693950	8	37	41603	61384	0	586	0	0	58	0	0	10761376185897727	18446744073709551615
144115188075855870	8	37	41603	61384	0	586	0	0	5	0	0	10761376185897727	18446744073709551615
6148914691236495	8	37	41603	61384	0	586	0	0	0	0	0	18446744073709551615	18446744073709551615
9223372036854775806	8	38	41603	1850	0	586	593	354	287	286	87	10761376185897727	2925841906355596
2305843009213693950	8	38	41603	1850	0	586	593	354	58	71	7	10761376185897727	2925841906355596
144115188075855870	8	38	41603	1850	0	586	593	354	5	2	0	10761376185897727	2925841906355596
6148914691236495	8	38	41603	1850	0	586	593	354	0	1	0	18446744073709551615	2925841906355596
9223372036854775806	8	39	41603	49493	0	586	597	343	287	308	84	10761376185897727	2369895518816490
2305843009213693950	8	39	41603	49493	0	586	597	343	58	76	4	10761376185897727	2369895518816490
144115188075855870	8	39	41603	49493	0	586	597	343	5	3	0	10761376185897727	2369895518816490
6148914691236495	8	39	41603	49493	0	586	597	343	0	1	0	18446744073709551615	2369895518816490
9223372036854775806	8	40	41603	43652	0	586	575	345	287	278	84	10761376185897727	42882982723515030
2305843009213693950	8	40	41603	43652	0	586	575	345	58	67	7	10761376185897727	42882982723515030
144115188075855870	8	40	41603	43652	0	586	575	345	5	1	0	10761376185897727	42882982723515030
6148914691236495	8	40	41603	43652	0	586	575	345	0	0	0	18446744073709551615	18446744073709551615
9223372036854775806	8	41	41603	65253	0	586	0	0	287	0	0	10761376185897727	18446744073709551615
2305843009213693950	8	41	41603	65253	0	586	0	0	58	0	0	10761376185897727	18446744073709551615
144115188075855870	8	41	41603	65253	0	586	0	0	5	0	0	10761376185897727	18446744073709551615
6148914691236495	8	41	41603	65253	0	586	0	0	0	0	0	18446744073709551615	18446744073709551615
9223372036854775806	8	42	41603	24016	0	586	582	337	287	278	73	10761376185897727	23566389845982477
2305843009213693950	8	42	41603	24016	0	586	582	337	58	65	4	10761376185897727	23566389845982477
144115188075855870	8	42	41603	24016	0	586	582	337	5	5	0	10761376185897727	23566389845982477
6148914691236495	8	42	41603	24016	0	586	582	337	0	0	0	18446744073709551615	18446744073709551615
9223372036854775806	8	43	41603	39014	0	586	577	347	287	286	90	10761376185897727	9614967626582621
2305843009213693950	8	43	41603	39014	0	586	577	347	58	69	4	10761376185897727	9614967626582621
144115188075855870	8	43	41603	39014	0	586	577	347	5	3	0	10761376185897727	9614967626582621
6148914691236495	8	43	41603	39014	0	586	577	347	0	0	0	18446744073709551615	18446744073709551615
9223372036854775806	8	44	41603	50585	0	586	573	337	287	297	77	10761376185897727	2197102958816999
2305843009213693950	8	44	41603	50585	0	586	573	337	58	76	4	10761376185897727	2197102958816999
144115188075855870	8	44	41603	50585	0	586	573	337	5	5	0	10761376185897727	2197102958816999
6148914691236495	8	44	41603	50585	0	586	573	337	0	1	0	18446744073709551615	2197102958816999
9223372036854775806	8	45	41603	543	0	586	595	347	287	277	77	10761376185897727	3529678978331514
2305843009213693950	8	45	41603	543	0	586	595	347	58	72	2	10761376185897727	3529678978331514
144115188075855870	8	45	41603	543	0	586	595	347	5	5	0	10761376185897727	3529678978331514
6148914691236495	8	45	41603	543	0	586	595	347	0	0	0	18446744073709551615	18446744073709551615
9223372036854775806	8	46	41603	28348	0	586	584	339	287	308	81	10761376185897727	7659861853809104
2305843009213693950	8	46	41603	28348	0	586	584	339	58	83	7	10761376185897727	7659861853809104
144115188075855870	8	46	41603	28348	0	586	584	339	5	7	0	10761376185897727	7659861853809104
6148914691236495	8	46	41603	28348	0	586	584	339	0	0	0	18446744073709551615	18446744073709551615
9223372036854775806	8	47	41603	36508	0	586	558	328	287	281	84	10761376185897727	5699832315310769
2305843009213693950	8	47	41603	36508	0	586	558	328	58	79	5	10761376185897727	5699832315310769
144115188075855870	8	47	41603	36508	0	586	558	328	5	5	0	10761376185897727	5699832315310769
6148914691236495	8	47	41603	36508	0	586	558	328	0	0	0	18446744073709551615	18446744073709551615
9223372036854775806	8	48	41603	10875	0	586	578	331	287	291	75	10761376185897727	25099112878567966
2305843009213693950	8	48	41603	10875	0	586	578	331	58	75	6	10761376185897727	25099112878567966
144115188075855870	8	48	41603	10875	0	586	578	331	5	4	0	10761376185897727	25099112878567966
6148914691236495	8	48	41603	10875	0	586	578	331	0	0	0	18446744073709551615	18446744073709551615
9223372036854775806	8	49	41603	34534	0	586	571	339	287	301	93	10761376185897727	1691219382961787
2305843009213693950	8	49	41603	34534	0	586	571	339	58	75	3	10761376185897727	1691219382961787
144115188075855870	8	49	41603	34534	0	586	571	339	5	4	1	10761376185897727	1691219382961787
6148914691236495	8	49	41603	34534	0	586	571	339	0	1	0	18446744073709551615	1691219382961787
9223372036854775806	8	50	41603	26791	0	586	623	371	287	301	83	10761376185897727	15400635981762684
2305843009213693950	8	50	41603	26791	0	586	623	371	58	85	7	10761376185897727	15400635981762684
144115188075855870	8	50	41603	26791	0	586	623	371	5	6	1	10761376185897727	15400635981762684
6148914691236495	8	50	41603	26791	0	586	623	371	0	0	0	18446744073709551615	18446744073709551615
9223372036854775806	8	51	41603	32876	0	586	586	328	287	292	73	10761376185897727	41742007892017841
2305843009213693950	8	51	41603	32876	0	586	586	328	58	77	6	10761376185897727	41742007892017841
144115188075855870	8	51	41603	32876	0	586	586	328	5	3	0	10761376185897727	41742007892017841
6148914691236495	8	51	41603	32876	0	586	586	328	0	0	0	18446744073709551615	18446744073709551615
9223372036854775806	8	52	41603	13804	0	586	574	331	287	300	88	10761376185897727	2790875122670278
2305843009213693950	8	52	41603	13804	0	586	574	331	58	63	5	10761376185897727	2790875122670278
144115188075855870	8	52	41603	13804	0	586	574	331	5	3	0	10761376185897727	2790875122670278
6148914691236495	8	52	41603	13804	0	586	574	331	0	1	0	18446744073709551615	2790875122670278
9223372036854775806	8	53	41603	28986	0	586	592	354	287	313	91	10761376185897727	26017863593228402
2305843009213693950	8	53	41603	28986	0	586	592	354	58	67	4	10761376185897727	26017863593228402
144115188075855870	8	53	41603	28986	0	586	592	354	5	5	0	10761376185897727	26017863593228402
6148914691236495	8	53	41603	28986	0	586	592	354	0	0	0	18446744073709551615	18446744073709551615
9223372036854775806	8	54	41603	20288	0	586	577	337	287	279	77	10761376185897727	6993834807301157
2305843009213693950	8	54	41603	20288	0	586	577	337	58	77	5	10761376185897727	6993834807301157
144115188075855870	8	54	41603	20288	0	586	577	337	5	2	0	10761376185897727	6993834807301157
6148914691236495	8	54	41603	20288	0	586	577	337	0	0	0	18446744073709551615	18446744073709551615
9223372036854775806	8	55	41603	41436	0	586	582	336	287	287	90	10761376185897727	25612715942692053
2305843009213693950	8	55	41603	41436	0	586	582	336	58	79	4	10761376185897727	25612715942692053
144115188075855870	8	55	41603	41436	0	586	582	336	5	3	0	10761376185897727	25612715942692053
6148914691236495	8	55	41603	41436	0	586	582	336	0	0	0	18446744073709551615	18446744073709551615
9223372036854775806	8	56	41603	41867	0	586	603	362	287	288	80	10761376185897727	8795885601060178
2305843009213693950	8	56	41603	41867	0	586	603	362	58	69	8	10761376185897727	8795885601060178
144115188075855870	8	56	41603	41867	0	586	603	362	5	8	0	10761376185897727	8795885601060178
6148914691236495	8	56	41603	41867	0	586	603	362	0	0	0	18446744073709551615	18446744073709551615
9223372036854775806	8	57	41603	55273	0	586	375	220	287	182	56	10761376185897727	57484945731452901
2305843009213693950	8	57	41603	55273	0	586	375	220	58	51	3	10761376185897727	57484945731452901
144115188075855870	8	57	41603	55273	0	586	375	220	5	3	0	10761376185897727	57484945731452901
6148914691236495	8	57	41603	55273	0	586	375	220	0	0	0	18446744073709551615	18446744073709551615
9223372036854775806	8	58	41603	48095	0	586	592	335	287	279	83	10761376185897727	5858463627943568
2305843009213693950	8	58	41603	48095	0	586	592	335	58	78	8	10761376185897727	5858463627943568
144115188075855870	8	58	41603	48095	0	586	592	335	5	5	0	10761376185897727	5858463627943568
6148914691236495	8	58	41603	48095	0	586	592	335	0	0	0	18446744073709551615	18446744073709551615
9223372036854775806	8	59	41603	55964	0	586	246	145	287	121	37	10761376185897727	4794458762861514
2305843009213693950	8	59	41603	55964	0	586	246	145	58	34	1	10761376185897727	4794458762861514
144115188075855870	8	59	41603	55964	0	586	246	145	5	6	0	10761376185897727	4794458762861514
6148914691236495	8	59	41603	55964	0	586	246	145	0	0	0	18446744073709551615	18446744073709551615
9223372036854775806	8	60	41603	33080	0	586	605	353	287	288	86	10761376185897727	21234551346284532
2305843009213693950	8	60	41603	33080	0	586	605	353	58	67	5	10761376185897727	21234551346284532
144115188075855870	8	60	41603	33080	0	586	605	353	5	6	0	10761376185897727	21234551346284532
6148914691236495	8	60	41603	33080	0	586	605	353	0	0	0	18446744073709551615	18446744073709551615
9223372036854775806	8	61	41603	19280	0	586	590	339	287	318	93	10761376185897727	43101032433561777
2305843009213693950	8	61	41603	19280	0	586	590	339	58	71	3	10761376185897727	43101032433561777
144115188075855870	8	61	41603	19280	0	586	590	339	5	3	0	10761376185897727	43101032433561777
6148914691236495	8	61	41603	19280	0	586	590	339	0	0	0	18446744073709551615	18446744073709551615
9223372036854775806	8	62	41603	8703	0	586	586	345	287	295	90	10761376185897727	21265985390459575
2305843009213693950	8	62	41603	8703	0	586	586	345	58	74	4	10761376185897727	21265985390459575
144115188075855870	8	62	41603	8703	0	586	586	345	5	5	0	10761376185897727	21265985390459575
6148914691236495	8	62	41603	8703	0	586	586	345	0	0	0	18446744073709551615	18446744073709551615
9223372036854775806	8	63	41603	18798	0	586	587	352	287	268	73	10761376185897727	15005778287697291
2305843009213693950	8	63	41603	18798	0	586	587	352	58	71	10	10761376185897727	15005778287697291
144115188075855870	8	63	41603	18798	0	586	587	352	5	3	0	10761376185897727	15005778287697291
6148914691236495	8	63	41603	18798	0	586	587	352	0	0	0	18446744073709551615	18446744073709551615
9223372036854775806	9	10	53952	48760	0	547	618	332	279	293	79	12243229265372149	47915410823883345
2305843009213693950	9	10	53952	48760	0	547	618	332	69	79	3	12243229265372149	47915410823883345
144115188075855870	9	10	53952	48760	0	547	618	332	2	1	0	12243229265372149	47915410823883345
6148914691236495	9	10	53952	48760	0	547	618	332	0	0	0	18446744073709551615	18446744073709551615
9223372036854775806	9	11	53952	8052	0	547	584	310	279	298	97	12243229265372149	19041420611092299
2305843009213693950	9	11	53952	8052	0	547	584	310	69	71	7	12243229265372149	19041420611092299
144115188075855870	9	11	53952	8052	0	547	584	310	2	4	0	12243229265372149	19041420611092299
6148914691236495	9	11	53952	8052	0	547	584	310	0	0	0	18446744073709551615	18446744073709551615
9223372036854775806	9	12	53952	6011	0	547	580	324	279	299	92	12243229265372149	4895819305245111
2305843009213693950	9	12	53952	6011	0	547	580	324	69	77	10	12243229265372149	4895819305245111
144115188075855870	9	12	53952	6011	0	547	580	324	2	5	0	12243229265372149	4895819305245111
6148914691236495	9	12	53952	6011	0	547	580	324	0	0	0	18446744073709551615	18446744073709551615
9223372036854775806	9	13	53952	8971	0	547	620	337	279	329	89	12243229265372149	13653916654037286
2305843009213693950	9	13	53952	8971	0	547	620	337	69	89	7	12243229265372149	13653916654037286
144115188075855870	9	13	53952	8971	0	547	620	337	2	5	0	12243229265372149	13653916654037286
6148914691236495	9	13	53952	8971	0	547	620	337	0	0	0	18446744073709551615	18446744073709551615
9223372036854775806	9	14	53952	29741	0	547	586	315	279	295	91	12243229265372149	11922634118000644
2305843009213693950	9	14	53952	29741	0	547	586	315	69	73	8	12243229265372149	11922634118000644
144115188075855870	9	14	53952	29741	0	547	586	315	2	7	0	12243229265372149	11922634118000644
6148914691236495	9	14	53952	29741	0	547	586	315	0	0	0	18446744073709551615	18446744073709551615
9223372036854775806	9	15	53952	61994	0	547	0	0	279	0	0	12243229265372149	18446744073709551615
2305843009213693950	9	15	53952	61994	0	547	0	0	69	0	0	12243229265372149	18446744073709551615
144115188075855870	9	15	53952	61994	0	547	0	0	2	0	0	12243229265372149	18446744073709551615
6148914691236495	9	15	53952	61994	0	547	0	0	0	0	0	18446744073709551615	18446744073709551615
9223372036854775806	9	16	53952	65179	0	547	0	0	279	0	0	12243229265372149	18446744073709551615
2305843009213693950	9	16	53952	65179	0	547	0	0	69	0	0	12243229265372149	18446744073709551615
144115188075855870	9	16	53952	65179	0	547	0	0	2	0	0	12243229265372149	18446744073709551615
6148914691236495	9	16	53952	65179	0	547	0	0	0	0	0	18446744073709551615	18446744073709551615
9223372036854775806	9	17	53952	39561	0	547	591	336	279	297	88	12243229265372149	16693452655042096
2305843009213693950	9	17	53952	39561	0	547	591	336	69	79	2	12243229265372149	16693452655042096
144115188075855870	9	17	53952	39561	0	547	591	336	2	1	0	12243229265372149	16693452655042096
6148914691236495	9	17	53952	39561	0	547	591	336	0	0	0	18446744073709551615	18446744073709551615
9223372036854775806	9	18	53952	40991	0	547	581	318	279	281	77	12243229265372149	4378728128714937
2305843009213693950	9	18	53952	40991	0	547	581	318	69	61	1	12243229265372149	4378728128714937
144115188075855870	9	18	53952	40991	0	547	581	318	2	6	0	12243229265372149	4378728128714937
6148914691236495	9	18	53952	40991	0	547	581	318	0	0	0	18446744073709551615	18446744073709551615
9223372036854775806	9	19	53952	46852	0	547	596	329	279	272	76	12243229265372149	1705756778285761
2305843009213693950	9	19	53952	46852	0	547	596	329	69	77	4	12243229265372149	1705756778285761
144115188075855870	9	19	53952	46852	0	547	596	329	2	5	0	12243229265372149	1705756778285761
6148914691236495	9	19	53952	46852	0	547	596	329	0	1	0	18446744073709551615	1705756778285761
9223372036854775806	9	20	53952	6863	0	547	619	349	279	322	80	12243229265372149	17292185457148032
2305843009213693950	9	20	53952	6863	0	547	619	349	69	81	5	12243229265372149	17292185457148032
144115188075855870	9	20	53952	6863	0	547	619	349	2	2	0	12243229265372149	17292185457148032
6148914691236495	9	20	53952	6863	0	547	619	349	0	0	0	18446744073709551615	18446744073709551615
9223372036854775806	9	21	53952	18917	0	547	590	316	279	296	81	12243229265372149	13061327029430687
2305843009213693950	9	21	53952	18917	0	547	590	316	69	66	5	12243229265372149	13061327029430687
144115188075855870	9	21	53952	18917	0	547	590	316	2	5	0	12243229265372149	13061327029430687
6148914691236495	9	21	53952	18917	0	547	590	316	0	0	0	18446744073709551615	18446744073709551615
9223372036854775806	9	22	53952	44560	0	547	621	339	279	292	82	12243229265372149	5883336446271408
2305843009213693950	9	22	53952	44560	0	547	621	339	69	83	7	12243229265372149	5883336446271408
144115188075855870	9	22	53952	44560	0	547	621	339	2	6	0	12243229265372149	5883336446271408
6148914691236495	9	22	53952	44560	0	547	621	339	0	0	0	18446744073709551615	18446744073709551615
9223372036854775806	9	23	53952	36290	0	547	559	306	279	285	76	12243229265372149	30102744842481255
2305843009213693950	9	23	53952	36290	0	547	559	306	69	73	2	12243229265372149	30102744842481255
144115188075855870	9	23	53952	36290	0	547	559	306	2	7	0	12243229265372149	30102744842481255
6148914691236495	9	23	53952	36290	0	547	559	306	0	0	0	18446744073709551615	18446744073709551615
9223372036854775806	9	24	53952	24867	0	547	580	298	279	280	62	12243229265372149	27029469813257164
2305843009213693950	9	24	53952	24867	0	547	580	298	69	77	4	12243229265372149	27029469813257164
144115188075855870	9	24	53952	24867	0	547	580	298	2	3	0	12243229265372149	27029469813257164
6148914691236495	9	24	53952	24867	0	547	580	298	0	0	0	18446744073709551615	18446744073709551615
9223372036854775806	9	25	53952	10092	0	547	594	310	279	296	85	12243229265372149	7354267654878491
2305843009213693950	9	25	53952	10092	0	547	594	310	69	90	1	12243229265372149	7354267654878491
144115188075855870	9	25	53952	10092	0	547	594	310	2	4	0	12243229265372149	7354267654878491
6148914691236495	9	25	53952	10092	0	547	594	310	0	0	0	18446744073709551615	18446744073709551615
9223372036854775806	9	26	53952	35222	0	547	601	325	279	325	92	12243229265372149	6767251757431065
2305843009213693950	9	26	53952	35222	0	547	601	325	69	91	4	12243229265372149	6767251757431065
144115188075855870	9	26	53952	35222	0	547	601	325	2	7	0	12243229265372149	6767251757431065
6148914691236495	9	26	53952	35222	0	547	601	325	0	0	0	18446744073709551615	18446744073709551615
9223372036854775806	9	27	53952	8487	0	547	592	329	279	278	75	12243229265372149	4893775207410366
2305843009213693950	9	27	53952	8487	0	547	592	329	69	69	4	12243229265372149	4893775207410366
144115188075855870	9	27	53952	8487	0	547	592	329	2	5	0	12243229265372149	4893775207410366
6148914691236495	9	27	53952	8487	0	547	592	329	0	0	0	18446744073709551615	18446744073709551615
9223372036854775806	9	28	53952	12647	0	547	597	331	279	297	73	12243229265372149	1692374620791229
2305843009213693950	9	28	53952	12647	0	547	597	331	69	82	3	12243229265372149	1692374620791229
144115188075855870	9	28	53952	12647	0	547	597	331	2	10	0	12243229265372149	1692374620791229
6148914691236495	9	28	53952	12647	0	547	597	331	0	2	0	18446744073709551615	1692374620791229
9223372036854775806	9	29	53952	10798	0	547	566	302	279	296	81	12243229265372149	20776250396026951
2305843009213693950	9	29	53952	10798	0	547	566	302	69	78	5	12243229265372149	20776250396026951
144115188075855870	9	29	53952	10798	0	547	566	302	2	7	0	12243229265372149	20776250396026951
6148914691236495	9	29	53952	10798	0	547	566	302	0	0	0	18446744073709551615	18446744073709551615
9223372036854775806	9	30	53952	25650	0	547	597	320	279	283	89	12243229265372149	3662753934290118
2305843009213693950	9	30	53952	25650	0	547	597	320	69	77	6	12243229265372149	3662753934290118
144115188075855870	9	30	53952	25650	0	547	597	320	2	4	0	12243229265372149	3662753934290118
6148914691236495	9	30	53952	25650	0	547	597	320	0	0	0	18446744073709551615	18446744073709551615
9223372036854775806	9	31	53952	34514	0	547	611	330	279	287	81	12243229265372149	6941176516761588
2305843009213693950	9	31	53952	34514	0	547	611	330	69	58	5	12243229265372149	6941176516761588
144115188075855870	9	31	53952	34514	0	547	611	330	2	4	0	12243229265372149	6941176516761588
6148914691236495	9	31	53952	34514	0	547	611	330	0	0	0	18446744073709551615	18446744073709551615
9223372036854775806	9	32	53952	8941	0	547	618	337	279	316	91	12243229265372149	41509711107450482
2305843009213693950	9	32	53952	8941	0	547	618	337	69	62	3	12243229265372149	41509711107450482
144115188075855870	9	32	53952	8941	0	547	618	337	2	2	0	12243229265372149	41509711107450482
6148914691236495	9	32	53952	8941	0	547	618	337	0	0	0	18446744073709551615	18446744073709551615
9223372036854775806	9	33	53952	18606	0	547	587	317	279	275	73	12243229265372149	853515616737708
2305843009213693950	9	33	53952	18606	0	547	587	317	69	87	3	12243229265372149	853515616737708
144115188075855870	9	33	53952	18606	0	547	587	317	2	5	0	12243229265372149	853515616737708
6148914691236495	9	33	53952	18606	0	547	587	317	0	1	0	18446744073709551615	853515616737708
9223372036854775806	9	34	53952	25591	0	547	601	324	279	280	87	12243229265372149	6928079483968818
2305843009213693950	9	34	53952	25591	0	547	601	324	69	79	3	12243229265372149	6928079483968818
144115188075855870	9	34	53952	25591	0	547	601	324	2	7	0	12243229265372149	6928079483968818
6148914691236495	9	34	53952	25591	0	547	601	324	0	0	0	18446744073709551615	18446744073709551615
9223372036854775806	9	35	53952	46113	0	547	590	319	279	315	99	12243229265372149	7541477037468554
2305843009213693950	9	35	53952	46113	0	547	590	319	69	87	6	12243229265372149	7541477037468554
144115188075855870	9	35	53952	46113	0	547	590	319	2	5	0	12243229265372149	7541477037468554
6148914691236495	9	35	53952	46113	0	547	590	319	0	0	0	18446744073709551615	18446744073709551615
9223372036854775806	9	36	53952	19622	0	547	589	327	279	288	85	12243229265372149	16578064053768791
2305843009213693950	9	36	53952	19622	0	547	589	327	69	66	5	12243229265372149	16578064053768791
144115188075855870	9	36	53952	19622	0	547	589	327	2	7	0	12243229265372149	16578064053768791
6148914691236495	9	36	53952	19622	0	547	589	327	0	0	0	18446744073709551615	18446744073709551615
9223372036854775806	9	37	53952	61384	0	547	0	0	279	0	0	12243229265372149	18446744073709551615
2305843009213693950	9	37	53952	61384	0	547	0	0	69	0	0	12243229265372149	18446744073709551615
144115188075855870	9	37	53952	61384	0	547	0	0	2	0	0	12243229265372149	18446744073709551615
6148914691236495	9	37	53952	61384	0	547	0	0	0	0	0	18446744073709551615	18446744073709551615
9223372036854775806	9	38	53952	1850	0	547	593	326	279	286	74	12243229265372149	2925841906355596
2305843009213693950	9	38	53952	1850	0	547	593	326	69	71	6	12243229265372149	2925841906355596
144115188075855870	9	38	53952	1850	0	547	593	326	2	2	0	12243229265372149	2925841906355596
6148914691236495	9	38	53952	1850	0	547	593	326	0	1	0	18446744073709551615	2925841906355596
9223372036854775806	9	39	53952	49493	0	547	597	318	279	308	94	12243229265372149	2369895518816490
2305843009213693950	9	39	53952	49493	0	547	597	318	69	76	6	12243229265372149	2369895518816490
144115188075855870	9	39	53952	49493	0	547	597	318	2	3	0	12243229265372149	2369895518816490
6148914691236495	9	39	53952	49493	0	547	597	318	0	1	0	18446744073709551615	2369895518816490
9223372036854775806	9	40	53952	43652	0	547	575	327	279	278	82	12243229265372149	42882982723515030
2305843009213693950	9	40	53952	43652	0	547	575	327	69	67	5	12243229265372149	42882982723515030
144115188075855870	9	40	53952	43652	0	547	575	327	2	1	0	12243229265372149	42882982723515030
6148914691236495	9	40	53952	43652	0	547	575	327	0	0	0	18446744073709551615	18446744073709551615
9223372036854775806	9	41	53952	65253	0	547	0	0	279	0	0	12243229265372149	18446744073709551615
2305843009213693950	9	41	53952	65253	0	547	0	0	69	0	0	12243229265372149	18446744073709551615
144115188075855870	9	41	53952	65253	0	547	0	0	2	0	0	12243229265372149	18446744073709551615
6148914691236495	9	41	53952	65253	0	547	0	0	0	0	0	18446744073709551615	18446744073709551615
9223372036854775806	9	42	53952	24016	0	547	582	321	279	278	83	12243229265372149	23566389845982477
2305843009213693950	9	42	53952	24016	0	547	582	321	69	65	6	12243229265372149	23566389845982477
144115188075855870	9	42	53952	24016	0	547	582	321	2	5	0	12243229265372149	23566389845982477
6148914691236495	9	42	53952	24016	0	547	582	321	0	0	0	18446744073709551615	18446744073709551615
9223372036854775806	9	43	53952	39014	0	547	577	311	279	286	84	12243229265372149	9614967626582621
2305843009213693950	9	43	53952	39014	0	547	577	311	69	69	6	12243229265372149	9614967626582621
144115188075855870	9	43	53952	39014	0	547	577	311	2	3	0	12243229265372149	9614967626582621
6148914691236495	9	43	53952	39014	0	547	577	311	0	0	0	18446744073709551615	18446744073709551615
9223372036854775806	9	44	53952	50585	0	547	573	296	279	297	73	12243229265372149	2197102958816999
2305843009213693950	9	44	53952	50585	0	547	573	296	69	76	4	12243229265372149	2197102958816999
144115188075855870	9	44	53952	50585	0	547	573	296	2	5	0	12243229265372149	2197102958816999
6148914691236495	9	44	53952	50585	0	547	573	296	0	1	0	18446744073709551615	2197102958816999
9223372036854775806	9	45	53952	543	0	547	595	339	279	277	85	12243229265372149	3529678978331514
2305843009213693950	9	45	53952	543	0	547	595	339	69	72	3	12243229265372149	3529678978331514
144115188075855870	9	45	53952	543	0	547	595	339	2	5	0	12243229265372149	3529678978331514
6148914691236495	9	45	53952	543	0	547	595	339	0	0	0	18446744073709551615	18446744073709551615
9223372036854775806	9	46	53952	28348	0	547	584	304	279	308	84	12243229265372149	7659861853809104
2305843009213693950	9	46	53952	28348	0	547	584	304	69	83	5	12243229265372149	7659861853809104
144115188075855870	9	46	53952	28348	0	547	584	304	2	7	0	12243229265372149	7659861853809104
6148914691236495	9	46	53952	28348	0	547	584	304	0	0	0	18446744073709551615	18446744073709551615
9223372036854775806	9	47	53952	36508	0	547	558	294	279	281	77	12243229265372149	5699832315310769
2305843009213693950	9	47	53952	36508	0	547	558	294	69	79	10	12243229265372149	5699832315310769
144115188075855870	9	47	53952	36508	0	547	558	294	2	5	0	12243229265372149	5699832315310769
6148914691236495	9	47	53952	36508	0	547	558	294	0	0	0	18446744073709551615	18446744073709551615
9223372036854775806	9	48	53952	10875	0	547	578	309	279	291	74	12243229265372149	25099112878567966
2305843009213693950	9	48	53952	10875	0	547	578	309	69	75	6	12243229265372149	25099112878567966
144115188075855870	9	48	53952	10875	0	547	578	309	2	4	0	12243229265372149	25099112878567966
6148914691236495	9	48	53952	10875	0	547	578	309	0	0	0	18446744073709551615	18446744073709551615
9223372036854775806	9	49	53952	34534	0	547	571	306	279	301	74	12243229265372149	1691219382961787
2305843009213693950	9	49	53952	34534	0	547	571	306	69	75	5	12243229265372149	1691219382961787
144115188075855870	9	49	53952	34534	0	547	571	306	2	4	0	12243229265372149	1691219382961787
6148914691236495	9	49	53952	34534	0	547	571	306	0	1	0	18446744073709551615	1691219382961787
9223372036854775806	9	50	53952	26791	0	547	623	349	279	301	75	12243229265372149	15400635981762684
2305843009213693950	9	50	53952	26791	0	547	623	349	69	85	7	12243229265372149	15400635981762684
144115188075855870	9	50	53952	26791	0	547	623	349	2	6	0	12243229265372149	15400635981762684
6148914691236495	9	50	53952	26791	0	547	623	349	0	0	0	18446744073709551615	18446744073709551615
9223372036854775806	9	51	53952	32876	0	547	586	317	279	292	88	12243229265372149	41742007892017841
2305843009213693950	9	51	53952	32876	0	547	586	317	69	77	4	12243229265372149	41742007892017841
144115188075855870	9	51	53952	32876	0	547	586	317	2	3	0	12243229265372149	41742007892017841
6148914691236495	9	51	53952	32876	0	547	586	317	0	0	0	18446744073709551615	18446744073709551615
9223372036854775806	9	52	53952	13804	0	547	574	302	279	300	80	12243229265372149	2790875122670278
2305843009213693950	9	52	53952	13804	0	547	574	302	69	63	4	12243229265372149	2790875122670278
144115188075855870	9	52	53952	13804	0	547	574	302	2	3	0	12243229265372149	2790875122670278
6148914691236495	9	52	53952	13804	0	547	574	302	0	1	0	18446744073709551615	2790875122670278
9223372036854775806	9	53	53952	28986	0	547	592	311	279	313	85	12243229265372149	26017863593228402
2305843009213693950	9	53	53952	28986	0	547	592	311	69	67	4	12243229265372149	26017863593228402
144115188075855870	9	53	53952	28986	0	547	592	311	2	5	0	12243229265372149	26017863593228402
6148914691236495	9	53	53952	28986	0	547	592	311	0	0	0	18446744073709551615	18446744073709551615
9223372036854775806	9	54	53952	20288	0	547	577	314	279	279	66	12243229265372149	6993834807301157
2305843009213693950	9	54	53952	20288	0	547	577	314	69	77	3	12243229265372149	6993834807301157
144115188075855870	9	54	53952	20288	0	547	577	314	2	2	0	12243229265372149	6993834807301157
6148914691236495	9	54	53952	20288	0	547	577	314	0	0	0	18446744073709551615	18446744073709551615
9223372036854775806	9	55	53952	41436	0	547	582	309	279	287	73	12243229265372149	25612715942692053
2305843009213693950	9	55	53952	41436	0	547	582	309	69	79	8	12243229265372149	25612715942692053
144115188075855870	9	55	53952	41436	0	547	582	309	2	3	0	12243229265372149	25612715942692053
6148914691236495	9	55	53952	41436	0	547	582	309	0	0	0	18446744073709551615	18446744073709551615
9223372036854775806	9	56	53952	41867	0	547	603	325	279	288	79	12243229265372149	8795885601060178
2305843009213693950	9	56	53952	41867	0	547	603	325	69	69	1	12243229265372149	8795885601060178
144115188075855870	9	56	53952	41867	0	547	603	325	2	8	0	12243229265372149	8795885601060178
6148914691236495	9	56	53952	41867	0	547	603	325	0	0	0	18446744073709551615	18446744073709551615
9223372036854775806	9	57	53952	55273	0	547	375	215	279	182	50	12243229265372149	57484945731452901
2305843009213693950	9	57	53952	55273	0	547	375	215	69	51	4	12243229265372149	57484945731452901
144115188075855870	9	57	53952	55273	0	547	375	215	2	3	0	12243229265372149	57484945731452901
6148914691236495	9	57	53952	55273	0	547	375	215	0	0	0	18446744073709551615	18446744073709551615
9223372036854775806	9	58	53952	48095	0	547	592	327	279	279	78	12243229265372149	5858463627943568
2305843009213693950	9	58	53952	48095	0	547	592	327	69	78	6	12243229265372149	5858463627943568
144115188075855870	9	58	53952	48095	0	547	592	327	2	5	0	12243229265372149	5858463627943568
6148914691236495	9	58	53952	48095	0	547	592	327	0	0	0	18446744073709551615	18446744073709551615
9223372036854775806	9	59	53952	55964	0	547	246	154	279	121	43	12243229265372149	4794458762861514
2305843009213693950	9	59	53952	55964	0	547	246	154	69	34	3	12243229265372149	4794458762861514
144115188075855870	9	59	53952	55964	0	547	246	154	2	6	0	12243229265372149	4794458762861514
6148914691236495	9	59	53952	55964	0	547	246	154	0	0	0	18446744073709551615	18446744073709551615
9223372036854775806	9	60	53952	33080	0	547	605	343	279	288	84	12243229265372149	21234551346284532
2305843009213693950	9	60	53952	33080	0	547	605	343	69	67	4	12243229265372149	21234551346284532
144115188075855870	9	60	53952	33080	0	547	605	343	2	6	0	12243229265372149	21234551346284532
6148914691236495	9	60	53952	33080	0	547	605	343	0	0	0	18446744073709551615	18446744073709551615
9223372036854775806	9	61	53952	19280	0	547	590	318	279	318	90	12243229265372149	43101032433561777
2305843009213693950	9	61	53952	19280	0	547	590	318	69	71	7	12243229265372149	43101032433561777
144115188075855870	9	61	53952	19280	0	547	590	318	2	3	0	12243229265372149	43101032433561777
6148914691236495	9	61	53952	19280	0	547	590	318	0	0	0	18446744073709551615	18446744073709551615
9223372036854775806	9	62	53952	8703	0	547	586	315	279	295	82	12243229265372149	21265985390459575
2305843009213693950	9	62	53952	8703	0	547	586	315	69	74	5	12243229265372149	21265985390459575
144115188075855870	9	62	53952	8703	0	547	586	315	2	5	0	12243229265372149	21265985390459575
6148914691236495	9	62	53952	8703	0	547	586	315	0	0	0	18446744073709551615	18446744073709551615
9223372036854775806	9	63	53952	18798	0	547	587	309	279	268	81	12243229265372149	15005778287697291
2305843009213693950	9	63	53952	18798	0	547	587	309	69	71	4	12243229265372149	15005778287697291
144115188075855870	9	63	53952	18798	0	547	587	309	2	3	0	12243229265372149	15005778287697291
6148914691236495	9	63	53952	18798	0	547	587	309	0	0	0	18446744073709551615	18446744073709551615
9223372036854775806	10	11	48760	8052	0	618	584	365	293	298	94	47915410823883345	19041420611092299
2305843009213693950	10	11	48760	8052	0	618	584	365	79	71	5	47915410823883345	19041420611092299
144115188075855870	10	11	48760	8052	0	618	584	365	1	4	0	47915410823883345	19041420611092299
6148914691236495	10	11	48760	8052	0	618	584	365	0	0	0	18446744073709551615	18446744073709551615
9223372036854775806	10	12	48760	6011	0	618	580	364	293	299	89	47915410823883345	4895819305245111
2305843009213693950	10	12	48760	6011	0	618	580	364	79	77	5	47915410823883345	4895819305245111
144115188075855870	10	12	48760	6011	0	618	580	364	1	5	0	47915410823883345	4895819305245111
6148914691236495	10	12	48760	6011	0	618	580	364	0	0	0	18446744073709551615	18446744073709551615
9223372036854775806	10	13	48760	8971	0	618	620	380	293	329	97	47915410823883345	13653916654037286
2305843009213693950	10	13	48760	8971	0	618	620	380	79	89	8	47915410823883345	13653916654037286
144115188075855870	10	13	48760	8971	0	618	620	380	1	5	0	47915410823883345	13653916654037286
6148914691236495	10	13	48760	8971	0	618	620	380	0	0	0	18446744073709551615	18446744073709551615
9223372036854775806	10	14	48760	29741	0	618	586	365	293	295	91	47915410823883345	11922634118000644
2305843009213693950	10	14	48760	29741	0	618	586	365	79	73	4	47915410823883345	11922634118000644
144115188075855870	10	14	48760	29741	0	618	586	365	1	7	0	47915410823883345	11922634118000644
6148914691236495	10	14	48760	29741	0	618	586	365	0	0	0	18446744073709551615	18446744073709551615
9223372036854775806	10	15	48760	61994	0	618	0	0	293	0	0	47915410823883345	18446744073709551615
2305843009213693950	10	15	48760	61994	0	618	0	0	79	0	0	47915410823883345	18446744073709551615
144115188075855870	10	15	48760	61994	0	618	0	0	1	0	0	47915410823883345	18446744073709551615
6148914691236495	10	15	48760	61994	0	618	0	0	0	0	0	18446744073709551615	18446744073709551615
9223372036854775806	10	16	48760	65179	0	618	0	0	293	0	0	47915410823883345	18446744073709551615
2305843009213693950	10	16	48760	65179	0	618	0	0	79	0	0	47915410823883345	18446744073709551615
144115188075855870	10	16	48760	65179	0	618	0	0	1	0	0	47915410823883345	18446744073709551615
6148914691236495	10	16	48760	65179	0	618	0	0	0	0	0	18446744073709551615	18446744073709551615
9223372036854775806	10	17	48760	39561	0	618	591	371	293	297	82	47915410823883345	16693452655042096
2305843009213693950	10	17	48760	39561	0	618	591	371	79	79	4	47915410823883345	16693452655042096
144115188075855870	10	17	48760	39561	0	618	591	371	1	1	0	47915410823883345	16693452655042096
6148914691236495	10	17	48760	39561	0	618	591	371	0	0	0	18446744073709551615	18446744073709551615
9223372036854775806	10	18	48760	40991	0	618	581	352	293	281	74	47915410823883345	4378728128714937
2305843009213693950	10	18	48760	40991	0	618	581	352	79	61	6	47915410823883345	4378728128714937
144115188075855870	10	18	48760	40991	0	618	581	352	1	6	0	47915410823883345	4378728128714937
6148914691236495	10	18	48760	40991	0	618	581	352	0	0	0	18446744073709551615	18446744073709551615
9223372036854775806	10	19	48760	46852	0	618	596	379	293	272	92	47915410823883345	1705756778285761
2305843009213693950	10	19	48760	46852	0	618	596	379	79	77	9	47915410823883345	1705756778285761
144115188075855870	10	19	48760	46852	0	618	596	379	1	5	0	47915410823883345	1705756778285761
6148914691236495	10	19	48760	46852	0	618	596	379	0	1	0	18446744073709551615	1705756778285761
9223372036854775806	10	20	48760	6863	0	618	619	370	293	322	87	47915410823883345	17292185457148032
2305843009213693950	10	20	48760	6863	0	618	619	370	79	81	3	47915410823883345	17292185457148032
144115188075855870	10	20	48760	6863	0	618	619	370	1	2	0	47915410823883345	17292185457148032
6148914691236495	10	20	48760	6863	0	618	619	370	0	0	0	18446744073709551615	18446744073709551615
9223372036854775806	10	21	48760	18917	0	618	590	369	293	296	86	47915410823883345	13061327029430687
2305843009213693950	10	21	48760	18917	0	618	590	369	79	66	6	47915410823883345	13061327029430687
144115188075855870	10	21	48760	18917	0	618	590	369	1	5	0	47915410823883345	13061327029430687
6148914691236495	10	21	48760	18917	0	618	590	369	0	0	0	18446744073709551615	18446744073709551615
9223372036854775806	10	22	48760	44560	0	618	621	382	293	292	90	47915410823883345	5883336446271408
2305843009213693950	10	22	48760	44560	0	618	621	382	79	83	8	47915410823883345	5883336446271408
144115188075855870	10	22	48760	44560	0	618	621	382	1	6	0	47915410823883345	5883336446271408
6148914691236495	10	22	48760	44560	0	618	621	382	0	0	0	18446744073709551615	18446744073709551615
9223372036854775806	10	23	48760	36290	0	618	559	364	293	285	92	47915410823883345	30102744842481255
2305843009213693950	10	23	48760	36290	0	618	559	364	79	73	10	47915410823883345	30102744842481255
144115188075855870	10	23	48760	36290	0	618	559	364	1	7	0	47915410823883345	30102744842481255
6148914691236495	10	23	48760	36290	0	618	559	364	0	0	0	18446744073709551615	18446744073709551615
9223372036854775806	10	24	48760	24867	0	618	580	338	293	280	75	47915410823883345	27029469813257164
2305843009213693950	10	24	48760	24867	0	618	580	338	79	77	5	47915410823883345	27029469813257164
144115188075855870	10	24	48760	24867	0	618	580	338	1	3	0	47915410823883345	27029469813257164
6148914691236495	10	24	48760	24867	0	618	580	338	0	0	0	18446744073709551615	18446744073709551615
9223372036854775806	10	25	48760	10092	0	618	594	358	293	296	81	47915410823883345	7354267654878491
2305843009213693950	10	25	48760	10092	0	618	594	358	79	90	9	47915410823883345	7354267654878491
144115188075855870	10	25	48760	10092	0	618	594	358	1	4	0	47915410823883345	7354267654878491
6148914691236495	10	25	48760	10092	0	618	594	358	0	0	0	18446744073709551615	18446744073709551615
9223372036854775806	10	26	48760	35222	0	618	601	367	293	325	82	47915410823883345	6767251757431065
2305843009213693950	10	26	48760	35222	0	618	601	367	79	91	8	47915410823883345	6767251757431065
144115188075855870	10	26	48760	35222	0	618	601	367	1	7	0	47915410823883345	6767251757431065
6148914691236495	10	26	48760	35222	0	618	601	367	0	0	0	18446744073709551615	18446744073709551615
9223372036854775806	10	27	48760	8487	0	618	592	359	293	278	92	47915410823883345	4893775207410366
2305843009213693950	10	27	48760	8487	0	618	592	359	79	69	7	47915410823883345	4893775207410366
144115188075855870	10	27	48760	8487	0	618	592	359	1	5	0	47915410823883345	4893775207410366
6148914691236495	10	27	48760	8487	0	618	592	359	0	0	0	18446744073709551615	18446744073709551615
9223372036854775806	10	28	48760	12647	0	618	597	372	293	297	97	47915410823883345	1692374620791229
2305843009213693950	10	28	48760	12647	0	618	597	372	79	82	11	47915410823883345	1692374620791229
144115188075855870	10	28	48760	12647	0	618	597	372	1	10	0	47915410823883345	1692374620791229
6148914691236495	10	28	48760	12647	0	618	597	372	0	2	0	18446744073709551615	1692374620791229
9223372036854775806	10	29	48760	10798	0	618	566	361	293	296	95	47915410823883345	20776250396026951
2305843009213693950	10	29	48760	10798	0	618	566	361	79	78	4	47915410823883345	20776250396026951
144115188075855870	10	29	48760	10798	0	618	566	361	1	7	0	47915410823883345	20776250396026951
6148914691236495	10	29	48760	10798	0	618	566	361	0	0	0	18446744073709551615	18446744073709551615
9223372036854775806	10	30	48760	25650	0	618	597	369	293	283	95	47915410823883345	3662753934290118
2305843009213693950	10	30	48760	25650	0	618	597	369	79	77	7	47915410823883345	3662753934290118
144115188075855870	10	30	48760	25650	0	618	597	369	1	4	0	47915410823883345	3662753934290118
6148914691236495	10	30	48760	25650	0	618	597	369	0	0	0	18446744073709551615	18446744073709551615
9223372036854775806	10	31	48760	34514	0	618	611	379	293	287	77	47915410823883345	6941176516761588
2305843009213693950	10	31	48760	34514	0	618	611	379	79	58	4	47915410823883345	6941176516761588
144115188075855870	10	31	48760	34514	0	618	611	379	1	4	0	47915410823883345	6941176516761588
6148914691236495	10	31	48760	34514	0	618	611	379	0	0	0	18446744073709551615	18446744073709551615
9223372036854775806	10	32	48760	8941	0	618	618	388	293	316	92	47915410823883345	41509711107450482
2305843009213693950	10	32	48760	8941	0	618	618	388	79	62	7	47915410823883345	41509711107450482
144115188075855870	10	32	48760	8941	0	618	618	388	1	2	0	47915410823883345	41509711107450482
6148914691236495	10	32	48760	8941	0	618	618	388	0	0	0	18446744073709551615	18446744073709551615
9223372036854775806	10	33	48760	18606	0	618	587	377	293	275	75	47915410823883345	853515616737708
2305843009213693950	10	33	48760	18606	0	618	587	377	79	87	3	47915410823883345	853515616737708
144115188075855870	10	33	48760	18606	0	618	587	377	1	5	0	47915410823883345	853515616737708
6148914691236495	10	33	48760	18606	0	618	587	377	0	1	0	18446744073709551615	853515616737708
9223372036854775806	10	34	48760	25591	0	618	601	372	293	280	70	47915410823883345	6928079483968818
2305843009213693950	10	34	48760	25591	0	618	601	372	79	79	5	47915410823883345	6928079483968818
144115188075855870	10	34	48760	25591	0	618	601	372	1	7	0	47915410823883345	6928079483968818
6148914691236495	10	34	48760	25591	0	618	601	372	0	0	0	18446744073709551615	18446744073709551615
9223372036854775806	10	35	48760	46113	0	618	590	363	293	315	100	47915410823883345	7541477037468554
2305843009213693950	10	35	48760	46113	0	618	590	363	79	87	5	47915410823883345	7541477037468554
144115188075855870	10	35	48760	46113	0	618	590	363	1	5	0	47915410823883345	7541477037468554
6148914691236495	10	35	48760	46113	0	618	590	363	0	0	0	18446744073709551615	18446744073709551615
9223372036854775806	10	36	48760	19622	0	618	589	373	293	288	76	47915410823883345	16578064053768791
2305843009213693950	10	36	48760	19622	0	618	589	373	79	66	8	47915410823883345	16578064053768791
144115188075855870	10	36	48760	19622	0	618	589	373	1	7	0	47915410823883345	16578064053768791
6148914691236495	10	36	48760	19622	0	618	589	373	0	0	0	18446744073709551615	18446744073709551615
9223372036854775806	10	37	48760	61384	0	618	0	0	293	0	0	47915410823883345	18446744073709551615
2305843009213693950	10	37	48760	61384	0	618	0	0	79	0	0	47915410823883345	18446744073709551615
144115188075855870	10	37	48760	61384	0	618	0	0	1	0	0	47915410823883345	18446744073709551615
6148914691236495	10	37	48760	61384	0	618	0	0	0	0	0	18446744073709551615	18446744073709551615
9223372036854775806	10	38	48760	1850	0	618	593	359	293	286	93	47915410823883345	2925841906355596
2305843009213693950	10	38	48760	1850	0	618	593	359	79	71	6	47915410823883345	2925841906355596
144115188075855870	10	38	48760	1850	0	618	593	359	1	2	0	47915410823883345	2925841906355596
6148914691236495	10	38	48760	1850	0	618	593	359	0	1	0	18446744073709551615	2925841906355596
9223372036854775806	10	39	48760	49493	0	618	597	378	293	308	95	47915410823883345	2369895518816490
2305843009213693950	10	39	48760	49493	0	618	597	378	79	76	3	47915410823883345	2369895518816490
144115188075855870	10	39	48760	49493	0	618	597	378	1	3	0	47915410823883345	2369895518816490
6148914691236495	10	39	48760	49493	0	618	597	378	0	1	0	18446744073709551615	2369895518816490
9223372036854775806	10	40	48760	43652	0	618	575	354	293	278	75	47915410823883345	42882982723515030
2305843009213693950	10	40	48760	43652	0	618	575	354	79	67	11	47915410823883345	42882982723515030
144115188075855870	10	40	48760	43652	0	618	575	354	1	1	0	47915410823883345	42882982723515030
6148914691236495	10	40	48760	43652	0	618	575	354	0	0	0	18446744073709551615	18446744073709551615
9223372036854775806	10	41	48760	65253	0	618	0	0	293	0	0	47915410823883345	18446744073709551615
2305843009213693950	10	41	48760	65253	0	618	0	0	79	0	0	47915410823883345	18446744073709551615
144115188075855870	10	41	48760	65253	0	618	0	0	1	0	0	47915410823883345	18446744073709551615
6148914691236495	10	41	48760	65253	0	618	0	0	0	0	0	18446744073709551615	18446744073709551615
9223372036854775806	10	42	48760	24016	0	618	582	370	293	278	82	47915410823883345	23566389845982477
2305843009213693950	10	42	48760	24016	0	618	582	370	79	65	6	47915410823883345	23566389845982477
144115188075855870	10	42	48760	24016	0	618	582	370	1	5	0	47915410823883345	23566389845982477
6148914691236495	10	42	48760	24016	0	618	582	370	0	0	0	18446744073709551615	18446744073709551615
9223372036854775806	10	43	48760	39014	0	618	577	365	293	286	99	47915410823883345	9614967626582621
2305843009213693950	10	43	48760	39014	0	618	577	365	79	69	7	47915410823883345	9614967626582621
144115188075855870	10	43	48760	39014	0	618	577	365	1	3	0	47915410823883345	9614967626582621
6148914691236495	10	43	48760	39014	0	618	577	365	0	0	0	18446744073709551615	18446744073709551615
9223372036854775806	10	44	48760	50585	0	618	573	350	293	297	77	47915410823883345	2197102958816999
2305843009213693950	10	44	48760	50585	0	618	573	350	79	76	7	47915410823883345	2197102958816999
144115188075855870	10	44	48760	50585	0	618	573	350	1	5	0	47915410823883345	2197102958816999
6148914691236495	10	44	48760	50585	0	618	573	350	0	1	0	18446744073709551615	2197102958816999
9223372036854775806	10	45	48760	543	0	618	595	360	293	277	74	47915410823883345	3529678978331514
2305843009213693950	10	45	48760	543	0	618	595	360	79	72	6	47915410823883345	3529678978331514
144115188075855870	10	45	48760	543	0	618	595	360	1	5	0	47915410823883345	3529678978331514
6148914691236495	10	45	48760	543	0	618	595	360	0	0	0	18446744073709551615	18446744073709551615
9223372036854775806	10	46	48760	28348	0	618	584	358	293	308	85	47915410823883345	7659861853809104
2305843009213693950	10	46	48760	28348	0	618	584	358	79	83	12	47915410823883345	7659861853809104
144115188075855870	10	46	48760	28348	0	618	584	358	1	7	0	47915410823883345	7659861853809104
6148914691236495	10	46	48760	28348	0	618	584	358	0	0	0	18446744073709551615	18446744073709551615
9223372036854775806	10	47	48760	36508	0	618	558	338	293	281	73	47915410823883345	5699832315310769
2305843009213693950	10	47	48760	36508	0	618	558	338	79	79	8	47915410823883345	5699832315310769
144115188075855870	10	47	48760	36508	0	618	558	338	1	5	0	47915410823883345	5699832315310769
6148914691236495	10	47	48760	36508	0	618	558	338	0	0	0	18446744073709551615	18446744073709551615
9223372036854775806	10	48	48760	10875	0	618	578	352	293	291	91	47915410823883345	25099112878567966
2305843009213693950	10	48	48760	10875	0	618	578	352	79	75	10	47915410823883345	25099112878567966
144115188075855870	10	48	48760	10875	0	618	578	352	1	4	0	47915410823883345	25099112878567966
6148914691236495	10	48	48760	10875	0	618	578	352	0	0	0	18446744073709551615	18446744073709551615
9223372036854775806	10	49	48760	34534	0	618	571	368	293	301	96	47915410823883345	1691219382961787
2305843009213693950	10	49	48760	34534	0	618	571	368	79	75	8	47915410823883345	1691219382961787
144115188075855870	10	49	48760	34534	0	618	571	368	1	4	0	47915410823883345	1691219382961787
6148914691236495	10	49	48760	34534	0	618	571	368	0	1	0	18446744073709551615	1691219382961787
9223372036854775806	10	50	48760	26791	0	618	623	394	293	301	93	47915410823883345	15400635981762684
2305843009213693950	10	50	48760	26791	0	618	623	394	79	85	10	47915410823883345	15400635981762684
144115188075855870	10	50	48760	26791	0	618	623	394	1	6	0	47915410823883345	15400635981762684
6148914691236495	10	50	48760	26791	0	618	623	394	0	0	0	18446744073709551615	18446744073709551615
9223372036854775806	10	51	48760	32876	0	618	586	361	293	292	84	47915410823883345	41742007892017841
2305843009213693950	10	51	48760	32876	0	618	586	361	79	77	4	47915410823883345	41742007892017841
144115188075855870	10	51	48760	32876	0	618	586	361	1	3	0	47915410823883345	41742007892017841
6148914691236495	10	51	48760	32876	0	618	586	361	0	0	0	18446744073709551615	18446744073709551615
9223372036854775806	10	52	48760	13804	0	618	574	346	293	300	87	47915410823883345	2790875122670278
2305843009213693950	10	52	48760	13804	0	618	574	346	79	63	5	47915410823883345	2790875122670278
144115188075855870	10	52	48760	13804	0	618	574	346	1	3	0	47915410823883345	2790875122670278
6148914691236495	10	52	48760	13804	0	618	574	346	0	1	0	18446744073709551615	2790875122670278
9223372036854775806	10	53	48760	28986	0	618	592	375	293	313	87	47915410823883345	26017863593228402
2305843009213693950	10	53	48760	28986	0	618	592	375	79	67	4	47915410823883345	26017863593228402
144115188075855870	10	53	48760	28986	0	618	592	375	1	5	0	47915410823883345	26017863593228402
6148914691236495	10	53	48760	28986	0	618	592	375	0	0	0	18446744073709551615	18446744073709551615
9223372036854775806	10	54	48760	20288	0	618	577	362	293	279	87	47915410823883345	6993834807301157
2305843009213693950	10	54	48760	20288	0	618	577	362	79	77	9	47915410823883345	6993834807301157
144115188075855870	10	54	48760	20288	0	618	577	362	1	2	0	47915410823883345	6993834807301157
6148914691236495	10	54	48760	20288	0	618	577	362	0	0	0	18446744073709551615	18446744073709551615
9223372036854775806	10	55	48760	41436	0	618	582	356	293	287	87	47915410823883345	25612715942692053
2305843009213693950	10	55	48760	41436	0	618	582	356	79	79	8	47915410823883345	25612715942692053
144115188075855870	10	55	48760	41436	0	618	582	356	1	3	0	47915410823883345	25612715942692053
6148914691236495	10	55	48760	41436	0	618	582	356	0	0	0	18446744073709551615	18446744073709551615
9223372036854775806	10	56	48760	41867	0	618	603	378	293	288	103	47915410823883345	8795885601060178
2305843009213693950	10	56	48760	41867	0	618	603	378	79	69	4	47915410823883345	8795885601060178
144115188075855870	10	56	48760	41867	0	618	603	378	1	8	0	47915410823883345	8795885601060178
6148914691236495	10	56	48760	41867	0	618	603	378	0	0	0	18446744073709551615	18446744073709551615
9223372036854775806	10	57	48760	55273	0	618	375	231	293	182	66	47915410823883345	57484945731452901
2305843009213693950	10	57	48760	55273	0	618	375	231	79	51	9	47915410823883345	57484945731452901
144115188075855870	10	57	48760	55273	0	618	375	231	1	3	0	47915410823883345	57484945731452901
6148914691236495	10	57	48760	55273	0	618	375	231	0	0	0	18446744073709551615	18446744073709551615
9223372036854775806	10	58	48760	48095	0	618	592	351	293	279	87	47915410823883345	5858463627943568
2305843009213693950	10	58	48760	48095	0	618	592	351	79	78	7	47915410823883345	5858463627943568
144115188075855870	10	58	48760	48095	0	618	592	351	1	5	0	47915410823883345	5858463627943568
6148914691236495	10	58	48760	48095	0	618	592	351	0	0	0	18446744073709551615	18446744073709551615
9223372036854775806	10	59	48760	55964	0	618	246	142	293	121	28	47915410823883345	4794458762861514
2305843009213693950	10	59	48760	55964	0	618	246	142	79	34	4	47915410823883345	4794458762861514
144115188075855870	10	59	48760	55964	0	618	246	142	1	6	0	47915410823883345	4794458762861514
6148914691236495	10	59	48760	55964	0	618	246	142	0	0	0	18446744073709551615	18446744073709551615
9223372036854775806	10	60	48760	33080	0	618	605	370	293	288	89	47915410823883345	21234551346284532
2305843009213693950	10	60	48760	33080	0	618	605	370	79	67	5	47915410823883345	21234551346284532
144115188075855870	10	60	48760	33080	0	618	605	370	1	6	0	47915410823883345	21234551346284532
6148914691236495	10	60	48760	33080	0	618	605	370	0	0	0	18446744073709551615	18446744073709551615
9223372036854775806	10	61	48760	19280	0	618	590	363	293	318	98	47915410823883345	43101032433561777
2305843009213693950	10	61	48760	19280	0	618	590	363	79	71	5	47915410823883345	43101032433561777
144115188075855870	10	61	48760	19280	0	618	590	363	1	3	0	47915410823883345	43101032433561777
6148914691236495	10	61	48760	19280	0	618	590	363	0	0	0	18446744073709551615	18446744073709551615
9223372036854775806	10	62	48760	8703	0	618	586	370	293	295	92	47915410823883345	21265985390459575
2305843009213693950	10	62	48760	8703	0	618	586	370	79	74	4	47915410823883345	21265985390459575
144115188075855870	10	62	48760	8703	0	618	586	370	1	5	0	47915410823883345	21265985390459575
6148914691236495	10	62	48760	8703	0	618	586	370	0	0	0	18446744073709551615	18446744073709551615
9223372036854775806	10	63	48760	18798	0	618	587	376	293	268	77	47915410823883345	15005778287697291
2305843009213693950	10	63	48760	18798	0	618	587	376	79	71	12	47915410823883345	15005778287697291
144115188075855870	10	63	48760	18798	0	618	587	376	1	3	0	47915410823883345	15005778287697291
6148914691236495	10	63	48760	18798	0	618	587	376	0	0	0	18446744073709551615	18446744073709551615
9223372036854775806	11	12	8052	6011	0	584	580	344	298	299	81	19041420611092299	4895819305245111
2305843009213693950	11	12	8052	6011	0	584	580	344	71	77	6	19041420611092299	4895819305245111
144115188075855870	11	12	8052	6011	0	584	580	344	4	5	0	19041420611092299	4895819305245111
6148914691236495	11	12	8052	6011	0	584	580	344	0	0	0	18446744073709551615	18446744073709551615
9223372036854775806	11	13	8052	8971	0	584	620	349	298	329	95	19041420611092299	13653916654037286
2305843009213693950	11	13	8052	8971	0	584	620	349	71	89	6	19041420611092299	13653916654037286
144115188075855870	11	13	8052	8971	0	584	620	349	4	5	0	19041420611092299	13653916654037286
6148914691236495	11	13	8052	8971	0	584	620	349	0	0	0	18446744073709551615	18446744073709551615
9223372036854775806	11	14	8052	29741	0	584	586	336	298	295	95	19041420611092299	11922634118000644
2305843009213693950	11	14	8052	29741	0	584	586	336	71	73	6	19041420611092299	11922634118000644
144115188075855870	11	14	8052	29741	0	584	586	336	4	7	0	19041420611092299	11922634118000644
6148914691236495	11	14	8052	29741	0	584	586	336	0	0	0	18446744073709551615	18446744073709551615
9223372036854775806	11	15	8052	61994	0	584	0	0	298	0	0	19041420611092299	18446744073709551615
2305843009213693950	11	15	8052	61994	0	584	0	0	71	0	0	19041420611092299	18446744073709551615
144115188075855870	11	15	8052	61994	0	584	0	0	4	0	0	19041420611092299	18446744073709551615
6148914691236495	11	15	8052	61994	0	584	0	0	0	0	0	18446744073709551615	18446744073709551615
9223372036854775806	11	16	8052	65179	0	584	0	0	298	0	0	19041420611092299	18446744073709551615
2305843009213693950	11	16	8052	65179	0	584	0	0	71	0	0	19041420611092299	18446744073709551615
144115188075855870	11	16	8052	65179	0	584	0	0	4	0	0	19041420611092299	18446744073709551615
6148914691236495	11	16	8052	65179	0	584	0	0	0	0	0	18446744073709551615	18446744073709551615
9223372036854775806	11	17	8052	39561	0	584	591	344	298	297	99	19041420611092299	16693452655042096
2305843009213693950	11	17	8052	39561	0	584	591	344	71	79	7	19041420611092299	16693452655042096
144115188075855870	11	17	8052	39561	0	584	591	344	4	1	0	19041420611092299	16693452655042096
6148914691236495	11	17	8052	39561	0	584	591	344	0	0	0	18446744073709551615	18446744073709551615
9223372036854775806	11	18	8052	40991	0	584	581	326	298	281	80	19041420611092299	4378728128714937
2305843009213693950	11	18	8052	40991	0	584	581	326	71	61	2	19041420611092299	4378728128714937
144115188075855870	11	18	8052	40991	0	584	581	326	4	6	0	19041420611092299	4378728128714937
6148914691236495	11	18	8052	40991	0	584	581	326	0	0	0	18446744073709551615	18446744073709551615
9223372036854775806	11	19	8052	46852	0	584	596	347	298	272	84	19041420611092299	1705756778285761
2305843009213693950	11	19	8052	46852	0	584	596	347	71	77	8	19041420611092299	1705756778285761
144115188075855870	11	19	8052	46852	0	584	596	347	4	5	0	19041420611092299	1705756778285761
6148914691236495	11	19	8052	46852	0	584	596	347	0	1	0	18446744073709551615	1705756778285761
9223372036854775806	11	20	8052	6863	0	584	619	361	298	322	94	19041420611092299	17292185457148032
2305843009213693950	11	20	8052	6863	0	584	619	361	71	81	2	19041420611092299	17292185457148032
144115188075855870	11	20	8052	6863	0	584	619	361	4	2	0	19041420611092299	17292185457148032
6148914691236495	11	20	8052	6863	0	584	619	361	0	0	0	18446744073709551615	18446744073709551615
9223372036854775806	11	21	8052	18917	0	584	590	347	298	296	80	19041420611092299	13061327029430687
2305843009213693950	11	21	8052	18917	0	584	590	347	71	66	5	19041420611092299	13061327029430687
144115188075855870	11	21	8052	18917	0	584	590	347	4	5	0	19041420611092299	13061327029430687
6148914691236495	11	21	8052	18917	0	584	590	347	0	0	0	18446744073709551615	18446744073709551615
9223372036854775806	11	22	8052	44560	0	584	621	367	298	292	90	19041420611092299	5883336446271408
2305843009213693950	11	22	8052	44560	0	584	621	367	71	83	2	19041420611092299	5883336446271408
144115188075855870	11	22	8052	44560	0	584	621	367	4	6	0	19041420611092299	5883336446271408
6148914691236495	11	22	8052	44560	0	584	621	367	0	0	0	18446744073709551615	18446744073709551615
9223372036854775806	11	23	8052	36290	0	584	559	307	298	285	75	19041420611092299	30102744842481255
2305843009213693950	11	23	8052	36290	0	584	559	307	71	73	6	19041420611092299	30102744842481255
144115188075855870	11	23	8052	36290	0	584	559	307	4	7	0	19041420611092299	30102744842481255
6148914691236495	11	23	8052	36290	0	584	559	307	0	0	0	18446744073709551615	18446744073709551615
9223372036854775806	11	24	8052	24867	0	584	580	355	298	280	91	19041420611092299	27029469813257164
2305843009213693950	11	24	8052	24867	0	584	580	355	71	77	5	19041420611092299	27029469813257164
144115188075855870	11	24	8052	24867	0	584	580	355	4	3	0	19041420611092299	27029469813257164
6148914691236495	11	24	8052	24867	0	584	580	355	0	0	0	18446744073709551615	18446744073709551615
9223372036854775806	11	25	8052	10092	0	584	594	357	298	296	95	19041420611092299	7354267654878491
2305843009213693950	11	25	8052	10092	0	584	594	357	71	90	10	19041420611092299	7354267654878491
144115188075855870	11	25	8052	10092	0	584	594	357	4	4	0	19041420611092299	7354267654878491
6148914691236495	11	25	8052	10092	0	584	594	357	0	0	0	18446744073709551615	18446744073709551615
9223372036854775806	11	26	8052	35222	0	584	601	350	298	325	100	19041420611092299	6767251757431065
2305843009213693950	11	26	8052	35222	0	584	601	350	71	91	4	19041420611092299	6767251757431065
144115188075855870	11	26	8052	35222	0	584	601	350	4	7	0	19041420611092299	6767251757431065
6148914691236495	11	26	8052	35222	0	584	601	350	0	0	0	18446744073709551615	18446744073709551615
9223372036854775806	11	27	8052	8487	0	584	592	351	298	278	101	19041420611092299	4893775207410366
2305843009213693950	11	27	8052	8487	0	584	592	351	71	69	2	19041420611092299	4893775207410366
144115188075855870	11	27	8052	8487	0	584	592	351	4	5	0	19041420611092299	4893775207410366
6148914691236495	11	27	8052	8487	0	584	592	351	0	0	0	18446744073709551615	18446744073709551615
9223372036854775806	11	28	8052	12647	0	584	597	340	298	297	92	19041420611092299	1692374620791229
2305843009213693950	11	28	8052	12647	0	584	597	340	71	82	9	19041420611092299	1692374620791229
144115188075855870	11	28	8052	12647	0	584	597	340	4	10	0	19041420611092299	1692374620791229
6148914691236495	11	28	8052	12647	0	584	597	340	0	2	0	18446744073709551615	1692374620791229
9223372036854775806	11	29	8052	10798	0	584	566	342	298	296	98	19041420611092299	20776250396026951
2305843009213693950	11	29	8052	10798	0	584	566	342	71	78	5	19041420611092299	20776250396026951
144115188075855870	11	29	8052	10798	0	584	566	342	4	7	0	19041420611092299	20776250396026951
6148914691236495	11	29	8052	10798	0	584	566	342	0	0	0	18446744073709551615	18446744073709551615
9223372036854775806	11	30	8052	25650	0	584	597	343	298	283	75	19041420611092299	3662753934290118
2305843009213693950	11	30	8052	25650	0	584	597	343	71	77	5	19041420611092299	3662753934290118
144115188075855870	11	30	8052	25650	0	584	597	343	4	4	0	19041420611092299	3662753934290118
6148914691236495	11	30	8052	25650	0	584	597	343	0	0	0	18446744073709551615	18446744073709551615
9223372036854775806	11	31	8052	34514	0	584	611	355	298	287	82	19041420611092299	6941176516761588
2305843009213693950	11	31	8052	34514	0	584	611	355	71	58	6	19041420611092299	6941176516761588
144115188075855870	11	31	8052	34514	0	584	611	355	4	4	0	19041420611092299	6941176516761588
6148914691236495	11	31	8052	34514	0	584	611	355	0	0	0	18446744073709551615	18446744073709551615
9223372036854775806	11	32	8052	8941	0	584	618	353	298	316	92	19041420611092299	41509711107450482
2305843009213693950	11	32	8052	8941	0	584	618	353	71	62	3	19041420611092299	41509711107450482
144115188075855870	11	32	8052	8941	0	584	618	353	4	2	0	19041420611092299	41509711107450482
6148914691236495	11	32	8052	8941	0	584	618	353	0	0	0	18446744073709551615	18446744073709551615
9223372036854775806	11	33	8052	18606	0	584	587	343	298	275	82	19041420611092299	853515616737708
2305843009213693950	11	33	8052	18606	0	584	587	343	71	87	8	19041420611092299	853515616737708
144115188075855870	11	33	8052	18606	0	584	587	343	4	5	0	19041420611092299	853515616737708
6148914691236495	11	33	8052	18606	0	584	587	343	0	1	0	18446744073709551615	853515616737708
9223372036854775806	11	34	8052	25591	0	584	601	344	298	280	73	19041420611092299	6928079483968818
2305843009213693950	11	34	8052	25591	0	584	601	344	71	79	6	19041420611092299	6928079483968818
144115188075855870	11	34	8052	25591	0	584	601	344	4	7	0	19041420611092299	6928079483968818
6148914691236495	11	34	8052	25591	0	584	601	344	0	0	0	18446744073709551615	18446744073709551615
9223372036854775806	11	35	8052	46113	0	584	590	348	298	315	87	19041420611092299	7541477037468554
2305843009213693950	11	35	8052	46113	0	584	590	348	71	87	7	19041420611092299	7541477037468554
144115188075855870	11	35	8052	46113	0	584	590	348	4	5	0	19041420611092299	7541477037468554
6148914691236495	11	35	8052	46113	0	584	590	348	0	0	0	18446744073709551615	18446744073709551615
9223372036854775806	11	36	8052	19622	0	584	589	341	298	288	79	19041420611092299	16578064053768791
2305843009213693950	11	36	8052	19622	0	584	589	341	71	66	4	19041420611092299	16578064053768791
144115188075855870	11	36	8052	19622	0	584	589	341	4	7	0	19041420611092299	16578064053768791
6148914691236495	11	36	8052	19622	0	584	589	341	0	0	0	18446744073709551615	18446744073709551615
9223372036854775806	11	37	8052	61384	0	584	0	0	298	0	0	19041420611092299	18446744073709551615
2305843009213693950	11	37	8052	61384	0	584	0	0	71	0	0	19041420611092299	18446744073709551615
144115188075855870	11	37	8052	61384	0	584	0	0	4	0	0	19041420611092299	18446744073709551615
6148914691236495	11	37	8052	61384	0	584	0	0	0	0	0	18446744073709551615	18446744073709551615
9223372036854775806	11	38	8052	1850	0	584	593	340	298	286	91	19041420611092299	2925841906355596
2305843009213693950	11	38	8052	1850	0	584	593	340	71	71	2	19041420611092299	2925841906355596
144115188075855870	11	38	8052	1850	0	584	593	340	4	2	0	19041420611092299	2925841906355596
6148914691236495	11	38	8052	1850	0	584	593	340	0	1	0	18446744073709551615	2925841906355596
9223372036854775806	11	39	8052	49493	0	584	597	359	298	308	94	19041420611092299	2369895518816490
2305843009213693950	11	39	8052	49493	0	584	597	359	71	76	5	19041420611092299	2369895518816490
144115188075855870	11	39	8052	49493	0	584	597	359	4	3	0	19041420611092299	2369895518816490
6148914691236495	11	39	8052	49493	0	584	597	359	0	1	0	18446744073709551615	2369895518816490
9223372036854775806	11	40	8052	43652	0	584	575	331	298	278	89	19041420611092299	42882982723515030
2305843009213693950	11	40	8052	43652	0	584	575	331	71	67	6	19041420611092299	42882982723515030
144115188075855870	11	40	8052	43652	0	584	575	331	4	1	0	19041420611092299	42882982723515030
6148914691236495	11	40	8052	43652	0	584	575	331	0	0	0	18446744073709551615	18446744073709551615
9223372036854775806	11	41	8052	65253	0	584	0	0	298	0	0	19041420611092299	18446744073709551615
2305843009213693950	11	41	8052	65253	0	584	0	0	71	0	0	19041420611092299	18446744073709551615
144115188075855870	11	41	8052	65253	0	584	0	0	4	0	0	19041420611092299	18446744073709551615
6148914691236495	11	41	8052	65253	0	584	0	0	0	0	0	18446744073709551615	18446744073709551615
9223372036854775806	11	42	8052	24016	0	584	582	332	298	278	87	19041420611092299	23566389845982477
2305843009213693950	11	42	8052	24016	0	584	582	332	71	65	3	19041420611092299	23566389845982477
144115188075855870	11	42	8052	24016	0	584	582	332	4	5	0	19041420611092299	23566389845982477
6148914691236495	11	42	8052	24016	0	584	582	332	0	0	0	18446744073709551615	18446744073709551615
9223372036854775806	11	43	8052	39014	0	584	577	342	298	286	89	19041420611092299	9614967626582621
2305843009213693950	11	43	8052	39014	0	584	577	342	71	69	2	19041420611092299	9614967626582621
144115188075855870	11	43	8052	39014	0	584	577	342	4	3	0	19041420611092299	9614967626582621
6148914691236495	11	43	8052	39014	0	584	577	342	0	0	0	18446744073709551615	18446744073709551615
9223372036854775806	11	44	8052	50585	0	584	573	346	298	297	96	19041420611092299	2197102958816999
2305843009213693950	11	44	8052	50585	0	584	573	346	71	76	5	19041420611092299	2197102958816999
144115188075855870	11	44	8052	50585	0	584	573	346	4	5	0	19041420611092299	2197102958816999
6148914691236495	11	44	8052	50585	0	584	573	346	0	1	0	18446744073709551615	2197102958816999
9223372036854775806	11	45	8052	543	0	584	595	346	298	277	82	19041420611092299	3529678978331514
2305843009213693950	11	45	8052	543	0	584	595	346	71	72	4	19041420611092299	3529678978331514
144115188075855870	11	45	8052	543	0	584	595	346	4	5	0	19041420611092299	3529678978331514
6148914691236495	11	45	8052	543	0	584	595	346	0	0	0	18446744073709551615	18446744073709551615
9223372036854775806	11	46	8052	28348	0	584	584	337	298	308	87	19041420611092299	7659861853809104
2305843009213693950	11	46	8052	28348	0	584	584	337	71	83	8	19041420611092299	7659861853809104
144115188075855870	11	46	8052	28348	0	584	584	337	4	7	0	19041420611092299	7659861853809104
6148914691236495	11	46	8052	28348	0	584	584	337	0	0	0	18446744073709551615	18446744073709551615
9223372036854775806	11	47	8052	36508	0	584	558	320	298	281	85	19041420611092299	5699832315310769
2305843009213693950	11	47	8052	36508	0	584	558	320	71	79	13	19041420611092299	5699832315310769
144115188075855870	11	47	8052	36508	0	584	558	320	4	5	0	19041420611092299	5699832315310769
6148914691236495	11	47	8052	36508	0	584	558	320	0	0	0	18446744073709551615	18446744073709551615
9223372036854775806	11	48	8052	10875	0	584	578	340	298	291	86	19041420611092299	25099112878567966
2305843009213693950	11	48	8052	10875	0	584	578	340	71	75	10	19041420611092299	25099112878567966
144115188075855870	11	48	8052	10875	0	584	578	340	4	4	0	19041420611092299	25099112878567966
6148914691236495	11	48	8052	10875	0	584	578	340	0	0	0	18446744073709551615	18446744073709551615
9223372036854775806	11	49	8052	34534	0	584	571	339	298	301	111	19041420611092299	1691219382961787
2305843009213693950	11	49	8052	34534	0	584	571	339	71	75	7	19041420611092299	1691219382961787
144115188075855870	11	49	8052	34534	0	584	571	339	4	4	0	19041420611092299	1691219382961787
6148914691236495	11	49	8052	34534	0	584	571	339	0	1	0	18446744073709551615	1691219382961787
9223372036854775806	11	50	8052	26791	0	584	623	349	298	301	90	19041420611092299	15400635981762684
2305843009213693950	11	50	8052	26791	0	584	623	349	71	85	6	19041420611092299	15400635981762684
144115188075855870	11	50	8052	26791	0	584	623	349	4	6	0	19041420611092299	15400635981762684
6148914691236495	11	50	8052	26791	0	584	623	349	0	0	0	18446744073709551615	18446744073709551615
9223372036854775806	11	51	8052	32876	0	584	586	346	298	292	93	19041420611092299	41742007892017841
2305843009213693950	11	51	8052	32876	0	584	586	346	71	77	7	19041420611092299	41742007892017841
144115188075855870	11	51	8052	32876	0	584	586	346	4	3	0	19041420611092299	41742007892017841
6148914691236495	11	51	8052	32876	0	584	586	346	0	0	0	18446744073709551615	18446744073709551615
9223372036854775806	11	52	8052	13804	0	584	574	327	298	300	84	19041420611092299	2790875122670278
2305843009213693950	11	52	8052	13804	0	584	574	327	71	63	6	19041420611092299	2790875122670278
144115188075855870	11	52	8052	13804	0	584	574	327	4	3	0	19041420611092299	2790875122670278
6148914691236495	11	52	8052	13804	0	584	574	327	0	1	0	18446744073709551615	2790875122670278
9223372036854775806	11	53	8052	28986	0	584	592	347	298	313	98	19041420611092299	26017863593228402
2305843009213693950	11	53	8052	28986	0	584	592	347	71	67	2	19041420611092299	26017863593228402
144115188075855870	11	53	8052	28986	0	584	592	347	4	5	0	19041420611092299	26017863593228402
6148914691236495	11	53	8052	28986	0	584	592	347	0	0	0	18446744073709551615	18446744073709551615
9223372036854775806	11	54	8052	20288	0	584	577	342	298	279	83	19041420611092299	6993834807301157
2305843009213693950	11	54	8052	20288	0	584	577	342	71	77	7	19041420611092299	6993834807301157
144115188075855870	11	54	8052	20288	0	584	577	342	4	2	0	19041420611092299	6993834807301157
6148914691236495	11	54	8052	20288	0	584	577	342	0	0	0	18446744073709551615	18446744073709551615
9223372036854775806	11	55	8052	41436	0	584	582	357	298	287	76	19041420611092299	25612715942692053
2305843009213693950	11	55	8052	41436	0	584	582	357	71	79	7	19041420611092299	25612715942692053
144115188075855870	11	55	8052	41436	0	584	582	357	4	3	0	19041420611092299	25612715942692053
6148914691236495	11	55	8052	41436	0	584	582	357	0	0	0	18446744073709551615	18446744073709551615
9223372036854775806	11	56	8052	41867	0	584	603	340	298	288	70	19041420611092299	8795885601060178
2305843009213693950	11	56	8052	41867	0	584	603	340	71	69	5	19041420611092299	8795885601060178
144115188075855870	11	56	8052	41867	0	584	603	340	4	8	0	19041420611092299	8795885601060178
6148914691236495	11	56	8052	41867	0	584	603	340	0	0	0	18446744073709551615	18446744073709551615
9223372036854775806	11	57	8052	55273	0	584	375	222	298	182	59	19041420611092299	57484945731452901
2305843009213693950	11	57	8052	55273	0	584	375	222	71	51	3	19041420611092299	57484945731452901
144115188075855870	11	57	8052	55273	0	584	375	222	4	3	0	19041420611092299	57484945731452901
6148914691236495	11	57	8052	55273	0	584	375	222	0	0	0	18446744073709551615	18446744073709551615
9223372036854775806	11	58	8052	48095	0	584	592	340	298	279	92	19041420611092299	5858463627943568
2305843009213693950	11	58	8052	48095	0	584	592	340	71	78	7	19041420611092299	5858463627943568
144115188075855870	11	58	8052	48095	0	584	592	340	4	5	0	19041420611092299	5858463627943568
6148914691236495	11	58	8052	48095	0	584	592	340	0	0	0	18446744073709551615	18446744073709551615
9223372036854775806	11	59	8052	55964	0	584	246	141	298	121	40	19041420611092299	4794458762861514
2305843009213693950	11	59	8052	55964	0	584	246	141	71	34	5	19041420611092299	4794458762861514
144115188075855870	11	59	8052	55964	0	584	246	141	4	6	0	19041420611092299	4794458762861514
6148914691236495	11	59	8052	55964	0	584	246	141	0	0	0	18446744073709551615	18446744073709551615
9223372036854775806	11	60	8052	33080	0	584	605	342	298	288	72	19041420611092299	21234551346284532
2305843009213693950	11	60	8052	33080	0	584	605	342	71	67	1	19041420611092299	21234551346284532
144115188075855870	11	60	8052	33080	0	584	605	342	4	6	0	19041420611092299	21234551346284532
6148914691236495	11	60	8052	33080	0	584	605	342	0	0	0	18446744073709551615	18446744073709551615
9223372036854775806	11	61	8052	19280	0	584	590	334	298	318	93	19041420611092299	43101032433561777
2305843009213693950	11	61	8052	19280	0	584	590	334	71	71	4	19041420611092299	43101032433561777
144115188075855870	11	61	8052	19280	0	584	590	334	4	3	0	19041420611092299	43101032433561777
6148914691236495	11	61	8052	19280	0	584	590	334	0	0	0	18446744073709551615	18446744073709551615
9223372036854775806	11	62	8052	8703	0	584	586	353	298	295	83	19041420611092299	21265985390459575
2305843009213693950	11	62	8052	8703	0	584	586	353	71	74	2	19041420611092299	21265985390459575
144115188075855870	11	62	8052	8703	0	584	586	353	4	5	0	19041420611092299	21265985390459575
6148914691236495	11	62	8052	8703	0	584	586	353	0	0	0	18446744073709551615	18446744073709551615
9223372036854775806	11	63	8052	18798	0	584	587	344	298	268	78	19041420611092299	15005778287697291
2305843009213693950	11	63	8052	18798	0	584	587	344	71	71	6	19041420611092299	15005778287697291
144115188075855870	11	63	8052	18798	0	584	587	344	4	3	0	19041420611092299	15005778287697291
6148914691236495	11	63	8052	18798	0	584	587	344	0	0	0	18446744073709551615	18446744073709551615
9223372036854775806	12	13	6011	8971	0	580	620	344	299	329	97	4895819305245111	13653916654037286
2305843009213693950	12	13	6011	8971	0	580	620	344	77	89	5	4895819305245111	13653916654037286
144115188075855870	12	13	6011	8971	0	580	620	344	5	5	0	4895819305245111	13653916654037286
6148914691236495	12	13	6011	8971	0	580	620	344	0	0	0	18446744073709551615	18446744073709551615
9223372036854775806	12	14	6011	29741	0	580	586	335	299	295	88	4895819305245111	11922634118000644
2305843009213693950	12	14	6011	29741	0	580	586	335	77	73	9	4895819305245111	11922634118000644
144115188075855870	12	14	6011	29741	0	580	586	335	5	7	0	4895819305245111	11922634118000644
6148914691236495	12	14	6011	29741	0	580	586	335	0	0	0	18446744073709551615	18446744073709551615
9223372036854775806	12	15	6011	61994	0	580	0	0	299	0	0	4895819305245111	18446744073709551615
2305843009213693950	12	15	6011	61994	0	580	0	0	77	0	0	4895819305245111	18446744073709551615
144115188075855870	12	15	6011	61994	0	580	0	0	5	0	0	4895819305245111	18446744073709551615
6148914691236495	12	15	6011	61994	0	580	0	0	0	0	0	18446744073709551615	18446744073709551615
9223372036854775806	12	16	6011	65179	0	580	0	0	299	0	0	4895819305245111	18446744073709551615
2305843009213693950	12	16	6011	65179	0	580	0	0	77	0	0	4895819305245111	18446744073709551615
144115188075855870	12	16	6011	65179	0	580	0	0	5	0	0	4895819305245111	18446744073709551615
6148914691236495	12	16	6011	65179	0	580	0	0	0	0	0	18446744073709551615	18446744073709551615
9223372036854775806	12	17	6011	39561	0	580	591	334	299	297	88	4895819305245111	16693452655042096
2305843009213693950	12	17	6011	39561	0	580	591	334	77	79	11	4895819305245111	16693452655042096
144115188075855870	12	17	6011	39561	0	580	591	334	5	1	0	4895819305245111	16693452655042096
6148914691236495	12	17	6011	39561	0	580	591	334	0	0	0	18446744073709551615	18446744073709551615
9223372036854775806	12	18	6011	40991	0	580	581	338	299	281	89	4895819305245111	4378728128714937
2305843009213693950	12	18	6011	40991	0	580	581	338	77	61	3	4895819305245111	4378728128714937
144115188075855870	12	18	6011	40991	0	580	581	338	5	6	0	4895819305245111	4378728128714937
6148914691236495	12	18	6011	40991	0	580	581	338	0	0	0	18446744073709551615	18446744073709551615
9223372036854775806	12	19	6011	46852	0	580	596	351	299	272	80	4895819305245111	1705756778285761
2305843009213693950	12	19	6011	46852	0	580	596	351	77	77	6	4895819305245111	1705756778285761
144115188075855870	12	19	6011	46852	0	580	596	351	5	5	0	4895819305245111	1705756778285761
6148914691236495	12	19	6011	46852	0	580	596	351	0	1	0	18446744073709551615	1705756778285761
9223372036854775806	12	20	6011	6863	0	580	619	360	299	322	104	4895819305245111	17292185457148032
2305843009213693950	12	20	6011	6863	0	580	619	360	77	81	4	4895819305245111	17292185457148032
144115188075855870	12	20	6011	6863	0	580	619	360	5	2	0	4895819305245111	17292185457148032
6148914691236495	12	20	6011	6863	0	580	619	360	0	0	0	18446744073709551615	18446744073709551615
9223372036854775806	12	21	6011	18917	0	580	590	349	299	296	88	4895819305245111	13061327029430687
2305843009213693950	12	21	6011	18917	0	580	590	349	77	66	4	4895819305245111	13061327029430687
144115188075855870	12	21	6011	18917	0	580	590	349	5	5	0	4895819305245111	13061327029430687
6148914691236495	12	21	6011	18917	0	580	590	349	0	0	0	18446744073709551615	18446744073709551615
9223372036854775806	12	22	6011	44560	0	580	621	349	299	292	95	4895819305245111	5883336446271408
2305843009213693950	12	22	6011	44560	0	580	621	349	77	83	6	4895819305245111	5883336446271408
144115188075855870	12	22	6011	44560	0	580	621	349	5	6	0	4895819305245111	5883336446271408
6148914691236495	12	22	6011	44560	0	580	621	349	0	0	0	18446744073709551615	18446744073709551615
9223372036854775806	12	23	6011	36290	0	580	559	320	299	285	68	4895819305245111	30102744842481255
2305843009213693950	12	23	6011	36290	0	580	559	320	77	73	2	4895819305245111	30102744842481255
144115188075855870	12	23	6011	36290	0	580	559	320	5	7	0	4895819305245111	30102744842481255
6148914691236495	12	23	6011	36290	0	580	559	320	0	0	0	18446744073709551615	18446744073709551615
9223372036854775806	12	24	6011	24867	0	580	580	333	299	280	83	4895819305245111	27029469813257164
2305843009213693950	12	24	6011	24867	0	580	580	333	77	77	4	4895819305245111	27029469813257164
144115188075855870	12	24	6011	24867	0	580	580	333	5	3	0	4895819305245111	27029469813257164
6148914691236495	12	24	6011	24867	0	580	580	333	0	0	0	18446744073709551615	18446744073709551615
9223372036854775806	12	25	6011	10092	0	580	594	342	299	296	88	4895819305245111	7354267654878491
2305843009213693950	12	25	6011	10092	0	580	594	342	77	90	2	4895819305245111	7354267654878491
144115188075855870	12	25	6011	10092	0	580	594	342	5	4	0	4895819305245111	7354267654878491
6148914691236495	12	25	6011	10092	0	580	594	342	0	0	0	18446744073709551615	18446744073709551615
9223372036854775806	12	26	6011	35222	0	580	601	346	299	325	105	4895819305245111	6767251757431065
2305843009213693950	12	26	6011	35222	0	580	601	346	77	91	7	4895819305245111	6767251757431065
144115188075855870	12	26	6011	35222	0	580	601	346	5	7	0	4895819305245111	6767251757431065
6148914691236495	12	26	6011	35222	0	580	601	346	0	0	0	18446744073709551615	18446744073709551615
9223372036854775806	12	27	6011	8487	0	580	592	349	299	278	81	4895819305245111	4893775207410366
2305843009213693950	12	27	6011	8487	0	580	592	349	77	69	6	4895819305245111	4893775207410366
144115188075855870	12	27	6011	8487	0	580	592	349	5	5	0	4895819305245111	4893775207410366
6148914691236495	12	27	6011	8487	0	580	592	349	0	0	0	18446744073709551615	18446744073709551615
9223372036854775806	12	28	6011	12647	0	580	597	337	299	297	70	4895819305245111	1692374620791229
2305843009213693950	12	28	6011	12647	0	580	597	337	77	82	6	4895819305245111	1692374620791229
144115188075855870	12	28	6011	12647	0	580	597	337	5	10	1	4895819305245111	1692374620791229
6148914691236495	12	28	6011	12647	0	580	597	337	0	2	0	18446744073709551615	1692374620791229
9223372036854775806	12	29	6011	10798	0	580	566	331	299	296	86	4895819305245111	20776250396026951
2305843009213693950	12	29	6011	10798	0	580	566	331	77	78	3	4895819305245111	20776250396026951
144115188075855870	12	29	6011	10798	0	580	566	331	5	7	0	4895819305245111	20776250396026951
6148914691236495	12	29	6011	10798	0	580	566	331	0	0	0	18446744073709551615	18446744073709551615
9223372036854775806	12	30	6011	25650	0	580	597	356	299	283	92	4895819305245111	3662753934290118
2305843009213693950	12	30	6011	25650	0	580	597	356	77	77	6	4895819305245111	3662753934290118
144115188075855870	12	30	6011	25650	0	580	597	356	5	4	0	4895819305245111	3662753934290118
6148914691236495	12	30	6011	25650	0	580	597	356	0	0	0	18446744073709551615	18446744073709551615
9223372036854775806	12	31	6011	34514	0	580	611	356	299	287	82	4895819305245111	6941176516761588
2305843009213693950	12	31	6011	34514	0	580	611	356	77	58	5	4895819305245111	6941176516761588
144115188075855870	12	31	6011	34514	0	580	611	356	5	4	0	4895819305245111	6941176516761588
6148914691236495	12	31	6011	34514	0	580	611	356	0	0	0	18446744073709551615	18446744073709551615
9223372036854775806	12	32	6011	8941	0	580	618	364	299	316	99	4895819305245111	41509711107450482
2305843009213693950	12	32	6011	8941	0	580	618	364	77	62	4	4895819305245111	41509711107450482
144115188075855870	12	32	6011	8941	0	580	618	364	5	2	0	4895819305245111	41509711107450482
6148914691236495	12	32	6011	8941	0	580	618	364	0	0	0	18446744073709551615	18446744073709551615
9223372036854775806	12	33	6011	18606	0	580	587	352	299	275	77	4895819305245111	853515616737708
2305843009213693950	12	33	6011	18606	0	580	587	352	77	87	6	4895819305245111	853515616737708
144115188075855870	12	33	6011	18606	0	580	587	352	5	5	0	4895819305245111	853515616737708
6148914691236495	12	33	6011	18606	0	580	587	352	0	1	0	18446744073709551615	853515616737708
9223372036854775806	12	34	6011	25591	0	580	601	355	299	280	89	4895819305245111	6928079483968818
2305843009213693950	12	34	6011	25591	0	580	601	355	77	79	6	4895819305245111	6928079483968818
144115188075855870	12	34	6011	25591	0	580	601	355	5	7	0	4895819305245111	6928079483968818
6148914691236495	12	34	6011	25591	0	580	601	355	0	0	0	18446744073709551615	18446744073709551615
9223372036854775806	12	35	6011	46113	0	580	590	336	299	315	84	4895819305245111	7541477037468554
2305843009213693950	12	35	6011	46113	0	580	590	336	77	87	4	4895819305245111	7541477037468554
144115188075855870	12	35	6011	46113	0	580	590	336	5	5	0	4895819305245111	7541477037468554
6148914691236495	12	35	6011	46113	0	580	590	336	0	0	0	18446744073709551615	18446744073709551615
9223372036854775806	12	36	6011	19622	0	580	589	333	299	288	78	4895819305245111	16578064053768791
2305843009213693950	12	36	6011	19622	0	580	589	333	77	66	8	4895819305245111	16578064053768791
144115188075855870	12	36	6011	19622	0	580	589	333	5	7	0	4895819305245111	16578064053768791
6148914691236495	12	36	6011	19622	0	580	589	333	0	0	0	18446744073709551615	18446744073709551615
9223372036854775806	12	37	6011	61384	0	580	0	0	299	0	0	4895819305245111	18446744073709551615
2305843009213693950	12	37	6011	61384	0	580	0	0	77	0	0	4895819305245111	18446744073709551615
144115188075855870	12	37	6011	61384	0	580	0	0	5	0	0	4895819305245111	18446744073709551615
6148914691236495	12	37	6011	61384	0	580	0	0	0	0	0	18446744073709551615	18446744073709551615
9223372036854775806	12	38	6011	1850	0	580	593	332	299	286	86	4895819305245111	2925841906355596
2305843009213693950	12	38	6011	1850	0	580	593	332	77	71	5	4895819305245111	2925841906355596
144115188075855870	12	38	6011	1850	0	580	593	332	5	2	0	4895819305245111	2925841906355596
6148914691236495	12	38	6011	1850	0	580	593	332	0	1	0	18446744073709551615	2925841906355596
9223372036854775806	12	39	6011	49493	0	580	597	342	299	308	96	4895819305245111	2369895518816490
2305843009213693950	12	39	6011	49493	0	580	597	342	77	76	9	4895819305245111	2369895518816490
144115188075855870	12	39	6011	49493	0	580	597	342	5	3	0	4895819305245111	2369895518816490
6148914691236495	12	39	6011	49493	0	580	597	342	0	1	0	18446744073709551615	2369895518816490
9223372036854775806	12	40	6011	43652	0	580	575	331	299	278	81	4895819305245111	42882982723515030
2305843009213693950	12	40	6011	43652	0	580	575	331	77	67	0	4895819305245111	42882982723515030
144115188075855870	12	40	6011	43652	0	580	575	331	5	1	0	4895819305245111	42882982723515030
6148914691236495	12	40	6011	43652	0	580	575	331	0	0	0	18446744073709551615	18446744073709551615
9223372036854775806	12	41	6011	65253	0	580	0	0	299	0	0	4895819305245111	18446744073709551615
2305843009213693950	12	41	6011	65253	0	580	0	0	77	0	0	4895819305245111	18446744073709551615
144115188075855870	12	41	6011	65253	0	580	0	0	5	0	0	4895819305245111	18446744073709551615
6148914691236495	12	41	6011	65253	0	580	0	0	0	0	0	18446744073709551615	18446744073709551615
9223372036854775806	12	42	6011	24016	0	580	582	345	299	278	66	4895819305245111	23566389845982477
2305843009213693950	12	42	6011	24016	0	580	582	345	77	65	3	4895819305245111	23566389845982477
144115188075855870	12	42	6011	24016	0	580	582	345	5	5	0	4895819305245111	23566389845982477
6148914691236495	12	42	6011	24016	0	580	582	345	0	0	0	18446744073709551615	18446744073709551615
9223372036854775806	12	43	6011	39014	0	580	577	335	299	286	91	4895819305245111	9614967626582621
2305843009213693950	12	43	6011	39014	0	580	577	335	77	69	2	4895819305245111	9614967626582621
144115188075855870	12	43	6011	39014	0	580	577	335	5	3	0	4895819305245111	9614967626582621
6148914691236495	12	43	6011	39014	0	580	577	335	0	0	0	18446744073709551615	18446744073709551615
9223372036854775806	12	44	6011	50585	0	580	573	341	299	297	87	4895819305245111	2197102958816999
2305843009213693950	12	44	6011	50585	0	580	573	341	77	76	5	4895819305245111	2197102958816999
144115188075855870	12	44	6011	50585	0	580	573	341	5	5	0	4895819305245111	2197102958816999
6148914691236495	12	44	6011	50585	0	580	573	341	0	1	0	18446744073709551615	2197102958816999
9223372036854775806	12	45	6011	543	0	580	595	352	299	277	82	4895819305245111	3529678978331514
2305843009213693950	12	45	6011	543	0	580	595	352	77	72	5	4895819305245111	3529678978331514
144115188075855870	12	45	6011	543	0	580	595	352	5	5	0	4895819305245111	3529678978331514
6148914691236495	12	45	6011	543	0	580	595	352	0	0	0	18446744073709551615	18446744073709551615
9223372036854775806	12	46	6011	28348	0	580	584	335	299	308	83	4895819305245111	7659861853809104
2305843009213693950	12	46	6011	28348	0	580	584	335	77	83	7	4895819305245111	7659861853809104
144115188075855870	12	46	6011	28348	0	580	584	335	5	7	0	4895819305245111	7659861853809104
6148914691236495	12	46	6011	28348	0	580	584	335	0	0	0	18446744073709551615	18446744073709551615
9223372036854775806	12	47	6011	36508	0	580	558	318	299	281	89	4895819305245111	5699832315310769
2305843009213693950	12	47	6011	36508	0	580	558	318	77	79	6	4895819305245111	5699832315310769
144115188075855870	12	47	6011	36508	0	580	558	318	5	5	0	4895819305245111	5699832315310769
6148914691236495	12	47	6011	36508	0	580	558	318	0	0	0	18446744073709551615	18446744073709551615
9223372036854775806	12	48	6011	10875	0	580	578	337	299	291	94	4895819305245111	25099112878567966
2305843009213693950	12	48	6011	10875	0	580	578	337	77	75	4	4895819305245111	25099112878567966
144115188075855870	12	48	6011	10875	0	580	578	337	5	4	0	4895819305245111	25099112878567966
6148914691236495	12	48	6011	10875	0	580	578	337	0	0	0	18446744073709551615	18446744073709551615
9223372036854775806	12	49	6011	34534	0	580	571	333	299	301	102	4895819305245111	1691219382961787
2305843009213693950	12	49	6011	34534	0	580	571	333	77	75	10	4895819305245111	1691219382961787
144115188075855870	12	49	6011	34534	0	580	571	333	5	4	0	4895819305245111	1691219382961787
6148914691236495	12	49	6011	34534	0	580	571	333	0	1	0	18446744073709551615	1691219382961787
9223372036854775806	12	50	6011	26791	0	580	623	353	299	301	92	4895819305245111	15400635981762684
2305843009213693950	12	50	6011	26791	0	580	623	353	77	85	6	4895819305245111	15400635981762684
144115188075855870	12	50	6011	26791	0	580	623	353	5	6	0	4895819305245111	15400635981762684
6148914691236495	12	50	6011	26791	0	580	623	353	0	0	0	18446744073709551615	18446744073709551615
9223372036854775806	12	51	6011	32876	0	580	586	342	299	292	99	4895819305245111	41742007892017841
2305843009213693950	12	51	6011	32876	0	580	586	342	77	77	6	4895819305245111	41742007892017841
144115188075855870	12	51	6011	32876	0	580	586	342	5	3	0	4895819305245111	41742007892017841
6148914691236495	12	51	6011	32876	0	580	586	342	0	0	0	18446744073709551615	18446744073709551615
9223372036854775806	12	52	6011	13804	0	580	574	340	299	300	91	4895819305245111	2790875122670278
2305843009213693950	12	52	6011	13804	0	580	574	340	77	63	5	4895819305245111	2790875122670278
144115188075855870	12	52	6011	13804	0	580	574	340	5	3	0	4895819305245111	2790875122670278
6148914691236495	12	52	6011	13804	0	580	574	340	0	1	0	18446744073709551615	2790875122670278
9223372036854775806	12	53	6011	28986	0	580	592	339	299	313	109	4895819305245111	26017863593228402
2305843009213693950	12	53	6011	28986	0	580	592	339	77	67	9	4895819305245111	26017863593228402
144115188075855870	12	53	6011	28986	0	580	592	339	5	5	0	4895819305245111	26017863593228402
6148914691236495	12	53	6011	28986	0	580	592	339	0	0	0	18446744073709551615	18446744073709551615
9223372036854775806	12	54	6011	20288	0	580	577	320	299	279	69	4895819305245111	6993834807301157
2305843009213693950	12	54	6011	20288	0	580	577	320	77	77	4	4895819305245111	6993834807301157
144115188075855870	12	54	6011	20288	0	580	577	320	5	2	0	4895819305245111	6993834807301157
6148914691236495	12	54	6011	20288	0	580	577	320	0	0	0	18446744073709551615	18446744073709551615
9223372036854775806	12	55	6011	41436	0	580	582	331	299	287	94	4895819305245111	25612715942692053
2305843009213693950	12	55	6011	41436	0	580	582	331	77	79	6	4895819305245111	25612715942692053
144115188075855870	12	55	6011	41436	0	580	582	331	5	3	0	4895819305245111	25612715942692053
6148914691236495	12	55	6011	41436	0	580	582	331	0	0	0	18446744073709551615	18446744073709551615
9223372036854775806	12	56	6011	41867	0	580	603	358	299	288	79	4895819305245111	8795885601060178
2305843009213693950	12	56	6011	41867	0	580	603	358	77	69	7	4895819305245111	8795885601060178
144115188075855870	12	56	6011	41867	0	580	603	358	5	8	0	4895819305245111	8795885601060178
6148914691236495	12	56	6011	41867	0	580	603	358	0	0	0	18446744073709551615	18446744073709551615
9223372036854775806	12	57	6011	55273	0	580	375	231	299	182	57	4895819305245111	57484945731452901
2305843009213693950	12	57	6011	55273	0	580	375	231	77	51	3	4895819305245111	57484945731452901
144115188075855870	12	57	6011	55273	0	580	375	231	5	3	0	4895819305245111	57484945731452901
6148914691236495	12	57	6011	55273	0	580	375	231	0	0	0	18446744073709551615	18446744073709551615
9223372036854775806	12	58	6011	48095	0	580	592	333	299	279	70	4895819305245111	5858463627943568
2305843009213693950	12	58	6011	48095	0	580	592	333	77	78	5	4895819305245111	5858463627943568
144115188075855870	12	58	6011	48095	0	580	592	333	5	5	0	4895819305245111	5858463627943568
6148914691236495	12	58	6011	48095	0	580	592	333	0	0	0	18446744073709551615	18446744073709551615
9223372036854775806	12	59	6011	55964	0	580	246	156	299	121	42	4895819305245111	4794458762861514
2305843009213693950	12	59	6011	55964	0	580	246	156	77	34	2	4895819305245111	4794458762861514
144115188075855870	12	59	6011	55964	0	580	246	156	5	6	0	4895819305245111	4794458762861514
6148914691236495	12	59	6011	55964	0	580	246	156	0	0	0	18446744073709551615	18446744073709551615
9223372036854775806	12	60	6011	33080	0	580	605	339	299	288	85	4895819305245111	21234551346284532
2305843009213693950	12	60	6011	33080	0	580	605	339	77	67	5	4895819305245111	21234551346284532
144115188075855870	12	60	6011	33080	0	580	605	339	5	6	0	4895819305245111	21234551346284532
6148914691236495	12	60	6011	33080	0	580	605	339	0	0	0	18446744073709551615	18446744073709551615
9223372036854775806	12	61	6011	19280	0	580	590	344	299	318	93	4895819305245111	43101032433561777
2305843009213693950	12	61	6011	19280	0	580	590	344	77	71	8	4895819305245111	43101032433561777
144115188075855870	12	61	6011	19280	0	580	590	344	5	3	0	4895819305245111	43101032433561777
6148914691236495	12	61	6011	19280	0	580	590	344	0	0	0	18446744073709551615	18446744073709551615
9223372036854775806	12	62	6011	8703	0	580	586	326	299	295	89	4895819305245111	21265985390459575
2305843009213693950	12	62	6011	8703	0	580	586	326	77	74	8	4895819305245111	21265985390459575
144115188075855870	12	62	6011	8703	0	580	586	326	5	5	0	4895819305245111	21265985390459575
6148914691236495	12	62	6011	8703	0	580	586	326	0	0	0	18446744073709551615	18446744073709551615
9223372036854775806	12	63	6011	18798	0	580	587	336	299	268	80	4895819305245111	15005778287697291
2305843009213693950	12	63	6011	18798	0	580	587	336	77	71	4	4895819305245111	15005778287697291
144115188075855870	12	63	6011	18798	0	580	587	336	5	3	0	4895819305245111	15005778287697291
6148914691236495	12	63	6011	18798	0	580	587	336	0	0	0	18446744073709551615	18446744073709551615
9223372036854775806	13	14	8971	29741	0	620	586	362	329	295	107	13653916654037286	11922634118000644
2305843009213693950	13	14	8971	29741	0	620	586	362	89	73	8	13653916654037286	11922634118000644
144115188075855870	13	14	8971	29741	0	620	586	362	5	7	0	13653916654037286	11922634118000644
6148914691236495	13	14	8971	29741	0	620	586	362	0	0	0	18446744073709551615	18446744073709551615
9223372036854775806	13	15	8971	61994	0	620	0	0	329	0	0	13653916654037286	18446744073709551615
2305843009213693950	13	15	8971	61994	0	620	0	0	89	0	0	13653916654037286	18446744073709551615
144115188075855870	13	15	8971	61994	0	620	0	0	5	0	0	13653916654037286	18446744073709551615
6148914691236495	13	15	8971	61994	0	620	0	0	0	0	0	18446744073709551615	18446744073709551615
9223372036854775806	13	16	8971	65179	0	620	0	0	329	0	0	13653916654037286	18446744073709551615
2305843009213693950	13	16	8971	65179	0	620	0	0	89	0	0	13653916654037286	18446744073709551615
144115188075855870	13	16	8971	65179	0	620	0	0	5	0	0	13653916654037286	18446744073709551615
6148914691236495	13	16	8971	65179	0	620	0	0	0	0	0	18446744073709551615	18446744073709551615
9223372036854775806	13	17	8971	39561	0	620	591	373	329	297	103	13653916654037286	16693452655042096
2305843009213693950	13	17	8971	39561	0	620	591	373	89	79	10	13653916654037286	16693452655042096
144115188075855870	13	17	8971	39561	0	620	591	373	5	1	0	13653916654037286	16693452655042096
6148914691236495	13	17	8971	39561	0	620	591	373	0	0	0	18446744073709551615	18446744073709551615
9223372036854775806	13	18	8971	40991	0	620	581	367	329	281	93	13653916654037286	4378728128714937
2305843009213693950	13	18	8971	40991	0	620	581	367	89	61	3	13653916654037286	4378728128714937
144115188075855870	13	18	8971	40991	0	620	581	367	5	6	0	13653916654037286	4378728128714937
6148914691236495	13	18	8971	40991	0	620	581	367	0	0	0	18446744073709551615	18446744073709551615
9223372036854775806	13	19	8971	46852	0	620	596	357	329	272	91	13653916654037286	1705756778285761
2305843009213693950	13	19	8971	46852	0	620	596	357	89	77	8	13653916654037286	1705756778285761
144115188075855870	13	19	8971	46852	0	620	596	357	5	5	0	13653916654037286	1705756778285761
6148914691236495	13	19	8971	46852	0	620	596	357	0	1	0	18446744073709551615	1705756778285761
9223372036854775806	13	20	8971	6863	0	620	619	392	329	322	105	13653916654037286	17292185457148032
2305843009213693950	13	20	8971	6863	0	620	619	392	89	81	7	13653916654037286	17292185457148032
144115188075855870	13	20	8971	6863	0	620	619	392	5	2	0	13653916654037286	17292185457148032
6148914691236495	13	20	8971	6863	0	620	619	392	0	0	0	18446744073709551615	18446744073709551615
9223372036854775806	13	21	8971	18917	0	620	590	355	329	296	98	13653916654037286	13061327029430687
2305843009213693950	13	21	8971	18917	0	620	590	355	89	66	6	13653916654037286	13061327029430687
144115188075855870	13	21	8971	18917	0	620	590	355	5	5	0	13653916654037286	13061327029430687
6148914691236495	13	21	8971	18917	0	620	590	355	0	0	0	18446744073709551615	18446744073709551615
9223372036854775806	13	22	8971	44560	0	620	621	395	329	292	91	13653916654037286	5883336446271408
2305843009213693950	13	22	8971	44560	0	620	621	395	89	83	10	13653916654037286	5883336446271408
144115188075855870	13	22	8971	44560	0	620	621	395	5	6	0	13653916654037286	5883336446271408
6148914691236495	13	22	8971	44560	0	620	621	395	0	0	0	18446744073709551615	18446744073709551615
9223372036854775806	13	23	8971	36290	0	620	559	347	329	285	91	13653916654037286	30102744842481255
2305843009213693950	13	23	8971	36290	0	620	559	347	89	73	8	13653916654037286	30102744842481255
144115188075855870	13	23	8971	36290	0	620	559	347	5	7	0	13653916654037286	30102744842481255
6148914691236495	13	23	8971	36290	0	620	559	347	0	0	0	18446744073709551615	18446744073709551615
9223372036854775806	13	24	8971	24867	0	620	580	362	329	280	83	13653916654037286	27029469813257164
2305843009213693950	13	24	8971	24867	0	620	580	362	89	77	9	13653916654037286	27029469813257164
144115188075855870	13	24	8971	24867	0	620	580	362	5	3	0	13653916654037286	27029469813257164
6148914691236495	13	24	8971	24867	0	620	580	362	0	0	0	18446744073709551615	18446744073709551615
9223372036854775806	13	25	8971	10092	0	620	594	377	329	296	99	13653916654037286	7354267654878491
2305843009213693950	13	25	8971	10092	0	620	594	377	89	90	9	13653916654037286	7354267654878491
144115188075855870	13	25	8971	10092	0	620	594	377	5	4	0	13653916654037286	7354267654878491
6148914691236495	13	25	8971	10092	0	620	594	377	0	0	0	18446744073709551615	18446744073709551615
9223372036854775806	13	26	8971	35222	0	620	601	373	329	325	104	13653916654037286	6767251757431065
2305843009213693950	13	26	8971	35222	0	620	601	373	89	91	7	13653916654037286	6767251757431065
144115188075855870	13	26	8971	35222	0	620	601	373	5	7	0	13653916654037286	6767251757431065
6148914691236495	13	26	8971	35222	0	620	601	373	0	0	0	18446744073709551615	18446744073709551615
9223372036854775806	13	27	8971	8487	0	620	592	364	329	278	101	13653916654037286	4893775207410366
2305843009213693950	13	27	8971	8487	0	620	592	364	89	69	4	13653916654037286	4893775207410366
144115188075855870	13	27	8971	8487	0	620	592	364	5	5	0	13653916654037286	4893775207410366
6148914691236495	13	27	8971	8487	0	620	592	364	0	0	0	18446744073709551615	18446744073709551615
9223372036854775806	13	28	8971	12647	0	620	597	370	329	297	89	13653916654037286	1692374620791229
2305843009213693950	13	28	8971	12647	0	620	597	370	89	82	9	13653916654037286	1692374620791229
144115188075855870	13	28	8971	12647	0	620	597	370	5	10	0	13653916654037286	1692374620791229
6148914691236495	13	28	8971	12647	0	620	597	370	0	2	0	18446744073709551615	1692374620791229
9223372036854775806	13	29	8971	10798	0	620	566	352	329	296	95	13653916654037286	20776250396026951
2305843009213693950	13	29	8971	10798	0	620	566	352	89	78	7	13653916654037286	20776250396026951
144115188075855870	13	29	8971	10798	0	620	566	352	5	7	0	13653916654037286	20776250396026951
6148914691236495	13	29	8971	10798	0	620	566	352	0	0	0	18446744073709551615	18446744073709551615
9223372036854775806	13	30	8971	25650	0	620	597	364	329	283	90	13653916654037286	3662753934290118
2305843009213693950	13	30	8971	25650	0	620	597	364	89	77	7	13653916654037286	3662753934290118
144115188075855870	13	30	8971	25650	0	620	597	364	5	4	0	13653916654037286	3662753934290118
6148914691236495	13	30	8971	25650	0	620	597	364	0	0	0	18446744073709551615	18446744073709551615
9223372036854775806	13	31	8971	34514	0	620	611	365	329	287	91	13653916654037286	6941176516761588
2305843009213693950	13	31	8971	34514	0	620	611	365	89	58	6	13653916654037286	6941176516761588
144115188075855870	13	31	8971	34514	0	620	611	365	5	4	0	13653916654037286	6941176516761588
6148914691236495	13	31	8971	34514	0	620	611	365	0	0	0	18446744073709551615	18446744073709551615
9223372036854775806	13	32	8971	8941	0	620	618	375	329	316	97	13653916654037286	41509711107450482
2305843009213693950	13	32	8971	8941	0	620	618	375	89	62	7	13653916654037286	41509711107450482
144115188075855870	13	32	8971	8941	0	620	618	375	5	2	0	13653916654037286	41509711107450482
6148914691236495	13	32	8971	8941	0	620	618	375	0	0	0	18446744073709551615	18446744073709551615
9223372036854775806	13	33	8971	18606	0	620	587	361	329	275	93	13653916654037286	853515616737708
2305843009213693950	13	33	8971	18606	0	620	587	361	89	87	3	13653916654037286	853515616737708
144115188075855870	13	33	8971	18606	0	620	587	361	5	5	0	13653916654037286	853515616737708
6148914691236495	13	33	8971	18606	0	620	587	361	0	1	0	18446744073709551615	853515616737708
9223372036854775806	13	34	8971	25591	0	620	601	373	329	280	93	13653916654037286	6928079483968818
2305843009213693950	13	34	8971	25591	0	620	601	373	89	79	9	13653916654037286	6928079483968818
144115188075855870	13	34	8971	25591	0	620	601	373	5	7	0	13653916654037286	6928079483968818
6148914691236495	13	34	8971	25591	0	620	601	373	0	0	0	18446744073709551615	18446744073709551615
9223372036854775806	13	35	8971	46113	0	620	590	369	329	315	105	13653916654037286	7541477037468554
2305843009213693950	13	35	8971	46113	0	620	590	369	89	87	11	13653916654037286	7541477037468554
144115188075855870	13	35	8971	46113	0	620	590	369	5	5	0	13653916654037286	7541477037468554
6148914691236495	13	35	8971	46113	0	620	590	369	0	0	0	18446744073709551615	18446744073709551615
9223372036854775806	13	36	8971	19622	0	620	589	362	329	288	95	13653916654037286	16578064053768791
2305843009213693950	13	36	8971	19622	0	620	589	362	89	66	4	13653916654037286	16578064053768791
144115188075855870	13	36	8971	19622	0	620	589	362	5	7	0	13653916654037286	16578064053768791
6148914691236495	13	36	8971	19622	0	620	589	362	0	0	0	18446744073709551615	18446744073709551615
9223372036854775806	13	37	8971	61384	0	620	0	0	329	0	0	13653916654037286	18446744073709551615
2305843009213693950	13	37	8971	61384	0	620	0	0	89	0	0	13653916654037286	18446744073709551615
144115188075855870	13	37	8971	61384	0	620	0	0	5	0	0	13653916654037286	18446744073709551615
6148914691236495	13	37	8971	61384	0	620	0	0	0	0	0	18446744073709551615	18446744073709551615
9223372036854775806	13	38	8971	1850	0	620	593	368	329	286	88	13653916654037286	2925841906355596
2305843009213693950	13	38	8971	1850	0	620	593	368	89	71	4	13653916654037286	2925841906355596
144115188075855870	13	38	8971	1850	0	620	593	368	5	2	0	13653916654037286	2925841906355596
6148914691236495	13	38	8971	1850	0	620	593	368	0	1	0	18446744073709551615	2925841906355596
9223372036854775806	13	39	8971	49493	0	620	597	369	329	308	95	13653916654037286	2369895518816490
2305843009213693950	13	39	8971	49493	0	620	597	369	89	76	5	13653916654037286	2369895518816490
144115188075855870	13	39	8971	49493	0	620	597	369	5	3	0	13653916654037286	2369895518816490
6148914691236495	13	39	8971	49493	0	620	597	369	0	1	0	18446744073709551615	2369895518816490
9223372036854775806	13	40	8971	43652	0	620	575	344	329	278	85	13653916654037286	42882982723515030
2305843009213693950	13	40	8971	43652	0	620	575	344	89	67	12	13653916654037286	42882982723515030
144115188075855870	13	40	8971	43652	0	620	575	344	5	1	0	13653916654037286	42882982723515030
6148914691236495	13	40	8971	43652	0	620	575	344	0	0	0	18446744073709551615	18446744073709551615
9223372036854775806	13	41	8971	65253	0	620	0	0	329	0	0	13653916654037286	18446744073709551615
2305843009213693950	13	41	8971	65253	0	620	0	0	89	0	0	13653916654037286	18446744073709551615
144115188075855870	13	41	8971	65253	0	620	0	0	5	0	0	13653916654037286	18446744073709551615
6148914691236495	13	41	8971	65253	0	620	0	0	0	0	0	18446744073709551615	18446744073709551615
9223372036854775806	13	42	8971	24016	0	620	582	361	329	278	99	13653916654037286	23566389845982477
2305843009213693950	13	42	8971	24016	0	620	582	361	89	65	7	13653916654037286	23566389845982477
144115188075855870	13	42	8971	24016	0	620	582	361	5	5	0	13653916654037286	23566389845982477
6148914691236495	13	42	8971	24016	0	620	582	361	0	0	0	18446744073709551615	18446744073709551615
9223372036854775806	13	43	8971	39014	0	620	577	347	329	286	82	13653916654037286	9614967626582621
2305843009213693950	13	43	8971	39014	0	620	577	347	89	69	7	13653916654037286	9614967626582621
144115188075855870	13	43	8971	39014	0	620	577	347	5	3	0	13653916654037286	9614967626582621
6148914691236495	13	43	8971	39014	0	620	577	347	0	0	0	18446744073709551615	18446744073709551615
9223372036854775806	13	44	8971	50585	0	620	573	351	329	297	93	13653916654037286	2197102958816999
2305843009213693950	13	44	8971	50585	0	620	573	351	89	76	10	13653916654037286	2197102958816999
144115188075855870	13	44	8971	50585	0	620	573	351	5	5	0	13653916654037286	2197102958816999
6148914691236495	13	44	8971	50585	0	620	573	351	0	1	0	18446744073709551615	2197102958816999
9223372036854775806	13	45	8971	543	0	620	595	367	329	277	83	13653916654037286	3529678978331514
2305843009213693950	13	45	8971	543	0	620	595	367	89	72	9	13653916654037286	3529678978331514
144115188075855870	13	45	8971	543	0	620	595	367	5	5	0	13653916654037286	3529678978331514
6148914691236495	13	45	8971	543	0	620	595	367	0	0	0	18446744073709551615	18446744073709551615
9223372036854775806	13	46	8971	28348	0	620	584	363	329	308	100	13653916654037286	7659861853809104
2305843009213693950	13	46	8971	28348	0	620	584	363	89	83	12	13653916654037286	7659861853809104
144115188075855870	13	46	8971	28348	0	620	584	363	5	7	0	13653916654037286	7659861853809104
6148914691236495	13	46	8971	28348	0	620	584	363	0	0	0	18446744073709551615	18446744073709551615
9223372036854775806	13	47	8971	36508	0	620	558	340	329	281	91	13653916654037286	5699832315310769
2305843009213693950	13	47	8971	36508	0	620	558	340	89	79	5	13653916654037286	5699832315310769
144115188075855870	13	47	8971	36508	0	620	558	340	5	5	0	13653916654037286	5699832315310769
6148914691236495	13	47	8971	36508	0	620	558	340	0	0	0	18446744073709551615	18446744073709551615
9223372036854775806	13	48	8971	10875	0	620	578	354	329	291	92	13653916654037286	25099112878567966
2305843009213693950	13	48	8971	10875	0	620	578	354	89	75	5	13653916654037286	25099112878567966
144115188075855870	13	48	8971	10875	0	620	578	354	5	4	0	13653916654037286	25099112878567966
6148914691236495	13	48	8971	10875	0	620	578	354	0	0	0	18446744073709551615	18446744073709551615
9223372036854775806	13	49	8971	34534	0	620	571	346	329	301	88	13653916654037286	1691219382961787
2305843009213693950	13	49	8971	34534	0	620	571	346	89	75	6	13653916654037286	1691219382961787
144115188075855870	13	49	8971	34534	0	620	571	346	5	4	0	13653916654037286	1691219382961787
6148914691236495	13	49	8971	34534	0	620	571	346	0	1	0	18446744073709551615	1691219382961787
9223372036854775806	13	50	8971	26791	0	620	623	385	329	301	94	13653916654037286	15400635981762684
2305843009213693950	13	50	8971	26791	0	620	623	385	89	85	6	13653916654037286	15400635981762684
144115188075855870	13	50	8971	26791	0	620	623	385	5	6	0	13653916654037286	15400635981762684
6148914691236495	13	50	8971	26791	0	620	623	385	0	0	0	18446744073709551615	18446744073709551615
9223372036854775806	13	51	8971	32876	0	620	586	372	329	292	86	13653916654037286	41742007892017841
2305843009213693950	13	51	8971	32876	0	620	586	372	89	77	9	13653916654037286	41742007892017841
144115188075855870	13	51	8971	32876	0	620	586	372	5	3	0	13653916654037286	41742007892017841
6148914691236495	13	51	8971	32876	0	620	586	372	0	0	0	18446744073709551615	18446744073709551615
9223372036854775806	13	52	8971	13804	0	620	574	351	329	300	104	13653916654037286	2790875122670278
2305843009213693950	13	52	8971	13804	0	620	574	351	89	63	5	13653916654037286	2790875122670278
144115188075855870	13	52	8971	13804	0	620	574	351	5	3	0	13653916654037286	2790875122670278
6148914691236495	13	52	8971	13804	0	620	574	351	0	1	0	18446744073709551615	2790875122670278
9223372036854775806	13	53	8971	28986	0	620	592	368	329	313	104	13653916654037286	26017863593228402
2305843009213693950	13	53	8971	28986	0	620	592	368	89	67	4	13653916654037286	26017863593228402
144115188075855870	13	53	8971	28986	0	620	592	368	5	5	0	13653916654037286	26017863593228402
6148914691236495	13	53	8971	28986	0	620	592	368	0	0	0	18446744073709551615	18446744073709551615
9223372036854775806	13	54	8971	20288	0	620	577	353	329	279	82	13653916654037286	6993834807301157
2305843009213693950	13	54	8971	20288	0	620	577	353	89	77	8	13653916654037286	6993834807301157
144115188075855870	13	54	8971	20288	0	620	577	353	5	2	0	13653916654037286	6993834807301157
6148914691236495	13	54	8971	20288	0	620	577	353	0	0	0	18446744073709551615	18446744073709551615
9223372036854775806	13	55	8971	41436	0	620	582	365	329	287	97	13653916654037286	25612715942692053
2305843009213693950	13	55	8971	41436	0	620	582	365	89	79	3	13653916654037286	25612715942692053
144115188075855870	13	55	8971	41436	0	620	582	365	5	3	0	13653916654037286	25612715942692053
6148914691236495	13	55	8971	41436	0	620	582	365	0	0	0	18446744073709551615	18446744073709551615
9223372036854775806	13	56	8971	41867	0	620	603	370	329	288	107	13653916654037286	8795885601060178
2305843009213693950	13	56	8971	41867	0	620	603	370	89	69	5	13653916654037286	8795885601060178
144115188075855870	13	56	8971	41867	0	620	603	370	5	8	0	13653916654037286	8795885601060178
6148914691236495	13	56	8971	41867	0	620	603	370	0	0	0	18446744073709551615	18446744073709551615
9223372036854775806	13	57	8971	55273	0	620	375	228	329	182	62	13653916654037286	57484945731452901
2305843009213693950	13	57	8971	55273	0	620	375	228	89	51	8	13653916654037286	57484945731452901
144115188075855870	13	57	8971	55273	0	620	375	228	5	3	0	13653916654037286	57484945731452901
6148914691236495	13	57	8971	55273	0	620	375	228	0	0	0	18446744073709551615	18446744073709551615
9223372036854775806	13	58	8971	48095	0	620	592	376	329	279	92	13653916654037286	5858463627943568
2305843009213693950	13	58	8971	48095	0	620	592	376	89	78	4	13653916654037286	5858463627943568
144115188075855870	13	58	8971	48095	0	620	592	376	5	5	0	13653916654037286	5858463627943568
6148914691236495	13	58	8971	48095	0	620	592	376	0	0	0	18446744073709551615	18446744073709551615
9223372036854775806	13	59	8971	55964	0	620	246	142	329	121	37	13653916654037286	4794458762861514
2305843009213693950	13	59	8971	55964	0	620	246	142	89	34	1	13653916654037286	4794458762861514
144115188075855870	13	59	8971	55964	0	620	246	142	5	6	0	13653916654037286	4794458762861514
6148914691236495	13	59	8971	55964	0	620	246	142	0	0	0	18446744073709551615	18446744073709551615
9223372036854775806	13	60	8971	33080	0	620	605	379	329	288	105	13653916654037286	21234551346284532
2305843009213693950	13	60	8971	33080	0	620	605	379	89	67	4	13653916654037286	21234551346284532
144115188075855870	13	60	8971	33080	0	620	605	379	5	6	0	13653916654037286	21234551346284532
6148914691236495	13	60	8971	33080	0	620	605	379	0	0	0	18446744073709551615	18446744073709551615
9223372036854775806	13	61	8971	19280	0	620	590	374	329	318	114	13653916654037286	43101032433561777
2305843009213693950	13	61	8971	19280	0	620	590	374	89	71	3	13653916654037286	43101032433561777
144115188075855870	13	61	8971	19280	0	620	590	374	5	3	0	13653916654037286	43101032433561777
6148914691236495	13	61	8971	19280	0	620	590	374	0	0	0	18446744073709551615	18446744073709551615
9223372036854775806	13	62	8971	8703	0	620	586	373	329	295	94	13653916654037286	21265985390459575
2305843009213693950	13	62	8971	8703	0	620	586	373	89	74	4	13653916654037286	21265985390459575
144115188075855870	13	62	8971	8703	0	620	586	373	5	5	0	13653916654037286	21265985390459575
6148914691236495	13	62	8971	8703	0	620	586	373	0	0	0	18446744073709551615	18446744073709551615
9223372036854775806	13	63	8971	18798	0	620	587	351	329	268	83	13653916654037286	15005778287697291
2305843009213693950	13	63	8971	18798	0	620	587	351	89	71	8	13653916654037286	15005778287697291
144115188075855870	13	63	8971	18798	0	620	587	351	5	3	0	13653916654037286	15005778287697291
6148914691236495	13	63	8971	18798	0	620	587	351	0	0	0	18446744073709551615	18446744073709551615
9223372036854775806	14	15	29741	61994	0	586	0	0	295	0	0	11922634118000644	18446744073709551615
2305843009213693950	14	15	29741	61994	0	586	0	0	73	0	0	11922634118000644	18446744073709551615
144115188075855870	14	15	29741	61994	0	586	0	0	7	0	0	11922634118000644	18446744073709551615
6148914691236495	14	15	29741	61994	0	586	0	0	0	0	0	18446744073709551615	18446744073709551615
9223372036854775806	14	16	29741	65179	0	586	0	0	295	0	0	11922634118000644	18446744073709551615
2305843009213693950	14	16	29741	65179	0	586	0	0	73	0	0	11922634118000644	18446744073709551615
144115188075855870	14	16	29741	65179	0	586	0	0	7	0	0	11922634118000644	18446744073709551615
6148914691236495	14	16	29741	65179	0	586	0	0	0	0	0	18446744073709551615	18446744073709551615
9223372036854775806	14	17	29741	39561	0	586	591	342	295	297	76	11922634118000644	16693452655042096
2305843009213693950	14	17	29741	39561	0	586	591	342	73	79	5	11922634118000644	16693452655042096
144115188075855870	14	17	29741	39561	0	586	591	342	7	1	0	11922634118000644	16693452655042096
6148914691236495	14	17	29741	39561	0	586	591	342	0	0	0	18446744073709551615	18446744073709551615
9223372036854775806	14	18	29741	40991	0	586	581	342	295	281	77	11922634118000644	4378728128714937
2305843009213693950	14	18	29741	40991	0	586	581	342	73	61	4	11922634118000644	4378728128714937
144115188075855870	14	18	29741	40991	0	586	581	342	7	6	0	11922634118000644	4378728128714937
6148914691236495	14	18	29741	40991	0	586	581	342	0	0	0	18446744073709551615	18446744073709551615
9223372036854775806	14	19	29741	46852	0	586	596	361	295	272	80	11922634118000644	1705756778285761
2305843009213693950	14	19	29741	46852	0	586	596	361	73	77	8	11922634118000644	1705756778285761
144115188075855870	14	19	29741	46852	0	586	596	361	7	5	0	11922634118000644	1705756778285761
6148914691236495	14	19	29741	46852	0	586	596	361	0	1	0	18446744073709551615	1705756778285761
9223372036854775806	14	20	29741	6863	0	586	619	365	295	322	93	11922634118000644	17292185457148032
2305843009213693950	14	20	29741	6863	0	586	619	365	73	81	7	11922634118000644	17292185457148032
144115188075855870	14	20	29741	6863	0	586	619	365	7	2	0	11922634118000644	17292185457148032
6148914691236495	14	20	29741	6863	0	586	619	365	0	0	0	18446744073709551615	18446744073709551615
9223372036854775806	14	21	29741	18917	0	586	590	350	295	296	92	11922634118000644	13061327029430687
2305843009213693950	14	21	29741	18917	0	586	590	350	73	66	5	11922634118000644	13061327029430687
144115188075855870	14	21	29741	18917	0	586	590	350	7	5	0	11922634118000644	13061327029430687
6148914691236495	14	21	29741	18917	0	586	590	350	0	0	0	18446744073709551615	18446744073709551615
9223372036854775806	14	22	29741	44560	0	586	621	366	295	292	91	11922634118000644	5883336446271408
2305843009213693950	14	22	29741	44560	0	586	621	366	73	83	6	11922634118000644	5883336446271408
144115188075855870	14	22	29741	44560	0	586	621	366	7	6	0	11922634118000644	5883336446271408
6148914691236495	14	22	29741	44560	0	586	621	366	0	0	0	18446744073709551615	18446744073709551615
9223372036854775806	14	23	29741	36290	0	586	559	316	295	285	82	11922634118000644	30102744842481255
2305843009213693950	14	23	29741	36290	0	586	559	316	73	73	6	11922634118000644	30102744842481255
144115188075855870	14	23	29741	36290	0	586	559	316	7	7	0	11922634118000644	30102744842481255
6148914691236495	14	23	29741	36290	0	586	559	316	0	0	0	18446744073709551615	18446744073709551615
9223372036854775806	14	24	29741	24867	0	586	580	344	295	280	84	11922634118000644	27029469813257164
2305843009213693950	14	24	29741	24867	0	586	580	344	73	77	8	11922634118000644	27029469813257164
144115188075855870	14	24	29741	24867	0	586	580	344	7	3	0	11922634118000644	27029469813257164
6148914691236495	14	24	29741	24867	0	586	580	344	0	0	0	18446744073709551615	18446744073709551615
9223372036854775806	14	25	29741	10092	0	586	594	344	295	296	87	11922634118000644	7354267654878491
2305843009213693950	14	25	29741	10092	0	586	594	344	73	90	6	11922634118000644	7354267654878491
144115188075855870	14	25	29741	10092	0	586	594	344	7	4	0	11922634118000644	7354267654878491
6148914691236495	14	25	29741	10092	0	586	594	344	0	0	0	18446744073709551615	18446744073709551615
9223372036854775806	14	26	29741	35222	0	586	601	346	295	325	88	11922634118000644	6767251757431065
2305843009213693950	14	26	29741	35222	0	586	601	346	73	91	9	11922634118000644	6767251757431065
144115188075855870	14	26	29741	35222	0	586	601	346	7	7	0	11922634118000644	6767251757431065
6148914691236495	14	26	29741	35222	0	586	601	346	0	0	0	18446744073709551615	18446744073709551615
9223372036854775806	14	27	29741	8487	0	586	592	339	295	278	81	11922634118000644	4893775207410366
2305843009213693950	14	27	29741	8487	0	586	592	339	73	69	4	11922634118000644	4893775207410366
144115188075855870	14	27	29741	8487	0	586	592	339	7	5	0	11922634118000644	4893775207410366
6148914691236495	14	27	29741	8487	0	586	592	339	0	0	0	18446744073709551615	18446744073709551615
9223372036854775806	14	28	29741	12647	0	586	597	339	295	297	83	11922634118000644	1692374620791229
2305843009213693950	14	28	29741	12647	0	586	597	339	73	82	5	11922634118000644	1692374620791229
144115188075855870	14	28	29741	12647	0	586	597	339	7	10	0	11922634118000644	1692374620791229
6148914691236495	14	28	29741	12647	0	586	597	339	0	2	0	18446744073709551615	1692374620791229
9223372036854775806	14	29	29741	10798	0	586	566	333	295	296	81	11922634118000644	20776250396026951
2305843009213693950	14	29	29741	10798	0	586	566	333	73	78	3	11922634118000644	20776250396026951
144115188075855870	14	29	29741	10798	0	586	566	333	7	7	0	11922634118000644	20776250396026951
6148914691236495	14	29	29741	10798	0	586	566	333	0	0	0	18446744073709551615	18446744073709551615
9223372036854775806	14	30	29741	25650	0	586	597	359	295	283	83	11922634118000644	3662753934290118
2305843009213693950	14	30	29741	25650	0	586	597	359	73	77	5	11922634118000644	3662753934290118
144115188075855870	14	30	29741	25650	0	586	597	359	7	4	0	11922634118000644	3662753934290118
6148914691236495	14	30	29741	25650	0	586	597	359	0	0	0	18446744073709551615	18446744073709551615
9223372036854775806	14	31	29741	34514	0	586	611	358	295	287	84	11922634118000644	6941176516761588
2305843009213693950	14	31	29741	34514	0	586	611	358	73	58	4	11922634118000644	6941176516761588
144115188075855870	14	31	29741	34514	0	586	611	358	7	4	0	11922634118000644	6941176516761588
6148914691236495	14	31	29741	34514	0	586	611	358	0	0	0	18446744073709551615	18446744073709551615
9223372036854775806	14	32	29741	8941	0	586	618	347	295	316	90	11922634118000644	41509711107450482
2305843009213693950	14	32	29741	8941	0	586	618	347	73	62	5	11922634118000644	41509711107450482
144115188075855870	14	32	29741	8941	0	586	618	347	7	2	0	11922634118000644	41509711107450482
6148914691236495	14	32	29741	8941	0	586	618	347	0	0	0	18446744073709551615	18446744073709551615
9223372036854775806	14	33	29741	18606	0	586	587	347	295	275	83	11922634118000644	853515616737708
2305843009213693950	14	33	29741	18606	0	586	587	347	73	87	6	11922634118000644	853515616737708
144115188075855870	14	33	29741	18606	0	586	587	347	7	5	0	11922634118000644	853515616737708
6148914691236495	14	33	29741	18606	0	586	587	347	0	1	0	18446744073709551615	853515616737708
9223372036854775806	14	34	29741	25591	0	586	601	357	295	280	90	11922634118000644	6928079483968818
2305843009213693950	14	34	29741	25591	0	586	601	357	73	79	4	11922634118000644	6928079483968818
144115188075855870	14	34	29741	25591	0	586	601	357	7	7	0	11922634118000644	6928079483968818
6148914691236495	14	34	29741	25591	0	586	601	357	0	0	0	18446744073709551615	18446744073709551615
9223372036854775806	14	35	29741	46113	0	586	590	335	295	315	98	11922634118000644	7541477037468554
2305843009213693950	14	35	29741	46113	0	586	590	335	73	87	7	11922634118000644	7541477037468554
144115188075855870	14	35	29741	46113	0	586	590	335	7	5	0	11922634118000644	7541477037468554
6148914691236495	14	35	29741	46113	0	586	590	335	0	0	0	18446744073709551615	18446744073709551615
9223372036854775806	14	36	29741	19622	0	586	589	343	295	288	80	11922634118000644	16578064053768791
2305843009213693950	14	36	29741	19622	0	586	589	343	73	66	1	11922634118000644	16578064053768791
144115188075855870	14	36	29741	19622	0	586	589	343	7	7	0	11922634118000644	16578064053768791
6148914691236495	14	36	29741	19622	0	586	589	343	0	0	0	18446744073709551615	18446744073709551615
9223372036854775806	14	37	29741	61384	0	586	0	0	295	0	0	11922634118000644	18446744073709551615
2305843009213693950	14	37	29741	61384	0	586	0	0	73	0	0	11922634118000644	18446744073709551615
144115188075855870	14	37	29741	61384	0	586	0	0	7	0	0	11922634118000644	18446744073709551615
6148914691236495	14	37	29741	61384	0	586	0	0	0	0	0	18446744073709551615	18446744073709551615
9223372036854775806	14	38	29741	1850	0	586	593	338	295	286	82	11922634118000644	2925841906355596
2305843009213693950	14	38	29741	1850	0	586	593	338	73	71	3	11922634118000644	2925841906355596
144115188075855870	14	38	29741	1850	0	586	593	338	7	2	0	11922634118000644	2925841906355596
6148914691236495	14	38	29741	1850	0	586	593	338	0	1	0	18446744073709551615	2925841906355596
9223372036854775806	14	39	29741	49493	0	586	597	343	295	308	82	11922634118000644	2369895518816490
2305843009213693950	14	39	29741	49493	0	586	597	343	73	76	3	11922634118000644	2369895518816490
144115188075855870	14	39	29741	49493	0	586	597	343	7	3	0	11922634118000644	2369895518816490
6148914691236495	14	39	29741	49493	0	586	597	343	0	1	0	18446744073709551615	2369895518816490
9223372036854775806	14	40	29741	43652	0	586	575	337	295	278	88	11922634118000644	42882982723515030
2305843009213693950	14	40	29741	43652	0	586	575	337	73	67	4	11922634118000644	42882982723515030
144115188075855870	14	40	29741	43652	0	586	575	337	7	1	0	11922634118000644	42882982723515030
6148914691236495	14	40	29741	43652	0	586	575	337	0	0	0	18446744073709551615	18446744073709551615
9223372036854775806	14	41	29741	65253	0	586	0	0	295	0	0	11922634118000644	18446744073709551615
2305843009213693950	14	41	29741	65253	0	586	0	0	73	0	0	11922634118000644	18446744073709551615
144115188075855870	14	41	29741	65253	0	586	0	0	7	0	0	11922634118000644	18446744073709551615
6148914691236495	14	41	29741	65253	0	586	0	0	0	0	0	18446744073709551615	18446744073709551615
9223372036854775806	14	42	29741	24016	0	586	582	344	295	278	79	11922634118000644	23566389845982477
2305843009213693950	14	42	29741	24016	0	586	582	344	73	65	6	11922634118000644	23566389845982477
144115188075855870	14	42	29741	24016	0	586	582	344	7	5	0	11922634118000644	23566389845982477
6148914691236495	14	42	29741	24016	0	586	582	344	0	0	0	18446744073709551615	18446744073709551615
9223372036854775806	14	43	29741	39014	0	586	577	344	295	286	83	11922634118000644	9614967626582621
2305843009213693950	14	43	29741	39014	0	586	577	344	73	69	4	11922634118000644	9614967626582621
144115188075855870	14	43	29741	39014	0	586	577	344	7	3	1	11922634118000644	9614967626582621
6148914691236495	14	43	29741	39014	0	586	577	344	0	0	0	18446744073709551615	18446744073709551615
9223372036854775806	14	44	29741	50585	0	586	573	334	295	297	85	11922634118000644	2197102958816999
2305843009213693950	14	44	29741	50585	0	586	573	334	73	76	2	11922634118000644	2197102958816999
144115188075855870	14	44	29741	50585	0	586	573	334	7	5	0	11922634118000644	2197102958816999
6148914691236495	14	44	29741	50585	0	586	573	334	0	1	0	18446744073709551615	2197102958816999
9223372036854775806	14	45	29741	543	0	586	595	348	295	277	82	11922634118000644	3529678978331514
2305843009213693950	14	45	29741	543	0	586	595	348	73	72	5	11922634118000644	3529678978331514
144115188075855870	14	45	29741	543	0	586	595	348	7	5	0	11922634118000644	3529678978331514
6148914691236495	14	45	29741	543	0	586	595	348	0	0	0	18446744073709551615	18446744073709551615
9223372036854775806	14	46	29741	28348	0	586	584	341	295	308	93	11922634118000644	7659861853809104
2305843009213693950	14	46	29741	28348	0	586	584	341	73	83	2	11922634118000644	7659861853809104
144115188075855870	14	46	29741	28348	0	586	584	341	7	7	0	11922634118000644	7659861853809104
6148914691236495	14	46	29741	28348	0	586	584	341	0	0	0	18446744073709551615	18446744073709551615
9223372036854775806	14	47	29741	36508	0	586	558	319	295	281	91	11922634118000644	5699832315310769
2305843009213693950	14	47	29741	36508	0	586	558	319	73	79	5	11922634118000644	5699832315310769
144115188075855870	14	47	29741	36508	0	586	558	319	7	5	0	11922634118000644	5699832315310769
6148914691236495	14	47	29741	36508	0	586	558	319	0	0	0	18446744073709551615	18446744073709551615
9223372036854775806	14	48	29741	10875	0	586	578	346	295	291	94	11922634118000644	25099112878567966
2305843009213693950	14	48	29741	10875	0	586	578	346	73	75	9	11922634118000644	25099112878567966
144115188075855870	14	48	29741	10875	0	586	578	346	7	4	0	11922634118000644	25099112878567966
6148914691236495	14	48	29741	10875	0	586	578	346	0	0	0	18446744073709551615	18446744073709551615
9223372036854775806	14	49	29741	34534	0	586	571	328	295	301	91	11922634118000644	1691219382961787
2305843009213693950	14	49	29741	34534	0	586	571	328	73	75	7	11922634118000644	1691219382961787
144115188075855870	14	49	29741	34534	0	586	571	328	7	4	1	11922634118000644	1691219382961787
6148914691236495	14	49	29741	34534	0	586	571	328	0	1	0	18446744073709551615	1691219382961787
9223372036854775806	14	50	29741	26791	0	586	623	379	295	301	94	11922634118000644	15400635981762684
2305843009213693950	14	50	29741	26791	0	586	623	379	73	85	6	11922634118000644	15400635981762684
144115188075855870	14	50	29741	26791	0	586	623	379	7	6	0	11922634118000644	15400635981762684
6148914691236495	14	50	29741	26791	0	586	623	379	0	0	0	18446744073709551615	18446744073709551615
9223372036854775806	14	51	29741	32876	0	586	586	343	295	292	81	11922634118000644	41742007892017841
2305843009213693950	14	51	29741	32876	0	586	586	343	73	77	2	11922634118000644	41742007892017841
144115188075855870	14	51	29741	32876	0	586	586	343	7	3	0	11922634118000644	41742007892017841
6148914691236495	14	51	29741	32876	0	586	586	343	0	0	0	18446744073709551615	18446744073709551615
9223372036854775806	14	52	29741	13804	0	586	574	334	295	300	90	11922634118000644	2790875122670278
2305843009213693950	14	52	29741	13804	0	586	574	334	73	63	6	11922634118000644	2790875122670278
144115188075855870	14	52	29741	13804	0	586	574	334	7	3	0	11922634118000644	2790875122670278
6148914691236495	14	52	29741	13804	0	586	574	334	0	1	0	18446744073709551615	2790875122670278
9223372036854775806	14	53	29741	28986	0	586	592	347	295	313	90	11922634118000644	26017863593228402
2305843009213693950	14	53	29741	28986	0	586	592	347	73	67	1	11922634118000644	26017863593228402
144115188075855870	14	53	29741	28986	0	586	592	347	7	5	0	11922634118000644	26017863593228402
6148914691236495	14	53	29741	28986	0	586	592	347	0	0	0	18446744073709551615	18446744073709551615
9223372036854775806	14	54	29741	20288	0	586	577	342	295	279	81	11922634118000644	6993834807301157
2305843009213693950	14	54	29741	20288	0	586	577	342	73	77	5	11922634118000644	6993834807301157
144115188075855870	14	54	29741	20288	0	586	577	342	7	2	0	11922634118000644	6993834807301157
6148914691236495	14	54	29741	20288	0	586	577	342	0	0	0	18446744073709551615	18446744073709551615
9223372036854775806	14	55	29741	41436	0	586	582	343	295	287	103	11922634118000644	25612715942692053
2305843009213693950	14	55	29741	41436	0	586	582	343	73	79	7	11922634118000644	25612715942692053
144115188075855870	14	55	29741	41436	0	586	582	343	7	3	0	11922634118000644	25612715942692053
6148914691236495	14	55	29741	41436	0	586	582	343	0	0	0	18446744073709551615	18446744073709551615
9223372036854775806	14	56	29741	41867	0	586	603	350	295	288	96	11922634118000644	8795885601060178
2305843009213693950	14	56	29741	41867	0	586	603	350	73	69	6	11922634118000644	8795885601060178
144115188075855870	14	56	29741	41867	0	586	603	350	7	8	0	11922634118000644	8795885601060178
6148914691236495	14	56	29741	41867	0	586	603	350	0	0	0	18446744073709551615	18446744073709551615
9223372036854775806	14	57	29741	55273	0	586	375	207	295	182	48	11922634118000644	57484945731452901
2305843009213693950	14	57	29741	55273	0	586	375	207	73	51	2	11922634118000644	57484945731452901
144115188075855870	14	57	29741	55273	0	586	375	207	7	3	0	11922634118000644	57484945731452901
6148914691236495	14	57	29741	55273	0	586	375	207	0	0	0	18446744073709551615	18446744073709551615
9223372036854775806	14	58	29741	48095	0	586	592	351	295	279	85	11922634118000644	5858463627943568
2305843009213693950	14	58	29741	48095	0	586	592	351	73	78	5	11922634118000644	5858463627943568
144115188075855870	14	58	29741	48095	0	586	592	351	7	5	0	11922634118000644	5858463627943568
6148914691236495	14	58	29741	48095	0	586	592	351	0	0	0	18446744073709551615	18446744073709551615
9223372036854775806	14	59	29741	55964	0	586	246	146	295	121	35	11922634118000644	4794458762861514
2305843009213693950	14	59	29741	55964	0	586	246	146	73	34	4	11922634118000644	4794458762861514
144115188075855870	14	59	29741	55964	0	586	246	146	7	6	0	11922634118000644	4794458762861514
6148914691236495	14	59	29741	55964	0	586	246	146	0	0	0	18446744073709551615	18446744073709551615
9223372036854775806	14	60	29741	33080	0	586	605	351	295	288	84	11922634118000644	21234551346284532
2305843009213693950	14	60	29741	33080	0	586	605	351	73	67	3	11922634118000644	21234551346284532
144115188075855870	14	60	29741	33080	0	586	605	351	7	6	0	11922634118000644	21234551346284532
6148914691236495	14	60	29741	33080	0	586	605	351	0	0	0	18446744073709551615	18446744073709551615
9223372036854775806	14	61	29741	19280	0	586	590	351	295	318	97	11922634118000644	43101032433561777
2305843009213693950	14	61	29741	19280	0	586	590	351	73	71	5	11922634118000644	43101032433561777
144115188075855870	14	61	29741	19280	0	586	590	351	7	3	0	11922634118000644	43101032433561777
6148914691236495	14	61	29741	19280	0	586	590	351	0	0	0	18446744073709551615	18446744073709551615
9223372036854775806	14	62	29741	8703	0	586	586	330	295	295	89	11922634118000644	21265985390459575
2305843009213693950	14	62	29741	8703	0	586	586	330	73	74	7	11922634118000644	21265985390459575
144115188075855870	14	62	29741	8703	0	586	586	330	7	5	0	11922634118000644	21265985390459575
6148914691236495	14	62	29741	8703	0	586	586	330	0	0	0	18446744073709551615	18446744073709551615
9223372036854775806	14	63	29741	18798	0	586	587	346	295	268	80	11922634118000644	15005778287697291
2305843009213693950	14	63	29741	18798	0	586	587	346	73	71	8	11922634118000644	15005778287697291
144115188075855870	14	63	29741	18798	0	586	587	346	7	3	0	11922634118000644	15005778287697291
6148914691236495	14	63	29741	18798	0	586	587	346	0	0	0	18446744073709551615	18446744073709551615
9223372036854775806	15	16	61994	65179	0	0	0	0	0	0	0	18446744073709551615	18446744073709551615
2305843009213693950	15	16	61994	65179	0	0	0	0	0	0	0	18446744073709551615	18446744073709551615
144115188075855870	15	16	61994	65179	0	0	0	0	0	0	0	18446744073709551615	18446744073709551615
6148914691236495	15	16	61994	65179	0	0	0	0	0	0	0	18446744073709551615	18446744073709551615
9223372036854775806	15	17	61994	39561	0	0	591	0	0	297	0	18446744073709551615	16693452655042096
2305843009213693950	15	17	61994	39561	0	0	591	0	0	79	0	18446744073709551615	16693452655042096
144115188075855870	15	17	61994	39561	0	0	591	0	0	1	0	18446744073709551615	16693452655042096
6148914691236495	15	17	61994	39561	0	0	591	0	0	0	0	18446744073709551615	18446744073709551615
9223372036854775806	15	18	61994	40991	0	0	581	0	0	281	0	18446744073709551615	4378728128714937
2305843009213693950	15	18	61994	40991	0	0	581	0	0	61	0	18446744073709551615	4378728128714937
144115188075855870	15	18	61994	40991	0	0	581	0	0	6	0	18446744073709551615	4378728128714937
6148914691236495	15	18	61994	40991	0	0	581	0	0	0	0	18446744073709551615	18446744073709551615
9223372036854775806	15	19	61994	46852	0	0	596	0	0	272	0	18446744073709551615	1705756778285761
2305843009213693950	15	19	61994	46852	0	0	596	0	0	77	0	18446744073709551615	1705756778285761
144115188075855870	15	19	61994	46852	0	0	596	0	0	5	0	18446744073709551615	1705756778285761
6148914691236495	15	19	61994	46852	0	0	596	0	0	1	0	18446744073709551615	1705756778285761
9223372036854775806	15	20	61994	6863	0	0	619	0	0	322	0	18446744073709551615	17292185457148032
2305843009213693950	15	20	61994	6863	0	0	619	0	0	81	0	18446744073709551615	17292185457148032
144115188075855870	15	20	61994	6863	0	0	619	0	0	2	0	18446744073709551615	17292185457148032
6148914691236495	15	20	61994	6863	0	0	619	0	0	0	0	18446744073709551615	18446744073709551615
9223372036854775806	15	21	61994	18917	0	0	590	0	0	296	0	18446744073709551615	13061327029430687
2305843009213693950	15	21	61994	18917	0	0	590	0	0	66	0	18446744073709551615	13061327029430687
144115188075855870	15	21	61994	18917	0	0	590	0	0	5	0	18446744073709551615	13061327029430687
6148914691236495	15	21	61994	18917	0	0	590	0	0	0	0	18446744073709551615	18446744073709551615
9223372036854775806	15	22	61994	44560	0	0	621	0	0	292	0	18446744073709551615	5883336446271408
2305843009213693950	15	22	61994	44560	0	0	621	0	0	83	0	18446744073709551615	5883336446271408
144115188075855870	15	22	61994	44560	0	0	621	0	0	6	0	18446744073709551615	5883336446271408
6148914691236495	15	22	61994	44560	0	0	621	0	0	0	0	18446744073709551615	18446744073709551615
9223372036854775806	15	23	61994	36290	0	0	559	0	0	285	0	18446744073709551615	30102744842481255
2305843009213693950	15	23	61994	36290	0	0	559	0	0	73	0	18446744073709551615	30102744842481255
144115188075855870	15	23	61994	36290	0	0	559	0	0	7	0	18446744073709551615	30102744842481255
6148914691236495	15	23	61994	36290	0	0	559	0	0	0	0	18446744073709551615	18446744073709551615
9223372036854775806	15	24	61994	24867	0	0	580	0	0	280	0	18446744073709551615	27029469813257164
2305843009213693950	15	24	61994	24867	0	0	580	0	0	77	0	18446744073709551615	27029469813257164
144115188075855870	15	24	61994	24867	0	0	580	0	0	3	0	18446744073709551615	27029469813257164
6148914691236495	15	24	61994	24867	0	0	580	0	0	0	0	18446744073709551615	18446744073709551615
9223372036854775806	15	25	61994	10092	0	0	594	0	0	296	0	18446744073709551615	7354267654878491
2305843009213693950	15	25	61994	10092	0	0	594	0	0	90	0	18446744073709551615	7354267654878491
144115188075855870	15	25	61994	10092	0	0	594	0	0	4	0	18446744073709551615	7354267654878491
6148914691236495	15	25	61994	10092	0	0	594	0	0	0	0	18446744073709551615	18446744073709551615
9223372036854775806	15	26	61994	35222	0	0	601	0	0	325	0	18446744073709551615	6767251757431065
2305843009213693950	15	26	61994	35222	0	0	601	0	0	91	0	18446744073709551615	6767251757431065
144115188075855870	15	26	61994	35222	0	0	601	0	0	7	0	18446744073709551615	6767251757431065
6148914691236495	15	26	61994	35222	0	0	601	0	0	0	0	18446744073709551615	18446744073709551615
9223372036854775806	15	27	61994	8487	0	0	592	0	0	278	0	18446744073709551615	4893775207410366
2305843009213693950	15	27	61994	8487	0	0	592	0	0	69	0	18446744073709551615	4893775207410366
144115188075855870	15	27	61994	8487	0	0	592	0	0	5	0	18446744073709551615	4893775207410366
6148914691236495	15	27	61994	8487	0	0	592	0	0	0	0	18446744073709551615	18446744073709551615
9223372036854775806	15	28	61994	12647	0	0	597	0	0	297	0	18446744073709551615	1692374620791229
2305843009213693950	15	28	61994	12647	0	0	597	0	0	82	0	18446744073709551615	1692374620791229
144115188075855870	15	28	61994	12647	0	0	597	0	0	10	0	18446744073709551615	1692374620791229
6148914691236495	15	28	61994	12647	0	0	597	0	0	2	0	18446744073709551615	1692374620791229
9223372036854775806	15	29	61994	10798	0	0	566	0	0	296	0	18446744073709551615	20776250396026951
2305843009213693950	15	29	61994	10798	0	0	566	0	0	78	0	18446744073709551615	20776250396026951
144115188075855870	15	29	61994	10798	0	0	566	0	0	7	0	18446744073709551615	20776250396026951
6148914691236495	15	29	61994	10798	0	0	566	0	0	0	0	18446744073709551615	18446744073709551615
9223372036854775806	15	30	61994	25650	0	0	597	0	0	283	0	18446744073709551615	3662753934290118
2305843009213693950	15	30	61994	25650	0	0	597	0	0	77	0	18446744073709551615	3662753934290118
144115188075855870	15	30	61994	25650	0	0	597	0	0	4	0	18446744073709551615	3662753934290118
6148914691236495	15	30	61994	25650	0	0	597	0	0	0	0	18446744073709551615	18446744073709551615
9223372036854775806	15	31	61994	34514	0	0	611	0	0	287	0	18446744073709551615	6941176516761588
2305843009213693950	15	31	61994	34514	0	0	611	0	0	58	0	18446744073709551615	6941176516761588
144115188075855870	15	31	61994	34514	0	0	611	0	0	4	0	18446744073709551615	6941176516761588
6148914691236495	15	31	61994	34514	0	0	611	0	0	0	0	18446744073709551615	18446744073709551615
9223372036854775806	15	32	61994	8941	0	0	618	0	0	316	0	18446744073709551615	41509711107450482
2305843009213693950	15	32	61994	8941	0	0	618	0	0	62	0	18446744073709551615	41509711107450482
144115188075855870	15	32	61994	8941	0	0	618	0	0	2	0	18446744073709551615	41509711107450482
6148914691236495	15	32	61994	8941	0	0	618	0	0	0	0	18446744073709551615	18446744073709551615
9223372036854775806	15	33	61994	18606	0	0	587	0	0	275	0	18446744073709551615	853515616737708
2305843009213693950	15	33	61994	18606	0	0	587	0	0	87	0	18446744073709551615	853515616737708
144115188075855870	15	33	61994	18606	0	0	587	0	0	5	0	18446744073709551615	853515616737708
6148914691236495	15	33	61994	18606	0	0	587	0	0	1	0	18446744073709551615	853515616737708
9223372036854775806	15	34	61994	25591	0	0	601	0	0	280	0	18446744073709551615	6928079483968818
2305843009213693950	15	34	61994	25591	0	0	601	0	0	79	0	18446744073709551615	6928079483968818
144115188075855870	15	34	61994	25591	0	0	601	0	0	7	0	18446744073709551615	6928079483968818
6148914691236495	15	34	61994	25591	0	0	601	0	0	0	0	18446744073709551615	18446744073709551615
9223372036854775806	15	35	61994	46113	0	0	590	0	0	315	0	18446744073709551615	7541477037468554
2305843009213693950	15	35	61994	46113	0	0	590	0	0	87	0	18446744073709551615	7541477037468554
144115188075855870	15	35	61994	46113	0	0	590	0	0	5	0	18446744073709551615	7541477037468554
6148914691236495	15	35	61994	46113	0	0	590	0	0	0	0	18446744073709551615	18446744073709551615
9223372036854775806	15	36	61994	19622	0	0	589	0	0	288	0	18446744073709551615	16578064053768791
2305843009213693950	15	36	61994	19622	0	0	589	0	0	66	0	18446744073709551615	16578064053768791
144115188075855870	15	36	61994	19622	0	0	589	0	0	7	0	18446744073709551615	16578064053768791
6148914691236495	15	36	61994	19622	0	0	589	0	0	0	0	18446744073709551615	18446744073709551615
9223372036854775806	15	37	61994	61384	0	0	0	0	0	0	0	18446744073709551615	18446744073709551615
2305843009213693950	15	37	61994	61384	0	0	0	0	0	0	0	18446744073709551615	18446744073709551615
144115188075855870	15	37	61994	61384	0	0	0	0	0	0	0	18446744073709551615	18446744073709551615
6148914691236495	15	37	61994	61384	0	0	0	0	0	0	0	18446744073709551615	18446744073709551615
9223372036854775806	15	38	61994	1850	0	0	593	0	0	286	0	18446744073709551615	2925841906355596
2305843009213693950	15	38	61994	1850	0	0	593	0	0	71	0	18446744073709551615	2925841906355596
144115188075855870	15	38	61994	1850	0	0	593	0	0	2	0	18446744073709551615	2925841906355596
6148914691236495	15	38	61994	1850	0	0	593	0	0	1	0	18446744073709551615	2925841906355596
9223372036854775806	15	39	61994	49493	0	0	597	0	0	308	0	18446744073709551615	2369895518816490
2305843009213693950	15	39	61994	49493	0	0	597	0	0	76	0	18446744073709551615	2369895518816490
144115188075855870	15	39	61994	49493	0	0	597	0	0	3	0	18446744073709551615	2369895518816490
6148914691236495	15	39	61994	49493	0	0	597	0	0	1	0	18446744073709551615	2369895518816490
9223372036854775806	15	40	61994	43652	0	0	575	0	0	278	0	18446744073709551615	42882982723515030
2305843009213693950	15	40	61994	43652	0	0	575	0	0	67	0	18446744073709551615	42882982723515030
144115188075855870	15	40	61994	43652	0	0	575	0	0	1	0	18446744073709551615	42882982723515030
6148914691236495	15	40	61994	43652	0	0	575	0	0	0	0	18446744073709551615	18446744073709551615
9223372036854775806	15	41	61994	65253	0	0	0	0	0	0	0	18446744073709551615	18446744073709551615
2305843009213693950	15	41	61994	65253	0	0	0	0	0	0	0	18446744073709551615	18446744073709551615
144115188075855870	15	41	61994	65253	0	0	0	0	0	0	0	18446744073709551615	18446744073709551615
6148914691236495	15	41	61994	65253	0	0	0	0	0	0	0	18446744073709551615	18446744073709551615
9223372036854775806	15	42	61994	24016	0	0	582	0	0	278	0	18446744073709551615	23566389845982477
2305843009213693950	15	42	61994	24016	0	0	582	0	0	65	0	18446744073709551615	23566389845982477
144115188075855870	15	42	61994	24016	0	0	582	0	0	5	0	18446744073709551615	23566389845982477
6148914691236495	15	42	61994	24016	0	0	582	0	0	0	0	18446744073709551615	18446744073709551615
9223372036854775806	15	43	61994	39014	0	0	577	0	0	286	0	18446744073709551615	9614967626582621
2305843009213693950	15	43	61994	39014	0	0	577	0	0	69	0	18446744073709551615	9614967626582621
144115188075855870	15	43	61994	39014	0	0	577	0	0	3	0	18446744073709551615	9614967626582621
6148914691236495	15	43	61994	39014	0	0	577	0	0	0	0	18446744073709551615	18446744073709551615
9223372036854775806	15	44	61994	50585	0	0	573	0	0	297	0	18446744073709551615	2197102958816999
2305843009213693950	15	44	61994	50585	0	0	573	0	0	76	0	18446744073709551615	2197102958816999
144115188075855870	15	44	61994	50585	0	0	573	0	0	5	0	18446744073709551615	2197102958816999
6148914691236495	15	44	61994	50585	0	0	573	0	0	1	0	18446744073709551615	2197102958816999
9223372036854775806	15	45	61994	543	0	0	595	0	0	277	0	18446744073709551615	3529678978331514
2305843009213693950	15	45	61994	543	0	0	595	0	0	72	0	18446744073709551615	3529678978331514
144115188075855870	15	45	61994	543	0	0	595	0	0	5	0	18446744073709551615	3529678978331514
6148914691236495	15	45	61994	543	0	0	595	0	0	0	0	18446744073709551615	18446744073709551615
9223372036854775806	15	46	61994	28348	0	0	584	0	0	308	0	18446744073709551615	7659861853809104
2305843009213693950	15	46	61994	28348	0	0	584	0	0	83	0	18446744073709551615	7659861853809104
144115188075855870	15	46	61994	28348	0	0	584	0	0	7	0	18446744073709551615	7659861853809104
6148914691236495	15	46	61994	28348	0	0	584	0	0	0	0	18446744073709551615	18446744073709551615
9223372036854775806	15	47	61994	36508	0	0	558	0	0	281	0	18446744073709551615	5699832315310769
2305843009213693950	15	47	61994	36508	0	0	558	0	0	79	0	18446744073709551615	5699832315310769
144115188075855870	15	47	61994	36508	0	0	558	0	0	5	0	18446744073709551615	5699832315310769
6148914691236495	15	47	61994	36508	0	0	558	0	0	0	0	18446744073709551615	18446744073709551615
9223372036854775806	15	48	61994	10875	0	0	578	0	0	291	0	18446744073709551615	25099112878567966
2305843009213693950	15	48	61994	10875	0	0	578	0	0	75	0	18446744073709551615	25099112878567966
144115188075855870	15	48	61994	10875	0	0	578	0	0	4	0	18446744073709551615	25099112878567966
6148914691236495	15	48	61994	10875	0	0	578	0	0	0	0	18446744073709551615	18446744073709551615
9223372036854775806	15	49	61994	34534	0	0	571	0	0	301	0	18446744073709551615	1691219382961787
2305843009213693950	15	49	61994	34534	0	0	571	0	0	75	0	18446744073709551615	1691219382961787
144115188075855870	15	49	61994	34534	0	0	571	0	0	4	0	18446744073709551615	1691219382961787
6148914691236495	15	49	61994	34534	0	0	571	0	0	1	0	18446744073709551615	1691219382961787
9223372036854775806	15	50	61994	26791	0	0	623	0	0	301	0	18446744073709551615	15400635981762684
2305843009213693950	15	50	61994	26791	0	0	623	0	0	85	0	18446744073709551615	15400635981762684
144115188075855870	15	50	61994	26791	0	0	623	0	0	6	0	18446744073709551615	15400635981762684
6148914691236495	15	50	61994	26791	0	0	623	0	0	0	0	18446744073709551615	18446744073709551615
9223372036854775806	15	51	61994	32876	0	0	586	0	0	292	0	18446744073709551615	41742007892017841
2305843009213693950	15	51	61994	32876	0	0	586	0	0	77	0	18446744073709551615	41742007892017841
144115188075855870	15	51	61994	32876	0	0	586	0	0	3	0	18446744073709551615	41742007892017841
6148914691236495	15	51	61994	32876	0	0	586	0	0	0	0	18446744073709551615	18446744073709551615
9223372036854775806	15	52	61994	13804	0	0	574	0	0	300	0	18446744073709551615	2790875122670278
2305843009213693950	15	52	61994	13804	0	0	574	0	0	63	0	18446744073709551615	2790875122670278
144115188075855870	15	52	61994	13804	0	0	574	0	0	3	0	18446744073709551615	2790875122670278
6148914691236495	15	52	61994	13804	0	0	574	0	0	1	0	18446744073709551615	2790875122670278
9223372036854775806	15	53	61994	28986	0	0	592	0	0	313	0	18446744073709551615	26017863593228402
2305843009213693950	15	53	61994	28986	0	0	592	0	0	67	0	18446744073709551615	26017863593228402
144115188075855870	15	53	61994	28986	0	0	592	0	0	5	0	18446744073709551615	26017863593228402
6148914691236495	15	53	61994	28986	0	0	592	0	0	0	0	18446744073709551615	18446744073709551615
9223372036854775806	15	54	61994	20288	0	0	577	0	0	279	0	18446744073709551615	6993834807301157
2305843009213693950	15	54	61994	20288	0	0	577	0	0	77	0	18446744073709551615	6993834807301157
144115188075855870	15	54	61994	20288	0	0	577	0	0	2	0	18446744073709551615	6993834807301157
6148914691236495	15	54	61994	20288	0	0	577	0	0	0	0	18446744073709551615	18446744073709551615
9223372036854775806	15	55	61994	41436	0	0	582	0	0	287	0	18446744073709551615	25612715942692053
2305843009213693950	15	55	61994	41436	0	0	582	0	0	79	0	18446744073709551615	25612715942692053
144115188075855870	15	55	61994	41436	0	0	582	0	0	3	0	18446744073709551615	25612715942692053
6148914691236495	15	55	61994	41436	0	0	582	0	0	0	0	18446744073709551615	18446744073709551615
9223372036854775806	15	56	61994	41867	0	0	603	0	0	288	0	18446744073709551615	8795885601060178
2305843009213693950	15	56	61994	41867	0	0	603	0	0	69	0	18446744073709551615	8795885601060178
144115188075855870	15	56	61994	41867	0	0	603	0	0	8	0	18446744073709551615	8795885601060178
6148914691236495	15	56	61994	41867	0	0	603	0	0	0	0	18446744073709551615	18446744073709551615
9223372036854775806	15	57	61994	55273	0	0	375	0	0	182	0	18446744073709551615	57484945731452901
2305843009213693950	15	57	61994	55273	0	0	375	0	0	51	0	18446744073709551615	57484945731452901
144115188075855870	15	57	61994	55273	0	0	375	0	0	3	0	18446744073709551615	57484945731452901
6148914691236495	15	57	61994	55273	0	0	375	0	0	0	0	18446744073709551615	18446744073709551615
9223372036854775806	15	58	61994	48095	0	0	592	0	0	279	0	18446744073709551615	5858463627943568
2305843009213693950	15	58	61994	48095	0	0	592	0	0	78	0	18446744073709551615	5858463627943568
144115188075855870	15	58	61994	48095	0	0	592	0	0	5	0	18446744073709551615	5858463627943568
6148914691236495	15	58	61994	48095	0	0	592	0	0	0	0	18446744073709551615	18446744073709551615
9223372036854775806	15	59	61994	55964	0	0	246	0	0	121	0	18446744073709551615	4794458762861514
2305843009213693950	15	59	61994	55964	0	0	246	0	0	34	0	18446744073709551615	4794458762861514
144115188075855870	15	59	61994	55964	0	0	246	0	0	6	0	18446744073709551615	4794458762861514
6148914691236495	15	59	61994	55964	0	0	246	0	0	0	0	18446744073709551615	18446744073709551615
9223372036854775806	15	60	61994	33080	0	0	605	0	0	288	0	18446744073709551615	21234551346284532
2305843009213693950	15	60	61994	33080	0	0	605	0	0	67	0	18446744073709551615	21234551346284532
144115188075855870	15	60	61994	33080	0	0	605	0	0	6	0	18446744073709551615	21234551346284532
6148914691236495	15	60	61994	33080	0	0	605	0	0	0	0	18446744073709551615	18446744073709551615
9223372036854775806	15	61	61994	19280	0	0	590	0	0	318	0	18446744073709551615	43101032433561777
2305843009213693950	15	61	61994	19280	0	0	590	0	0	71	0	18446744073709551615	43101032433561777
144115188075855870	15	61	61994	19280	0	0	590	0	0	3	0	18446744073709551615	43101032433561777
6148914691236495	15	61	61994	19280	0	0	590	0	0	0	0	18446744073709551615	18446744073709551615
9223372036854775806	15	62	61994	8703	0	0	586	0	0	295	0	18446744073709551615	21265985390459575
2305843009213693950	15	62	61994	8703	0	0	586	0	0	74	0	18446744073709551615	21265985390459575
144115188075855870	15	62	61994	8703	0	0	586	0	0	5	0	18446744073709551615	21265985390459575
6148914691236495	15	62	61994	8703	0	0	586	0	0	0	0	18446744073709551615	18446744073709551615
9223372036854775806	15	63	61994	18798	0	0	587	0	0	268	0	18446744073709551615	15005778287697291
2305843009213693950	15	63	61994	18798	0	0	587	0	0	71	0	18446744073709551615	15005778287697291
144115188075855870	15	63	61994	18798	0	0	587	0	0	3	0	18446744073709551615	15005778287697291
6148914691236495	15	63	61994	18798	0	0	587	0	0	0	0	18446744073709551615	18446744073709551615
9223372036854775806	16	17	65179	39561	0	0	591	0	0	297	0	18446744073709551615	16693452655042096
2305843009213693950	16	17	65179	39561	0	0	591	0	0	79	0	18446744073709551615	16693452655042096
144115188075855870	16	17	65179	39561	0	0	591	0	0	1	0	18446744073709551615	16693452655042096
6148914691236495	16	17	65179	39561	0	0	591	0	0	0	0	18446744073709551615	18446744073709551615
9223372036854775806	16	18	65179	40991	0	0	581	0	0	281	0	18446744073709551615	4378728128714937
2305843009213693950	16	18	65179	40991	0	0	581	0	0	61	0	18446744073709551615	4378728128714937
144115188075855870	16	18	65179	40991	0	0	581	0	0	6	0	18446744073709551615	4378728128714937
6148914691236495	16	18	65179	40991	0	0	581	0	0	0	0	18446744073709551615	18446744073709551615
9223372036854775806	16	19	65179	46852	0	0	596	0	0	272	0	18446744073709551615	1705756778285761
2305843009213693950	16	19	65179	46852	0	0	596	0	0	77	0	18446744073709551615	1705756778285761
144115188075855870	16	19	65179	46852	0	0	596	0	0	5	0	18446744073709551615	1705756778285761
6148914691236495	16	19	65179	46852	0	0	596	0	0	1	0	18446744073709551615	1705756778285761
9223372036854775806	16	20	65179	6863	0	0	619	0	0	322	0	18446744073709551615	17292185457148032
2305843009213693950	16	20	65179	6863	0	0	619	0	0	81	0	18446744073709551615	17292185457148032
144115188075855870	16	20	65179	6863	0	0	619	0	0	2	0	18446744073709551615	17292185457148032
6148914691236495	16	20	65179	6863	0	0	619	0	0	0	0	18446744073709551615	18446744073709551615
9223372036854775806	16	21	65179	18917	0	0	590	0	0	296	0	18446744073709551615	13061327029430687
2305843009213693950	16	21	65179	18917	0	0	590	0	0	66	0	18446744073709551615	13061327029430687
144115188075855870	16	21	65179	18917	0	0	590	0	0	5	0	18446744073709551615	13061327029430687
6148914691236495	16	21	65179	18917	0	0	590	0	0	0	0	18446744073709551615	18446744073709551615
9223372036854775806	16	22	65179	44560	0	0	621	0	0	292	0	18446744073709551615	5883336446271408
2305843009213693950	16	22	65179	44560	0	0	621	0	0	83	0	18446744073709551615	5883336446271408
144115188075855870	16	22	65179	44560	0	0	621	0	0	6	0	18446744073709551615	5883336446271408
6148914691236495	16	22	65179	44560	0	0	621	0	0	0	0	18446744073709551615	18446744073709551615
9223372036854775806	16	23	65179	36290	0	0	559	0	0	285	0	18446744073709551615	30102744842481255
2305843009213693950	16	23	65179	36290	0	0	559	0	0	73	0	18446744073709551615	30102744842481255
144115188075855870	16	23	65179	36290	0	0	559	0	0	7	0	18446744073709551615	30102744842481255
6148914691236495	16	23	65179	36290	0	0	559	0	0	0	0	18446744073709551615	18446744073709551615
9223372036854775806	16	24	65179	24867	0	0	580	0	0	280	0	18446744073709551615	27029469813257164
2305843009213693950	16	24	65179	24867	0	0	580	0	0	77	0	18446744073709551615	27029469813257164
144115188075855870	16	24	65179	24867	0	0	580	0	0	3	0	18446744073709551615	27029469813257164
6148914691236495	16	24	65179	24867	0	0	580	0	0	0	0	18446744073709551615	18446744073709551615
9223372036854775806	16	25	65179	10092	0	0	594	0	0	296	0	18446744073709551615	7354267654878491
2305843009213693950	16	25	65179	10092	0	0	594	0	0	90	0	18446744073709551615	7354267654878491
144115188075855870	16	25	65179	10092	0	0	594	0	0	4	0	18446744073709551615	7354267654878491
6148914691236495	16	25	65179	10092	0	0	594	0	0	0	0	18446744073709551615	18446744073709551615
9223372036854775806	16	26	65179	35222	0	0	601	0	0	325	0	18446744073709551615	6767251757431065
2305843009213693950	16	26	65179	35222	0	0	601	0	0	91	0	18446744073709551615	6767251757431065
144115188075855870	16	26	65179	35222	0	0	601	0	0	7	0	18446744073709551615	6767251757431065
6148914691236495	16	26	65179	35222	0	0	601	0	0	0	0	18446744073709551615	18446744073709551615
9223372036854775806	16	27	65179	8487	0	0	592	0	0	278	0	18446744073709551615	4893775207410366
2305843009213693950	16	27	65179	8487	0	0	592	0	0	69	0	18446744073709551615	4893775207410366
144115188075855870	16	27	65179	8487	0	0	592	0	0	5	0	18446744073709551615	4893775207410366
6148914691236495	16	27	65179	8487	0	0	592	0	0	0	0	18446744073709551615	18446744073709551615
9223372036854775806	16	28	65179	12647	0	0	597	0	0	297	0	18446744073709551615	1692374620791229
2305843009213693950	16	28	65179	12647	0	0	597	0	0	82	0	18446744073709551615	1692374620791229
144115188075855870	16	28	65179	12647	0	0	597	0	0	10	0	18446744073709551615	1692374620791229
6148914691236495	16	28	65179	12647	0	0	597	0	0	2	0	18446744073709551615	1692374620791229
9223372036854775806	16	29	65179	10798	0	0	566	0	0	296	0	18446744073709551615	20776250396026951
2305843009213693950	16	29	65179	10798	0	0	566	0	0	78	0	18446744073709551615	20776250396026951
144115188075855870	16	29	65179	10798	0	0	566	0	0	7	0	18446744073709551615	20776250396026951
6148914691236495	16	29	65179	10798	0	0	566	0	0	0	0	18446744073709551615	18446744073709551615
9223372036854775806	16	30	65179	25650	0	0	597	0	0	283	0	18446744073709551615	3662753934290118
2305843009213693950	16	30	65179	25650	0	0	597	0	0	77	0	18446744073709551615	3662753934290118
144115188075855870	16	30	65179	25650	0	0	597	0	0	4	0	18446744073709551615	3662753934290118
6148914691236495	16	30	65179	25650	0	0	597	0	0	0	0	18446744073709551615	18446744073709551615
9223372036854775806	16	31	65179	34514	0	0	611	0	0	287	0	18446744073709551615	6941176516761588
2305843009213693950	16	31	65179	34514	0	0	611	0	0	58	0	18446744073709551615	6941176516761588
144115188075855870	16	31	65179	34514	0	0	611	0	0	4	0	18446744073709551615	6941176516761588
6148914691236495	16	31	65179	34514	0	0	611	0	0	0	0	18446744073709551615	18446744073709551615
9223372036854775806	16	32	65179	8941	0	0	618	0	0	316	0	18446744073709551615	41509711107450482
2305843009213693950	16	32	65179	8941	0	0	618	0	0	62	0	18446744073709551615	41509711107450482
144115188075855870	16	32	65179	8941	0	0	618	0	0	2	0	18446744073709551615	41509711107450482
6148914691236495	16	32	65179	8941	0	0	618	0	0	0	0	18446744073709551615	18446744073709551615
9223372036854775806	16	33	65179	18606	0	0	587	0	0	275	0	18446744073709551615	853515616737708
2305843009213693950	16	33	65179	18606	0	0	587	0	0	87	0	18446744073709551615	853515616737708
144115188075855870	16	33	65179	18606	0	0	587	0	0	5	0	18446744073709551615	853515616737708
6148914691236495	16	33	65179	18606	0	0	587	0	0	1	0	18446744073709551615	853515616737708
9223372036854775806	16	34	65179	25591	0	0	601	0	0	280	0	18446744073709551615	6928079483968818
2305843009213693950	16	34	65179	25591	0	0	601	0	0	79	0	18446744073709551615	6928079483968818
144115188075855870	16	34	65179	25591	0	0	601	0	0	7	0	18446744073709551615	6928079483968818
6148914691236495	16	34	65179	25591	0	0	601	0	0	0	0	18446744073709551615	18446744073709551615
9223372036854775806	16	35	65179	46113	0	0	590	0	0	315	0	18446744073709551615	7541477037468554
2305843009213693950	16	35	65179	46113	0	0	590	0	0	87	0	18446744073709551615	7541477037468554
144115188075855870	16	35	65179	46113	0	0	590	0	0	5	0	18446744073709551615	7541477037468554
6148914691236495	16	35	65179	46113	0	0	590	0	0	0	0	18446744073709551615	18446744073709551615
9223372036854775806	16	36	65179	19622	0	0	589	0	0	288	0	18446744073709551615	16578064053768791
2305843009213693950	16	36	65179	19622	0	0	589	0	0	66	0	18446744073709551615	16578064053768791
144115188075855870	16	36	65179	19622	0	0	589	0	0	7	0	18446744073709551615	16578064053768791
6148914691236495	16	36	65179	19622	0	0	589	0	0	0	0	18446744073709551615	18446744073709551615
9223372036854775806	16	37	65179	61384	0	0	0	0	0	0	0	18446744073709551615	18446744073709551615
2305843009213693950	16	37	65179	61384	0	0	0	0	0	0	0	18446744073709551615	18446744073709551615
144115188075855870	16	37	65179	61384	0	0	0	0	0	0	0	18446744073709551615	18446744073709551615
6148914691236495	16	37	65179	61384	0	0	0	0	0	0	0	18446744073709551615	18446744073709551615
9223372036854775806	16	38	65179	1850	0	0	593	0	0	286	0	18446744073709551615	2925841906355596
2305843009213693950	16	38	65179	1850	0	0	593	0	0	71	0	18446744073709551615	2925841906355596
144115188075855870	16	38	65179	1850	0	0	593	0	0	2	0	18446744073709551615	2925841906355596
6148914691236495	16	38	65179	1850	0	0	593	0	0	1	0	18446744073709551615	2925841906355596
9223372036854775806	16	39	65179	49493	0	0	597	0	0	308	0	18446744073709551615	2369895518816490
2305843009213693950	16	39	65179	49493	0	0	597	0	0	76	0	18446744073709551615	2369895518816490
144115188075855870	16	39	65179	49493	0	0	597	0	0	3	0	18446744073709551615	2369895518816490
6148914691236495	16	39	65179	49493	0	0	597	0	0	1	0	18446744073709551615	2369895518816490
9223372036854775806	16	40	65179	43652	0	0	575	0	0	278	0	18446744073709551615	42882982723515030
2305843009213693950	16	40	65179	43652	0	0	575	0	0	67	0	18446744073709551615	42882982723515030
144115188075855870	16	40	65179	43652	0	0	575	0	0	1	0	18446744073709551615	42882982723515030
6148914691236495	16	40	65179	43652	0	0	575	0	0	0	0	18446744073709551615	18446744073709551615
9223372036854775806	16	41	65179	65253	0	0	0	0	0	0	0	18446744073709551615	18446744073709551615
2305843009213693950	16	41	65179	65253	0	0	0	0	0	0	0	18446744073709551615	18446744073709551615
144115188075855870	16	41	65179	65253	0	0	0	0	0	0	0	18446744073709551615	18446744073709551615
6148914691236495	16	41	65179	65253	0	0	0	0	0	0	0	18446744073709551615	18446744073709551615
9223372036854775806	16	42	65179	24016	0	0	582	0	0	278	0	18446744073709551615	23566389845982477
2305843009213693950	16	42	65179	24016	0	0	582	0	0	65	0	18446744073709551615	23566389845982477
144115188075855870	16	42	65179	24016	0	0	582	0	0	5	0	18446744073709551615	23566389845982477
6148914691236495	16	42	65179	24016	0	0	582	0	0	0	0	18446744073709551615	18446744073709551615
9223372036854775806	16	43	65179	39014	0	0	577	0	0	286	0	18446744073709551615	9614967626582621
2305843009213693950	16	43	65179	39014	0	0	577	0	0	69	0	18446744073709551615	9614967626582621
144115188075855870	16	43	65179	39014	0	0	577	0	0	3	0	18446744073709551615	9614967626582621
6148914691236495	16	43	65179	39014	0	0	577	0	0	0	0	18446744073709551615	18446744073709551615
9223372036854775806	16	44	65179	50585	0	0	573	0	0	297	0	18446744073709551615	2197102958816999
2305843009213693950	16	44	65179	50585	0	0	573	0	0	76	0	18446744073709551615	2197102958816999
144115188075855870	16	44	65179	50585	0	0	573	0	0	5	0	18446744073709551615	2197102958816999
6148914691236495	16	44	65179	50585	0	0	573	0	0	1	0	18446744073709551615	2197102958816999
9223372036854775806	16	45	65179	543	0	0	595	0	0	277	0	18446744073709551615	3529678978331514
2305843009213693950	16	45	65179	543	0	0	595	0	0	72	0	18446744073709551615	3529678978331514
144115188075855870	16	45	65179	543	0	0	595	0	0	5	0	18446744073709551615	3529678978331514
6148914691236495	16	45	65179	543	0	0	595	0	0	0	0	18446744073709551615	18446744073709551615
9223372036854775806	16	46	65179	28348	0	0	584	0	0	308	0	18446744073709551615	7659861853809104
2305843009213693950	16	46	65179	28348	0	0	584	0	0	83	0	18446744073709551615	7659861853809104
144115188075855870	16	46	65179	28348	0	0	584	0	0	7	0	18446744073709551615	7659861853809104
6148914691236495	16	46	65179	28348	0	0	584	0	0	0	0	18446744073709551615	18446744073709551615
9223372036854775806	16	47	65179	36508	0	0	558	0	0	281	0	18446744073709551615	5699832315310769
2305843009213693950	16	47	65179	36508	0	0	558	0	0	79	0	18446744073709551615	5699832315310769
144115188075855870	16	47	65179	36508	0	0	558	0	0	5	0	18446744073709551615	5699832315310769
6148914691236495	16	47	65179	36508	0	0	558	0	0	0	0	18446744073709551615	18446744073709551615
9223372036854775806	16	48	65179	10875	0	0	578	0	0	291	0	18446744073709551615	25099112878567966
2305843009213693950	16	48	65179	10875	0	0	578	0	0	75	0	18446744073709551615	25099112878567966
144115188075855870	16	48	65179	10875	0	0	578	0	0	4	0	18446744073709551615	25099112878567966
6148914691236495	16	48	65179	10875	0	0	578	0	0	0	0	18446744073709551615	18446744073709551615
9223372036854775806	16	49	65179	34534	0	0	571	0	0	301	0	18446744073709551615	1691219382961787
2305843009213693950	16	49	65179	34534	0	0	571	0	0	75	0	18446744073709551615	1691219382961787
144115188075855870	16	49	65179	34534	0	0	571	0	0	4	0	18446744073709551615	1691219382961787
6148914691236495	16	49	65179	34534	0	0	571	0	0	1	0	18446744073709551615	1691219382961787
9223372036854775806	16	50	65179	26791	0	0	623	0	0	301	0	18446744073709551615	15400635981762684
2305843009213693950	16	50	65179	26791	0	0	623	0	0	85	0	18446744073709551615	15400635981762684
144115188075855870	16	50	65179	26791	0	0	623	0	0	6	0	18446744073709551615	15400635981762684
6148914691236495	16	50	65179	26791	0	0	623	0	0	0	0	18446744073709551615	18446744073709551615
9223372036854775806	16	51	65179	32876	0	0	586	0	0	292	0	18446744073709551615	41742007892017841
2305843009213693950	16	51	65179	32876	0	0	586	0	0	77	0	18446744073709551615	41742007892017841
144115188075855870	16	51	65179	32876	0	0	586	0	0	3	0	18446744073709551615	41742007892017841
6148914691236495	16	51	65179	32876	0	0	586	0	0	0	0	18446744073709551615	18446744073709551615
9223372036854775806	16	52	65179	13804	0	0	574	0	0	300	0	18446744073709551615	2790875122670278
2305843009213693950	16	52	65179	13804	0	0	574	0	0	63	0	18446744073709551615	2790875122670278
144115188075855870	16	52	65179	13804	0	0	574	0	0	3	0	18446744073709551615	2790875122670278
6148914691236495	16	52	65179	13804	0	0	574	0	0	1	0	18446744073709551615	2790875122670278
9223372036854775806	16	53	65179	28986	0	0	592	0	0	313	0	18446744073709551615	26017863593228402
2305843009213693950	16	53	65179	28986	0	0	592	0	0	67	0	18446744073709551615	26017863593228402
144115188075855870	16	53	65179	28986	0	0	592	0	0	5	0	18446744073709551615	26017863593228402
6148914691236495	16	53	65179	28986	0	0	592	0	0	0	0	18446744073709551615	18446744073709551615
9223372036854775806	16	54	65179	20288	0	0	577	0	0	279	0	18446744073709551615	6993834807301157
2305843009213693950	16	54	65179	20288	0	0	577	0	0	77	0	18446744073709551615	6993834807301157
144115188075855870	16	54	65179	20288	0	0	577	0	0	2	0	18446744073709551615	6993834807301157
6148914691236495	16	54	65179	20288	0	0	577	0	0	0	0	18446744073709551615	18446744073709551615
9223372036854775806	16	55	65179	41436	0	0	582	0	0	287	0	18446744073709551615	25612715942692053
2305843009213693950	16	55	65179	41436	0	0	582	0	0	79	0	18446744073709551615	25612715942692053
144115188075855870	16	55	65179	41436	0	0	582	0	0	3	0	18446744073709551615	25612715942692053
6148914691236495	16	55	65179	41436	0	0	582	0	0	0	0	18446744073709551615	18446744073709551615
9223372036854775806	16	56	65179	41867	0	0	603	0	0	288	0	18446744073709551615	8795885601060178
2305843009213693950	16	56	65179	41867	0	0	603	0	0	69	0	18446744073709551615	8795885601060178
144115188075855870	16	56	65179	41867	0	0	603	0	0	8	0	18446744073709551615	8795885601060178
6148914691236495	16	56	65179	41867	0	0	603	0	0	0	0	18446744073709551615	18446744073709551615
9223372036854775806	16	57	65179	55273	0	0	375	0	0	182	0	18446744073709551615	57484945731452901
2305843009213693950	16	57	65179	55273	0	0	375	0	0	51	0	18446744073709551615	57484945731452901
144115188075855870	16	57	65179	55273	0	0	375	0	0	3	0	18446744073709551615	57484945731452901
6148914691236495	16	57	65179	55273	0	0	375	0	0	0	0	18446744073709551615	18446744073709551615
9223372036854775806	16	58	65179	48095	0	0	592	0	0	279	0	18446744073709551615	5858463627943568
2305843009213693950	16	58	65179	48095	0	0	592	0	0	78	0	18446744073709551615	5858463627943568
144115188075855870	16	58	65179	48095	0	0	592	0	0	5	0	18446744073709551615	5858463627943568
6148914691236495	16	58	65179	48095	0	0	592	0	0	0	0	18446744073709551615	18446744073709551615
9223372036854775806	16	59	65179	55964	0	0	246	0	0	121	0	18446744073709551615	4794458762861514
2305843009213693950	16	59	65179	55964	0	0	246	0	0	34	0	18446744073709551615	4794458762861514
144115188075855870	16	59	65179	55964	0	0	246	0	0	6	0	18446744073709551615	4794458762861514
6148914691236495	16	59	65179	55964	0	0	246	0	0	0	0	18446744073709551615	18446744073709551615
9223372036854775806	16	60	65179	33080	0	0	605	0	0	288	0	18446744073709551615	21234551346284532
2305843009213693950	16	60	65179	33080	0	0	605	0	0	67	0	18446744073709551615	21234551346284532
144115188075855870	16	60	65179	33080	0	0	605	0	0	6	0	18446744073709551615	21234551346284532
6148914691236495	16	60	65179	33080	0	0	605	0	0	0	0	18446744073709551615	18446744073709551615
9223372036854775806	16	61	65179	19280	0	0	590	0	0	318	0	18446744073709551615	43101032433561777
2305843009213693950	16	61	65179	19280	0	0	590	0	0	71	0	18446744073709551615	43101032433561777
144115188075855870	16	61	65179	19280	0	0	590	0	0	3	0	18446744073709551615	43101032433561777
6148914691236495	16	61	65179	19280	0	0	590	0	0	0	0	18446744073709551615	18446744073709551615
9223372036854775806	16	62	65179	8703	0	0	586	0	0	295	0	18446744073709551615	21265985390459575
2305843009213693950	16	62	65179	8703	0	0	586	0	0	74	0	18446744073709551615	21265985390459575
144115188075855870	16	62	65179	8703	0	0	586	0	0	5	0	18446744073709551615	21265985390459575
6148914691236495	16	62	65179	8703	0	0	586	0	0	0	0	18446744073709551615	18446744073709551615
9223372036854775806	16	63	65179	18798	0	0	587	0	0	268	0	18446744073709551615	15005778287697291
2305843009213693950	16	63	65179	18798	0	0	587	0	0	71	0	18446744073709551615	15005778287697291
144115188075855870	16	63	65179	18798	0	0	587	0	0	3	0	18446744073709551615	15005778287697291
6148914691236495	16	63	65179	18798	0	0	587	0	0	0	0	18446744073709551615	18446744073709551615
9223372036854775806	17	18	39561	40991	0	591	581	340	297	281	87	16693452655042096	4378728128714937
2305843009213693950	17	18	39561	40991	0	591	581	340	79	61	7	16693452655042096	4378728128714937
144115188075855870	17	18	39561	40991	0	591	581	340	1	6	0	16693452655042096	4378728128714937
6148914691236495	17	18	39561	40991	0	591	581	340	0	0	0	18446744073709551615	18446744073709551615
9223372036854775806	17	19	39561	46852	0	591	596	351	297	272	91	16693452655042096	1705756778285761
2305843009213693950	17	19	39561	46852	0	591	596	351	79	77	7	16693452655042096	1705756778285761
144115188075855870	17	19	39561	46852	0	591	596	351	1	5	0	16693452655042096	1705756778285761
6148914691236495	17	19	39561	46852	0	591	596	351	0	1	0	18446744073709551615	1705756778285761
9223372036854775806	17	20	39561	6863	0	591	619	356	297	322	104	16693452655042096	17292185457148032
2305843009213693950	17	20	39561	6863	0	591	619	356	79	81	9	16693452655042096	17292185457148032
144115188075855870	17	20	39561	6863	0	591	619	356	1	2	0	16693452655042096	17292185457148032
6148914691236495	17	20	39561	6863	0	591	619	356	0	0	0	18446744073709551615	18446744073709551615
9223372036854775806	17	21	39561	18917	0	591	590	338	297	296	84	16693452655042096	13061327029430687
2305843009213693950	17	21	39561	18917	0	591	590	338	79	66	2	16693452655042096	13061327029430687
144115188075855870	17	21	39561	18917	0	591	590	338	1	5	0	16693452655042096	13061327029430687
6148914691236495	17	21	39561	18917	0	591	590	338	0	0	0	18446744073709551615	18446744073709551615
9223372036854775806	17	22	39561	44560	0	591	621	364	297	292	84	16693452655042096	5883336446271408
2305843009213693950	17	22	39561	44560	0	591	621	364	79	83	8	16693452655042096	5883336446271408
144115188075855870	17	22	39561	44560	0	591	621	364	1	6	0	16693452655042096	5883336446271408
6148914691236495	17	22	39561	44560	0	591	621	364	0	0	0	18446744073709551615	18446744073709551615
9223372036854775806	17	23	39561	36290	0	591	559	313	297	285	76	16693452655042096	30102744842481255
2305843009213693950	17	23	39561	36290	0	591	559	313	79	73	6	16693452655042096	30102744842481255
144115188075855870	17	23	39561	36290	0	591	559	313	1	7	0	16693452655042096	30102744842481255
6148914691236495	17	23	39561	36290	0	591	559	313	0	0	0	18446744073709551615	18446744073709551615
9223372036854775806	17	24	39561	24867	0	591	580	345	297	280	92	16693452655042096	27029469813257164
2305843009213693950	17	24	39561	24867	0	591	580	345	79	77	7	16693452655042096	27029469813257164
144115188075855870	17	24	39561	24867	0	591	580	345	1	3	0	16693452655042096	27029469813257164
6148914691236495	17	24	39561	24867	0	591	580	345	0	0	0	18446744073709551615	18446744073709551615
9223372036854775806	17	25	39561	10092	0	591	594	341	297	296	86	16693452655042096	7354267654878491
2305843009213693950	17	25	39561	10092	0	591	594	341	79	90	4	16693452655042096	7354267654878491
144115188075855870	17	25	39561	10092	0	591	594	341	1	4	0	16693452655042096	7354267654878491
6148914691236495	17	25	39561	10092	0	591	594	341	0	0	0	18446744073709551615	18446744073709551615
9223372036854775806	17	26	39561	35222	0	591	601	363	297	325	97	16693452655042096	6767251757431065
2305843009213693950	17	26	39561	35222	0	591	601	363	79	91	7	16693452655042096	6767251757431065
144115188075855870	17	26	39561	35222	0	591	601	363	1	7	0	16693452655042096	6767251757431065
6148914691236495	17	26	39561	35222	0	591	601	363	0	0	0	18446744073709551615	18446744073709551615
9223372036854775806	17	27	39561	8487	0	591	592	336	297	278	79	16693452655042096	4893775207410366
2305843009213693950	17	27	39561	8487	0	591	592	336	79	69	4	16693452655042096	4893775207410366
144115188075855870	17	27	39561	8487	0	591	592	336	1	5	0	16693452655042096	4893775207410366
6148914691236495	17	27	39561	8487	0	591	592	336	0	0	0	18446744073709551615	18446744073709551615
9223372036854775806	17	28	39561	12647	0	591	597	341	297	297	80	16693452655042096	1692374620791229
2305843009213693950	17	28	39561	12647	0	591	597	341	79	82	11	16693452655042096	1692374620791229
144115188075855870	17	28	39561	12647	0	591	597	341	1	10	0	16693452655042096	1692374620791229
6148914691236495	17	28	39561	12647	0	591	597	341	0	2	0	18446744073709551615	1692374620791229
9223372036854775806	17	29	39561	10798	0	591	566	333	297	296	96	16693452655042096	20776250396026951
2305843009213693950	17	29	39561	10798	0	591	566	333	79	78	9	16693452655042096	20776250396026951
144115188075855870	17	29	39561	10798	0	591	566	333	1	7	0	16693452655042096	20776250396026951
6148914691236495	17	29	39561	10798	0	591	566	333	0	0	0	18446744073709551615	18446744073709551615
9223372036854775806	17	30	39561	25650	0	591	597	344	297	283	81	16693452655042096	3662753934290118
2305843009213693950	17	30	39561	25650	0	591	597	344	79	77	2	16693452655042096	3662753934290118
144115188075855870	17	30	39561	25650	0	591	597	344	1	4	0	16693452655042096	3662753934290118
6148914691236495	17	30	39561	25650	0	591	597	344	0	0	0	18446744073709551615	18446744073709551615
9223372036854775806	17	31	39561	34514	0	591	611	362	297	287	76	16693452655042096	6941176516761588
2305843009213693950	17	31	39561	34514	0	591	611	362	79	58	5	16693452655042096	6941176516761588
144115188075855870	17	31	39561	34514	0	591	611	362	1	4	0	16693452655042096	6941176516761588
6148914691236495	17	31	39561	34514	0	591	611	362	0	0	0	18446744073709551615	18446744073709551615
9223372036854775806	17	32	39561	8941	0	591	618	373	297	316	98	16693452655042096	41509711107450482
2305843009213693950	17	32	39561	8941	0	591	618	373	79	62	4	16693452655042096	41509711107450482
144115188075855870	17	32	39561	8941	0	591	618	373	1	2	0	16693452655042096	41509711107450482
6148914691236495	17	32	39561	8941	0	591	618	373	0	0	0	18446744073709551615	18446744073709551615
9223372036854775806	17	33	39561	18606	0	591	587	341	297	275	68	16693452655042096	853515616737708
2305843009213693950	17	33	39561	18606	0	591	587	341	79	87	6	16693452655042096	853515616737708
144115188075855870	17	33	39561	18606	0	591	587	341	1	5	0	16693452655042096	853515616737708
6148914691236495	17	33	39561	18606	0	591	587	341	0	1	0	18446744073709551615	853515616737708
9223372036854775806	17	34	39561	25591	0	591	601	355	297	280	79	16693452655042096	6928079483968818
2305843009213693950	17	34	39561	25591	0	591	601	355	79	79	5	16693452655042096	6928079483968818
144115188075855870	17	34	39561	25591	0	591	601	355	1	7	0	16693452655042096	6928079483968818
6148914691236495	17	34	39561	25591	0	591	601	355	0	0	0	18446744073709551615	18446744073709551615
9223372036854775806	17	35	39561	46113	0	591	590	341	297	315	89	16693452655042096	7541477037468554
2305843009213693950	17	35	39561	46113	0	591	590	341	79	87	3	16693452655042096	7541477037468554
144115188075855870	17	35	39561	46113	0	591	590	341	1	5	0	16693452655042096	7541477037468554
6148914691236495	17	35	39561	46113	0	591	590	341	0	0	0	18446744073709551615	18446744073709551615
9223372036854775806	17	36	39561	19622	0	591	589	339	297	288	79	16693452655042096	16578064053768791
2305843009213693950	17	36	39561	19622	0	591	589	339	79	66	2	16693452655042096	16578064053768791
144115188075855870	17	36	39561	19622	0	591	589	339	1	7	0	16693452655042096	16578064053768791
6148914691236495	17	36	39561	19622	0	591	589	339	0	0	0	18446744073709551615	18446744073709551615
9223372036854775806	17	37	39561	61384	0	591	0	0	297	0	0	16693452655042096	18446744073709551615
2305843009213693950	17	37	39561	61384	0	591	0	0	79	0	0	16693452655042096	18446744073709551615
144115188075855870	17	37	39561	61384	0	591	0	0	1	0	0	16693452655042096	18446744073709551615
6148914691236495	17	37	39561	61384	0	591	0	0	0	0	0	18446744073709551615	18446744073709551615
9223372036854775806	17	38	39561	1850	0	591	593	360	297	286	99	16693452655042096	2925841906355596
2305843009213693950	17	38	39561	1850	0	591	593	360	79	71	10	16693452655042096	2925841906355596
144115188075855870	17	38	39561	1850	0	591	593	360	1	2	0	16693452655042096	2925841906355596
6148914691236495	17	38	39561	1850	0	591	593	360	0	1	0	18446744073709551615	2925841906355596
9223372036854775806	17	39	39561	49493	0	591	597	351	297	308	100	16693452655042096	2369895518816490
2305843009213693950	17	39	39561	49493	0	591	597	351	79	76	8	16693452655042096	2369895518816490
144115188075855870	17	39	39561	49493	0	591	597	351	1	3	0	16693452655042096	2369895518816490
6148914691236495	17	39	39561	49493	0	591	597	351	0	1	0	18446744073709551615	2369895518816490
9223372036854775806	17	40	39561	43652	0	591	575	334	297	278	84	16693452655042096	42882982723515030
2305843009213693950	17	40	39561	43652	0	591	575	334	79	67	6	16693452655042096	42882982723515030
144115188075855870	17	40	39561	43652	0	591	575	334	1	1	0	16693452655042096	42882982723515030
6148914691236495	17	40	39561	43652	0	591	575	334	0	0	0	18446744073709551615	18446744073709551615
9223372036854775806	17	41	39561	65253	0	591	0	0	297	0	0	16693452655042096	18446744073709551615
2305843009213693950	17	41	39561	65253	0	591	0	0	79	0	0	16693452655042096	18446744073709551615
144115188075855870	17	41	39561	65253	0	591	0	0	1	0	0	16693452655042096	18446744073709551615
6148914691236495	17	41	39561	65253	0	591	0	0	0	0	0	18446744073709551615	18446744073709551615
9223372036854775806	17	42	39561	24016	0	591	582	341	297	278	75	16693452655042096	23566389845982477
2305843009213693950	17	42	39561	24016	0	591	582	341	79	65	6	16693452655042096	23566389845982477
144115188075855870	17	42	39561	24016	0	591	582	341	1	5	0	16693452655042096	23566389845982477
6148914691236495	17	42	39561	24016	0	591	582	341	0	0	0	18446744073709551615	18446744073709551615
9223372036854775806	17	43	39561	39014	0	591	577	336	297	286	88	16693452655042096	9614967626582621
2305843009213693950	17	43	39561	39014	0	591	577	336	79	69	9	16693452655042096	9614967626582621
144115188075855870	17	43	39561	39014	0	591	577	336	1	3	0	16693452655042096	9614967626582621
6148914691236495	17	43	39561	39014	0	591	577	336	0	0	0	18446744073709551615	18446744073709551615
9223372036854775806	17	44	39561	50585	0	591	573	319	297	297	77	16693452655042096	2197102958816999
2305843009213693950	17	44	39561	50585	0	591	573	319	79	76	7	16693452655042096	2197102958816999
144115188075855870	17	44	39561	50585	0	591	573	319	1	5	0	16693452655042096	2197102958816999
6148914691236495	17	44	39561	50585	0	591	573	319	0	1	0	18446744073709551615	2197102958816999
9223372036854775806	17	45	39561	543	0	591	595	354	297	277	84	16693452655042096	3529678978331514
2305843009213693950	17	45	39561	543	0	591	595	354	79	72	9	16693452655042096	3529678978331514
144115188075855870	17	45	39561	543	0	591	595	354	1	5	0	16693452655042096	3529678978331514
6148914691236495	17	45	39561	543	0	591	595	354	0	0	0	18446744073709551615	18446744073709551615
9223372036854775806	17	46	39561	28348	0	591	584	358	297	308	91	16693452655042096	7659861853809104
2305843009213693950	17	46	39561	28348	0	591	584	358	79	83	9	16693452655042096	7659861853809104
144115188075855870	17	46	39561	28348	0	591	584	358	1	7	0	16693452655042096	7659861853809104
6148914691236495	17	46	39561	28348	0	591	584	358	0	0	0	18446744073709551615	18446744073709551615
9223372036854775806	17	47	39561	36508	0	591	558	327	297	281	81	16693452655042096	5699832315310769
2305843009213693950	17	47	39561	36508	0	591	558	327	79	79	4	16693452655042096	5699832315310769
144115188075855870	17	47	39561	36508	0	591	558	327	1	5	0	16693452655042096	5699832315310769
6148914691236495	17	47	39561	36508	0	591	558	327	0	0	0	18446744073709551615	18446744073709551615
9223372036854775806	17	48	39561	10875	0	591	578	323	297	291	67	16693452655042096	25099112878567966
2305843009213693950	17	48	39561	10875	0	591	578	323	79	75	6	16693452655042096	25099112878567966
144115188075855870	17	48	39561	10875	0	591	578	323	1	4	1	16693452655042096	25099112878567966
6148914691236495	17	48	39561	10875	0	591	578	323	0	0	0	18446744073709551615	18446744073709551615
9223372036854775806	17	49	39561	34534	0	591	571	327	297	301	86	16693452655042096	1691219382961787
2305843009213693950	17	49	39561	34534	0	591	571	327	79	75	4	16693452655042096	1691219382961787
144115188075855870	17	49	39561	34534	0	591	571	327	1	4	0	16693452655042096	1691219382961787
6148914691236495	17	49	39561	34534	0	591	571	327	0	1	0	18446744073709551615	1691219382961787
9223372036854775806	17	50	39561	26791	0	591	623	365	297	301	86	16693452655042096	15400635981762684
2305843009213693950	17	50	39561	26791	0	591	623	365	79	85	9	16693452655042096	15400635981762684
144115188075855870	17	50	39561	26791	0	591	623	365	1	6	0	16693452655042096	15400635981762684
6148914691236495	17	50	39561	26791	0	591	623	365	0	0	0	18446744073709551615	18446744073709551615
9223372036854775806	17	51	39561	32876	0	591	586	349	297	292	88	16693452655042096	41742007892017841
2305843009213693950	17	51	39561	32876	0	591	586	349	79	77	6	16693452655042096	41742007892017841
144115188075855870	17	51	39561	32876	0	591	586	349	1	3	0	16693452655042096	41742007892017841
6148914691236495	17	51	39561	32876	0	591	586	349	0	0	0	18446744073709551615	18446744073709551615
9223372036854775806	17	52	39561	13804	0	591	574	336	297	300	91	16693452655042096	2790875122670278
2305843009213693950	17	52	39561	13804	0	591	574	336	79	63	6	16693452655042096	2790875122670278
144115188075855870	17	52	39561	13804	0	591	574	336	1	3	0	16693452655042096	2790875122670278
6148914691236495	17	52	39561	13804	0	591	574	336	0	1	0	18446744073709551615	2790875122670278
9223372036854775806	17	53	39561	28986	0	591	592	356	297	313	99	16693452655042096	26017863593228402
2305843009213693950	17	53	39561	28986	0	591	592	356	79	67	6	16693452655042096	26017863593228402
144115188075855870	17	53	39561	28986	0	591	592	356	1	5	0	16693452655042096	26017863593228402
6148914691236495	17	53	39561	28986	0	591	592	356	0	0	0	18446744073709551615	18446744073709551615
9223372036854775806	17	54	39561	20288	0	591	577	339	297	279	85	16693452655042096	6993834807301157
2305843009213693950	17	54	39561	20288	0	591	577	339	79	77	6	16693452655042096	6993834807301157
144115188075855870	17	54	39561	20288	0	591	577	339	1	2	0	16693452655042096	6993834807301157
6148914691236495	17	54	39561	20288	0	591	577	339	0	0	0	18446744073709551615	18446744073709551615
9223372036854775806	17	55	39561	41436	0	591	582	337	297	287	74	16693452655042096	25612715942692053
2305843009213693950	17	55	39561	41436	0	591	582	337	79	79	7	16693452655042096	25612715942692053
144115188075855870	17	55	39561	41436	0	591	582	337	1	3	0	16693452655042096	25612715942692053
6148914691236495	17	55	39561	41436	0	591	582	337	0	0	0	18446744073709551615	18446744073709551615
9223372036854775806	17	56	39561	41867	0	591	603	357	297	288	75	16693452655042096	8795885601060178
2305843009213693950	17	56	39561	41867	0	591	603	357	79	69	2	16693452655042096	8795885601060178
144115188075855870	17	56	39561	41867	0	591	603	357	1	8	0	16693452655042096	8795885601060178
6148914691236495	17	56	39561	41867	0	591	603	357	0	0	0	18446744073709551615	18446744073709551615
9223372036854775806	17	57	39561	55273	0	591	375	215	297	182	49	16693452655042096	57484945731452901
2305843009213693950	17	57	39561	55273	0	591	375	215	79	51	6	16693452655042096	57484945731452901
144115188075855870	17	57	39561	55273	0	591	375	215	1	3	0	16693452655042096	57484945731452901
6148914691236495	17	57	39561	55273	0	591	375	215	0	0	0	18446744073709551615	18446744073709551615
9223372036854775806	17	58	39561	48095	0	591	592	345	297	279	84	16693452655042096	5858463627943568
2305843009213693950	17	58	39561	48095	0	591	592	345	79	78	7	16693452655042096	5858463627943568
144115188075855870	17	58	39561	48095	0	591	592	345	1	5	0	16693452655042096	5858463627943568
6148914691236495	17	58	39561	48095	0	591	592	345	0	0	0	18446744073709551615	18446744073709551615
9223372036854775806	17	59	39561	55964	0	591	246	139	297	121	37	16693452655042096	4794458762861514
2305843009213693950	17	59	39561	55964	0	591	246	139	79	34	3	16693452655042096	4794458762861514
144115188075855870	17	59	39561	55964	0	591	246	139	1	6	0	16693452655042096	4794458762861514
6148914691236495	17	59	39561	55964	0	591	246	139	0	0	0	18446744073709551615	18446744073709551615
9223372036854775806	17	60	39561	33080	0	591	605	349	297	288	87	16693452655042096	21234551346284532
2305843009213693950	17	60	39561	33080	0	591	605	349	79	67	9	16693452655042096	21234551346284532
144115188075855870	17	60	39561	33080	0	591	605	349	1	6	0	16693452655042096	21234551346284532
6148914691236495	17	60	39561	33080	0	591	605	349	0	0	0	18446744073709551615	18446744073709551615
9223372036854775806	17	61	39561	19280	0	591	590	339	297	318	84	16693452655042096	43101032433561777
2305843009213693950	17	61	39561	19280	0	591	590	339	79	71	2	16693452655042096	43101032433561777
144115188075855870	17	61	39561	19280	0	591	590	339	1	3	0	16693452655042096	43101032433561777
6148914691236495	17	61	39561	19280	0	591	590	339	0	0	0	18446744073709551615	18446744073709551615
9223372036854775806	17	62	39561	8703	0	591	586	341	297	295	97	16693452655042096	21265985390459575
2305843009213693950	17	62	39561	8703	0	591	586	341	79	74	7	16693452655042096	21265985390459575
144115188075855870	17	62	39561	8703	0	591	586	341	1	5	0	16693452655042096	21265985390459575
6148914691236495	17	62	39561	8703	0	591	586	341	0	0	0	18446744073709551615	18446744073709551615
9223372036854775806	17	63	39561	18798	0	591	587	346	297	268	80	16693452655042096	15005778287697291
2305843009213693950	17	63	39561	18798	0	591	587	346	79	71	5	16693452655042096	15005778287697291
144115188075855870	17	63	39561	18798	0	591	587	346	1	3	0	16693452655042096	15005778287697291
6148914691236495	17	63	39561	18798	0	591	587	346	0	0	0	18446744073709551615	18446744073709551615
9223372036854775806	18	19	40991	46852	0	581	596	339	281	272	71	4378728128714937	1705756778285761
2305843009213693950	18	19	40991	46852	0	581	596	339	61	77	6	4378728128714937	1705756778285761
144115188075855870	18	19	40991	46852	0	581	596	339	6	5	0	4378728128714937	1705756778285761
6148914691236495	18	19	40991	46852	0	581	596	339	0	1	0	18446744073709551615	1705756778285761
9223372036854775806	18	20	40991	6863	0	581	619	349	281	322	95	4378728128714937	17292185457148032
2305843009213693950	18	20	40991	6863	0	581	619	349	61	81	3	4378728128714937	17292185457148032
144115188075855870	18	20	40991	6863	0	581	619	349	6	2	0	4378728128714937	17292185457148032
6148914691236495	18	20	40991	6863	0	581	619	349	0	0	0	18446744073709551615	18446744073709551615
9223372036854775806	18	21	40991	18917	0	581	590	349	281	296	80	4378728128714937	13061327029430687
2305843009213693950	18	21	40991	18917	0	581	590	349	61	66	3	4378728128714937	13061327029430687
144115188075855870	18	21	40991	18917	0	581	590	349	6	5	0	4378728128714937	13061327029430687
6148914691236495	18	21	40991	18917	0	581	590	349	0	0	0	18446744073709551615	18446744073709551615
9223372036854775806	18	22	40991	44560	0	581	621	366	281	292	77	4378728128714937	5883336446271408
2305843009213693950	18	22	40991	44560	0	581	621	366	61	83	5	4378728128714937	5883336446271408
144115188075855870	18	22	40991	44560	0	581	621	366	6	6	0	4378728128714937	5883336446271408
6148914691236495	18	22	40991	44560	0	581	621	366	0	0	0	18446744073709551615	18446744073709551615
9223372036854775806	18	23	40991	36290	0	581	559	320	281	285	73	4378728128714937	30102744842481255
2305843009213693950	18	23	40991	36290	0	581	559	320	61	73	5	4378728128714937	30102744842481255
144115188075855870	18	23	40991	36290	0	581	559	320	6	7	0	4378728128714937	30102744842481255
6148914691236495	18	23	40991	36290	0	581	559	320	0	0	0	18446744073709551615	18446744073709551615
9223372036854775806	18	24	40991	24867	0	581	580	326	281	280	75	4378728128714937	27029469813257164
2305843009213693950	18	24	40991	24867	0	581	580	326	61	77	5	4378728128714937	27029469813257164
144115188075855870	18	24	40991	24867	0	581	580	326	6	3	0	4378728128714937	27029469813257164
6148914691236495	18	24	40991	24867	0	581	580	326	0	0	0	18446744073709551615	18446744073709551615
9223372036854775806	18	25	40991	10092	0	581	594	347	281	296	78	4378728128714937	7354267654878491
2305843009213693950	18	25	40991	10092	0	581	594	347	61	90	1	4378728128714937	7354267654878491
144115188075855870	18	25	40991	10092	0	581	594	347	6	4	0	4378728128714937	7354267654878491
6148914691236495	18	25	40991	10092	0	581	594	347	0	0	0	18446744073709551615	18446744073709551615
9223372036854775806	18	26	40991	35222	0	581	601	343	281	325	90	4378728128714937	6767251757431065
2305843009213693950	18	26	40991	35222	0	581	601	343	61	91	8	4378728128714937	6767251757431065
144115188075855870	18	26	40991	35222	0	581	601	343	6	7	0	4378728128714937	6767251757431065
6148914691236495	18	26	40991	35222	0	581	601	343	0	0	0	18446744073709551615	18446744073709551615
9223372036854775806	18	27	40991	8487	0	581	592	342	281	278	70	4378728128714937	4893775207410366
2305843009213693950	18	27	40991	8487	0	581	592	342	61	69	7	4378728128714937	4893775207410366
144115188075855870	18	27	40991	8487	0	581	592	342	6	5	0	4378728128714937	4893775207410366
6148914691236495	18	27	40991	8487	0	581	592	342	0	0	0	18446744073709551615	18446744073709551615
9223372036854775806	18	28	40991	12647	0	581	597	343	281	297	80	4378728128714937	1692374620791229
2305843009213693950	18	28	40991	12647	0	581	597	343	61	82	8	4378728128714937	1692374620791229
144115188075855870	18	28	40991	12647	0	581	597	343	6	10	0	4378728128714937	1692374620791229
6148914691236495	18	28	40991	12647	0	581	597	343	0	2	0	18446744073709551615	1692374620791229
9223372036854775806	18	29	40991	10798	0	581	566	322	281	296	79	4378728128714937	20776250396026951
2305843009213693950	18	29	40991	10798	0	581	566	322	61	78	4	4378728128714937	20776250396026951
144115188075855870	18	29	40991	10798	0	581	566	322	6	7	0	4378728128714937	20776250396026951
6148914691236495	18	29	40991	10798	0	581	566	322	0	0	0	18446744073709551615	18446744073709551615
9223372036854775806	18	30	40991	25650	0	581	597	350	281	283	81	4378728128714937	3662753934290118
2305843009213693950	18	30	40991	25650	0	581	597	350	61	77	7	4378728128714937	3662753934290118
144115188075855870	18	30	40991	25650	0	581	597	350	6	4	0	4378728128714937	3662753934290118
6148914691236495	18	30	40991	25650	0	581	597	350	0	0	0	18446744073709551615	18446744073709551615
9223372036854775806	18	31	40991	34514	0	581	611	357	281	287	84	4378728128714937	6941176516761588
2305843009213693950	18	31	40991	34514	0	581	611	357	61	58	0	4378728128714937	6941176516761588
144115188075855870	18	31	40991	34514	0	581	611	357	6	4	0	4378728128714937	6941176516761588
6148914691236495	18	31	40991	34514	0	581	611	357	0	0	0	18446744073709551615	18446744073709551615
9223372036854775806	18	32	40991	8941	0	581	618	356	281	316	89	4378728128714937	41509711107450482
2305843009213693950	18	32	40991	8941	0	581	618	356	61	62	4	4378728128714937	41509711107450482
144115188075855870	18	32	40991	8941	0	581	618	356	6	2	0	4378728128714937	41509711107450482
6148914691236495	18	32	40991	8941	0	581	618	356	0	0	0	18446744073709551615	18446744073709551615
9223372036854775806	18	33	40991	18606	0	581	587	344	281	275	74	4378728128714937	853515616737708
2305843009213693950	18	33	40991	18606	0	581	587	344	61	87	5	4378728128714937	853515616737708
144115188075855870	18	33	40991	18606	0	581	587	344	6	5	0	4378728128714937	853515616737708
6148914691236495	18	33	40991	18606	0	581	587	344	0	1	0	18446744073709551615	853515616737708
9223372036854775806	18	34	40991	25591	0	581	601	347	281	280	86	4378728128714937	6928079483968818
2305843009213693950	18	34	40991	25591	0	581	601	347	61	79	5	4378728128714937	6928079483968818
144115188075855870	18	34	40991	25591	0	581	601	347	6	7	0	4378728128714937	6928079483968818
6148914691236495	18	34	40991	25591	0	581	601	347	0	0	0	18446744073709551615	18446744073709551615
9223372036854775806	18	35	40991	46113	0	581	590	339	281	315	100	4378728128714937	7541477037468554
2305843009213693950	18	35	40991	46113	0	581	590	339	61	87	7	4378728128714937	7541477037468554
144115188075855870	18	35	40991	46113	0	581	590	339	6	5	0	4378728128714937	7541477037468554
6148914691236495	18	35	40991	46113	0	581	590	339	0	0	0	18446744073709551615	18446744073709551615
9223372036854775806	18	36	40991	19622	0	581	589	344	281	288	78	4378728128714937	16578064053768791
2305843009213693950	18	36	40991	19622	0	581	589	344	61	66	4	4378728128714937	16578064053768791
144115188075855870	18	36	40991	19622	0	581	589	344	6	7	0	4378728128714937	16578064053768791
6148914691236495	18	36	40991	19622	0	581	589	344	0	0	0	18446744073709551615	18446744073709551615
9223372036854775806	18	37	40991	61384	0	581	0	0	281	0	0	4378728128714937	18446744073709551615
2305843009213693950	18	37	40991	61384	0	581	0	0	61	0	0	4378728128714937	18446744073709551615
144115188075855870	18	37	40991	61384	0	581	0	0	6	0	0	4378728128714937	18446744073709551615
6148914691236495	18	37	40991	61384	0	581	0	0	0	0	0	18446744073709551615	18446744073709551615
9223372036854775806	18	38	40991	1850	0	581	593	352	281	286	91	4378728128714937	2925841906355596
2305843009213693950	18	38	40991	1850	0	581	593	352	61	71	3	4378728128714937	2925841906355596
144115188075855870	18	38	40991	1850	0	581	593	352	6	2	0	4378728128714937	2925841906355596
6148914691236495	18	38	40991	1850	0	581	593	352	0	1	0	18446744073709551615	2925841906355596
9223372036854775806	18	39	40991	49493	0	581	597	354	281	308	92	4378728128714937	2369895518816490
2305843009213693950	18	39	40991	49493	0	581	597	354	61	76	5	4378728128714937	2369895518816490
144115188075855870	18	39	40991	49493	0	581	597	354	6	3	0	4378728128714937	2369895518816490
6148914691236495	18	39	40991	49493	0	581	597	354	0	1	0	18446744073709551615	2369895518816490
9223372036854775806	18	40	40991	43652	0	581	575	340	281	278	74	4378728128714937	42882982723515030
2305843009213693950	18	40	40991	43652	0	581	575	340	61	67	4	4378728128714937	42882982723515030
144115188075855870	18	40	40991	43652	0	581	575	340	6	1	0	4378728128714937	42882982723515030
6148914691236495	18	40	40991	43652	0	581	575	340	0	0	0	18446744073709551615	18446744073709551615
9223372036854775806	18	41	40991	65253	0	581	0	0	281	0	0	4378728128714937	18446744073709551615
2305843009213693950	18	41	40991	65253	0	581	0	0	61	0	0	4378728128714937	18446744073709551615
144115188075855870	18	41	40991	65253	0	581	0	0	6	0	0	4378728128714937	18446744073709551615
6148914691236495	18	41	40991	65253	0	581	0	0	0	0	0	18446744073709551615	18446744073709551615
9223372036854775806	18	42	40991	24016	0	581	582	339	281	278	74	4378728128714937	23566389845982477
2305843009213693950	18	42	40991	24016	0	581	582	339	61	65	9	4378728128714937	23566389845982477
144115188075855870	18	42	40991	24016	0	581	582	339	6	5	1	4378728128714937	23566389845982477
6148914691236495	18	42	40991	24016	0	581	582	339	0	0	0	18446744073709551615	18446744073709551615
9223372036854775806	18	43	40991	39014	0	581	577	340	281	286	89	4378728128714937	9614967626582621
2305843009213693950	18	43	40991	39014	0	581	577	340	61	69	6	4378728128714937	9614967626582621
144115188075855870	18	43	40991	39014	0	581	577	340	6	3	0	4378728128714937	9614967626582621
6148914691236495	18	43	40991	39014	0	581	577	340	0	0	0	18446744073709551615	18446744073709551615
9223372036854775806	18	44	40991	50585	0	581	573	334	281	297	85	4378728128714937	2197102958816999
2305843009213693950	18	44	40991	50585	0	581	573	334	61	76	3	4378728128714937	2197102958816999
144115188075855870	18	44	40991	50585	0	581	573	334	6	5	0	4378728128714937	2197102958816999
6148914691236495	18	44	40991	50585	0	581	573	334	0	1	0	18446744073709551615	2197102958816999
9223372036854775806	18	45	40991	543	0	581	595	356	281	277	76	4378728128714937	3529678978331514
2305843009213693950	18	45	40991	543	0	581	595	356	61	72	5	4378728128714937	3529678978331514
144115188075855870	18	45	40991	543	0	581	595	356	6	5	0	4378728128714937	3529678978331514
6148914691236495	18	45	40991	543	0	581	595	356	0	0	0	18446744073709551615	18446744073709551615
9223372036854775806	18	46	40991	28348	0	581	584	344	281	308	88	4378728128714937	7659861853809104
2305843009213693950	18	46	40991	28348	0	581	584	344	61	83	4	4378728128714937	7659861853809104
144115188075855870	18	46	40991	28348	0	581	584	344	6	7	0	4378728128714937	7659861853809104
6148914691236495	18	46	40991	28348	0	581	584	344	0	0	0	18446744073709551615	18446744073709551615
9223372036854775806	18	47	40991	36508	0	581	558	326	281	281	80	4378728128714937	5699832315310769
2305843009213693950	18	47	40991	36508	0	581	558	326	61	79	5	4378728128714937	5699832315310769
144115188075855870	18	47	40991	36508	0	581	558	326	6	5	0	4378728128714937	5699832315310769
6148914691236495	18	47	40991	36508	0	581	558	326	0	0	0	18446744073709551615	18446744073709551615
9223372036854775806	18	48	40991	10875	0	581	578	341	281	291	79	4378728128714937	25099112878567966
2305843009213693950	18	48	40991	10875	0	581	578	341	61	75	5	4378728128714937	25099112878567966
144115188075855870	18	48	40991	10875	0	581	578	341	6	4	0	4378728128714937	25099112878567966
6148914691236495	18	48	40991	10875	0	581	578	341	0	0	0	18446744073709551615	18446744073709551615
9223372036854775806	18	49	40991	34534	0	581	571	327	281	301	87	4378728128714937	1691219382961787
2305843009213693950	18	49	40991	34534	0	581	571	327	61	75	8	4378728128714937	1691219382961787
144115188075855870	18	49	40991	34534	0	581	571	327	6	4	0	4378728128714937	1691219382961787
6148914691236495	18	49	40991	34534	0	581	571	327	0	1	0	18446744073709551615	1691219382961787
9223372036854775806	18	50	40991	26791	0	581	623	363	281	301	82	4378728128714937	15400635981762684
2305843009213693950	18	50	40991	26791	0	581	623	363	61	85	4	4378728128714937	15400635981762684
144115188075855870	18	50	40991	26791	0	581	623	363	6	6	0	4378728128714937	15400635981762684
6148914691236495	18	50	40991	26791	0	581	623	363	0	0	0	18446744073709551615	18446744073709551615
9223372036854775806	18	51	40991	32876	0	581	586	356	281	292	88	4378728128714937	41742007892017841
2305843009213693950	18	51	40991	32876	0	581	586	356	61	77	5	4378728128714937	41742007892017841
144115188075855870	18	51	40991	32876	0	581	586	356	6	3	0	4378728128714937	41742007892017841
6148914691236495	18	51	40991	32876	0	581	586	356	0	0	0	18446744073709551615	18446744073709551615
9223372036854775806	18	52	40991	13804	0	581	574	343	281	300	90	4378728128714937	2790875122670278
2305843009213693950	18	52	40991	13804	0	581	574	343	61	63	3	4378728128714937	2790875122670278
144115188075855870	18	52	40991	13804	0	581	574	343	6	3	0	4378728128714937	2790875122670278
6148914691236495	18	52	40991	13804	0	581	574	343	0	1	0	18446744073709551615	2790875122670278
9223372036854775806	18	53	40991	28986	0	581	592	329	281	313	91	4378728128714937	26017863593228402
2305843009213693950	18	53	40991	28986	0	581	592	329	61	67	3	4378728128714937	26017863593228402
144115188075855870	18	53	40991	28986	0	581	592	329	6	5	0	4378728128714937	26017863593228402
6148914691236495	18	53	40991	28986	0	581	592	329	0	0	0	18446744073709551615	18446744073709551615
9223372036854775806	18	54	40991	20288	0	581	577	334	281	279	83	4378728128714937	6993834807301157
2305843009213693950	18	54	40991	20288	0	581	577	334	61	77	9	4378728128714937	6993834807301157
144115188075855870	18	54	40991	20288	0	581	577	334	6	2	0	4378728128714937	6993834807301157
6148914691236495	18	54	40991	20288	0	581	577	334	0	0	0	18446744073709551615	18446744073709551615
9223372036854775806	18	55	40991	41436	0	581	582	342	281	287	88	4378728128714937	25612715942692053
2305843009213693950	18	55	40991	41436	0	581	582	342	61	79	5	4378728128714937	25612715942692053
144115188075855870	18	55	40991	41436	0	581	582	342	6	3	0	4378728128714937	25612715942692053
6148914691236495	18	55	40991	41436	0	581	582	342	0	0	0	18446744073709551615	18446744073709551615
9223372036854775806	18	56	40991	41867	0	581	603	357	281	288	79	4378728128714937	8795885601060178
2305843009213693950	18	56	40991	41867	0	581	603	357	61	69	6	4378728128714937	8795885601060178
144115188075855870	18	56	40991	41867	0	581	603	357	6	8	0	4378728128714937	8795885601060178
6148914691236495	18	56	40991	41867	0	581	603	357	0	0	0	18446744073709551615	18446744073709551615
9223372036854775806	18	57	40991	55273	0	581	375	209	281	182	48	4378728128714937	57484945731452901
2305843009213693950	18	57	40991	55273	0	581	375	209	61	51	3	4378728128714937	57484945731452901
144115188075855870	18	57	40991	55273	0	581	375	209	6	3	0	4378728128714937	57484945731452901
6148914691236495	18	57	40991	55273	0	581	375	209	0	0	0	18446744073709551615	18446744073709551615
9223372036854775806	18	58	40991	48095	0	581	592	336	281	279	74	4378728128714937	5858463627943568
2305843009213693950	18	58	40991	48095	0	581	592	336	61	78	5	4378728128714937	5858463627943568
144115188075855870	18	58	40991	48095	0	581	592	336	6	5	0	4378728128714937	5858463627943568
6148914691236495	18	58	40991	48095	0	581	592	336	0	0	0	18446744073709551615	18446744073709551615
9223372036854775806	18	59	40991	55964	0	581	246	145	281	121	37	4378728128714937	4794458762861514
2305843009213693950	18	59	40991	55964	0	581	246	145	61	34	4	4378728128714937	4794458762861514
144115188075855870	18	59	40991	55964	0	581	246	145	6	6	0	4378728128714937	4794458762861514
6148914691236495	18	59	40991	55964	0	581	246	145	0	0	0	18446744073709551615	18446744073709551615
9223372036854775806	18	60	40991	33080	0	581	605	341	281	288	73	4378728128714937	21234551346284532
2305843009213693950	18	60	40991	33080	0	581	605	341	61	67	2	4378728128714937	21234551346284532
144115188075855870	18	60	40991	33080	0	581	605	341	6	6	0	4378728128714937	21234551346284532
6148914691236495	18	60	40991	33080	0	581	605	341	0	0	0	18446744073709551615	18446744073709551615
9223372036854775806	18	61	40991	19280	0	581	590	342	281	318	89	4378728128714937	43101032433561777
2305843009213693950	18	61	40991	19280	0	581	590	342	61	71	3	4378728128714937	43101032433561777
144115188075855870	18	61	40991	19280	0	581	590	342	6	3	0	4378728128714937	43101032433561777
6148914691236495	18	61	40991	19280	0	581	590	342	0	0	0	18446744073709551615	18446744073709551615
9223372036854775806	18	62	40991	8703	0	581	586	337	281	295	70	4378728128714937	21265985390459575
2305843009213693950	18	62	40991	8703	0	581	586	337	61	74	3	4378728128714937	21265985390459575
144115188075855870	18	62	40991	8703	0	581	586	337	6	5	0	4378728128714937	21265985390459575
6148914691236495	18	62	40991	8703	0	581	586	337	0	0	0	18446744073709551615	18446744073709551615
9223372036854775806	18	63	40991	18798	0	581	587	342	281	268	75	4378728128714937	15005778287697291
2305843009213693950	18	63	40991	18798	0	581	587	342	61	71	6	4378728128714937	15005778287697291
144115188075855870	18	63	40991	18798	0	581	587	342	6	3	0	4378728128714937	15005778287697291
6148914691236495	18	63	40991	18798	0	581	587	342	0	0	0	18446744073709551615	18446744073709551615
9223372036854775806	19	20	46852	6863	0	596	619	386	272	322	106	1705756778285761	17292185457148032
2305843009213693950	19	20	46852	6863	0	596	619	386	77	81	12	1705756778285761	17292185457148032
144115188075855870	19	20	46852	6863	0	596	619	386	5	2	0	1705756778285761	17292185457148032
6148914691236495	19	20	46852	6863	0	596	619	386	1	0	0	1705756778285761	18446744073709551615
9223372036854775806	19	21	46852	18917	0	596	590	351	272	296	87	1705756778285761	13061327029430687
2305843009213693950	19	21	46852	18917	0	596	590	351	77	66	5	1705756778285761	13061327029430687
144115188075855870	19	21	46852	18917	0	596	590	351	5	5	0	1705756778285761	13061327029430687
6148914691236495	19	21	46852	18917	0	596	590	351	1	0	0	1705756778285761	18446744073709551615
9223372036854775806	19	22	46852	44560	0	596	621	363	272	292	78	1705756778285761	5883336446271408
2305843009213693950	19	22	46852	44560	0	596	621	363	77	83	7	1705756778285761	5883336446271408
144115188075855870	19	22	46852	44560	0	596	621	363	5	6	0	1705756778285761	5883336446271408
6148914691236495	19	22	46852	44560	0	596	621	363	1	0	0	1705756778285761	18446744073709551615
9223372036854775806	19	23	46852	36290	0	596	559	322	272	285	75	1705756778285761	30102744842481255
2305843009213693950	19	23	46852	36290	0	596	559	322	77	73	6	1705756778285761	30102744842481255
144115188075855870	19	23	46852	36290	0	596	559	322	5	7	1	1705756778285761	30102744842481255
6148914691236495	19	23	46852	36290	0	596	559	322	1	0	0	1705756778285761	18446744073709551615
9223372036854775806	19	24	46852	24867	0	596	580	333	272	280	71	1705756778285761	27029469813257164
2305843009213693950	19	24	46852	24867	0	596	580	333	77	77	5	1705756778285761	27029469813257164
144115188075855870	19	24	46852	24867	0	596	580	333	5	3	0	1705756778285761	27029469813257164
6148914691236495	19	24	46852	24867	0	596	580	333	1	0	0	1705756778285761	18446744073709551615
9223372036854775806	19	25	46852	10092	0	596	594	347	272	296	80	1705756778285761	7354267654878491
2305843009213693950	19	25	46852	10092	0	596	594	347	77	90	11	1705756778285761	7354267654878491
144115188075855870	19	25	46852	10092	0	596	594	347	5	4	0	1705756778285761	7354267654878491
6148914691236495	19	25	46852	10092	0	596	594	347	1	0	0	1705756778285761	18446744073709551615
9223372036854775806	19	26	46852	35222	0	596	601	359	272	325	96	1705756778285761	6767251757431065
2305843009213693950	19	26	46852	35222	0	596	601	359	77	91	9	1705756778285761	6767251757431065
144115188075855870	19	26	46852	35222	0	596	601	359	5	7	0	1705756778285761	6767251757431065
6148914691236495	19	26	46852	35222	0	596	601	359	1	0	0	1705756778285761	18446744073709551615
9223372036854775806	19	27	46852	8487	0	596	592	343	272	278	69	1705756778285761	4893775207410366
2305843009213693950	19	27	46852	8487	0	596	592	343	77	69	2	1705756778285761	4893775207410366
144115188075855870	19	27	46852	8487	0	596	592	343	5	5	0	1705756778285761	4893775207410366
6148914691236495	19	27	46852	8487	0	596	592	343	1	0	0	1705756778285761	18446744073709551615
9223372036854775806	19	28	46852	12647	0	596	597	354	272	297	78	1705756778285761	1692374620791229
2305843009213693950	19	28	46852	12647	0	596	597	354	77	82	5	1705756778285761	1692374620791229
144115188075855870	19	28	46852	12647	0	596	597	354	5	10	0	1705756778285761	1692374620791229
6148914691236495	19	28	46852	12647	0	596	597	354	1	2	0	1705756778285761	1692374620791229
9223372036854775806	19	29	46852	10798	0	596	566	333	272	296	76	1705756778285761	20776250396026951
2305843009213693950	19	29	46852	10798	0	596	566	333	77	78	6	1705756778285761	20776250396026951
144115188075855870	19	29	46852	10798	0	596	566	333	5	7	0	1705756778285761	20776250396026951
6148914691236495	19	29	46852	10798	0	596	566	333	1	0	0	1705756778285761	18446744073709551615
9223372036854775806	19	30	46852	25650	0	596	597	348	272	283	71	1705756778285761	3662753934290118
2305843009213693950	19	30	46852	25650	0	596	597	348	77	77	7	1705756778285761	3662753934290118
144115188075855870	19	30	46852	25650	0	596	597	348	5	4	0	1705756778285761	3662753934290118
6148914691236495	19	30	46852	25650	0	596	597	348	1	0	0	1705756778285761	18446744073709551615
9223372036854775806	19	31	46852	34514	0	596	611	364	272	287	81	1705756778285761	6941176516761588
2305843009213693950	19	31	46852	34514	0	596	611	364	77	58	5	1705756778285761	6941176516761588
144115188075855870	19	31	46852	34514	0	596	611	364	5	4	1	1705756778285761	6941176516761588
6148914691236495	19	31	46852	34514	0	596	611	364	1	0	0	1705756778285761	18446744073709551615
9223372036854775806	19	32	46852	8941	0	596	618	371	272	316	78	1705756778285761	41509711107450482
2305843009213693950	19	32	46852	8941	0	596	618	371	77	62	5	1705756778285761	41509711107450482
144115188075855870	19	32	46852	8941	0	596	618	371	5	2	0	1705756778285761	41509711107450482
6148914691236495	19	32	46852	8941	0	596	618	371	1	0	0	1705756778285761	18446744073709551615
9223372036854775806	19	33	46852	18606	0	596	587	342	272	275	65	1705756778285761	853515616737708
2305843009213693950	19	33	46852	18606	0	596	587	342	77	87	4	1705756778285761	853515616737708
144115188075855870	19	33	46852	18606	0	596	587	342	5	5	0	1705756778285761	853515616737708
6148914691236495	19	33	46852	18606	0	596	587	342	1	1	0	1705756778285761	853515616737708
9223372036854775806	19	34	46852	25591	0	596	601	361	272	280	75	1705756778285761	6928079483968818
2305843009213693950	19	34	46852	25591	0	596	601	361	77	79	1	1705756778285761	6928079483968818
144115188075855870	19	34	46852	25591	0	596	601	361	5	7	0	1705756778285761	6928079483968818
6148914691236495	19	34	46852	25591	0	596	601	361	1	0	0	1705756778285761	18446744073709551615
9223372036854775806	19	35	46852	46113	0	596	590	364	272	315	90	1705756778285761	7541477037468554
2305843009213693950	19	35	46852	46113	0	596	590	364	77	87	5	1705756778285761	7541477037468554
144115188075855870	19	35	46852	46113	0	596	590	364	5	5	0	1705756778285761	7541477037468554
6148914691236495	19	35	46852	46113	0	596	590	364	1	0	0	1705756778285761	18446744073709551615
9223372036854775806	19	36	46852	19622	0	596	589	348	272	288	64	1705756778285761	16578064053768791
2305843009213693950	19	36	46852	19622	0	596	589	348	77	66	5	1705756778285761	16578064053768791
144115188075855870	19	36	46852	19622	0	596	589	348	5	7	0	1705756778285761	16578064053768791
6148914691236495	19	36	46852	19622	0	596	589	348	1	0	0	1705756778285761	18446744073709551615
9223372036854775806	19	37	46852	61384	0	596	0	0	272	0	0	1705756778285761	18446744073709551615
2305843009213693950	19	37	46852	61384	0	596	0	0	77	0	0	1705756778285761	18446744073709551615
144115188075855870	19	37	46852	61384	0	596	0	0	5	0	0	1705756778285761	18446744073709551615
6148914691236495	19	37	46852	61384	0	596	0	0	1	0	0	1705756778285761	18446744073709551615
9223372036854775806	19	38	46852	1850	0	596	593	352	272	286	73	1705756778285761	2925841906355596
2305843009213693950	19	38	46852	1850	0	596	593	352	77	71	3	1705756778285761	2925841906355596
144115188075855870	19	38	46852	1850	0	596	593	352	5	2	0	1705756778285761	2925841906355596
6148914691236495	19	38	46852	1850	0	596	593	352	1	1	0	1705756778285761	2925841906355596
9223372036854775806	19	39	46852	49493	0	596	597	348	272	308	90	1705756778285761	2369895518816490
2305843009213693950	19	39	46852	49493	0	596	597	348	77	76	8	1705756778285761	2369895518816490
144115188075855870	19	39	46852	49493	0	596	597	348	5	3	0	1705756778285761	2369895518816490
6148914691236495	19	39	46852	49493	0	596	597	348	1	1	0	1705756778285761	2369895518816490
9223372036854775806	19	40	46852	43652	0	596	575	343	272	278	73	1705756778285761	42882982723515030
2305843009213693950	19	40	46852	43652	0	596	575	343	77	67	3	1705756778285761	42882982723515030
144115188075855870	19	40	46852	43652	0	596	575	343	5	1	0	1705756778285761	42882982723515030
6148914691236495	19	40	46852	43652	0	596	575	343	1	0	0	1705756778285761	18446744073709551615
9223372036854775806	19	41	46852	65253	0	596	0	0	272	0	0	1705756778285761	18446744073709551615
2305843009213693950	19	41	46852	65253	0	596	0	0	77	0	0	1705756778285761	18446744073709551615
144115188075855870	19	41	46852	65253	0	596	0	0	5	0	0	1705756778285761	18446744073709551615
6148914691236495	19	41	46852	65253	0	596	0	0	1	0	0	1705756778285761	18446744073709551615
9223372036854775806	19	42	46852	24016	0	596	582	348	272	278	79	1705756778285761	23566389845982477
2305843009213693950	19	42	46852	24016	0	596	582	348	77	65	1	1705756778285761	23566389845982477
144115188075855870	19	42	46852	24016	0	596	582	348	5	5	0	1705756778285761	23566389845982477
6148914691236495	19	42	46852	24016	0	596	582	348	1	0	0	1705756778285761	18446744073709551615
9223372036854775806	19	43	46852	39014	0	596	577	334	272	286	77	1705756778285761	9614967626582621
2305843009213693950	19	43	46852	39014	0	596	577	334	77	69	6	1705756778285761	9614967626582621
144115188075855870	19	43	46852	39014	0	596	577	334	5	3	0	1705756778285761	9614967626582621
6148914691236495	19	43	46852	39014	0	596	577	334	1	0	0	1705756778285761	18446744073709551615
9223372036854775806	19	44	46852	50585	0	596	573	342	272	297	82	1705756778285761	2197102958816999
2305843009213693950	19	44	46852	50585	0	596	573	342	77	76	4	1705756778285761	2197102958816999
144115188075855870	19	44	46852	50585	0	596	573	342	5	5	0	1705756778285761	2197102958816999
6148914691236495	19	44	46852	50585	0	596	573	342	1	1	0	1705756778285761	2197102958816999
9223372036854775806	19	45	46852	543	0	596	595	345	272	277	73	1705756778285761	3529678978331514
2305843009213693950	19	45	46852	543	0	596	595	345	77	72	6	1705756778285761	3529678978331514
144115188075855870	19	45	46852	543	0	596	595	345	5	5	0	1705756778285761	3529678978331514
6148914691236495	19	45	46852	543	0	596	595	345	1	0	0	1705756778285761	18446744073709551615
9223372036854775806	19	46	46852	28348	0	596	584	350	272	308	99	1705756778285761	7659861853809104
2305843009213693950	19	46	46852	28348	0	596	584	350	77	83	5	1705756778285761	7659861853809104
144115188075855870	19	46	46852	28348	0	596	584	350	5	7	0	1705756778285761	7659861853809104
6148914691236495	19	46	46852	28348	0	596	584	350	1	0	0	1705756778285761	18446744073709551615
9223372036854775806	19	47	46852	36508	0	596	558	337	272	281	82	1705756778285761	5699832315310769
2305843009213693950	19	47	46852	36508	0	596	558	337	77	79	8	1705756778285761	5699832315310769
144115188075855870	19	47	46852	36508	0	596	558	337	5	5	0	1705756778285761	5699832315310769
6148914691236495	19	47	46852	36508	0	596	558	337	1	0	0	1705756778285761	18446744073709551615
9223372036854775806	19	48	46852	10875	0	596	578	332	272	291	76	1705756778285761	25099112878567966
2305843009213693950	19	48	46852	10875	0	596	578	332	77	75	4	1705756778285761	25099112878567966
144115188075855870	19	48	46852	10875	0	596	578	332	5	4	0	1705756778285761	25099112878567966
6148914691236495	19	48	46852	10875	0	596	578	332	1	0	0	1705756778285761	18446744073709551615
9223372036854775806	19	49	46852	34534	0	596	571	344	272	301	82	1705756778285761	1691219382961787
2305843009213693950	19	49	46852	34534	0	596	571	344	77	75	6	1705756778285761	1691219382961787
144115188075855870	19	49	46852	34534	0	596	571	344	5	4	0	1705756778285761	1691219382961787
6148914691236495	19	49	46852	34534	0	596	571	344	1	1	0	1705756778285761	1691219382961787
9223372036854775806	19	50	46852	26791	0	596	623	365	272	301	96	1705756778285761	15400635981762684
2305843009213693950	19	50	46852	26791	0	596	623	365	77	85	11	1705756778285761	15400635981762684
144115188075855870	19	50	46852	26791	0	596	623	365	5	6	0	1705756778285761	15400635981762684
6148914691236495	19	50	46852	26791	0	596	623	365	1	0	0	1705756778285761	18446744073709551615
9223372036854775806	19	51	46852	32876	0	596	586	355	272	292	76	1705756778285761	41742007892017841
2305843009213693950	19	51	46852	32876	0	596	586	355	77	77	2	1705756778285761	41742007892017841
144115188075855870	19	51	46852	32876	0	596	586	355	5	3	0	1705756778285761	41742007892017841
6148914691236495	19	51	46852	32876	0	596	586	355	1	0	0	1705756778285761	18446744073709551615
9223372036854775806	19	52	46852	13804	0	596	574	341	272	300	74	1705756778285761	2790875122670278
2305843009213693950	19	52	46852	13804	0	596	574	341	77	63	4	1705756778285761	2790875122670278
144115188075855870	19	52	46852	13804	0	596	574	341	5	3	0	1705756778285761	2790875122670278
6148914691236495	19	52	46852	13804	0	596	574	341	1	1	0	1705756778285761	2790875122670278
9223372036854775806	19	53	46852	28986	0	596	592	348	272	313	80	1705756778285761	26017863593228402
2305843009213693950	19	53	46852	28986	0	596	592	348	77	67	3	1705756778285761	26017863593228402
144115188075855870	19	53	46852	28986	0	596	592	348	5	5	0	1705756778285761	26017863593228402
6148914691236495	19	53	46852	28986	0	596	592	348	1	0	0	1705756778285761	18446744073709551615
9223372036854775806	19	54	46852	20288	0	596	577	348	272	279	74	1705756778285761	6993834807301157
2305843009213693950	19	54	46852	20288	0	596	577	348	77	77	5	1705756778285761	6993834807301157
144115188075855870	19	54	46852	20288	0	596	577	348	5	2	0	1705756778285761	6993834807301157
6148914691236495	19	54	46852	20288	0	596	577	348	1	0	0	1705756778285761	18446744073709551615
9223372036854775806	19	55	46852	41436	0	596	582	349	272	287	77	1705756778285761	25612715942692053
2305843009213693950	19	55	46852	41436	0	596	582	349	77	79	5	1705756778285761	25612715942692053
144115188075855870	19	55	46852	41436	0	596	582	349	5	3	0	1705756778285761	25612715942692053
6148914691236495	19	55	46852	41436	0	596	582	349	1	0	0	1705756778285761	18446744073709551615
9223372036854775806	19	56	46852	41867	0	596	603	363	272	288	75	1705756778285761	8795885601060178
2305843009213693950	19	56	46852	41867	0	596	603	363	77	69	1	1705756778285761	8795885601060178
144115188075855870	19	56	46852	41867	0	596	603	363	5	8	0	1705756778285761	8795885601060178
6148914691236495	19	56	46852	41867	0	596	603	363	1	0	0	1705756778285761	18446744073709551615
9223372036854775806	19	57	46852	55273	0	596	375	219	272	182	46	1705756778285761	57484945731452901
2305843009213693950	19	57	46852	55273	0	596	375	219	77	51	7	1705756778285761	57484945731452901
144115188075855870	19	57	46852	55273	0	596	375	219	5	3	0	1705756778285761	57484945731452901
6148914691236495	19	57	46852	55273	0	596	375	219	1	0	0	1705756778285761	18446744073709551615
9223372036854775806	19	58	46852	48095	0	596	592	343	272	279	77	1705756778285761	5858463627943568
2305843009213693950	19	58	46852	48095	0	596	592	343	77	78	9	1705756778285761	5858463627943568
144115188075855870	19	58	46852	48095	0	596	592	343	5	5	0	1705756778285761	5858463627943568
6148914691236495	19	58	46852	48095	0	596	592	343	1	0	0	1705756778285761	18446744073709551615
9223372036854775806	19	59	46852	55964	0	596	246	139	272	121	24	1705756778285761	4794458762861514
2305843009213693950	19	59	46852	55964	0	596	246	139	77	34	1	1705756778285761	4794458762861514
144115188075855870	19	59	46852	55964	0	596	246	139	5	6	0	1705756778285761	4794458762861514
6148914691236495	19	59	46852	55964	0	596	246	139	1	0	0	1705756778285761	18446744073709551615
9223372036854775806	19	60	46852	33080	0	596	605	355	272	288	80	1705756778285761	21234551346284532
2305843009213693950	19	60	46852	33080	0	596	605	355	77	67	5	1705756778285761	21234551346284532
144115188075855870	19	60	46852	33080	0	596	605	355	5	6	0	1705756778285761	21234551346284532
6148914691236495	19	60	46852	33080	0	596	605	355	1	0	0	1705756778285761	18446744073709551615
9223372036854775806	19	61	46852	19280	0	596	590	356	272	318	79	1705756778285761	43101032433561777
2305843009213693950	19	61	46852	19280	0	596	590	356	77	71	7	1705756778285761	43101032433561777
144115188075855870	19	61	46852	19280	0	596	590	356	5	3	0	1705756778285761	43101032433561777
6148914691236495	19	61	46852	19280	0	596	590	356	1	0	0	1705756778285761	18446744073709551615
9223372036854775806	19	62	46852	8703	0	596	586	348	272	295	77	1705756778285761	21265985390459575
2305843009213693950	19	62	46852	8703	0	596	586	348	77	74	11	1705756778285761	21265985390459575
144115188075855870	19	62	46852	8703	0	596	586	348	5	5	0	1705756778285761	21265985390459575
6148914691236495	19	62	46852	8703	0	596	586	348	1	0	0	1705756778285761	18446744073709551615
9223372036854775806	19	63	46852	18798	0	596	587	349	272	268	77	1705756778285761	15005778287697291
2305843009213693950	19	63	46852	18798	0	596	587	349	77	71	6	1705756778285761	15005778287697291
144115188075855870	19	63	46852	18798	0	596	587	349	5	3	0	1705756778285761	15005778287697291
6148914691236495	19	63	46852	18798	0	596	587	349	1	0	0	1705756778285761	18446744073709551615
9223372036854775806	20	21	6863	18917	0	619	590	363	322	296	100	17292185457148032	13061327029430687
2305843009213693950	20	21	6863	18917	0	619	590	363	81	66	4	17292185457148032	13061327029430687
144115188075855870	20	21	6863	18917	0	619	590	363	2	5	0	17292185457148032	13061327029430687
6148914691236495	20	21	6863	18917	0	619	590	363	0	0	0	18446744073709551615	18446744073709551615
9223372036854775806	20	22	6863	44560	0	619	621	388	322	292	96	17292185457148032	5883336446271408
2305843009213693950	20	22	6863	44560	0	619	621	388	81	83	6	17292185457148032	5883336446271408
144115188075855870	20	22	6863	44560	0	619	621	388	2	6	0	17292185457148032	5883336446271408
6148914691236495	20	22	6863	44560	0	619	621	388	0	0	0	18446744073709551615	18446744073709551615
9223372036854775806	20	23	6863	36290	0	619	559	351	322	285	94	17292185457148032	30102744842481255
2305843009213693950	20	23	6863	36290	0	619	559	351	81	73	4	17292185457148032	30102744842481255
144115188075855870	20	23	6863	36290	0	619	559	351	2	7	0	17292185457148032	30102744842481255
6148914691236495	20	23	6863	36290	0	619	559	351	0	0	0	18446744073709551615	18446744073709551615
9223372036854775806	20	24	6863	24867	0	619	580	346	322	280	87	17292185457148032	27029469813257164
2305843009213693950	20	24	6863	24867	0	619	580	346	81	77	5	17292185457148032	27029469813257164
144115188075855870	20	24	6863	24867	0	619	580	346	2	3	0	17292185457148032	27029469813257164
6148914691236495	20	24	6863	24867	0	619	580	346	0	0	0	18446744073709551615	18446744073709551615
9223372036854775806	20	25	6863	10092	0	619	594	379	322	296	106	17292185457148032	7354267654878491
2305843009213693950	20	25	6863	10092	0	619	594	379	81	90	8	17292185457148032	7354267654878491
144115188075855870	20	25	6863	10092	0	619	594	379	2	4	0	17292185457148032	7354267654878491
6148914691236495	20	25	6863	10092	0	619	594	379	0	0	0	18446744073709551615	18446744073709551615
9223372036854775806	20	26	6863	35222	0	619	601	373	322	325	101	17292185457148032	6767251757431065
2305843009213693950	20	26	6863	35222	0	619	601	373	81	91	10	17292185457148032	6767251757431065
144115188075855870	20	26	6863	35222	0	619	601	373	2	7	0	17292185457148032	6767251757431065
6148914691236495	20	26	6863	35222	0	619	601	373	0	0	0	18446744073709551615	18446744073709551615
9223372036854775806	20	27	6863	8487	0	619	592	385	322	278	100	17292185457148032	4893775207410366
2305843009213693950	20	27	6863	8487	0	619	592	385	81	69	6	17292185457148032	4893775207410366
144115188075855870	20	27	6863	8487	0	619	592	385	2	5	0	17292185457148032	4893775207410366
6148914691236495	20	27	6863	8487	0	619	592	385	0	0	0	18446744073709551615	18446744073709551615
9223372036854775806	20	28	6863	12647	0	619	597	370	322	297	92	17292185457148032	1692374620791229
2305843009213693950	20	28	6863	12647	0	619	597	370	81	82	2	17292185457148032	1692374620791229
144115188075855870	20	28	6863	12647	0	619	597	370	2	10	0	17292185457148032	1692374620791229
6148914691236495	20	28	6863	12647	0	619	597	370	0	2	0	18446744073709551615	1692374620791229
9223372036854775806	20	29	6863	10798	0	619	566	343	322	296	89	17292185457148032	20776250396026951
2305843009213693950	20	29	6863	10798	0	619	566	343	81	78	6	17292185457148032	20776250396026951
144115188075855870	20	29	6863	10798	0	619	566	343	2	7	0	17292185457148032	20776250396026951
6148914691236495	20	29	6863	10798	0	619	566	343	0	0	0	18446744073709551615	18446744073709551615
9223372036854775806	20	30	6863	25650	0	619	597	368	322	283	91	17292185457148032	3662753934290118
2305843009213693950	20	30	6863	25650	0	619	597	368	81	77	4	17292185457148032	3662753934290118
144115188075855870	20	30	6863	25650	0	619	597	368	2	4	0	17292185457148032	3662753934290118
6148914691236495	20	30	6863	25650	0	619	597	368	0	0	0	18446744073709551615	18446744073709551615
9223372036854775806	20	31	6863	34514	0	619	611	374	322	287	89	17292185457148032	6941176516761588
2305843009213693950	20	31	6863	34514	0	619	611	374	81	58	2	17292185457148032	6941176516761588
144115188075855870	20	31	6863	34514	0	619	611	374	2	4	1	17292185457148032	6941176516761588
6148914691236495	20	31	6863	34514	0	619	611	374	0	0	0	18446744073709551615	18446744073709551615
9223372036854775806	20	32	6863	8941	0	619	618	390	322	316	109	17292185457148032	41509711107450482
2305843009213693950	20	32	6863	8941	0	619	618	390	81	62	6	17292185457148032	41509711107450482
144115188075855870	20	32	6863	8941	0	619	618	390	2	2	0	17292185457148032	41509711107450482
6148914691236495	20	32	6863	8941	0	619	618	390	0	0	0	18446744073709551615	18446744073709551615
9223372036854775806	20	33	6863	18606	0	619	587	366	322	275	88	17292185457148032	853515616737708
2305843009213693950	20	33	6863	18606	0	619	587	366	81	87	8	17292185457148032	853515616737708
144115188075855870	20	33	6863	18606	0	619	587	366	2	5	0	17292185457148032	853515616737708
6148914691236495	20	33	6863	18606	0	619	587	366	0	1	0	18446744073709551615	853515616737708
9223372036854775806	20	34	6863	25591	0	619	601	369	322	280	99	17292185457148032	6928079483968818
2305843009213693950	20	34	6863	25591	0	619	601	369	81	79	5	17292185457148032	6928079483968818
144115188075855870	20	34	6863	25591	0	619	601	369	2	7	0	17292185457148032	6928079483968818
6148914691236495	20	34	6863	25591	0	619	601	369	0	0	0	18446744073709551615	18446744073709551615
9223372036854775806	20	35	6863	46113	0	619	590	352	322	315	94	17292185457148032	7541477037468554
2305843009213693950	20	35	6863	46113	0	619	590	352	81	87	9	17292185457148032	7541477037468554
144115188075855870	20	35	6863	46113	0	619	590	352	2	5	0	17292185457148032	7541477037468554
6148914691236495	20	35	6863	46113	0	619	590	352	0	0	0	18446744073709551615	18446744073709551615
9223372036854775806	20	36	6863	19622	0	619	589	369	322	288	99	17292185457148032	16578064053768791
2305843009213693950	20	36	6863	19622	0	619	589	369	81	66	4	17292185457148032	16578064053768791
144115188075855870	20	36	6863	19622	0	619	589	369	2	7	0	17292185457148032	16578064053768791
6148914691236495	20	36	6863	19622	0	619	589	369	0	0	0	18446744073709551615	18446744073709551615
9223372036854775806	20	37	6863	61384	0	619	0	0	322	0	0	17292185457148032	18446744073709551615
2305843009213693950	20	37	6863	61384	0	619	0	0	81	0	0	17292185457148032	18446744073709551615
144115188075855870	20	37	6863	61384	0	619	0	0	2	0	0	17292185457148032	18446744073709551615
6148914691236495	20	37	6863	61384	0	619	0	0	0	0	0	18446744073709551615	18446744073709551615
9223372036854775806	20	38	6863	1850	0	619	593	368	322	286	97	17292185457148032	2925841906355596
2305843009213693950	20	38	6863	1850	0	619	593	368	81	71	4	17292185457148032	2925841906355596
144115188075855870	20	38	6863	1850	0	619	593	368	2	2	0	17292185457148032	2925841906355596
6148914691236495	20	38	6863	1850	0	619	593	368	0	1	0	18446744073709551615	2925841906355596
9223372036854775806	20	39	6863	49493	0	619	597	375	322	308	94	17292185457148032	2369895518816490
2305843009213693950	20	39	6863	49493	0	619	597	375	81	76	6	17292185457148032	2369895518816490
144115188075855870	20	39	6863	49493	0	619	597	375	2	3	0	17292185457148032	2369895518816490
6148914691236495	20	39	6863	49493	0	619	597	375	0	1	0	18446744073709551615	2369895518816490
9223372036854775806	20	40	6863	43652	0	619	575	351	322	278	97	17292185457148032	42882982723515030
2305843009213693950	20	40	6863	43652	0	619	575	351	81	67	4	17292185457148032	42882982723515030
144115188075855870	20	40	6863	43652	0	619	575	351	2	1	0	17292185457148032	42882982723515030
6148914691236495	20	40	6863	43652	0	619	575	351	0	0	0	18446744073709551615	18446744073709551615
9223372036854775806	20	41	6863	65253	0	619	0	0	322	0	0	17292185457148032	18446744073709551615
2305843009213693950	20	41	6863	65253	0	619	0	0	81	0	0	17292185457148032	18446744073709551615
144115188075855870	20	41	6863	65253	0	619	0	0	2	0	0	17292185457148032	18446744073709551615
6148914691236495	20	41	6863	65253	0	619	0	0	0	0	0	18446744073709551615	18446744073709551615
9223372036854775806	20	42	6863	24016	0	619	582	342	322	278	96	17292185457148032	23566389845982477
2305843009213693950	20	42	6863	24016	0	619	582	342	81	65	4	17292185457148032	23566389845982477
144115188075855870	20	42	6863	24016	0	619	582	342	2	5	0	17292185457148032	23566389845982477
6148914691236495	20	42	6863	24016	0	619	582	342	0	0	0	18446744073709551615	18446744073709551615
9223372036854775806	20	43	6863	39014	0	619	577	346	322	286	85	17292185457148032	9614967626582621
2305843009213693950	20	43	6863	39014	0	619	577	346	81	69	6	17292185457148032	9614967626582621
144115188075855870	20	43	6863	39014	0	619	577	346	2	3	0	17292185457148032	9614967626582621
6148914691236495	20	43	6863	39014	0	619	577	346	0	0	0	18446744073709551615	18446744073709551615
9223372036854775806	20	44	6863	50585	0	619	573	360	322	297	94	17292185457148032	2197102958816999
2305843009213693950	20	44	6863	50585	0	619	573	360	81	76	1	17292185457148032	2197102958816999
144115188075855870	20	44	6863	50585	0	619	573	360	2	5	0	17292185457148032	2197102958816999
6148914691236495	20	44	6863	50585	0	619	573	360	0	1	0	18446744073709551615	2197102958816999
9223372036854775806	20	45	6863	543	0	619	595	364	322	277	93	17292185457148032	3529678978331514
2305843009213693950	20	45	6863	543	0	619	595	364	81	72	8	17292185457148032	3529678978331514
144115188075855870	20	45	6863	543	0	619	595	364	2	5	0	17292185457148032	3529678978331514
6148914691236495	20	45	6863	543	0	619	595	364	0	0	0	18446744073709551615	18446744073709551615
9223372036854775806	20	46	6863	28348	0	619	584	361	322	308	98	17292185457148032	7659861853809104
2305843009213693950	20	46	6863	28348	0	619	584	361	81	83	6	17292185457148032	7659861853809104
144115188075855870	20	46	6863	28348	0	619	584	361	2	7	0	17292185457148032	7659861853809104
6148914691236495	20	46	6863	28348	0	619	584	361	0	0	0	18446744073709551615	18446744073709551615
9223372036854775806	20	47	6863	36508	0	619	558	350	322	281	84	17292185457148032	5699832315310769
2305843009213693950	20	47	6863	36508	0	619	558	350	81	79	5	17292185457148032	5699832315310769
144115188075855870	20	47	6863	36508	0	619	558	350	2	5	0	17292185457148032	5699832315310769
6148914691236495	20	47	6863	36508	0	619	558	350	0	0	0	18446744073709551615	18446744073709551615
9223372036854775806	20	48	6863	10875	0	619	578	355	322	291	93	17292185457148032	25099112878567966
2305843009213693950	20	48	6863	10875	0	619	578	355	81	75	7	17292185457148032	25099112878567966
144115188075855870	20	48	6863	10875	0	619	578	355	2	4	0	17292185457148032	25099112878567966
6148914691236495	20	48	6863	10875	0	619	578	355	0	0	0	18446744073709551615	18446744073709551615
9223372036854775806	20	49	6863	34534	0	619	571	358	322	301	102	17292185457148032	1691219382961787
2305843009213693950	20	49	6863	34534	0	619	571	358	81	75	8	17292185457148032	1691219382961787
144115188075855870	20	49	6863	34534	0	619	571	358	2	4	0	17292185457148032	1691219382961787
6148914691236495	20	49	6863	34534	0	619	571	358	0	1	0	18446744073709551615	1691219382961787
9223372036854775806	20	50	6863	26791	0	619	623	384	322	301	98	17292185457148032	15400635981762684
2305843009213693950	20	50	6863	26791	0	619	623	384	81	85	7	17292185457148032	15400635981762684
144115188075855870	20	50	6863	26791	0	619	623	384	2	6	0	17292185457148032	15400635981762684
6148914691236495	20	50	6863	26791	0	619	623	384	0	0	0	18446744073709551615	18446744073709551615
9223372036854775806	20	51	6863	32876	0	619	586	351	322	292	87	17292185457148032	41742007892017841
2305843009213693950	20	51	6863	32876	0	619	586	351	81	77	5	17292185457148032	41742007892017841
144115188075855870	20	51	6863	32876	0	619	586	351	2	3	0	17292185457148032	41742007892017841
6148914691236495	20	51	6863	32876	0	619	586	351	0	0	0	18446744073709551615	18446744073709551615
9223372036854775806	20	52	6863	13804	0	619	574	363	322	300	104	17292185457148032	2790875122670278
2305843009213693950	20	52	6863	13804	0	619	574	363	81	63	4	17292185457148032	2790875122670278
144115188075855870	20	52	6863	13804	0	619	574	363	2	3	0	17292185457148032	2790875122670278
6148914691236495	20	52	6863	13804	0	619	574	363	0	1	0	18446744073709551615	2790875122670278
9223372036854775806	20	53	6863	28986	0	619	592	380	322	313	96	17292185457148032	26017863593228402
2305843009213693950	20	53	6863	28986	0	619	592	380	81	67	6	17292185457148032	26017863593228402
144115188075855870	20	53	6863	28986	0	619	592	380	2	5	0	17292185457148032	26017863593228402
6148914691236495	20	53	6863	28986	0	619	592	380	0	0	0	18446744073709551615	18446744073709551615
9223372036854775806	20	54	6863	20288	0	619	577	347	322	279	81	17292185457148032	6993834807301157
2305843009213693950	20	54	6863	20288	0	619	577	347	81	77	4	17292185457148032	6993834807301157
144115188075855870	20	54	6863	20288	0	619	577	347	2	2	0	17292185457148032	6993834807301157
6148914691236495	20	54	6863	20288	0	619	577	347	0	0	0	18446744073709551615	18446744073709551615
9223372036854775806	20	55	6863	41436	0	619	582	357	322	287	96	17292185457148032	25612715942692053
2305843009213693950	20	55	6863	41436	0	619	582	357	81	79	8	17292185457148032	25612715942692053
144115188075855870	20	55	6863	41436	0	619	582	357	2	3	0	17292185457148032	25612715942692053
6148914691236495	20	55	6863	41436	0	619	582	357	0	0	0	18446744073709551615	18446744073709551615
9223372036854775806	20	56	6863	41867	0	619	603	376	322	288	101	17292185457148032	8795885601060178
2305843009213693950	20	56	6863	41867	0	619	603	376	81	69	5	17292185457148032	8795885601060178
144115188075855870	20	56	6863	41867	0	619	603	376	2	8	0	17292185457148032	8795885601060178
6148914691236495	20	56	6863	41867	0	619	603	376	0	0	0	18446744073709551615	18446744073709551615
9223372036854775806	20	57	6863	55273	0	619	375	234	322	182	49	17292185457148032	57484945731452901
2305843009213693950	20	57	6863	55273	0	619	375	234	81	51	2	17292185457148032	57484945731452901
144115188075855870	20	57	6863	55273	0	619	375	234	2	3	0	17292185457148032	57484945731452901
6148914691236495	20	57	6863	55273	0	619	375	234	0	0	0	18446744073709551615	18446744073709551615
9223372036854775806	20	58	6863	48095	0	619	592	364	322	279	87	17292185457148032	5858463627943568
2305843009213693950	20	58	6863	48095	0	619	592	364	81	78	13	17292185457148032	5858463627943568
144115188075855870	20	58	6863	48095	0	619	592	364	2	5	0	17292185457148032	5858463627943568
6148914691236495	20	58	6863	48095	0	619	592	364	0	0	0	18446744073709551615	18446744073709551615
9223372036854775806	20	59	6863	55964	0	619	246	146	322	121	34	17292185457148032	4794458762861514
2305843009213693950	20	59	6863	55964	0	619	246	146	81	34	3	17292185457148032	4794458762861514
144115188075855870	20	59	6863	55964	0	619	246	146	2	6	0	17292185457148032	4794458762861514
6148914691236495	20	59	6863	55964	0	619	246	146	0	0	0	18446744073709551615	18446744073709551615
9223372036854775806	20	60	6863	33080	0	619	605	375	322	288	89	17292185457148032	21234551346284532
2305843009213693950	20	60	6863	33080	0	619	605	375	81	67	4	17292185457148032	21234551346284532
144115188075855870	20	60	6863	33080	0	619	605	375	2	6	0	17292185457148032	21234551346284532
6148914691236495	20	60	6863	33080	0	619	605	375	0	0	0	18446744073709551615	18446744073709551615
9223372036854775806	20	61	6863	19280	0	619	590	357	322	318	99	17292185457148032	43101032433561777
2305843009213693950	20	61	6863	19280	0	619	590	357	81	71	3	17292185457148032	43101032433561777
144115188075855870	20	61	6863	19280	0	619	590	357	2	3	0	17292185457148032	43101032433561777
6148914691236495	20	61	6863	19280	0	619	590	357	0	0	0	18446744073709551615	18446744073709551615
9223372036854775806	20	62	6863	8703	0	619	586	355	322	295	102	17292185457148032	21265985390459575
2305843009213693950	20	62	6863	8703	0	619	586	355	81	74	8	17292185457148032	21265985390459575
144115188075855870	20	62	6863	8703	0	619	586	355	2	5	0	17292185457148032	21265985390459575
6148914691236495	20	62	6863	8703	0	619	586	355	0	0	0	18446744073709551615	18446744073709551615
9223372036854775806	20	63	6863	18798	0	619	587	363	322	268	80	17292185457148032	15005778287697291
2305843009213693950	20	63	6863	18798	0	619	587	363	81	71	5	17292185457148032	15005778287697291
144115188075855870	20	63	6863	18798	0	619	587	363	2	3	0	17292185457148032	15005778287697291
6148914691236495	20	63	6863	18798	0	619	587	363	0	0	0	18446744073709551615	18446744073709551615
9223372036854775806	21	22	18917	44560	0	590	621	375	296	292	87	13061327029430687	5883336446271408
2305843009213693950	21	22	18917	44560	0	590	621	375	66	83	2	13061327029430687	5883336446271408
144115188075855870	21	22	18917	44560	0	590	621	375	5	6	0	13061327029430687	5883336446271408
6148914691236495	21	22	18917	44560	0	590	621	375	0	0	0	18446744073709551615	18446744073709551615
9223372036854775806	21	23	18917	36290	0	590	559	331	296	285	95	13061327029430687	30102744842481255
2305843009213693950	21	23	18917	36290	0	590	559	331	66	73	7	13061327029430687	30102744842481255
144115188075855870	21	23	18917	36290	0	590	559	331	5	7	0	13061327029430687	30102744842481255
6148914691236495	21	23	18917	36290	0	590	559	331	0	0	0	18446744073709551615	18446744073709551615
9223372036854775806	21	24	18917	24867	0	590	580	335	296	280	84	13061327029430687	27029469813257164
2305843009213693950	21	24	18917	24867	0	590	580	335	66	77	7	13061327029430687	27029469813257164
144115188075855870	21	24	18917	24867	0	590	580	335	5	3	0	13061327029430687	27029469813257164
6148914691236495	21	24	18917	24867	0	590	580	335	0	0	0	18446744073709551615	18446744073709551615
9223372036854775806	21	25	18917	10092	0	590	594	331	296	296	77	13061327029430687	7354267654878491
2305843009213693950	21	25	18917	10092	0	590	594	331	66	90	3	13061327029430687	7354267654878491
144115188075855870	21	25	18917	10092	0	590	594	331	5	4	0	13061327029430687	7354267654878491
6148914691236495	21	25	18917	10092	0	590	594	331	0	0	0	18446744073709551615	18446744073709551615
9223372036854775806	21	26	18917	35222	0	590	601	355	296	325	99	13061327029430687	6767251757431065
2305843009213693950	21	26	18917	35222	0	590	601	355	66	91	7	13061327029430687	6767251757431065
144115188075855870	21	26	18917	35222	0	590	601	355	5	7	0	13061327029430687	6767251757431065
6148914691236495	21	26	18917	35222	0	590	601	355	0	0	0	18446744073709551615	18446744073709551615
9223372036854775806	21	27	18917	8487	0	590	592	350	296	278	87	13061327029430687	4893775207410366
2305843009213693950	21	27	18917	8487	0	590	592	350	66	69	4	13061327029430687	4893775207410366
144115188075855870	21	27	18917	8487	0	590	592	350	5	5	0	13061327029430687	4893775207410366
6148914691236495	21	27	18917	8487	0	590	592	350	0	0	0	18446744073709551615	18446744073709551615
9223372036854775806	21	28	18917	12647	0	590	597	345	296	297	93	13061327029430687	1692374620791229
2305843009213693950	21	28	18917	12647	0	590	597	345	66	82	6	13061327029430687	1692374620791229
144115188075855870	21	28	18917	12647	0	590	597	345	5	10	0	13061327029430687	1692374620791229
6148914691236495	21	28	18917	12647	0	590	597	345	0	2	0	18446744073709551615	1692374620791229
9223372036854775806	21	29	18917	10798	0	590	566	348	296	296	93	13061327029430687	20776250396026951
2305843009213693950	21	29	18917	10798	0	590	566	348	66	78	2	13061327029430687	20776250396026951
144115188075855870	21	29	18917	10798	0	590	566	348	5	7	0	13061327029430687	20776250396026951
6148914691236495	21	29	18917	10798	0	590	566	348	0	0	0	18446744073709551615	18446744073709551615
9223372036854775806	21	30	18917	25650	0	590	597	346	296	283	82	13061327029430687	3662753934290118
2305843009213693950	21	30	18917	25650	0	590	597	346	66	77	6	13061327029430687	3662753934290118
144115188075855870	21	30	18917	25650	0	590	597	346	5	4	0	13061327029430687	3662753934290118
6148914691236495	21	30	18917	25650	0	590	597	346	0	0	0	18446744073709551615	18446744073709551615
9223372036854775806	21	31	18917	34514	0	590	611	360	296	287	85	13061327029430687	6941176516761588
2305843009213693950	21	31	18917	34514	0	590	611	360	66	58	2	13061327029430687	6941176516761588
144115188075855870	21	31	18917	34514	0	590	611	360	5	4	0	13061327029430687	6941176516761588
6148914691236495	21	31	18917	34514	0	590	611	360	0	0	0	18446744073709551615	18446744073709551615
9223372036854775806	21	32	18917	8941	0	590	618	367	296	316	92	13061327029430687	41509711107450482
2305843009213693950	21	32	18917	8941	0	590	618	367	66	62	6	13061327029430687	41509711107450482
144115188075855870	21	32	18917	8941	0	590	618	367	5	2	0	13061327029430687	41509711107450482
6148914691236495	21	32	18917	8941	0	590	618	367	0	0	0	18446744073709551615	18446744073709551615
9223372036854775806	21	33	18917	18606	0	590	587	332	296	275	88	13061327029430687	853515616737708
2305843009213693950	21	33	18917	18606	0	590	587	332	66	87	7	13061327029430687	853515616737708
144115188075855870	21	33	18917	18606	0	590	587	332	5	5	0	13061327029430687	853515616737708
6148914691236495	21	33	18917	18606	0	590	587	332	0	1	0	18446744073709551615	853515616737708
9223372036854775806	21	34	18917	25591	0	590	601	368	296	280	90	13061327029430687	6928079483968818
2305843009213693950	21	34	18917	25591	0	590	601	368	66	79	4	13061327029430687	6928079483968818
144115188075855870	21	34	18917	25591	0	590	601	368	5	7	0	13061327029430687	6928079483968818
6148914691236495	21	34	18917	25591	0	590	601	368	0	0	0	18446744073709551615	18446744073709551615
9223372036854775806	21	35	18917	46113	0	590	590	347	296	315	83	13061327029430687	7541477037468554
2305843009213693950	21	35	18917	46113	0	590	590	347	66	87	6	13061327029430687	7541477037468554
144115188075855870	21	35	18917	46113	0	590	590	347	5	5	0	13061327029430687	7541477037468554
6148914691236495	21	35	18917	46113	0	590	590	347	0	0	0	18446744073709551615	18446744073709551615
9223372036854775806	21	36	18917	19622	0	590	589	349	296	288	86	13061327029430687	16578064053768791
2305843009213693950	21	36	18917	19622	0	590	589	349	66	66	5	13061327029430687	16578064053768791
144115188075855870	21	36	18917	19622	0	590	589	349	5	7	0	13061327029430687	16578064053768791
6148914691236495	21	36	18917	19622	0	590	589	349	0	0	0	18446744073709551615	18446744073709551615
9223372036854775806	21	37	18917	61384	0	590	0	0	296	0	0	13061327029430687	18446744073709551615
2305843009213693950	21	37	18917	61384	0	590	0	0	66	0	0	13061327029430687	18446744073709551615
144115188075855870	21	37	18917	61384	0	590	0	0	5	0	0	13061327029430687	18446744073709551615
6148914691236495	21	37	18917	61384	0	590	0	0	0	0	0	18446744073709551615	18446744073709551615
9223372036854775806	21	38	18917	1850	0	590	593	348	296	286	87	13061327029430687	2925841906355596
2305843009213693950	21	38	18917	1850	0	590	593	348	66	71	3	13061327029430687	2925841906355596
144115188075855870	21	38	18917	1850	0	590	593	348	5	2	0	13061327029430687	2925841906355596
6148914691236495	21	38	18917	1850	0	590	593	348	0	1	0	18446744073709551615	2925841906355596
9223372036854775806	21	39	18917	49493	0	590	597	357	296	308	89	13061327029430687	2369895518816490
2305843009213693950	21	39	18917	49493	0	590	597	357	66	76	7	13061327029430687	2369895518816490
144115188075855870	21	39	18917	49493	0	590	597	357	5	3	0	13061327029430687	2369895518816490
6148914691236495	21	39	18917	49493	0	590	597	357	0	1	0	18446744073709551615	2369895518816490
9223372036854775806	21	40	18917	43652	0	590	575	366	296	278	98	13061327029430687	42882982723515030
2305843009213693950	21	40	18917	43652	0	590	575	366	66	67	7	13061327029430687	42882982723515030
144115188075855870	21	40	18917	43652	0	590	575	366	5	1	0	13061327029430687	42882982723515030
6148914691236495	21	40	18917	43652	0	590	575	366	0	0	0	18446744073709551615	18446744073709551615
9223372036854775806	21	41	18917	65253	0	590	0	0	296	0	0	13061327029430687	18446744073709551615
2305843009213693950	21	41	18917	65253	0	590	0	0	66	0	0	13061327029430687	18446744073709551615
144115188075855870	21	41	18917	65253	0	590	0	0	5	0	0	13061327029430687	18446744073709551615
6148914691236495	21	41	18917	65253	0	590	0	0	0	0	0	18446744073709551615	18446744073709551615
9223372036854775806	21	42	18917	24016	0	590	582	351	296	278	82	13061327029430687	23566389845982477
2305843009213693950	21	42	18917	24016	0	590	582	351	66	65	4	13061327029430687	23566389845982477
144115188075855870	21	42	18917	24016	0	590	582	351	5	5	0	13061327029430687	23566389845982477
6148914691236495	21	42	18917	24016	0	590	582	351	0	0	0	18446744073709551615	18446744073709551615
9223372036854775806	21	43	18917	39014	0	590	577	343	296	286	90	13061327029430687	9614967626582621
2305843009213693950	21	43	18917	39014	0	590	577	343	66	69	4	13061327029430687	9614967626582621
144115188075855870	21	43	18917	39014	0	590	577	343	5	3	0	13061327029430687	9614967626582621
6148914691236495	21	43	18917	39014	0	590	577	343	0	0	0	18446744073709551615	18446744073709551615
9223372036854775806	21	44	18917	50585	0	590	573	332	296	297	85	13061327029430687	2197102958816999
2305843009213693950	21	44	18917	50585	0	590	573	332	66	76	9	13061327029430687	2197102958816999
144115188075855870	21	44	18917	50585	0	590	573	332	5	5	0	13061327029430687	2197102958816999
6148914691236495	21	44	18917	50585	0	590	573	332	0	1	0	18446744073709551615	2197102958816999
9223372036854775806	21	45	18917	543	0	590	595	353	296	277	76	13061327029430687	3529678978331514
2305843009213693950	21	45	18917	543	0	590	595	353	66	72	5	13061327029430687	3529678978331514
144115188075855870	21	45	18917	543	0	590	595	353	5	5	0	13061327029430687	3529678978331514
6148914691236495	21	45	18917	543	0	590	595	353	0	0	0	18446744073709551615	18446744073709551615
9223372036854775806	21	46	18917	28348	0	590	584	344	296	308	84	13061327029430687	7659861853809104
2305843009213693950	21	46	18917	28348	0	590	584	344	66	83	6	13061327029430687	7659861853809104
144115188075855870	21	46	18917	28348	0	590	584	344	5	7	0	13061327029430687	7659861853809104
6148914691236495	21	46	18917	28348	0	590	584	344	0	0	0	18446744073709551615	18446744073709551615
9223372036854775806	21	47	18917	36508	0	590	558	333	296	281	76	13061327029430687	5699832315310769
2305843009213693950	21	47	18917	36508	0	590	558	333	66	79	5	13061327029430687	5699832315310769
144115188075855870	21	47	18917	36508	0	590	558	333	5	5	0	13061327029430687	5699832315310769
6148914691236495	21	47	18917	36508	0	590	558	333	0	0	0	18446744073709551615	18446744073709551615
9223372036854775806	21	48	18917	10875	0	590	578	357	296	291	97	13061327029430687	25099112878567966
2305843009213693950	21	48	18917	10875	0	590	578	357	66	75	5	13061327029430687	25099112878567966
144115188075855870	21	48	18917	10875	0	590	578	357	5	4	0	13061327029430687	25099112878567966
6148914691236495	21	48	18917	10875	0	590	578	357	0	0	0	18446744073709551615	18446744073709551615
9223372036854775806	21	49	18917	34534	0	590	571	345	296	301	96	13061327029430687	1691219382961787
2305843009213693950	21	49	18917	34534	0	590	571	345	66	75	5	13061327029430687	1691219382961787
144115188075855870	21	49	18917	34534	0	590	571	345	5	4	0	13061327029430687	1691219382961787
6148914691236495	21	49	18917	34534	0	590	571	345	0	1	0	18446744073709551615	1691219382961787
9223372036854775806	21	50	18917	26791	0	590	623	369	296	301	78	13061327029430687	15400635981762684
2305843009213693950	21	50	18917	26791	0	590	623	369	66	85	4	13061327029430687	15400635981762684
144115188075855870	21	50	18917	26791	0	590	623	369	5	6	0	13061327029430687	15400635981762684
6148914691236495	21	50	18917	26791	0	590	623	369	0	0	0	18446744073709551615	18446744073709551615
9223372036854775806	21	51	18917	32876	0	590	586	339	296	292	77	13061327029430687	41742007892017841
2305843009213693950	21	51	18917	32876	0	590	586	339	66	77	3	13061327029430687	41742007892017841
144115188075855870	21	51	18917	32876	0	590	586	339	5	3	0	13061327029430687	41742007892017841
6148914691236495	21	51	18917	32876	0	590	586	339	0	0	0	18446744073709551615	18446744073709551615
9223372036854775806	21	52	18917	13804	0	590	574	336	296	300	85	13061327029430687	2790875122670278
2305843009213693950	21	52	18917	13804	0	590	574	336	66	63	1	13061327029430687	2790875122670278
144115188075855870	21	52	18917	13804	0	590	574	336	5	3	0	13061327029430687	2790875122670278
6148914691236495	21	52	18917	13804	0	590	574	336	0	1	0	18446744073709551615	2790875122670278
9223372036854775806	21	53	18917	28986	0	590	592	341	296	313	94	13061327029430687	26017863593228402
2305843009213693950	21	53	18917	28986	0	590	592	341	66	67	3	13061327029430687	26017863593228402
144115188075855870	21	53	18917	28986	0	590	592	341	5	5	0	13061327029430687	26017863593228402
6148914691236495	21	53	18917	28986	0	590	592	341	0	0	0	18446744073709551615	18446744073709551615
9223372036854775806	21	54	18917	20288	0	590	577	343	296	279	83	13061327029430687	6993834807301157
2305843009213693950	21	54	18917	20288	0	590	577	343	66	77	4	13061327029430687	6993834807301157
144115188075855870	21	54	18917	20288	0	590	577	343	5	2	0	13061327029430687	6993834807301157
6148914691236495	21	54	18917	20288	0	590	577	343	0	0	0	18446744073709551615	18446744073709551615
9223372036854775806	21	55	18917	41436	0	590	582	337	296	287	86	13061327029430687	25612715942692053
2305843009213693950	21	55	18917	41436	0	590	582	337	66	79	4	13061327029430687	25612715942692053
144115188075855870	21	55	18917	41436	0	590	582	337	5	3	0	13061327029430687	25612715942692053
6148914691236495	21	55	18917	41436	0	590	582	337	0	0	0	18446744073709551615	18446744073709551615
9223372036854775806	21	56	18917	41867	0	590	603	356	296	288	84	13061327029430687	8795885601060178
2305843009213693950	21	56	18917	41867	0	590	603	356	66	69	5	13061327029430687	8795885601060178
144115188075855870	21	56	18917	41867	0	590	603	356	5	8	0	13061327029430687	8795885601060178
6148914691236495	21	56	18917	41867	0	590	603	356	0	0	0	18446744073709551615	18446744073709551615
9223372036854775806	21	57	18917	55273	0	590	375	221	296	182	45	13061327029430687	57484945731452901
2305843009213693950	21	57	18917	55273	0	590	375	221	66	51	4	13061327029430687	57484945731452901
144115188075855870	21	57	18917	55273	0	590	375	221	5	3	0	13061327029430687	57484945731452901
6148914691236495	21	57	18917	55273	0	590	375	221	0	0	0	18446744073709551615	18446744073709551615
9223372036854775806	21	58	18917	48095	0	590	592	346	296	279	91	13061327029430687	5858463627943568
2305843009213693950	21	58	18917	48095	0	590	592	346	66	78	8	13061327029430687	5858463627943568
144115188075855870	21	58	18917	48095	0	590	592	346	5	5	0	13061327029430687	5858463627943568
6148914691236495	21	58	18917	48095	0	590	592	346	0	0	0	18446744073709551615	18446744073709551615
9223372036854775806	21	59	18917	55964	0	590	246	154	296	121	36	13061327029430687	4794458762861514
2305843009213693950	21	59	18917	55964	0	590	246	154	66	34	5	13061327029430687	4794458762861514
144115188075855870	21	59	18917	55964	0	590	246	154	5	6	0	13061327029430687	4794458762861514
6148914691236495	21	59	18917	55964	0	590	246	154	0	0	0	18446744073709551615	18446744073709551615
9223372036854775806	21	60	18917	33080	0	590	605	361	296	288	91	13061327029430687	21234551346284532
2305843009213693950	21	60	18917	33080	0	590	605	361	66	67	4	13061327029430687	21234551346284532
144115188075855870	21	60	18917	33080	0	590	605	361	5	6	0	13061327029430687	21234551346284532
6148914691236495	21	60	18917	33080	0	590	605	361	0	0	0	18446744073709551615	18446744073709551615
9223372036854775806	21	61	18917	19280	0	590	590	357	296	318	99	13061327029430687	43101032433561777
2305843009213693950	21	61	18917	19280	0	590	590	357	66	71	5	13061327029430687	43101032433561777
144115188075855870	21	61	18917	19280	0	590	590	357	5	3	0	13061327029430687	43101032433561777
6148914691236495	21	61	18917	19280	0	590	590	357	0	0	0	18446744073709551615	18446744073709551615
9223372036854775806	21	62	18917	8703	0	590	586	348	296	295	88	13061327029430687	21265985390459575
2305843009213693950	21	62	18917	8703	0	590	586	348	66	74	5	13061327029430687	21265985390459575
144115188075855870	21	62	18917	8703	0	590	586	348	5	5	0	13061327029430687	21265985390459575
6148914691236495	21	62	18917	8703	0	590	586	348	0	0	0	18446744073709551615	18446744073709551615
9223372036854775806	21	63	18917	18798	0	590	587	342	296	268	70	13061327029430687	15005778287697291
2305843009213693950	21	63	18917	18798	0	590	587	342	66	71	4	13061327029430687	15005778287697291
144115188075855870	21	63	18917	18798	0	590	587	342	5	3	0	13061327029430687	15005778287697291
6148914691236495	21	63	18917	18798	0	590	587	342	0	0	0	18446744073709551615	18446744073709551615
9223372036854775806	22	23	44560	36290	0	621	559	356	292	285	89	5883336446271408	30102744842481255
2305843009213693950	22	23	44560	36290	0	621	559	356	83	73	8	5883336446271408	30102744842481255
144115188075855870	22	23	44560	36290	0	621	559	356	6	7	0	5883336446271408	30102744842481255
6148914691236495	22	23	44560	36290	0	621	559	356	0	0	0	18446744073709551615	18446744073709551615
9223372036854775806	22	24	44560	24867	0	621	580	352	292	280	78	5883336446271408	27029469813257164
2305843009213693950	22	24	44560	24867	0	621	580	352	83	77	3	5883336446271408	27029469813257164
144115188075855870	22	24	44560	24867	0	621	580	352	6	3	0	5883336446271408	27029469813257164
6148914691236495	22	24	44560	24867	0	621	580	352	0	0	0	18446744073709551615	18446744073709551615
9223372036854775806	22	25	44560	10092	0	621	594	366	292	296	76	5883336446271408	7354267654878491
2305843009213693950	22	25	44560	10092	0	621	594	366	83	90	9	5883336446271408	7354267654878491
144115188075855870	22	25	44560	10092	0	621	594	366	6	4	0	5883336446271408	7354267654878491
6148914691236495	22	25	44560	10092	0	621	594	366	0	0	0	18446744073709551615	18446744073709551615
9223372036854775806	22	26	44560	35222	0	621	601	372	292	325	91	5883336446271408	6767251757431065
2305843009213693950	22	26	44560	35222	0	621	601	372	83	91	7	5883336446271408	6767251757431065
144115188075855870	22	26	44560	35222	0	621	601	372	6	7	0	5883336446271408	6767251757431065
6148914691236495	22	26	44560	35222	0	621	601	372	0	0	0	18446744073709551615	18446744073709551615
9223372036854775806	22	27	44560	8487	0	621	592	379	292	278	86	5883336446271408	4893775207410366
2305843009213693950	22	27	44560	8487	0	621	592	379	83	69	7	5883336446271408	4893775207410366
144115188075855870	22	27	44560	8487	0	621	592	379	6	5	0	5883336446271408	4893775207410366
6148914691236495	22	27	44560	8487	0	621	592	379	0	0	0	18446744073709551615	18446744073709551615
9223372036854775806	22	28	44560	12647	0	621	597	375	292	297	95	5883336446271408	1692374620791229
2305843009213693950	22	28	44560	12647	0	621	597	375	83	82	8	5883336446271408	1692374620791229
144115188075855870	22	28	44560	12647	0	621	597	375	6	10	0	5883336446271408	1692374620791229
6148914691236495	22	28	44560	12647	0	621	597	375	0	2	0	18446744073709551615	1692374620791229
9223372036854775806	22	29	44560	10798	0	621	566	358	292	296	92	5883336446271408	20776250396026951
2305843009213693950	22	29	44560	10798	0	621	566	358	83	78	10	5883336446271408	20776250396026951
144115188075855870	22	29	44560	10798	0	621	566	358	6	7	0	5883336446271408	20776250396026951
6148914691236495	22	29	44560	10798	0	621	566	358	0	0	0	18446744073709551615	18446744073709551615
9223372036854775806	22	30	44560	25650	0	621	597	377	292	283	86	5883336446271408	3662753934290118
2305843009213693950	22	30	44560	25650	0	621	597	377	83	77	7	5883336446271408	3662753934290118
144115188075855870	22	30	44560	25650	0	621	597	377	6	4	0	5883336446271408	3662753934290118
6148914691236495	22	30	44560	25650	0	621	597	377	0	0	0	18446744073709551615	18446744073709551615
9223372036854775806	22	31	44560	34514	0	621	611	371	292	287	81	5883336446271408	6941176516761588
2305843009213693950	22	31	44560	34514	0	621	611	371	83	58	4	5883336446271408	6941176516761588
144115188075855870	22	31	44560	34514	0	621	611	371	6	4	0	5883336446271408	6941176516761588
6148914691236495	22	31	44560	34514	0	621	611	371	0	0	0	18446744073709551615	18446744073709551615
9223372036854775806	22	32	44560	8941	0	621	618	379	292	316	96	5883336446271408	41509711107450482
2305843009213693950	22	32	44560	8941	0	621	618	379	83	62	2	5883336446271408	41509711107450482
144115188075855870	22	32	44560	8941	0	621	618	379	6	2	0	5883336446271408	41509711107450482
6148914691236495	22	32	44560	8941	0	621	618	379	0	0	0	18446744073709551615	18446744073709551615
9223372036854775806	22	33	44560	18606	0	621	587	357	292	275	74	5883336446271408	853515616737708
2305843009213693950	22	33	44560	18606	0	621	587	357	83	87	4	5883336446271408	853515616737708
144115188075855870	22	33	44560	18606	0	621	587	357	6	5	0	5883336446271408	853515616737708
6148914691236495	22	33	44560	18606	0	621	587	357	0	1	0	18446744073709551615	853515616737708
9223372036854775806	22	34	44560	25591	0	621	601	365	292	280	80	5883336446271408	6928079483968818
2305843009213693950	22	34	44560	25591	0	621	601	365	83	79	8	5883336446271408	6928079483968818
144115188075855870	22	34	44560	25591	0	621	601	365	6	7	0	5883336446271408	6928079483968818
6148914691236495	22	34	44560	25591	0	621	601	365	0	0	0	18446744073709551615	18446744073709551615
9223372036854775806	22	35	44560	46113	0	621	590	372	292	315	91	5883336446271408	7541477037468554
2305843009213693950	22	35	44560	46113	0	621	590	372	83	87	3	5883336446271408	7541477037468554
144115188075855870	22	35	44560	46113	0	621	590	372	6	5	0	5883336446271408	7541477037468554
6148914691236495	22	35	44560	46113	0	621	590	372	0	0	0	18446744073709551615	18446744073709551615
9223372036854775806	22	36	44560	19622	0	621	589	361	292	288	83	5883336446271408	16578064053768791
2305843009213693950	22	36	44560	19622	0	621	589	361	83	66	6	5883336446271408	16578064053768791
144115188075855870	22	36	44560	19622	0	621	589	361	6	7	0	5883336446271408	16578064053768791
6148914691236495	22	36	44560	19622	0	621	589	361	0	0	0	18446744073709551615	18446744073709551615
9223372036854775806	22	37	44560	61384	0	621	0	0	292	0	0	5883336446271408	18446744073709551615
2305843009213693950	22	37	44560	61384	0	621	0	0	83	0	0	5883336446271408	18446744073709551615
144115188075855870	22	37	44560	61384	0	621	0	0	6	0	0	5883336446271408	18446744073709551615
6148914691236495	22	37	44560	61384	0	621	0	0	0	0	0	18446744073709551615	18446744073709551615
9223372036854775806	22	38	44560	1850	0	621	593	383	292	286	83	5883336446271408	2925841906355596
2305843009213693950	22	38	44560	1850	0	621	593	383	83	71	5	5883336446271408	2925841906355596
144115188075855870	22	38	44560	1850	0	621	593	383	6	2	0	5883336446271408	2925841906355596
6148914691236495	22	38	44560	1850	0	621	593	383	0	1	0	18446744073709551615	2925841906355596
9223372036854775806	22	39	44560	49493	0	621	597	381	292	308	89	5883336446271408	2369895518816490
2305843009213693950	22	39	44560	49493	0	621	597	381	83	76	6	5883336446271408	2369895518816490
144115188075855870	22	39	44560	49493	0	621	597	381	6	3	0	5883336446271408	2369895518816490
6148914691236495	22	39	44560	49493	0	621	597	381	0	1	0	18446744073709551615	2369895518816490
9223372036854775806	22	40	44560	43652	0	621	575	358	292	278	83	5883336446271408	42882982723515030
2305843009213693950	22	40	44560	43652	0	621	575	358	83	67	5	5883336446271408	42882982723515030
144115188075855870	22	40	44560	43652	0	621	575	358	6	1	0	5883336446271408	42882982723515030
6148914691236495	22	40	44560	43652	0	621	575	358	0	0	0	18446744073709551615	18446744073709551615
9223372036854775806	22	41	44560	65253	0	621	0	0	292	0	0	5883336446271408	18446744073709551615
2305843009213693950	22	41	44560	65253	0	621	0	0	83	0	0	5883336446271408	18446744073709551615
144115188075855870	22	41	44560	65253	0	621	0	0	6	0	0	5883336446271408	18446744073709551615
6148914691236495	22	41	44560	65253	0	621	0	0	0	0	0	18446744073709551615	18446744073709551615
9223372036854775806	22	42	44560	24016	0	621	582	353	292	278	78	5883336446271408	23566389845982477
2305843009213693950	22	42	44560	24016	0	621	582	353	83	65	4	5883336446271408	23566389845982477
144115188075855870	22	42	44560	24016	0	621	582	353	6	5	0	5883336446271408	23566389845982477
6148914691236495	22	42	44560	24016	0	621	582	353	0	0	0	18446744073709551615	18446744073709551615
9223372036854775806	22	43	44560	39014	0	621	577	364	292	286	82	5883336446271408	9614967626582621
2305843009213693950	22	43	44560	39014	0	621	577	364	83	69	6	5883336446271408	9614967626582621
144115188075855870	22	43	44560	39014	0	621	577	364	6	3	0	5883336446271408	9614967626582621
6148914691236495	22	43	44560	39014	0	621	577	364	0	0	0	18446744073709551615	18446744073709551615
9223372036854775806	22	44	44560	50585	0	621	573	361	292	297	85	5883336446271408	2197102958816999
2305843009213693950	22	44	44560	50585	0	621	573	361	83	76	6	5883336446271408	2197102958816999
144115188075855870	22	44	44560	50585	0	621	573	361	6	5	0	5883336446271408	2197102958816999
6148914691236495	22	44	44560	50585	0	621	573	361	0	1	0	18446744073709551615	2197102958816999
9223372036854775806	22	45	44560	543	0	621	595	372	292	277	84	5883336446271408	3529678978331514
2305843009213693950	22	45	44560	543	0	621	595	372	83	72	8	5883336446271408	3529678978331514
144115188075855870	22	45	44560	543	0	621	595	372	6	5	0	5883336446271408	3529678978331514
6148914691236495	22	45	44560	543	0	621	595	372	0	0	0	18446744073709551615	18446744073709551615
9223372036854775806	22	46	44560	28348	0	621	584	362	292	308	90	5883336446271408	7659861853809104
2305843009213693950	22	46	44560	28348	0	621	584	362	83	83	7	5883336446271408	7659861853809104
144115188075855870	22	46	44560	28348	0	621	584	362	6	7	0	5883336446271408	7659861853809104
6148914691236495	22	46	44560	28348	0	621	584	362	0	0	0	18446744073709551615	18446744073709551615
9223372036854775806	22	47	44560	36508	0	621	558	339	292	281	90	5883336446271408	5699832315310769
2305843009213693950	22	47	44560	36508	0	621	558	339	83	79	9	5883336446271408	5699832315310769
144115188075855870	22	47	44560	36508	0	621	558	339	6	5	0	5883336446271408	5699832315310769
6148914691236495	22	47	44560	36508	0	621	558	339	0	0	0	18446744073709551615	18446744073709551615
9223372036854775806	22	48	44560	10875	0	621	578	358	292	291	86	5883336446271408	25099112878567966
2305843009213693950	22	48	44560	10875	0	621	578	358	83	75	9	5883336446271408	25099112878567966
144115188075855870	22	48	44560	10875	0	621	578	358	6	4	0	5883336446271408	25099112878567966
6148914691236495	22	48	44560	10875	0	621	578	358	0	0	0	18446744073709551615	18446744073709551615
9223372036854775806	22	49	44560	34534	0	621	571	360	292	301	89	5883336446271408	1691219382961787
2305843009213693950	22	49	44560	34534	0	621	571	360	83	75	9	5883336446271408	1691219382961787
144115188075855870	22	49	44560	34534	0	621	571	360	6	4	0	5883336446271408	1691219382961787
6148914691236495	22	49	44560	34534	0	621	571	360	0	1	0	18446744073709551615	1691219382961787
9223372036854775806	22	50	44560	26791	0	621	623	392	292	301	89	5883336446271408	15400635981762684
2305843009213693950	22	50	44560	26791	0	621	623	392	83	85	6	5883336446271408	15400635981762684
144115188075855870	22	50	44560	26791	0	621	623	392	6	6	0	5883336446271408	15400635981762684
6148914691236495	22	50	44560	26791	0	621	623	392	0	0	0	18446744073709551615	18446744073709551615
9223372036854775806	22	51	44560	32876	0	621	586	369	292	292	83	5883336446271408	41742007892017841
2305843009213693950	22	51	44560	32876	0	621	586	369	83	77	5	5883336446271408	41742007892017841
144115188075855870	22	51	44560	32876	0	621	586	369	6	3	0	5883336446271408	41742007892017841
6148914691236495	22	51	44560	32876	0	621	586	369	0	0	0	18446744073709551615	18446744073709551615
9223372036854775806	22	52	44560	13804	0	621	574	362	292	300	88	5883336446271408	2790875122670278
2305843009213693950	22	52	44560	13804	0	621	574	362	83	63	10	5883336446271408	2790875122670278
144115188075855870	22	52	44560	13804	0	621	574	362	6	3	0	5883336446271408	2790875122670278
6148914691236495	22	52	44560	13804	0	621	574	362	0	1	0	18446744073709551615	2790875122670278
9223372036854775806	22	53	44560	28986	0	621	592	360	292	313	82	5883336446271408	26017863593228402
2305843009213693950	22	53	44560	28986	0	621	592	360	83	67	10	5883336446271408	26017863593228402
144115188075855870	22	53	44560	28986	0	621	592	360	6	5	0	5883336446271408	26017863593228402
6148914691236495	22	53	44560	28986	0	621	592	360	0	0	0	18446744073709551615	18446744073709551615
9223372036854775806	22	54	44560	20288	0	621	577	363	292	279	81	5883336446271408	6993834807301157
2305843009213693950	22	54	44560	20288	0	621	577	363	83	77	3	5883336446271408	6993834807301157
144115188075855870	22	54	44560	20288	0	621	577	363	6	2	0	5883336446271408	6993834807301157
6148914691236495	22	54	44560	20288	0	621	577	363	0	0	0	18446744073709551615	18446744073709551615
9223372036854775806	22	55	44560	41436	0	621	582	363	292	287	87	5883336446271408	25612715942692053
2305843009213693950	22	55	44560	41436	0	621	582	363	83	79	7	5883336446271408	25612715942692053
144115188075855870	22	55	44560	41436	0	621	582	363	6	3	0	5883336446271408	25612715942692053
6148914691236495	22	55	44560	41436	0	621	582	363	0	0	0	18446744073709551615	18446744073709551615
9223372036854775806	22	56	44560	41867	0	621	603	379	292	288	91	5883336446271408	8795885601060178
2305843009213693950	22	56	44560	41867	0	621	603	379	83	69	3	5883336446271408	8795885601060178
144115188075855870	22	56	44560	41867	0	621	603	379	6	8	0	5883336446271408	8795885601060178
6148914691236495	22	56	44560	41867	0	621	603	379	0	0	0	18446744073709551615	18446744073709551615
9223372036854775806	22	57	44560	55273	0	621	375	225	292	182	51	5883336446271408	57484945731452901
2305843009213693950	22	57	44560	55273	0	621	375	225	83	51	6	5883336446271408	57484945731452901
144115188075855870	22	57	44560	55273	0	621	375	225	6	3	0	5883336446271408	57484945731452901
6148914691236495	22	57	44560	55273	0	621	375	225	0	0	0	18446744073709551615	18446744073709551615
9223372036854775806	22	58	44560	48095	0	621	592	366	292	279	87	5883336446271408	5858463627943568
2305843009213693950	22	58	44560	48095	0	621	592	366	83	78	6	5883336446271408	5858463627943568
144115188075855870	22	58	44560	48095	0	621	592	366	6	5	0	5883336446271408	5858463627943568
6148914691236495	22	58	44560	48095	0	621	592	366	0	0	0	18446744073709551615	18446744073709551615
9223372036854775806	22	59	44560	55964	0	621	246	157	292	121	30	5883336446271408	4794458762861514
2305843009213693950	22	59	44560	55964	0	621	246	157	83	34	3	5883336446271408	4794458762861514
144115188075855870	22	59	44560	55964	0	621	246	157	6	6	0	5883336446271408	4794458762861514
6148914691236495	22	59	44560	55964	0	621	246	157	0	0	0	18446744073709551615	18446744073709551615
9223372036854775806	22	60	44560	33080	0	621	605	372	292	288	81	5883336446271408	21234551346284532
2305843009213693950	22	60	44560	33080	0	621	605	372	83	67	4	5883336446271408	21234551346284532
144115188075855870	22	60	44560	33080	0	621	605	372	6	6	0	5883336446271408	21234551346284532
6148914691236495	22	60	44560	33080	0	621	605	372	0	0	0	18446744073709551615	18446744073709551615
9223372036854775806	22	61	44560	19280	0	621	590	369	292	318	105	5883336446271408	43101032433561777
2305843009213693950	22	61	44560	19280	0	621	590	369	83	71	5	5883336446271408	43101032433561777
144115188075855870	22	61	44560	19280	0	621	590	369	6	3	0	5883336446271408	43101032433561777
6148914691236495	22	61	44560	19280	0	621	590	369	0	0	0	18446744073709551615	18446744073709551615
9223372036854775806	22	62	44560	8703	0	621	586	354	292	295	83	5883336446271408	21265985390459575
2305843009213693950	22	62	44560	8703	0	621	586	354	83	74	6	5883336446271408	21265985390459575
144115188075855870	22	62	44560	8703	0	621	586	354	6	5	0	5883336446271408	21265985390459575
6148914691236495	22	62	44560	8703	0	621	586	354	0	0	0	18446744073709551615	18446744073709551615
9223372036854775806	22	63	44560	18798	0	621	587	363	292	268	74	5883336446271408	15005778287697291
2305843009213693950	22	63	44560	18798	0	621	587	363	83	71	8	5883336446271408	15005778287697291
144115188075855870	22	63	44560	18798	0	621	587	363	6	3	0	5883336446271408	15005778287697291
6148914691236495	22	63	44560	18798	0	621	587	363	0	0	0	18446744073709551615	18446744073709551615
9223372036854775806	23	24	36290	24867	0	559	580	316	285	280	78	30102744842481255	27029469813257164
2305843009213693950	23	24	36290	24867	0	559	580	316	73	77	9	30102744842481255	27029469813257164
144115188075855870	23	24	36290	24867	0	559	580	316	7	3	0	30102744842481255	27029469813257164
6148914691236495	23	24	36290	24867	0	559	580	316	0	0	0	18446744073709551615	18446744073709551615
9223372036854775806	23	25	36290	10092	0	559	594	338	285	296	87	30102744842481255	7354267654878491
2305843009213693950	23	25	36290	10092	0	559	594	338	73	90	5	30102744842481255	7354267654878491
144115188075855870	23	25	36290	10092	0	559	594	338	7	4	0	30102744842481255	7354267654878491
6148914691236495	23	25	36290	10092	0	559	594	338	0	0	0	18446744073709551615	18446744073709551615
9223372036854775806	23	26	36290	35222	0	559	601	333	285	325	98	30102744842481255	6767251757431065
2305843009213693950	23	26	36290	35222	0	559	601	333	73	91	9	30102744842481255	6767251757431065
144115188075855870	23	26	36290	35222	0	559	601	333	7	7	0	30102744842481255	6767251757431065
6148914691236495	23	26	36290	35222	0	559	601	333	0	0	0	18446744073709551615	18446744073709551615
9223372036854775806	23	27	36290	8487	0	559	592	341	285	278	83	30102744842481255	4893775207410366
2305843009213693950	23	27	36290	8487	0	559	592	341	73	69	9	30102744842481255	4893775207410366
144115188075855870	23	27	36290	8487	0	559	592	341	7	5	0	30102744842481255	4893775207410366
6148914691236495	23	27	36290	8487	0	559	592	341	0	0	0	18446744073709551615	18446744073709551615
9223372036854775806	23	28	36290	12647	0	559	597	343	285	297	89	30102744842481255	1692374620791229
2305843009213693950	23	28	36290	12647	0	559	597	343	73	82	4	30102744842481255	1692374620791229
144115188075855870	23	28	36290	12647	0	559	597	343	7	10	0	30102744842481255	1692374620791229
6148914691236495	23	28	36290	12647	0	559	597	343	0	2	0	18446744073709551615	1692374620791229
9223372036854775806	23	29	36290	10798	0	559	566	318	285	296	86	30102744842481255	20776250396026951
2305843009213693950	23	29	36290	10798	0	559	566	318	73	78	4	30102744842481255	20776250396026951
144115188075855870	23	29	36290	10798	0	559	566	318	7	7	0	30102744842481255	20776250396026951
6148914691236495	23	29	36290	10798	0	559	566	318	0	0	0	18446744073709551615	18446744073709551615
9223372036854775806	23	30	36290	25650	0	559	597	346	285	283	88	30102744842481255	3662753934290118
2305843009213693950	23	30	36290	25650	0	559	597	346	73	77	7	30102744842481255	3662753934290118
144115188075855870	23	30	36290	25650	0	559	597	346	7	4	0	30102744842481255	3662753934290118
6148914691236495	23	30	36290	25650	0	559	597	346	0	0	0	18446744073709551615	18446744073709551615
9223372036854775806	23	31	36290	34514	0	559	611	343	285	287	78	30102744842481255	6941176516761588
2305843009213693950	23	31	36290	34514	0	559	611	343	73	58	6	30102744842481255	6941176516761588
144115188075855870	23	31	36290	34514	0	559	611	343	7	4	0	30102744842481255	6941176516761588
6148914691236495	23	31	36290	34514	0	559	611	343	0	0	0	18446744073709551615	18446744073709551615
9223372036854775806	23	32	36290	8941	0	559	618	339	285	316	87	30102744842481255	41509711107450482
2305843009213693950	23	32	36290	8941	0	559	618	339	73	62	4	30102744842481255	41509711107450482
144115188075855870	23	32	36290	8941	0	559	618	339	7	2	0	30102744842481255	41509711107450482
6148914691236495	23	32	36290	8941	0	559	618	339	0	0	0	18446744073709551615	18446744073709551615
9223372036854775806	23	33	36290	18606	0	559	587	330	285	275	83	30102744842481255	853515616737708
2305843009213693950	23	33	36290	18606	0	559	587	330	73	87	5	30102744842481255	853515616737708
144115188075855870	23	33	36290	18606	0	559	587	330	7	5	0	30102744842481255	853515616737708
6148914691236495	23	33	36290	18606	0	559	587	330	0	1	0	18446744073709551615	853515616737708
9223372036854775806	23	34	36290	25591	0	559	601	323	285	280	73	30102744842481255	6928079483968818
2305843009213693950	23	34	36290	25591	0	559	601	323	73	79	3	30102744842481255	6928079483968818
144115188075855870	23	34	36290	25591	0	559	601	323	7	7	0	30102744842481255	6928079483968818
6148914691236495	23	34	36290	25591	0	559	601	323	0	0	0	18446744073709551615	18446744073709551615
9223372036854775806	23	35	36290	46113	0	559	590	315	285	315	89	30102744842481255	7541477037468554
2305843009213693950	23	35	36290	46113	0	559	590	315	73	87	5	30102744842481255	7541477037468554
144115188075855870	23	35	36290	46113	0	559	590	315	7	5	0	30102744842481255	7541477037468554
6148914691236495	23	35	36290	46113	0	559	590	315	0	0	0	18446744073709551615	18446744073709551615
9223372036854775806	23	36	36290	19622	0	559	589	334	285	288	94	30102744842481255	16578064053768791
2305843009213693950	23	36	36290	19622	0	559	589	334	73	66	10	30102744842481255	16578064053768791
144115188075855870	23	36	36290	19622	0	559	589	334	7	7	0	30102744842481255	16578064053768791
6148914691236495	23	36	36290	19622	0	559	589	334	0	0	0	18446744073709551615	18446744073709551615
9223372036854775806	23	37	36290	61384	0	559	0	0	285	0	0	30102744842481255	18446744073709551615
2305843009213693950	23	37	36290	61384	0	559	0	0	73	0	0	30102744842481255	18446744073709551615
144115188075855870	23	37	36290	61384	0	559	0	0	7	0	0	30102744842481255	18446744073709551615
6148914691236495	23	37	36290	61384	0	559	0	0	0	0	0	18446744073709551615	18446744073709551615
9223372036854775806	23	38	36290	1850	0	559	593	346	285	286	92	30102744842481255	2925841906355596
2305843009213693950	23	38	36290	1850	0	559	593	346	73	71	5	30102744842481255	2925841906355596
144115188075855870	23	38	36290	1850	0	559	593	346	7	2	0	30102744842481255	2925841906355596
6148914691236495	23	38	36290	1850	0	559	593	346	0	1	0	18446744073709551615	2925841906355596
9223372036854775806	23	39	36290	49493	0	559	597	340	285	308	85	30102744842481255	2369895518816490
2305843009213693950	23	39	36290	49493	0	559	597	340	73	76	5	30102744842481255	2369895518816490
144115188075855870	23	39	36290	49493	0	559	597	340	7	3	0	30102744842481255	2369895518816490
6148914691236495	23	39	36290	49493	0	559	597	340	0	1	0	18446744073709551615	2369895518816490
9223372036854775806	23	40	36290	43652	0	559	575	325	285	278	82	30102744842481255	42882982723515030
2305843009213693950	23	40	36290	43652	0	559	575	325	73	67	7	30102744842481255	42882982723515030
144115188075855870	23	40	36290	43652	0	559	575	325	7	1	0	30102744842481255	42882982723515030
6148914691236495	23	40	36290	43652	0	559	575	325	0	0	0	18446744073709551615	18446744073709551615
9223372036854775806	23	41	36290	65253	0	559	0	0	285	0	0	30102744842481255	18446744073709551615
2305843009213693950	23	41	36290	65253	0	559	0	0	73	0	0	30102744842481255	18446744073709551615
144115188075855870	23	41	36290	65253	0	559	0	0	7	0	0	30102744842481255	18446744073709551615
6148914691236495	23	41	36290	65253	0	559	0	0	0	0	0	18446744073709551615	18446744073709551615
9223372036854775806	23	42	36290	24016	0	559	582	338	285	278	85	30102744842481255	23566389845982477
2305843009213693950	23	42	36290	24016	0	559	582	338	73	65	4	30102744842481255	23566389845982477
144115188075855870	23	42	36290	24016	0	559	582	338	7	5	0	30102744842481255	23566389845982477
6148914691236495	23	42	36290	24016	0	559	582	338	0	0	0	18446744073709551615	18446744073709551615
9223372036854775806	23	43	36290	39014	0	559	577	324	285	286	79	30102744842481255	9614967626582621
2305843009213693950	23	43	36290	39014	0	559	577	324	73	69	6	30102744842481255	9614967626582621
144115188075855870	23	43	36290	39014	0	559	577	324	7	3	0	30102744842481255	9614967626582621
6148914691236495	23	43	36290	39014	0	559	577	324	0	0	0	18446744073709551615	18446744073709551615
9223372036854775806	23	44	36290	50585	0	559	573	303	285	297	92	30102744842481255	2197102958816999
2305843009213693950	23	44	36290	50585	0	559	573	303	73	76	6	30102744842481255	2197102958816999
144115188075855870	23	44	36290	50585	0	559	573	303	7	5	0	30102744842481255	2197102958816999
6148914691236495	23	44	36290	50585	0	559	573	303	0	1	0	18446744073709551615	2197102958816999
9223372036854775806	23	45	36290	543	0	559	595	320	285	277	76	30102744842481255	3529678978331514
2305843009213693950	23	45	36290	543	0	559	595	320	73	72	9	30102744842481255	3529678978331514
144115188075855870	23	45	36290	543	0	559	595	320	7	5	1	30102744842481255	3529678978331514
6148914691236495	23	45	36290	543	0	559	595	320	0	0	0	18446744073709551615	18446744073709551615
9223372036854775806	23	46	36290	28348	0	559	584	325	285	308	88	30102744842481255	7659861853809104
2305843009213693950	23	46	36290	28348	0	559	584	325	73	83	6	30102744842481255	7659861853809104
144115188075855870	23	46	36290	28348	0	559	584	325	7	7	0	30102744842481255	7659861853809104
6148914691236495	23	46	36290	28348	0	559	584	325	0	0	0	18446744073709551615	18446744073709551615
9223372036854775806	23	47	36290	36508	0	559	558	318	285	281	86	30102744842481255	5699832315310769
2305843009213693950	23	47	36290	36508	0	559	558	318	73	79	5	30102744842481255	5699832315310769
144115188075855870	23	47	36290	36508	0	559	558	318	7	5	0	30102744842481255	5699832315310769
6148914691236495	23	47	36290	36508	0	559	558	318	0	0	0	18446744073709551615	18446744073709551615
9223372036854775806	23	48	36290	10875	0	559	578	321	285	291	85	30102744842481255	25099112878567966
2305843009213693950	23	48	36290	10875	0	559	578	321	73	75	6	30102744842481255	25099112878567966
144115188075855870	23	48	36290	10875	0	559	578	321	7	4	0	30102744842481255	25099112878567966
6148914691236495	23	48	36290	10875	0	559	578	321	0	0	0	18446744073709551615	18446744073709551615
9223372036854775806	23	49	36290	34534	0	559	571	331	285	301	83	30102744842481255	1691219382961787
2305843009213693950	23	49	36290	34534	0	559	571	331	73	75	4	30102744842481255	1691219382961787
144115188075855870	23	49	36290	34534	0	559	571	331	7	4	0	30102744842481255	1691219382961787
6148914691236495	23	49	36290	34534	0	559	571	331	0	1	0	18446744073709551615	1691219382961787
9223372036854775806	23	50	36290	26791	0	559	623	350	285	301	79	30102744842481255	15400635981762684
2305843009213693950	23	50	36290	26791	0	559	623	350	73	85	10	30102744842481255	15400635981762684
144115188075855870	23	50	36290	26791	0	559	623	350	7	6	0	30102744842481255	15400635981762684
6148914691236495	23	50	36290	26791	0	559	623	350	0	0	0	18446744073709551615	18446744073709551615
9223372036854775806	23	51	36290	32876	0	559	586	320	285	292	70	30102744842481255	41742007892017841
2305843009213693950	23	51	36290	32876	0	559	586	320	73	77	6	30102744842481255	41742007892017841
144115188075855870	23	51	36290	32876	0	559	586	320	7	3	0	30102744842481255	41742007892017841
6148914691236495	23	51	36290	32876	0	559	586	320	0	0	0	18446744073709551615	18446744073709551615
9223372036854775806	23	52	36290	13804	0	559	574	314	285	300	69	30102744842481255	2790875122670278
2305843009213693950	23	52	36290	13804	0	559	574	314	73	63	2	30102744842481255	2790875122670278
144115188075855870	23	52	36290	13804	0	559	574	314	7	3	0	30102744842481255	2790875122670278
6148914691236495	23	52	36290	13804	0	559	574	314	0	1	0	18446744073709551615	2790875122670278
9223372036854775806	23	53	36290	28986	0	559	592	323	285	313	88	30102744842481255	26017863593228402
2305843009213693950	23	53	36290	28986	0	559	592	323	73	67	7	30102744842481255	26017863593228402
144115188075855870	23	53	36290	28986	0	559	592	323	7	5	0	30102744842481255	26017863593228402
6148914691236495	23	53	36290	28986	0	559	592	323	0	0	0	18446744073709551615	18446744073709551615
9223372036854775806	23	54	36290	20288	0	559	577	314	285	279	75	30102744842481255	6993834807301157
2305843009213693950	23	54	36290	20288	0	559	577	314	73	77	6	30102744842481255	6993834807301157
144115188075855870	23	54	36290	20288	0	559	577	314	7	2	0	30102744842481255	6993834807301157
6148914691236495	23	54	36290	20288	0	559	577	314	0	0	0	18446744073709551615	18446744073709551615
9223372036854775806	23	55	36290	41436	0	559	582	320	285	287	73	30102744842481255	25612715942692053
2305843009213693950	23	55	36290	41436	0	559	582	320	73	79	7	30102744842481255	25612715942692053
144115188075855870	23	55	36290	41436	0	559	582	320	7	3	0	30102744842481255	25612715942692053
6148914691236495	23	55	36290	41436	0	559	582	320	0	0	0	18446744073709551615	18446744073709551615
9223372036854775806	23	56	36290	41867	0	559	603	356	285	288	89	30102744842481255	8795885601060178
2305843009213693950	23	56	36290	41867	0	559	603	356	73	69	2	30102744842481255	8795885601060178
144115188075855870	23	56	36290	41867	0	559	603	356	7	8	0	30102744842481255	8795885601060178
6148914691236495	23	56	36290	41867	0	559	603	356	0	0	0	18446744073709551615	18446744073709551615
9223372036854775806	23	57	36290	55273	0	559	375	218	285	182	58	30102744842481255	57484945731452901
2305843009213693950	23	57	36290	55273	0	559	375	218	73	51	8	30102744842481255	57484945731452901
144115188075855870	23	57	36290	55273	0	559	375	218	7	3	0	30102744842481255	57484945731452901
6148914691236495	23	57	36290	55273	0	559	375	218	0	0	0	18446744073709551615	18446744073709551615
9223372036854775806	23	58	36290	48095	0	559	592	330	285	279	74	30102744842481255	5858463627943568
2305843009213693950	23	58	36290	48095	0	559	592	330	73	78	6	30102744842481255	5858463627943568
144115188075855870	23	58	36290	48095	0	559	592	330	7	5	0	30102744842481255	5858463627943568
6148914691236495	23	58	36290	48095	0	559	592	330	0	0	0	18446744073709551615	18446744073709551615
9223372036854775806	23	59	36290	55964	0	559	246	141	285	121	34	30102744842481255	4794458762861514
2305843009213693950	23	59	36290	55964	0	559	246	141	73	34	1	30102744842481255	4794458762861514
144115188075855870	23	59	36290	55964	0	559	246	141	7	6	0	30102744842481255	4794458762861514
6148914691236495	23	59	36290	55964	0	559	246	141	0	0	0	18446744073709551615	18446744073709551615
9223372036854775806	23	60	36290	33080	0	559	605	342	285	288	74	30102744842481255	21234551346284532
2305843009213693950	23	60	36290	33080	0	559	605	342	73	67	7	30102744842481255	21234551346284532
144115188075855870	23	60	36290	33080	0	559	605	342	7	6	0	30102744842481255	21234551346284532
6148914691236495	23	60	36290	33080	0	559	605	342	0	0	0	18446744073709551615	18446744073709551615
9223372036854775806	23	61	36290	19280	0	559	590	322	285	318	93	30102744842481255	43101032433561777
2305843009213693950	23	61	36290	19280	0	559	590	322	73	71	4	30102744842481255	43101032433561777
144115188075855870	23	61	36290	19280	0	559	590	322	7	3	0	30102744842481255	43101032433561777
6148914691236495	23	61	36290	19280	0	559	590	322	0	0	0	18446744073709551615	18446744073709551615
9223372036854775806	23	62	36290	8703	0	559	586	331	285	295	89	30102744842481255	21265985390459575
2305843009213693950	23	62	36290	8703	0	559	586	331	73	74	7	30102744842481255	21265985390459575
144115188075855870	23	62	36290	8703	0	559	586	331	7	5	0	30102744842481255	21265985390459575
6148914691236495	23	62	36290	8703	0	559	586	331	0	0	0	18446744073709551615	18446744073709551615
9223372036854775806	23	63	36290	18798	0	559	587	333	285	268	74	30102744842481255	15005778287697291
2305843009213693950	23	63	36290	18798	0	559	587	333	73	71	8	30102744842481255	15005778287697291
144115188075855870	23	63	36290	18798	0	559	587	333	7	3	0	30102744842481255	15005778287697291
6148914691236495	23	63	36290	18798	0	559	587	333	0	0	0	18446744073709551615	18446744073709551615
9223372036854775806	24	25	24867	10092	0	580	594	347	280	296	86	27029469813257164	7354267654878491
2305843009213693950	24	25	24867	10092	0	580	594	347	77	90	8	27029469813257164	7354267654878491
144115188075855870	24	25	24867	10092	0	580	594	347	3	4	0	27029469813257164	7354267654878491
6148914691236495	24	25	24867	10092	0	580	594	347	0	0	0	18446744073709551615	18446744073709551615
9223372036854775806	24	26	24867	35222	0	580	601	337	280	325	88	27029469813257164	6767251757431065
2305843009213693950	24	26	24867	35222	0	580	601	337	77	91	9	27029469813257164	6767251757431065
144115188075855870	24	26	24867	35222	0	580	601	337	3	7	0	27029469813257164	6767251757431065
6148914691236495	24	26	24867	35222	0	580	601	337	0	0	0	18446744073709551615	18446744073709551615
9223372036854775806	24	27	24867	8487	0	580	592	341	280	278	81	27029469813257164	4893775207410366
2305843009213693950	24	27	24867	8487	0	580	592	341	77	69	3	27029469813257164	4893775207410366
144115188075855870	24	27	24867	8487	0	580	592	341	3	5	0	27029469813257164	4893775207410366
6148914691236495	24	27	24867	8487	0	580	592	341	0	0	0	18446744073709551615	18446744073709551615
9223372036854775806	24	28	24867	12647	0	580	597	347	280	297	89	27029469813257164	1692374620791229
2305843009213693950	24	28	24867	12647	0	580	597	347	77	82	7	27029469813257164	1692374620791229
144115188075855870	24	28	24867	12647	0	580	597	347	3	10	0	27029469813257164	1692374620791229
6148914691236495	24	28	24867	12647	0	580	597	347	0	2	0	18446744073709551615	1692374620791229
9223372036854775806	24	29	24867	10798	0	580	566	326	280	296	90	27029469813257164	20776250396026951
2305843009213693950	24	29	24867	10798	0	580	566	326	77	78	8	27029469813257164	20776250396026951
144115188075855870	24	29	24867	10798	0	580	566	326	3	7	0	27029469813257164	20776250396026951
6148914691236495	24	29	24867	10798	0	580	566	326	0	0	0	18446744073709551615	18446744073709551615
9223372036854775806	24	30	24867	25650	0	580	597	354	280	283	78	27029469813257164	3662753934290118
2305843009213693950	24	30	24867	25650	0	580	597	354	77	77	6	27029469813257164	3662753934290118
144115188075855870	24	30	24867	25650	0	580	597	354	3	4	0	27029469813257164	3662753934290118
6148914691236495	24	30	24867	25650	0	580	597	354	0	0	0	18446744073709551615	18446744073709551615
9223372036854775806	24	31	24867	34514	0	580	611	351	280	287	75	27029469813257164	6941176516761588
2305843009213693950	24	31	24867	34514	0	580	611	351	77	58	3	27029469813257164	6941176516761588
144115188075855870	24	31	24867	34514	0	580	611	351	3	4	0	27029469813257164	6941176516761588
6148914691236495	24	31	24867	34514	0	580	611	351	0	0	0	18446744073709551615	18446744073709551615
9223372036854775806	24	32	24867	8941	0	580	618	346	280	316	92	27029469813257164	41509711107450482
2305843009213693950	24	32	24867	8941	0	580	618	346	77	62	7	27029469813257164	41509711107450482
144115188075855870	24	32	24867	8941	0	580	618	346	3	2	0	27029469813257164	41509711107450482
6148914691236495	24	32	24867	8941	0	580	618	346	0	0	0	18446744073709551615	18446744073709551615
9223372036854775806	24	33	24867	18606	0	580	587	347	280	275	83	27029469813257164	853515616737708
2305843009213693950	24	33	24867	18606	0	580	587	347	77	87	11	27029469813257164	853515616737708
144115188075855870	24	33	24867	18606	0	580	587	347	3	5	0	27029469813257164	853515616737708
6148914691236495	24	33	24867	18606	0	580	587	347	0	1	0	18446744073709551615	853515616737708
9223372036854775806	24	34	24867	25591	0	580	601	340	280	280	82	27029469813257164	6928079483968818
2305843009213693950	24	34	24867	25591	0	580	601	340	77	79	4	27029469813257164	6928079483968818
144115188075855870	24	34	24867	25591	0	580	601	340	3	7	0	27029469813257164	6928079483968818
6148914691236495	24	34	24867	25591	0	580	601	340	0	0	0	18446744073709551615	18446744073709551615
9223372036854775806	24	35	24867	46113	0	580	590	352	280	315	90	27029469813257164	7541477037468554
2305843009213693950	24	35	24867	46113	0	580	590	352	77	87	9	27029469813257164	7541477037468554
144115188075855870	24	35	24867	46113	0	580	590	352	3	5	0	27029469813257164	7541477037468554
6148914691236495	24	35	24867	46113	0	580	590	352	0	0	0	18446744073709551615	18446744073709551615
9223372036854775806	24	36	24867	19622	0	580	589	349	280	288	90	27029469813257164	16578064053768791
2305843009213693950	24	36	24867	19622	0	580	589	349	77	66	8	27029469813257164	16578064053768791
144115188075855870	24	36	24867	19622	0	580	589	349	3	7	0	27029469813257164	16578064053768791
6148914691236495	24	36	24867	19622	0	580	589	349	0	0	0	18446744073709551615	18446744073709551615
9223372036854775806	24	37	24867	61384	0	580	0	0	280	0	0	27029469813257164	18446744073709551615
2305843009213693950	24	37	24867	61384	0	580	0	0	77	0	0	27029469813257164	18446744073709551615
144115188075855870	24	37	24867	61384	0	580	0	0	3	0	0	27029469813257164	18446744073709551615
6148914691236495	24	37	24867	61384	0	580	0	0	0	0	0	18446744073709551615	18446744073709551615
9223372036854775806	24	38	24867	1850	0	580	593	335	280	286	75	27029469813257164	2925841906355596
2305843009213693950	24	38	24867	1850	0	580	593	335	77	71	5	27029469813257164	2925841906355596
144115188075855870	24	38	24867	1850	0	580	593	335	3	2	0	27029469813257164	2925841906355596
6148914691236495	24	38	24867	1850	0	580	593	335	0	1	0	18446744073709551615	2925841906355596
9223372036854775806	24	39	24867	49493	0	580	597	343	280	308	92	27029469813257164	2369895518816490
2305843009213693950	24	39	24867	49493	0	580	597	343	77	76	4	27029469813257164	2369895518816490
144115188075855870	24	39	24867	49493	0	580	597	343	3	3	0	27029469813257164	2369895518816490
6148914691236495	24	39	24867	49493	0	580	597	343	0	1	0	18446744073709551615	2369895518816490
9223372036854775806	24	40	24867	43652	0	580	575	335	280	278	78	27029469813257164	42882982723515030
2305843009213693950	24	40	24867	43652	0	580	575	335	77	67	7	27029469813257164	42882982723515030
144115188075855870	24	40	24867	43652	0	580	575	335	3	1	0	27029469813257164	42882982723515030
6148914691236495	24	40	24867	43652	0	580	575	335	0	0	0	18446744073709551615	18446744073709551615
9223372036854775806	24	41	24867	65253	0	580	0	0	280	0	0	27029469813257164	18446744073709551615
2305843009213693950	24	41	24867	65253	0	580	0	0	77	0	0	27029469813257164	18446744073709551615
144115188075855870	24	41	24867	65253	0	580	0	0	3	0	0	27029469813257164	18446744073709551615
6148914691236495	24	41	24867	65253	0	580	0	0	0	0	0	18446744073709551615	18446744073709551615
9223372036854775806	24	42	24867	24016	0	580	582	332	280	278	71	27029469813257164	23566389845982477
2305843009213693950	24	42	24867	24016	0	580	582	332	77	65	8	27029469813257164	23566389845982477
144115188075855870	24	42	24867	24016	0	580	582	332	3	5	0	27029469813257164	23566389845982477
6148914691236495	24	42	24867	24016	0	580	582	332	0	0	0	18446744073709551615	18446744073709551615
9223372036854775806	24	43	24867	39014	0	580	577	342	280	286	80	27029469813257164	9614967626582621
2305843009213693950	24	43	24867	39014	0	580	577	342	77	69	4	27029469813257164	9614967626582621
144115188075855870	24	43	24867	39014	0	580	577	342	3	3	0	27029469813257164	9614967626582621
6148914691236495	24	43	24867	39014	0	580	577	342	0	0	0	18446744073709551615	18446744073709551615
9223372036854775806	24	44	24867	50585	0	580	573	332	280	297	90	27029469813257164	2197102958816999
2305843009213693950	24	44	24867	50585	0	580	573	332	77	76	5	27029469813257164	2197102958816999
144115188075855870	24	44	24867	50585	0	580	573	332	3	5	0	27029469813257164	2197102958816999
6148914691236495	24	44	24867	50585	0	580	573	332	0	1	0	18446744073709551615	2197102958816999
9223372036854775806	24	45	24867	543	0	580	595	353	280	277	79	27029469813257164	3529678978331514
2305843009213693950	24	45	24867	543	0	580	595	353	77	72	4	27029469813257164	3529678978331514
144115188075855870	24	45	24867	543	0	580	595	353	3	5	0	27029469813257164	3529678978331514
6148914691236495	24	45	24867	543	0	580	595	353	0	0	0	18446744073709551615	18446744073709551615
9223372036854775806	24	46	24867	28348	0	580	584	330	280	308	78	27029469813257164	7659861853809104
2305843009213693950	24	46	24867	28348	0	580	584	330	77	83	4	27029469813257164	7659861853809104
144115188075855870	24	46	24867	28348	0	580	584	330	3	7	0	27029469813257164	7659861853809104
6148914691236495	24	46	24867	28348	0	580	584	330	0	0	0	18446744073709551615	18446744073709551615
9223372036854775806	24	47	24867	36508	0	580	558	330	280	281	82	27029469813257164	5699832315310769
2305843009213693950	24	47	24867	36508	0	580	558	330	77	79	2	27029469813257164	5699832315310769
144115188075855870	24	47	24867	36508	0	580	558	330	3	5	0	27029469813257164	5699832315310769
6148914691236495	24	47	24867	36508	0	580	558	330	0	0	0	18446744073709551615	18446744073709551615
9223372036854775806	24	48	24867	10875	0	580	578	330	280	291	80	27029469813257164	25099112878567966
2305843009213693950	24	48	24867	10875	0	580	578	330	77	75	1	27029469813257164	25099112878567966
144115188075855870	24	48	24867	10875	0	580	578	330	3	4	0	27029469813257164	25099112878567966
6148914691236495	24	48	24867	10875	0	580	578	330	0	0	0	18446744073709551615	18446744073709551615
9223372036854775806	24	49	24867	34534	0	580	571	324	280	301	84	27029469813257164	1691219382961787
2305843009213693950	24	49	24867	34534	0	580	571	324	77	75	3	27029469813257164	1691219382961787
144115188075855870	24	49	24867	34534	0	580	571	324	3	4	0	27029469813257164	1691219382961787
6148914691236495	24	49	24867	34534	0	580	571	324	0	1	0	18446744073709551615	1691219382961787
9223372036854775806	24	50	24867	26791	0	580	623	363	280	301	80	27029469813257164	15400635981762684
2305843009213693950	24	50	24867	26791	0	580	623	363	77	85	6	27029469813257164	15400635981762684
144115188075855870	24	50	24867	26791	0	580	623	363	3	6	0	27029469813257164	15400635981762684
6148914691236495	24	50	24867	26791	0	580	623	363	0	0	0	18446744073709551615	18446744073709551615
9223372036854775806	24	51	24867	32876	0	580	586	334	280	292	79	27029469813257164	41742007892017841
2305843009213693950	24	51	24867	32876	0	580	586	334	77	77	5	27029469813257164	41742007892017841
144115188075855870	24	51	24867	32876	0	580	586	334	3	3	0	27029469813257164	41742007892017841
6148914691236495	24	51	24867	32876	0	580	586	334	0	0	0	18446744073709551615	18446744073709551615
9223372036854775806	24	52	24867	13804	0	580	574	328	280	300	87	27029469813257164	2790875122670278
2305843009213693950	24	52	24867	13804	0	580	574	328	77	63	4	27029469813257164	2790875122670278
144115188075855870	24	52	24867	13804	0	580	574	328	3	3	0	27029469813257164	2790875122670278
6148914691236495	24	52	24867	13804	0	580	574	328	0	1	0	18446744073709551615	2790875122670278
9223372036854775806	24	53	24867	28986	0	580	592	346	280	313	95	27029469813257164	26017863593228402
2305843009213693950	24	53	24867	28986	0	580	592	346	77	67	5	27029469813257164	26017863593228402
144115188075855870	24	53	24867	28986	0	580	592	346	3	5	0	27029469813257164	26017863593228402
6148914691236495	24	53	24867	28986	0	580	592	346	0	0	0	18446744073709551615	18446744073709551615
9223372036854775806	24	54	24867	20288	0	580	577	335	280	279	74	27029469813257164	6993834807301157
2305843009213693950	24	54	24867	20288	0	580	577	335	77	77	6	27029469813257164	6993834807301157
144115188075855870	24	54	24867	20288	0	580	577	335	3	2	0	27029469813257164	6993834807301157
6148914691236495	24	54	24867	20288	0	580	577	335	0	0	0	18446744073709551615	18446744073709551615
9223372036854775806	24	55	24867	41436	0	580	582	340	280	287	79	27029469813257164	25612715942692053
2305843009213693950	24	55	24867	41436	0	580	582	340	77	79	10	27029469813257164	25612715942692053
144115188075855870	24	55	24867	41436	0	580	582	340	3	3	0	27029469813257164	25612715942692053
6148914691236495	24	55	24867	41436	0	580	582	340	0	0	0	18446744073709551615	18446744073709551615
9223372036854775806	24	56	24867	41867	0	580	603	362	280	288	95	27029469813257164	8795885601060178
2305843009213693950	24	56	24867	41867	0	580	603	362	77	69	8	27029469813257164	8795885601060178
144115188075855870	24	56	24867	41867	0	580	603	362	3	8	1	27029469813257164	8795885601060178
6148914691236495	24	56	24867	41867	0	580	603	362	0	0	0	18446744073709551615	18446744073709551615
9223372036854775806	24	57	24867	55273	0	580	375	219	280	182	50	27029469813257164	57484945731452901
2305843009213693950	24	57	24867	55273	0	580	375	219	77	51	4	27029469813257164	57484945731452901
144115188075855870	24	57	24867	55273	0	580	375	219	3	3	0	27029469813257164	57484945731452901
6148914691236495	24	57	24867	55273	0	580	375	219	0	0	0	18446744073709551615	18446744073709551615
9223372036854775806	24	58	24867	48095	0	580	592	338	280	279	84	27029469813257164	5858463627943568
2305843009213693950	24	58	24867	48095	0	580	592	338	77	78	4	27029469813257164	5858463627943568
144115188075855870	24	58	24867	48095	0	580	592	338	3	5	0	27029469813257164	5858463627943568
6148914691236495	24	58	24867	48095	0	580	592	338	0	0	0	18446744073709551615	18446744073709551615
9223372036854775806	24	59	24867	55964	0	580	246	145	280	121	36	27029469813257164	4794458762861514
2305843009213693950	24	59	24867	55964	0	580	246	145	77	34	5	27029469813257164	4794458762861514
144115188075855870	24	59	24867	55964	0	580	246	145	3	6	0	27029469813257164	4794458762861514
6148914691236495	24	59	24867	55964	0	580	246	145	0	0	0	18446744073709551615	18446744073709551615
9223372036854775806	24	60	24867	33080	0	580	605	336	280	288	78	27029469813257164	21234551346284532
2305843009213693950	24	60	24867	33080	0	580	605	336	77	67	4	27029469813257164	21234551346284532
144115188075855870	24	60	24867	33080	0	580	605	336	3	6	0	27029469813257164	21234551346284532
6148914691236495	24	60	24867	33080	0	580	605	336	0	0	0	18446744073709551615	18446744073709551615
9223372036854775806	24	61	24867	19280	0	580	590	348	280	318	82	27029469813257164	43101032433561777
2305843009213693950	24	61	24867	19280	0	580	590	348	77	71	7	27029469813257164	43101032433561777
144115188075855870	24	61	24867	19280	0	580	590	348	3	3	0	27029469813257164	43101032433561777
6148914691236495	24	61	24867	19280	0	580	590	348	0	0	0	18446744073709551615	18446744073709551615
9223372036854775806	24	62	24867	8703	0	580	586	352	280	295	90	27029469813257164	21265985390459575
2305843009213693950	24	62	24867	8703	0	580	586	352	77	74	4	27029469813257164	21265985390459575
144115188075855870	24	62	24867	8703	0	580	586	352	3	5	0	27029469813257164	21265985390459575
6148914691236495	24	62	24867	8703	0	580	586	352	0	0	0	18446744073709551615	18446744073709551615
9223372036854775806	24	63	24867	18798	0	580	587	337	280	268	70	27029469813257164	15005778287697291
2305843009213693950	24	63	24867	18798	0	580	587	337	77	71	3	27029469813257164	15005778287697291
144115188075855870	24	63	24867	18798	0	580	587	337	3	3	0	27029469813257164	15005778287697291
6148914691236495	24	63	24867	18798	0	580	587	337	0	0	0	18446744073709551615	18446744073709551615
9223372036854775806	25	26	10092	35222	0	594	601	365	296	325	96	7354267654878491	6767251757431065
2305843009213693950	25	26	10092	35222	0	594	601	365	90	91	9	7354267654878491	6767251757431065
144115188075855870	25	26	10092	35222	0	594	601	365	4	7	0	7354267654878491	6767251757431065
6148914691236495	25	26	10092	35222	0	594	601	365	0	0	0	18446744073709551615	18446744073709551615
9223372036854775806	25	27	10092	8487	0	594	592	350	296	278	85	7354267654878491	4893775207410366
2305843009213693950	25	27	10092	8487	0	594	592	350	90	69	5	7354267654878491	4893775207410366
144115188075855870	25	27	10092	8487	0	594	592	350	4	5	0	7354267654878491	4893775207410366
6148914691236495	25	27	10092	8487	0	594	592	350	0	0	0	18446744073709551615	18446744073709551615
9223372036854775806	25	28	10092	12647	0	594	597	359	296	297	80	7354267654878491	1692374620791229
2305843009213693950	25	28	10092	12647	0	594	597	359	90	82	9	7354267654878491	1692374620791229
144115188075855870	25	28	10092	12647	0	594	597	359	4	10	0	7354267654878491	1692374620791229
6148914691236495	25	28	10092	12647	0	594	597	359	0	2	0	18446744073709551615	1692374620791229
9223372036854775806	25	29	10092	10798	0	594	566	334	296	296	93	7354267654878491	20776250396026951
2305843009213693950	25	29	10092	10798	0	594	566	334	90	78	8	7354267654878491	20776250396026951
144115188075855870	25	29	10092	10798	0	594	566	334	4	7	0	7354267654878491	20776250396026951
6148914691236495	25	29	10092	10798	0	594	566	334	0	0	0	18446744073709551615	18446744073709551615
9223372036854775806	25	30	10092	25650	0	594	597	351	296	283	85	7354267654878491	3662753934290118
2305843009213693950	25	30	10092	25650	0	594	597	351	90	77	7	7354267654878491	3662753934290118
144115188075855870	25	30	10092	25650	0	594	597	351	4	4	0	7354267654878491	3662753934290118
6148914691236495	25	30	10092	25650	0	594	597	351	0	0	0	18446744073709551615	18446744073709551615
9223372036854775806	25	31	10092	34514	0	594	611	359	296	287	86	7354267654878491	6941176516761588
2305843009213693950	25	31	10092	34514	0	594	611	359	90	58	7	7354267654878491	6941176516761588
144115188075855870	25	31	10092	34514	0	594	611	359	4	4	0	7354267654878491	6941176516761588
6148914691236495	25	31	10092	34514	0	594	611	359	0	0	0	18446744073709551615	18446744073709551615
9223372036854775806	25	32	10092	8941	0	594	618	357	296	316	91	7354267654878491	41509711107450482
2305843009213693950	25	32	10092	8941	0	594	618	357	90	62	5	7354267654878491	41509711107450482
144115188075855870	25	32	10092	8941	0	594	618	357	4	2	0	7354267654878491	41509711107450482
6148914691236495	25	32	10092	8941	0	594	618	357	0	0	0	18446744073709551615	18446744073709551615
9223372036854775806	25	33	10092	18606	0	594	587	355	296	275	89	7354267654878491	853515616737708
2305843009213693950	25	33	10092	18606	0	594	587	355	90	87	7	7354267654878491	853515616737708
144115188075855870	25	33	10092	18606	0	594	587	355	4	5	0	7354267654878491	853515616737708
6148914691236495	25	33	10092	18606	0	594	587	355	0	1	0	18446744073709551615	853515616737708
9223372036854775806	25	34	10092	25591	0	594	601	351	296	280	72	7354267654878491	6928079483968818
2305843009213693950	25	34	10092	25591	0	594	601	351	90	79	5	7354267654878491	6928079483968818
144115188075855870	25	34	10092	25591	0	594	601	351	4	7	0	7354267654878491	6928079483968818
6148914691236495	25	34	10092	25591	0	594	601	351	0	0	0	18446744073709551615	18446744073709551615
9223372036854775806	25	35	10092	46113	0	594	590	364	296	315	92	7354267654878491	7541477037468554
2305843009213693950	25	35	10092	46113	0	594	590	364	90	87	7	7354267654878491	7541477037468554
144115188075855870	25	35	10092	46113	0	594	590	364	4	5	0	7354267654878491	7541477037468554
6148914691236495	25	35	10092	46113	0	594	590	364	0	0	0	18446744073709551615	18446744073709551615
9223372036854775806	25	36	10092	19622	0	594	589	350	296	288	77	7354267654878491	16578064053768791
2305843009213693950	25	36	10092	19622	0	594	589	350	90	66	2	7354267654878491	16578064053768791
144115188075855870	25	36	10092	19622	0	594	589	350	4	7	0	7354267654878491	16578064053768791
6148914691236495	25	36	10092	19622	0	594	589	350	0	0	0	18446744073709551615	18446744073709551615
9223372036854775806	25	37	10092	61384	0	594	0	0	296	0	0	7354267654878491	18446744073709551615
2305843009213693950	25	37	10092	61384	0	594	0	0	90	0	0	7354267654878491	18446744073709551615
144115188075855870	25	37	10092	61384	0	594	0	0	4	0	0	7354267654878491	18446744073709551615
6148914691236495	25	37	10092	61384	0	594	0	0	0	0	0	18446744073709551615	18446744073709551615
9223372036854775806	25	38	10092	1850	0	594	593	338	296	286	91	7354267654878491	2925841906355596
2305843009213693950	25	38	10092	1850	0	594	593	338	90	71	7	7354267654878491	2925841906355596
144115188075855870	25	38	10092	1850	0	594	593	338	4	2	0	7354267654878491	2925841906355596
6148914691236495	25	38	10092	1850	0	594	593	338	0	1	0	18446744073709551615	2925841906355596
9223372036854775806	25	39	10092	49493	0	594	597	365	296	308	90	7354267654878491	2369895518816490
2305843009213693950	25	39	10092	49493	0	594	597	365	90	76	4	7354267654878491	2369895518816490
144115188075855870	25	39	10092	49493	0	594	597	365	4	3	0	7354267654878491	2369895518816490
6148914691236495	25	39	10092	49493	0	594	597	365	0	1	0	18446744073709551615	2369895518816490
9223372036854775806	25	40	10092	43652	0	594	575	336	296	278	77	7354267654878491	42882982723515030
2305843009213693950	25	40	10092	43652	0	594	575	336	90	67	10	7354267654878491	42882982723515030
144115188075855870	25	40	10092	43652	0	594	575	336	4	1	0	7354267654878491	42882982723515030
6148914691236495	25	40	10092	43652	0	594	575	336	0	0	0	18446744073709551615	18446744073709551615
9223372036854775806	25	41	10092	65253	0	594	0	0	296	0	0	7354267654878491	18446744073709551615
2305843009213693950	25	41	10092	65253	0	594	0	0	90	0	0	7354267654878491	18446744073709551615
144115188075855870	25	41	10092	65253	0	594	0	0	4	0	0	7354267654878491	18446744073709551615
6148914691236495	25	41	10092	65253	0	594	0	0	0	0	0	18446744073709551615	18446744073709551615
9223372036854775806	25	42	10092	24016	0	594	582	355	296	278	74	7354267654878491	23566389845982477
2305843009213693950	25	42	10092	24016	0	594	582	355	90	65	6	7354267654878491	23566389845982477
144115188075855870	25	42	10092	24016	0	594	582	355	4	5	0	7354267654878491	23566389845982477
6148914691236495	25	42	10092	24016	0	594	582	355	0	0	0	18446744073709551615	18446744073709551615
9223372036854775806	25	43	10092	39014	0	594	577	349	296	286	93	7354267654878491	9614967626582621
2305843009213693950	25	43	10092	39014	0	594	577	349	90	69	5	7354267654878491	9614967626582621
144115188075855870	25	43	10092	39014	0	594	577	349	4	3	0	7354267654878491	9614967626582621
6148914691236495	25	43	10092	39014	0	594	577	349	0	0	0	18446744073709551615	18446744073709551615
9223372036854775806	25	44	10092	50585	0	594	573	334	296	297	85	7354267654878491	2197102958816999
2305843009213693950	25	44	10092	50585	0	594	573	334	90	76	6	7354267654878491	2197102958816999
144115188075855870	25	44	10092	50585	0	594	573	334	4	5	0	7354267654878491	2197102958816999
6148914691236495	25	44	10092	50585	0	594	573	334	0	1	0	18446744073709551615	2197102958816999
9223372036854775806	25	45	10092	543	0	594	595	351	296	277	78	7354267654878491	3529678978331514
2305843009213693950	25	45	10092	543	0	594	595	351	90	72	4	7354267654878491	3529678978331514
144115188075855870	25	45	10092	543	0	594	595	351	4	5	0	7354267654878491	3529678978331514
6148914691236495	25	45	10092	543	0	594	595	351	0	0	0	18446744073709551615	18446744073709551615
9223372036854775806	25	46	10092	28348	0	594	584	333	296	308	86	7354267654878491	7659861853809104
2305843009213693950	25	46	10092	28348	0	594	584	333	90	83	10	7354267654878491	7659861853809104
144115188075855870	25	46	10092	28348	0	594	584	333	4	7	0	7354267654878491	7659861853809104
6148914691236495	25	46	10092	28348	0	594	584	333	0	0	0	18446744073709551615	18446744073709551615
9223372036854775806	25	47	10092	36508	0	594	558	340	296	281	85	7354267654878491	5699832315310769
2305843009213693950	25	47	10092	36508	0	594	558	340	90	79	5	7354267654878491	5699832315310769
144115188075855870	25	47	10092	36508	0	594	558	340	4	5	0	7354267654878491	5699832315310769
6148914691236495	25	47	10092	36508	0	594	558	340	0	0	0	18446744073709551615	18446744073709551615
9223372036854775806	25	48	10092	10875	0	594	578	346	296	291	86	7354267654878491	25099112878567966
2305843009213693950	25	48	10092	10875	0	594	578	346	90	75	4	7354267654878491	25099112878567966
144115188075855870	25	48	10092	10875	0	594	578	346	4	4	0	7354267654878491	25099112878567966
6148914691236495	25	48	10092	10875	0	594	578	346	0	0	0	18446744073709551615	18446744073709551615
9223372036854775806	25	49	10092	34534	0	594	571	337	296	301	94	7354267654878491	1691219382961787
2305843009213693950	25	49	10092	34534	0	594	571	337	90	75	6	7354267654878491	1691219382961787
144115188075855870	25	49	10092	34534	0	594	571	337	4	4	0	7354267654878491	1691219382961787
6148914691236495	25	49	10092	34534	0	594	571	337	0	1	0	18446744073709551615	1691219382961787
9223372036854775806	25	50	10092	26791	0	594	623	365	296	301	79	7354267654878491	15400635981762684
2305843009213693950	25	50	10092	26791	0	594	623	365	90	85	6	7354267654878491	15400635981762684
144115188075855870	25	50	10092	26791	0	594	623	365	4	6	0	7354267654878491	15400635981762684
6148914691236495	25	50	10092	26791	0	594	623	365	0	0	0	18446744073709551615	18446744073709551615
9223372036854775806	25	51	10092	32876	0	594	586	348	296	292	79	7354267654878491	41742007892017841
2305843009213693950	25	51	10092	32876	0	594	586	348	90	77	11	7354267654878491	41742007892017841
144115188075855870	25	51	10092	32876	0	594	586	348	4	3	0	7354267654878491	41742007892017841
6148914691236495	25	51	10092	32876	0	594	586	348	0	0	0	18446744073709551615	18446744073709551615
9223372036854775806	25	52	10092	13804	0	594	574	360	296	300	90	7354267654878491	2790875122670278
2305843009213693950	25	52	10092	13804	0	594	574	360	90	63	9	7354267654878491	2790875122670278
144115188075855870	25	52	10092	13804	0	594	574	360	4	3	0	7354267654878491	2790875122670278
6148914691236495	25	52	10092	13804	0	594	574	360	0	1	0	18446744073709551615	2790875122670278
9223372036854775806	25	53	10092	28986	0	594	592	334	296	313	98	7354267654878491	26017863593228402
2305843009213693950	25	53	10092	28986	0	594	592	334	90	67	5	7354267654878491	26017863593228402
144115188075855870	25	53	10092	28986	0	594	592	334	4	5	0	7354267654878491	26017863593228402
6148914691236495	25	53	10092	28986	0	594	592	334	0	0	0	18446744073709551615	18446744073709551615
9223372036854775806	25	54	10092	20288	0	594	577	327	296	279	78	7354267654878491	6993834807301157
2305843009213693950	25	54	10092	20288	0	594	577	327	90	77	7	7354267654878491	6993834807301157
144115188075855870	25	54	10092	20288	0	594	577	327	4	2	0	7354267654878491	6993834807301157
6148914691236495	25	54	10092	20288	0	594	577	327	0	0	0	18446744073709551615	18446744073709551615
9223372036854775806	25	55	10092	41436	0	594	582	351	296	287	90	7354267654878491	25612715942692053
2305843009213693950	25	55	10092	41436	0	594	582	351	90	79	9	7354267654878491	25612715942692053
144115188075855870	25	55	10092	41436	0	594	582	351	4	3	0	7354267654878491	25612715942692053
6148914691236495	25	55	10092	41436	0	594	582	351	0	0	0	18446744073709551615	18446744073709551615
9223372036854775806	25	56	10092	41867	0	594	603	345	296	288	82	7354267654878491	8795885601060178
2305843009213693950	25	56	10092	41867	0	594	603	345	90	69	10	7354267654878491	8795885601060178
144115188075855870	25	56	10092	41867	0	594	603	345	4	8	0	7354267654878491	8795885601060178
6148914691236495	25	56	10092	41867	0	594	603	345	0	0	0	18446744073709551615	18446744073709551615
9223372036854775806	25	57	10092	55273	0	594	375	216	296	182	47	7354267654878491	57484945731452901
2305843009213693950	25	57	10092	55273	0	594	375	216	90	51	2	7354267654878491	57484945731452901
144115188075855870	25	57	10092	55273	0	594	375	216	4	3	0	7354267654878491	57484945731452901
6148914691236495	25	57	10092	55273	0	594	375	216	0	0	0	18446744073709551615	18446744073709551615
9223372036854775806	25	58	10092	48095	0	594	592	356	296	279	75	7354267654878491	5858463627943568
2305843009213693950	25	58	10092	48095	0	594	592	356	90	78	8	7354267654878491	5858463627943568
144115188075855870	25	58	10092	48095	0	594	592	356	4	5	0	7354267654878491	5858463627943568
6148914691236495	25	58	10092	48095	0	594	592	356	0	0	0	18446744073709551615	18446744073709551615
9223372036854775806	25	59	10092	55964	0	594	246	147	296	121	34	7354267654878491	4794458762861514
2305843009213693950	25	59	10092	55964	0	594	246	147	90	34	3	7354267654878491	4794458762861514
144115188075855870	25	59	10092	55964	0	594	246	147	4	6	0	7354267654878491	4794458762861514
6148914691236495	25	59	10092	55964	0	594	246	147	0	0	0	18446744073709551615	18446744073709551615
9223372036854775806	25	60	10092	33080	0	594	605	361	296	288	87	7354267654878491	21234551346284532
2305843009213693950	25	60	10092	33080	0	594	605	361	90	67	4	7354267654878491	21234551346284532
144115188075855870	25	60	10092	33080	0	594	605	361	4	6	0	7354267654878491	21234551346284532
6148914691236495	25	60	10092	33080	0	594	605	361	0	0	0	18446744073709551615	18446744073709551615
9223372036854775806	25	61	10092	19280	0	594	590	353	296	318	92	7354267654878491	43101032433561777
2305843009213693950	25	61	10092	19280	0	594	590	353	90	71	4	7354267654878491	43101032433561777
144115188075855870	25	61	10092	19280	0	594	590	353	4	3	0	7354267654878491	43101032433561777
6148914691236495	25	61	10092	19280	0	594	590	353	0	0	0	18446744073709551615	18446744073709551615
9223372036854775806	25	62	10092	8703	0	594	586	356	296	295	93	7354267654878491	21265985390459575
2305843009213693950	25	62	10092	8703	0	594	586	356	90	74	6	7354267654878491	21265985390459575
144115188075855870	25	62	10092	8703	0	594	586	356	4	5	0	7354267654878491	21265985390459575
6148914691236495	25	62	10092	8703	0	594	586	356	0	0	0	18446744073709551615	18446744073709551615
9223372036854775806	25	63	10092	18798	0	594	587	365	296	268	83	7354267654878491	15005778287697291
2305843009213693950	25	63	10092	18798	0	594	587	365	90	71	4	7354267654878491	15005778287697291
144115188075855870	25	63	10092	18798	0	594	587	365	4	3	0	7354267654878491	15005778287697291
6148914691236495	25	63	10092	18798	0	594	587	365	0	0	0	18446744073709551615	18446744073709551615
9223372036854775806	26	27	35222	8487	0	601	592	364	325	278	101	6767251757431065	4893775207410366
2305843009213693950	26	27	35222	8487	0	601	592	364	91	69	5	6767251757431065	4893775207410366
144115188075855870	26	27	35222	8487	0	601	592	364	7	5	1	6767251757431065	4893775207410366
6148914691236495	26	27	35222	8487	0	601	592	364	0	0	0	18446744073709551615	18446744073709551615
9223372036854775806	26	28	35222	12647	0	601	597	361	325	297	97	6767251757431065	1692374620791229
2305843009213693950	26	28	35222	12647	0	601	597	361	91	82	11	6767251757431065	1692374620791229
144115188075855870	26	28	35222	12647	0	601	597	361	7	10	0	6767251757431065	1692374620791229
6148914691236495	26	28	35222	12647	0	601	597	361	0	2	0	18446744073709551615	1692374620791229
9223372036854775806	26	29	35222	10798	0	601	566	342	325	296	102	6767251757431065	20776250396026951
2305843009213693950	26	29	35222	10798	0	601	566	342	91	78	10	6767251757431065	20776250396026951
144115188075855870	26	29	35222	10798	0	601	566	342	7	7	0	6767251757431065	20776250396026951
6148914691236495	26	29	35222	10798	0	601	566	342	0	0	0	18446744073709551615	18446744073709551615
9223372036854775806	26	30	35222	25650	0	601	597	361	325	283	96	6767251757431065	3662753934290118
2305843009213693950	26	30	35222	25650	0	601	597	361	91	77	3	6767251757431065	3662753934290118
144115188075855870	26	30	35222	25650	0	601	597	361	7	4	0	6767251757431065	3662753934290118
6148914691236495	26	30	35222	25650	0	601	597	361	0	0	0	18446744073709551615	18446744073709551615
9223372036854775806	26	31	35222	34514	0	601	611	382	325	287	97	6767251757431065	6941176516761588
2305843009213693950	26	31	35222	34514	0	601	611	382	91	58	5	6767251757431065	6941176516761588
144115188075855870	26	31	35222	34514	0	601	611	382	7	4	0	6767251757431065	6941176516761588
6148914691236495	26	31	35222	34514	0	601	611	382	0	0	0	18446744073709551615	18446744073709551615
9223372036854775806	26	32	35222	8941	0	601	618	383	325	316	103	6767251757431065	41509711107450482
2305843009213693950	26	32	35222	8941	0	601	618	383	91	62	5	6767251757431065	41509711107450482
144115188075855870	26	32	35222	8941	0	601	618	383	7	2	0	6767251757431065	41509711107450482
6148914691236495	26	32	35222	8941	0	601	618	383	0	0	0	18446744073709551615	18446744073709551615
9223372036854775806	26	33	35222	18606	0	601	587	351	325	275	82	6767251757431065	853515616737708
2305843009213693950	26	33	35222	18606	0	601	587	351	91	87	7	6767251757431065	853515616737708
144115188075855870	26	33	35222	18606	0	601	587	351	7	5	0	6767251757431065	853515616737708
6148914691236495	26	33	35222	18606	0	601	587	351	0	1	0	18446744073709551615	853515616737708
9223372036854775806	26	34	35222	25591	0	601	601	365	325	280	87	6767251757431065	6928079483968818
2305843009213693950	26	34	35222	25591	0	601	601	365	91	79	2	6767251757431065	6928079483968818
144115188075855870	26	34	35222	25591	0	601	601	365	7	7	0	6767251757431065	6928079483968818
6148914691236495	26	34	35222	25591	0	601	601	365	0	0	0	18446744073709551615	18446744073709551615
9223372036854775806	26	35	35222	46113	0	601	590	358	325	315	92	6767251757431065	7541477037468554
2305843009213693950	26	35	35222	46113	0	601	590	358	91	87	9	6767251757431065	7541477037468554
144115188075855870	26	35	35222	46113	0	601	590	358	7	5	0	6767251757431065	7541477037468554
6148914691236495	26	35	35222	46113	0	601	590	358	0	0	0	18446744073709551615	18446744073709551615
9223372036854775806	26	36	35222	19622	0	601	589	353	325	288	84	6767251757431065	16578064053768791
2305843009213693950	26	36	35222	19622	0	601	589	353	91	66	8	6767251757431065	16578064053768791
144115188075855870	26	36	35222	19622	0	601	589	353	7	7	1	6767251757431065	16578064053768791
6148914691236495	26	36	35222	19622	0	601	589	353	0	0	0	18446744073709551615	18446744073709551615
9223372036854775806	26	37	35222	61384	0	601	0	0	325	0	0	6767251757431065	18446744073709551615
2305843009213693950	26	37	35222	61384	0	601	0	0	91	0	0	6767251757431065	18446744073709551615
144115188075855870	26	37	35222	61384	0	601	0	0	7	0	0	6767251757431065	18446744073709551615
6148914691236495	26	37	35222	61384	0	601	0	0	0	0	0	18446744073709551615	18446744073709551615
9223372036854775806	26	38	35222	1850	0	601	593	352	325	286	86	6767251757431065	2925841906355596
2305843009213693950	26	38	35222	1850	0	601	593	352	91	71	7	6767251757431065	2925841906355596
144115188075855870	26	38	35222	1850	0	601	593	352	7	2	0	6767251757431065	2925841906355596
6148914691236495	26	38	35222	1850	0	601	593	352	0	1	0	18446744073709551615	2925841906355596
9223372036854775806	26	39	35222	49493	0	601	597	360	325	308	110	6767251757431065	2369895518816490
2305843009213693950	26	39	35222	49493	0	601	597	360	91	76	8	6767251757431065	2369895518816490
144115188075855870	26	39	35222	49493	0	601	597	360	7	3	0	6767251757431065	2369895518816490
6148914691236495	26	39	35222	49493	0	601	597	360	0	1	0	18446744073709551615	2369895518816490
9223372036854775806	26	40	35222	43652	0	601	575	359	325	278	96	6767251757431065	42882982723515030
2305843009213693950	26	40	35222	43652	0	601	575	359	91	67	9	6767251757431065	42882982723515030
144115188075855870	26	40	35222	43652	0	601	575	359	7	1	0	6767251757431065	42882982723515030
6148914691236495	26	40	35222	43652	0	601	575	359	0	0	0	18446744073709551615	18446744073709551615
9223372036854775806	26	41	35222	65253	0	601	0	0	325	0	0	6767251757431065	18446744073709551615
2305843009213693950	26	41	35222	65253	0	601	0	0	91	0	0	6767251757431065	18446744073709551615
144115188075855870	26	41	35222	65253	0	601	0	0	7	0	0	6767251757431065	18446744073709551615
6148914691236495	26	41	35222	65253	0	601	0	0	0	0	0	18446744073709551615	18446744073709551615
9223372036854775806	26	42	35222	24016	0	601	582	355	325	278	87	6767251757431065	23566389845982477
2305843009213693950	26	42	35222	24016	0	601	582	355	91	65	8	6767251757431065	23566389845982477
144115188075855870	26	42	35222	24016	0	601	582	355	7	5	0	6767251757431065	23566389845982477
6148914691236495	26	42	35222	24016	0	601	582	355	0	0	0	18446744073709551615	18446744073709551615
9223372036854775806	26	43	35222	39014	0	601	577	339	325	286	96	6767251757431065	9614967626582621
2305843009213693950	26	43	35222	39014	0	601	577	339	91	69	6	6767251757431065	9614967626582621
144115188075855870	26	43	35222	39014	0	601	577	339	7	3	0	6767251757431065	9614967626582621
6148914691236495	26	43	35222	39014	0	601	577	339	0	0	0	18446744073709551615	18446744073709551615
9223372036854775806	26	44	35222	50585	0	601	573	340	325	297	93	6767251757431065	2197102958816999
2305843009213693950	26	44	35222	50585	0	601	573	340	91	76	8	6767251757431065	2197102958816999
144115188075855870	26	44	35222	50585	0	601	573	340	7	5	0	6767251757431065	2197102958816999
6148914691236495	26	44	35222	50585	0	601	573	340	0	1	0	18446744073709551615	2197102958816999
9223372036854775806	26	45	35222	543	0	601	595	344	325	277	80	6767251757431065	3529678978331514
2305843009213693950	26	45	35222	543	0	601	595	344	91	72	10	6767251757431065	3529678978331514
144115188075855870	26	45	35222	543	0	601	595	344	7	5	0	6767251757431065	3529678978331514
6148914691236495	26	45	35222	543	0	601	595	344	0	0	0	18446744073709551615	18446744073709551615
9223372036854775806	26	46	35222	28348	0	601	584	354	325	308	104	6767251757431065	7659861853809104
2305843009213693950	26	46	35222	28348	0	601	584	354	91	83	2	6767251757431065	7659861853809104
144115188075855870	26	46	35222	28348	0	601	584	354	7	7	0	6767251757431065	7659861853809104
6148914691236495	26	46	35222	28348	0	601	584	354	0	0	0	18446744073709551615	18446744073709551615
9223372036854775806	26	47	35222	36508	0	601	558	329	325	281	93	6767251757431065	5699832315310769
2305843009213693950	26	47	35222	36508	0	601	558	329	91	79	9	6767251757431065	5699832315310769
144115188075855870	26	47	35222	36508	0	601	558	329	7	5	0	6767251757431065	5699832315310769
6148914691236495	26	47	35222	36508	0	601	558	329	0	0	0	18446744073709551615	18446744073709551615
9223372036854775806	26	48	35222	10875	0	601	578	363	325	291	101	6767251757431065	25099112878567966
2305843009213693950	26	48	35222	10875	0	601	578	363	91	75	4	6767251757431065	25099112878567966
144115188075855870	26	48	35222	10875	0	601	578	363	7	4	0	6767251757431065	25099112878567966
6148914691236495	26	48	35222	10875	0	601	578	363	0	0	0	18446744073709551615	18446744073709551615
9223372036854775806	26	49	35222	34534	0	601	571	338	325	301	88	6767251757431065	1691219382961787
2305843009213693950	26	49	35222	34534	0	601	571	338	91	75	9	6767251757431065	1691219382961787
144115188075855870	26	49	35222	34534	0	601	571	338	7	4	0	6767251757431065	1691219382961787
6148914691236495	26	49	35222	34534	0	601	571	338	0	1	0	18446744073709551615	1691219382961787
9223372036854775806	26	50	35222	26791	0	601	623	375	325	301	100	6767251757431065	15400635981762684
2305843009213693950	26	50	35222	26791	0	601	623	375	91	85	11	6767251757431065	15400635981762684
144115188075855870	26	50	35222	26791	0	601	623	375	7	6	0	6767251757431065	15400635981762684
6148914691236495	26	50	35222	26791	0	601	623	375	0	0	0	18446744073709551615	18446744073709551615
9223372036854775806	26	51	35222	32876	0	601	586	361	325	292	96	6767251757431065	41742007892017841
2305843009213693950	26	51	35222	32876	0	601	586	361	91	77	6	6767251757431065	41742007892017841
144115188075855870	26	51	35222	32876	0	601	586	361	7	3	0	6767251757431065	41742007892017841
6148914691236495	26	51	35222	32876	0	601	586	361	0	0	0	18446744073709551615	18446744073709551615
9223372036854775806	26	52	35222	13804	0	601	574	339	325	300	99	6767251757431065	2790875122670278
2305843009213693950	26	52	35222	13804	0	601	574	339	91	63	5	6767251757431065	2790875122670278
144115188075855870	26	52	35222	13804	0	601	574	339	7	3	0	6767251757431065	2790875122670278
6148914691236495	26	52	35222	13804	0	601	574	339	0	1	0	18446744073709551615	2790875122670278
9223372036854775806	26	53	35222	28986	0	601	592	365	325	313	110	6767251757431065	26017863593228402
2305843009213693950	26	53	35222	28986	0	601	592	365	91	67	7	6767251757431065	26017863593228402
144115188075855870	26	53	35222	28986	0	601	592	365	7	5	0	6767251757431065	26017863593228402
6148914691236495	26	53	35222	28986	0	601	592	365	0	0	0	18446744073709551615	18446744073709551615
9223372036854775806	26	54	35222	20288	0	601	577	343	325	279	79	6767251757431065	6993834807301157
2305843009213693950	26	54	35222	20288	0	601	577	343	91	77	3	6767251757431065	6993834807301157
144115188075855870	26	54	35222	20288	0	601	577	343	7	2	0	6767251757431065	6993834807301157
6148914691236495	26	54	35222	20288	0	601	577	343	0	0	0	18446744073709551615	18446744073709551615
9223372036854775806	26	55	35222	41436	0	601	582	352	325	287	94	6767251757431065	25612715942692053
2305843009213693950	26	55	35222	41436	0	601	582	352	91	79	5	6767251757431065	25612715942692053
144115188075855870	26	55	35222	41436	0	601	582	352	7	3	0	6767251757431065	25612715942692053
6148914691236495	26	55	35222	41436	0	601	582	352	0	0	0	18446744073709551615	18446744073709551615
9223372036854775806	26	56	35222	41867	0	601	603	356	325	288	88	6767251757431065	8795885601060178
2305843009213693950	26	56	35222	41867	0	601	603	356	91	69	9	6767251757431065	8795885601060178
144115188075855870	26	56	35222	41867	0	601	603	356	7	8	0	6767251757431065	8795885601060178
6148914691236495	26	56	35222	41867	0	601	603	356	0	0	0	18446744073709551615	18446744073709551615
9223372036854775806	26	57	35222	55273	0	601	375	211	325	182	62	6767251757431065	57484945731452901
2305843009213693950	26	57	35222	55273	0	601	375	211	91	51	6	6767251757431065	57484945731452901
144115188075855870	26	57	35222	55273	0	601	375	211	7	3	0	6767251757431065	57484945731452901
6148914691236495	26	57	35222	55273	0	601	375	211	0	0	0	18446744073709551615	18446744073709551615
9223372036854775806	26	58	35222	48095	0	601	592	354	325	279	96	6767251757431065	5858463627943568
2305843009213693950	26	58	35222	48095	0	601	592	354	91	78	9	6767251757431065	5858463627943568
144115188075855870	26	58	35222	48095	0	601	592	354	7	5	0	6767251757431065	5858463627943568
6148914691236495	26	58	35222	48095	0	601	592	354	0	0	0	18446744073709551615	18446744073709551615
9223372036854775806	26	59	35222	55964	0	601	246	153	325	121	45	6767251757431065	4794458762861514
2305843009213693950	26	59	35222	55964	0	601	246	153	91	34	4	6767251757431065	4794458762861514
144115188075855870	26	59	35222	55964	0	601	246	153	7	6	1	6767251757431065	4794458762861514
6148914691236495	26	59	35222	55964	0	601	246	153	0	0	0	18446744073709551615	18446744073709551615
9223372036854775806	26	60	35222	33080	0	601	605	373	325	288	96	6767251757431065	21234551346284532
2305843009213693950	26	60	35222	33080	0	601	605	373	91	67	8	6767251757431065	21234551346284532
144115188075855870	26	60	35222	33080	0	601	605	373	7	6	0	6767251757431065	21234551346284532
6148914691236495	26	60	35222	33080	0	601	605	373	0	0	0	18446744073709551615	18446744073709551615
9223372036854775806	26	61	35222	19280	0	601	590	356	325	318	103	6767251757431065	43101032433561777
2305843009213693950	26	61	35222	19280	0	601	590	356	91	71	6	6767251757431065	43101032433561777
144115188075855870	26	61	35222	19280	0	601	590	356	7	3	0	6767251757431065	43101032433561777
6148914691236495	26	61	35222	19280	0	601	590	356	0	0	0	18446744073709551615	18446744073709551615
9223372036854775806	26	62	35222	8703	0	601	586	340	325	295	95	6767251757431065	21265985390459575
2305843009213693950	26	62	35222	8703	0	601	586	340	91	74	7	6767251757431065	21265985390459575
144115188075855870	26	62	35222	8703	0	601	586	340	7	5	0	6767251757431065	21265985390459575
6148914691236495	26	62	35222	8703	0	601	586	340	0	0	0	18446744073709551615	18446744073709551615
9223372036854775806	26	63	35222	18798	0	601	587	367	325	268	96	6767251757431065	15005778287697291
2305843009213693950	26	63	35222	18798	0	601	587	367	91	71	10	6767251757431065	15005778287697291
144115188075855870	26	63	35222	18798	0	601	587	367	7	3	0	6767251757431065	15005778287697291
6148914691236495	26	63	35222	18798	0	601	587	367	0	0	0	18446744073709551615	18446744073709551615
9223372036854775806	27	28	8487	12647	0	592	597	355	278	297	85	4893775207410366	1692374620791229
2305843009213693950	27	28	8487	12647	0	592	597	355	69	82	7	4893775207410366	1692374620791229
144115188075855870	27	28	8487	12647	0	592	597	355	5	10	0	4893775207410366	1692374620791229
6148914691236495	27	28	8487	12647	0	592	597	355	0	2	0	18446744073709551615	1692374620791229
9223372036854775806	27	29	8487	10798	0	592	566	345	278	296	79	4893775207410366	20776250396026951
2305843009213693950	27	29	8487	10798	0	592	566	345	69	78	7	4893775207410366	20776250396026951
144115188075855870	27	29	8487	10798	0	592	566	345	5	7	0	4893775207410366	20776250396026951
6148914691236495	27	29	8487	10798	0	592	566	345	0	0	0	18446744073709551615	18446744073709551615
9223372036854775806	27	30	8487	25650	0	592	597	350	278	283	70	4893775207410366	3662753934290118
2305843009213693950	27	30	8487	25650	0	592	597	350	69	77	3	4893775207410366	3662753934290118
144115188075855870	27	30	8487	25650	0	592	597	350	5	4	0	4893775207410366	3662753934290118
6148914691236495	27	30	8487	25650	0	592	597	350	0	0	0	18446744073709551615	18446744073709551615
9223372036854775806	27	31	8487	34514	0	592	611	347	278	287	71	4893775207410366	6941176516761588
2305843009213693950	27	31	8487	34514	0	592	611	347	69	58	3	4893775207410366	6941176516761588
144115188075855870	27	31	8487	34514	0	592	611	347	5	4	0	4893775207410366	6941176516761588
6148914691236495	27	31	8487	34514	0	592	611	347	0	0	0	18446744073709551615	18446744073709551615
9223372036854775806	27	32	8487	8941	0	592	618	372	278	316	82	4893775207410366	41509711107450482
2305843009213693950	27	32	8487	8941	0	592	618	372	69	62	6	4893775207410366	41509711107450482
144115188075855870	27	32	8487	8941	0	592	618	372	5	2	0	4893775207410366	41509711107450482
6148914691236495	27	32	8487	8941	0	592	618	372	0	0	0	18446744073709551615	18446744073709551615
9223372036854775806	27	33	8487	18606	0	592	587	332	278	275	72	4893775207410366	853515616737708
2305843009213693950	27	33	8487	18606	0	592	587	332	69	87	5	4893775207410366	853515616737708
144115188075855870	27	33	8487	18606	0	592	587	332	5	5	0	4893775207410366	853515616737708
6148914691236495	27	33	8487	18606	0	592	587	332	0	1	0	18446744073709551615	853515616737708
9223372036854775806	27	34	8487	25591	0	592	601	349	278	280	72	4893775207410366	6928079483968818
2305843009213693950	27	34	8487	25591	0	592	601	349	69	79	6	4893775207410366	6928079483968818
144115188075855870	27	34	8487	25591	0	592	601	349	5	7	0	4893775207410366	6928079483968818
6148914691236495	27	34	8487	25591	0	592	601	349	0	0	0	18446744073709551615	18446744073709551615
9223372036854775806	27	35	8487	46113	0	592	590	344	278	315	72	4893775207410366	7541477037468554
2305843009213693950	27	35	8487	46113	0	592	590	344	69	87	2	4893775207410366	7541477037468554
144115188075855870	27	35	8487	46113	0	592	590	344	5	5	0	4893775207410366	7541477037468554
6148914691236495	27	35	8487	46113	0	592	590	344	0	0	0	18446744073709551615	18446744073709551615
9223372036854775806	27	36	8487	19622	0	592	589	343	278	288	70	4893775207410366	16578064053768791
2305843009213693950	27	36	8487	19622	0	592	589	343	69	66	5	4893775207410366	16578064053768791
144115188075855870	27	36	8487	19622	0	592	589	343	5	7	0	4893775207410366	16578064053768791
6148914691236495	27	36	8487	19622	0	592	589	343	0	0	0	18446744073709551615	18446744073709551615
9223372036854775806	27	37	8487	61384	0	592	0	0	278	0	0	4893775207410366	18446744073709551615
2305843009213693950	27	37	8487	61384	0	592	0	0	69	0	0	4893775207410366	18446744073709551615
144115188075855870	27	37	8487	61384	0	592	0	0	5	0	0	4893775207410366	18446744073709551615
6148914691236495	27	37	8487	61384	0	592	0	0	0	0	0	18446744073709551615	18446744073709551615
9223372036854775806	27	38	8487	1850	0	592	593	352	278	286	84	4893775207410366	2925841906355596
2305843009213693950	27	38	8487	1850	0	592	593	352	69	71	5	4893775207410366	2925841906355596
144115188075855870	27	38	8487	1850	0	592	593	352	5	2	0	4893775207410366	2925841906355596
6148914691236495	27	38	8487	1850	0	592	593	352	0	1	0	18446744073709551615	2925841906355596
9223372036854775806	27	39	8487	49493	0	592	597	362	278	308	83	4893775207410366	2369895518816490
2305843009213693950	27	39	8487	49493	0	592	597	362	69	76	5	4893775207410366	2369895518816490
144115188075855870	27	39	8487	49493	0	592	597	362	5	3	0	4893775207410366	2369895518816490
6148914691236495	27	39	8487	49493	0	592	597	362	0	1	0	18446744073709551615	2369895518816490
9223372036854775806	27	40	8487	43652	0	592	575	332	278	278	81	4893775207410366	42882982723515030
2305843009213693950	27	40	8487	43652	0	592	575	332	69	67	9	4893775207410366	42882982723515030
144115188075855870	27	40	8487	43652	0	592	575	332	5	1	0	4893775207410366	42882982723515030
6148914691236495	27	40	8487	43652	0	592	575	332	0	0	0	18446744073709551615	18446744073709551615
9223372036854775806	27	41	8487	65253	0	592	0	0	278	0	0	4893775207410366	18446744073709551615
2305843009213693950	27	41	8487	65253	0	592	0	0	69	0	0	4893775207410366	18446744073709551615
144115188075855870	27	41	8487	65253	0	592	0	0	5	0	0	4893775207410366	18446744073709551615
6148914691236495	27	41	8487	65253	0	592	0	0	0	0	0	18446744073709551615	18446744073709551615
9223372036854775806	27	42	8487	24016	0	592	582	347	278	278	92	4893775207410366	23566389845982477
2305843009213693950	27	42	8487	24016	0	592	582	347	69	65	6	4893775207410366	23566389845982477
144115188075855870	27	42	8487	24016	0	592	582	347	5	5	0	4893775207410366	23566389845982477
6148914691236495	27	42	8487	24016	0	592	582	347	0	0	0	18446744073709551615	18446744073709551615
9223372036854775806	27	43	8487	39014	0	592	577	335	278	286	86	4893775207410366	9614967626582621
2305843009213693950	27	43	8487	39014	0	592	577	335	69	69	3	4893775207410366	9614967626582621
144115188075855870	27	43	8487	39014	0	592	577	335	5	3	0	4893775207410366	9614967626582621
6148914691236495	27	43	8487	39014	0	592	577	335	0	0	0	18446744073709551615	18446744073709551615
9223372036854775806	27	44	8487	50585	0	592	573	333	278	297	77	4893775207410366	2197102958816999
2305843009213693950	27	44	8487	50585	0	592	573	333	69	76	8	4893775207410366	2197102958816999
144115188075855870	27	44	8487	50585	0	592	573	333	5	5	0	4893775207410366	2197102958816999
6148914691236495	27	44	8487	50585	0	592	573	333	0	1	0	18446744073709551615	2197102958816999
9223372036854775806	27	45	8487	543	0	592	595	340	278	277	66	4893775207410366	3529678978331514
2305843009213693950	27	45	8487	543	0	592	595	340	69	72	5	4893775207410366	3529678978331514
144115188075855870	27	45	8487	543	0	592	595	340	5	5	0	4893775207410366	3529678978331514
6148914691236495	27	45	8487	543	0	592	595	340	0	0	0	18446744073709551615	18446744073709551615
9223372036854775806	27	46	8487	28348	0	592	584	350	278	308	103	4893775207410366	7659861853809104
2305843009213693950	27	46	8487	28348	0	592	584	350	69	83	4	4893775207410366	7659861853809104
144115188075855870	27	46	8487	28348	0	592	584	350	5	7	0	4893775207410366	7659861853809104
6148914691236495	27	46	8487	28348	0	592	584	350	0	0	0	18446744073709551615	18446744073709551615
9223372036854775806	27	47	8487	36508	0	592	558	338	278	281	84	4893775207410366	5699832315310769
2305843009213693950	27	47	8487	36508	0	592	558	338	69	79	3	4893775207410366	5699832315310769
144115188075855870	27	47	8487	36508	0	592	558	338	5	5	0	4893775207410366	5699832315310769
6148914691236495	27	47	8487	36508	0	592	558	338	0	0	0	18446744073709551615	18446744073709551615
9223372036854775806	27	48	8487	10875	0	592	578	349	278	291	73	4893775207410366	25099112878567966
2305843009213693950	27	48	8487	10875	0	592	578	349	69	75	4	4893775207410366	25099112878567966
144115188075855870	27	48	8487	10875	0	592	578	349	5	4	0	4893775207410366	25099112878567966
6148914691236495	27	48	8487	10875	0	592	578	349	0	0	0	18446744073709551615	18446744073709551615
9223372036854775806	27	49	8487	34534	0	592	571	340	278	301	85	4893775207410366	1691219382961787
2305843009213693950	27	49	8487	34534	0	592	571	340	69	75	9	4893775207410366	1691219382961787
144115188075855870	27	49	8487	34534	0	592	571	340	5	4	0	4893775207410366	1691219382961787
6148914691236495	27	49	8487	34534	0	592	571	340	0	1	0	18446744073709551615	1691219382961787
9223372036854775806	27	50	8487	26791	0	592	623	370	278	301	85	4893775207410366	15400635981762684
2305843009213693950	27	50	8487	26791	0	592	623	370	69	85	5	4893775207410366	15400635981762684
144115188075855870	27	50	8487	26791	0	592	623	370	5	6	0	4893775207410366	15400635981762684
6148914691236495	27	50	8487	26791	0	592	623	370	0	0	0	18446744073709551615	18446744073709551615
9223372036854775806	27	51	8487	32876	0	592	586	341	278	292	76	4893775207410366	41742007892017841
2305843009213693950	27	51	8487	32876	0	592	586	341	69	77	5	4893775207410366	41742007892017841
144115188075855870	27	51	8487	32876	0	592	586	341	5	3	0	4893775207410366	41742007892017841
6148914691236495	27	51	8487	32876	0	592	586	341	0	0	0	18446744073709551615	18446744073709551615
9223372036854775806	27	52	8487	13804	0	592	574	340	278	300	81	4893775207410366	2790875122670278
2305843009213693950	27	52	8487	13804	0	592	574	340	69	63	4	4893775207410366	2790875122670278
144115188075855870	27	52	8487	13804	0	592	574	340	5	3	0	4893775207410366	2790875122670278
6148914691236495	27	52	8487	13804	0	592	574	340	0	1	0	18446744073709551615	2790875122670278
9223372036854775806	27	53	8487	28986	0	592	592	351	278	313	91	4893775207410366	26017863593228402
2305843009213693950	27	53	8487	28986	0	592	592	351	69	67	7	4893775207410366	26017863593228402
144115188075855870	27	53	8487	28986	0	592	592	351	5	5	0	4893775207410366	26017863593228402
6148914691236495	27	53	8487	28986	0	592	592	351	0	0	0	18446744073709551615	18446744073709551615
9223372036854775806	27	54	8487	20288	0	592	577	330	278	279	63	4893775207410366	6993834807301157
2305843009213693950	27	54	8487	20288	0	592	577	330	69	77	4	4893775207410366	6993834807301157
144115188075855870	27	54	8487	20288	0	592	577	330	5	2	0	4893775207410366	6993834807301157
6148914691236495	27	54	8487	20288	0	592	577	330	0	0	0	18446744073709551615	18446744073709551615
9223372036854775806	27	55	8487	41436	0	592	582	342	278	287	88	4893775207410366	25612715942692053
2305843009213693950	27	55	8487	41436	0	592	582	342	69	79	8	4893775207410366	25612715942692053
144115188075855870	27	55	8487	41436	0	592	582	342	5	3	0	4893775207410366	25612715942692053
6148914691236495	27	55	8487	41436	0	592	582	342	0	0	0	18446744073709551615	18446744073709551615
9223372036854775806	27	56	8487	41867	0	592	603	351	278	288	72	4893775207410366	8795885601060178
2305843009213693950	27	56	8487	41867	0	592	603	351	69	69	5	4893775207410366	8795885601060178
144115188075855870	27	56	8487	41867	0	592	603	351	5	8	0	4893775207410366	8795885601060178
6148914691236495	27	56	8487	41867	0	592	603	351	0	0	0	18446744073709551615	18446744073709551615
9223372036854775806	27	57	8487	55273	0	592	375	226	278	182	55	4893775207410366	57484945731452901
2305843009213693950	27	57	8487	55273	0	592	375	226	69	51	1	4893775207410366	57484945731452901
144115188075855870	27	57	8487	55273	0	592	375	226	5	3	0	4893775207410366	57484945731452901
6148914691236495	27	57	8487	55273	0	592	375	226	0	0	0	18446744073709551615	18446744073709551615
9223372036854775806	27	58	8487	48095	0	592	592	343	278	279	79	4893775207410366	5858463627943568
2305843009213693950	27	58	8487	48095	0	592	592	343	69	78	2	4893775207410366	5858463627943568
144115188075855870	27	58	8487	48095	0	592	592	343	5	5	0	4893775207410366	5858463627943568
6148914691236495	27	58	8487	48095	0	592	592	343	0	0	0	18446744073709551615	18446744073709551615
9223372036854775806	27	59	8487	55964	0	592	246	151	278	121	39	4893775207410366	4794458762861514
2305843009213693950	27	59	8487	55964	0	592	246	151	69	34	4	4893775207410366	4794458762861514
144115188075855870	27	59	8487	55964	0	592	246	151	5	6	0	4893775207410366	4794458762861514
6148914691236495	27	59	8487	55964	0	592	246	151	0	0	0	18446744073709551615	18446744073709551615
9223372036854775806	27	60	8487	33080	0	592	605	364	278	288	79	4893775207410366	21234551346284532
2305843009213693950	27	60	8487	33080	0	592	605	364	69	67	4	4893775207410366	21234551346284532
144115188075855870	27	60	8487	33080	0	592	605	364	5	6	0	4893775207410366	21234551346284532
6148914691236495	27	60	8487	33080	0	592	605	364	0	0	0	18446744073709551615	18446744073709551615
9223372036854775806	27	61	8487	19280	0	592	590	352	278	318	93	4893775207410366	43101032433561777
2305843009213693950	27	61	8487	19280	0	592	590	352	69	71	2	4893775207410366	43101032433561777
144115188075855870	27	61	8487	19280	0	592	590	352	5	3	0	4893775207410366	43101032433561777
6148914691236495	27	61	8487	19280	0	592	590	352	0	0	0	18446744073709551615	18446744073709551615
9223372036854775806	27	62	8487	8703	0	592	586	342	278	295	80	4893775207410366	21265985390459575
2305843009213693950	27	62	8487	8703	0	592	586	342	69	74	6	4893775207410366	21265985390459575
144115188075855870	27	62	8487	8703	0	592	586	342	5	5	0	4893775207410366	21265985390459575
6148914691236495	27	62	8487	8703	0	592	586	342	0	0	0	18446744073709551615	18446744073709551615
9223372036854775806	27	63	8487	18798	0	592	587	351	278	268	68	4893775207410366	15005778287697291
2305843009213693950	27	63	8487	18798	0	592	587	351	69	71	6	4893775207410366	15005778287697291
144115188075855870	27	63	8487	18798	0	592	587	351	5	3	0	4893775207410366	15005778287697291
6148914691236495	27	63	8487	18798	0	592	587	351	0	0	0	18446744073709551615	18446744073709551615
9223372036854775806	28	29	12647	10798	0	597	566	343	297	296	92	1692374620791229	20776250396026951
2305843009213693950	28	29	12647	10798	0	597	566	343	82	78	8	1692374620791229	20776250396026951
144115188075855870	28	29	12647	10798	0	597	566	343	10	7	0	1692374620791229	20776250396026951
6148914691236495	28	29	12647	10798	0	597	566	343	2	0	0	1692374620791229	18446744073709551615
9223372036854775806	28	30	12647	25650	0	597	597	353	297	283	82	1692374620791229	3662753934290118
2305843009213693950	28	30	12647	25650	0	597	597	353	82	77	5	1692374620791229	3662753934290118
144115188075855870	28	30	12647	25650	0	597	597	353	10	4	0	1692374620791229	3662753934290118
6148914691236495	28	30	12647	25650	0	597	597	353	2	0	0	1692374620791229	18446744073709551615
9223372036854775806	28	31	12647	34514	0	597	611	375	297	287	87	1692374620791229	6941176516761588
2305843009213693950	28	31	12647	34514	0	597	611	375	82	58	11	1692374620791229	6941176516761588
144115188075855870	28	31	12647	34514	0	597	611	375	10	4	0	1692374620791229	6941176516761588
6148914691236495	28	31	12647	34514	0	597	611	375	2	0	0	1692374620791229	18446744073709551615
9223372036854775806	28	32	12647	8941	0	597	618	373	297	316	101	1692374620791229	41509711107450482
2305843009213693950	28	32	12647	8941	0	597	618	373	82	62	4	1692374620791229	41509711107450482
144115188075855870	28	32	12647	8941	0	597	618	373	10	2	0	1692374620791229	41509711107450482
6148914691236495	28	32	12647	8941	0	597	618	373	2	0	0	1692374620791229	18446744073709551615
9223372036854775806	28	33	12647	18606	0	597	587	360	297	275	88	1692374620791229	853515616737708
2305843009213693950	28	33	12647	18606	0	597	587	360	82	87	3	1692374620791229	853515616737708
144115188075855870	28	33	12647	18606	0	597	587	360	10	5	0	1692374620791229	853515616737708
6148914691236495	28	33	12647	18606	0	597	587	360	2	1	0	1692374620791229	853515616737708
9223372036854775806	28	34	12647	25591	0	597	601	364	297	280	82	1692374620791229	6928079483968818
2305843009213693950	28	34	12647	25591	0	597	601	364	82	79	3	1692374620791229	6928079483968818
144115188075855870	28	34	12647	25591	0	597	601	364	10	7	1	1692374620791229	6928079483968818
6148914691236495	28	34	12647	25591	0	597	601	364	2	0	0	1692374620791229	18446744073709551615
9223372036854775806	28	35	12647	46113	0	597	590	356	297	315	86	1692374620791229	7541477037468554
2305843009213693950	28	35	12647	46113	0	597	590	356	82	87	8	1692374620791229	7541477037468554
144115188075855870	28	35	12647	46113	0	597	590	356	10	5	0	1692374620791229	7541477037468554
6148914691236495	28	35	12647	46113	0	597	590	356	2	0	0	1692374620791229	18446744073709551615
9223372036854775806	28	36	12647	19622	0	597	589	354	297	288	74	1692374620791229	16578064053768791
2305843009213693950	28	36	12647	19622	0	597	589	354	82	66	4	1692374620791229	16578064053768791
144115188075855870	28	36	12647	19622	0	597	589	354	10	7	0	1692374620791229	16578064053768791
6148914691236495	28	36	12647	19622	0	597	589	354	2	0	0	1692374620791229	18446744073709551615
9223372036854775806	28	37	12647	61384	0	597	0	0	297	0	0	1692374620791229	18446744073709551615
2305843009213693950	28	37	12647	61384	0	597	0	0	82	0	0	1692374620791229	18446744073709551615
144115188075855870	28	37	12647	61384	0	597	0	0	10	0	0	1692374620791229	18446744073709551615
6148914691236495	28	37	12647	61384	0	597	0	0	2	0	0	1692374620791229	18446744073709551615
9223372036854775806	28	38	12647	1850	0	597	593	359	297	286	91	1692374620791229	2925841906355596
2305843009213693950	28	38	12647	1850	0	597	593	359	82	71	7	1692374620791229	2925841906355596
144115188075855870	28	38	12647	1850	0	597	593	359	10	2	0	1692374620791229	2925841906355596
6148914691236495	28	38	12647	1850	0	597	593	359	2	1	0	1692374620791229	2925841906355596
9223372036854775806	28	39	12647	49493	0	597	597	361	297	308	85	1692374620791229	2369895518816490
2305843009213693950	28	39	12647	49493	0	597	597	361	82	76	5	1692374620791229	2369895518816490
144115188075855870	28	39	12647	49493	0	597	597	361	10	3	0	1692374620791229	2369895518816490
6148914691236495	28	39	12647	49493	0	597	597	361	2	1	0	1692374620791229	2369895518816490
9223372036854775806	28	40	12647	43652	0	597	575	352	297	278	98	1692374620791229	42882982723515030
2305843009213693950	28	40	12647	43652	0	597	575	352	82	67	7	1692374620791229	42882982723515030
144115188075855870	28	40	12647	43652	0	597	575	352	10	1	0	1692374620791229	42882982723515030
6148914691236495	28	40	12647	43652	0	597	575	352	2	0	0	1692374620791229	18446744073709551615
9223372036854775806	28	41	12647	65253	0	597	0	0	297	0	0	1692374620791229	18446744073709551615
2305843009213693950	28	41	12647	65253	0	597	0	0	82	0	0	1692374620791229	18446744073709551615
144115188075855870	28	41	12647	65253	0	597	0	0	10	0	0	1692374620791229	18446744073709551615
6148914691236495	28	41	12647	65253	0	597	0	0	2	0	0	1692374620791229	18446744073709551615
9223372036854775806	28	42	12647	24016	0	597	582	349	297	278	94	1692374620791229	23566389845982477
2305843009213693950	28	42	12647	24016	0	597	582	349	82	65	4	1692374620791229	23566389845982477
144115188075855870	28	42	12647	24016	0	597	582	349	10	5	0	1692374620791229	23566389845982477
6148914691236495	28	42	12647	24016	0	597	582	349	2	0	0	1692374620791229	18446744073709551615
9223372036854775806	28	43	12647	39014	0	597	577	349	297	286	87	1692374620791229	9614967626582621
2305843009213693950	28	43	12647	39014	0	597	577	349	82	69	6	1692374620791229	9614967626582621
144115188075855870	28	43	12647	39014	0	597	577	349	10	3	0	1692374620791229	9614967626582621
6148914691236495	28	43	12647	39014	0	597	577	349	2	0	0	1692374620791229	18446744073709551615
9223372036854775806	28	44	12647	50585	0	597	573	345	297	297	93	1692374620791229	2197102958816999
2305843009213693950	28	44	12647	50585	0	597	573	345	82	76	9	1692374620791229	2197102958816999
144115188075855870	28	44	12647	50585	0	597	573	345	10	5	0	1692374620791229	2197102958816999
6148914691236495	28	44	12647	50585	0	597	573	345	2	1	0	1692374620791229	2197102958816999
9223372036854775806	28	45	12647	543	0	597	595	359	297	277	77	1692374620791229	3529678978331514
2305843009213693950	28	45	12647	543	0	597	595	359	82	72	3	1692374620791229	3529678978331514
144115188075855870	28	45	12647	543	0	597	595	359	10	5	0	1692374620791229	3529678978331514
6148914691236495	28	45	12647	543	0	597	595	359	2	0	0	1692374620791229	18446744073709551615
9223372036854775806	28	46	12647	28348	0	597	584	330	297	308	97	1692374620791229	7659861853809104
2305843009213693950	28	46	12647	28348	0	597	584	330	82	83	3	1692374620791229	7659861853809104
144115188075855870	28	46	12647	28348	0	597	584	330	10	7	0	1692374620791229	7659861853809104
6148914691236495	28	46	12647	28348	0	597	584	330	2	0	0	1692374620791229	18446744073709551615
9223372036854775806	28	47	12647	36508	0	597	558	326	297	281	85	1692374620791229	5699832315310769
2305843009213693950	28	47	12647	36508	0	597	558	326	82	79	6	1692374620791229	5699832315310769
144115188075855870	28	47	12647	36508	0	597	558	326	10	5	0	1692374620791229	5699832315310769
6148914691236495	28	47	12647	36508	0	597	558	326	2	0	0	1692374620791229	18446744073709551615
9223372036854775806	28	48	12647	10875	0	597	578	346	297	291	94	1692374620791229	25099112878567966
2305843009213693950	28	48	12647	10875	0	597	578	346	82	75	4	1692374620791229	25099112878567966
144115188075855870	28	48	12647	10875	0	597	578	346	10	4	0	1692374620791229	25099112878567966
6148914691236495	28	48	12647	10875	0	597	578	346	2	0	0	1692374620791229	18446744073709551615
9223372036854775806	28	49	12647	34534	0	597	571	336	297	301	94	1692374620791229	1691219382961787
2305843009213693950	28	49	12647	34534	0	597	571	336	82	75	7	1692374620791229	1691219382961787
144115188075855870	28	49	12647	34534	0	597	571	336	10	4	0	1692374620791229	1691219382961787
6148914691236495	28	49	12647	34534	0	597	571	336	2	1	0	1692374620791229	1691219382961787
9223372036854775806	28	50	12647	26791	0	597	623	375	297	301	96	1692374620791229	15400635981762684
2305843009213693950	28	50	12647	26791	0	597	623	375	82	85	8	1692374620791229	15400635981762684
144115188075855870	28	50	12647	26791	0	597	623	375	10	6	0	1692374620791229	15400635981762684
6148914691236495	28	50	12647	26791	0	597	623	375	2	0	0	1692374620791229	18446744073709551615
9223372036854775806	28	51	12647	32876	0	597	586	339	297	292	80	1692374620791229	41742007892017841
2305843009213693950	28	51	12647	32876	0	597	586	339	82	77	7	1692374620791229	41742007892017841
144115188075855870	28	51	12647	32876	0	597	586	339	10	3	0	1692374620791229	41742007892017841
6148914691236495	28	51	12647	32876	0	597	586	339	2	0	0	1692374620791229	18446744073709551615
9223372036854775806	28	52	12647	13804	0	597	574	361	297	300	100	1692374620791229	2790875122670278
2305843009213693950	28	52	12647	13804	0	597	574	361	82	63	9	1692374620791229	2790875122670278
144115188075855870	28	52	12647	13804	0	597	574	361	10	3	0	1692374620791229	2790875122670278
6148914691236495	28	52	12647	13804	0	597	574	361	2	1	0	1692374620791229	2790875122670278
9223372036854775806	28	53	12647	28986	0	597	592	341	297	313	90	1692374620791229	26017863593228402
2305843009213693950	28	53	12647	28986	0	597	592	341	82	67	1	1692374620791229	26017863593228402
144115188075855870	28	53	12647	28986	0	597	592	341	10	5	0	1692374620791229	26017863593228402
6148914691236495	28	53	12647	28986	0	597	592	341	2	0	0	1692374620791229	18446744073709551615
9223372036854775806	28	54	12647	20288	0	597	577	334	297	279	76	1692374620791229	6993834807301157
2305843009213693950	28	54	12647	20288	0	597	577	334	82	77	7	1692374620791229	6993834807301157
144115188075855870	28	54	12647	20288	0	597	577	334	10	2	0	1692374620791229	6993834807301157
6148914691236495	28	54	12647	20288	0	597	577	334	2	0	0	1692374620791229	18446744073709551615
9223372036854775806	28	55	12647	41436	0	597	582	333	297	287	83	1692374620791229	25612715942692053
2305843009213693950	28	55	12647	41436	0	597	582	333	82	79	11	1692374620791229	25612715942692053
144115188075855870	28	55	12647	41436	0	597	582	333	10	3	0	1692374620791229	25612715942692053
6148914691236495	28	55	12647	41436	0	597	582	333	2	0	0	1692374620791229	18446744073709551615
9223372036854775806	28	56	12647	41867	0	597	603	360	297	288	81	1692374620791229	8795885601060178
2305843009213693950	28	56	12647	41867	0	597	603	360	82	69	10	1692374620791229	8795885601060178
144115188075855870	28	56	12647	41867	0	597	603	360	10	8	2	1692374620791229	8795885601060178
6148914691236495	28	56	12647	41867	0	597	603	360	2	0	0	1692374620791229	18446744073709551615
9223372036854775806	28	57	12647	55273	0	597	375	207	297	182	43	1692374620791229	57484945731452901
2305843009213693950	28	57	12647	55273	0	597	375	207	82	51	4	1692374620791229	57484945731452901
144115188075855870	28	57	12647	55273	0	597	375	207	10	3	0	1692374620791229	57484945731452901
6148914691236495	28	57	12647	55273	0	597	375	207	2	0	0	1692374620791229	18446744073709551615
9223372036854775806	28	58	12647	48095	0	597	592	335	297	279	79	1692374620791229	5858463627943568
2305843009213693950	28	58	12647	48095	0	597	592	335	82	78	7	1692374620791229	5858463627943568
144115188075855870	28	58	12647	48095	0	597	592	335	10	5	0	1692374620791229	5858463627943568
6148914691236495	28	58	12647	48095	0	597	592	335	2	0	0	1692374620791229	18446744073709551615
9223372036854775806	28	59	12647	55964	0	597	246	147	297	121	32	1692374620791229	4794458762861514
2305843009213693950	28	59	12647	55964	0	597	246	147	82	34	3	1692374620791229	4794458762861514
144115188075855870	28	59	12647	55964	0	597	246	147	10	6	0	1692374620791229	4794458762861514
6148914691236495	28	59	12647	55964	0	597	246	147	2	0	0	1692374620791229	18446744073709551615
9223372036854775806	28	60	12647	33080	0	597	605	374	297	288	88	1692374620791229	21234551346284532
2305843009213693950	28	60	12647	33080	0	597	605	374	82	67	7	1692374620791229	21234551346284532
144115188075855870	28	60	12647	33080	0	597	605	374	10	6	0	1692374620791229	21234551346284532
6148914691236495	28	60	12647	33080	0	597	605	374	2	0	0	1692374620791229	18446744073709551615
9223372036854775806	28	61	12647	19280	0	597	590	349	297	318	93	1692374620791229	43101032433561777
2305843009213693950	28	61	12647	19280	0	597	590	349	82	71	3	1692374620791229	43101032433561777
144115188075855870	28	61	12647	19280	0	597	590	349	10	3	0	1692374620791229	43101032433561777
6148914691236495	28	61	12647	19280	0	597	590	349	2	0	0	1692374620791229	18446744073709551615
9223372036854775806	28	62	12647	8703	0	597	586	344	297	295	81	1692374620791229	21265985390459575
2305843009213693950	28	62	12647	8703	0	597	586	344	82	74	5	1692374620791229	21265985390459575
144115188075855870	28	62	12647	8703	0	597	586	344	10	5	0	1692374620791229	21265985390459575
6148914691236495	28	62	12647	8703	0	597	586	344	2	0	0	1692374620791229	18446744073709551615
9223372036854775806	28	63	12647	18798	0	597	587	358	297	268	74	1692374620791229	15005778287697291
2305843009213693950	28	63	12647	18798	0	597	587	358	82	71	10	1692374620791229	15005778287697291
144115188075855870	28	63	12647	18798	0	597	587	358	10	3	0	1692374620791229	15005778287697291
6148914691236495	28	63	12647	18798	0	597	587	358	2	0	0	1692374620791229	18446744073709551615
9223372036854775806	29	30	10798	25650	0	566	597	340	296	283	89	20776250396026951	3662753934290118
2305843009213693950	29	30	10798	25650	0	566	597	340	78	77	8	20776250396026951	3662753934290118
144115188075855870	29	30	10798	25650	0	566	597	340	7	4	0	20776250396026951	3662753934290118
6148914691236495	29	30	10798	25650	0	566	597	340	0	0	0	18446744073709551615	18446744073709551615
9223372036854775806	29	31	10798	34514	0	566	611	341	296	287	80	20776250396026951	6941176516761588
2305843009213693950	29	31	10798	34514	0	566	611	341	78	58	3	20776250396026951	6941176516761588
144115188075855870	29	31	10798	34514	0	566	611	341	7	4	0	20776250396026951	6941176516761588
6148914691236495	29	31	10798	34514	0	566	611	341	0	0	0	18446744073709551615	18446744073709551615
9223372036854775806	29	32	10798	8941	0	566	618	367	296	316	98	20776250396026951	41509711107450482
2305843009213693950	29	32	10798	8941	0	566	618	367	78	62	6	20776250396026951	41509711107450482
144115188075855870	29	32	10798	8941	0	566	618	367	7	2	0	20776250396026951	41509711107450482
6148914691236495	29	32	10798	8941	0	566	618	367	0	0	0	18446744073709551615	18446744073709551615
9223372036854775806	29	33	10798	18606	0	566	587	318	296	275	70	20776250396026951	853515616737708
2305843009213693950	29	33	10798	18606	0	566	587	318	78	87	5	20776250396026951	853515616737708
144115188075855870	29	33	10798	18606	0	566	587	318	7	5	0	20776250396026951	853515616737708
6148914691236495	29	33	10798	18606	0	566	587	318	0	1	0	18446744073709551615	853515616737708
9223372036854775806	29	34	10798	25591	0	566	601	335	296	280	85	20776250396026951	6928079483968818
2305843009213693950	29	34	10798	25591	0	566	601	335	78	79	6	20776250396026951	6928079483968818
144115188075855870	29	34	10798	25591	0	566	601	335	7	7	0	20776250396026951	6928079483968818
6148914691236495	29	34	10798	25591	0	566	601	335	0	0	0	18446744073709551615	18446744073709551615
9223372036854775806	29	35	10798	46113	0	566	590	319	296	315	94	20776250396026951	7541477037468554
2305843009213693950	29	35	10798	46113	0	566	590	319	78	87	9	20776250396026951	7541477037468554
144115188075855870	29	35	10798	46113	0	566	590	319	7	5	0	20776250396026951	7541477037468554
6148914691236495	29	35	10798	46113	0	566	590	319	0	0	0	18446744073709551615	18446744073709551615
9223372036854775806	29	36	10798	19622	0	566	589	329	296	288	85	20776250396026951	16578064053768791
2305843009213693950	29	36	10798	19622	0	566	589	329	78	66	2	20776250396026951	16578064053768791
144115188075855870	29	36	10798	19622	0	566	589	329	7	7	0	20776250396026951	16578064053768791
6148914691236495	29	36	10798	19622	0	566	589	329	0	0	0	18446744073709551615	18446744073709551615
9223372036854775806	29	37	10798	61384	0	566	0	0	296	0	0	20776250396026951	18446744073709551615
2305843009213693950	29	37	10798	61384	0	566	0	0	78	0	0	20776250396026951	18446744073709551615
144115188075855870	29	37	10798	61384	0	566	0	0	7	0	0	20776250396026951	18446744073709551615
6148914691236495	29	37	10798	61384	0	566	0	0	0	0	0	18446744073709551615	18446744073709551615
9223372036854775806	29	38	10798	1850	0	566	593	335	296	286	87	20776250396026951	2925841906355596
2305843009213693950	29	38	10798	1850	0	566	593	335	78	71	5	20776250396026951	2925841906355596
144115188075855870	29	38	10798	1850	0	566	593	335	7	2	0	20776250396026951	2925841906355596
6148914691236495	29	38	10798	1850	0	566	593	335	0	1	0	18446744073709551615	2925841906355596
9223372036854775806	29	39	10798	49493	0	566	597	321	296	308	88	20776250396026951	2369895518816490
2305843009213693950	29	39	10798	49493	0	566	597	321	78	76	4	20776250396026951	2369895518816490
144115188075855870	29	39	10798	49493	0	566	597	321	7	3	0	20776250396026951	2369895518816490
6148914691236495	29	39	10798	49493	0	566	597	321	0	1	0	18446744073709551615	2369895518816490
9223372036854775806	29	40	10798	43652	0	566	575	324	296	278	84	20776250396026951	42882982723515030
2305843009213693950	29	40	10798	43652	0	566	575	324	78	67	2	20776250396026951	42882982723515030
144115188075855870	29	40	10798	43652	0	566	575	324	7	1	0	20776250396026951	42882982723515030
6148914691236495	29	40	10798	43652	0	566	575	324	0	0	0	18446744073709551615	18446744073709551615
9223372036854775806	29	41	10798	65253	0	566	0	0	296	0	0	20776250396026951	18446744073709551615
2305843009213693950	29	41	10798	65253	0	566	0	0	78	0	0	20776250396026951	18446744073709551615
144115188075855870	29	41	10798	65253	0	566	0	0	7	0	0	20776250396026951	18446744073709551615
6148914691236495	29	41	10798	65253	0	566	0	0	0	0	0	18446744073709551615	18446744073709551615
9223372036854775806	29	42	10798	24016	0	566	582	328	296	278	79	20776250396026951	23566389845982477
2305843009213693950	29	42	10798	24016	0	566	582	328	78	65	3	20776250396026951	23566389845982477
144115188075855870	29	42	10798	24016	0	566	582	328	7	5	0	20776250396026951	23566389845982477
6148914691236495	29	42	10798	24016	0	566	582	328	0	0	0	18446744073709551615	18446744073709551615
9223372036854775806	29	43	10798	39014	0	566	577	340	296	286	92	20776250396026951	9614967626582621
2305843009213693950	29	43	10798	39014	0	566	577	340	78	69	6	20776250396026951	9614967626582621
144115188075855870	29	43	10798	39014	0	566	577	340	7	3	0	20776250396026951	9614967626582621
6148914691236495	29	43	10798	39014	0	566	577	340	0	0	0	18446744073709551615	18446744073709551615
9223372036854775806	29	44	10798	50585	0	566	573	322	296	297	88	20776250396026951	2197102958816999
2305843009213693950	29	44	10798	50585	0	566	573	322	78	76	9	20776250396026951	2197102958816999
144115188075855870	29	44	10798	50585	0	566	573	322	7	5	0	20776250396026951	2197102958816999
6148914691236495	29	44	10798	50585	0	566	573	322	0	1	0	18446744073709551615	2197102958816999
9223372036854775806	29	45	10798	543	0	566	595	326	296	277	89	20776250396026951	3529678978331514
2305843009213693950	29	45	10798	543	0	566	595	326	78	72	3	20776250396026951	3529678978331514
144115188075855870	29	45	10798	543	0	566	595	326	7	5	0	20776250396026951	3529678978331514
6148914691236495	29	45	10798	543	0	566	595	326	0	0	0	18446744073709551615	18446744073709551615
9223372036854775806	29	46	10798	28348	0	566	584	327	296	308	98	20776250396026951	7659861853809104
2305843009213693950	29	46	10798	28348	0	566	584	327	78	83	4	20776250396026951	7659861853809104
144115188075855870	29	46	10798	28348	0	566	584	327	7	7	0	20776250396026951	7659861853809104
6148914691236495	29	46	10798	28348	0	566	584	327	0	0	0	18446744073709551615	18446744073709551615
9223372036854775806	29	47	10798	36508	0	566	558	319	296	281	79	20776250396026951	5699832315310769
2305843009213693950	29	47	10798	36508	0	566	558	319	78	79	11	20776250396026951	5699832315310769
144115188075855870	29	47	10798	36508	0	566	558	319	7	5	0	20776250396026951	5699832315310769
6148914691236495	29	47	10798	36508	0	566	558	319	0	0	0	18446744073709551615	18446744073709551615
9223372036854775806	29	48	10798	10875	0	566	578	330	296	291	83	20776250396026951	25099112878567966
2305843009213693950	29	48	10798	10875	0	566	578	330	78	75	3	20776250396026951	25099112878567966
144115188075855870	29	48	10798	10875	0	566	578	330	7	4	0	20776250396026951	25099112878567966
6148914691236495	29	48	10798	10875	0	566	578	330	0	0	0	18446744073709551615	18446744073709551615
9223372036854775806	29	49	10798	34534	0	566	571	345	296	301	91	20776250396026951	1691219382961787
2305843009213693950	29	49	10798	34534	0	566	571	345	78	75	7	20776250396026951	1691219382961787
144115188075855870	29	49	10798	34534	0	566	571	345	7	4	0	20776250396026951	1691219382961787
6148914691236495	29	49	10798	34534	0	566	571	345	0	1	0	18446744073709551615	1691219382961787
9223372036854775806	29	50	10798	26791	0	566	623	353	296	301	94	20776250396026951	15400635981762684
2305843009213693950	29	50	10798	26791	0	566	623	353	78	85	7	20776250396026951	15400635981762684
144115188075855870	29	50	10798	26791	0	566	623	353	7	6	0	20776250396026951	15400635981762684
6148914691236495	29	50	10798	26791	0	566	623	353	0	0	0	18446744073709551615	18446744073709551615
9223372036854775806	29	51	10798	32876	0	566	586	329	296	292	83	20776250396026951	41742007892017841
2305843009213693950	29	51	10798	32876	0	566	586	329	78	77	7	20776250396026951	41742007892017841
144115188075855870	29	51	10798	32876	0	566	586	329	7	3	0	20776250396026951	41742007892017841
6148914691236495	29	51	10798	32876	0	566	586	329	0	0	0	18446744073709551615	18446744073709551615
9223372036854775806	29	52	10798	13804	0	566	574	324	296	300	83	20776250396026951	2790875122670278
2305843009213693950	29	52	10798	13804	0	566	574	324	78	63	3	20776250396026951	2790875122670278
144115188075855870	29	52	10798	13804	0	566	574	324	7	3	0	20776250396026951	2790875122670278
6148914691236495	29	52	10798	13804	0	566	574	324	0	1	0	18446744073709551615	2790875122670278
9223372036854775806	29	53	10798	28986	0	566	592	339	296	313	81	20776250396026951	26017863593228402
2305843009213693950	29	53	10798	28986	0	566	592	339	78	67	4	20776250396026951	26017863593228402
144115188075855870	29	53	10798	28986	0	566	592	339	7	5	0	20776250396026951	26017863593228402
6148914691236495	29	53	10798	28986	0	566	592	339	0	0	0	18446744073709551615	18446744073709551615
9223372036854775806	29	54	10798	20288	0	566	577	326	296	279	79	20776250396026951	6993834807301157
2305843009213693950	29	54	10798	20288	0	566	577	326	78	77	4	20776250396026951	6993834807301157
144115188075855870	29	54	10798	20288	0	566	577	326	7	2	0	20776250396026951	6993834807301157
6148914691236495	29	54	10798	20288	0	566	577	326	0	0	0	18446744073709551615	18446744073709551615
9223372036854775806	29	55	10798	41436	0	566	582	321	296	287	79	20776250396026951	25612715942692053
2305843009213693950	29	55	10798	41436	0	566	582	321	78	79	4	20776250396026951	25612715942692053
144115188075855870	29	55	10798	41436	0	566	582	321	7	3	0	20776250396026951	25612715942692053
6148914691236495	29	55	10798	41436	0	566	582	321	0	0	0	18446744073709551615	18446744073709551615
9223372036854775806	29	56	10798	41867	0	566	603	346	296	288	84	20776250396026951	8795885601060178
2305843009213693950	29	56	10798	41867	0	566	603	346	78	69	5	20776250396026951	8795885601060178
144115188075855870	29	56	10798	41867	0	566	603	346	7	8	0	20776250396026951	8795885601060178
6148914691236495	29	56	10798	41867	0	566	603	346	0	0	0	18446744073709551615	18446744073709551615
9223372036854775806	29	57	10798	55273	0	566	375	209	296	182	58	20776250396026951	57484945731452901
2305843009213693950	29	57	10798	55273	0	566	375	209	78	51	3	20776250396026951	57484945731452901
144115188075855870	29	57	10798	55273	0	566	375	209	7	3	0	20776250396026951	57484945731452901
6148914691236495	29	57	10798	55273	0	566	375	209	0	0	0	18446744073709551615	18446744073709551615
9223372036854775806	29	58	10798	48095	0	566	592	336	296	279	81	20776250396026951	5858463627943568
2305843009213693950	29	58	10798	48095	0	566	592	336	78	78	6	20776250396026951	5858463627943568
144115188075855870	29	58	10798	48095	0	566	592	336	7	5	0	20776250396026951	5858463627943568
6148914691236495	29	58	10798	48095	0	566	592	336	0	0	0	18446744073709551615	18446744073709551615
9223372036854775806	29	59	10798	55964	0	566	246	139	296	121	32	20776250396026951	4794458762861514
2305843009213693950	29	59	10798	55964	0	566	246	139	78	34	0	20776250396026951	4794458762861514
144115188075855870	29	59	10798	55964	0	566	246	139	7	6	0	20776250396026951	4794458762861514
6148914691236495	29	59	10798	55964	0	566	246	139	0	0	0	18446744073709551615	18446744073709551615
9223372036854775806	29	60	10798	33080	0	566	605	351	296	288	92	20776250396026951	21234551346284532
2305843009213693950	29	60	10798	33080	0	566	605	351	78	67	5	20776250396026951	21234551346284532
144115188075855870	29	60	10798	33080	0	566	605	351	7	6	0	20776250396026951	21234551346284532
6148914691236495	29	60	10798	33080	0	566	605	351	0	0	0	18446744073709551615	18446744073709551615
9223372036854775806	29	61	10798	19280	0	566	590	337	296	318	99	20776250396026951	43101032433561777
2305843009213693950	29	61	10798	19280	0	566	590	337	78	71	5	20776250396026951	43101032433561777
144115188075855870	29	61	10798	19280	0	566	590	337	7	3	0	20776250396026951	43101032433561777
6148914691236495	29	61	10798	19280	0	566	590	337	0	0	0	18446744073709551615	18446744073709551615
9223372036854775806	29	62	10798	8703	0	566	586	342	296	295	94	20776250396026951	21265985390459575
2305843009213693950	29	62	10798	8703	0	566	586	342	78	74	9	20776250396026951	21265985390459575
144115188075855870	29	62	10798	8703	0	566	586	342	7	5	0	20776250396026951	21265985390459575
6148914691236495	29	62	10798	8703	0	566	586	342	0	0	0	18446744073709551615	18446744073709551615
9223372036854775806	29	63	10798	18798	0	566	587	331	296	268	86	20776250396026951	15005778287697291
2305843009213693950	29	63	10798	18798	0	566	587	331	78	71	6	20776250396026951	15005778287697291
144115188075855870	29	63	10798	18798	0	566	587	331	7	3	0	20776250396026951	15005778287697291
6148914691236495	29	63	10798	18798	0	566	587	331	0	0	0	18446744073709551615	18446744073709551615
9223372036854775806	30	31	25650	34514	0	597	611	381	283	287	83	3662753934290118	6941176516761588
2305843009213693950	30	31	25650	34514	0	597	611	381	77	58	7	3662753934290118	6941176516761588
144115188075855870	30	31	25650	34514	0	597	611	381	4	4	0	3662753934290118	6941176516761588
6148914691236495	30	31	25650	34514	0	597	611	381	0	0	0	18446744073709551615	18446744073709551615
9223372036854775806	30	32	25650	8941	0	597	618	367	283	316	86	3662753934290118	41509711107450482
2305843009213693950	30	32	25650	8941	0	597	618	367	77	62	5	3662753934290118	41509711107450482
144115188075855870	30	32	25650	8941	0	597	618	367	4	2	0	3662753934290118	41509711107450482
6148914691236495	30	32	25650	8941	0	597	618	367	0	0	0	18446744073709551615	18446744073709551615
9223372036854775806	30	33	25650	18606	0	597	587	334	283	275	88	3662753934290118	853515616737708
2305843009213693950	30	33	25650	18606	0	597	587	334	77	87	10	3662753934290118	853515616737708
144115188075855870	30	33	25650	18606	0	597	587	334	4	5	0	3662753934290118	853515616737708
6148914691236495	30	33	25650	18606	0	597	587	334	0	1	0	18446744073709551615	853515616737708
9223372036854775806	30	34	25650	25591	0	597	601	361	283	280	81	3662753934290118	6928079483968818
2305843009213693950	30	34	25650	25591	0	597	601	361	77	79	10	3662753934290118	6928079483968818
144115188075855870	30	34	25650	25591	0	597	601	361	4	7	0	3662753934290118	6928079483968818
6148914691236495	30	34	25650	25591	0	597	601	361	0	0	0	18446744073709551615	18446744073709551615
9223372036854775806	30	35	25650	46113	0	597	590	353	283	315	85	3662753934290118	7541477037468554
2305843009213693950	30	35	25650	46113	0	597	590	353	77	87	9	3662753934290118	7541477037468554
144115188075855870	30	35	25650	46113	0	597	590	353	4	5	0	3662753934290118	7541477037468554
6148914691236495	30	35	25650	46113	0	597	590	353	0	0	0	18446744073709551615	18446744073709551615
9223372036854775806	30	36	25650	19622	0	597	589	351	283	288	78	3662753934290118	16578064053768791
2305843009213693950	30	36	25650	19622	0	597	589	351	77	66	8	3662753934290118	16578064053768791
144115188075855870	30	36	25650	19622	0	597	589	351	4	7	0	3662753934290118	16578064053768791
6148914691236495	30	36	25650	19622	0	597	589	351	0	0	0	18446744073709551615	18446744073709551615
9223372036854775806	30	37	25650	61384	0	597	0	0	283	0	0	3662753934290118	18446744073709551615
2305843009213693950	30	37	25650	61384	0	597	0	0	77	0	0	3662753934290118	18446744073709551615
144115188075855870	30	37	25650	61384	0	597	0	0	4	0	0	3662753934290118	18446744073709551615
6148914691236495	30	37	25650	61384	0	597	0	0	0	0	0	18446744073709551615	18446744073709551615
9223372036854775806	30	38	25650	1850	0	597	593	363	283	286	86	3662753934290118	2925841906355596
2305843009213693950	30	38	25650	1850	0	597	593	363	77	71	5	3662753934290118	2925841906355596
144115188075855870	30	38	25650	1850	0	597	593	363	4	2	0	3662753934290118	2925841906355596
6148914691236495	30	38	25650	1850	0	597	593	363	0	1	0	18446744073709551615	2925841906355596
9223372036854775806	30	39	25650	49493	0	597	597	357	283	308	87	3662753934290118	2369895518816490
2305843009213693950	30	39	25650	49493	0	597	597	357	77	76	4	3662753934290118	2369895518816490
144115188075855870	30	39	25650	49493	0	597	597	357	4	3	0	3662753934290118	2369895518816490
6148914691236495	30	39	25650	49493	0	597	597	357	0	1	0	18446744073709551615	2369895518816490
9223372036854775806	30	40	25650	43652	0	597	575	337	283	278	78	3662753934290118	42882982723515030
2305843009213693950	30	40	25650	43652	0	597	575	337	77	67	5	3662753934290118	42882982723515030
144115188075855870	30	40	25650	43652	0	597	575	337	4	1	0	3662753934290118	42882982723515030
6148914691236495	30	40	25650	43652	0	597	575	337	0	0	0	18446744073709551615	18446744073709551615
9223372036854775806	30	41	25650	65253	0	597	0	0	283	0	0	3662753934290118	18446744073709551615
2305843009213693950	30	41	25650	65253	0	597	0	0	77	0	0	3662753934290118	18446744073709551615
144115188075855870	30	41	25650	65253	0	597	0	0	4	0	0	3662753934290118	18446744073709551615
6148914691236495	30	41	25650	65253	0	597	0	0	0	0	0	18446744073709551615	18446744073709551615
9223372036854775806	30	42	25650	24016	0	597	582	358	283	278	78	3662753934290118	23566389845982477
2305843009213693950	30	42	25650	24016	0	597	582	358	77	65	6	3662753934290118	23566389845982477
144115188075855870	30	42	25650	24016	0	597	582	358	4	5	0	3662753934290118	23566389845982477
6148914691236495	30	42	25650	24016	0	597	582	358	0	0	0	18446744073709551615	18446744073709551615
9223372036854775806	30	43	25650	39014	0	597	577	336	283	286	86	3662753934290118	9614967626582621
2305843009213693950	30	43	25650	39014	0	597	577	336	77	69	5	3662753934290118	9614967626582621
144115188075855870	30	43	25650	39014	0	597	577	336	4	3	0	3662753934290118	9614967626582621
6148914691236495	30	43	25650	39014	0	597	577	336	0	0	0	18446744073709551615	18446744073709551615
9223372036854775806	30	44	25650	50585	0	597	573	350	283	297	81	3662753934290118	2197102958816999
2305843009213693950	30	44	25650	50585	0	597	573	350	77	76	5	3662753934290118	2197102958816999
144115188075855870	30	44	25650	50585	0	597	573	350	4	5	0	3662753934290118	2197102958816999
6148914691236495	30	44	25650	50585	0	597	573	350	0	1	0	18446744073709551615	2197102958816999
9223372036854775806	30	45	25650	543	0	597	595	353	283	277	73	3662753934290118	3529678978331514
2305843009213693950	30	45	25650	543	0	597	595	353	77	72	6	3662753934290118	3529678978331514
144115188075855870	30	45	25650	543	0	597	595	353	4	5	0	3662753934290118	3529678978331514
6148914691236495	30	45	25650	543	0	597	595	353	0	0	0	18446744073709551615	18446744073709551615
9223372036854775806	30	46	25650	28348	0	597	584	341	283	308	83	3662753934290118	7659861853809104
2305843009213693950	30	46	25650	28348	0	597	584	341	77	83	5	3662753934290118	7659861853809104
144115188075855870	30	46	25650	28348	0	597	584	341	4	7	0	3662753934290118	7659861853809104
6148914691236495	30	46	25650	28348	0	597	584	341	0	0	0	18446744073709551615	18446744073709551615
9223372036854775806	30	47	25650	36508	0	597	558	322	283	281	73	3662753934290118	5699832315310769
2305843009213693950	30	47	25650	36508	0	597	558	322	77	79	7	3662753934290118	5699832315310769
144115188075855870	30	47	25650	36508	0	597	558	322	4	5	0	3662753934290118	5699832315310769
6148914691236495	30	47	25650	36508	0	597	558	322	0	0	0	18446744073709551615	18446744073709551615
9223372036854775806	30	48	25650	10875	0	597	578	345	283	291	89	3662753934290118	25099112878567966
2305843009213693950	30	48	25650	10875	0	597	578	345	77	75	8	3662753934290118	25099112878567966
144115188075855870	30	48	25650	10875	0	597	578	345	4	4	0	3662753934290118	25099112878567966
6148914691236495	30	48	25650	10875	0	597	578	345	0	0	0	18446744073709551615	18446744073709551615
9223372036854775806	30	49	25650	34534	0	597	571	362	283	301	85	3662753934290118	1691219382961787
2305843009213693950	30	49	25650	34534	0	597	571	362	77	75	6	3662753934290118	1691219382961787
144115188075855870	30	49	25650	34534	0	597	571	362	4	4	0	3662753934290118	1691219382961787
6148914691236495	30	49	25650	34534	0	597	571	362	0	1	0	18446744073709551615	1691219382961787
9223372036854775806	30	50	25650	26791	0	597	623	372	283	301	86	3662753934290118	15400635981762684
2305843009213693950	30	50	25650	26791	0	597	623	372	77	85	8	3662753934290118	15400635981762684
144115188075855870	30	50	25650	26791	0	597	623	372	4	6	0	3662753934290118	15400635981762684
6148914691236495	30	50	25650	26791	0	597	623	372	0	0	0	18446744073709551615	18446744073709551615
9223372036854775806	30	51	25650	32876	0	597	586	342	283	292	81	3662753934290118	41742007892017841
2305843009213693950	30	51	25650	32876	0	597	586	342	77	77	7	3662753934290118	41742007892017841
144115188075855870	30	51	25650	32876	0	597	586	342	4	3	0	3662753934290118	41742007892017841
6148914691236495	30	51	25650	32876	0	597	586	342	0	0	0	18446744073709551615	18446744073709551615
9223372036854775806	30	52	25650	13804	0	597	574	317	283	300	82	3662753934290118	2790875122670278
2305843009213693950	30	52	25650	13804	0	597	574	317	77	63	6	3662753934290118	2790875122670278
144115188075855870	30	52	25650	13804	0	597	574	317	4	3	0	3662753934290118	2790875122670278
6148914691236495	30	52	25650	13804	0	597	574	317	0	1	0	18446744073709551615	2790875122670278
9223372036854775806	30	53	25650	28986	0	597	592	372	283	313	89	3662753934290118	26017863593228402
2305843009213693950	30	53	25650	28986	0	597	592	372	77	67	4	3662753934290118	26017863593228402
144115188075855870	30	53	25650	28986	0	597	592	372	4	5	0	3662753934290118	26017863593228402
6148914691236495	30	53	25650	28986	0	597	592	372	0	0	0	18446744073709551615	18446744073709551615
9223372036854775806	30	54	25650	20288	0	597	577	330	283	279	72	3662753934290118	6993834807301157
2305843009213693950	30	54	25650	20288	0	597	577	330	77	77	4	3662753934290118	6993834807301157
144115188075855870	30	54	25650	20288	0	597	577	330	4	2	0	3662753934290118	6993834807301157
6148914691236495	30	54	25650	20288	0	597	577	330	0	0	0	18446744073709551615	18446744073709551615
9223372036854775806	30	55	25650	41436	0	597	582	356	283	287	90	3662753934290118	25612715942692053
2305843009213693950	30	55	25650	41436	0	597	582	356	77	79	8	3662753934290118	25612715942692053
144115188075855870	30	55	25650	41436	0	597	582	356	4	3	0	3662753934290118	25612715942692053
6148914691236495	30	55	25650	41436	0	597	582	356	0	0	0	18446744073709551615	18446744073709551615
9223372036854775806	30	56	25650	41867	0	597	603	372	283	288	96	3662753934290118	8795885601060178
2305843009213693950	30	56	25650	41867	0	597	603	372	77	69	9	3662753934290118	8795885601060178
144115188075855870	30	56	25650	41867	0	597	603	372	4	8	0	3662753934290118	8795885601060178
6148914691236495	30	56	25650	41867	0	597	603	372	0	0	0	18446744073709551615	18446744073709551615
9223372036854775806	30	57	25650	55273	0	597	375	223	283	182	44	3662753934290118	57484945731452901
2305843009213693950	30	57	25650	55273	0	597	375	223	77	51	3	3662753934290118	57484945731452901
144115188075855870	30	57	25650	55273	0	597	375	223	4	3	0	3662753934290118	57484945731452901
6148914691236495	30	57	25650	55273	0	597	375	223	0	0	0	18446744073709551615	18446744073709551615
9223372036854775806	30	58	25650	48095	0	597	592	337	283	279	75	3662753934290118	5858463627943568
2305843009213693950	30	58	25650	48095	0	597	592	337	77	78	8	3662753934290118	5858463627943568
144115188075855870	30	58	25650	48095	0	597	592	337	4	5	0	3662753934290118	5858463627943568
6148914691236495	30	58	25650	48095	0	597	592	337	0	0	0	18446744073709551615	18446744073709551615
9223372036854775806	30	59	25650	55964	0	597	246	148	283	121	32	3662753934290118	4794458762861514
2305843009213693950	30	59	25650	55964	0	597	246	148	77	34	3	3662753934290118	4794458762861514
144115188075855870	30	59	25650	55964	0	597	246	148	4	6	0	3662753934290118	4794458762861514
6148914691236495	30	59	25650	55964	0	597	246	148	0	0	0	18446744073709551615	18446744073709551615
9223372036854775806	30	60	25650	33080	0	597	605	355	283	288	75	3662753934290118	21234551346284532
2305843009213693950	30	60	25650	33080	0	597	605	355	77	67	7	3662753934290118	21234551346284532
144115188075855870	30	60	25650	33080	0	597	605	355	4	6	0	3662753934290118	21234551346284532
6148914691236495	30	60	25650	33080	0	597	605	355	0	0	0	18446744073709551615	18446744073709551615
9223372036854775806	30	61	25650	19280	0	597	590	349	283	318	87	3662753934290118	43101032433561777
2305843009213693950	30	61	25650	19280	0	597	590	349	77	71	5	3662753934290118	43101032433561777
144115188075855870	30	61	25650	19280	0	597	590	349	4	3	0	3662753934290118	43101032433561777
6148914691236495	30	61	25650	19280	0	597	590	349	0	0	0	18446744073709551615	18446744073709551615
9223372036854775806	30	62	25650	8703	0	597	586	350	283	295	80	3662753934290118	21265985390459575
2305843009213693950	30	62	25650	8703	0	597	586	350	77	74	8	3662753934290118	21265985390459575
144115188075855870	30	62	25650	8703	0	597	586	350	4	5	0	3662753934290118	21265985390459575
6148914691236495	30	62	25650	8703	0	597	586	350	0	0	0	18446744073709551615	18446744073709551615
9223372036854775806	30	63	25650	18798	0	597	587	343	283	268	75	3662753934290118	15005778287697291
2305843009213693950	30	63	25650	18798	0	597	587	343	77	71	5	3662753934290118	15005778287697291
144115188075855870	30	63	25650	18798	0	597	587	343	4	3	0	3662753934290118	15005778287697291
6148914691236495	30	63	25650	18798	0	597	587	343	0	0	0	18446744073709551615	18446744073709551615
9223372036854775806	31	32	34514	8941	0	611	618	375	287	316	90	6941176516761588	41509711107450482
2305843009213693950	31	32	34514	8941	0	611	618	375	58	62	3	6941176516761588	41509711107450482
144115188075855870	31	32	34514	8941	0	611	618	375	4	2	0	6941176516761588	41509711107450482
6148914691236495	31	32	34514	8941	0	611	618	375	0	0	0	18446744073709551615	18446744073709551615
9223372036854775806	31	33	34514	18606	0	611	587	352	287	275	73	6941176516761588	853515616737708
2305843009213693950	31	33	34514	18606	0	611	587	352	58	87	2	6941176516761588	853515616737708
144115188075855870	31	33	34514	18606	0	611	587	352	4	5	0	6941176516761588	853515616737708
6148914691236495	31	33	34514	18606	0	611	587	352	0	1	0	18446744073709551615	853515616737708
9223372036854775806	31	34	34514	25591	0	611	601	363	287	280	83	6941176516761588	6928079483968818
2305843009213693950	31	34	34514	25591	0	611	601	363	58	79	4	6941176516761588	6928079483968818
144115188075855870	31	34	34514	25591	0	611	601	363	4	7	0	6941176516761588	6928079483968818
6148914691236495	31	34	34514	25591	0	611	601	363	0	0	0	18446744073709551615	18446744073709551615
9223372036854775806	31	35	34514	46113	0	611	590	360	287	315	90	6941176516761588	7541477037468554
2305843009213693950	31	35	34514	46113	0	611	590	360	58	87	8	6941176516761588	7541477037468554
144115188075855870	31	35	34514	46113	0	611	590	360	4	5	0	6941176516761588	7541477037468554
6148914691236495	31	35	34514	46113	0	611	590	360	0	0	0	18446744073709551615	18446744073709551615
9223372036854775806	31	36	34514	19622	0	611	589	363	287	288	84	6941176516761588	16578064053768791
2305843009213693950	31	36	34514	19622	0	611	589	363	58	66	8	6941176516761588	16578064053768791
144115188075855870	31	36	34514	19622	0	611	589	363	4	7	0	6941176516761588	16578064053768791
6148914691236495	31	36	34514	19622	0	611	589	363	0	0	0	18446744073709551615	18446744073709551615
9223372036854775806	31	37	34514	61384	0	611	0	0	287	0	0	6941176516761588	18446744073709551615
2305843009213693950	31	37	34514	61384	0	611	0	0	58	0	0	6941176516761588	18446744073709551615
144115188075855870	31	37	34514	61384	0	611	0	0	4	0	0	6941176516761588	18446744073709551615
6148914691236495	31	37	34514	61384	0	611	0	0	0	0	0	18446744073709551615	18446744073709551615
9223372036854775806	31	38	34514	1850	0	611	593	374	287	286	82	6941176516761588	2925841906355596
2305843009213693950	31	38	34514	1850	0	611	593	374	58	71	3	6941176516761588	2925841906355596
144115188075855870	31	38	34514	1850	0	611	593	374	4	2	0	6941176516761588	2925841906355596
6148914691236495	31	38	34514	1850	0	611	593	374	0	1	0	18446744073709551615	2925841906355596
9223372036854775806	31	39	34514	49493	0	611	597	370	287	308	91	6941176516761588	2369895518816490
2305843009213693950	31	39	34514	49493	0	611	597	370	58	76	3	6941176516761588	2369895518816490
144115188075855870	31	39	34514	49493	0	611	597	370	4	3	0	6941176516761588	2369895518816490
6148914691236495	31	39	34514	49493	0	611	597	370	0	1	0	18446744073709551615	2369895518816490
9223372036854775806	31	40	34514	43652	0	611	575	353	287	278	71	6941176516761588	42882982723515030
2305843009213693950	31	40	34514	43652	0	611	575	353	58	67	1	6941176516761588	42882982723515030
144115188075855870	31	40	34514	43652	0	611	575	353	4	1	0	6941176516761588	42882982723515030
6148914691236495	31	40	34514	43652	0	611	575	353	0	0	0	18446744073709551615	18446744073709551615
9223372036854775806	31	41	34514	65253	0	611	0	0	287	0	0	6941176516761588	18446744073709551615
2305843009213693950	31	41	34514	65253	0	611	0	0	58	0	0	6941176516761588	18446744073709551615
144115188075855870	31	41	34514	65253	0	611	0	0	4	0	0	6941176516761588	18446744073709551615
6148914691236495	31	41	34514	65253	0	611	0	0	0	0	0	18446744073709551615	18446744073709551615
9223372036854775806	31	42	34514	24016	0	611	582	356	287	278	87	6941176516761588	23566389845982477
2305843009213693950	31	42	34514	24016	0	611	582	356	58	65	4	6941176516761588	23566389845982477
144115188075855870	31	42	34514	24016	0	611	582	356	4	5	0	6941176516761588	23566389845982477
6148914691236495	31	42	34514	24016	0	611	582	356	0	0	0	18446744073709551615	18446744073709551615
9223372036854775806	31	43	34514	39014	0	611	577	345	287	286	87	6941176516761588	9614967626582621
2305843009213693950	31	43	34514	39014	0	611	577	345	58	69	5	6941176516761588	9614967626582621
144115188075855870	31	43	34514	39014	0	611	577	345	4	3	0	6941176516761588	9614967626582621
6148914691236495	31	43	34514	39014	0	611	577	345	0	0	0	18446744073709551615	18446744073709551615
9223372036854775806	31	44	34514	50585	0	611	573	357	287	297	101	6941176516761588	2197102958816999
2305843009213693950	31	44	34514	50585	0	611	573	357	58	76	8	6941176516761588	2197102958816999
144115188075855870	31	44	34514	50585	0	611	573	357	4	5	0	6941176516761588	2197102958816999
6148914691236495	31	44	34514	50585	0	611	573	357	0	1	0	18446744073709551615	2197102958816999
9223372036854775806	31	45	34514	543	0	611	595	375	287	277	92	6941176516761588	3529678978331514
2305843009213693950	31	45	34514	543	0	611	595	375	58	72	3	6941176516761588	3529678978331514
144115188075855870	31	45	34514	543	0	611	595	375	4	5	0	6941176516761588	3529678978331514
6148914691236495	31	45	34514	543	0	611	595	375	0	0	0	18446744073709551615	18446744073709551615
9223372036854775806	31	46	34514	28348	0	611	584	364	287	308	87	6941176516761588	7659861853809104
2305843009213693950	31	46	34514	28348	0	611	584	364	58	83	5	6941176516761588	7659861853809104
144115188075855870	31	46	34514	28348	0	611	584	364	4	7	0	6941176516761588	7659861853809104
6148914691236495	31	46	34514	28348	0	611	584	364	0	0	0	18446744073709551615	18446744073709551615
9223372036854775806	31	47	34514	36508	0	611	558	336	287	281	82	6941176516761588	5699832315310769
2305843009213693950	31	47	34514	36508	0	611	558	336	58	79	1	6941176516761588	5699832315310769
144115188075855870	31	47	34514	36508	0	611	558	336	4	5	0	6941176516761588	5699832315310769
6148914691236495	31	47	34514	36508	0	611	558	336	0	0	0	18446744073709551615	18446744073709551615
9223372036854775806	31	48	34514	10875	0	611	578	368	287	291	94	6941176516761588	25099112878567966
2305843009213693950	31	48	34514	10875	0	611	578	368	58	75	7	6941176516761588	25099112878567966
144115188075855870	31	48	34514	10875	0	611	578	368	4	4	0	6941176516761588	25099112878567966
6148914691236495	31	48	34514	10875	0	611	578	368	0	0	0	18446744073709551615	18446744073709551615
9223372036854775806	31	49	34514	34534	0	611	571	358	287	301	90	6941176516761588	1691219382961787
2305843009213693950	31	49	34514	34534	0	611	571	358	58	75	7	6941176516761588	1691219382961787
144115188075855870	31	49	34514	34534	0	611	571	358	4	4	0	6941176516761588	1691219382961787
6148914691236495	31	49	34514	34534	0	611	571	358	0	1	0	18446744073709551615	1691219382961787
9223372036854775806	31	50	34514	26791	0	611	623	385	287	301	93	6941176516761588	15400635981762684
2305843009213693950	31	50	34514	26791	0	611	623	385	58	85	4	6941176516761588	15400635981762684
144115188075855870	31	50	34514	26791	0	611	623	385	4	6	0	6941176516761588	15400635981762684
6148914691236495	31	50	34514	26791	0	611	623	385	0	0	0	18446744073709551615	18446744073709551615
9223372036854775806	31	51	34514	32876	0	611	586	361	287	292	84	6941176516761588	41742007892017841
2305843009213693950	31	51	34514	32876	0	611	586	361	58	77	4	6941176516761588	41742007892017841
144115188075855870	31	51	34514	32876	0	611	586	361	4	3	0	6941176516761588	41742007892017841
6148914691236495	31	51	34514	32876	0	611	586	361	0	0	0	18446744073709551615	18446744073709551615
9223372036854775806	31	52	34514	13804	0	611	574	348	287	300	94	6941176516761588	2790875122670278
2305843009213693950	31	52	34514	13804	0	611	574	348	58	63	6	6941176516761588	2790875122670278
144115188075855870	31	52	34514	13804	0	611	574	348	4	3	0	6941176516761588	2790875122670278
6148914691236495	31	52	34514	13804	0	611	574	348	0	1	0	18446744073709551615	2790875122670278
9223372036854775806	31	53	34514	28986	0	611	592	358	287	313	85	6941176516761588	26017863593228402
2305843009213693950	31	53	34514	28986	0	611	592	358	58	67	5	6941176516761588	26017863593228402
144115188075855870	31	53	34514	28986	0	611	592	358	4	5	0	6941176516761588	26017863593228402
6148914691236495	31	53	34514	28986	0	611	592	358	0	0	0	18446744073709551615	18446744073709551615
9223372036854775806	31	54	34514	20288	0	611	577	359	287	279	73	6941176516761588	6993834807301157
2305843009213693950	31	54	34514	20288	0	611	577	359	58	77	3	6941176516761588	6993834807301157
144115188075855870	31	54	34514	20288	0	611	577	359	4	2	0	6941176516761588	6993834807301157
6148914691236495	31	54	34514	20288	0	611	577	359	0	0	0	18446744073709551615	18446744073709551615
9223372036854775806	31	55	34514	41436	0	611	582	358	287	287	74	6941176516761588	25612715942692053
2305843009213693950	31	55	34514	41436	0	611	582	358	58	79	3	6941176516761588	25612715942692053
144115188075855870	31	55	34514	41436	0	611	582	358	4	3	0	6941176516761588	25612715942692053
6148914691236495	31	55	34514	41436	0	611	582	358	0	0	0	18446744073709551615	18446744073709551615
9223372036854775806	31	56	34514	41867	0	611	603	364	287	288	67	6941176516761588	8795885601060178
2305843009213693950	31	56	34514	41867	0	611	603	364	58	69	1	6941176516761588	8795885601060178
144115188075855870	31	56	34514	41867	0	611	603	364	4	8	0	6941176516761588	8795885601060178
6148914691236495	31	56	34514	41867	0	611	603	364	0	0	0	18446744073709551615	18446744073709551615
9223372036854775806	31	57	34514	55273	0	611	375	221	287	182	50	6941176516761588	57484945731452901
2305843009213693950	31	57	34514	55273	0	611	375	221	58	51	4	6941176516761588	57484945731452901
144115188075855870	31	57	34514	55273	0	611	375	221	4	3	0	6941176516761588	57484945731452901
6148914691236495	31	57	34514	55273	0	611	375	221	0	0	0	18446744073709551615	18446744073709551615
9223372036854775806	31	58	34514	48095	0	611	592	363	287	279	94	6941176516761588	5858463627943568
2305843009213693950	31	58	34514	48095	0	611	592	363	58	78	5	6941176516761588	5858463627943568
144115188075855870	31	58	34514	48095	0	611	592	363	4	5	0	6941176516761588	5858463627943568
6148914691236495	31	58	34514	48095	0	611	592	363	0	0	0	18446744073709551615	18446744073709551615
9223372036854775806	31	59	34514	55964	0	611	246	143	287	121	30	6941176516761588	4794458762861514
2305843009213693950	31	59	34514	55964	0	611	246	143	58	34	3	6941176516761588	4794458762861514
144115188075855870	31	59	34514	55964	0	611	246	143	4	6	0	6941176516761588	4794458762861514
6148914691236495	31	59	34514	55964	0	611	246	143	0	0	0	18446744073709551615	18446744073709551615
9223372036854775806	31	60	34514	33080	0	611	605	362	287	288	83	6941176516761588	21234551346284532
2305843009213693950	31	60	34514	33080	0	611	605	362	58	67	3	6941176516761588	21234551346284532
144115188075855870	31	60	34514	33080	0	611	605	362	4	6	0	6941176516761588	21234551346284532
6148914691236495	31	60	34514	33080	0	611	605	362	0	0	0	18446744073709551615	18446744073709551615
9223372036854775806	31	61	34514	19280	0	611	590	348	287	318	99	6941176516761588	43101032433561777
2305843009213693950	31	61	34514	19280	0	611	590	348	58	71	6	6941176516761588	43101032433561777
144115188075855870	31	61	34514	19280	0	611	590	348	4	3	0	6941176516761588	43101032433561777
6148914691236495	31	61	34514	19280	0	611	590	348	0	0	0	18446744073709551615	18446744073709551615
9223372036854775806	31	62	34514	8703	0	611	586	368	287	295	81	6941176516761588	21265985390459575
2305843009213693950	31	62	34514	8703	0	611	586	368	58	74	6	6941176516761588	21265985390459575
144115188075855870	31	62	34514	8703	0	611	586	368	4	5	0	6941176516761588	21265985390459575
6148914691236495	31	62	34514	8703	0	611	586	368	0	0	0	18446744073709551615	18446744073709551615
9223372036854775806	31	63	34514	18798	0	611	587	373	287	268	90	6941176516761588	15005778287697291
2305843009213693950	31	63	34514	18798	0	611	587	373	58	71	8	6941176516761588	15005778287697291
144115188075855870	31	63	34514	18798	0	611	587	373	4	3	0	6941176516761588	15005778287697291
6148914691236495	31	63	34514	18798	0	611	587	373	0	0	0	18446744073709551615	18446744073709551615
9223372036854775806	32	33	8941	18606	0	618	587	354	316	275	86	41509711107450482	853515616737708
2305843009213693950	32	33	8941	18606	0	618	587	354	62	87	8	41509711107450482	853515616737708
144115188075855870	32	33	8941	18606	0	618	587	354	2	5	0	41509711107450482	853515616737708
6148914691236495	32	33	8941	18606	0	618	587	354	0	1	0	18446744073709551615	853515616737708
9223372036854775806	32	34	8941	25591	0	618	601	373	316	280	83	41509711107450482	6928079483968818
2305843009213693950	32	34	8941	25591	0	618	601	373	62	79	6	41509711107450482	6928079483968818
144115188075855870	32	34	8941	25591	0	618	601	373	2	7	0	41509711107450482	6928079483968818
6148914691236495	32	34	8941	25591	0	618	601	373	0	0	0	18446744073709551615	18446744073709551615
9223372036854775806	32	35	8941	46113	0	618	590	357	316	315	102	41509711107450482	7541477037468554
2305843009213693950	32	35	8941	46113	0	618	590	357	62	87	7	41509711107450482	7541477037468554
144115188075855870	32	35	8941	46113	0	618	590	357	2	5	0	41509711107450482	7541477037468554
6148914691236495	32	35	8941	46113	0	618	590	357	0	0	0	18446744073709551615	18446744073709551615
9223372036854775806	32	36	8941	19622	0	618	589	366	316	288	95	41509711107450482	16578064053768791
2305843009213693950	32	36	8941	19622	0	618	589	366	62	66	6	41509711107450482	16578064053768791
144115188075855870	32	36	8941	19622	0	618	589	366	2	7	0	41509711107450482	16578064053768791
6148914691236495	32	36	8941	19622	0	618	589	366	0	0	0	18446744073709551615	18446744073709551615
9223372036854775806	32	37	8941	61384	0	618	0	0	316	0	0	41509711107450482	18446744073709551615
2305843009213693950	32	37	8941	61384	0	618	0	0	62	0	0	41509711107450482	18446744073709551615
144115188075855870	32	37	8941	61384	0	618	0	0	2	0	0	41509711107450482	18446744073709551615
6148914691236495	32	37	8941	61384	0	618	0	0	0	0	0	18446744073709551615	18446744073709551615
9223372036854775806	32	38	8941	1850	0	618	593	361	316	286	86	41509711107450482	2925841906355596
2305843009213693950	32	38	8941	1850	0	618	593	361	62	71	3	41509711107450482	2925841906355596
144115188075855870	32	38	8941	1850	0	618	593	361	2	2	0	41509711107450482	2925841906355596
6148914691236495	32	38	8941	1850	0	618	593	361	0	1	0	18446744073709551615	2925841906355596
9223372036854775806	32	39	8941	49493	0	618	597	385	316	308	101	41509711107450482	2369895518816490
2305843009213693950	32	39	8941	49493	0	618	597	385	62	76	3	41509711107450482	2369895518816490
144115188075855870	32	39	8941	49493	0	618	597	385	2	3	0	41509711107450482	2369895518816490
6148914691236495	32	39	8941	49493	0	618	597	385	0	1	0	18446744073709551615	2369895518816490
9223372036854775806	32	40	8941	43652	0	618	575	365	316	278	76	41509711107450482	42882982723515030
2305843009213693950	32	40	8941	43652	0	618	575	365	62	67	7	41509711107450482	42882982723515030
144115188075855870	32	40	8941	43652	0	618	575	365	2	1	0	41509711107450482	42882982723515030
6148914691236495	32	40	8941	43652	0	618	575	365	0	0	0	18446744073709551615	18446744073709551615
9223372036854775806	32	41	8941	65253	0	618	0	0	316	0	0	41509711107450482	18446744073709551615
2305843009213693950	32	41	8941	65253	0	618	0	0	62	0	0	41509711107450482	18446744073709551615
144115188075855870	32	41	8941	65253	0	618	0	0	2	0	0	41509711107450482	18446744073709551615
6148914691236495	32	41	8941	65253	0	618	0	0	0	0	0	18446744073709551615	18446744073709551615
9223372036854775806	32	42	8941	24016	0	618	582	354	316	278	88	41509711107450482	23566389845982477
2305843009213693950	32	42	8941	24016	0	618	582	354	62	65	2	41509711107450482	23566389845982477
144115188075855870	32	42	8941	24016	0	618	582	354	2	5	0	41509711107450482	23566389845982477
6148914691236495	32	42	8941	24016	0	618	582	354	0	0	0	18446744073709551615	18446744073709551615
9223372036854775806	32	43	8941	39014	0	618	577	370	316	286	97	41509711107450482	9614967626582621
2305843009213693950	32	43	8941	39014	0	618	577	370	62	69	4	41509711107450482	9614967626582621
144115188075855870	32	43	8941	39014	0	618	577	370	2	3	0	41509711107450482	9614967626582621
6148914691236495	32	43	8941	39014	0	618	577	370	0	0	0	18446744073709551615	18446744073709551615
9223372036854775806	32	44	8941	50585	0	618	573	361	316	297	97	41509711107450482	2197102958816999
2305843009213693950	32	44	8941	50585	0	618	573	361	62	76	8	41509711107450482	2197102958816999
144115188075855870	32	44	8941	50585	0	618	573	361	2	5	0	41509711107450482	2197102958816999
6148914691236495	32	44	8941	50585	0	618	573	361	0	1	0	18446744073709551615	2197102958816999
9223372036854775806	32	45	8941	543	0	618	595	369	316	277	92	41509711107450482	3529678978331514
2305843009213693950	32	45	8941	543	0	618	595	369	62	72	7	41509711107450482	3529678978331514
144115188075855870	32	45	8941	543	0	618	595	369	2	5	0	41509711107450482	3529678978331514
6148914691236495	32	45	8941	543	0	618	595	369	0	0	0	18446744073709551615	18446744073709551615
9223372036854775806	32	46	8941	28348	0	618	584	366	316	308	104	41509711107450482	7659861853809104
2305843009213693950	32	46	8941	28348	0	618	584	366	62	83	5	41509711107450482	7659861853809104
144115188075855870	32	46	8941	28348	0	618	584	366	2	7	0	41509711107450482	7659861853809104
6148914691236495	32	46	8941	28348	0	618	584	366	0	0	0	18446744073709551615	18446744073709551615
9223372036854775806	32	47	8941	36508	0	618	558	342	316	281	98	41509711107450482	5699832315310769
2305843009213693950	32	47	8941	36508	0	618	558	342	62	79	2	41509711107450482	5699832315310769
144115188075855870	32	47	8941	36508	0	618	558	342	2	5	0	41509711107450482	5699832315310769
6148914691236495	32	47	8941	36508	0	618	558	342	0	0	0	18446744073709551615	18446744073709551615
9223372036854775806	32	48	8941	10875	0	618	578	375	316	291	93	41509711107450482	25099112878567966
2305843009213693950	32	48	8941	10875	0	618	578	375	62	75	5	41509711107450482	25099112878567966
144115188075855870	32	48	8941	10875	0	618	578	375	2	4	0	41509711107450482	25099112878567966
6148914691236495	32	48	8941	10875	0	618	578	375	0	0	0	18446744073709551615	18446744073709551615
9223372036854775806	32	49	8941	34534	0	618	571	361	316	301	104	41509711107450482	1691219382961787
2305843009213693950	32	49	8941	34534	0	618	571	361	62	75	4	41509711107450482	1691219382961787
144115188075855870	32	49	8941	34534	0	618	571	361	2	4	0	41509711107450482	1691219382961787
6148914691236495	32	49	8941	34534	0	618	571	361	0	1	0	18446744073709551615	1691219382961787
9223372036854775806	32	50	8941	26791	0	618	623	382	316	301	98	41509711107450482	15400635981762684
2305843009213693950	32	50	8941	26791	0	618	623	382	62	85	2	41509711107450482	15400635981762684
144115188075855870	32	50	8941	26791	0	618	623	382	2	6	0	41509711107450482	15400635981762684
6148914691236495	32	50	8941	26791	0	618	623	382	0	0	0	18446744073709551615	18446744073709551615
9223372036854775806	32	51	8941	32876	0	618	586	364	316	292	104	41509711107450482	41742007892017841
2305843009213693950	32	51	8941	32876	0	618	586	364	62	77	7	41509711107450482	41742007892017841
144115188075855870	32	51	8941	32876	0	618	586	364	2	3	0	41509711107450482	41742007892017841
6148914691236495	32	51	8941	32876	0	618	586	364	0	0	0	18446744073709551615	18446744073709551615
9223372036854775806	32	52	8941	13804	0	618	574	349	316	300	98	41509711107450482	2790875122670278
2305843009213693950	32	52	8941	13804	0	618	574	349	62	63	1	41509711107450482	2790875122670278
144115188075855870	32	52	8941	13804	0	618	574	349	2	3	0	41509711107450482	2790875122670278
6148914691236495	32	52	8941	13804	0	618	574	349	0	1	0	18446744073709551615	2790875122670278
9223372036854775806	32	53	8941	28986	0	618	592	373	316	313	120	41509711107450482	26017863593228402
2305843009213693950	32	53	8941	28986	0	618	592	373	62	67	5	41509711107450482	26017863593228402
144115188075855870	32	53	8941	28986	0	618	592	373	2	5	0	41509711107450482	26017863593228402
6148914691236495	32	53	8941	28986	0	618	592	373	0	0	0	18446744073709551615	18446744073709551615
9223372036854775806	32	54	8941	20288	0	618	577	370	316	279	97	41509711107450482	6993834807301157
2305843009213693950	32	54	8941	20288	0	618	577	370	62	77	4	41509711107450482	6993834807301157
144115188075855870	32	54	8941	20288	0	618	577	370	2	2	0	41509711107450482	6993834807301157
6148914691236495	32	54	8941	20288	0	618	577	370	0	0	0	18446744073709551615	18446744073709551615
9223372036854775806	32	55	8941	41436	0	618	582	361	316	287	94	41509711107450482	25612715942692053
2305843009213693950	32	55	8941	41436	0	618	582	361	62	79	6	41509711107450482	25612715942692053
144115188075855870	32	55	8941	41436	0	618	582	361	2	3	0	41509711107450482	25612715942692053
6148914691236495	32	55	8941	41436	0	618	582	361	0	0	0	18446744073709551615	18446744073709551615
9223372036854775806	32	56	8941	41867	0	618	603	365	316	288	99	41509711107450482	8795885601060178
2305843009213693950	32	56	8941	41867	0	618	603	365	62	69	7	41509711107450482	8795885601060178
144115188075855870	32	56	8941	41867	0	618	603	365	2	8	0	41509711107450482	8795885601060178
6148914691236495	32	56	8941	41867	0	618	603	365	0	0	0	18446744073709551615	18446744073709551615
9223372036854775806	32	57	8941	55273	0	618	375	232	316	182	56	41509711107450482	57484945731452901
2305843009213693950	32	57	8941	55273	0	618	375	232	62	51	7	41509711107450482	57484945731452901
144115188075855870	32	57	8941	55273	0	618	375	232	2	3	0	41509711107450482	57484945731452901
6148914691236495	32	57	8941	55273	0	618	375	232	0	0	0	18446744073709551615	18446744073709551615
9223372036854775806	32	58	8941	48095	0	618	592	360	316	279	79	41509711107450482	5858463627943568
2305843009213693950	32	58	8941	48095	0	618	592	360	62	78	6	41509711107450482	5858463627943568
144115188075855870	32	58	8941	48095	0	618	592	360	2	5	0	41509711107450482	5858463627943568
6148914691236495	32	58	8941	48095	0	618	592	360	0	0	0	18446744073709551615	18446744073709551615
9223372036854775806	32	59	8941	55964	0	618	246	142	316	121	35	41509711107450482	4794458762861514
2305843009213693950	32	59	8941	55964	0	618	246	142	62	34	0	41509711107450482	4794458762861514
144115188075855870	32	59	8941	55964	0	618	246	142	2	6	0	41509711107450482	4794458762861514
6148914691236495	32	59	8941	55964	0	618	246	142	0	0	0	18446744073709551615	18446744073709551615
9223372036854775806	32	60	8941	33080	0	618	605	372	316	288	92	41509711107450482	21234551346284532
2305843009213693950	32	60	8941	33080	0	618	605	372	62	67	3	41509711107450482	21234551346284532
144115188075855870	32	60	8941	33080	0	618	605	372	2	6	0	41509711107450482	21234551346284532
6148914691236495	32	60	8941	33080	0	618	605	372	0	0	0	18446744073709551615	18446744073709551615
9223372036854775806	32	61	8941	19280	0	618	590	362	316	318	94	41509711107450482	43101032433561777
2305843009213693950	32	61	8941	19280	0	618	590	362	62	71	3	41509711107450482	43101032433561777
144115188075855870	32	61	8941	19280	0	618	590	362	2	3	0	41509711107450482	43101032433561777
6148914691236495	32	61	8941	19280	0	618	590	362	0	0	0	18446744073709551615	18446744073709551615
9223372036854775806	32	62	8941	8703	0	618	586	357	316	295	76	41509711107450482	21265985390459575
2305843009213693950	32	62	8941	8703	0	618	586	357	62	74	2	41509711107450482	21265985390459575
144115188075855870	32	62	8941	8703	0	618	586	357	2	5	0	41509711107450482	21265985390459575
6148914691236495	32	62	8941	8703	0	618	586	357	0	0	0	18446744073709551615	18446744073709551615
9223372036854775806	32	63	8941	18798	0	618	587	361	316	268	76	41509711107450482	15005778287697291
2305843009213693950	32	63	8941	18798	0	618	587	361	62	71	4	41509711107450482	15005778287697291
144115188075855870	32	63	8941	18798	0	618	587	361	2	3	0	41509711107450482	15005778287697291
6148914691236495	32	63	8941	18798	0	618	587	361	0	0	0	18446744073709551615	18446744073709551615
9223372036854775806	33	34	18606	25591	0	587	601	359	275	280	81	853515616737708	6928079483968818
2305843009213693950	33	34	18606	25591	0	587	601	359	87	79	7	853515616737708	6928079483968818
144115188075855870	33	34	18606	25591	0	587	601	359	5	7	0	853515616737708	6928079483968818
6148914691236495	33	34	18606	25591	0	587	601	359	1	0	0	853515616737708	18446744073709551615
9223372036854775806	33	35	18606	46113	0	587	590	351	275	315	96	853515616737708	7541477037468554
2305843009213693950	33	35	18606	46113	0	587	590	351	87	87	5	853515616737708	7541477037468554
144115188075855870	33	35	18606	46113	0	587	590	351	5	5	0	853515616737708	7541477037468554
6148914691236495	33	35	18606	46113	0	587	590	351	1	0	0	853515616737708	18446744073709551615
9223372036854775806	33	36	18606	19622	0	587	589	351	275	288	88	853515616737708	16578064053768791
2305843009213693950	33	36	18606	19622	0	587	589	351	87	66	7	853515616737708	16578064053768791
144115188075855870	33	36	18606	19622	0	587	589	351	5	7	0	853515616737708	16578064053768791
6148914691236495	33	36	18606	19622	0	587	589	351	1	0	0	853515616737708	18446744073709551615
9223372036854775806	33	37	18606	61384	0	587	0	0	275	0	0	853515616737708	18446744073709551615
2305843009213693950	33	37	18606	61384	0	587	0	0	87	0	0	853515616737708	18446744073709551615
144115188075855870	33	37	18606	61384	0	587	0	0	5	0	0	853515616737708	18446744073709551615
6148914691236495	33	37	18606	61384	0	587	0	0	1	0	0	853515616737708	18446744073709551615
9223372036854775806	33	38	18606	1850	0	587	593	346	275	286	78	853515616737708	2925841906355596
2305843009213693950	33	38	18606	1850	0	587	593	346	87	71	6	853515616737708	2925841906355596
144115188075855870	33	38	18606	1850	0	587	593	346	5	2	0	853515616737708	2925841906355596
6148914691236495	33	38	18606	1850	0	587	593	346	1	1	0	853515616737708	2925841906355596
9223372036854775806	33	39	18606	49493	0	587	597	340	275	308	72	853515616737708	2369895518816490
2305843009213693950	33	39	18606	49493	0	587	597	340	87	76	5	853515616737708	2369895518816490
144115188075855870	33	39	18606	49493	0	587	597	340	5	3	0	853515616737708	2369895518816490
6148914691236495	33	39	18606	49493	0	587	597	340	1	1	0	853515616737708	2369895518816490
9223372036854775806	33	40	18606	43652	0	587	575	337	275	278	71	853515616737708	42882982723515030
2305843009213693950	33	40	18606	43652	0	587	575	337	87	67	6	853515616737708	42882982723515030
144115188075855870	33	40	18606	43652	0	587	575	337	5	1	0	853515616737708	42882982723515030
6148914691236495	33	40	18606	43652	0	587	575	337	1	0	0	853515616737708	18446744073709551615
9223372036854775806	33	41	18606	65253	0	587	0	0	275	0	0	853515616737708	18446744073709551615
2305843009213693950	33	41	18606	65253	0	587	0	0	87	0	0	853515616737708	18446744073709551615
144115188075855870	33	41	18606	65253	0	587	0	0	5	0	0	853515616737708	18446744073709551615
6148914691236495	33	41	18606	65253	0	587	0	0	1	0	0	853515616737708	18446744073709551615
9223372036854775806	33	42	18606	24016	0	587	582	342	275	278	85	853515616737708	23566389845982477
2305843009213693950	33	42	18606	24016	0	587	582	342	87	65	6	853515616737708	23566389845982477
144115188075855870	33	42	18606	24016	0	587	582	342	5	5	0	853515616737708	23566389845982477
6148914691236495	33	42	18606	24016	0	587	582	342	1	0	0	853515616737708	18446744073709551615
9223372036854775806	33	43	18606	39014	0	587	577	346	275	286	71	853515616737708	9614967626582621
2305843009213693950	33	43	18606	39014	0	587	577	346	87	69	3	853515616737708	9614967626582621
144115188075855870	33	43	18606	39014	0	587	577	346	5	3	0	853515616737708	9614967626582621
6148914691236495	33	43	18606	39014	0	587	577	346	1	0	0	853515616737708	18446744073709551615
9223372036854775806	33	44	18606	50585	0	587	573	338	275	297	73	853515616737708	2197102958816999
2305843009213693950	33	44	18606	50585	0	587	573	338	87	76	5	853515616737708	2197102958816999
144115188075855870	33	44	18606	50585	0	587	573	338	5	5	0	853515616737708	2197102958816999
6148914691236495	33	44	18606	50585	0	587	573	338	1	1	0	853515616737708	2197102958816999
9223372036854775806	33	45	18606	543	0	587	595	362	275	277	77	853515616737708	3529678978331514
2305843009213693950	33	45	18606	543	0	587	595	362	87	72	9	853515616737708	3529678978331514
144115188075855870	33	45	18606	543	0	587	595	362	5	5	0	853515616737708	3529678978331514
6148914691236495	33	45	18606	543	0	587	595	362	1	0	0	853515616737708	18446744073709551615
9223372036854775806	33	46	18606	28348	0	587	584	338	275	308	88	853515616737708	7659861853809104
2305843009213693950	33	46	18606	28348	0	587	584	338	87	83	9	853515616737708	7659861853809104
144115188075855870	33	46	18606	28348	0	587	584	338	5	7	0	853515616737708	7659861853809104
6148914691236495	33	46	18606	28348	0	587	584	338	1	0	0	853515616737708	18446744073709551615
9223372036854775806	33	47	18606	36508	0	587	558	328	275	281	86	853515616737708	5699832315310769
2305843009213693950	33	47	18606	36508	0	587	558	328	87	79	7	853515616737708	5699832315310769
144115188075855870	33	47	18606	36508	0	587	558	328	5	5	0	853515616737708	5699832315310769
6148914691236495	33	47	18606	36508	0	587	558	328	1	0	0	853515616737708	18446744073709551615
9223372036854775806	33	48	18606	10875	0	587	578	337	275	291	76	853515616737708	25099112878567966
2305843009213693950	33	48	18606	10875	0	587	578	337	87	75	5	853515616737708	25099112878567966
144115188075855870	33	48	18606	10875	0	587	578	337	5	4	0	853515616737708	25099112878567966
6148914691236495	33	48	18606	10875	0	587	578	337	1	0	0	853515616737708	18446744073709551615
9223372036854775806	33	49	18606	34534	0	587	571	343	275	301	89	853515616737708	1691219382961787
2305843009213693950	33	49	18606	34534	0	587	571	343	87	75	4	853515616737708	1691219382961787
144115188075855870	33	49	18606	34534	0	587	571	343	5	4	0	853515616737708	1691219382961787
6148914691236495	33	49	18606	34534	0	587	571	343	1	1	0	853515616737708	1691219382961787
9223372036854775806	33	50	18606	26791	0	587	623	351	275	301	72	853515616737708	15400635981762684
2305843009213693950	33	50	18606	26791	0	587	623	351	87	85	6	853515616737708	15400635981762684
144115188075855870	33	50	18606	26791	0	587	623	351	5	6	0	853515616737708	15400635981762684
6148914691236495	33	50	18606	26791	0	587	623	351	1	0	0	853515616737708	18446744073709551615
9223372036854775806	33	51	18606	32876	0	587	586	338	275	292	74	853515616737708	41742007892017841
2305843009213693950	33	51	18606	32876	0	587	586	338	87	77	5	853515616737708	41742007892017841
144115188075855870	33	51	18606	32876	0	587	586	338	5	3	0	853515616737708	41742007892017841
6148914691236495	33	51	18606	32876	0	587	586	338	1	0	0	853515616737708	18446744073709551615
9223372036854775806	33	52	18606	13804	0	587	574	349	275	300	84	853515616737708	2790875122670278
2305843009213693950	33	52	18606	13804	0	587	574	349	87	63	8	853515616737708	2790875122670278
144115188075855870	33	52	18606	13804	0	587	574	349	5	3	0	853515616737708	2790875122670278
6148914691236495	33	52	18606	13804	0	587	574	349	1	1	0	853515616737708	2790875122670278
9223372036854775806	33	53	18606	28986	0	587	592	345	275	313	95	853515616737708	26017863593228402
2305843009213693950	33	53	18606	28986	0	587	592	345	87	67	6	853515616737708	26017863593228402
144115188075855870	33	53	18606	28986	0	587	592	345	5	5	0	853515616737708	26017863593228402
6148914691236495	33	53	18606	28986	0	587	592	345	1	0	0	853515616737708	18446744073709551615
9223372036854775806	33	54	18606	20288	0	587	577	320	275	279	78	853515616737708	6993834807301157
2305843009213693950	33	54	18606	20288	0	587	577	320	87	77	2	853515616737708	6993834807301157
144115188075855870	33	54	18606	20288	0	587	577	320	5	2	0	853515616737708	6993834807301157
6148914691236495	33	54	18606	20288	0	587	577	320	1	0	0	853515616737708	18446744073709551615
9223372036854775806	33	55	18606	41436	0	587	582	337	275	287	91	853515616737708	25612715942692053
2305843009213693950	33	55	18606	41436	0	587	582	337	87	79	11	853515616737708	25612715942692053
144115188075855870	33	55	18606	41436	0	587	582	337	5	3	0	853515616737708	25612715942692053
6148914691236495	33	55	18606	41436	0	587	582	337	1	0	0	853515616737708	18446744073709551615
9223372036854775806	33	56	18606	41867	0	587	603	349	275	288	76	853515616737708	8795885601060178
2305843009213693950	33	56	18606	41867	0	587	603	349	87	69	6	853515616737708	8795885601060178
144115188075855870	33	56	18606	41867	0	587	603	349	5	8	0	853515616737708	8795885601060178
6148914691236495	33	56	18606	41867	0	587	603	349	1	0	0	853515616737708	18446744073709551615
9223372036854775806	33	57	18606	55273	0	587	375	212	275	182	50	853515616737708	57484945731452901
2305843009213693950	33	57	18606	55273	0	587	375	212	87	51	4	853515616737708	57484945731452901
144115188075855870	33	57	18606	55273	0	587	375	212	5	3	0	853515616737708	57484945731452901
6148914691236495	33	57	18606	55273	0	587	375	212	1	0	0	853515616737708	18446744073709551615
9223372036854775806	33	58	18606	48095	0	587	592	347	275	279	76	853515616737708	5858463627943568
2305843009213693950	33	58	18606	48095	0	587	592	347	87	78	8	853515616737708	5858463627943568
144115188075855870	33	58	18606	48095	0	587	592	347	5	5	0	853515616737708	5858463627943568
6148914691236495	33	58	18606	48095	0	587	592	347	1	0	0	853515616737708	18446744073709551615
9223372036854775806	33	59	18606	55964	0	587	246	143	275	121	38	853515616737708	4794458762861514
2305843009213693950	33	59	18606	55964	0	587	246	143	87	34	2	853515616737708	4794458762861514
144115188075855870	33	59	18606	55964	0	587	246	143	5	6	0	853515616737708	4794458762861514
6148914691236495	33	59	18606	55964	0	587	246	143	1	0	0	853515616737708	18446744073709551615
9223372036854775806	33	60	18606	33080	0	587	605	357	275	288	72	853515616737708	21234551346284532
2305843009213693950	33	60	18606	33080	0	587	605	357	87	67	5	853515616737708	21234551346284532
144115188075855870	33	60	18606	33080	0	587	605	357	5	6	0	853515616737708	21234551346284532
6148914691236495	33	60	18606	33080	0	587	605	357	1	0	0	853515616737708	18446744073709551615
9223372036854775806	33	61	18606	19280	0	587	590	357	275	318	88	853515616737708	43101032433561777
2305843009213693950	33	61	18606	19280	0	587	590	357	87	71	5	853515616737708	43101032433561777
144115188075855870	33	61	18606	19280	0	587	590	357	5	3	0	853515616737708	43101032433561777
6148914691236495	33	61	18606	19280	0	587	590	357	1	0	0	853515616737708	18446744073709551615
9223372036854775806	33	62	18606	8703	0	587	586	345	275	295	77	853515616737708	21265985390459575
2305843009213693950	33	62	18606	8703	0	587	586	345	87	74	7	853515616737708	21265985390459575
144115188075855870	33	62	18606	8703	0	587	586	345	5	5	0	853515616737708	21265985390459575
6148914691236495	33	62	18606	8703	0	587	586	345	1	0	0	853515616737708	18446744073709551615
9223372036854775806	33	63	18606	18798	0	587	587	349	275	268	79	853515616737708	15005778287697291
2305843009213693950	33	63	18606	18798	0	587	587	349	87	71	4	853515616737708	15005778287697291
144115188075855870	33	63	18606	18798	0	587	587	349	5	3	0	853515616737708	15005778287697291
6148914691236495	33	63	18606	18798	0	587	587	349	1	0	0	853515616737708	18446744073709551615
9223372036854775806	34	35	25591	46113	0	601	590	360	280	315	91	6928079483968818	7541477037468554
2305843009213693950	34	35	25591	46113	0	601	590	360	79	87	11	6928079483968818	7541477037468554
144115188075855870	34	35	25591	46113	0	601	590	360	7	5	0	6928079483968818	7541477037468554
6148914691236495	34	35	25591	46113	0	601	590	360	0	0	0	18446744073709551615	18446744073709551615
9223372036854775806	34	36	25591	19622	0	601	589	356	280	288	86	6928079483968818	16578064053768791
2305843009213693950	34	36	25591	19622	0	601	589	356	79	66	4	6928079483968818	16578064053768791
144115188075855870	34	36	25591	19622	0	601	589	356	7	7	0	6928079483968818	16578064053768791
6148914691236495	34	36	25591	19622	0	601	589	356	0	0	0	18446744073709551615	18446744073709551615
9223372036854775806	34	37	25591	61384	0	601	0	0	280	0	0	6928079483968818	18446744073709551615
2305843009213693950	34	37	25591	61384	0	601	0	0	79	0	0	6928079483968818	18446744073709551615
144115188075855870	34	37	25591	61384	0	601	0	0	7	0	0	6928079483968818	18446744073709551615
6148914691236495	34	37	25591	61384	0	601	0	0	0	0	0	18446744073709551615	18446744073709551615
9223372036854775806	34	38	25591	1850	0	601	593	363	280	286	81	6928079483968818	2925841906355596
2305843009213693950	34	38	25591	1850	0	601	593	363	79	71	5	6928079483968818	2925841906355596
144115188075855870	34	38	25591	1850	0	601	593	363	7	2	0	6928079483968818	2925841906355596
6148914691236495	34	38	25591	1850	0	601	593	363	0	1	0	18446744073709551615	2925841906355596
9223372036854775806	34	39	25591	49493	0	601	597	369	280	308	85	6928079483968818	2369895518816490
2305843009213693950	34	39	25591	49493	0	601	597	369	79	76	10	6928079483968818	2369895518816490
144115188075855870	34	39	25591	49493	0	601	597	369	7	3	0	6928079483968818	2369895518816490
6148914691236495	34	39	25591	49493	0	601	597	369	0	1	0	18446744073709551615	2369895518816490
9223372036854775806	34	40	25591	43652	0	601	575	353	280	278	96	6928079483968818	42882982723515030
2305843009213693950	34	40	25591	43652	0	601	575	353	79	67	9	6928079483968818	42882982723515030
144115188075855870	34	40	25591	43652	0	601	575	353	7	1	0	6928079483968818	42882982723515030
6148914691236495	34	40	25591	43652	0	601	575	353	0	0	0	18446744073709551615	18446744073709551615
9223372036854775806	34	41	25591	65253	0	601	0	0	280	0	0	6928079483968818	18446744073709551615
2305843009213693950	34	41	25591	65253	0	601	0	0	79	0	0	6928079483968818	18446744073709551615
144115188075855870	34	41	25591	65253	0	601	0	0	7	0	0	6928079483968818	18446744073709551615
6148914691236495	34	41	25591	65253	0	601	0	0	0	0	0	18446744073709551615	18446744073709551615
9223372036854775806	34	42	25591	24016	0	601	582	361	280	278	78	6928079483968818	23566389845982477
2305843009213693950	34	42	25591	24016	0	601	582	361	79	65	4	6928079483968818	23566389845982477
144115188075855870	34	42	25591	24016	0	601	582	361	7	5	0	6928079483968818	23566389845982477
6148914691236495	34	42	25591	24016	0	601	582	361	0	0	0	18446744073709551615	18446744073709551615
9223372036854775806	34	43	25591	39014	0	601	577	341	280	286	83	6928079483968818	9614967626582621
2305843009213693950	34	43	25591	39014	0	601	577	341	79	69	4	6928079483968818	9614967626582621
144115188075855870	34	43	25591	39014	0	601	577	341	7	3	0	6928079483968818	9614967626582621
6148914691236495	34	43	25591	39014	0	601	577	341	0	0	0	18446744073709551615	18446744073709551615
9223372036854775806	34	44	25591	50585	0	601	573	345	280	297	81	6928079483968818	2197102958816999
2305843009213693950	34	44	25591	50585	0	601	573	345	79	76	6	6928079483968818	2197102958816999
144115188075855870	34	44	25591	50585	0	601	573	345	7	5	0	6928079483968818	2197102958816999
6148914691236495	34	44	25591	50585	0	601	573	345	0	1	0	18446744073709551615	2197102958816999
9223372036854775806	34	45	25591	543	0	601	595	363	280	277	82	6928079483968818	3529678978331514
2305843009213693950	34	45	25591	543	0	601	595	363	79	72	9	6928079483968818	3529678978331514
144115188075855870	34	45	25591	543	0	601	595	363	7	5	0	6928079483968818	3529678978331514
6148914691236495	34	45	25591	543	0	601	595	363	0	0	0	18446744073709551615	18446744073709551615
9223372036854775806	34	46	25591	28348	0	601	584	348	280	308	98	6928079483968818	7659861853809104
2305843009213693950	34	46	25591	28348	0	601	584	348	79	83	11	6928079483968818	7659861853809104
144115188075855870	34	46	25591	28348	0	601	584	348	7	7	0	6928079483968818	7659861853809104
6148914691236495	34	46	25591	28348	0	601	584	348	0	0	0	18446744073709551615	18446744073709551615
9223372036854775806	34	47	25591	36508	0	601	558	328	280	281	68	6928079483968818	5699832315310769
2305843009213693950	34	47	25591	36508	0	601	558	328	79	79	6	6928079483968818	5699832315310769
144115188075855870	34	47	25591	36508	0	601	558	328	7	5	0	6928079483968818	5699832315310769
6148914691236495	34	47	25591	36508	0	601	558	328	0	0	0	18446744073709551615	18446744073709551615
9223372036854775806	34	48	25591	10875	0	601	578	347	280	291	84	6928079483968818	25099112878567966
2305843009213693950	34	48	25591	10875	0	601	578	347	79	75	13	6928079483968818	25099112878567966
144115188075855870	34	48	25591	10875	0	601	578	347	7	4	0	6928079483968818	25099112878567966
6148914691236495	34	48	25591	10875	0	601	578	347	0	0	0	18446744073709551615	18446744073709551615
9223372036854775806	34	49	25591	34534	0	601	571	358	280	301	83	6928079483968818	1691219382961787
2305843009213693950	34	49	25591	34534	0	601	571	358	79	75	5	6928079483968818	1691219382961787
144115188075855870	34	49	25591	34534	0	601	571	358	7	4	0	6928079483968818	1691219382961787
6148914691236495	34	49	25591	34534	0	601	571	358	0	1	0	18446744073709551615	1691219382961787
9223372036854775806	34	50	25591	26791	0	601	623	375	280	301	84	6928079483968818	15400635981762684
2305843009213693950	34	50	25591	26791	0	601	623	375	79	85	3	6928079483968818	15400635981762684
144115188075855870	34	50	25591	26791	0	601	623	375	7	6	0	6928079483968818	15400635981762684
6148914691236495	34	50	25591	26791	0	601	623	375	0	0	0	18446744073709551615	18446744073709551615
9223372036854775806	34	51	25591	32876	0	601	586	351	280	292	83	6928079483968818	41742007892017841
2305843009213693950	34	51	25591	32876	0	601	586	351	79	77	9	6928079483968818	41742007892017841
144115188075855870	34	51	25591	32876	0	601	586	351	7	3	0	6928079483968818	41742007892017841
6148914691236495	34	51	25591	32876	0	601	586	351	0	0	0	18446744073709551615	18446744073709551615
9223372036854775806	34	52	25591	13804	0	601	574	340	280	300	83	6928079483968818	2790875122670278
2305843009213693950	34	52	25591	13804	0	601	574	340	79	63	4	6928079483968818	2790875122670278
144115188075855870	34	52	25591	13804	0	601	574	340	7	3	0	6928079483968818	2790875122670278
6148914691236495	34	52	25591	13804	0	601	574	340	0	1	0	18446744073709551615	2790875122670278
9223372036854775806	34	53	25591	28986	0	601	592	347	280	313	91	6928079483968818	26017863593228402
2305843009213693950	34	53	25591	28986	0	601	592	347	79	67	4	6928079483968818	26017863593228402
144115188075855870	34	53	25591	28986	0	601	592	347	7	5	0	6928079483968818	26017863593228402
6148914691236495	34	53	25591	28986	0	601	592	347	0	0	0	18446744073709551615	18446744073709551615
9223372036854775806	34	54	25591	20288	0	601	577	343	280	279	80	6928079483968818	6993834807301157
2305843009213693950	34	54	25591	20288	0	601	577	343	79	77	5	6928079483968818	6993834807301157
144115188075855870	34	54	25591	20288	0	601	577	343	7	2	0	6928079483968818	6993834807301157
6148914691236495	34	54	25591	20288	0	601	577	343	0	0	0	18446744073709551615	18446744073709551615
9223372036854775806	34	55	25591	41436	0	601	582	340	280	287	65	6928079483968818	25612715942692053
2305843009213693950	34	55	25591	41436	0	601	582	340	79	79	8	6928079483968818	25612715942692053
144115188075855870	34	55	25591	41436	0	601	582	340	7	3	0	6928079483968818	25612715942692053
6148914691236495	34	55	25591	41436	0	601	582	340	0	0	0	18446744073709551615	18446744073709551615
9223372036854775806	34	56	25591	41867	0	601	603	360	280	288	76	6928079483968818	8795885601060178
2305843009213693950	34	56	25591	41867	0	601	603	360	79	69	5	6928079483968818	8795885601060178
144115188075855870	34	56	25591	41867	0	601	603	360	7	8	0	6928079483968818	8795885601060178
6148914691236495	34	56	25591	41867	0	601	603	360	0	0	0	18446744073709551615	18446744073709551615
9223372036854775806	34	57	25591	55273	0	601	375	223	280	182	50	6928079483968818	57484945731452901
2305843009213693950	34	57	25591	55273	0	601	375	223	79	51	8	6928079483968818	57484945731452901
144115188075855870	34	57	25591	55273	0	601	375	223	7	3	0	6928079483968818	57484945731452901
6148914691236495	34	57	25591	55273	0	601	375	223	0	0	0	18446744073709551615	18446744073709551615
9223372036854775806	34	58	25591	48095	0	601	592	363	280	279	78	6928079483968818	5858463627943568
2305843009213693950	34	58	25591	48095	0	601	592	363	79	78	6	6928079483968818	5858463627943568
144115188075855870	34	58	25591	48095	0	601	592	363	7	5	0	6928079483968818	5858463627943568
6148914691236495	34	58	25591	48095	0	601	592	363	0	0	0	18446744073709551615	18446744073709551615
9223372036854775806	34	59	25591	55964	0	601	246	135	280	121	40	6928079483968818	4794458762861514
2305843009213693950	34	59	25591	55964	0	601	246	135	79	34	5	6928079483968818	4794458762861514
144115188075855870	34	59	25591	55964	0	601	246	135	7	6	0	6928079483968818	4794458762861514
6148914691236495	34	59	25591	55964	0	601	246	135	0	0	0	18446744073709551615	18446744073709551615
9223372036854775806	34	60	25591	33080	0	601	605	358	280	288	87	6928079483968818	21234551346284532
2305843009213693950	34	60	25591	33080	0	601	605	358	79	67	4	6928079483968818	21234551346284532
144115188075855870	34	60	25591	33080	0	601	605	358	7	6	0	6928079483968818	21234551346284532
6148914691236495	34	60	25591	33080	0	601	605	358	0	0	0	18446744073709551615	18446744073709551615
9223372036854775806	34	61	25591	19280	0	601	590	358	280	318	86	6928079483968818	43101032433561777
2305843009213693950	34	61	25591	19280	0	601	590	358	79	71	7	6928079483968818	43101032433561777
144115188075855870	34	61	25591	19280	0	601	590	358	7	3	0	6928079483968818	43101032433561777
6148914691236495	34	61	25591	19280	0	601	590	358	0	0	0	18446744073709551615	18446744073709551615
9223372036854775806	34	62	25591	8703	0	601	586	355	280	295	89	6928079483968818	21265985390459575
2305843009213693950	34	62	25591	8703	0	601	586	355	79	74	5	6928079483968818	21265985390459575
144115188075855870	34	62	25591	8703	0	601	586	355	7	5	0	6928079483968818	21265985390459575
6148914691236495	34	62	25591	8703	0	601	586	355	0	0	0	18446744073709551615	18446744073709551615
9223372036854775806	34	63	25591	18798	0	601	587	350	280	268	75	6928079483968818	15005778287697291
2305843009213693950	34	63	25591	18798	0	601	587	350	79	71	11	6928079483968818	15005778287697291
144115188075855870	34	63	25591	18798	0	601	587	350	7	3	0	6928079483968818	15005778287697291
6148914691236495	34	63	25591	18798	0	601	587	350	0	0	0	18446744073709551615	18446744073709551615
9223372036854775806	35	36	46113	19622	0	590	589	352	315	288	95	7541477037468554	16578064053768791
2305843009213693950	35	36	46113	19622	0	590	589	352	87	66	10	7541477037468554	16578064053768791
144115188075855870	35	36	46113	19622	0	590	589	352	5	7	0	7541477037468554	16578064053768791
6148914691236495	35	36	46113	19622	0	590	589	352	0	0	0	18446744073709551615	18446744073709551615
9223372036854775806	35	37	46113	61384	0	590	0	0	315	0	0	7541477037468554	18446744073709551615
2305843009213693950	35	37	46113	61384	0	590	0	0	87	0	0	7541477037468554	18446744073709551615
144115188075855870	35	37	46113	61384	0	590	0	0	5	0	0	7541477037468554	18446744073709551615
6148914691236495	35	37	46113	61384	0	590	0	0	0	0	0	18446744073709551615	18446744073709551615
9223372036854775806	35	38	46113	1850	0	590	593	348	315	286	76	7541477037468554	2925841906355596
2305843009213693950	35	38	46113	1850	0	590	593	348	87	71	6	7541477037468554	2925841906355596
144115188075855870	35	38	46113	1850	0	590	593	348	5	2	0	7541477037468554	2925841906355596
6148914691236495	35	38	46113	1850	0	590	593	348	0	1	0	18446744073709551615	2925841906355596
9223372036854775806	35	39	46113	49493	0	590	597	349	315	308	101	7541477037468554	2369895518816490
2305843009213693950	35	39	46113	49493	0	590	597	349	87	76	8	7541477037468554	2369895518816490
144115188075855870	35	39	46113	49493	0	590	597	349	5	3	0	7541477037468554	2369895518816490
6148914691236495	35	39	46113	49493	0	590	597	349	0	1	0	18446744073709551615	2369895518816490
9223372036854775806	35	40	46113	43652	0	590	575	344	315	278	89	7541477037468554	42882982723515030
2305843009213693950	35	40	46113	43652	0	590	575	344	87	67	4	7541477037468554	42882982723515030
144115188075855870	35	40	46113	43652	0	590	575	344	5	1	0	7541477037468554	42882982723515030
6148914691236495	35	40	46113	43652	0	590	575	344	0	0	0	18446744073709551615	18446744073709551615
9223372036854775806	35	41	46113	65253	0	590	0	0	315	0	0	7541477037468554	18446744073709551615
2305843009213693950	35	41	46113	65253	0	590	0	0	87	0	0	7541477037468554	18446744073709551615
144115188075855870	35	41	46113	65253	0	590	0	0	5	0	0	7541477037468554	18446744073709551615
6148914691236495	35	41	46113	65253	0	590	0	0	0	0	0	18446744073709551615	18446744073709551615
9223372036854775806	35	42	46113	24016	0	590	582	350	315	278	88	7541477037468554	23566389845982477
2305843009213693950	35	42	46113	24016	0	590	582	350	87	65	2	7541477037468554	23566389845982477
144115188075855870	35	42	46113	24016	0	590	582	350	5	5	0	7541477037468554	23566389845982477
6148914691236495	35	42	46113	24016	0	590	582	350	0	0	0	18446744073709551615	18446744073709551615
9223372036854775806	35	43	46113	39014	0	590	577	347	315	286	84	7541477037468554	9614967626582621
2305843009213693950	35	43	46113	39014	0	590	577	347	87	69	7	7541477037468554	9614967626582621
144115188075855870	35	43	46113	39014	0	590	577	347	5	3	0	7541477037468554	9614967626582621
6148914691236495	35	43	46113	39014	0	590	577	347	0	0	0	18446744073709551615	18446744073709551615
9223372036854775806	35	44	46113	50585	0	590	573	336	315	297	101	7541477037468554	2197102958816999
2305843009213693950	35	44	46113	50585	0	590	573	336	87	76	6	7541477037468554	2197102958816999
144115188075855870	35	44	46113	50585	0	590	573	336	5	5	0	7541477037468554	2197102958816999
6148914691236495	35	44	46113	50585	0	590	573	336	0	1	0	18446744073709551615	2197102958816999
9223372036854775806	35	45	46113	543	0	590	595	359	315	277	89	7541477037468554	3529678978331514
2305843009213693950	35	45	46113	543	0	590	595	359	87	72	6	7541477037468554	3529678978331514
144115188075855870	35	45	46113	543	0	590	595	359	5	5	0	7541477037468554	3529678978331514
6148914691236495	35	45	46113	543	0	590	595	359	0	0	0	18446744073709551615	18446744073709551615
9223372036854775806	35	46	46113	28348	0	590	584	341	315	308	103	7541477037468554	7659861853809104
2305843009213693950	35	46	46113	28348	0	590	584	341	87	83	4	7541477037468554	7659861853809104
144115188075855870	35	46	46113	28348	0	590	584	341	5	7	0	7541477037468554	7659861853809104
6148914691236495	35	46	46113	28348	0	590	584	341	0	0	0	18446744073709551615	18446744073709551615
9223372036854775806	35	47	46113	36508	0	590	558	336	315	281	94	7541477037468554	5699832315310769
2305843009213693950	35	47	46113	36508	0	590	558	336	87	79	9	7541477037468554	5699832315310769
144115188075855870	35	47	46113	36508	0	590	558	336	5	5	0	7541477037468554	5699832315310769
6148914691236495	35	47	46113	36508	0	590	558	336	0	0	0	18446744073709551615	18446744073709551615
9223372036854775806	35	48	46113	10875	0	590	578	333	315	291	102	7541477037468554	25099112878567966
2305843009213693950	35	48	46113	10875	0	590	578	333	87	75	11	7541477037468554	25099112878567966
144115188075855870	35	48	46113	10875	0	590	578	333	5	4	0	7541477037468554	25099112878567966
6148914691236495	35	48	46113	10875	0	590	578	333	0	0	0	18446744073709551615	18446744073709551615
9223372036854775806	35	49	46113	34534	0	590	571	328	315	301	89	7541477037468554	1691219382961787
2305843009213693950	35	49	46113	34534	0	590	571	328	87	75	4	7541477037468554	1691219382961787
144115188075855870	35	49	46113	34534	0	590	571	328	5	4	0	7541477037468554	1691219382961787
6148914691236495	35	49	46113	34534	0	590	571	328	0	1	0	18446744073709551615	1691219382961787
9223372036854775806	35	50	46113	26791	0	590	623	370	315	301	103	7541477037468554	15400635981762684
2305843009213693950	35	50	46113	26791	0	590	623	370	87	85	9	7541477037468554	15400635981762684
144115188075855870	35	50	46113	26791	0	590	623	370	5	6	0	7541477037468554	15400635981762684
6148914691236495	35	50	46113	26791	0	590	623	370	0	0	0	18446744073709551615	18446744073709551615
9223372036854775806	35	51	46113	32876	0	590	586	353	315	292	94	7541477037468554	41742007892017841
2305843009213693950	35	51	46113	32876	0	590	586	353	87	77	11	7541477037468554	41742007892017841
144115188075855870	35	51	46113	32876	0	590	586	353	5	3	0	7541477037468554	41742007892017841
6148914691236495	35	51	46113	32876	0	590	586	353	0	0	0	18446744073709551615	18446744073709551615
9223372036854775806	35	52	46113	13804	0	590	574	332	315	300	89	7541477037468554	2790875122670278
2305843009213693950	35	52	46113	13804	0	590	574	332	87	63	1	7541477037468554	2790875122670278
144115188075855870	35	52	46113	13804	0	590	574	332	5	3	0	7541477037468554	2790875122670278
6148914691236495	35	52	46113	13804	0	590	574	332	0	1	0	18446744073709551615	2790875122670278
9223372036854775806	35	53	46113	28986	0	590	592	337	315	313	102	7541477037468554	26017863593228402
2305843009213693950	35	53	46113	28986	0	590	592	337	87	67	6	7541477037468554	26017863593228402
144115188075855870	35	53	46113	28986	0	590	592	337	5	5	0	7541477037468554	26017863593228402
6148914691236495	35	53	46113	28986	0	590	592	337	0	0	0	18446744073709551615	18446744073709551615
9223372036854775806	35	54	46113	20288	0	590	577	344	315	279	92	7541477037468554	6993834807301157
2305843009213693950	35	54	46113	20288	0	590	577	344	87	77	7	7541477037468554	6993834807301157
144115188075855870	35	54	46113	20288	0	590	577	344	5	2	0	7541477037468554	6993834807301157
6148914691236495	35	54	46113	20288	0	590	577	344	0	0	0	18446744073709551615	18446744073709551615
9223372036854775806	35	55	46113	41436	0	590	582	352	315	287	95	7541477037468554	25612715942692053
2305843009213693950	35	55	46113	41436	0	590	582	352	87	79	10	7541477037468554	25612715942692053
144115188075855870	35	55	46113	41436	0	590	582	352	5	3	0	7541477037468554	25612715942692053
6148914691236495	35	55	46113	41436	0	590	582	352	0	0	0	18446744073709551615	18446744073709551615
9223372036854775806	35	56	46113	41867	0	590	603	357	315	288	110	7541477037468554	8795885601060178
2305843009213693950	35	56	46113	41867	0	590	603	357	87	69	10	7541477037468554	8795885601060178
144115188075855870	35	56	46113	41867	0	590	603	357	5	8	0	7541477037468554	8795885601060178
6148914691236495	35	56	46113	41867	0	590	603	357	0	0	0	18446744073709551615	18446744073709551615
9223372036854775806	35	57	46113	55273	0	590	375	205	315	182	54	7541477037468554	57484945731452901
2305843009213693950	35	57	46113	55273	0	590	375	205	87	51	5	7541477037468554	57484945731452901
144115188075855870	35	57	46113	55273	0	590	375	205	5	3	0	7541477037468554	57484945731452901
6148914691236495	35	57	46113	55273	0	590	375	205	0	0	0	18446744073709551615	18446744073709551615
9223372036854775806	35	58	46113	48095	0	590	592	347	315	279	73	7541477037468554	5858463627943568
2305843009213693950	35	58	46113	48095	0	590	592	347	87	78	5	7541477037468554	5858463627943568
144115188075855870	35	58	46113	48095	0	590	592	347	5	5	0	7541477037468554	5858463627943568
6148914691236495	35	58	46113	48095	0	590	592	347	0	0	0	18446744073709551615	18446744073709551615
9223372036854775806	35	59	46113	55964	0	590	246	144	315	121	37	7541477037468554	4794458762861514
2305843009213693950	35	59	46113	55964	0	590	246	144	87	34	2	7541477037468554	4794458762861514
144115188075855870	35	59	46113	55964	0	590	246	144	5	6	0	7541477037468554	4794458762861514
6148914691236495	35	59	46113	55964	0	590	246	144	0	0	0	18446744073709551615	18446744073709551615
9223372036854775806	35	60	46113	33080	0	590	605	363	315	288	90	7541477037468554	21234551346284532
2305843009213693950	35	60	46113	33080	0	590	605	363	87	67	8	7541477037468554	21234551346284532
144115188075855870	35	60	46113	33080	0	590	605	363	5	6	0	7541477037468554	21234551346284532
6148914691236495	35	60	46113	33080	0	590	605	363	0	0	0	18446744073709551615	18446744073709551615
9223372036854775806	35	61	46113	19280	0	590	590	367	315	318	104	7541477037468554	43101032433561777
2305843009213693950	35	61	46113	19280	0	590	590	367	87	71	7	7541477037468554	43101032433561777
144115188075855870	35	61	46113	19280	0	590	590	367	5	3	0	7541477037468554	43101032433561777
6148914691236495	35	61	46113	19280	0	590	590	367	0	0	0	18446744073709551615	18446744073709551615
9223372036854775806	35	62	46113	8703	0	590	586	337	315	295	94	7541477037468554	21265985390459575
2305843009213693950	35	62	46113	8703	0	590	586	337	87	74	8	7541477037468554	21265985390459575
144115188075855870	35	62	46113	8703	0	590	586	337	5	5	0	7541477037468554	21265985390459575
6148914691236495	35	62	46113	8703	0	590	586	337	0	0	0	18446744073709551615	18446744073709551615
9223372036854775806	35	63	46113	18798	0	590	587	355	315	268	86	7541477037468554	15005778287697291
2305843009213693950	35	63	46113	18798	0	590	587	355	87	71	3	7541477037468554	15005778287697291
144115188075855870	35	63	46113	18798	0	590	587	355	5	3	0	7541477037468554	15005778287697291
6148914691236495	35	63	46113	18798	0	590	587	355	0	0	0	18446744073709551615	18446744073709551615
9223372036854775806	36	37	19622	61384	0	589	0	0	288	0	0	16578064053768791	18446744073709551615
2305843009213693950	36	37	19622	61384	0	589	0	0	66	0	0	16578064053768791	18446744073709551615
144115188075855870	36	37	19622	61384	0	589	0	0	7	0	0	16578064053768791	18446744073709551615
6148914691236495	36	37	19622	61384	0	589	0	0	0	0	0	18446744073709551615	18446744073709551615
9223372036854775806	36	38	19622	1850	0	589	593	346	288	286	77	16578064053768791	2925841906355596
2305843009213693950	36	38	19622	1850	0	589	593	346	66	71	3	16578064053768791	2925841906355596
144115188075855870	36	38	19622	1850	0	589	593	346	7	2	0	16578064053768791	2925841906355596
6148914691236495	36	38	19622	1850	0	589	593	346	0	1	0	18446744073709551615	2925841906355596
9223372036854775806	36	39	19622	49493	0	589	597	347	288	308	83	16578064053768791	2369895518816490
2305843009213693950	36	39	19622	49493	0	589	597	347	66	76	0	16578064053768791	2369895518816490
144115188075855870	36	39	19622	49493	0	589	597	347	7	3	0	16578064053768791	2369895518816490
6148914691236495	36	39	19622	49493	0	589	597	347	0	1	0	18446744073709551615	2369895518816490
9223372036854775806	36	40	19622	43652	0	589	575	340	288	278	78	16578064053768791	42882982723515030
2305843009213693950	36	40	19622	43652	0	589	575	340	66	67	3	16578064053768791	42882982723515030
144115188075855870	36	40	19622	43652	0	589	575	340	7	1	0	16578064053768791	42882982723515030
6148914691236495	36	40	19622	43652	0	589	575	340	0	0	0	18446744073709551615	18446744073709551615
9223372036854775806	36	41	19622	65253	0	589	0	0	288	0	0	16578064053768791	18446744073709551615
2305843009213693950	36	41	19622	65253	0	589	0	0	66	0	0	16578064053768791	18446744073709551615
144115188075855870	36	41	19622	65253	0	589	0	0	7	0	0	16578064053768791	18446744073709551615
6148914691236495	36	41	19622	65253	0	589	0	0	0	0	0	18446744073709551615	18446744073709551615
9223372036854775806	36	42	19622	24016	0	589	582	337	288	278	62	16578064053768791	23566389845982477
2305843009213693950	36	42	19622	24016	0	589	582	337	66	65	2	16578064053768791	23566389845982477
144115188075855870	36	42	19622	24016	0	589	582	337	7	5	0	16578064053768791	23566389845982477
6148914691236495	36	42	19622	24016	0	589	582	337	0	0	0	18446744073709551615	18446744073709551615
9223372036854775806	36	43	19622	39014	0	589	577	332	288	286	70	16578064053768791	9614967626582621
2305843009213693950	36	43	19622	39014	0	589	577	332	66	69	1	16578064053768791	9614967626582621
144115188075855870	36	43	19622	39014	0	589	577	332	7	3	0	16578064053768791	9614967626582621
6148914691236495	36	43	19622	39014	0	589	577	332	0	0	0	18446744073709551615	18446744073709551615
9223372036854775806	36	44	19622	50585	0	589	573	335	288	297	91	16578064053768791	2197102958816999
2305843009213693950	36	44	19622	50585	0	589	573	335	66	76	1	16578064053768791	2197102958816999
144115188075855870	36	44	19622	50585	0	589	573	335	7	5	0	16578064053768791	2197102958816999
6148914691236495	36	44	19622	50585	0	589	573	335	0	1	0	18446744073709551615	2197102958816999
9223372036854775806	36	45	19622	543	0	589	595	344	288	277	78	16578064053768791	3529678978331514
2305843009213693950	36	45	19622	543	0	589	595	344	66	72	7	16578064053768791	3529678978331514
144115188075855870	36	45	19622	543	0	589	595	344	7	5	0	16578064053768791	3529678978331514
6148914691236495	36	45	19622	543	0	589	595	344	0	0	0	18446744073709551615	18446744073709551615
9223372036854775806	36	46	19622	28348	0	589	584	344	288	308	71	16578064053768791	7659861853809104
2305843009213693950	36	46	19622	28348	0	589	584	344	66	83	2	16578064053768791	7659861853809104
144115188075855870	36	46	19622	28348	0	589	584	344	7	7	0	16578064053768791	7659861853809104
6148914691236495	36	46	19622	28348	0	589	584	344	0	0	0	18446744073709551615	18446744073709551615
9223372036854775806	36	47	19622	36508	0	589	558	338	288	281	76	16578064053768791	5699832315310769
2305843009213693950	36	47	19622	36508	0	589	558	338	66	79	4	16578064053768791	5699832315310769
144115188075855870	36	47	19622	36508	0	589	558	338	7	5	0	16578064053768791	5699832315310769
6148914691236495	36	47	19622	36508	0	589	558	338	0	0	0	18446744073709551615	18446744073709551615
9223372036854775806	36	48	19622	10875	0	589	578	342	288	291	91	16578064053768791	25099112878567966
2305843009213693950	36	48	19622	10875	0	589	578	342	66	75	6	16578064053768791	25099112878567966
144115188075855870	36	48	19622	10875	0	589	578	342	7	4	0	16578064053768791	25099112878567966
6148914691236495	36	48	19622	10875	0	589	578	342	0	0	0	18446744073709551615	18446744073709551615
9223372036854775806	36	49	19622	34534	0	589	571	332	288	301	84	16578064053768791	1691219382961787
2305843009213693950	36	49	19622	34534	0	589	571	332	66	75	6	16578064053768791	1691219382961787
144115188075855870	36	49	19622	34534	0	589	571	332	7	4	0	16578064053768791	1691219382961787
6148914691236495	36	49	19622	34534	0	589	571	332	0	1	0	18446744073709551615	1691219382961787
9223372036854775806	36	50	19622	26791	0	589	623	361	288	301	85	16578064053768791	15400635981762684
2305843009213693950	36	50	19622	26791	0	589	623	361	66	85	7	16578064053768791	15400635981762684
144115188075855870	36	50	19622	26791	0	589	623	361	7	6	0	16578064053768791	15400635981762684
6148914691236495	36	50	19622	26791	0	589	623	361	0	0	0	18446744073709551615	18446744073709551615
9223372036854775806	36	51	19622	32876	0	589	586	350	288	292	88	16578064053768791	41742007892017841
2305843009213693950	36	51	19622	32876	0	589	586	350	66	77	7	16578064053768791	41742007892017841
144115188075855870	36	51	19622	32876	0	589	586	350	7	3	0	16578064053768791	41742007892017841
6148914691236495	36	51	19622	32876	0	589	586	350	0	0	0	18446744073709551615	18446744073709551615
9223372036854775806	36	52	19622	13804	0	589	574	339	288	300	76	16578064053768791	2790875122670278
2305843009213693950	36	52	19622	13804	0	589	574	339	66	63	4	16578064053768791	2790875122670278
144115188075855870	36	52	19622	13804	0	589	574	339	7	3	0	16578064053768791	2790875122670278
6148914691236495	36	52	19622	13804	0	589	574	339	0	1	0	18446744073709551615	2790875122670278
9223372036854775806	36	53	19622	28986	0	589	592	356	288	313	97	16578064053768791	26017863593228402
2305843009213693950	36	53	19622	28986	0	589	592	356	66	67	7	16578064053768791	26017863593228402
144115188075855870	36	53	19622	28986	0	589	592	356	7	5	0	16578064053768791	26017863593228402
6148914691236495	36	53	19622	28986	0	589	592	356	0	0	0	18446744073709551615	18446744073709551615
9223372036854775806	36	54	19622	20288	0	589	577	338	288	279	93	16578064053768791	6993834807301157
2305843009213693950	36	54	19622	20288	0	589	577	338	66	77	6	16578064053768791	6993834807301157
144115188075855870	36	54	19622	20288	0	589	577	338	7	2	0	16578064053768791	6993834807301157
6148914691236495	36	54	19622	20288	0	589	577	338	0	0	0	18446744073709551615	18446744073709551615
9223372036854775806	36	55	19622	41436	0	589	582	353	288	287	85	16578064053768791	25612715942692053
2305843009213693950	36	55	19622	41436	0	589	582	353	66	79	7	16578064053768791	25612715942692053
144115188075855870	36	55	19622	41436	0	589	582	353	7	3	0	16578064053768791	25612715942692053
6148914691236495	36	55	19622	41436	0	589	582	353	0	0	0	18446744073709551615	18446744073709551615
9223372036854775806	36	56	19622	41867	0	589	603	350	288	288	82	16578064053768791	8795885601060178
2305843009213693950	36	56	19622	41867	0	589	603	350	66	69	4	16578064053768791	8795885601060178
144115188075855870	36	56	19622	41867	0	589	603	350	7	8	1	16578064053768791	8795885601060178
6148914691236495	36	56	19622	41867	0	589	603	350	0	0	0	18446744073709551615	18446744073709551615
9223372036854775806	36	57	19622	55273	0	589	375	220	288	182	66	16578064053768791	57484945731452901
2305843009213693950	36	57	19622	55273	0	589	375	220	66	51	4	16578064053768791	57484945731452901
144115188075855870	36	57	19622	55273	0	589	375	220	7	3	0	16578064053768791	57484945731452901
6148914691236495	36	57	19622	55273	0	589	375	220	0	0	0	18446744073709551615	18446744073709551615
9223372036854775806	36	58	19622	48095	0	589	592	345	288	279	81	16578064053768791	5858463627943568
2305843009213693950	36	58	19622	48095	0	589	592	345	66	78	4	16578064053768791	5858463627943568
144115188075855870	36	58	19622	48095	0	589	592	345	7	5	0	16578064053768791	5858463627943568
6148914691236495	36	58	19622	48095	0	589	592	345	0	0	0	18446744073709551615	18446744073709551615
9223372036854775806	36	59	19622	55964	0	589	246	150	288	121	49	16578064053768791	4794458762861514
2305843009213693950	36	59	19622	55964	0	589	246	150	66	34	5	16578064053768791	4794458762861514
144115188075855870	36	59	19622	55964	0	589	246	150	7	6	0	16578064053768791	4794458762861514
6148914691236495	36	59	19622	55964	0	589	246	150	0	0	0	18446744073709551615	18446744073709551615
9223372036854775806	36	60	19622	33080	0	589	605	355	288	288	73	16578064053768791	21234551346284532
2305843009213693950	36	60	19622	33080	0	589	605	355	66	67	2	16578064053768791	21234551346284532
144115188075855870	36	60	19622	33080	0	589	605	355	7	6	0	16578064053768791	21234551346284532
6148914691236495	36	60	19622	33080	0	589	605	355	0	0	0	18446744073709551615	18446744073709551615
9223372036854775806	36	61	19622	19280	0	589	590	361	288	318	96	16578064053768791	43101032433561777
2305843009213693950	36	61	19622	19280	0	589	590	361	66	71	1	16578064053768791	43101032433561777
144115188075855870	36	61	19622	19280	0	589	590	361	7	3	0	16578064053768791	43101032433561777
6148914691236495	36	61	19622	19280	0	589	590	361	0	0	0	18446744073709551615	18446744073709551615
9223372036854775806	36	62	19622	8703	0	589	586	348	288	295	94	16578064053768791	21265985390459575
2305843009213693950	36	62	19622	8703	0	589	586	348	66	74	7	16578064053768791	21265985390459575
144115188075855870	36	62	19622	8703	0	589	586	348	7	5	0	16578064053768791	21265985390459575
6148914691236495	36	62	19622	8703	0	589	586	348	0	0	0	18446744073709551615	18446744073709551615
9223372036854775806	36	63	19622	18798	0	589	587	332	288	268	66	16578064053768791	15005778287697291
2305843009213693950	36	63	19622	18798	0	589	587	332	66	71	6	16578064053768791	15005778287697291
144115188075855870	36	63	19622	18798	0	589	587	332	7	3	0	16578064053768791	15005778287697291
6148914691236495	36	63	19622	18798	0	589	587	332	0	0	0	18446744073709551615	18446744073709551615
9223372036854775806	37	38	61384	1850	0	0	593	0	0	286	0	18446744073709551615	2925841906355596
2305843009213693950	37	38	61384	1850	0	0	593	0	0	71	0	18446744073709551615	2925841906355596
144115188075855870	37	38	61384	1850	0	0	593	0	0	2	0	18446744073709551615	2925841906355596
6148914691236495	37	38	61384	1850	0	0	593	0	0	1	0	18446744073709551615	2925841906355596
9223372036854775806	37	39	61384	49493	0	0	597	0	0	308	0	18446744073709551615	2369895518816490
2305843009213693950	37	39	61384	49493	0	0	597	0	0	76	0	18446744073709551615	2369895518816490
144115188075855870	37	39	61384	49493	0	0	597	0	0	3	0	18446744073709551615	2369895518816490
6148914691236495	37	39	61384	49493	0	0	597	0	0	1	0	18446744073709551615	2369895518816490
9223372036854775806	37	40	61384	43652	0	0	575	0	0	278	0	18446744073709551615	42882982723515030
2305843009213693950	37	40	61384	43652	0	0	575	0	0	67	0	18446744073709551615	42882982723515030
144115188075855870	37	40	61384	43652	0	0	575	0	0	1	0	18446744073709551615	42882982723515030
6148914691236495	37	40	61384	43652	0	0	575	0	0	0	0	18446744073709551615	18446744073709551615
9223372036854775806	37	41	61384	65253	0	0	0	0	0	0	0	18446744073709551615	18446744073709551615
2305843009213693950	37	41	61384	65253	0	0	0	0	0	0	0	18446744073709551615	18446744073709551615
144115188075855870	37	41	61384	65253	0	0	0	0	0	0	0	18446744073709551615	18446744073709551615
6148914691236495	37	41	61384	65253	0	0	0	0	0	0	0	18446744073709551615	18446744073709551615
9223372036854775806	37	42	61384	24016	0	0	582	0	0	278	0	18446744073709551615	23566389845982477
2305843009213693950	37	42	61384	24016	0	0	582	0	0	65	0	18446744073709551615	23566389845982477
144115188075855870	37	42	61384	24016	0	0	582	0	0	5	0	18446744073709551615	23566389845982477
6148914691236495	37	42	61384	24016	0	0	582	0	0	0	0	18446744073709551615	18446744073709551615
9223372036854775806	37	43	61384	39014	0	0	577	0	0	286	0	18446744073709551615	9614967626582621
2305843009213693950	37	43	61384	39014	0	0	577	0	0	69	0	18446744073709551615	9614967626582621
144115188075855870	37	43	61384	39014	0	0	577	0	0	3	0	18446744073709551615	9614967626582621
6148914691236495	37	43	61384	39014	0	0	577	0	0	0	0	18446744073709551615	18446744073709551615
9223372036854775806	37	44	61384	50585	0	0	573	0	0	297	0	18446744073709551615	2197102958816999
2305843009213693950	37	44	61384	50585	0	0	573	0	0	76	0	18446744073709551615	2197102958816999
144115188075855870	37	44	61384	50585	0	0	573	0	0	5	0	18446744073709551615	2197102958816999
6148914691236495	37	44	61384	50585	0	0	573	0	0	1	0	18446744073709551615	2197102958816999
9223372036854775806	37	45	61384	543	0	0	595	0	0	277	0	18446744073709551615	3529678978331514
2305843009213693950	37	45	61384	543	0	0	595	0	0	72	0	18446744073709551615	3529678978331514
144115188075855870	37	45	61384	543	0	0	595	0	0	5	0	18446744073709551615	3529678978331514
6148914691236495	37	45	61384	543	0	0	595	0	0	0	0	18446744073709551615	18446744073709551615
9223372036854775806	37	46	61384	28348	0	0	584	0	0	308	0	18446744073709551615	7659861853809104
2305843009213693950	37	46	61384	28348	0	0	584	0	0	83	0	18446744073709551615	7659861853809104
144115188075855870	37	46	61384	28348	0	0	584	0	0	7	0	18446744073709551615	7659861853809104
6148914691236495	37	46	61384	28348	0	0	584	0	0	0	0	18446744073709551615	18446744073709551615
9223372036854775806	37	47	61384	36508	0	0	558	0	0	281	0	18446744073709551615	5699832315310769
2305843009213693950	37	47	61384	36508	0	0	558	0	0	79	0	18446744073709551615	5699832315310769
144115188075855870	37	47	61384	36508	0	0	558	0	0	5	0	18446744073709551615	5699832315310769
6148914691236495	37	47	61384	36508	0	0	558	0	0	0	0	18446744073709551615	18446744073709551615
9223372036854775806	37	48	61384	10875	0	0	578	0	0	291	0	18446744073709551615	25099112878567966
2305843009213693950	37	48	61384	10875	0	0	578	0	0	75	0	18446744073709551615	25099112878567966
144115188075855870	37	48	61384	10875	0	0	578	0	0	4	0	18446744073709551615	25099112878567966
6148914691236495	37	48	61384	10875	0	0	578	0	0	0	0	18446744073709551615	18446744073709551615
9223372036854775806	37	49	61384	34534	0	0	571	0	0	301	0	18446744073709551615	1691219382961787
2305843009213693950	37	49	61384	34534	0	0	571	0	0	75	0	18446744073709551615	1691219382961787
144115188075855870	37	49	61384	34534	0	0	571	0	0	4	0	18446744073709551615	1691219382961787
6148914691236495	37	49	61384	34534	0	0	571	0	0	1	0	18446744073709551615	1691219382961787
9223372036854775806	37	50	61384	26791	0	0	623	0	0	301	0	18446744073709551615	15400635981762684
2305843009213693950	37	50	61384	26791	0	0	623	0	0	85	0	18446744073709551615	15400635981762684
144115188075855870	37	50	61384	26791	0	0	623	0	0	6	0	18446744073709551615	15400635981762684
6148914691236495	37	50	61384	26791	0	0	623	0	0	0	0	18446744073709551615	18446744073709551615
9223372036854775806	37	51	61384	32876	0	0	586	0	0	292	0	18446744073709551615	41742007892017841
2305843009213693950	37	51	61384	32876	0	0	586	0	0	77	0	18446744073709551615	41742007892017841
144115188075855870	37	51	61384	32876	0	0	586	0	0	3	0	18446744073709551615	41742007892017841
6148914691236495	37	51	61384	32876	0	0	586	0	0	0	0	18446744073709551615	18446744073709551615
9223372036854775806	37	52	61384	13804	0	0	574	0	0	300	0	18446744073709551615	2790875122670278
2305843009213693950	37	52	61384	13804	0	0	574	0	0	63	0	18446744073709551615	2790875122670278
144115188075855870	37	52	61384	13804	0	0	574	0	0	3	0	18446744073709551615	2790875122670278
6148914691236495	37	52	61384	13804	0	0	574	0	0	1	0	18446744073709551615	2790875122670278
9223372036854775806	37	53	61384	28986	0	0	592	0	0	313	0	18446744073709551615	26017863593228402
2305843009213693950	37	53	61384	28986	0	0	592	0	0	67	0	18446744073709551615	26017863593228402
144115188075855870	37	53	61384	28986	0	0	592	0	0	5	0	18446744073709551615	26017863593228402
6148914691236495	37	53	61384	28986	0	0	592	0	0	0	0	18446744073709551615	18446744073709551615
9223372036854775806	37	54	61384	20288	0	0	577	0	0	279	0	18446744073709551615	6993834807301157
2305843009213693950	37	54	61384	20288	0	0	577	0	0	77	0	18446744073709551615	6993834807301157
144115188075855870	37	54	61384	20288	0	0	577	0	0	2	0	18446744073709551615	6993834807301157
6148914691236495	37	54	61384	20288	0	0	577	0	0	0	0	18446744073709551615	18446744073709551615
9223372036854775806	37	55	61384	41436	0	0	582	0	0	287	0	18446744073709551615	25612715942692053
2305843009213693950	37	55	61384	41436	0	0	582	0	0	79	0	18446744073709551615	25612715942692053
144115188075855870	37	55	61384	41436	0	0	582	0	0	3	0	18446744073709551615	25612715942692053
6148914691236495	37	55	61384	41436	0	0	582	0	0	0	0	18446744073709551615	18446744073709551615
9223372036854775806	37	56	61384	41867	0	0	603	0	0	288	0	18446744073709551615	8795885601060178
2305843009213693950	37	56	61384	41867	0	0	603	0	0	69	0	18446744073709551615	8795885601060178
144115188075855870	37	56	61384	41867	0	0	603	0	0	8	0	18446744073709551615	8795885601060178
6148914691236495	37	56	61384	41867	0	0	603	0	0	0	0	18446744073709551615	18446744073709551615
9223372036854775806	37	57	61384	55273	0	0	375	0	0	182	0	18446744073709551615	57484945731452901
2305843009213693950	37	57	61384	55273	0	0	375	0	0	51	0	18446744073709551615	57484945731452901
144115188075855870	37	57	61384	55273	0	0	375	0	0	3	0	18446744073709551615	57484945731452901
6148914691236495	37	57	61384	55273	0	0	375	0	0	0	0	18446744073709551615	18446744073709551615
9223372036854775806	37	58	61384	48095	0	0	592	0	0	279	0	18446744073709551615	5858463627943568
2305843009213693950	37	58	61384	48095	0	0	592	0	0	78	0	18446744073709551615	5858463627943568
144115188075855870	37	58	61384	48095	0	0	592	0	0	5	0	18446744073709551615	5858463627943568
6148914691236495	37	58	61384	48095	0	0	592	0	0	0	0	18446744073709551615	18446744073709551615
9223372036854775806	37	59	61384	55964	0	0	246	0	0	121	0	18446744073709551615	4794458762861514
2305843009213693950	37	59	61384	55964	0	0	246	0	0	34	0	18446744073709551615	4794458762861514
144115188075855870	37	59	61384	55964	0	0	246	0	0	6	0	18446744073709551615	4794458762861514
6148914691236495	37	59	61384	55964	0	0	246	0	0	0	0	18446744073709551615	18446744073709551615
9223372036854775806	37	60	61384	33080	0	0	605	0	0	288	0	18446744073709551615	21234551346284532
2305843009213693950	37	60	61384	33080	0	0	605	0	0	67	0	18446744073709551615	21234551346284532
144115188075855870	37	60	61384	33080	0	0	605	0	0	6	0	18446744073709551615	21234551346284532
6148914691236495	37	60	61384	33080	0	0	605	0	0	0	0	18446744073709551615	18446744073709551615
9223372036854775806	37	61	61384	19280	0	0	590	0	0	318	0	18446744073709551615	43101032433561777
2305843009213693950	37	61	61384	19280	0	0	590	0	0	71	0	18446744073709551615	43101032433561777
144115188075855870	37	61	61384	19280	0	0	590	0	0	3	0	18446744073709551615	43101032433561777
6148914691236495	37	61	61384	19280	0	0	590	0	0	0	0	18446744073709551615	18446744073709551615
9223372036854775806	37	62	61384	8703	0	0	586	0	0	295	0	18446744073709551615	21265985390459575
2305843009213693950	37	62	61384	8703	0	0	586	0	0	74	0	18446744073709551615	21265985390459575
144115188075855870	37	62	61384	8703	0	0	586	0	0	5	0	18446744073709551615	21265985390459575
6148914691236495	37	62	61384	8703	0	0	586	0	0	0	0	18446744073709551615	18446744073709551615
9223372036854775806	37	63	61384	18798	0	0	587	0	0	268	0	18446744073709551615	15005778287697291
2305843009213693950	37	63	61384	18798	0	0	587	0	0	71	0	18446744073709551615	15005778287697291
144115188075855870	37	63	61384	18798	0	0	587	0	0	3	0	18446744073709551615	15005778287697291
6148914691236495	37	63	61384	18798	0	0	587	0	0	0	0	18446744073709551615	18446744073709551615
9223372036854775806	38	39	1850	49493	0	593	597	352	286	308	90	2925841906355596	2369895518816490
2305843009213693950	38	39	1850	49493	0	593	597	352	71	76	4	2925841906355596	2369895518816490
144115188075855870	38	39	1850	49493	0	593	597	352	2	3	0	2925841906355596	2369895518816490
6148914691236495	38	39	1850	49493	0	593	597	352	1	1	0	2925841906355596	2369895518816490
9223372036854775806	38	40	1850	43652	0	593	575	333	286	278	83	2925841906355596	42882982723515030
2305843009213693950	38	40	1850	43652	0	593	575	333	71	67	7	2925841906355596	42882982723515030
144115188075855870	38	40	1850	43652	0	593	575	333	2	1	0	2925841906355596	42882982723515030
6148914691236495	38	40	1850	43652	0	593	575	333	1	0	0	2925841906355596	18446744073709551615
9223372036854775806	38	41	1850	65253	0	593	0	0	286	0	0	2925841906355596	18446744073709551615
2305843009213693950	38	41	1850	65253	0	593	0	0	71	0	0	2925841906355596	18446744073709551615
144115188075855870	38	41	1850	65253	0	593	0	0	2	0	0	2925841906355596	18446744073709551615
6148914691236495	38	41	1850	65253	0	593	0	0	1	0	0	2925841906355596	18446744073709551615
9223372036854775806	38	42	1850	24016	0	593	582	334	286	278	71	2925841906355596	23566389845982477
2305843009213693950	38	42	1850	24016	0	593	582	334	71	65	2	2925841906355596	23566389845982477
144115188075855870	38	42	1850	24016	0	593	582	334	2	5	0	2925841906355596	23566389845982477
6148914691236495	38	42	1850	24016	0	593	582	334	1	0	0	2925841906355596	18446744073709551615
9223372036854775806	38	43	1850	39014	0	593	577	340	286	286	90	2925841906355596	9614967626582621
2305843009213693950	38	43	1850	39014	0	593	577	340	71	69	7	2925841906355596	9614967626582621
144115188075855870	38	43	1850	39014	0	593	577	340	2	3	0	2925841906355596	9614967626582621
6148914691236495	38	43	1850	39014	0	593	577	340	1	0	0	2925841906355596	18446744073709551615
9223372036854775806	38	44	1850	50585	0	593	573	318	286	297	77	2925841906355596	2197102958816999
2305843009213693950	38	44	1850	50585	0	593	573	318	71	76	6	2925841906355596	2197102958816999
144115188075855870	38	44	1850	50585	0	593	573	318	2	5	0	2925841906355596	2197102958816999
6148914691236495	38	44	1850	50585	0	593	573	318	1	1	0	2925841906355596	2197102958816999
9223372036854775806	38	45	1850	543	0	593	595	344	286	277	83	2925841906355596	3529678978331514
2305843009213693950	38	45	1850	543	0	593	595	344	71	72	7	2925841906355596	3529678978331514
144115188075855870	38	45	1850	543	0	593	595	344	2	5	0	2925841906355596	3529678978331514
6148914691236495	38	45	1850	543	0	593	595	344	1	0	0	2925841906355596	18446744073709551615
9223372036854775806	38	46	1850	28348	0	593	584	348	286	308	96	2925841906355596	7659861853809104
2305843009213693950	38	46	1850	28348	0	593	584	348	71	83	4	2925841906355596	7659861853809104
144115188075855870	38	46	1850	28348	0	593	584	348	2	7	0	2925841906355596	7659861853809104
6148914691236495	38	46	1850	28348	0	593	584	348	1	0	0	2925841906355596	18446744073709551615
9223372036854775806	38	47	1850	36508	0	593	558	328	286	281	66	2925841906355596	5699832315310769
2305843009213693950	38	47	1850	36508	0	593	558	328	71	79	6	2925841906355596	5699832315310769
144115188075855870	38	47	1850	36508	0	593	558	328	2	5	0	2925841906355596	5699832315310769
6148914691236495	38	47	1850	36508	0	593	558	328	1	0	0	2925841906355596	18446744073709551615
9223372036854775806	38	48	1850	10875	0	593	578	343	286	291	74	2925841906355596	25099112878567966
2305843009213693950	38	48	1850	10875	0	593	578	343	71	75	4	2925841906355596	25099112878567966
144115188075855870	38	48	1850	10875	0	593	578	343	2	4	0	2925841906355596	25099112878567966
6148914691236495	38	48	1850	10875	0	593	578	343	1	0	0	2925841906355596	18446744073709551615
9223372036854775806	38	49	1850	34534	0	593	571	322	286	301	87	2925841906355596	1691219382961787
2305843009213693950	38	49	1850	34534	0	593	571	322	71	75	6	2925841906355596	1691219382961787
144115188075855870	38	49	1850	34534	0	593	571	322	2	4	0	2925841906355596	1691219382961787
6148914691236495	38	49	1850	34534	0	593	571	322	1	1	0	2925841906355596	1691219382961787
9223372036854775806	38	50	1850	26791	0	593	623	373	286	301	90	2925841906355596	15400635981762684
2305843009213693950	38	50	1850	26791	0	593	623	373	71	85	11	2925841906355596	15400635981762684
144115188075855870	38	50	1850	26791	0	593	623	373	2	6	0	2925841906355596	15400635981762684
6148914691236495	38	50	1850	26791	0	593	623	373	1	0	0	2925841906355596	18446744073709551615
9223372036854775806	38	51	1850	32876	0	593	586	353	286	292	84	2925841906355596	41742007892017841
2305843009213693950	38	51	1850	32876	0	593	586	353	71	77	6	2925841906355596	41742007892017841
144115188075855870	38	51	1850	32876	0	593	586	353	2	3	0	2925841906355596	41742007892017841
6148914691236495	38	51	1850	32876	0	593	586	353	1	0	0	2925841906355596	18446744073709551615
9223372036854775806	38	52	1850	13804	0	593	574	345	286	300	98	2925841906355596	2790875122670278
2305843009213693950	38	52	1850	13804	0	593	574	345	71	63	5	2925841906355596	2790875122670278
144115188075855870	38	52	1850	13804	0	593	574	345	2	3	0	2925841906355596	2790875122670278
6148914691236495	38	52	1850	13804	0	593	574	345	1	1	0	2925841906355596	2790875122670278
9223372036854775806	38	53	1850	28986	0	593	592	351	286	313	86	2925841906355596	26017863593228402
2305843009213693950	38	53	1850	28986	0	593	592	351	71	67	5	2925841906355596	26017863593228402
144115188075855870	38	53	1850	28986	0	593	592	351	2	5	0	2925841906355596	26017863593228402
6148914691236495	38	53	1850	28986	0	593	592	351	1	0	0	2925841906355596	18446744073709551615
9223372036854775806	38	54	1850	20288	0	593	577	337	286	279	76	2925841906355596	6993834807301157
2305843009213693950	38	54	1850	20288	0	593	577	337	71	77	7	2925841906355596	6993834807301157
144115188075855870	38	54	1850	20288	0	593	577	337	2	2	0	2925841906355596	6993834807301157
6148914691236495	38	54	1850	20288	0	593	577	337	1	0	0	2925841906355596	18446744073709551615
9223372036854775806	38	55	1850	41436	0	593	582	354	286	287	91	2925841906355596	25612715942692053
2305843009213693950	38	55	1850	41436	0	593	582	354	71	79	4	2925841906355596	25612715942692053
144115188075855870	38	55	1850	41436	0	593	582	354	2	3	0	2925841906355596	25612715942692053
6148914691236495	38	55	1850	41436	0	593	582	354	1	0	0	2925841906355596	18446744073709551615
9223372036854775806	38	56	1850	41867	0	593	603	365	286	288	81	2925841906355596	8795885601060178
2305843009213693950	38	56	1850	41867	0	593	603	365	71	69	7	2925841906355596	8795885601060178
144115188075855870	38	56	1850	41867	0	593	603	365	2	8	0	2925841906355596	8795885601060178
6148914691236495	38	56	1850	41867	0	593	603	365	1	0	0	2925841906355596	18446744073709551615
9223372036854775806	38	57	1850	55273	0	593	375	212	286	182	45	2925841906355596	57484945731452901
2305843009213693950	38	57	1850	55273	0	593	375	212	71	51	2	2925841906355596	57484945731452901
144115188075855870	38	57	1850	55273	0	593	375	212	2	3	0	2925841906355596	57484945731452901
6148914691236495	38	57	1850	55273	0	593	375	212	1	0	0	2925841906355596	18446744073709551615
9223372036854775806	38	58	1850	48095	0	593	592	354	286	279	89	2925841906355596	5858463627943568
2305843009213693950	38	58	1850	48095	0	593	592	354	71	78	6	2925841906355596	5858463627943568
144115188075855870	38	58	1850	48095	0	593	592	354	2	5	0	2925841906355596	5858463627943568
6148914691236495	38	58	1850	48095	0	593	592	354	1	0	0	2925841906355596	18446744073709551615
9223372036854775806	38	59	1850	55964	0	593	246	145	286	121	32	2925841906355596	4794458762861514
2305843009213693950	38	59	1850	55964	0	593	246	145	71	34	2	2925841906355596	4794458762861514
144115188075855870	38	59	1850	55964	0	593	246	145	2	6	0	2925841906355596	4794458762861514
6148914691236495	38	59	1850	55964	0	593	246	145	1	0	0	2925841906355596	18446744073709551615
9223372036854775806	38	60	1850	33080	0	593	605	357	286	288	88	2925841906355596	21234551346284532
2305843009213693950	38	60	1850	33080	0	593	605	357	71	67	9	2925841906355596	21234551346284532
144115188075855870	38	60	1850	33080	0	593	605	357	2	6	0	2925841906355596	21234551346284532
6148914691236495	38	60	1850	33080	0	593	605	357	1	0	0	2925841906355596	18446744073709551615
9223372036854775806	38	61	1850	19280	0	593	590	342	286	318	90	2925841906355596	43101032433561777
2305843009213693950	38	61	1850	19280	0	593	590	342	71	71	3	2925841906355596	43101032433561777
144115188075855870	38	61	1850	19280	0	593	590	342	2	3	0	2925841906355596	43101032433561777
6148914691236495	38	61	1850	19280	0	593	590	342	1	0	0	2925841906355596	18446744073709551615
9223372036854775806	38	62	1850	8703	0	593	586	335	286	295	90	2925841906355596	21265985390459575
2305843009213693950	38	62	1850	8703	0	593	586	335	71	74	6	2925841906355596	21265985390459575
144115188075855870	38	62	1850	8703	0	593	586	335	2	5	0	2925841906355596	21265985390459575
6148914691236495	38	62	1850	8703	0	593	586	335	1	0	0	2925841906355596	18446744073709551615
9223372036854775806	38	63	1850	18798	0	593	587	345	286	268	77	2925841906355596	15005778287697291
2305843009213693950	38	63	1850	18798	0	593	587	345	71	71	4	2925841906355596	15005778287697291
144115188075855870	38	63	1850	18798	0	593	587	345	2	3	0	2925841906355596	15005778287697291
6148914691236495	38	63	1850	18798	0	593	587	345	1	0	0	2925841906355596	18446744073709551615
9223372036854775806	39	40	49493	43652	0	597	575	342	308	278	89	2369895518816490	42882982723515030
2305843009213693950	39	40	49493	43652	0	597	575	342	76	67	9	2369895518816490	42882982723515030
144115188075855870	39	40	49493	43652	0	597	575	342	3	1	0	2369895518816490	42882982723515030
6148914691236495	39	40	49493	43652	0	597	575	342	1	0	0	2369895518816490	18446744073709551615
9223372036854775806	39	41	49493	65253	0	597	0	0	308	0	0	2369895518816490	18446744073709551615
2305843009213693950	39	41	49493	65253	0	597	0	0	76	0	0	2369895518816490	18446744073709551615
144115188075855870	39	41	49493	65253	0	597	0	0	3	0	0	2369895518816490	18446744073709551615
6148914691236495	39	41	49493	65253	0	597	0	0	1	0	0	2369895518816490	18446744073709551615
9223372036854775806	39	42	49493	24016	0	597	582	348	308	278	70	2369895518816490	23566389845982477
2305843009213693950	39	42	49493	24016	0	597	582	348	76	65	5	2369895518816490	23566389845982477
144115188075855870	39	42	49493	24016	0	597	582	348	3	5	0	2369895518816490	23566389845982477
6148914691236495	39	42	49493	24016	0	597	582	348	1	0	0	2369895518816490	18446744073709551615
9223372036854775806	39	43	49493	39014	0	597	577	345	308	286	93	2369895518816490	9614967626582621
2305843009213693950	39	43	49493	39014	0	597	577	345	76	69	0	2369895518816490	9614967626582621
144115188075855870	39	43	49493	39014	0	597	577	345	3	3	0	2369895518816490	9614967626582621
6148914691236495	39	43	49493	39014	0	597	577	345	1	0	0	2369895518816490	18446744073709551615
9223372036854775806	39	44	49493	50585	0	597	573	349	308	297	95	2369895518816490	2197102958816999
2305843009213693950	39	44	49493	50585	0	597	573	349	76	76	5	2369895518816490	2197102958816999
144115188075855870	39	44	49493	50585	0	597	573	349	3	5	0	2369895518816490	2197102958816999
6148914691236495	39	44	49493	50585	0	597	573	349	1	1	0	2369895518816490	2197102958816999
9223372036854775806	39	45	49493	543	0	597	595	356	308	277	85	2369895518816490	3529678978331514
2305843009213693950	39	45	49493	543	0	597	595	356	76	72	9	2369895518816490	3529678978331514
144115188075855870	39	45	49493	543	0	597	595	356	3	5	0	2369895518816490	3529678978331514
6148914691236495	39	45	49493	543	0	597	595	356	1	0	0	2369895518816490	18446744073709551615
9223372036854775806	39	46	49493	28348	0	597	584	352	308	308	88	2369895518816490	7659861853809104
2305843009213693950	39	46	49493	28348	0	597	584	352	76	83	7	2369895518816490	7659861853809104
144115188075855870	39	46	49493	28348	0	597	584	352	3	7	0	2369895518816490	7659861853809104
6148914691236495	39	46	49493	28348	0	597	584	352	1	0	0	2369895518816490	18446744073709551615
9223372036854775806	39	47	49493	36508	0	597	558	326	308	281	85	2369895518816490	5699832315310769
2305843009213693950	39	47	49493	36508	0	597	558	326	76	79	7	2369895518816490	5699832315310769
144115188075855870	39	47	49493	36508	0	597	558	326	3	5	0	2369895518816490	5699832315310769
6148914691236495	39	47	49493	36508	0	597	558	326	1	0	0	2369895518816490	18446744073709551615
9223372036854775806	39	48	49493	10875	0	597	578	354	308	291	82	2369895518816490	25099112878567966
2305843009213693950	39	48	49493	10875	0	597	578	354	76	75	4	2369895518816490	25099112878567966
144115188075855870	39	48	49493	10875	0	597	578	354	3	4	0	2369895518816490	25099112878567966
6148914691236495	39	48	49493	10875	0	597	578	354	1	0	0	2369895518816490	18446744073709551615
9223372036854775806	39	49	49493	34534	0	597	571	342	308	301	93	2369895518816490	1691219382961787
2305843009213693950	39	49	49493	34534	0	597	571	342	76	75	4	2369895518816490	1691219382961787
144115188075855870	39	49	49493	34534	0	597	571	342	3	4	0	2369895518816490	1691219382961787
6148914691236495	39	49	49493	34534	0	597	571	342	1	1	0	2369895518816490	1691219382961787
9223372036854775806	39	50	49493	26791	0	597	623	361	308	301	92	2369895518816490	15400635981762684
2305843009213693950	39	50	49493	26791	0	597	623	361	76	85	5	2369895518816490	15400635981762684
144115188075855870	39	50	49493	26791	0	597	623	361	3	6	0	2369895518816490	15400635981762684
6148914691236495	39	50	49493	26791	0	597	623	361	1	0	0	2369895518816490	18446744073709551615
9223372036854775806	39	51	49493	32876	0	597	586	360	308	292	94	2369895518816490	41742007892017841
2305843009213693950	39	51	49493	32876	0	597	586	360	76	77	8	2369895518816490	41742007892017841
144115188075855870	39	51	49493	32876	0	597	586	360	3	3	0	2369895518816490	41742007892017841
6148914691236495	39	51	49493	32876	0	597	586	360	1	0	0	2369895518816490	18446744073709551615
9223372036854775806	39	52	49493	13804	0	597	574	334	308	300	95	2369895518816490	2790875122670278
2305843009213693950	39	52	49493	13804	0	597	574	334	76	63	3	2369895518816490	2790875122670278
144115188075855870	39	52	49493	13804	0	597	574	334	3	3	0	2369895518816490	2790875122670278
6148914691236495	39	52	49493	13804	0	597	574	334	1	1	0	2369895518816490	2790875122670278
9223372036854775806	39	53	49493	28986	0	597	592	350	308	313	99	2369895518816490	26017863593228402
2305843009213693950	39	53	49493	28986	0	597	592	350	76	67	6	2369895518816490	26017863593228402
144115188075855870	39	53	49493	28986	0	597	592	350	3	5	0	2369895518816490	26017863593228402
6148914691236495	39	53	49493	28986	0	597	592	350	1	0	0	2369895518816490	18446744073709551615
9223372036854775806	39	54	49493	20288	0	597	577	339	308	279	80	2369895518816490	6993834807301157
2305843009213693950	39	54	49493	20288	0	597	577	339	76	77	7	2369895518816490	6993834807301157
144115188075855870	39	54	49493	20288	0	597	577	339	3	2	0	2369895518816490	6993834807301157
6148914691236495	39	54	49493	20288	0	597	577	339	1	0	0	2369895518816490	18446744073709551615
9223372036854775806	39	55	49493	41436	0	597	582	347	308	287	81	2369895518816490	25612715942692053
2305843009213693950	39	55	49493	41436	0	597	582	347	76	79	6	2369895518816490	25612715942692053
144115188075855870	39	55	49493	41436	0	597	582	347	3	3	0	2369895518816490	25612715942692053
6148914691236495	39	55	49493	41436	0	597	582	347	1	0	0	2369895518816490	18446744073709551615
9223372036854775806	39	56	49493	41867	0	597	603	349	308	288	104	2369895518816490	8795885601060178
2305843009213693950	39	56	49493	41867	0	597	603	349	76	69	6	2369895518816490	8795885601060178
144115188075855870	39	56	49493	41867	0	597	603	349	3	8	0	2369895518816490	8795885601060178
6148914691236495	39	56	49493	41867	0	597	603	349	1	0	0	2369895518816490	18446744073709551615
9223372036854775806	39	57	49493	55273	0	597	375	222	308	182	59	2369895518816490	57484945731452901
2305843009213693950	39	57	49493	55273	0	597	375	222	76	51	5	2369895518816490	57484945731452901
144115188075855870	39	57	49493	55273	0	597	375	222	3	3	0	2369895518816490	57484945731452901
6148914691236495	39	57	49493	55273	0	597	375	222	1	0	0	2369895518816490	18446744073709551615
9223372036854775806	39	58	49493	48095	0	597	592	350	308	279	92	2369895518816490	5858463627943568
2305843009213693950	39	58	49493	48095	0	597	592	350	76	78	6	2369895518816490	5858463627943568
144115188075855870	39	58	49493	48095	0	597	592	350	3	5	0	2369895518816490	5858463627943568
6148914691236495	39	58	49493	48095	0	597	592	350	1	0	0	2369895518816490	18446744073709551615
9223372036854775806	39	59	49493	55964	0	597	246	153	308	121	44	2369895518816490	4794458762861514
2305843009213693950	39	59	49493	55964	0	597	246	153	76	34	2	2369895518816490	4794458762861514
144115188075855870	39	59	49493	55964	0	597	246	153	3	6	0	2369895518816490	4794458762861514
6148914691236495	39	59	49493	55964	0	597	246	153	1	0	0	2369895518816490	18446744073709551615
9223372036854775806	39	60	49493	33080	0	597	605	352	308	288	84	2369895518816490	21234551346284532
2305843009213693950	39	60	49493	33080	0	597	605	352	76	67	6	2369895518816490	21234551346284532
144115188075855870	39	60	49493	33080	0	597	605	352	3	6	0	2369895518816490	21234551346284532
6148914691236495	39	60	49493	33080	0	597	605	352	1	0	0	2369895518816490	18446744073709551615
9223372036854775806	39	61	49493	19280	0	597	590	367	308	318	104	2369895518816490	43101032433561777
2305843009213693950	39	61	49493	19280	0	597	590	367	76	71	8	2369895518816490	43101032433561777
144115188075855870	39	61	49493	19280	0	597	590	367	3	3	0	2369895518816490	43101032433561777
6148914691236495	39	61	49493	19280	0	597	590	367	1	0	0	2369895518816490	18446744073709551615
9223372036854775806	39	62	49493	8703	0	597	586	358	308	295	95	2369895518816490	21265985390459575
2305843009213693950	39	62	49493	8703	0	597	586	358	76	74	5	2369895518816490	21265985390459575
144115188075855870	39	62	49493	8703	0	597	586	358	3	5	0	2369895518816490	21265985390459575
6148914691236495	39	62	49493	8703	0	597	586	358	1	0	0	2369895518816490	18446744073709551615
9223372036854775806	39	63	49493	18798	0	597	587	351	308	268	72	2369895518816490	15005778287697291
2305843009213693950	39	63	49493	18798	0	597	587	351	76	71	4	2369895518816490	15005778287697291
144115188075855870	39	63	49493	18798	0	597	587	351	3	3	0	2369895518816490	15005778287697291
6148914691236495	39	63	49493	18798	0	597	587	351	1	0	0	2369895518816490	18446744073709551615
9223372036854775806	40	41	43652	65253	0	575	0	0	278	0	0	42882982723515030	18446744073709551615
2305843009213693950	40	41	43652	65253	0	575	0	0	67	0	0	42882982723515030	18446744073709551615
144115188075855870	40	41	43652	65253	0	575	0	0	1	0	0	42882982723515030	18446744073709551615
6148914691236495	40	41	43652	65253	0	575	0	0	0	0	0	18446744073709551615	18446744073709551615
9223372036854775806	40	42	43652	24016	0	575	582	337	278	278	83	42882982723515030	23566389845982477
2305843009213693950	40	42	43652	24016	0	575	582	337	67	65	5	42882982723515030	23566389845982477
144115188075855870	40	42	43652	24016	0	575	582	337	1	5	0	42882982723515030	23566389845982477
6148914691236495	40	42	43652	24016	0	575	582	337	0	0	0	18446744073709551615	18446744073709551615
9223372036854775806	40	43	43652	39014	0	575	577	338	278	286	81	42882982723515030	9614967626582621
2305843009213693950	40	43	43652	39014	0	575	577	338	67	69	3	42882982723515030	9614967626582621
144115188075855870	40	43	43652	39014	0	575	577	338	1	3	0	42882982723515030	9614967626582621
6148914691236495	40	43	43652	39014	0	575	577	338	0	0	0	18446744073709551615	18446744073709551615
9223372036854775806	40	44	43652	50585	0	575	573	329	278	297	88	42882982723515030	2197102958816999
2305843009213693950	40	44	43652	50585	0	575	573	329	67	76	8	42882982723515030	2197102958816999
144115188075855870	40	44	43652	50585	0	575	573	329	1	5	0	42882982723515030	2197102958816999
6148914691236495	40	44	43652	50585	0	575	573	329	0	1	0	18446744073709551615	2197102958816999
9223372036854775806	40	45	43652	543	0	575	595	346	278	277	68	42882982723515030	3529678978331514
2305843009213693950	40	45	43652	543	0	575	595	346	67	72	3	42882982723515030	3529678978331514
144115188075855870	40	45	43652	543	0	575	595	346	1	5	0	42882982723515030	3529678978331514
6148914691236495	40	45	43652	543	0	575	595	346	0	0	0	18446744073709551615	18446744073709551615
9223372036854775806	40	46	43652	28348	0	575	584	335	278	308	101	42882982723515030	7659861853809104
2305843009213693950	40	46	43652	28348	0	575	584	335	67	83	7	42882982723515030	7659861853809104
144115188075855870	40	46	43652	28348	0	575	584	335	1	7	0	42882982723515030	7659861853809104
6148914691236495	40	46	43652	28348	0	575	584	335	0	0	0	18446744073709551615	18446744073709551615
9223372036854775806	40	47	43652	36508	0	575	558	325	278	281	82	42882982723515030	5699832315310769
2305843009213693950	40	47	43652	36508	0	575	558	325	67	79	5	42882982723515030	5699832315310769
144115188075855870	40	47	43652	36508	0	575	558	325	1	5	0	42882982723515030	5699832315310769
6148914691236495	40	47	43652	36508	0	575	558	325	0	0	0	18446744073709551615	18446744073709551615
9223372036854775806	40	48	43652	10875	0	575	578	334	278	291	89	42882982723515030	25099112878567966
2305843009213693950	40	48	43652	10875	0	575	578	334	67	75	7	42882982723515030	25099112878567966
144115188075855870	40	48	43652	10875	0	575	578	334	1	4	0	42882982723515030	25099112878567966
6148914691236495	40	48	43652	10875	0	575	578	334	0	0	0	18446744073709551615	18446744073709551615
9223372036854775806	40	49	43652	34534	0	575	571	325	278	301	80	42882982723515030	1691219382961787
2305843009213693950	40	49	43652	34534	0	575	571	325	67	75	5	42882982723515030	1691219382961787
144115188075855870	40	49	43652	34534	0	575	571	325	1	4	0	42882982723515030	1691219382961787
6148914691236495	40	49	43652	34534	0	575	571	325	0	1	0	18446744073709551615	1691219382961787
9223372036854775806	40	50	43652	26791	0	575	623	346	278	301	80	42882982723515030	15400635981762684
2305843009213693950	40	50	43652	26791	0	575	623	346	67	85	3	42882982723515030	15400635981762684
144115188075855870	40	50	43652	26791	0	575	623	346	1	6	0	42882982723515030	15400635981762684
6148914691236495	40	50	43652	26791	0	575	623	346	0	0	0	18446744073709551615	18446744073709551615
9223372036854775806	40	51	43652	32876	0	575	586	331	278	292	74	42882982723515030	41742007892017841
2305843009213693950	40	51	43652	32876	0	575	586	331	67	77	9	42882982723515030	41742007892017841
144115188075855870	40	51	43652	32876	0	575	586	331	1	3	0	42882982723515030	41742007892017841
6148914691236495	40	51	43652	32876	0	575	586	331	0	0	0	18446744073709551615	18446744073709551615
9223372036854775806	40	52	43652	13804	0	575	574	332	278	300	88	42882982723515030	2790875122670278
2305843009213693950	40	52	43652	13804	0	575	574	332	67	63	2	42882982723515030	2790875122670278
144115188075855870	40	52	43652	13804	0	575	574	332	1	3	0	42882982723515030	2790875122670278
6148914691236495	40	52	43652	13804	0	575	574	332	0	1	0	18446744073709551615	2790875122670278
9223372036854775806	40	53	43652	28986	0	575	592	331	278	313	84	42882982723515030	26017863593228402
2305843009213693950	40	53	43652	28986	0	575	592	331	67	67	3	42882982723515030	26017863593228402
144115188075855870	40	53	43652	28986	0	575	592	331	1	5	0	42882982723515030	26017863593228402
6148914691236495	40	53	43652	28986	0	575	592	331	0	0	0	18446744073709551615	18446744073709551615
9223372036854775806	40	54	43652	20288	0	575	577	328	278	279	69	42882982723515030	6993834807301157
2305843009213693950	40	54	43652	20288	0	575	577	328	67	77	4	42882982723515030	6993834807301157
144115188075855870	40	54	43652	20288	0	575	577	328	1	2	0	42882982723515030	6993834807301157
6148914691236495	40	54	43652	20288	0	575	577	328	0	0	0	18446744073709551615	18446744073709551615
9223372036854775806	40	55	43652	41436	0	575	582	327	278	287	74	42882982723515030	25612715942692053
2305843009213693950	40	55	43652	41436	0	575	582	327	67	79	4	42882982723515030	25612715942692053
144115188075855870	40	55	43652	41436	0	575	582	327	1	3	0	42882982723515030	25612715942692053
6148914691236495	40	55	43652	41436	0	575	582	327	0	0	0	18446744073709551615	18446744073709551615
9223372036854775806	40	56	43652	41867	0	575	603	342	278	288	81	42882982723515030	8795885601060178
2305843009213693950	40	56	43652	41867	0	575	603	342	67	69	6	42882982723515030	8795885601060178
144115188075855870	40	56	43652	41867	0	575	603	342	1	8	0	42882982723515030	8795885601060178
6148914691236495	40	56	43652	41867	0	575	603	342	0	0	0	18446744073709551615	18446744073709551615
9223372036854775806	40	57	43652	55273	0	575	375	229	278	182	52	42882982723515030	57484945731452901
2305843009213693950	40	57	43652	55273	0	575	375	229	67	51	4	42882982723515030	57484945731452901
144115188075855870	40	57	43652	55273	0	575	375	229	1	3	0	42882982723515030	57484945731452901
6148914691236495	40	57	43652	55273	0	575	375	229	0	0	0	18446744073709551615	18446744073709551615
9223372036854775806	40	58	43652	48095	0	575	592	339	278	279	84	42882982723515030	5858463627943568
2305843009213693950	40	58	43652	48095	0	575	592	339	67	78	4	42882982723515030	5858463627943568
144115188075855870	40	58	43652	48095	0	575	592	339	1	5	0	42882982723515030	5858463627943568
6148914691236495	40	58	43652	48095	0	575	592	339	0	0	0	18446744073709551615	18446744073709551615
9223372036854775806	40	59	43652	55964	0	575	246	159	278	121	39	42882982723515030	4794458762861514
2305843009213693950	40	59	43652	55964	0	575	246	159	67	34	3	42882982723515030	4794458762861514
144115188075855870	40	59	43652	55964	0	575	246	159	1	6	0	42882982723515030	4794458762861514
6148914691236495	40	59	43652	55964	0	575	246	159	0	0	0	18446744073709551615	18446744073709551615
9223372036854775806	40	60	43652	33080	0	575	605	360	278	288	78	42882982723515030	21234551346284532
2305843009213693950	40	60	43652	33080	0	575	605	360	67	67	2	42882982723515030	21234551346284532
144115188075855870	40	60	43652	33080	0	575	605	360	1	6	0	42882982723515030	21234551346284532
6148914691236495	40	60	43652	33080	0	575	605	360	0	0	0	18446744073709551615	18446744073709551615
9223372036854775806	40	61	43652	19280	0	575	590	339	278	318	94	42882982723515030	43101032433561777
2305843009213693950	40	61	43652	19280	0	575	590	339	67	71	0	42882982723515030	43101032433561777
144115188075855870	40	61	43652	19280	0	575	590	339	1	3	0	42882982723515030	43101032433561777
6148914691236495	40	61	43652	19280	0	575	590	339	0	0	0	18446744073709551615	18446744073709551615
9223372036854775806	40	62	43652	8703	0	575	586	347	278	295	79	42882982723515030	21265985390459575
2305843009213693950	40	62	43652	8703	0	575	586	347	67	74	4	42882982723515030	21265985390459575
144115188075855870	40	62	43652	8703	0	575	586	347	1	5	0	42882982723515030	21265985390459575
6148914691236495	40	62	43652	8703	0	575	586	347	0	0	0	18446744073709551615	18446744073709551615
9223372036854775806	40	63	43652	18798	0	575	587	332	278	268	72	42882982723515030	15005778287697291
2305843009213693950	40	63	43652	18798	0	575	587	332	67	71	10	42882982723515030	15005778287697291
144115188075855870	40	63	43652	18798	0	575	587	332	1	3	0	42882982723515030	15005778287697291
6148914691236495	40	63	43652	18798	0	575	587	332	0	0	0	18446744073709551615	18446744073709551615
9223372036854775806	41	42	65253	24016	0	0	582	0	0	278	0	18446744073709551615	23566389845982477
2305843009213693950	41	42	65253	24016	0	0	582	0	0	65	0	18446744073709551615	23566389845982477
144115188075855870	41	42	65253	24016	0	0	582	0	0	5	0	18446744073709551615	23566389845982477
6148914691236495	41	42	65253	24016	0	0	582	0	0	0	0	18446744073709551615	18446744073709551615
9223372036854775806	41	43	65253	39014	0	0	577	0	0	286	0	18446744073709551615	9614967626582621
2305843009213693950	41	43	65253	39014	0	0	577	0	0	69	0	18446744073709551615	9614967626582621
144115188075855870	41	43	65253	39014	0	0	577	0	0	3	0	18446744073709551615	9614967626582621
6148914691236495	41	43	65253	39014	0	0	577	0	0	0	0	18446744073709551615	18446744073709551615
9223372036854775806	41	44	65253	50585	0	0	573	0	0	297	0	18446744073709551615	2197102958816999
2305843009213693950	41	44	65253	50585	0	0	573	0	0	76	0	18446744073709551615	2197102958816999
144115188075855870	41	44	65253	50585	0	0	573	0	0	5	0	18446744073709551615	2197102958816999
6148914691236495	41	44	65253	50585	0	0	573	0	0	1	0	18446744073709551615	2197102958816999
9223372036854775806	41	45	65253	543	0	0	595	0	0	277	0	18446744073709551615	3529678978331514
2305843009213693950	41	45	65253	543	0	0	595	0	0	72	0	18446744073709551615	3529678978331514
144115188075855870	41	45	65253	543	0	0	595	0	0	5	0	18446744073709551615	3529678978331514
6148914691236495	41	45	65253	543	0	0	595	0	0	0	0	18446744073709551615	18446744073709551615
9223372036854775806	41	46	65253	28348	0	0	584	0	0	308	0	18446744073709551615	7659861853809104
2305843009213693950	41	46	65253	28348	0	0	584	0	0	83	0	18446744073709551615	7659861853809104
144115188075855870	41	46	65253	28348	0	0	584	0	0	7	0	18446744073709551615	7659861853809104
6148914691236495	41	46	65253	28348	0	0	584	0	0	0	0	18446744073709551615	18446744073709551615
9223372036854775806	41	47	65253	36508	0	0	558	0	0	281	0	18446744073709551615	5699832315310769
2305843009213693950	41	47	65253	36508	0	0	558	0	0	79	0	18446744073709551615	5699832315310769
144115188075855870	41	47	65253	36508	0	0	558	0	0	5	0	18446744073709551615	5699832315310769
6148914691236495	41	47	65253	36508	0	0	558	0	0	0	0	18446744073709551615	18446744073709551615
9223372036854775806	41	48	65253	10875	0	0	578	0	0	291	0	18446744073709551615	25099112878567966
2305843009213693950	41	48	65253	10875	0	0	578	0	0	75	0	18446744073709551615	25099112878567966
144115188075855870	41	48	65253	10875	0	0	578	0	0	4	0	18446744073709551615	25099112878567966
6148914691236495	41	48	65253	10875	0	0	578	0	0	0	0	18446744073709551615	18446744073709551615
9223372036854775806	41	49	65253	34534	0	0	571	0	0	301	0	18446744073709551615	1691219382961787
2305843009213693950	41	49	65253	34534	0	0	571	0	0	75	0	18446744073709551615	1691219382961787
144115188075855870	41	49	65253	34534	0	0	571	0	0	4	0	18446744073709551615	1691219382961787
6148914691236495	41	49	65253	34534	0	0	571	0	0	1	0	18446744073709551615	1691219382961787
9223372036854775806	41	50	65253	26791	0	0	623	0	0	301	0	18446744073709551615	15400635981762684
2305843009213693950	41	50	65253	26791	0	0	623	0	0	85	0	18446744073709551615	15400635981762684
144115188075855870	41	50	65253	26791	0	0	623	0	0	6	0	18446744073709551615	15400635981762684
6148914691236495	41	50	65253	26791	0	0	623	0	0	0	0	18446744073709551615	18446744073709551615
9223372036854775806	41	51	65253	32876	0	0	586	0	0	292	0	18446744073709551615	41742007892017841
2305843009213693950	41	51	65253	32876	0	0	586	0	0	77	0	18446744073709551615	41742007892017841
144115188075855870	41	51	65253	32876	0	0	586	0	0	3	0	18446744073709551615	41742007892017841
6148914691236495	41	51	65253	32876	0	0	586	0	0	0	0	18446744073709551615	18446744073709551615
9223372036854775806	41	52	65253	13804	0	0	574	0	0	300	0	18446744073709551615	2790875122670278
2305843009213693950	41	52	65253	13804	0	0	574	0	0	63	0	18446744073709551615	2790875122670278
144115188075855870	41	52	65253	13804	0	0	574	0	0	3	0	18446744073709551615	2790875122670278
6148914691236495	41	52	65253	13804	0	0	574	0	0	1	0	18446744073709551615	2790875122670278
9223372036854775806	41	53	65253	28986	0	0	592	0	0	313	0	18446744073709551615	26017863593228402
2305843009213693950	41	53	65253	28986	0	0	592	0	0	67	0	18446744073709551615	26017863593228402
144115188075855870	41	53	65253	28986	0	0	592	0	0	5	0	18446744073709551615	26017863593228402
6148914691236495	41	53	65253	28986	0	0	592	0	0	0	0	18446744073709551615	18446744073709551615
9223372036854775806	41	54	65253	20288	0	0	577	0	0	279	0	18446744073709551615	6993834807301157
2305843009213693950	41	54	65253	20288	0	0	577	0	0	77	0	18446744073709551615	6993834807301157
144115188075855870	41	54	65253	20288	0	0	577	0	0	2	0	18446744073709551615	6993834807301157
6148914691236495	41	54	65253	20288	0	0	577	0	0	0	0	18446744073709551615	18446744073709551615
9223372036854775806	41	55	65253	41436	0	0	582	0	0	287	0	18446744073709551615	25612715942692053
2305843009213693950	41	55	65253	41436	0	0	582	0	0	79	0	18446744073709551615	25612715942692053
144115188075855870	41	55	65253	41436	0	0	582	0	0	3	0	18446744073709551615	25612715942692053
6148914691236495	41	55	65253	41436	0	0	582	0	0	0	0	18446744073709551615	18446744073709551615
9223372036854775806	41	56	65253	41867	0	0	603	0	0	288	0	18446744073709551615	8795885601060178
2305843009213693950	41	56	65253	41867	0	0	603	0	0	69	0	18446744073709551615	8795885601060178
144115188075855870	41	56	65253	41867	0	0	603	0	0	8	0	18446744073709551615	8795885601060178
6148914691236495	41	56	65253	41867	0	0	603	0	0	0	0	18446744073709551615	18446744073709551615
9223372036854775806	41	57	65253	55273	0	0	375	0	0	182	0	18446744073709551615	57484945731452901
2305843009213693950	41	57	65253	55273	0	0	375	0	0	51	0	18446744073709551615	57484945731452901
144115188075855870	41	57	65253	55273	0	0	375	0	0	3	0	18446744073709551615	57484945731452901
6148914691236495	41	57	65253	55273	0	0	375	0	0	0	0	18446744073709551615	18446744073709551615
9223372036854775806	41	58	65253	48095	0	0	592	0	0	279	0	18446744073709551615	5858463627943568
2305843009213693950	41	58	65253	48095	0	0	592	0	0	78	0	18446744073709551615	5858463627943568
144115188075855870	41	58	65253	48095	0	0	592	0	0	5	0	18446744073709551615	5858463627943568
6148914691236495	41	58	65253	48095	0	0	592	0	0	0	0	18446744073709551615	18446744073709551615
9223372036854775806	41	59	65253	55964	0	0	246	0	0	121	0	18446744073709551615	4794458762861514
2305843009213693950	41	59	65253	55964	0	0	246	0	0	34	0	18446744073709551615	4794458762861514
144115188075855870	41	59	65253	55964	0	0	246	0	0	6	0	18446744073709551615	4794458762861514
6148914691236495	41	59	65253	55964	0	0	246	0	0	0	0	18446744073709551615	18446744073709551615
9223372036854775806	41	60	65253	33080	0	0	605	0	0	288	0	18446744073709551615	21234551346284532
2305843009213693950	41	60	65253	33080	0	0	605	0	0	67	0	18446744073709551615	21234551346284532
144115188075855870	41	60	65253	33080	0	0	605	0	0	6	0	18446744073709551615	21234551346284532
6148914691236495	41	60	65253	33080	0	0	605	0	0	0	0	18446744073709551615	18446744073709551615
9223372036854775806	41	61	65253	19280	0	0	590	0	0	318	0	18446744073709551615	43101032433561777
2305843009213693950	41	61	65253	19280	0	0	590	0	0	71	0	18446744073709551615	43101032433561777
144115188075855870	41	61	65253	19280	0	0	590	0	0	3	0	18446744073709551615	43101032433561777
6148914691236495	41	61	65253	19280	0	0	590	0	0	0	0	18446744073709551615	18446744073709551615
9223372036854775806	41	62	65253	8703	0	0	586	0	0	295	0	18446744073709551615	21265985390459575
2305843009213693950	41	62	65253	8703	0	0	586	0	0	74	0	18446744073709551615	21265985390459575
144115188075855870	41	62	65253	8703	0	0	586	0	0	5	0	18446744073709551615	21265985390459575
6148914691236495	41	62	65253	8703	0	0	586	0	0	0	0	18446744073709551615	18446744073709551615
9223372036854775806	41	63	65253	18798	0	0	587	0	0	268	0	18446744073709551615	15005778287697291
2305843009213693950	41	63	65253	18798	0	0	587	0	0	71	0	18446744073709551615	15005778287697291
144115188075855870	41	63	65253	18798	0	0	587	0	0	3	0	18446744073709551615	15005778287697291
6148914691236495	41	63	65253	18798	0	0	587	0	0	0	0	18446744073709551615	18446744073709551615
9223372036854775806	42	43	24016	39014	0	582	577	342	278	286	82	23566389845982477	9614967626582621
2305843009213693950	42	43	24016	39014	0	582	577	342	65	69	8	23566389845982477	9614967626582621
144115188075855870	42	43	24016	39014	0	582	577	342	5	3	0	23566389845982477	9614967626582621
6148914691236495	42	43	24016	39014	0	582	577	342	0	0	0	18446744073709551615	18446744073709551615
9223372036854775806	42	44	24016	50585	0	582	573	336	278	297	79	23566389845982477	2197102958816999
2305843009213693950	42	44	24016	50585	0	582	573	336	65	76	4	23566389845982477	2197102958816999
144115188075855870	42	44	24016	50585	0	582	573	336	5	5	0	23566389845982477	2197102958816999
6148914691236495	42	44	24016	50585	0	582	573	336	0	1	0	18446744073709551615	2197102958816999
9223372036854775806	42	45	24016	543	0	582	595	337	278	277	68	23566389845982477	3529678978331514
2305843009213693950	42	45	24016	543	0	582	595	337	65	72	6	23566389845982477	3529678978331514
144115188075855870	42	45	24016	543	0	582	595	337	5	5	0	23566389845982477	3529678978331514
6148914691236495	42	45	24016	543	0	582	595	337	0	0	0	18446744073709551615	18446744073709551615
9223372036854775806	42	46	24016	28348	0	582	584	348	278	308	97	23566389845982477	7659861853809104
2305843009213693950	42	46	24016	28348	0	582	584	348	65	83	1	23566389845982477	7659861853809104
144115188075855870	42	46	24016	28348	0	582	584	348	5	7	0	23566389845982477	7659861853809104
6148914691236495	42	46	24016	28348	0	582	584	348	0	0	0	18446744073709551615	18446744073709551615
9223372036854775806	42	47	24016	36508	0	582	558	322	278	281	76	23566389845982477	5699832315310769
2305843009213693950	42	47	24016	36508	0	582	558	322	65	79	1	23566389845982477	5699832315310769
144115188075855870	42	47	24016	36508	0	582	558	322	5	5	0	23566389845982477	5699832315310769
6148914691236495	42	47	24016	36508	0	582	558	322	0	0	0	18446744073709551615	18446744073709551615
9223372036854775806	42	48	24016	10875	0	582	578	347	278	291	86	23566389845982477	25099112878567966
2305843009213693950	42	48	24016	10875	0	582	578	347	65	75	3	23566389845982477	25099112878567966
144115188075855870	42	48	24016	10875	0	582	578	347	5	4	0	23566389845982477	25099112878567966
6148914691236495	42	48	24016	10875	0	582	578	347	0	0	0	18446744073709551615	18446744073709551615
9223372036854775806	42	49	24016	34534	0	582	571	331	278	301	90	23566389845982477	1691219382961787
2305843009213693950	42	49	24016	34534	0	582	571	331	65	75	7	23566389845982477	1691219382961787
144115188075855870	42	49	24016	34534	0	582	571	331	5	4	0	23566389845982477	1691219382961787
6148914691236495	42	49	24016	34534	0	582	571	331	0	1	0	18446744073709551615	1691219382961787
9223372036854775806	42	50	24016	26791	0	582	623	368	278	301	83	23566389845982477	15400635981762684
2305843009213693950	42	50	24016	26791	0	582	623	368	65	85	6	23566389845982477	15400635981762684
144115188075855870	42	50	24016	26791	0	582	623	368	5	6	0	23566389845982477	15400635981762684
6148914691236495	42	50	24016	26791	0	582	623	368	0	0	0	18446744073709551615	18446744073709551615
9223372036854775806	42	51	24016	32876	0	582	586	342	278	292	82	23566389845982477	41742007892017841
2305843009213693950	42	51	24016	32876	0	582	586	342	65	77	4	23566389845982477	41742007892017841
144115188075855870	42	51	24016	32876	0	582	586	342	5	3	0	23566389845982477	41742007892017841
6148914691236495	42	51	24016	32876	0	582	586	342	0	0	0	18446744073709551615	18446744073709551615
9223372036854775806	42	52	24016	13804	0	582	574	323	278	300	77	23566389845982477	2790875122670278
2305843009213693950	42	52	24016	13804	0	582	574	323	65	63	4	23566389845982477	2790875122670278
144115188075855870	42	52	24016	13804	0	582	574	323	5	3	0	23566389845982477	2790875122670278
6148914691236495	42	52	24016	13804	0	582	574	323	0	1	0	18446744073709551615	2790875122670278
9223372036854775806	42	53	24016	28986	0	582	592	334	278	313	75	23566389845982477	26017863593228402
2305843009213693950	42	53	24016	28986	0	582	592	334	65	67	3	23566389845982477	26017863593228402
144115188075855870	42	53	24016	28986	0	582	592	334	5	5	0	23566389845982477	26017863593228402
6148914691236495	42	53	24016	28986	0	582	592	334	0	0	0	18446744073709551615	18446744073709551615
9223372036854775806	42	54	24016	20288	0	582	577	327	278	279	71	23566389845982477	6993834807301157
2305843009213693950	42	54	24016	20288	0	582	577	327	65	77	3	23566389845982477	6993834807301157
144115188075855870	42	54	24016	20288	0	582	577	327	5	2	0	23566389845982477	6993834807301157
6148914691236495	42	54	24016	20288	0	582	577	327	0	0	0	18446744073709551615	18446744073709551615
9223372036854775806	42	55	24016	41436	0	582	582	334	278	287	71	23566389845982477	25612715942692053
2305843009213693950	42	55	24016	41436	0	582	582	334	65	79	5	23566389845982477	25612715942692053
144115188075855870	42	55	24016	41436	0	582	582	334	5	3	0	23566389845982477	25612715942692053
6148914691236495	42	55	24016	41436	0	582	582	334	0	0	0	18446744073709551615	18446744073709551615
9223372036854775806	42	56	24016	41867	0	582	603	359	278	288	83	23566389845982477	8795885601060178
2305843009213693950	42	56	24016	41867	0	582	603	359	65	69	6	23566389845982477	8795885601060178
144115188075855870	42	56	24016	41867	0	582	603	359	5	8	0	23566389845982477	8795885601060178
6148914691236495	42	56	24016	41867	0	582	603	359	0	0	0	18446744073709551615	18446744073709551615
9223372036854775806	42	57	24016	55273	0	582	375	217	278	182	51	23566389845982477	57484945731452901
2305843009213693950	42	57	24016	55273	0	582	375	217	65	51	4	23566389845982477	57484945731452901
144115188075855870	42	57	24016	55273	0	582	375	217	5	3	0	23566389845982477	57484945731452901
6148914691236495	42	57	24016	55273	0	582	375	217	0	0	0	18446744073709551615	18446744073709551615
9223372036854775806	42	58	24016	48095	0	582	592	350	278	279	80	23566389845982477	5858463627943568
2305843009213693950	42	58	24016	48095	0	582	592	350	65	78	4	23566389845982477	5858463627943568
144115188075855870	42	58	24016	48095	0	582	592	350	5	5	0	23566389845982477	5858463627943568
6148914691236495	42	58	24016	48095	0	582	592	350	0	0	0	18446744073709551615	18446744073709551615
9223372036854775806	42	59	24016	55964	0	582	246	143	278	121	35	23566389845982477	4794458762861514
2305843009213693950	42	59	24016	55964	0	582	246	143	65	34	3	23566389845982477	4794458762861514
144115188075855870	42	59	24016	55964	0	582	246	143	5	6	0	23566389845982477	4794458762861514
6148914691236495	42	59	24016	55964	0	582	246	143	0	0	0	18446744073709551615	18446744073709551615
9223372036854775806	42	60	24016	33080	0	582	605	354	278	288	85	23566389845982477	21234551346284532
2305843009213693950	42	60	24016	33080	0	582	605	354	65	67	1	23566389845982477	21234551346284532
144115188075855870	42	60	24016	33080	0	582	605	354	5	6	0	23566389845982477	21234551346284532
6148914691236495	42	60	24016	33080	0	582	605	354	0	0	0	18446744073709551615	18446744073709551615
9223372036854775806	42	61	24016	19280	0	582	590	354	278	318	87	23566389845982477	43101032433561777
2305843009213693950	42	61	24016	19280	0	582	590	354	65	71	6	23566389845982477	43101032433561777
144115188075855870	42	61	24016	19280	0	582	590	354	5	3	0	23566389845982477	43101032433561777
6148914691236495	42	61	24016	19280	0	582	590	354	0	0	0	18446744073709551615	18446744073709551615
9223372036854775806	42	62	24016	8703	0	582	586	341	278	295	73	23566389845982477	21265985390459575
2305843009213693950	42	62	24016	8703	0	582	586	341	65	74	2	23566389845982477	21265985390459575
144115188075855870	42	62	24016	8703	0	582	586	341	5	5	0	23566389845982477	21265985390459575
6148914691236495	42	62	24016	8703	0	582	586	341	0	0	0	18446744073709551615	18446744073709551615
9223372036854775806	42	63	24016	18798	0	582	587	333	278	268	62	23566389845982477	15005778287697291
2305843009213693950	42	63	24016	18798	0	582	587	333	65	71	5	23566389845982477	15005778287697291
144115188075855870	42	63	24016	18798	0	582	587	333	5	3	0	23566389845982477	15005778287697291
6148914691236495	42	63	24016	18798	0	582	587	333	0	0	0	18446744073709551615	18446744073709551615
9223372036854775806	43	44	39014	50585	0	577	573	345	286	297	79	9614967626582621	2197102958816999
2305843009213693950	43	44	39014	50585	0	577	573	345	69	76	7	9614967626582621	2197102958816999
144115188075855870	43	44	39014	50585	0	577	573	345	3	5	0	9614967626582621	2197102958816999
6148914691236495	43	44	39014	50585	0	577	573	345	0	1	0	18446744073709551615	2197102958816999
9223372036854775806	43	45	39014	543	0	577	595	347	286	277	83	9614967626582621	3529678978331514
2305843009213693950	43	45	39014	543	0	577	595	347	69	72	4	9614967626582621	3529678978331514
144115188075855870	43	45	39014	543	0	577	595	347	3	5	0	9614967626582621	3529678978331514
6148914691236495	43	45	39014	543	0	577	595	347	0	0	0	18446744073709551615	18446744073709551615
9223372036854775806	43	46	39014	28348	0	577	584	327	286	308	81	9614967626582621	7659861853809104
2305843009213693950	43	46	39014	28348	0	577	584	327	69	83	5	9614967626582621	7659861853809104
144115188075855870	43	46	39014	28348	0	577	584	327	3	7	0	9614967626582621	7659861853809104
6148914691236495	43	46	39014	28348	0	577	584	327	0	0	0	18446744073709551615	18446744073709551615
9223372036854775806	43	47	39014	36508	0	577	558	313	286	281	78	9614967626582621	5699832315310769
2305843009213693950	43	47	39014	36508	0	577	558	313	69	79	6	9614967626582621	5699832315310769
144115188075855870	43	47	39014	36508	0	577	558	313	3	5	0	9614967626582621	5699832315310769
6148914691236495	43	47	39014	36508	0	577	558	313	0	0	0	18446744073709551615	18446744073709551615
9223372036854775806	43	48	39014	10875	0	577	578	335	286	291	86	9614967626582621	25099112878567966
2305843009213693950	43	48	39014	10875	0	577	578	335	69	75	6	9614967626582621	25099112878567966
144115188075855870	43	48	39014	10875	0	577	578	335	3	4	0	9614967626582621	25099112878567966
6148914691236495	43	48	39014	10875	0	577	578	335	0	0	0	18446744073709551615	18446744073709551615
9223372036854775806	43	49	39014	34534	0	577	571	328	286	301	92	9614967626582621	1691219382961787
2305843009213693950	43	49	39014	34534	0	577	571	328	69	75	4	9614967626582621	1691219382961787
144115188075855870	43	49	39014	34534	0	577	571	328	3	4	0	9614967626582621	1691219382961787
6148914691236495	43	49	39014	34534	0	577	571	328	0	1	0	18446744073709551615	1691219382961787
9223372036854775806	43	50	39014	26791	0	577	623	344	286	301	84	9614967626582621	15400635981762684
2305843009213693950	43	50	39014	26791	0	577	623	344	69	85	4	9614967626582621	15400635981762684
144115188075855870	43	50	39014	26791	0	577	623	344	3	6	0	9614967626582621	15400635981762684
6148914691236495	43	50	39014	26791	0	577	623	344	0	0	0	18446744073709551615	18446744073709551615
9223372036854775806	43	51	39014	32876	0	577	586	343	286	292	89	9614967626582621	41742007892017841
2305843009213693950	43	51	39014	32876	0	577	586	343	69	77	4	9614967626582621	41742007892017841
144115188075855870	43	51	39014	32876	0	577	586	343	3	3	0	9614967626582621	41742007892017841
6148914691236495	43	51	39014	32876	0	577	586	343	0	0	0	18446744073709551615	18446744073709551615
9223372036854775806	43	52	39014	13804	0	577	574	330	286	300	81	9614967626582621	2790875122670278
2305843009213693950	43	52	39014	13804	0	577	574	330	69	63	4	9614967626582621	2790875122670278
144115188075855870	43	52	39014	13804	0	577	574	330	3	3	0	9614967626582621	2790875122670278
6148914691236495	43	52	39014	13804	0	577	574	330	0	1	0	18446744073709551615	2790875122670278
9223372036854775806	43	53	39014	28986	0	577	592	341	286	313	83	9614967626582621	26017863593228402
2305843009213693950	43	53	39014	28986	0	577	592	341	69	67	2	9614967626582621	26017863593228402
144115188075855870	43	53	39014	28986	0	577	592	341	3	5	0	9614967626582621	26017863593228402
6148914691236495	43	53	39014	28986	0	577	592	341	0	0	0	18446744073709551615	18446744073709551615
9223372036854775806	43	54	39014	20288	0	577	577	335	286	279	81	9614967626582621	6993834807301157
2305843009213693950	43	54	39014	20288	0	577	577	335	69	77	4	9614967626582621	6993834807301157
144115188075855870	43	54	39014	20288	0	577	577	335	3	2	0	9614967626582621	6993834807301157
6148914691236495	43	54	39014	20288	0	577	577	335	0	0	0	18446744073709551615	18446744073709551615
9223372036854775806	43	55	39014	41436	0	577	582	340	286	287	96	9614967626582621	25612715942692053
2305843009213693950	43	55	39014	41436	0	577	582	340	69	79	8	9614967626582621	25612715942692053
144115188075855870	43	55	39014	41436	0	577	582	340	3	3	0	9614967626582621	25612715942692053
6148914691236495	43	55	39014	41436	0	577	582	340	0	0	0	18446744073709551615	18446744073709551615
9223372036854775806	43	56	39014	41867	0	577	603	344	286	288	70	9614967626582621	8795885601060178
2305843009213693950	43	56	39014	41867	0	577	603	344	69	69	4	9614967626582621	8795885601060178
144115188075855870	43	56	39014	41867	0	577	603	344	3	8	0	9614967626582621	8795885601060178
6148914691236495	43	56	39014	41867	0	577	603	344	0	0	0	18446744073709551615	18446744073709551615
9223372036854775806	43	57	39014	55273	0	577	375	228	286	182	51	9614967626582621	57484945731452901
2305843009213693950	43	57	39014	55273	0	577	375	228	69	51	5	9614967626582621	57484945731452901
144115188075855870	43	57	39014	55273	0	577	375	228	3	3	0	9614967626582621	57484945731452901
6148914691236495	43	57	39014	55273	0	577	375	228	0	0	0	18446744073709551615	18446744073709551615
9223372036854775806	43	58	39014	48095	0	577	592	341	286	279	87	9614967626582621	5858463627943568
2305843009213693950	43	58	39014	48095	0	577	592	341	69	78	5	9614967626582621	5858463627943568
144115188075855870	43	58	39014	48095	0	577	592	341	3	5	0	9614967626582621	5858463627943568
6148914691236495	43	58	39014	48095	0	577	592	341	0	0	0	18446744073709551615	18446744073709551615
9223372036854775806	43	59	39014	55964	0	577	246	132	286	121	43	9614967626582621	4794458762861514
2305843009213693950	43	59	39014	55964	0	577	246	132	69	34	9	9614967626582621	4794458762861514
144115188075855870	43	59	39014	55964	0	577	246	132	3	6	0	9614967626582621	4794458762861514
6148914691236495	43	59	39014	55964	0	577	246	132	0	0	0	18446744073709551615	18446744073709551615
9223372036854775806	43	60	39014	33080	0	577	605	358	286	288	88	9614967626582621	21234551346284532
2305843009213693950	43	60	39014	33080	0	577	605	358	69	67	5	9614967626582621	21234551346284532
144115188075855870	43	60	39014	33080	0	577	605	358	3	6	0	9614967626582621	21234551346284532
6148914691236495	43	60	39014	33080	0	577	605	358	0	0	0	18446744073709551615	18446744073709551615
9223372036854775806	43	61	39014	19280	0	577	590	341	286	318	100	9614967626582621	43101032433561777
2305843009213693950	43	61	39014	19280	0	577	590	341	69	71	5	9614967626582621	43101032433561777
144115188075855870	43	61	39014	19280	0	577	590	341	3	3	0	9614967626582621	43101032433561777
6148914691236495	43	61	39014	19280	0	577	590	341	0	0	0	18446744073709551615	18446744073709551615
9223372036854775806	43	62	39014	8703	0	577	586	337	286	295	74	9614967626582621	21265985390459575
2305843009213693950	43	62	39014	8703	0	577	586	337	69	74	4	9614967626582621	21265985390459575
144115188075855870	43	62	39014	8703	0	577	586	337	3	5	0	9614967626582621	21265985390459575
6148914691236495	43	62	39014	8703	0	577	586	337	0	0	0	18446744073709551615	18446744073709551615
9223372036854775806	43	63	39014	18798	0	577	587	340	286	268	76	9614967626582621	15005778287697291
2305843009213693950	43	63	39014	18798	0	577	587	340	69	71	7	9614967626582621	15005778287697291
144115188075855870	43	63	39014	18798	0	577	587	340	3	3	0	9614967626582621	15005778287697291
6148914691236495	43	63	39014	18798	0	577	587	340	0	0	0	18446744073709551615	18446744073709551615
9223372036854775806	44	45	50585	543	0	573	595	347	297	277	85	2197102958816999	3529678978331514
2305843009213693950	44	45	50585	543	0	573	595	347	76	72	2	2197102958816999	3529678978331514
144115188075855870	44	45	50585	543	0	573	595	347	5	5	0	2197102958816999	3529678978331514
6148914691236495	44	45	50585	543	0	573	595	347	1	0	0	2197102958816999	18446744073709551615
9223372036854775806	44	46	50585	28348	0	573	584	328	297	308	94	2197102958816999	7659861853809104
2305843009213693950	44	46	50585	28348	0	573	584	328	76	83	6	2197102958816999	7659861853809104
144115188075855870	44	46	50585	28348	0	573	584	328	5	7	0	2197102958816999	7659861853809104
6148914691236495	44	46	50585	28348	0	573	584	328	1	0	0	2197102958816999	18446744073709551615
9223372036854775806	44	47	50585	36508	0	573	558	323	297	281	95	2197102958816999	5699832315310769
2305843009213693950	44	47	50585	36508	0	573	558	323	76	79	4	2197102958816999	5699832315310769
144115188075855870	44	47	50585	36508	0	573	558	323	5	5	0	2197102958816999	5699832315310769
6148914691236495	44	47	50585	36508	0	573	558	323	1	0	0	2197102958816999	18446744073709551615
9223372036854775806	44	48	50585	10875	0	573	578	324	297	291	97	2197102958816999	25099112878567966
2305843009213693950	44	48	50585	10875	0	573	578	324	76	75	4	2197102958816999	25099112878567966
144115188075855870	44	48	50585	10875	0	573	578	324	5	4	0	2197102958816999	25099112878567966
6148914691236495	44	48	50585	10875	0	573	578	324	1	0	0	2197102958816999	18446744073709551615
9223372036854775806	44	49	50585	34534	0	573	571	336	297	301	88	2197102958816999	1691219382961787
2305843009213693950	44	49	50585	34534	0	573	571	336	76	75	4	2197102958816999	1691219382961787
144115188075855870	44	49	50585	34534	0	573	571	336	5	4	0	2197102958816999	1691219382961787
6148914691236495	44	49	50585	34534	0	573	571	336	1	1	0	2197102958816999	1691219382961787
9223372036854775806	44	50	50585	26791	0	573	623	358	297	301	92	2197102958816999	15400635981762684
2305843009213693950	44	50	50585	26791	0	573	623	358	76	85	1	2197102958816999	15400635981762684
144115188075855870	44	50	50585	26791	0	573	623	358	5	6	0	2197102958816999	15400635981762684
6148914691236495	44	50	50585	26791	0	573	623	358	1	0	0	2197102958816999	18446744073709551615
9223372036854775806	44	51	50585	32876	0	573	586	324	297	292	81	2197102958816999	41742007892017841
2305843009213693950	44	51	50585	32876	0	573	586	324	76	77	6	2197102958816999	41742007892017841
144115188075855870	44	51	50585	32876	0	573	586	324	5	3	0	2197102958816999	41742007892017841
6148914691236495	44	51	50585	32876	0	573	586	324	1	0	0	2197102958816999	18446744073709551615
9223372036854775806	44	52	50585	13804	0	573	574	324	297	300	91	2197102958816999	2790875122670278
2305843009213693950	44	52	50585	13804	0	573	574	324	76	63	6	2197102958816999	2790875122670278
144115188075855870	44	52	50585	13804	0	573	574	324	5	3	0	2197102958816999	2790875122670278
6148914691236495	44	52	50585	13804	0	573	574	324	1	1	0	2197102958816999	2790875122670278
9223372036854775806	44	53	50585	28986	0	573	592	348	297	313	96	2197102958816999	26017863593228402
2305843009213693950	44	53	50585	28986	0	573	592	348	76	67	6	2197102958816999	26017863593228402
144115188075855870	44	53	50585	28986	0	573	592	348	5	5	0	2197102958816999	26017863593228402
6148914691236495	44	53	50585	28986	0	573	592	348	1	0	0	2197102958816999	18446744073709551615
9223372036854775806	44	54	50585	20288	0	573	577	316	297	279	75	2197102958816999	6993834807301157
2305843009213693950	44	54	50585	20288	0	573	577	316	76	77	2	2197102958816999	6993834807301157
144115188075855870	44	54	50585	20288	0	573	577	316	5	2	0	2197102958816999	6993834807301157
6148914691236495	44	54	50585	20288	0	573	577	316	1	0	0	2197102958816999	18446744073709551615
9223372036854775806	44	55	50585	41436	0	573	582	343	297	287	83	2197102958816999	25612715942692053
2305843009213693950	44	55	50585	41436	0	573	582	343	76	79	5	2197102958816999	25612715942692053
144115188075855870	44	55	50585	41436	0	573	582	343	5	3	0	2197102958816999	25612715942692053
6148914691236495	44	55	50585	41436	0	573	582	343	1	0	0	2197102958816999	18446744073709551615
9223372036854775806	44	56	50585	41867	0	573	603	358	297	288	102	2197102958816999	8795885601060178
2305843009213693950	44	56	50585	41867	0	573	603	358	76	69	8	2197102958816999	8795885601060178
144115188075855870	44	56	50585	41867	0	573	603	358	5	8	0	2197102958816999	8795885601060178
6148914691236495	44	56	50585	41867	0	573	603	358	1	0	0	2197102958816999	18446744073709551615
9223372036854775806	44	57	50585	55273	0	573	375	210	297	182	58	2197102958816999	57484945731452901
2305843009213693950	44	57	50585	55273	0	573	375	210	76	51	7	2197102958816999	57484945731452901
144115188075855870	44	57	50585	55273	0	573	375	210	5	3	0	2197102958816999	57484945731452901
6148914691236495	44	57	50585	55273	0	573	375	210	1	0	0	2197102958816999	18446744073709551615
9223372036854775806	44	58	50585	48095	0	573	592	339	297	279	93	2197102958816999	5858463627943568
2305843009213693950	44	58	50585	48095	0	573	592	339	76	78	5	2197102958816999	5858463627943568
144115188075855870	44	58	50585	48095	0	573	592	339	5	5	0	2197102958816999	5858463627943568
6148914691236495	44	58	50585	48095	0	573	592	339	1	0	0	2197102958816999	18446744073709551615
9223372036854775806	44	59	50585	55964	0	573	246	145	297	121	48	2197102958816999	4794458762861514
2305843009213693950	44	59	50585	55964	0	573	246	145	76	34	2	2197102958816999	4794458762861514
144115188075855870	44	59	50585	55964	0	573	246	145	5	6	0	2197102958816999	4794458762861514
6148914691236495	44	59	50585	55964	0	573	246	145	1	0	0	2197102958816999	18446744073709551615
9223372036854775806	44	60	50585	33080	0	573	605	346	297	288	81	2197102958816999	21234551346284532
2305843009213693950	44	60	50585	33080	0	573	605	346	76	67	5	2197102958816999	21234551346284532
144115188075855870	44	60	50585	33080	0	573	605	346	5	6	0	2197102958816999	21234551346284532
6148914691236495	44	60	50585	33080	0	573	605	346	1	0	0	2197102958816999	18446744073709551615
9223372036854775806	44	61	50585	19280	0	573	590	333	297	318	98	2197102958816999	43101032433561777
2305843009213693950	44	61	50585	19280	0	573	590	333	76	71	5	2197102958816999	43101032433561777
144115188075855870	44	61	50585	19280	0	573	590	333	5	3	0	2197102958816999	43101032433561777
6148914691236495	44	61	50585	19280	0	573	590	333	1	0	0	2197102958816999	18446744073709551615
9223372036854775806	44	62	50585	8703	0	573	586	340	297	295	77	2197102958816999	21265985390459575
2305843009213693950	44	62	50585	8703	0	573	586	340	76	74	5	2197102958816999	21265985390459575
144115188075855870	44	62	50585	8703	0	573	586	340	5	5	0	2197102958816999	21265985390459575
6148914691236495	44	62	50585	8703	0	573	586	340	1	0	0	2197102958816999	18446744073709551615
9223372036854775806	44	63	50585	18798	0	573	587	336	297	268	81	2197102958816999	15005778287697291
2305843009213693950	44	63	50585	18798	0	573	587	336	76	71	7	2197102958816999	15005778287697291
144115188075855870	44	63	50585	18798	0	573	587	336	5	3	0	2197102958816999	15005778287697291
6148914691236495	44	63	50585	18798	0	573	587	336	1	0	0	2197102958816999	18446744073709551615
9223372036854775806	45	46	543	28348	0	595	584	353	277	308	88	3529678978331514	7659861853809104
2305843009213693950	45	46	543	28348	0	595	584	353	72	83	4	3529678978331514	7659861853809104
144115188075855870	45	46	543	28348	0	595	584	353	5	7	0	3529678978331514	7659861853809104
6148914691236495	45	46	543	28348	0	595	584	353	0	0	0	18446744073709551615	18446744073709551615
9223372036854775806	45	47	543	36508	0	595	558	336	277	281	83	3529678978331514	5699832315310769
2305843009213693950	45	47	543	36508	0	595	558	336	72	79	9	3529678978331514	5699832315310769
144115188075855870	45	47	543	36508	0	595	558	336	5	5	0	3529678978331514	5699832315310769
6148914691236495	45	47	543	36508	0	595	558	336	0	0	0	18446744073709551615	18446744073709551615
9223372036854775806	45	48	543	10875	0	595	578	339	277	291	75	3529678978331514	25099112878567966
2305843009213693950	45	48	543	10875	0	595	578	339	72	75	2	3529678978331514	25099112878567966
144115188075855870	45	48	543	10875	0	595	578	339	5	4	0	3529678978331514	25099112878567966
6148914691236495	45	48	543	10875	0	595	578	339	0	0	0	18446744073709551615	18446744073709551615
9223372036854775806	45	49	543	34534	0	595	571	337	277	301	87	3529678978331514	1691219382961787
2305843009213693950	45	49	543	34534	0	595	571	337	72	75	5	3529678978331514	1691219382961787
144115188075855870	45	49	543	34534	0	595	571	337	5	4	0	3529678978331514	1691219382961787
6148914691236495	45	49	543	34534	0	595	571	337	0	1	0	18446744073709551615	1691219382961787
9223372036854775806	45	50	543	26791	0	595	623	385	277	301	92	3529678978331514	15400635981762684
2305843009213693950	45	50	543	26791	0	595	623	385	72	85	3	3529678978331514	15400635981762684
144115188075855870	45	50	543	26791	0	595	623	385	5	6	0	3529678978331514	15400635981762684
6148914691236495	45	50	543	26791	0	595	623	385	0	0	0	18446744073709551615	18446744073709551615
9223372036854775806	45	51	543	32876	0	595	586	346	277	292	89	3529678978331514	41742007892017841
2305843009213693950	45	51	543	32876	0	595	586	346	72	77	6	3529678978331514	41742007892017841
144115188075855870	45	51	543	32876	0	595	586	346	5	3	0	3529678978331514	41742007892017841
6148914691236495	45	51	543	32876	0	595	586	346	0	0	0	18446744073709551615	18446744073709551615
9223372036854775806	45	52	543	13804	0	595	574	340	277	300	77	3529678978331514	2790875122670278
2305843009213693950	45	52	543	13804	0	595	574	340	72	63	2	3529678978331514	2790875122670278
144115188075855870	45	52	543	13804	0	595	574	340	5	3	0	3529678978331514	2790875122670278
6148914691236495	45	52	543	13804	0	595	574	340	0	1	0	18446744073709551615	2790875122670278
9223372036854775806	45	53	543	28986	0	595	592	344	277	313	81	3529678978331514	26017863593228402
2305843009213693950	45	53	543	28986	0	595	592	344	72	67	4	3529678978331514	26017863593228402
144115188075855870	45	53	543	28986	0	595	592	344	5	5	0	3529678978331514	26017863593228402
6148914691236495	45	53	543	28986	0	595	592	344	0	0	0	18446744073709551615	18446744073709551615
9223372036854775806	45	54	543	20288	0	595	577	345	277	279	81	3529678978331514	6993834807301157
2305843009213693950	45	54	543	20288	0	595	577	345	72	77	6	3529678978331514	6993834807301157
144115188075855870	45	54	543	20288	0	595	577	345	5	2	0	3529678978331514	6993834807301157
6148914691236495	45	54	543	20288	0	595	577	345	0	0	0	18446744073709551615	18446744073709551615
9223372036854775806	45	55	543	41436	0	595	582	344	277	287	88	3529678978331514	25612715942692053
2305843009213693950	45	55	543	41436	0	595	582	344	72	79	9	3529678978331514	25612715942692053
144115188075855870	45	55	543	41436	0	595	582	344	5	3	0	3529678978331514	25612715942692053
6148914691236495	45	55	543	41436	0	595	582	344	0	0	0	18446744073709551615	18446744073709551615
9223372036854775806	45	56	543	41867	0	595	603	357	277	288	79	3529678978331514	8795885601060178
2305843009213693950	45	56	543	41867	0	595	603	357	72	69	7	3529678978331514	8795885601060178
144115188075855870	45	56	543	41867	0	595	603	357	5	8	0	3529678978331514	8795885601060178
6148914691236495	45	56	543	41867	0	595	603	357	0	0	0	18446744073709551615	18446744073709551615
9223372036854775806	45	57	543	55273	0	595	375	227	277	182	49	3529678978331514	57484945731452901
2305843009213693950	45	57	543	55273	0	595	375	227	72	51	4	3529678978331514	57484945731452901
144115188075855870	45	57	543	55273	0	595	375	227	5	3	0	3529678978331514	57484945731452901
6148914691236495	45	57	543	55273	0	595	375	227	0	0	0	18446744073709551615	18446744073709551615
9223372036854775806	45	58	543	48095	0	595	592	362	277	279	87	3529678978331514	5858463627943568
2305843009213693950	45	58	543	48095	0	595	592	362	72	78	5	3529678978331514	5858463627943568
144115188075855870	45	58	543	48095	0	595	592	362	5	5	0	3529678978331514	5858463627943568
6148914691236495	45	58	543	48095	0	595	592	362	0	0	0	18446744073709551615	18446744073709551615
9223372036854775806	45	59	543	55964	0	595	246	140	277	121	28	3529678978331514	4794458762861514
2305843009213693950	45	59	543	55964	0	595	246	140	72	34	2	3529678978331514	4794458762861514
144115188075855870	45	59	543	55964	0	595	246	140	5	6	0	3529678978331514	4794458762861514
6148914691236495	45	59	543	55964	0	595	246	140	0	0	0	18446744073709551615	18446744073709551615
9223372036854775806	45	60	543	33080	0	595	605	364	277	288	85	3529678978331514	21234551346284532
2305843009213693950	45	60	543	33080	0	595	605	364	72	67	5	3529678978331514	21234551346284532
144115188075855870	45	60	543	33080	0	595	605	364	5	6	0	3529678978331514	21234551346284532
6148914691236495	45	60	543	33080	0	595	605	364	0	0	0	18446744073709551615	18446744073709551615
9223372036854775806	45	61	543	19280	0	595	590	349	277	318	77	3529678978331514	43101032433561777
2305843009213693950	45	61	543	19280	0	595	590	349	72	71	2	3529678978331514	43101032433561777
144115188075855870	45	61	543	19280	0	595	590	349	5	3	0	3529678978331514	43101032433561777
6148914691236495	45	61	543	19280	0	595	590	349	0	0	0	18446744073709551615	18446744073709551615
9223372036854775806	45	62	543	8703	0	595	586	347	277	295	82	3529678978331514	21265985390459575
2305843009213693950	45	62	543	8703	0	595	586	347	72	74	6	3529678978331514	21265985390459575
144115188075855870	45	62	543	8703	0	595	586	347	5	5	0	3529678978331514	21265985390459575
6148914691236495	45	62	543	8703	0	595	586	347	0	0	0	18446744073709551615	18446744073709551615
9223372036854775806	45	63	543	18798	0	595	587	342	277	268	76	3529678978331514	15005778287697291
2305843009213693950	45	63	543	18798	0	595	587	342	72	71	4	3529678978331514	15005778287697291
144115188075855870	45	63	543	18798	0	595	587	342	5	3	0	3529678978331514	15005778287697291
6148914691236495	45	63	543	18798	0	595	587	342	0	0	0	18446744073709551615	18446744073709551615
9223372036854775806	46	47	28348	36508	0	584	558	325	308	281	76	7659861853809104	5699832315310769
2305843009213693950	46	47	28348	36508	0	584	558	325	83	79	3	7659861853809104	5699832315310769
144115188075855870	46	47	28348	36508	0	584	558	325	7	5	0	7659861853809104	5699832315310769
6148914691236495	46	47	28348	36508	0	584	558	325	0	0	0	18446744073709551615	18446744073709551615
9223372036854775806	46	48	28348	10875	0	584	578	350	308	291	98	7659861853809104	25099112878567966
2305843009213693950	46	48	28348	10875	0	584	578	350	83	75	7	7659861853809104	25099112878567966
144115188075855870	46	48	28348	10875	0	584	578	350	7	4	0	7659861853809104	25099112878567966
6148914691236495	46	48	28348	10875	0	584	578	350	0	0	0	18446744073709551615	18446744073709551615
9223372036854775806	46	49	28348	34534	0	584	571	324	308	301	86	7659861853809104	1691219382961787
2305843009213693950	46	49	28348	34534	0	584	571	324	83	75	2	7659861853809104	1691219382961787
144115188075855870	46	49	28348	34534	0	584	571	324	7	4	0	7659861853809104	1691219382961787
6148914691236495	46	49	28348	34534	0	584	571	324	0	1	0	18446744073709551615	1691219382961787
9223372036854775806	46	50	28348	26791	0	584	623	362	308	301	83	7659861853809104	15400635981762684
2305843009213693950	46	50	28348	26791	0	584	623	362	83	85	4	7659861853809104	15400635981762684
144115188075855870	46	50	28348	26791	0	584	623	362	7	6	0	7659861853809104	15400635981762684
6148914691236495	46	50	28348	26791	0	584	623	362	0	0	0	18446744073709551615	18446744073709551615
9223372036854775806	46	51	28348	32876	0	584	586	342	308	292	86	7659861853809104	41742007892017841
2305843009213693950	46	51	28348	32876	0	584	586	342	83	77	12	7659861853809104	41742007892017841
144115188075855870	46	51	28348	32876	0	584	586	342	7	3	0	7659861853809104	41742007892017841
6148914691236495	46	51	28348	32876	0	584	586	342	0	0	0	18446744073709551615	18446744073709551615
9223372036854775806	46	52	28348	13804	0	584	574	339	308	300	97	7659861853809104	2790875122670278
2305843009213693950	46	52	28348	13804	0	584	574	339	83	63	4	7659861853809104	2790875122670278
144115188075855870	46	52	28348	13804	0	584	574	339	7	3	0	7659861853809104	2790875122670278
6148914691236495	46	52	28348	13804	0	584	574	339	0	1	0	18446744073709551615	2790875122670278
9223372036854775806	46	53	28348	28986	0	584	592	340	308	313	98	7659861853809104	26017863593228402
2305843009213693950	46	53	28348	28986	0	584	592	340	83	67	9	7659861853809104	26017863593228402
144115188075855870	46	53	28348	28986	0	584	592	340	7	5	0	7659861853809104	26017863593228402
6148914691236495	46	53	28348	28986	0	584	592	340	0	0	0	18446744073709551615	18446744073709551615
9223372036854775806	46	54	28348	20288	0	584	577	352	308	279	90	7659861853809104	6993834807301157
2305843009213693950	46	54	28348	20288	0	584	577	352	83	77	4	7659861853809104	6993834807301157
144115188075855870	46	54	28348	20288	0	584	577	352	7	2	0	7659861853809104	6993834807301157
6148914691236495	46	54	28348	20288	0	584	577	352	0	0	0	18446744073709551615	18446744073709551615
9223372036854775806	46	55	28348	41436	0	584	582	345	308	287	96	7659861853809104	25612715942692053
2305843009213693950	46	55	28348	41436	0	584	582	345	83	79	7	7659861853809104	25612715942692053
144115188075855870	46	55	28348	41436	0	584	582	345	7	3	0	7659861853809104	25612715942692053
6148914691236495	46	55	28348	41436	0	584	582	345	0	0	0	18446744073709551615	18446744073709551615
9223372036854775806	46	56	28348	41867	0	584	603	341	308	288	78	7659861853809104	8795885601060178
2305843009213693950	46	56	28348	41867	0	584	603	341	83	69	8	7659861853809104	8795885601060178
144115188075855870	46	56	28348	41867	0	584	603	341	7	8	0	7659861853809104	8795885601060178
6148914691236495	46	56	28348	41867	0	584	603	341	0	0	0	18446744073709551615	18446744073709551615
9223372036854775806	46	57	28348	55273	0	584	375	222	308	182	41	7659861853809104	57484945731452901
2305843009213693950	46	57	28348	55273	0	584	375	222	83	51	0	7659861853809104	57484945731452901
144115188075855870	46	57	28348	55273	0	584	375	222	7	3	0	7659861853809104	57484945731452901
6148914691236495	46	57	28348	55273	0	584	375	222	0	0	0	18446744073709551615	18446744073709551615
9223372036854775806	46	58	28348	48095	0	584	592	349	308	279	82	7659861853809104	5858463627943568
2305843009213693950	46	58	28348	48095	0	584	592	349	83	78	8	7659861853809104	5858463627943568
144115188075855870	46	58	28348	48095	0	584	592	349	7	5	0	7659861853809104	5858463627943568
6148914691236495	46	58	28348	48095	0	584	592	349	0	0	0	18446744073709551615	18446744073709551615
9223372036854775806	46	59	28348	55964	0	584	246	149	308	121	37	7659861853809104	4794458762861514
2305843009213693950	46	59	28348	55964	0	584	246	149	83	34	1	7659861853809104	4794458762861514
144115188075855870	46	59	28348	55964	0	584	246	149	7	6	0	7659861853809104	4794458762861514
6148914691236495	46	59	28348	55964	0	584	246	149	0	0	0	18446744073709551615	18446744073709551615
9223372036854775806	46	60	28348	33080	0	584	605	352	308	288	85	7659861853809104	21234551346284532
2305843009213693950	46	60	28348	33080	0	584	605	352	83	67	5	7659861853809104	21234551346284532
144115188075855870	46	60	28348	33080	0	584	605	352	7	6	0	7659861853809104	21234551346284532
6148914691236495	46	60	28348	33080	0	584	605	352	0	0	0	18446744073709551615	18446744073709551615
9223372036854775806	46	61	28348	19280	0	584	590	333	308	318	92	7659861853809104	43101032433561777
2305843009213693950	46	61	28348	19280	0	584	590	333	83	71	3	7659861853809104	43101032433561777
144115188075855870	46	61	28348	19280	0	584	590	333	7	3	0	7659861853809104	43101032433561777
6148914691236495	46	61	28348	19280	0	584	590	333	0	0	0	18446744073709551615	18446744073709551615
9223372036854775806	46	62	28348	8703	0	584	586	346	308	295	76	7659861853809104	21265985390459575
2305843009213693950	46	62	28348	8703	0	584	586	346	83	74	3	7659861853809104	21265985390459575
144115188075855870	46	62	28348	8703	0	584	586	346	7	5	0	7659861853809104	21265985390459575
6148914691236495	46	62	28348	8703	0	584	586	346	0	0	0	18446744073709551615	18446744073709551615
9223372036854775806	46	63	28348	18798	0	584	587	337	308	268	76	7659861853809104	15005778287697291
2305843009213693950	46	63	28348	18798	0	584	587	337	83	71	2	7659861853809104	15005778287697291
144115188075855870	46	63	28348	18798	0	584	587	337	7	3	0	7659861853809104	15005778287697291
6148914691236495	46	63	28348	18798	0	584	587	337	0	0	0	18446744073709551615	18446744073709551615
9223372036854775806	47	48	36508	10875	0	558	578	319	281	291	76	5699832315310769	25099112878567966
2305843009213693950	47	48	36508	10875	0	558	578	319	79	75	5	5699832315310769	25099112878567966
144115188075855870	47	48	36508	10875	0	558	578	319	5	4	0	5699832315310769	25099112878567966
6148914691236495	47	48	36508	10875	0	558	578	319	0	0	0	18446744073709551615	18446744073709551615
9223372036854775806	47	49	36508	34534	0	558	571	306	281	301	84	5699832315310769	1691219382961787
2305843009213693950	47	49	36508	34534	0	558	571	306	79	75	2	5699832315310769	1691219382961787
144115188075855870	47	49	36508	34534	0	558	571	306	5	4	0	5699832315310769	1691219382961787
6148914691236495	47	49	36508	34534	0	558	571	306	0	1	0	18446744073709551615	1691219382961787
9223372036854775806	47	50	36508	26791	0	558	623	339	281	301	80	5699832315310769	15400635981762684
2305843009213693950	47	50	36508	26791	0	558	623	339	79	85	6	5699832315310769	15400635981762684
144115188075855870	47	50	36508	26791	0	558	623	339	5	6	0	5699832315310769	15400635981762684
6148914691236495	47	50	36508	26791	0	558	623	339	0	0	0	18446744073709551615	18446744073709551615
9223372036854775806	47	51	36508	32876	0	558	586	343	281	292	89	5699832315310769	41742007892017841
2305843009213693950	47	51	36508	32876	0	558	586	343	79	77	5	5699832315310769	41742007892017841
144115188075855870	47	51	36508	32876	0	558	586	343	5	3	0	5699832315310769	41742007892017841
6148914691236495	47	51	36508	32876	0	558	586	343	0	0	0	18446744073709551615	18446744073709551615
9223372036854775806	47	52	36508	13804	0	558	574	310	281	300	74	5699832315310769	2790875122670278
2305843009213693950	47	52	36508	13804	0	558	574	310	79	63	3	5699832315310769	2790875122670278
144115188075855870	47	52	36508	13804	0	558	574	310	5	3	0	5699832315310769	2790875122670278
6148914691236495	47	52	36508	13804	0	558	574	310	0	1	0	18446744073709551615	2790875122670278
9223372036854775806	47	53	36508	28986	0	558	592	336	281	313	93	5699832315310769	26017863593228402
2305843009213693950	47	53	36508	28986	0	558	592	336	79	67	3	5699832315310769	26017863593228402
144115188075855870	47	53	36508	28986	0	558	592	336	5	5	0	5699832315310769	26017863593228402
6148914691236495	47	53	36508	28986	0	558	592	336	0	0	0	18446744073709551615	18446744073709551615
9223372036854775806	47	54	36508	20288	0	558	577	327	281	279	79	5699832315310769	6993834807301157
2305843009213693950	47	54	36508	20288	0	558	577	327	79	77	4	5699832315310769	6993834807301157
144115188075855870	47	54	36508	20288	0	558	577	327	5	2	0	5699832315310769	6993834807301157
6148914691236495	47	54	36508	20288	0	558	577	327	0	0	0	18446744073709551615	18446744073709551615
9223372036854775806	47	55	36508	41436	0	558	582	319	281	287	80	5699832315310769	25612715942692053
2305843009213693950	47	55	36508	41436	0	558	582	319	79	79	8	5699832315310769	25612715942692053
144115188075855870	47	55	36508	41436	0	558	582	319	5	3	0	5699832315310769	25612715942692053
6148914691236495	47	55	36508	41436	0	558	582	319	0	0	0	18446744073709551615	18446744073709551615
9223372036854775806	47	56	36508	41867	0	558	603	346	281	288	89	5699832315310769	8795885601060178
2305843009213693950	47	56	36508	41867	0	558	603	346	79	69	8	5699832315310769	8795885601060178
144115188075855870	47	56	36508	41867	0	558	603	346	5	8	0	5699832315310769	8795885601060178
6148914691236495	47	56	36508	41867	0	558	603	346	0	0	0	18446744073709551615	18446744073709551615
9223372036854775806	47	57	36508	55273	0	558	375	217	281	182	42	5699832315310769	57484945731452901
2305843009213693950	47	57	36508	55273	0	558	375	217	79	51	2	5699832315310769	57484945731452901
144115188075855870	47	57	36508	55273	0	558	375	217	5	3	0	5699832315310769	57484945731452901
6148914691236495	47	57	36508	55273	0	558	375	217	0	0	0	18446744073709551615	18446744073709551615
9223372036854775806	47	58	36508	48095	0	558	592	329	281	279	75	5699832315310769	5858463627943568
2305843009213693950	47	58	36508	48095	0	558	592	329	79	78	8	5699832315310769	5858463627943568
144115188075855870	47	58	36508	48095	0	558	592	329	5	5	0	5699832315310769	5858463627943568
6148914691236495	47	58	36508	48095	0	558	592	329	0	0	0	18446744073709551615	18446744073709551615
9223372036854775806	47	59	36508	55964	0	558	246	138	281	121	30	5699832315310769	4794458762861514
2305843009213693950	47	59	36508	55964	0	558	246	138	79	34	4	5699832315310769	4794458762861514
144115188075855870	47	59	36508	55964	0	558	246	138	5	6	0	5699832315310769	4794458762861514
6148914691236495	47	59	36508	55964	0	558	246	138	0	0	0	18446744073709551615	18446744073709551615
9223372036854775806	47	60	36508	33080	0	558	605	344	281	288	81	5699832315310769	21234551346284532
2305843009213693950	47	60	36508	33080	0	558	605	344	79	67	6	5699832315310769	21234551346284532
144115188075855870	47	60	36508	33080	0	558	605	344	5	6	0	5699832315310769	21234551346284532
6148914691236495	47	60	36508	33080	0	558	605	344	0	0	0	18446744073709551615	18446744073709551615
9223372036854775806	47	61	36508	19280	0	558	590	317	281	318	96	5699832315310769	43101032433561777
2305843009213693950	47	61	36508	19280	0	558	590	317	79	71	8	5699832315310769	43101032433561777
144115188075855870	47	61	36508	19280	0	558	590	317	5	3	0	5699832315310769	43101032433561777
6148914691236495	47	61	36508	19280	0	558	590	317	0	0	0	18446744073709551615	18446744073709551615
9223372036854775806	47	62	36508	8703	0	558	586	334	281	295	76	5699832315310769	21265985390459575
2305843009213693950	47	62	36508	8703	0	558	586	334	79	74	3	5699832315310769	21265985390459575
144115188075855870	47	62	36508	8703	0	558	586	334	5	5	0	5699832315310769	21265985390459575
6148914691236495	47	62	36508	8703	0	558	586	334	0	0	0	18446744073709551615	18446744073709551615
9223372036854775806	47	63	36508	18798	0	558	587	320	281	268	70	5699832315310769	15005778287697291
2305843009213693950	47	63	36508	18798	0	558	587	320	79	71	5	5699832315310769	15005778287697291
144115188075855870	47	63	36508	18798	0	558	587	320	5	3	0	5699832315310769	15005778287697291
6148914691236495	47	63	36508	18798	0	558	587	320	0	0	0	18446744073709551615	18446744073709551615
9223372036854775806	48	49	10875	34534	0	578	571	326	291	301	94	25099112878567966	1691219382961787
2305843009213693950	48	49	10875	34534	0	578	571	326	75	75	6	25099112878567966	1691219382961787
144115188075855870	48	49	10875	34534	0	578	571	326	4	4	0	25099112878567966	1691219382961787
6148914691236495	48	49	10875	34534	0	578	571	326	0	1	0	18446744073709551615	1691219382961787
9223372036854775806	48	50	10875	26791	0	578	623	368	291	301	88	25099112878567966	15400635981762684
2305843009213693950	48	50	10875	26791	0	578	623	368	75	85	8	25099112878567966	15400635981762684
144115188075855870	48	50	10875	26791	0	578	623	368	4	6	0	25099112878567966	15400635981762684
6148914691236495	48	50	10875	26791	0	578	623	368	0	0	0	18446744073709551615	18446744073709551615
9223372036854775806	48	51	10875	32876	0	578	586	365	291	292	89	25099112878567966	41742007892017841
2305843009213693950	48	51	10875	32876	0	578	586	365	75	77	2	25099112878567966	41742007892017841
144115188075855870	48	51	10875	32876	0	578	586	365	4	3	0	25099112878567966	41742007892017841
6148914691236495	48	51	10875	32876	0	578	586	365	0	0	0	18446744073709551615	18446744073709551615
9223372036854775806	48	52	10875	13804	0	578	574	331	291	300	90	25099112878567966	2790875122670278
2305843009213693950	48	52	10875	13804	0	578	574	331	75	63	7	25099112878567966	2790875122670278
144115188075855870	48	52	10875	13804	0	578	574	331	4	3	0	25099112878567966	2790875122670278
6148914691236495	48	52	10875	13804	0	578	574	331	0	1	0	18446744073709551615	2790875122670278
9223372036854775806	48	53	10875	28986	0	578	592	355	291	313	89	25099112878567966	26017863593228402
2305843009213693950	48	53	10875	28986	0	578	592	355	75	67	7	25099112878567966	26017863593228402
144115188075855870	48	53	10875	28986	0	578	592	355	4	5	0	25099112878567966	26017863593228402
6148914691236495	48	53	10875	28986	0	578	592	355	0	0	0	18446744073709551615	18446744073709551615
9223372036854775806	48	54	10875	20288	0	578	577	331	291	279	78	25099112878567966	6993834807301157
2305843009213693950	48	54	10875	20288	0	578	577	331	75	77	8	25099112878567966	6993834807301157
144115188075855870	48	54	10875	20288	0	578	577	331	4	2	0	25099112878567966	6993834807301157
6148914691236495	48	54	10875	20288	0	578	577	331	0	0	0	18446744073709551615	18446744073709551615
9223372036854775806	48	55	10875	41436	0	578	582	326	291	287	77	25099112878567966	25612715942692053
2305843009213693950	48	55	10875	41436	0	578	582	326	75	79	6	25099112878567966	25612715942692053
144115188075855870	48	55	10875	41436	0	578	582	326	4	3	0	25099112878567966	25612715942692053
6148914691236495	48	55	10875	41436	0	578	582	326	0	0	0	18446744073709551615	18446744073709551615
9223372036854775806	48	56	10875	41867	0	578	603	333	291	288	79	25099112878567966	8795885601060178
2305843009213693950	48	56	10875	41867	0	578	603	333	75	69	2	25099112878567966	8795885601060178
144115188075855870	48	56	10875	41867	0	578	603	333	4	8	0	25099112878567966	8795885601060178
6148914691236495	48	56	10875	41867	0	578	603	333	0	0	0	18446744073709551615	18446744073709551615
9223372036854775806	48	57	10875	55273	0	578	375	209	291	182	53	25099112878567966	57484945731452901
2305843009213693950	48	57	10875	55273	0	578	375	209	75	51	4	25099112878567966	57484945731452901
144115188075855870	48	57	10875	55273	0	578	375	209	4	3	0	25099112878567966	57484945731452901
6148914691236495	48	57	10875	55273	0	578	375	209	0	0	0	18446744073709551615	18446744073709551615
9223372036854775806	48	58	10875	48095	0	578	592	345	291	279	76	25099112878567966	5858463627943568
2305843009213693950	48	58	10875	48095	0	578	592	345	75	78	6	25099112878567966	5858463627943568
144115188075855870	48	58	10875	48095	0	578	592	345	4	5	0	25099112878567966	5858463627943568
6148914691236495	48	58	10875	48095	0	578	592	345	0	0	0	18446744073709551615	18446744073709551615
9223372036854775806	48	59	10875	55964	0	578	246	139	291	121	36	25099112878567966	4794458762861514
2305843009213693950	48	59	10875	55964	0	578	246	139	75	34	3	25099112878567966	4794458762861514
144115188075855870	48	59	10875	55964	0	578	246	139	4	6	0	25099112878567966	4794458762861514
6148914691236495	48	59	10875	55964	0	578	246	139	0	0	0	18446744073709551615	18446744073709551615
9223372036854775806	48	60	10875	33080	0	578	605	345	291	288	84	25099112878567966	21234551346284532
2305843009213693950	48	60	10875	33080	0	578	605	345	75	67	5	25099112878567966	21234551346284532
144115188075855870	48	60	10875	33080	0	578	605	345	4	6	0	25099112878567966	21234551346284532
6148914691236495	48	60	10875	33080	0	578	605	345	0	0	0	18446744073709551615	18446744073709551615
9223372036854775806	48	61	10875	19280	0	578	590	338	291	318	100	25099112878567966	43101032433561777
2305843009213693950	48	61	10875	19280	0	578	590	338	75	71	5	25099112878567966	43101032433561777
144115188075855870	48	61	10875	19280	0	578	590	338	4	3	0	25099112878567966	43101032433561777
6148914691236495	48	61	10875	19280	0	578	590	338	0	0	0	18446744073709551615	18446744073709551615
9223372036854775806	48	62	10875	8703	0	578	586	345	291	295	84	25099112878567966	21265985390459575
2305843009213693950	48	62	10875	8703	0	578	586	345	75	74	4	25099112878567966	21265985390459575
144115188075855870	48	62	10875	8703	0	578	586	345	4	5	0	25099112878567966	21265985390459575
6148914691236495	48	62	10875	8703	0	578	586	345	0	0	0	18446744073709551615	18446744073709551615
9223372036854775806	48	63	10875	18798	0	578	587	350	291	268	91	25099112878567966	15005778287697291
2305843009213693950	48	63	10875	18798	0	578	587	350	75	71	4	25099112878567966	15005778287697291
144115188075855870	48	63	10875	18798	0	578	587	350	4	3	0	25099112878567966	15005778287697291
6148914691236495	48	63	10875	18798	0	578	587	350	0	0	0	18446744073709551615	18446744073709551615
9223372036854775806	49	50	34534	26791	0	571	623	353	301	301	92	1691219382961787	15400635981762684
2305843009213693950	49	50	34534	26791	0	571	623	353	75	85	12	1691219382961787	15400635981762684
144115188075855870	49	50	34534	26791	0	571	623	353	4	6	0	1691219382961787	15400635981762684
6148914691236495	49	50	34534	26791	0	571	623	353	1	0	0	1691219382961787	18446744073709551615
9223372036854775806	49	51	34534	32876	0	571	586	324	301	292	79	1691219382961787	41742007892017841
2305843009213693950	49	51	34534	32876	0	571	586	324	75	77	2	1691219382961787	41742007892017841
144115188075855870	49	51	34534	32876	0	571	586	324	4	3	0	1691219382961787	41742007892017841
6148914691236495	49	51	34534	32876	0	571	586	324	1	0	0	1691219382961787	18446744073709551615
9223372036854775806	49	52	34534	13804	0	571	574	319	301	300	83	1691219382961787	2790875122670278
2305843009213693950	49	52	34534	13804	0	571	574	319	75	63	8	1691219382961787	2790875122670278
144115188075855870	49	52	34534	13804	0	571	574	319	4	3	0	1691219382961787	2790875122670278
6148914691236495	49	52	34534	13804	0	571	574	319	1	1	0	1691219382961787	2790875122670278
9223372036854775806	49	53	34534	28986	0	571	592	342	301	313	93	1691219382961787	26017863593228402
2305843009213693950	49	53	34534	28986	0	571	592	342	75	67	4	1691219382961787	26017863593228402
144115188075855870	49	53	34534	28986	0	571	592	342	4	5	0	1691219382961787	26017863593228402
6148914691236495	49	53	34534	28986	0	571	592	342	1	0	0	1691219382961787	18446744073709551615
9223372036854775806	49	54	34534	20288	0	571	577	319	301	279	81	1691219382961787	6993834807301157
2305843009213693950	49	54	34534	20288	0	571	577	319	75	77	8	1691219382961787	6993834807301157
144115188075855870	49	54	34534	20288	0	571	577	319	4	2	0	1691219382961787	6993834807301157
6148914691236495	49	54	34534	20288	0	571	577	319	1	0	0	1691219382961787	18446744073709551615
9223372036854775806	49	55	34534	41436	0	571	582	328	301	287	88	1691219382961787	25612715942692053
2305843009213693950	49	55	34534	41436	0	571	582	328	75	79	10	1691219382961787	25612715942692053
144115188075855870	49	55	34534	41436	0	571	582	328	4	3	0	1691219382961787	25612715942692053
6148914691236495	49	55	34534	41436	0	571	582	328	1	0	0	1691219382961787	18446744073709551615
9223372036854775806	49	56	34534	41867	0	571	603	348	301	288	71	1691219382961787	8795885601060178
2305843009213693950	49	56	34534	41867	0	571	603	348	75	69	3	1691219382961787	8795885601060178
144115188075855870	49	56	34534	41867	0	571	603	348	4	8	0	1691219382961787	8795885601060178
6148914691236495	49	56	34534	41867	0	571	603	348	1	0	0	1691219382961787	18446744073709551615
9223372036854775806	49	57	34534	55273	0	571	375	208	301	182	52	1691219382961787	57484945731452901
2305843009213693950	49	57	34534	55273	0	571	375	208	75	51	3	1691219382961787	57484945731452901
144115188075855870	49	57	34534	55273	0	571	375	208	4	3	0	1691219382961787	57484945731452901
6148914691236495	49	57	34534	55273	0	571	375	208	1	0	0	1691219382961787	18446744073709551615
9223372036854775806	49	58	34534	48095	0	571	592	341	301	279	80	1691219382961787	5858463627943568
2305843009213693950	49	58	34534	48095	0	571	592	341	75	78	1	1691219382961787	5858463627943568
144115188075855870	49	58	34534	48095	0	571	592	341	4	5	0	1691219382961787	5858463627943568
6148914691236495	49	58	34534	48095	0	571	592	341	1	0	0	1691219382961787	18446744073709551615
9223372036854775806	49	59	34534	55964	0	571	246	128	301	121	35	1691219382961787	4794458762861514
2305843009213693950	49	59	34534	55964	0	571	246	128	75	34	2	1691219382961787	4794458762861514
144115188075855870	49	59	34534	55964	0	571	246	128	4	6	0	1691219382961787	4794458762861514
6148914691236495	49	59	34534	55964	0	571	246	128	1	0	0	1691219382961787	18446744073709551615
9223372036854775806	49	60	34534	33080	0	571	605	337	301	288	86	1691219382961787	21234551346284532
2305843009213693950	49	60	34534	33080	0	571	605	337	75	67	3	1691219382961787	21234551346284532
144115188075855870	49	60	34534	33080	0	571	605	337	4	6	0	1691219382961787	21234551346284532
6148914691236495	49	60	34534	33080	0	571	605	337	1	0	0	1691219382961787	18446744073709551615
9223372036854775806	49	61	34534	19280	0	571	590	337	301	318	82	1691219382961787	43101032433561777
2305843009213693950	49	61	34534	19280	0	571	590	337	75	71	4	1691219382961787	43101032433561777
144115188075855870	49	61	34534	19280	0	571	590	337	4	3	0	1691219382961787	43101032433561777
6148914691236495	49	61	34534	19280	0	571	590	337	1	0	0	1691219382961787	18446744073709551615
9223372036854775806	49	62	34534	8703	0	571	586	340	301	295	76	1691219382961787	21265985390459575
2305843009213693950	49	62	34534	8703	0	571	586	340	75	74	5	1691219382961787	21265985390459575
144115188075855870	49	62	34534	8703	0	571	586	340	4	5	1	1691219382961787	21265985390459575
6148914691236495	49	62	34534	8703	0	571	586	340	1	0	0	1691219382961787	18446744073709551615
9223372036854775806	49	63	34534	18798	0	571	587	354	301	268	78	1691219382961787	15005778287697291
2305843009213693950	49	63	34534	18798	0	571	587	354	75	71	3	1691219382961787	15005778287697291
144115188075855870	49	63	34534	18798	0	571	587	354	4	3	0	1691219382961787	15005778287697291
6148914691236495	49	63	34534	18798	0	571	587	354	1	0	0	1691219382961787	18446744073709551615
9223372036854775806	50	51	26791	32876	0	623	586	370	301	292	96	15400635981762684	41742007892017841
2305843009213693950	50	51	26791	32876	0	623	586	370	85	77	8	15400635981762684	41742007892017841
144115188075855870	50	51	26791	32876	0	623	586	370	6	3	0	15400635981762684	41742007892017841
6148914691236495	50	51	26791	32876	0	623	586	370	0	0	0	18446744073709551615	18446744073709551615
9223372036854775806	50	52	26791	13804	0	623	574	364	301	300	92	15400635981762684	2790875122670278
2305843009213693950	50	52	26791	13804	0	623	574	364	85	63	6	15400635981762684	2790875122670278
144115188075855870	50	52	26791	13804	0	623	574	364	6	3	0	15400635981762684	2790875122670278
6148914691236495	50	52	26791	13804	0	623	574	364	0	1	0	18446744073709551615	2790875122670278
9223372036854775806	50	53	26791	28986	0	623	592	370	301	313	96	15400635981762684	26017863593228402
2305843009213693950	50	53	26791	28986	0	623	592	370	85	67	5	15400635981762684	26017863593228402
144115188075855870	50	53	26791	28986	0	623	592	370	6	5	0	15400635981762684	26017863593228402
6148914691236495	50	53	26791	28986	0	623	592	370	0	0	0	18446744073709551615	18446744073709551615
9223372036854775806	50	54	26791	20288	0	623	577	352	301	279	81	15400635981762684	6993834807301157
2305843009213693950	50	54	26791	20288	0	623	577	352	85	77	7	15400635981762684	6993834807301157
144115188075855870	50	54	26791	20288	0	623	577	352	6	2	0	15400635981762684	6993834807301157
6148914691236495	50	54	26791	20288	0	623	577	352	0	0	0	18446744073709551615	18446744073709551615
9223372036854775806	50	55	26791	41436	0	623	582	349	301	287	82	15400635981762684	25612715942692053
2305843009213693950	50	55	26791	41436	0	623	582	349	85	79	7	15400635981762684	25612715942692053
144115188075855870	50	55	26791	41436	0	623	582	349	6	3	0	15400635981762684	25612715942692053
6148914691236495	50	55	26791	41436	0	623	582	349	0	0	0	18446744073709551615	18446744073709551615
9223372036854775806	50	56	26791	41867	0	623	603	372	301	288	73	15400635981762684	8795885601060178
2305843009213693950	50	56	26791	41867	0	623	603	372	85	69	5	15400635981762684	8795885601060178
144115188075855870	50	56	26791	41867	0	623	603	372	6	8	0	15400635981762684	8795885601060178
6148914691236495	50	56	26791	41867	0	623	603	372	0	0	0	18446744073709551615	18446744073709551615
9223372036854775806	50	57	26791	55273	0	623	375	237	301	182	55	15400635981762684	57484945731452901
2305843009213693950	50	57	26791	55273	0	623	375	237	85	51	3	15400635981762684	57484945731452901
144115188075855870	50	57	26791	55273	0	623	375	237	6	3	0	15400635981762684	57484945731452901
6148914691236495	50	57	26791	55273	0	623	375	237	0	0	0	18446744073709551615	18446744073709551615
9223372036854775806	50	58	26791	48095	0	623	592	377	301	279	80	15400635981762684	5858463627943568
2305843009213693950	50	58	26791	48095	0	623	592	377	85	78	4	15400635981762684	5858463627943568
144115188075855870	50	58	26791	48095	0	623	592	377	6	5	0	15400635981762684	5858463627943568
6148914691236495	50	58	26791	48095	0	623	592	377	0	0	0	18446744073709551615	18446744073709551615
9223372036854775806	50	59	26791	55964	0	623	246	157	301	121	39	15400635981762684	4794458762861514
2305843009213693950	50	59	26791	55964	0	623	246	157	85	34	1	15400635981762684	4794458762861514
144115188075855870	50	59	26791	55964	0	623	246	157	6	6	0	15400635981762684	4794458762861514
6148914691236495	50	59	26791	55964	0	623	246	157	0	0	0	18446744073709551615	18446744073709551615
9223372036854775806	50	60	26791	33080	0	623	605	369	301	288	88	15400635981762684	21234551346284532
2305843009213693950	50	60	26791	33080	0	623	605	369	85	67	5	15400635981762684	21234551346284532
144115188075855870	50	60	26791	33080	0	623	605	369	6	6	0	15400635981762684	21234551346284532
6148914691236495	50	60	26791	33080	0	623	605	369	0	0	0	18446744073709551615	18446744073709551615
9223372036854775806	50	61	26791	19280	0	623	590	362	301	318	90	15400635981762684	43101032433561777
2305843009213693950	50	61	26791	19280	0	623	590	362	85	71	5	15400635981762684	43101032433561777
144115188075855870	50	61	26791	19280	0	623	590	362	6	3	0	15400635981762684	43101032433561777
6148914691236495	50	61	26791	19280	0	623	590	362	0	0	0	18446744073709551615	18446744073709551615
9223372036854775806	50	62	26791	8703	0	623	586	363	301	295	84	15400635981762684	21265985390459575
2305843009213693950	50	62	26791	8703	0	623	586	363	85	74	6	15400635981762684	21265985390459575
144115188075855870	50	62	26791	8703	0	623	586	363	6	5	0	15400635981762684	21265985390459575
6148914691236495	50	62	26791	8703	0	623	586	363	0	0	0	18446744073709551615	18446744073709551615
9223372036854775806	50	63	26791	18798	0	623	587	366	301	268	82	15400635981762684	15005778287697291
2305843009213693950	50	63	26791	18798	0	623	587	366	85	71	7	15400635981762684	15005778287697291
144115188075855870	50	63	26791	18798	0	623	587	366	6	3	0	15400635981762684	15005778287697291
6148914691236495	50	63	26791	18798	0	623	587	366	0	0	0	18446744073709551615	18446744073709551615
9223372036854775806	51	52	32876	13804	0	586	574	330	292	300	94	41742007892017841	2790875122670278
2305843009213693950	51	52	32876	13804	0	586	574	330	77	63	5	41742007892017841	2790875122670278
144115188075855870	51	52	32876	13804	0	586	574	330	3	3	0	41742007892017841	2790875122670278
6148914691236495	51	52	32876	13804	0	586	574	330	0	1	0	18446744073709551615	2790875122670278
9223372036854775806	51	53	32876	28986	0	586	592	343	292	313	96	41742007892017841	26017863593228402
2305843009213693950	51	53	32876	28986	0	586	592	343	77	67	4	41742007892017841	26017863593228402
144115188075855870	51	53	32876	28986	0	586	592	343	3	5	0	41742007892017841	26017863593228402
6148914691236495	51	53	32876	28986	0	586	592	343	0	0	0	18446744073709551615	18446744073709551615
9223372036854775806	51	54	32876	20288	0	586	577	348	292	279	95	41742007892017841	6993834807301157
2305843009213693950	51	54	32876	20288	0	586	577	348	77	77	4	41742007892017841	6993834807301157
144115188075855870	51	54	32876	20288	0	586	577	348	3	2	0	41742007892017841	6993834807301157
6148914691236495	51	54	32876	20288	0	586	577	348	0	0	0	18446744073709551615	18446744073709551615
9223372036854775806	51	55	32876	41436	0	586	582	346	292	287	88	41742007892017841	25612715942692053
2305843009213693950	51	55	32876	41436	0	586	582	346	77	79	7	41742007892017841	25612715942692053
144115188075855870	51	55	32876	41436	0	586	582	346	3	3	0	41742007892017841	25612715942692053
6148914691236495	51	55	32876	41436	0	586	582	346	0	0	0	18446744073709551615	18446744073709551615
9223372036854775806	51	56	32876	41867	0	586	603	342	292	288	88	41742007892017841	8795885601060178
2305843009213693950	51	56	32876	41867	0	586	603	342	77	69	5	41742007892017841	8795885601060178
144115188075855870	51	56	32876	41867	0	586	603	342	3	8	0	41742007892017841	8795885601060178
6148914691236495	51	56	32876	41867	0	586	603	342	0	0	0	18446744073709551615	18446744073709551615
9223372036854775806	51	57	32876	55273	0	586	375	208	292	182	53	41742007892017841	57484945731452901
2305843009213693950	51	57	32876	55273	0	586	375	208	77	51	1	41742007892017841	57484945731452901
144115188075855870	51	57	32876	55273	0	586	375	208	3	3	0	41742007892017841	57484945731452901
6148914691236495	51	57	32876	55273	0	586	375	208	0	0	0	18446744073709551615	18446744073709551615
9223372036854775806	51	58	32876	48095	0	586	592	358	292	279	75	41742007892017841	5858463627943568
2305843009213693950	51	58	32876	48095	0	586	592	358	77	78	2	41742007892017841	5858463627943568
144115188075855870	51	58	32876	48095	0	586	592	358	3	5	0	41742007892017841	5858463627943568
6148914691236495	51	58	32876	48095	0	586	592	358	0	0	0	18446744073709551615	18446744073709551615
9223372036854775806	51	59	32876	55964	0	586	246	131	292	121	44	41742007892017841	4794458762861514
2305843009213693950	51	59	32876	55964	0	586	246	131	77	34	4	41742007892017841	4794458762861514
144115188075855870	51	59	32876	55964	0	586	246	131	3	6	1	41742007892017841	4794458762861514
6148914691236495	51	59	32876	55964	0	586	246	131	0	0	0	18446744073709551615	18446744073709551615
9223372036854775806	51	60	32876	33080	0	586	605	364	292	288	75	41742007892017841	21234551346284532
2305843009213693950	51	60	32876	33080	0	586	605	364	77	67	3	41742007892017841	21234551346284532
144115188075855870	51	60	32876	33080	0	586	605	364	3	6	0	41742007892017841	21234551346284532
6148914691236495	51	60	32876	33080	0	586	605	364	0	0	0	18446744073709551615	18446744073709551615
9223372036854775806	51	61	32876	19280	0	586	590	346	292	318	81	41742007892017841	43101032433561777
2305843009213693950	51	61	32876	19280	0	586	590	346	77	71	5	41742007892017841	43101032433561777
144115188075855870	51	61	32876	19280	0	586	590	346	3	3	0	41742007892017841	43101032433561777
6148914691236495	51	61	32876	19280	0	586	590	346	0	0	0	18446744073709551615	18446744073709551615
9223372036854775806	51	62	32876	8703	0	586	586	344	292	295	86	41742007892017841	21265985390459575
2305843009213693950	51	62	32876	8703	0	586	586	344	77	74	2	41742007892017841	21265985390459575
144115188075855870	51	62	32876	8703	0	586	586	344	3	5	0	41742007892017841	21265985390459575
6148914691236495	51	62	32876	8703	0	586	586	344	0	0	0	18446744073709551615	18446744073709551615
9223372036854775806	51	63	32876	18798	0	586	587	347	292	268	77	41742007892017841	15005778287697291
2305843009213693950	51	63	32876	18798	0	586	587	347	77	71	8	41742007892017841	15005778287697291
144115188075855870	51	63	32876	18798	0	586	587	347	3	3	0	41742007892017841	15005778287697291
6148914691236495	51	63	32876	18798	0	586	587	347	0	0	0	18446744073709551615	18446744073709551615
9223372036854775806	52	53	13804	28986	0	574	592	339	300	313	100	2790875122670278	26017863593228402
2305843009213693950	52	53	13804	28986	0	574	592	339	63	67	4	2790875122670278	26017863593228402
144115188075855870	52	53	13804	28986	0	574	592	339	3	5	0	2790875122670278	26017863593228402
6148914691236495	52	53	13804	28986	0	574	592	339	1	0	0	2790875122670278	18446744073709551615
9223372036854775806	52	54	13804	20288	0	574	577	329	300	279	82	2790875122670278	6993834807301157
2305843009213693950	52	54	13804	20288	0	574	577	329	63	77	6	2790875122670278	6993834807301157
144115188075855870	52	54	13804	20288	0	574	577	329	3	2	0	2790875122670278	6993834807301157
6148914691236495	52	54	13804	20288	0	574	577	329	1	0	0	2790875122670278	18446744073709551615
9223372036854775806	52	55	13804	41436	0	574	582	334	300	287	82	2790875122670278	25612715942692053
2305843009213693950	52	55	13804	41436	0	574	582	334	63	79	8	2790875122670278	25612715942692053
144115188075855870	52	55	13804	41436	0	574	582	334	3	3	0	2790875122670278	25612715942692053
6148914691236495	52	55	13804	41436	0	574	582	334	1	0	0	2790875122670278	18446744073709551615
9223372036854775806	52	56	13804	41867	0	574	603	342	300	288	88	2790875122670278	8795885601060178
2305843009213693950	52	56	13804	41867	0	574	603	342	63	69	6	2790875122670278	8795885601060178
144115188075855870	52	56	13804	41867	0	574	603	342	3	8	0	2790875122670278	8795885601060178
6148914691236495	52	56	13804	41867	0	574	603	342	1	0	0	2790875122670278	18446744073709551615
9223372036854775806	52	57	13804	55273	0	574	375	210	300	182	50	2790875122670278	57484945731452901
2305843009213693950	52	57	13804	55273	0	574	375	210	63	51	3	2790875122670278	57484945731452901
144115188075855870	52	57	13804	55273	0	574	375	210	3	3	0	2790875122670278	57484945731452901
6148914691236495	52	57	13804	55273	0	574	375	210	1	0	0	2790875122670278	18446744073709551615
9223372036854775806	52	58	13804	48095	0	574	592	344	300	279	91	2790875122670278	5858463627943568
2305843009213693950	52	58	13804	48095	0	574	592	344	63	78	3	2790875122670278	5858463627943568
144115188075855870	52	58	13804	48095	0	574	592	344	3	5	0	2790875122670278	5858463627943568
6148914691236495	52	58	13804	48095	0	574	592	344	1	0	0	2790875122670278	18446744073709551615
9223372036854775806	52	59	13804	55964	0	574	246	139	300	121	37	2790875122670278	4794458762861514
2305843009213693950	52	59	13804	55964	0	574	246	139	63	34	2	2790875122670278	4794458762861514
144115188075855870	52	59	13804	55964	0	574	246	139	3	6	0	2790875122670278	4794458762861514
6148914691236495	52	59	13804	55964	0	574	246	139	1	0	0	2790875122670278	18446744073709551615
9223372036854775806	52	60	13804	33080	0	574	605	348	300	288	83	2790875122670278	21234551346284532
2305843009213693950	52	60	13804	33080	0	574	605	348	63	67	0	2790875122670278	21234551346284532
144115188075855870	52	60	13804	33080	0	574	605	348	3	6	0	2790875122670278	21234551346284532
6148914691236495	52	60	13804	33080	0	574	605	348	1	0	0	2790875122670278	18446744073709551615
9223372036854775806	52	61	13804	19280	0	574	590	335	300	318	97	2790875122670278	43101032433561777
2305843009213693950	52	61	13804	19280	0	574	590	335	63	71	6	2790875122670278	43101032433561777
144115188075855870	52	61	13804	19280	0	574	590	335	3	3	0	2790875122670278	43101032433561777
6148914691236495	52	61	13804	19280	0	574	590	335	1	0	0	2790875122670278	18446744073709551615
9223372036854775806	52	62	13804	8703	0	574	586	336	300	295	82	2790875122670278	21265985390459575
2305843009213693950	52	62	13804	8703	0	574	586	336	63	74	5	2790875122670278	21265985390459575
144115188075855870	52	62	13804	8703	0	574	586	336	3	5	0	2790875122670278	21265985390459575
6148914691236495	52	62	13804	8703	0	574	586	336	1	0	0	2790875122670278	18446744073709551615
9223372036854775806	52	63	13804	18798	0	574	587	342	300	268	74	2790875122670278	15005778287697291
2305843009213693950	52	63	13804	18798	0	574	587	342	63	71	5	2790875122670278	15005778287697291
144115188075855870	52	63	13804	18798	0	574	587	342	3	3	0	2790875122670278	15005778287697291
6148914691236495	52	63	13804	18798	0	574	587	342	1	0	0	2790875122670278	18446744073709551615
9223372036854775806	53	54	28986	20288	0	592	577	330	313	279	76	26017863593228402	6993834807301157
2305843009213693950	53	54	28986	20288	0	592	577	330	67	77	5	26017863593228402	6993834807301157
144115188075855870	53	54	28986	20288	0	592	577	330	5	2	0	26017863593228402	6993834807301157
6148914691236495	53	54	28986	20288	0	592	577	330	0	0	0	18446744073709551615	18446744073709551615
9223372036854775806	53	55	28986	41436	0	592	582	353	313	287	101	26017863593228402	25612715942692053
2305843009213693950	53	55	28986	41436	0	592	582	353	67	79	7	26017863593228402	25612715942692053
144115188075855870	53	55	28986	41436	0	592	582	353	5	3	0	26017863593228402	25612715942692053
6148914691236495	53	55	28986	41436	0	592	582	353	0	0	0	18446744073709551615	18446744073709551615
9223372036854775806	53	56	28986	41867	0	592	603	350	313	288	87	26017863593228402	8795885601060178
2305843009213693950	53	56	28986	41867	0	592	603	350	67	69	3	26017863593228402	8795885601060178
144115188075855870	53	56	28986	41867	0	592	603	350	5	8	0	26017863593228402	8795885601060178
6148914691236495	53	56	28986	41867	0	592	603	350	0	0	0	18446744073709551615	18446744073709551615
9223372036854775806	53	57	28986	55273	0	592	375	226	313	182	64	26017863593228402	57484945731452901
2305843009213693950	53	57	28986	55273	0	592	375	226	67	51	2	26017863593228402	57484945731452901
144115188075855870	53	57	28986	55273	0	592	375	226	5	3	0	26017863593228402	57484945731452901
6148914691236495	53	57	28986	55273	0	592	375	226	0	0	0	18446744073709551615	18446744073709551615
9223372036854775806	53	58	28986	48095	0	592	592	340	313	279	84	26017863593228402	5858463627943568
2305843009213693950	53	58	28986	48095	0	592	592	340	67	78	4	26017863593228402	5858463627943568
144115188075855870	53	58	28986	48095	0	592	592	340	5	5	0	26017863593228402	5858463627943568
6148914691236495	53	58	28986	48095	0	592	592	340	0	0	0	18446744073709551615	18446744073709551615
9223372036854775806	53	59	28986	55964	0	592	246	139	313	121	41	26017863593228402	4794458762861514
2305843009213693950	53	59	28986	55964	0	592	246	139	67	34	1	26017863593228402	4794458762861514
144115188075855870	53	59	28986	55964	0	592	246	139	5	6	0	26017863593228402	4794458762861514
6148914691236495	53	59	28986	55964	0	592	246	139	0	0	0	18446744073709551615	18446744073709551615
9223372036854775806	53	60	28986	33080	0	592	605	352	313	288	90	26017863593228402	21234551346284532
2305843009213693950	53	60	28986	33080	0	592	605	352	67	67	3	26017863593228402	21234551346284532
144115188075855870	53	60	28986	33080	0	592	605	352	5	6	0	26017863593228402	21234551346284532
6148914691236495	53	60	28986	33080	0	592	605	352	0	0	0	18446744073709551615	18446744073709551615
9223372036854775806	53	61	28986	19280	0	592	590	338	313	318	88	26017863593228402	43101032433561777
2305843009213693950	53	61	28986	19280	0	592	590	338	67	71	8	26017863593228402	43101032433561777
144115188075855870	53	61	28986	19280	0	592	590	338	5	3	0	26017863593228402	43101032433561777
6148914691236495	53	61	28986	19280	0	592	590	338	0	0	0	18446744073709551615	18446744073709551615
9223372036854775806	53	62	28986	8703	0	592	586	357	313	295	102	26017863593228402	21265985390459575
2305843009213693950	53	62	28986	8703	0	592	586	357	67	74	6	26017863593228402	21265985390459575
144115188075855870	53	62	28986	8703	0	592	586	357	5	5	0	26017863593228402	21265985390459575
6148914691236495	53	62	28986	8703	0	592	586	357	0	0	0	18446744073709551615	18446744073709551615
9223372036854775806	53	63	28986	18798	0	592	587	353	313	268	86	26017863593228402	15005778287697291
2305843009213693950	53	63	28986	18798	0	592	587	353	67	71	4	26017863593228402	15005778287697291
144115188075855870	53	63	28986	18798	0	592	587	353	5	3	0	26017863593228402	15005778287697291
6148914691236495	53	63	28986	18798	0	592	587	353	0	0	0	18446744073709551615	18446744073709551615
9223372036854775806	54	55	20288	41436	0	577	582	342	279	287	95	6993834807301157	25612715942692053
2305843009213693950	54	55	20288	41436	0	577	582	342	77	79	6	6993834807301157	25612715942692053
144115188075855870	54	55	20288	41436	0	577	582	342	2	3	0	6993834807301157	25612715942692053
6148914691236495	54	55	20288	41436	0	577	582	342	0	0	0	18446744073709551615	18446744073709551615
9223372036854775806	54	56	20288	41867	0	577	603	346	279	288	88	6993834807301157	8795885601060178
2305843009213693950	54	56	20288	41867	0	577	603	346	77	69	5	6993834807301157	8795885601060178
144115188075855870	54	56	20288	41867	0	577	603	346	2	8	0	6993834807301157	8795885601060178
6148914691236495	54	56	20288	41867	0	577	603	346	0	0	0	18446744073709551615	18446744073709551615
9223372036854775806	54	57	20288	55273	0	577	375	209	279	182	49	6993834807301157	57484945731452901
2305843009213693950	54	57	20288	55273	0	577	375	209	77	51	4	6993834807301157	57484945731452901
144115188075855870	54	57	20288	55273	0	577	375	209	2	3	0	6993834807301157	57484945731452901
6148914691236495	54	57	20288	55273	0	577	375	209	0	0	0	18446744073709551615	18446744073709551615
9223372036854775806	54	58	20288	48095	0	577	592	344	279	279	75	6993834807301157	5858463627943568
2305843009213693950	54	58	20288	48095	0	577	592	344	77	78	3	6993834807301157	5858463627943568
144115188075855870	54	58	20288	48095	0	577	592	344	2	5	0	6993834807301157	5858463627943568
6148914691236495	54	58	20288	48095	0	577	592	344	0	0	0	18446744073709551615	18446744073709551615
9223372036854775806	54	59	20288	55964	0	577	246	139	279	121	29	6993834807301157	4794458762861514
2305843009213693950	54	59	20288	55964	0	577	246	139	77	34	1	6993834807301157	4794458762861514
144115188075855870	54	59	20288	55964	0	577	246	139	2	6	0	6993834807301157	4794458762861514
6148914691236495	54	59	20288	55964	0	577	246	139	0	0	0	18446744073709551615	18446744073709551615
9223372036854775806	54	60	20288	33080	0	577	605	349	279	288	75	6993834807301157	21234551346284532
2305843009213693950	54	60	20288	33080	0	577	605	349	77	67	3	6993834807301157	21234551346284532
144115188075855870	54	60	20288	33080	0	577	605	349	2	6	0	6993834807301157	21234551346284532
6148914691236495	54	60	20288	33080	0	577	605	349	0	0	0	18446744073709551615	18446744073709551615
9223372036854775806	54	61	20288	19280	0	577	590	343	279	318	89	6993834807301157	43101032433561777
2305843009213693950	54	61	20288	19280	0	577	590	343	77	71	2	6993834807301157	43101032433561777
144115188075855870	54	61	20288	19280	0	577	590	343	2	3	0	6993834807301157	43101032433561777
6148914691236495	54	61	20288	19280	0	577	590	343	0	0	0	18446744073709551615	18446744073709551615
9223372036854775806	54	62	20288	8703	0	577	586	350	279	295	88	6993834807301157	21265985390459575
2305843009213693950	54	62	20288	8703	0	577	586	350	77	74	5	6993834807301157	21265985390459575
144115188075855870	54	62	20288	8703	0	577	586	350	2	5	0	6993834807301157	21265985390459575
6148914691236495	54	62	20288	8703	0	577	586	350	0	0	0	18446744073709551615	18446744073709551615
9223372036854775806	54	63	20288	18798	0	577	587	330	279	268	71	6993834807301157	15005778287697291
2305843009213693950	54	63	20288	18798	0	577	587	330	77	71	6	6993834807301157	15005778287697291
144115188075855870	54	63	20288	18798	0	577	587	330	2	3	0	6993834807301157	15005778287697291
6148914691236495	54	63	20288	18798	0	577	587	330	0	0	0	18446744073709551615	18446744073709551615
9223372036854775806	55	56	41436	41867	0	582	603	355	287	288	82	25612715942692053	8795885601060178
2305843009213693950	55	56	41436	41867	0	582	603	355	79	69	6	25612715942692053	8795885601060178
144115188075855870	55	56	41436	41867	0	582	603	355	3	8	0	25612715942692053	8795885601060178
6148914691236495	55	56	41436	41867	0	582	603	355	0	0	0	18446744073709551615	18446744073709551615
9223372036854775806	55	57	41436	55273	0	582	375	203	287	182	55	25612715942692053	57484945731452901
2305843009213693950	55	57	41436	55273	0	582	375	203	79	51	0	25612715942692053	57484945731452901
144115188075855870	55	57	41436	55273	0	582	375	203	3	3	0	25612715942692053	57484945731452901
6148914691236495	55	57	41436	55273	0	582	375	203	0	0	0	18446744073709551615	18446744073709551615
9223372036854775806	55	58	41436	48095	0	582	592	337	287	279	77	25612715942692053	5858463627943568
2305843009213693950	55	58	41436	48095	0	582	592	337	79	78	5	25612715942692053	5858463627943568
144115188075855870	55	58	41436	48095	0	582	592	337	3	5	0	25612715942692053	5858463627943568
6148914691236495	55	58	41436	48095	0	582	592	337	0	0	0	18446744073709551615	18446744073709551615
9223372036854775806	55	59	41436	55964	0	582	246	142	287	121	41	25612715942692053	4794458762861514
2305843009213693950	55	59	41436	55964	0	582	246	142	79	34	5	25612715942692053	4794458762861514
144115188075855870	55	59	41436	55964	0	582	246	142	3	6	0	25612715942692053	4794458762861514
6148914691236495	55	59	41436	55964	0	582	246	142	0	0	0	18446744073709551615	18446744073709551615
9223372036854775806	55	60	41436	33080	0	582	605	357	287	288	71	25612715942692053	21234551346284532
2305843009213693950	55	60	41436	33080	0	582	605	357	79	67	2	25612715942692053	21234551346284532
144115188075855870	55	60	41436	33080	0	582	605	357	3	6	0	25612715942692053	21234551346284532
6148914691236495	55	60	41436	33080	0	582	605	357	0	0	0	18446744073709551615	18446744073709551615
9223372036854775806	55	61	41436	19280	0	582	590	346	287	318	99	25612715942692053	43101032433561777
2305843009213693950	55	61	41436	19280	0	582	590	346	79	71	4	25612715942692053	43101032433561777
144115188075855870	55	61	41436	19280	0	582	590	346	3	3	0	25612715942692053	43101032433561777
6148914691236495	55	61	41436	19280	0	582	590	346	0	0	0	18446744073709551615	18446744073709551615
9223372036854775806	55	62	41436	8703	0	582	586	342	287	295	73	25612715942692053	21265985390459575
2305843009213693950	55	62	41436	8703	0	582	586	342	79	74	3	25612715942692053	21265985390459575
144115188075855870	55	62	41436	8703	0	582	586	342	3	5	0	25612715942692053	21265985390459575
6148914691236495	55	62	41436	8703	0	582	586	342	0	0	0	18446744073709551615	18446744073709551615
9223372036854775806	55	63	41436	18798	0	582	587	337	287	268	78	25612715942692053	15005778287697291
2305843009213693950	55	63	41436	18798	0	582	587	337	79	71	4	25612715942692053	15005778287697291
144115188075855870	55	63	41436	18798	0	582	587	337	3	3	0	25612715942692053	15005778287697291
6148914691236495	55	63	41436	18798	0	582	587	337	0	0	0	18446744073709551615	18446744073709551615
9223372036854775806	56	57	41867	55273	0	603	375	211	288	182	54	8795885601060178	57484945731452901
2305843009213693950	56	57	41867	55273	0	603	375	211	69	51	4	8795885601060178	57484945731452901
144115188075855870	56	57	41867	55273	0	603	375	211	8	3	0	8795885601060178	57484945731452901
6148914691236495	56	57	41867	55273	0	603	375	211	0	0	0	18446744073709551615	18446744073709551615
9223372036854775806	56	58	41867	48095	0	603	592	352	288	279	82	8795885601060178	5858463627943568
2305843009213693950	56	58	41867	48095	0	603	592	352	69	78	6	8795885601060178	5858463627943568
144115188075855870	56	58	41867	48095	0	603	592	352	8	5	0	8795885601060178	5858463627943568
6148914691236495	56	58	41867	48095	0	603	592	352	0	0	0	18446744073709551615	18446744073709551615
9223372036854775806	56	59	41867	55964	0	603	246	147	288	121	35	8795885601060178	4794458762861514
2305843009213693950	56	59	41867	55964	0	603	246	147	69	34	4	8795885601060178	4794458762861514
144115188075855870	56	59	41867	55964	0	603	246	147	8	6	0	8795885601060178	4794458762861514
6148914691236495	56	59	41867	55964	0	603	246	147	0	0	0	18446744073709551615	18446744073709551615
9223372036854775806	56	60	41867	33080	0	603	605	353	288	288	85	8795885601060178	21234551346284532
2305843009213693950	56	60	41867	33080	0	603	605	353	69	67	1	8795885601060178	21234551346284532
144115188075855870	56	60	41867	33080	0	603	605	353	8	6	0	8795885601060178	21234551346284532
6148914691236495	56	60	41867	33080	0	603	605	353	0	0	0	18446744073709551615	18446744073709551615
9223372036854775806	56	61	41867	19280	0	603	590	365	288	318	105	8795885601060178	43101032433561777
2305843009213693950	56	61	41867	19280	0	603	590	365	69	71	8	8795885601060178	43101032433561777
144115188075855870	56	61	41867	19280	0	603	590	365	8	3	0	8795885601060178	43101032433561777
6148914691236495	56	61	41867	19280	0	603	590	365	0	0	0	18446744073709551615	18446744073709551615
9223372036854775806	56	62	41867	8703	0	603	586	340	288	295	81	8795885601060178	21265985390459575
2305843009213693950	56	62	41867	8703	0	603	586	340	69	74	2	8795885601060178	21265985390459575
144115188075855870	56	62	41867	8703	0	603	586	340	8	5	0	8795885601060178	21265985390459575
6148914691236495	56	62	41867	8703	0	603	586	340	0	0	0	18446744073709551615	18446744073709551615
9223372036854775806	56	63	41867	18798	0	603	587	354	288	268	69	8795885601060178	15005778287697291
2305843009213693950	56	63	41867	18798	0	603	587	354	69	71	5	8795885601060178	15005778287697291
144115188075855870	56	63	41867	18798	0	603	587	354	8	3	0	8795885601060178	15005778287697291
6148914691236495	56	63	41867	18798	0	603	587	354	0	0	0	18446744073709551615	18446744073709551615
9223372036854775806	57	58	55273	48095	0	375	592	210	182	279	55	57484945731452901	5858463627943568
2305843009213693950	57	58	55273	48095	0	375	592	210	51	78	3	57484945731452901	5858463627943568
144115188075855870	57	58	55273	48095	0	375	592	210	3	5	0	57484945731452901	5858463627943568
6148914691236495	57	58	55273	48095	0	375	592	210	0	0	0	18446744073709551615	18446744073709551615
9223372036854775806	57	59	55273	55964	0	375	246	146	182	121	34	57484945731452901	4794458762861514
2305843009213693950	57	59	55273	55964	0	375	246	146	51	34	1	57484945731452901	4794458762861514
144115188075855870	57	59	55273	55964	0	375	246	146	3	6	0	57484945731452901	4794458762861514
6148914691236495	57	59	55273	55964	0	375	246	146	0	0	0	18446744073709551615	18446744073709551615
9223372036854775806	57	60	55273	33080	0	375	605	232	182	288	42	57484945731452901	21234551346284532
2305843009213693950	57	60	55273	33080	0	375	605	232	51	67	0	57484945731452901	21234551346284532
144115188075855870	57	60	55273	33080	0	375	605	232	3	6	0	57484945731452901	21234551346284532
6148914691236495	57	60	55273	33080	0	375	605	232	0	0	0	18446744073709551615	18446744073709551615
9223372036854775806	57	61	55273	19280	0	375	590	218	182	318	48	57484945731452901	43101032433561777
2305843009213693950	57	61	55273	19280	0	375	590	218	51	71	3	57484945731452901	43101032433561777
144115188075855870	57	61	55273	19280	0	375	590	218	3	3	0	57484945731452901	43101032433561777
6148914691236495	57	61	55273	19280	0	375	590	218	0	0	0	18446744073709551615	18446744073709551615
9223372036854775806	57	62	55273	8703	0	375	586	222	182	295	55	57484945731452901	21265985390459575
2305843009213693950	57	62	55273	8703	0	375	586	222	51	74	5	57484945731452901	21265985390459575
144115188075855870	57	62	55273	8703	0	375	586	222	3	5	0	57484945731452901	21265985390459575
6148914691236495	57	62	55273	8703	0	375	586	222	0	0	0	18446744073709551615	18446744073709551615
9223372036854775806	57	63	55273	18798	0	375	587	223	182	268	47	57484945731452901	15005778287697291
2305843009213693950	57	63	55273	18798	0	375	587	223	51	71	5	57484945731452901	15005778287697291
144115188075855870	57	63	55273	18798	0	375	587	223	3	3	0	57484945731452901	15005778287697291
6148914691236495	57	63	55273	18798	0	375	587	223	0	0	0	18446744073709551615	18446744073709551615
9223372036854775806	58	59	48095	55964	0	592	246	139	279	121	32	5858463627943568	4794458762861514
2305843009213693950	58	59	48095	55964	0	592	246	139	78	34	4	5858463627943568	4794458762861514
144115188075855870	58	59	48095	55964	0	592	246	139	5	6	0	5858463627943568	4794458762861514
6148914691236495	58	59	48095	55964	0	592	246	139	0	0	0	18446744073709551615	18446744073709551615
9223372036854775806	58	60	48095	33080	0	592	605	376	279	288	96	5858463627943568	21234551346284532
2305843009213693950	58	60	48095	33080	0	592	605	376	78	67	6	5858463627943568	21234551346284532
144115188075855870	58	60	48095	33080	0	592	605	376	5	6	0	5858463627943568	21234551346284532
6148914691236495	58	60	48095	33080	0	592	605	376	0	0	0	18446744073709551615	18446744073709551615
9223372036854775806	58	61	48095	19280	0	592	590	360	279	318	96	5858463627943568	43101032433561777
2305843009213693950	58	61	48095	19280	0	592	590	360	78	71	3	5858463627943568	43101032433561777
144115188075855870	58	61	48095	19280	0	592	590	360	5	3	0	5858463627943568	43101032433561777
6148914691236495	58	61	48095	19280	0	592	590	360	0	0	0	18446744073709551615	18446744073709551615
9223372036854775806	58	62	48095	8703	0	592	586	347	279	295	90	5858463627943568	21265985390459575
2305843009213693950	58	62	48095	8703	0	592	586	347	78	74	10	5858463627943568	21265985390459575
144115188075855870	58	62	48095	8703	0	592	586	347	5	5	0	5858463627943568	21265985390459575
6148914691236495	58	62	48095	8703	0	592	586	347	0	0	0	18446744073709551615	18446744073709551615
9223372036854775806	58	63	48095	18798	0	592	587	335	279	268	77	5858463627943568	15005778287697291
2305843009213693950	58	63	48095	18798	0	592	587	335	78	71	6	5858463627943568	15005778287697291
144115188075855870	58	63	48095	18798	0	592	587	335	5	3	0	5858463627943568	15005778287697291
6148914691236495	58	63	48095	18798	0	592	587	335	0	0	0	18446744073709551615	18446744073709551615
9223372036854775806	59	60	55964	33080	0	246	605	149	121	288	27	4794458762861514	21234551346284532
2305843009213693950	59	60	55964	33080	0	246	605	149	34	67	2	4794458762861514	21234551346284532
144115188075855870	59	60	55964	33080	0	246	605	149	6	6	0	4794458762861514	21234551346284532
6148914691236495	59	60	55964	33080	0	246	605	149	0	0	0	18446744073709551615	18446744073709551615
9223372036854775806	59	61	55964	19280	0	246	590	139	121	318	39	4794458762861514	43101032433561777
2305843009213693950	59	61	55964	19280	0	246	590	139	34	71	3	4794458762861514	43101032433561777
144115188075855870	59	61	55964	19280	0	246	590	139	6	3	0	4794458762861514	43101032433561777
6148914691236495	59	61	55964	19280	0	246	590	139	0	0	0	18446744073709551615	18446744073709551615
9223372036854775806	59	62	55964	8703	0	246	586	137	121	295	27	4794458762861514	21265985390459575
2305843009213693950	59	62	55964	8703	0	246	586	137	34	74	2	4794458762861514	21265985390459575
144115188075855870	59	62	55964	8703	0	246	586	137	6	5	0	4794458762861514	21265985390459575
6148914691236495	59	62	55964	8703	0	246	586	137	0	0	0	18446744073709551615	18446744073709551615
9223372036854775806	59	63	55964	18798	0	246	587	137	121	268	30	4794458762861514	15005778287697291
2305843009213693950	59	63	55964	18798	0	246	587	137	34	71	3	4794458762861514	15005778287697291
144115188075855870	59	63	55964	18798	0	246	587	137	6	3	0	4794458762861514	15005778287697291
6148914691236495	59	63	55964	18798	0	246	587	137	0	0	0	18446744073709551615	18446744073709551615
9223372036854775806	60	61	33080	19280	0	605	590	373	288	318	99	21234551346284532	43101032433561777
2305843009213693950	60	61	33080	19280	0	605	590	373	67	71	4	21234551346284532	43101032433561777
144115188075855870	60	61	33080	19280	0	605	590	373	6	3	0	21234551346284532	43101032433561777
6148914691236495	60	61	33080	19280	0	605	590	373	0	0	0	18446744073709551615	18446744073709551615
9223372036854775806	60	62	33080	8703	0	605	586	357	288	295	93	21234551346284532	21265985390459575
2305843009213693950	60	62	33080	8703	0	605	586	357	67	74	4	21234551346284532	21265985390459575
144115188075855870	60	62	33080	8703	0	605	586	357	6	5	0	21234551346284532	21265985390459575
6148914691236495	60	62	33080	8703	0	605	586	357	0	0	0	18446744073709551615	18446744073709551615
9223372036854775806	60	63	33080	18798	0	605	587	344	288	268	75	21234551346284532	15005778287697291
2305843009213693950	60	63	33080	18798	0	605	587	344	67	71	5	21234551346284532	15005778287697291
144115188075855870	60	63	33080	18798	0	605	587	344	6	3	0	21234551346284532	15005778287697291
6148914691236495	60	63	33080	18798	0	605	587	344	0	0	0	18446744073709551615	18446744073709551615
9223372036854775806	61	62	19280	8703	0	590	586	329	318	295	87	43101032433561777	21265985390459575
2305843009213693950	61	62	19280	8703	0	590	586	329	71	74	5	43101032433561777	21265985390459575
144115188075855870	61	62	19280	8703	0	590	586	329	3	5	0	43101032433561777	21265985390459575
6148914691236495	61	62	19280	8703	0	590	586	329	0	0	0	18446744073709551615	18446744073709551615
9223372036854775806	61	63	19280	18798	0	590	587	347	318	268	85	43101032433561777	15005778287697291
2305843009213693950	61	63	19280	18798	0	590	587	347	71	71	1	43101032433561777	15005778287697291
144115188075855870	61	63	19280	18798	0	590	587	347	3	3	0	43101032433561777	15005778287697291
6148914691236495	61	63	19280	18798	0	590	587	347	0	0	0	18446744073709551615	18446744073709551615
9223372036854775806	62	63	8703	18798	0	586	587	348	295	268	85	21265985390459575	15005778287697291
2305843009213693950	62	63	8703	18798	0	586	587	348	74	71	5	21265985390459575	15005778287697291
144115188075855870	62	63	8703	18798	0	586	587	348	5	3	0	21265985390459575	15005778287697291
6148914691236495	62	63	8703	18798	0	586	587	348	0	0	0	18446744073709551615	18446744073709551615
