reto	sr	bucket	chunks_leidos	candidatos	distancia_minima
0	0	26859	598	0	18446744073709551615
0	1	26859	598	0	18446744073709551615
0	3	26859	598	0	18446744073709551615
0	4096	26859	598	0	18446744073709551615
0	1048576	26859	598	0	18446744073709551615
0	4294967296	26859	598	0	18446744073709551615
0	6148914691236495	26859	598	0	18446744073709551615
0	144115188075855870	26859	598	6	18441463652418971
0	2305843009213693950	26859	598	79	18441463652418971
0	9223372036854775806	26859	598	308	18441463652418971
0	18446744073709551614	26859	598	598	18441463652418971
0	18446744073709551615	26859	598	598	18441463652418971
1	0	43	590	0	18446744073709551615
1	1	43	590	0	18446744073709551615
1	3	43	590	0	18446744073709551615
1	4096	43	590	0	18446744073709551615
1	1048576	43	590	0	18446744073709551615
1	4294967296	43	590	0	18446744073709551615
1	6148914691236495	43	590	0	18446744073709551615
1	144115188075855870	43	590	2	15154191645266018
1	2305843009213693950	43	590	69	15154191645266018
1	9223372036854775806	43	590	294	15154191645266018
1	18446744073709551614	43	590	590	15154191645266018
1	18446744073709551615	43	590	590	15154191645266018
2	0	5797	574	0	18446744073709551615
2	1	5797	574	0	18446744073709551615
2	3	5797	574	0	18446744073709551615
2	4096	5797	574	0	18446744073709551615
2	1048576	5797	574	0	18446744073709551615
2	4294967296	5797	574	0	18446744073709551615
2	6148914691236495	5797	574	1	2553558605523328
2	144115188075855870	5797	574	2	2553558605523328
2	2305843009213693950	5797	574	69	2553558605523328
2	9223372036854775806	5797	574	285	2553558605523328
2	18446744073709551614	5797	574	574	2553558605523328
2	18446744073709551615	5797	574	574	2553558605523328
3	0	43646	568	0	18446744073709551615
3	1	43646	568	0	18446744073709551615
3	3	43646	568	0	18446744073709551615
3	4096	43646	568	0	18446744073709551615
3	1048576	43646	568	0	18446744073709551615
3	4294967296	43646	568	0	18446744073709551615
3	6148914691236495	43646	568	0	18446744073709551615
3	144115188075855870	43646	568	2	20063131727927022
3	2305843009213693950	43646	568	64	20063131727927022
3	9223372036854775806	43646	568	265	20063131727927022
3	18446744073709551614	43646	568	568	20063131727927022
3	18446744073709551615	43646	568	568	20063131727927022
4	0	63162	0	0	18446744073709551615
4	1	63162	0	0	18446744073709551615
4	3	63162	0	0	18446744073709551615
4	4096	63162	0	0	18446744073709551615
4	1048576	63162	0	0	18446744073709551615
4	4294967296	63162	0	0	18446744073709551615
4	6148914691236495	63162	0	0	18446744073709551615
4	144115188075855870	63162	0	0	18446744073709551615
4	2305843009213693950	63162	0	0	18446744073709551615
4	9223372036854775806	63162	0	0	18446744073709551615
4	18446744073709551614	63162	0	0	18446744073709551615
4	18446744073709551615	63162	0	0	18446744073709551615
5	0	58023	17	0	18446744073709551615
5	1	58023	17	0	18446744073709551615
5	3	58023	17	0	18446744073709551615
5	4096	58023	17	0	18446744073709551615
5	1048576	58023	17	0	18446744073709551615
5	4294967296	58023	17	0	18446744073709551615
5	6148914691236495	58023	17	0	18446744073709551615
5	144115188075855870	58023	17	0	18446744073709551615
5	2305843009213693950	58023	17	1	743817329257839234
5	9223372036854775806	58023	17	5	743817329257839234
5	18446744073709551614	58023	17	17	743817329257839234
5	18446744073709551615	58023	17	17	743817329257839234
6	0	481	601	0	18446744073709551615
6	1	481	601	0	18446744073709551615
6	3	481	601	0	18446744073709551615
6	4096	481	601	0	18446744073709551615
6	1048576	481	601	0	18446744073709551615
6	4294967296	481	601	0	18446744073709551615
6	6148914691236495	481	601	0	18446744073709551615
6	144115188075855870	481	601	6	38549437110187536
6	2305843009213693950	481	601	72	38549437110187536
6	9223372036854775806	481	601	296	38549437110187536
6	18446744073709551614	481	601	601	38549437110187536
6	18446744073709551615	481	601	601	38549437110187536
7	0	51158	612	0	18446744073709551615
7	1	51158	612	0	18446744073709551615
7	3	51158	612	0	18446744073709551615
7	4096	51158	612	0	18446744073709551615
7	1048576	51158	612	0	18446744073709551615
7	4294967296	51158	612	0	18446744073709551615
7	6148914691236495	51158	612	0	18446744073709551615
7	144115188075855870	51158	612	2	6137495212140497
7	2305843009213693950	51158	612	82	6137495212140497
7	9223372036854775806	51158	612	306	6137495212140497
7	18446744073709551614	51158	612	612	6137495212140497
7	18446744073709551615	51158	612	612	6137495212140497
8	0	41603	586	0	18446744073709551615
8	1	41603	586	0	18446744073709551615
8	3	41603	586	0	18446744073709551615
8	4096	41603	586	0	18446744073709551615
8	1048576	41603	586	0	18446744073709551615
8	4294967296	41603	586	0	18446744073709551615
8	6148914691236495	41603	586	0	18446744073709551615
8	144115188075855870	41603	586	5	10761376185897727
8	2305843009213693950	41603	586	58	10761376185897727
8	9223372036854775806	41603	586	287	10761376185897727
8	18446744073709551614	41603	586	586	10761376185897727
8	18446744073709551615	41603	586	586	10761376185897727
9	0	53952	547	0	18446744073709551615
9	1	53952	547	0	18446744073709551615
9	3	53952	547	0	18446744073709551615
9	4096	53952	547	0	18446744073709551615
9	1048576	53952	547	0	18446744073709551615
9	4294967296	53952	547	0	18446744073709551615
9	6148914691236495	53952	547	0	18446744073709551615
9	144115188075855870	53952	547	2	12243229265372149
9	2305843009213693950	53952	547	69	12243229265372149
9	9223372036854775806	53952	547	279	12243229265372149
9	18446744073709551614	53952	547	547	12243229265372149
9	18446744073709551615	53952	547	547	12243229265372149
10	0	48760	618	0	18446744073709551615
10	1	48760	618	0	18446744073709551615
10	3	48760	618	0	18446744073709551615
10	4096	48760	618	0	18446744073709551615
10	1048576	48760	618	0	18446744073709551615
10	4294967296	48760	618	0	18446744073709551615
10	6148914691236495	48760	618	0	18446744073709551615
10	144115188075855870	48760	618	1	47915410823883345
10	2305843009213693950	48760	618	79	47915410823883345
10	9223372036854775806	48760	618	293	47915410823883345
10	18446744073709551614	48760	618	618	47915410823883345
10	18446744073709551615	48760	618	618	47915410823883345
11	0	8052	584	0	18446744073709551615
11	1	8052	584	0	18446744073709551615
11	3	8052	584	0	18446744073709551615
11	4096	8052	584	0	18446744073709551615
11	1048576	8052	584	0	18446744073709551615
11	4294967296	8052	584	0	18446744073709551615
11	6148914691236495	8052	584	0	18446744073709551615
11	144115188075855870	8052	584	4	19041420611092299
11	2305843009213693950	8052	584	71	19041420611092299
11	9223372036854775806	8052	584	298	19041420611092299
11	18446744073709551614	8052	584	584	19041420611092299
11	18446744073709551615	8052	584	584	19041420611092299
12	0	6011	580	0	18446744073709551615
12	1	6011	580	0	18446744073709551615
12	3	6011	580	0	18446744073709551615
12	4096	6011	580	0	18446744073709551615
12	1048576	6011	580	0	18446744073709551615
12	4294967296	6011	580	0	18446744073709551615
12	6148914691236495	6011	580	0	18446744073709551615
12	144115188075855870	6011	580	5	4895819305245111
12	2305843009213693950	6011	580	77	4895819305245111
12	9223372036854775806	6011	580	299	4895819305245111
12	18446744073709551614	6011	580	580	4895819305245111
12	18446744073709551615	6011	580	580	4895819305245111
13	0	8971	620	0	18446744073709551615
13	1	8971	620	0	18446744073709551615
13	3	8971	620	0	18446744073709551615
13	4096	8971	620	0	18446744073709551615
13	1048576	8971	620	0	18446744073709551615
13	4294967296	8971	620	0	18446744073709551615
13	6148914691236495	8971	620	0	18446744073709551615
13	144115188075855870	8971	620	5	13653916654037286
13	2305843009213693950	8971	620	89	13653916654037286
13	9223372036854775806	8971	620	329	13653916654037286
13	18446744073709551614	8971	620	620	13653916654037286
13	18446744073709551615	8971	620	620	13653916654037286
14	0	29741	586	0	18446744073709551615
14	1	29741	586	0	18446744073709551615
14	3	29741	586	0	18446744073709551615
14	4096	29741	586	0	18446744073709551615
14	1048576	29741	586	0	18446744073709551615
14	4294967296	29741	586	0	18446744073709551615
14	6148914691236495	29741	586	0	18446744073709551615
14	144115188075855870	29741	586	7	11922634118000644
14	2305843009213693950	29741	586	73	11922634118000644
14	9223372036854775806	29741	586	295	11922634118000644
14	18446744073709551614	29741	586	586	11922634118000644
14	18446744073709551615	29741	586	586	11922634118000644
15	0	61994	0	0	18446744073709551615
15	1	61994	0	0	18446744073709551615
15	3	61994	0	0	18446744073709551615
15	4096	61994	0	0	18446744073709551615
15	1048576	61994	0	0	18446744073709551615
15	4294967296	61994	0	0	18446744073709551615
15	6148914691236495	61994	0	0	18446744073709551615
15	144115188075855870	61994	0	0	18446744073709551615
15	2305843009213693950	61994	0	0	18446744073709551615
15	9223372036854775806	61994	0	0	18446744073709551615
15	18446744073709551614	61994	0	0	18446744073709551615
15	18446744073709551615	61994	0	0	18446744073709551615
16	0	65179	0	0	18446744073709551615
16	1	65179	0	0	18446744073709551615
16	3	65179	0	0	18446744073709551615
16	4096	65179	0	0	18446744073709551615
16	1048576	65179	0	0	18446744073709551615
16	4294967296	65179	0	0	18446744073709551615
16	6148914691236495	65179	0	0	18446744073709551615
16	144115188075855870	65179	0	0	18446744073709551615
16	2305843009213693950	65179	0	0	18446744073709551615
16	9223372036854775806	65179	0	0	18446744073709551615
16	18446744073709551614	65179	0	0	18446744073709551615
16	18446744073709551615	65179	0	0	18446744073709551615
17	0	39561	591	0	18446744073709551615
17	1	39561	591	0	18446744073709551615
17	3	39561	591	0	18446744073709551615
17	4096	39561	591	0	18446744073709551615
17	1048576	39561	591	0	18446744073709551615
17	4294967296	39561	591	0	18446744073709551615
17	6148914691236495	39561	591	0	18446744073709551615
17	144115188075855870	39561	591	1	16693452655042096
17	2305843009213693950	39561	591	79	16693452655042096
17	9223372036854775806	39561	591	297	16693452655042096
17	18446744073709551614	39561	591	591	16693452655042096
17	18446744073709551615	39561	591	591	16693452655042096
18	0	40991	581	0	18446744073709551615
18	1	40991	581	0	18446744073709551615
18	3	40991	581	0	18446744073709551615
18	4096	40991	581	0	18446744073709551615
18	1048576	40991	581	0	18446744073709551615
18	4294967296	40991	581	0	18446744073709551615
18	6148914691236495	40991	581	0	18446744073709551615
18	144115188075855870	40991	581	6	4378728128714937
18	2305843009213693950	40991	581	61	4378728128714937
18	9223372036854775806	40991	581	281	4378728128714937
18	18446744073709551614	40991	581	581	4378728128714937
18	18446744073709551615	40991	581	581	4378728128714937
19	0	46852	596	0	18446744073709551615
19	1	46852	596	0	18446744073709551615
19	3	46852	596	0	18446744073709551615
19	4096	46852	596	0	18446744073709551615
19	1048576	46852	596	0	18446744073709551615
19	4294967296	46852	596	0	18446744073709551615
19	6148914691236495	46852	596	1	1705756778285761
19	144115188075855870	46852	596	5	1705756778285761
19	2305843009213693950	46852	596	77	1705756778285761
19	9223372036854775806	46852	596	272	1705756778285761
19	18446744073709551614	46852	596	596	1705756778285761
19	18446744073709551615	46852	596	596	1705756778285761
20	0	6863	619	0	18446744073709551615
20	1	6863	619	0	18446744073709551615
20	3	6863	619	0	18446744073709551615
20	4096	6863	619	0	18446744073709551615
20	1048576	6863	619	0	18446744073709551615
20	4294967296	6863	619	0	18446744073709551615
20	6148914691236495	6863	619	0	18446744073709551615
20	144115188075855870	6863	619	2	17292185457148032
20	2305843009213693950	6863	619	81	17292185457148032
20	9223372036854775806	6863	619	322	17292185457148032
20	18446744073709551614	6863	619	619	17292185457148032
20	18446744073709551615	6863	619	619	17292185457148032
21	0	18917	590	0	18446744073709551615
21	1	18917	590	0	18446744073709551615
21	3	18917	590	0	18446744073709551615
21	4096	18917	590	0	18446744073709551615
21	1048576	18917	590	0	18446744073709551615
21	4294967296	18917	590	0	18446744073709551615
21	6148914691236495	18917	590	0	18446744073709551615
21	144115188075855870	18917	590	5	13061327029430687
21	2305843009213693950	18917	590	66	13061327029430687
21	9223372036854775806	18917	590	296	13061327029430687
21	18446744073709551614	18917	590	590	13061327029430687
21	18446744073709551615	18917	590	590	13061327029430687
22	0	44560	621	0	18446744073709551615
22	1	44560	621	0	18446744073709551615
22	3	44560	621	0	18446744073709551615
22	4096	44560	621	0	18446744073709551615
22	1048576	44560	621	0	18446744073709551615
22	4294967296	44560	621	0	18446744073709551615
22	6148914691236495	44560	621	0	18446744073709551615
22	144115188075855870	44560	621	6	5883336446271408
22	2305843009213693950	44560	621	83	5883336446271408
22	9223372036854775806	44560	621	292	5883336446271408
22	18446744073709551614	44560	621	621	5883336446271408
22	18446744073709551615	44560	621	621	5883336446271408
23	0	36290	559	0	18446744073709551615
23	1	36290	559	0	18446744073709551615
23	3	36290	559	0	18446744073709551615
23	4096	36290	559	0	18446744073709551615
23	1048576	36290	559	0	18446744073709551615
23	4294967296	36290	559	0	18446744073709551615
23	6148914691236495	36290	559	0	18446744073709551615
23	144115188075855870	36290	559	7	30102744842481255
23	2305843009213693950	36290	559	73	30102744842481255
23	9223372036854775806	36290	559	285	30102744842481255
23	18446744073709551614	36290	559	559	30102744842481255
23	18446744073709551615	36290	559	559	30102744842481255
24	0	24867	580	0	18446744073709551615
24	1	24867	580	0	18446744073709551615
24	3	24867	580	0	18446744073709551615
24	4096	24867	580	0	18446744073709551615
24	1048576	24867	580	0	18446744073709551615
24	4294967296	24867	580	0	18446744073709551615
24	6148914691236495	24867	580	0	18446744073709551615
24	144115188075855870	24867	580	3	27029469813257164
24	2305843009213693950	24867	580	77	27029469813257164
24	9223372036854775806	24867	580	280	27029469813257164
24	18446744073709551614	24867	580	580	27029469813257164
24	18446744073709551615	24867	580	580	27029469813257164
25	0	10092	594	0	18446744073709551615
25	1	10092	594	0	18446744073709551615
25	3	10092	594	0	18446744073709551615
25	4096	10092	594	0	18446744073709551615
25	1048576	10092	594	0	18446744073709551615
25	4294967296	10092	594	0	18446744073709551615
25	6148914691236495	10092	594	0	18446744073709551615
25	144115188075855870	10092	594	4	7354267654878491
25	2305843009213693950	10092	594	90	7354267654878491
25	9223372036854775806	10092	594	296	7354267654878491
25	18446744073709551614	10092	594	594	7354267654878491
25	18446744073709551615	10092	594	594	7354267654878491
26	0	35222	601	0	18446744073709551615
26	1	35222	601	0	18446744073709551615
26	3	35222	601	0	18446744073709551615
26	4096	35222	601	0	18446744073709551615
26	1048576	35222	601	0	18446744073709551615
26	4294967296	35222	601	0	18446744073709551615
26	6148914691236495	35222	601	0	18446744073709551615
26	144115188075855870	35222	601	7	6767251757431065
26	2305843009213693950	35222	601	91	6767251757431065
26	9223372036854775806	35222	601	325	6767251757431065
26	18446744073709551614	35222	601	601	6767251757431065
26	18446744073709551615	35222	601	601	6767251757431065
27	0	8487	592	0	18446744073709551615
27	1	8487	592	0	18446744073709551615
27	3	8487	592	0	18446744073709551615
27	4096	8487	592	0	18446744073709551615
27	1048576	8487	592	0	18446744073709551615
27	4294967296	8487	592	0	18446744073709551615
27	6148914691236495	8487	592	0	18446744073709551615
27	144115188075855870	8487	592	5	4893775207410366
27	2305843009213693950	8487	592	69	4893775207410366
27	9223372036854775806	8487	592	278	4893775207410366
27	18446744073709551614	8487	592	592	4893775207410366
27	18446744073709551615	8487	592	592	4893775207410366
28	0	12647	597	0	18446744073709551615
28	1	12647	597	0	18446744073709551615
28	3	12647	597	0	18446744073709551615
28	4096	12647	597	0	18446744073709551615
28	1048576	12647	597	0	18446744073709551615
28	4294967296	12647	597	0	18446744073709551615
28	6148914691236495	12647	597	2	1692374620791229
28	144115188075855870	12647	597	10	1692374620791229
28	2305843009213693950	12647	597	82	1692374620791229
28	9223372036854775806	12647	597	297	1692374620791229
28	18446744073709551614	12647	597	597	1692374620791229
28	18446744073709551615	12647	597	597	1692374620791229
29	0	10798	566	0	18446744073709551615
29	1	10798	566	0	18446744073709551615
29	3	10798	566	0	18446744073709551615
29	4096	10798	566	0	18446744073709551615
29	1048576	10798	566	0	18446744073709551615
29	4294967296	10798	566	0	18446744073709551615
29	6148914691236495	10798	566	0	18446744073709551615
29	144115188075855870	10798	566	7	20776250396026951
29	2305843009213693950	10798	566	78	20776250396026951
29	9223372036854775806	10798	566	296	20776250396026951
29	18446744073709551614	10798	566	566	20776250396026951
29	18446744073709551615	10798	566	566	20776250396026951
30	0	25650	597	0	18446744073709551615
30	1	25650	597	0	18446744073709551615
30	3	25650	597	0	18446744073709551615
30	4096	25650	597	0	18446744073709551615
30	1048576	25650	597	0	18446744073709551615
30	4294967296	25650	597	0	18446744073709551615
30	6148914691236495	25650	597	0	18446744073709551615
30	144115188075855870	25650	597	4	3662753934290118
30	2305843009213693950	25650	597	77	3662753934290118
30	9223372036854775806	25650	597	283	3662753934290118
30	18446744073709551614	25650	597	597	3662753934290118
30	18446744073709551615	25650	597	597	3662753934290118
31	0	34514	611	0	18446744073709551615
31	1	34514	611	0	18446744073709551615
31	3	34514	611	0	18446744073709551615
31	4096	34514	611	0	18446744073709551615
31	1048576	34514	611	0	18446744073709551615
31	4294967296	34514	611	0	18446744073709551615
31	6148914691236495	34514	611	0	18446744073709551615
31	144115188075855870	34514	611	4	6941176516761588
31	2305843009213693950	34514	611	58	6941176516761588
31	9223372036854775806	34514	611	287	6941176516761588
31	18446744073709551614	34514	611	611	6941176516761588
31	18446744073709551615	34514	611	611	6941176516761588
32	0	8941	618	0	18446744073709551615
32	1	8941	618	0	18446744073709551615
32	3	8941	618	0	18446744073709551615
32	4096	8941	618	0	18446744073709551615
32	1048576	8941	618	0	18446744073709551615
32	4294967296	8941	618	0	18446744073709551615
32	6148914691236495	8941	618	0	18446744073709551615
32	144115188075855870	8941	618	2	41509711107450482
32	2305843009213693950	8941	618	62	41509711107450482
32	9223372036854775806	8941	618	316	41509711107450482
32	18446744073709551614	8941	618	618	41509711107450482
32	18446744073709551615	8941	618	618	41509711107450482
33	0	18606	587	0	18446744073709551615
33	1	18606	587	0	18446744073709551615
33	3	18606	587	0	18446744073709551615
33	4096	18606	587	0	18446744073709551615
33	1048576	18606	587	0	18446744073709551615
33	4294967296	18606	587	0	18446744073709551615
33	6148914691236495	18606	587	1	853515616737708
33	144115188075855870	18606	587	5	853515616737708
33	2305843009213693950	18606	587	87	853515616737708
33	9223372036854775806	18606	587	275	853515616737708
33	18446744073709551614	18606	587	587	853515616737708
33	18446744073709551615	18606	587	587	853515616737708
34	0	25591	601	0	18446744073709551615
34	1	25591	601	0	18446744073709551615
34	3	25591	601	0	18446744073709551615
34	4096	25591	601	0	18446744073709551615
34	1048576	25591	601	0	18446744073709551615
34	4294967296	25591	601	0	18446744073709551615
34	6148914691236495	25591	601	0	18446744073709551615
34	144115188075855870	25591	601	7	6928079483968818
34	2305843009213693950	25591	601	79	6928079483968818
34	9223372036854775806	25591	601	280	6928079483968818
34	18446744073709551614	25591	601	601	6928079483968818
34	18446744073709551615	25591	601	601	6928079483968818
35	0	46113	590	0	18446744073709551615
35	1	46113	590	0	18446744073709551615
35	3	46113	590	0	18446744073709551615
35	4096	46113	590	0	18446744073709551615
35	1048576	46113	590	0	18446744073709551615
35	4294967296	46113	590	0	18446744073709551615
35	6148914691236495	46113	590	0	18446744073709551615
35	144115188075855870	46113	590	5	7541477037468554
35	2305843009213693950	46113	590	87	7541477037468554
35	9223372036854775806	46113	590	315	7541477037468554
35	18446744073709551614	46113	590	590	7541477037468554
35	18446744073709551615	46113	590	590	7541477037468554
36	0	19622	589	0	18446744073709551615
36	1	19622	589	0	18446744073709551615
36	3	19622	589	0	18446744073709551615
36	4096	19622	589	0	18446744073709551615
36	1048576	19622	589	0	18446744073709551615
36	4294967296	19622	589	0	18446744073709551615
36	6148914691236495	19622	589	0	18446744073709551615
36	144115188075855870	19622	589	7	16578064053768791
36	2305843009213693950	19622	589	66	16578064053768791
36	9223372036854775806	19622	589	288	16578064053768791
36	18446744073709551614	19622	589	589	16578064053768791
36	18446744073709551615	19622	589	589	16578064053768791
37	0	61384	0	0	18446744073709551615
37	1	61384	0	0	18446744073709551615
37	3	61384	0	0	18446744073709551615
37	4096	61384	0	0	18446744073709551615
37	1048576	61384	0	0	18446744073709551615
37	4294967296	61384	0	0	18446744073709551615
37	6148914691236495	61384	0	0	18446744073709551615
37	144115188075855870	61384	0	0	18446744073709551615
37	2305843009213693950	61384	0	0	18446744073709551615
37	9223372036854775806	61384	0	0	18446744073709551615
37	18446744073709551614	61384	0	0	18446744073709551615
37	18446744073709551615	61384	0	0	18446744073709551615
38	0	1850	593	0	18446744073709551615
38	1	1850	593	0	18446744073709551615
38	3	1850	593	0	18446744073709551615
38	4096	1850	593	0	18446744073709551615
38	1048576	1850	593	0	18446744073709551615
38	4294967296	1850	593	0	18446744073709551615
38	6148914691236495	1850	593	1	2925841906355596
38	144115188075855870	1850	593	2	2925841906355596
38	2305843009213693950	1850	593	71	2925841906355596
38	9223372036854775806	1850	593	286	2925841906355596
38	18446744073709551614	1850	593	593	2925841906355596
38	18446744073709551615	1850	593	593	2925841906355596
39	0	49493	597	0	18446744073709551615
39	1	49493	597	0	18446744073709551615
39	3	49493	597	0	18446744073709551615
39	4096	49493	597	0	18446744073709551615
39	1048576	49493	597	0	18446744073709551615
39	4294967296	49493	597	0	18446744073709551615
39	6148914691236495	49493	597	1	2369895518816490
39	144115188075855870	49493	597	3	2369895518816490
39	2305843009213693950	49493	597	76	2369895518816490
39	9223372036854775806	49493	597	308	2369895518816490
39	18446744073709551614	49493	597	597	2369895518816490
39	18446744073709551615	49493	597	597	2369895518816490
40	0	43652	575	0	18446744073709551615
40	1	43652	575	0	18446744073709551615
40	3	43652	575	0	18446744073709551615
40	4096	43652	575	0	18446744073709551615
40	1048576	43652	575	0	18446744073709551615
40	4294967296	43652	575	0	18446744073709551615
40	6148914691236495	43652	575	0	18446744073709551615
40	144115188075855870	43652	575	1	42882982723515030
40	2305843009213693950	43652	575	67	42882982723515030
40	9223372036854775806	43652	575	278	42882982723515030
40	18446744073709551614	43652	575	575	42882982723515030
40	18446744073709551615	43652	575	575	42882982723515030
41	0	65253	0	0	18446744073709551615
41	1	65253	0	0	18446744073709551615
41	3	65253	0	0	18446744073709551615
41	4096	65253	0	0	18446744073709551615
41	1048576	65253	0	0	18446744073709551615
41	4294967296	65253	0	0	18446744073709551615
41	6148914691236495	65253	0	0	18446744073709551615
41	144115188075855870	65253	0	0	18446744073709551615
41	2305843009213693950	65253	0	0	18446744073709551615
41	9223372036854775806	65253	0	0	18446744073709551615
41	18446744073709551614	65253	0	0	18446744073709551615
41	18446744073709551615	65253	0	0	18446744073709551615
42	0	24016	582	0	18446744073709551615
42	1	24016	582	0	18446744073709551615
42	3	24016	582	0	18446744073709551615
42	4096	24016	582	0	18446744073709551615
42	1048576	24016	582	0	18446744073709551615
42	4294967296	24016	582	0	18446744073709551615
42	6148914691236495	24016	582	0	18446744073709551615
42	144115188075855870	24016	582	5	23566389845982477
42	2305843009213693950	24016	582	65	23566389845982477
42	9223372036854775806	24016	582	278	23566389845982477
42	18446744073709551614	24016	582	582	23566389845982477
42	18446744073709551615	24016	582	582	23566389845982477
43	0	39014	577	0	18446744073709551615
43	1	39014	577	0	18446744073709551615
43	3	39014	577	0	18446744073709551615
43	4096	39014	577	0	18446744073709551615
43	1048576	39014	577	0	18446744073709551615
43	4294967296	39014	577	0	18446744073709551615
43	6148914691236495	39014	577	0	18446744073709551615
43	144115188075855870	39014	577	3	9614967626582621
43	2305843009213693950	39014	577	69	9614967626582621
43	9223372036854775806	39014	577	286	9614967626582621
43	18446744073709551614	39014	577	577	9614967626582621
43	18446744073709551615	39014	577	577	9614967626582621
44	0	50585	573	0	18446744073709551615
44	1	50585	573	0	18446744073709551615
44	3	50585	573	0	18446744073709551615
44	4096	50585	573	0	18446744073709551615
44	1048576	50585	573	0	18446744073709551615
44	4294967296	50585	573	0	18446744073709551615
44	6148914691236495	50585	573	1	2197102958816999
44	144115188075855870	50585	573	5	2197102958816999
44	2305843009213693950	50585	573	76	2197102958816999
44	9223372036854775806	50585	573	297	2197102958816999
44	18446744073709551614	50585	573	573	2197102958816999
44	18446744073709551615	50585	573	573	2197102958816999
45	0	543	595	0	18446744073709551615
45	1	543	595	0	18446744073709551615
45	3	543	595	0	18446744073709551615
45	4096	543	595	0	18446744073709551615
45	1048576	543	595	0	18446744073709551615
45	4294967296	543	595	0	18446744073709551615
45	6148914691236495	543	595	0	18446744073709551615
45	144115188075855870	543	595	5	3529678978331514
45	2305843009213693950	543	595	72	3529678978331514
45	9223372036854775806	543	595	277	3529678978331514
45	18446744073709551614	543	595	595	3529678978331514
45	18446744073709551615	543	595	595	3529678978331514
46	0	28348	584	0	18446744073709551615
46	1	28348	584	0	18446744073709551615
46	3	28348	584	0	18446744073709551615
46	4096	28348	584	0	18446744073709551615
46	1048576	28348	584	0	18446744073709551615
46	4294967296	28348	584	0	18446744073709551615
46	6148914691236495	28348	584	0	18446744073709551615
46	144115188075855870	28348	584	7	7659861853809104
46	2305843009213693950	28348	584	83	7659861853809104
46	9223372036854775806	28348	584	308	7659861853809104
46	18446744073709551614	28348	584	584	7659861853809104
46	18446744073709551615	28348	584	584	7659861853809104
47	0	36508	558	0	18446744073709551615
47	1	36508	558	0	18446744073709551615
47	3	36508	558	0	18446744073709551615
47	4096	36508	558	0	18446744073709551615
47	1048576	36508	558	0	18446744073709551615
47	4294967296	36508	558	0	18446744073709551615
47	6148914691236495	36508	558	0	18446744073709551615
47	144115188075855870	36508	558	5	5699832315310769
47	2305843009213693950	36508	558	79	5699832315310769
47	9223372036854775806	36508	558	281	5699832315310769
47	18446744073709551614	36508	558	558	5699832315310769
47	18446744073709551615	36508	558	558	5699832315310769
48	0	10875	578	0	18446744073709551615
48	1	10875	578	0	18446744073709551615
48	3	10875	578	0	18446744073709551615
48	4096	10875	578	0	18446744073709551615
48	1048576	10875	578	0	18446744073709551615
48	4294967296	10875	578	0	18446744073709551615
48	6148914691236495	10875	578	0	18446744073709551615
48	144115188075855870	10875	578	4	25099112878567966
48	2305843009213693950	10875	578	75	25099112878567966
48	9223372036854775806	10875	578	291	25099112878567966
48	18446744073709551614	10875	578	578	25099112878567966
48	18446744073709551615	10875	578	578	25099112878567966
49	0	34534	571	0	18446744073709551615
49	1	34534	571	0	18446744073709551615
49	3	34534	571	0	18446744073709551615
49	4096	34534	571	0	18446744073709551615
49	1048576	34534	571	0	18446744073709551615
49	4294967296	34534	571	0	18446744073709551615
49	6148914691236495	34534	571	1	1691219382961787
49	144115188075855870	34534	571	4	1691219382961787
49	2305843009213693950	34534	571	75	1691219382961787
49	9223372036854775806	34534	571	301	1691219382961787
49	18446744073709551614	34534	571	571	1691219382961787
49	18446744073709551615	34534	571	571	1691219382961787
50	0	26791	623	0	18446744073709551615
50	1	26791	623	0	18446744073709551615
50	3	26791	623	0	18446744073709551615
50	4096	26791	623	0	18446744073709551615
50	1048576	26791	623	0	18446744073709551615
50	4294967296	26791	623	0	18446744073709551615
50	6148914691236495	26791	623	0	18446744073709551615
50	144115188075855870	26791	623	6	15400635981762684
50	2305843009213693950	26791	623	85	15400635981762684
50	9223372036854775806	26791	623	301	15400635981762684
50	18446744073709551614	26791	623	623	15400635981762684
50	18446744073709551615	26791	623	623	15400635981762684
51	0	32876	586	0	18446744073709551615
51	1	32876	586	0	18446744073709551615
51	3	32876	586	0	18446744073709551615
51	4096	32876	586	0	18446744073709551615
51	1048576	32876	586	0	18446744073709551615
51	4294967296	32876	586	0	18446744073709551615
51	6148914691236495	32876	586	0	18446744073709551615
51	144115188075855870	32876	586	3	41742007892017841
51	2305843009213693950	32876	586	77	41742007892017841
51	9223372036854775806	32876	586	292	41742007892017841
51	18446744073709551614	32876	586	586	41742007892017841
51	18446744073709551615	32876	586	586	41742007892017841
52	0	13804	574	0	18446744073709551615
52	1	13804	574	0	18446744073709551615
52	3	13804	574	0	18446744073709551615
52	4096	13804	574	0	18446744073709551615
52	1048576	13804	574	0	18446744073709551615
52	4294967296	13804	574	0	18446744073709551615
52	6148914691236495	13804	574	1	2790875122670278
52	144115188075855870	13804	574	3	2790875122670278
52	2305843009213693950	13804	574	63	2790875122670278
52	9223372036854775806	13804	574	300	2790875122670278
52	18446744073709551614	13804	574	574	2790875122670278
52	18446744073709551615	13804	574	574	2790875122670278
53	0	28986	592	0	18446744073709551615
53	1	28986	592	0	18446744073709551615
53	3	28986	592	0	18446744073709551615
53	4096	28986	592	0	18446744073709551615
53	1048576	28986	592	0	18446744073709551615
53	4294967296	28986	592	0	18446744073709551615
53	6148914691236495	28986	592	0	18446744073709551615
53	144115188075855870	28986	592	5	26017863593228402
53	2305843009213693950	28986	592	67	26017863593228402
53	9223372036854775806	28986	592	313	26017863593228402
53	18446744073709551614	28986	592	592	26017863593228402
53	18446744073709551615	28986	592	592	26017863593228402
54	0	20288	577	0	18446744073709551615
54	1	20288	577	0	18446744073709551615
54	3	20288	577	0	18446744073709551615
54	4096	20288	577	0	18446744073709551615
54	1048576	20288	577	0	18446744073709551615
54	4294967296	20288	577	0	18446744073709551615
54	6148914691236495	20288	577	0	18446744073709551615
54	144115188075855870	20288	577	2	6993834807301157
54	2305843009213693950	20288	577	77	6993834807301157
54	9223372036854775806	20288	577	279	6993834807301157
54	18446744073709551614	20288	577	577	6993834807301157
54	18446744073709551615	20288	577	577	6993834807301157
55	0	41436	582	0	18446744073709551615
55	1	41436	582	0	18446744073709551615
55	3	41436	582	0	18446744073709551615
55	4096	41436	582	0	18446744073709551615
55	1048576	41436	582	0	18446744073709551615
55	4294967296	41436	582	0	18446744073709551615
55	6148914691236495	41436	582	0	18446744073709551615
55	144115188075855870	41436	582	3	25612715942692053
55	2305843009213693950	41436	582	79	25612715942692053
55	9223372036854775806	41436	582	287	25612715942692053
55	18446744073709551614	41436	582	582	25612715942692053
55	18446744073709551615	41436	582	582	25612715942692053
56	0	41867	603	0	18446744073709551615
56	1	41867	603	0	18446744073709551615
56	3	41867	603	0	18446744073709551615
56	4096	41867	603	0	18446744073709551615
56	1048576	41867	603	0	18446744073709551615
56	4294967296	41867	603	0	18446744073709551615
56	6148914691236495	41867	603	0	18446744073709551615
56	144115188075855870	41867	603	8	8795885601060178
56	2305843009213693950	41867	603	69	8795885601060178
56	9223372036854775806	41867	603	288	8795885601060178
56	18446744073709551614	41867	603	603	8795885601060178
56	18446744073709551615	41867	603	603	8795885601060178
57	0	55273	375	0	18446744073709551615
57	1	55273	375	0	18446744073709551615
57	3	55273	375	0	18446744073709551615
57	4096	55273	375	0	18446744073709551615
57	1048576	55273	375	0	18446744073709551615
57	4294967296	55273	375	0	18446744073709551615
57	6148914691236495	55273	375	0	18446744073709551615
57	144115188075855870	55273	375	3	57484945731452901
57	2305843009213693950	55273	375	51	57484945731452901
57	9223372036854775806	55273	375	182	57484945731452901
57	18446744073709551614	55273	375	375	57484945731452901
57	18446744073709551615	55273	375	375	57484945731452901
58	0	48095	592	0	18446744073709551615
58	1	48095	592	0	18446744073709551615
58	3	48095	592	0	18446744073709551615
58	4096	48095	592	0	18446744073709551615
58	1048576	48095	592	0	18446744073709551615
58	4294967296	48095	592	0	18446744073709551615
58	6148914691236495	48095	592	0	18446744073709551615
58	144115188075855870	48095	592	5	5858463627943568
58	2305843009213693950	48095	592	78	5858463627943568
58	9223372036854775806	48095	592	279	5858463627943568
58	18446744073709551614	48095	592	592	5858463627943568
58	18446744073709551615	48095	592	592	5858463627943568
59	0	55964	246	0	18446744073709551615
59	1	55964	246	0	18446744073709551615
59	3	55964	246	0	18446744073709551615
59	4096	55964	246	0	18446744073709551615
59	1048576	55964	246	0	18446744073709551615
59	4294967296	55964	246	0	18446744073709551615
59	6148914691236495	55964	246	0	18446744073709551615
59	144115188075855870	55964	246	6	4794458762861514
59	2305843009213693950	55964	246	34	4794458762861514
59	9223372036854775806	55964	246	121	4794458762861514
59	18446744073709551614	55964	246	246	4794458762861514
59	18446744073709551615	55964	246	246	4794458762861514
60	0	33080	605	0	18446744073709551615
60	1	33080	605	0	18446744073709551615
60	3	33080	605	0	18446744073709551615
60	4096	33080	605	0	18446744073709551615
60	1048576	33080	605	0	18446744073709551615
60	4294967296	33080	605	0	18446744073709551615
60	6148914691236495	33080	605	0	18446744073709551615
60	144115188075855870	33080	605	6	21234551346284532
60	2305843009213693950	33080	605	67	21234551346284532
60	9223372036854775806	33080	605	288	21234551346284532
60	18446744073709551614	33080	605	605	21234551346284532
60	18446744073709551615	33080	605	605	21234551346284532
61	0	19280	590	0	18446744073709551615
61	1	19280	590	0	18446744073709551615
61	3	19280	590	0	18446744073709551615
61	4096	19280	590	0	18446744073709551615
61	1048576	19280	590	0	18446744073709551615
61	4294967296	19280	590	0	18446744073709551615
61	6148914691236495	19280	590	0	18446744073709551615
61	144115188075855870	19280	590	3	43101032433561777
61	2305843009213693950	19280	590	71	43101032433561777
61	9223372036854775806	19280	590	318	43101032433561777
61	18446744073709551614	19280	590	590	43101032433561777
61	18446744073709551615	19280	590	590	43101032433561777
62	0	8703	586	0	18446744073709551615
62	1	8703	586	0	18446744073709551615
62	3	8703	586	0	18446744073709551615
62	4096	8703	586	0	18446744073709551615
62	1048576	8703	586	0	18446744073709551615
62	4294967296	8703	586	0	18446744073709551615
62	6148914691236495	8703	586	0	18446744073709551615
62	144115188075855870	8703	586	5	21265985390459575
62	2305843009213693950	8703	586	74	21265985390459575
62	9223372036854775806	8703	586	295	21265985390459575
62	18446744073709551614	8703	586	586	21265985390459575
62	18446744073709551615	8703	586	586	21265985390459575
63	0	18798	587	0	18446744073709551615
63	1	18798	587	0	18446744073709551615
63	3	18798	587	0	18446744073709551615
63	4096	18798	587	0	18446744073709551615
63	1048576	18798	587	0	18446744073709551615
63	4294967296	18798	587	0	18446744073709551615
63	6148914691236495	18798	587	0	18446744073709551615
63	144115188075855870	18798	587	3	15005778287697291
63	2305843009213693950	18798	587	71	15005778287697291
63	9223372036854775806	18798	587	268	15005778287697291
63	18446744073709551614	18798	587	587	15005778287697291
63	18446744073709551615	18798	587	587	15005778287697291
64	0	62854	0	0	18446744073709551615
64	1	62854	0	0	18446744073709551615
64	3	62854	0	0	18446744073709551615
64	4096	62854	0	0	18446744073709551615
64	1048576	62854	0	0	18446744073709551615
64	4294967296	62854	0	0	18446744073709551615
64	6148914691236495	62854	0	0	18446744073709551615
64	144115188075855870	62854	0	0	18446744073709551615
64	2305843009213693950	62854	0	0	18446744073709551615
64	9223372036854775806	62854	0	0	18446744073709551615
64	18446744073709551614	62854	0	0	18446744073709551615
64	18446744073709551615	62854	0	0	18446744073709551615
65	0	53451	576	0	18446744073709551615
65	1	53451	576	0	18446744073709551615
65	3	53451	576	0	18446744073709551615
65	4096	53451	576	0	18446744073709551615
65	1048576	53451	576	0	18446744073709551615
65	4294967296	53451	576	0	18446744073709551615
65	6148914691236495	53451	576	1	2869557694846238
65	144115188075855870	53451	576	3	2869557694846238
65	2305843009213693950	53451	576	83	2869557694846238
65	9223372036854775806	53451	576	294	2869557694846238
65	18446744073709551614	53451	576	576	2869557694846238
65	18446744073709551615	53451	576	576	2869557694846238
66	0	65257	0	0	18446744073709551615
66	1	65257	0	0	18446744073709551615
66	3	65257	0	0	18446744073709551615
66	4096	65257	0	0	18446744073709551615
66	1048576	65257	0	0	18446744073709551615
66	4294967296	65257	0	0	18446744073709551615
66	6148914691236495	65257	0	0	18446744073709551615
66	144115188075855870	65257	0	0	18446744073709551615
66	2305843009213693950	65257	0	0	18446744073709551615
66	9223372036854775806	65257	0	0	18446744073709551615
66	18446744073709551614	65257	0	0	18446744073709551615
66	18446744073709551615	65257	0	0	18446744073709551615
67	0	36133	591	0	18446744073709551615
67	1	36133	591	0	18446744073709551615
67	3	36133	591	0	18446744073709551615
67	4096	36133	591	0	18446744073709551615
67	1048576	36133	591	0	18446744073709551615
67	4294967296	36133	591	0	18446744073709551615
67	6148914691236495	36133	591	0	18446744073709551615
67	144115188075855870	36133	591	5	12546194782127937
67	2305843009213693950	36133	591	77	12546194782127937
67	9223372036854775806	36133	591	302	12546194782127937
67	18446744073709551614	36133	591	591	12546194782127937
67	18446744073709551615	36133	591	591	12546194782127937
68	0	56627	122	0	18446744073709551615
68	1	56627	122	0	18446744073709551615
68	3	56627	122	0	18446744073709551615
68	4096	56627	122	0	18446744073709551615
68	1048576	56627	122	0	18446744073709551615
68	4294967296	56627	122	0	18446744073709551615
68	6148914691236495	56627	122	0	18446744073709551615
68	144115188075855870	56627	122	0	18446744073709551615
68	2305843009213693950	56627	122	9	170259258111373020
68	9223372036854775806	56627	122	59	170259258111373020
68	18446744073709551614	56627	122	122	170259258111373020
68	18446744073709551615	56627	122	122	170259258111373020
69	0	47423	592	0	18446744073709551615
69	1	47423	592	0	18446744073709551615
69	3	47423	592	0	18446744073709551615
69	4096	47423	592	0	18446744073709551615
69	1048576	47423	592	0	18446744073709551615
69	4294967296	47423	592	0	18446744073709551615
69	6148914691236495	47423	592	2	1332261925508616
69	144115188075855870	47423	592	8	1332261925508616
69	2305843009213693950	47423	592	80	1332261925508616
69	9223372036854775806	47423	592	314	1332261925508616
69	18446744073709551614	47423	592	592	1332261925508616
69	18446744073709551615	47423	592	592	1332261925508616
70	0	55839	258	0	18446744073709551615
70	1	55839	258	0	18446744073709551615
70	3	55839	258	0	18446744073709551615
70	4096	55839	258	0	18446744073709551615
70	1048576	55839	258	0	18446744073709551615
70	4294967296	55839	258	0	18446744073709551615
70	6148914691236495	55839	258	0	18446744073709551615
70	144115188075855870	55839	258	1	33650182466894298
70	2305843009213693950	55839	258	34	33650182466894298
70	9223372036854775806	55839	258	136	33650182466894298
70	18446744073709551614	55839	258	258	33650182466894298
70	18446744073709551615	55839	258	258	33650182466894298
71	0	1833	607	0	18446744073709551615
71	1	1833	607	0	18446744073709551615
71	3	1833	607	0	18446744073709551615
71	4096	1833	607	0	18446744073709551615
71	1048576	1833	607	0	18446744073709551615
71	4294967296	1833	607	0	18446744073709551615
71	6148914691236495	1833	607	0	18446744073709551615
71	144115188075855870	1833	607	1	9217199117388825
71	2305843009213693950	1833	607	75	9217199117388825
71	9223372036854775806	1833	607	316	9217199117388825
71	18446744073709551614	1833	607	607	9217199117388825
71	18446744073709551615	1833	607	607	9217199117388825
72	0	61502	0	0	18446744073709551615
72	1	61502	0	0	18446744073709551615
72	3	61502	0	0	18446744073709551615
72	4096	61502	0	0	18446744073709551615
72	1048576	61502	0	0	18446744073709551615
72	4294967296	61502	0	0	18446744073709551615
72	6148914691236495	61502	0	0	18446744073709551615
72	144115188075855870	61502	0	0	18446744073709551615
72	2305843009213693950	61502	0	0	18446744073709551615
72	9223372036854775806	61502	0	0	18446744073709551615
72	18446744073709551614	61502	0	0	18446744073709551615
72	18446744073709551615	61502	0	0	18446744073709551615
73	0	36492	589	0	18446744073709551615
73	1	36492	589	0	18446744073709551615
73	3	36492	589	0	18446744073709551615
73	4096	36492	589	0	18446744073709551615
73	1048576	36492	589	0	18446744073709551615
73	4294967296	36492	589	0	18446744073709551615
73	6148914691236495	36492	589	0	18446744073709551615
73	144115188075855870	36492	589	5	9142096522459965
73	2305843009213693950	36492	589	78	9142096522459965
73	9223372036854775806	36492	589	264	9142096522459965
73	18446744073709551614	36492	589	589	9142096522459965
73	18446744073709551615	36492	589	589	9142096522459965
74	0	9779	592	0	18446744073709551615
74	1	9779	592	0	18446744073709551615
74	3	9779	592	0	18446744073709551615
74	4096	9779	592	0	18446744073709551615
74	1048576	9779	592	0	18446744073709551615
74	4294967296	9779	592	0	18446744073709551615
74	6148914691236495	9779	592	0	18446744073709551615
74	144115188075855870	9779	592	8	3580762587078529
74	2305843009213693950	9779	592	72	3580762587078529
74	9223372036854775806	9779	592	303	3580762587078529
74	18446744073709551614	9779	592	592	3580762587078529
74	18446744073709551615	9779	592	592	3580762587078529
75	0	59096	1	0	18446744073709551615
75	1	59096	1	0	18446744073709551615
75	3	59096	1	0	18446744073709551615
75	4096	59096	1	0	18446744073709551615
75	1048576	59096	1	0	18446744073709551615
75	4294967296	59096	1	0	18446744073709551615
75	6148914691236495	59096	1	0	18446744073709551615
75	144115188075855870	59096	1	0	18446744073709551615
75	2305843009213693950	59096	1	0	18446744073709551615
75	9223372036854775806	59096	1	0	18446744073709551615
75	18446744073709551614	59096	1	1	5789154295864562527
75	18446744073709551615	59096	1	1	5789154295864562527
76	0	6023	602	0	18446744073709551615
76	1	6023	602	0	18446744073709551615
76	3	6023	602	0	18446744073709551615
76	4096	6023	602	0	18446744073709551615
76	1048576	6023	602	0	18446744073709551615
76	4294967296	6023	602	0	18446744073709551615
76	6148914691236495	6023	602	0	18446744073709551615
76	144115188075855870	6023	602	2	30135708785560563
76	2305843009213693950	6023	602	69	30135708785560563
76	9223372036854775806	6023	602	296	30135708785560563
76	18446744073709551614	6023	602	602	30135708785560563
76	18446744073709551615	6023	602	602	30135708785560563
77	0	35841	599	0	18446744073709551615
77	1	35841	599	0	18446744073709551615
77	3	35841	599	0	18446744073709551615
77	4096	35841	599	0	18446744073709551615
77	1048576	35841	599	0	18446744073709551615
77	4294967296	35841	599	0	18446744073709551615
77	6148914691236495	35841	599	0	18446744073709551615
77	144115188075855870	35841	599	3	60806706660595229
77	2305843009213693950	35841	599	78	60806706660595229
77	9223372036854775806	35841	599	290	60806706660595229
77	18446744073709551614	35841	599	599	60806706660595229
77	18446744073709551615	35841	599	599	60806706660595229
78	0	35895	589	0	18446744073709551615
78	1	35895	589	0	18446744073709551615
78	3	35895	589	0	18446744073709551615
78	4096	35895	589	0	18446744073709551615
78	1048576	35895	589	0	18446744073709551615
78	4294967296	35895	589	0	18446744073709551615
78	6148914691236495	35895	589	0	18446744073709551615
78	144115188075855870	35895	589	7	5115842523918856
78	2305843009213693950	35895	589	74	5115842523918856
78	9223372036854775806	35895	589	294	5115842523918856
78	18446744073709551614	35895	589	589	5115842523918856
78	18446744073709551615	35895	589	589	5115842523918856
79	0	1341	572	0	18446744073709551615
79	1	1341	572	0	18446744073709551615
79	3	1341	572	0	18446744073709551615
79	4096	1341	572	0	18446744073709551615
79	1048576	1341	572	0	18446744073709551615
79	4294967296	1341	572	0	18446744073709551615
79	6148914691236495	1341	572	0	18446744073709551615
79	144115188075855870	1341	572	1	19149870373160685
79	2305843009213693950	1341	572	73	19149870373160685
79	9223372036854775806	1341	572	293	19149870373160685
79	18446744073709551614	1341	572	572	19149870373160685
79	18446744073709551615	1341	572	572	19149870373160685
80	0	50354	602	0	18446744073709551615
80	1	50354	602	0	18446744073709551615
80	3	50354	602	0	18446744073709551615
80	4096	50354	602	0	18446744073709551615
80	1048576	50354	602	0	18446744073709551615
80	4294967296	50354	602	0	18446744073709551615
80	6148914691236495	50354	602	0	18446744073709551615
80	144115188075855870	50354	602	3	18271634710493763
80	2305843009213693950	50354	602	93	18271634710493763
80	9223372036854775806	50354	602	287	18271634710493763
80	18446744073709551614	50354	602	602	18271634710493763
80	18446744073709551615	50354	602	602	18271634710493763
81	0	37589	582	0	18446744073709551615
81	1	37589	582	0	18446744073709551615
81	3	37589	582	0	18446744073709551615
81	4096	37589	582	0	18446744073709551615
81	1048576	37589	582	0	18446744073709551615
81	4294967296	37589	582	0	18446744073709551615
81	6148914691236495	37589	582	1	576110023426697
81	144115188075855870	37589	582	3	576110023426697
81	2305843009213693950	37589	582	76	576110023426697
81	9223372036854775806	37589	582	291	576110023426697
81	18446744073709551614	37589	582	582	576110023426697
81	18446744073709551615	37589	582	582	576110023426697
82	0	35500	609	0	18446744073709551615
82	1	35500	609	0	18446744073709551615
82	3	35500	609	0	18446744073709551615
82	4096	35500	609	0	18446744073709551615
82	1048576	35500	609	0	18446744073709551615
82	4294967296	35500	609	0	18446744073709551615
82	6148914691236495	35500	609	2	1303211302830085
82	144115188075855870	35500	609	4	1303211302830085
82	2305843009213693950	35500	609	76	1303211302830085
82	9223372036854775806	35500	609	297	1303211302830085
82	18446744073709551614	35500	609	609	1303211302830085
82	18446744073709551615	35500	609	609	1303211302830085
83	0	32258	554	0	18446744073709551615
83	1	32258	554	0	18446744073709551615
83	3	32258	554	0	18446744073709551615
83	4096	32258	554	0	18446744073709551615
83	1048576	32258	554	0	18446744073709551615
83	4294967296	32258	554	0	18446744073709551615
83	6148914691236495	32258	554	1	2844020719158139
83	144115188075855870	32258	554	6	2844020719158139
83	2305843009213693950	32258	554	54	2844020719158139
83	9223372036854775806	32258	554	283	2844020719158139
83	18446744073709551614	32258	554	554	2844020719158139
83	18446744073709551615	32258	554	554	2844020719158139
84	0	44391	574	0	18446744073709551615
84	1	44391	574	0	18446744073709551615
84	3	44391	574	0	18446744073709551615
84	4096	44391	574	0	18446744073709551615
84	1048576	44391	574	0	18446744073709551615
84	4294967296	44391	574	0	18446744073709551615
84	6148914691236495	44391	574	0	18446744073709551615
84	144115188075855870	44391	574	5	12822804418201831
84	2305843009213693950	44391	574	66	12822804418201831
84	9223372036854775806	44391	574	276	12822804418201831
84	18446744073709551614	44391	574	574	12822804418201831
84	18446744073709551615	44391	574	574	12822804418201831
85	0	9238	565	0	18446744073709551615
85	1	9238	565	0	18446744073709551615
85	3	9238	565	0	18446744073709551615
85	4096	9238	565	0	18446744073709551615
85	1048576	9238	565	0	18446744073709551615
85	4294967296	9238	565	0	18446744073709551615
85	6148914691236495	9238	565	1	473473036821119
85	144115188075855870	9238	565	4	473473036821119
85	2305843009213693950	9238	565	62	473473036821119
85	9223372036854775806	9238	565	279	473473036821119
85	18446744073709551614	9238	565	565	473473036821119
85	18446744073709551615	9238	565	565	473473036821119
86	0	6318	565	0	18446744073709551615
86	1	6318	565	0	18446744073709551615
86	3	6318	565	0	18446744073709551615
86	4096	6318	565	0	18446744073709551615
86	1048576	6318	565	0	18446744073709551615
86	4294967296	6318	565	0	18446744073709551615
86	6148914691236495	6318	565	0	18446744073709551615
86	144115188075855870	6318	565	2	9007067912311290
86	2305843009213693950	6318	565	69	9007067912311290
86	9223372036854775806	6318	565	293	9007067912311290
86	18446744073709551614	6318	565	565	9007067912311290
86	18446744073709551615	6318	565	565	9007067912311290
87	0	30661	580	0	18446744073709551615
87	1	30661	580	0	18446744073709551615
87	3	30661	580	0	18446744073709551615
87	4096	30661	580	0	18446744073709551615
87	1048576	30661	580	0	18446744073709551615
87	4294967296	30661	580	0	18446744073709551615
87	6148914691236495	30661	580	0	18446744073709551615
87	144115188075855870	30661	580	11	7650278950707696
87	2305843009213693950	30661	580	76	7650278950707696
87	9223372036854775806	30661	580	283	7650278950707696
87	18446744073709551614	30661	580	580	7650278950707696
87	18446744073709551615	30661	580	580	7650278950707696
88	0	4421	589	0	18446744073709551615
88	1	4421	589	0	18446744073709551615
88	3	4421	589	0	18446744073709551615
88	4096	4421	589	0	18446744073709551615
88	1048576	4421	589	0	18446744073709551615
88	4294967296	4421	589	0	18446744073709551615
88	6148914691236495	4421	589	0	18446744073709551615
88	144115188075855870	4421	589	7	11543200009541879
88	2305843009213693950	4421	589	81	11543200009541879
88	9223372036854775806	4421	589	317	11543200009541879
88	18446744073709551614	4421	589	589	11543200009541879
88	18446744073709551615	4421	589	589	11543200009541879
89	0	16511	573	0	18446744073709551615
89	1	16511	573	0	18446744073709551615
89	3	16511	573	0	18446744073709551615
89	4096	16511	573	0	18446744073709551615
89	1048576	16511	573	0	18446744073709551615
89	4294967296	16511	573	0	18446744073709551615
89	6148914691236495	16511	573	1	527739483393594
89	144115188075855870	16511	573	2	527739483393594
89	2305843009213693950	16511	573	71	527739483393594
89	9223372036854775806	16511	573	276	527739483393594
89	18446744073709551614	16511	573	573	527739483393594
89	18446744073709551615	16511	573	573	527739483393594
90	0	11548	596	0	18446744073709551615
90	1	11548	596	0	18446744073709551615
90	3	11548	596	0	18446744073709551615
90	4096	11548	596	0	18446744073709551615
90	1048576	11548	596	0	18446744073709551615
90	4294967296	11548	596	0	18446744073709551615
90	6148914691236495	11548	596	0	18446744073709551615
90	144115188075855870	11548	596	5	23512507688252086
90	2305843009213693950	11548	596	74	23512507688252086
90	9223372036854775806	11548	596	293	23512507688252086
90	18446744073709551614	11548	596	596	23512507688252086
90	18446744073709551615	11548	596	596	23512507688252086
91	0	22431	593	0	18446744073709551615
91	1	22431	593	0	18446744073709551615
91	3	22431	593	0	18446744073709551615
91	4096	22431	593	0	18446744073709551615
91	1048576	22431	593	0	18446744073709551615
91	4294967296	22431	593	0	18446744073709551615
91	6148914691236495	22431	593	1	2340491455742777
91	144115188075855870	22431	593	9	2340491455742777
91	2305843009213693950	22431	593	81	2340491455742777
91	9223372036854775806	22431	593	290	2340491455742777
91	18446744073709551614	22431	593	593	2340491455742777
91	18446744073709551615	22431	593	593	2340491455742777
92	0	11111	606	0	18446744073709551615
92	1	11111	606	0	18446744073709551615
92	3	11111	606	0	18446744073709551615
92	4096	11111	606	0	18446744073709551615
92	1048576	11111	606	0	18446744073709551615
92	4294967296	11111	606	0	18446744073709551615
92	6148914691236495	11111	606	0	18446744073709551615
92	144115188075855870	11111	606	4	4980926839506985
92	2305843009213693950	11111	606	72	4980926839506985
92	9223372036854775806	11111	606	312	4980926839506985
92	18446744073709551614	11111	606	606	4980926839506985
92	18446744073709551615	11111	606	606	4980926839506985
93	0	41399	602	0	18446744073709551615
93	1	41399	602	0	18446744073709551615
93	3	41399	602	0	18446744073709551615
93	4096	41399	602	0	18446744073709551615
93	1048576	41399	602	0	18446744073709551615
93	4294967296	41399	602	0	18446744073709551615
93	6148914691236495	41399	602	0	18446744073709551615
93	144115188075855870	41399	602	3	10297725968403663
93	2305843009213693950	41399	602	66	10297725968403663
93	9223372036854775806	41399	602	305	10297725968403663
93	18446744073709551614	41399	602	602	10297725968403663
93	18446744073709551615	41399	602	602	10297725968403663
94	0	31291	571	0	18446744073709551615
94	1	31291	571	0	18446744073709551615
94	3	31291	571	0	18446744073709551615
94	4096	31291	571	0	18446744073709551615
94	1048576	31291	571	0	18446744073709551615
94	4294967296	31291	571	0	18446744073709551615
94	6148914691236495	31291	571	1	922597627002544
94	144115188075855870	31291	571	6	922597627002544
94	2305843009213693950	31291	571	63	922597627002544
94	9223372036854775806	31291	571	291	922597627002544
94	18446744073709551614	31291	571	571	922597627002544
94	18446744073709551615	31291	571	571	922597627002544
95	0	38974	599	0	18446744073709551615
95	1	38974	599	0	18446744073709551615
95	3	38974	599	0	18446744073709551615
95	4096	38974	599	0	18446744073709551615
95	1048576	38974	599	0	18446744073709551615
95	4294967296	38974	599	0	18446744073709551615
95	6148914691236495	38974	599	0	18446744073709551615
95	144115188075855870	38974	599	9	23066022741937370
95	2305843009213693950	38974	599	76	23066022741937370
95	9223372036854775806	38974	599	303	23066022741937370
95	18446744073709551614	38974	599	599	23066022741937370
95	18446744073709551615	38974	599	599	23066022741937370
96	0	53289	572	0	18446744073709551615
96	1	53289	572	0	18446744073709551615
96	3	53289	572	0	18446744073709551615
96	4096	53289	572	0	18446744073709551615
96	1048576	53289	572	0	18446744073709551615
96	4294967296	53289	572	0	18446744073709551615
96	6148914691236495	53289	572	0	18446744073709551615
96	144115188075855870	53289	572	5	8474350281248057
96	2305843009213693950	53289	572	79	8474350281248057
96	9223372036854775806	53289	572	301	8474350281248057
96	18446744073709551614	53289	572	572	8474350281248057
96	18446744073709551615	53289	572	572	8474350281248057
97	0	56455	152	0	18446744073709551615
97	1	56455	152	0	18446744073709551615
97	3	56455	152	0	18446744073709551615
97	4096	56455	152	0	18446744073709551615
97	1048576	56455	152	0	18446744073709551615
97	4294967296	56455	152	0	18446744073709551615
97	6148914691236495	56455	152	0	18446744073709551615
97	144115188075855870	56455	152	0	18446744073709551615
97	2305843009213693950	56455	152	11	188130697295821209
97	9223372036854775806	56455	152	65	188130697295821209
97	18446744073709551614	56455	152	152	188130697295821209
97	18446744073709551615	56455	152	152	188130697295821209
98	0	10767	576	0	18446744073709551615
98	1	10767	576	0	18446744073709551615
98	3	10767	576	0	18446744073709551615
98	4096	10767	576	0	18446744073709551615
98	1048576	10767	576	0	18446744073709551615
98	4294967296	10767	576	0	18446744073709551615
98	6148914691236495	10767	576	0	18446744073709551615
98	144115188075855870	10767	576	6	17317954156536319
98	2305843009213693950	10767	576	84	17317954156536319
98	9223372036854775806	10767	576	301	17317954156536319
98	18446744073709551614	10767	576	576	17317954156536319
98	18446744073709551615	10767	576	576	17317954156536319
99	0	2106	589	0	18446744073709551615
99	1	2106	589	0	18446744073709551615
99	3	2106	589	0	18446744073709551615
99	4096	2106	589	0	18446744073709551615
99	1048576	2106	589	0	18446744073709551615
99	4294967296	2106	589	0	18446744073709551615
99	6148914691236495	2106	589	0	18446744073709551615
99	144115188075855870	2106	589	3	7626978881197084
99	2305843009213693950	2106	589	76	7626978881197084
99	9223372036854775806	2106	589	275	7626978881197084
99	18446744073709551614	2106	589	589	7626978881197084
99	18446744073709551615	2106	589	589	7626978881197084
100	0	55464	350	0	18446744073709551615
100	1	55464	350	0	18446744073709551615
100	3	55464	350	0	18446744073709551615
100	4096	55464	350	0	18446744073709551615
100	1048576	55464	350	0	18446744073709551615
100	4294967296	55464	350	0	18446744073709551615
100	6148914691236495	55464	350	0	18446744073709551615
100	144115188075855870	55464	350	2	25132806530586773
100	2305843009213693950	55464	350	42	25132806530586773
100	9223372036854775806	55464	350	163	25132806530586773
100	18446744073709551614	55464	350	350	25132806530586773
100	18446744073709551615	55464	350	350	25132806530586773
101	0	4596	613	0	18446744073709551615
101	1	4596	613	0	18446744073709551615
101	3	4596	613	0	18446744073709551615
101	4096	4596	613	0	18446744073709551615
101	1048576	4596	613	0	18446744073709551615
101	4294967296	4596	613	0	18446744073709551615
101	6148914691236495	4596	613	0	18446744073709551615
101	144115188075855870	4596	613	6	13456547832955768
101	2305843009213693950	4596	613	80	13456547832955768
101	9223372036854775806	4596	613	296	13456547832955768
101	18446744073709551614	4596	613	613	13456547832955768
101	18446744073709551615	4596	613	613	13456547832955768
102	0	56316	156	0	18446744073709551615
102	1	56316	156	0	18446744073709551615
102	3	56316	156	0	18446744073709551615
102	4096	56316	156	0	18446744073709551615
102	1048576	56316	156	0	18446744073709551615
102	4294967296	56316	156	0	18446744073709551615
102	6148914691236495	56316	156	0	18446744073709551615
102	144115188075855870	56316	156	0	18446744073709551615
102	2305843009213693950	56316	156	10	78733940402470943
102	9223372036854775806	56316	156	67	78733940402470943
102	18446744073709551614	56316	156	156	78733940402470943
102	18446744073709551615	56316	156	156	78733940402470943
103	0	42236	563	0	18446744073709551615
103	1	42236	563	0	18446744073709551615
103	3	42236	563	0	18446744073709551615
103	4096	42236	563	0	18446744073709551615
103	1048576	42236	563	0	18446744073709551615
103	4294967296	42236	563	0	18446744073709551615
103	6148914691236495	42236	563	0	18446744073709551615
103	144115188075855870	42236	563	4	20351917104382058
103	2305843009213693950	42236	563	66	20351917104382058
103	9223372036854775806	42236	563	277	20351917104382058
103	18446744073709551614	42236	563	563	20351917104382058
103	18446744073709551615	42236	563	563	20351917104382058
104	0	29043	590	0	18446744073709551615
104	1	29043	590	0	18446744073709551615
104	3	29043	590	0	18446744073709551615
104	4096	29043	590	0	18446744073709551615
104	1048576	29043	590	0	18446744073709551615
104	4294967296	29043	590	0	18446744073709551615
104	6148914691236495	29043	590	0	18446744073709551615
104	144115188075855870	29043	590	3	7109340390029913
104	2305843009213693950	29043	590	82	7109340390029913
104	9223372036854775806	29043	590	293	7109340390029913
104	18446744073709551614	29043	590	590	7109340390029913
104	18446744073709551615	29043	590	590	7109340390029913
105	0	37195	588	0	18446744073709551615
105	1	37195	588	0	18446744073709551615
105	3	37195	588	0	18446744073709551615
105	4096	37195	588	0	18446744073709551615
105	1048576	37195	588	0	18446744073709551615
105	4294967296	37195	588	0	18446744073709551615
105	6148914691236495	37195	588	0	18446744073709551615
105	144115188075855870	37195	588	1	71983979735167451
105	2305843009213693950	37195	588	84	71983979735167451
105	9223372036854775806	37195	588	295	71983979735167451
105	18446744073709551614	37195	588	588	71983979735167451
105	18446744073709551615	37195	588	588	71983979735167451
106	0	60806	0	0	18446744073709551615
106	1	60806	0	0	18446744073709551615
106	3	60806	0	0	18446744073709551615
106	4096	60806	0	0	18446744073709551615
106	1048576	60806	0	0	18446744073709551615
106	4294967296	60806	0	0	18446744073709551615
106	6148914691236495	60806	0	0	18446744073709551615
106	144115188075855870	60806	0	0	18446744073709551615
106	2305843009213693950	60806	0	0	18446744073709551615
106	9223372036854775806	60806	0	0	18446744073709551615
106	18446744073709551614	60806	0	0	18446744073709551615
106	18446744073709551615	60806	0	0	18446744073709551615
107	0	7510	592	0	18446744073709551615
107	1	7510	592	0	18446744073709551615
107	3	7510	592	0	18446744073709551615
107	4096	7510	592	0	18446744073709551615
107	1048576	7510	592	0	18446744073709551615
107	4294967296	7510	592	0	18446744073709551615
107	6148914691236495	7510	592	1	2548184022616645
107	144115188075855870	7510	592	4	2548184022616645
107	2305843009213693950	7510	592	76	2548184022616645
107	9223372036854775806	7510	592	297	2548184022616645
107	18446744073709551614	7510	592	592	2548184022616645
107	18446744073709551615	7510	592	592	2548184022616645
108	0	42791	593	0	18446744073709551615
108	1	42791	593	0	18446744073709551615
108	3	42791	593	0	18446744073709551615
108	4096	42791	593	0	18446744073709551615
108	1048576	42791	593	0	18446744073709551615
108	4294967296	42791	593	0	18446744073709551615
108	6148914691236495	42791	593	0	18446744073709551615
108	144115188075855870	42791	593	8	7978351346065656
108	2305843009213693950	42791	593	80	7978351346065656
108	9223372036854775806	42791	593	294	7978351346065656
108	18446744073709551614	42791	593	593	7978351346065656
108	18446744073709551615	42791	593	593	7978351346065656
109	0	7669	578	0	18446744073709551615
109	1	7669	578	0	18446744073709551615
109	3	7669	578	0	18446744073709551615
109	4096	7669	578	0	18446744073709551615
109	1048576	7669	578	0	18446744073709551615
109	4294967296	7669	578	0	18446744073709551615
109	6148914691236495	7669	578	0	18446744073709551615
109	144115188075855870	7669	578	5	12980315335629343
109	2305843009213693950	7669	578	72	12980315335629343
109	9223372036854775806	7669	578	285	12980315335629343
109	18446744073709551614	7669	578	578	12980315335629343
109	18446744073709551615	7669	578	578	12980315335629343
110	0	55014	438	0	18446744073709551615
110	1	55014	438	0	18446744073709551615
110	3	55014	438	0	18446744073709551615
110	4096	55014	438	0	18446744073709551615
110	1048576	55014	438	0	18446744073709551615
110	4294967296	55014	438	0	18446744073709551615
110	6148914691236495	55014	438	0	18446744073709551615
110	144115188075855870	55014	438	3	4347015329125662
110	2305843009213693950	55014	438	60	4347015329125662
110	9223372036854775806	55014	438	230	4347015329125662
110	18446744073709551614	55014	438	438	4347015329125662
110	18446744073709551615	55014	438	438	4347015329125662
111	0	51297	591	0	18446744073709551615
111	1	51297	591	0	18446744073709551615
111	3	51297	591	0	18446744073709551615
111	4096	51297	591	0	18446744073709551615
111	1048576	51297	591	0	18446744073709551615
111	4294967296	51297	591	0	18446744073709551615
111	6148914691236495	51297	591	0	18446744073709551615
111	144115188075855870	51297	591	8	7323890082297516
111	2305843009213693950	51297	591	75	7323890082297516
111	9223372036854775806	51297	591	282	7323890082297516
111	18446744073709551614	51297	591	591	7323890082297516
111	18446744073709551615	51297	591	591	7323890082297516
112	0	5904	603	0	18446744073709551615
112	1	5904	603	0	18446744073709551615
112	3	5904	603	0	18446744073709551615
112	4096	5904	603	0	18446744073709551615
112	1048576	5904	603	0	18446744073709551615
112	4294967296	5904	603	0	18446744073709551615
112	6148914691236495	5904	603	0	18446744073709551615
112	144115188075855870	5904	603	11	6135434160197235
112	2305843009213693950	5904	603	76	6135434160197235
112	9223372036854775806	5904	603	294	6135434160197235
112	18446744073709551614	5904	603	603	6135434160197235
112	18446744073709551615	5904	603	603	6135434160197235
113	0	13998	604	0	18446744073709551615
113	1	13998	604	0	18446744073709551615
113	3	13998	604	0	18446744073709551615
113	4096	13998	604	0	18446744073709551615
113	1048576	13998	604	0	18446744073709551615
113	4294967296	13998	604	0	18446744073709551615
113	6148914691236495	13998	604	0	18446744073709551615
113	144115188075855870	13998	604	2	10493990630681029
113	2305843009213693950	13998	604	69	10493990630681029
113	9223372036854775806	13998	604	302	10493990630681029
113	18446744073709551614	13998	604	604	10493990630681029
113	18446744073709551615	13998	604	604	10493990630681029
114	0	11628	615	0	18446744073709551615
114	1	11628	615	0	18446744073709551615
114	3	11628	615	0	18446744073709551615
114	4096	11628	615	0	18446744073709551615
114	1048576	11628	615	0	18446744073709551615
114	4294967296	11628	615	0	18446744073709551615
114	6148914691236495	11628	615	0	18446744073709551615
114	144115188075855870	11628	615	5	4841545327143035
114	2305843009213693950	11628	615	78	4841545327143035
114	9223372036854775806	11628	615	286	4841545327143035
114	18446744073709551614	11628	615	615	4841545327143035
114	18446744073709551615	11628	615	615	4841545327143035
115	0	8634	579	0	18446744073709551615
115	1	8634	579	0	18446744073709551615
115	3	8634	579	0	18446744073709551615
115	4096	8634	579	0	18446744073709551615
115	1048576	8634	579	0	18446744073709551615
115	4294967296	8634	579	0	18446744073709551615
115	6148914691236495	8634	579	0	18446744073709551615
115	144115188075855870	8634	579	6	9372606547256808
115	2305843009213693950	8634	579	68	9372606547256808
115	9223372036854775806	8634	579	289	9372606547256808
115	18446744073709551614	8634	579	579	9372606547256808
115	18446744073709551615	8634	579	579	9372606547256808
116	0	23379	577	0	18446744073709551615
116	1	23379	577	0	18446744073709551615
116	3	23379	577	0	18446744073709551615
116	4096	23379	577	0	18446744073709551615
116	1048576	23379	577	0	18446744073709551615
116	4294967296	23379	577	0	18446744073709551615
116	6148914691236495	23379	577	0	18446744073709551615
116	144115188075855870	23379	577	5	4188947928502652
116	2305843009213693950	23379	577	67	4188947928502652
116	9223372036854775806	23379	577	293	4188947928502652
116	18446744073709551614	23379	577	577	4188947928502652
116	18446744073709551615	23379	577	577	4188947928502652
117	0	239	590	0	18446744073709551615
117	1	239	590	0	18446744073709551615
117	3	239	590	0	18446744073709551615
117	4096	239	590	0	18446744073709551615
117	1048576	239	590	0	18446744073709551615
117	4294967296	239	590	0	18446744073709551615
117	6148914691236495	239	590	1	2824273594469365
117	144115188075855870	239	590	4	2824273594469365
117	2305843009213693950	239	590	80	2824273594469365
117	9223372036854775806	239	590	308	2824273594469365
117	18446744073709551614	239	590	590	2824273594469365
117	18446744073709551615	239	590	590	2824273594469365
118	0	4314	612	0	18446744073709551615
118	1	4314	612	0	18446744073709551615
118	3	4314	612	0	18446744073709551615
118	4096	4314	612	0	18446744073709551615
118	1048576	4314	612	0	18446744073709551615
118	4294967296	4314	612	0	18446744073709551615
118	6148914691236495	4314	612	0	18446744073709551615
118	144115188075855870	4314	612	4	13356018223253401
118	2305843009213693950	4314	612	66	13356018223253401
118	9223372036854775806	4314	612	306	13356018223253401
118	18446744073709551614	4314	612	612	13356018223253401
118	18446744073709551615	4314	612	612	13356018223253401
119	0	39697	608	0	18446744073709551615
119	1	39697	608	0	18446744073709551615
119	3	39697	608	0	18446744073709551615
119	4096	39697	608	0	18446744073709551615
119	1048576	39697	608	0	18446744073709551615
119	4294967296	39697	608	0	18446744073709551615
119	6148914691236495	39697	608	0	18446744073709551615
119	144115188075855870	39697	608	5	7406105629875471
119	2305843009213693950	39697	608	83	7406105629875471
119	9223372036854775806	39697	608	325	7406105629875471
119	18446744073709551614	39697	608	608	7406105629875471
119	18446744073709551615	39697	608	608	7406105629875471
120	0	3020	606	0	18446744073709551615
120	1	3020	606	0	18446744073709551615
120	3	3020	606	0	18446744073709551615
120	4096	3020	606	0	18446744073709551615
120	1048576	3020	606	0	18446744073709551615
120	4294967296	3020	606	0	18446744073709551615
120	6148914691236495	3020	606	0	18446744073709551615
120	144115188075855870	3020	606	3	21543079435853451
120	2305843009213693950	3020	606	75	21543079435853451
120	9223372036854775806	3020	606	290	21543079435853451
120	18446744073709551614	3020	606	606	21543079435853451
120	18446744073709551615	3020	606	606	21543079435853451
121	0	31427	600	0	18446744073709551615
121	1	31427	600	0	18446744073709551615
121	3	31427	600	0	18446744073709551615
121	4096	31427	600	0	18446744073709551615
121	1048576	31427	600	0	18446744073709551615
121	4294967296	31427	600	0	18446744073709551615
121	6148914691236495	31427	600	0	18446744073709551615
121	144115188075855870	31427	600	6	29006654438498929
121	2305843009213693950	31427	600	87	29006654438498929
121	9223372036854775806	31427	600	304	29006654438498929
121	18446744073709551614	31427	600	600	29006654438498929
121	18446744073709551615	31427	600	600	29006654438498929
122	0	9917	560	0	18446744073709551615
122	1	9917	560	0	18446744073709551615
122	3	9917	560	0	18446744073709551615
122	4096	9917	560	0	18446744073709551615
122	1048576	9917	560	0	18446744073709551615
122	4294967296	9917	560	0	18446744073709551615
122	6148914691236495	9917	560	0	18446744073709551615
122	144115188075855870	9917	560	5	27512474846559606
122	2305843009213693950	9917	560	62	27512474846559606
122	9223372036854775806	9917	560	264	27512474846559606
122	18446744073709551614	9917	560	560	27512474846559606
122	18446744073709551615	9917	560	560	27512474846559606
123	0	15219	573	0	18446744073709551615
123	1	15219	573	0	18446744073709551615
123	3	15219	573	0	18446744073709551615
123	4096	15219	573	0	18446744073709551615
123	1048576	15219	573	0	18446744073709551615
123	4294967296	15219	573	0	18446744073709551615
123	6148914691236495	15219	573	0	18446744073709551615
123	144115188075855870	15219	573	7	19550105808836566
123	2305843009213693950	15219	573	79	19550105808836566
123	9223372036854775806	15219	573	284	19550105808836566
123	18446744073709551614	15219	573	573	19550105808836566
123	18446744073709551615	15219	573	573	19550105808836566
124	0	16216	620	0	18446744073709551615
124	1	16216	620	0	18446744073709551615
124	3	16216	620	0	18446744073709551615
124	4096	16216	620	0	18446744073709551615
124	1048576	16216	620	0	18446744073709551615
124	4294967296	16216	620	0	18446744073709551615
124	6148914691236495	16216	620	0	18446744073709551615
124	144115188075855870	16216	620	3	18770506607082278
124	2305843009213693950	16216	620	94	18770506607082278
124	9223372036854775806	16216	620	318	18770506607082278
124	18446744073709551614	16216	620	620	18770506607082278
124	18446744073709551615	16216	620	620	18770506607082278
125	0	30599	595	0	18446744073709551615
125	1	30599	595	0	18446744073709551615
125	3	30599	595	0	18446744073709551615
125	4096	30599	595	0	18446744073709551615
125	1048576	30599	595	0	18446744073709551615
125	4294967296	30599	595	0	18446744073709551615
125	6148914691236495	30599	595	0	18446744073709551615
125	144115188075855870	30599	595	3	29447211496617191
125	2305843009213693950	30599	595	89	29447211496617191
125	9223372036854775806	30599	595	293	29447211496617191
125	18446744073709551614	30599	595	595	29447211496617191
125	18446744073709551615	30599	595	595	29447211496617191
126	0	42260	589	0	18446744073709551615
126	1	42260	589	0	18446744073709551615
126	3	42260	589	0	18446744073709551615
126	4096	42260	589	0	18446744073709551615
126	1048576	42260	589	0	18446744073709551615
126	4294967296	42260	589	0	18446744073709551615
126	6148914691236495	42260	589	0	18446744073709551615
126	144115188075855870	42260	589	5	8294013963675133
126	2305843009213693950	42260	589	86	8294013963675133
126	9223372036854775806	42260	589	315	8294013963675133
126	18446744073709551614	42260	589	589	8294013963675133
126	18446744073709551615	42260	589	589	8294013963675133
127	0	7329	613	0	18446744073709551615
127	1	7329	613	0	18446744073709551615
127	3	7329	613	0	18446744073709551615
127	4096	7329	613	0	18446744073709551615
127	1048576	7329	613	0	18446744073709551615
127	4294967296	7329	613	0	18446744073709551615
127	6148914691236495	7329	613	0	18446744073709551615
127	144115188075855870	7329	613	3	57814094339749725
127	2305843009213693950	7329	613	68	57814094339749725
127	9223372036854775806	7329	613	316	57814094339749725
127	18446744073709551614	7329	613	613	57814094339749725
127	18446744073709551615	7329	613	613	57814094339749725
128	0	45573	570	0	18446744073709551615
128	1	45573	570	0	18446744073709551615
128	3	45573	570	0	18446744073709551615
128	4096	45573	570	0	18446744073709551615
128	1048576	45573	570	0	18446744073709551615
128	4294967296	45573	570	0	18446744073709551615
128	6148914691236495	45573	570	0	18446744073709551615
128	144115188075855870	45573	570	5	24700824627621160
128	2305843009213693950	45573	570	84	24700824627621160
128	9223372036854775806	45573	570	293	24700824627621160
128	18446744073709551614	45573	570	570	24700824627621160
128	18446744073709551615	45573	570	570	24700824627621160
129	0	40726	612	0	18446744073709551615
129	1	40726	612	0	18446744073709551615
129	3	40726	612	0	18446744073709551615
129	4096	40726	612	0	18446744073709551615
129	1048576	40726	612	0	18446744073709551615
129	4294967296	40726	612	0	18446744073709551615
129	6148914691236495	40726	612	0	18446744073709551615
129	144115188075855870	40726	612	5	11207230033408995
129	2305843009213693950	40726	612	68	11207230033408995
129	9223372036854775806	40726	612	276	11207230033408995
129	18446744073709551614	40726	612	612	11207230033408995
129	18446744073709551615	40726	612	612	11207230033408995
130	0	55097	419	0	18446744073709551615
130	1	55097	419	0	18446744073709551615
130	3	55097	419	0	18446744073709551615
130	4096	55097	419	0	18446744073709551615
130	1048576	55097	419	0	18446744073709551615
130	4294967296	55097	419	0	18446744073709551615
130	6148914691236495	55097	419	0	18446744073709551615
130	144115188075855870	55097	419	4	4310834831919220
130	2305843009213693950	55097	419	59	4310834831919220
130	9223372036854775806	55097	419	228	4310834831919220
130	18446744073709551614	55097	419	419	4310834831919220
130	18446744073709551615	55097	419	419	4310834831919220
131	0	9640	579	0	18446744073709551615
131	1	9640	579	0	18446744073709551615
131	3	9640	579	0	18446744073709551615
131	4096	9640	579	0	18446744073709551615
131	1048576	9640	579	0	18446744073709551615
131	4294967296	9640	579	0	18446744073709551615
131	6148914691236495	9640	579	0	18446744073709551615
131	144115188075855870	9640	579	5	4450213033689452
131	2305843009213693950	9640	579	65	4450213033689452
131	9223372036854775806	9640	579	288	4450213033689452
131	18446744073709551614	9640	579	579	4450213033689452
131	18446744073709551615	9640	579	579	4450213033689452
132	0	12770	576	0	18446744073709551615
132	1	12770	576	0	18446744073709551615
132	3	12770	576	0	18446744073709551615
132	4096	12770	576	0	18446744073709551615
132	1048576	12770	576	0	18446744073709551615
132	4294967296	12770	576	0	18446744073709551615
132	6148914691236495	12770	576	0	18446744073709551615
132	144115188075855870	12770	576	4	17781435114972437
132	2305843009213693950	12770	576	70	17781435114972437
132	9223372036854775806	12770	576	298	17781435114972437
132	18446744073709551614	12770	576	576	17781435114972437
132	18446744073709551615	12770	576	576	17781435114972437
133	0	31583	569	0	18446744073709551615
133	1	31583	569	0	18446744073709551615
133	3	31583	569	0	18446744073709551615
133	4096	31583	569	0	18446744073709551615
133	1048576	31583	569	0	18446744073709551615
133	4294967296	31583	569	0	18446744073709551615
133	6148914691236495	31583	569	0	18446744073709551615
133	144115188075855870	31583	569	8	16064541136732649
133	2305843009213693950	31583	569	79	16064541136732649
133	9223372036854775806	31583	569	294	16064541136732649
133	18446744073709551614	31583	569	569	16064541136732649
133	18446744073709551615	31583	569	569	16064541136732649
134	0	41273	582	0	18446744073709551615
134	1	41273	582	0	18446744073709551615
134	3	41273	582	0	18446744073709551615
134	4096	41273	582	0	18446744073709551615
134	1048576	41273	582	0	18446744073709551615
134	4294967296	41273	582	0	18446744073709551615
134	6148914691236495	41273	582	0	18446744073709551615
134	144115188075855870	41273	582	4	5455110287382296
134	2305843009213693950	41273	582	76	5455110287382296
134	9223372036854775806	41273	582	284	5455110287382296
134	18446744073709551614	41273	582	582	5455110287382296
134	18446744073709551615	41273	582	582	5455110287382296
135	0	37098	600	0	18446744073709551615
135	1	37098	600	0	18446744073709551615
135	3	37098	600	0	18446744073709551615
135	4096	37098	600	0	18446744073709551615
135	1048576	37098	600	0	18446744073709551615
135	4294967296	37098	600	0	18446744073709551615
135	6148914691236495	37098	600	0	18446744073709551615
135	144115188075855870	37098	600	5	10727485302087385
135	2305843009213693950	37098	600	80	10727485302087385
135	9223372036854775806	37098	600	314	10727485302087385
135	18446744073709551614	37098	600	600	10727485302087385
135	18446744073709551615	37098	600	600	10727485302087385
136	0	21776	591	0	18446744073709551615
136	1	21776	591	0	18446744073709551615
136	3	21776	591	0	18446744073709551615
136	4096	21776	591	0	18446744073709551615
136	1048576	21776	591	0	18446744073709551615
136	4294967296	21776	591	0	18446744073709551615
136	6148914691236495	21776	591	0	18446744073709551615
136	144115188075855870	21776	591	4	18290747562697466
136	2305843009213693950	21776	591	72	18290747562697466
136	9223372036854775806	21776	591	299	18290747562697466
136	18446744073709551614	21776	591	591	18290747562697466
136	18446744073709551615	21776	591	591	18290747562697466
137	0	26105	570	0	18446744073709551615
137	1	26105	570	0	18446744073709551615
137	3	26105	570	0	18446744073709551615
137	4096	26105	570	0	18446744073709551615
137	1048576	26105	570	0	18446744073709551615
137	4294967296	26105	570	0	18446744073709551615
137	6148914691236495	26105	570	1	1556811496893177
137	144115188075855870	26105	570	4	1556811496893177
137	2305843009213693950	26105	570	78	1556811496893177
137	9223372036854775806	26105	570	280	1556811496893177
137	18446744073709551614	26105	570	570	1556811496893177
137	18446744073709551615	26105	570	570	1556811496893177
138	0	49379	590	0	18446744073709551615
138	1	49379	590	0	18446744073709551615
138	3	49379	590	0	18446744073709551615
138	4096	49379	590	0	18446744073709551615
138	1048576	49379	590	0	18446744073709551615
138	4294967296	49379	590	0	18446744073709551615
138	6148914691236495	49379	590	1	1438343094442914
138	144115188075855870	49379	590	5	1438343094442914
138	2305843009213693950	49379	590	65	1438343094442914
138	9223372036854775806	49379	590	286	1438343094442914
138	18446744073709551614	49379	590	590	1438343094442914
138	18446744073709551615	49379	590	590	1438343094442914
139	0	3080	588	0	18446744073709551615
139	1	3080	588	0	18446744073709551615
139	3	3080	588	0	18446744073709551615
139	4096	3080	588	0	18446744073709551615
139	1048576	3080	588	0	18446744073709551615
139	4294967296	3080	588	0	18446744073709551615
139	6148914691236495	3080	588	0	18446744073709551615
139	144115188075855870	3080	588	8	12857013928943154
139	2305843009213693950	3080	588	84	12857013928943154
139	9223372036854775806	3080	588	294	12857013928943154
139	18446744073709551614	3080	588	588	12857013928943154
139	18446744073709551615	3080	588	588	12857013928943154
140	0	17468	621	0	18446744073709551615
140	1	17468	621	0	18446744073709551615
140	3	17468	621	0	18446744073709551615
140	4096	17468	621	0	18446744073709551615
140	1048576	17468	621	0	18446744073709551615
140	4294967296	17468	621	0	18446744073709551615
140	6148914691236495	17468	621	1	1589582115837444
140	144115188075855870	17468	621	6	1589582115837444
140	2305843009213693950	17468	621	82	1589582115837444
140	9223372036854775806	17468	621	308	1589582115837444
140	18446744073709551614	17468	621	621	1589582115837444
140	18446744073709551615	17468	621	621	1589582115837444
141	0	7304	570	0	18446744073709551615
141	1	7304	570	0	18446744073709551615
141	3	7304	570	0	18446744073709551615
141	4096	7304	570	0	18446744073709551615
141	1048576	7304	570	0	18446744073709551615
141	4294967296	7304	570	0	18446744073709551615
141	6148914691236495	7304	570	0	18446744073709551615
141	144115188075855870	7304	570	5	10365688956395739
141	2305843009213693950	7304	570	70	10365688956395739
141	9223372036854775806	7304	570	276	10365688956395739
141	18446744073709551614	7304	570	570	10365688956395739
141	18446744073709551615	7304	570	570	10365688956395739
142	0	19049	607	0	18446744073709551615
142	1	19049	607	0	18446744073709551615
142	3	19049	607	0	18446744073709551615
142	4096	19049	607	0	18446744073709551615
142	1048576	19049	607	0	18446744073709551615
142	4294967296	19049	607	0	18446744073709551615
142	6148914691236495	19049	607	0	18446744073709551615
142	144115188075855870	19049	607	3	8365647359209977
142	2305843009213693950	19049	607	64	8365647359209977
142	9223372036854775806	19049	607	300	8365647359209977
142	18446744073709551614	19049	607	607	8365647359209977
142	18446744073709551615	19049	607	607	8365647359209977
143	0	50101	597	0	18446744073709551615
143	1	50101	597	0	18446744073709551615
143	3	50101	597	0	18446744073709551615
143	4096	50101	597	0	18446744073709551615
143	1048576	50101	597	0	18446744073709551615
143	4294967296	50101	597	0	18446744073709551615
143	6148914691236495	50101	597	0	18446744073709551615
143	144115188075855870	50101	597	1	40100920085032780
143	2305843009213693950	50101	597	67	40100920085032780
143	9223372036854775806	50101	597	287	40100920085032780
143	18446744073709551614	50101	597	597	40100920085032780
143	18446744073709551615	50101	597	597	40100920085032780
144	0	25379	581	0	18446744073709551615
144	1	25379	581	0	18446744073709551615
144	3	25379	581	0	18446744073709551615
144	4096	25379	581	0	18446744073709551615
144	1048576	25379	581	0	18446744073709551615
144	4294967296	25379	581	0	18446744073709551615
144	6148914691236495	25379	581	0	18446744073709551615
144	144115188075855870	25379	581	6	6636402932650026
144	2305843009213693950	25379	581	78	6636402932650026
144	9223372036854775806	25379	581	294	6636402932650026
144	18446744073709551614	25379	581	581	6636402932650026
144	18446744073709551615	25379	581	581	6636402932650026
145	0	54159	543	0	18446744073709551615
145	1	54159	543	0	18446744073709551615
145	3	54159	543	0	18446744073709551615
145	4096	54159	543	0	18446744073709551615
145	1048576	54159	543	0	18446744073709551615
145	4294967296	54159	543	0	18446744073709551615
145	6148914691236495	54159	543	0	18446744073709551615
145	144115188075855870	54159	543	2	26997413672304005
145	2305843009213693950	54159	543	73	26997413672304005
145	9223372036854775806	54159	543	270	26997413672304005
145	18446744073709551614	54159	543	543	26997413672304005
145	18446744073709551615	54159	543	543	26997413672304005
146	0	54376	513	0	18446744073709551615
146	1	54376	513	0	18446744073709551615
146	3	54376	513	0	18446744073709551615
146	4096	54376	513	0	18446744073709551615
146	1048576	54376	513	0	18446744073709551615
146	4294967296	54376	513	0	18446744073709551615
146	6148914691236495	54376	513	0	18446744073709551615
146	144115188075855870	54376	513	2	18360343849846721
146	2305843009213693950	54376	513	70	18360343849846721
146	9223372036854775806	54376	513	257	18360343849846721
146	18446744073709551614	54376	513	513	18360343849846721
146	18446744073709551615	54376	513	513	18360343849846721
147	0	57844	28	0	18446744073709551615
147	1	57844	28	0	18446744073709551615
147	3	57844	28	0	18446744073709551615
147	4096	57844	28	0	18446744073709551615
147	1048576	57844	28	0	18446744073709551615
147	4294967296	57844	28	0	18446744073709551615
147	6148914691236495	57844	28	0	18446744073709551615
147	144115188075855870	57844	28	1	10095790522034648
147	2305843009213693950	57844	28	5	10095790522034648
147	9223372036854775806	57844	28	12	10095790522034648
147	18446744073709551614	57844	28	28	10095790522034648
147	18446744073709551615	57844	28	28	10095790522034648
148	0	14331	583	0	18446744073709551615
148	1	14331	583	0	18446744073709551615
148	3	14331	583	0	18446744073709551615
148	4096	14331	583	0	18446744073709551615
148	1048576	14331	583	0	18446744073709551615
148	4294967296	14331	583	0	18446744073709551615
148	6148914691236495	14331	583	0	18446744073709551615
148	144115188075855870	14331	583	3	21348698340403801
148	2305843009213693950	14331	583	62	21348698340403801
148	9223372036854775806	14331	583	270	21348698340403801
148	18446744073709551614	14331	583	583	21348698340403801
148	18446744073709551615	14331	583	583	21348698340403801
149	0	29610	596	0	18446744073709551615
149	1	29610	596	0	18446744073709551615
149	3	29610	596	0	18446744073709551615
149	4096	29610	596	0	18446744073709551615
149	1048576	29610	596	0	18446744073709551615
149	4294967296	29610	596	0	18446744073709551615
149	6148914691236495	29610	596	0	18446744073709551615
149	144115188075855870	29610	596	4	35316479902340899
149	2305843009213693950	29610	596	68	35316479902340899
149	9223372036854775806	29610	596	293	35316479902340899
149	18446744073709551614	29610	596	596	35316479902340899
149	18446744073709551615	29610	596	596	35316479902340899
150	0	18585	604	0	18446744073709551615
150	1	18585	604	0	18446744073709551615
150	3	18585	604	0	18446744073709551615
150	4096	18585	604	0	18446744073709551615
150	1048576	18585	604	0	18446744073709551615
150	4294967296	18585	604	0	18446744073709551615
150	6148914691236495	18585	604	1	1960928717018728
150	144115188075855870	18585	604	3	1960928717018728
150	2305843009213693950	18585	604	61	1960928717018728
150	9223372036854775806	18585	604	297	1960928717018728
150	18446744073709551614	18585	604	604	1960928717018728
150	18446744073709551615	18585	604	604	1960928717018728
151	0	25336	595	0	18446744073709551615
151	1	25336	595	0	18446744073709551615
151	3	25336	595	0	18446744073709551615
151	4096	25336	595	0	18446744073709551615
151	1048576	25336	595	0	18446744073709551615
151	4294967296	25336	595	0	18446744073709551615
151	6148914691236495	25336	595	0	18446744073709551615
151	144115188075855870	25336	595	1	39702571129130020
151	2305843009213693950	25336	595	58	39702571129130020
151	9223372036854775806	25336	595	290	39702571129130020
151	18446744073709551614	25336	595	595	39702571129130020
151	18446744073709551615	25336	595	595	39702571129130020
152	0	39708	573	0	18446744073709551615
152	1	39708	573	0	18446744073709551615
152	3	39708	573	0	18446744073709551615
152	4096	39708	573	0	18446744073709551615
152	1048576	39708	573	0	18446744073709551615
152	4294967296	39708	573	0	18446744073709551615
152	6148914691236495	39708	573	0	18446744073709551615
152	144115188075855870	39708	573	7	7811548850495097
152	2305843009213693950	39708	573	68	7811548850495097
152	9223372036854775806	39708	573	287	7811548850495097
152	18446744073709551614	39708	573	573	7811548850495097
152	18446744073709551615	39708	573	573	7811548850495097
153	0	44323	612	0	18446744073709551615
153	1	44323	612	0	18446744073709551615
153	3	44323	612	0	18446744073709551615
153	4096	44323	612	0	18446744073709551615
153	1048576	44323	612	0	18446744073709551615
153	4294967296	44323	612	0	18446744073709551615
153	6148914691236495	44323	612	0	18446744073709551615
153	144115188075855870	44323	612	3	7339309925020349
153	2305843009213693950	44323	612	76	7339309925020349
153	9223372036854775806	44323	612	320	7339309925020349
153	18446744073709551614	44323	612	612	7339309925020349
153	18446744073709551615	44323	612	612	7339309925020349
154	0	42538	592	0	18446744073709551615
154	1	42538	592	0	18446744073709551615
154	3	42538	592	0	18446744073709551615
154	4096	42538	592	0	18446744073709551615
154	1048576	42538	592	0	18446744073709551615
154	4294967296	42538	592	0	18446744073709551615
154	6148914691236495	42538	592	0	18446744073709551615
154	144115188075855870	42538	592	4	10483139704992349
154	2305843009213693950	42538	592	74	10483139704992349
154	9223372036854775806	42538	592	300	10483139704992349
154	18446744073709551614	42538	592	592	10483139704992349
154	18446744073709551615	42538	592	592	10483139704992349
155	0	4440	572	0	18446744073709551615
155	1	4440	572	0	18446744073709551615
155	3	4440	572	0	18446744073709551615
155	4096	4440	572	0	18446744073709551615
155	1048576	4440	572	0	18446744073709551615
155	4294967296	4440	572	0	18446744073709551615
155	6148914691236495	4440	572	0	18446744073709551615
155	144115188075855870	4440	572	3	33479198439956589
155	2305843009213693950	4440	572	72	33479198439956589
155	9223372036854775806	4440	572	290	33479198439956589
155	18446744073709551614	4440	572	572	33479198439956589
155	18446744073709551615	4440	572	572	33479198439956589
156	0	49491	597	0	18446744073709551615
156	1	49491	597	0	18446744073709551615
156	3	49491	597	0	18446744073709551615
156	4096	49491	597	0	18446744073709551615
156	1048576	49491	597	0	18446744073709551615
156	4294967296	49491	597	0	18446744073709551615
156	6148914691236495	49491	597	1	2141467111393743
156	144115188075855870	49491	597	4	2141467111393743
156	2305843009213693950	49491	597	82	2141467111393743
156	9223372036854775806	49491	597	298	2141467111393743
156	18446744073709551614	49491	597	597	2141467111393743
156	18446744073709551615	49491	597	597	2141467111393743
157	0	16374	566	0	18446744073709551615
157	1	16374	566	0	18446744073709551615
157	3	16374	566	0	18446744073709551615
157	4096	16374	566	0	18446744073709551615
157	1048576	16374	566	0	18446744073709551615
157	4294967296	16374	566	0	18446744073709551615
157	6148914691236495	16374	566	0	18446744073709551615
157	144115188075855870	16374	566	7	6796940161073124
157	2305843009213693950	16374	566	80	6796940161073124
157	9223372036854775806	16374	566	278	6796940161073124
157	18446744073709551614	16374	566	566	6796940161073124
157	18446744073709551615	16374	566	566	6796940161073124
158	0	37593	566	0	18446744073709551615
158	1	37593	566	0	18446744073709551615
158	3	37593	566	0	18446744073709551615
158	4096	37593	566	0	18446744073709551615
158	1048576	37593	566	0	18446744073709551615
158	4294967296	37593	566	0	18446744073709551615
158	6148914691236495	37593	566	0	18446744073709551615
158	144115188075855870	37593	566	4	6789873558753740
158	2305843009213693950	37593	566	71	6789873558753740
158	9223372036854775806	37593	566	275	6789873558753740
158	18446744073709551614	37593	566	566	6789873558753740
158	18446744073709551615	37593	566	566	6789873558753740
159	0	6882	613	0	18446744073709551615
159	1	6882	613	0	18446744073709551615
159	3	6882	613	0	18446744073709551615
159	4096	6882	613	0	18446744073709551615
159	1048576	6882	613	0	18446744073709551615
159	4294967296	6882	613	0	18446744073709551615
159	6148914691236495	6882	613	0	18446744073709551615
159	144115188075855870	6882	613	6	8867379962777064
159	2305843009213693950	6882	613	86	8867379962777064
159	9223372036854775806	6882	613	315	8867379962777064
159	18446744073709551614	6882	613	613	8867379962777064
159	18446744073709551615	6882	613	613	8867379962777064
160	0	46518	595	0	18446744073709551615
160	1	46518	595	0	18446744073709551615
160	3	46518	595	0	18446744073709551615
160	4096	46518	595	0	18446744073709551615
160	1048576	46518	595	0	18446744073709551615
160	4294967296	46518	595	0	18446744073709551615
160	6148914691236495	46518	595	0	18446744073709551615
160	144115188075855870	46518	595	8	12868432988451231
160	2305843009213693950	46518	595	84	12868432988451231
160	9223372036854775806	46518	595	316	12868432988451231
160	18446744073709551614	46518	595	595	12868432988451231
160	18446744073709551615	46518	595	595	12868432988451231
161	0	30832	599	0	18446744073709551615
161	1	30832	599	0	18446744073709551615
161	3	30832	599	0	18446744073709551615
161	4096	30832	599	0	18446744073709551615
161	1048576	30832	599	0	18446744073709551615
161	4294967296	30832	599	0	18446744073709551615
161	6148914691236495	30832	599	0	18446744073709551615
161	144115188075855870	30832	599	4	18833860776285013
161	2305843009213693950	30832	599	62	18833860776285013
161	9223372036854775806	30832	599	276	18833860776285013
161	18446744073709551614	30832	599	599	18833860776285013
161	18446744073709551615	30832	599	599	18833860776285013
162	0	54769	463	0	18446744073709551615
162	1	54769	463	0	18446744073709551615
162	3	54769	463	0	18446744073709551615
162	4096	54769	463	0	18446744073709551615
162	1048576	54769	463	0	18446744073709551615
162	4294967296	54769	463	0	18446744073709551615
162	6148914691236495	54769	463	0	18446744073709551615
162	144115188075855870	54769	463	5	22614048521871027
162	2305843009213693950	54769	463	64	22614048521871027
162	9223372036854775806	54769	463	249	22614048521871027
162	18446744073709551614	54769	463	463	22614048521871027
162	18446744073709551615	54769	463	463	22614048521871027
163	0	55718	283	0	18446744073709551615
163	1	55718	283	0	18446744073709551615
163	3	55718	283	0	18446744073709551615
163	4096	55718	283	0	18446744073709551615
163	1048576	55718	283	0	18446744073709551615
163	4294967296	55718	283	0	18446744073709551615
163	6148914691236495	55718	283	0	18446744073709551615
163	144115188075855870	55718	283	0	18446744073709551615
163	2305843009213693950	55718	283	43	75961879752557207
163	9223372036854775806	55718	283	150	75961879752557207
163	18446744073709551614	55718	283	283	75961879752557207
163	18446744073709551615	55718	283	283	75961879752557207
164	0	21126	597	0	18446744073709551615
164	1	21126	597	0	18446744073709551615
164	3	21126	597	0	18446744073709551615
164	4096	21126	597	0	18446744073709551615
164	1048576	21126	597	0	18446744073709551615
164	4294967296	21126	597	0	18446744073709551615
164	6148914691236495	21126	597	0	18446744073709551615
164	144115188075855870	21126	597	7	7459320456207343
164	2305843009213693950	21126	597	78	7459320456207343
164	9223372036854775806	21126	597	301	7459320456207343
164	18446744073709551614	21126	597	597	7459320456207343
164	18446744073709551615	21126	597	597	7459320456207343
165	0	9844	623	0	18446744073709551615
165	1	9844	623	0	18446744073709551615
165	3	9844	623	0	18446744073709551615
165	4096	9844	623	0	18446744073709551615
165	1048576	9844	623	0	18446744073709551615
165	4294967296	9844	623	0	18446744073709551615
165	6148914691236495	9844	623	0	18446744073709551615
165	144115188075855870	9844	623	5	3262014966259935
165	2305843009213693950	9844	623	83	3262014966259935
165	9223372036854775806	9844	623	334	3262014966259935
165	18446744073709551614	9844	623	623	3262014966259935
165	18446744073709551615	9844	623	623	3262014966259935
166	0	52152	585	0	18446744073709551615
166	1	52152	585	0	18446744073709551615
166	3	52152	585	0	18446744073709551615
166	4096	52152	585	0	18446744073709551615
166	1048576	52152	585	0	18446744073709551615
166	4294967296	52152	585	0	18446744073709551615
166	6148914691236495	52152	585	0	18446744073709551615
166	144115188075855870	52152	585	13	4921020680722700
166	2305843009213693950	52152	585	88	4921020680722700
166	9223372036854775806	52152	585	275	4921020680722700
166	18446744073709551614	52152	585	585	4921020680722700
166	18446744073709551615	52152	585	585	4921020680722700
167	0	52026	575	0	18446744073709551615
167	1	52026	575	0	18446744073709551615
167	3	52026	575	0	18446744073709551615
167	4096	52026	575	0	18446744073709551615
167	1048576	52026	575	0	18446744073709551615
167	4294967296	52026	575	0	18446744073709551615
167	6148914691236495	52026	575	0	18446744073709551615
167	144115188075855870	52026	575	5	6413457002322933
167	2305843009213693950	52026	575	77	6413457002322933
167	9223372036854775806	52026	575	287	6413457002322933
167	18446744073709551614	52026	575	575	6413457002322933
167	18446744073709551615	52026	575	575	6413457002322933
168	0	16025	575	0	18446744073709551615
168	1	16025	575	0	18446744073709551615
168	3	16025	575	0	18446744073709551615
168	4096	16025	575	0	18446744073709551615
168	1048576	16025	575	0	18446744073709551615
168	4294967296	16025	575	0	18446744073709551615
168	6148914691236495	16025	575	0	18446744073709551615
168	144115188075855870	16025	575	6	6314650064339964
168	2305843009213693950	16025	575	65	6314650064339964
168	9223372036854775806	16025	575	290	6314650064339964
168	18446744073709551614	16025	575	575	6314650064339964
168	18446744073709551615	16025	575	575	6314650064339964
169	0	45738	602	0	18446744073709551615
169	1	45738	602	0	18446744073709551615
169	3	45738	602	0	18446744073709551615
169	4096	45738	602	0	18446744073709551615
169	1048576	45738	602	0	18446744073709551615
169	4294967296	45738	602	0	18446744073709551615
169	6148914691236495	45738	602	1	2044081155117684
169	144115188075855870	45738	602	5	2044081155117684
169	2305843009213693950	45738	602	70	2044081155117684
169	9223372036854775806	45738	602	292	2044081155117684
169	18446744073709551614	45738	602	602	2044081155117684
169	18446744073709551615	45738	602	602	2044081155117684
170	0	11316	600	0	18446744073709551615
170	1	11316	600	0	18446744073709551615
170	3	11316	600	0	18446744073709551615
170	4096	11316	600	0	18446744073709551615
170	1048576	11316	600	0	18446744073709551615
170	4294967296	11316	600	0	18446744073709551615
170	6148914691236495	11316	600	1	1480196519698158
170	144115188075855870	11316	600	8	1480196519698158
170	2305843009213693950	11316	600	96	1480196519698158
170	9223372036854775806	11316	600	310	1480196519698158
170	18446744073709551614	11316	600	600	1480196519698158
170	18446744073709551615	11316	600	600	1480196519698158
171	0	58819	3	0	18446744073709551615
171	1	58819	3	0	18446744073709551615
171	3	58819	3	0	18446744073709551615
171	4096	58819	3	0	18446744073709551615
171	1048576	58819	3	0	18446744073709551615
171	4294967296	58819	3	0	18446744073709551615
171	6148914691236495	58819	3	0	18446744073709551615
171	144115188075855870	58819	3	0	18446744073709551615
171	2305843009213693950	58819	3	2	1079840469122609185
171	9223372036854775806	58819	3	2	1079840469122609185
171	18446744073709551614	58819	3	3	1079840469122609185
171	18446744073709551615	58819	3	3	1079840469122609185
172	0	57242	59	0	18446744073709551615
172	1	57242	59	0	18446744073709551615
172	3	57242	59	0	18446744073709551615
172	4096	57242	59	0	18446744073709551615
172	1048576	57242	59	0	18446744073709551615
172	4294967296	57242	59	0	18446744073709551615
172	6148914691236495	57242	59	0	18446744073709551615
172	144115188075855870	57242	59	0	18446744073709551615
172	2305843009213693950	57242	59	7	429029318572139476
172	9223372036854775806	57242	59	30	429029318572139476
172	18446744073709551614	57242	59	59	429029318572139476
172	18446744073709551615	57242	59	59	429029318572139476
173	0	20439	596	0	18446744073709551615
173	1	20439	596	0	18446744073709551615
173	3	20439	596	0	18446744073709551615
173	4096	20439	596	0	18446744073709551615
173	1048576	20439	596	0	18446744073709551615
173	4294967296	20439	596	0	18446744073709551615
173	6148914691236495	20439	596	0	18446744073709551615
173	144115188075855870	20439	596	6	19329405758519964
173	2305843009213693950	20439	596	68	19329405758519964
173	9223372036854775806	20439	596	277	19329405758519964
173	18446744073709551614	20439	596	596	19329405758519964
173	18446744073709551615	20439	596	596	19329405758519964
174	0	3582	572	0	18446744073709551615
174	1	3582	572	0	18446744073709551615
174	3	3582	572	0	18446744073709551615
174	4096	3582	572	0	18446744073709551615
174	1048576	3582	572	0	18446744073709551615
174	4294967296	3582	572	0	18446744073709551615
174	6148914691236495	3582	572	0	18446744073709551615
174	144115188075855870	3582	572	7	3439395095163929
174	2305843009213693950	3582	572	72	3439395095163929
174	9223372036854775806	3582	572	285	3439395095163929
174	18446744073709551614	3582	572	572	3439395095163929
174	18446744073709551615	3582	572	572	3439395095163929
175	0	37848	574	0	18446744073709551615
175	1	37848	574	0	18446744073709551615
175	3	37848	574	0	18446744073709551615
175	4096	37848	574	0	18446744073709551615
175	1048576	37848	574	0	18446744073709551615
175	4294967296	37848	574	0	18446744073709551615
175	6148914691236495	37848	574	0	18446744073709551615
175	144115188075855870	37848	574	5	5857004039094785
175	2305843009213693950	37848	574	71	5857004039094785
175	9223372036854775806	37848	574	296	5857004039094785
175	18446744073709551614	37848	574	574	5857004039094785
175	18446744073709551615	37848	574	574	5857004039094785
176	0	9369	598	0	18446744073709551615
176	1	9369	598	0	18446744073709551615
176	3	9369	598	0	18446744073709551615
176	4096	9369	598	0	18446744073709551615
176	1048576	9369	598	0	18446744073709551615
176	4294967296	9369	598	0	18446744073709551615
176	6148914691236495	9369	598	0	18446744073709551615
176	144115188075855870	9369	598	3	31557933865408701
176	2305843009213693950	9369	598	80	31557933865408701
176	9223372036854775806	9369	598	309	31557933865408701
176	18446744073709551614	9369	598	598	31557933865408701
176	18446744073709551615	9369	598	598	31557933865408701
177	0	39514	587	0	18446744073709551615
177	1	39514	587	0	18446744073709551615
177	3	39514	587	0	18446744073709551615
177	4096	39514	587	0	18446744073709551615
177	1048576	39514	587	0	18446744073709551615
177	4294967296	39514	587	0	18446744073709551615
177	6148914691236495	39514	587	1	2358337619855447
177	144115188075855870	39514	587	7	2358337619855447
177	2305843009213693950	39514	587	72	2358337619855447
177	9223372036854775806	39514	587	285	2358337619855447
177	18446744073709551614	39514	587	587	2358337619855447
177	18446744073709551615	39514	587	587	2358337619855447
178	0	15015	583	0	18446744073709551615
178	1	15015	583	0	18446744073709551615
178	3	15015	583	0	18446744073709551615
178	4096	15015	583	0	18446744073709551615
178	1048576	15015	583	0	18446744073709551615
178	4294967296	15015	583	0	18446744073709551615
178	6148914691236495	15015	583	1	2619666080750332
178	144115188075855870	15015	583	3	2619666080750332
178	2305843009213693950	15015	583	68	2619666080750332
178	9223372036854775806	15015	583	283	2619666080750332
178	18446744073709551614	15015	583	583	2619666080750332
178	18446744073709551615	15015	583	583	2619666080750332
179	0	7731	573	0	18446744073709551615
179	1	7731	573	0	18446744073709551615
179	3	7731	573	0	18446744073709551615
179	4096	7731	573	0	18446744073709551615
179	1048576	7731	573	0	18446744073709551615
179	4294967296	7731	573	0	18446744073709551615
179	6148914691236495	7731	573	0	18446744073709551615
179	144115188075855870	7731	573	2	40688766054872783
179	2305843009213693950	7731	573	58	40688766054872783
179	9223372036854775806	7731	573	276	40688766054872783
179	18446744073709551614	7731	573	573	40688766054872783
179	18446744073709551615	7731	573	573	40688766054872783
180	0	48474	608	0	18446744073709551615
180	1	48474	608	0	18446744073709551615
180	3	48474	608	0	18446744073709551615
180	4096	48474	608	0	18446744073709551615
180	1048576	48474	608	0	18446744073709551615
180	4294967296	48474	608	0	18446744073709551615
180	6148914691236495	48474	608	0	18446744073709551615
180	144115188075855870	48474	608	3	10086978660091539
180	2305843009213693950	48474	608	76	10086978660091539
180	9223372036854775806	48474	608	296	10086978660091539
180	18446744073709551614	48474	608	608	10086978660091539
180	18446744073709551615	48474	608	608	10086978660091539
181	0	28351	601	0	18446744073709551615
181	1	28351	601	0	18446744073709551615
181	3	28351	601	0	18446744073709551615
181	4096	28351	601	0	18446744073709551615
181	1048576	28351	601	0	18446744073709551615
181	4294967296	28351	601	0	18446744073709551615
181	6148914691236495	28351	601	0	18446744073709551615
181	144115188075855870	28351	601	4	4336871863359324
181	2305843009213693950	28351	601	63	4336871863359324
181	9223372036854775806	28351	601	286	4336871863359324
181	18446744073709551614	28351	601	601	4336871863359324
181	18446744073709551615	28351	601	601	4336871863359324
182	0	55963	247	0	18446744073709551615
182	1	55963	247	0	18446744073709551615
182	3	55963	247	0	18446744073709551615
182	4096	55963	247	0	18446744073709551615
182	1048576	55963	247	0	18446744073709551615
182	4294967296	55963	247	0	18446744073709551615
182	6148914691236495	55963	247	0	18446744073709551615
182	144115188075855870	55963	247	2	47222200524701402
182	2305843009213693950	55963	247	38	47222200524701402
182	9223372036854775806	55963	247	110	47222200524701402
182	18446744073709551614	55963	247	247	47222200524701402
182	18446744073709551615	55963	247	247	47222200524701402
183	0	59488	1	0	18446744073709551615
183	1	59488	1	0	18446744073709551615
183	3	59488	1	0	18446744073709551615
183	4096	59488	1	0	18446744073709551615
183	1048576	59488	1	0	18446744073709551615
183	4294967296	59488	1	0	18446744073709551615
183	6148914691236495	59488	1	0	18446744073709551615
183	144115188075855870	59488	1	0	18446744073709551615
183	2305843009213693950	59488	1	0	18446744073709551615
183	9223372036854775806	59488	1	0	18446744073709551615
183	18446744073709551614	59488	1	1	8122057782493808684
183	18446744073709551615	59488	1	1	8122057782493808684
184	0	42286	572	0	18446744073709551615
184	1	42286	572	0	18446744073709551615
184	3	42286	572	0	18446744073709551615
184	4096	42286	572	0	18446744073709551615
184	1048576	42286	572	0	18446744073709551615
184	4294967296	42286	572	0	18446744073709551615
184	6148914691236495	42286	572	0	18446744073709551615
184	144115188075855870	42286	572	4	7937142519783414
184	2305843009213693950	42286	572	83	7937142519783414
184	9223372036854775806	42286	572	292	7937142519783414
184	18446744073709551614	42286	572	572	7937142519783414
184	18446744073709551615	42286	572	572	7937142519783414
185	0	10244	601	0	18446744073709551615
185	1	10244	601	0	18446744073709551615
185	3	10244	601	0	18446744073709551615
185	4096	10244	601	0	18446744073709551615
185	1048576	10244	601	0	18446744073709551615
185	4294967296	10244	601	0	18446744073709551615
185	6148914691236495	10244	601	0	18446744073709551615
185	144115188075855870	10244	601	6	5537485454340146
185	2305843009213693950	10244	601	88	5537485454340146
185	9223372036854775806	10244	601	294	5537485454340146
185	18446744073709551614	10244	601	601	5537485454340146
185	18446744073709551615	10244	601	601	5537485454340146
186	0	48624	586	0	18446744073709551615
186	1	48624	586	0	18446744073709551615
186	3	48624	586	0	18446744073709551615
186	4096	48624	586	0	18446744073709551615
186	1048576	48624	586	0	18446744073709551615
186	4294967296	48624	586	0	18446744073709551615
186	6148914691236495	48624	586	0	18446744073709551615
186	144115188075855870	48624	586	4	29579736103797186
186	2305843009213693950	48624	586	62	29579736103797186
186	9223372036854775806	48624	586	300	29579736103797186
186	18446744073709551614	48624	586	586	29579736103797186
186	18446744073709551615	48624	586	586	29579736103797186
187	0	29480	577	0	18446744073709551615
187	1	29480	577	0	18446744073709551615
187	3	29480	577	0	18446744073709551615
187	4096	29480	577	0	18446744073709551615
187	1048576	29480	577	0	18446744073709551615
187	4294967296	29480	577	0	18446744073709551615
187	6148914691236495	29480	577	0	18446744073709551615
187	144115188075855870	29480	577	3	51211460443530335
187	2305843009213693950	29480	577	63	51211460443530335
187	9223372036854775806	29480	577	276	51211460443530335
187	18446744073709551614	29480	577	577	51211460443530335
187	18446744073709551615	29480	577	577	51211460443530335
188	0	19944	599	0	18446744073709551615
188	1	19944	599	0	18446744073709551615
188	3	19944	599	0	18446744073709551615
188	4096	19944	599	0	18446744073709551615
188	1048576	19944	599	0	18446744073709551615
188	4294967296	19944	599	0	18446744073709551615
188	6148914691236495	19944	599	0	18446744073709551615
188	144115188075855870	19944	599	1	70601316599191486
188	2305843009213693950	19944	599	71	70601316599191486
188	9223372036854775806	19944	599	297	70601316599191486
188	18446744073709551614	19944	599	599	70601316599191486
188	18446744073709551615	19944	599	599	70601316599191486
189	0	46072	595	0	18446744073709551615
189	1	46072	595	0	18446744073709551615
189	3	46072	595	0	18446744073709551615
189	4096	46072	595	0	18446744073709551615
189	1048576	46072	595	0	18446744073709551615
189	4294967296	46072	595	0	18446744073709551615
189	6148914691236495	46072	595	0	18446744073709551615
189	144115188075855870	46072	595	5	9980762093376602
189	2305843009213693950	46072	595	88	9980762093376602
189	9223372036854775806	46072	595	302	9980762093376602
189	18446744073709551614	46072	595	595	9980762093376602
189	18446744073709551615	46072	595	595	9980762093376602
190	0	5194	610	0	18446744073709551615
190	1	5194	610	0	18446744073709551615
190	3	5194	610	0	18446744073709551615
190	4096	5194	610	0	18446744073709551615
190	1048576	5194	610	0	18446744073709551615
190	4294967296	5194	610	0	18446744073709551615
190	6148914691236495	5194	610	0	18446744073709551615
190	144115188075855870	5194	610	5	31087653612191178
190	2305843009213693950	5194	610	82	31087653612191178
190	9223372036854775806	5194	610	310	31087653612191178
190	18446744073709551614	5194	610	610	31087653612191178
190	18446744073709551615	5194	610	610	31087653612191178
191	0	19599	586	0	18446744073709551615
191	1	19599	586	0	18446744073709551615
191	3	19599	586	0	18446744073709551615
191	4096	19599	586	0	18446744073709551615
191	1048576	19599	586	0	18446744073709551615
191	4294967296	19599	586	0	18446744073709551615
191	6148914691236495	19599	586	0	18446744073709551615
191	144115188075855870	19599	586	3	5799432306231494
191	2305843009213693950	19599	586	79	5799432306231494
191	9223372036854775806	19599	586	301	5799432306231494
191	18446744073709551614	19599	586	586	5799432306231494
191	18446744073709551615	19599	586	586	5799432306231494
192	0	7193	589	0	18446744073709551615
192	1	7193	589	0	18446744073709551615
192	3	7193	589	0	18446744073709551615
192	4096	7193	589	0	18446744073709551615
192	1048576	7193	589	0	18446744073709551615
192	4294967296	7193	589	0	18446744073709551615
192	6148914691236495	7193	589	0	18446744073709551615
192	144115188075855870	7193	589	5	23495694372330296
192	2305843009213693950	7193	589	73	23495694372330296
192	9223372036854775806	7193	589	287	23495694372330296
192	18446744073709551614	7193	589	589	23495694372330296
192	18446744073709551615	7193	589	589	23495694372330296
193	0	42879	551	0	18446744073709551615
193	1	42879	551	0	18446744073709551615
193	3	42879	551	0	18446744073709551615
193	4096	42879	551	0	18446744073709551615
193	1048576	42879	551	0	18446744073709551615
193	4294967296	42879	551	0	18446744073709551615
193	6148914691236495	42879	551	0	18446744073709551615
193	144115188075855870	42879	551	4	18775684049093716
193	2305843009213693950	42879	551	56	18775684049093716
193	9223372036854775806	42879	551	260	18775684049093716
193	18446744073709551614	42879	551	551	18775684049093716
193	18446744073709551615	42879	551	551	18775684049093716
194	0	31650	576	0	18446744073709551615
194	1	31650	576	0	18446744073709551615
194	3	31650	576	0	18446744073709551615
194	4096	31650	576	0	18446744073709551615
194	1048576	31650	576	0	18446744073709551615
194	4294967296	31650	576	0	18446744073709551615
194	6148914691236495	31650	576	1	392102357207841
194	144115188075855870	31650	576	5	392102357207841
194	2305843009213693950	31650	576	74	392102357207841
194	9223372036854775806	31650	576	289	392102357207841
194	18446744073709551614	31650	576	576	392102357207841
194	18446744073709551615	31650	576	576	392102357207841
195	0	60732	0	0	18446744073709551615
195	1	60732	0	0	18446744073709551615
195	3	60732	0	0	18446744073709551615
195	4096	60732	0	0	18446744073709551615
195	1048576	60732	0	0	18446744073709551615
195	4294967296	60732	0	0	18446744073709551615
195	6148914691236495	60732	0	0	18446744073709551615
195	144115188075855870	60732	0	0	18446744073709551615
195	2305843009213693950	60732	0	0	18446744073709551615
195	9223372036854775806	60732	0	0	18446744073709551615
195	18446744073709551614	60732	0	0	18446744073709551615
195	18446744073709551615	60732	0	0	18446744073709551615
196	0	3579	593	0	18446744073709551615
196	1	3579	593	0	18446744073709551615
196	3	3579	593	0	18446744073709551615
196	4096	3579	593	0	18446744073709551615
196	1048576	3579	593	0	18446744073709551615
196	4294967296	3579	593	0	18446744073709551615
196	6148914691236495	3579	593	0	18446744073709551615
196	144115188075855870	3579	593	1	16481668299463684
196	2305843009213693950	3579	593	63	16481668299463684
196	9223372036854775806	3579	593	275	16481668299463684
196	18446744073709551614	3579	593	593	16481668299463684
196	18446744073709551615	3579	593	593	16481668299463684
197	0	8055	592	0	18446744073709551615
197	1	8055	592	0	18446744073709551615
197	3	8055	592	0	18446744073709551615
197	4096	8055	592	0	18446744073709551615
197	1048576	8055	592	0	18446744073709551615
197	4294967296	8055	592	0	18446744073709551615
197	6148914691236495	8055	592	0	18446744073709551615
197	144115188075855870	8055	592	7	8381599140896681
197	2305843009213693950	8055	592	87	8381599140896681
197	9223372036854775806	8055	592	313	8381599140896681
197	18446744073709551614	8055	592	592	8381599140896681
197	18446744073709551615	8055	592	592	8381599140896681
198	0	52614	582	0	18446744073709551615
198	1	52614	582	0	18446744073709551615
198	3	52614	582	0	18446744073709551615
198	4096	52614	582	0	18446744073709551615
198	1048576	52614	582	0	18446744073709551615
198	4294967296	52614	582	0	18446744073709551615
198	6148914691236495	52614	582	0	18446744073709551615
198	144115188075855870	52614	582	4	21167926575543451
198	2305843009213693950	52614	582	80	21167926575543451
198	9223372036854775806	52614	582	321	21167926575543451
198	18446744073709551614	52614	582	582	21167926575543451
198	18446744073709551615	52614	582	582	21167926575543451
199	0	38538	561	0	18446744073709551615
199	1	38538	561	0	18446744073709551615
199	3	38538	561	0	18446744073709551615
199	4096	38538	561	0	18446744073709551615
199	1048576	38538	561	0	18446744073709551615
199	4294967296	38538	561	0	18446744073709551615
199	6148914691236495	38538	561	0	18446744073709551615
199	144115188075855870	38538	561	3	22439103366638887
199	2305843009213693950	38538	561	70	22439103366638887
199	9223372036854775806	38538	561	269	22439103366638887
199	18446744073709551614	38538	561	561	22439103366638887
199	18446744073709551615	38538	561	561	22439103366638887
200	0	28040	597	0	18446744073709551615
200	1	28040	597	0	18446744073709551615
200	3	28040	597	0	18446744073709551615
200	4096	28040	597	0	18446744073709551615
200	1048576	28040	597	0	18446744073709551615
200	4294967296	28040	597	0	18446744073709551615
200	6148914691236495	28040	597	0	18446744073709551615
200	144115188075855870	28040	597	1	63322608976018912
200	2305843009213693950	28040	597	71	63322608976018912
200	9223372036854775806	28040	597	283	63322608976018912
200	18446744073709551614	28040	597	597	63322608976018912
200	18446744073709551615	28040	597	597	63322608976018912
201	0	48477	591	0	18446744073709551615
201	1	48477	591	0	18446744073709551615
201	3	48477	591	0	18446744073709551615
201	4096	48477	591	0	18446744073709551615
201	1048576	48477	591	0	18446744073709551615
201	4294967296	48477	591	0	18446744073709551615
201	6148914691236495	48477	591	1	1411760616960178
201	144115188075855870	48477	591	7	1411760616960178
201	2305843009213693950	48477	591	63	1411760616960178
201	9223372036854775806	48477	591	290	1411760616960178
201	18446744073709551614	48477	591	591	1411760616960178
201	18446744073709551615	48477	591	591	1411760616960178
202	0	21061	570	0	18446744073709551615
202	1	21061	570	0	18446744073709551615
202	3	21061	570	0	18446744073709551615
202	4096	21061	570	0	18446744073709551615
202	1048576	21061	570	0	18446744073709551615
202	4294967296	21061	570	0	18446744073709551615
202	6148914691236495	21061	570	0	18446744073709551615
202	144115188075855870	21061	570	2	11787725324601071
202	2305843009213693950	21061	570	63	11787725324601071
202	9223372036854775806	21061	570	267	11787725324601071
202	18446744073709551614	21061	570	570	11787725324601071
202	18446744073709551615	21061	570	570	11787725324601071
203	0	53704	563	0	18446744073709551615
203	1	53704	563	0	18446744073709551615
203	3	53704	563	0	18446744073709551615
203	4096	53704	563	0	18446744073709551615
203	1048576	53704	563	0	18446744073709551615
203	4294967296	53704	563	0	18446744073709551615
203	6148914691236495	53704	563	0	18446744073709551615
203	144115188075855870	53704	563	5	18130188005194004
203	2305843009213693950	53704	563	54	18130188005194004
203	9223372036854775806	53704	563	268	18130188005194004
203	18446744073709551614	53704	563	563	18130188005194004
203	18446744073709551615	53704	563	563	18130188005194004
204	0	28246	590	0	18446744073709551615
204	1	28246	590	0	18446744073709551615
204	3	28246	590	0	18446744073709551615
204	4096	28246	590	0	18446744073709551615
204	1048576	28246	590	0	18446744073709551615
204	4294967296	28246	590	0	18446744073709551615
204	6148914691236495	28246	590	1	1983508629842029
204	144115188075855870	28246	590	7	1983508629842029
204	2305843009213693950	28246	590	68	1983508629842029
204	9223372036854775806	28246	590	281	1983508629842029
204	18446744073709551614	28246	590	590	1983508629842029
204	18446744073709551615	28246	590	590	1983508629842029
205	0	61038	0	0	18446744073709551615
205	1	61038	0	0	18446744073709551615
205	3	61038	0	0	18446744073709551615
205	4096	61038	0	0	18446744073709551615
205	1048576	61038	0	0	18446744073709551615
205	4294967296	61038	0	0	18446744073709551615
205	6148914691236495	61038	0	0	18446744073709551615
205	144115188075855870	61038	0	0	18446744073709551615
205	2305843009213693950	61038	0	0	18446744073709551615
205	9223372036854775806	61038	0	0	18446744073709551615
205	18446744073709551614	61038	0	0	18446744073709551615
205	18446744073709551615	61038	0	0	18446744073709551615
206	0	49293	579	0	18446744073709551615
206	1	49293	579	0	18446744073709551615
206	3	49293	579	0	18446744073709551615
206	4096	49293	579	0	18446744073709551615
206	1048576	49293	579	0	18446744073709551615
206	4294967296	49293	579	0	18446744073709551615
206	6148914691236495	49293	579	0	18446744073709551615
206	144115188075855870	49293	579	7	20328307405456874
206	2305843009213693950	49293	579	81	20328307405456874
206	9223372036854775806	49293	579	275	20328307405456874
206	18446744073709551614	49293	579	579	20328307405456874
206	18446744073709551615	49293	579	579	20328307405456874
207	0	56880	94	0	18446744073709551615
207	1	56880	94	0	18446744073709551615
207	3	56880	94	0	18446744073709551615
207	4096	56880	94	0	18446744073709551615
207	1048576	56880	94	0	18446744073709551615
207	4294967296	56880	94	0	18446744073709551615
207	6148914691236495	56880	94	0	18446744073709551615
207	144115188075855870	56880	94	0	18446744073709551615
207	2305843009213693950	56880	94	8	475459274490207660
207	9223372036854775806	56880	94	44	475459274490207660
207	18446744073709551614	56880	94	94	475459274490207660
207	18446744073709551615	56880	94	94	475459274490207660
208	0	31719	606	0	18446744073709551615
208	1	31719	606	0	18446744073709551615
208	3	31719	606	0	18446744073709551615
208	4096	31719	606	0	18446744073709551615
208	1048576	31719	606	0	18446744073709551615
208	4294967296	31719	606	0	18446744073709551615
208	6148914691236495	31719	606	0	18446744073709551615
208	144115188075855870	31719	606	6	20597519769119475
208	2305843009213693950	31719	606	83	20597519769119475
208	9223372036854775806	31719	606	318	20597519769119475
208	18446744073709551614	31719	606	606	20597519769119475
208	18446744073709551615	31719	606	606	20597519769119475
209	0	61854	0	0	18446744073709551615
209	1	61854	0	0	18446744073709551615
209	3	61854	0	0	18446744073709551615
209	4096	61854	0	0	18446744073709551615
209	1048576	61854	0	0	18446744073709551615
209	4294967296	61854	0	0	18446744073709551615
209	6148914691236495	61854	0	0	18446744073709551615
209	144115188075855870	61854	0	0	18446744073709551615
209	2305843009213693950	61854	0	0	18446744073709551615
209	9223372036854775806	61854	0	0	18446744073709551615
209	18446744073709551614	61854	0	0	18446744073709551615
209	18446744073709551615	61854	0	0	18446744073709551615
210	0	63763	0	0	18446744073709551615
210	1	63763	0	0	18446744073709551615
210	3	63763	0	0	18446744073709551615
210	4096	63763	0	0	18446744073709551615
210	1048576	63763	0	0	18446744073709551615
210	4294967296	63763	0	0	18446744073709551615
210	6148914691236495	63763	0	0	18446744073709551615
210	144115188075855870	63763	0	0	18446744073709551615
210	2305843009213693950	63763	0	0	18446744073709551615
210	9223372036854775806	63763	0	0	18446744073709551615
210	18446744073709551614	63763	0	0	18446744073709551615
210	18446744073709551615	63763	0	0	18446744073709551615
211	0	26965	572	0	18446744073709551615
211	1	26965	572	0	18446744073709551615
211	3	26965	572	0	18446744073709551615
211	4096	26965	572	0	18446744073709551615
211	1048576	26965	572	0	18446744073709551615
211	4294967296	26965	572	0	18446744073709551615
211	6148914691236495	26965	572	0	18446744073709551615
211	144115188075855870	26965	572	0	18446744073709551615
211	2305843009213693950	26965	572	77	101162797104178116
211	9223372036854775806	26965	572	300	101162797104178116
211	18446744073709551614	26965	572	572	101162797104178116
211	18446744073709551615	26965	572	572	101162797104178116
212	0	26932	587	0	18446744073709551615
212	1	26932	587	0	18446744073709551615
212	3	26932	587	0	18446744073709551615
212	4096	26932	587	0	18446744073709551615
212	1048576	26932	587	0	18446744073709551615
212	4294967296	26932	587	0	18446744073709551615
212	6148914691236495	26932	587	0	18446744073709551615
212	144115188075855870	26932	587	6	9792578922598883
212	2305843009213693950	26932	587	78	9792578922598883
212	9223372036854775806	26932	587	281	9792578922598883
212	18446744073709551614	26932	587	587	9792578922598883
212	18446744073709551615	26932	587	587	9792578922598883
213	0	51056	599	0	18446744073709551615
213	1	51056	599	0	18446744073709551615
213	3	51056	599	0	18446744073709551615
213	4096	51056	599	0	18446744073709551615
213	1048576	51056	599	0	18446744073709551615
213	4294967296	51056	599	0	18446744073709551615
213	6148914691236495	51056	599	0	18446744073709551615
213	144115188075855870	51056	599	4	9659788649529521
213	2305843009213693950	51056	599	95	9659788649529521
213	9223372036854775806	51056	599	294	9659788649529521
213	18446744073709551614	51056	599	599	9659788649529521
213	18446744073709551615	51056	599	599	9659788649529521
214	0	45425	609	0	18446744073709551615
214	1	45425	609	0	18446744073709551615
214	3	45425	609	0	18446744073709551615
214	4096	45425	609	0	18446744073709551615
214	1048576	45425	609	0	18446744073709551615
214	4294967296	45425	609	0	18446744073709551615
214	6148914691236495	45425	609	0	18446744073709551615
214	144115188075855870	45425	609	6	4132575807331175
214	2305843009213693950	45425	609	63	4132575807331175
214	9223372036854775806	45425	609	294	4132575807331175
214	18446744073709551614	45425	609	609	4132575807331175
214	18446744073709551615	45425	609	609	4132575807331175
215	0	15440	589	0	18446744073709551615
215	1	15440	589	0	18446744073709551615
215	3	15440	589	0	18446744073709551615
215	4096	15440	589	0	18446744073709551615
215	1048576	15440	589	0	18446744073709551615
215	4294967296	15440	589	0	18446744073709551615
215	6148914691236495	15440	589	0	18446744073709551615
215	144115188075855870	15440	589	2	14070728338298273
215	2305843009213693950	15440	589	63	14070728338298273
215	9223372036854775806	15440	589	294	14070728338298273
215	18446744073709551614	15440	589	589	14070728338298273
215	18446744073709551615	15440	589	589	14070728338298273
216	0	27264	561	0	18446744073709551615
216	1	27264	561	0	18446744073709551615
216	3	27264	561	0	18446744073709551615
216	4096	27264	561	0	18446744073709551615
216	1048576	27264	561	0	18446744073709551615
216	4294967296	27264	561	0	18446744073709551615
216	6148914691236495	27264	561	0	18446744073709551615
216	144115188075855870	27264	561	3	13810087452406753
216	2305843009213693950	27264	561	58	13810087452406753
216	9223372036854775806	27264	561	287	13810087452406753
216	18446744073709551614	27264	561	561	13810087452406753
216	18446744073709551615	27264	561	561	13810087452406753
217	0	10293	578	0	18446744073709551615
217	1	10293	578	0	18446744073709551615
217	3	10293	578	0	18446744073709551615
217	4096	10293	578	0	18446744073709551615
217	1048576	10293	578	0	18446744073709551615
217	4294967296	10293	578	0	18446744073709551615
217	6148914691236495	10293	578	0	18446744073709551615
217	144115188075855870	10293	578	2	32939000247881430
217	2305843009213693950	10293	578	82	32939000247881430
217	9223372036854775806	10293	578	303	32939000247881430
217	18446744073709551614	10293	578	578	32939000247881430
217	18446744073709551615	10293	578	578	32939000247881430
218	0	58785	3	0	18446744073709551615
218	1	58785	3	0	18446744073709551615
218	3	58785	3	0	18446744073709551615
218	4096	58785	3	0	18446744073709551615
218	1048576	58785	3	0	18446744073709551615
218	4294967296	58785	3	0	18446744073709551615
218	6148914691236495	58785	3	0	18446744073709551615
218	144115188075855870	58785	3	0	18446744073709551615
218	2305843009213693950	58785	3	0	18446744073709551615
218	9223372036854775806	58785	3	1	1919603494220849435
218	18446744073709551614	58785	3	3	1919603494220849435
218	18446744073709551615	58785	3	3	1919603494220849435
219	0	44418	588	0	18446744073709551615
219	1	44418	588	0	18446744073709551615
219	3	44418	588	0	18446744073709551615
219	4096	44418	588	0	18446744073709551615
219	1048576	44418	588	0	18446744073709551615
219	4294967296	44418	588	0	18446744073709551615
219	6148914691236495	44418	588	0	18446744073709551615
219	144115188075855870	44418	588	3	21362803933816539
219	2305843009213693950	44418	588	71	21362803933816539
219	9223372036854775806	44418	588	283	21362803933816539
219	18446744073709551614	44418	588	588	21362803933816539
219	18446744073709551615	44418	588	588	21362803933816539
220	0	12533	571	0	18446744073709551615
220	1	12533	571	0	18446744073709551615
220	3	12533	571	0	18446744073709551615
220	4096	12533	571	0	18446744073709551615
220	1048576	12533	571	0	18446744073709551615
220	4294967296	12533	571	0	18446744073709551615
220	6148914691236495	12533	571	0	18446744073709551615
220	144115188075855870	12533	571	3	15870106160042386
220	2305843009213693950	12533	571	69	15870106160042386
220	9223372036854775806	12533	571	275	15870106160042386
220	18446744073709551614	12533	571	571	15870106160042386
220	18446744073709551615	12533	571	571	15870106160042386
221	0	40154	572	0	18446744073709551615
221	1	40154	572	0	18446744073709551615
221	3	40154	572	0	18446744073709551615
221	4096	40154	572	0	18446744073709551615
221	1048576	40154	572	0	18446744073709551615
221	4294967296	40154	572	0	18446744073709551615
221	6148914691236495	40154	572	0	18446744073709551615
221	144115188075855870	40154	572	5	18644500564701617
221	2305843009213693950	40154	572	61	18644500564701617
221	9223372036854775806	40154	572	287	18644500564701617
221	18446744073709551614	40154	572	572	18644500564701617
221	18446744073709551615	40154	572	572	18644500564701617
222	0	31222	599	0	18446744073709551615
222	1	31222	599	0	18446744073709551615
222	3	31222	599	0	18446744073709551615
222	4096	31222	599	0	18446744073709551615
222	1048576	31222	599	0	18446744073709551615
222	4294967296	31222	599	0	18446744073709551615
222	6148914691236495	31222	599	0	18446744073709551615
222	144115188075855870	31222	599	9	18113717846122501
222	2305843009213693950	31222	599	87	18113717846122501
222	9223372036854775806	31222	599	300	18113717846122501
222	18446744073709551614	31222	599	599	18113717846122501
222	18446744073709551615	31222	599	599	18113717846122501
223	0	8514	566	0	18446744073709551615
223	1	8514	566	0	18446744073709551615
223	3	8514	566	0	18446744073709551615
223	4096	8514	566	0	18446744073709551615
223	1048576	8514	566	0	18446744073709551615
223	4294967296	8514	566	0	18446744073709551615
223	6148914691236495	8514	566	0	18446744073709551615
223	144115188075855870	8514	566	3	3836372704757075
223	2305843009213693950	8514	566	73	3836372704757075
223	9223372036854775806	8514	566	283	3836372704757075
223	18446744073709551614	8514	566	566	3836372704757075
223	18446744073709551615	8514	566	566	3836372704757075
224	0	8713	583	0	18446744073709551615
224	1	8713	583	0	18446744073709551615
224	3	8713	583	0	18446744073709551615
224	4096	8713	583	0	18446744073709551615
224	1048576	8713	583	0	18446744073709551615
224	4294967296	8713	583	0	18446744073709551615
224	6148914691236495	8713	583	0	18446744073709551615
224	144115188075855870	8713	583	5	9366606391282017
224	2305843009213693950	8713	583	78	9366606391282017
224	9223372036854775806	8713	583	287	9366606391282017
224	18446744073709551614	8713	583	583	9366606391282017
224	18446744073709551615	8713	583	583	9366606391282017
225	0	5571	579	0	18446744073709551615
225	1	5571	579	0	18446744073709551615
225	3	5571	579	0	18446744073709551615
225	4096	5571	579	0	18446744073709551615
225	1048576	5571	579	0	18446744073709551615
225	4294967296	5571	579	0	18446744073709551615
225	6148914691236495	5571	579	0	18446744073709551615
225	144115188075855870	5571	579	4	15737554388217179
225	2305843009213693950	5571	579	58	15737554388217179
225	9223372036854775806	5571	579	289	15737554388217179
225	18446744073709551614	5571	579	579	15737554388217179
225	18446744073709551615	5571	579	579	15737554388217179
226	0	22162	583	0	18446744073709551615
226	1	22162	583	0	18446744073709551615
226	3	22162	583	0	18446744073709551615
226	4096	22162	583	0	18446744073709551615
226	1048576	22162	583	0	18446744073709551615
226	4294967296	22162	583	0	18446744073709551615
226	6148914691236495	22162	583	0	18446744073709551615
226	144115188075855870	22162	583	5	11598523787207574
226	2305843009213693950	22162	583	80	11598523787207574
226	9223372036854775806	22162	583	301	11598523787207574
226	18446744073709551614	22162	583	583	11598523787207574
226	18446744073709551615	22162	583	583	11598523787207574
227	0	58759	4	0	18446744073709551615
227	1	58759	4	0	18446744073709551615
227	3	58759	4	0	18446744073709551615
227	4096	58759	4	0	18446744073709551615
227	1048576	58759	4	0	18446744073709551615
227	4294967296	58759	4	0	18446744073709551615
227	6148914691236495	58759	4	1	2715826676747774
227	144115188075855870	58759	4	1	2715826676747774
227	2305843009213693950	58759	4	1	2715826676747774
227	9223372036854775806	58759	4	1	2715826676747774
227	18446744073709551614	58759	4	4	2715826676747774
227	18446744073709551615	58759	4	4	2715826676747774
228	0	42633	598	0	18446744073709551615
228	1	42633	598	0	18446744073709551615
228	3	42633	598	0	18446744073709551615
228	4096	42633	598	0	18446744073709551615
228	1048576	42633	598	0	18446744073709551615
228	4294967296	42633	598	0	18446744073709551615
228	6148914691236495	42633	598	0	18446744073709551615
228	144115188075855870	42633	598	8	4346951356595713
228	2305843009213693950	42633	598	82	4346951356595713
228	9223372036854775806	42633	598	333	4346951356595713
228	18446744073709551614	42633	598	598	4346951356595713
228	18446744073709551615	42633	598	598	4346951356595713
229	0	43448	591	0	18446744073709551615
229	1	43448	591	0	18446744073709551615
229	3	43448	591	0	18446744073709551615
229	4096	43448	591	0	18446744073709551615
229	1048576	43448	591	0	18446744073709551615
229	4294967296	43448	591	0	18446744073709551615
229	6148914691236495	43448	591	1	1229180655616500
229	144115188075855870	43448	591	4	1229180655616500
229	2305843009213693950	43448	591	88	1229180655616500
229	9223372036854775806	43448	591	295	1229180655616500
229	18446744073709551614	43448	591	591	1229180655616500
229	18446744073709551615	43448	591	591	1229180655616500
230	0	52047	579	0	18446744073709551615
230	1	52047	579	0	18446744073709551615
230	3	52047	579	0	18446744073709551615
230	4096	52047	579	0	18446744073709551615
230	1048576	52047	579	0	18446744073709551615
230	4294967296	52047	579	0	18446744073709551615
230	6148914691236495	52047	579	0	18446744073709551615
230	144115188075855870	52047	579	5	22646589104432873
230	2305843009213693950	52047	579	76	22646589104432873
230	9223372036854775806	52047	579	300	22646589104432873
230	18446744073709551614	52047	579	579	22646589104432873
230	18446744073709551615	52047	579	579	22646589104432873
231	0	19414	603	0	18446744073709551615
231	1	19414	603	0	18446744073709551615
231	3	19414	603	0	18446744073709551615
231	4096	19414	603	0	18446744073709551615
231	1048576	19414	603	0	18446744073709551615
231	4294967296	19414	603	0	18446744073709551615
231	6148914691236495	19414	603	0	18446744073709551615
231	144115188075855870	19414	603	3	18243569793869604
231	2305843009213693950	19414	603	69	18243569793869604
231	9223372036854775806	19414	603	306	18243569793869604
231	18446744073709551614	19414	603	603	18243569793869604
231	18446744073709551615	19414	603	603	18243569793869604
232	0	37587	569	0	18446744073709551615
232	1	37587	569	0	18446744073709551615
232	3	37587	569	0	18446744073709551615
232	4096	37587	569	0	18446744073709551615
232	1048576	37587	569	0	18446744073709551615
232	4294967296	37587	569	0	18446744073709551615
232	6148914691236495	37587	569	0	18446744073709551615
232	144115188075855870	37587	569	2	34806994296472872
232	2305843009213693950	37587	569	73	34806994296472872
232	9223372036854775806	37587	569	300	34806994296472872
232	18446744073709551614	37587	569	569	34806994296472872
232	18446744073709551615	37587	569	569	34806994296472872
233	0	26040	594	0	18446744073709551615
233	1	26040	594	0	18446744073709551615
233	3	26040	594	0	18446744073709551615
233	4096	26040	594	0	18446744073709551615
233	1048576	26040	594	0	18446744073709551615
233	4294967296	26040	594	0	18446744073709551615
233	6148914691236495	26040	594	0	18446744073709551615
233	144115188075855870	26040	594	4	51461924720156174
233	2305843009213693950	26040	594	70	51461924720156174
233	9223372036854775806	26040	594	281	51461924720156174
233	18446744073709551614	26040	594	594	51461924720156174
233	18446744073709551615	26040	594	594	51461924720156174
234	0	41122	589	0	18446744073709551615
234	1	41122	589	0	18446744073709551615
234	3	41122	589	0	18446744073709551615
234	4096	41122	589	0	18446744073709551615
234	1048576	41122	589	0	18446744073709551615
234	4294967296	41122	589	0	18446744073709551615
234	6148914691236495	41122	589	0	18446744073709551615
234	144115188075855870	41122	589	1	50723402369750209
234	2305843009213693950	41122	589	75	50723402369750209
234	9223372036854775806	41122	589	290	50723402369750209
234	18446744073709551614	41122	589	589	50723402369750209
234	18446744073709551615	41122	589	589	50723402369750209
235	0	49077	582	0	18446744073709551615
235	1	49077	582	0	18446744073709551615
235	3	49077	582	0	18446744073709551615
235	4096	49077	582	0	18446744073709551615
235	1048576	49077	582	0	18446744073709551615
235	4294967296	49077	582	0	18446744073709551615
235	6148914691236495	49077	582	0	18446744073709551615
235	144115188075855870	49077	582	8	36564358392350587
235	2305843009213693950	49077	582	72	36564358392350587
235	9223372036854775806	49077	582	298	36564358392350587
235	18446744073709551614	49077	582	582	36564358392350587
235	18446744073709551615	49077	582	582	36564358392350587
236	0	26694	608	0	18446744073709551615
236	1	26694	608	0	18446744073709551615
236	3	26694	608	0	18446744073709551615
236	4096	26694	608	0	18446744073709551615
236	1048576	26694	608	0	18446744073709551615
236	4294967296	26694	608	0	18446744073709551615
236	6148914691236495	26694	608	2	312080908738229
236	144115188075855870	26694	608	6	312080908738229
236	2305843009213693950	26694	608	68	312080908738229
236	9223372036854775806	26694	608	296	312080908738229
236	18446744073709551614	26694	608	608	312080908738229
236	18446744073709551615	26694	608	608	312080908738229
237	0	3635	576	0	18446744073709551615
237	1	3635	576	0	18446744073709551615
237	3	3635	576	0	18446744073709551615
237	4096	3635	576	0	18446744073709551615
237	1048576	3635	576	0	18446744073709551615
237	4294967296	3635	576	0	18446744073709551615
237	6148914691236495	3635	576	0	18446744073709551615
237	144115188075855870	3635	576	7	9000224353067561
237	2305843009213693950	3635	576	66	9000224353067561
237	9223372036854775806	3635	576	268	9000224353067561
237	18446744073709551614	3635	576	576	9000224353067561
237	18446744073709551615	3635	576	576	9000224353067561
238	0	28720	617	0	18446744073709551615
238	1	28720	617	0	18446744073709551615
238	3	28720	617	0	18446744073709551615
238	4096	28720	617	0	18446744073709551615
238	1048576	28720	617	0	18446744073709551615
238	4294967296	28720	617	0	18446744073709551615
238	6148914691236495	28720	617	1	2621548311912407
238	144115188075855870	28720	617	5	2621548311912407
238	2305843009213693950	28720	617	83	2621548311912407
238	9223372036854775806	28720	617	311	2621548311912407
238	18446744073709551614	28720	617	617	2621548311912407
238	18446744073709551615	28720	617	617	2621548311912407
239	0	49469	544	0	18446744073709551615
239	1	49469	544	0	18446744073709551615
239	3	49469	544	0	18446744073709551615
239	4096	49469	544	0	18446744073709551615
239	1048576	49469	544	0	18446744073709551615
239	4294967296	49469	544	0	18446744073709551615
239	6148914691236495	49469	544	0	18446744073709551615
239	144115188075855870	49469	544	10	7454257807528404
239	2305843009213693950	49469	544	84	7454257807528404
239	9223372036854775806	49469	544	276	7454257807528404
239	18446744073709551614	49469	544	544	7454257807528404
239	18446744073709551615	49469	544	544	7454257807528404
240	0	35634	596	0	18446744073709551615
240	1	35634	596	0	18446744073709551615
240	3	35634	596	0	18446744073709551615
240	4096	35634	596	0	18446744073709551615
240	1048576	35634	596	0	18446744073709551615
240	4294967296	35634	596	0	18446744073709551615
240	6148914691236495	35634	596	0	18446744073709551615
240	144115188075855870	35634	596	7	3987913415648741
240	2305843009213693950	35634	596	90	3987913415648741
240	9223372036854775806	35634	596	326	3987913415648741
240	18446744073709551614	35634	596	596	3987913415648741
240	18446744073709551615	35634	596	596	3987913415648741
241	0	53796	555	0	18446744073709551615
241	1	53796	555	0	18446744073709551615
241	3	53796	555	0	18446744073709551615
241	4096	53796	555	0	18446744073709551615
241	1048576	53796	555	0	18446744073709551615
241	4294967296	53796	555	0	18446744073709551615
241	6148914691236495	53796	555	0	18446744073709551615
241	144115188075855870	53796	555	5	4438409924663428
241	2305843009213693950	53796	555	76	4438409924663428
241	9223372036854775806	53796	555	281	4438409924663428
241	18446744073709551614	53796	555	555	4438409924663428
241	18446744073709551615	53796	555	555	4438409924663428
242	0	18462	586	0	18446744073709551615
242	1	18462	586	0	18446744073709551615
242	3	18462	586	0	18446744073709551615
242	4096	18462	586	0	18446744073709551615
242	1048576	18462	586	0	18446744073709551615
242	4294967296	18462	586	0	18446744073709551615
242	6148914691236495	18462	586	0	18446744073709551615
242	144115188075855870	18462	586	5	11189826568186615
242	2305843009213693950	18462	586	70	11189826568186615
242	9223372036854775806	18462	586	277	11189826568186615
242	18446744073709551614	18462	586	586	11189826568186615
242	18446744073709551615	18462	586	586	11189826568186615
243	0	7657	582	0	18446744073709551615
243	1	7657	582	0	18446744073709551615
243	3	7657	582	0	18446744073709551615
243	4096	7657	582	0	18446744073709551615
243	1048576	7657	582	0	18446744073709551615
243	4294967296	7657	582	0	18446744073709551615
243	6148914691236495	7657	582	0	18446744073709551615
243	144115188075855870	7657	582	4	25617601853703950
243	2305843009213693950	7657	582	64	25617601853703950
243	9223372036854775806	7657	582	294	25617601853703950
243	18446744073709551614	7657	582	582	25617601853703950
243	18446744073709551615	7657	582	582	25617601853703950
244	0	23056	585	0	18446744073709551615
244	1	23056	585	0	18446744073709551615
244	3	23056	585	0	18446744073709551615
244	4096	23056	585	0	18446744073709551615
244	1048576	23056	585	0	18446744073709551615
244	4294967296	23056	585	0	18446744073709551615
244	6148914691236495	23056	585	0	18446744073709551615
244	144115188075855870	23056	585	7	6628384891538880
244	2305843009213693950	23056	585	89	6628384891538880
244	9223372036854775806	23056	585	290	6628384891538880
244	18446744073709551614	23056	585	585	6628384891538880
244	18446744073709551615	23056	585	585	6628384891538880
245	0	11425	593	0	18446744073709551615
245	1	11425	593	0	18446744073709551615
245	3	11425	593	0	18446744073709551615
245	4096	11425	593	0	18446744073709551615
245	1048576	11425	593	0	18446744073709551615
245	4294967296	11425	593	0	18446744073709551615
245	6148914691236495	11425	593	0	18446744073709551615
245	144115188075855870	11425	593	5	34383693785463376
245	2305843009213693950	11425	593	89	34383693785463376
245	9223372036854775806	11425	593	296	34383693785463376
245	18446744073709551614	11425	593	593	34383693785463376
245	18446744073709551615	11425	593	593	34383693785463376
246	0	4131	573	0	18446744073709551615
246	1	4131	573	0	18446744073709551615
246	3	4131	573	0	18446744073709551615
246	4096	4131	573	0	18446744073709551615
246	1048576	4131	573	0	18446744073709551615
246	4294967296	4131	573	0	18446744073709551615
246	6148914691236495	4131	573	0	18446744073709551615
246	144115188075855870	4131	573	2	33377522103692050
246	2305843009213693950	4131	573	62	33377522103692050
246	9223372036854775806	4131	573	280	33377522103692050
246	18446744073709551614	4131	573	573	33377522103692050
246	18446744073709551615	4131	573	573	33377522103692050
247	0	52458	593	0	18446744073709551615
247	1	52458	593	0	18446744073709551615
247	3	52458	593	0	18446744073709551615
247	4096	52458	593	0	18446744073709551615
247	1048576	52458	593	0	18446744073709551615
247	4294967296	52458	593	0	18446744073709551615
247	6148914691236495	52458	593	0	18446744073709551615
247	144115188075855870	52458	593	10	3726786378977637
247	2305843009213693950	52458	593	82	3726786378977637
247	9223372036854775806	52458	593	314	3726786378977637
247	18446744073709551614	52458	593	593	3726786378977637
247	18446744073709551615	52458	593	593	3726786378977637
248	0	25541	593	0	18446744073709551615
248	1	25541	593	0	18446744073709551615
248	3	25541	593	0	18446744073709551615
248	4096	25541	593	0	18446744073709551615
248	1048576	25541	593	0	18446744073709551615
248	4294967296	25541	593	0	18446744073709551615
248	6148914691236495	25541	593	1	627701406801395
248	144115188075855870	25541	593	4	627701406801395
248	2305843009213693950	25541	593	74	627701406801395
248	9223372036854775806	25541	593	311	627701406801395
248	18446744073709551614	25541	593	593	627701406801395
248	18446744073709551615	25541	593	593	627701406801395
249	0	20189	571	0	18446744073709551615
249	1	20189	571	0	18446744073709551615
249	3	20189	571	0	18446744073709551615
249	4096	20189	571	0	18446744073709551615
249	1048576	20189	571	0	18446744073709551615
249	4294967296	20189	571	0	18446744073709551615
249	6148914691236495	20189	571	0	18446744073709551615
249	144115188075855870	20189	571	4	10240092311246028
249	2305843009213693950	20189	571	65	10240092311246028
249	9223372036854775806	20189	571	283	10240092311246028
249	18446744073709551614	20189	571	571	10240092311246028
249	18446744073709551615	20189	571	571	10240092311246028
250	0	11370	621	0	18446744073709551615
250	1	11370	621	0	18446744073709551615
250	3	11370	621	0	18446744073709551615
250	4096	11370	621	0	18446744073709551615
250	1048576	11370	621	0	18446744073709551615
250	4294967296	11370	621	0	18446744073709551615
250	6148914691236495	11370	621	1	1513925883299041
250	144115188075855870	11370	621	5	1513925883299041
250	2305843009213693950	11370	621	67	1513925883299041
250	9223372036854775806	11370	621	301	1513925883299041
250	18446744073709551614	11370	621	621	1513925883299041
250	18446744073709551615	11370	621	621	1513925883299041
251	0	34070	579	0	18446744073709551615
251	1	34070	579	0	18446744073709551615
251	3	34070	579	0	18446744073709551615
251	4096	34070	579	0	18446744073709551615
251	1048576	34070	579	0	18446744073709551615
251	4294967296	34070	579	0	18446744073709551615
251	6148914691236495	34070	579	0	18446744073709551615
251	144115188075855870	34070	579	3	13842416989251570
251	2305843009213693950	34070	579	76	13842416989251570
251	9223372036854775806	34070	579	284	13842416989251570
251	18446744073709551614	34070	579	579	13842416989251570
251	18446744073709551615	34070	579	579	13842416989251570
252	0	64716	0	0	18446744073709551615
252	1	64716	0	0	18446744073709551615
252	3	64716	0	0	18446744073709551615
252	4096	64716	0	0	18446744073709551615
252	1048576	64716	0	0	18446744073709551615
252	4294967296	64716	0	0	18446744073709551615
252	6148914691236495	64716	0	0	18446744073709551615
252	144115188075855870	64716	0	0	18446744073709551615
252	2305843009213693950	64716	0	0	18446744073709551615
252	9223372036854775806	64716	0	0	18446744073709551615
252	18446744073709551614	64716	0	0	18446744073709551615
252	18446744073709551615	64716	0	0	18446744073709551615
253	0	64206	0	0	18446744073709551615
253	1	64206	0	0	18446744073709551615
253	3	64206	0	0	18446744073709551615
253	4096	64206	0	0	18446744073709551615
253	1048576	64206	0	0	18446744073709551615
253	4294967296	64206	0	0	18446744073709551615
253	6148914691236495	64206	0	0	18446744073709551615
253	144115188075855870	64206	0	0	18446744073709551615
253	2305843009213693950	64206	0	0	18446744073709551615
253	9223372036854775806	64206	0	0	18446744073709551615
253	18446744073709551614	64206	0	0	18446744073709551615
253	18446744073709551615	64206	0	0	18446744073709551615
254	0	59348	1	0	18446744073709551615
254	1	59348	1	0	18446744073709551615
254	3	59348	1	0	18446744073709551615
254	4096	59348	1	0	18446744073709551615
254	1048576	59348	1	0	18446744073709551615
254	4294967296	59348	1	0	18446744073709551615
254	6148914691236495	59348	1	0	18446744073709551615
254	144115188075855870	59348	1	0	18446744073709551615
254	2305843009213693950	59348	1	0	18446744073709551615
254	9223372036854775806	59348	1	0	18446744073709551615
254	18446744073709551614	59348	1	1	9001062812622240987
254	18446744073709551615	59348	1	1	9001062812622240987
255	0	59835	0	0	18446744073709551615
255	1	59835	0	0	18446744073709551615
255	3	59835	0	0	18446744073709551615
255	4096	59835	0	0	18446744073709551615
255	1048576	59835	0	0	18446744073709551615
255	4294967296	59835	0	0	18446744073709551615
255	6148914691236495	59835	0	0	18446744073709551615
255	144115188075855870	59835	0	0	18446744073709551615
255	2305843009213693950	59835	0	0	18446744073709551615
255	9223372036854775806	59835	0	0	18446744073709551615
255	18446744073709551614	59835	0	0	18446744073709551615
255	18446744073709551615	59835	0	0	18446744073709551615
256	0	27543	601	0	18446744073709551615
256	1	27543	601	0	18446744073709551615
256	3	27543	601	0	18446744073709551615
256	4096	27543	601	0	18446744073709551615
256	1048576	27543	601	0	18446744073709551615
256	4294967296	27543	601	0	18446744073709551615
256	6148914691236495	27543	601	0	18446744073709551615
256	144115188075855870	27543	601	4	19650089890418085
256	2305843009213693950	27543	601	68	19650089890418085
256	9223372036854775806	27543	601	293	19650089890418085
256	18446744073709551614	27543	601	601	19650089890418085
256	18446744073709551615	27543	601	601	19650089890418085
257	0	46731	570	0	18446744073709551615
257	1	46731	570	0	18446744073709551615
257	3	46731	570	0	18446744073709551615
257	4096	46731	570	0	18446744073709551615
257	1048576	46731	570	0	18446744073709551615
257	4294967296	46731	570	0	18446744073709551615
257	6148914691236495	46731	570	0	18446744073709551615
257	144115188075855870	46731	570	6	12863910452186432
257	2305843009213693950	46731	570	62	12863910452186432
257	9223372036854775806	46731	570	290	12863910452186432
257	18446744073709551614	46731	570	570	12863910452186432
257	18446744073709551615	46731	570	570	12863910452186432
258	0	3647	588	0	18446744073709551615
258	1	3647	588	0	18446744073709551615
258	3	3647	588	0	18446744073709551615
258	4096	3647	588	0	18446744073709551615
258	1048576	3647	588	0	18446744073709551615
258	4294967296	3647	588	0	18446744073709551615
258	6148914691236495	3647	588	0	18446744073709551615
258	144115188075855870	3647	588	4	6189482817249033
258	2305843009213693950	3647	588	84	6189482817249033
258	9223372036854775806	3647	588	299	6189482817249033
258	18446744073709551614	3647	588	588	6189482817249033
258	18446744073709551615	3647	588	588	6189482817249033
259	0	64996	0	0	18446744073709551615
259	1	64996	0	0	18446744073709551615
259	3	64996	0	0	18446744073709551615
259	4096	64996	0	0	18446744073709551615
259	1048576	64996	0	0	18446744073709551615
259	4294967296	64996	0	0	18446744073709551615
259	6148914691236495	64996	0	0	18446744073709551615
259	144115188075855870	64996	0	0	18446744073709551615
259	2305843009213693950	64996	0	0	18446744073709551615
259	9223372036854775806	64996	0	0	18446744073709551615
259	18446744073709551614	64996	0	0	18446744073709551615
259	18446744073709551615	64996	0	0	18446744073709551615
260	0	46176	598	0	18446744073709551615
260	1	46176	598	0	18446744073709551615
260	3	46176	598	0	18446744073709551615
260	4096	46176	598	0	18446744073709551615
260	1048576	46176	598	0	18446744073709551615
260	4294967296	46176	598	0	18446744073709551615
260	6148914691236495	46176	598	0	18446744073709551615
260	144115188075855870	46176	598	4	10491212537560905
260	2305843009213693950	46176	598	78	10491212537560905
260	9223372036854775806	46176	598	311	10491212537560905
260	18446744073709551614	46176	598	598	10491212537560905
260	18446744073709551615	46176	598	598	10491212537560905
261	0	36839	595	0	18446744073709551615
261	1	36839	595	0	18446744073709551615
261	3	36839	595	0	18446744073709551615
261	4096	36839	595	0	18446744073709551615
261	1048576	36839	595	0	18446744073709551615
261	4294967296	36839	595	0	18446744073709551615
261	6148914691236495	36839	595	0	18446744073709551615
261	144115188075855870	36839	595	4	25173654426931517
261	2305843009213693950	36839	595	69	25173654426931517
261	9223372036854775806	36839	595	302	25173654426931517
261	18446744073709551614	36839	595	595	25173654426931517
261	18446744073709551615	36839	595	595	25173654426931517
262	0	36945	579	0	18446744073709551615
262	1	36945	579	0	18446744073709551615
262	3	36945	579	0	18446744073709551615
262	4096	36945	579	0	18446744073709551615
262	1048576	36945	579	0	18446744073709551615
262	4294967296	36945	579	0	18446744073709551615
262	6148914691236495	36945	579	0	18446744073709551615
262	144115188075855870	36945	579	5	6958724379460534
262	2305843009213693950	36945	579	59	6958724379460534
262	9223372036854775806	36945	579	270	6958724379460534
262	18446744073709551614	36945	579	579	6958724379460534
262	18446744073709551615	36945	579	579	6958724379460534
263	0	4179	593	0	18446744073709551615
263	1	4179	593	0	18446744073709551615
263	3	4179	593	0	18446744073709551615
263	4096	4179	593	0	18446744073709551615
263	1048576	4179	593	0	18446744073709551615
263	4294967296	4179	593	0	18446744073709551615
263	6148914691236495	4179	593	0	18446744073709551615
263	144115188075855870	4179	593	13	7834493959344929
263	2305843009213693950	4179	593	83	7834493959344929
263	9223372036854775806	4179	593	310	7834493959344929
263	18446744073709551614	4179	593	593	7834493959344929
263	18446744073709551615	4179	593	593	7834493959344929
264	0	11094	596	0	18446744073709551615
264	1	11094	596	0	18446744073709551615
264	3	11094	596	0	18446744073709551615
264	4096	11094	596	0	18446744073709551615
264	1048576	11094	596	0	18446744073709551615
264	4294967296	11094	596	0	18446744073709551615
264	6148914691236495	11094	596	0	18446744073709551615
264	144115188075855870	11094	596	10	3088638306812743
264	2305843009213693950	11094	596	84	3088638306812743
264	9223372036854775806	11094	596	311	3088638306812743
264	18446744073709551614	11094	596	596	3088638306812743
264	18446744073709551615	11094	596	596	3088638306812743
265	0	53021	581	0	18446744073709551615
265	1	53021	581	0	18446744073709551615
265	3	53021	581	0	18446744073709551615
265	4096	53021	581	0	18446744073709551615
265	1048576	53021	581	0	18446744073709551615
265	4294967296	53021	581	0	18446744073709551615
265	6148914691236495	53021	581	0	18446744073709551615
265	144115188075855870	53021	581	8	8104740833947573
265	2305843009213693950	53021	581	70	8104740833947573
265	9223372036854775806	53021	581	292	8104740833947573
265	18446744073709551614	53021	581	581	8104740833947573
265	18446744073709551615	53021	581	581	8104740833947573
266	0	24221	602	0	18446744073709551615
266	1	24221	602	0	18446744073709551615
266	3	24221	602	0	18446744073709551615
266	4096	24221	602	0	18446744073709551615
266	1048576	24221	602	0	18446744073709551615
266	4294967296	24221	602	0	18446744073709551615
266	6148914691236495	24221	602	0	18446744073709551615
266	144115188075855870	24221	602	7	7070359351008586
266	2305843009213693950	24221	602	61	7070359351008586
266	9223372036854775806	24221	602	295	7070359351008586
266	18446744073709551614	24221	602	602	7070359351008586
266	18446744073709551615	24221	602	602	7070359351008586
267	0	19269	588	0	18446744073709551615
267	1	19269	588	0	18446744073709551615
267	3	19269	588	0	18446744073709551615
267	4096	19269	588	0	18446744073709551615
267	1048576	19269	588	0	18446744073709551615
267	4294967296	19269	588	0	18446744073709551615
267	6148914691236495	19269	588	0	18446744073709551615
267	144115188075855870	19269	588	3	13692112406868504
267	2305843009213693950	19269	588	81	13692112406868504
267	9223372036854775806	19269	588	297	13692112406868504
267	18446744073709551614	19269	588	588	13692112406868504
267	18446744073709551615	19269	588	588	13692112406868504
268	0	60995	0	0	18446744073709551615
268	1	60995	0	0	18446744073709551615
268	3	60995	0	0	18446744073709551615
268	4096	60995	0	0	18446744073709551615
268	1048576	60995	0	0	18446744073709551615
268	4294967296	60995	0	0	18446744073709551615
268	6148914691236495	60995	0	0	18446744073709551615
268	144115188075855870	60995	0	0	18446744073709551615
268	2305843009213693950	60995	0	0	18446744073709551615
268	9223372036854775806	60995	0	0	18446744073709551615
268	18446744073709551614	60995	0	0	18446744073709551615
268	18446744073709551615	60995	0	0	18446744073709551615
269	0	62661	0	0	18446744073709551615
269	1	62661	0	0	18446744073709551615
269	3	62661	0	0	18446744073709551615
269	4096	62661	0	0	18446744073709551615
269	1048576	62661	0	0	18446744073709551615
269	4294967296	62661	0	0	18446744073709551615
269	6148914691236495	62661	0	0	18446744073709551615
269	144115188075855870	62661	0	0	18446744073709551615
269	2305843009213693950	62661	0	0	18446744073709551615
269	9223372036854775806	62661	0	0	18446744073709551615
269	18446744073709551614	62661	0	0	18446744073709551615
269	18446744073709551615	62661	0	0	18446744073709551615
270	0	24916	573	0	18446744073709551615
270	1	24916	573	0	18446744073709551615
270	3	24916	573	0	18446744073709551615
270	4096	24916	573	0	18446744073709551615
270	1048576	24916	573	0	18446744073709551615
270	4294967296	24916	573	0	18446744073709551615
270	6148914691236495	24916	573	0	18446744073709551615
270	144115188075855870	24916	573	2	10747450270594860
270	2305843009213693950	24916	573	83	10747450270594860
270	9223372036854775806	24916	573	301	10747450270594860
270	18446744073709551614	24916	573	573	10747450270594860
270	18446744073709551615	24916	573	573	10747450270594860
271	0	49855	583	0	18446744073709551615
271	1	49855	583	0	18446744073709551615
271	3	49855	583	0	18446744073709551615
271	4096	49855	583	0	18446744073709551615
271	1048576	49855	583	0	18446744073709551615
271	4294967296	49855	583	0	18446744073709551615
271	6148914691236495	49855	583	0	18446744073709551615
271	144115188075855870	49855	583	4	4621575355479082
271	2305843009213693950	49855	583	65	4621575355479082
271	9223372036854775806	49855	583	292	4621575355479082
271	18446744073709551614	49855	583	583	4621575355479082
271	18446744073709551615	49855	583	583	4621575355479082
272	0	51497	611	0	18446744073709551615
272	1	51497	611	0	18446744073709551615
272	3	51497	611	0	18446744073709551615
272	4096	51497	611	0	18446744073709551615
272	1048576	51497	611	0	18446744073709551615
272	4294967296	51497	611	0	18446744073709551615
272	6148914691236495	51497	611	1	6975566571970
272	144115188075855870	51497	611	7	6975566571970
272	2305843009213693950	51497	611	69	6975566571970
272	9223372036854775806	51497	611	289	6975566571970
272	18446744073709551614	51497	611	611	6975566571970
272	18446744073709551615	51497	611	611	6975566571970
273	0	42034	599	0	18446744073709551615
273	1	42034	599	0	18446744073709551615
273	3	42034	599	0	18446744073709551615
273	4096	42034	599	0	18446744073709551615
273	1048576	42034	599	0	18446744073709551615
273	4294967296	42034	599	0	18446744073709551615
273	6148914691236495	42034	599	1	2723681703379263
273	144115188075855870	42034	599	8	2723681703379263
273	2305843009213693950	42034	599	73	2723681703379263
273	9223372036854775806	42034	599	283	2723681703379263
273	18446744073709551614	42034	599	599	2723681703379263
273	18446744073709551615	42034	599	599	2723681703379263
274	0	19569	579	0	18446744073709551615
274	1	19569	579	0	18446744073709551615
274	3	19569	579	0	18446744073709551615
274	4096	19569	579	0	18446744073709551615
274	1048576	19569	579	0	18446744073709551615
274	4294967296	19569	579	0	18446744073709551615
274	6148914691236495	19569	579	1	578856343302216
274	144115188075855870	19569	579	3	578856343302216
274	2305843009213693950	19569	579	67	578856343302216
274	9223372036854775806	19569	579	302	578856343302216
274	18446744073709551614	19569	579	579	578856343302216
274	18446744073709551615	19569	579	579	578856343302216
275	0	10478	565	0	18446744073709551615
275	1	10478	565	0	18446744073709551615
275	3	10478	565	0	18446744073709551615
275	4096	10478	565	0	18446744073709551615
275	1048576	10478	565	0	18446744073709551615
275	4294967296	10478	565	0	18446744073709551615
275	6148914691236495	10478	565	0	18446744073709551615
275	144115188075855870	10478	565	3	17536927260771004
275	2305843009213693950	10478	565	66	17536927260771004
275	9223372036854775806	10478	565	282	17536927260771004
275	18446744073709551614	10478	565	565	17536927260771004
275	18446744073709551615	10478	565	565	17536927260771004
276	0	43774	561	0	18446744073709551615
276	1	43774	561	0	18446744073709551615
276	3	43774	561	0	18446744073709551615
276	4096	43774	561	0	18446744073709551615
276	1048576	43774	561	0	18446744073709551615
276	4294967296	43774	561	0	18446744073709551615
276	6148914691236495	43774	561	0	18446744073709551615
276	144115188075855870	43774	561	4	4449633352880453
276	2305843009213693950	43774	561	67	4449633352880453
276	9223372036854775806	43774	561	273	4449633352880453
276	18446744073709551614	43774	561	561	4449633352880453
276	18446744073709551615	43774	561	561	4449633352880453
277	0	3207	571	0	18446744073709551615
277	1	3207	571	0	18446744073709551615
277	3	3207	571	0	18446744073709551615
277	4096	3207	571	0	18446744073709551615
277	1048576	3207	571	0	18446744073709551615
277	4294967296	3207	571	0	18446744073709551615
277	6148914691236495	3207	571	0	18446744073709551615
277	144115188075855870	3207	571	3	19536444793884117
277	2305843009213693950	3207	571	68	19536444793884117
277	9223372036854775806	3207	571	279	19536444793884117
277	18446744073709551614	3207	571	571	19536444793884117
277	18446744073709551615	3207	571	571	19536444793884117
278	0	35195	591	0	18446744073709551615
278	1	35195	591	0	18446744073709551615
278	3	35195	591	0	18446744073709551615
278	4096	35195	591	0	18446744073709551615
278	1048576	35195	591	0	18446744073709551615
278	4294967296	35195	591	0	18446744073709551615
278	6148914691236495	35195	591	0	18446744073709551615
278	144115188075855870	35195	591	0	18446744073709551615
278	2305843009213693950	35195	591	71	110647736521805403
278	9223372036854775806	35195	591	310	110647736521805403
278	18446744073709551614	35195	591	591	110647736521805403
278	18446744073709551615	35195	591	591	110647736521805403
279	0	20113	610	0	18446744073709551615
279	1	20113	610	0	18446744073709551615
279	3	20113	610	0	18446744073709551615
279	4096	20113	610	0	18446744073709551615
279	1048576	20113	610	0	18446744073709551615
279	4294967296	20113	610	0	18446744073709551615
279	6148914691236495	20113	610	0	18446744073709551615
279	144115188075855870	20113	610	3	36344550139480084
279	2305843009213693950	20113	610	68	36344550139480084
279	9223372036854775806	20113	610	290	36344550139480084
279	18446744073709551614	20113	610	610	36344550139480084
279	18446744073709551615	20113	610	610	36344550139480084
280	0	14406	618	0	18446744073709551615
280	1	14406	618	0	18446744073709551615
280	3	14406	618	0	18446744073709551615
280	4096	14406	618	0	18446744073709551615
280	1048576	14406	618	0	18446744073709551615
280	4294967296	14406	618	0	18446744073709551615
280	6148914691236495	14406	618	0	18446744073709551615
280	144115188075855870	14406	618	3	58655652401426735
280	2305843009213693950	14406	618	87	58655652401426735
280	9223372036854775806	14406	618	304	58655652401426735
280	18446744073709551614	14406	618	618	58655652401426735
280	18446744073709551615	14406	618	618	58655652401426735
281	0	33712	602	0	18446744073709551615
281	1	33712	602	0	18446744073709551615
281	3	33712	602	0	18446744073709551615
281	4096	33712	602	0	18446744073709551615
281	1048576	33712	602	0	18446744073709551615
281	4294967296	33712	602	0	18446744073709551615
281	6148914691236495	33712	602	0	18446744073709551615
281	144115188075855870	33712	602	6	8331819918490049
281	2305843009213693950	33712	602	90	8331819918490049
281	9223372036854775806	33712	602	313	8331819918490049
281	18446744073709551614	33712	602	602	8331819918490049
281	18446744073709551615	33712	602	602	8331819918490049
282	0	43117	565	0	18446744073709551615
282	1	43117	565	0	18446744073709551615
282	3	43117	565	0	18446744073709551615
282	4096	43117	565	0	18446744073709551615
282	1048576	43117	565	0	18446744073709551615
282	4294967296	43117	565	0	18446744073709551615
282	6148914691236495	43117	565	1	2829508343492981
282	144115188075855870	43117	565	5	2829508343492981
282	2305843009213693950	43117	565	63	2829508343492981
282	9223372036854775806	43117	565	283	2829508343492981
282	18446744073709551614	43117	565	565	2829508343492981
282	18446744073709551615	43117	565	565	2829508343492981
283	0	47929	596	0	18446744073709551615
283	1	47929	596	0	18446744073709551615
283	3	47929	596	0	18446744073709551615
283	4096	47929	596	0	18446744073709551615
283	1048576	47929	596	0	18446744073709551615
283	4294967296	47929	596	0	18446744073709551615
283	6148914691236495	47929	596	0	18446744073709551615
283	144115188075855870	47929	596	4	47257646427060914
283	2305843009213693950	47929	596	72	47257646427060914
283	9223372036854775806	47929	596	313	47257646427060914
283	18446744073709551614	47929	596	596	47257646427060914
283	18446744073709551615	47929	596	596	47257646427060914
284	0	32226	582	0	18446744073709551615
284	1	32226	582	0	18446744073709551615
284	3	32226	582	0	18446744073709551615
284	4096	32226	582	0	18446744073709551615
284	1048576	32226	582	0	18446744073709551615
284	4294967296	32226	582	0	18446744073709551615
284	6148914691236495	32226	582	0	18446744073709551615
284	144115188075855870	32226	582	3	10782031956152307
284	2305843009213693950	32226	582	81	10782031956152307
284	9223372036854775806	32226	582	315	10782031956152307
284	18446744073709551614	32226	582	582	10782031956152307
284	18446744073709551615	32226	582	582	10782031956152307
285	0	35030	571	0	18446744073709551615
285	1	35030	571	0	18446744073709551615
285	3	35030	571	0	18446744073709551615
285	4096	35030	571	0	18446744073709551615
285	1048576	35030	571	0	18446744073709551615
285	4294967296	35030	571	0	18446744073709551615
285	6148914691236495	35030	571	0	18446744073709551615
285	144115188075855870	35030	571	4	23499316962347076
285	2305843009213693950	35030	571	69	23499316962347076
285	9223372036854775806	35030	571	276	23499316962347076
285	18446744073709551614	35030	571	571	23499316962347076
285	18446744073709551615	35030	571	571	23499316962347076
286	0	42350	564	0	18446744073709551615
286	1	42350	564	0	18446744073709551615
286	3	42350	564	0	18446744073709551615
286	4096	42350	564	0	18446744073709551615
286	1048576	42350	564	0	18446744073709551615
286	4294967296	42350	564	0	18446744073709551615
286	6148914691236495	42350	564	0	18446744073709551615
286	144115188075855870	42350	564	6	3351857769362407
286	2305843009213693950	42350	564	66	3351857769362407
286	9223372036854775806	42350	564	262	3351857769362407
286	18446744073709551614	42350	564	564	3351857769362407
286	18446744073709551615	42350	564	564	3351857769362407
287	0	46485	573	0	18446744073709551615
287	1	46485	573	0	18446744073709551615
287	3	46485	573	0	18446744073709551615
287	4096	46485	573	0	18446744073709551615
287	1048576	46485	573	0	18446744073709551615
287	4294967296	46485	573	0	18446744073709551615
287	6148914691236495	46485	573	1	3014504563525755
287	144115188075855870	46485	573	6	3014504563525755
287	2305843009213693950	46485	573	76	3014504563525755
287	9223372036854775806	46485	573	273	3014504563525755
287	18446744073709551614	46485	573	573	3014504563525755
287	18446744073709551615	46485	573	573	3014504563525755
288	0	46693	572	0	18446744073709551615
288	1	46693	572	0	18446744073709551615
288	3	46693	572	0	18446744073709551615
288	4096	46693	572	0	18446744073709551615
288	1048576	46693	572	0	18446744073709551615
288	4294967296	46693	572	0	18446744073709551615
288	6148914691236495	46693	572	0	18446744073709551615
288	144115188075855870	46693	572	3	24290336981595586
288	2305843009213693950	46693	572	69	24290336981595586
288	9223372036854775806	46693	572	269	24290336981595586
288	18446744073709551614	46693	572	572	24290336981595586
288	18446744073709551615	46693	572	572	24290336981595586
289	0	3090	574	0	18446744073709551615
289	1	3090	574	0	18446744073709551615
289	3	3090	574	0	18446744073709551615
289	4096	3090	574	0	18446744073709551615
289	1048576	3090	574	0	18446744073709551615
289	4294967296	3090	574	0	18446744073709551615
289	6148914691236495	3090	574	0	18446744073709551615
289	144115188075855870	3090	574	7	20186396099457442
289	2305843009213693950	3090	574	75	20186396099457442
289	9223372036854775806	3090	574	303	20186396099457442
289	18446744073709551614	3090	574	574	20186396099457442
289	18446744073709551615	3090	574	574	20186396099457442
290	0	2639	569	0	18446744073709551615
290	1	2639	569	0	18446744073709551615
290	3	2639	569	0	18446744073709551615
290	4096	2639	569	0	18446744073709551615
290	1048576	2639	569	0	18446744073709551615
290	4294967296	2639	569	0	18446744073709551615
290	6148914691236495	2639	569	0	18446744073709551615
290	144115188075855870	2639	569	12	9349893640663712
290	2305843009213693950	2639	569	90	9349893640663712
290	9223372036854775806	2639	569	319	9349893640663712
290	18446744073709551614	2639	569	569	9349893640663712
290	18446744073709551615	2639	569	569	9349893640663712
291	0	60749	0	0	18446744073709551615
291	1	60749	0	0	18446744073709551615
291	3	60749	0	0	18446744073709551615
291	4096	60749	0	0	18446744073709551615
291	1048576	60749	0	0	18446744073709551615
291	4294967296	60749	0	0	18446744073709551615
291	6148914691236495	60749	0	0	18446744073709551615
291	144115188075855870	60749	0	0	18446744073709551615
291	2305843009213693950	60749	0	0	18446744073709551615
291	9223372036854775806	60749	0	0	18446744073709551615
291	18446744073709551614	60749	0	0	18446744073709551615
291	18446744073709551615	60749	0	0	18446744073709551615
292	0	33970	574	0	18446744073709551615
292	1	33970	574	0	18446744073709551615
292	3	33970	574	0	18446744073709551615
292	4096	33970	574	0	18446744073709551615
292	1048576	33970	574	0	18446744073709551615
292	4294967296	33970	574	0	18446744073709551615
292	6148914691236495	33970	574	1	375649817077658
292	144115188075855870	33970	574	9	375649817077658
292	2305843009213693950	33970	574	85	375649817077658
292	9223372036854775806	33970	574	282	375649817077658
292	18446744073709551614	33970	574	574	375649817077658
292	18446744073709551615	33970	574	574	375649817077658
293	0	61198	0	0	18446744073709551615
293	1	61198	0	0	18446744073709551615
293	3	61198	0	0	18446744073709551615
293	4096	61198	0	0	18446744073709551615
293	1048576	61198	0	0	18446744073709551615
293	4294967296	61198	0	0	18446744073709551615
293	6148914691236495	61198	0	0	18446744073709551615
293	144115188075855870	61198	0	0	18446744073709551615
293	2305843009213693950	61198	0	0	18446744073709551615
293	9223372036854775806	61198	0	0	18446744073709551615
293	18446744073709551614	61198	0	0	18446744073709551615
293	18446744073709551615	61198	0	0	18446744073709551615
294	0	5255	592	0	18446744073709551615
294	1	5255	592	0	18446744073709551615
294	3	5255	592	0	18446744073709551615
294	4096	5255	592	0	18446744073709551615
294	1048576	5255	592	0	18446744073709551615
294	4294967296	5255	592	0	18446744073709551615
294	6148914691236495	5255	592	0	18446744073709551615
294	144115188075855870	5255	592	3	10696437688776815
294	2305843009213693950	5255	592	72	10696437688776815
294	9223372036854775806	5255	592	288	10696437688776815
294	18446744073709551614	5255	592	592	10696437688776815
294	18446744073709551615	5255	592	592	10696437688776815
295	0	30589	609	0	18446744073709551615
295	1	30589	609	0	18446744073709551615
295	3	30589	609	0	18446744073709551615
295	4096	30589	609	0	18446744073709551615
295	1048576	30589	609	0	18446744073709551615
295	4294967296	30589	609	0	18446744073709551615
295	6148914691236495	30589	609	0	18446744073709551615
295	144115188075855870	30589	609	6	9975051719996112
295	2305843009213693950	30589	609	70	9975051719996112
295	9223372036854775806	30589	609	309	9975051719996112
295	18446744073709551614	30589	609	609	9975051719996112
295	18446744073709551615	30589	609	609	9975051719996112
296	0	34016	595	0	18446744073709551615
296	1	34016	595	0	18446744073709551615
296	3	34016	595	0	18446744073709551615
296	4096	34016	595	0	18446744073709551615
296	1048576	34016	595	0	18446744073709551615
296	4294967296	34016	595	0	18446744073709551615
296	6148914691236495	34016	595	0	18446744073709551615
296	144115188075855870	34016	595	1	7063241117726077
296	2305843009213693950	34016	595	73	7063241117726077
296	9223372036854775806	34016	595	298	7063241117726077
296	18446744073709551614	34016	595	595	7063241117726077
296	18446744073709551615	34016	595	595	7063241117726077
297	0	14248	591	0	18446744073709551615
297	1	14248	591	0	18446744073709551615
297	3	14248	591	0	18446744073709551615
297	4096	14248	591	0	18446744073709551615
297	1048576	14248	591	0	18446744073709551615
297	4294967296	14248	591	0	18446744073709551615
297	6148914691236495	14248	591	0	18446744073709551615
297	144115188075855870	14248	591	6	4067393689267332
297	2305843009213693950	14248	591	76	4067393689267332
297	9223372036854775806	14248	591	301	4067393689267332
297	18446744073709551614	14248	591	591	4067393689267332
297	18446744073709551615	14248	591	591	4067393689267332
298	0	33970	574	0	18446744073709551615
298	1	33970	574	0	18446744073709551615
298	3	33970	574	0	18446744073709551615
298	4096	33970	574	0	18446744073709551615
298	1048576	33970	574	0	18446744073709551615
298	4294967296	33970	574	0	18446744073709551615
298	6148914691236495	33970	574	0	18446744073709551615
298	144115188075855870	33970	574	2	63267623315723439
298	2305843009213693950	33970	574	69	63267623315723439
298	9223372036854775806	33970	574	293	63267623315723439
298	18446744073709551614	33970	574	574	63267623315723439
298	18446744073709551615	33970	574	574	63267623315723439
299	0	7847	597	0	18446744073709551615
299	1	7847	597	0	18446744073709551615
299	3	7847	597	0	18446744073709551615
299	4096	7847	597	0	18446744073709551615
299	1048576	7847	597	0	18446744073709551615
299	4294967296	7847	597	0	18446744073709551615
299	6148914691236495	7847	597	0	18446744073709551615
299	144115188075855870	7847	597	4	50111571423513197
299	2305843009213693950	7847	597	76	50111571423513197
299	9223372036854775806	7847	597	299	50111571423513197
299	18446744073709551614	7847	597	597	50111571423513197
299	18446744073709551615	7847	597	597	50111571423513197
300	0	40658	606	0	18446744073709551615
300	1	40658	606	0	18446744073709551615
300	3	40658	606	0	18446744073709551615
300	4096	40658	606	0	18446744073709551615
300	1048576	40658	606	0	18446744073709551615
300	4294967296	40658	606	0	18446744073709551615
300	6148914691236495	40658	606	0	18446744073709551615
300	144115188075855870	40658	606	8	4141629227342085
300	2305843009213693950	40658	606	78	4141629227342085
300	9223372036854775806	40658	606	283	4141629227342085
300	18446744073709551614	40658	606	606	4141629227342085
300	18446744073709551615	40658	606	606	4141629227342085
301	0	15539	576	0	18446744073709551615
301	1	15539	576	0	18446744073709551615
301	3	15539	576	0	18446744073709551615
301	4096	15539	576	0	18446744073709551615
301	1048576	15539	576	0	18446744073709551615
301	4294967296	15539	576	0	18446744073709551615
301	6148914691236495	15539	576	0	18446744073709551615
301	144115188075855870	15539	576	5	28268322693656676
301	2305843009213693950	15539	576	67	28268322693656676
301	9223372036854775806	15539	576	303	28268322693656676
301	18446744073709551614	15539	576	576	28268322693656676
301	18446744073709551615	15539	576	576	28268322693656676
302	0	24568	588	0	18446744073709551615
302	1	24568	588	0	18446744073709551615
302	3	24568	588	0	18446744073709551615
302	4096	24568	588	0	18446744073709551615
302	1048576	24568	588	0	18446744073709551615
302	4294967296	24568	588	0	18446744073709551615
302	6148914691236495	24568	588	0	18446744073709551615
302	144115188075855870	24568	588	4	15804300286629139
302	2305843009213693950	24568	588	82	15804300286629139
302	9223372036854775806	24568	588	306	15804300286629139
302	18446744073709551614	24568	588	588	15804300286629139
302	18446744073709551615	24568	588	588	15804300286629139
303	0	25124	563	0	18446744073709551615
303	1	25124	563	0	18446744073709551615
303	3	25124	563	0	18446744073709551615
303	4096	25124	563	0	18446744073709551615
303	1048576	25124	563	0	18446744073709551615
303	4294967296	25124	563	0	18446744073709551615
303	6148914691236495	25124	563	0	18446744073709551615
303	144115188075855870	25124	563	6	3084481735501681
303	2305843009213693950	25124	563	67	3084481735501681
303	9223372036854775806	25124	563	288	3084481735501681
303	18446744073709551614	25124	563	563	3084481735501681
303	18446744073709551615	25124	563	563	3084481735501681
304	0	23806	576	0	18446744073709551615
304	1	23806	576	0	18446744073709551615
304	3	23806	576	0	18446744073709551615
304	4096	23806	576	0	18446744073709551615
304	1048576	23806	576	0	18446744073709551615
304	4294967296	23806	576	0	18446744073709551615
304	6148914691236495	23806	576	0	18446744073709551615
304	144115188075855870	23806	576	1	20967918892638640
304	2305843009213693950	23806	576	78	20967918892638640
304	9223372036854775806	23806	576	279	20967918892638640
304	18446744073709551614	23806	576	576	20967918892638640
304	18446744073709551615	23806	576	576	20967918892638640
305	0	56212	201	0	18446744073709551615
305	1	56212	201	0	18446744073709551615
305	3	56212	201	0	18446744073709551615
305	4096	56212	201	0	18446744073709551615
305	1048576	56212	201	0	18446744073709551615
305	4294967296	56212	201	0	18446744073709551615
305	6148914691236495	56212	201	0	18446744073709551615
305	144115188075855870	56212	201	0	18446744073709551615
305	2305843009213693950	56212	201	29	115783683273465250
305	9223372036854775806	56212	201	93	115783683273465250
305	18446744073709551614	56212	201	201	115783683273465250
305	18446744073709551615	56212	201	201	115783683273465250
306	0	53387	604	0	18446744073709551615
306	1	53387	604	0	18446744073709551615
306	3	53387	604	0	18446744073709551615
306	4096	53387	604	0	18446744073709551615
306	1048576	53387	604	0	18446744073709551615
306	4294967296	53387	604	0	18446744073709551615
306	6148914691236495	53387	604	0	18446744073709551615
306	144115188075855870	53387	604	5	7360930739539156
306	2305843009213693950	53387	604	75	7360930739539156
306	9223372036854775806	53387	604	305	7360930739539156
306	18446744073709551614	53387	604	604	7360930739539156
306	18446744073709551615	53387	604	604	7360930739539156
307	0	27577	610	0	18446744073709551615
307	1	27577	610	0	18446744073709551615
307	3	27577	610	0	18446744073709551615
307	4096	27577	610	0	18446744073709551615
307	1048576	27577	610	0	18446744073709551615
307	4294967296	27577	610	0	18446744073709551615
307	6148914691236495	27577	610	0	18446744073709551615
307	144115188075855870	27577	610	4	6713936019285065
307	2305843009213693950	27577	610	91	6713936019285065
307	9223372036854775806	27577	610	324	6713936019285065
307	18446744073709551614	27577	610	610	6713936019285065
307	18446744073709551615	27577	610	610	6713936019285065
308	0	25359	575	0	18446744073709551615
308	1	25359	575	0	18446744073709551615
308	3	25359	575	0	18446744073709551615
308	4096	25359	575	0	18446744073709551615
308	1048576	25359	575	0	18446744073709551615
308	4294967296	25359	575	0	18446744073709551615
308	6148914691236495	25359	575	0	18446744073709551615
308	144115188075855870	25359	575	2	5968824171651057
308	2305843009213693950	25359	575	59	5968824171651057
308	9223372036854775806	25359	575	283	5968824171651057
308	18446744073709551614	25359	575	575	5968824171651057
308	18446744073709551615	25359	575	575	5968824171651057
309	0	21778	605	0	18446744073709551615
309	1	21778	605	0	18446744073709551615
309	3	21778	605	0	18446744073709551615
309	4096	21778	605	0	18446744073709551615
309	1048576	21778	605	0	18446744073709551615
309	4294967296	21778	605	0	18446744073709551615
309	6148914691236495	21778	605	0	18446744073709551615
309	144115188075855870	21778	605	4	24664395632478143
309	2305843009213693950	21778	605	82	24664395632478143
309	9223372036854775806	21778	605	310	24664395632478143
309	18446744073709551614	21778	605	605	24664395632478143
309	18446744073709551615	21778	605	605	24664395632478143
310	0	48184	579	0	18446744073709551615
310	1	48184	579	0	18446744073709551615
310	3	48184	579	0	18446744073709551615
310	4096	48184	579	0	18446744073709551615
310	1048576	48184	579	0	18446744073709551615
310	4294967296	48184	579	0	18446744073709551615
310	6148914691236495	48184	579	1	828842582456514
310	144115188075855870	48184	579	5	828842582456514
310	2305843009213693950	48184	579	77	828842582456514
310	9223372036854775806	48184	579	275	828842582456514
310	18446744073709551614	48184	579	579	828842582456514
310	18446744073709551615	48184	579	579	828842582456514
311	0	57333	56	0	18446744073709551615
311	1	57333	56	0	18446744073709551615
311	3	57333	56	0	18446744073709551615
311	4096	57333	56	0	18446744073709551615
311	1048576	57333	56	0	18446744073709551615
311	4294967296	57333	56	0	18446744073709551615
311	6148914691236495	57333	56	0	18446744073709551615
311	144115188075855870	57333	56	0	18446744073709551615
311	2305843009213693950	57333	56	8	171198628833688492
311	9223372036854775806	57333	56	33	171198628833688492
311	18446744073709551614	57333	56	56	171198628833688492
311	18446744073709551615	57333	56	56	171198628833688492
312	0	52448	598	0	18446744073709551615
312	1	52448	598	0	18446744073709551615
312	3	52448	598	0	18446744073709551615
312	4096	52448	598	0	18446744073709551615
312	1048576	52448	598	0	18446744073709551615
312	4294967296	52448	598	0	18446744073709551615
312	6148914691236495	52448	598	0	18446744073709551615
312	144115188075855870	52448	598	5	10746144519887845
312	2305843009213693950	52448	598	67	10746144519887845
312	9223372036854775806	52448	598	299	10746144519887845
312	18446744073709551614	52448	598	598	10746144519887845
312	18446744073709551615	52448	598	598	10746144519887845
313	0	56528	144	0	18446744073709551615
313	1	56528	144	0	18446744073709551615
313	3	56528	144	0	18446744073709551615
313	4096	56528	144	0	18446744073709551615
313	1048576	56528	144	0	18446744073709551615
313	4294967296	56528	144	0	18446744073709551615
313	6148914691236495	56528	144	0	18446744073709551615
313	144115188075855870	56528	144	0	18446744073709551615
313	2305843009213693950	56528	144	15	127734546900719071
313	9223372036854775806	56528	144	53	127734546900719071
313	18446744073709551614	56528	144	144	127734546900719071
313	18446744073709551615	56528	144	144	127734546900719071
314	0	31761	617	0	18446744073709551615
314	1	31761	617	0	18446744073709551615
314	3	31761	617	0	18446744073709551615
314	4096	31761	617	0	18446744073709551615
314	1048576	31761	617	0	18446744073709551615
314	4294967296	31761	617	0	18446744073709551615
314	6148914691236495	31761	617	0	18446744073709551615
314	144115188075855870	31761	617	2	24353205046161952
314	2305843009213693950	31761	617	89	24353205046161952
314	9223372036854775806	31761	617	302	24353205046161952
314	18446744073709551614	31761	617	617	24353205046161952
314	18446744073709551615	31761	617	617	24353205046161952
315	0	26704	595	0	18446744073709551615
315	1	26704	595	0	18446744073709551615
315	3	26704	595	0	18446744073709551615
315	4096	26704	595	0	18446744073709551615
315	1048576	26704	595	0	18446744073709551615
315	4294967296	26704	595	0	18446744073709551615
315	6148914691236495	26704	595	0	18446744073709551615
315	144115188075855870	26704	595	3	3080273340417494
315	2305843009213693950	26704	595	90	3080273340417494
315	9223372036854775806	26704	595	290	3080273340417494
315	18446744073709551614	26704	595	595	3080273340417494
315	18446744073709551615	26704	595	595	3080273340417494
316	0	33178	590	0	18446744073709551615
316	1	33178	590	0	18446744073709551615
316	3	33178	590	0	18446744073709551615
316	4096	33178	590	0	18446744073709551615
316	1048576	33178	590	0	18446744073709551615
316	4294967296	33178	590	0	18446744073709551615
316	6148914691236495	33178	590	0	18446744073709551615
316	144115188075855870	33178	590	7	4459224804405302
316	2305843009213693950	33178	590	69	4459224804405302
316	9223372036854775806	33178	590	320	4459224804405302
316	18446744073709551614	33178	590	590	4459224804405302
316	18446744073709551615	33178	590	590	4459224804405302
317	0	30240	594	0	18446744073709551615
317	1	30240	594	0	18446744073709551615
317	3	30240	594	0	18446744073709551615
317	4096	30240	594	0	18446744073709551615
317	1048576	30240	594	0	18446744073709551615
317	4294967296	30240	594	0	18446744073709551615
317	6148914691236495	30240	594	0	18446744073709551615
317	144115188075855870	30240	594	7	22649470528641648
317	2305843009213693950	30240	594	90	22649470528641648
317	9223372036854775806	30240	594	307	22649470528641648
317	18446744073709551614	30240	594	594	22649470528641648
317	18446744073709551615	30240	594	594	22649470528641648
318	0	54792	470	0	18446744073709551615
318	1	54792	470	0	18446744073709551615
318	3	54792	470	0	18446744073709551615
318	4096	54792	470	0	18446744073709551615
318	1048576	54792	470	0	18446744073709551615
318	4294967296	54792	470	0	18446744073709551615
318	6148914691236495	54792	470	0	18446744073709551615
318	144115188075855870	54792	470	6	28059361959758571
318	2305843009213693950	54792	470	57	28059361959758571
318	9223372036854775806	54792	470	219	28059361959758571
318	18446744073709551614	54792	470	470	28059361959758571
318	18446744073709551615	54792	470	470	28059361959758571
319	0	39046	589	0	18446744073709551615
319	1	39046	589	0	18446744073709551615
319	3	39046	589	0	18446744073709551615
319	4096	39046	589	0	18446744073709551615
319	1048576	39046	589	0	18446744073709551615
319	4294967296	39046	589	0	18446744073709551615
319	6148914691236495	39046	589	0	18446744073709551615
319	144115188075855870	39046	589	5	4499835047247055
319	2305843009213693950	39046	589	57	4499835047247055
319	9223372036854775806	39046	589	283	4499835047247055
319	18446744073709551614	39046	589	589	4499835047247055
319	18446744073709551615	39046	589	589	4499835047247055
320	0	6241	578	0	18446744073709551615
320	1	6241	578	0	18446744073709551615
320	3	6241	578	0	18446744073709551615
320	4096	6241	578	0	18446744073709551615
320	1048576	6241	578	0	18446744073709551615
320	4294967296	6241	578	0	18446744073709551615
320	6148914691236495	6241	578	0	18446744073709551615
320	144115188075855870	6241	578	1	30615257799510774
320	2305843009213693950	6241	578	71	30615257799510774
320	9223372036854775806	6241	578	314	30615257799510774
320	18446744073709551614	6241	578	578	30615257799510774
320	18446744073709551615	6241	578	578	30615257799510774
321	0	1173	578	0	18446744073709551615
321	1	1173	578	0	18446744073709551615
321	3	1173	578	0	18446744073709551615
321	4096	1173	578	0	18446744073709551615
321	1048576	1173	578	0	18446744073709551615
321	4294967296	1173	578	0	18446744073709551615
321	6148914691236495	1173	578	0	18446744073709551615
321	144115188075855870	1173	578	3	24021417306290403
321	2305843009213693950	1173	578	67	24021417306290403
321	9223372036854775806	1173	578	300	24021417306290403
321	18446744073709551614	1173	578	578	24021417306290403
321	18446744073709551615	1173	578	578	24021417306290403
322	0	62453	0	0	18446744073709551615
322	1	62453	0	0	18446744073709551615
322	3	62453	0	0	18446744073709551615
322	4096	62453	0	0	18446744073709551615
322	1048576	62453	0	0	18446744073709551615
322	4294967296	62453	0	0	18446744073709551615
322	6148914691236495	62453	0	0	18446744073709551615
322	144115188075855870	62453	0	0	18446744073709551615
322	2305843009213693950	62453	0	0	18446744073709551615
322	9223372036854775806	62453	0	0	18446744073709551615
322	18446744073709551614	62453	0	0	18446744073709551615
322	18446744073709551615	62453	0	0	18446744073709551615
323	0	41529	596	0	18446744073709551615
323	1	41529	596	0	18446744073709551615
323	3	41529	596	0	18446744073709551615
323	4096	41529	596	0	18446744073709551615
323	1048576	41529	596	0	18446744073709551615
323	4294967296	41529	596	0	18446744073709551615
323	6148914691236495	41529	596	1	1875039907842001
323	144115188075855870	41529	596	4	1875039907842001
323	2305843009213693950	41529	596	67	1875039907842001
323	9223372036854775806	41529	596	297	1875039907842001
323	18446744073709551614	41529	596	596	1875039907842001
323	18446744073709551615	41529	596	596	1875039907842001
324	0	48853	569	0	18446744073709551615
324	1	48853	569	0	18446744073709551615
324	3	48853	569	0	18446744073709551615
324	4096	48853	569	0	18446744073709551615
324	1048576	48853	569	0	18446744073709551615
324	4294967296	48853	569	0	18446744073709551615
324	6148914691236495	48853	569	0	18446744073709551615
324	144115188075855870	48853	569	3	7334486152812384
324	2305843009213693950	48853	569	75	7334486152812384
324	9223372036854775806	48853	569	269	7334486152812384
324	18446744073709551614	48853	569	569	7334486152812384
324	18446744073709551615	48853	569	569	7334486152812384
325	0	21957	581	0	18446744073709551615
325	1	21957	581	0	18446744073709551615
325	3	21957	581	0	18446744073709551615
325	4096	21957	581	0	18446744073709551615
325	1048576	21957	581	0	18446744073709551615
325	4294967296	21957	581	0	18446744073709551615
325	6148914691236495	21957	581	0	18446744073709551615
325	144115188075855870	21957	581	7	12384578450013496
325	2305843009213693950	21957	581	72	12384578450013496
325	9223372036854775806	21957	581	280	12384578450013496
325	18446744073709551614	21957	581	581	12384578450013496
325	18446744073709551615	21957	581	581	12384578450013496
326	0	32045	564	0	18446744073709551615
326	1	32045	564	0	18446744073709551615
326	3	32045	564	0	18446744073709551615
326	4096	32045	564	0	18446744073709551615
326	1048576	32045	564	0	18446744073709551615
326	4294967296	32045	564	0	18446744073709551615
326	6148914691236495	32045	564	0	18446744073709551615
326	144115188075855870	32045	564	9	5842850920909528
326	2305843009213693950	32045	564	77	5842850920909528
326	9223372036854775806	32045	564	291	5842850920909528
326	18446744073709551614	32045	564	564	5842850920909528
326	18446744073709551615	32045	564	564	5842850920909528
327	0	30875	569	0	18446744073709551615
327	1	30875	569	0	18446744073709551615
327	3	30875	569	0	18446744073709551615
327	4096	30875	569	0	18446744073709551615
327	1048576	30875	569	0	18446744073709551615
327	4294967296	30875	569	0	18446744073709551615
327	6148914691236495	30875	569	0	18446744073709551615
327	144115188075855870	30875	569	2	24101459921636408
327	2305843009213693950	30875	569	68	24101459921636408
327	9223372036854775806	30875	569	272	24101459921636408
327	18446744073709551614	30875	569	569	24101459921636408
327	18446744073709551615	30875	569	569	24101459921636408
328	0	742	592	0	18446744073709551615
328	1	742	592	0	18446744073709551615
328	3	742	592	0	18446744073709551615
328	4096	742	592	0	18446744073709551615
328	1048576	742	592	0	18446744073709551615
328	4294967296	742	592	0	18446744073709551615
328	6148914691236495	742	592	0	18446744073709551615
328	144115188075855870	742	592	3	37940642011455292
328	2305843009213693950	742	592	80	37940642011455292
328	9223372036854775806	742	592	295	37940642011455292
328	18446744073709551614	742	592	592	37940642011455292
328	18446744073709551615	742	592	592	37940642011455292
329	0	23943	564	0	18446744073709551615
329	1	23943	564	0	18446744073709551615
329	3	23943	564	0	18446744073709551615
329	4096	23943	564	0	18446744073709551615
329	1048576	23943	564	0	18446744073709551615
329	4294967296	23943	564	0	18446744073709551615
329	6148914691236495	23943	564	0	18446744073709551615
329	144115188075855870	23943	564	4	14964726810710694
329	2305843009213693950	23943	564	83	14964726810710694
329	9223372036854775806	23943	564	287	14964726810710694
329	18446744073709551614	23943	564	564	14964726810710694
329	18446744073709551615	23943	564	564	14964726810710694
330	0	44662	565	0	18446744073709551615
330	1	44662	565	0	18446744073709551615
330	3	44662	565	0	18446744073709551615
330	4096	44662	565	0	18446744073709551615
330	1048576	44662	565	0	18446744073709551615
330	4294967296	44662	565	0	18446744073709551615
330	6148914691236495	44662	565	0	18446744073709551615
330	144115188075855870	44662	565	9	10581043982390376
330	2305843009213693950	44662	565	79	10581043982390376
330	9223372036854775806	44662	565	266	10581043982390376
330	18446744073709551614	44662	565	565	10581043982390376
330	18446744073709551615	44662	565	565	10581043982390376
331	0	17472	591	0	18446744073709551615
331	1	17472	591	0	18446744073709551615
331	3	17472	591	0	18446744073709551615
331	4096	17472	591	0	18446744073709551615
331	1048576	17472	591	0	18446744073709551615
331	4294967296	17472	591	0	18446744073709551615
331	6148914691236495	17472	591	0	18446744073709551615
331	144115188075855870	17472	591	3	28594192626110375
331	2305843009213693950	17472	591	74	28594192626110375
331	9223372036854775806	17472	591	285	28594192626110375
331	18446744073709551614	17472	591	591	28594192626110375
331	18446744073709551615	17472	591	591	28594192626110375
332	0	23644	585	0	18446744073709551615
332	1	23644	585	0	18446744073709551615
332	3	23644	585	0	18446744073709551615
332	4096	23644	585	0	18446744073709551615
332	1048576	23644	585	0	18446744073709551615
332	4294967296	23644	585	0	18446744073709551615
332	6148914691236495	23644	585	2	672181118836711
332	144115188075855870	23644	585	6	672181118836711
332	2305843009213693950	23644	585	71	672181118836711
332	9223372036854775806	23644	585	283	672181118836711
332	18446744073709551614	23644	585	585	672181118836711
332	18446744073709551615	23644	585	585	672181118836711
333	0	60983	0	0	18446744073709551615
333	1	60983	0	0	18446744073709551615
333	3	60983	0	0	18446744073709551615
333	4096	60983	0	0	18446744073709551615
333	1048576	60983	0	0	18446744073709551615
333	4294967296	60983	0	0	18446744073709551615
333	6148914691236495	60983	0	0	18446744073709551615
333	144115188075855870	60983	0	0	18446744073709551615
333	2305843009213693950	60983	0	0	18446744073709551615
333	9223372036854775806	60983	0	0	18446744073709551615
333	18446744073709551614	60983	0	0	18446744073709551615
333	18446744073709551615	60983	0	0	18446744073709551615
334	0	6112	603	0	18446744073709551615
334	1	6112	603	0	18446744073709551615
334	3	6112	603	0	18446744073709551615
334	4096	6112	603	0	18446744073709551615
334	1048576	6112	603	0	18446744073709551615
334	4294967296	6112	603	0	18446744073709551615
334	6148914691236495	6112	603	0	18446744073709551615
334	144115188075855870	6112	603	2	62694292505693496
334	2305843009213693950	6112	603	57	62694292505693496
334	9223372036854775806	6112	603	297	62694292505693496
334	18446744073709551614	6112	603	603	62694292505693496
334	18446744073709551615	6112	603	603	62694292505693496
335	0	62996	0	0	18446744073709551615
335	1	62996	0	0	18446744073709551615
335	3	62996	0	0	18446744073709551615
335	4096	62996	0	0	18446744073709551615
335	1048576	62996	0	0	18446744073709551615
335	4294967296	62996	0	0	18446744073709551615
335	6148914691236495	62996	0	0	18446744073709551615
335	144115188075855870	62996	0	0	18446744073709551615
335	2305843009213693950	62996	0	0	18446744073709551615
335	9223372036854775806	62996	0	0	18446744073709551615
335	18446744073709551614	62996	0	0	18446744073709551615
335	18446744073709551615	62996	0	0	18446744073709551615
336	0	16408	616	0	18446744073709551615
336	1	16408	616	0	18446744073709551615
336	3	16408	616	0	18446744073709551615
336	4096	16408	616	0	18446744073709551615
336	1048576	16408	616	0	18446744073709551615
336	4294967296	16408	616	0	18446744073709551615
336	6148914691236495	16408	616	0	18446744073709551615
336	144115188075855870	16408	616	6	12071615558914327
336	2305843009213693950	16408	616	73	12071615558914327
336	9223372036854775806	16408	616	317	12071615558914327
336	18446744073709551614	16408	616	616	12071615558914327
336	18446744073709551615	16408	616	616	12071615558914327
337	0	51081	591	0	18446744073709551615
337	1	51081	591	0	18446744073709551615
337	3	51081	591	0	18446744073709551615
337	4096	51081	591	0	18446744073709551615
337	1048576	51081	591	0	18446744073709551615
337	4294967296	51081	591	0	18446744073709551615
337	6148914691236495	51081	591	0	18446744073709551615
337	144115188075855870	51081	591	8	3220178516341623
337	2305843009213693950	51081	591	70	3220178516341623
337	9223372036854775806	51081	591	289	3220178516341623
337	18446744073709551614	51081	591	591	3220178516341623
337	18446744073709551615	51081	591	591	3220178516341623
338	0	39476	606	0	18446744073709551615
338	1	39476	606	0	18446744073709551615
338	3	39476	606	0	18446744073709551615
338	4096	39476	606	0	18446744073709551615
338	1048576	39476	606	0	18446744073709551615
338	4294967296	39476	606	0	18446744073709551615
338	6148914691236495	39476	606	0	18446744073709551615
338	144115188075855870	39476	606	6	6097671775057773
338	2305843009213693950	39476	606	65	6097671775057773
338	9223372036854775806	39476	606	279	6097671775057773
338	18446744073709551614	39476	606	606	6097671775057773
338	18446744073709551615	39476	606	606	6097671775057773
339	0	9060	615	0	18446744073709551615
339	1	9060	615	0	18446744073709551615
339	3	9060	615	0	18446744073709551615
339	4096	9060	615	0	18446744073709551615
339	1048576	9060	615	0	18446744073709551615
339	4294967296	9060	615	0	18446744073709551615
339	6148914691236495	9060	615	0	18446744073709551615
339	144115188075855870	9060	615	7	5084008357564463
339	2305843009213693950	9060	615	83	5084008357564463
339	9223372036854775806	9060	615	324	5084008357564463
339	18446744073709551614	9060	615	615	5084008357564463
339	18446744073709551615	9060	615	615	5084008357564463
340	0	47317	568	0	18446744073709551615
340	1	47317	568	0	18446744073709551615
340	3	47317	568	0	18446744073709551615
340	4096	47317	568	0	18446744073709551615
340	1048576	47317	568	0	18446744073709551615
340	4294967296	47317	568	0	18446744073709551615
340	6148914691236495	47317	568	0	18446744073709551615
340	144115188075855870	47317	568	1	9156316074595401
340	2305843009213693950	47317	568	73	9156316074595401
340	9223372036854775806	47317	568	300	9156316074595401
340	18446744073709551614	47317	568	568	9156316074595401
340	18446744073709551615	47317	568	568	9156316074595401
341	0	17087	614	0	18446744073709551615
341	1	17087	614	0	18446744073709551615
341	3	17087	614	0	18446744073709551615
341	4096	17087	614	0	18446744073709551615
341	1048576	17087	614	0	18446744073709551615
341	4294967296	17087	614	0	18446744073709551615
341	6148914691236495	17087	614	0	18446744073709551615
341	144115188075855870	17087	614	1	7743934120744818
341	2305843009213693950	17087	614	70	7743934120744818
341	9223372036854775806	17087	614	275	7743934120744818
341	18446744073709551614	17087	614	614	7743934120744818
341	18446744073709551615	17087	614	614	7743934120744818
342	0	3936	602	0	18446744073709551615
342	1	3936	602	0	18446744073709551615
342	3	3936	602	0	18446744073709551615
342	4096	3936	602	0	18446744073709551615
342	1048576	3936	602	0	18446744073709551615
342	4294967296	3936	602	0	18446744073709551615
342	6148914691236495	3936	602	0	18446744073709551615
342	144115188075855870	3936	602	4	5015689639484665
342	2305843009213693950	3936	602	82	5015689639484665
342	9223372036854775806	3936	602	311	5015689639484665
342	18446744073709551614	3936	602	602	5015689639484665
342	18446744073709551615	3936	602	602	5015689639484665
343	0	13282	558	0	18446744073709551615
343	1	13282	558	0	18446744073709551615
343	3	13282	558	0	18446744073709551615
343	4096	13282	558	0	18446744073709551615
343	1048576	13282	558	0	18446744073709551615
343	4294967296	13282	558	0	18446744073709551615
343	6148914691236495	13282	558	0	18446744073709551615
343	144115188075855870	13282	558	8	4060403880676912
343	2305843009213693950	13282	558	72	4060403880676912
343	9223372036854775806	13282	558	288	4060403880676912
343	18446744073709551614	13282	558	558	4060403880676912
343	18446744073709551615	13282	558	558	4060403880676912
344	0	52758	582	0	18446744073709551615
344	1	52758	582	0	18446744073709551615
344	3	52758	582	0	18446744073709551615
344	4096	52758	582	0	18446744073709551615
344	1048576	52758	582	0	18446744073709551615
344	4294967296	52758	582	0	18446744073709551615
344	6148914691236495	52758	582	0	18446744073709551615
344	144115188075855870	52758	582	3	10808780386313999
344	2305843009213693950	52758	582	81	10808780386313999
344	9223372036854775806	52758	582	277	10808780386313999
344	18446744073709551614	52758	582	582	10808780386313999
344	18446744073709551615	52758	582	582	10808780386313999
345	0	59782	0	0	18446744073709551615
345	1	59782	0	0	18446744073709551615
345	3	59782	0	0	18446744073709551615
345	4096	59782	0	0	18446744073709551615
345	1048576	59782	0	0	18446744073709551615
345	4294967296	59782	0	0	18446744073709551615
345	6148914691236495	59782	0	0	18446744073709551615
345	144115188075855870	59782	0	0	18446744073709551615
345	2305843009213693950	59782	0	0	18446744073709551615
345	9223372036854775806	59782	0	0	18446744073709551615
345	18446744073709551614	59782	0	0	18446744073709551615
345	18446744073709551615	59782	0	0	18446744073709551615
346	0	47795	618	0	18446744073709551615
346	1	47795	618	0	18446744073709551615
346	3	47795	618	0	18446744073709551615
346	4096	47795	618	0	18446744073709551615
346	1048576	47795	618	0	18446744073709551615
346	4294967296	47795	618	0	18446744073709551615
346	6148914691236495	47795	618	0	18446744073709551615
346	144115188075855870	47795	618	5	21432478103815400
346	2305843009213693950	47795	618	87	21432478103815400
346	9223372036854775806	47795	618	305	21432478103815400
346	18446744073709551614	47795	618	618	21432478103815400
346	18446744073709551615	47795	618	618	21432478103815400
347	0	64429	0	0	18446744073709551615
347	1	64429	0	0	18446744073709551615
347	3	64429	0	0	18446744073709551615
347	4096	64429	0	0	18446744073709551615
347	1048576	64429	0	0	18446744073709551615
347	4294967296	64429	0	0	18446744073709551615
347	6148914691236495	64429	0	0	18446744073709551615
347	144115188075855870	64429	0	0	18446744073709551615
347	2305843009213693950	64429	0	0	18446744073709551615
347	9223372036854775806	64429	0	0	18446744073709551615
347	18446744073709551614	64429	0	0	18446744073709551615
347	18446744073709551615	64429	0	0	18446744073709551615
348	0	15772	581	0	18446744073709551615
348	1	15772	581	0	18446744073709551615
348	3	15772	581	0	18446744073709551615
348	4096	15772	581	0	18446744073709551615
348	1048576	15772	581	0	18446744073709551615
348	4294967296	15772	581	0	18446744073709551615
348	6148914691236495	15772	581	0	18446744073709551615
348	144115188075855870	15772	581	6	4514638119828830
348	2305843009213693950	15772	581	81	4514638119828830
348	9223372036854775806	15772	581	306	4514638119828830
348	18446744073709551614	15772	581	581	4514638119828830
348	18446744073709551615	15772	581	581	4514638119828830
349	0	50432	595	0	18446744073709551615
349	1	50432	595	0	18446744073709551615
349	3	50432	595	0	18446744073709551615
349	4096	50432	595	0	18446744073709551615
349	1048576	50432	595	0	18446744073709551615
349	4294967296	50432	595	0	18446744073709551615
349	6148914691236495	50432	595	0	18446744073709551615
349	144115188075855870	50432	595	4	11083528803885118
349	2305843009213693950	50432	595	67	11083528803885118
349	9223372036854775806	50432	595	307	11083528803885118
349	18446744073709551614	50432	595	595	11083528803885118
349	18446744073709551615	50432	595	595	11083528803885118
350	0	10032	570	0	18446744073709551615
350	1	10032	570	0	18446744073709551615
350	3	10032	570	0	18446744073709551615
350	4096	10032	570	0	18446744073709551615
350	1048576	10032	570	0	18446744073709551615
350	4294967296	10032	570	0	18446744073709551615
350	6148914691236495	10032	570	0	18446744073709551615
350	144115188075855870	10032	570	8	5947447357618904
350	2305843009213693950	10032	570	72	5947447357618904
350	9223372036854775806	10032	570	288	5947447357618904
350	18446744073709551614	10032	570	570	5947447357618904
350	18446744073709551615	10032	570	570	5947447357618904
351	0	48500	595	0	18446744073709551615
351	1	48500	595	0	18446744073709551615
351	3	48500	595	0	18446744073709551615
351	4096	48500	595	0	18446744073709551615
351	1048576	48500	595	0	18446744073709551615
351	4294967296	48500	595	0	18446744073709551615
351	6148914691236495	48500	595	0	18446744073709551615
351	144115188075855870	48500	595	3	5050828323402006
351	2305843009213693950	48500	595	77	5050828323402006
351	9223372036854775806	48500	595	302	5050828323402006
351	18446744073709551614	48500	595	595	5050828323402006
351	18446744073709551615	48500	595	595	5050828323402006
352	0	18888	595	0	18446744073709551615
352	1	18888	595	0	18446744073709551615
352	3	18888	595	0	18446744073709551615
352	4096	18888	595	0	18446744073709551615
352	1048576	18888	595	0	18446744073709551615
352	4294967296	18888	595	0	18446744073709551615
352	6148914691236495	18888	595	1	863768337768059
352	144115188075855870	18888	595	5	863768337768059
352	2305843009213693950	18888	595	86	863768337768059
352	9223372036854775806	18888	595	320	863768337768059
352	18446744073709551614	18888	595	595	863768337768059
352	18446744073709551615	18888	595	595	863768337768059
353	0	37682	585	0	18446744073709551615
353	1	37682	585	0	18446744073709551615
353	3	37682	585	0	18446744073709551615
353	4096	37682	585	0	18446744073709551615
353	1048576	37682	585	0	18446744073709551615
353	4294967296	37682	585	0	18446744073709551615
353	6148914691236495	37682	585	0	18446744073709551615
353	144115188075855870	37682	585	7	7567651731315217
353	2305843009213693950	37682	585	78	7567651731315217
353	9223372036854775806	37682	585	275	7567651731315217
353	18446744073709551614	37682	585	585	7567651731315217
353	18446744073709551615	37682	585	585	7567651731315217
354	0	50503	590	0	18446744073709551615
354	1	50503	590	0	18446744073709551615
354	3	50503	590	0	18446744073709551615
354	4096	50503	590	0	18446744073709551615
354	1048576	50503	590	0	18446744073709551615
354	4294967296	50503	590	0	18446744073709551615
354	6148914691236495	50503	590	0	18446744073709551615
354	144115188075855870	50503	590	5	30814641707377000
354	2305843009213693950	50503	590	75	30814641707377000
354	9223372036854775806	50503	590	285	30814641707377000
354	18446744073709551614	50503	590	590	30814641707377000
354	18446744073709551615	50503	590	590	30814641707377000
355	0	2863	581	0	18446744073709551615
355	1	2863	581	0	18446744073709551615
355	3	2863	581	0	18446744073709551615
355	4096	2863	581	0	18446744073709551615
355	1048576	2863	581	0	18446744073709551615
355	4294967296	2863	581	0	18446744073709551615
355	6148914691236495	2863	581	0	18446744073709551615
355	144115188075855870	2863	581	3	26830741464375422
355	2305843009213693950	2863	581	58	26830741464375422
355	9223372036854775806	2863	581	282	26830741464375422
355	18446744073709551614	2863	581	581	26830741464375422
355	18446744073709551615	2863	581	581	26830741464375422
356	0	60089	0	0	18446744073709551615
356	1	60089	0	0	18446744073709551615
356	3	60089	0	0	18446744073709551615
356	4096	60089	0	0	18446744073709551615
356	1048576	60089	0	0	18446744073709551615
356	4294967296	60089	0	0	18446744073709551615
356	6148914691236495	60089	0	0	18446744073709551615
356	144115188075855870	60089	0	0	18446744073709551615
356	2305843009213693950	60089	0	0	18446744073709551615
356	9223372036854775806	60089	0	0	18446744073709551615
356	18446744073709551614	60089	0	0	18446744073709551615
356	18446744073709551615	60089	0	0	18446744073709551615
357	0	33005	609	0	18446744073709551615
357	1	33005	609	0	18446744073709551615
357	3	33005	609	0	18446744073709551615
357	4096	33005	609	0	18446744073709551615
357	1048576	33005	609	0	18446744073709551615
357	4294967296	33005	609	0	18446744073709551615
357	6148914691236495	33005	609	0	18446744073709551615
357	144115188075855870	33005	609	2	46398233836839365
357	2305843009213693950	33005	609	72	46398233836839365
357	9223372036854775806	33005	609	314	46398233836839365
357	18446744073709551614	33005	609	609	46398233836839365
357	18446744073709551615	33005	609	609	46398233836839365
358	0	31819	579	0	18446744073709551615
358	1	31819	579	0	18446744073709551615
358	3	31819	579	0	18446744073709551615
358	4096	31819	579	0	18446744073709551615
358	1048576	31819	579	0	18446744073709551615
358	4294967296	31819	579	0	18446744073709551615
358	6148914691236495	31819	579	0	18446744073709551615
358	144115188075855870	31819	579	5	11487955718210177
358	2305843009213693950	31819	579	79	11487955718210177
358	9223372036854775806	31819	579	289	11487955718210177
358	18446744073709551614	31819	579	579	11487955718210177
358	18446744073709551615	31819	579	579	11487955718210177
359	0	61807	0	0	18446744073709551615
359	1	61807	0	0	18446744073709551615
359	3	61807	0	0	18446744073709551615
359	4096	61807	0	0	18446744073709551615
359	1048576	61807	0	0	18446744073709551615
359	4294967296	61807	0	0	18446744073709551615
359	6148914691236495	61807	0	0	18446744073709551615
359	144115188075855870	61807	0	0	18446744073709551615
359	2305843009213693950	61807	0	0	18446744073709551615
359	9223372036854775806	61807	0	0	18446744073709551615
359	18446744073709551614	61807	0	0	18446744073709551615
359	18446744073709551615	61807	0	0	18446744073709551615
360	0	40298	586	0	18446744073709551615
360	1	40298	586	0	18446744073709551615
360	3	40298	586	0	18446744073709551615
360	4096	40298	586	0	18446744073709551615
360	1048576	40298	586	0	18446744073709551615
360	4294967296	40298	586	0	18446744073709551615
360	6148914691236495	40298	586	0	18446744073709551615
360	144115188075855870	40298	586	6	12579462463178331
360	2305843009213693950	40298	586	63	12579462463178331
360	9223372036854775806	40298	586	278	12579462463178331
360	18446744073709551614	40298	586	586	12579462463178331
360	18446744073709551615	40298	586	586	12579462463178331
361	0	338	592	0	18446744073709551615
361	1	338	592	0	18446744073709551615
361	3	338	592	0	18446744073709551615
361	4096	338	592	0	18446744073709551615
361	1048576	338	592	0	18446744073709551615
361	4294967296	338	592	0	18446744073709551615
361	6148914691236495	338	592	0	18446744073709551615
361	144115188075855870	338	592	6	9386519459031521
361	2305843009213693950	338	592	87	9386519459031521
361	9223372036854775806	338	592	310	9386519459031521
361	18446744073709551614	338	592	592	9386519459031521
361	18446744073709551615	338	592	592	9386519459031521
362	0	1040	576	0	18446744073709551615
362	1	1040	576	0	18446744073709551615
362	3	1040	576	0	18446744073709551615
362	4096	1040	576	0	18446744073709551615
362	1048576	1040	576	0	18446744073709551615
362	4294967296	1040	576	0	18446744073709551615
362	6148914691236495	1040	576	0	18446744073709551615
362	144115188075855870	1040	576	6	17944241108498642
362	2305843009213693950	1040	576	76	17944241108498642
362	9223372036854775806	1040	576	298	17944241108498642
362	18446744073709551614	1040	576	576	17944241108498642
362	18446744073709551615	1040	576	576	17944241108498642
363	0	7464	600	0	18446744073709551615
363	1	7464	600	0	18446744073709551615
363	3	7464	600	0	18446744073709551615
363	4096	7464	600	0	18446744073709551615
363	1048576	7464	600	0	18446744073709551615
363	4294967296	7464	600	0	18446744073709551615
363	6148914691236495	7464	600	0	18446744073709551615
363	144115188075855870	7464	600	6	14370145733966105
363	2305843009213693950	7464	600	78	14370145733966105
363	9223372036854775806	7464	600	309	14370145733966105
363	18446744073709551614	7464	600	600	14370145733966105
363	18446744073709551615	7464	600	600	14370145733966105
364	0	28483	594	0	18446744073709551615
364	1	28483	594	0	18446744073709551615
364	3	28483	594	0	18446744073709551615
364	4096	28483	594	0	18446744073709551615
364	1048576	28483	594	0	18446744073709551615
364	4294967296	28483	594	0	18446744073709551615
364	6148914691236495	28483	594	0	18446744073709551615
364	144115188075855870	28483	594	7	7428087410831378
364	2305843009213693950	28483	594	79	7428087410831378
364	9223372036854775806	28483	594	306	7428087410831378
364	18446744073709551614	28483	594	594	7428087410831378
364	18446744073709551615	28483	594	594	7428087410831378
365	0	46644	576	0	18446744073709551615
365	1	46644	576	0	18446744073709551615
365	3	46644	576	0	18446744073709551615
365	4096	46644	576	0	18446744073709551615
365	1048576	46644	576	0	18446744073709551615
365	4294967296	46644	576	0	18446744073709551615
365	6148914691236495	46644	576	0	18446744073709551615
365	144115188075855870	46644	576	8	11064553536302664
365	2305843009213693950	46644	576	65	11064553536302664
365	9223372036854775806	46644	576	313	11064553536302664
365	18446744073709551614	46644	576	576	11064553536302664
365	18446744073709551615	46644	576	576	11064553536302664
366	0	35042	577	0	18446744073709551615
366	1	35042	577	0	18446744073709551615
366	3	35042	577	0	18446744073709551615
366	4096	35042	577	0	18446744073709551615
366	1048576	35042	577	0	18446744073709551615
366	4294967296	35042	577	0	18446744073709551615
366	6148914691236495	35042	577	0	18446744073709551615
366	144115188075855870	35042	577	6	7752406884372741
366	2305843009213693950	35042	577	77	7752406884372741
366	9223372036854775806	35042	577	285	7752406884372741
366	18446744073709551614	35042	577	577	7752406884372741
366	18446744073709551615	35042	577	577	7752406884372741
367	0	41045	611	0	18446744073709551615
367	1	41045	611	0	18446744073709551615
367	3	41045	611	0	18446744073709551615
367	4096	41045	611	0	18446744073709551615
367	1048576	41045	611	0	18446744073709551615
367	4294967296	41045	611	0	18446744073709551615
367	6148914691236495	41045	611	0	18446744073709551615
367	144115188075855870	41045	611	6	7016230927795439
367	2305843009213693950	41045	611	77	7016230927795439
367	9223372036854775806	41045	611	311	7016230927795439
367	18446744073709551614	41045	611	611	7016230927795439
367	18446744073709551615	41045	611	611	7016230927795439
368	0	51916	586	0	18446744073709551615
368	1	51916	586	0	18446744073709551615
368	3	51916	586	0	18446744073709551615
368	4096	51916	586	0	18446744073709551615
368	1048576	51916	586	0	18446744073709551615
368	4294967296	51916	586	0	18446744073709551615
368	6148914691236495	51916	586	0	18446744073709551615
368	144115188075855870	51916	586	5	6358926915639529
368	2305843009213693950	51916	586	68	6358926915639529
368	9223372036854775806	51916	586	293	6358926915639529
368	18446744073709551614	51916	586	586	6358926915639529
368	18446744073709551615	51916	586	586	6358926915639529
369	0	42479	572	0	18446744073709551615
369	1	42479	572	0	18446744073709551615
369	3	42479	572	0	18446744073709551615
369	4096	42479	572	0	18446744073709551615
369	1048576	42479	572	0	18446744073709551615
369	4294967296	42479	572	0	18446744073709551615
369	6148914691236495	42479	572	0	18446744073709551615
369	144115188075855870	42479	572	4	9944936260196845
369	2305843009213693950	42479	572	61	9944936260196845
369	9223372036854775806	42479	572	291	9944936260196845
369	18446744073709551614	42479	572	572	9944936260196845
369	18446744073709551615	42479	572	572	9944936260196845
370	0	15895	600	0	18446744073709551615
370	1	15895	600	0	18446744073709551615
370	3	15895	600	0	18446744073709551615
370	4096	15895	600	0	18446744073709551615
370	1048576	15895	600	0	18446744073709551615
370	4294967296	15895	600	0	18446744073709551615
370	6148914691236495	15895	600	0	18446744073709551615
370	144115188075855870	15895	600	8	23170654778906467
370	2305843009213693950	15895	600	77	23170654778906467
370	9223372036854775806	15895	600	301	23170654778906467
370	18446744073709551614	15895	600	600	23170654778906467
370	18446744073709551615	15895	600	600	23170654778906467
371	0	33122	610	0	18446744073709551615
371	1	33122	610	0	18446744073709551615
371	3	33122	610	0	18446744073709551615
371	4096	33122	610	0	18446744073709551615
371	1048576	33122	610	0	18446744073709551615
371	4294967296	33122	610	0	18446744073709551615
371	6148914691236495	33122	610	0	18446744073709551615
371	144115188075855870	33122	610	1	13502834979777833
371	2305843009213693950	33122	610	70	13502834979777833
371	9223372036854775806	33122	610	306	13502834979777833
371	18446744073709551614	33122	610	610	13502834979777833
371	18446744073709551615	33122	610	610	13502834979777833
372	0	26484	598	0	18446744073709551615
372	1	26484	598	0	18446744073709551615
372	3	26484	598	0	18446744073709551615
372	4096	26484	598	0	18446744073709551615
372	1048576	26484	598	0	18446744073709551615
372	4294967296	26484	598	0	18446744073709551615
372	6148914691236495	26484	598	0	18446744073709551615
372	144115188075855870	26484	598	3	13581827764025098
372	2305843009213693950	26484	598	67	13581827764025098
372	9223372036854775806	26484	598	290	13581827764025098
372	18446744073709551614	26484	598	598	13581827764025098
372	18446744073709551615	26484	598	598	13581827764025098
373	0	4252	599	0	18446744073709551615
373	1	4252	599	0	18446744073709551615
373	3	4252	599	0	18446744073709551615
373	4096	4252	599	0	18446744073709551615
373	1048576	4252	599	0	18446744073709551615
373	4294967296	4252	599	0	18446744073709551615
373	6148914691236495	4252	599	0	18446744073709551615
373	144115188075855870	4252	599	4	22496699459826673
373	2305843009213693950	4252	599	81	22496699459826673
373	9223372036854775806	4252	599	305	22496699459826673
373	18446744073709551614	4252	599	599	22496699459826673
373	18446744073709551615	4252	599	599	22496699459826673
374	0	60587	0	0	18446744073709551615
374	1	60587	0	0	18446744073709551615
374	3	60587	0	0	18446744073709551615
374	4096	60587	0	0	18446744073709551615
374	1048576	60587	0	0	18446744073709551615
374	4294967296	60587	0	0	18446744073709551615
374	6148914691236495	60587	0	0	18446744073709551615
374	144115188075855870	60587	0	0	18446744073709551615
374	2305843009213693950	60587	0	0	18446744073709551615
374	9223372036854775806	60587	0	0	18446744073709551615
374	18446744073709551614	60587	0	0	18446744073709551615
374	18446744073709551615	60587	0	0	18446744073709551615
375	0	1647	614	0	18446744073709551615
375	1	1647	614	0	18446744073709551615
375	3	1647	614	0	18446744073709551615
375	4096	1647	614	0	18446744073709551615
375	1048576	1647	614	0	18446744073709551615
375	4294967296	1647	614	0	18446744073709551615
375	6148914691236495	1647	614	1	1088982233991155
375	144115188075855870	1647	614	6	1088982233991155
375	2305843009213693950	1647	614	86	1088982233991155
375	9223372036854775806	1647	614	315	1088982233991155
375	18446744073709551614	1647	614	614	1088982233991155
375	18446744073709551615	1647	614	614	1088982233991155
376	0	27960	610	0	18446744073709551615
376	1	27960	610	0	18446744073709551615
376	3	27960	610	0	18446744073709551615
376	4096	27960	610	0	18446744073709551615
376	1048576	27960	610	0	18446744073709551615
376	4294967296	27960	610	0	18446744073709551615
376	6148914691236495	27960	610	0	18446744073709551615
376	144115188075855870	27960	610	5	21126153114643094
376	2305843009213693950	27960	610	79	21126153114643094
376	9223372036854775806	27960	610	308	21126153114643094
376	18446744073709551614	27960	610	610	21126153114643094
376	18446744073709551615	27960	610	610	21126153114643094
377	0	26778	579	0	18446744073709551615
377	1	26778	579	0	18446744073709551615
377	3	26778	579	0	18446744073709551615
377	4096	26778	579	0	18446744073709551615
377	1048576	26778	579	0	18446744073709551615
377	4294967296	26778	579	0	18446744073709551615
377	6148914691236495	26778	579	0	18446744073709551615
377	144115188075855870	26778	579	5	11509518310085957
377	2305843009213693950	26778	579	78	11509518310085957
377	9223372036854775806	26778	579	271	11509518310085957
377	18446744073709551614	26778	579	579	11509518310085957
377	18446744073709551615	26778	579	579	11509518310085957
378	0	28270	572	0	18446744073709551615
378	1	28270	572	0	18446744073709551615
378	3	28270	572	0	18446744073709551615
378	4096	28270	572	0	18446744073709551615
378	1048576	28270	572	0	18446744073709551615
378	4294967296	28270	572	0	18446744073709551615
378	6148914691236495	28270	572	0	18446744073709551615
378	144115188075855870	28270	572	3	8275201646231228
378	2305843009213693950	28270	572	75	8275201646231228
378	9223372036854775806	28270	572	289	8275201646231228
378	18446744073709551614	28270	572	572	8275201646231228
378	18446744073709551615	28270	572	572	8275201646231228
379	0	31652	566	0	18446744073709551615
379	1	31652	566	0	18446744073709551615
379	3	31652	566	0	18446744073709551615
379	4096	31652	566	0	18446744073709551615
379	1048576	31652	566	0	18446744073709551615
379	4294967296	31652	566	0	18446744073709551615
379	6148914691236495	31652	566	1	129722786699734
379	144115188075855870	31652	566	6	129722786699734
379	2305843009213693950	31652	566	75	129722786699734
379	9223372036854775806	31652	566	290	129722786699734
379	18446744073709551614	31652	566	566	129722786699734
379	18446744073709551615	31652	566	566	129722786699734
380	0	24516	588	0	18446744073709551615
380	1	24516	588	0	18446744073709551615
380	3	24516	588	0	18446744073709551615
380	4096	24516	588	0	18446744073709551615
380	1048576	24516	588	0	18446744073709551615
380	4294967296	24516	588	0	18446744073709551615
380	6148914691236495	24516	588	1	1516964103570695
380	144115188075855870	24516	588	3	1516964103570695
380	2305843009213693950	24516	588	72	1516964103570695
380	9223372036854775806	24516	588	324	1516964103570695
380	18446744073709551614	24516	588	588	1516964103570695
380	18446744073709551615	24516	588	588	1516964103570695
381	0	63833	0	0	18446744073709551615
381	1	63833	0	0	18446744073709551615
381	3	63833	0	0	18446744073709551615
381	4096	63833	0	0	18446744073709551615
381	1048576	63833	0	0	18446744073709551615
381	4294967296	63833	0	0	18446744073709551615
381	6148914691236495	63833	0	0	18446744073709551615
381	144115188075855870	63833	0	0	18446744073709551615
381	2305843009213693950	63833	0	0	18446744073709551615
381	9223372036854775806	63833	0	0	18446744073709551615
381	18446744073709551614	63833	0	0	18446744073709551615
381	18446744073709551615	63833	0	0	18446744073709551615
382	0	16069	606	0	18446744073709551615
382	1	16069	606	0	18446744073709551615
382	3	16069	606	0	18446744073709551615
382	4096	16069	606	0	18446744073709551615
382	1048576	16069	606	0	18446744073709551615
382	4294967296	16069	606	0	18446744073709551615
382	6148914691236495	16069	606	0	18446744073709551615
382	144115188075855870	16069	606	2	26714117033144398
382	2305843009213693950	16069	606	77	26714117033144398
382	9223372036854775806	16069	606	296	26714117033144398
382	18446744073709551614	16069	606	606	26714117033144398
382	18446744073709551615	16069	606	606	26714117033144398
383	0	52933	558	0	18446744073709551615
383	1	52933	558	0	18446744073709551615
383	3	52933	558	0	18446744073709551615
383	4096	52933	558	0	18446744073709551615
383	1048576	52933	558	0	18446744073709551615
383	4294967296	52933	558	0	18446744073709551615
383	6148914691236495	52933	558	0	18446744073709551615
383	144115188075855870	52933	558	5	14747411252200093
383	2305843009213693950	52933	558	62	14747411252200093
383	9223372036854775806	52933	558	260	14747411252200093
383	18446744073709551614	52933	558	558	14747411252200093
383	18446744073709551615	52933	558	558	14747411252200093
384	0	14815	612	0	18446744073709551615
384	1	14815	612	0	18446744073709551615
384	3	14815	612	0	18446744073709551615
384	4096	14815	612	0	18446744073709551615
384	1048576	14815	612	0	18446744073709551615
384	4294967296	14815	612	0	18446744073709551615
384	6148914691236495	14815	612	1	1621535852101755
384	144115188075855870	14815	612	3	1621535852101755
384	2305843009213693950	14815	612	69	1621535852101755
384	9223372036854775806	14815	612	320	1621535852101755
384	18446744073709551614	14815	612	612	1621535852101755
384	18446744073709551615	14815	612	612	1621535852101755
385	0	19670	607	0	18446744073709551615
385	1	19670	607	0	18446744073709551615
385	3	19670	607	0	18446744073709551615
385	4096	19670	607	0	18446744073709551615
385	1048576	19670	607	0	18446744073709551615
385	4294967296	19670	607	0	18446744073709551615
385	6148914691236495	19670	607	0	18446744073709551615
385	144115188075855870	19670	607	1	46176756270434782
385	2305843009213693950	19670	607	68	46176756270434782
385	9223372036854775806	19670	607	298	46176756270434782
385	18446744073709551614	19670	607	607	46176756270434782
385	18446744073709551615	19670	607	607	46176756270434782
386	0	4358	587	0	18446744073709551615
386	1	4358	587	0	18446744073709551615
386	3	4358	587	0	18446744073709551615
386	4096	4358	587	0	18446744073709551615
386	1048576	4358	587	0	18446744073709551615
386	4294967296	4358	587	0	18446744073709551615
386	6148914691236495	4358	587	0	18446744073709551615
386	144115188075855870	4358	587	6	7574759360746630
386	2305843009213693950	4358	587	87	7574759360746630
386	9223372036854775806	4358	587	307	7574759360746630
386	18446744073709551614	4358	587	587	7574759360746630
386	18446744073709551615	4358	587	587	7574759360746630
387	0	64177	0	0	18446744073709551615
387	1	64177	0	0	18446744073709551615
387	3	64177	0	0	18446744073709551615
387	4096	64177	0	0	18446744073709551615
387	1048576	64177	0	0	18446744073709551615
387	4294967296	64177	0	0	18446744073709551615
387	6148914691236495	64177	0	0	18446744073709551615
387	144115188075855870	64177	0	0	18446744073709551615
387	2305843009213693950	64177	0	0	18446744073709551615
387	9223372036854775806	64177	0	0	18446744073709551615
387	18446744073709551614	64177	0	0	18446744073709551615
387	18446744073709551615	64177	0	0	18446744073709551615
388	0	7981	584	0	18446744073709551615
388	1	7981	584	0	18446744073709551615
388	3	7981	584	0	18446744073709551615
388	4096	7981	584	0	18446744073709551615
388	1048576	7981	584	0	18446744073709551615
388	4294967296	7981	584	0	18446744073709551615
388	6148914691236495	7981	584	0	18446744073709551615
388	144115188075855870	7981	584	11	15367376277112537
388	2305843009213693950	7981	584	81	15367376277112537
388	9223372036854775806	7981	584	301	15367376277112537
388	18446744073709551614	7981	584	584	15367376277112537
388	18446744073709551615	7981	584	584	15367376277112537
389	0	54456	471	0	18446744073709551615
389	1	54456	471	0	18446744073709551615
389	3	54456	471	0	18446744073709551615
389	4096	54456	471	0	18446744073709551615
389	1048576	54456	471	0	18446744073709551615
389	4294967296	54456	471	0	18446744073709551615
389	6148914691236495	54456	471	0	18446744073709551615
389	144115188075855870	54456	471	3	13790646447839821
389	2305843009213693950	54456	471	51	13790646447839821
389	9223372036854775806	54456	471	230	13790646447839821
389	18446744073709551614	54456	471	471	13790646447839821
389	18446744073709551615	54456	471	471	13790646447839821
390	0	49753	602	0	18446744073709551615
390	1	49753	602	0	18446744073709551615
390	3	49753	602	0	18446744073709551615
390	4096	49753	602	0	18446744073709551615
390	1048576	49753	602	0	18446744073709551615
390	4294967296	49753	602	0	18446744073709551615
390	6148914691236495	49753	602	0	18446744073709551615
390	144115188075855870	49753	602	4	35145950485966987
390	2305843009213693950	49753	602	81	35145950485966987
390	9223372036854775806	49753	602	308	35145950485966987
390	18446744073709551614	49753	602	602	35145950485966987
390	18446744073709551615	49753	602	602	35145950485966987
391	0	4621	586	0	18446744073709551615
391	1	4621	586	0	18446744073709551615
391	3	4621	586	0	18446744073709551615
391	4096	4621	586	0	18446744073709551615
391	1048576	4621	586	0	18446744073709551615
391	4294967296	4621	586	0	18446744073709551615
391	6148914691236495	4621	586	0	18446744073709551615
391	144115188075855870	4621	586	2	34986813169041413
391	2305843009213693950	4621	586	68	34986813169041413
391	9223372036854775806	4621	586	302	34986813169041413
391	18446744073709551614	4621	586	586	34986813169041413
391	18446744073709551615	4621	586	586	34986813169041413
392	0	34858	612	0	18446744073709551615
392	1	34858	612	0	18446744073709551615
392	3	34858	612	0	18446744073709551615
392	4096	34858	612	0	18446744073709551615
392	1048576	34858	612	0	18446744073709551615
392	4294967296	34858	612	0	18446744073709551615
392	6148914691236495	34858	612	0	18446744073709551615
392	144115188075855870	34858	612	6	6747723701094872
392	2305843009213693950	34858	612	77	6747723701094872
392	9223372036854775806	34858	612	304	6747723701094872
392	18446744073709551614	34858	612	612	6747723701094872
392	18446744073709551615	34858	612	612	6747723701094872
393	0	25965	588	0	18446744073709551615
393	1	25965	588	0	18446744073709551615
393	3	25965	588	0	18446744073709551615
393	4096	25965	588	0	18446744073709551615
393	1048576	25965	588	0	18446744073709551615
393	4294967296	25965	588	0	18446744073709551615
393	6148914691236495	25965	588	0	18446744073709551615
393	144115188075855870	25965	588	0	18446744073709551615
393	2305843009213693950	25965	588	65	75694909055473795
393	9223372036854775806	25965	588	276	75694909055473795
393	18446744073709551614	25965	588	588	75694909055473795
393	18446744073709551615	25965	588	588	75694909055473795
394	0	26903	599	0	18446744073709551615
394	1	26903	599	0	18446744073709551615
394	3	26903	599	0	18446744073709551615
394	4096	26903	599	0	18446744073709551615
394	1048576	26903	599	0	18446744073709551615
394	4294967296	26903	599	0	18446744073709551615
394	6148914691236495	26903	599	0	18446744073709551615
394	144115188075855870	26903	599	3	31952502674839319
394	2305843009213693950	26903	599	68	31952502674839319
394	9223372036854775806	26903	599	295	31952502674839319
394	18446744073709551614	26903	599	599	31952502674839319
394	18446744073709551615	26903	599	599	31952502674839319
395	0	14805	584	0	18446744073709551615
395	1	14805	584	0	18446744073709551615
395	3	14805	584	0	18446744073709551615
395	4096	14805	584	0	18446744073709551615
395	1048576	14805	584	0	18446744073709551615
395	4294967296	14805	584	0	18446744073709551615
395	6148914691236495	14805	584	0	18446744073709551615
395	144115188075855870	14805	584	4	11637872553742819
395	2305843009213693950	14805	584	64	11637872553742819
395	9223372036854775806	14805	584	287	11637872553742819
395	18446744073709551614	14805	584	584	11637872553742819
395	18446744073709551615	14805	584	584	11637872553742819
396	0	31558	577	0	18446744073709551615
396	1	31558	577	0	18446744073709551615
396	3	31558	577	0	18446744073709551615
396	4096	31558	577	0	18446744073709551615
396	1048576	31558	577	0	18446744073709551615
396	4294967296	31558	577	0	18446744073709551615
396	6148914691236495	31558	577	1	730050911639235
396	144115188075855870	31558	577	9	730050911639235
396	2305843009213693950	31558	577	67	730050911639235
396	9223372036854775806	31558	577	304	730050911639235
396	18446744073709551614	31558	577	577	730050911639235
396	18446744073709551615	31558	577	577	730050911639235
397	0	17824	612	0	18446744073709551615
397	1	17824	612	0	18446744073709551615
397	3	17824	612	0	18446744073709551615
397	4096	17824	612	0	18446744073709551615
397	1048576	17824	612	0	18446744073709551615
397	4294967296	17824	612	0	18446744073709551615
397	6148914691236495	17824	612	0	18446744073709551615
397	144115188075855870	17824	612	4	5592343712424506
397	2305843009213693950	17824	612	77	5592343712424506
397	9223372036854775806	17824	612	281	5592343712424506
397	18446744073709551614	17824	612	612	5592343712424506
397	18446744073709551615	17824	612	612	5592343712424506
398	0	43492	561	0	18446744073709551615
398	1	43492	561	0	18446744073709551615
398	3	43492	561	0	18446744073709551615
398	4096	43492	561	0	18446744073709551615
398	1048576	43492	561	0	18446744073709551615
398	4294967296	43492	561	0	18446744073709551615
398	6148914691236495	43492	561	0	18446744073709551615
398	144115188075855870	43492	561	4	11044877715917212
398	2305843009213693950	43492	561	59	11044877715917212
398	9223372036854775806	43492	561	250	11044877715917212
398	18446744073709551614	43492	561	561	11044877715917212
398	18446744073709551615	43492	561	561	11044877715917212
399	0	9887	577	0	18446744073709551615
399	1	9887	577	0	18446744073709551615
399	3	9887	577	0	18446744073709551615
399	4096	9887	577	0	18446744073709551615
399	1048576	9887	577	0	18446744073709551615
399	4294967296	9887	577	0	18446744073709551615
399	6148914691236495	9887	577	0	18446744073709551615
399	144115188075855870	9887	577	4	9087900530064483
399	2305843009213693950	9887	577	64	9087900530064483
399	9223372036854775806	9887	577	290	9087900530064483
399	18446744073709551614	9887	577	577	9087900530064483
399	18446744073709551615	9887	577	577	9087900530064483
400	0	50921	578	0	18446744073709551615
400	1	50921	578	0	18446744073709551615
400	3	50921	578	0	18446744073709551615
400	4096	50921	578	0	18446744073709551615
400	1048576	50921	578	0	18446744073709551615
400	4294967296	50921	578	0	18446744073709551615
400	6148914691236495	50921	578	1	810752206401070
400	144115188075855870	50921	578	9	810752206401070
400	2305843009213693950	50921	578	87	810752206401070
400	9223372036854775806	50921	578	298	810752206401070
400	18446744073709551614	50921	578	578	810752206401070
400	18446744073709551615	50921	578	578	810752206401070
401	0	17319	611	0	18446744073709551615
401	1	17319	611	0	18446744073709551615
401	3	17319	611	0	18446744073709551615
401	4096	17319	611	0	18446744073709551615
401	1048576	17319	611	0	18446744073709551615
401	4294967296	17319	611	0	18446744073709551615
401	6148914691236495	17319	611	0	18446744073709551615
401	144115188075855870	17319	611	2	29688954265899158
401	2305843009213693950	17319	611	88	29688954265899158
401	9223372036854775806	17319	611	315	29688954265899158
401	18446744073709551614	17319	611	611	29688954265899158
401	18446744073709551615	17319	611	611	29688954265899158
402	0	42052	592	0	18446744073709551615
402	1	42052	592	0	18446744073709551615
402	3	42052	592	0	18446744073709551615
402	4096	42052	592	0	18446744073709551615
402	1048576	42052	592	0	18446744073709551615
402	4294967296	42052	592	0	18446744073709551615
402	6148914691236495	42052	592	0	18446744073709551615
402	144115188075855870	42052	592	6	4676436207988473
402	2305843009213693950	42052	592	71	4676436207988473
402	9223372036854775806	42052	592	292	4676436207988473
402	18446744073709551614	42052	592	592	4676436207988473
402	18446744073709551615	42052	592	592	4676436207988473
403	0	6121	557	0	18446744073709551615
403	1	6121	557	0	18446744073709551615
403	3	6121	557	0	18446744073709551615
403	4096	6121	557	0	18446744073709551615
403	1048576	6121	557	0	18446744073709551615
403	4294967296	6121	557	0	18446744073709551615
403	6148914691236495	6121	557	0	18446744073709551615
403	144115188075855870	6121	557	4	13300904644926428
403	2305843009213693950	6121	557	73	13300904644926428
403	9223372036854775806	6121	557	282	13300904644926428
403	18446744073709551614	6121	557	557	13300904644926428
403	18446744073709551615	6121	557	557	13300904644926428
404	0	15116	581	0	18446744073709551615
404	1	15116	581	0	18446744073709551615
404	3	15116	581	0	18446744073709551615
404	4096	15116	581	0	18446744073709551615
404	1048576	15116	581	0	18446744073709551615
404	4294967296	15116	581	0	18446744073709551615
404	6148914691236495	15116	581	0	18446744073709551615
404	144115188075855870	15116	581	6	3243433019215266
404	2305843009213693950	15116	581	51	3243433019215266
404	9223372036854775806	15116	581	287	3243433019215266
404	18446744073709551614	15116	581	581	3243433019215266
404	18446744073709551615	15116	581	581	3243433019215266
405	0	49033	589	0	18446744073709551615
405	1	49033	589	0	18446744073709551615
405	3	49033	589	0	18446744073709551615
405	4096	49033	589	0	18446744073709551615
405	1048576	49033	589	0	18446744073709551615
405	4294967296	49033	589	0	18446744073709551615
405	6148914691236495	49033	589	1	2975500455904281
405	144115188075855870	49033	589	5	2975500455904281
405	2305843009213693950	49033	589	80	2975500455904281
405	9223372036854775806	49033	589	303	2975500455904281
405	18446744073709551614	49033	589	589	2975500455904281
405	18446744073709551615	49033	589	589	2975500455904281
406	0	19617	570	0	18446744073709551615
406	1	19617	570	0	18446744073709551615
406	3	19617	570	0	18446744073709551615
406	4096	19617	570	0	18446744073709551615
406	1048576	19617	570	0	18446744073709551615
406	4294967296	19617	570	0	18446744073709551615
406	6148914691236495	19617	570	0	18446744073709551615
406	144115188075855870	19617	570	3	19679521135073181
406	2305843009213693950	19617	570	73	19679521135073181
406	9223372036854775806	19617	570	295	19679521135073181
406	18446744073709551614	19617	570	570	19679521135073181
406	18446744073709551615	19617	570	570	19679521135073181
407	0	59497	1	0	18446744073709551615
407	1	59497	1	0	18446744073709551615
407	3	59497	1	0	18446744073709551615
407	4096	59497	1	0	18446744073709551615
407	1048576	59497	1	0	18446744073709551615
407	4294967296	59497	1	0	18446744073709551615
407	6148914691236495	59497	1	0	18446744073709551615
407	144115188075855870	59497	1	0	18446744073709551615
407	2305843009213693950	59497	1	0	18446744073709551615
407	9223372036854775806	59497	1	0	18446744073709551615
407	18446744073709551614	59497	1	1	8778334316287594178
407	18446744073709551615	59497	1	1	8778334316287594178
408	0	1714	620	0	18446744073709551615
408	1	1714	620	0	18446744073709551615
408	3	1714	620	0	18446744073709551615
408	4096	1714	620	0	18446744073709551615
408	1048576	1714	620	0	18446744073709551615
408	4294967296	1714	620	0	18446744073709551615
408	6148914691236495	1714	620	0	18446744073709551615
408	144115188075855870	1714	620	6	26114226636064995
408	2305843009213693950	1714	620	70	26114226636064995
408	9223372036854775806	1714	620	297	26114226636064995
408	18446744073709551614	1714	620	620	26114226636064995
408	18446744073709551615	1714	620	620	26114226636064995
409	0	3270	609	0	18446744073709551615
409	1	3270	609	0	18446744073709551615
409	3	3270	609	0	18446744073709551615
409	4096	3270	609	0	18446744073709551615
409	1048576	3270	609	0	18446744073709551615
409	4294967296	3270	609	0	18446744073709551615
409	6148914691236495	3270	609	0	18446744073709551615
409	144115188075855870	3270	609	5	18454690572132240
409	2305843009213693950	3270	609	95	18454690572132240
409	9223372036854775806	3270	609	304	18454690572132240
409	18446744073709551614	3270	609	609	18454690572132240
409	18446744073709551615	3270	609	609	18454690572132240
410	0	59552	2	0	18446744073709551615
410	1	59552	2	0	18446744073709551615
410	3	59552	2	0	18446744073709551615
410	4096	59552	2	0	18446744073709551615
410	1048576	59552	2	0	18446744073709551615
410	4294967296	59552	2	0	18446744073709551615
410	6148914691236495	59552	2	0	18446744073709551615
410	144115188075855870	59552	2	0	18446744073709551615
410	2305843009213693950	59552	2	0	18446744073709551615
410	9223372036854775806	59552	2	2	4314562295018803863
410	18446744073709551614	59552	2	2	4314562295018803863
410	18446744073709551615	59552	2	2	4314562295018803863
411	0	3276	575	0	18446744073709551615
411	1	3276	575	0	18446744073709551615
411	3	3276	575	0	18446744073709551615
411	4096	3276	575	0	18446744073709551615
411	1048576	3276	575	0	18446744073709551615
411	4294967296	3276	575	0	18446744073709551615
411	6148914691236495	3276	575	0	18446744073709551615
411	144115188075855870	3276	575	6	7655727019649176
411	2305843009213693950	3276	575	77	7655727019649176
411	9223372036854775806	3276	575	292	7655727019649176
411	18446744073709551614	3276	575	575	7655727019649176
411	18446744073709551615	3276	575	575	7655727019649176
412	0	461	579	0	18446744073709551615
412	1	461	579	0	18446744073709551615
412	3	461	579	0	18446744073709551615
412	4096	461	579	0	18446744073709551615
412	1048576	461	579	0	18446744073709551615
412	4294967296	461	579	0	18446744073709551615
412	6148914691236495	461	579	0	18446744073709551615
412	144115188075855870	461	579	2	5919148842574258
412	2305843009213693950	461	579	66	5919148842574258
412	9223372036854775806	461	579	292	5919148842574258
412	18446744073709551614	461	579	579	5919148842574258
412	18446744073709551615	461	579	579	5919148842574258
413	0	35864	574	0	18446744073709551615
413	1	35864	574	0	18446744073709551615
413	3	35864	574	0	18446744073709551615
413	4096	35864	574	0	18446744073709551615
413	1048576	35864	574	0	18446744073709551615
413	4294967296	35864	574	0	18446744073709551615
413	6148914691236495	35864	574	0	18446744073709551615
413	144115188075855870	35864	574	2	12050142136330072
413	2305843009213693950	35864	574	69	12050142136330072
413	9223372036854775806	35864	574	292	12050142136330072
413	18446744073709551614	35864	574	574	12050142136330072
413	18446744073709551615	35864	574	574	12050142136330072
414	0	50744	605	0	18446744073709551615
414	1	50744	605	0	18446744073709551615
414	3	50744	605	0	18446744073709551615
414	4096	50744	605	0	18446744073709551615
414	1048576	50744	605	0	18446744073709551615
414	4294967296	50744	605	0	18446744073709551615
414	6148914691236495	50744	605	2	2652966304783291
414	144115188075855870	50744	605	6	2652966304783291
414	2305843009213693950	50744	605	65	2652966304783291
414	9223372036854775806	50744	605	289	2652966304783291
414	18446744073709551614	50744	605	605	2652966304783291
414	18446744073709551615	50744	605	605	2652966304783291
415	0	30809	593	0	18446744073709551615
415	1	30809	593	0	18446744073709551615
415	3	30809	593	0	18446744073709551615
415	4096	30809	593	0	18446744073709551615
415	1048576	30809	593	0	18446744073709551615
415	4294967296	30809	593	0	18446744073709551615
415	6148914691236495	30809	593	0	18446744073709551615
415	144115188075855870	30809	593	5	19809192887221881
415	2305843009213693950	30809	593	86	19809192887221881
415	9223372036854775806	30809	593	304	19809192887221881
415	18446744073709551614	30809	593	593	19809192887221881
415	18446744073709551615	30809	593	593	19809192887221881
416	0	11900	602	0	18446744073709551615
416	1	11900	602	0	18446744073709551615
416	3	11900	602	0	18446744073709551615
416	4096	11900	602	0	18446744073709551615
416	1048576	11900	602	0	18446744073709551615
416	4294967296	11900	602	0	18446744073709551615
416	6148914691236495	11900	602	1	2807920085493485
416	144115188075855870	11900	602	6	2807920085493485
416	2305843009213693950	11900	602	88	2807920085493485
416	9223372036854775806	11900	602	321	2807920085493485
416	18446744073709551614	11900	602	602	2807920085493485
416	18446744073709551615	11900	602	602	2807920085493485
417	0	50946	593	0	18446744073709551615
417	1	50946	593	0	18446744073709551615
417	3	50946	593	0	18446744073709551615
417	4096	50946	593	0	18446744073709551615
417	1048576	50946	593	0	18446744073709551615
417	4294967296	50946	593	0	18446744073709551615
417	6148914691236495	50946	593	0	18446744073709551615
417	144115188075855870	50946	593	4	22413815797186596
417	2305843009213693950	50946	593	68	22413815797186596
417	9223372036854775806	50946	593	274	22413815797186596
417	18446744073709551614	50946	593	593	22413815797186596
417	18446744073709551615	50946	593	593	22413815797186596
418	0	23523	595	0	18446744073709551615
418	1	23523	595	0	18446744073709551615
418	3	23523	595	0	18446744073709551615
418	4096	23523	595	0	18446744073709551615
418	1048576	23523	595	0	18446744073709551615
418	4294967296	23523	595	0	18446744073709551615
418	6148914691236495	23523	595	1	1217045898190964
418	144115188075855870	23523	595	5	1217045898190964
418	2305843009213693950	23523	595	67	1217045898190964
418	9223372036854775806	23523	595	298	1217045898190964
418	18446744073709551614	23523	595	595	1217045898190964
418	18446744073709551615	23523	595	595	1217045898190964
419	0	32839	584	0	18446744073709551615
419	1	32839	584	0	18446744073709551615
419	3	32839	584	0	18446744073709551615
419	4096	32839	584	0	18446744073709551615
419	1048576	32839	584	0	18446744073709551615
419	4294967296	32839	584	0	18446744073709551615
419	6148914691236495	32839	584	0	18446744073709551615
419	144115188075855870	32839	584	2	56941020875853149
419	2305843009213693950	32839	584	77	56941020875853149
419	9223372036854775806	32839	584	290	56941020875853149
419	18446744073709551614	32839	584	584	56941020875853149
419	18446744073709551615	32839	584	584	56941020875853149
420	0	16457	598	0	18446744073709551615
420	1	16457	598	0	18446744073709551615
420	3	16457	598	0	18446744073709551615
420	4096	16457	598	0	18446744073709551615
420	1048576	16457	598	0	18446744073709551615
420	4294967296	16457	598	0	18446744073709551615
420	6148914691236495	16457	598	0	18446744073709551615
420	144115188075855870	16457	598	3	12045910929308086
420	2305843009213693950	16457	598	81	12045910929308086
420	9223372036854775806	16457	598	286	12045910929308086
420	18446744073709551614	16457	598	598	12045910929308086
420	18446744073709551615	16457	598	598	12045910929308086
421	0	30186	580	0	18446744073709551615
421	1	30186	580	0	18446744073709551615
421	3	30186	580	0	18446744073709551615
421	4096	30186	580	0	18446744073709551615
421	1048576	30186	580	0	18446744073709551615
421	4294967296	30186	580	0	18446744073709551615
421	6148914691236495	30186	580	0	18446744073709551615
421	144115188075855870	30186	580	3	16440989351281499
421	2305843009213693950	30186	580	58	16440989351281499
421	9223372036854775806	30186	580	286	16440989351281499
421	18446744073709551614	30186	580	580	16440989351281499
421	18446744073709551615	30186	580	580	16440989351281499
422	0	49057	561	0	18446744073709551615
422	1	49057	561	0	18446744073709551615
422	3	49057	561	0	18446744073709551615
422	4096	49057	561	0	18446744073709551615
422	1048576	49057	561	0	18446744073709551615
422	4294967296	49057	561	0	18446744073709551615
422	6148914691236495	49057	561	0	18446744073709551615
422	144115188075855870	49057	561	4	9517314016834567
422	2305843009213693950	49057	561	67	9517314016834567
422	9223372036854775806	49057	561	272	9517314016834567
422	18446744073709551614	49057	561	561	9517314016834567
422	18446744073709551615	49057	561	561	9517314016834567
423	0	45500	595	0	18446744073709551615
423	1	45500	595	0	18446744073709551615
423	3	45500	595	0	18446744073709551615
423	4096	45500	595	0	18446744073709551615
423	1048576	45500	595	0	18446744073709551615
423	4294967296	45500	595	0	18446744073709551615
423	6148914691236495	45500	595	0	18446744073709551615
423	144115188075855870	45500	595	4	7623344720076885
423	2305843009213693950	45500	595	83	7623344720076885
423	9223372036854775806	45500	595	296	7623344720076885
423	18446744073709551614	45500	595	595	7623344720076885
423	18446744073709551615	45500	595	595	7623344720076885
424	0	6407	563	0	18446744073709551615
424	1	6407	563	0	18446744073709551615
424	3	6407	563	0	18446744073709551615
424	4096	6407	563	0	18446744073709551615
424	1048576	6407	563	0	18446744073709551615
424	4294967296	6407	563	0	18446744073709551615
424	6148914691236495	6407	563	0	18446744073709551615
424	144115188075855870	6407	563	2	24622220441848558
424	2305843009213693950	6407	563	66	24622220441848558
424	9223372036854775806	6407	563	298	24622220441848558
424	18446744073709551614	6407	563	563	24622220441848558
424	18446744073709551615	6407	563	563	24622220441848558
425	0	40691	570	0	18446744073709551615
425	1	40691	570	0	18446744073709551615
425	3	40691	570	0	18446744073709551615
425	4096	40691	570	0	18446744073709551615
425	1048576	40691	570	0	18446744073709551615
425	4294967296	40691	570	0	18446744073709551615
425	6148914691236495	40691	570	1	505901752727894
425	144115188075855870	40691	570	6	505901752727894
425	2305843009213693950	40691	570	65	505901752727894
425	9223372036854775806	40691	570	308	505901752727894
425	18446744073709551614	40691	570	570	505901752727894
425	18446744073709551615	40691	570	570	505901752727894
426	0	24706	556	0	18446744073709551615
426	1	24706	556	0	18446744073709551615
426	3	24706	556	0	18446744073709551615
426	4096	24706	556	0	18446744073709551615
426	1048576	24706	556	0	18446744073709551615
426	4294967296	24706	556	0	18446744073709551615
426	6148914691236495	24706	556	1	2695387438563031
426	144115188075855870	24706	556	7	2695387438563031
426	2305843009213693950	24706	556	78	2695387438563031
426	9223372036854775806	24706	556	287	2695387438563031
426	18446744073709551614	24706	556	556	2695387438563031
426	18446744073709551615	24706	556	556	2695387438563031
427	0	64118	0	0	18446744073709551615
427	1	64118	0	0	18446744073709551615
427	3	64118	0	0	18446744073709551615
427	4096	64118	0	0	18446744073709551615
427	1048576	64118	0	0	18446744073709551615
427	4294967296	64118	0	0	18446744073709551615
427	6148914691236495	64118	0	0	18446744073709551615
427	144115188075855870	64118	0	0	18446744073709551615
427	2305843009213693950	64118	0	0	18446744073709551615
427	9223372036854775806	64118	0	0	18446744073709551615
427	18446744073709551614	64118	0	0	18446744073709551615
427	18446744073709551615	64118	0	0	18446744073709551615
428	0	30655	584	0	18446744073709551615
428	1	30655	584	0	18446744073709551615
428	3	30655	584	0	18446744073709551615
428	4096	30655	584	0	18446744073709551615
428	1048576	30655	584	0	18446744073709551615
428	4294967296	30655	584	0	18446744073709551615
428	6148914691236495	30655	584	0	18446744073709551615
428	144115188075855870	30655	584	3	21053505740150041
428	2305843009213693950	30655	584	65	21053505740150041
428	9223372036854775806	30655	584	286	21053505740150041
428	18446744073709551614	30655	584	584	21053505740150041
428	18446744073709551615	30655	584	584	21053505740150041
429	0	53960	531	0	18446744073709551615
429	1	53960	531	0	18446744073709551615
429	3	53960	531	0	18446744073709551615
429	4096	53960	531	0	18446744073709551615
429	1048576	53960	531	0	18446744073709551615
429	4294967296	53960	531	0	18446744073709551615
429	6148914691236495	53960	531	0	18446744073709551615
429	144115188075855870	53960	531	6	7914655515009780
429	2305843009213693950	53960	531	64	7914655515009780
429	9223372036854775806	53960	531	271	7914655515009780
429	18446744073709551614	53960	531	531	7914655515009780
429	18446744073709551615	53960	531	531	7914655515009780
430	0	39240	587	0	18446744073709551615
430	1	39240	587	0	18446744073709551615
430	3	39240	587	0	18446744073709551615
430	4096	39240	587	0	18446744073709551615
430	1048576	39240	587	0	18446744073709551615
430	4294967296	39240	587	0	18446744073709551615
430	6148914691236495	39240	587	0	18446744073709551615
430	144115188075855870	39240	587	2	3280146028833650
430	2305843009213693950	39240	587	63	3280146028833650
430	9223372036854775806	39240	587	283	3280146028833650
430	18446744073709551614	39240	587	587	3280146028833650
430	18446744073709551615	39240	587	587	3280146028833650
431	0	28220	571	0	18446744073709551615
431	1	28220	571	0	18446744073709551615
431	3	28220	571	0	18446744073709551615
431	4096	28220	571	0	18446744073709551615
431	1048576	28220	571	0	18446744073709551615
431	4294967296	28220	571	0	18446744073709551615
431	6148914691236495	28220	571	0	18446744073709551615
431	144115188075855870	28220	571	7	13257997843167067
431	2305843009213693950	28220	571	76	13257997843167067
431	9223372036854775806	28220	571	311	13257997843167067
431	18446744073709551614	28220	571	571	13257997843167067
431	18446744073709551615	28220	571	571	13257997843167067
432	0	35179	567	0	18446744073709551615
432	1	35179	567	0	18446744073709551615
432	3	35179	567	0	18446744073709551615
432	4096	35179	567	0	18446744073709551615
432	1048576	35179	567	0	18446744073709551615
432	4294967296	35179	567	0	18446744073709551615
432	6148914691236495	35179	567	0	18446744073709551615
432	144115188075855870	35179	567	2	23059172391733112
432	2305843009213693950	35179	567	63	23059172391733112
432	9223372036854775806	35179	567	252	23059172391733112
432	18446744073709551614	35179	567	567	23059172391733112
432	18446744073709551615	35179	567	567	23059172391733112
433	0	18329	570	0	18446744073709551615
433	1	18329	570	0	18446744073709551615
433	3	18329	570	0	18446744073709551615
433	4096	18329	570	0	18446744073709551615
433	1048576	18329	570	0	18446744073709551615
433	4294967296	18329	570	0	18446744073709551615
433	6148914691236495	18329	570	1	2990260793061381
433	144115188075855870	18329	570	3	2990260793061381
433	2305843009213693950	18329	570	78	2990260793061381
433	9223372036854775806	18329	570	302	2990260793061381
433	18446744073709551614	18329	570	570	2990260793061381
433	18446744073709551615	18329	570	570	2990260793061381
434	0	10975	571	0	18446744073709551615
434	1	10975	571	0	18446744073709551615
434	3	10975	571	0	18446744073709551615
434	4096	10975	571	0	18446744073709551615
434	1048576	10975	571	0	18446744073709551615
434	4294967296	10975	571	0	18446744073709551615
434	6148914691236495	10975	571	0	18446744073709551615
434	144115188075855870	10975	571	5	11675070453169654
434	2305843009213693950	10975	571	71	11675070453169654
434	9223372036854775806	10975	571	283	11675070453169654
434	18446744073709551614	10975	571	571	11675070453169654
434	18446744073709551615	10975	571	571	11675070453169654
435	0	45868	578	0	18446744073709551615
435	1	45868	578	0	18446744073709551615
435	3	45868	578	0	18446744073709551615
435	4096	45868	578	0	18446744073709551615
435	1048576	45868	578	0	18446744073709551615
435	4294967296	45868	578	0	18446744073709551615
435	6148914691236495	45868	578	0	18446744073709551615
435	144115188075855870	45868	578	2	61254334818284864
435	2305843009213693950	45868	578	75	61254334818284864
435	9223372036854775806	45868	578	273	61254334818284864
435	18446744073709551614	45868	578	578	61254334818284864
435	18446744073709551615	45868	578	578	61254334818284864
436	0	6865	574	0	18446744073709551615
436	1	6865	574	0	18446744073709551615
436	3	6865	574	0	18446744073709551615
436	4096	6865	574	0	18446744073709551615
436	1048576	6865	574	0	18446744073709551615
436	4294967296	6865	574	0	18446744073709551615
436	6148914691236495	6865	574	0	18446744073709551615
436	144115188075855870	6865	574	3	3593774821063791
436	2305843009213693950	6865	574	65	3593774821063791
436	9223372036854775806	6865	574	280	3593774821063791
436	18446744073709551614	6865	574	574	3593774821063791
436	18446744073709551615	6865	574	574	3593774821063791
437	0	36277	592	0	18446744073709551615
437	1	36277	592	0	18446744073709551615
437	3	36277	592	0	18446744073709551615
437	4096	36277	592	0	18446744073709551615
437	1048576	36277	592	0	18446744073709551615
437	4294967296	36277	592	0	18446744073709551615
437	6148914691236495	36277	592	0	18446744073709551615
437	144115188075855870	36277	592	5	10012145556370809
437	2305843009213693950	36277	592	66	10012145556370809
437	9223372036854775806	36277	592	289	10012145556370809
437	18446744073709551614	36277	592	592	10012145556370809
437	18446744073709551615	36277	592	592	10012145556370809
438	0	41304	599	0	18446744073709551615
438	1	41304	599	0	18446744073709551615
438	3	41304	599	0	18446744073709551615
438	4096	41304	599	0	18446744073709551615
438	1048576	41304	599	0	18446744073709551615
438	4294967296	41304	599	0	18446744073709551615
438	6148914691236495	41304	599	0	18446744073709551615
438	144115188075855870	41304	599	4	7197212499844042
438	2305843009213693950	41304	599	70	7197212499844042
438	9223372036854775806	41304	599	300	7197212499844042
438	18446744073709551614	41304	599	599	7197212499844042
438	18446744073709551615	41304	599	599	7197212499844042
439	0	53911	555	0	18446744073709551615
439	1	53911	555	0	18446744073709551615
439	3	53911	555	0	18446744073709551615
439	4096	53911	555	0	18446744073709551615
439	1048576	53911	555	0	18446744073709551615
439	4294967296	53911	555	0	18446744073709551615
439	6148914691236495	53911	555	0	18446744073709551615
439	144115188075855870	53911	555	6	7282765007869444
439	2305843009213693950	53911	555	56	7282765007869444
439	9223372036854775806	53911	555	280	7282765007869444
439	18446744073709551614	53911	555	555	7282765007869444
439	18446744073709551615	53911	555	555	7282765007869444
440	0	6110	589	0	18446744073709551615
440	1	6110	589	0	18446744073709551615
440	3	6110	589	0	18446744073709551615
440	4096	6110	589	0	18446744073709551615
440	1048576	6110	589	0	18446744073709551615
440	4294967296	6110	589	0	18446744073709551615
440	6148914691236495	6110	589	0	18446744073709551615
440	144115188075855870	6110	589	5	5787242309279319
440	2305843009213693950	6110	589	88	5787242309279319
440	9223372036854775806	6110	589	328	5787242309279319
440	18446744073709551614	6110	589	589	5787242309279319
440	18446744073709551615	6110	589	589	5787242309279319
441	0	63909	0	0	18446744073709551615
441	1	63909	0	0	18446744073709551615
441	3	63909	0	0	18446744073709551615
441	4096	63909	0	0	18446744073709551615
441	1048576	63909	0	0	18446744073709551615
441	4294967296	63909	0	0	18446744073709551615
441	6148914691236495	63909	0	0	18446744073709551615
441	144115188075855870	63909	0	0	18446744073709551615
441	2305843009213693950	63909	0	0	18446744073709551615
441	9223372036854775806	63909	0	0	18446744073709551615
441	18446744073709551614	63909	0	0	18446744073709551615
441	18446744073709551615	63909	0	0	18446744073709551615
442	0	26887	553	0	18446744073709551615
442	1	26887	553	0	18446744073709551615
442	3	26887	553	0	18446744073709551615
442	4096	26887	553	0	18446744073709551615
442	1048576	26887	553	0	18446744073709551615
442	4294967296	26887	553	0	18446744073709551615
442	6148914691236495	26887	553	0	18446744073709551615
442	144115188075855870	26887	553	2	18327569133019733
442	2305843009213693950	26887	553	69	18327569133019733
442	9223372036854775806	26887	553	277	18327569133019733
442	18446744073709551614	26887	553	553	18327569133019733
442	18446744073709551615	26887	553	553	18327569133019733
443	0	9053	589	0	18446744073709551615
443	1	9053	589	0	18446744073709551615
443	3	9053	589	0	18446744073709551615
443	4096	9053	589	0	18446744073709551615
443	1048576	9053	589	0	18446744073709551615
443	4294967296	9053	589	0	18446744073709551615
443	6148914691236495	9053	589	1	1871520179237207
443	144115188075855870	9053	589	5	1871520179237207
443	2305843009213693950	9053	589	70	1871520179237207
443	9223372036854775806	9053	589	297	1871520179237207
443	18446744073709551614	9053	589	589	1871520179237207
443	18446744073709551615	9053	589	589	1871520179237207
444	0	46437	589	0	18446744073709551615
444	1	46437	589	0	18446744073709551615
444	3	46437	589	0	18446744073709551615
444	4096	46437	589	0	18446744073709551615
444	1048576	46437	589	0	18446744073709551615
444	4294967296	46437	589	0	18446744073709551615
444	6148914691236495	46437	589	0	18446744073709551615
444	144115188075855870	46437	589	4	28094882426624399
444	2305843009213693950	46437	589	80	28094882426624399
444	9223372036854775806	46437	589	276	28094882426624399
444	18446744073709551614	46437	589	589	28094882426624399
444	18446744073709551615	46437	589	589	28094882426624399
445	0	21126	597	0	18446744073709551615
445	1	21126	597	0	18446744073709551615
445	3	21126	597	0	18446744073709551615
445	4096	21126	597	0	18446744073709551615
445	1048576	21126	597	0	18446744073709551615
445	4294967296	21126	597	0	18446744073709551615
445	6148914691236495	21126	597	0	18446744073709551615
445	144115188075855870	21126	597	5	9872426105963879
445	2305843009213693950	21126	597	76	9872426105963879
445	9223372036854775806	21126	597	300	9872426105963879
445	18446744073709551614	21126	597	597	9872426105963879
445	18446744073709551615	21126	597	597	9872426105963879
446	0	4832	596	0	18446744073709551615
446	1	4832	596	0	18446744073709551615
446	3	4832	596	0	18446744073709551615
446	4096	4832	596	0	18446744073709551615
446	1048576	4832	596	0	18446744073709551615
446	4294967296	4832	596	0	18446744073709551615
446	6148914691236495	4832	596	0	18446744073709551615
446	144115188075855870	4832	596	6	4894328975373354
446	2305843009213693950	4832	596	72	4894328975373354
446	9223372036854775806	4832	596	287	4894328975373354
446	18446744073709551614	4832	596	596	4894328975373354
446	18446744073709551615	4832	596	596	4894328975373354
447	0	65370	0	0	18446744073709551615
447	1	65370	0	0	18446744073709551615
447	3	65370	0	0	18446744073709551615
447	4096	65370	0	0	18446744073709551615
447	1048576	65370	0	0	18446744073709551615
447	4294967296	65370	0	0	18446744073709551615
447	6148914691236495	65370	0	0	18446744073709551615
447	144115188075855870	65370	0	0	18446744073709551615
447	2305843009213693950	65370	0	0	18446744073709551615
447	9223372036854775806	65370	0	0	18446744073709551615
447	18446744073709551614	65370	0	0	18446744073709551615
447	18446744073709551615	65370	0	0	18446744073709551615
448	0	28089	603	0	18446744073709551615
448	1	28089	603	0	18446744073709551615
448	3	28089	603	0	18446744073709551615
448	4096	28089	603	0	18446744073709551615
448	1048576	28089	603	0	18446744073709551615
448	4294967296	28089	603	0	18446744073709551615
448	6148914691236495	28089	603	0	18446744073709551615
448	144115188075855870	28089	603	3	35523505211545795
448	2305843009213693950	28089	603	73	35523505211545795
448	9223372036854775806	28089	603	282	35523505211545795
448	18446744073709551614	28089	603	603	35523505211545795
448	18446744073709551615	28089	603	603	35523505211545795
449	0	42039	606	0	18446744073709551615
449	1	42039	606	0	18446744073709551615
449	3	42039	606	0	18446744073709551615
449	4096	42039	606	0	18446744073709551615
449	1048576	42039	606	0	18446744073709551615
449	4294967296	42039	606	0	18446744073709551615
449	6148914691236495	42039	606	0	18446744073709551615
449	144115188075855870	42039	606	5	12554210603127269
449	2305843009213693950	42039	606	76	12554210603127269
449	9223372036854775806	42039	606	307	12554210603127269
449	18446744073709551614	42039	606	606	12554210603127269
449	18446744073709551615	42039	606	606	12554210603127269
450	0	25564	581	0	18446744073709551615
450	1	25564	581	0	18446744073709551615
450	3	25564	581	0	18446744073709551615
450	4096	25564	581	0	18446744073709551615
450	1048576	25564	581	0	18446744073709551615
450	4294967296	25564	581	0	18446744073709551615
450	6148914691236495	25564	581	0	18446744073709551615
450	144115188075855870	25564	581	4	13067576902819181
450	2305843009213693950	25564	581	71	13067576902819181
450	9223372036854775806	25564	581	273	13067576902819181
450	18446744073709551614	25564	581	581	13067576902819181
450	18446744073709551615	25564	581	581	13067576902819181
451	0	7857	592	0	18446744073709551615
451	1	7857	592	0	18446744073709551615
451	3	7857	592	0	18446744073709551615
451	4096	7857	592	0	18446744073709551615
451	1048576	7857	592	0	18446744073709551615
451	4294967296	7857	592	0	18446744073709551615
451	6148914691236495	7857	592	0	18446744073709551615
451	144115188075855870	7857	592	7	16128338884453865
451	2305843009213693950	7857	592	82	16128338884453865
451	9223372036854775806	7857	592	293	16128338884453865
451	18446744073709551614	7857	592	592	16128338884453865
451	18446744073709551615	7857	592	592	16128338884453865
452	0	16489	606	0	18446744073709551615
452	1	16489	606	0	18446744073709551615
452	3	16489	606	0	18446744073709551615
452	4096	16489	606	0	18446744073709551615
452	1048576	16489	606	0	18446744073709551615
452	4294967296	16489	606	0	18446744073709551615
452	6148914691236495	16489	606	1	868032670142379
452	144115188075855870	16489	606	3	868032670142379
452	2305843009213693950	16489	606	84	868032670142379
452	9223372036854775806	16489	606	334	868032670142379
452	18446744073709551614	16489	606	606	868032670142379
452	18446744073709551615	16489	606	606	868032670142379
453	0	17291	593	0	18446744073709551615
453	1	17291	593	0	18446744073709551615
453	3	17291	593	0	18446744073709551615
453	4096	17291	593	0	18446744073709551615
453	1048576	17291	593	0	18446744073709551615
453	4294967296	17291	593	0	18446744073709551615
453	6148914691236495	17291	593	0	18446744073709551615
453	144115188075855870	17291	593	3	10441737925179979
453	2305843009213693950	17291	593	80	10441737925179979
453	9223372036854775806	17291	593	300	10441737925179979
453	18446744073709551614	17291	593	593	10441737925179979
453	18446744073709551615	17291	593	593	10441737925179979
454	0	14044	554	0	18446744073709551615
454	1	14044	554	0	18446744073709551615
454	3	14044	554	0	18446744073709551615
454	4096	14044	554	0	18446744073709551615
454	1048576	14044	554	0	18446744073709551615
454	4294967296	14044	554	0	18446744073709551615
454	6148914691236495	14044	554	0	18446744073709551615
454	144115188075855870	14044	554	6	30870969347139626
454	2305843009213693950	14044	554	77	30870969347139626
454	9223372036854775806	14044	554	281	30870969347139626
454	18446744073709551614	14044	554	554	30870969347139626
454	18446744073709551615	14044	554	554	30870969347139626
455	0	41367	557	0	18446744073709551615
455	1	41367	557	0	18446744073709551615
455	3	41367	557	0	18446744073709551615
455	4096	41367	557	0	18446744073709551615
455	1048576	41367	557	0	18446744073709551615
455	4294967296	41367	557	0	18446744073709551615
455	6148914691236495	41367	557	1	1635182089555089
455	144115188075855870	41367	557	4	1635182089555089
455	2305843009213693950	41367	557	68	1635182089555089
455	9223372036854775806	41367	557	285	1635182089555089
455	18446744073709551614	41367	557	557	1635182089555089
455	18446744073709551615	41367	557	557	1635182089555089
456	0	43985	558	0	18446744073709551615
456	1	43985	558	0	18446744073709551615
456	3	43985	558	0	18446744073709551615
456	4096	43985	558	0	18446744073709551615
456	1048576	43985	558	0	18446744073709551615
456	4294967296	43985	558	0	18446744073709551615
456	6148914691236495	43985	558	0	18446744073709551615
456	144115188075855870	43985	558	4	35322188718207371
456	2305843009213693950	43985	558	72	35322188718207371
456	9223372036854775806	43985	558	301	35322188718207371
456	18446744073709551614	43985	558	558	35322188718207371
456	18446744073709551615	43985	558	558	35322188718207371
457	0	43441	617	0	18446744073709551615
457	1	43441	617	0	18446744073709551615
457	3	43441	617	0	18446744073709551615
457	4096	43441	617	0	18446744073709551615
457	1048576	43441	617	0	18446744073709551615
457	4294967296	43441	617	0	18446744073709551615
457	6148914691236495	43441	617	0	18446744073709551615
457	144115188075855870	43441	617	5	23370735464452852
457	2305843009213693950	43441	617	70	23370735464452852
457	9223372036854775806	43441	617	302	23370735464452852
457	18446744073709551614	43441	617	617	23370735464452852
457	18446744073709551615	43441	617	617	23370735464452852
458	0	33567	612	0	18446744073709551615
458	1	33567	612	0	18446744073709551615
458	3	33567	612	0	18446744073709551615
458	4096	33567	612	0	18446744073709551615
458	1048576	33567	612	0	18446744073709551615
458	4294967296	33567	612	0	18446744073709551615
458	6148914691236495	33567	612	0	18446744073709551615
458	144115188075855870	33567	612	6	6984747627796505
458	2305843009213693950	33567	612	61	6984747627796505
458	9223372036854775806	33567	612	304	6984747627796505
458	18446744073709551614	33567	612	612	6984747627796505
458	18446744073709551615	33567	612	612	6984747627796505
459	0	55403	361	0	18446744073709551615
459	1	55403	361	0	18446744073709551615
459	3	55403	361	0	18446744073709551615
459	4096	55403	361	0	18446744073709551615
459	1048576	55403	361	0	18446744073709551615
459	4294967296	55403	361	0	18446744073709551615
459	6148914691236495	55403	361	0	18446744073709551615
459	144115188075855870	55403	361	0	18446744073709551615
459	2305843009213693950	55403	361	47	79617167982277495
459	9223372036854775806	55403	361	187	79617167982277495
459	18446744073709551614	55403	361	361	79617167982277495
459	18446744073709551615	55403	361	361	79617167982277495
460	0	19891	565	0	18446744073709551615
460	1	19891	565	0	18446744073709551615
460	3	19891	565	0	18446744073709551615
460	4096	19891	565	0	18446744073709551615
460	1048576	19891	565	0	18446744073709551615
460	4294967296	19891	565	0	18446744073709551615
460	6148914691236495	19891	565	0	18446744073709551615
460	144115188075855870	19891	565	6	31993567286352469
460	2305843009213693950	19891	565	73	31993567286352469
460	9223372036854775806	19891	565	293	31993567286352469
460	18446744073709551614	19891	565	565	31993567286352469
460	18446744073709551615	19891	565	565	31993567286352469
461	0	33758	594	0	18446744073709551615
461	1	33758	594	0	18446744073709551615
461	3	33758	594	0	18446744073709551615
461	4096	33758	594	0	18446744073709551615
461	1048576	33758	594	0	18446744073709551615
461	4294967296	33758	594	0	18446744073709551615
461	6148914691236495	33758	594	0	18446744073709551615
461	144115188075855870	33758	594	5	4070719542832365
461	2305843009213693950	33758	594	80	4070719542832365
461	9223372036854775806	33758	594	302	4070719542832365
461	18446744073709551614	33758	594	594	4070719542832365
461	18446744073709551615	33758	594	594	4070719542832365
462	0	58781	5	0	18446744073709551615
462	1	58781	5	0	18446744073709551615
462	3	58781	5	0	18446744073709551615
462	4096	58781	5	0	18446744073709551615
462	1048576	58781	5	0	18446744073709551615
462	4294967296	58781	5	0	18446744073709551615
462	6148914691236495	58781	5	0	18446744073709551615
462	144115188075855870	58781	5	0	18446744073709551615
462	2305843009213693950	58781	5	1	111540085418909427
462	9223372036854775806	58781	5	3	111540085418909427
462	18446744073709551614	58781	5	5	111540085418909427
462	18446744073709551615	58781	5	5	111540085418909427
463	0	45009	584	0	18446744073709551615
463	1	45009	584	0	18446744073709551615
463	3	45009	584	0	18446744073709551615
463	4096	45009	584	0	18446744073709551615
463	1048576	45009	584	0	18446744073709551615
463	4294967296	45009	584	0	18446744073709551615
463	6148914691236495	45009	584	0	18446744073709551615
463	144115188075855870	45009	584	3	38681726386582239
463	2305843009213693950	45009	584	60	38681726386582239
463	9223372036854775806	45009	584	305	38681726386582239
463	18446744073709551614	45009	584	584	38681726386582239
463	18446744073709551615	45009	584	584	38681726386582239
464	0	33519	612	0	18446744073709551615
464	1	33519	612	0	18446744073709551615
464	3	33519	612	0	18446744073709551615
464	4096	33519	612	0	18446744073709551615
464	1048576	33519	612	0	18446744073709551615
464	4294967296	33519	612	0	18446744073709551615
464	6148914691236495	33519	612	2	582404493504217
464	144115188075855870	33519	612	3	582404493504217
464	2305843009213693950	33519	612	77	582404493504217
464	9223372036854775806	33519	612	305	582404493504217
464	18446744073709551614	33519	612	612	582404493504217
464	18446744073709551615	33519	612	612	582404493504217
465	0	18872	550	0	18446744073709551615
465	1	18872	550	0	18446744073709551615
465	3	18872	550	0	18446744073709551615
465	4096	18872	550	0	18446744073709551615
465	1048576	18872	550	0	18446744073709551615
465	4294967296	18872	550	0	18446744073709551615
465	6148914691236495	18872	550	0	18446744073709551615
465	144115188075855870	18872	550	5	8931072378599602
465	2305843009213693950	18872	550	62	8931072378599602
465	9223372036854775806	18872	550	256	8931072378599602
465	18446744073709551614	18872	550	550	8931072378599602
465	18446744073709551615	18872	550	550	8931072378599602
466	0	42821	573	0	18446744073709551615
466	1	42821	573	0	18446744073709551615
466	3	42821	573	0	18446744073709551615
466	4096	42821	573	0	18446744073709551615
466	1048576	42821	573	0	18446744073709551615
466	4294967296	42821	573	0	18446744073709551615
466	6148914691236495	42821	573	0	18446744073709551615
466	144115188075855870	42821	573	4	16521114372014230
466	2305843009213693950	42821	573	74	16521114372014230
466	9223372036854775806	42821	573	293	16521114372014230
466	18446744073709551614	42821	573	573	16521114372014230
466	18446744073709551615	42821	573	573	16521114372014230
467	0	39872	591	0	18446744073709551615
467	1	39872	591	0	18446744073709551615
467	3	39872	591	0	18446744073709551615
467	4096	39872	591	0	18446744073709551615
467	1048576	39872	591	0	18446744073709551615
467	4294967296	39872	591	0	18446744073709551615
467	6148914691236495	39872	591	0	18446744073709551615
467	144115188075855870	39872	591	4	9094256297991497
467	2305843009213693950	39872	591	73	9094256297991497
467	9223372036854775806	39872	591	292	9094256297991497
467	18446744073709551614	39872	591	591	9094256297991497
467	18446744073709551615	39872	591	591	9094256297991497
468	0	27980	599	0	18446744073709551615
468	1	27980	599	0	18446744073709551615
468	3	27980	599	0	18446744073709551615
468	4096	27980	599	0	18446744073709551615
468	1048576	27980	599	0	18446744073709551615
468	4294967296	27980	599	0	18446744073709551615
468	6148914691236495	27980	599	0	18446744073709551615
468	144115188075855870	27980	599	7	5380853762740583
468	2305843009213693950	27980	599	84	5380853762740583
468	9223372036854775806	27980	599	317	5380853762740583
468	18446744073709551614	27980	599	599	5380853762740583
468	18446744073709551615	27980	599	599	5380853762740583
469	0	40856	600	0	18446744073709551615
469	1	40856	600	0	18446744073709551615
469	3	40856	600	0	18446744073709551615
469	4096	40856	600	0	18446744073709551615
469	1048576	40856	600	0	18446744073709551615
469	4294967296	40856	600	0	18446744073709551615
469	6148914691236495	40856	600	0	18446744073709551615
469	144115188075855870	40856	600	3	17154065687712932
469	2305843009213693950	40856	600	65	17154065687712932
469	9223372036854775806	40856	600	305	17154065687712932
469	18446744073709551614	40856	600	600	17154065687712932
469	18446744073709551615	40856	600	600	17154065687712932
470	0	2799	592	0	18446744073709551615
470	1	2799	592	0	18446744073709551615
470	3	2799	592	0	18446744073709551615
470	4096	2799	592	0	18446744073709551615
470	1048576	2799	592	0	18446744073709551615
470	4294967296	2799	592	0	18446744073709551615
470	6148914691236495	2799	592	0	18446744073709551615
470	144115188075855870	2799	592	4	16326408233131438
470	2305843009213693950	2799	592	78	16326408233131438
470	9223372036854775806	2799	592	310	16326408233131438
470	18446744073709551614	2799	592	592	16326408233131438
470	18446744073709551615	2799	592	592	16326408233131438
471	0	19620	585	0	18446744073709551615
471	1	19620	585	0	18446744073709551615
471	3	19620	585	0	18446744073709551615
471	4096	19620	585	0	18446744073709551615
471	1048576	19620	585	0	18446744073709551615
471	4294967296	19620	585	0	18446744073709551615
471	6148914691236495	19620	585	0	18446744073709551615
471	144115188075855870	19620	585	5	9545207390125800
471	2305843009213693950	19620	585	79	9545207390125800
471	9223372036854775806	19620	585	297	9545207390125800
471	18446744073709551614	19620	585	585	9545207390125800
471	18446744073709551615	19620	585	585	9545207390125800
472	0	15740	608	0	18446744073709551615
472	1	15740	608	0	18446744073709551615
472	3	15740	608	0	18446744073709551615
472	4096	15740	608	0	18446744073709551615
472	1048576	15740	608	0	18446744073709551615
472	4294967296	15740	608	0	18446744073709551615
472	6148914691236495	15740	608	0	18446744073709551615
472	144115188075855870	15740	608	2	69563507759644338
472	2305843009213693950	15740	608	61	69563507759644338
472	9223372036854775806	15740	608	320	69563507759644338
472	18446744073709551614	15740	608	608	69563507759644338
472	18446744073709551615	15740	608	608	69563507759644338
473	0	4687	579	0	18446744073709551615
473	1	4687	579	0	18446744073709551615
473	3	4687	579	0	18446744073709551615
473	4096	4687	579	0	18446744073709551615
473	1048576	4687	579	0	18446744073709551615
473	4294967296	4687	579	0	18446744073709551615
473	6148914691236495	4687	579	0	18446744073709551615
473	144115188075855870	4687	579	5	4801537086280814
473	2305843009213693950	4687	579	69	4801537086280814
473	9223372036854775806	4687	579	313	4801537086280814
473	18446744073709551614	4687	579	579	4801537086280814
473	18446744073709551615	4687	579	579	4801537086280814
474	0	18241	592	0	18446744073709551615
474	1	18241	592	0	18446744073709551615
474	3	18241	592	0	18446744073709551615
474	4096	18241	592	0	18446744073709551615
474	1048576	18241	592	0	18446744073709551615
474	4294967296	18241	592	0	18446744073709551615
474	6148914691236495	18241	592	0	18446744073709551615
474	144115188075855870	18241	592	5	15134301079809810
474	2305843009213693950	18241	592	78	15134301079809810
474	9223372036854775806	18241	592	292	15134301079809810
474	18446744073709551614	18241	592	592	15134301079809810
474	18446744073709551615	18241	592	592	15134301079809810
475	0	26318	584	0	18446744073709551615
475	1	26318	584	0	18446744073709551615
475	3	26318	584	0	18446744073709551615
475	4096	26318	584	0	18446744073709551615
475	1048576	26318	584	0	18446744073709551615
475	4294967296	26318	584	0	18446744073709551615
475	6148914691236495	26318	584	0	18446744073709551615
475	144115188075855870	26318	584	3	5030182527446220
475	2305843009213693950	26318	584	80	5030182527446220
475	9223372036854775806	26318	584	306	5030182527446220
475	18446744073709551614	26318	584	584	5030182527446220
475	18446744073709551615	26318	584	584	5030182527446220
476	0	34776	571	0	18446744073709551615
476	1	34776	571	0	18446744073709551615
476	3	34776	571	0	18446744073709551615
476	4096	34776	571	0	18446744073709551615
476	1048576	34776	571	0	18446744073709551615
476	4294967296	34776	571	0	18446744073709551615
476	6148914691236495	34776	571	0	18446744073709551615
476	144115188075855870	34776	571	5	29183267647171212
476	2305843009213693950	34776	571	67	29183267647171212
476	9223372036854775806	34776	571	287	29183267647171212
476	18446744073709551614	34776	571	571	29183267647171212
476	18446744073709551615	34776	571	571	29183267647171212
477	0	44423	564	0	18446744073709551615
477	1	44423	564	0	18446744073709551615
477	3	44423	564	0	18446744073709551615
477	4096	44423	564	0	18446744073709551615
477	1048576	44423	564	0	18446744073709551615
477	4294967296	44423	564	0	18446744073709551615
477	6148914691236495	44423	564	0	18446744073709551615
477	144115188075855870	44423	564	3	12248134057529841
477	2305843009213693950	44423	564	64	12248134057529841
477	9223372036854775806	44423	564	273	12248134057529841
477	18446744073709551614	44423	564	564	12248134057529841
477	18446744073709551615	44423	564	564	12248134057529841
478	0	10727	580	0	18446744073709551615
478	1	10727	580	0	18446744073709551615
478	3	10727	580	0	18446744073709551615
478	4096	10727	580	0	18446744073709551615
478	1048576	10727	580	0	18446744073709551615
478	4294967296	10727	580	0	18446744073709551615
478	6148914691236495	10727	580	0	18446744073709551615
478	144115188075855870	10727	580	8	8966077155967063
478	2305843009213693950	10727	580	75	8966077155967063
478	9223372036854775806	10727	580	311	8966077155967063
478	18446744073709551614	10727	580	580	8966077155967063
478	18446744073709551615	10727	580	580	8966077155967063
479	0	58709	2	0	18446744073709551615
479	1	58709	2	0	18446744073709551615
479	3	58709	2	0	18446744073709551615
479	4096	58709	2	0	18446744073709551615
479	1048576	58709	2	0	18446744073709551615
479	4294967296	58709	2	0	18446744073709551615
479	6148914691236495	58709	2	0	18446744073709551615
479	144115188075855870	58709	2	0	18446744073709551615
479	2305843009213693950	58709	2	0	18446744073709551615
479	9223372036854775806	58709	2	1	3018318446215076301
479	18446744073709551614	58709	2	2	3018318446215076301
479	18446744073709551615	58709	2	2	3018318446215076301
480	0	65117	0	0	18446744073709551615
480	1	65117	0	0	18446744073709551615
480	3	65117	0	0	18446744073709551615
480	4096	65117	0	0	18446744073709551615
480	1048576	65117	0	0	18446744073709551615
480	4294967296	65117	0	0	18446744073709551615
480	6148914691236495	65117	0	0	18446744073709551615
480	144115188075855870	65117	0	0	18446744073709551615
480	2305843009213693950	65117	0	0	18446744073709551615
480	9223372036854775806	65117	0	0	18446744073709551615
480	18446744073709551614	65117	0	0	18446744073709551615
480	18446744073709551615	65117	0	0	18446744073709551615
481	0	47236	595	0	18446744073709551615
481	1	47236	595	0	18446744073709551615
481	3	47236	595	0	18446744073709551615
481	4096	47236	595	0	18446744073709551615
481	1048576	47236	595	0	18446744073709551615
481	4294967296	47236	595	0	18446744073709551615
481	6148914691236495	47236	595	0	18446744073709551615
481	144115188075855870	47236	595	1	45215160673277983
481	2305843009213693950	47236	595	71	45215160673277983
481	9223372036854775806	47236	595	301	45215160673277983
481	18446744073709551614	47236	595	595	45215160673277983
481	18446744073709551615	47236	595	595	45215160673277983
482	0	9461	597	0	18446744073709551615
482	1	9461	597	0	18446744073709551615
482	3	9461	597	0	18446744073709551615
482	4096	9461	597	0	18446744073709551615
482	1048576	9461	597	0	18446744073709551615
482	4294967296	9461	597	0	18446744073709551615
482	6148914691236495	9461	597	0	18446744073709551615
482	144115188075855870	9461	597	2	23349862612337814
482	2305843009213693950	9461	597	68	23349862612337814
482	9223372036854775806	9461	597	321	23349862612337814
482	18446744073709551614	9461	597	597	23349862612337814
482	18446744073709551615	9461	597	597	23349862612337814
483	0	10945	578	0	18446744073709551615
483	1	10945	578	0	18446744073709551615
483	3	10945	578	0	18446744073709551615
483	4096	10945	578	0	18446744073709551615
483	1048576	10945	578	0	18446744073709551615
483	4294967296	10945	578	0	18446744073709551615
483	6148914691236495	10945	578	1	846498744919564
483	144115188075855870	10945	578	2	846498744919564
483	2305843009213693950	10945	578	68	846498744919564
483	9223372036854775806	10945	578	270	846498744919564
483	18446744073709551614	10945	578	578	846498744919564
483	18446744073709551615	10945	578	578	846498744919564
484	0	31773	585	0	18446744073709551615
484	1	31773	585	0	18446744073709551615
484	3	31773	585	0	18446744073709551615
484	4096	31773	585	0	18446744073709551615
484	1048576	31773	585	0	18446744073709551615
484	4294967296	31773	585	0	18446744073709551615
484	6148914691236495	31773	585	1	1203752524490519
484	144115188075855870	31773	585	5	1203752524490519
484	2305843009213693950	31773	585	88	1203752524490519
484	9223372036854775806	31773	585	306	1203752524490519
484	18446744073709551614	31773	585	585	1203752524490519
484	18446744073709551615	31773	585	585	1203752524490519
485	0	61724	0	0	18446744073709551615
485	1	61724	0	0	18446744073709551615
485	3	61724	0	0	18446744073709551615
485	4096	61724	0	0	18446744073709551615
485	1048576	61724	0	0	18446744073709551615
485	4294967296	61724	0	0	18446744073709551615
485	6148914691236495	61724	0	0	18446744073709551615
485	144115188075855870	61724	0	0	18446744073709551615
485	2305843009213693950	61724	0	0	18446744073709551615
485	9223372036854775806	61724	0	0	18446744073709551615
485	18446744073709551614	61724	0	0	18446744073709551615
485	18446744073709551615	61724	0	0	18446744073709551615
486	0	49938	629	0	18446744073709551615
486	1	49938	629	0	18446744073709551615
486	3	49938	629	0	18446744073709551615
486	4096	49938	629	0	18446744073709551615
486	1048576	49938	629	0	18446744073709551615
486	4294967296	49938	629	0	18446744073709551615
486	6148914691236495	49938	629	0	18446744073709551615
486	144115188075855870	49938	629	5	17448767288391533
486	2305843009213693950	49938	629	80	17448767288391533
486	9223372036854775806	49938	629	341	17448767288391533
486	18446744073709551614	49938	629	629	17448767288391533
486	18446744073709551615	49938	629	629	17448767288391533
487	0	12569	594	0	18446744073709551615
487	1	12569	594	0	18446744073709551615
487	3	12569	594	0	18446744073709551615
487	4096	12569	594	0	18446744073709551615
487	1048576	12569	594	0	18446744073709551615
487	4294967296	12569	594	0	18446744073709551615
487	6148914691236495	12569	594	0	18446744073709551615
487	144115188075855870	12569	594	5	5840546849530804
487	2305843009213693950	12569	594	78	5840546849530804
487	9223372036854775806	12569	594	306	5840546849530804
487	18446744073709551614	12569	594	594	5840546849530804
487	18446744073709551615	12569	594	594	5840546849530804
488	0	59129	0	0	18446744073709551615
488	1	59129	0	0	18446744073709551615
488	3	59129	0	0	18446744073709551615
488	4096	59129	0	0	18446744073709551615
488	1048576	59129	0	0	18446744073709551615
488	4294967296	59129	0	0	18446744073709551615
488	6148914691236495	59129	0	0	18446744073709551615
488	144115188075855870	59129	0	0	18446744073709551615
488	2305843009213693950	59129	0	0	18446744073709551615
488	9223372036854775806	59129	0	0	18446744073709551615
488	18446744073709551614	59129	0	0	18446744073709551615
488	18446744073709551615	59129	0	0	18446744073709551615
489	0	26546	593	0	18446744073709551615
489	1	26546	593	0	18446744073709551615
489	3	26546	593	0	18446744073709551615
489	4096	26546	593	0	18446744073709551615
489	1048576	26546	593	0	18446744073709551615
489	4294967296	26546	593	0	18446744073709551615
489	6148914691236495	26546	593	0	18446744073709551615
489	144115188075855870	26546	593	1	57503730172411979
489	2305843009213693950	26546	593	65	57503730172411979
489	9223372036854775806	26546	593	285	57503730172411979
489	18446744073709551614	26546	593	593	57503730172411979
489	18446744073709551615	26546	593	593	57503730172411979
490	0	12982	581	0	18446744073709551615
490	1	12982	581	0	18446744073709551615
490	3	12982	581	0	18446744073709551615
490	4096	12982	581	0	18446744073709551615
490	1048576	12982	581	0	18446744073709551615
490	4294967296	12982	581	0	18446744073709551615
490	6148914691236495	12982	581	1	1087529652565005
490	144115188075855870	12982	581	4	1087529652565005
490	2305843009213693950	12982	581	63	1087529652565005
490	9223372036854775806	12982	581	283	1087529652565005
490	18446744073709551614	12982	581	581	1087529652565005
490	18446744073709551615	12982	581	581	1087529652565005
491	0	24030	581	0	18446744073709551615
491	1	24030	581	0	18446744073709551615
491	3	24030	581	0	18446744073709551615
491	4096	24030	581	0	18446744073709551615
491	1048576	24030	581	0	18446744073709551615
491	4294967296	24030	581	0	18446744073709551615
491	6148914691236495	24030	581	0	18446744073709551615
491	144115188075855870	24030	581	6	3529816907741863
491	2305843009213693950	24030	581	72	3529816907741863
491	9223372036854775806	24030	581	281	3529816907741863
491	18446744073709551614	24030	581	581	3529816907741863
491	18446744073709551615	24030	581	581	3529816907741863
492	0	46521	583	0	18446744073709551615
492	1	46521	583	0	18446744073709551615
492	3	46521	583	0	18446744073709551615
492	4096	46521	583	0	18446744073709551615
492	1048576	46521	583	0	18446744073709551615
492	4294967296	46521	583	0	18446744073709551615
492	6148914691236495	46521	583	0	18446744073709551615
492	144115188075855870	46521	583	4	6674708755348927
492	2305843009213693950	46521	583	89	6674708755348927
492	9223372036854775806	46521	583	309	6674708755348927
492	18446744073709551614	46521	583	583	6674708755348927
492	18446744073709551615	46521	583	583	6674708755348927
493	0	57152	66	0	18446744073709551615
493	1	57152	66	0	18446744073709551615
493	3	57152	66	0	18446744073709551615
493	4096	57152	66	0	18446744073709551615
493	1048576	57152	66	0	18446744073709551615
493	4294967296	57152	66	0	18446744073709551615
493	6148914691236495	57152	66	0	18446744073709551615
493	144115188075855870	57152	66	0	18446744073709551615
493	2305843009213693950	57152	66	4	157589323683769108
493	9223372036854775806	57152	66	39	157589323683769108
493	18446744073709551614	57152	66	66	157589323683769108
493	18446744073709551615	57152	66	66	157589323683769108
494	0	49869	572	0	18446744073709551615
494	1	49869	572	0	18446744073709551615
494	3	49869	572	0	18446744073709551615
494	4096	49869	572	0	18446744073709551615
494	1048576	49869	572	0	18446744073709551615
494	4294967296	49869	572	0	18446744073709551615
494	6148914691236495	49869	572	0	18446744073709551615
494	144115188075855870	49869	572	4	13766254298445366
494	2305843009213693950	49869	572	71	13766254298445366
494	9223372036854775806	49869	572	285	13766254298445366
494	18446744073709551614	49869	572	572	13766254298445366
494	18446744073709551615	49869	572	572	13766254298445366
495	0	21590	579	0	18446744073709551615
495	1	21590	579	0	18446744073709551615
495	3	21590	579	0	18446744073709551615
495	4096	21590	579	0	18446744073709551615
495	1048576	21590	579	0	18446744073709551615
495	4294967296	21590	579	0	18446744073709551615
495	6148914691236495	21590	579	0	18446744073709551615
495	144115188075855870	21590	579	3	25434020115156041
495	2305843009213693950	21590	579	69	25434020115156041
495	9223372036854775806	21590	579	275	25434020115156041
495	18446744073709551614	21590	579	579	25434020115156041
495	18446744073709551615	21590	579	579	25434020115156041
496	0	23729	575	0	18446744073709551615
496	1	23729	575	0	18446744073709551615
496	3	23729	575	0	18446744073709551615
496	4096	23729	575	0	18446744073709551615
496	1048576	23729	575	0	18446744073709551615
496	4294967296	23729	575	0	18446744073709551615
496	6148914691236495	23729	575	0	18446744073709551615
496	144115188075855870	23729	575	3	15565147387682881
496	2305843009213693950	23729	575	58	15565147387682881
496	9223372036854775806	23729	575	288	15565147387682881
496	18446744073709551614	23729	575	575	15565147387682881
496	18446744073709551615	23729	575	575	15565147387682881
497	0	22808	587	0	18446744073709551615
497	1	22808	587	0	18446744073709551615
497	3	22808	587	0	18446744073709551615
497	4096	22808	587	0	18446744073709551615
497	1048576	22808	587	0	18446744073709551615
497	4294967296	22808	587	0	18446744073709551615
497	6148914691236495	22808	587	0	18446744073709551615
497	144115188075855870	22808	587	2	31006801185248503
497	2305843009213693950	22808	587	70	31006801185248503
497	9223372036854775806	22808	587	293	31006801185248503
497	18446744073709551614	22808	587	587	31006801185248503
497	18446744073709551615	22808	587	587	31006801185248503
498	0	65093	0	0	18446744073709551615
498	1	65093	0	0	18446744073709551615
498	3	65093	0	0	18446744073709551615
498	4096	65093	0	0	18446744073709551615
498	1048576	65093	0	0	18446744073709551615
498	4294967296	65093	0	0	18446744073709551615
498	6148914691236495	65093	0	0	18446744073709551615
498	144115188075855870	65093	0	0	18446744073709551615
498	2305843009213693950	65093	0	0	18446744073709551615
498	9223372036854775806	65093	0	0	18446744073709551615
498	18446744073709551614	65093	0	0	18446744073709551615
498	18446744073709551615	65093	0	0	18446744073709551615
499	0	54179	535	0	18446744073709551615
499	1	54179	535	0	18446744073709551615
499	3	54179	535	0	18446744073709551615
499	4096	54179	535	0	18446744073709551615
499	1048576	54179	535	0	18446744073709551615
499	4294967296	54179	535	0	18446744073709551615
499	6148914691236495	54179	535	1	1805821728125895
499	144115188075855870	54179	535	2	1805821728125895
499	2305843009213693950	54179	535	72	1805821728125895
499	9223372036854775806	54179	535	275	1805821728125895
499	18446744073709551614	54179	535	535	1805821728125895
499	18446744073709551615	54179	535	535	1805821728125895
500	0	6819	575	0	18446744073709551615
500	1	6819	575	0	18446744073709551615
500	3	6819	575	0	18446744073709551615
500	4096	6819	575	0	18446744073709551615
500	1048576	6819	575	0	18446744073709551615
500	4294967296	6819	575	0	18446744073709551615
500	6148914691236495	6819	575	0	18446744073709551615
500	144115188075855870	6819	575	6	10030638482924884
500	2305843009213693950	6819	575	74	10030638482924884
500	9223372036854775806	6819	575	289	10030638482924884
500	18446744073709551614	6819	575	575	10030638482924884
500	18446744073709551615	6819	575	575	10030638482924884
501	0	27430	607	0	18446744073709551615
501	1	27430	607	0	18446744073709551615
501	3	27430	607	0	18446744073709551615
501	4096	27430	607	0	18446744073709551615
501	1048576	27430	607	0	18446744073709551615
501	4294967296	27430	607	0	18446744073709551615
501	6148914691236495	27430	607	0	18446744073709551615
501	144115188075855870	27430	607	3	27077714635998470
501	2305843009213693950	27430	607	80	27077714635998470
501	9223372036854775806	27430	607	297	27077714635998470
501	18446744073709551614	27430	607	607	27077714635998470
501	18446744073709551615	27430	607	607	27077714635998470
502	0	29220	602	0	18446744073709551615
502	1	29220	602	0	18446744073709551615
502	3	29220	602	0	18446744073709551615
502	4096	29220	602	0	18446744073709551615
502	1048576	29220	602	0	18446744073709551615
502	4294967296	29220	602	0	18446744073709551615
502	6148914691236495	29220	602	1	1189081668518843
502	144115188075855870	29220	602	6	1189081668518843
502	2305843009213693950	29220	602	68	1189081668518843
502	9223372036854775806	29220	602	298	1189081668518843
502	18446744073709551614	29220	602	602	1189081668518843
502	18446744073709551615	29220	602	602	1189081668518843
503	0	4047	611	0	18446744073709551615
503	1	4047	611	0	18446744073709551615
503	3	4047	611	0	18446744073709551615
503	4096	4047	611	0	18446744073709551615
503	1048576	4047	611	0	18446744073709551615
503	4294967296	4047	611	0	18446744073709551615
503	6148914691236495	4047	611	0	18446744073709551615
503	144115188075855870	4047	611	1	33174301717751552
503	2305843009213693950	4047	611	72	33174301717751552
503	9223372036854775806	4047	611	294	33174301717751552
503	18446744073709551614	4047	611	611	33174301717751552
503	18446744073709551615	4047	611	611	33174301717751552
504	0	16636	599	0	18446744073709551615
504	1	16636	599	0	18446744073709551615
504	3	16636	599	0	18446744073709551615
504	4096	16636	599	0	18446744073709551615
504	1048576	16636	599	0	18446744073709551615
504	4294967296	16636	599	0	18446744073709551615
504	6148914691236495	16636	599	0	18446744073709551615
504	144115188075855870	16636	599	8	11561717172269055
504	2305843009213693950	16636	599	77	11561717172269055
504	9223372036854775806	16636	599	305	11561717172269055
504	18446744073709551614	16636	599	599	11561717172269055
504	18446744073709551615	16636	599	599	11561717172269055
505	0	19506	592	0	18446744073709551615
505	1	19506	592	0	18446744073709551615
505	3	19506	592	0	18446744073709551615
505	4096	19506	592	0	18446744073709551615
505	1048576	19506	592	0	18446744073709551615
505	4294967296	19506	592	0	18446744073709551615
505	6148914691236495	19506	592	1	2359441951116537
505	144115188075855870	19506	592	8	2359441951116537
505	2305843009213693950	19506	592	82	2359441951116537
505	9223372036854775806	19506	592	285	2359441951116537
505	18446744073709551614	19506	592	592	2359441951116537
505	18446744073709551615	19506	592	592	2359441951116537
506	0	15914	594	0	18446744073709551615
506	1	15914	594	0	18446744073709551615
506	3	15914	594	0	18446744073709551615
506	4096	15914	594	0	18446744073709551615
506	1048576	15914	594	0	18446744073709551615
506	4294967296	15914	594	0	18446744073709551615
506	6148914691236495	15914	594	0	18446744073709551615
506	144115188075855870	15914	594	3	7254297791450336
506	2305843009213693950	15914	594	74	7254297791450336
506	9223372036854775806	15914	594	295	7254297791450336
506	18446744073709551614	15914	594	594	7254297791450336
506	18446744073709551615	15914	594	594	7254297791450336
507	0	24173	608	0	18446744073709551615
507	1	24173	608	0	18446744073709551615
507	3	24173	608	0	18446744073709551615
507	4096	24173	608	0	18446744073709551615
507	1048576	24173	608	0	18446744073709551615
507	4294967296	24173	608	0	18446744073709551615
507	6148914691236495	24173	608	0	18446744073709551615
507	144115188075855870	24173	608	3	22213994576377895
507	2305843009213693950	24173	608	69	22213994576377895
507	9223372036854775806	24173	608	305	22213994576377895
507	18446744073709551614	24173	608	608	22213994576377895
507	18446744073709551615	24173	608	608	22213994576377895
508	0	21193	585	0	18446744073709551615
508	1	21193	585	0	18446744073709551615
508	3	21193	585	0	18446744073709551615
508	4096	21193	585	0	18446744073709551615
508	1048576	21193	585	0	18446744073709551615
508	4294967296	21193	585	0	18446744073709551615
508	6148914691236495	21193	585	0	18446744073709551615
508	144115188075855870	21193	585	3	27894561807553694
508	2305843009213693950	21193	585	55	27894561807553694
508	9223372036854775806	21193	585	273	27894561807553694
508	18446744073709551614	21193	585	585	27894561807553694
508	18446744073709551615	21193	585	585	27894561807553694
509	0	8773	593	0	18446744073709551615
509	1	8773	593	0	18446744073709551615
509	3	8773	593	0	18446744073709551615
509	4096	8773	593	0	18446744073709551615
509	1048576	8773	593	0	18446744073709551615
509	4294967296	8773	593	0	18446744073709551615
509	6148914691236495	8773	593	0	18446744073709551615
509	144115188075855870	8773	593	5	21237925948502875
509	2305843009213693950	8773	593	86	21237925948502875
509	9223372036854775806	8773	593	309	21237925948502875
509	18446744073709551614	8773	593	593	21237925948502875
509	18446744073709551615	8773	593	593	21237925948502875
510	0	3778	585	0	18446744073709551615
510	1	3778	585	0	18446744073709551615
510	3	3778	585	0	18446744073709551615
510	4096	3778	585	0	18446744073709551615
510	1048576	3778	585	0	18446744073709551615
510	4294967296	3778	585	0	18446744073709551615
510	6148914691236495	3778	585	1	1319056124516524
510	144115188075855870	3778	585	2	1319056124516524
510	2305843009213693950	3778	585	54	1319056124516524
510	9223372036854775806	3778	585	274	1319056124516524
510	18446744073709551614	3778	585	585	1319056124516524
510	18446744073709551615	3778	585	585	1319056124516524
511	0	4469	600	0	18446744073709551615
511	1	4469	600	0	18446744073709551615
511	3	4469	600	0	18446744073709551615
511	4096	4469	600	0	18446744073709551615
511	1048576	4469	600	0	18446744073709551615
511	4294967296	4469	600	0	18446744073709551615
511	6148914691236495	4469	600	0	18446744073709551615
511	144115188075855870	4469	600	6	7957646428132503
511	2305843009213693950	4469	600	83	7957646428132503
511	9223372036854775806	4469	600	313	7957646428132503
511	18446744073709551614	4469	600	600	7957646428132503
511	18446744073709551615	4469	600	600	7957646428132503
