caso	sr	bucket	ssc_hex	global_hex	chunk_hex	audit_chunk_hex	distancia	gana
0	0	26859	eb68e042226c679a9b24ab4f93b7ef916d4410267c7821f233312e494849460b	204f77f63de6046696dc6ba7e2f9735b201916ed0dfb135bfc394615cf9a6b1f	890af6c6e520368117f94ab8715bee71f16b8c2d6d9ddfbcb13b5d69c855fa7a	d95658cc677ed026493c1aa3008db225ae2d7c19fb472cd301300ac670fcf840	4554379292705749063	0
0	1	26859	eb68e042226c679a9b24ab4f93b7ef916d4410267c7821f233312e494849460b	204f77f63de6046696dc6ba7e2f9735b201916ed0dfb135bfc394615cf9a6b1f	890af6c6e520368117f94ab8715bee71f16b8c2d6d9ddfbcb13b5d69c855fa7a	d95658cc677ed026493c1aa3008db225ae2d7c19fb472cd301300ac670fcf840	4554379292705749063	0
0	2	26859	eb68e042226c679a9b24ab4f93b7ef916d4410267c7821f233312e494849460b	204f77f63de6046696dc6ba7e2f9735b201916ed0dfb135bfc394615cf9a6b1f	890af6c6e520368117f94ab8715bee71f16b8c2d6d9ddfbcb13b5d69c855fa7a	d95658cc677ed026493c1aa3008db225ae2d7c19fb472cd301300ac670fcf840	4554379292705749063	0
0	3	26859	eb68e042226c679a9b24ab4f93b7ef916d4410267c7821f233312e494849460b	204f77f63de6046696dc6ba7e2f9735b201916ed0dfb135bfc394615cf9a6b1f	890af6c6e520368117f94ab8715bee71f16b8c2d6d9ddfbcb13b5d69c855fa7a	d95658cc677ed026493c1aa3008db225ae2d7c19fb472cd301300ac670fcf840	4554379292705749063	0
0	7	26859	eb68e042226c679a9b24ab4f93b7ef916d4410267c7821f233312e494849460b	204f77f63de6046696dc6ba7e2f9735b201916ed0dfb135bfc394615cf9a6b1f	890af6c6e520368117f94ab8715bee71f16b8c2d6d9ddfbcb13b5d69c855fa7a	d95658cc677ed026493c1aa3008db225ae2d7c19fb472cd301300ac670fcf840	4554379292705749063	0
0	8	26859	eb68e042226c679a9b24ab4f93b7ef916d4410267c7821f233312e494849460b	204f77f63de6046696dc6ba7e2f9735b201916ed0dfb135bfc394615cf9a6b1f	890af6c6e520368117f94ab8715bee71f16b8c2d6d9ddfbcb13b5d69c855fa7a	d95658cc677ed026493c1aa3008db225ae2d7c19fb472cd301300ac670fcf840	4554379292705749063	0
0	255	26859	eb68e042226c679a9b24ab4f93b7ef916d4410267c7821f233312e494849460b	204f77f63de6046696dc6ba7e2f9735b201916ed0dfb135bfc394615cf9a6b1f	890af6c6e520368117f94ab8715bee71f16b8c2d6d9ddfbcb13b5d69c855fa7a	d95658cc677ed026493c1aa3008db225ae2d7c19fb472cd301300ac670fcf840	4554379292705749063	0
0	256	26859	eb68e042226c679a9b24ab4f93b7ef916d4410267c7821f233312e494849460b	204f77f63de6046696dc6ba7e2f9735b201916ed0dfb135bfc394615cf9a6b1f	890af6c6e520368117f94ab8715bee71f16b8c2d6d9ddfbcb13b5d69c855fa7a	d95658cc677ed026493c1aa3008db225ae2d7c19fb472cd301300ac670fcf840	4554379292705749063	0
0	1000	26859	eb68e042226c679a9b24ab4f93b7ef916d4410267c7821f233312e494849460b	204f77f63de6046696dc6ba7e2f9735b201916ed0dfb135bfc394615cf9a6b1f	890af6c6e520368117f94ab8715bee71f16b8c2d6d9ddfbcb13b5d69c855fa7a	d95658cc677ed026493c1aa3008db225ae2d7c19fb472cd301300ac670fcf840	4554379292705749063	0
0	4096	26859	eb68e042226c679a9b24ab4f93b7ef916d4410267c7821f233312e494849460b	204f77f63de6046696dc6ba7e2f9735b201916ed0dfb135bfc394615cf9a6b1f	890af6c6e520368117f94ab8715bee71f16b8c2d6d9ddfbcb13b5d69c855fa7a	d95658cc677ed026493c1aa3008db225ae2d7c19fb472cd301300ac670fcf840	4554379292705749063	0
0	1099511627776	26859	eb68e042226c679a9b24ab4f93b7ef916d4410267c7821f233312e494849460b	204f77f63de6046696dc6ba7e2f9735b201916ed0dfb135bfc394615cf9a6b1f	890af6c6e520368117f94ab8715bee71f16b8c2d6d9ddfbcb13b5d69c855fa7a	d95658cc677ed026493c1aa3008db225ae2d7c19fb472cd301300ac670fcf840	4554379292705749063	0
0	18446744073709551614	26859	eb68e042226c679a9b24ab4f93b7ef916d4410267c7821f233312e494849460b	204f77f63de6046696dc6ba7e2f9735b201916ed0dfb135bfc394615cf9a6b1f	890af6c6e520368117f94ab8715bee71f16b8c2d6d9ddfbcb13b5d69c855fa7a	d95658cc677ed026493c1aa3008db225ae2d7c19fb472cd301300ac670fcf840	4554379292705749063	1
0	18446744073709551615	26859	eb68e042226c679a9b24ab4f93b7ef916d4410267c7821f233312e494849460b	204f77f63de6046696dc6ba7e2f9735b201916ed0dfb135bfc394615cf9a6b1f	890af6c6e520368117f94ab8715bee71f16b8c2d6d9ddfbcb13b5d69c855fa7a	d95658cc677ed026493c1aa3008db225ae2d7c19fb472cd301300ac670fcf840	4554379292705749063	1
0	0	26859	eb68e042226c679a9b24ab4f93b7ef916d4410267c7821f233312e494849460b	204f77f63de6046696dc6ba7e2f9735b201916ed0dfb135bfc394615cf9a6b1f	1264754546197d32c9efc902da6a02899856ddf1e171d1fadea1baa1f078847a	e68d8417dcc412d38ffcb5f4908ab4684db932422a66cf60a6c1122444910911	7858181695572098758	0
0	1	26859	eb68e042226c679a9b24ab4f93b7ef916d4410267c7821f233312e494849460b	204f77f63de6046696dc6ba7e2f9735b201916ed0dfb135bfc394615cf9a6b1f	1264754546197d32c9efc902da6a02899856ddf1e171d1fadea1baa1f078847a	e68d8417dcc412d38ffcb5f4908ab4684db932422a66cf60a6c1122444910911	7858181695572098758	0
0	2	26859	eb68e042226c679a9b24ab4f93b7ef916d4410267c7821f233312e494849460b	204f77f63de6046696dc6ba7e2f9735b201916ed0dfb135bfc394615cf9a6b1f	1264754546197d32c9efc902da6a02899856ddf1e171d1fadea1baa1f078847a	e68d8417dcc412d38ffcb5f4908ab4684db932422a66cf60a6c1122444910911	7858181695572098758	0
0	3	26859	eb68e042226c679a9b24ab4f93b7ef916d4410267c7821f233312e494849460b	204f77f63de6046696dc6ba7e2f9735b201916ed0dfb135bfc394615cf9a6b1f	1264754546197d32c9efc902da6a02899856ddf1e171d1fadea1baa1f078847a	e68d8417dcc412d38ffcb5f4908ab4684db932422a66cf60a6c1122444910911	7858181695572098758	0
0	7	26859	eb68e042226c679a9b24ab4f93b7ef916d4410267c7821f233312e494849460b	204f77f63de6046696dc6ba7e2f9735b201916ed0dfb135bfc394615cf9a6b1f	1264754546197d32c9efc902da6a02899856ddf1e171d1fadea1baa1f078847a	e68d8417dcc412d38ffcb5f4908ab4684db932422a66cf60a6c1122444910911	7858181695572098758	0
0	8	26859	eb68e042226c679a9b24ab4f93b7ef916d4410267c7821f233312e494849460b	204f77f63de6046696dc6ba7e2f9735b201916ed0dfb135bfc394615cf9a6b1f	1264754546197d32c9efc902da6a02899856ddf1e171d1fadea1baa1f078847a	e68d8417dcc412d38ffcb5f4908ab4684db932422a66cf60a6c1122444910911	7858181695572098758	0
0	255	26859	eb68e042226c679a9b24ab4f93b7ef916d4410267c7821f233312e494849460b	204f77f63de6046696dc6ba7e2f9735b201916ed0dfb135bfc394615cf9a6b1f	1264754546197d32c9efc902da6a02899856ddf1e171d1fadea1baa1f078847a	e68d8417dcc412d38ffcb5f4908ab4684db932422a66cf60a6c1122444910911	7858181695572098758	0
0	256	26859	eb68e042226c679a9b24ab4f93b7ef916d4410267c7821f233312e494849460b	204f77f63de6046696dc6ba7e2f9735b201916ed0dfb135bfc394615cf9a6b1f	1264754546197d32c9efc902da6a02899856ddf1e171d1fadea1baa1f078847a	e68d8417dcc412d38ffcb5f4908ab4684db932422a66cf60a6c1122444910911	7858181695572098758	0
0	1000	26859	eb68e042226c679a9b24ab4f93b7ef916d4410267c7821f233312e494849460b	204f77f63de6046696dc6ba7e2f9735b201916ed0dfb135bfc394615cf9a6b1f	1264754546197d32c9efc902da6a02899856ddf1e171d1fadea1baa1f078847a	e68d8417dcc412d38ffcb5f4908ab4684db932422a66cf60a6c1122444910911	7858181695572098758	0
0	4096	26859	eb68e042226c679a9b24ab4f93b7ef916d4410267c7821f233312e494849460b	204f77f63de6046696dc6ba7e2f9735b201916ed0dfb135bfc394615cf9a6b1f	1264754546197d32c9efc902da6a02899856ddf1e171d1fadea1baa1f078847a	e68d8417dcc412d38ffcb5f4908ab4684db932422a66cf60a6c1122444910911	7858181695572098758	0
0	1099511627776	26859	eb68e042226c679a9b24ab4f93b7ef916d4410267c7821f233312e494849460b	204f77f63de6046696dc6ba7e2f9735b201916ed0dfb135bfc394615cf9a6b1f	1264754546197d32c9efc902da6a02899856ddf1e171d1fadea1baa1f078847a	e68d8417dcc412d38ffcb5f4908ab4684db932422a66cf60a6c1122444910911	7858181695572098758	0
0	18446744073709551614	26859	eb68e042226c679a9b24ab4f93b7ef916d4410267c7821f233312e494849460b	204f77f63de6046696dc6ba7e2f9735b201916ed0dfb135bfc394615cf9a6b1f	1264754546197d32c9efc902da6a02899856ddf1e171d1fadea1baa1f078847a	e68d8417dcc412d38ffcb5f4908ab4684db932422a66cf60a6c1122444910911	7858181695572098758	1
0	18446744073709551615	26859	eb68e042226c679a9b24ab4f93b7ef916d4410267c7821f233312e494849460b	204f77f63de6046696dc6ba7e2f9735b201916ed0dfb135bfc394615cf9a6b1f	1264754546197d32c9efc902da6a02899856ddf1e171d1fadea1baa1f078847a	e68d8417dcc412d38ffcb5f4908ab4684db932422a66cf60a6c1122444910911	7858181695572098758	1
0	0	26859	eb68e042226c679a9b24ab4f93b7ef916d4410267c7821f233312e494849460b	204f77f63de6046696dc6ba7e2f9735b201916ed0dfb135bfc394615cf9a6b1f	51efca77a93ba7c742ec22ddacdbcabb2c774da5c31c7dd1d588a874918e15c8	1ecc76c661f71e001781ce5d2a738be95551d7fb18a9536804a7288cd826e177	7342537396963017474	0
0	1	26859	eb68e042226c679a9b24ab4f93b7ef916d4410267c7821f233312e494849460b	204f77f63de6046696dc6ba7e2f9735b201916ed0dfb135bfc394615cf9a6b1f	51efca77a93ba7c742ec22ddacdbcabb2c774da5c31c7dd1d588a874918e15c8	1ecc76c661f71e001781ce5d2a738be95551d7fb18a9536804a7288cd826e177	7342537396963017474	0
0	2	26859	eb68e042226c679a9b24ab4f93b7ef916d4410267c7821f233312e494849460b	204f77f63de6046696dc6ba7e2f9735b201916ed0dfb135bfc394615cf9a6b1f	51efca77a93ba7c742ec22ddacdbcabb2c774da5c31c7dd1d588a874918e15c8	1ecc76c661f71e001781ce5d2a738be95551d7fb18a9536804a7288cd826e177	7342537396963017474	0
0	3	26859	eb68e042226c679a9b24ab4f93b7ef916d4410267c7821f233312e494849460b	204f77f63de6046696dc6ba7e2f9735b201916ed0dfb135bfc394615cf9a6b1f	51efca77a93ba7c742ec22ddacdbcabb2c774da5c31c7dd1d588a874918e15c8	1ecc76c661f71e001781ce5d2a738be95551d7fb18a9536804a7288cd826e177	7342537396963017474	0
0	7	26859	eb68e042226c679a9b24ab4f93b7ef916d4410267c7821f233312e494849460b	204f77f63de6046696dc6ba7e2f9735b201916ed0dfb135bfc394615cf9a6b1f	51efca77a93ba7c742ec22ddacdbcabb2c774da5c31c7dd1d588a874918e15c8	1ecc76c661f71e001781ce5d2a738be95551d7fb18a9536804a7288cd826e177	7342537396963017474	0
0	8	26859	eb68e042226c679a9b24ab4f93b7ef916d4410267c7821f233312e494849460b	204f77f63de6046696dc6ba7e2f9735b201916ed0dfb135bfc394615cf9a6b1f	51efca77a93ba7c742ec22ddacdbcabb2c774da5c31c7dd1d588a874918e15c8	1ecc76c661f71e001781ce5d2a738be95551d7fb18a9536804a7288cd826e177	7342537396963017474	0
0	255	26859	eb68e042226c679a9b24ab4f93b7ef916d4410267c7821f233312e494849460b	204f77f63de6046696dc6ba7e2f9735b201916ed0dfb135bfc394615cf9a6b1f	51efca77a93ba7c742ec22ddacdbcabb2c774da5c31c7dd1d588a874918e15c8	1ecc76c661f71e001781ce5d2a738be95551d7fb18a9536804a7288cd826e177	7342537396963017474	0
0	256	26859	eb68e042226c679a9b24ab4f93b7ef916d4410267c7821f233312e494849460b	204f77f63de6046696dc6ba7e2f9735b201916ed0dfb135bfc394615cf9a6b1f	51efca77a93ba7c742ec22ddacdbcabb2c774da5c31c7dd1d588a874918e15c8	1ecc76c661f71e001781ce5d2a738be95551d7fb18a9536804a7288cd826e177	7342537396963017474	0
0	1000	26859	eb68e042226c679a9b24ab4f93b7ef916d4410267c7821f233312e494849460b	204f77f63de6046696dc6ba7e2f9735b201916ed0dfb135bfc394615cf9a6b1f	51efca77a93ba7c742ec22ddacdbcabb2c774da5c31c7dd1d588a874918e15c8	1ecc76c661f71e001781ce5d2a738be95551d7fb18a9536804a7288cd826e177	7342537396963017474	0
0	4096	26859	eb68e042226c679a9b24ab4f93b7ef916d4410267c7821f233312e494849460b	204f77f63de6046696dc6ba7e2f9735b201916ed0dfb135bfc394615cf9a6b1f	51efca77a93ba7c742ec22ddacdbcabb2c774da5c31c7dd1d588a874918e15c8	1ecc76c661f71e001781ce5d2a738be95551d7fb18a9536804a7288cd826e177	7342537396963017474	0
0	1099511627776	26859	eb68e042226c679a9b24ab4f93b7ef916d4410267c7821f233312e494849460b	204f77f63de6046696dc6ba7e2f9735b201916ed0dfb135bfc394615cf9a6b1f	51efca77a93ba7c742ec22ddacdbcabb2c774da5c31c7dd1d588a874918e15c8	1ecc76c661f71e001781ce5d2a738be95551d7fb18a9536804a7288cd826e177	7342537396963017474	0
0	18446744073709551614	26859	eb68e042226c679a9b24ab4f93b7ef916d4410267c7821f233312e494849460b	204f77f63de6046696dc6ba7e2f9735b201916ed0dfb135bfc394615cf9a6b1f	51efca77a93ba7c742ec22ddacdbcabb2c774da5c31c7dd1d588a874918e15c8	1ecc76c661f71e001781ce5d2a738be95551d7fb18a9536804a7288cd826e177	7342537396963017474	1
0	18446744073709551615	26859	eb68e042226c679a9b24ab4f93b7ef916d4410267c7821f233312e494849460b	204f77f63de6046696dc6ba7e2f9735b201916ed0dfb135bfc394615cf9a6b1f	51efca77a93ba7c742ec22ddacdbcabb2c774da5c31c7dd1d588a874918e15c8	1ecc76c661f71e001781ce5d2a738be95551d7fb18a9536804a7288cd826e177	7342537396963017474	1
0	0	26859	eb68e042226c679a9b24ab4f93b7ef916d4410267c7821f233312e494849460b	204f77f63de6046696dc6ba7e2f9735b201916ed0dfb135bfc394615cf9a6b1f	0a0ece8779880cb31d75b704f509574f9470689ea569134f759c965fb232e4bb	59ef917205252af08b3cdbcae817748988bcc3d15e1e263bcea0f75251dd9e36	8492312495835668423	0
0	1	26859	eb68e042226c679a9b24ab4f93b7ef916d4410267c7821f233312e494849460b	204f77f63de6046696dc6ba7e2f9735b201916ed0dfb135bfc394615cf9a6b1f	0a0ece8779880cb31d75b704f509574f9470689ea569134f759c965fb232e4bb	59ef917205252af08b3cdbcae817748988bcc3d15e1e263bcea0f75251dd9e36	8492312495835668423	0
0	2	26859	eb68e042226c679a9b24ab4f93b7ef916d4410267c7821f233312e494849460b	204f77f63de6046696dc6ba7e2f9735b201916ed0dfb135bfc394615cf9a6b1f	0a0ece8779880cb31d75b704f509574f9470689ea569134f759c965fb232e4bb	59ef917205252af08b3cdbcae817748988bcc3d15e1e263bcea0f75251dd9e36	8492312495835668423	0
0	3	26859	eb68e042226c679a9b24ab4f93b7ef916d4410267c7821f233312e494849460b	204f77f63de6046696dc6ba7e2f9735b201916ed0dfb135bfc394615cf9a6b1f	0a0ece8779880cb31d75b704f509574f9470689ea569134f759c965fb232e4bb	59ef917205252af08b3cdbcae817748988bcc3d15e1e263bcea0f75251dd9e36	8492312495835668423	0
0	7	26859	eb68e042226c679a9b24ab4f93b7ef916d4410267c7821f233312e494849460b	204f77f63de6046696dc6ba7e2f9735b201916ed0dfb135bfc394615cf9a6b1f	0a0ece8779880cb31d75b704f509574f9470689ea569134f759c965fb232e4bb	59ef917205252af08b3cdbcae817748988bcc3d15e1e263bcea0f75251dd9e36	8492312495835668423	0
0	8	26859	eb68e042226c679a9b24ab4f93b7ef916d4410267c7821f233312e494849460b	204f77f63de6046696dc6ba7e2f9735b201916ed0dfb135bfc394615cf9a6b1f	0a0ece8779880cb31d75b704f509574f9470689ea569134f759c965fb232e4bb	59ef917205252af08b3cdbcae817748988bcc3d15e1e263bcea0f75251dd9e36	8492312495835668423	0
0	255	26859	eb68e042226c679a9b24ab4f93b7ef916d4410267c7821f233312e494849460b	204f77f63de6046696dc6ba7e2f9735b201916ed0dfb135bfc394615cf9a6b1f	0a0ece8779880cb31d75b704f509574f9470689ea569134f759c965fb232e4bb	59ef917205252af08b3cdbcae817748988bcc3d15e1e263bcea0f75251dd9e36	8492312495835668423	0
0	256	26859	eb68e042226c679a9b24ab4f93b7ef916d4410267c7821f233312e494849460b	204f77f63de6046696dc6ba7e2f9735b201916ed0dfb135bfc394615cf9a6b1f	0a0ece8779880cb31d75b704f509574f9470689ea569134f759c965fb232e4bb	59ef917205252af08b3cdbcae817748988bcc3d15e1e263bcea0f75251dd9e36	8492312495835668423	0
0	1000	26859	eb68e042226c679a9b24ab4f93b7ef916d4410267c7821f233312e494849460b	204f77f63de6046696dc6ba7e2f9735b201916ed0dfb135bfc394615cf9a6b1f	0a0ece8779880cb31d75b704f509574f9470689ea569134f759c965fb232e4bb	59ef917205252af08b3cdbcae817748988bcc3d15e1e263bcea0f75251dd9e36	8492312495835668423	0
0	4096	26859	eb68e042226c679a9b24ab4f93b7ef916d4410267c7821f233312e494849460b	204f77f63de6046696dc6ba7e2f9735b201916ed0dfb135bfc394615cf9a6b1f	0a0ece8779880cb31d75b704f509574f9470689ea569134f759c965fb232e4bb	59ef917205252af08b3cdbcae817748988bcc3d15e1e263bcea0f75251dd9e36	8492312495835668423	0
0	1099511627776	26859	eb68e042226c679a9b24ab4f93b7ef916d4410267c7821f233312e494849460b	204f77f63de6046696dc6ba7e2f9735b201916ed0dfb135bfc394615cf9a6b1f	0a0ece8779880cb31d75b704f509574f9470689ea569134f759c965fb232e4bb	59ef917205252af08b3cdbcae817748988bcc3d15e1e263bcea0f75251dd9e36	8492312495835668423	0
0	18446744073709551614	26859	eb68e042226c679a9b24ab4f93b7ef916d4410267c7821f233312e494849460b	204f77f63de6046696dc6ba7e2f9735b201916ed0dfb135bfc394615cf9a6b1f	0a0ece8779880cb31d75b704f509574f9470689ea569134f759c965fb232e4bb	59ef917205252af08b3cdbcae817748988bcc3d15e1e263bcea0f75251dd9e36	8492312495835668423	1
0	18446744073709551615	26859	eb68e042226c679a9b24ab4f93b7ef916d4410267c7821f233312e494849460b	204f77f63de6046696dc6ba7e2f9735b201916ed0dfb135bfc394615cf9a6b1f	0a0ece8779880cb31d75b704f509574f9470689ea569134f759c965fb232e4bb	59ef917205252af08b3cdbcae817748988bcc3d15e1e263bcea0f75251dd9e36	8492312495835668423	1
1	0	43	2b00be249282ec0654a3935a0ffd6b284ee3a390fa24e97a0c0f51d9423bd071	e02729908d088ffa595b53b27eb3f7e203bea55b8ba7dbd3c3073985c5e8fd65	a308d21e83b7637f43d05e652d00a6831205d527ecfa90f661ad65f667c5e5e5	a20132ffd03694752b427fda33f74ba3a084bf6aedbb089ad4a86787ecaf5fff	8864542308709226946	0
1	1	43	2b00be249282ec0654a3935a0ffd6b284ee3a390fa24e97a0c0f51d9423bd071	e02729908d088ffa595b53b27eb3f7e203bea55b8ba7dbd3c3073985c5e8fd65	a308d21e83b7637f43d05e652d00a6831205d527ecfa90f661ad65f667c5e5e5	a20132ffd03694752b427fda33f74ba3a084bf6aedbb089ad4a86787ecaf5fff	8864542308709226946	0
1	2	43	2b00be249282ec0654a3935a0ffd6b284ee3a390fa24e97a0c0f51d9423bd071	e02729908d088ffa595b53b27eb3f7e203bea55b8ba7dbd3c3073985c5e8fd65	a308d21e83b7637f43d05e652d00a6831205d527ecfa90f661ad65f667c5e5e5	a20132ffd03694752b427fda33f74ba3a084bf6aedbb089ad4a86787ecaf5fff	8864542308709226946	0
1	3	43	2b00be249282ec0654a3935a0ffd6b284ee3a390fa24e97a0c0f51d9423bd071	e02729908d088ffa595b53b27eb3f7e203bea55b8ba7dbd3c3073985c5e8fd65	a308d21e83b7637f43d05e652d00a6831205d527ecfa90f661ad65f667c5e5e5	a20132ffd03694752b427fda33f74ba3a084bf6aedbb089ad4a86787ecaf5fff	8864542308709226946	0
1	7	43	2b00be249282ec0654a3935a0ffd6b284ee3a390fa24e97a0c0f51d9423bd071	e02729908d088ffa595b53b27eb3f7e203bea55b8ba7dbd3c3073985c5e8fd65	a308d21e83b7637f43d05e652d00a6831205d527ecfa90f661ad65f667c5e5e5	a20132ffd03694752b427fda33f74ba3a084bf6aedbb089ad4a86787ecaf5fff	8864542308709226946	0
1	8	43	2b00be249282ec0654a3935a0ffd6b284ee3a390fa24e97a0c0f51d9423bd071	e02729908d088ffa595b53b27eb3f7e203bea55b8ba7dbd3c3073985c5e8fd65	a308d21e83b7637f43d05e652d00a6831205d527ecfa90f661ad65f667c5e5e5	a20132ffd03694752b427fda33f74ba3a084bf6aedbb089ad4a86787ecaf5fff	8864542308709226946	0
1	255	43	2b00be249282ec0654a3935a0ffd6b284ee3a390fa24e97a0c0f51d9423bd071	e02729908d088ffa595b53b27eb3f7e203bea55b8ba7dbd3c3073985c5e8fd65	a308d21e83b7637f43d05e652d00a6831205d527ecfa90f661ad65f667c5e5e5	a20132ffd03694752b427fda33f74ba3a084bf6aedbb089ad4a86787ecaf5fff	8864542308709226946	0
1	256	43	2b00be249282ec0654a3935a0ffd6b284ee3a390fa24e97a0c0f51d9423bd071	e02729908d088ffa595b53b27eb3f7e203bea55b8ba7dbd3c3073985c5e8fd65	a308d21e83b7637f43d05e652d00a6831205d527ecfa90f661ad65f667c5e5e5	a20132ffd03694752b427fda33f74ba3a084bf6aedbb089ad4a86787ecaf5fff	8864542308709226946	0
1	1000	43	2b00be249282ec0654a3935a0ffd6b284ee3a390fa24e97a0c0f51d9423bd071	e02729908d088ffa595b53b27eb3f7e203bea55b8ba7dbd3c3073985c5e8fd65	a308d21e83b7637f43d05e652d00a6831205d527ecfa90f661ad65f667c5e5e5	a20132ffd03694752b427fda33f74ba3a084bf6aedbb089ad4a86787ecaf5fff	8864542308709226946	0
1	4096	43	2b00be249282ec0654a3935a0ffd6b284ee3a390fa24e97a0c0f51d9423bd071	e02729908d088ffa595b53b27eb3f7e203bea55b8ba7dbd3c3073985c5e8fd65	a308d21e83b7637f43d05e652d00a6831205d527ecfa90f661ad65f667c5e5e5	a20132ffd03694752b427fda33f74ba3a084bf6aedbb089ad4a86787ecaf5fff	8864542308709226946	0
1	1099511627776	43	2b00be249282ec0654a3935a0ffd6b284ee3a390fa24e97a0c0f51d9423bd071	e02729908d088ffa595b53b27eb3f7e203bea55b8ba7dbd3c3073985c5e8fd65	a308d21e83b7637f43d05e652d00a6831205d527ecfa90f661ad65f667c5e5e5	a20132ffd03694752b427fda33f74ba3a084bf6aedbb089ad4a86787ecaf5fff	8864542308709226946	0
1	18446744073709551614	43	2b00be249282ec0654a3935a0ffd6b284ee3a390fa24e97a0c0f51d9423bd071	e02729908d088ffa595b53b27eb3f7e203bea55b8ba7dbd3c3073985c5e8fd65	a308d21e83b7637f43d05e652d00a6831205d527ecfa90f661ad65f667c5e5e5	a20132ffd03694752b427fda33f74ba3a084bf6aedbb089ad4a86787ecaf5fff	8864542308709226946	1
1	18446744073709551615	43	2b00be249282ec0654a3935a0ffd6b284ee3a390fa24e97a0c0f51d9423bd071	e02729908d088ffa595b53b27eb3f7e203bea55b8ba7dbd3c3073985c5e8fd65	a308d21e83b7637f43d05e652d00a6831205d527ecfa90f661ad65f667c5e5e5	a20132ffd03694752b427fda33f74ba3a084bf6aedbb089ad4a86787ecaf5fff	8864542308709226946	1
1	0	43	2b00be249282ec0654a3935a0ffd6b284ee3a390fa24e97a0c0f51d9423bd071	e02729908d088ffa595b53b27eb3f7e203bea55b8ba7dbd3c3073985c5e8fd65	059608f340aa60f4b88d33ace3932bc0e5b05172d62f2742567e7ba99c8af80d	b4ea52b7067b40bf8d1883e09244074aee16197f2a797148cc4813660f6ed9ef	4273508706724232492	0
1	1	43	2b00be249282ec0654a3935a0ffd6b284ee3a390fa24e97a0c0f51d9423bd071	e02729908d088ffa595b53b27eb3f7e203bea55b8ba7dbd3c3073985c5e8fd65	059608f340aa60f4b88d33ace3932bc0e5b05172d62f2742567e7ba99c8af80d	b4ea52b7067b40bf8d1883e09244074aee16197f2a797148cc4813660f6ed9ef	4273508706724232492	0
1	2	43	2b00be249282ec0654a3935a0ffd6b284ee3a390fa24e97a0c0f51d9423bd071	e02729908d088ffa595b53b27eb3f7e203bea55b8ba7dbd3c3073985c5e8fd65	059608f340aa60f4b88d33ace3932bc0e5b05172d62f2742567e7ba99c8af80d	b4ea52b7067b40bf8d1883e09244074aee16197f2a797148cc4813660f6ed9ef	4273508706724232492	0
1	3	43	2b00be249282ec0654a3935a0ffd6b284ee3a390fa24e97a0c0f51d9423bd071	e02729908d088ffa595b53b27eb3f7e203bea55b8ba7dbd3c3073985c5e8fd65	059608f340aa60f4b88d33ace3932bc0e5b05172d62f2742567e7ba99c8af80d	b4ea52b7067b40bf8d1883e09244074aee16197f2a797148cc4813660f6ed9ef	4273508706724232492	0
1	7	43	2b00be249282ec0654a3935a0ffd6b284ee3a390fa24e97a0c0f51d9423bd071	e02729908d088ffa595b53b27eb3f7e203bea55b8ba7dbd3c3073985c5e8fd65	059608f340aa60f4b88d33ace3932bc0e5b05172d62f2742567e7ba99c8af80d	b4ea52b7067b40bf8d1883e09244074aee16197f2a797148cc4813660f6ed9ef	4273508706724232492	0
1	8	43	2b00be249282ec0654a3935a0ffd6b284ee3a390fa24e97a0c0f51d9423bd071	e02729908d088ffa595b53b27eb3f7e203bea55b8ba7dbd3c3073985c5e8fd65	059608f340aa60f4b88d33ace3932bc0e5b05172d62f2742567e7ba99c8af80d	b4ea52b7067b40bf8d1883e09244074aee16197f2a797148cc4813660f6ed9ef	4273508706724232492	0
1	255	43	2b00be249282ec0654a3935a0ffd6b284ee3a390fa24e97a0c0f51d9423bd071	e02729908d088ffa595b53b27eb3f7e203bea55b8ba7dbd3c3073985c5e8fd65	059608f340aa60f4b88d33ace3932bc0e5b05172d62f2742567e7ba99c8af80d	b4ea52b7067b40bf8d1883e09244074aee16197f2a797148cc4813660f6ed9ef	4273508706724232492	0
1	256	43	2b00be249282ec0654a3935a0ffd6b284ee3a390fa24e97a0c0f51d9423bd071	e02729908d088ffa595b53b27eb3f7e203bea55b8ba7dbd3c3073985c5e8fd65	059608f340aa60f4b88d33ace3932bc0e5b05172d62f2742567e7ba99c8af80d	b4ea52b7067b40bf8d1883e09244074aee16197f2a797148cc4813660f6ed9ef	4273508706724232492	0
1	1000	43	2b00be249282ec0654a3935a0ffd6b284ee3a390fa24e97a0c0f51d9423bd071	e02729908d088ffa595b53b27eb3f7e203bea55b8ba7dbd3c3073985c5e8fd65	059608f340aa60f4b88d33ace3932bc0e5b05172d62f2742567e7ba99c8af80d	b4ea52b7067b40bf8d1883e09244074aee16197f2a797148cc4813660f6ed9ef	4273508706724232492	0
1	4096	43	2b00be249282ec0654a3935a0ffd6b284ee3a390fa24e97a0c0f51d9423bd071	e02729908d088ffa595b53b27eb3f7e203bea55b8ba7dbd3c3073985c5e8fd65	059608f340aa60f4b88d33ace3932bc0e5b05172d62f2742567e7ba99c8af80d	b4ea52b7067b40bf8d1883e09244074aee16197f2a797148cc4813660f6ed9ef	4273508706724232492	0
1	1099511627776	43	2b00be249282ec0654a3935a0ffd6b284ee3a390fa24e97a0c0f51d9423bd071	e02729908d088ffa595b53b27eb3f7e203bea55b8ba7dbd3c3073985c5e8fd65	059608f340aa60f4b88d33ace3932bc0e5b05172d62f2742567e7ba99c8af80d	b4ea52b7067b40bf8d1883e09244074aee16197f2a797148cc4813660f6ed9ef	4273508706724232492	0
1	18446744073709551614	43	2b00be249282ec0654a3935a0ffd6b284ee3a390fa24e97a0c0f51d9423bd071	e02729908d088ffa595b53b27eb3f7e203bea55b8ba7dbd3c3073985c5e8fd65	059608f340aa60f4b88d33ace3932bc0e5b05172d62f2742567e7ba99c8af80d	b4ea52b7067b40bf8d1883e09244074aee16197f2a797148cc4813660f6ed9ef	4273508706724232492	1
1	18446744073709551615	43	2b00be249282ec0654a3935a0ffd6b284ee3a390fa24e97a0c0f51d9423bd071	e02729908d088ffa595b53b27eb3f7e203bea55b8ba7dbd3c3073985c5e8fd65	059608f340aa60f4b88d33ace3932bc0e5b05172d62f2742567e7ba99c8af80d	b4ea52b7067b40bf8d1883e09244074aee16197f2a797148cc4813660f6ed9ef	4273508706724232492	1
1	0	43	2b00be249282ec0654a3935a0ffd6b284ee3a390fa24e97a0c0f51d9423bd071	e02729908d088ffa595b53b27eb3f7e203bea55b8ba7dbd3c3073985c5e8fd65	c15902ed4fa31bfce60df19066d6f877e8312d1d1e796c261f892be52ed19109	a42839504f16702bf30bc83d91709a1fe60af94b2ef76463a3fa35b3b063bcd0	3522111509382561988	0
1	1	43	2b00be249282ec0654a3935a0ffd6b284ee3a390fa24e97a0c0f51d9423bd071	e02729908d088ffa595b53b27eb3f7e203bea55b8ba7dbd3c3073985c5e8fd65	c15902ed4fa31bfce60df19066d6f877e8312d1d1e796c261f892be52ed19109	a42839504f16702bf30bc83d91709a1fe60af94b2ef76463a3fa35b3b063bcd0	3522111509382561988	0
1	2	43	2b00be249282ec0654a3935a0ffd6b284ee3a390fa24e97a0c0f51d9423bd071	e02729908d088ffa595b53b27eb3f7e203bea55b8ba7dbd3c3073985c5e8fd65	c15902ed4fa31bfce60df19066d6f877e8312d1d1e796c261f892be52ed19109	a42839504f16702bf30bc83d91709a1fe60af94b2ef76463a3fa35b3b063bcd0	3522111509382561988	0
1	3	43	2b00be249282ec0654a3935a0ffd6b284ee3a390fa24e97a0c0f51d9423bd071	e02729908d088ffa595b53b27eb3f7e203bea55b8ba7dbd3c3073985c5e8fd65	c15902ed4fa31bfce60df19066d6f877e8312d1d1e796c261f892be52ed19109	a42839504f16702bf30bc83d91709a1fe60af94b2ef76463a3fa35b3b063bcd0	3522111509382561988	0
1	7	43	2b00be249282ec0654a3935a0ffd6b284ee3a390fa24e97a0c0f51d9423bd071	e02729908d088ffa595b53b27eb3f7e203bea55b8ba7dbd3c3073985c5e8fd65	c15902ed4fa31bfce60df19066d6f877e8312d1d1e796c261f892be52ed19109	a42839504f16702bf30bc83d91709a1fe60af94b2ef76463a3fa35b3b063bcd0	3522111509382561988	0
1	8	43	2b00be249282ec0654a3935a0ffd6b284ee3a390fa24e97a0c0f51d9423bd071	e02729908d088ffa595b53b27eb3f7e203bea55b8ba7dbd3c3073985c5e8fd65	c15902ed4fa31bfce60df19066d6f877e8312d1d1e796c261f892be52ed19109	a42839504f16702bf30bc83d91709a1fe60af94b2ef76463a3fa35b3b063bcd0	3522111509382561988	0
1	255	43	2b00be249282ec0654a3935a0ffd6b284ee3a390fa24e97a0c0f51d9423bd071	e02729908d088ffa595b53b27eb3f7e203bea55b8ba7dbd3c3073985c5e8fd65	c15902ed4fa31bfce60df19066d6f877e8312d1d1e796c261f892be52ed19109	a42839504f16702bf30bc83d91709a1fe60af94b2ef76463a3fa35b3b063bcd0	3522111509382561988	0
1	256	43	2b00be249282ec0654a3935a0ffd6b284ee3a390fa24e97a0c0f51d9423bd071	e02729908d088ffa595b53b27eb3f7e203bea55b8ba7dbd3c3073985c5e8fd65	c15902ed4fa31bfce60df19066d6f877e8312d1d1e796c261f892be52ed19109	a42839504f16702bf30bc83d91709a1fe60af94b2ef76463a3fa35b3b063bcd0	3522111509382561988	0
1	1000	43	2b00be249282ec0654a3935a0ffd6b284ee3a390fa24e97a0c0f51d9423bd071	e02729908d088ffa595b53b27eb3f7e203bea55b8ba7dbd3c3073985c5e8fd65	c15902ed4fa31bfce60df19066d6f877e8312d1d1e796c261f892be52ed19109	a42839504f16702bf30bc83d91709a1fe60af94b2ef76463a3fa35b3b063bcd0	3522111509382561988	0
1	4096	43	2b00be249282ec0654a3935a0ffd6b284ee3a390fa24e97a0c0f51d9423bd071	e02729908d088ffa595b53b27eb3f7e203bea55b8ba7dbd3c3073985c5e8fd65	c15902ed4fa31bfce60df19066d6f877e8312d1d1e796c261f892be52ed19109	a42839504f16702bf30bc83d91709a1fe60af94b2ef76463a3fa35b3b063bcd0	3522111509382561988	0
1	1099511627776	43	2b00be249282ec0654a3935a0ffd6b284ee3a390fa24e97a0c0f51d9423bd071	e02729908d088ffa595b53b27eb3f7e203bea55b8ba7dbd3c3073985c5e8fd65	c15902ed4fa31bfce60df19066d6f877e8312d1d1e796c261f892be52ed19109	a42839504f16702bf30bc83d91709a1fe60af94b2ef76463a3fa35b3b063bcd0	3522111509382561988	0
1	18446744073709551614	43	2b00be249282ec0654a3935a0ffd6b284ee3a390fa24e97a0c0f51d9423bd071	e02729908d088ffa595b53b27eb3f7e203bea55b8ba7dbd3c3073985c5e8fd65	c15902ed4fa31bfce60df19066d6f877e8312d1d1e796c261f892be52ed19109	a42839504f16702bf30bc83d91709a1fe60af94b2ef76463a3fa35b3b063bcd0	3522111509382561988	1
1	18446744073709551615	43	2b00be249282ec0654a3935a0ffd6b284ee3a390fa24e97a0c0f51d9423bd071	e02729908d088ffa595b53b27eb3f7e203bea55b8ba7dbd3c3073985c5e8fd65	c15902ed4fa31bfce60df19066d6f877e8312d1d1e796c261f892be52ed19109	a42839504f16702bf30bc83d91709a1fe60af94b2ef76463a3fa35b3b063bcd0	3522111509382561988	1
1	0	43	2b00be249282ec0654a3935a0ffd6b284ee3a390fa24e97a0c0f51d9423bd071	e02729908d088ffa595b53b27eb3f7e203bea55b8ba7dbd3c3073985c5e8fd65	bc9eb44be843c55d71931d058c1519ecaa0e6055b5da4acba52419343d41de7c	d72699ccda9a8141669ced6cdcdc5a181d84c89ff6753b59e2a045dc7c4e996d	5112309387443044087	0
1	1	43	2b00be249282ec0654a3935a0ffd6b284ee3a390fa24e97a0c0f51d9423bd071	e02729908d088ffa595b53b27eb3f7e203bea55b8ba7dbd3c3073985c5e8fd65	bc9eb44be843c55d71931d058c1519ecaa0e6055b5da4acba52419343d41de7c	d72699ccda9a8141669ced6cdcdc5a181d84c89ff6753b59e2a045dc7c4e996d	5112309387443044087	0
1	2	43	2b00be249282ec0654a3935a0ffd6b284ee3a390fa24e97a0c0f51d9423bd071	e02729908d088ffa595b53b27eb3f7e203bea55b8ba7dbd3c3073985c5e8fd65	bc9eb44be843c55d71931d058c1519ecaa0e6055b5da4acba52419343d41de7c	d72699ccda9a8141669ced6cdcdc5a181d84c89ff6753b59e2a045dc7c4e996d	5112309387443044087	0
1	3	43	2b00be249282ec0654a3935a0ffd6b284ee3a390fa24e97a0c0f51d9423bd071	e02729908d088ffa595b53b27eb3f7e203bea55b8ba7dbd3c3073985c5e8fd65	bc9eb44be843c55d71931d058c1519ecaa0e6055b5da4acba52419343d41de7c	d72699ccda9a8141669ced6cdcdc5a181d84c89ff6753b59e2a045dc7c4e996d	5112309387443044087	0
1	7	43	2b00be249282ec0654a3935a0ffd6b284ee3a390fa24e97a0c0f51d9423bd071	e02729908d088ffa595b53b27eb3f7e203bea55b8ba7dbd3c3073985c5e8fd65	bc9eb44be843c55d71931d058c1519ecaa0e6055b5da4acba52419343d41de7c	d72699ccda9a8141669ced6cdcdc5a181d84c89ff6753b59e2a045dc7c4e996d	5112309387443044087	0
1	8	43	2b00be249282ec0654a3935a0ffd6b284ee3a390fa24e97a0c0f51d9423bd071	e02729908d088ffa595b53b27eb3f7e203bea55b8ba7dbd3c3073985c5e8fd65	bc9eb44be843c55d71931d058c1519ecaa0e6055b5da4acba52419343d41de7c	d72699ccda9a8141669ced6cdcdc5a181d84c89ff6753b59e2a045dc7c4e996d	5112309387443044087	0
1	255	43	2b00be249282ec0654a3935a0ffd6b284ee3a390fa24e97a0c0f51d9423bd071	e02729908d088ffa595b53b27eb3f7e203bea55b8ba7dbd3c3073985c5e8fd65	bc9eb44be843c55d71931d058c1519ecaa0e6055b5da4acba52419343d41de7c	d72699ccda9a8141669ced6cdcdc5a181d84c89ff6753b59e2a045dc7c4e996d	5112309387443044087	0
1	256	43	2b00be249282ec0654a3935a0ffd6b284ee3a390fa24e97a0c0f51d9423bd071	e02729908d088ffa595b53b27eb3f7e203bea55b8ba7dbd3c3073985c5e8fd65	bc9eb44be843c55d71931d058c1519ecaa0e6055b5da4acba52419343d41de7c	d72699ccda9a8141669ced6cdcdc5a181d84c89ff6753b59e2a045dc7c4e996d	5112309387443044087	0
1	1000	43	2b00be249282ec0654a3935a0ffd6b284ee3a390fa24e97a0c0f51d9423bd071	e02729908d088ffa595b53b27eb3f7e203bea55b8ba7dbd3c3073985c5e8fd65	bc9eb44be843c55d71931d058c1519ecaa0e6055b5da4acba52419343d41de7c	d72699ccda9a8141669ced6cdcdc5a181d84c89ff6753b59e2a045dc7c4e996d	5112309387443044087	0
1	4096	43	2b00be249282ec0654a3935a0ffd6b284ee3a390fa24e97a0c0f51d9423bd071	e02729908d088ffa595b53b27eb3f7e203bea55b8ba7dbd3c3073985c5e8fd65	bc9eb44be843c55d71931d058c1519ecaa0e6055b5da4acba52419343d41de7c	d72699ccda9a8141669ced6cdcdc5a181d84c89ff6753b59e2a045dc7c4e996d	5112309387443044087	0
1	1099511627776	43	2b00be249282ec0654a3935a0ffd6b284ee3a390fa24e97a0c0f51d9423bd071	e02729908d088ffa595b53b27eb3f7e203bea55b8ba7dbd3c3073985c5e8fd65	bc9eb44be843c55d71931d058c1519ecaa0e6055b5da4acba52419343d41de7c	d72699ccda9a8141669ced6cdcdc5a181d84c89ff6753b59e2a045dc7c4e996d	5112309387443044087	0
1	18446744073709551614	43	2b00be249282ec0654a3935a0ffd6b284ee3a390fa24e97a0c0f51d9423bd071	e02729908d088ffa595b53b27eb3f7e203bea55b8ba7dbd3c3073985c5e8fd65	bc9eb44be843c55d71931d058c1519ecaa0e6055b5da4acba52419343d41de7c	d72699ccda9a8141669ced6cdcdc5a181d84c89ff6753b59e2a045dc7c4e996d	5112309387443044087	1
1	18446744073709551615	43	2b00be249282ec0654a3935a0ffd6b284ee3a390fa24e97a0c0f51d9423bd071	e02729908d088ffa595b53b27eb3f7e203bea55b8ba7dbd3c3073985c5e8fd65	bc9eb44be843c55d71931d058c1519ecaa0e6055b5da4acba52419343d41de7c	d72699ccda9a8141669ced6cdcdc5a181d84c89ff6753b59e2a045dc7c4e996d	5112309387443044087	1
2	0	5797	a51692f7900e434db11d71693ba385cde1960d85dd54816ba28b9e42aa613941	6e3105438f8420b1bce5b1814aed1907accb0b4eacd7b3c26d83f61e2db21455	b2105b3e421c4d978e785415a30b30a98cab443c86fd026f81b4f7ca06a0279a	f99ed94e660dd8f7f6bfddae8b70ad78721ed29e958e8d0f64426e37d73b71d1	5095691960590822795	0
2	1	5797	a51692f7900e434db11d71693ba385cde1960d85dd54816ba28b9e42aa613941	6e3105438f8420b1bce5b1814aed1907accb0b4eacd7b3c26d83f61e2db21455	b2105b3e421c4d978e785415a30b30a98cab443c86fd026f81b4f7ca06a0279a	f99ed94e660dd8f7f6bfddae8b70ad78721ed29e958e8d0f64426e37d73b71d1	5095691960590822795	0
2	2	5797	a51692f7900e434db11d71693ba385cde1960d85dd54816ba28b9e42aa613941	6e3105438f8420b1bce5b1814aed1907accb0b4eacd7b3c26d83f61e2db21455	b2105b3e421c4d978e785415a30b30a98cab443c86fd026f81b4f7ca06a0279a	f99ed94e660dd8f7f6bfddae8b70ad78721ed29e958e8d0f64426e37d73b71d1	5095691960590822795	0
2	3	5797	a51692f7900e434db11d71693ba385cde1960d85dd54816ba28b9e42aa613941	6e3105438f8420b1bce5b1814aed1907accb0b4eacd7b3c26d83f61e2db21455	b2105b3e421c4d978e785415a30b30a98cab443c86fd026f81b4f7ca06a0279a	f99ed94e660dd8f7f6bfddae8b70ad78721ed29e958e8d0f64426e37d73b71d1	5095691960590822795	0
2	7	5797	a51692f7900e434db11d71693ba385cde1960d85dd54816ba28b9e42aa613941	6e3105438f8420b1bce5b1814aed1907accb0b4eacd7b3c26d83f61e2db21455	b2105b3e421c4d978e785415a30b30a98cab443c86fd026f81b4f7ca06a0279a	f99ed94e660dd8f7f6bfddae8b70ad78721ed29e958e8d0f64426e37d73b71d1	5095691960590822795	0
2	8	5797	a51692f7900e434db11d71693ba385cde1960d85dd54816ba28b9e42aa613941	6e3105438f8420b1bce5b1814aed1907accb0b4eacd7b3c26d83f61e2db21455	b2105b3e421c4d978e785415a30b30a98cab443c86fd026f81b4f7ca06a0279a	f99ed94e660dd8f7f6bfddae8b70ad78721ed29e958e8d0f64426e37d73b71d1	5095691960590822795	0
2	255	5797	a51692f7900e434db11d71693ba385cde1960d85dd54816ba28b9e42aa613941	6e3105438f8420b1bce5b1814aed1907accb0b4eacd7b3c26d83f61e2db21455	b2105b3e421c4d978e785415a30b30a98cab443c86fd026f81b4f7ca06a0279a	f99ed94e660dd8f7f6bfddae8b70ad78721ed29e958e8d0f64426e37d73b71d1	5095691960590822795	0
2	256	5797	a51692f7900e434db11d71693ba385cde1960d85dd54816ba28b9e42aa613941	6e3105438f8420b1bce5b1814aed1907accb0b4eacd7b3c26d83f61e2db21455	b2105b3e421c4d978e785415a30b30a98cab443c86fd026f81b4f7ca06a0279a	f99ed94e660dd8f7f6bfddae8b70ad78721ed29e958e8d0f64426e37d73b71d1	5095691960590822795	0
2	1000	5797	a51692f7900e434db11d71693ba385cde1960d85dd54816ba28b9e42aa613941	6e3105438f8420b1bce5b1814aed1907accb0b4eacd7b3c26d83f61e2db21455	b2105b3e421c4d978e785415a30b30a98cab443c86fd026f81b4f7ca06a0279a	f99ed94e660dd8f7f6bfddae8b70ad78721ed29e958e8d0f64426e37d73b71d1	5095691960590822795	0
2	4096	5797	a51692f7900e434db11d71693ba385cde1960d85dd54816ba28b9e42aa613941	6e3105438f8420b1bce5b1814aed1907accb0b4eacd7b3c26d83f61e2db21455	b2105b3e421c4d978e785415a30b30a98cab443c86fd026f81b4f7ca06a0279a	f99ed94e660dd8f7f6bfddae8b70ad78721ed29e958e8d0f64426e37d73b71d1	5095691960590822795	0
2	1099511627776	5797	a51692f7900e434db11d71693ba385cde1960d85dd54816ba28b9e42aa613941	6e3105438f8420b1bce5b1814aed1907accb0b4eacd7b3c26d83f61e2db21455	b2105b3e421c4d978e785415a30b30a98cab443c86fd026f81b4f7ca06a0279a	f99ed94e660dd8f7f6bfddae8b70ad78721ed29e958e8d0f64426e37d73b71d1	5095691960590822795	0
2	18446744073709551614	5797	a51692f7900e434db11d71693ba385cde1960d85dd54816ba28b9e42aa613941	6e3105438f8420b1bce5b1814aed1907accb0b4eacd7b3c26d83f61e2db21455	b2105b3e421c4d978e785415a30b30a98cab443c86fd026f81b4f7ca06a0279a	f99ed94e660dd8f7f6bfddae8b70ad78721ed29e958e8d0f64426e37d73b71d1	5095691960590822795	1
2	18446744073709551615	5797	a51692f7900e434db11d71693ba385cde1960d85dd54816ba28b9e42aa613941	6e3105438f8420b1bce5b1814aed1907accb0b4eacd7b3c26d83f61e2db21455	b2105b3e421c4d978e785415a30b30a98cab443c86fd026f81b4f7ca06a0279a	f99ed94e660dd8f7f6bfddae8b70ad78721ed29e958e8d0f64426e37d73b71d1	5095691960590822795	1
2	0	5797	a51692f7900e434db11d71693ba385cde1960d85dd54816ba28b9e42aa613941	6e3105438f8420b1bce5b1814aed1907accb0b4eacd7b3c26d83f61e2db21455	3e9b316e43969013eaccd8570a9164629f48eacfe7b01a6a572e31a83aad274d	e2eaf1af4f92bb8d85748104d14fa14dad646c449dbb96ecde16ac8f12b01e9c	2550429643862918796	0
2	1	5797	a51692f7900e434db11d71693ba385cde1960d85dd54816ba28b9e42aa613941	6e3105438f8420b1bce5b1814aed1907accb0b4eacd7b3c26d83f61e2db21455	3e9b316e43969013eaccd8570a9164629f48eacfe7b01a6a572e31a83aad274d	e2eaf1af4f92bb8d85748104d14fa14dad646c449dbb96ecde16ac8f12b01e9c	2550429643862918796	0
2	2	5797	a51692f7900e434db11d71693ba385cde1960d85dd54816ba28b9e42aa613941	6e3105438f8420b1bce5b1814aed1907accb0b4eacd7b3c26d83f61e2db21455	3e9b316e43969013eaccd8570a9164629f48eacfe7b01a6a572e31a83aad274d	e2eaf1af4f92bb8d85748104d14fa14dad646c449dbb96ecde16ac8f12b01e9c	2550429643862918796	0
2	3	5797	a51692f7900e434db11d71693ba385cde1960d85dd54816ba28b9e42aa613941	6e3105438f8420b1bce5b1814aed1907accb0b4eacd7b3c26d83f61e2db21455	3e9b316e43969013eaccd8570a9164629f48eacfe7b01a6a572e31a83aad274d	e2eaf1af4f92bb8d85748104d14fa14dad646c449dbb96ecde16ac8f12b01e9c	2550429643862918796	0
2	7	5797	a51692f7900e434db11d71693ba385cde1960d85dd54816ba28b9e42aa613941	6e3105438f8420b1bce5b1814aed1907accb0b4eacd7b3c26d83f61e2db21455	3e9b316e43969013eaccd8570a9164629f48eacfe7b01a6a572e31a83aad274d	e2eaf1af4f92bb8d85748104d14fa14dad646c449dbb96ecde16ac8f12b01e9c	2550429643862918796	0
2	8	5797	a51692f7900e434db11d71693ba385cde1960d85dd54816ba28b9e42aa613941	6e3105438f8420b1bce5b1814aed1907accb0b4eacd7b3c26d83f61e2db21455	3e9b316e43969013eaccd8570a9164629f48eacfe7b01a6a572e31a83aad274d	e2eaf1af4f92bb8d85748104d14fa14dad646c449dbb96ecde16ac8f12b01e9c	2550429643862918796	0
2	255	5797	a51692f7900e434db11d71693ba385cde1960d85dd54816ba28b9e42aa613941	6e3105438f8420b1bce5b1814aed1907accb0b4eacd7b3c26d83f61e2db21455	3e9b316e43969013eaccd8570a9164629f48eacfe7b01a6a572e31a83aad274d	e2eaf1af4f92bb8d85748104d14fa14dad646c449dbb96ecde16ac8f12b01e9c	2550429643862918796	0
2	256	5797	a51692f7900e434db11d71693ba385cde1960d85dd54816ba28b9e42aa613941	6e3105438f8420b1bce5b1814aed1907accb0b4eacd7b3c26d83f61e2db21455	3e9b316e43969013eaccd8570a9164629f48eacfe7b01a6a572e31a83aad274d	e2eaf1af4f92bb8d85748104d14fa14dad646c449dbb96ecde16ac8f12b01e9c	2550429643862918796	0
2	1000	5797	a51692f7900e434db11d71693ba385cde1960d85dd54816ba28b9e42aa613941	6e3105438f8420b1bce5b1814aed1907accb0b4eacd7b3c26d83f61e2db21455	3e9b316e43969013eaccd8570a9164629f48eacfe7b01a6a572e31a83aad274d	e2eaf1af4f92bb8d85748104d14fa14dad646c449dbb96ecde16ac8f12b01e9c	2550429643862918796	0
2	4096	5797	a51692f7900e434db11d71693ba385cde1960d85dd54816ba28b9e42aa613941	6e3105438f8420b1bce5b1814aed1907accb0b4eacd7b3c26d83f61e2db21455	3e9b316e43969013eaccd8570a9164629f48eacfe7b01a6a572e31a83aad274d	e2eaf1af4f92bb8d85748104d14fa14dad646c449dbb96ecde16ac8f12b01e9c	2550429643862918796	0
2	1099511627776	5797	a51692f7900e434db11d71693ba385cde1960d85dd54816ba28b9e42aa613941	6e3105438f8420b1bce5b1814aed1907accb0b4eacd7b3c26d83f61e2db21455	3e9b316e43969013eaccd8570a9164629f48eacfe7b01a6a572e31a83aad274d	e2eaf1af4f92bb8d85748104d14fa14dad646c449dbb96ecde16ac8f12b01e9c	2550429643862918796	0
2	18446744073709551614	5797	a51692f7900e434db11d71693ba385cde1960d85dd54816ba28b9e42aa613941	6e3105438f8420b1bce5b1814aed1907accb0b4eacd7b3c26d83f61e2db21455	3e9b316e43969013eaccd8570a9164629f48eacfe7b01a6a572e31a83aad274d	e2eaf1af4f92bb8d85748104d14fa14dad646c449dbb96ecde16ac8f12b01e9c	2550429643862918796	1
2	18446744073709551615	5797	a51692f7900e434db11d71693ba385cde1960d85dd54816ba28b9e42aa613941	6e3105438f8420b1bce5b1814aed1907accb0b4eacd7b3c26d83f61e2db21455	3e9b316e43969013eaccd8570a9164629f48eacfe7b01a6a572e31a83aad274d	e2eaf1af4f92bb8d85748104d14fa14dad646c449dbb96ecde16ac8f12b01e9c	2550429643862918796	1
2	0	5797	a51692f7900e434db11d71693ba385cde1960d85dd54816ba28b9e42aa613941	6e3105438f8420b1bce5b1814aed1907accb0b4eacd7b3c26d83f61e2db21455	6183238ce78e667dad0cd9220d0735d594cc7776079c363d8aa107c4f14c5296	f105b8ab8e73b38d296b24646741f25c457c7814839ba42fc7c8eef8d81cacc1	2552715258025028477	0
2	1	5797	a51692f7900e434db11d71693ba385cde1960d85dd54816ba28b9e42aa613941	6e3105438f8420b1bce5b1814aed1907accb0b4eacd7b3c26d83f61e2db21455	6183238ce78e667dad0cd9220d0735d594cc7776079c363d8aa107c4f14c5296	f105b8ab8e73b38d296b24646741f25c457c7814839ba42fc7c8eef8d81cacc1	2552715258025028477	0
2	2	5797	a51692f7900e434db11d71693ba385cde1960d85dd54816ba28b9e42aa613941	6e3105438f8420b1bce5b1814aed1907accb0b4eacd7b3c26d83f61e2db21455	6183238ce78e667dad0cd9220d0735d594cc7776079c363d8aa107c4f14c5296	f105b8ab8e73b38d296b24646741f25c457c7814839ba42fc7c8eef8d81cacc1	2552715258025028477	0
2	3	5797	a51692f7900e434db11d71693ba385cde1960d85dd54816ba28b9e42aa613941	6e3105438f8420b1bce5b1814aed1907accb0b4eacd7b3c26d83f61e2db21455	6183238ce78e667dad0cd9220d0735d594cc7776079c363d8aa107c4f14c5296	f105b8ab8e73b38d296b24646741f25c457c7814839ba42fc7c8eef8d81cacc1	2552715258025028477	0
2	7	5797	a51692f7900e434db11d71693ba385cde1960d85dd54816ba28b9e42aa613941	6e3105438f8420b1bce5b1814aed1907accb0b4eacd7b3c26d83f61e2db21455	6183238ce78e667dad0cd9220d0735d594cc7776079c363d8aa107c4f14c5296	f105b8ab8e73b38d296b24646741f25c457c7814839ba42fc7c8eef8d81cacc1	2552715258025028477	0
2	8	5797	a51692f7900e434db11d71693ba385cde1960d85dd54816ba28b9e42aa613941	6e3105438f8420b1bce5b1814aed1907accb0b4eacd7b3c26d83f61e2db21455	6183238ce78e667dad0cd9220d0735d594cc7776079c363d8aa107c4f14c5296	f105b8ab8e73b38d296b24646741f25c457c7814839ba42fc7c8eef8d81cacc1	2552715258025028477	0
2	255	5797	a51692f7900e434db11d71693ba385cde1960d85dd54816ba28b9e42aa613941	6e3105438f8420b1bce5b1814aed1907accb0b4eacd7b3c26d83f61e2db21455	6183238ce78e667dad0cd9220d0735d594cc7776079c363d8aa107c4f14c5296	f105b8ab8e73b38d296b24646741f25c457c7814839ba42fc7c8eef8d81cacc1	2552715258025028477	0
2	256	5797	a51692f7900e434db11d71693ba385cde1960d85dd54816ba28b9e42aa613941	6e3105438f8420b1bce5b1814aed1907accb0b4eacd7b3c26d83f61e2db21455	6183238ce78e667dad0cd9220d0735d594cc7776079c363d8aa107c4f14c5296	f105b8ab8e73b38d296b24646741f25c457c7814839ba42fc7c8eef8d81cacc1	2552715258025028477	0
2	1000	5797	a51692f7900e434db11d71693ba385cde1960d85dd54816ba28b9e42aa613941	6e3105438f8420b1bce5b1814aed1907accb0b4eacd7b3c26d83f61e2db21455	6183238ce78e667dad0cd9220d0735d594cc7776079c363d8aa107c4f14c5296	f105b8ab8e73b38d296b24646741f25c457c7814839ba42fc7c8eef8d81cacc1	2552715258025028477	0
2	4096	5797	a51692f7900e434db11d71693ba385cde1960d85dd54816ba28b9e42aa613941	6e3105438f8420b1bce5b1814aed1907accb0b4eacd7b3c26d83f61e2db21455	6183238ce78e667dad0cd9220d0735d594cc7776079c363d8aa107c4f14c5296	f105b8ab8e73b38d296b24646741f25c457c7814839ba42fc7c8eef8d81cacc1	2552715258025028477	0
2	1099511627776	5797	a51692f7900e434db11d71693ba385cde1960d85dd54816ba28b9e42aa613941	6e3105438f8420b1bce5b1814aed1907accb0b4eacd7b3c26d83f61e2db21455	6183238ce78e667dad0cd9220d0735d594cc7776079c363d8aa107c4f14c5296	f105b8ab8e73b38d296b24646741f25c457c7814839ba42fc7c8eef8d81cacc1	2552715258025028477	0
2	18446744073709551614	5797	a51692f7900e434db11d71693ba385cde1960d85dd54816ba28b9e42aa613941	6e3105438f8420b1bce5b1814aed1907accb0b4eacd7b3c26d83f61e2db21455	6183238ce78e667dad0cd9220d0735d594cc7776079c363d8aa107c4f14c5296	f105b8ab8e73b38d296b24646741f25c457c7814839ba42fc7c8eef8d81cacc1	2552715258025028477	1
2	18446744073709551615	5797	a51692f7900e434db11d71693ba385cde1960d85dd54816ba28b9e42aa613941	6e3105438f8420b1bce5b1814aed1907accb0b4eacd7b3c26d83f61e2db21455	6183238ce78e667dad0cd9220d0735d594cc7776079c363d8aa107c4f14c5296	f105b8ab8e73b38d296b24646741f25c457c7814839ba42fc7c8eef8d81cacc1	2552715258025028477	1
2	0	5797	a51692f7900e434db11d71693ba385cde1960d85dd54816ba28b9e42aa613941	6e3105438f8420b1bce5b1814aed1907accb0b4eacd7b3c26d83f61e2db21455	744af5da153aaf42548b0182ccede9d0d7574929c702c18c6a58cfe5bc0325b4	7bc1be463ac57da44d76d6a97d9ba246177debfc83f554af7359ff517d4a2603	910500446412894195	0
2	1	5797	a51692f7900e434db11d71693ba385cde1960d85dd54816ba28b9e42aa613941	6e3105438f8420b1bce5b1814aed1907accb0b4eacd7b3c26d83f61e2db21455	744af5da153aaf42548b0182ccede9d0d7574929c702c18c6a58cfe5bc0325b4	7bc1be463ac57da44d76d6a97d9ba246177debfc83f554af7359ff517d4a2603	910500446412894195	0
2	2	5797	a51692f7900e434db11d71693ba385cde1960d85dd54816ba28b9e42aa613941	6e3105438f8420b1bce5b1814aed1907accb0b4eacd7b3c26d83f61e2db21455	744af5da153aaf42548b0182ccede9d0d7574929c702c18c6a58cfe5bc0325b4	7bc1be463ac57da44d76d6a97d9ba246177debfc83f554af7359ff517d4a2603	910500446412894195	0
2	3	5797	a51692f7900e434db11d71693ba385cde1960d85dd54816ba28b9e42aa613941	6e3105438f8420b1bce5b1814aed1907accb0b4eacd7b3c26d83f61e2db21455	744af5da153aaf42548b0182ccede9d0d7574929c702c18c6a58cfe5bc0325b4	7bc1be463ac57da44d76d6a97d9ba246177debfc83f554af7359ff517d4a2603	910500446412894195	0
2	7	5797	a51692f7900e434db11d71693ba385cde1960d85dd54816ba28b9e42aa613941	6e3105438f8420b1bce5b1814aed1907accb0b4eacd7b3c26d83f61e2db21455	744af5da153aaf42548b0182ccede9d0d7574929c702c18c6a58cfe5bc0325b4	7bc1be463ac57da44d76d6a97d9ba246177debfc83f554af7359ff517d4a2603	910500446412894195	0
2	8	5797	a51692f7900e434db11d71693ba385cde1960d85dd54816ba28b9e42aa613941	6e3105438f8420b1bce5b1814aed1907accb0b4eacd7b3c26d83f61e2db21455	744af5da153aaf42548b0182ccede9d0d7574929c702c18c6a58cfe5bc0325b4	7bc1be463ac57da44d76d6a97d9ba246177debfc83f554af7359ff517d4a2603	910500446412894195	0
2	255	5797	a51692f7900e434db11d71693ba385cde1960d85dd54816ba28b9e42aa613941	6e3105438f8420b1bce5b1814aed1907accb0b4eacd7b3c26d83f61e2db21455	744af5da153aaf42548b0182ccede9d0d7574929c702c18c6a58cfe5bc0325b4	7bc1be463ac57da44d76d6a97d9ba246177debfc83f554af7359ff517d4a2603	910500446412894195	0
2	256	5797	a51692f7900e434db11d71693ba385cde1960d85dd54816ba28b9e42aa613941	6e3105438f8420b1bce5b1814aed1907accb0b4eacd7b3c26d83f61e2db21455	744af5da153aaf42548b0182ccede9d0d7574929c702c18c6a58cfe5bc0325b4	7bc1be463ac57da44d76d6a97d9ba246177debfc83f554af7359ff517d4a2603	910500446412894195	0
2	1000	5797	a51692f7900e434db11d71693ba385cde1960d85dd54816ba28b9e42aa613941	6e3105438f8420b1bce5b1814aed1907accb0b4eacd7b3c26d83f61e2db21455	744af5da153aaf42548b0182ccede9d0d7574929c702c18c6a58cfe5bc0325b4	7bc1be463ac57da44d76d6a97d9ba246177debfc83f554af7359ff517d4a2603	910500446412894195	0
2	4096	5797	a51692f7900e434db11d71693ba385cde1960d85dd54816ba28b9e42aa613941	6e3105438f8420b1bce5b1814aed1907accb0b4eacd7b3c26d83f61e2db21455	744af5da153aaf42548b0182ccede9d0d7574929c702c18c6a58cfe5bc0325b4	7bc1be463ac57da44d76d6a97d9ba246177debfc83f554af7359ff517d4a2603	910500446412894195	0
2	1099511627776	5797	a51692f7900e434db11d71693ba385cde1960d85dd54816ba28b9e42aa613941	6e3105438f8420b1bce5b1814aed1907accb0b4eacd7b3c26d83f61e2db21455	744af5da153aaf42548b0182ccede9d0d7574929c702c18c6a58cfe5bc0325b4	7bc1be463ac57da44d76d6a97d9ba246177debfc83f554af7359ff517d4a2603	910500446412894195	0
2	18446744073709551614	5797	a51692f7900e434db11d71693ba385cde1960d85dd54816ba28b9e42aa613941	6e3105438f8420b1bce5b1814aed1907accb0b4eacd7b3c26d83f61e2db21455	744af5da153aaf42548b0182ccede9d0d7574929c702c18c6a58cfe5bc0325b4	7bc1be463ac57da44d76d6a97d9ba246177debfc83f554af7359ff517d4a2603	910500446412894195	1
2	18446744073709551615	5797	a51692f7900e434db11d71693ba385cde1960d85dd54816ba28b9e42aa613941	6e3105438f8420b1bce5b1814aed1907accb0b4eacd7b3c26d83f61e2db21455	744af5da153aaf42548b0182ccede9d0d7574929c702c18c6a58cfe5bc0325b4	7bc1be463ac57da44d76d6a97d9ba246177debfc83f554af7359ff517d4a2603	910500446412894195	1
3	0	30577	7177fb5936dea79f82446dc7b375bde001008a348249ab4f6fbd3bfc13f7e39c	665f25ef4713bc81ccda63e26477a764f3b27ca3f866cdae1a20158fed1dd472	f2fc7957a9d12b42cf98056a8a0bc6d70ff74b4ed022ce8bac164b020b319cfd	e7e5e1aa1825c01a79dfdde2c269890d32dca52aa077291d541975652261094c	7420786697799170431	0
3	1	30577	7177fb5936dea79f82446dc7b375bde001008a348249ab4f6fbd3bfc13f7e39c	665f25ef4713bc81ccda63e26477a764f3b27ca3f866cdae1a20158fed1dd472	f2fc7957a9d12b42cf98056a8a0bc6d70ff74b4ed022ce8bac164b020b319cfd	e7e5e1aa1825c01a79dfdde2c269890d32dca52aa077291d541975652261094c	7420786697799170431	0
3	2	30577	7177fb5936dea79f82446dc7b375bde001008a348249ab4f6fbd3bfc13f7e39c	665f25ef4713bc81ccda63e26477a764f3b27ca3f866cdae1a20158fed1dd472	f2fc7957a9d12b42cf98056a8a0bc6d70ff74b4ed022ce8bac164b020b319cfd	e7e5e1aa1825c01a79dfdde2c269890d32dca52aa077291d541975652261094c	7420786697799170431	0
3	3	30577	7177fb5936dea79f82446dc7b375bde001008a348249ab4f6fbd3bfc13f7e39c	665f25ef4713bc81ccda63e26477a764f3b27ca3f866cdae1a20158fed1dd472	f2fc7957a9d12b42cf98056a8a0bc6d70ff74b4ed022ce8bac164b020b319cfd	e7e5e1aa1825c01a79dfdde2c269890d32dca52aa077291d541975652261094c	7420786697799170431	0
3	7	30577	7177fb5936dea79f82446dc7b375bde001008a348249ab4f6fbd3bfc13f7e39c	665f25ef4713bc81ccda63e26477a764f3b27ca3f866cdae1a20158fed1dd472	f2fc7957a9d12b42cf98056a8a0bc6d70ff74b4ed022ce8bac164b020b319cfd	e7e5e1aa1825c01a79dfdde2c269890d32dca52aa077291d541975652261094c	7420786697799170431	0
3	8	30577	7177fb5936dea79f82446dc7b375bde001008a348249ab4f6fbd3bfc13f7e39c	665f25ef4713bc81ccda63e26477a764f3b27ca3f866cdae1a20158fed1dd472	f2fc7957a9d12b42cf98056a8a0bc6d70ff74b4ed022ce8bac164b020b319cfd	e7e5e1aa1825c01a79dfdde2c269890d32dca52aa077291d541975652261094c	7420786697799170431	0
3	255	30577	7177fb5936dea79f82446dc7b375bde001008a348249ab4f6fbd3bfc13f7e39c	665f25ef4713bc81ccda63e26477a764f3b27ca3f866cdae1a20158fed1dd472	f2fc7957a9d12b42cf98056a8a0bc6d70ff74b4ed022ce8bac164b020b319cfd	e7e5e1aa1825c01a79dfdde2c269890d32dca52aa077291d541975652261094c	7420786697799170431	0
3	256	30577	7177fb5936dea79f82446dc7b375bde001008a348249ab4f6fbd3bfc13f7e39c	665f25ef4713bc81ccda63e26477a764f3b27ca3f866cdae1a20158fed1dd472	f2fc7957a9d12b42cf98056a8a0bc6d70ff74b4ed022ce8bac164b020b319cfd	e7e5e1aa1825c01a79dfdde2c269890d32dca52aa077291d541975652261094c	7420786697799170431	0
3	1000	30577	7177fb5936dea79f82446dc7b375bde001008a348249ab4f6fbd3bfc13f7e39c	665f25ef4713bc81ccda63e26477a764f3b27ca3f866cdae1a20158fed1dd472	f2fc7957a9d12b42cf98056a8a0bc6d70ff74b4ed022ce8bac164b020b319cfd	e7e5e1aa1825c01a79dfdde2c269890d32dca52aa077291d541975652261094c	7420786697799170431	0
3	4096	30577	7177fb5936dea79f82446dc7b375bde001008a348249ab4f6fbd3bfc13f7e39c	665f25ef4713bc81ccda63e26477a764f3b27ca3f866cdae1a20158fed1dd472	f2fc7957a9d12b42cf98056a8a0bc6d70ff74b4ed022ce8bac164b020b319cfd	e7e5e1aa1825c01a79dfdde2c269890d32dca52aa077291d541975652261094c	7420786697799170431	0
3	1099511627776	30577	7177fb5936dea79f82446dc7b375bde001008a348249ab4f6fbd3bfc13f7e39c	665f25ef4713bc81ccda63e26477a764f3b27ca3f866cdae1a20158fed1dd472	f2fc7957a9d12b42cf98056a8a0bc6d70ff74b4ed022ce8bac164b020b319cfd	e7e5e1aa1825c01a79dfdde2c269890d32dca52aa077291d541975652261094c	7420786697799170431	0
3	18446744073709551614	30577	7177fb5936dea79f82446dc7b375bde001008a348249ab4f6fbd3bfc13f7e39c	665f25ef4713bc81ccda63e26477a764f3b27ca3f866cdae1a20158fed1dd472	f2fc7957a9d12b42cf98056a8a0bc6d70ff74b4ed022ce8bac164b020b319cfd	e7e5e1aa1825c01a79dfdde2c269890d32dca52aa077291d541975652261094c	7420786697799170431	1
3	18446744073709551615	30577	7177fb5936dea79f82446dc7b375bde001008a348249ab4f6fbd3bfc13f7e39c	665f25ef4713bc81ccda63e26477a764f3b27ca3f866cdae1a20158fed1dd472	f2fc7957a9d12b42cf98056a8a0bc6d70ff74b4ed022ce8bac164b020b319cfd	e7e5e1aa1825c01a79dfdde2c269890d32dca52aa077291d541975652261094c	7420786697799170431	1
3	0	30577	7177fb5936dea79f82446dc7b375bde001008a348249ab4f6fbd3bfc13f7e39c	665f25ef4713bc81ccda63e26477a764f3b27ca3f866cdae1a20158fed1dd472	09f538fc4ce5c286117dabccc00e2e7c4cabd55757cfe7126405c9803d3f4a70	f49046d07781f28be4a0f8e5b4ed6a748e78a00cb55a3088aa86c48e9117c2ad	735896741041222030	0
3	1	30577	7177fb5936dea79f82446dc7b375bde001008a348249ab4f6fbd3bfc13f7e39c	665f25ef4713bc81ccda63e26477a764f3b27ca3f866cdae1a20158fed1dd472	09f538fc4ce5c286117dabccc00e2e7c4cabd55757cfe7126405c9803d3f4a70	f49046d07781f28be4a0f8e5b4ed6a748e78a00cb55a3088aa86c48e9117c2ad	735896741041222030	0
3	2	30577	7177fb5936dea79f82446dc7b375bde001008a348249ab4f6fbd3bfc13f7e39c	665f25ef4713bc81ccda63e26477a764f3b27ca3f866cdae1a20158fed1dd472	09f538fc4ce5c286117dabccc00e2e7c4cabd55757cfe7126405c9803d3f4a70	f49046d07781f28be4a0f8e5b4ed6a748e78a00cb55a3088aa86c48e9117c2ad	735896741041222030	0
3	3	30577	7177fb5936dea79f82446dc7b375bde001008a348249ab4f6fbd3bfc13f7e39c	665f25ef4713bc81ccda63e26477a764f3b27ca3f866cdae1a20158fed1dd472	09f538fc4ce5c286117dabccc00e2e7c4cabd55757cfe7126405c9803d3f4a70	f49046d07781f28be4a0f8e5b4ed6a748e78a00cb55a3088aa86c48e9117c2ad	735896741041222030	0
3	7	30577	7177fb5936dea79f82446dc7b375bde001008a348249ab4f6fbd3bfc13f7e39c	665f25ef4713bc81ccda63e26477a764f3b27ca3f866cdae1a20158fed1dd472	09f538fc4ce5c286117dabccc00e2e7c4cabd55757cfe7126405c9803d3f4a70	f49046d07781f28be4a0f8e5b4ed6a748e78a00cb55a3088aa86c48e9117c2ad	735896741041222030	0
3	8	30577	7177fb5936dea79f82446dc7b375bde001008a348249ab4f6fbd3bfc13f7e39c	665f25ef4713bc81ccda63e26477a764f3b27ca3f866cdae1a20158fed1dd472	09f538fc4ce5c286117dabccc00e2e7c4cabd55757cfe7126405c9803d3f4a70	f49046d07781f28be4a0f8e5b4ed6a748e78a00cb55a3088aa86c48e9117c2ad	735896741041222030	0
3	255	30577	7177fb5936dea79f82446dc7b375bde001008a348249ab4f6fbd3bfc13f7e39c	665f25ef4713bc81ccda63e26477a764f3b27ca3f866cdae1a20158fed1dd472	09f538fc4ce5c286117dabccc00e2e7c4cabd55757cfe7126405c9803d3f4a70	f49046d07781f28be4a0f8e5b4ed6a748e78a00cb55a3088aa86c48e9117c2ad	735896741041222030	0
3	256	30577	7177fb5936dea79f82446dc7b375bde001008a348249ab4f6fbd3bfc13f7e39c	665f25ef4713bc81ccda63e26477a764f3b27ca3f866cdae1a20158fed1dd472	09f538fc4ce5c286117dabccc00e2e7c4cabd55757cfe7126405c9803d3f4a70	f49046d07781f28be4a0f8e5b4ed6a748e78a00cb55a3088aa86c48e9117c2ad	735896741041222030	0
3	1000	30577	7177fb5936dea79f82446dc7b375bde001008a348249ab4f6fbd3bfc13f7e39c	665f25ef4713bc81ccda63e26477a764f3b27ca3f866cdae1a20158fed1dd472	09f538fc4ce5c286117dabccc00e2e7c4cabd55757cfe7126405c9803d3f4a70	f49046d07781f28be4a0f8e5b4ed6a748e78a00cb55a3088aa86c48e9117c2ad	735896741041222030	0
3	4096	30577	7177fb5936dea79f82446dc7b375bde001008a348249ab4f6fbd3bfc13f7e39c	665f25ef4713bc81ccda63e26477a764f3b27ca3f866cdae1a20158fed1dd472	09f538fc4ce5c286117dabccc00e2e7c4cabd55757cfe7126405c9803d3f4a70	f49046d07781f28be4a0f8e5b4ed6a748e78a00cb55a3088aa86c48e9117c2ad	735896741041222030	0
3	1099511627776	30577	7177fb5936dea79f82446dc7b375bde001008a348249ab4f6fbd3bfc13f7e39c	665f25ef4713bc81ccda63e26477a764f3b27ca3f866cdae1a20158fed1dd472	09f538fc4ce5c286117dabccc00e2e7c4cabd55757cfe7126405c9803d3f4a70	f49046d07781f28be4a0f8e5b4ed6a748e78a00cb55a3088aa86c48e9117c2ad	735896741041222030	0
3	18446744073709551614	30577	7177fb5936dea79f82446dc7b375bde001008a348249ab4f6fbd3bfc13f7e39c	665f25ef4713bc81ccda63e26477a764f3b27ca3f866cdae1a20158fed1dd472	09f538fc4ce5c286117dabccc00e2e7c4cabd55757cfe7126405c9803d3f4a70	f49046d07781f28be4a0f8e5b4ed6a748e78a00cb55a3088aa86c48e9117c2ad	735896741041222030	1
3	18446744073709551615	30577	7177fb5936dea79f82446dc7b375bde001008a348249ab4f6fbd3bfc13f7e39c	665f25ef4713bc81ccda63e26477a764f3b27ca3f866cdae1a20158fed1dd472	09f538fc4ce5c286117dabccc00e2e7c4cabd55757cfe7126405c9803d3f4a70	f49046d07781f28be4a0f8e5b4ed6a748e78a00cb55a3088aa86c48e9117c2ad	735896741041222030	1
3	0	30577	7177fb5936dea79f82446dc7b375bde001008a348249ab4f6fbd3bfc13f7e39c	665f25ef4713bc81ccda63e26477a764f3b27ca3f866cdae1a20158fed1dd472	54a8d47ba7a8c663c85f2845a9578d6dc7f3a7dbfd03628d56b81c77795efe9e	48a2f48332040c79f300febf2fa80c9013bbccaf07d748fd3b2fe88644fc4225	626016932871585054	0
3	1	30577	7177fb5936dea79f82446dc7b375bde001008a348249ab4f6fbd3bfc13f7e39c	665f25ef4713bc81ccda63e26477a764f3b27ca3f866cdae1a20158fed1dd472	54a8d47ba7a8c663c85f2845a9578d6dc7f3a7dbfd03628d56b81c77795efe9e	48a2f48332040c79f300febf2fa80c9013bbccaf07d748fd3b2fe88644fc4225	626016932871585054	0
3	2	30577	7177fb5936dea79f82446dc7b375bde001008a348249ab4f6fbd3bfc13f7e39c	665f25ef4713bc81ccda63e26477a764f3b27ca3f866cdae1a20158fed1dd472	54a8d47ba7a8c663c85f2845a9578d6dc7f3a7dbfd03628d56b81c77795efe9e	48a2f48332040c79f300febf2fa80c9013bbccaf07d748fd3b2fe88644fc4225	626016932871585054	0
3	3	30577	7177fb5936dea79f82446dc7b375bde001008a348249ab4f6fbd3bfc13f7e39c	665f25ef4713bc81ccda63e26477a764f3b27ca3f866cdae1a20158fed1dd472	54a8d47ba7a8c663c85f2845a9578d6dc7f3a7dbfd03628d56b81c77795efe9e	48a2f48332040c79f300febf2fa80c9013bbccaf07d748fd3b2fe88644fc4225	626016932871585054	0
3	7	30577	7177fb5936dea79f82446dc7b375bde001008a348249ab4f6fbd3bfc13f7e39c	665f25ef4713bc81ccda63e26477a764f3b27ca3f866cdae1a20158fed1dd472	54a8d47ba7a8c663c85f2845a9578d6dc7f3a7dbfd03628d56b81c77795efe9e	48a2f48332040c79f300febf2fa80c9013bbccaf07d748fd3b2fe88644fc4225	626016932871585054	0
3	8	30577	7177fb5936dea79f82446dc7b375bde001008a348249ab4f6fbd3bfc13f7e39c	665f25ef4713bc81ccda63e26477a764f3b27ca3f866cdae1a20158fed1dd472	54a8d47ba7a8c663c85f2845a9578d6dc7f3a7dbfd03628d56b81c77795efe9e	48a2f48332040c79f300febf2fa80c9013bbccaf07d748fd3b2fe88644fc4225	626016932871585054	0
3	255	30577	7177fb5936dea79f82446dc7b375bde001008a348249ab4f6fbd3bfc13f7e39c	665f25ef4713bc81ccda63e26477a764f3b27ca3f866cdae1a20158fed1dd472	54a8d47ba7a8c663c85f2845a9578d6dc7f3a7dbfd03628d56b81c77795efe9e	48a2f48332040c79f300febf2fa80c9013bbccaf07d748fd3b2fe88644fc4225	626016932871585054	0
3	256	30577	7177fb5936dea79f82446dc7b375bde001008a348249ab4f6fbd3bfc13f7e39c	665f25ef4713bc81ccda63e26477a764f3b27ca3f866cdae1a20158fed1dd472	54a8d47ba7a8c663c85f2845a9578d6dc7f3a7dbfd03628d56b81c77795efe9e	48a2f48332040c79f300febf2fa80c9013bbccaf07d748fd3b2fe88644fc4225	626016932871585054	0
3	1000	30577	7177fb5936dea79f82446dc7b375bde001008a348249ab4f6fbd3bfc13f7e39c	665f25ef4713bc81ccda63e26477a764f3b27ca3f866cdae1a20158fed1dd472	54a8d47ba7a8c663c85f2845a9578d6dc7f3a7dbfd03628d56b81c77795efe9e	48a2f48332040c79f300febf2fa80c9013bbccaf07d748fd3b2fe88644fc4225	626016932871585054	0
3	4096	30577	7177fb5936dea79f82446dc7b375bde001008a348249ab4f6fbd3bfc13f7e39c	665f25ef4713bc81ccda63e26477a764f3b27ca3f866cdae1a20158fed1dd472	54a8d47ba7a8c663c85f2845a9578d6dc7f3a7dbfd03628d56b81c77795efe9e	48a2f48332040c79f300febf2fa80c9013bbccaf07d748fd3b2fe88644fc4225	626016932871585054	0
3	1099511627776	30577	7177fb5936dea79f82446dc7b375bde001008a348249ab4f6fbd3bfc13f7e39c	665f25ef4713bc81ccda63e26477a764f3b27ca3f866cdae1a20158fed1dd472	54a8d47ba7a8c663c85f2845a9578d6dc7f3a7dbfd03628d56b81c77795efe9e	48a2f48332040c79f300febf2fa80c9013bbccaf07d748fd3b2fe88644fc4225	626016932871585054	0
3	18446744073709551614	30577	7177fb5936dea79f82446dc7b375bde001008a348249ab4f6fbd3bfc13f7e39c	665f25ef4713bc81ccda63e26477a764f3b27ca3f866cdae1a20158fed1dd472	54a8d47ba7a8c663c85f2845a9578d6dc7f3a7dbfd03628d56b81c77795efe9e	48a2f48332040c79f300febf2fa80c9013bbccaf07d748fd3b2fe88644fc4225	626016932871585054	1
3	18446744073709551615	30577	7177fb5936dea79f82446dc7b375bde001008a348249ab4f6fbd3bfc13f7e39c	665f25ef4713bc81ccda63e26477a764f3b27ca3f866cdae1a20158fed1dd472	54a8d47ba7a8c663c85f2845a9578d6dc7f3a7dbfd03628d56b81c77795efe9e	48a2f48332040c79f300febf2fa80c9013bbccaf07d748fd3b2fe88644fc4225	626016932871585054	1
3	0	30577	7177fb5936dea79f82446dc7b375bde001008a348249ab4f6fbd3bfc13f7e39c	665f25ef4713bc81ccda63e26477a764f3b27ca3f866cdae1a20158fed1dd472	c5722fc7b3005cb2019b3ca2eeb248344ece0503f7d08094361371b97b6861c9	8c1a6b70a1da52ed544bb17d5e08be12d4f06d99602c8b0f101938b8ad4a9afe	7752602995799735078	0
3	1	30577	7177fb5936dea79f82446dc7b375bde001008a348249ab4f6fbd3bfc13f7e39c	665f25ef4713bc81ccda63e26477a764f3b27ca3f866cdae1a20158fed1dd472	c5722fc7b3005cb2019b3ca2eeb248344ece0503f7d08094361371b97b6861c9	8c1a6b70a1da52ed544bb17d5e08be12d4f06d99602c8b0f101938b8ad4a9afe	7752602995799735078	0
3	2	30577	7177fb5936dea79f82446dc7b375bde001008a348249ab4f6fbd3bfc13f7e39c	665f25ef4713bc81ccda63e26477a764f3b27ca3f866cdae1a20158fed1dd472	c5722fc7b3005cb2019b3ca2eeb248344ece0503f7d08094361371b97b6861c9	8c1a6b70a1da52ed544bb17d5e08be12d4f06d99602c8b0f101938b8ad4a9afe	7752602995799735078	0
3	3	30577	7177fb5936dea79f82446dc7b375bde001008a348249ab4f6fbd3bfc13f7e39c	665f25ef4713bc81ccda63e26477a764f3b27ca3f866cdae1a20158fed1dd472	c5722fc7b3005cb2019b3ca2eeb248344ece0503f7d08094361371b97b6861c9	8c1a6b70a1da52ed544bb17d5e08be12d4f06d99602c8b0f101938b8ad4a9afe	7752602995799735078	0
3	7	30577	7177fb5936dea79f82446dc7b375bde001008a348249ab4f6fbd3bfc13f7e39c	665f25ef4713bc81ccda63e26477a764f3b27ca3f866cdae1a20158fed1dd472	c5722fc7b3005cb2019b3ca2eeb248344ece0503f7d08094361371b97b6861c9	8c1a6b70a1da52ed544bb17d5e08be12d4f06d99602c8b0f101938b8ad4a9afe	7752602995799735078	0
3	8	30577	7177fb5936dea79f82446dc7b375bde001008a348249ab4f6fbd3bfc13f7e39c	665f25ef4713bc81ccda63e26477a764f3b27ca3f866cdae1a20158fed1dd472	c5722fc7b3005cb2019b3ca2eeb248344ece0503f7d08094361371b97b6861c9	8c1a6b70a1da52ed544bb17d5e08be12d4f06d99602c8b0f101938b8ad4a9afe	7752602995799735078	0
3	255	30577	7177fb5936dea79f82446dc7b375bde001008a348249ab4f6fbd3bfc13f7e39c	665f25ef4713bc81ccda63e26477a764f3b27ca3f866cdae1a20158fed1dd472	c5722fc7b3005cb2019b3ca2eeb248344ece0503f7d08094361371b97b6861c9	8c1a6b70a1da52ed544bb17d5e08be12d4f06d99602c8b0f101938b8ad4a9afe	7752602995799735078	0
3	256	30577	7177fb5936dea79f82446dc7b375bde001008a348249ab4f6fbd3bfc13f7e39c	665f25ef4713bc81ccda63e26477a764f3b27ca3f866cdae1a20158fed1dd472	c5722fc7b3005cb2019b3ca2eeb248344ece0503f7d08094361371b97b6861c9	8c1a6b70a1da52ed544bb17d5e08be12d4f06d99602c8b0f101938b8ad4a9afe	7752602995799735078	0
3	1000	30577	7177fb5936dea79f82446dc7b375bde001008a348249ab4f6fbd3bfc13f7e39c	665f25ef4713bc81ccda63e26477a764f3b27ca3f866cdae1a20158fed1dd472	c5722fc7b3005cb2019b3ca2eeb248344ece0503f7d08094361371b97b6861c9	8c1a6b70a1da52ed544bb17d5e08be12d4f06d99602c8b0f101938b8ad4a9afe	7752602995799735078	0
3	4096	30577	7177fb5936dea79f82446dc7b375bde001008a348249ab4f6fbd3bfc13f7e39c	665f25ef4713bc81ccda63e26477a764f3b27ca3f866cdae1a20158fed1dd472	c5722fc7b3005cb2019b3ca2eeb248344ece0503f7d08094361371b97b6861c9	8c1a6b70a1da52ed544bb17d5e08be12d4f06d99602c8b0f101938b8ad4a9afe	7752602995799735078	0
3	1099511627776	30577	7177fb5936dea79f82446dc7b375bde001008a348249ab4f6fbd3bfc13f7e39c	665f25ef4713bc81ccda63e26477a764f3b27ca3f866cdae1a20158fed1dd472	c5722fc7b3005cb2019b3ca2eeb248344ece0503f7d08094361371b97b6861c9	8c1a6b70a1da52ed544bb17d5e08be12d4f06d99602c8b0f101938b8ad4a9afe	7752602995799735078	0
3	18446744073709551614	30577	7177fb5936dea79f82446dc7b375bde001008a348249ab4f6fbd3bfc13f7e39c	665f25ef4713bc81ccda63e26477a764f3b27ca3f866cdae1a20158fed1dd472	c5722fc7b3005cb2019b3ca2eeb248344ece0503f7d08094361371b97b6861c9	8c1a6b70a1da52ed544bb17d5e08be12d4f06d99602c8b0f101938b8ad4a9afe	7752602995799735078	1
3	18446744073709551615	30577	7177fb5936dea79f82446dc7b375bde001008a348249ab4f6fbd3bfc13f7e39c	665f25ef4713bc81ccda63e26477a764f3b27ca3f866cdae1a20158fed1dd472	c5722fc7b3005cb2019b3ca2eeb248344ece0503f7d08094361371b97b6861c9	8c1a6b70a1da52ed544bb17d5e08be12d4f06d99602c8b0f101938b8ad4a9afe	7752602995799735078	1
4	0	29754	3a74be9eecae30d252126b0aaccf7839f02dc67c2bb0b72e473cbf65585d50bb	2d5c60289d632bcc1c8c652f7bcd62bd029f30eb519fd1cf32a19116a6b76755	6fe9ac2cc329cb6a921699a79b3177ad997f70be44bdaeefd0d0f22b93be4e28	8610a35e31b86f73ed207169f8f347f71ae7e967835bf1f247638ffd19032f44	6393892575417027495	0
4	1	29754	3a74be9eecae30d252126b0aaccf7839f02dc67c2bb0b72e473cbf65585d50bb	2d5c60289d632bcc1c8c652f7bcd62bd029f30eb519fd1cf32a19116a6b76755	6fe9ac2cc329cb6a921699a79b3177ad997f70be44bdaeefd0d0f22b93be4e28	8610a35e31b86f73ed207169f8f347f71ae7e967835bf1f247638ffd19032f44	6393892575417027495	0
4	2	29754	3a74be9eecae30d252126b0aaccf7839f02dc67c2bb0b72e473cbf65585d50bb	2d5c60289d632bcc1c8c652f7bcd62bd029f30eb519fd1cf32a19116a6b76755	6fe9ac2cc329cb6a921699a79b3177ad997f70be44bdaeefd0d0f22b93be4e28	8610a35e31b86f73ed207169f8f347f71ae7e967835bf1f247638ffd19032f44	6393892575417027495	0
4	3	29754	3a74be9eecae30d252126b0aaccf7839f02dc67c2bb0b72e473cbf65585d50bb	2d5c60289d632bcc1c8c652f7bcd62bd029f30eb519fd1cf32a19116a6b76755	6fe9ac2cc329cb6a921699a79b3177ad997f70be44bdaeefd0d0f22b93be4e28	8610a35e31b86f73ed207169f8f347f71ae7e967835bf1f247638ffd19032f44	6393892575417027495	0
4	7	29754	3a74be9eecae30d252126b0aaccf7839f02dc67c2bb0b72e473cbf65585d50bb	2d5c60289d632bcc1c8c652f7bcd62bd029f30eb519fd1cf32a19116a6b76755	6fe9ac2cc329cb6a921699a79b3177ad997f70be44bdaeefd0d0f22b93be4e28	8610a35e31b86f73ed207169f8f347f71ae7e967835bf1f247638ffd19032f44	6393892575417027495	0
4	8	29754	3a74be9eecae30d252126b0aaccf7839f02dc67c2bb0b72e473cbf65585d50bb	2d5c60289d632bcc1c8c652f7bcd62bd029f30eb519fd1cf32a19116a6b76755	6fe9ac2cc329cb6a921699a79b3177ad997f70be44bdaeefd0d0f22b93be4e28	8610a35e31b86f73ed207169f8f347f71ae7e967835bf1f247638ffd19032f44	6393892575417027495	0
4	255	29754	3a74be9eecae30d252126b0aaccf7839f02dc67c2bb0b72e473cbf65585d50bb	2d5c60289d632bcc1c8c652f7bcd62bd029f30eb519fd1cf32a19116a6b76755	6fe9ac2cc329cb6a921699a79b3177ad997f70be44bdaeefd0d0f22b93be4e28	8610a35e31b86f73ed207169f8f347f71ae7e967835bf1f247638ffd19032f44	6393892575417027495	0
4	256	29754	3a74be9eecae30d252126b0aaccf7839f02dc67c2bb0b72e473cbf65585d50bb	2d5c60289d632bcc1c8c652f7bcd62bd029f30eb519fd1cf32a19116a6b76755	6fe9ac2cc329cb6a921699a79b3177ad997f70be44bdaeefd0d0f22b93be4e28	8610a35e31b86f73ed207169f8f347f71ae7e967835bf1f247638ffd19032f44	6393892575417027495	0
4	1000	29754	3a74be9eecae30d252126b0aaccf7839f02dc67c2bb0b72e473cbf65585d50bb	2d5c60289d632bcc1c8c652f7bcd62bd029f30eb519fd1cf32a19116a6b76755	6fe9ac2cc329cb6a921699a79b3177ad997f70be44bdaeefd0d0f22b93be4e28	8610a35e31b86f73ed207169f8f347f71ae7e967835bf1f247638ffd19032f44	6393892575417027495	0
4	4096	29754	3a74be9eecae30d252126b0aaccf7839f02dc67c2bb0b72e473cbf65585d50bb	2d5c60289d632bcc1c8c652f7bcd62bd029f30eb519fd1cf32a19116a6b76755	6fe9ac2cc329cb6a921699a79b3177ad997f70be44bdaeefd0d0f22b93be4e28	8610a35e31b86f73ed207169f8f347f71ae7e967835bf1f247638ffd19032f44	6393892575417027495	0
4	1099511627776	29754	3a74be9eecae30d252126b0aaccf7839f02dc67c2bb0b72e473cbf65585d50bb	2d5c60289d632bcc1c8c652f7bcd62bd029f30eb519fd1cf32a19116a6b76755	6fe9ac2cc329cb6a921699a79b3177ad997f70be44bdaeefd0d0f22b93be4e28	8610a35e31b86f73ed207169f8f347f71ae7e967835bf1f247638ffd19032f44	6393892575417027495	0
4	18446744073709551614	29754	3a74be9eecae30d252126b0aaccf7839f02dc67c2bb0b72e473cbf65585d50bb	2d5c60289d632bcc1c8c652f7bcd62bd029f30eb519fd1cf32a19116a6b76755	6fe9ac2cc329cb6a921699a79b3177ad997f70be44bdaeefd0d0f22b93be4e28	8610a35e31b86f73ed207169f8f347f71ae7e967835bf1f247638ffd19032f44	6393892575417027495	1
4	18446744073709551615	29754	3a74be9eecae30d252126b0aaccf7839f02dc67c2bb0b72e473cbf65585d50bb	2d5c60289d632bcc1c8c652f7bcd62bd029f30eb519fd1cf32a19116a6b76755	6fe9ac2cc329cb6a921699a79b3177ad997f70be44bdaeefd0d0f22b93be4e28	8610a35e31b86f73ed207169f8f347f71ae7e967835bf1f247638ffd19032f44	6393892575417027495	1
4	0	29754	3a74be9eecae30d252126b0aaccf7839f02dc67c2bb0b72e473cbf65585d50bb	2d5c60289d632bcc1c8c652f7bcd62bd029f30eb519fd1cf32a19116a6b76755	02950e2da2877b8bd51aa07abe4b6774d007e48cf53454c294ec201df240c94f	df524e55fea0c68c7d5f09ef4b3739b59d00e77645913d101e7c22a9427f26f2	4567989909462321486	0
4	1	29754	3a74be9eecae30d252126b0aaccf7839f02dc67c2bb0b72e473cbf65585d50bb	2d5c60289d632bcc1c8c652f7bcd62bd029f30eb519fd1cf32a19116a6b76755	02950e2da2877b8bd51aa07abe4b6774d007e48cf53454c294ec201df240c94f	df524e55fea0c68c7d5f09ef4b3739b59d00e77645913d101e7c22a9427f26f2	4567989909462321486	0
4	2	29754	3a74be9eecae30d252126b0aaccf7839f02dc67c2bb0b72e473cbf65585d50bb	2d5c60289d632bcc1c8c652f7bcd62bd029f30eb519fd1cf32a19116a6b76755	02950e2da2877b8bd51aa07abe4b6774d007e48cf53454c294ec201df240c94f	df524e55fea0c68c7d5f09ef4b3739b59d00e77645913d101e7c22a9427f26f2	4567989909462321486	0
4	3	29754	3a74be9eecae30d252126b0aaccf7839f02dc67c2bb0b72e473cbf65585d50bb	2d5c60289d632bcc1c8c652f7bcd62bd029f30eb519fd1cf32a19116a6b76755	02950e2da2877b8bd51aa07abe4b6774d007e48cf53454c294ec201df240c94f	df524e55fea0c68c7d5f09ef4b3739b59d00e77645913d101e7c22a9427f26f2	4567989909462321486	0
4	7	29754	3a74be9eecae30d252126b0aaccf7839f02dc67c2bb0b72e473cbf65585d50bb	2d5c60289d632bcc1c8c652f7bcd62bd029f30eb519fd1cf32a19116a6b76755	02950e2da2877b8bd51aa07abe4b6774d007e48cf53454c294ec201df240c94f	df524e55fea0c68c7d5f09ef4b3739b59d00e77645913d101e7c22a9427f26f2	4567989909462321486	0
4	8	29754	3a74be9eecae30d252126b0aaccf7839f02dc67c2bb0b72e473cbf65585d50bb	2d5c60289d632bcc1c8c652f7bcd62bd029f30eb519fd1cf32a19116a6b76755	02950e2da2877b8bd51aa07abe4b6774d007e48cf53454c294ec201df240c94f	df524e55fea0c68c7d5f09ef4b3739b59d00e77645913d101e7c22a9427f26f2	4567989909462321486	0
4	255	29754	3a74be9eecae30d252126b0aaccf7839f02dc67c2bb0b72e473cbf65585d50bb	2d5c60289d632bcc1c8c652f7bcd62bd029f30eb519fd1cf32a19116a6b76755	02950e2da2877b8bd51aa07abe4b6774d007e48cf53454c294ec201df240c94f	df524e55fea0c68c7d5f09ef4b3739b59d00e77645913d101e7c22a9427f26f2	4567989909462321486	0
4	256	29754	3a74be9eecae30d252126b0aaccf7839f02dc67c2bb0b72e473cbf65585d50bb	2d5c60289d632bcc1c8c652f7bcd62bd029f30eb519fd1cf32a19116a6b76755	02950e2da2877b8bd51aa07abe4b6774d007e48cf53454c294ec201df240c94f	df524e55fea0c68c7d5f09ef4b3739b59d00e77645913d101e7c22a9427f26f2	4567989909462321486	0
4	1000	29754	3a74be9eecae30d252126b0aaccf7839f02dc67c2bb0b72e473cbf65585d50bb	2d5c60289d632bcc1c8c652f7bcd62bd029f30eb519fd1cf32a19116a6b76755	02950e2da2877b8bd51aa07abe4b6774d007e48cf53454c294ec201df240c94f	df524e55fea0c68c7d5f09ef4b3739b59d00e77645913d101e7c22a9427f26f2	4567989909462321486	0
4	4096	29754	3a74be9eecae30d252126b0aaccf7839f02dc67c2bb0b72e473cbf65585d50bb	2d5c60289d632bcc1c8c652f7bcd62bd029f30eb519fd1cf32a19116a6b76755	02950e2da2877b8bd51aa07abe4b6774d007e48cf53454c294ec201df240c94f	df524e55fea0c68c7d5f09ef4b3739b59d00e77645913d101e7c22a9427f26f2	4567989909462321486	0
4	1099511627776	29754	3a74be9eecae30d252126b0aaccf7839f02dc67c2bb0b72e473cbf65585d50bb	2d5c60289d632bcc1c8c652f7bcd62bd029f30eb519fd1cf32a19116a6b76755	02950e2da2877b8bd51aa07abe4b6774d007e48cf53454c294ec201df240c94f	df524e55fea0c68c7d5f09ef4b3739b59d00e77645913d101e7c22a9427f26f2	4567989909462321486	0
4	18446744073709551614	29754	3a74be9eecae30d252126b0aaccf7839f02dc67c2bb0b72e473cbf65585d50bb	2d5c60289d632bcc1c8c652f7bcd62bd029f30eb519fd1cf32a19116a6b76755	02950e2da2877b8bd51aa07abe4b6774d007e48cf53454c294ec201df240c94f	df524e55fea0c68c7d5f09ef4b3739b59d00e77645913d101e7c22a9427f26f2	4567989909462321486	1
4	18446744073709551615	29754	3a74be9eecae30d252126b0aaccf7839f02dc67c2bb0b72e473cbf65585d50bb	2d5c60289d632bcc1c8c652f7bcd62bd029f30eb519fd1cf32a19116a6b76755	02950e2da2877b8bd51aa07abe4b6774d007e48cf53454c294ec201df240c94f	df524e55fea0c68c7d5f09ef4b3739b59d00e77645913d101e7c22a9427f26f2	4567989909462321486	1
4	0	29754	3a74be9eecae30d252126b0aaccf7839f02dc67c2bb0b72e473cbf65585d50bb	2d5c60289d632bcc1c8c652f7bcd62bd029f30eb519fd1cf32a19116a6b76755	337365c40f1826a50274d5eda531e8e994e6189ef3db456186e9f3941ded018b	c430ae7cd73779106d638f9089b5961285bec2336153b7cc3f072bd8e5210007	4921823314773398679	0
4	1	29754	3a74be9eecae30d252126b0aaccf7839f02dc67c2bb0b72e473cbf65585d50bb	2d5c60289d632bcc1c8c652f7bcd62bd029f30eb519fd1cf32a19116a6b76755	337365c40f1826a50274d5eda531e8e994e6189ef3db456186e9f3941ded018b	c430ae7cd73779106d638f9089b5961285bec2336153b7cc3f072bd8e5210007	4921823314773398679	0
4	2	29754	3a74be9eecae30d252126b0aaccf7839f02dc67c2bb0b72e473cbf65585d50bb	2d5c60289d632bcc1c8c652f7bcd62bd029f30eb519fd1cf32a19116a6b76755	337365c40f1826a50274d5eda531e8e994e6189ef3db456186e9f3941ded018b	c430ae7cd73779106d638f9089b5961285bec2336153b7cc3f072bd8e5210007	4921823314773398679	0
4	3	29754	3a74be9eecae30d252126b0aaccf7839f02dc67c2bb0b72e473cbf65585d50bb	2d5c60289d632bcc1c8c652f7bcd62bd029f30eb519fd1cf32a19116a6b76755	337365c40f1826a50274d5eda531e8e994e6189ef3db456186e9f3941ded018b	c430ae7cd73779106d638f9089b5961285bec2336153b7cc3f072bd8e5210007	4921823314773398679	0
4	7	29754	3a74be9eecae30d252126b0aaccf7839f02dc67c2bb0b72e473cbf65585d50bb	2d5c60289d632bcc1c8c652f7bcd62bd029f30eb519fd1cf32a19116a6b76755	337365c40f1826a50274d5eda531e8e994e6189ef3db456186e9f3941ded018b	c430ae7cd73779106d638f9089b5961285bec2336153b7cc3f072bd8e5210007	4921823314773398679	0
4	8	29754	3a74be9eecae30d252126b0aaccf7839f02dc67c2bb0b72e473cbf65585d50bb	2d5c60289d632bcc1c8c652f7bcd62bd029f30eb519fd1cf32a19116a6b76755	337365c40f1826a50274d5eda531e8e994e6189ef3db456186e9f3941ded018b	c430ae7cd73779106d638f9089b5961285bec2336153b7cc3f072bd8e5210007	4921823314773398679	0
4	255	29754	3a74be9eecae30d252126b0aaccf7839f02dc67c2bb0b72e473cbf65585d50bb	2d5c60289d632bcc1c8c652f7bcd62bd029f30eb519fd1cf32a19116a6b76755	337365c40f1826a50274d5eda531e8e994e6189ef3db456186e9f3941ded018b	c430ae7cd73779106d638f9089b5961285bec2336153b7cc3f072bd8e5210007	4921823314773398679	0
4	256	29754	3a74be9eecae30d252126b0aaccf7839f02dc67c2bb0b72e473cbf65585d50bb	2d5c60289d632bcc1c8c652f7bcd62bd029f30eb519fd1cf32a19116a6b76755	337365c40f1826a50274d5eda531e8e994e6189ef3db456186e9f3941ded018b	c430ae7cd73779106d638f9089b5961285bec2336153b7cc3f072bd8e5210007	4921823314773398679	0
4	1000	29754	3a74be9eecae30d252126b0aaccf7839f02dc67c2bb0b72e473cbf65585d50bb	2d5c60289d632bcc1c8c652f7bcd62bd029f30eb519fd1cf32a19116a6b76755	337365c40f1826a50274d5eda531e8e994e6189ef3db456186e9f3941ded018b	c430ae7cd73779106d638f9089b5961285bec2336153b7cc3f072bd8e5210007	4921823314773398679	0
4	4096	29754	3a74be9eecae30d252126b0aaccf7839f02dc67c2bb0b72e473cbf65585d50bb	2d5c60289d632bcc1c8c652f7bcd62bd029f30eb519fd1cf32a19116a6b76755	337365c40f1826a50274d5eda531e8e994e6189ef3db456186e9f3941ded018b	c430ae7cd73779106d638f9089b5961285bec2336153b7cc3f072bd8e5210007	4921823314773398679	0
4	1099511627776	29754	3a74be9eecae30d252126b0aaccf7839f02dc67c2bb0b72e473cbf65585d50bb	2d5c60289d632bcc1c8c652f7bcd62bd029f30eb519fd1cf32a19116a6b76755	337365c40f1826a50274d5eda531e8e994e6189ef3db456186e9f3941ded018b	c430ae7cd73779106d638f9089b5961285bec2336153b7cc3f072bd8e5210007	4921823314773398679	0
4	18446744073709551614	29754	3a74be9eecae30d252126b0aaccf7839f02dc67c2bb0b72e473cbf65585d50bb	2d5c60289d632bcc1c8c652f7bcd62bd029f30eb519fd1cf32a19116a6b76755	337365c40f1826a50274d5eda531e8e994e6189ef3db456186e9f3941ded018b	c430ae7cd73779106d638f9089b5961285bec2336153b7cc3f072bd8e5210007	4921823314773398679	1
4	18446744073709551615	29754	3a74be9eecae30d252126b0aaccf7839f02dc67c2bb0b72e473cbf65585d50bb	2d5c60289d632bcc1c8c652f7bcd62bd029f30eb519fd1cf32a19116a6b76755	337365c40f1826a50274d5eda531e8e994e6189ef3db456186e9f3941ded018b	c430ae7cd73779106d638f9089b5961285bec2336153b7cc3f072bd8e5210007	4921823314773398679	1
4	0	29754	3a74be9eecae30d252126b0aaccf7839f02dc67c2bb0b72e473cbf65585d50bb	2d5c60289d632bcc1c8c652f7bcd62bd029f30eb519fd1cf32a19116a6b76755	565e8318efde2119be12e283418461ddc5aa7f5624e32c376a33d953ed3c81e5	03ae2df490351c8f6dfea4cdef8abe00eb11df91c6e8686167fce9819d9acb6b	4399785990914485802	0
4	1	29754	3a74be9eecae30d252126b0aaccf7839f02dc67c2bb0b72e473cbf65585d50bb	2d5c60289d632bcc1c8c652f7bcd62bd029f30eb519fd1cf32a19116a6b76755	565e8318efde2119be12e283418461ddc5aa7f5624e32c376a33d953ed3c81e5	03ae2df490351c8f6dfea4cdef8abe00eb11df91c6e8686167fce9819d9acb6b	4399785990914485802	0
4	2	29754	3a74be9eecae30d252126b0aaccf7839f02dc67c2bb0b72e473cbf65585d50bb	2d5c60289d632bcc1c8c652f7bcd62bd029f30eb519fd1cf32a19116a6b76755	565e8318efde2119be12e283418461ddc5aa7f5624e32c376a33d953ed3c81e5	03ae2df490351c8f6dfea4cdef8abe00eb11df91c6e8686167fce9819d9acb6b	4399785990914485802	0
4	3	29754	3a74be9eecae30d252126b0aaccf7839f02dc67c2bb0b72e473cbf65585d50bb	2d5c60289d632bcc1c8c652f7bcd62bd029f30eb519fd1cf32a19116a6b76755	565e8318efde2119be12e283418461ddc5aa7f5624e32c376a33d953ed3c81e5	03ae2df490351c8f6dfea4cdef8abe00eb11df91c6e8686167fce9819d9acb6b	4399785990914485802	0
4	7	29754	3a74be9eecae30d252126b0aaccf7839f02dc67c2bb0b72e473cbf65585d50bb	2d5c60289d632bcc1c8c652f7bcd62bd029f30eb519fd1cf32a19116a6b76755	565e8318efde2119be12e283418461ddc5aa7f5624e32c376a33d953ed3c81e5	03ae2df490351c8f6dfea4cdef8abe00eb11df91c6e8686167fce9819d9acb6b	4399785990914485802	0
4	8	29754	3a74be9eecae30d252126b0aaccf7839f02dc67c2bb0b72e473cbf65585d50bb	2d5c60289d632bcc1c8c652f7bcd62bd029f30eb519fd1cf32a19116a6b76755	565e8318efde2119be12e283418461ddc5aa7f5624e32c376a33d953ed3c81e5	03ae2df490351c8f6dfea4cdef8abe00eb11df91c6e8686167fce9819d9acb6b	4399785990914485802	0
4	255	29754	3a74be9eecae30d252126b0aaccf7839f02dc67c2bb0b72e473cbf65585d50bb	2d5c60289d632bcc1c8c652f7bcd62bd029f30eb519fd1cf32a19116a6b76755	565e8318efde2119be12e283418461ddc5aa7f5624e32c376a33d953ed3c81e5	03ae2df490351c8f6dfea4cdef8abe00eb11df91c6e8686167fce9819d9acb6b	4399785990914485802	0
4	256	29754	3a74be9eecae30d252126b0aaccf7839f02dc67c2bb0b72e473cbf65585d50bb	2d5c60289d632bcc1c8c652f7bcd62bd029f30eb519fd1cf32a19116a6b76755	565e8318efde2119be12e283418461ddc5aa7f5624e32c376a33d953ed3c81e5	03ae2df490351c8f6dfea4cdef8abe00eb11df91c6e8686167fce9819d9acb6b	4399785990914485802	0
4	1000	29754	3a74be9eecae30d252126b0aaccf7839f02dc67c2bb0b72e473cbf65585d50bb	2d5c60289d632bcc1c8c652f7bcd62bd029f30eb519fd1cf32a19116a6b76755	565e8318efde2119be12e283418461ddc5aa7f5624e32c376a33d953ed3c81e5	03ae2df490351c8f6dfea4cdef8abe00eb11df91c6e8686167fce9819d9acb6b	4399785990914485802	0
4	4096	29754	3a74be9eecae30d252126b0aaccf7839f02dc67c2bb0b72e473cbf65585d50bb	2d5c60289d632bcc1c8c652f7bcd62bd029f30eb519fd1cf32a19116a6b76755	565e8318efde2119be12e283418461ddc5aa7f5624e32c376a33d953ed3c81e5	03ae2df490351c8f6dfea4cdef8abe00eb11df91c6e8686167fce9819d9acb6b	4399785990914485802	0
4	1099511627776	29754	3a74be9eecae30d252126b0aaccf7839f02dc67c2bb0b72e473cbf65585d50bb	2d5c60289d632bcc1c8c652f7bcd62bd029f30eb519fd1cf32a19116a6b76755	565e8318efde2119be12e283418461ddc5aa7f5624e32c376a33d953ed3c81e5	03ae2df490351c8f6dfea4cdef8abe00eb11df91c6e8686167fce9819d9acb6b	4399785990914485802	0
4	18446744073709551614	29754	3a74be9eecae30d252126b0aaccf7839f02dc67c2bb0b72e473cbf65585d50bb	2d5c60289d632bcc1c8c652f7bcd62bd029f30eb519fd1cf32a19116a6b76755	565e8318efde2119be12e283418461ddc5aa7f5624e32c376a33d953ed3c81e5	03ae2df490351c8f6dfea4cdef8abe00eb11df91c6e8686167fce9819d9acb6b	4399785990914485802	1
4	18446744073709551615	29754	3a74be9eecae30d252126b0aaccf7839f02dc67c2bb0b72e473cbf65585d50bb	2d5c60289d632bcc1c8c652f7bcd62bd029f30eb519fd1cf32a19116a6b76755	565e8318efde2119be12e283418461ddc5aa7f5624e32c376a33d953ed3c81e5	03ae2df490351c8f6dfea4cdef8abe00eb11df91c6e8686167fce9819d9acb6b	4399785990914485802	1
5	0	20987	fb5102736be512abb7856bd4b91f4a7f2e9cb44cb1a3141d62ba8a87b8627337	ec79dcc51a2809b5f91b65f16e1d50fbdc2e42dbcb8c72fc1727a4f4468844d9	b63fa6119c6c9b691e95739942b0b94e539bb7af720dc52774d7420a8557fd77	267c3bd4335995fd80642b5578839c62447e774c8e5ad8fd93ac52de54deec38	5227607251155354170	0
5	1	20987	fb5102736be512abb7856bd4b91f4a7f2e9cb44cb1a3141d62ba8a87b8627337	ec79dcc51a2809b5f91b65f16e1d50fbdc2e42dbcb8c72fc1727a4f4468844d9	b63fa6119c6c9b691e95739942b0b94e539bb7af720dc52774d7420a8557fd77	267c3bd4335995fd80642b5578839c62447e774c8e5ad8fd93ac52de54deec38	5227607251155354170	0
5	2	20987	fb5102736be512abb7856bd4b91f4a7f2e9cb44cb1a3141d62ba8a87b8627337	ec79dcc51a2809b5f91b65f16e1d50fbdc2e42dbcb8c72fc1727a4f4468844d9	b63fa6119c6c9b691e95739942b0b94e539bb7af720dc52774d7420a8557fd77	267c3bd4335995fd80642b5578839c62447e774c8e5ad8fd93ac52de54deec38	5227607251155354170	0
5	3	20987	fb5102736be512abb7856bd4b91f4a7f2e9cb44cb1a3141d62ba8a87b8627337	ec79dcc51a2809b5f91b65f16e1d50fbdc2e42dbcb8c72fc1727a4f4468844d9	b63fa6119c6c9b691e95739942b0b94e539bb7af720dc52774d7420a8557fd77	267c3bd4335995fd80642b5578839c62447e774c8e5ad8fd93ac52de54deec38	5227607251155354170	0
5	7	20987	fb5102736be512abb7856bd4b91f4a7f2e9cb44cb1a3141d62ba8a87b8627337	ec79dcc51a2809b5f91b65f16e1d50fbdc2e42dbcb8c72fc1727a4f4468844d9	b63fa6119c6c9b691e95739942b0b94e539bb7af720dc52774d7420a8557fd77	267c3bd4335995fd80642b5578839c62447e774c8e5ad8fd93ac52de54deec38	5227607251155354170	0
5	8	20987	fb5102736be512abb7856bd4b91f4a7f2e9cb44cb1a3141d62ba8a87b8627337	ec79dcc51a2809b5f91b65f16e1d50fbdc2e42dbcb8c72fc1727a4f4468844d9	b63fa6119c6c9b691e95739942b0b94e539bb7af720dc52774d7420a8557fd77	267c3bd4335995fd80642b5578839c62447e774c8e5ad8fd93ac52de54deec38	5227607251155354170	0
5	255	20987	fb5102736be512abb7856bd4b91f4a7f2e9cb44cb1a3141d62ba8a87b8627337	ec79dcc51a2809b5f91b65f16e1d50fbdc2e42dbcb8c72fc1727a4f4468844d9	b63fa6119c6c9b691e95739942b0b94e539bb7af720dc52774d7420a8557fd77	267c3bd4335995fd80642b5578839c62447e774c8e5ad8fd93ac52de54deec38	5227607251155354170	0
5	256	20987	fb5102736be512abb7856bd4b91f4a7f2e9cb44cb1a3141d62ba8a87b8627337	ec79dcc51a2809b5f91b65f16e1d50fbdc2e42dbcb8c72fc1727a4f4468844d9	b63fa6119c6c9b691e95739942b0b94e539bb7af720dc52774d7420a8557fd77	267c3bd4335995fd80642b5578839c62447e774c8e5ad8fd93ac52de54deec38	5227607251155354170	0
5	1000	20987	fb5102736be512abb7856bd4b91f4a7f2e9cb44cb1a3141d62ba8a87b8627337	ec79dcc51a2809b5f91b65f16e1d50fbdc2e42dbcb8c72fc1727a4f4468844d9	b63fa6119c6c9b691e95739942b0b94e539bb7af720dc52774d7420a8557fd77	267c3bd4335995fd80642b5578839c62447e774c8e5ad8fd93ac52de54deec38	5227607251155354170	0
5	4096	20987	fb5102736be512abb7856bd4b91f4a7f2e9cb44cb1a3141d62ba8a87b8627337	ec79dcc51a2809b5f91b65f16e1d50fbdc2e42dbcb8c72fc1727a4f4468844d9	b63fa6119c6c9b691e95739942b0b94e539bb7af720dc52774d7420a8557fd77	267c3bd4335995fd80642b5578839c62447e774c8e5ad8fd93ac52de54deec38	5227607251155354170	0
5	1099511627776	20987	fb5102736be512abb7856bd4b91f4a7f2e9cb44cb1a3141d62ba8a87b8627337	ec79dcc51a2809b5f91b65f16e1d50fbdc2e42dbcb8c72fc1727a4f4468844d9	b63fa6119c6c9b691e95739942b0b94e539bb7af720dc52774d7420a8557fd77	267c3bd4335995fd80642b5578839c62447e774c8e5ad8fd93ac52de54deec38	5227607251155354170	0
5	18446744073709551614	20987	fb5102736be512abb7856bd4b91f4a7f2e9cb44cb1a3141d62ba8a87b8627337	ec79dcc51a2809b5f91b65f16e1d50fbdc2e42dbcb8c72fc1727a4f4468844d9	b63fa6119c6c9b691e95739942b0b94e539bb7af720dc52774d7420a8557fd77	267c3bd4335995fd80642b5578839c62447e774c8e5ad8fd93ac52de54deec38	5227607251155354170	1
5	18446744073709551615	20987	fb5102736be512abb7856bd4b91f4a7f2e9cb44cb1a3141d62ba8a87b8627337	ec79dcc51a2809b5f91b65f16e1d50fbdc2e42dbcb8c72fc1727a4f4468844d9	b63fa6119c6c9b691e95739942b0b94e539bb7af720dc52774d7420a8557fd77	267c3bd4335995fd80642b5578839c62447e774c8e5ad8fd93ac52de54deec38	5227607251155354170	1
5	0	20987	fb5102736be512abb7856bd4b91f4a7f2e9cb44cb1a3141d62ba8a87b8627337	ec79dcc51a2809b5f91b65f16e1d50fbdc2e42dbcb8c72fc1727a4f4468844d9	cef0fe597782bdc84911fc4b14c74c34cbf6f704ee64d59ade20437cc9d03f06	b7a0063427514ee75e905e1f984a2372b08271ffe5421e447ce5bd2fc1c4edfa	3622346608654034635	0
5	1	20987	fb5102736be512abb7856bd4b91f4a7f2e9cb44cb1a3141d62ba8a87b8627337	ec79dcc51a2809b5f91b65f16e1d50fbdc2e42dbcb8c72fc1727a4f4468844d9	cef0fe597782bdc84911fc4b14c74c34cbf6f704ee64d59ade20437cc9d03f06	b7a0063427514ee75e905e1f984a2372b08271ffe5421e447ce5bd2fc1c4edfa	3622346608654034635	0
5	2	20987	fb5102736be512abb7856bd4b91f4a7f2e9cb44cb1a3141d62ba8a87b8627337	ec79dcc51a2809b5f91b65f16e1d50fbdc2e42dbcb8c72fc1727a4f4468844d9	cef0fe597782bdc84911fc4b14c74c34cbf6f704ee64d59ade20437cc9d03f06	b7a0063427514ee75e905e1f984a2372b08271ffe5421e447ce5bd2fc1c4edfa	3622346608654034635	0
5	3	20987	fb5102736be512abb7856bd4b91f4a7f2e9cb44cb1a3141d62ba8a87b8627337	ec79dcc51a2809b5f91b65f16e1d50fbdc2e42dbcb8c72fc1727a4f4468844d9	cef0fe597782bdc84911fc4b14c74c34cbf6f704ee64d59ade20437cc9d03f06	b7a0063427514ee75e905e1f984a2372b08271ffe5421e447ce5bd2fc1c4edfa	3622346608654034635	0
5	7	20987	fb5102736be512abb7856bd4b91f4a7f2e9cb44cb1a3141d62ba8a87b8627337	ec79dcc51a2809b5f91b65f16e1d50fbdc2e42dbcb8c72fc1727a4f4468844d9	cef0fe597782bdc84911fc4b14c74c34cbf6f704ee64d59ade20437cc9d03f06	b7a0063427514ee75e905e1f984a2372b08271ffe5421e447ce5bd2fc1c4edfa	3622346608654034635	0
5	8	20987	fb5102736be512abb7856bd4b91f4a7f2e9cb44cb1a3141d62ba8a87b8627337	ec79dcc51a2809b5f91b65f16e1d50fbdc2e42dbcb8c72fc1727a4f4468844d9	cef0fe597782bdc84911fc4b14c74c34cbf6f704ee64d59ade20437cc9d03f06	b7a0063427514ee75e905e1f984a2372b08271ffe5421e447ce5bd2fc1c4edfa	3622346608654034635	0
5	255	20987	fb5102736be512abb7856bd4b91f4a7f2e9cb44cb1a3141d62ba8a87b8627337	ec79dcc51a2809b5f91b65f16e1d50fbdc2e42dbcb8c72fc1727a4f4468844d9	cef0fe597782bdc84911fc4b14c74c34cbf6f704ee64d59ade20437cc9d03f06	b7a0063427514ee75e905e1f984a2372b08271ffe5421e447ce5bd2fc1c4edfa	3622346608654034635	0
5	256	20987	fb5102736be512abb7856bd4b91f4a7f2e9cb44cb1a3141d62ba8a87b8627337	ec79dcc51a2809b5f91b65f16e1d50fbdc2e42dbcb8c72fc1727a4f4468844d9	cef0fe597782bdc84911fc4b14c74c34cbf6f704ee64d59ade20437cc9d03f06	b7a0063427514ee75e905e1f984a2372b08271ffe5421e447ce5bd2fc1c4edfa	3622346608654034635	0
5	1000	20987	fb5102736be512abb7856bd4b91f4a7f2e9cb44cb1a3141d62ba8a87b8627337	ec79dcc51a2809b5f91b65f16e1d50fbdc2e42dbcb8c72fc1727a4f4468844d9	cef0fe597782bdc84911fc4b14c74c34cbf6f704ee64d59ade20437cc9d03f06	b7a0063427514ee75e905e1f984a2372b08271ffe5421e447ce5bd2fc1c4edfa	3622346608654034635	0
5	4096	20987	fb5102736be512abb7856bd4b91f4a7f2e9cb44cb1a3141d62ba8a87b8627337	ec79dcc51a2809b5f91b65f16e1d50fbdc2e42dbcb8c72fc1727a4f4468844d9	cef0fe597782bdc84911fc4b14c74c34cbf6f704ee64d59ade20437cc9d03f06	b7a0063427514ee75e905e1f984a2372b08271ffe5421e447ce5bd2fc1c4edfa	3622346608654034635	0
5	1099511627776	20987	fb5102736be512abb7856bd4b91f4a7f2e9cb44cb1a3141d62ba8a87b8627337	ec79dcc51a2809b5f91b65f16e1d50fbdc2e42dbcb8c72fc1727a4f4468844d9	cef0fe597782bdc84911fc4b14c74c34cbf6f704ee64d59ade20437cc9d03f06	b7a0063427514ee75e905e1f984a2372b08271ffe5421e447ce5bd2fc1c4edfa	3622346608654034635	0
5	18446744073709551614	20987	fb5102736be512abb7856bd4b91f4a7f2e9cb44cb1a3141d62ba8a87b8627337	ec79dcc51a2809b5f91b65f16e1d50fbdc2e42dbcb8c72fc1727a4f4468844d9	cef0fe597782bdc84911fc4b14c74c34cbf6f704ee64d59ade20437cc9d03f06	b7a0063427514ee75e905e1f984a2372b08271ffe5421e447ce5bd2fc1c4edfa	3622346608654034635	1
5	18446744073709551615	20987	fb5102736be512abb7856bd4b91f4a7f2e9cb44cb1a3141d62ba8a87b8627337	ec79dcc51a2809b5f91b65f16e1d50fbdc2e42dbcb8c72fc1727a4f4468844d9	cef0fe597782bdc84911fc4b14c74c34cbf6f704ee64d59ade20437cc9d03f06	b7a0063427514ee75e905e1f984a2372b08271ffe5421e447ce5bd2fc1c4edfa	3622346608654034635	1
5	0	20987	fb5102736be512abb7856bd4b91f4a7f2e9cb44cb1a3141d62ba8a87b8627337	ec79dcc51a2809b5f91b65f16e1d50fbdc2e42dbcb8c72fc1727a4f4468844d9	dce29f530c4de22034ccd838609a2c33c380c0bdf44bdc1f31825282cb7f87b7	c4e052f0f28146143a5b2b10825e7fd16e97dd43d1305b0b699fe6cf1d64fe98	6862740192142714584	0
5	1	20987	fb5102736be512abb7856bd4b91f4a7f2e9cb44cb1a3141d62ba8a87b8627337	ec79dcc51a2809b5f91b65f16e1d50fbdc2e42dbcb8c72fc1727a4f4468844d9	dce29f530c4de22034ccd838609a2c33c380c0bdf44bdc1f31825282cb7f87b7	c4e052f0f28146143a5b2b10825e7fd16e97dd43d1305b0b699fe6cf1d64fe98	6862740192142714584	0
5	2	20987	fb5102736be512abb7856bd4b91f4a7f2e9cb44cb1a3141d62ba8a87b8627337	ec79dcc51a2809b5f91b65f16e1d50fbdc2e42dbcb8c72fc1727a4f4468844d9	dce29f530c4de22034ccd838609a2c33c380c0bdf44bdc1f31825282cb7f87b7	c4e052f0f28146143a5b2b10825e7fd16e97dd43d1305b0b699fe6cf1d64fe98	6862740192142714584	0
5	3	20987	fb5102736be512abb7856bd4b91f4a7f2e9cb44cb1a3141d62ba8a87b8627337	ec79dcc51a2809b5f91b65f16e1d50fbdc2e42dbcb8c72fc1727a4f4468844d9	dce29f530c4de22034ccd838609a2c33c380c0bdf44bdc1f31825282cb7f87b7	c4e052f0f28146143a5b2b10825e7fd16e97dd43d1305b0b699fe6cf1d64fe98	6862740192142714584	0
5	7	20987	fb5102736be512abb7856bd4b91f4a7f2e9cb44cb1a3141d62ba8a87b8627337	ec79dcc51a2809b5f91b65f16e1d50fbdc2e42dbcb8c72fc1727a4f4468844d9	dce29f530c4de22034ccd838609a2c33c380c0bdf44bdc1f31825282cb7f87b7	c4e052f0f28146143a5b2b10825e7fd16e97dd43d1305b0b699fe6cf1d64fe98	6862740192142714584	0
5	8	20987	fb5102736be512abb7856bd4b91f4a7f2e9cb44cb1a3141d62ba8a87b8627337	ec79dcc51a2809b5f91b65f16e1d50fbdc2e42dbcb8c72fc1727a4f4468844d9	dce29f530c4de22034ccd838609a2c33c380c0bdf44bdc1f31825282cb7f87b7	c4e052f0f28146143a5b2b10825e7fd16e97dd43d1305b0b699fe6cf1d64fe98	6862740192142714584	0
5	255	20987	fb5102736be512abb7856bd4b91f4a7f2e9cb44cb1a3141d62ba8a87b8627337	ec79dcc51a2809b5f91b65f16e1d50fbdc2e42dbcb8c72fc1727a4f4468844d9	dce29f530c4de22034ccd838609a2c33c380c0bdf44bdc1f31825282cb7f87b7	c4e052f0f28146143a5b2b10825e7fd16e97dd43d1305b0b699fe6cf1d64fe98	6862740192142714584	0
5	256	20987	fb5102736be512abb7856bd4b91f4a7f2e9cb44cb1a3141d62ba8a87b8627337	ec79dcc51a2809b5f91b65f16e1d50fbdc2e42dbcb8c72fc1727a4f4468844d9	dce29f530c4de22034ccd838609a2c33c380c0bdf44bdc1f31825282cb7f87b7	c4e052f0f28146143a5b2b10825e7fd16e97dd43d1305b0b699fe6cf1d64fe98	6862740192142714584	0
5	1000	20987	fb5102736be512abb7856bd4b91f4a7f2e9cb44cb1a3141d62ba8a87b8627337	ec79dcc51a2809b5f91b65f16e1d50fbdc2e42dbcb8c72fc1727a4f4468844d9	dce29f530c4de22034ccd838609a2c33c380c0bdf44bdc1f31825282cb7f87b7	c4e052f0f28146143a5b2b10825e7fd16e97dd43d1305b0b699fe6cf1d64fe98	6862740192142714584	0
5	4096	20987	fb5102736be512abb7856bd4b91f4a7f2e9cb44cb1a3141d62ba8a87b8627337	ec79dcc51a2809b5f91b65f16e1d50fbdc2e42dbcb8c72fc1727a4f4468844d9	dce29f530c4de22034ccd838609a2c33c380c0bdf44bdc1f31825282cb7f87b7	c4e052f0f28146143a5b2b10825e7fd16e97dd43d1305b0b699fe6cf1d64fe98	6862740192142714584	0
5	1099511627776	20987	fb5102736be512abb7856bd4b91f4a7f2e9cb44cb1a3141d62ba8a87b8627337	ec79dcc51a2809b5f91b65f16e1d50fbdc2e42dbcb8c72fc1727a4f4468844d9	dce29f530c4de22034ccd838609a2c33c380c0bdf44bdc1f31825282cb7f87b7	c4e052f0f28146143a5b2b10825e7fd16e97dd43d1305b0b699fe6cf1d64fe98	6862740192142714584	0
5	18446744073709551614	20987	fb5102736be512abb7856bd4b91f4a7f2e9cb44cb1a3141d62ba8a87b8627337	ec79dcc51a2809b5f91b65f16e1d50fbdc2e42dbcb8c72fc1727a4f4468844d9	dce29f530c4de22034ccd838609a2c33c380c0bdf44bdc1f31825282cb7f87b7	c4e052f0f28146143a5b2b10825e7fd16e97dd43d1305b0b699fe6cf1d64fe98	6862740192142714584	1
5	18446744073709551615	20987	fb5102736be512abb7856bd4b91f4a7f2e9cb44cb1a3141d62ba8a87b8627337	ec79dcc51a2809b5f91b65f16e1d50fbdc2e42dbcb8c72fc1727a4f4468844d9	dce29f530c4de22034ccd838609a2c33c380c0bdf44bdc1f31825282cb7f87b7	c4e052f0f28146143a5b2b10825e7fd16e97dd43d1305b0b699fe6cf1d64fe98	6862740192142714584	1
5	0	20987	fb5102736be512abb7856bd4b91f4a7f2e9cb44cb1a3141d62ba8a87b8627337	ec79dcc51a2809b5f91b65f16e1d50fbdc2e42dbcb8c72fc1727a4f4468844d9	17bc4ebc9e2788b4bb636294fd84231040015d1ed9959c7c6fcdaad75787fc88	b36cfffa009e0670710200d4b34579864e7d79c6bb8b35e164adca1eae7f3c85	4972688781952748857	0
5	1	20987	fb5102736be512abb7856bd4b91f4a7f2e9cb44cb1a3141d62ba8a87b8627337	ec79dcc51a2809b5f91b65f16e1d50fbdc2e42dbcb8c72fc1727a4f4468844d9	17bc4ebc9e2788b4bb636294fd84231040015d1ed9959c7c6fcdaad75787fc88	b36cfffa009e0670710200d4b34579864e7d79c6bb8b35e164adca1eae7f3c85	4972688781952748857	0
5	2	20987	fb5102736be512abb7856bd4b91f4a7f2e9cb44cb1a3141d62ba8a87b8627337	ec79dcc51a2809b5f91b65f16e1d50fbdc2e42dbcb8c72fc1727a4f4468844d9	17bc4ebc9e2788b4bb636294fd84231040015d1ed9959c7c6fcdaad75787fc88	b36cfffa009e0670710200d4b34579864e7d79c6bb8b35e164adca1eae7f3c85	4972688781952748857	0
5	3	20987	fb5102736be512abb7856bd4b91f4a7f2e9cb44cb1a3141d62ba8a87b8627337	ec79dcc51a2809b5f91b65f16e1d50fbdc2e42dbcb8c72fc1727a4f4468844d9	17bc4ebc9e2788b4bb636294fd84231040015d1ed9959c7c6fcdaad75787fc88	b36cfffa009e0670710200d4b34579864e7d79c6bb8b35e164adca1eae7f3c85	4972688781952748857	0
5	7	20987	fb5102736be512abb7856bd4b91f4a7f2e9cb44cb1a3141d62ba8a87b8627337	ec79dcc51a2809b5f91b65f16e1d50fbdc2e42dbcb8c72fc1727a4f4468844d9	17bc4ebc9e2788b4bb636294fd84231040015d1ed9959c7c6fcdaad75787fc88	b36cfffa009e0670710200d4b34579864e7d79c6bb8b35e164adca1eae7f3c85	4972688781952748857	0
5	8	20987	fb5102736be512abb7856bd4b91f4a7f2e9cb44cb1a3141d62ba8a87b8627337	ec79dcc51a2809b5f91b65f16e1d50fbdc2e42dbcb8c72fc1727a4f4468844d9	17bc4ebc9e2788b4bb636294fd84231040015d1ed9959c7c6fcdaad75787fc88	b36cfffa009e0670710200d4b34579864e7d79c6bb8b35e164adca1eae7f3c85	4972688781952748857	0
5	255	20987	fb5102736be512abb7856bd4b91f4a7f2e9cb44cb1a3141d62ba8a87b8627337	ec79dcc51a2809b5f91b65f16e1d50fbdc2e42dbcb8c72fc1727a4f4468844d9	17bc4ebc9e2788b4bb636294fd84231040015d1ed9959c7c6fcdaad75787fc88	b36cfffa009e0670710200d4b34579864e7d79c6bb8b35e164adca1eae7f3c85	4972688781952748857	0
5	256	20987	fb5102736be512abb7856bd4b91f4a7f2e9cb44cb1a3141d62ba8a87b8627337	ec79dcc51a2809b5f91b65f16e1d50fbdc2e42dbcb8c72fc1727a4f4468844d9	17bc4ebc9e2788b4bb636294fd84231040015d1ed9959c7c6fcdaad75787fc88	b36cfffa009e0670710200d4b34579864e7d79c6bb8b35e164adca1eae7f3c85	4972688781952748857	0
5	1000	20987	fb5102736be512abb7856bd4b91f4a7f2e9cb44cb1a3141d62ba8a87b8627337	ec79dcc51a2809b5f91b65f16e1d50fbdc2e42dbcb8c72fc1727a4f4468844d9	17bc4ebc9e2788b4bb636294fd84231040015d1ed9959c7c6fcdaad75787fc88	b36cfffa009e0670710200d4b34579864e7d79c6bb8b35e164adca1eae7f3c85	4972688781952748857	0
5	4096	20987	fb5102736be512abb7856bd4b91f4a7f2e9cb44cb1a3141d62ba8a87b8627337	ec79dcc51a2809b5f91b65f16e1d50fbdc2e42dbcb8c72fc1727a4f4468844d9	17bc4ebc9e2788b4bb636294fd84231040015d1ed9959c7c6fcdaad75787fc88	b36cfffa009e0670710200d4b34579864e7d79c6bb8b35e164adca1eae7f3c85	4972688781952748857	0
5	1099511627776	20987	fb5102736be512abb7856bd4b91f4a7f2e9cb44cb1a3141d62ba8a87b8627337	ec79dcc51a2809b5f91b65f16e1d50fbdc2e42dbcb8c72fc1727a4f4468844d9	17bc4ebc9e2788b4bb636294fd84231040015d1ed9959c7c6fcdaad75787fc88	b36cfffa009e0670710200d4b34579864e7d79c6bb8b35e164adca1eae7f3c85	4972688781952748857	0
5	18446744073709551614	20987	fb5102736be512abb7856bd4b91f4a7f2e9cb44cb1a3141d62ba8a87b8627337	ec79dcc51a2809b5f91b65f16e1d50fbdc2e42dbcb8c72fc1727a4f4468844d9	17bc4ebc9e2788b4bb636294fd84231040015d1ed9959c7c6fcdaad75787fc88	b36cfffa009e0670710200d4b34579864e7d79c6bb8b35e164adca1eae7f3c85	4972688781952748857	1
5	18446744073709551615	20987	fb5102736be512abb7856bd4b91f4a7f2e9cb44cb1a3141d62ba8a87b8627337	ec79dcc51a2809b5f91b65f16e1d50fbdc2e42dbcb8c72fc1727a4f4468844d9	17bc4ebc9e2788b4bb636294fd84231040015d1ed9959c7c6fcdaad75787fc88	b36cfffa009e0670710200d4b34579864e7d79c6bb8b35e164adca1eae7f3c85	4972688781952748857	1
6	0	22705	b1585427f1a3dae17947568b3424144465d040a5c3db807f0adc434e9dadc946	68dd96c71a2775f048918b32a68032282e3834206623613f3ebb13ccb428499b	30e2fd781200d81401a8fc1f2a7ab3979570a3d381d675a062826b504f9d3214	0630f97be7fc9f03a2e34b4d43eaa882119a753521dee393b7756f07c715fccf	1381151310918865566	0
6	1	22705	b1585427f1a3dae17947568b3424144465d040a5c3db807f0adc434e9dadc946	68dd96c71a2775f048918b32a68032282e3834206623613f3ebb13ccb428499b	30e2fd781200d81401a8fc1f2a7ab3979570a3d381d675a062826b504f9d3214	0630f97be7fc9f03a2e34b4d43eaa882119a753521dee393b7756f07c715fccf	1381151310918865566	0
6	2	22705	b1585427f1a3dae17947568b3424144465d040a5c3db807f0adc434e9dadc946	68dd96c71a2775f048918b32a68032282e3834206623613f3ebb13ccb428499b	30e2fd781200d81401a8fc1f2a7ab3979570a3d381d675a062826b504f9d3214	0630f97be7fc9f03a2e34b4d43eaa882119a753521dee393b7756f07c715fccf	1381151310918865566	0
6	3	22705	b1585427f1a3dae17947568b3424144465d040a5c3db807f0adc434e9dadc946	68dd96c71a2775f048918b32a68032282e3834206623613f3ebb13ccb428499b	30e2fd781200d81401a8fc1f2a7ab3979570a3d381d675a062826b504f9d3214	0630f97be7fc9f03a2e34b4d43eaa882119a753521dee393b7756f07c715fccf	1381151310918865566	0
6	7	22705	b1585427f1a3dae17947568b3424144465d040a5c3db807f0adc434e9dadc946	68dd96c71a2775f048918b32a68032282e3834206623613f3ebb13ccb428499b	30e2fd781200d81401a8fc1f2a7ab3979570a3d381d675a062826b504f9d3214	0630f97be7fc9f03a2e34b4d43eaa882119a753521dee393b7756f07c715fccf	1381151310918865566	0
6	8	22705	b1585427f1a3dae17947568b3424144465d040a5c3db807f0adc434e9dadc946	68dd96c71a2775f048918b32a68032282e3834206623613f3ebb13ccb428499b	30e2fd781200d81401a8fc1f2a7ab3979570a3d381d675a062826b504f9d3214	0630f97be7fc9f03a2e34b4d43eaa882119a753521dee393b7756f07c715fccf	1381151310918865566	0
6	255	22705	b1585427f1a3dae17947568b3424144465d040a5c3db807f0adc434e9dadc946	68dd96c71a2775f048918b32a68032282e3834206623613f3ebb13ccb428499b	30e2fd781200d81401a8fc1f2a7ab3979570a3d381d675a062826b504f9d3214	0630f97be7fc9f03a2e34b4d43eaa882119a753521dee393b7756f07c715fccf	1381151310918865566	0
6	256	22705	b1585427f1a3dae17947568b3424144465d040a5c3db807f0adc434e9dadc946	68dd96c71a2775f048918b32a68032282e3834206623613f3ebb13ccb428499b	30e2fd781200d81401a8fc1f2a7ab3979570a3d381d675a062826b504f9d3214	0630f97be7fc9f03a2e34b4d43eaa882119a753521dee393b7756f07c715fccf	1381151310918865566	0
6	1000	22705	b1585427f1a3dae17947568b3424144465d040a5c3db807f0adc434e9dadc946	68dd96c71a2775f048918b32a68032282e3834206623613f3ebb13ccb428499b	30e2fd781200d81401a8fc1f2a7ab3979570a3d381d675a062826b504f9d3214	0630f97be7fc9f03a2e34b4d43eaa882119a753521dee393b7756f07c715fccf	1381151310918865566	0
6	4096	22705	b1585427f1a3dae17947568b3424144465d040a5c3db807f0adc434e9dadc946	68dd96c71a2775f048918b32a68032282e3834206623613f3ebb13ccb428499b	30e2fd781200d81401a8fc1f2a7ab3979570a3d381d675a062826b504f9d3214	0630f97be7fc9f03a2e34b4d43eaa882119a753521dee393b7756f07c715fccf	1381151310918865566	0
6	1099511627776	22705	b1585427f1a3dae17947568b3424144465d040a5c3db807f0adc434e9dadc946	68dd96c71a2775f048918b32a68032282e3834206623613f3ebb13ccb428499b	30e2fd781200d81401a8fc1f2a7ab3979570a3d381d675a062826b504f9d3214	0630f97be7fc9f03a2e34b4d43eaa882119a753521dee393b7756f07c715fccf	1381151310918865566	0
6	18446744073709551614	22705	b1585427f1a3dae17947568b3424144465d040a5c3db807f0adc434e9dadc946	68dd96c71a2775f048918b32a68032282e3834206623613f3ebb13ccb428499b	30e2fd781200d81401a8fc1f2a7ab3979570a3d381d675a062826b504f9d3214	0630f97be7fc9f03a2e34b4d43eaa882119a753521dee393b7756f07c715fccf	1381151310918865566	1
6	18446744073709551615	22705	b1585427f1a3dae17947568b3424144465d040a5c3db807f0adc434e9dadc946	68dd96c71a2775f048918b32a68032282e3834206623613f3ebb13ccb428499b	30e2fd781200d81401a8fc1f2a7ab3979570a3d381d675a062826b504f9d3214	0630f97be7fc9f03a2e34b4d43eaa882119a753521dee393b7756f07c715fccf	1381151310918865566	1
6	0	22705	b1585427f1a3dae17947568b3424144465d040a5c3db807f0adc434e9dadc946	68dd96c71a2775f048918b32a68032282e3834206623613f3ebb13ccb428499b	369d9a27b0fed9dd62474ebe90b0a857871d664750ed7928d4c70e338f016941	c37c852e091578b848e78e2d69d4f554b80fa43d0dd4c7c44e1ab6bb7305e145	4034400707985629349	0
6	1	22705	b1585427f1a3dae17947568b3424144465d040a5c3db807f0adc434e9dadc946	68dd96c71a2775f048918b32a68032282e3834206623613f3ebb13ccb428499b	369d9a27b0fed9dd62474ebe90b0a857871d664750ed7928d4c70e338f016941	c37c852e091578b848e78e2d69d4f554b80fa43d0dd4c7c44e1ab6bb7305e145	4034400707985629349	0
6	2	22705	b1585427f1a3dae17947568b3424144465d040a5c3db807f0adc434e9dadc946	68dd96c71a2775f048918b32a68032282e3834206623613f3ebb13ccb428499b	369d9a27b0fed9dd62474ebe90b0a857871d664750ed7928d4c70e338f016941	c37c852e091578b848e78e2d69d4f554b80fa43d0dd4c7c44e1ab6bb7305e145	4034400707985629349	0
6	3	22705	b1585427f1a3dae17947568b3424144465d040a5c3db807f0adc434e9dadc946	68dd96c71a2775f048918b32a68032282e3834206623613f3ebb13ccb428499b	369d9a27b0fed9dd62474ebe90b0a857871d664750ed7928d4c70e338f016941	c37c852e091578b848e78e2d69d4f554b80fa43d0dd4c7c44e1ab6bb7305e145	4034400707985629349	0
6	7	22705	b1585427f1a3dae17947568b3424144465d040a5c3db807f0adc434e9dadc946	68dd96c71a2775f048918b32a68032282e3834206623613f3ebb13ccb428499b	369d9a27b0fed9dd62474ebe90b0a857871d664750ed7928d4c70e338f016941	c37c852e091578b848e78e2d69d4f554b80fa43d0dd4c7c44e1ab6bb7305e145	4034400707985629349	0
6	8	22705	b1585427f1a3dae17947568b3424144465d040a5c3db807f0adc434e9dadc946	68dd96c71a2775f048918b32a68032282e3834206623613f3ebb13ccb428499b	369d9a27b0fed9dd62474ebe90b0a857871d664750ed7928d4c70e338f016941	c37c852e091578b848e78e2d69d4f554b80fa43d0dd4c7c44e1ab6bb7305e145	4034400707985629349	0
6	255	22705	b1585427f1a3dae17947568b3424144465d040a5c3db807f0adc434e9dadc946	68dd96c71a2775f048918b32a68032282e3834206623613f3ebb13ccb428499b	369d9a27b0fed9dd62474ebe90b0a857871d664750ed7928d4c70e338f016941	c37c852e091578b848e78e2d69d4f554b80fa43d0dd4c7c44e1ab6bb7305e145	4034400707985629349	0
6	256	22705	b1585427f1a3dae17947568b3424144465d040a5c3db807f0adc434e9dadc946	68dd96c71a2775f048918b32a68032282e3834206623613f3ebb13ccb428499b	369d9a27b0fed9dd62474ebe90b0a857871d664750ed7928d4c70e338f016941	c37c852e091578b848e78e2d69d4f554b80fa43d0dd4c7c44e1ab6bb7305e145	4034400707985629349	0
6	1000	22705	b1585427f1a3dae17947568b3424144465d040a5c3db807f0adc434e9dadc946	68dd96c71a2775f048918b32a68032282e3834206623613f3ebb13ccb428499b	369d9a27b0fed9dd62474ebe90b0a857871d664750ed7928d4c70e338f016941	c37c852e091578b848e78e2d69d4f554b80fa43d0dd4c7c44e1ab6bb7305e145	4034400707985629349	0
6	4096	22705	b1585427f1a3dae17947568b3424144465d040a5c3db807f0adc434e9dadc946	68dd96c71a2775f048918b32a68032282e3834206623613f3ebb13ccb428499b	369d9a27b0fed9dd62474ebe90b0a857871d664750ed7928d4c70e338f016941	c37c852e091578b848e78e2d69d4f554b80fa43d0dd4c7c44e1ab6bb7305e145	4034400707985629349	0
6	1099511627776	22705	b1585427f1a3dae17947568b3424144465d040a5c3db807f0adc434e9dadc946	68dd96c71a2775f048918b32a68032282e3834206623613f3ebb13ccb428499b	369d9a27b0fed9dd62474ebe90b0a857871d664750ed7928d4c70e338f016941	c37c852e091578b848e78e2d69d4f554b80fa43d0dd4c7c44e1ab6bb7305e145	4034400707985629349	0
6	18446744073709551614	22705	b1585427f1a3dae17947568b3424144465d040a5c3db807f0adc434e9dadc946	68dd96c71a2775f048918b32a68032282e3834206623613f3ebb13ccb428499b	369d9a27b0fed9dd62474ebe90b0a857871d664750ed7928d4c70e338f016941	c37c852e091578b848e78e2d69d4f554b80fa43d0dd4c7c44e1ab6bb7305e145	4034400707985629349	1
6	18446744073709551615	22705	b1585427f1a3dae17947568b3424144465d040a5c3db807f0adc434e9dadc946	68dd96c71a2775f048918b32a68032282e3834206623613f3ebb13ccb428499b	369d9a27b0fed9dd62474ebe90b0a857871d664750ed7928d4c70e338f016941	c37c852e091578b848e78e2d69d4f554b80fa43d0dd4c7c44e1ab6bb7305e145	4034400707985629349	1
6	0	22705	b1585427f1a3dae17947568b3424144465d040a5c3db807f0adc434e9dadc946	68dd96c71a2775f048918b32a68032282e3834206623613f3ebb13ccb428499b	9da9d8de8c645b7c58a339d6aa806e368c182e89ad222fe4b784184b10f17791	df778828303f5aa706393c7093d212f8ff81aad435c51ab7868bc49b3edd7d20	5267777709040100745	0
6	1	22705	b1585427f1a3dae17947568b3424144465d040a5c3db807f0adc434e9dadc946	68dd96c71a2775f048918b32a68032282e3834206623613f3ebb13ccb428499b	9da9d8de8c645b7c58a339d6aa806e368c182e89ad222fe4b784184b10f17791	df778828303f5aa706393c7093d212f8ff81aad435c51ab7868bc49b3edd7d20	5267777709040100745	0
6	2	22705	b1585427f1a3dae17947568b3424144465d040a5c3db807f0adc434e9dadc946	68dd96c71a2775f048918b32a68032282e3834206623613f3ebb13ccb428499b	9da9d8de8c645b7c58a339d6aa806e368c182e89ad222fe4b784184b10f17791	df778828303f5aa706393c7093d212f8ff81aad435c51ab7868bc49b3edd7d20	5267777709040100745	0
6	3	22705	b1585427f1a3dae17947568b3424144465d040a5c3db807f0adc434e9dadc946	68dd96c71a2775f048918b32a68032282e3834206623613f3ebb13ccb428499b	9da9d8de8c645b7c58a339d6aa806e368c182e89ad222fe4b784184b10f17791	df778828303f5aa706393c7093d212f8ff81aad435c51ab7868bc49b3edd7d20	5267777709040100745	0
6	7	22705	b1585427f1a3dae17947568b3424144465d040a5c3db807f0adc434e9dadc946	68dd96c71a2775f048918b32a68032282e3834206623613f3ebb13ccb428499b	9da9d8de8c645b7c58a339d6aa806e368c182e89ad222fe4b784184b10f17791	df778828303f5aa706393c7093d212f8ff81aad435c51ab7868bc49b3edd7d20	5267777709040100745	0
6	8	22705	b1585427f1a3dae17947568b3424144465d040a5c3db807f0adc434e9dadc946	68dd96c71a2775f048918b32a68032282e3834206623613f3ebb13ccb428499b	9da9d8de8c645b7c58a339d6aa806e368c182e89ad222fe4b784184b10f17791	df778828303f5aa706393c7093d212f8ff81aad435c51ab7868bc49b3edd7d20	5267777709040100745	0
6	255	22705	b1585427f1a3dae17947568b3424144465d040a5c3db807f0adc434e9dadc946	68dd96c71a2775f048918b32a68032282e3834206623613f3ebb13ccb428499b	9da9d8de8c645b7c58a339d6aa806e368c182e89ad222fe4b784184b10f17791	df778828303f5aa706393c7093d212f8ff81aad435c51ab7868bc49b3edd7d20	5267777709040100745	0
6	256	22705	b1585427f1a3dae17947568b3424144465d040a5c3db807f0adc434e9dadc946	68dd96c71a2775f048918b32a68032282e3834206623613f3ebb13ccb428499b	9da9d8de8c645b7c58a339d6aa806e368c182e89ad222fe4b784184b10f17791	df778828303f5aa706393c7093d212f8ff81aad435c51ab7868bc49b3edd7d20	5267777709040100745	0
6	1000	22705	b1585427f1a3dae17947568b3424144465d040a5c3db807f0adc434e9dadc946	68dd96c71a2775f048918b32a68032282e3834206623613f3ebb13ccb428499b	9da9d8de8c645b7c58a339d6aa806e368c182e89ad222fe4b784184b10f17791	df778828303f5aa706393c7093d212f8ff81aad435c51ab7868bc49b3edd7d20	5267777709040100745	0
6	4096	22705	b1585427f1a3dae17947568b3424144465d040a5c3db807f0adc434e9dadc946	68dd96c71a2775f048918b32a68032282e3834206623613f3ebb13ccb428499b	9da9d8de8c645b7c58a339d6aa806e368c182e89ad222fe4b784184b10f17791	df778828303f5aa706393c7093d212f8ff81aad435c51ab7868bc49b3edd7d20	5267777709040100745	0
6	1099511627776	22705	b1585427f1a3dae17947568b3424144465d040a5c3db807f0adc434e9dadc946	68dd96c71a2775f048918b32a68032282e3834206623613f3ebb13ccb428499b	9da9d8de8c645b7c58a339d6aa806e368c182e89ad222fe4b784184b10f17791	df778828303f5aa706393c7093d212f8ff81aad435c51ab7868bc49b3edd7d20	5267777709040100745	0
6	18446744073709551614	22705	b1585427f1a3dae17947568b3424144465d040a5c3db807f0adc434e9dadc946	68dd96c71a2775f048918b32a68032282e3834206623613f3ebb13ccb428499b	9da9d8de8c645b7c58a339d6aa806e368c182e89ad222fe4b784184b10f17791	df778828303f5aa706393c7093d212f8ff81aad435c51ab7868bc49b3edd7d20	5267777709040100745	1
6	18446744073709551615	22705	b1585427f1a3dae17947568b3424144465d040a5c3db807f0adc434e9dadc946	68dd96c71a2775f048918b32a68032282e3834206623613f3ebb13ccb428499b	9da9d8de8c645b7c58a339d6aa806e368c182e89ad222fe4b784184b10f17791	df778828303f5aa706393c7093d212f8ff81aad435c51ab7868bc49b3edd7d20	5267777709040100745	1
6	0	22705	b1585427f1a3dae17947568b3424144465d040a5c3db807f0adc434e9dadc946	68dd96c71a2775f048918b32a68032282e3834206623613f3ebb13ccb428499b	205bbdd15df9216f91ab40c15f0ad830ec402dd4f7788fcf2a3afb3f1b77d191	2bbfed442c670a595a458a809210e9a771cc3d99d7df688d99a5a5f12c7dd715	7535999995335860675	0
6	1	22705	b1585427f1a3dae17947568b3424144465d040a5c3db807f0adc434e9dadc946	68dd96c71a2775f048918b32a68032282e3834206623613f3ebb13ccb428499b	205bbdd15df9216f91ab40c15f0ad830ec402dd4f7788fcf2a3afb3f1b77d191	2bbfed442c670a595a458a809210e9a771cc3d99d7df688d99a5a5f12c7dd715	7535999995335860675	0
6	2	22705	b1585427f1a3dae17947568b3424144465d040a5c3db807f0adc434e9dadc946	68dd96c71a2775f048918b32a68032282e3834206623613f3ebb13ccb428499b	205bbdd15df9216f91ab40c15f0ad830ec402dd4f7788fcf2a3afb3f1b77d191	2bbfed442c670a595a458a809210e9a771cc3d99d7df688d99a5a5f12c7dd715	7535999995335860675	0
6	3	22705	b1585427f1a3dae17947568b3424144465d040a5c3db807f0adc434e9dadc946	68dd96c71a2775f048918b32a68032282e3834206623613f3ebb13ccb428499b	205bbdd15df9216f91ab40c15f0ad830ec402dd4f7788fcf2a3afb3f1b77d191	2bbfed442c670a595a458a809210e9a771cc3d99d7df688d99a5a5f12c7dd715	7535999995335860675	0
6	7	22705	b1585427f1a3dae17947568b3424144465d040a5c3db807f0adc434e9dadc946	68dd96c71a2775f048918b32a68032282e3834206623613f3ebb13ccb428499b	205bbdd15df9216f91ab40c15f0ad830ec402dd4f7788fcf2a3afb3f1b77d191	2bbfed442c670a595a458a809210e9a771cc3d99d7df688d99a5a5f12c7dd715	7535999995335860675	0
6	8	22705	b1585427f1a3dae17947568b3424144465d040a5c3db807f0adc434e9dadc946	68dd96c71a2775f048918b32a68032282e3834206623613f3ebb13ccb428499b	205bbdd15df9216f91ab40c15f0ad830ec402dd4f7788fcf2a3afb3f1b77d191	2bbfed442c670a595a458a809210e9a771cc3d99d7df688d99a5a5f12c7dd715	7535999995335860675	0
6	255	22705	b1585427f1a3dae17947568b3424144465d040a5c3db807f0adc434e9dadc946	68dd96c71a2775f048918b32a68032282e3834206623613f3ebb13ccb428499b	205bbdd15df9216f91ab40c15f0ad830ec402dd4f7788fcf2a3afb3f1b77d191	2bbfed442c670a595a458a809210e9a771cc3d99d7df688d99a5a5f12c7dd715	7535999995335860675	0
6	256	22705	b1585427f1a3dae17947568b3424144465d040a5c3db807f0adc434e9dadc946	68dd96c71a2775f048918b32a68032282e3834206623613f3ebb13ccb428499b	205bbdd15df9216f91ab40c15f0ad830ec402dd4f7788fcf2a3afb3f1b77d191	2bbfed442c670a595a458a809210e9a771cc3d99d7df688d99a5a5f12c7dd715	7535999995335860675	0
6	1000	22705	b1585427f1a3dae17947568b3424144465d040a5c3db807f0adc434e9dadc946	68dd96c71a2775f048918b32a68032282e3834206623613f3ebb13ccb428499b	205bbdd15df9216f91ab40c15f0ad830ec402dd4f7788fcf2a3afb3f1b77d191	2bbfed442c670a595a458a809210e9a771cc3d99d7df688d99a5a5f12c7dd715	7535999995335860675	0
6	4096	22705	b1585427f1a3dae17947568b3424144465d040a5c3db807f0adc434e9dadc946	68dd96c71a2775f048918b32a68032282e3834206623613f3ebb13ccb428499b	205bbdd15df9216f91ab40c15f0ad830ec402dd4f7788fcf2a3afb3f1b77d191	2bbfed442c670a595a458a809210e9a771cc3d99d7df688d99a5a5f12c7dd715	7535999995335860675	0
6	1099511627776	22705	b1585427f1a3dae17947568b3424144465d040a5c3db807f0adc434e9dadc946	68dd96c71a2775f048918b32a68032282e3834206623613f3ebb13ccb428499b	205bbdd15df9216f91ab40c15f0ad830ec402dd4f7788fcf2a3afb3f1b77d191	2bbfed442c670a595a458a809210e9a771cc3d99d7df688d99a5a5f12c7dd715	7535999995335860675	0
6	18446744073709551614	22705	b1585427f1a3dae17947568b3424144465d040a5c3db807f0adc434e9dadc946	68dd96c71a2775f048918b32a68032282e3834206623613f3ebb13ccb428499b	205bbdd15df9216f91ab40c15f0ad830ec402dd4f7788fcf2a3afb3f1b77d191	2bbfed442c670a595a458a809210e9a771cc3d99d7df688d99a5a5f12c7dd715	7535999995335860675	1
6	18446744073709551615	22705	b1585427f1a3dae17947568b3424144465d040a5c3db807f0adc434e9dadc946	68dd96c71a2775f048918b32a68032282e3834206623613f3ebb13ccb428499b	205bbdd15df9216f91ab40c15f0ad830ec402dd4f7788fcf2a3afb3f1b77d191	2bbfed442c670a595a458a809210e9a771cc3d99d7df688d99a5a5f12c7dd715	7535999995335860675	1
7	0	23183	8f5a373fc2215d14bfd8c5e573b809af8f698b1481e5253520c1685d9268b6d4	56dff5df29a5f2058e0e185ce11c2fc3c481ff91241dc47514a638dfbbed3609	6562a22843e0ef7f35d2e430d5114000c3ed5628fa1afdc9ce736deffd64563c	18004bb60a62020dc302f74e77d4e8c010d85d6d39314c9049fcc597482ea636	508832956770754754	0
7	1	23183	8f5a373fc2215d14bfd8c5e573b809af8f698b1481e5253520c1685d9268b6d4	56dff5df29a5f2058e0e185ce11c2fc3c481ff91241dc47514a638dfbbed3609	6562a22843e0ef7f35d2e430d5114000c3ed5628fa1afdc9ce736deffd64563c	18004bb60a62020dc302f74e77d4e8c010d85d6d39314c9049fcc597482ea636	508832956770754754	0
7	2	23183	8f5a373fc2215d14bfd8c5e573b809af8f698b1481e5253520c1685d9268b6d4	56dff5df29a5f2058e0e185ce11c2fc3c481ff91241dc47514a638dfbbed3609	6562a22843e0ef7f35d2e430d5114000c3ed5628fa1afdc9ce736deffd64563c	18004bb60a62020dc302f74e77d4e8c010d85d6d39314c9049fcc597482ea636	508832956770754754	0
7	3	23183	8f5a373fc2215d14bfd8c5e573b809af8f698b1481e5253520c1685d9268b6d4	56dff5df29a5f2058e0e185ce11c2fc3c481ff91241dc47514a638dfbbed3609	6562a22843e0ef7f35d2e430d5114000c3ed5628fa1afdc9ce736deffd64563c	18004bb60a62020dc302f74e77d4e8c010d85d6d39314c9049fcc597482ea636	508832956770754754	0
7	7	23183	8f5a373fc2215d14bfd8c5e573b809af8f698b1481e5253520c1685d9268b6d4	56dff5df29a5f2058e0e185ce11c2fc3c481ff91241dc47514a638dfbbed3609	6562a22843e0ef7f35d2e430d5114000c3ed5628fa1afdc9ce736deffd64563c	18004bb60a62020dc302f74e77d4e8c010d85d6d39314c9049fcc597482ea636	508832956770754754	0
7	8	23183	8f5a373fc2215d14bfd8c5e573b809af8f698b1481e5253520c1685d9268b6d4	56dff5df29a5f2058e0e185ce11c2fc3c481ff91241dc47514a638dfbbed3609	6562a22843e0ef7f35d2e430d5114000c3ed5628fa1afdc9ce736deffd64563c	18004bb60a62020dc302f74e77d4e8c010d85d6d39314c9049fcc597482ea636	508832956770754754	0
7	255	23183	8f5a373fc2215d14bfd8c5e573b809af8f698b1481e5253520c1685d9268b6d4	56dff5df29a5f2058e0e185ce11c2fc3c481ff91241dc47514a638dfbbed3609	6562a22843e0ef7f35d2e430d5114000c3ed5628fa1afdc9ce736deffd64563c	18004bb60a62020dc302f74e77d4e8c010d85d6d39314c9049fcc597482ea636	508832956770754754	0
7	256	23183	8f5a373fc2215d14bfd8c5e573b809af8f698b1481e5253520c1685d9268b6d4	56dff5df29a5f2058e0e185ce11c2fc3c481ff91241dc47514a638dfbbed3609	6562a22843e0ef7f35d2e430d5114000c3ed5628fa1afdc9ce736deffd64563c	18004bb60a62020dc302f74e77d4e8c010d85d6d39314c9049fcc597482ea636	508832956770754754	0
7	1000	23183	8f5a373fc2215d14bfd8c5e573b809af8f698b1481e5253520c1685d9268b6d4	56dff5df29a5f2058e0e185ce11c2fc3c481ff91241dc47514a638dfbbed3609	6562a22843e0ef7f35d2e430d5114000c3ed5628fa1afdc9ce736deffd64563c	18004bb60a62020dc302f74e77d4e8c010d85d6d39314c9049fcc597482ea636	508832956770754754	0
7	4096	23183	8f5a373fc2215d14bfd8c5e573b809af8f698b1481e5253520c1685d9268b6d4	56dff5df29a5f2058e0e185ce11c2fc3c481ff91241dc47514a638dfbbed3609	6562a22843e0ef7f35d2e430d5114000c3ed5628fa1afdc9ce736deffd64563c	18004bb60a62020dc302f74e77d4e8c010d85d6d39314c9049fcc597482ea636	508832956770754754	0
7	1099511627776	23183	8f5a373fc2215d14bfd8c5e573b809af8f698b1481e5253520c1685d9268b6d4	56dff5df29a5f2058e0e185ce11c2fc3c481ff91241dc47514a638dfbbed3609	6562a22843e0ef7f35d2e430d5114000c3ed5628fa1afdc9ce736deffd64563c	18004bb60a62020dc302f74e77d4e8c010d85d6d39314c9049fcc597482ea636	508832956770754754	0
7	18446744073709551614	23183	8f5a373fc2215d14bfd8c5e573b809af8f698b1481e5253520c1685d9268b6d4	56dff5df29a5f2058e0e185ce11c2fc3c481ff91241dc47514a638dfbbed3609	6562a22843e0ef7f35d2e430d5114000c3ed5628fa1afdc9ce736deffd64563c	18004bb60a62020dc302f74e77d4e8c010d85d6d39314c9049fcc597482ea636	508832956770754754	1
7	18446744073709551615	23183	8f5a373fc2215d14bfd8c5e573b809af8f698b1481e5253520c1685d9268b6d4	56dff5df29a5f2058e0e185ce11c2fc3c481ff91241dc47514a638dfbbed3609	6562a22843e0ef7f35d2e430d5114000c3ed5628fa1afdc9ce736deffd64563c	18004bb60a62020dc302f74e77d4e8c010d85d6d39314c9049fcc597482ea636	508832956770754754	1
7	0	23183	8f5a373fc2215d14bfd8c5e573b809af8f698b1481e5253520c1685d9268b6d4	56dff5df29a5f2058e0e185ce11c2fc3c481ff91241dc47514a638dfbbed3609	967108f90786e712f67a5568ccbf410e95ec7f5bbbc67f2f7585cb6f9956abf5	e12156ca727b2aca2fed1693387ec9f452ba34741620b57f0c14673c3a2710ef	4307738909898423669	0
7	1	23183	8f5a373fc2215d14bfd8c5e573b809af8f698b1481e5253520c1685d9268b6d4	56dff5df29a5f2058e0e185ce11c2fc3c481ff91241dc47514a638dfbbed3609	967108f90786e712f67a5568ccbf410e95ec7f5bbbc67f2f7585cb6f9956abf5	e12156ca727b2aca2fed1693387ec9f452ba34741620b57f0c14673c3a2710ef	4307738909898423669	0
7	2	23183	8f5a373fc2215d14bfd8c5e573b809af8f698b1481e5253520c1685d9268b6d4	56dff5df29a5f2058e0e185ce11c2fc3c481ff91241dc47514a638dfbbed3609	967108f90786e712f67a5568ccbf410e95ec7f5bbbc67f2f7585cb6f9956abf5	e12156ca727b2aca2fed1693387ec9f452ba34741620b57f0c14673c3a2710ef	4307738909898423669	0
7	3	23183	8f5a373fc2215d14bfd8c5e573b809af8f698b1481e5253520c1685d9268b6d4	56dff5df29a5f2058e0e185ce11c2fc3c481ff91241dc47514a638dfbbed3609	967108f90786e712f67a5568ccbf410e95ec7f5bbbc67f2f7585cb6f9956abf5	e12156ca727b2aca2fed1693387ec9f452ba34741620b57f0c14673c3a2710ef	4307738909898423669	0
7	7	23183	8f5a373fc2215d14bfd8c5e573b809af8f698b1481e5253520c1685d9268b6d4	56dff5df29a5f2058e0e185ce11c2fc3c481ff91241dc47514a638dfbbed3609	967108f90786e712f67a5568ccbf410e95ec7f5bbbc67f2f7585cb6f9956abf5	e12156ca727b2aca2fed1693387ec9f452ba34741620b57f0c14673c3a2710ef	4307738909898423669	0
7	8	23183	8f5a373fc2215d14bfd8c5e573b809af8f698b1481e5253520c1685d9268b6d4	56dff5df29a5f2058e0e185ce11c2fc3c481ff91241dc47514a638dfbbed3609	967108f90786e712f67a5568ccbf410e95ec7f5bbbc67f2f7585cb6f9956abf5	e12156ca727b2aca2fed1693387ec9f452ba34741620b57f0c14673c3a2710ef	4307738909898423669	0
7	255	23183	8f5a373fc2215d14bfd8c5e573b809af8f698b1481e5253520c1685d9268b6d4	56dff5df29a5f2058e0e185ce11c2fc3c481ff91241dc47514a638dfbbed3609	967108f90786e712f67a5568ccbf410e95ec7f5bbbc67f2f7585cb6f9956abf5	e12156ca727b2aca2fed1693387ec9f452ba34741620b57f0c14673c3a2710ef	4307738909898423669	0
7	256	23183	8f5a373fc2215d14bfd8c5e573b809af8f698b1481e5253520c1685d9268b6d4	56dff5df29a5f2058e0e185ce11c2fc3c481ff91241dc47514a638dfbbed3609	967108f90786e712f67a5568ccbf410e95ec7f5bbbc67f2f7585cb6f9956abf5	e12156ca727b2aca2fed1693387ec9f452ba34741620b57f0c14673c3a2710ef	4307738909898423669	0
7	1000	23183	8f5a373fc2215d14bfd8c5e573b809af8f698b1481e5253520c1685d9268b6d4	56dff5df29a5f2058e0e185ce11c2fc3c481ff91241dc47514a638dfbbed3609	967108f90786e712f67a5568ccbf410e95ec7f5bbbc67f2f7585cb6f9956abf5	e12156ca727b2aca2fed1693387ec9f452ba34741620b57f0c14673c3a2710ef	4307738909898423669	0
7	4096	23183	8f5a373fc2215d14bfd8c5e573b809af8f698b1481e5253520c1685d9268b6d4	56dff5df29a5f2058e0e185ce11c2fc3c481ff91241dc47514a638dfbbed3609	967108f90786e712f67a5568ccbf410e95ec7f5bbbc67f2f7585cb6f9956abf5	e12156ca727b2aca2fed1693387ec9f452ba34741620b57f0c14673c3a2710ef	4307738909898423669	0
7	1099511627776	23183	8f5a373fc2215d14bfd8c5e573b809af8f698b1481e5253520c1685d9268b6d4	56dff5df29a5f2058e0e185ce11c2fc3c481ff91241dc47514a638dfbbed3609	967108f90786e712f67a5568ccbf410e95ec7f5bbbc67f2f7585cb6f9956abf5	e12156ca727b2aca2fed1693387ec9f452ba34741620b57f0c14673c3a2710ef	4307738909898423669	0
7	18446744073709551614	23183	8f5a373fc2215d14bfd8c5e573b809af8f698b1481e5253520c1685d9268b6d4	56dff5df29a5f2058e0e185ce11c2fc3c481ff91241dc47514a638dfbbed3609	967108f90786e712f67a5568ccbf410e95ec7f5bbbc67f2f7585cb6f9956abf5	e12156ca727b2aca2fed1693387ec9f452ba34741620b57f0c14673c3a2710ef	4307738909898423669	1
7	18446744073709551615	23183	8f5a373fc2215d14bfd8c5e573b809af8f698b1481e5253520c1685d9268b6d4	56dff5df29a5f2058e0e185ce11c2fc3c481ff91241dc47514a638dfbbed3609	967108f90786e712f67a5568ccbf410e95ec7f5bbbc67f2f7585cb6f9956abf5	e12156ca727b2aca2fed1693387ec9f452ba34741620b57f0c14673c3a2710ef	4307738909898423669	1
7	0	23183	8f5a373fc2215d14bfd8c5e573b809af8f698b1481e5253520c1685d9268b6d4	56dff5df29a5f2058e0e185ce11c2fc3c481ff91241dc47514a638dfbbed3609	ad146b4a99583ad910bd6920ac927425116f23f2eb899bf50c143a4723069074	7509a6c508ff731ef8ee570527680c7643ebd6d881e8c9fac8d61d603cee604f	1765791342777084447	0
7	1	23183	8f5a373fc2215d14bfd8c5e573b809af8f698b1481e5253520c1685d9268b6d4	56dff5df29a5f2058e0e185ce11c2fc3c481ff91241dc47514a638dfbbed3609	ad146b4a99583ad910bd6920ac927425116f23f2eb899bf50c143a4723069074	7509a6c508ff731ef8ee570527680c7643ebd6d881e8c9fac8d61d603cee604f	1765791342777084447	0
7	2	23183	8f5a373fc2215d14bfd8c5e573b809af8f698b1481e5253520c1685d9268b6d4	56dff5df29a5f2058e0e185ce11c2fc3c481ff91241dc47514a638dfbbed3609	ad146b4a99583ad910bd6920ac927425116f23f2eb899bf50c143a4723069074	7509a6c508ff731ef8ee570527680c7643ebd6d881e8c9fac8d61d603cee604f	1765791342777084447	0
7	3	23183	8f5a373fc2215d14bfd8c5e573b809af8f698b1481e5253520c1685d9268b6d4	56dff5df29a5f2058e0e185ce11c2fc3c481ff91241dc47514a638dfbbed3609	ad146b4a99583ad910bd6920ac927425116f23f2eb899bf50c143a4723069074	7509a6c508ff731ef8ee570527680c7643ebd6d881e8c9fac8d61d603cee604f	1765791342777084447	0
7	7	23183	8f5a373fc2215d14bfd8c5e573b809af8f698b1481e5253520c1685d9268b6d4	56dff5df29a5f2058e0e185ce11c2fc3c481ff91241dc47514a638dfbbed3609	ad146b4a99583ad910bd6920ac927425116f23f2eb899bf50c143a4723069074	7509a6c508ff731ef8ee570527680c7643ebd6d881e8c9fac8d61d603cee604f	1765791342777084447	0
7	8	23183	8f5a373fc2215d14bfd8c5e573b809af8f698b1481e5253520c1685d9268b6d4	56dff5df29a5f2058e0e185ce11c2fc3c481ff91241dc47514a638dfbbed3609	ad146b4a99583ad910bd6920ac927425116f23f2eb899bf50c143a4723069074	7509a6c508ff731ef8ee570527680c7643ebd6d881e8c9fac8d61d603cee604f	1765791342777084447	0
7	255	23183	8f5a373fc2215d14bfd8c5e573b809af8f698b1481e5253520c1685d9268b6d4	56dff5df29a5f2058e0e185ce11c2fc3c481ff91241dc47514a638dfbbed3609	ad146b4a99583ad910bd6920ac927425116f23f2eb899bf50c143a4723069074	7509a6c508ff731ef8ee570527680c7643ebd6d881e8c9fac8d61d603cee604f	1765791342777084447	0
7	256	23183	8f5a373fc2215d14bfd8c5e573b809af8f698b1481e5253520c1685d9268b6d4	56dff5df29a5f2058e0e185ce11c2fc3c481ff91241dc47514a638dfbbed3609	ad146b4a99583ad910bd6920ac927425116f23f2eb899bf50c143a4723069074	7509a6c508ff731ef8ee570527680c7643ebd6d881e8c9fac8d61d603cee604f	1765791342777084447	0
7	1000	23183	8f5a373fc2215d14bfd8c5e573b809af8f698b1481e5253520c1685d9268b6d4	56dff5df29a5f2058e0e185ce11c2fc3c481ff91241dc47514a638dfbbed3609	ad146b4a99583ad910bd6920ac927425116f23f2eb899bf50c143a4723069074	7509a6c508ff731ef8ee570527680c7643ebd6d881e8c9fac8d61d603cee604f	1765791342777084447	0
7	4096	23183	8f5a373fc2215d14bfd8c5e573b809af8f698b1481e5253520c1685d9268b6d4	56dff5df29a5f2058e0e185ce11c2fc3c481ff91241dc47514a638dfbbed3609	ad146b4a99583ad910bd6920ac927425116f23f2eb899bf50c143a4723069074	7509a6c508ff731ef8ee570527680c7643ebd6d881e8c9fac8d61d603cee604f	1765791342777084447	0
7	1099511627776	23183	8f5a373fc2215d14bfd8c5e573b809af8f698b1481e5253520c1685d9268b6d4	56dff5df29a5f2058e0e185ce11c2fc3c481ff91241dc47514a638dfbbed3609	ad146b4a99583ad910bd6920ac927425116f23f2eb899bf50c143a4723069074	7509a6c508ff731ef8ee570527680c7643ebd6d881e8c9fac8d61d603cee604f	1765791342777084447	0
7	18446744073709551614	23183	8f5a373fc2215d14bfd8c5e573b809af8f698b1481e5253520c1685d9268b6d4	56dff5df29a5f2058e0e185ce11c2fc3c481ff91241dc47514a638dfbbed3609	ad146b4a99583ad910bd6920ac927425116f23f2eb899bf50c143a4723069074	7509a6c508ff731ef8ee570527680c7643ebd6d881e8c9fac8d61d603cee604f	1765791342777084447	1
7	18446744073709551615	23183	8f5a373fc2215d14bfd8c5e573b809af8f698b1481e5253520c1685d9268b6d4	56dff5df29a5f2058e0e185ce11c2fc3c481ff91241dc47514a638dfbbed3609	ad146b4a99583ad910bd6920ac927425116f23f2eb899bf50c143a4723069074	7509a6c508ff731ef8ee570527680c7643ebd6d881e8c9fac8d61d603cee604f	1765791342777084447	1
7	0	23183	8f5a373fc2215d14bfd8c5e573b809af8f698b1481e5253520c1685d9268b6d4	56dff5df29a5f2058e0e185ce11c2fc3c481ff91241dc47514a638dfbbed3609	c0313771ab9870c3807e6ef921641ccfbf0bdb62307297058dcb190c05b94c95	15e818ad9763c49c386f412ed9d24d2972921a85f3943f4864d401726068c3a6	7579067319085496129	0
7	1	23183	8f5a373fc2215d14bfd8c5e573b809af8f698b1481e5253520c1685d9268b6d4	56dff5df29a5f2058e0e185ce11c2fc3c481ff91241dc47514a638dfbbed3609	c0313771ab9870c3807e6ef921641ccfbf0bdb62307297058dcb190c05b94c95	15e818ad9763c49c386f412ed9d24d2972921a85f3943f4864d401726068c3a6	7579067319085496129	0
7	2	23183	8f5a373fc2215d14bfd8c5e573b809af8f698b1481e5253520c1685d9268b6d4	56dff5df29a5f2058e0e185ce11c2fc3c481ff91241dc47514a638dfbbed3609	c0313771ab9870c3807e6ef921641ccfbf0bdb62307297058dcb190c05b94c95	15e818ad9763c49c386f412ed9d24d2972921a85f3943f4864d401726068c3a6	7579067319085496129	0
7	3	23183	8f5a373fc2215d14bfd8c5e573b809af8f698b1481e5253520c1685d9268b6d4	56dff5df29a5f2058e0e185ce11c2fc3c481ff91241dc47514a638dfbbed3609	c0313771ab9870c3807e6ef921641ccfbf0bdb62307297058dcb190c05b94c95	15e818ad9763c49c386f412ed9d24d2972921a85f3943f4864d401726068c3a6	7579067319085496129	0
7	7	23183	8f5a373fc2215d14bfd8c5e573b809af8f698b1481e5253520c1685d9268b6d4	56dff5df29a5f2058e0e185ce11c2fc3c481ff91241dc47514a638dfbbed3609	c0313771ab9870c3807e6ef921641ccfbf0bdb62307297058dcb190c05b94c95	15e818ad9763c49c386f412ed9d24d2972921a85f3943f4864d401726068c3a6	7579067319085496129	0
7	8	23183	8f5a373fc2215d14bfd8c5e573b809af8f698b1481e5253520c1685d9268b6d4	56dff5df29a5f2058e0e185ce11c2fc3c481ff91241dc47514a638dfbbed3609	c0313771ab9870c3807e6ef921641ccfbf0bdb62307297058dcb190c05b94c95	15e818ad9763c49c386f412ed9d24d2972921a85f3943f4864d401726068c3a6	7579067319085496129	0
7	255	23183	8f5a373fc2215d14bfd8c5e573b809af8f698b1481e5253520c1685d9268b6d4	56dff5df29a5f2058e0e185ce11c2fc3c481ff91241dc47514a638dfbbed3609	c0313771ab9870c3807e6ef921641ccfbf0bdb62307297058dcb190c05b94c95	15e818ad9763c49c386f412ed9d24d2972921a85f3943f4864d401726068c3a6	7579067319085496129	0
7	256	23183	8f5a373fc2215d14bfd8c5e573b809af8f698b1481e5253520c1685d9268b6d4	56dff5df29a5f2058e0e185ce11c2fc3c481ff91241dc47514a638dfbbed3609	c0313771ab9870c3807e6ef921641ccfbf0bdb62307297058dcb190c05b94c95	15e818ad9763c49c386f412ed9d24d2972921a85f3943f4864d401726068c3a6	7579067319085496129	0
7	1000	23183	8f5a373fc2215d14bfd8c5e573b809af8f698b1481e5253520c1685d9268b6d4	56dff5df29a5f2058e0e185ce11c2fc3c481ff91241dc47514a638dfbbed3609	c0313771ab9870c3807e6ef921641ccfbf0bdb62307297058dcb190c05b94c95	15e818ad9763c49c386f412ed9d24d2972921a85f3943f4864d401726068c3a6	7579067319085496129	0
7	4096	23183	8f5a373fc2215d14bfd8c5e573b809af8f698b1481e5253520c1685d9268b6d4	56dff5df29a5f2058e0e185ce11c2fc3c481ff91241dc47514a638dfbbed3609	c0313771ab9870c3807e6ef921641ccfbf0bdb62307297058dcb190c05b94c95	15e818ad9763c49c386f412ed9d24d2972921a85f3943f4864d401726068c3a6	7579067319085496129	0
7	1099511627776	23183	8f5a373fc2215d14bfd8c5e573b809af8f698b1481e5253520c1685d9268b6d4	56dff5df29a5f2058e0e185ce11c2fc3c481ff91241dc47514a638dfbbed3609	c0313771ab9870c3807e6ef921641ccfbf0bdb62307297058dcb190c05b94c95	15e818ad9763c49c386f412ed9d24d2972921a85f3943f4864d401726068c3a6	7579067319085496129	0
7	18446744073709551614	23183	8f5a373fc2215d14bfd8c5e573b809af8f698b1481e5253520c1685d9268b6d4	56dff5df29a5f2058e0e185ce11c2fc3c481ff91241dc47514a638dfbbed3609	c0313771ab9870c3807e6ef921641ccfbf0bdb62307297058dcb190c05b94c95	15e818ad9763c49c386f412ed9d24d2972921a85f3943f4864d401726068c3a6	7579067319085496129	1
7	18446744073709551615	23183	8f5a373fc2215d14bfd8c5e573b809af8f698b1481e5253520c1685d9268b6d4	56dff5df29a5f2058e0e185ce11c2fc3c481ff91241dc47514a638dfbbed3609	c0313771ab9870c3807e6ef921641ccfbf0bdb62307297058dcb190c05b94c95	15e818ad9763c49c386f412ed9d24d2972921a85f3943f4864d401726068c3a6	7579067319085496129	1
8	0	20926	be51efb7ea9469b0dd3be1d761e7b91ec7352c5547a0346a61d58ca4b3d98c67	67d42d570110c6a1eced3c6ef3439f728cdd58d0e258d52a55b2dc269a5c0cba	4494ac86811a318c6627752ad7369d5724e4ff496cdf6a004538142e9a2520d5	de7cce21dcd73600fbabf0298ab31ebeedd3debadc46008b2c748efec4db5142	6805158779473143927	0
8	1	20926	be51efb7ea9469b0dd3be1d761e7b91ec7352c5547a0346a61d58ca4b3d98c67	67d42d570110c6a1eced3c6ef3439f728cdd58d0e258d52a55b2dc269a5c0cba	4494ac86811a318c6627752ad7369d5724e4ff496cdf6a004538142e9a2520d5	de7cce21dcd73600fbabf0298ab31ebeedd3debadc46008b2c748efec4db5142	6805158779473143927	0
8	2	20926	be51efb7ea9469b0dd3be1d761e7b91ec7352c5547a0346a61d58ca4b3d98c67	67d42d570110c6a1eced3c6ef3439f728cdd58d0e258d52a55b2dc269a5c0cba	4494ac86811a318c6627752ad7369d5724e4ff496cdf6a004538142e9a2520d5	de7cce21dcd73600fbabf0298ab31ebeedd3debadc46008b2c748efec4db5142	6805158779473143927	0
8	3	20926	be51efb7ea9469b0dd3be1d761e7b91ec7352c5547a0346a61d58ca4b3d98c67	67d42d570110c6a1eced3c6ef3439f728cdd58d0e258d52a55b2dc269a5c0cba	4494ac86811a318c6627752ad7369d5724e4ff496cdf6a004538142e9a2520d5	de7cce21dcd73600fbabf0298ab31ebeedd3debadc46008b2c748efec4db5142	6805158779473143927	0
8	7	20926	be51efb7ea9469b0dd3be1d761e7b91ec7352c5547a0346a61d58ca4b3d98c67	67d42d570110c6a1eced3c6ef3439f728cdd58d0e258d52a55b2dc269a5c0cba	4494ac86811a318c6627752ad7369d5724e4ff496cdf6a004538142e9a2520d5	de7cce21dcd73600fbabf0298ab31ebeedd3debadc46008b2c748efec4db5142	6805158779473143927	0
8	8	20926	be51efb7ea9469b0dd3be1d761e7b91ec7352c5547a0346a61d58ca4b3d98c67	67d42d570110c6a1eced3c6ef3439f728cdd58d0e258d52a55b2dc269a5c0cba	4494ac86811a318c6627752ad7369d5724e4ff496cdf6a004538142e9a2520d5	de7cce21dcd73600fbabf0298ab31ebeedd3debadc46008b2c748efec4db5142	6805158779473143927	0
8	255	20926	be51efb7ea9469b0dd3be1d761e7b91ec7352c5547a0346a61d58ca4b3d98c67	67d42d570110c6a1eced3c6ef3439f728cdd58d0e258d52a55b2dc269a5c0cba	4494ac86811a318c6627752ad7369d5724e4ff496cdf6a004538142e9a2520d5	de7cce21dcd73600fbabf0298ab31ebeedd3debadc46008b2c748efec4db5142	6805158779473143927	0
8	256	20926	be51efb7ea9469b0dd3be1d761e7b91ec7352c5547a0346a61d58ca4b3d98c67	67d42d570110c6a1eced3c6ef3439f728cdd58d0e258d52a55b2dc269a5c0cba	4494ac86811a318c6627752ad7369d5724e4ff496cdf6a004538142e9a2520d5	de7cce21dcd73600fbabf0298ab31ebeedd3debadc46008b2c748efec4db5142	6805158779473143927	0
8	1000	20926	be51efb7ea9469b0dd3be1d761e7b91ec7352c5547a0346a61d58ca4b3d98c67	67d42d570110c6a1eced3c6ef3439f728cdd58d0e258d52a55b2dc269a5c0cba	4494ac86811a318c6627752ad7369d5724e4ff496cdf6a004538142e9a2520d5	de7cce21dcd73600fbabf0298ab31ebeedd3debadc46008b2c748efec4db5142	6805158779473143927	0
8	4096	20926	be51efb7ea9469b0dd3be1d761e7b91ec7352c5547a0346a61d58ca4b3d98c67	67d42d570110c6a1eced3c6ef3439f728cdd58d0e258d52a55b2dc269a5c0cba	4494ac86811a318c6627752ad7369d5724e4ff496cdf6a004538142e9a2520d5	de7cce21dcd73600fbabf0298ab31ebeedd3debadc46008b2c748efec4db5142	6805158779473143927	0
8	1099511627776	20926	be51efb7ea9469b0dd3be1d761e7b91ec7352c5547a0346a61d58ca4b3d98c67	67d42d570110c6a1eced3c6ef3439f728cdd58d0e258d52a55b2dc269a5c0cba	4494ac86811a318c6627752ad7369d5724e4ff496cdf6a004538142e9a2520d5	de7cce21dcd73600fbabf0298ab31ebeedd3debadc46008b2c748efec4db5142	6805158779473143927	0
8	18446744073709551614	20926	be51efb7ea9469b0dd3be1d761e7b91ec7352c5547a0346a61d58ca4b3d98c67	67d42d570110c6a1eced3c6ef3439f728cdd58d0e258d52a55b2dc269a5c0cba	4494ac86811a318c6627752ad7369d5724e4ff496cdf6a004538142e9a2520d5	de7cce21dcd73600fbabf0298ab31ebeedd3debadc46008b2c748efec4db5142	6805158779473143927	1
8	18446744073709551615	20926	be51efb7ea9469b0dd3be1d761e7b91ec7352c5547a0346a61d58ca4b3d98c67	67d42d570110c6a1eced3c6ef3439f728cdd58d0e258d52a55b2dc269a5c0cba	4494ac86811a318c6627752ad7369d5724e4ff496cdf6a004538142e9a2520d5	de7cce21dcd73600fbabf0298ab31ebeedd3debadc46008b2c748efec4db5142	6805158779473143927	1
8	0	20926	be51efb7ea9469b0dd3be1d761e7b91ec7352c5547a0346a61d58ca4b3d98c67	67d42d570110c6a1eced3c6ef3439f728cdd58d0e258d52a55b2dc269a5c0cba	e3699504cbf4e9a199cfa1709d5ac4a5d17234da3ea85ab5aae01f42f7fe1469	871fdc2f013b3f533ea520de2ccc60e7d55c35f8a34b1598ffad49bbeed769cf	5658444178473989344	0
8	1	20926	be51efb7ea9469b0dd3be1d761e7b91ec7352c5547a0346a61d58ca4b3d98c67	67d42d570110c6a1eced3c6ef3439f728cdd58d0e258d52a55b2dc269a5c0cba	e3699504cbf4e9a199cfa1709d5ac4a5d17234da3ea85ab5aae01f42f7fe1469	871fdc2f013b3f533ea520de2ccc60e7d55c35f8a34b1598ffad49bbeed769cf	5658444178473989344	0
8	2	20926	be51efb7ea9469b0dd3be1d761e7b91ec7352c5547a0346a61d58ca4b3d98c67	67d42d570110c6a1eced3c6ef3439f728cdd58d0e258d52a55b2dc269a5c0cba	e3699504cbf4e9a199cfa1709d5ac4a5d17234da3ea85ab5aae01f42f7fe1469	871fdc2f013b3f533ea520de2ccc60e7d55c35f8a34b1598ffad49bbeed769cf	5658444178473989344	0
8	3	20926	be51efb7ea9469b0dd3be1d761e7b91ec7352c5547a0346a61d58ca4b3d98c67	67d42d570110c6a1eced3c6ef3439f728cdd58d0e258d52a55b2dc269a5c0cba	e3699504cbf4e9a199cfa1709d5ac4a5d17234da3ea85ab5aae01f42f7fe1469	871fdc2f013b3f533ea520de2ccc60e7d55c35f8a34b1598ffad49bbeed769cf	5658444178473989344	0
8	7	20926	be51efb7ea9469b0dd3be1d761e7b91ec7352c5547a0346a61d58ca4b3d98c67	67d42d570110c6a1eced3c6ef3439f728cdd58d0e258d52a55b2dc269a5c0cba	e3699504cbf4e9a199cfa1709d5ac4a5d17234da3ea85ab5aae01f42f7fe1469	871fdc2f013b3f533ea520de2ccc60e7d55c35f8a34b1598ffad49bbeed769cf	5658444178473989344	0
8	8	20926	be51efb7ea9469b0dd3be1d761e7b91ec7352c5547a0346a61d58ca4b3d98c67	67d42d570110c6a1eced3c6ef3439f728cdd58d0e258d52a55b2dc269a5c0cba	e3699504cbf4e9a199cfa1709d5ac4a5d17234da3ea85ab5aae01f42f7fe1469	871fdc2f013b3f533ea520de2ccc60e7d55c35f8a34b1598ffad49bbeed769cf	5658444178473989344	0
8	255	20926	be51efb7ea9469b0dd3be1d761e7b91ec7352c5547a0346a61d58ca4b3d98c67	67d42d570110c6a1eced3c6ef3439f728cdd58d0e258d52a55b2dc269a5c0cba	e3699504cbf4e9a199cfa1709d5ac4a5d17234da3ea85ab5aae01f42f7fe1469	871fdc2f013b3f533ea520de2ccc60e7d55c35f8a34b1598ffad49bbeed769cf	5658444178473989344	0
8	256	20926	be51efb7ea9469b0dd3be1d761e7b91ec7352c5547a0346a61d58ca4b3d98c67	67d42d570110c6a1eced3c6ef3439f728cdd58d0e258d52a55b2dc269a5c0cba	e3699504cbf4e9a199cfa1709d5ac4a5d17234da3ea85ab5aae01f42f7fe1469	871fdc2f013b3f533ea520de2ccc60e7d55c35f8a34b1598ffad49bbeed769cf	5658444178473989344	0
8	1000	20926	be51efb7ea9469b0dd3be1d761e7b91ec7352c5547a0346a61d58ca4b3d98c67	67d42d570110c6a1eced3c6ef3439f728cdd58d0e258d52a55b2dc269a5c0cba	e3699504cbf4e9a199cfa1709d5ac4a5d17234da3ea85ab5aae01f42f7fe1469	871fdc2f013b3f533ea520de2ccc60e7d55c35f8a34b1598ffad49bbeed769cf	5658444178473989344	0
8	4096	20926	be51efb7ea9469b0dd3be1d761e7b91ec7352c5547a0346a61d58ca4b3d98c67	67d42d570110c6a1eced3c6ef3439f728cdd58d0e258d52a55b2dc269a5c0cba	e3699504cbf4e9a199cfa1709d5ac4a5d17234da3ea85ab5aae01f42f7fe1469	871fdc2f013b3f533ea520de2ccc60e7d55c35f8a34b1598ffad49bbeed769cf	5658444178473989344	0
8	1099511627776	20926	be51efb7ea9469b0dd3be1d761e7b91ec7352c5547a0346a61d58ca4b3d98c67	67d42d570110c6a1eced3c6ef3439f728cdd58d0e258d52a55b2dc269a5c0cba	e3699504cbf4e9a199cfa1709d5ac4a5d17234da3ea85ab5aae01f42f7fe1469	871fdc2f013b3f533ea520de2ccc60e7d55c35f8a34b1598ffad49bbeed769cf	5658444178473989344	0
8	18446744073709551614	20926	be51efb7ea9469b0dd3be1d761e7b91ec7352c5547a0346a61d58ca4b3d98c67	67d42d570110c6a1eced3c6ef3439f728cdd58d0e258d52a55b2dc269a5c0cba	e3699504cbf4e9a199cfa1709d5ac4a5d17234da3ea85ab5aae01f42f7fe1469	871fdc2f013b3f533ea520de2ccc60e7d55c35f8a34b1598ffad49bbeed769cf	5658444178473989344	1
8	18446744073709551615	20926	be51efb7ea9469b0dd3be1d761e7b91ec7352c5547a0346a61d58ca4b3d98c67	67d42d570110c6a1eced3c6ef3439f728cdd58d0e258d52a55b2dc269a5c0cba	e3699504cbf4e9a199cfa1709d5ac4a5d17234da3ea85ab5aae01f42f7fe1469	871fdc2f013b3f533ea520de2ccc60e7d55c35f8a34b1598ffad49bbeed769cf	5658444178473989344	1
8	0	20926	be51efb7ea9469b0dd3be1d761e7b91ec7352c5547a0346a61d58ca4b3d98c67	67d42d570110c6a1eced3c6ef3439f728cdd58d0e258d52a55b2dc269a5c0cba	776d8abdda6f419c8da25df48c3e49b176d140b6a23bdfae5bb16a3e2eae5f2f	88b2d83a8d73754f6ac1452ef0e80b4e7b9d43831a51b26af1af9a680a1cc4dd	5931412731752423903	0
8	1	20926	be51efb7ea9469b0dd3be1d761e7b91ec7352c5547a0346a61d58ca4b3d98c67	67d42d570110c6a1eced3c6ef3439f728cdd58d0e258d52a55b2dc269a5c0cba	776d8abdda6f419c8da25df48c3e49b176d140b6a23bdfae5bb16a3e2eae5f2f	88b2d83a8d73754f6ac1452ef0e80b4e7b9d43831a51b26af1af9a680a1cc4dd	5931412731752423903	0
8	2	20926	be51efb7ea9469b0dd3be1d761e7b91ec7352c5547a0346a61d58ca4b3d98c67	67d42d570110c6a1eced3c6ef3439f728cdd58d0e258d52a55b2dc269a5c0cba	776d8abdda6f419c8da25df48c3e49b176d140b6a23bdfae5bb16a3e2eae5f2f	88b2d83a8d73754f6ac1452ef0e80b4e7b9d43831a51b26af1af9a680a1cc4dd	5931412731752423903	0
8	3	20926	be51efb7ea9469b0dd3be1d761e7b91ec7352c5547a0346a61d58ca4b3d98c67	67d42d570110c6a1eced3c6ef3439f728cdd58d0e258d52a55b2dc269a5c0cba	776d8abdda6f419c8da25df48c3e49b176d140b6a23bdfae5bb16a3e2eae5f2f	88b2d83a8d73754f6ac1452ef0e80b4e7b9d43831a51b26af1af9a680a1cc4dd	5931412731752423903	0
8	7	20926	be51efb7ea9469b0dd3be1d761e7b91ec7352c5547a0346a61d58ca4b3d98c67	67d42d570110c6a1eced3c6ef3439f728cdd58d0e258d52a55b2dc269a5c0cba	776d8abdda6f419c8da25df48c3e49b176d140b6a23bdfae5bb16a3e2eae5f2f	88b2d83a8d73754f6ac1452ef0e80b4e7b9d43831a51b26af1af9a680a1cc4dd	5931412731752423903	0
8	8	20926	be51efb7ea9469b0dd3be1d761e7b91ec7352c5547a0346a61d58ca4b3d98c67	67d42d570110c6a1eced3c6ef3439f728cdd58d0e258d52a55b2dc269a5c0cba	776d8abdda6f419c8da25df48c3e49b176d140b6a23bdfae5bb16a3e2eae5f2f	88b2d83a8d73754f6ac1452ef0e80b4e7b9d43831a51b26af1af9a680a1cc4dd	5931412731752423903	0
8	255	20926	be51efb7ea9469b0dd3be1d761e7b91ec7352c5547a0346a61d58ca4b3d98c67	67d42d570110c6a1eced3c6ef3439f728cdd58d0e258d52a55b2dc269a5c0cba	776d8abdda6f419c8da25df48c3e49b176d140b6a23bdfae5bb16a3e2eae5f2f	88b2d83a8d73754f6ac1452ef0e80b4e7b9d43831a51b26af1af9a680a1cc4dd	5931412731752423903	0
8	256	20926	be51efb7ea9469b0dd3be1d761e7b91ec7352c5547a0346a61d58ca4b3d98c67	67d42d570110c6a1eced3c6ef3439f728cdd58d0e258d52a55b2dc269a5c0cba	776d8abdda6f419c8da25df48c3e49b176d140b6a23bdfae5bb16a3e2eae5f2f	88b2d83a8d73754f6ac1452ef0e80b4e7b9d43831a51b26af1af9a680a1cc4dd	5931412731752423903	0
8	1000	20926	be51efb7ea9469b0dd3be1d761e7b91ec7352c5547a0346a61d58ca4b3d98c67	67d42d570110c6a1eced3c6ef3439f728cdd58d0e258d52a55b2dc269a5c0cba	776d8abdda6f419c8da25df48c3e49b176d140b6a23bdfae5bb16a3e2eae5f2f	88b2d83a8d73754f6ac1452ef0e80b4e7b9d43831a51b26af1af9a680a1cc4dd	5931412731752423903	0
8	4096	20926	be51efb7ea9469b0dd3be1d761e7b91ec7352c5547a0346a61d58ca4b3d98c67	67d42d570110c6a1eced3c6ef3439f728cdd58d0e258d52a55b2dc269a5c0cba	776d8abdda6f419c8da25df48c3e49b176d140b6a23bdfae5bb16a3e2eae5f2f	88b2d83a8d73754f6ac1452ef0e80b4e7b9d43831a51b26af1af9a680a1cc4dd	5931412731752423903	0
8	1099511627776	20926	be51efb7ea9469b0dd3be1d761e7b91ec7352c5547a0346a61d58ca4b3d98c67	67d42d570110c6a1eced3c6ef3439f728cdd58d0e258d52a55b2dc269a5c0cba	776d8abdda6f419c8da25df48c3e49b176d140b6a23bdfae5bb16a3e2eae5f2f	88b2d83a8d73754f6ac1452ef0e80b4e7b9d43831a51b26af1af9a680a1cc4dd	5931412731752423903	0
8	18446744073709551614	20926	be51efb7ea9469b0dd3be1d761e7b91ec7352c5547a0346a61d58ca4b3d98c67	67d42d570110c6a1eced3c6ef3439f728cdd58d0e258d52a55b2dc269a5c0cba	776d8abdda6f419c8da25df48c3e49b176d140b6a23bdfae5bb16a3e2eae5f2f	88b2d83a8d73754f6ac1452ef0e80b4e7b9d43831a51b26af1af9a680a1cc4dd	5931412731752423903	1
8	18446744073709551615	20926	be51efb7ea9469b0dd3be1d761e7b91ec7352c5547a0346a61d58ca4b3d98c67	67d42d570110c6a1eced3c6ef3439f728cdd58d0e258d52a55b2dc269a5c0cba	776d8abdda6f419c8da25df48c3e49b176d140b6a23bdfae5bb16a3e2eae5f2f	88b2d83a8d73754f6ac1452ef0e80b4e7b9d43831a51b26af1af9a680a1cc4dd	5931412731752423903	1
8	0	20926	be51efb7ea9469b0dd3be1d761e7b91ec7352c5547a0346a61d58ca4b3d98c67	67d42d570110c6a1eced3c6ef3439f728cdd58d0e258d52a55b2dc269a5c0cba	8c557cf04d4285cad8e8871047da4687dd54f21402e116a219b077bdcdd59010	17407e37d00ef230bf2e9e1deb891d962fee96573ca60c162a61539a5f7ce26f	8130124537807213648	0
8	1	20926	be51efb7ea9469b0dd3be1d761e7b91ec7352c5547a0346a61d58ca4b3d98c67	67d42d570110c6a1eced3c6ef3439f728cdd58d0e258d52a55b2dc269a5c0cba	8c557cf04d4285cad8e8871047da4687dd54f21402e116a219b077bdcdd59010	17407e37d00ef230bf2e9e1deb891d962fee96573ca60c162a61539a5f7ce26f	8130124537807213648	0
8	2	20926	be51efb7ea9469b0dd3be1d761e7b91ec7352c5547a0346a61d58ca4b3d98c67	67d42d570110c6a1eced3c6ef3439f728cdd58d0e258d52a55b2dc269a5c0cba	8c557cf04d4285cad8e8871047da4687dd54f21402e116a219b077bdcdd59010	17407e37d00ef230bf2e9e1deb891d962fee96573ca60c162a61539a5f7ce26f	8130124537807213648	0
8	3	20926	be51efb7ea9469b0dd3be1d761e7b91ec7352c5547a0346a61d58ca4b3d98c67	67d42d570110c6a1eced3c6ef3439f728cdd58d0e258d52a55b2dc269a5c0cba	8c557cf04d4285cad8e8871047da4687dd54f21402e116a219b077bdcdd59010	17407e37d00ef230bf2e9e1deb891d962fee96573ca60c162a61539a5f7ce26f	8130124537807213648	0
8	7	20926	be51efb7ea9469b0dd3be1d761e7b91ec7352c5547a0346a61d58ca4b3d98c67	67d42d570110c6a1eced3c6ef3439f728cdd58d0e258d52a55b2dc269a5c0cba	8c557cf04d4285cad8e8871047da4687dd54f21402e116a219b077bdcdd59010	17407e37d00ef230bf2e9e1deb891d962fee96573ca60c162a61539a5f7ce26f	8130124537807213648	0
8	8	20926	be51efb7ea9469b0dd3be1d761e7b91ec7352c5547a0346a61d58ca4b3d98c67	67d42d570110c6a1eced3c6ef3439f728cdd58d0e258d52a55b2dc269a5c0cba	8c557cf04d4285cad8e8871047da4687dd54f21402e116a219b077bdcdd59010	17407e37d00ef230bf2e9e1deb891d962fee96573ca60c162a61539a5f7ce26f	8130124537807213648	0
8	255	20926	be51efb7ea9469b0dd3be1d761e7b91ec7352c5547a0346a61d58ca4b3d98c67	67d42d570110c6a1eced3c6ef3439f728cdd58d0e258d52a55b2dc269a5c0cba	8c557cf04d4285cad8e8871047da4687dd54f21402e116a219b077bdcdd59010	17407e37d00ef230bf2e9e1deb891d962fee96573ca60c162a61539a5f7ce26f	8130124537807213648	0
8	256	20926	be51efb7ea9469b0dd3be1d761e7b91ec7352c5547a0346a61d58ca4b3d98c67	67d42d570110c6a1eced3c6ef3439f728cdd58d0e258d52a55b2dc269a5c0cba	8c557cf04d4285cad8e8871047da4687dd54f21402e116a219b077bdcdd59010	17407e37d00ef230bf2e9e1deb891d962fee96573ca60c162a61539a5f7ce26f	8130124537807213648	0
8	1000	20926	be51efb7ea9469b0dd3be1d761e7b91ec7352c5547a0346a61d58ca4b3d98c67	67d42d570110c6a1eced3c6ef3439f728cdd58d0e258d52a55b2dc269a5c0cba	8c557cf04d4285cad8e8871047da4687dd54f21402e116a219b077bdcdd59010	17407e37d00ef230bf2e9e1deb891d962fee96573ca60c162a61539a5f7ce26f	8130124537807213648	0
8	4096	20926	be51efb7ea9469b0dd3be1d761e7b91ec7352c5547a0346a61d58ca4b3d98c67	67d42d570110c6a1eced3c6ef3439f728cdd58d0e258d52a55b2dc269a5c0cba	8c557cf04d4285cad8e8871047da4687dd54f21402e116a219b077bdcdd59010	17407e37d00ef230bf2e9e1deb891d962fee96573ca60c162a61539a5f7ce26f	8130124537807213648	0
8	1099511627776	20926	be51efb7ea9469b0dd3be1d761e7b91ec7352c5547a0346a61d58ca4b3d98c67	67d42d570110c6a1eced3c6ef3439f728cdd58d0e258d52a55b2dc269a5c0cba	8c557cf04d4285cad8e8871047da4687dd54f21402e116a219b077bdcdd59010	17407e37d00ef230bf2e9e1deb891d962fee96573ca60c162a61539a5f7ce26f	8130124537807213648	0
8	18446744073709551614	20926	be51efb7ea9469b0dd3be1d761e7b91ec7352c5547a0346a61d58ca4b3d98c67	67d42d570110c6a1eced3c6ef3439f728cdd58d0e258d52a55b2dc269a5c0cba	8c557cf04d4285cad8e8871047da4687dd54f21402e116a219b077bdcdd59010	17407e37d00ef230bf2e9e1deb891d962fee96573ca60c162a61539a5f7ce26f	8130124537807213648	1
8	18446744073709551615	20926	be51efb7ea9469b0dd3be1d761e7b91ec7352c5547a0346a61d58ca4b3d98c67	67d42d570110c6a1eced3c6ef3439f728cdd58d0e258d52a55b2dc269a5c0cba	8c557cf04d4285cad8e8871047da4687dd54f21402e116a219b077bdcdd59010	17407e37d00ef230bf2e9e1deb891d962fee96573ca60c162a61539a5f7ce26f	8130124537807213648	1
