registry+https://github.com/rust-lang/crates.io-index#ab-blake3@0.1.0	registry+https://github.com/rust-lang/crates.io-index#blake3@1.8.7
registry+https://github.com/rust-lang/crates.io-index#ab-chacha8@0.1.1	
path+file:///home/katana/zeo/ZEROX/deepseek/W06c/ws/PDF/autonomys-subspace/shared/ab-proof-of-space#0.1.0	registry+https://github.com/rust-lang/crates.io-index#ab-blake3@0.1.0,registry+https://github.com/rust-lang/crates.io-index#ab-chacha8@0.1.1,registry+https://github.com/rust-lang/crates.io-index#chacha20@0.10.2,registry+https://github.com/rust-lang/crates.io-index#derive_more@2.1.1,registry+https://github.com/rust-lang/crates.io-index#rayon@1.12.0,registry+https://github.com/rust-lang/crates.io-index#rclite@0.4.1,registry+https://github.com/rust-lang/crates.io-index#seq-macro@0.3.6,registry+https://github.com/rust-lang/crates.io-index#sha2@0.11.0,path+file:///home/katana/zeo/ZEROX/deepseek/W06c/ws/PDF/autonomys-subspace/crates/subspace-core-primitives#0.1.0
registry+https://github.com/rust-lang/crates.io-index#aead@0.5.2	registry+https://github.com/rust-lang/crates.io-index#crypto-common@0.1.7,registry+https://github.com/rust-lang/crates.io-index#generic-array@0.14.7
registry+https://github.com/rust-lang/crates.io-index#aes@0.8.4	registry+https://github.com/rust-lang/crates.io-index#cfg-if@1.0.4,registry+https://github.com/rust-lang/crates.io-index#cipher@0.4.4,registry+https://github.com/rust-lang/crates.io-index#cpufeatures@0.2.17
registry+https://github.com/rust-lang/crates.io-index#aes@0.9.3	registry+https://github.com/rust-lang/crates.io-index#cipher@0.5.2,registry+https://github.com/rust-lang/crates.io-index#cpubits@0.1.1,registry+https://github.com/rust-lang/crates.io-index#cpufeatures@0.3.1
registry+https://github.com/rust-lang/crates.io-index#aes-gcm@0.10.3	registry+https://github.com/rust-lang/crates.io-index#aead@0.5.2,registry+https://github.com/rust-lang/crates.io-index#aes@0.8.4,registry+https://github.com/rust-lang/crates.io-index#cipher@0.4.4,registry+https://github.com/rust-lang/crates.io-index#ctr@0.9.2,registry+https://github.com/rust-lang/crates.io-index#ghash@0.5.1,registry+https://github.com/rust-lang/crates.io-index#subtle@2.6.1
registry+https://github.com/rust-lang/crates.io-index#ahash@0.8.12	registry+https://github.com/rust-lang/crates.io-index#cfg-if@1.0.4,registry+https://github.com/rust-lang/crates.io-index#once_cell@1.21.4,registry+https://github.com/rust-lang/crates.io-index#version_check@0.9.5,registry+https://github.com/rust-lang/crates.io-index#zerocopy@0.8.56
registry+https://github.com/rust-lang/crates.io-index#aho-corasick@1.1.5	registry+https://github.com/rust-lang/crates.io-index#memchr@2.8.3
registry+https://github.com/rust-lang/crates.io-index#allocator-api2@0.2.21	
registry+https://github.com/rust-lang/crates.io-index#anyhow@1.0.104	
registry+https://github.com/rust-lang/crates.io-index#arrayref@0.3.9	
registry+https://github.com/rust-lang/crates.io-index#arrayvec@0.7.8	
registry+https://github.com/rust-lang/crates.io-index#asn1-rs@0.7.2	registry+https://github.com/rust-lang/crates.io-index#asn1-rs-derive@0.6.0,registry+https://github.com/rust-lang/crates.io-index#asn1-rs-impl@0.2.0,registry+https://github.com/rust-lang/crates.io-index#displaydoc@0.2.7,registry+https://github.com/rust-lang/crates.io-index#nom@7.1.3,registry+https://github.com/rust-lang/crates.io-index#num-traits@0.2.19,registry+https://github.com/rust-lang/crates.io-index#rusticata-macros@4.1.0,registry+https://github.com/rust-lang/crates.io-index#thiserror@2.0.20,registry+https://github.com/rust-lang/crates.io-index#time@0.3.55
registry+https://github.com/rust-lang/crates.io-index#asn1-rs-derive@0.6.0	registry+https://github.com/rust-lang/crates.io-index#proc-macro2@1.0.107,registry+https://github.com/rust-lang/crates.io-index#quote@1.0.47,registry+https://github.com/rust-lang/crates.io-index#syn@2.0.119,registry+https://github.com/rust-lang/crates.io-index#synstructure@0.13.2
registry+https://github.com/rust-lang/crates.io-index#asn1-rs-impl@0.2.0	registry+https://github.com/rust-lang/crates.io-index#proc-macro2@1.0.107,registry+https://github.com/rust-lang/crates.io-index#quote@1.0.47,registry+https://github.com/rust-lang/crates.io-index#syn@2.0.119
registry+https://github.com/rust-lang/crates.io-index#async-channel@2.5.0	registry+https://github.com/rust-lang/crates.io-index#concurrent-queue@2.5.0,registry+https://github.com/rust-lang/crates.io-index#event-listener-strategy@0.5.4,registry+https://github.com/rust-lang/crates.io-index#futures-core@0.3.34,registry+https://github.com/rust-lang/crates.io-index#pin-project-lite@0.2.17
registry+https://github.com/rust-lang/crates.io-index#async-io@2.6.0	registry+https://github.com/rust-lang/crates.io-index#autocfg@1.5.1,registry+https://github.com/rust-lang/crates.io-index#cfg-if@1.0.4,registry+https://github.com/rust-lang/crates.io-index#concurrent-queue@2.5.0,registry+https://github.com/rust-lang/crates.io-index#futures-io@0.3.34,registry+https://github.com/rust-lang/crates.io-index#futures-lite@2.6.1,registry+https://github.com/rust-lang/crates.io-index#parking@2.2.1,registry+https://github.com/rust-lang/crates.io-index#polling@3.11.0,registry+https://github.com/rust-lang/crates.io-index#rustix@1.1.4,registry+https://github.com/rust-lang/crates.io-index#slab@0.4.12,registry+https://github.com/rust-lang/crates.io-index#windows-sys@0.61.2
registry+https://github.com/rust-lang/crates.io-index#async-lock@3.4.2	registry+https://github.com/rust-lang/crates.io-index#event-listener@5.4.2,registry+https://github.com/rust-lang/crates.io-index#event-listener-strategy@0.5.4,registry+https://github.com/rust-lang/crates.io-index#pin-project-lite@0.2.17
registry+https://github.com/rust-lang/crates.io-index#async-trait@0.1.92	registry+https://github.com/rust-lang/crates.io-index#proc-macro2@1.0.107,registry+https://github.com/rust-lang/crates.io-index#quote@1.0.47,registry+https://github.com/rust-lang/crates.io-index#syn@3.0.4
registry+https://github.com/rust-lang/crates.io-index#asynchronous-codec@0.7.0	registry+https://github.com/rust-lang/crates.io-index#bytes@1.12.1,registry+https://github.com/rust-lang/crates.io-index#futures-sink@0.3.34,registry+https://github.com/rust-lang/crates.io-index#futures-util@0.3.34,registry+https://github.com/rust-lang/crates.io-index#memchr@2.8.3,registry+https://github.com/rust-lang/crates.io-index#pin-project-lite@0.2.17
registry+https://github.com/rust-lang/crates.io-index#atomic-waker@1.1.2	
registry+https://github.com/rust-lang/crates.io-index#attohttpc@0.30.1	registry+https://github.com/rust-lang/crates.io-index#base64@0.22.1,registry+https://github.com/rust-lang/crates.io-index#http@1.5.0,registry+https://github.com/rust-lang/crates.io-index#log@0.4.34,registry+https://github.com/rust-lang/crates.io-index#url@2.5.8
registry+https://github.com/rust-lang/crates.io-index#autocfg@1.5.1	
registry+https://github.com/rust-lang/crates.io-index#backoff@0.4.0	registry+https://github.com/rust-lang/crates.io-index#futures-core@0.3.34,registry+https://github.com/rust-lang/crates.io-index#getrandom@0.2.17,registry+https://github.com/rust-lang/crates.io-index#instant@0.1.13,registry+https://github.com/rust-lang/crates.io-index#pin-project-lite@0.2.17,registry+https://github.com/rust-lang/crates.io-index#rand@0.8.8,registry+https://github.com/rust-lang/crates.io-index#tokio@1.53.1
registry+https://github.com/rust-lang/crates.io-index#base-x@0.2.11	
registry+https://github.com/rust-lang/crates.io-index#base256emoji@1.0.2	registry+https://github.com/rust-lang/crates.io-index#const-str@0.4.3,registry+https://github.com/rust-lang/crates.io-index#match-lookup@0.1.3
registry+https://github.com/rust-lang/crates.io-index#base45@3.2.0	
registry+https://github.com/rust-lang/crates.io-index#base64@0.22.1	
registry+https://github.com/rust-lang/crates.io-index#base64ct@1.8.3	
registry+https://github.com/rust-lang/crates.io-index#bech32@0.12.0	
registry+https://github.com/rust-lang/crates.io-index#bit-set@0.8.0	registry+https://github.com/rust-lang/crates.io-index#bit-vec@0.8.0
registry+https://github.com/rust-lang/crates.io-index#bit-vec@0.8.0	
registry+https://github.com/rust-lang/crates.io-index#bitflags@2.13.1	
registry+https://github.com/rust-lang/crates.io-index#bitvec@1.1.1	registry+https://github.com/rust-lang/crates.io-index#funty@2.0.0,registry+https://github.com/rust-lang/crates.io-index#radium@0.7.0,registry+https://github.com/rust-lang/crates.io-index#tap@1.0.1,registry+https://github.com/rust-lang/crates.io-index#wyz@0.5.1
registry+https://github.com/rust-lang/crates.io-index#blake2@0.10.6	registry+https://github.com/rust-lang/crates.io-index#digest@0.10.7
registry+https://github.com/rust-lang/crates.io-index#blake3@1.8.7	registry+https://github.com/rust-lang/crates.io-index#arrayvec@0.7.8,registry+https://github.com/rust-lang/crates.io-index#cc@1.4.5,registry+https://github.com/rust-lang/crates.io-index#cfg-if@1.0.4,registry+https://github.com/rust-lang/crates.io-index#constant_time_eq@0.4.2,registry+https://github.com/rust-lang/crates.io-index#cpufeatures@0.3.1,registry+https://github.com/rust-lang/crates.io-index#rayon-core@1.13.0
registry+https://github.com/rust-lang/crates.io-index#block-buffer@0.10.4	registry+https://github.com/rust-lang/crates.io-index#generic-array@0.14.7
registry+https://github.com/rust-lang/crates.io-index#block-buffer@0.12.1	registry+https://github.com/rust-lang/crates.io-index#hybrid-array@0.4.14
registry+https://github.com/rust-lang/crates.io-index#blst@0.3.17	registry+https://github.com/rust-lang/crates.io-index#cc@1.4.5,registry+https://github.com/rust-lang/crates.io-index#glob@0.3.4,registry+https://github.com/rust-lang/crates.io-index#threadpool@1.8.1,registry+https://github.com/rust-lang/crates.io-index#zeroize@1.9.0
registry+https://github.com/rust-lang/crates.io-index#branches@0.4.6	registry+https://github.com/rust-lang/crates.io-index#rustc_version@0.4.1
registry+https://github.com/rust-lang/crates.io-index#bs58@0.5.1	registry+https://github.com/rust-lang/crates.io-index#tinyvec@1.13.2
registry+https://github.com/rust-lang/crates.io-index#bumpalo@3.20.3	
registry+https://github.com/rust-lang/crates.io-index#byte-slice-cast@1.2.3	
registry+https://github.com/rust-lang/crates.io-index#byteorder@1.5.0	
registry+https://github.com/rust-lang/crates.io-index#bytes@1.12.1	registry+https://github.com/rust-lang/crates.io-index#serde@1.0.229
registry+https://github.com/rust-lang/crates.io-index#cc@1.4.5	registry+https://github.com/rust-lang/crates.io-index#find-msvc-tools@0.1.12,registry+https://github.com/rust-lang/crates.io-index#shlex@2.0.1
registry+https://github.com/rust-lang/crates.io-index#cfg-if@1.0.4	
registry+https://github.com/rust-lang/crates.io-index#cfg_aliases@0.2.2	
registry+https://github.com/rust-lang/crates.io-index#chacha20@0.9.1	registry+https://github.com/rust-lang/crates.io-index#cfg-if@1.0.4,registry+https://github.com/rust-lang/crates.io-index#cipher@0.4.4,registry+https://github.com/rust-lang/crates.io-index#cpufeatures@0.2.17
registry+https://github.com/rust-lang/crates.io-index#chacha20@0.10.2	registry+https://github.com/rust-lang/crates.io-index#cfg-if@1.0.4,registry+https://github.com/rust-lang/crates.io-index#cipher@0.5.2,registry+https://github.com/rust-lang/crates.io-index#cpufeatures@0.3.1,registry+https://github.com/rust-lang/crates.io-index#rand_core@0.10.1
registry+https://github.com/rust-lang/crates.io-index#chacha20poly1305@0.10.1	registry+https://github.com/rust-lang/crates.io-index#aead@0.5.2,registry+https://github.com/rust-lang/crates.io-index#chacha20@0.9.1,registry+https://github.com/rust-lang/crates.io-index#cipher@0.4.4,registry+https://github.com/rust-lang/crates.io-index#poly1305@0.8.0,registry+https://github.com/rust-lang/crates.io-index#zeroize@1.9.0
registry+https://github.com/rust-lang/crates.io-index#cipher@0.4.4	registry+https://github.com/rust-lang/crates.io-index#crypto-common@0.1.7,registry+https://github.com/rust-lang/crates.io-index#inout@0.1.4,registry+https://github.com/rust-lang/crates.io-index#zeroize@1.9.0
registry+https://github.com/rust-lang/crates.io-index#cipher@0.5.2	registry+https://github.com/rust-lang/crates.io-index#block-buffer@0.12.1,registry+https://github.com/rust-lang/crates.io-index#crypto-common@0.2.2,registry+https://github.com/rust-lang/crates.io-index#inout@0.2.2
registry+https://github.com/rust-lang/crates.io-index#concurrent-queue@2.5.0	registry+https://github.com/rust-lang/crates.io-index#crossbeam-utils@0.8.22
registry+https://github.com/rust-lang/crates.io-index#const-oid@0.9.6	
registry+https://github.com/rust-lang/crates.io-index#const-oid@0.10.2	
registry+https://github.com/rust-lang/crates.io-index#const-str@0.4.3	
registry+https://github.com/rust-lang/crates.io-index#const_format@0.2.36	registry+https://github.com/rust-lang/crates.io-index#const_format_proc_macros@0.2.34,registry+https://github.com/rust-lang/crates.io-index#konst@0.2.20
registry+https://github.com/rust-lang/crates.io-index#const_format_proc_macros@0.2.34	registry+https://github.com/rust-lang/crates.io-index#proc-macro2@1.0.107,registry+https://github.com/rust-lang/crates.io-index#quote@1.0.47,registry+https://github.com/rust-lang/crates.io-index#unicode-xid@0.2.6
registry+https://github.com/rust-lang/crates.io-index#constant_time_eq@0.4.2	
registry+https://github.com/rust-lang/crates.io-index#convert_case@0.10.0	registry+https://github.com/rust-lang/crates.io-index#unicode-segmentation@1.13.3
registry+https://github.com/rust-lang/crates.io-index#core-foundation@0.9.4	registry+https://github.com/rust-lang/crates.io-index#core-foundation-sys@0.8.7,registry+https://github.com/rust-lang/crates.io-index#libc@0.2.189
registry+https://github.com/rust-lang/crates.io-index#core-foundation-sys@0.8.7	
registry+https://github.com/rust-lang/crates.io-index#cpubits@0.1.1	
registry+https://github.com/rust-lang/crates.io-index#cpufeatures@0.2.17	registry+https://github.com/rust-lang/crates.io-index#libc@0.2.189
registry+https://github.com/rust-lang/crates.io-index#cpufeatures@0.3.1	registry+https://github.com/rust-lang/crates.io-index#libc@0.2.189
registry+https://github.com/rust-lang/crates.io-index#critical-section@1.2.0	
registry+https://github.com/rust-lang/crates.io-index#crossbeam-channel@0.5.16	registry+https://github.com/rust-lang/crates.io-index#crossbeam-utils@0.8.22
registry+https://github.com/rust-lang/crates.io-index#crossbeam-deque@0.8.7	registry+https://github.com/rust-lang/crates.io-index#crossbeam-epoch@0.9.20,registry+https://github.com/rust-lang/crates.io-index#crossbeam-utils@0.8.22
registry+https://github.com/rust-lang/crates.io-index#crossbeam-epoch@0.9.20	registry+https://github.com/rust-lang/crates.io-index#crossbeam-utils@0.8.22
registry+https://github.com/rust-lang/crates.io-index#crossbeam-utils@0.8.22	
registry+https://github.com/rust-lang/crates.io-index#crunchy@0.2.4	
registry+https://github.com/rust-lang/crates.io-index#crypto-common@0.1.7	registry+https://github.com/rust-lang/crates.io-index#generic-array@0.14.7,registry+https://github.com/rust-lang/crates.io-index#rand_core@0.6.4,registry+https://github.com/rust-lang/crates.io-index#typenum@1.20.1
registry+https://github.com/rust-lang/crates.io-index#crypto-common@0.2.2	registry+https://github.com/rust-lang/crates.io-index#hybrid-array@0.4.14
registry+https://github.com/rust-lang/crates.io-index#ctr@0.9.2	registry+https://github.com/rust-lang/crates.io-index#cipher@0.4.4
registry+https://github.com/rust-lang/crates.io-index#curve25519-dalek@4.1.3	registry+https://github.com/rust-lang/crates.io-index#cfg-if@1.0.4,registry+https://github.com/rust-lang/crates.io-index#cpufeatures@0.2.17,registry+https://github.com/rust-lang/crates.io-index#curve25519-dalek-derive@0.1.1,registry+https://github.com/rust-lang/crates.io-index#digest@0.10.7,registry+https://github.com/rust-lang/crates.io-index#fiat-crypto@0.2.9,registry+https://github.com/rust-lang/crates.io-index#rustc_version@0.4.1,registry+https://github.com/rust-lang/crates.io-index#subtle@2.6.1,registry+https://github.com/rust-lang/crates.io-index#zeroize@1.9.0
registry+https://github.com/rust-lang/crates.io-index#curve25519-dalek-derive@0.1.1	registry+https://github.com/rust-lang/crates.io-index#proc-macro2@1.0.107,registry+https://github.com/rust-lang/crates.io-index#quote@1.0.47,registry+https://github.com/rust-lang/crates.io-index#syn@2.0.119
registry+https://github.com/rust-lang/crates.io-index#data-encoding@2.11.1	
registry+https://github.com/rust-lang/crates.io-index#data-encoding-macro@0.1.21	registry+https://github.com/rust-lang/crates.io-index#data-encoding@2.11.1,registry+https://github.com/rust-lang/crates.io-index#data-encoding-macro-internal@0.1.19
registry+https://github.com/rust-lang/crates.io-index#data-encoding-macro-internal@0.1.19	registry+https://github.com/rust-lang/crates.io-index#data-encoding@2.11.1,registry+https://github.com/rust-lang/crates.io-index#syn@2.0.119
registry+https://github.com/rust-lang/crates.io-index#der@0.7.10	registry+https://github.com/rust-lang/crates.io-index#const-oid@0.9.6,registry+https://github.com/rust-lang/crates.io-index#pem-rfc7468@0.7.0,registry+https://github.com/rust-lang/crates.io-index#zeroize@1.9.0
registry+https://github.com/rust-lang/crates.io-index#der-parser@10.0.0	registry+https://github.com/rust-lang/crates.io-index#asn1-rs@0.7.2,registry+https://github.com/rust-lang/crates.io-index#displaydoc@0.2.7,registry+https://github.com/rust-lang/crates.io-index#nom@7.1.3,registry+https://github.com/rust-lang/crates.io-index#num-bigint@0.4.8,registry+https://github.com/rust-lang/crates.io-index#num-traits@0.2.19,registry+https://github.com/rust-lang/crates.io-index#rusticata-macros@4.1.0
registry+https://github.com/rust-lang/crates.io-index#deranged@0.5.8	
registry+https://github.com/rust-lang/crates.io-index#derive_more@1.0.0	registry+https://github.com/rust-lang/crates.io-index#derive_more-impl@1.0.0
registry+https://github.com/rust-lang/crates.io-index#derive_more@2.1.1	registry+https://github.com/rust-lang/crates.io-index#derive_more-impl@2.1.1
registry+https://github.com/rust-lang/crates.io-index#derive_more-impl@1.0.0	registry+https://github.com/rust-lang/crates.io-index#proc-macro2@1.0.107,registry+https://github.com/rust-lang/crates.io-index#quote@1.0.47,registry+https://github.com/rust-lang/crates.io-index#syn@2.0.119
registry+https://github.com/rust-lang/crates.io-index#derive_more-impl@2.1.1	registry+https://github.com/rust-lang/crates.io-index#convert_case@0.10.0,registry+https://github.com/rust-lang/crates.io-index#proc-macro2@1.0.107,registry+https://github.com/rust-lang/crates.io-index#quote@1.0.47,registry+https://github.com/rust-lang/crates.io-index#rustc_version@0.4.1,registry+https://github.com/rust-lang/crates.io-index#syn@2.0.119,registry+https://github.com/rust-lang/crates.io-index#unicode-xid@0.2.6
registry+https://github.com/rust-lang/crates.io-index#digest@0.10.7	registry+https://github.com/rust-lang/crates.io-index#block-buffer@0.10.4,registry+https://github.com/rust-lang/crates.io-index#crypto-common@0.1.7,registry+https://github.com/rust-lang/crates.io-index#subtle@2.6.1
registry+https://github.com/rust-lang/crates.io-index#digest@0.11.3	registry+https://github.com/rust-lang/crates.io-index#block-buffer@0.12.1,registry+https://github.com/rust-lang/crates.io-index#const-oid@0.10.2,registry+https://github.com/rust-lang/crates.io-index#crypto-common@0.2.2
registry+https://github.com/rust-lang/crates.io-index#displaydoc@0.2.7	registry+https://github.com/rust-lang/crates.io-index#proc-macro2@1.0.107,registry+https://github.com/rust-lang/crates.io-index#quote@1.0.47,registry+https://github.com/rust-lang/crates.io-index#syn@3.0.4
registry+https://github.com/rust-lang/crates.io-index#dtoa@1.0.11	
registry+https://github.com/rust-lang/crates.io-index#ed25519@2.2.3	registry+https://github.com/rust-lang/crates.io-index#pkcs8@0.10.2,registry+https://github.com/rust-lang/crates.io-index#serde@1.0.229,registry+https://github.com/rust-lang/crates.io-index#signature@2.2.0
registry+https://github.com/rust-lang/crates.io-index#ed25519-dalek@2.2.0	registry+https://github.com/rust-lang/crates.io-index#curve25519-dalek@4.1.3,registry+https://github.com/rust-lang/crates.io-index#ed25519@2.2.3,registry+https://github.com/rust-lang/crates.io-index#serde@1.0.229,registry+https://github.com/rust-lang/crates.io-index#sha2@0.10.9,registry+https://github.com/rust-lang/crates.io-index#subtle@2.6.1,registry+https://github.com/rust-lang/crates.io-index#zeroize@1.9.0
registry+https://github.com/rust-lang/crates.io-index#ed25519-zebra@4.2.0	registry+https://github.com/rust-lang/crates.io-index#curve25519-dalek@4.1.3,registry+https://github.com/rust-lang/crates.io-index#ed25519@2.2.3,registry+https://github.com/rust-lang/crates.io-index#hashbrown@0.16.1,registry+https://github.com/rust-lang/crates.io-index#pkcs8@0.10.2,registry+https://github.com/rust-lang/crates.io-index#rand_core@0.6.4,registry+https://github.com/rust-lang/crates.io-index#serde@1.0.229,registry+https://github.com/rust-lang/crates.io-index#sha2@0.10.9,registry+https://github.com/rust-lang/crates.io-index#subtle@2.6.1,registry+https://github.com/rust-lang/crates.io-index#zeroize@1.9.0
registry+https://github.com/rust-lang/crates.io-index#either@1.18.0	
registry+https://github.com/rust-lang/crates.io-index#enum-as-inner@0.6.1	registry+https://github.com/rust-lang/crates.io-index#heck@0.5.0,registry+https://github.com/rust-lang/crates.io-index#proc-macro2@1.0.107,registry+https://github.com/rust-lang/crates.io-index#quote@1.0.47,registry+https://github.com/rust-lang/crates.io-index#syn@2.0.119
registry+https://github.com/rust-lang/crates.io-index#equivalent@1.0.2	
registry+https://github.com/rust-lang/crates.io-index#errno@0.3.14	registry+https://github.com/rust-lang/crates.io-index#libc@0.2.189,registry+https://github.com/rust-lang/crates.io-index#windows-sys@0.61.2
registry+https://github.com/rust-lang/crates.io-index#event-listener@5.4.2	registry+https://github.com/rust-lang/crates.io-index#parking@2.2.1,registry+https://github.com/rust-lang/crates.io-index#pin-project-lite@0.2.17
registry+https://github.com/rust-lang/crates.io-index#event-listener-strategy@0.5.4	registry+https://github.com/rust-lang/crates.io-index#event-listener@5.4.2,registry+https://github.com/rust-lang/crates.io-index#pin-project-lite@0.2.17
registry+https://github.com/rust-lang/crates.io-index#fastbloom@0.17.0	registry+https://github.com/rust-lang/crates.io-index#foldhash@0.2.0,registry+https://github.com/rust-lang/crates.io-index#libm@0.2.16,registry+https://github.com/rust-lang/crates.io-index#portable-atomic@1.15.0,registry+https://github.com/rust-lang/crates.io-index#siphasher@1.0.3
registry+https://github.com/rust-lang/crates.io-index#fastrand@2.5.0	
registry+https://github.com/rust-lang/crates.io-index#fiat-crypto@0.2.9	
registry+https://github.com/rust-lang/crates.io-index#find-msvc-tools@0.1.12	
registry+https://github.com/rust-lang/crates.io-index#fixed-hash@0.8.0	registry+https://github.com/rust-lang/crates.io-index#byteorder@1.5.0,registry+https://github.com/rust-lang/crates.io-index#rand@0.8.8,registry+https://github.com/rust-lang/crates.io-index#rustc-hex@2.1.0,registry+https://github.com/rust-lang/crates.io-index#static_assertions@1.1.0
registry+https://github.com/rust-lang/crates.io-index#fnv@1.0.7	
registry+https://github.com/rust-lang/crates.io-index#foldhash@0.1.5	
registry+https://github.com/rust-lang/crates.io-index#foldhash@0.2.0	
registry+https://github.com/rust-lang/crates.io-index#form_urlencoded@1.2.2	registry+https://github.com/rust-lang/crates.io-index#percent-encoding@2.3.2
registry+https://github.com/rust-lang/crates.io-index#fs2@0.4.3	registry+https://github.com/rust-lang/crates.io-index#libc@0.2.189,registry+https://github.com/rust-lang/crates.io-index#winapi@0.3.9
registry+https://github.com/rust-lang/crates.io-index#funty@2.0.0	
registry+https://github.com/rust-lang/crates.io-index#futures@0.3.34	registry+https://github.com/rust-lang/crates.io-index#futures-channel@0.3.34,registry+https://github.com/rust-lang/crates.io-index#futures-core@0.3.34,registry+https://github.com/rust-lang/crates.io-index#futures-executor@0.3.34,registry+https://github.com/rust-lang/crates.io-index#futures-io@0.3.34,registry+https://github.com/rust-lang/crates.io-index#futures-sink@0.3.34,registry+https://github.com/rust-lang/crates.io-index#futures-task@0.3.34,registry+https://github.com/rust-lang/crates.io-index#futures-util@0.3.34
registry+https://github.com/rust-lang/crates.io-index#futures-bounded@0.2.4	registry+https://github.com/rust-lang/crates.io-index#futures-timer@3.0.4,registry+https://github.com/rust-lang/crates.io-index#futures-util@0.3.34
registry+https://github.com/rust-lang/crates.io-index#futures-channel@0.3.34	registry+https://github.com/rust-lang/crates.io-index#futures-core@0.3.34,registry+https://github.com/rust-lang/crates.io-index#futures-sink@0.3.34
registry+https://github.com/rust-lang/crates.io-index#futures-core@0.3.34	
registry+https://github.com/rust-lang/crates.io-index#futures-executor@0.3.34	registry+https://github.com/rust-lang/crates.io-index#futures-core@0.3.34,registry+https://github.com/rust-lang/crates.io-index#futures-task@0.3.34,registry+https://github.com/rust-lang/crates.io-index#futures-util@0.3.34
registry+https://github.com/rust-lang/crates.io-index#futures-io@0.3.34	
registry+https://github.com/rust-lang/crates.io-index#futures-lite@2.6.1	registry+https://github.com/rust-lang/crates.io-index#futures-core@0.3.34,registry+https://github.com/rust-lang/crates.io-index#pin-project-lite@0.2.17
registry+https://github.com/rust-lang/crates.io-index#futures-macro@0.3.34	registry+https://github.com/rust-lang/crates.io-index#proc-macro2@1.0.107,registry+https://github.com/rust-lang/crates.io-index#quote@1.0.47,registry+https://github.com/rust-lang/crates.io-index#syn@3.0.4
registry+https://github.com/rust-lang/crates.io-index#futures-rustls@0.26.0	registry+https://github.com/rust-lang/crates.io-index#futures-io@0.3.34,registry+https://github.com/rust-lang/crates.io-index#rustls@0.23.43,registry+https://github.com/rust-lang/crates.io-index#rustls-pki-types@1.15.1
registry+https://github.com/rust-lang/crates.io-index#futures-sink@0.3.34	
registry+https://github.com/rust-lang/crates.io-index#futures-task@0.3.34	
registry+https://github.com/rust-lang/crates.io-index#futures-timer@3.0.4	
registry+https://github.com/rust-lang/crates.io-index#futures-util@0.3.34	registry+https://github.com/rust-lang/crates.io-index#futures-channel@0.3.34,registry+https://github.com/rust-lang/crates.io-index#futures-core@0.3.34,registry+https://github.com/rust-lang/crates.io-index#futures-io@0.3.34,registry+https://github.com/rust-lang/crates.io-index#futures-macro@0.3.34,registry+https://github.com/rust-lang/crates.io-index#futures-sink@0.3.34,registry+https://github.com/rust-lang/crates.io-index#futures-task@0.3.34,registry+https://github.com/rust-lang/crates.io-index#memchr@2.8.3,registry+https://github.com/rust-lang/crates.io-index#pin-project-lite@0.2.17,registry+https://github.com/rust-lang/crates.io-index#slab@0.4.12
registry+https://github.com/rust-lang/crates.io-index#futures_ringbuf@0.4.0	registry+https://github.com/rust-lang/crates.io-index#futures@0.3.34,registry+https://github.com/rust-lang/crates.io-index#log@0.4.34,registry+https://github.com/rust-lang/crates.io-index#ringbuf@0.3.3,registry+https://github.com/rust-lang/crates.io-index#rustc_version@0.4.1
registry+https://github.com/rust-lang/crates.io-index#generic-array@0.14.7	registry+https://github.com/rust-lang/crates.io-index#typenum@1.20.1,registry+https://github.com/rust-lang/crates.io-index#version_check@0.9.5
registry+https://github.com/rust-lang/crates.io-index#getrandom@0.2.17	registry+https://github.com/rust-lang/crates.io-index#cfg-if@1.0.4,registry+https://github.com/rust-lang/crates.io-index#js-sys@0.3.104,registry+https://github.com/rust-lang/crates.io-index#libc@0.2.189,registry+https://github.com/rust-lang/crates.io-index#wasi@0.11.1+wasi-snapshot-preview1,registry+https://github.com/rust-lang/crates.io-index#wasm-bindgen@0.2.127
registry+https://github.com/rust-lang/crates.io-index#getrandom@0.3.4	registry+https://github.com/rust-lang/crates.io-index#cfg-if@1.0.4,registry+https://github.com/rust-lang/crates.io-index#libc@0.2.189,registry+https://github.com/rust-lang/crates.io-index#r-efi@5.3.0,registry+https://github.com/rust-lang/crates.io-index#wasip2@1.0.4+wasi-0.2.12
registry+https://github.com/rust-lang/crates.io-index#getrandom@0.4.3	registry+https://github.com/rust-lang/crates.io-index#cfg-if@1.0.4,registry+https://github.com/rust-lang/crates.io-index#js-sys@0.3.104,registry+https://github.com/rust-lang/crates.io-index#libc@0.2.189,registry+https://github.com/rust-lang/crates.io-index#r-efi@6.0.0,registry+https://github.com/rust-lang/crates.io-index#rand_core@0.10.1,registry+https://github.com/rust-lang/crates.io-index#wasm-bindgen@0.2.127
registry+https://github.com/rust-lang/crates.io-index#getrandom_or_panic@0.0.3	registry+https://github.com/rust-lang/crates.io-index#rand@0.8.8,registry+https://github.com/rust-lang/crates.io-index#rand_core@0.6.4
registry+https://github.com/rust-lang/crates.io-index#ghash@0.5.1	registry+https://github.com/rust-lang/crates.io-index#opaque-debug@0.3.1,registry+https://github.com/rust-lang/crates.io-index#polyval@0.6.2
registry+https://github.com/rust-lang/crates.io-index#glob@0.3.4	
registry+https://github.com/rust-lang/crates.io-index#h2@0.4.19	registry+https://github.com/rust-lang/crates.io-index#atomic-waker@1.1.2,registry+https://github.com/rust-lang/crates.io-index#bytes@1.12.1,registry+https://github.com/rust-lang/crates.io-index#fnv@1.0.7,registry+https://github.com/rust-lang/crates.io-index#futures-core@0.3.34,registry+https://github.com/rust-lang/crates.io-index#futures-sink@0.3.34,registry+https://github.com/rust-lang/crates.io-index#http@1.5.0,registry+https://github.com/rust-lang/crates.io-index#indexmap@2.14.1,registry+https://github.com/rust-lang/crates.io-index#slab@0.4.12,registry+https://github.com/rust-lang/crates.io-index#tokio@1.53.1,registry+https://github.com/rust-lang/crates.io-index#tokio-util@0.7.19,registry+https://github.com/rust-lang/crates.io-index#tracing@0.1.44
registry+https://github.com/rust-lang/crates.io-index#hashbrown@0.14.5	registry+https://github.com/rust-lang/crates.io-index#ahash@0.8.12
registry+https://github.com/rust-lang/crates.io-index#hashbrown@0.15.5	registry+https://github.com/rust-lang/crates.io-index#foldhash@0.1.5
registry+https://github.com/rust-lang/crates.io-index#hashbrown@0.16.1	registry+https://github.com/rust-lang/crates.io-index#allocator-api2@0.2.21,registry+https://github.com/rust-lang/crates.io-index#equivalent@1.0.2,registry+https://github.com/rust-lang/crates.io-index#foldhash@0.2.0
registry+https://github.com/rust-lang/crates.io-index#hashbrown@0.17.1	
registry+https://github.com/rust-lang/crates.io-index#hashlink@0.9.1	registry+https://github.com/rust-lang/crates.io-index#hashbrown@0.14.5
registry+https://github.com/rust-lang/crates.io-index#hashlink@0.10.0	registry+https://github.com/rust-lang/crates.io-index#hashbrown@0.15.5
registry+https://github.com/rust-lang/crates.io-index#heck@0.5.0	
registry+https://github.com/rust-lang/crates.io-index#hermit-abi@0.5.3	
registry+https://github.com/rust-lang/crates.io-index#hex@0.4.3	registry+https://github.com/rust-lang/crates.io-index#serde@1.0.229
registry+https://github.com/rust-lang/crates.io-index#hex_fmt@0.3.0	
registry+https://github.com/rust-lang/crates.io-index#hickory-proto@0.25.2	registry+https://github.com/rust-lang/crates.io-index#async-trait@0.1.92,registry+https://github.com/rust-lang/crates.io-index#cfg-if@1.0.4,registry+https://github.com/rust-lang/crates.io-index#data-encoding@2.11.1,registry+https://github.com/rust-lang/crates.io-index#enum-as-inner@0.6.1,registry+https://github.com/rust-lang/crates.io-index#futures-channel@0.3.34,registry+https://github.com/rust-lang/crates.io-index#futures-io@0.3.34,registry+https://github.com/rust-lang/crates.io-index#futures-util@0.3.34,registry+https://github.com/rust-lang/crates.io-index#idna@1.1.0,registry+https://github.com/rust-lang/crates.io-index#ipnet@2.12.1,registry+https://github.com/rust-lang/crates.io-index#once_cell@1.21.4,registry+https://github.com/rust-lang/crates.io-index#rand@0.9.5,registry+https://github.com/rust-lang/crates.io-index#ring@0.17.14,registry+https://github.com/rust-lang/crates.io-index#socket2@0.5.10,registry+https://github.com/rust-lang/crates.io-index#thiserror@2.0.20,registry+https://github.com/rust-lang/crates.io-index#tinyvec@1.13.2,registry+https://github.com/rust-lang/crates.io-index#tokio@1.53.1,registry+https://github.com/rust-lang/crates.io-index#tracing@0.1.44,registry+https://github.com/rust-lang/crates.io-index#url@2.5.8
registry+https://github.com/rust-lang/crates.io-index#hickory-resolver@0.25.2	registry+https://github.com/rust-lang/crates.io-index#cfg-if@1.0.4,registry+https://github.com/rust-lang/crates.io-index#futures-util@0.3.34,registry+https://github.com/rust-lang/crates.io-index#hickory-proto@0.25.2,registry+https://github.com/rust-lang/crates.io-index#ipconfig@0.3.4,registry+https://github.com/rust-lang/crates.io-index#moka@0.12.16,registry+https://github.com/rust-lang/crates.io-index#once_cell@1.21.4,registry+https://github.com/rust-lang/crates.io-index#parking_lot@0.12.5,registry+https://github.com/rust-lang/crates.io-index#rand@0.9.5,registry+https://github.com/rust-lang/crates.io-index#resolv-conf@0.7.6,registry+https://github.com/rust-lang/crates.io-index#smallvec@1.16.0,registry+https://github.com/rust-lang/crates.io-index#thiserror@2.0.20,registry+https://github.com/rust-lang/crates.io-index#tokio@1.53.1,registry+https://github.com/rust-lang/crates.io-index#tracing@0.1.44
registry+https://github.com/rust-lang/crates.io-index#hkdf@0.12.4	registry+https://github.com/rust-lang/crates.io-index#hmac@0.12.1
registry+https://github.com/rust-lang/crates.io-index#hmac@0.12.1	registry+https://github.com/rust-lang/crates.io-index#digest@0.10.7
registry+https://github.com/rust-lang/crates.io-index#http@1.5.0	registry+https://github.com/rust-lang/crates.io-index#bytes@1.12.1,registry+https://github.com/rust-lang/crates.io-index#itoa@1.0.18
registry+https://github.com/rust-lang/crates.io-index#http-body@1.1.0	registry+https://github.com/rust-lang/crates.io-index#bytes@1.12.1,registry+https://github.com/rust-lang/crates.io-index#http@1.5.0
registry+https://github.com/rust-lang/crates.io-index#http-body-util@0.1.5	registry+https://github.com/rust-lang/crates.io-index#bytes@1.12.1,registry+https://github.com/rust-lang/crates.io-index#futures-core@0.3.34,registry+https://github.com/rust-lang/crates.io-index#http@1.5.0,registry+https://github.com/rust-lang/crates.io-index#http-body@1.1.0,registry+https://github.com/rust-lang/crates.io-index#pin-project-lite@0.2.17
registry+https://github.com/rust-lang/crates.io-index#httparse@1.10.1	
registry+https://github.com/rust-lang/crates.io-index#hybrid-array@0.4.14	registry+https://github.com/rust-lang/crates.io-index#typenum@1.20.1
registry+https://github.com/rust-lang/crates.io-index#hyper@1.11.1	registry+https://github.com/rust-lang/crates.io-index#atomic-waker@1.1.2,registry+https://github.com/rust-lang/crates.io-index#bytes@1.12.1,registry+https://github.com/rust-lang/crates.io-index#futures-channel@0.3.34,registry+https://github.com/rust-lang/crates.io-index#futures-core@0.3.34,registry+https://github.com/rust-lang/crates.io-index#h2@0.4.19,registry+https://github.com/rust-lang/crates.io-index#http@1.5.0,registry+https://github.com/rust-lang/crates.io-index#http-body@1.1.0,registry+https://github.com/rust-lang/crates.io-index#httparse@1.10.1,registry+https://github.com/rust-lang/crates.io-index#itoa@1.0.18,registry+https://github.com/rust-lang/crates.io-index#pin-project-lite@0.2.17,registry+https://github.com/rust-lang/crates.io-index#smallvec@1.16.0,registry+https://github.com/rust-lang/crates.io-index#tokio@1.53.1,registry+https://github.com/rust-lang/crates.io-index#want@0.3.1
registry+https://github.com/rust-lang/crates.io-index#hyper-util@0.1.20	registry+https://github.com/rust-lang/crates.io-index#bytes@1.12.1,registry+https://github.com/rust-lang/crates.io-index#futures-channel@0.3.34,registry+https://github.com/rust-lang/crates.io-index#futures-util@0.3.34,registry+https://github.com/rust-lang/crates.io-index#http@1.5.0,registry+https://github.com/rust-lang/crates.io-index#http-body@1.1.0,registry+https://github.com/rust-lang/crates.io-index#hyper@1.11.1,registry+https://github.com/rust-lang/crates.io-index#libc@0.2.189,registry+https://github.com/rust-lang/crates.io-index#pin-project-lite@0.2.17,registry+https://github.com/rust-lang/crates.io-index#socket2@0.6.5,registry+https://github.com/rust-lang/crates.io-index#tokio@1.53.1,registry+https://github.com/rust-lang/crates.io-index#tower-service@0.3.3,registry+https://github.com/rust-lang/crates.io-index#tracing@0.1.44
registry+https://github.com/rust-lang/crates.io-index#icu_collections@2.3.0	registry+https://github.com/rust-lang/crates.io-index#displaydoc@0.2.7,registry+https://github.com/rust-lang/crates.io-index#potential_utf@0.1.6,registry+https://github.com/rust-lang/crates.io-index#utf8_iter@1.0.4,registry+https://github.com/rust-lang/crates.io-index#yoke@0.8.3,registry+https://github.com/rust-lang/crates.io-index#zerofrom@0.1.8,registry+https://github.com/rust-lang/crates.io-index#zerovec@0.11.8
registry+https://github.com/rust-lang/crates.io-index#icu_locale_core@2.3.0	registry+https://github.com/rust-lang/crates.io-index#displaydoc@0.2.7,registry+https://github.com/rust-lang/crates.io-index#litemap@0.8.3,registry+https://github.com/rust-lang/crates.io-index#tinystr@0.8.4,registry+https://github.com/rust-lang/crates.io-index#writeable@0.6.4,registry+https://github.com/rust-lang/crates.io-index#zerovec@0.11.8
registry+https://github.com/rust-lang/crates.io-index#icu_normalizer@2.3.0	registry+https://github.com/rust-lang/crates.io-index#icu_collections@2.3.0,registry+https://github.com/rust-lang/crates.io-index#icu_normalizer_data@2.3.0,registry+https://github.com/rust-lang/crates.io-index#icu_properties@2.3.0,registry+https://github.com/rust-lang/crates.io-index#icu_provider@2.3.1,registry+https://github.com/rust-lang/crates.io-index#smallvec@1.16.0,registry+https://github.com/rust-lang/crates.io-index#zerovec@0.11.8
registry+https://github.com/rust-lang/crates.io-index#icu_normalizer_data@2.3.0	
registry+https://github.com/rust-lang/crates.io-index#icu_properties@2.3.0	registry+https://github.com/rust-lang/crates.io-index#displaydoc@0.2.7,registry+https://github.com/rust-lang/crates.io-index#icu_collections@2.3.0,registry+https://github.com/rust-lang/crates.io-index#icu_locale_core@2.3.0,registry+https://github.com/rust-lang/crates.io-index#icu_properties_data@2.3.0,registry+https://github.com/rust-lang/crates.io-index#icu_provider@2.3.1,registry+https://github.com/rust-lang/crates.io-index#zerotrie@0.2.5,registry+https://github.com/rust-lang/crates.io-index#zerovec@0.11.8
registry+https://github.com/rust-lang/crates.io-index#icu_properties_data@2.3.0	
registry+https://github.com/rust-lang/crates.io-index#icu_provider@2.3.1	registry+https://github.com/rust-lang/crates.io-index#displaydoc@0.2.7,registry+https://github.com/rust-lang/crates.io-index#icu_locale_core@2.3.0,registry+https://github.com/rust-lang/crates.io-index#writeable@0.6.4,registry+https://github.com/rust-lang/crates.io-index#yoke@0.8.3,registry+https://github.com/rust-lang/crates.io-index#zerofrom@0.1.8,registry+https://github.com/rust-lang/crates.io-index#zerotrie@0.2.5,registry+https://github.com/rust-lang/crates.io-index#zerovec@0.11.8
registry+https://github.com/rust-lang/crates.io-index#idna@1.1.0	registry+https://github.com/rust-lang/crates.io-index#idna_adapter@1.2.2,registry+https://github.com/rust-lang/crates.io-index#smallvec@1.16.0,registry+https://github.com/rust-lang/crates.io-index#utf8_iter@1.0.4
registry+https://github.com/rust-lang/crates.io-index#idna_adapter@1.2.2	registry+https://github.com/rust-lang/crates.io-index#icu_normalizer@2.3.0,registry+https://github.com/rust-lang/crates.io-index#icu_properties@2.3.0
registry+https://github.com/rust-lang/crates.io-index#if-addrs@0.15.0	registry+https://github.com/rust-lang/crates.io-index#libc@0.2.189,registry+https://github.com/rust-lang/crates.io-index#windows-sys@0.61.2
registry+https://github.com/rust-lang/crates.io-index#if-watch@3.2.2	registry+https://github.com/rust-lang/crates.io-index#async-io@2.6.0,registry+https://github.com/rust-lang/crates.io-index#core-foundation@0.9.4,registry+https://github.com/rust-lang/crates.io-index#fnv@1.0.7,registry+https://github.com/rust-lang/crates.io-index#futures@0.3.34,registry+https://github.com/rust-lang/crates.io-index#if-addrs@0.15.0,registry+https://github.com/rust-lang/crates.io-index#ipnet@2.12.1,registry+https://github.com/rust-lang/crates.io-index#log@0.4.34,registry+https://github.com/rust-lang/crates.io-index#netlink-packet-core@0.8.2,registry+https://github.com/rust-lang/crates.io-index#netlink-packet-route@0.28.0,registry+https://github.com/rust-lang/crates.io-index#netlink-proto@0.12.2,registry+https://github.com/rust-lang/crates.io-index#netlink-sys@0.8.8,registry+https://github.com/rust-lang/crates.io-index#rtnetlink@0.20.0,registry+https://github.com/rust-lang/crates.io-index#system-configuration@0.7.0,registry+https://github.com/rust-lang/crates.io-index#tokio@1.53.1,registry+https://github.com/rust-lang/crates.io-index#windows@0.62.2
registry+https://github.com/rust-lang/crates.io-index#igd-next@0.16.2	registry+https://github.com/rust-lang/crates.io-index#async-trait@0.1.92,registry+https://github.com/rust-lang/crates.io-index#attohttpc@0.30.1,registry+https://github.com/rust-lang/crates.io-index#bytes@1.12.1,registry+https://github.com/rust-lang/crates.io-index#futures@0.3.34,registry+https://github.com/rust-lang/crates.io-index#http@1.5.0,registry+https://github.com/rust-lang/crates.io-index#http-body-util@0.1.5,registry+https://github.com/rust-lang/crates.io-index#hyper@1.11.1,registry+https://github.com/rust-lang/crates.io-index#hyper-util@0.1.20,registry+https://github.com/rust-lang/crates.io-index#log@0.4.34,registry+https://github.com/rust-lang/crates.io-index#rand@0.9.5,registry+https://github.com/rust-lang/crates.io-index#tokio@1.53.1,registry+https://github.com/rust-lang/crates.io-index#url@2.5.8,registry+https://github.com/rust-lang/crates.io-index#xmltree@0.10.3
registry+https://github.com/rust-lang/crates.io-index#impl-codec@0.7.1	registry+https://github.com/rust-lang/crates.io-index#parity-scale-codec@3.7.5
registry+https://github.com/rust-lang/crates.io-index#impl-trait-for-tuples@0.2.3	registry+https://github.com/rust-lang/crates.io-index#proc-macro2@1.0.107,registry+https://github.com/rust-lang/crates.io-index#quote@1.0.47,registry+https://github.com/rust-lang/crates.io-index#syn@2.0.119
registry+https://github.com/rust-lang/crates.io-index#indexmap@2.14.1	registry+https://github.com/rust-lang/crates.io-index#equivalent@1.0.2,registry+https://github.com/rust-lang/crates.io-index#hashbrown@0.17.1
registry+https://github.com/rust-lang/crates.io-index#inout@0.1.4	registry+https://github.com/rust-lang/crates.io-index#generic-array@0.14.7
registry+https://github.com/rust-lang/crates.io-index#inout@0.2.2	registry+https://github.com/rust-lang/crates.io-index#hybrid-array@0.4.14
registry+https://github.com/rust-lang/crates.io-index#instant@0.1.13	registry+https://github.com/rust-lang/crates.io-index#cfg-if@1.0.4
registry+https://github.com/rust-lang/crates.io-index#ipconfig@0.3.4	registry+https://github.com/rust-lang/crates.io-index#socket2@0.6.5,registry+https://github.com/rust-lang/crates.io-index#widestring@1.2.1,registry+https://github.com/rust-lang/crates.io-index#windows-registry@0.6.1,registry+https://github.com/rust-lang/crates.io-index#windows-result@0.4.1,registry+https://github.com/rust-lang/crates.io-index#windows-sys@0.61.2
registry+https://github.com/rust-lang/crates.io-index#ipnet@2.12.1	
registry+https://github.com/rust-lang/crates.io-index#itertools@0.14.0	registry+https://github.com/rust-lang/crates.io-index#either@1.18.0
registry+https://github.com/rust-lang/crates.io-index#itoa@1.0.18	
registry+https://github.com/rust-lang/crates.io-index#js-sys@0.3.104	registry+https://github.com/rust-lang/crates.io-index#cfg-if@1.0.4,registry+https://github.com/rust-lang/crates.io-index#futures-util@0.3.34,registry+https://github.com/rust-lang/crates.io-index#wasm-bindgen@0.2.127
registry+https://github.com/rust-lang/crates.io-index#keccak@0.1.6	registry+https://github.com/rust-lang/crates.io-index#cpufeatures@0.2.17
registry+https://github.com/rust-lang/crates.io-index#keccak@0.2.2	registry+https://github.com/rust-lang/crates.io-index#cfg-if@1.0.4,registry+https://github.com/rust-lang/crates.io-index#cpufeatures@0.3.1
registry+https://github.com/rust-lang/crates.io-index#konst@0.2.20	registry+https://github.com/rust-lang/crates.io-index#konst_macro_rules@0.2.19
registry+https://github.com/rust-lang/crates.io-index#konst_macro_rules@0.2.19	
git+https://github.com/grandinetech/rust-kzg?rev=8f5f1a0f73b3c529c77cb880ff8d265830c7d7ac#kzg@0.1.0	registry+https://github.com/rust-lang/crates.io-index#blst@0.3.17,registry+https://github.com/rust-lang/crates.io-index#num_cpus@1.17.0,registry+https://github.com/rust-lang/crates.io-index#rayon@1.12.0,registry+https://github.com/rust-lang/crates.io-index#sha2@0.10.9,registry+https://github.com/rust-lang/crates.io-index#siphasher@1.0.3,registry+https://github.com/rust-lang/crates.io-index#threadpool@1.8.1
registry+https://github.com/rust-lang/crates.io-index#lazy_static@1.5.0	
registry+https://github.com/rust-lang/crates.io-index#libc@0.2.189	
registry+https://github.com/rust-lang/crates.io-index#libm@0.2.16	
registry+https://github.com/rust-lang/crates.io-index#libp2p@0.56.0	registry+https://github.com/rust-lang/crates.io-index#bytes@1.12.1,registry+https://github.com/rust-lang/crates.io-index#either@1.18.0,registry+https://github.com/rust-lang/crates.io-index#futures@0.3.34,registry+https://github.com/rust-lang/crates.io-index#futures-timer@3.0.4,registry+https://github.com/rust-lang/crates.io-index#getrandom@0.2.17,registry+https://github.com/rust-lang/crates.io-index#libp2p-allow-block-list@0.6.0,registry+https://github.com/rust-lang/crates.io-index#libp2p-connection-limits@0.6.0,registry+https://github.com/rust-lang/crates.io-index#libp2p-core@0.43.2,registry+https://github.com/rust-lang/crates.io-index#libp2p-dns@0.44.0,registry+https://github.com/rust-lang/crates.io-index#libp2p-gossipsub@0.49.5,registry+https://github.com/rust-lang/crates.io-index#libp2p-identify@0.47.0,registry+https://github.com/rust-lang/crates.io-index#libp2p-identity@0.2.14,registry+https://github.com/rust-lang/crates.io-index#libp2p-kad@0.48.0,registry+https://github.com/rust-lang/crates.io-index#libp2p-mdns@0.48.0,registry+https://github.com/rust-lang/crates.io-index#libp2p-metrics@0.17.0,registry+https://github.com/rust-lang/crates.io-index#libp2p-noise@0.46.1,registry+https://github.com/rust-lang/crates.io-index#libp2p-ping@0.47.0,registry+https://github.com/rust-lang/crates.io-index#libp2p-quic@0.13.1,registry+https://github.com/rust-lang/crates.io-index#libp2p-request-response@0.29.0,registry+https://github.com/rust-lang/crates.io-index#libp2p-swarm@0.47.1,registry+https://github.com/rust-lang/crates.io-index#libp2p-tcp@0.44.1,registry+https://github.com/rust-lang/crates.io-index#libp2p-upnp@0.5.0,registry+https://github.com/rust-lang/crates.io-index#libp2p-yamux@0.47.0,registry+https://github.com/rust-lang/crates.io-index#multiaddr@0.18.2,registry+https://github.com/rust-lang/crates.io-index#pin-project@1.1.13,registry+https://github.com/rust-lang/crates.io-index#rw-stream-sink@0.4.0,registry+https://github.com/rust-lang/crates.io-index#thiserror@2.0.20
registry+https://github.com/rust-lang/crates.io-index#libp2p-allow-block-list@0.6.0	registry+https://github.com/rust-lang/crates.io-index#libp2p-core@0.43.2,registry+https://github.com/rust-lang/crates.io-index#libp2p-identity@0.2.14,registry+https://github.com/rust-lang/crates.io-index#libp2p-swarm@0.47.1
registry+https://github.com/rust-lang/crates.io-index#libp2p-connection-limits@0.6.0	registry+https://github.com/rust-lang/crates.io-index#libp2p-core@0.43.2,registry+https://github.com/rust-lang/crates.io-index#libp2p-identity@0.2.14,registry+https://github.com/rust-lang/crates.io-index#libp2p-swarm@0.47.1
registry+https://github.com/rust-lang/crates.io-index#libp2p-core@0.43.2	registry+https://github.com/rust-lang/crates.io-index#either@1.18.0,registry+https://github.com/rust-lang/crates.io-index#fnv@1.0.7,registry+https://github.com/rust-lang/crates.io-index#futures@0.3.34,registry+https://github.com/rust-lang/crates.io-index#futures-timer@3.0.4,registry+https://github.com/rust-lang/crates.io-index#libp2p-identity@0.2.14,registry+https://github.com/rust-lang/crates.io-index#multiaddr@0.18.2,registry+https://github.com/rust-lang/crates.io-index#multihash@0.19.5,registry+https://github.com/rust-lang/crates.io-index#multistream-select@0.13.0,registry+https://github.com/rust-lang/crates.io-index#parking_lot@0.12.5,registry+https://github.com/rust-lang/crates.io-index#pin-project@1.1.13,registry+https://github.com/rust-lang/crates.io-index#quick-protobuf@0.8.1,registry+https://github.com/rust-lang/crates.io-index#rand@0.8.8,registry+https://github.com/rust-lang/crates.io-index#rw-stream-sink@0.4.0,registry+https://github.com/rust-lang/crates.io-index#thiserror@2.0.20,registry+https://github.com/rust-lang/crates.io-index#tracing@0.1.44,registry+https://github.com/rust-lang/crates.io-index#unsigned-varint@0.8.0,registry+https://github.com/rust-lang/crates.io-index#web-time@1.1.0
registry+https://github.com/rust-lang/crates.io-index#libp2p-dns@0.44.0	registry+https://github.com/rust-lang/crates.io-index#async-trait@0.1.92,registry+https://github.com/rust-lang/crates.io-index#futures@0.3.34,registry+https://github.com/rust-lang/crates.io-index#hickory-resolver@0.25.2,registry+https://github.com/rust-lang/crates.io-index#libp2p-core@0.43.2,registry+https://github.com/rust-lang/crates.io-index#libp2p-identity@0.2.14,registry+https://github.com/rust-lang/crates.io-index#parking_lot@0.12.5,registry+https://github.com/rust-lang/crates.io-index#smallvec@1.16.0,registry+https://github.com/rust-lang/crates.io-index#tracing@0.1.44
registry+https://github.com/rust-lang/crates.io-index#libp2p-gossipsub@0.49.5	registry+https://github.com/rust-lang/crates.io-index#async-channel@2.5.0,registry+https://github.com/rust-lang/crates.io-index#asynchronous-codec@0.7.0,registry+https://github.com/rust-lang/crates.io-index#base64@0.22.1,registry+https://github.com/rust-lang/crates.io-index#byteorder@1.5.0,registry+https://github.com/rust-lang/crates.io-index#bytes@1.12.1,registry+https://github.com/rust-lang/crates.io-index#either@1.18.0,registry+https://github.com/rust-lang/crates.io-index#fnv@1.0.7,registry+https://github.com/rust-lang/crates.io-index#futures@0.3.34,registry+https://github.com/rust-lang/crates.io-index#futures-timer@3.0.4,registry+https://github.com/rust-lang/crates.io-index#getrandom@0.2.17,registry+https://github.com/rust-lang/crates.io-index#hashlink@0.9.1,registry+https://github.com/rust-lang/crates.io-index#hex_fmt@0.3.0,registry+https://github.com/rust-lang/crates.io-index#libp2p-core@0.43.2,registry+https://github.com/rust-lang/crates.io-index#libp2p-identity@0.2.14,registry+https://github.com/rust-lang/crates.io-index#libp2p-swarm@0.47.1,registry+https://github.com/rust-lang/crates.io-index#quick-protobuf@0.8.1,registry+https://github.com/rust-lang/crates.io-index#quick-protobuf-codec@0.3.1,registry+https://github.com/rust-lang/crates.io-index#rand@0.8.8,registry+https://github.com/rust-lang/crates.io-index#regex@1.13.1,registry+https://github.com/rust-lang/crates.io-index#sha2@0.10.9,registry+https://github.com/rust-lang/crates.io-index#tracing@0.1.44,registry+https://github.com/rust-lang/crates.io-index#web-time@1.1.0
registry+https://github.com/rust-lang/crates.io-index#libp2p-identify@0.47.0	registry+https://github.com/rust-lang/crates.io-index#asynchronous-codec@0.7.0,registry+https://github.com/rust-lang/crates.io-index#either@1.18.0,registry+https://github.com/rust-lang/crates.io-index#futures@0.3.34,registry+https://github.com/rust-lang/crates.io-index#futures-bounded@0.2.4,registry+https://github.com/rust-lang/crates.io-index#futures-timer@3.0.4,registry+https://github.com/rust-lang/crates.io-index#libp2p-core@0.43.2,registry+https://github.com/rust-lang/crates.io-index#libp2p-identity@0.2.14,registry+https://github.com/rust-lang/crates.io-index#libp2p-swarm@0.47.1,registry+https://github.com/rust-lang/crates.io-index#quick-protobuf@0.8.1,registry+https://github.com/rust-lang/crates.io-index#quick-protobuf-codec@0.3.1,registry+https://github.com/rust-lang/crates.io-index#smallvec@1.16.0,registry+https://github.com/rust-lang/crates.io-index#thiserror@2.0.20,registry+https://github.com/rust-lang/crates.io-index#tracing@0.1.44
registry+https://github.com/rust-lang/crates.io-index#libp2p-identity@0.2.14	registry+https://github.com/rust-lang/crates.io-index#bs58@0.5.1,registry+https://github.com/rust-lang/crates.io-index#ed25519-dalek@2.2.0,registry+https://github.com/rust-lang/crates.io-index#hkdf@0.12.4,registry+https://github.com/rust-lang/crates.io-index#multihash@0.19.5,registry+https://github.com/rust-lang/crates.io-index#prost@0.14.4,registry+https://github.com/rust-lang/crates.io-index#rand@0.8.8,registry+https://github.com/rust-lang/crates.io-index#sha2@0.10.9,registry+https://github.com/rust-lang/crates.io-index#thiserror@2.0.20,registry+https://github.com/rust-lang/crates.io-index#tracing@0.1.44,registry+https://github.com/rust-lang/crates.io-index#zeroize@1.9.0
registry+https://github.com/rust-lang/crates.io-index#libp2p-kad@0.48.0	registry+https://github.com/rust-lang/crates.io-index#asynchronous-codec@0.7.0,registry+https://github.com/rust-lang/crates.io-index#bytes@1.12.1,registry+https://github.com/rust-lang/crates.io-index#either@1.18.0,registry+https://github.com/rust-lang/crates.io-index#fnv@1.0.7,registry+https://github.com/rust-lang/crates.io-index#futures@0.3.34,registry+https://github.com/rust-lang/crates.io-index#futures-bounded@0.2.4,registry+https://github.com/rust-lang/crates.io-index#futures-timer@3.0.4,registry+https://github.com/rust-lang/crates.io-index#libp2p-core@0.43.2,registry+https://github.com/rust-lang/crates.io-index#libp2p-identity@0.2.14,registry+https://github.com/rust-lang/crates.io-index#libp2p-swarm@0.47.1,registry+https://github.com/rust-lang/crates.io-index#quick-protobuf@0.8.1,registry+https://github.com/rust-lang/crates.io-index#quick-protobuf-codec@0.3.1,registry+https://github.com/rust-lang/crates.io-index#rand@0.8.8,registry+https://github.com/rust-lang/crates.io-index#sha2@0.10.9,registry+https://github.com/rust-lang/crates.io-index#smallvec@1.16.0,registry+https://github.com/rust-lang/crates.io-index#thiserror@2.0.20,registry+https://github.com/rust-lang/crates.io-index#tracing@0.1.44,registry+https://github.com/rust-lang/crates.io-index#uint@0.10.1,registry+https://github.com/rust-lang/crates.io-index#web-time@1.1.0
registry+https://github.com/rust-lang/crates.io-index#libp2p-mdns@0.48.0	registry+https://github.com/rust-lang/crates.io-index#futures@0.3.34,registry+https://github.com/rust-lang/crates.io-index#hickory-proto@0.25.2,registry+https://github.com/rust-lang/crates.io-index#if-watch@3.2.2,registry+https://github.com/rust-lang/crates.io-index#libp2p-core@0.43.2,registry+https://github.com/rust-lang/crates.io-index#libp2p-identity@0.2.14,registry+https://github.com/rust-lang/crates.io-index#libp2p-swarm@0.47.1,registry+https://github.com/rust-lang/crates.io-index#rand@0.8.8,registry+https://github.com/rust-lang/crates.io-index#smallvec@1.16.0,registry+https://github.com/rust-lang/crates.io-index#socket2@0.5.10,registry+https://github.com/rust-lang/crates.io-index#tokio@1.53.1,registry+https://github.com/rust-lang/crates.io-index#tracing@0.1.44
registry+https://github.com/rust-lang/crates.io-index#libp2p-metrics@0.17.0	registry+https://github.com/rust-lang/crates.io-index#futures@0.3.34,registry+https://github.com/rust-lang/crates.io-index#libp2p-core@0.43.2,registry+https://github.com/rust-lang/crates.io-index#libp2p-gossipsub@0.49.5,registry+https://github.com/rust-lang/crates.io-index#libp2p-identify@0.47.0,registry+https://github.com/rust-lang/crates.io-index#libp2p-identity@0.2.14,registry+https://github.com/rust-lang/crates.io-index#libp2p-kad@0.48.0,registry+https://github.com/rust-lang/crates.io-index#libp2p-ping@0.47.0,registry+https://github.com/rust-lang/crates.io-index#libp2p-swarm@0.47.1,registry+https://github.com/rust-lang/crates.io-index#pin-project@1.1.13,registry+https://github.com/rust-lang/crates.io-index#prometheus-client@0.23.1,registry+https://github.com/rust-lang/crates.io-index#web-time@1.1.0
registry+https://github.com/rust-lang/crates.io-index#libp2p-noise@0.46.1	registry+https://github.com/rust-lang/crates.io-index#asynchronous-codec@0.7.0,registry+https://github.com/rust-lang/crates.io-index#bytes@1.12.1,registry+https://github.com/rust-lang/crates.io-index#futures@0.3.34,registry+https://github.com/rust-lang/crates.io-index#libp2p-core@0.43.2,registry+https://github.com/rust-lang/crates.io-index#libp2p-identity@0.2.14,registry+https://github.com/rust-lang/crates.io-index#multiaddr@0.18.2,registry+https://github.com/rust-lang/crates.io-index#multihash@0.19.5,registry+https://github.com/rust-lang/crates.io-index#quick-protobuf@0.8.1,registry+https://github.com/rust-lang/crates.io-index#rand@0.8.8,registry+https://github.com/rust-lang/crates.io-index#snow@0.9.6,registry+https://github.com/rust-lang/crates.io-index#static_assertions@1.1.0,registry+https://github.com/rust-lang/crates.io-index#thiserror@2.0.20,registry+https://github.com/rust-lang/crates.io-index#tracing@0.1.44,registry+https://github.com/rust-lang/crates.io-index#x25519-dalek@2.0.1,registry+https://github.com/rust-lang/crates.io-index#zeroize@1.9.0
registry+https://github.com/rust-lang/crates.io-index#libp2p-ping@0.47.0	registry+https://github.com/rust-lang/crates.io-index#futures@0.3.34,registry+https://github.com/rust-lang/crates.io-index#futures-timer@3.0.4,registry+https://github.com/rust-lang/crates.io-index#libp2p-core@0.43.2,registry+https://github.com/rust-lang/crates.io-index#libp2p-identity@0.2.14,registry+https://github.com/rust-lang/crates.io-index#libp2p-swarm@0.47.1,registry+https://github.com/rust-lang/crates.io-index#rand@0.8.8,registry+https://github.com/rust-lang/crates.io-index#tracing@0.1.44,registry+https://github.com/rust-lang/crates.io-index#web-time@1.1.0
registry+https://github.com/rust-lang/crates.io-index#libp2p-quic@0.13.1	registry+https://github.com/rust-lang/crates.io-index#futures@0.3.34,registry+https://github.com/rust-lang/crates.io-index#futures-timer@3.0.4,registry+https://github.com/rust-lang/crates.io-index#if-watch@3.2.2,registry+https://github.com/rust-lang/crates.io-index#libp2p-core@0.43.2,registry+https://github.com/rust-lang/crates.io-index#libp2p-identity@0.2.14,registry+https://github.com/rust-lang/crates.io-index#libp2p-tls@0.6.2,registry+https://github.com/rust-lang/crates.io-index#quinn@0.11.11,registry+https://github.com/rust-lang/crates.io-index#quinn-proto@0.11.17,registry+https://github.com/rust-lang/crates.io-index#rand@0.8.8,registry+https://github.com/rust-lang/crates.io-index#ring@0.17.14,registry+https://github.com/rust-lang/crates.io-index#rustls@0.23.43,registry+https://github.com/rust-lang/crates.io-index#socket2@0.5.10,registry+https://github.com/rust-lang/crates.io-index#thiserror@2.0.20,registry+https://github.com/rust-lang/crates.io-index#tokio@1.53.1,registry+https://github.com/rust-lang/crates.io-index#tracing@0.1.44
registry+https://github.com/rust-lang/crates.io-index#libp2p-request-response@0.29.0	registry+https://github.com/rust-lang/crates.io-index#async-trait@0.1.92,registry+https://github.com/rust-lang/crates.io-index#futures@0.3.34,registry+https://github.com/rust-lang/crates.io-index#futures-bounded@0.2.4,registry+https://github.com/rust-lang/crates.io-index#libp2p-core@0.43.2,registry+https://github.com/rust-lang/crates.io-index#libp2p-identity@0.2.14,registry+https://github.com/rust-lang/crates.io-index#libp2p-swarm@0.47.1,registry+https://github.com/rust-lang/crates.io-index#rand@0.8.8,registry+https://github.com/rust-lang/crates.io-index#smallvec@1.16.0,registry+https://github.com/rust-lang/crates.io-index#tracing@0.1.44
registry+https://github.com/rust-lang/crates.io-index#libp2p-swarm@0.47.1	registry+https://github.com/rust-lang/crates.io-index#either@1.18.0,registry+https://github.com/rust-lang/crates.io-index#fnv@1.0.7,registry+https://github.com/rust-lang/crates.io-index#futures@0.3.34,registry+https://github.com/rust-lang/crates.io-index#futures-timer@3.0.4,registry+https://github.com/rust-lang/crates.io-index#hashlink@0.10.0,registry+https://github.com/rust-lang/crates.io-index#libp2p-core@0.43.2,registry+https://github.com/rust-lang/crates.io-index#libp2p-identity@0.2.14,registry+https://github.com/rust-lang/crates.io-index#libp2p-swarm-derive@0.35.1,registry+https://github.com/rust-lang/crates.io-index#multistream-select@0.13.0,registry+https://github.com/rust-lang/crates.io-index#rand@0.8.8,registry+https://github.com/rust-lang/crates.io-index#smallvec@1.16.0,registry+https://github.com/rust-lang/crates.io-index#tokio@1.53.1,registry+https://github.com/rust-lang/crates.io-index#tracing@0.1.44,registry+https://github.com/rust-lang/crates.io-index#web-time@1.1.0
registry+https://github.com/rust-lang/crates.io-index#libp2p-swarm-derive@0.35.1	registry+https://github.com/rust-lang/crates.io-index#heck@0.5.0,registry+https://github.com/rust-lang/crates.io-index#quote@1.0.47,registry+https://github.com/rust-lang/crates.io-index#syn@2.0.119
registry+https://github.com/rust-lang/crates.io-index#libp2p-tcp@0.44.1	registry+https://github.com/rust-lang/crates.io-index#futures@0.3.34,registry+https://github.com/rust-lang/crates.io-index#futures-timer@3.0.4,registry+https://github.com/rust-lang/crates.io-index#if-watch@3.2.2,registry+https://github.com/rust-lang/crates.io-index#libc@0.2.189,registry+https://github.com/rust-lang/crates.io-index#libp2p-core@0.43.2,registry+https://github.com/rust-lang/crates.io-index#socket2@0.6.5,registry+https://github.com/rust-lang/crates.io-index#tokio@1.53.1,registry+https://github.com/rust-lang/crates.io-index#tracing@0.1.44
registry+https://github.com/rust-lang/crates.io-index#libp2p-tls@0.6.2	registry+https://github.com/rust-lang/crates.io-index#futures@0.3.34,registry+https://github.com/rust-lang/crates.io-index#futures-rustls@0.26.0,registry+https://github.com/rust-lang/crates.io-index#libp2p-core@0.43.2,registry+https://github.com/rust-lang/crates.io-index#libp2p-identity@0.2.14,registry+https://github.com/rust-lang/crates.io-index#rcgen@0.13.2,registry+https://github.com/rust-lang/crates.io-index#ring@0.17.14,registry+https://github.com/rust-lang/crates.io-index#rustls@0.23.43,registry+https://github.com/rust-lang/crates.io-index#rustls-webpki@0.103.15,registry+https://github.com/rust-lang/crates.io-index#thiserror@2.0.20,registry+https://github.com/rust-lang/crates.io-index#x509-parser@0.17.0,registry+https://github.com/rust-lang/crates.io-index#yasna@0.5.2
registry+https://github.com/rust-lang/crates.io-index#libp2p-upnp@0.5.0	registry+https://github.com/rust-lang/crates.io-index#futures@0.3.34,registry+https://github.com/rust-lang/crates.io-index#futures-timer@3.0.4,registry+https://github.com/rust-lang/crates.io-index#igd-next@0.16.2,registry+https://github.com/rust-lang/crates.io-index#libp2p-core@0.43.2,registry+https://github.com/rust-lang/crates.io-index#libp2p-swarm@0.47.1,registry+https://github.com/rust-lang/crates.io-index#tokio@1.53.1,registry+https://github.com/rust-lang/crates.io-index#tracing@0.1.44
registry+https://github.com/rust-lang/crates.io-index#libp2p-yamux@0.47.0	registry+https://github.com/rust-lang/crates.io-index#either@1.18.0,registry+https://github.com/rust-lang/crates.io-index#futures@0.3.34,registry+https://github.com/rust-lang/crates.io-index#libp2p-core@0.43.2,registry+https://github.com/rust-lang/crates.io-index#thiserror@2.0.20,registry+https://github.com/rust-lang/crates.io-index#tracing@0.1.44,registry+https://github.com/rust-lang/crates.io-index#yamux@0.12.1,registry+https://github.com/rust-lang/crates.io-index#yamux@0.13.10
registry+https://github.com/rust-lang/crates.io-index#linux-raw-sys@0.12.1	
registry+https://github.com/rust-lang/crates.io-index#litemap@0.8.3	
registry+https://github.com/rust-lang/crates.io-index#lock_api@0.4.14	registry+https://github.com/rust-lang/crates.io-index#scopeguard@1.2.0
registry+https://github.com/rust-lang/crates.io-index#log@0.4.34	
registry+https://github.com/rust-lang/crates.io-index#lru-slab@0.1.2	
registry+https://github.com/rust-lang/crates.io-index#match-lookup@0.1.3	registry+https://github.com/rust-lang/crates.io-index#proc-macro2@1.0.107,registry+https://github.com/rust-lang/crates.io-index#quote@1.0.47,registry+https://github.com/rust-lang/crates.io-index#syn@2.0.119
registry+https://github.com/rust-lang/crates.io-index#memchr@2.8.3	
registry+https://github.com/rust-lang/crates.io-index#merlin@3.0.0	registry+https://github.com/rust-lang/crates.io-index#byteorder@1.5.0,registry+https://github.com/rust-lang/crates.io-index#keccak@0.1.6,registry+https://github.com/rust-lang/crates.io-index#rand_core@0.6.4,registry+https://github.com/rust-lang/crates.io-index#zeroize@1.9.0
registry+https://github.com/rust-lang/crates.io-index#minimal-lexical@0.2.1	
registry+https://github.com/rust-lang/crates.io-index#mio@1.2.3	registry+https://github.com/rust-lang/crates.io-index#libc@0.2.189,registry+https://github.com/rust-lang/crates.io-index#wasi@0.11.1+wasi-snapshot-preview1,registry+https://github.com/rust-lang/crates.io-index#windows-sys@0.61.2
registry+https://github.com/rust-lang/crates.io-index#moka@0.12.16	registry+https://github.com/rust-lang/crates.io-index#crossbeam-channel@0.5.16,registry+https://github.com/rust-lang/crates.io-index#crossbeam-epoch@0.9.20,registry+https://github.com/rust-lang/crates.io-index#crossbeam-utils@0.8.22,registry+https://github.com/rust-lang/crates.io-index#equivalent@1.0.2,registry+https://github.com/rust-lang/crates.io-index#parking_lot@0.12.5,registry+https://github.com/rust-lang/crates.io-index#portable-atomic@1.15.0,registry+https://github.com/rust-lang/crates.io-index#smallvec@1.16.0,registry+https://github.com/rust-lang/crates.io-index#tagptr@0.2.0,registry+https://github.com/rust-lang/crates.io-index#uuid@1.26.0
registry+https://github.com/rust-lang/crates.io-index#multiaddr@0.18.2	registry+https://github.com/rust-lang/crates.io-index#arrayref@0.3.9,registry+https://github.com/rust-lang/crates.io-index#byteorder@1.5.0,registry+https://github.com/rust-lang/crates.io-index#data-encoding@2.11.1,registry+https://github.com/rust-lang/crates.io-index#libp2p-identity@0.2.14,registry+https://github.com/rust-lang/crates.io-index#multibase@0.9.3,registry+https://github.com/rust-lang/crates.io-index#multihash@0.19.5,registry+https://github.com/rust-lang/crates.io-index#percent-encoding@2.3.2,registry+https://github.com/rust-lang/crates.io-index#serde@1.0.229,registry+https://github.com/rust-lang/crates.io-index#static_assertions@1.1.0,registry+https://github.com/rust-lang/crates.io-index#unsigned-varint@0.8.0,registry+https://github.com/rust-lang/crates.io-index#url@2.5.8
registry+https://github.com/rust-lang/crates.io-index#multibase@0.9.3	registry+https://github.com/rust-lang/crates.io-index#base-x@0.2.11,registry+https://github.com/rust-lang/crates.io-index#base256emoji@1.0.2,registry+https://github.com/rust-lang/crates.io-index#base45@3.2.0,registry+https://github.com/rust-lang/crates.io-index#data-encoding@2.11.1,registry+https://github.com/rust-lang/crates.io-index#data-encoding-macro@0.1.21
registry+https://github.com/rust-lang/crates.io-index#multihash@0.19.5	registry+https://github.com/rust-lang/crates.io-index#unsigned-varint@0.8.0
registry+https://github.com/rust-lang/crates.io-index#multistream-select@0.13.0	registry+https://github.com/rust-lang/crates.io-index#bytes@1.12.1,registry+https://github.com/rust-lang/crates.io-index#futures@0.3.34,registry+https://github.com/rust-lang/crates.io-index#log@0.4.34,registry+https://github.com/rust-lang/crates.io-index#pin-project@1.1.13,registry+https://github.com/rust-lang/crates.io-index#smallvec@1.16.0,registry+https://github.com/rust-lang/crates.io-index#unsigned-varint@0.7.2
registry+https://github.com/rust-lang/crates.io-index#netlink-packet-core@0.8.2	registry+https://github.com/rust-lang/crates.io-index#paste@1.0.15
registry+https://github.com/rust-lang/crates.io-index#netlink-packet-route@0.28.0	registry+https://github.com/rust-lang/crates.io-index#bitflags@2.13.1,registry+https://github.com/rust-lang/crates.io-index#libc@0.2.189,registry+https://github.com/rust-lang/crates.io-index#log@0.4.34,registry+https://github.com/rust-lang/crates.io-index#netlink-packet-core@0.8.2
registry+https://github.com/rust-lang/crates.io-index#netlink-proto@0.12.2	registry+https://github.com/rust-lang/crates.io-index#bytes@1.12.1,registry+https://github.com/rust-lang/crates.io-index#futures-channel@0.3.34,registry+https://github.com/rust-lang/crates.io-index#futures-util@0.3.34,registry+https://github.com/rust-lang/crates.io-index#log@0.4.34,registry+https://github.com/rust-lang/crates.io-index#netlink-packet-core@0.8.2,registry+https://github.com/rust-lang/crates.io-index#netlink-sys@0.8.8,registry+https://github.com/rust-lang/crates.io-index#thiserror@2.0.20
registry+https://github.com/rust-lang/crates.io-index#netlink-sys@0.8.8	registry+https://github.com/rust-lang/crates.io-index#bytes@1.12.1,registry+https://github.com/rust-lang/crates.io-index#futures-util@0.3.34,registry+https://github.com/rust-lang/crates.io-index#libc@0.2.189,registry+https://github.com/rust-lang/crates.io-index#log@0.4.34,registry+https://github.com/rust-lang/crates.io-index#tokio@1.53.1
registry+https://github.com/rust-lang/crates.io-index#nix@0.30.1	registry+https://github.com/rust-lang/crates.io-index#bitflags@2.13.1,registry+https://github.com/rust-lang/crates.io-index#cfg-if@1.0.4,registry+https://github.com/rust-lang/crates.io-index#cfg_aliases@0.2.2,registry+https://github.com/rust-lang/crates.io-index#libc@0.2.189
registry+https://github.com/rust-lang/crates.io-index#nohash-hasher@0.2.0	
registry+https://github.com/rust-lang/crates.io-index#nom@7.1.3	registry+https://github.com/rust-lang/crates.io-index#memchr@2.8.3,registry+https://github.com/rust-lang/crates.io-index#minimal-lexical@0.2.1
registry+https://github.com/rust-lang/crates.io-index#num-bigint@0.4.8	registry+https://github.com/rust-lang/crates.io-index#num-integer@0.1.47,registry+https://github.com/rust-lang/crates.io-index#num-traits@0.2.19
registry+https://github.com/rust-lang/crates.io-index#num-conv@0.2.2	
registry+https://github.com/rust-lang/crates.io-index#num-integer@0.1.47	registry+https://github.com/rust-lang/crates.io-index#num-traits@0.2.19
registry+https://github.com/rust-lang/crates.io-index#num-traits@0.2.19	registry+https://github.com/rust-lang/crates.io-index#autocfg@1.5.1
registry+https://github.com/rust-lang/crates.io-index#num_cpus@1.17.0	registry+https://github.com/rust-lang/crates.io-index#hermit-abi@0.5.3,registry+https://github.com/rust-lang/crates.io-index#libc@0.2.189
registry+https://github.com/rust-lang/crates.io-index#oid-registry@0.8.1	registry+https://github.com/rust-lang/crates.io-index#asn1-rs@0.7.2
registry+https://github.com/rust-lang/crates.io-index#once_cell@1.21.4	registry+https://github.com/rust-lang/crates.io-index#critical-section@1.2.0,registry+https://github.com/rust-lang/crates.io-index#portable-atomic@1.15.0
registry+https://github.com/rust-lang/crates.io-index#opaque-debug@0.3.1	
registry+https://github.com/rust-lang/crates.io-index#parity-scale-codec@3.7.5	registry+https://github.com/rust-lang/crates.io-index#arrayvec@0.7.8,registry+https://github.com/rust-lang/crates.io-index#bitvec@1.1.1,registry+https://github.com/rust-lang/crates.io-index#byte-slice-cast@1.2.3,registry+https://github.com/rust-lang/crates.io-index#bytes@1.12.1,registry+https://github.com/rust-lang/crates.io-index#const_format@0.2.36,registry+https://github.com/rust-lang/crates.io-index#impl-trait-for-tuples@0.2.3,registry+https://github.com/rust-lang/crates.io-index#parity-scale-codec-derive@3.7.5,registry+https://github.com/rust-lang/crates.io-index#rustversion@1.0.23,registry+https://github.com/rust-lang/crates.io-index#serde@1.0.229
registry+https://github.com/rust-lang/crates.io-index#parity-scale-codec-derive@3.7.5	registry+https://github.com/rust-lang/crates.io-index#proc-macro-crate@3.5.0,registry+https://github.com/rust-lang/crates.io-index#proc-macro2@1.0.107,registry+https://github.com/rust-lang/crates.io-index#quote@1.0.47,registry+https://github.com/rust-lang/crates.io-index#syn@2.0.119
registry+https://github.com/rust-lang/crates.io-index#parking@2.2.1	
registry+https://github.com/rust-lang/crates.io-index#parking_lot@0.12.5	registry+https://github.com/rust-lang/crates.io-index#lock_api@0.4.14,registry+https://github.com/rust-lang/crates.io-index#parking_lot_core@0.9.12
registry+https://github.com/rust-lang/crates.io-index#parking_lot_core@0.9.12	registry+https://github.com/rust-lang/crates.io-index#cfg-if@1.0.4,registry+https://github.com/rust-lang/crates.io-index#libc@0.2.189,registry+https://github.com/rust-lang/crates.io-index#redox_syscall@0.5.18,registry+https://github.com/rust-lang/crates.io-index#smallvec@1.16.0,registry+https://github.com/rust-lang/crates.io-index#windows-link@0.2.1
registry+https://github.com/rust-lang/crates.io-index#paste@1.0.15	
registry+https://github.com/rust-lang/crates.io-index#pem@3.0.6	registry+https://github.com/rust-lang/crates.io-index#base64@0.22.1,registry+https://github.com/rust-lang/crates.io-index#serde_core@1.0.229
registry+https://github.com/rust-lang/crates.io-index#pem-rfc7468@0.7.0	registry+https://github.com/rust-lang/crates.io-index#base64ct@1.8.3
registry+https://github.com/rust-lang/crates.io-index#percent-encoding@2.3.2	
registry+https://github.com/rust-lang/crates.io-index#pin-project@1.1.13	registry+https://github.com/rust-lang/crates.io-index#pin-project-internal@1.1.13
registry+https://github.com/rust-lang/crates.io-index#pin-project-internal@1.1.13	registry+https://github.com/rust-lang/crates.io-index#proc-macro2@1.0.107,registry+https://github.com/rust-lang/crates.io-index#quote@1.0.47,registry+https://github.com/rust-lang/crates.io-index#syn@2.0.119
registry+https://github.com/rust-lang/crates.io-index#pin-project-lite@0.2.17	
registry+https://github.com/rust-lang/crates.io-index#pkcs8@0.10.2	registry+https://github.com/rust-lang/crates.io-index#der@0.7.10,registry+https://github.com/rust-lang/crates.io-index#spki@0.7.3
registry+https://github.com/rust-lang/crates.io-index#polling@3.11.0	registry+https://github.com/rust-lang/crates.io-index#cfg-if@1.0.4,registry+https://github.com/rust-lang/crates.io-index#concurrent-queue@2.5.0,registry+https://github.com/rust-lang/crates.io-index#hermit-abi@0.5.3,registry+https://github.com/rust-lang/crates.io-index#pin-project-lite@0.2.17,registry+https://github.com/rust-lang/crates.io-index#rustix@1.1.4,registry+https://github.com/rust-lang/crates.io-index#windows-sys@0.61.2
registry+https://github.com/rust-lang/crates.io-index#poly1305@0.8.0	registry+https://github.com/rust-lang/crates.io-index#cpufeatures@0.2.17,registry+https://github.com/rust-lang/crates.io-index#opaque-debug@0.3.1,registry+https://github.com/rust-lang/crates.io-index#universal-hash@0.5.1
registry+https://github.com/rust-lang/crates.io-index#polyval@0.6.2	registry+https://github.com/rust-lang/crates.io-index#cfg-if@1.0.4,registry+https://github.com/rust-lang/crates.io-index#cpufeatures@0.2.17,registry+https://github.com/rust-lang/crates.io-index#opaque-debug@0.3.1,registry+https://github.com/rust-lang/crates.io-index#universal-hash@0.5.1
registry+https://github.com/rust-lang/crates.io-index#portable-atomic@1.15.0	
registry+https://github.com/rust-lang/crates.io-index#potential_utf@0.1.6	registry+https://github.com/rust-lang/crates.io-index#zerovec@0.11.8
registry+https://github.com/rust-lang/crates.io-index#powerfmt@0.2.0	
registry+https://github.com/rust-lang/crates.io-index#ppv-lite86@0.2.21	registry+https://github.com/rust-lang/crates.io-index#zerocopy@0.8.56
registry+https://github.com/rust-lang/crates.io-index#primitive-types@0.14.0	registry+https://github.com/rust-lang/crates.io-index#fixed-hash@0.8.0,registry+https://github.com/rust-lang/crates.io-index#impl-codec@0.7.1,registry+https://github.com/rust-lang/crates.io-index#uint@0.10.1
registry+https://github.com/rust-lang/crates.io-index#proc-macro-crate@3.5.0	registry+https://github.com/rust-lang/crates.io-index#toml_edit@0.25.13+spec-1.1.0
registry+https://github.com/rust-lang/crates.io-index#proc-macro2@1.0.107	registry+https://github.com/rust-lang/crates.io-index#unicode-ident@1.0.24
registry+https://github.com/rust-lang/crates.io-index#prometheus-client@0.23.1	registry+https://github.com/rust-lang/crates.io-index#dtoa@1.0.11,registry+https://github.com/rust-lang/crates.io-index#itoa@1.0.18,registry+https://github.com/rust-lang/crates.io-index#parking_lot@0.12.5,registry+https://github.com/rust-lang/crates.io-index#prometheus-client-derive-encode@0.4.2
registry+https://github.com/rust-lang/crates.io-index#prometheus-client-derive-encode@0.4.2	registry+https://github.com/rust-lang/crates.io-index#proc-macro2@1.0.107,registry+https://github.com/rust-lang/crates.io-index#quote@1.0.47,registry+https://github.com/rust-lang/crates.io-index#syn@2.0.119
registry+https://github.com/rust-lang/crates.io-index#proptest@1.11.0	registry+https://github.com/rust-lang/crates.io-index#bit-set@0.8.0,registry+https://github.com/rust-lang/crates.io-index#bit-vec@0.8.0,registry+https://github.com/rust-lang/crates.io-index#bitflags@2.13.1,registry+https://github.com/rust-lang/crates.io-index#num-traits@0.2.19,registry+https://github.com/rust-lang/crates.io-index#rand@0.9.5,registry+https://github.com/rust-lang/crates.io-index#rand_chacha@0.9.0,registry+https://github.com/rust-lang/crates.io-index#rand_xorshift@0.4.0,registry+https://github.com/rust-lang/crates.io-index#regex-syntax@0.8.11,registry+https://github.com/rust-lang/crates.io-index#rusty-fork@0.3.1,registry+https://github.com/rust-lang/crates.io-index#tempfile@3.24.0,registry+https://github.com/rust-lang/crates.io-index#unarray@0.1.4
registry+https://github.com/rust-lang/crates.io-index#prost@0.14.4	registry+https://github.com/rust-lang/crates.io-index#bytes@1.12.1,registry+https://github.com/rust-lang/crates.io-index#prost-derive@0.14.4
registry+https://github.com/rust-lang/crates.io-index#prost-derive@0.14.4	registry+https://github.com/rust-lang/crates.io-index#anyhow@1.0.104,registry+https://github.com/rust-lang/crates.io-index#itertools@0.14.0,registry+https://github.com/rust-lang/crates.io-index#proc-macro2@1.0.107,registry+https://github.com/rust-lang/crates.io-index#quote@1.0.47,registry+https://github.com/rust-lang/crates.io-index#syn@2.0.119
registry+https://github.com/rust-lang/crates.io-index#quick-error@1.2.3	
registry+https://github.com/rust-lang/crates.io-index#quick-protobuf@0.8.1	registry+https://github.com/rust-lang/crates.io-index#byteorder@1.5.0
registry+https://github.com/rust-lang/crates.io-index#quick-protobuf-codec@0.3.1	registry+https://github.com/rust-lang/crates.io-index#asynchronous-codec@0.7.0,registry+https://github.com/rust-lang/crates.io-index#bytes@1.12.1,registry+https://github.com/rust-lang/crates.io-index#quick-protobuf@0.8.1,registry+https://github.com/rust-lang/crates.io-index#thiserror@1.0.69,registry+https://github.com/rust-lang/crates.io-index#unsigned-varint@0.8.0
registry+https://github.com/rust-lang/crates.io-index#quinn@0.11.11	registry+https://github.com/rust-lang/crates.io-index#bytes@1.12.1,registry+https://github.com/rust-lang/crates.io-index#cfg_aliases@0.2.2,registry+https://github.com/rust-lang/crates.io-index#futures-io@0.3.34,registry+https://github.com/rust-lang/crates.io-index#pin-project-lite@0.2.17,registry+https://github.com/rust-lang/crates.io-index#quinn-proto@0.11.17,registry+https://github.com/rust-lang/crates.io-index#quinn-udp@0.5.15,registry+https://github.com/rust-lang/crates.io-index#rustc-hash@2.1.3,registry+https://github.com/rust-lang/crates.io-index#rustls@0.23.43,registry+https://github.com/rust-lang/crates.io-index#socket2@0.6.5,registry+https://github.com/rust-lang/crates.io-index#thiserror@2.0.20,registry+https://github.com/rust-lang/crates.io-index#tokio@1.53.1,registry+https://github.com/rust-lang/crates.io-index#tracing@0.1.44,registry+https://github.com/rust-lang/crates.io-index#web-time@1.1.0
registry+https://github.com/rust-lang/crates.io-index#quinn-proto@0.11.17	registry+https://github.com/rust-lang/crates.io-index#bytes@1.12.1,registry+https://github.com/rust-lang/crates.io-index#fastbloom@0.17.0,registry+https://github.com/rust-lang/crates.io-index#getrandom@0.4.3,registry+https://github.com/rust-lang/crates.io-index#lru-slab@0.1.2,registry+https://github.com/rust-lang/crates.io-index#rand@0.10.2,registry+https://github.com/rust-lang/crates.io-index#rand_pcg@0.10.2,registry+https://github.com/rust-lang/crates.io-index#ring@0.17.14,registry+https://github.com/rust-lang/crates.io-index#rustc-hash@2.1.3,registry+https://github.com/rust-lang/crates.io-index#rustls@0.23.43,registry+https://github.com/rust-lang/crates.io-index#rustls-pki-types@1.15.1,registry+https://github.com/rust-lang/crates.io-index#slab@0.4.12,registry+https://github.com/rust-lang/crates.io-index#thiserror@2.0.20,registry+https://github.com/rust-lang/crates.io-index#tinyvec@1.13.2,registry+https://github.com/rust-lang/crates.io-index#tracing@0.1.44,registry+https://github.com/rust-lang/crates.io-index#web-time@1.1.0
registry+https://github.com/rust-lang/crates.io-index#quinn-udp@0.5.15	registry+https://github.com/rust-lang/crates.io-index#cfg_aliases@0.2.2,registry+https://github.com/rust-lang/crates.io-index#libc@0.2.189,registry+https://github.com/rust-lang/crates.io-index#once_cell@1.21.4,registry+https://github.com/rust-lang/crates.io-index#socket2@0.6.5,registry+https://github.com/rust-lang/crates.io-index#tracing@0.1.44,registry+https://github.com/rust-lang/crates.io-index#windows-sys@0.61.2
registry+https://github.com/rust-lang/crates.io-index#quote@1.0.47	registry+https://github.com/rust-lang/crates.io-index#proc-macro2@1.0.107
registry+https://github.com/rust-lang/crates.io-index#r-efi@5.3.0	
registry+https://github.com/rust-lang/crates.io-index#r-efi@6.0.0	
registry+https://github.com/rust-lang/crates.io-index#radium@0.7.0	
registry+https://github.com/rust-lang/crates.io-index#rand@0.8.8	registry+https://github.com/rust-lang/crates.io-index#libc@0.2.189,registry+https://github.com/rust-lang/crates.io-index#rand_chacha@0.3.1,registry+https://github.com/rust-lang/crates.io-index#rand_core@0.6.4
registry+https://github.com/rust-lang/crates.io-index#rand@0.9.5	registry+https://github.com/rust-lang/crates.io-index#rand_chacha@0.9.0,registry+https://github.com/rust-lang/crates.io-index#rand_core@0.9.5
registry+https://github.com/rust-lang/crates.io-index#rand@0.10.2	registry+https://github.com/rust-lang/crates.io-index#chacha20@0.10.2,registry+https://github.com/rust-lang/crates.io-index#getrandom@0.4.3,registry+https://github.com/rust-lang/crates.io-index#rand_core@0.10.1
registry+https://github.com/rust-lang/crates.io-index#rand_chacha@0.3.1	registry+https://github.com/rust-lang/crates.io-index#ppv-lite86@0.2.21,registry+https://github.com/rust-lang/crates.io-index#rand_core@0.6.4
registry+https://github.com/rust-lang/crates.io-index#rand_chacha@0.9.0	registry+https://github.com/rust-lang/crates.io-index#ppv-lite86@0.2.21,registry+https://github.com/rust-lang/crates.io-index#rand_core@0.9.5
registry+https://github.com/rust-lang/crates.io-index#rand_core@0.6.4	registry+https://github.com/rust-lang/crates.io-index#getrandom@0.2.17
registry+https://github.com/rust-lang/crates.io-index#rand_core@0.9.5	registry+https://github.com/rust-lang/crates.io-index#getrandom@0.3.4
registry+https://github.com/rust-lang/crates.io-index#rand_core@0.10.1	
registry+https://github.com/rust-lang/crates.io-index#rand_pcg@0.10.2	registry+https://github.com/rust-lang/crates.io-index#rand_core@0.10.1
registry+https://github.com/rust-lang/crates.io-index#rand_xorshift@0.4.0	registry+https://github.com/rust-lang/crates.io-index#rand_core@0.9.5
registry+https://github.com/rust-lang/crates.io-index#rayon@1.12.0	registry+https://github.com/rust-lang/crates.io-index#either@1.18.0,registry+https://github.com/rust-lang/crates.io-index#rayon-core@1.13.0
registry+https://github.com/rust-lang/crates.io-index#rayon-core@1.13.0	registry+https://github.com/rust-lang/crates.io-index#crossbeam-deque@0.8.7,registry+https://github.com/rust-lang/crates.io-index#crossbeam-utils@0.8.22
registry+https://github.com/rust-lang/crates.io-index#rcgen@0.13.2	registry+https://github.com/rust-lang/crates.io-index#pem@3.0.6,registry+https://github.com/rust-lang/crates.io-index#ring@0.17.14,registry+https://github.com/rust-lang/crates.io-index#rustls-pki-types@1.15.1,registry+https://github.com/rust-lang/crates.io-index#time@0.3.55,registry+https://github.com/rust-lang/crates.io-index#yasna@0.5.2
registry+https://github.com/rust-lang/crates.io-index#rclite@0.4.1	registry+https://github.com/rust-lang/crates.io-index#branches@0.4.6
registry+https://github.com/rust-lang/crates.io-index#redox_syscall@0.5.18	registry+https://github.com/rust-lang/crates.io-index#bitflags@2.13.1
registry+https://github.com/rust-lang/crates.io-index#regex@1.13.1	registry+https://github.com/rust-lang/crates.io-index#aho-corasick@1.1.5,registry+https://github.com/rust-lang/crates.io-index#memchr@2.8.3,registry+https://github.com/rust-lang/crates.io-index#regex-automata@0.4.18,registry+https://github.com/rust-lang/crates.io-index#regex-syntax@0.8.11
registry+https://github.com/rust-lang/crates.io-index#regex-automata@0.4.18	registry+https://github.com/rust-lang/crates.io-index#aho-corasick@1.1.5,registry+https://github.com/rust-lang/crates.io-index#memchr@2.8.3,registry+https://github.com/rust-lang/crates.io-index#regex-syntax@0.8.11
registry+https://github.com/rust-lang/crates.io-index#regex-syntax@0.8.11	
registry+https://github.com/rust-lang/crates.io-index#resolv-conf@0.7.6	
registry+https://github.com/rust-lang/crates.io-index#ring@0.17.14	registry+https://github.com/rust-lang/crates.io-index#cc@1.4.5,registry+https://github.com/rust-lang/crates.io-index#cfg-if@1.0.4,registry+https://github.com/rust-lang/crates.io-index#getrandom@0.2.17,registry+https://github.com/rust-lang/crates.io-index#libc@0.2.189,registry+https://github.com/rust-lang/crates.io-index#untrusted@0.9.0,registry+https://github.com/rust-lang/crates.io-index#windows-sys@0.52.0
registry+https://github.com/rust-lang/crates.io-index#ringbuf@0.3.3	registry+https://github.com/rust-lang/crates.io-index#crossbeam-utils@0.8.22
registry+https://github.com/rust-lang/crates.io-index#rtnetlink@0.20.0	registry+https://github.com/rust-lang/crates.io-index#futures-channel@0.3.34,registry+https://github.com/rust-lang/crates.io-index#futures-util@0.3.34,registry+https://github.com/rust-lang/crates.io-index#log@0.4.34,registry+https://github.com/rust-lang/crates.io-index#netlink-packet-core@0.8.2,registry+https://github.com/rust-lang/crates.io-index#netlink-packet-route@0.28.0,registry+https://github.com/rust-lang/crates.io-index#netlink-proto@0.12.2,registry+https://github.com/rust-lang/crates.io-index#netlink-sys@0.8.8,registry+https://github.com/rust-lang/crates.io-index#nix@0.30.1,registry+https://github.com/rust-lang/crates.io-index#thiserror@1.0.69,registry+https://github.com/rust-lang/crates.io-index#tokio@1.53.1
git+https://github.com/grandinetech/rust-kzg?rev=8f5f1a0f73b3c529c77cb880ff8d265830c7d7ac#rust-kzg-blst@0.1.0	registry+https://github.com/rust-lang/crates.io-index#blst@0.3.17,registry+https://github.com/rust-lang/crates.io-index#hex@0.4.3,git+https://github.com/grandinetech/rust-kzg?rev=8f5f1a0f73b3c529c77cb880ff8d265830c7d7ac#kzg@0.1.0,registry+https://github.com/rust-lang/crates.io-index#libc@0.2.189,registry+https://github.com/rust-lang/crates.io-index#once_cell@1.21.4,registry+https://github.com/rust-lang/crates.io-index#rayon@1.12.0,registry+https://github.com/rust-lang/crates.io-index#smallvec@1.16.0
registry+https://github.com/rust-lang/crates.io-index#rustc-hash@2.1.3	
registry+https://github.com/rust-lang/crates.io-index#rustc-hex@2.1.0	
registry+https://github.com/rust-lang/crates.io-index#rustc_version@0.4.1	registry+https://github.com/rust-lang/crates.io-index#semver@1.0.28
registry+https://github.com/rust-lang/crates.io-index#rusticata-macros@4.1.0	registry+https://github.com/rust-lang/crates.io-index#nom@7.1.3
registry+https://github.com/rust-lang/crates.io-index#rustix@1.1.4	registry+https://github.com/rust-lang/crates.io-index#bitflags@2.13.1,registry+https://github.com/rust-lang/crates.io-index#errno@0.3.14,registry+https://github.com/rust-lang/crates.io-index#libc@0.2.189,registry+https://github.com/rust-lang/crates.io-index#linux-raw-sys@0.12.1,registry+https://github.com/rust-lang/crates.io-index#windows-sys@0.61.2
registry+https://github.com/rust-lang/crates.io-index#rustls@0.23.43	registry+https://github.com/rust-lang/crates.io-index#once_cell@1.21.4,registry+https://github.com/rust-lang/crates.io-index#ring@0.17.14,registry+https://github.com/rust-lang/crates.io-index#rustls-pki-types@1.15.1,registry+https://github.com/rust-lang/crates.io-index#rustls-webpki@0.103.15,registry+https://github.com/rust-lang/crates.io-index#subtle@2.6.1,registry+https://github.com/rust-lang/crates.io-index#zeroize@1.9.0
registry+https://github.com/rust-lang/crates.io-index#rustls-pki-types@1.15.1	registry+https://github.com/rust-lang/crates.io-index#web-time@1.1.0,registry+https://github.com/rust-lang/crates.io-index#zeroize@1.9.0
registry+https://github.com/rust-lang/crates.io-index#rustls-webpki@0.103.15	registry+https://github.com/rust-lang/crates.io-index#ring@0.17.14,registry+https://github.com/rust-lang/crates.io-index#rustls-pki-types@1.15.1,registry+https://github.com/rust-lang/crates.io-index#untrusted@0.9.0
registry+https://github.com/rust-lang/crates.io-index#rustversion@1.0.23	
registry+https://github.com/rust-lang/crates.io-index#rusty-fork@0.3.1	registry+https://github.com/rust-lang/crates.io-index#fnv@1.0.7,registry+https://github.com/rust-lang/crates.io-index#quick-error@1.2.3,registry+https://github.com/rust-lang/crates.io-index#tempfile@3.24.0,registry+https://github.com/rust-lang/crates.io-index#wait-timeout@0.2.1
registry+https://github.com/rust-lang/crates.io-index#rw-stream-sink@0.4.0	registry+https://github.com/rust-lang/crates.io-index#futures@0.3.34,registry+https://github.com/rust-lang/crates.io-index#pin-project@1.1.13,registry+https://github.com/rust-lang/crates.io-index#static_assertions@1.1.0
registry+https://github.com/rust-lang/crates.io-index#scale-info@2.11.6	registry+https://github.com/rust-lang/crates.io-index#bitvec@1.1.1,registry+https://github.com/rust-lang/crates.io-index#cfg-if@1.0.4,registry+https://github.com/rust-lang/crates.io-index#derive_more@1.0.0,registry+https://github.com/rust-lang/crates.io-index#parity-scale-codec@3.7.5,registry+https://github.com/rust-lang/crates.io-index#scale-info-derive@2.11.6
registry+https://github.com/rust-lang/crates.io-index#scale-info-derive@2.11.6	registry+https://github.com/rust-lang/crates.io-index#proc-macro-crate@3.5.0,registry+https://github.com/rust-lang/crates.io-index#proc-macro2@1.0.107,registry+https://github.com/rust-lang/crates.io-index#quote@1.0.47,registry+https://github.com/rust-lang/crates.io-index#syn@2.0.119
registry+https://github.com/rust-lang/crates.io-index#schnorrkel@0.11.5	registry+https://github.com/rust-lang/crates.io-index#aead@0.5.2,registry+https://github.com/rust-lang/crates.io-index#arrayref@0.3.9,registry+https://github.com/rust-lang/crates.io-index#arrayvec@0.7.8,registry+https://github.com/rust-lang/crates.io-index#curve25519-dalek@4.1.3,registry+https://github.com/rust-lang/crates.io-index#getrandom_or_panic@0.0.3,registry+https://github.com/rust-lang/crates.io-index#merlin@3.0.0,registry+https://github.com/rust-lang/crates.io-index#rand_core@0.6.4,registry+https://github.com/rust-lang/crates.io-index#serde_bytes@0.11.19,registry+https://github.com/rust-lang/crates.io-index#sha2@0.10.9,registry+https://github.com/rust-lang/crates.io-index#subtle@2.6.1,registry+https://github.com/rust-lang/crates.io-index#zeroize@1.9.0
registry+https://github.com/rust-lang/crates.io-index#scopeguard@1.2.0	
registry+https://github.com/rust-lang/crates.io-index#semver@1.0.28	
registry+https://github.com/rust-lang/crates.io-index#seq-macro@0.3.6	
registry+https://github.com/rust-lang/crates.io-index#serde@1.0.229	registry+https://github.com/rust-lang/crates.io-index#serde_core@1.0.229,registry+https://github.com/rust-lang/crates.io-index#serde_derive@1.0.229
registry+https://github.com/rust-lang/crates.io-index#serde-big-array@0.5.1	registry+https://github.com/rust-lang/crates.io-index#serde@1.0.229
registry+https://github.com/rust-lang/crates.io-index#serde_bytes@0.11.19	registry+https://github.com/rust-lang/crates.io-index#serde@1.0.229,registry+https://github.com/rust-lang/crates.io-index#serde_core@1.0.229
registry+https://github.com/rust-lang/crates.io-index#serde_core@1.0.229	registry+https://github.com/rust-lang/crates.io-index#serde_derive@1.0.229
registry+https://github.com/rust-lang/crates.io-index#serde_derive@1.0.229	registry+https://github.com/rust-lang/crates.io-index#proc-macro2@1.0.107,registry+https://github.com/rust-lang/crates.io-index#quote@1.0.47,registry+https://github.com/rust-lang/crates.io-index#syn@3.0.4
registry+https://github.com/rust-lang/crates.io-index#sha2@0.10.9	registry+https://github.com/rust-lang/crates.io-index#cfg-if@1.0.4,registry+https://github.com/rust-lang/crates.io-index#cpufeatures@0.2.17,registry+https://github.com/rust-lang/crates.io-index#digest@0.10.7
registry+https://github.com/rust-lang/crates.io-index#sha2@0.11.0	registry+https://github.com/rust-lang/crates.io-index#cfg-if@1.0.4,registry+https://github.com/rust-lang/crates.io-index#cpufeatures@0.3.1,registry+https://github.com/rust-lang/crates.io-index#digest@0.11.3
registry+https://github.com/rust-lang/crates.io-index#sha3@0.12.0	registry+https://github.com/rust-lang/crates.io-index#digest@0.11.3,registry+https://github.com/rust-lang/crates.io-index#keccak@0.2.2,registry+https://github.com/rust-lang/crates.io-index#sponge-cursor@0.1.0
registry+https://github.com/rust-lang/crates.io-index#shlex@2.0.1	
registry+https://github.com/rust-lang/crates.io-index#signal-hook-registry@1.4.8	registry+https://github.com/rust-lang/crates.io-index#errno@0.3.14,registry+https://github.com/rust-lang/crates.io-index#libc@0.2.189
registry+https://github.com/rust-lang/crates.io-index#signature@2.2.0	registry+https://github.com/rust-lang/crates.io-index#rand_core@0.6.4
registry+https://github.com/rust-lang/crates.io-index#siphasher@1.0.3	
registry+https://github.com/rust-lang/crates.io-index#slab@0.4.12	
registry+https://github.com/rust-lang/crates.io-index#smallvec@1.16.0	
registry+https://github.com/rust-lang/crates.io-index#snow@0.9.6	registry+https://github.com/rust-lang/crates.io-index#aes-gcm@0.10.3,registry+https://github.com/rust-lang/crates.io-index#blake2@0.10.6,registry+https://github.com/rust-lang/crates.io-index#chacha20poly1305@0.10.1,registry+https://github.com/rust-lang/crates.io-index#curve25519-dalek@4.1.3,registry+https://github.com/rust-lang/crates.io-index#rand_core@0.6.4,registry+https://github.com/rust-lang/crates.io-index#ring@0.17.14,registry+https://github.com/rust-lang/crates.io-index#rustc_version@0.4.1,registry+https://github.com/rust-lang/crates.io-index#sha2@0.10.9,registry+https://github.com/rust-lang/crates.io-index#subtle@2.6.1
registry+https://github.com/rust-lang/crates.io-index#socket2@0.5.10	registry+https://github.com/rust-lang/crates.io-index#libc@0.2.189,registry+https://github.com/rust-lang/crates.io-index#windows-sys@0.52.0
registry+https://github.com/rust-lang/crates.io-index#socket2@0.6.5	registry+https://github.com/rust-lang/crates.io-index#libc@0.2.189,registry+https://github.com/rust-lang/crates.io-index#windows-sys@0.61.2
registry+https://github.com/rust-lang/crates.io-index#spin@0.12.3	registry+https://github.com/rust-lang/crates.io-index#lock_api@0.4.14
registry+https://github.com/rust-lang/crates.io-index#spki@0.7.3	registry+https://github.com/rust-lang/crates.io-index#base64ct@1.8.3,registry+https://github.com/rust-lang/crates.io-index#der@0.7.10
registry+https://github.com/rust-lang/crates.io-index#sponge-cursor@0.1.0	
registry+https://github.com/rust-lang/crates.io-index#stable_deref_trait@1.2.1	
registry+https://github.com/rust-lang/crates.io-index#static_assertions@1.1.0	
path+file:///home/katana/zeo/ZEROX/deepseek/W06c/ws/PDF/autonomys-subspace/crates/subspace-archiving#0.1.0	registry+https://github.com/rust-lang/crates.io-index#parity-scale-codec@3.7.5,registry+https://github.com/rust-lang/crates.io-index#rand@0.8.8,registry+https://github.com/rust-lang/crates.io-index#rayon@1.12.0,registry+https://github.com/rust-lang/crates.io-index#serde@1.0.229,path+file:///home/katana/zeo/ZEROX/deepseek/W06c/ws/PDF/autonomys-subspace/crates/subspace-core-primitives#0.1.0,path+file:///home/katana/zeo/ZEROX/deepseek/W06c/ws/PDF/autonomys-subspace/crates/subspace-erasure-coding#0.1.0,path+file:///home/katana/zeo/ZEROX/deepseek/W06c/ws/PDF/autonomys-subspace/shared/subspace-kzg#0.1.0,registry+https://github.com/rust-lang/crates.io-index#thiserror@2.0.20
path+file:///home/katana/zeo/ZEROX/deepseek/W06c/ws/PDF/autonomys-subspace/crates/subspace-core-primitives#0.1.0	registry+https://github.com/rust-lang/crates.io-index#blake3@1.8.7,registry+https://github.com/rust-lang/crates.io-index#bytes@1.12.1,registry+https://github.com/rust-lang/crates.io-index#derive_more@2.1.1,registry+https://github.com/rust-lang/crates.io-index#hex@0.4.3,registry+https://github.com/rust-lang/crates.io-index#num-traits@0.2.19,registry+https://github.com/rust-lang/crates.io-index#parity-scale-codec@3.7.5,registry+https://github.com/rust-lang/crates.io-index#rayon@1.12.0,registry+https://github.com/rust-lang/crates.io-index#scale-info@2.11.6,registry+https://github.com/rust-lang/crates.io-index#serde@1.0.229,registry+https://github.com/rust-lang/crates.io-index#serde-big-array@0.5.1,registry+https://github.com/rust-lang/crates.io-index#static_assertions@1.1.0,registry+https://github.com/rust-lang/crates.io-index#uint@0.10.1
path+file:///home/katana/zeo/ZEROX/deepseek/W06c/ws/PDF/autonomys-subspace/shared/subspace-data-retrieval#0.1.0	registry+https://github.com/rust-lang/crates.io-index#anyhow@1.0.104,registry+https://github.com/rust-lang/crates.io-index#async-trait@0.1.92,registry+https://github.com/rust-lang/crates.io-index#futures@0.3.34,registry+https://github.com/rust-lang/crates.io-index#hex@0.4.3,registry+https://github.com/rust-lang/crates.io-index#parity-scale-codec@3.7.5,path+file:///home/katana/zeo/ZEROX/deepseek/W06c/ws/PDF/autonomys-subspace/crates/subspace-archiving#0.1.0,path+file:///home/katana/zeo/ZEROX/deepseek/W06c/ws/PDF/autonomys-subspace/crates/subspace-core-primitives#0.1.0,path+file:///home/katana/zeo/ZEROX/deepseek/W06c/ws/PDF/autonomys-subspace/crates/subspace-erasure-coding#0.1.0,registry+https://github.com/rust-lang/crates.io-index#thiserror@2.0.20,registry+https://github.com/rust-lang/crates.io-index#tokio@1.53.1,registry+https://github.com/rust-lang/crates.io-index#tracing@0.1.44
path+file:///home/katana/zeo/ZEROX/deepseek/W06c/ws/PDF/autonomys-subspace/crates/subspace-erasure-coding#0.1.0	git+https://github.com/grandinetech/rust-kzg?rev=8f5f1a0f73b3c529c77cb880ff8d265830c7d7ac#kzg@0.1.0,git+https://github.com/grandinetech/rust-kzg?rev=8f5f1a0f73b3c529c77cb880ff8d265830c7d7ac#rust-kzg-blst@0.1.0,path+file:///home/katana/zeo/ZEROX/deepseek/W06c/ws/PDF/autonomys-subspace/crates/subspace-core-primitives#0.1.0,path+file:///home/katana/zeo/ZEROX/deepseek/W06c/ws/PDF/autonomys-subspace/shared/subspace-kzg#0.1.0
path+file:///home/katana/zeo/ZEROX/deepseek/W06c/ws/PDF/autonomys-subspace/crates/subspace-farmer-components#0.1.0	registry+https://github.com/rust-lang/crates.io-index#anyhow@1.0.104,registry+https://github.com/rust-lang/crates.io-index#async-lock@3.4.2,registry+https://github.com/rust-lang/crates.io-index#backoff@0.4.0,registry+https://github.com/rust-lang/crates.io-index#bitvec@1.1.1,registry+https://github.com/rust-lang/crates.io-index#fs2@0.4.3,registry+https://github.com/rust-lang/crates.io-index#futures@0.3.34,registry+https://github.com/rust-lang/crates.io-index#hex@0.4.3,registry+https://github.com/rust-lang/crates.io-index#libc@0.2.189,registry+https://github.com/rust-lang/crates.io-index#parity-scale-codec@3.7.5,registry+https://github.com/rust-lang/crates.io-index#parking_lot@0.12.5,registry+https://github.com/rust-lang/crates.io-index#rand@0.8.8,registry+https://github.com/rust-lang/crates.io-index#rayon@1.12.0,registry+https://github.com/rust-lang/crates.io-index#schnorrkel@0.11.5,registry+https://github.com/rust-lang/crates.io-index#serde@1.0.229,registry+https://github.com/rust-lang/crates.io-index#static_assertions@1.1.0,path+file:///home/katana/zeo/ZEROX/deepseek/W06c/ws/PDF/autonomys-subspace/crates/subspace-archiving#0.1.0,path+file:///home/katana/zeo/ZEROX/deepseek/W06c/ws/PDF/autonomys-subspace/crates/subspace-core-primitives#0.1.0,path+file:///home/katana/zeo/ZEROX/deepseek/W06c/ws/PDF/autonomys-subspace/shared/subspace-data-retrieval#0.1.0,path+file:///home/katana/zeo/ZEROX/deepseek/W06c/ws/PDF/autonomys-subspace/crates/subspace-erasure-coding#0.1.0,path+file:///home/katana/zeo/ZEROX/deepseek/W06c/ws/PDF/autonomys-subspace/shared/subspace-kzg#0.1.0,path+file:///home/katana/zeo/ZEROX/deepseek/W06c/ws/PDF/autonomys-subspace/crates/subspace-proof-of-space#0.1.0,path+file:///home/katana/zeo/ZEROX/deepseek/W06c/ws/PDF/autonomys-subspace/crates/subspace-verification#0.1.0,registry+https://github.com/rust-lang/crates.io-index#thiserror@2.0.20,registry+https://github.com/rust-lang/crates.io-index#tokio@1.53.1,registry+https://github.com/rust-lang/crates.io-index#tracing@0.1.44,registry+https://github.com/rust-lang/crates.io-index#winapi@0.3.9
path+file:///home/katana/zeo/ZEROX/deepseek/W06c/ws/PDF/autonomys-subspace/shared/subspace-kzg#0.1.0	registry+https://github.com/rust-lang/crates.io-index#derive_more@2.1.1,git+https://github.com/grandinetech/rust-kzg?rev=8f5f1a0f73b3c529c77cb880ff8d265830c7d7ac#kzg@0.1.0,registry+https://github.com/rust-lang/crates.io-index#parking_lot@0.12.5,git+https://github.com/grandinetech/rust-kzg?rev=8f5f1a0f73b3c529c77cb880ff8d265830c7d7ac#rust-kzg-blst@0.1.0,registry+https://github.com/rust-lang/crates.io-index#spin@0.12.3,registry+https://github.com/rust-lang/crates.io-index#static_assertions@1.1.0,path+file:///home/katana/zeo/ZEROX/deepseek/W06c/ws/PDF/autonomys-subspace/crates/subspace-core-primitives#0.1.0,registry+https://github.com/rust-lang/crates.io-index#tracing@0.1.44
path+file:///home/katana/zeo/ZEROX/deepseek/W06c/ws/PDF/autonomys-subspace/crates/subspace-proof-of-space#0.1.0	registry+https://github.com/rust-lang/crates.io-index#ab-chacha8@0.1.1,path+file:///home/katana/zeo/ZEROX/deepseek/W06c/ws/PDF/autonomys-subspace/shared/ab-proof-of-space#0.1.0,registry+https://github.com/rust-lang/crates.io-index#blake3@1.8.7,registry+https://github.com/rust-lang/crates.io-index#chacha20@0.10.2,registry+https://github.com/rust-lang/crates.io-index#derive_more@2.1.1,registry+https://github.com/rust-lang/crates.io-index#rayon@1.12.0,registry+https://github.com/rust-lang/crates.io-index#seq-macro@0.3.6,path+file:///home/katana/zeo/ZEROX/deepseek/W06c/ws/PDF/autonomys-subspace/crates/subspace-core-primitives#0.1.0
path+file:///home/katana/zeo/ZEROX/deepseek/W06c/ws/PDF/autonomys-subspace/crates/subspace-verification#0.1.0	registry+https://github.com/rust-lang/crates.io-index#parity-scale-codec@3.7.5,registry+https://github.com/rust-lang/crates.io-index#schnorrkel@0.11.5,path+file:///home/katana/zeo/ZEROX/deepseek/W06c/ws/PDF/autonomys-subspace/crates/subspace-core-primitives#0.1.0,path+file:///home/katana/zeo/ZEROX/deepseek/W06c/ws/PDF/autonomys-subspace/shared/subspace-kzg#0.1.0,path+file:///home/katana/zeo/ZEROX/deepseek/W06c/ws/PDF/autonomys-subspace/crates/subspace-proof-of-space#0.1.0,registry+https://github.com/rust-lang/crates.io-index#thiserror@2.0.20
registry+https://github.com/rust-lang/crates.io-index#subtle@2.6.1	
registry+https://github.com/rust-lang/crates.io-index#syn@2.0.119	registry+https://github.com/rust-lang/crates.io-index#proc-macro2@1.0.107,registry+https://github.com/rust-lang/crates.io-index#quote@1.0.47,registry+https://github.com/rust-lang/crates.io-index#unicode-ident@1.0.24
registry+https://github.com/rust-lang/crates.io-index#syn@3.0.4	registry+https://github.com/rust-lang/crates.io-index#proc-macro2@1.0.107,registry+https://github.com/rust-lang/crates.io-index#quote@1.0.47,registry+https://github.com/rust-lang/crates.io-index#unicode-ident@1.0.24
registry+https://github.com/rust-lang/crates.io-index#synstructure@0.13.2	registry+https://github.com/rust-lang/crates.io-index#proc-macro2@1.0.107,registry+https://github.com/rust-lang/crates.io-index#quote@1.0.47,registry+https://github.com/rust-lang/crates.io-index#syn@2.0.119
registry+https://github.com/rust-lang/crates.io-index#system-configuration@0.7.0	registry+https://github.com/rust-lang/crates.io-index#bitflags@2.13.1,registry+https://github.com/rust-lang/crates.io-index#core-foundation@0.9.4,registry+https://github.com/rust-lang/crates.io-index#system-configuration-sys@0.6.0
registry+https://github.com/rust-lang/crates.io-index#system-configuration-sys@0.6.0	registry+https://github.com/rust-lang/crates.io-index#core-foundation-sys@0.8.7,registry+https://github.com/rust-lang/crates.io-index#libc@0.2.189
registry+https://github.com/rust-lang/crates.io-index#tagptr@0.2.0	
registry+https://github.com/rust-lang/crates.io-index#tap@1.0.1	
registry+https://github.com/rust-lang/crates.io-index#tempfile@3.24.0	registry+https://github.com/rust-lang/crates.io-index#fastrand@2.5.0,registry+https://github.com/rust-lang/crates.io-index#getrandom@0.3.4,registry+https://github.com/rust-lang/crates.io-index#once_cell@1.21.4,registry+https://github.com/rust-lang/crates.io-index#rustix@1.1.4,registry+https://github.com/rust-lang/crates.io-index#windows-sys@0.61.2
registry+https://github.com/rust-lang/crates.io-index#thiserror@1.0.69	registry+https://github.com/rust-lang/crates.io-index#thiserror-impl@1.0.69
registry+https://github.com/rust-lang/crates.io-index#thiserror@2.0.20	registry+https://github.com/rust-lang/crates.io-index#thiserror-impl@2.0.20
registry+https://github.com/rust-lang/crates.io-index#thiserror-impl@1.0.69	registry+https://github.com/rust-lang/crates.io-index#proc-macro2@1.0.107,registry+https://github.com/rust-lang/crates.io-index#quote@1.0.47,registry+https://github.com/rust-lang/crates.io-index#syn@2.0.119
registry+https://github.com/rust-lang/crates.io-index#thiserror-impl@2.0.20	registry+https://github.com/rust-lang/crates.io-index#proc-macro2@1.0.107,registry+https://github.com/rust-lang/crates.io-index#quote@1.0.47,registry+https://github.com/rust-lang/crates.io-index#syn@3.0.4
registry+https://github.com/rust-lang/crates.io-index#threadpool@1.8.1	registry+https://github.com/rust-lang/crates.io-index#num_cpus@1.17.0
registry+https://github.com/rust-lang/crates.io-index#time@0.3.55	registry+https://github.com/rust-lang/crates.io-index#deranged@0.5.8,registry+https://github.com/rust-lang/crates.io-index#num-conv@0.2.2,registry+https://github.com/rust-lang/crates.io-index#powerfmt@0.2.0,registry+https://github.com/rust-lang/crates.io-index#serde_core@1.0.229,registry+https://github.com/rust-lang/crates.io-index#time-core@0.1.9,registry+https://github.com/rust-lang/crates.io-index#time-macros@0.2.32
registry+https://github.com/rust-lang/crates.io-index#time-core@0.1.9	
registry+https://github.com/rust-lang/crates.io-index#time-macros@0.2.32	registry+https://github.com/rust-lang/crates.io-index#num-conv@0.2.2,registry+https://github.com/rust-lang/crates.io-index#time-core@0.1.9
registry+https://github.com/rust-lang/crates.io-index#tinystr@0.8.4	registry+https://github.com/rust-lang/crates.io-index#displaydoc@0.2.7,registry+https://github.com/rust-lang/crates.io-index#zerovec@0.11.8
registry+https://github.com/rust-lang/crates.io-index#tinyvec@1.13.2	registry+https://github.com/rust-lang/crates.io-index#tinyvec_macros@0.1.1
registry+https://github.com/rust-lang/crates.io-index#tinyvec_macros@0.1.1	
registry+https://github.com/rust-lang/crates.io-index#tokio@1.53.1	registry+https://github.com/rust-lang/crates.io-index#bytes@1.12.1,registry+https://github.com/rust-lang/crates.io-index#libc@0.2.189,registry+https://github.com/rust-lang/crates.io-index#mio@1.2.3,registry+https://github.com/rust-lang/crates.io-index#parking_lot@0.12.5,registry+https://github.com/rust-lang/crates.io-index#pin-project-lite@0.2.17,registry+https://github.com/rust-lang/crates.io-index#signal-hook-registry@1.4.8,registry+https://github.com/rust-lang/crates.io-index#socket2@0.6.5,registry+https://github.com/rust-lang/crates.io-index#tokio-macros@2.7.2,registry+https://github.com/rust-lang/crates.io-index#windows-sys@0.61.2
registry+https://github.com/rust-lang/crates.io-index#tokio-macros@2.7.2	registry+https://github.com/rust-lang/crates.io-index#proc-macro2@1.0.107,registry+https://github.com/rust-lang/crates.io-index#quote@1.0.47,registry+https://github.com/rust-lang/crates.io-index#syn@3.0.4
registry+https://github.com/rust-lang/crates.io-index#tokio-util@0.7.19	registry+https://github.com/rust-lang/crates.io-index#bytes@1.12.1,registry+https://github.com/rust-lang/crates.io-index#futures-core@0.3.34,registry+https://github.com/rust-lang/crates.io-index#futures-sink@0.3.34,registry+https://github.com/rust-lang/crates.io-index#libc@0.2.189,registry+https://github.com/rust-lang/crates.io-index#pin-project-lite@0.2.17,registry+https://github.com/rust-lang/crates.io-index#tokio@1.53.1
registry+https://github.com/rust-lang/crates.io-index#toml_datetime@1.1.1+spec-1.1.0	registry+https://github.com/rust-lang/crates.io-index#serde_core@1.0.229
registry+https://github.com/rust-lang/crates.io-index#toml_edit@0.25.13+spec-1.1.0	registry+https://github.com/rust-lang/crates.io-index#indexmap@2.14.1,registry+https://github.com/rust-lang/crates.io-index#toml_datetime@1.1.1+spec-1.1.0,registry+https://github.com/rust-lang/crates.io-index#toml_parser@1.1.3+spec-1.1.0,registry+https://github.com/rust-lang/crates.io-index#winnow@1.0.4
registry+https://github.com/rust-lang/crates.io-index#toml_parser@1.1.3+spec-1.1.0	registry+https://github.com/rust-lang/crates.io-index#winnow@1.0.4
registry+https://github.com/rust-lang/crates.io-index#tower-service@0.3.3	
registry+https://github.com/rust-lang/crates.io-index#tracing@0.1.44	registry+https://github.com/rust-lang/crates.io-index#log@0.4.34,registry+https://github.com/rust-lang/crates.io-index#pin-project-lite@0.2.17,registry+https://github.com/rust-lang/crates.io-index#tracing-attributes@0.1.31,registry+https://github.com/rust-lang/crates.io-index#tracing-core@0.1.36
registry+https://github.com/rust-lang/crates.io-index#tracing-attributes@0.1.31	registry+https://github.com/rust-lang/crates.io-index#proc-macro2@1.0.107,registry+https://github.com/rust-lang/crates.io-index#quote@1.0.47,registry+https://github.com/rust-lang/crates.io-index#syn@2.0.119
registry+https://github.com/rust-lang/crates.io-index#tracing-core@0.1.36	registry+https://github.com/rust-lang/crates.io-index#once_cell@1.21.4
registry+https://github.com/rust-lang/crates.io-index#try-lock@0.2.5	
registry+https://github.com/rust-lang/crates.io-index#typenum@1.20.1	
registry+https://github.com/rust-lang/crates.io-index#uint@0.10.1	registry+https://github.com/rust-lang/crates.io-index#byteorder@1.5.0,registry+https://github.com/rust-lang/crates.io-index#crunchy@0.2.4,registry+https://github.com/rust-lang/crates.io-index#hex@0.4.3,registry+https://github.com/rust-lang/crates.io-index#static_assertions@1.1.0
registry+https://github.com/rust-lang/crates.io-index#unarray@0.1.4	
registry+https://github.com/rust-lang/crates.io-index#unicode-ident@1.0.24	
registry+https://github.com/rust-lang/crates.io-index#unicode-segmentation@1.13.3	
registry+https://github.com/rust-lang/crates.io-index#unicode-xid@0.2.6	
registry+https://github.com/rust-lang/crates.io-index#universal-hash@0.5.1	registry+https://github.com/rust-lang/crates.io-index#crypto-common@0.1.7,registry+https://github.com/rust-lang/crates.io-index#subtle@2.6.1
registry+https://github.com/rust-lang/crates.io-index#unsigned-varint@0.7.2	
registry+https://github.com/rust-lang/crates.io-index#unsigned-varint@0.8.0	
registry+https://github.com/rust-lang/crates.io-index#untrusted@0.9.0	
registry+https://github.com/rust-lang/crates.io-index#url@2.5.8	registry+https://github.com/rust-lang/crates.io-index#form_urlencoded@1.2.2,registry+https://github.com/rust-lang/crates.io-index#idna@1.1.0,registry+https://github.com/rust-lang/crates.io-index#percent-encoding@2.3.2,registry+https://github.com/rust-lang/crates.io-index#serde@1.0.229
registry+https://github.com/rust-lang/crates.io-index#utf8_iter@1.0.4	
registry+https://github.com/rust-lang/crates.io-index#uuid@1.26.0	registry+https://github.com/rust-lang/crates.io-index#getrandom@0.4.3,registry+https://github.com/rust-lang/crates.io-index#js-sys@0.3.104,registry+https://github.com/rust-lang/crates.io-index#wasm-bindgen@0.2.127
registry+https://github.com/rust-lang/crates.io-index#version_check@0.9.5	
registry+https://github.com/rust-lang/crates.io-index#wait-timeout@0.2.1	registry+https://github.com/rust-lang/crates.io-index#libc@0.2.189
registry+https://github.com/rust-lang/crates.io-index#want@0.3.1	registry+https://github.com/rust-lang/crates.io-index#try-lock@0.2.5
registry+https://github.com/rust-lang/crates.io-index#wasi@0.11.1+wasi-snapshot-preview1	
registry+https://github.com/rust-lang/crates.io-index#wasip2@1.0.4+wasi-0.2.12	registry+https://github.com/rust-lang/crates.io-index#wit-bindgen@0.57.1
registry+https://github.com/rust-lang/crates.io-index#wasm-bindgen@0.2.127	registry+https://github.com/rust-lang/crates.io-index#cfg-if@1.0.4,registry+https://github.com/rust-lang/crates.io-index#once_cell@1.21.4,registry+https://github.com/rust-lang/crates.io-index#rustversion@1.0.23,registry+https://github.com/rust-lang/crates.io-index#wasm-bindgen-macro@0.2.127,registry+https://github.com/rust-lang/crates.io-index#wasm-bindgen-shared@0.2.127
registry+https://github.com/rust-lang/crates.io-index#wasm-bindgen-macro@0.2.127	registry+https://github.com/rust-lang/crates.io-index#quote@1.0.47,registry+https://github.com/rust-lang/crates.io-index#wasm-bindgen-macro-support@0.2.127
registry+https://github.com/rust-lang/crates.io-index#wasm-bindgen-macro-support@0.2.127	registry+https://github.com/rust-lang/crates.io-index#bumpalo@3.20.3,registry+https://github.com/rust-lang/crates.io-index#proc-macro2@1.0.107,registry+https://github.com/rust-lang/crates.io-index#quote@1.0.47,registry+https://github.com/rust-lang/crates.io-index#syn@2.0.119,registry+https://github.com/rust-lang/crates.io-index#wasm-bindgen-shared@0.2.127
registry+https://github.com/rust-lang/crates.io-index#wasm-bindgen-shared@0.2.127	registry+https://github.com/rust-lang/crates.io-index#unicode-ident@1.0.24
registry+https://github.com/rust-lang/crates.io-index#web-time@1.1.0	registry+https://github.com/rust-lang/crates.io-index#js-sys@0.3.104,registry+https://github.com/rust-lang/crates.io-index#wasm-bindgen@0.2.127
registry+https://github.com/rust-lang/crates.io-index#widestring@1.2.1	
registry+https://github.com/rust-lang/crates.io-index#winapi@0.3.9	registry+https://github.com/rust-lang/crates.io-index#winapi-i686-pc-windows-gnu@0.4.0,registry+https://github.com/rust-lang/crates.io-index#winapi-x86_64-pc-windows-gnu@0.4.0
registry+https://github.com/rust-lang/crates.io-index#winapi-i686-pc-windows-gnu@0.4.0	
registry+https://github.com/rust-lang/crates.io-index#winapi-x86_64-pc-windows-gnu@0.4.0	
registry+https://github.com/rust-lang/crates.io-index#windows@0.62.2	registry+https://github.com/rust-lang/crates.io-index#windows-collections@0.3.2,registry+https://github.com/rust-lang/crates.io-index#windows-core@0.62.2,registry+https://github.com/rust-lang/crates.io-index#windows-future@0.3.2,registry+https://github.com/rust-lang/crates.io-index#windows-numerics@0.3.1
registry+https://github.com/rust-lang/crates.io-index#windows-collections@0.3.2	registry+https://github.com/rust-lang/crates.io-index#windows-core@0.62.2
registry+https://github.com/rust-lang/crates.io-index#windows-core@0.62.2	registry+https://github.com/rust-lang/crates.io-index#windows-implement@0.60.2,registry+https://github.com/rust-lang/crates.io-index#windows-interface@0.59.3,registry+https://github.com/rust-lang/crates.io-index#windows-link@0.2.1,registry+https://github.com/rust-lang/crates.io-index#windows-result@0.4.1,registry+https://github.com/rust-lang/crates.io-index#windows-strings@0.5.1
registry+https://github.com/rust-lang/crates.io-index#windows-future@0.3.2	registry+https://github.com/rust-lang/crates.io-index#windows-core@0.62.2,registry+https://github.com/rust-lang/crates.io-index#windows-link@0.2.1,registry+https://github.com/rust-lang/crates.io-index#windows-threading@0.2.1
registry+https://github.com/rust-lang/crates.io-index#windows-implement@0.60.2	registry+https://github.com/rust-lang/crates.io-index#proc-macro2@1.0.107,registry+https://github.com/rust-lang/crates.io-index#quote@1.0.47,registry+https://github.com/rust-lang/crates.io-index#syn@2.0.119
registry+https://github.com/rust-lang/crates.io-index#windows-interface@0.59.3	registry+https://github.com/rust-lang/crates.io-index#proc-macro2@1.0.107,registry+https://github.com/rust-lang/crates.io-index#quote@1.0.47,registry+https://github.com/rust-lang/crates.io-index#syn@2.0.119
registry+https://github.com/rust-lang/crates.io-index#windows-link@0.2.1	
registry+https://github.com/rust-lang/crates.io-index#windows-numerics@0.3.1	registry+https://github.com/rust-lang/crates.io-index#windows-core@0.62.2,registry+https://github.com/rust-lang/crates.io-index#windows-link@0.2.1
registry+https://github.com/rust-lang/crates.io-index#windows-registry@0.6.1	registry+https://github.com/rust-lang/crates.io-index#windows-link@0.2.1,registry+https://github.com/rust-lang/crates.io-index#windows-result@0.4.1,registry+https://github.com/rust-lang/crates.io-index#windows-strings@0.5.1
registry+https://github.com/rust-lang/crates.io-index#windows-result@0.4.1	registry+https://github.com/rust-lang/crates.io-index#windows-link@0.2.1
registry+https://github.com/rust-lang/crates.io-index#windows-strings@0.5.1	registry+https://github.com/rust-lang/crates.io-index#windows-link@0.2.1
registry+https://github.com/rust-lang/crates.io-index#windows-sys@0.52.0	registry+https://github.com/rust-lang/crates.io-index#windows-targets@0.52.6
registry+https://github.com/rust-lang/crates.io-index#windows-sys@0.61.2	registry+https://github.com/rust-lang/crates.io-index#windows-link@0.2.1
registry+https://github.com/rust-lang/crates.io-index#windows-targets@0.52.6	registry+https://github.com/rust-lang/crates.io-index#windows_aarch64_gnullvm@0.52.6,registry+https://github.com/rust-lang/crates.io-index#windows_aarch64_msvc@0.52.6,registry+https://github.com/rust-lang/crates.io-index#windows_i686_gnu@0.52.6,registry+https://github.com/rust-lang/crates.io-index#windows_i686_gnullvm@0.52.6,registry+https://github.com/rust-lang/crates.io-index#windows_i686_msvc@0.52.6,registry+https://github.com/rust-lang/crates.io-index#windows_x86_64_gnu@0.52.6,registry+https://github.com/rust-lang/crates.io-index#windows_x86_64_gnullvm@0.52.6,registry+https://github.com/rust-lang/crates.io-index#windows_x86_64_msvc@0.52.6
registry+https://github.com/rust-lang/crates.io-index#windows-threading@0.2.1	registry+https://github.com/rust-lang/crates.io-index#windows-link@0.2.1
registry+https://github.com/rust-lang/crates.io-index#windows_aarch64_gnullvm@0.52.6	
registry+https://github.com/rust-lang/crates.io-index#windows_aarch64_msvc@0.52.6	
registry+https://github.com/rust-lang/crates.io-index#windows_i686_gnu@0.52.6	
registry+https://github.com/rust-lang/crates.io-index#windows_i686_gnullvm@0.52.6	
registry+https://github.com/rust-lang/crates.io-index#windows_i686_msvc@0.52.6	
registry+https://github.com/rust-lang/crates.io-index#windows_x86_64_gnu@0.52.6	
registry+https://github.com/rust-lang/crates.io-index#windows_x86_64_gnullvm@0.52.6	
registry+https://github.com/rust-lang/crates.io-index#windows_x86_64_msvc@0.52.6	
registry+https://github.com/rust-lang/crates.io-index#winnow@1.0.4	registry+https://github.com/rust-lang/crates.io-index#memchr@2.8.3
registry+https://github.com/rust-lang/crates.io-index#wit-bindgen@0.57.1	
registry+https://github.com/rust-lang/crates.io-index#writeable@0.6.4	
registry+https://github.com/rust-lang/crates.io-index#wyz@0.5.1	registry+https://github.com/rust-lang/crates.io-index#tap@1.0.1
registry+https://github.com/rust-lang/crates.io-index#x25519-dalek@2.0.1	registry+https://github.com/rust-lang/crates.io-index#curve25519-dalek@4.1.3,registry+https://github.com/rust-lang/crates.io-index#rand_core@0.6.4,registry+https://github.com/rust-lang/crates.io-index#serde@1.0.229,registry+https://github.com/rust-lang/crates.io-index#zeroize@1.9.0
registry+https://github.com/rust-lang/crates.io-index#x509-parser@0.17.0	registry+https://github.com/rust-lang/crates.io-index#asn1-rs@0.7.2,registry+https://github.com/rust-lang/crates.io-index#data-encoding@2.11.1,registry+https://github.com/rust-lang/crates.io-index#der-parser@10.0.0,registry+https://github.com/rust-lang/crates.io-index#lazy_static@1.5.0,registry+https://github.com/rust-lang/crates.io-index#nom@7.1.3,registry+https://github.com/rust-lang/crates.io-index#oid-registry@0.8.1,registry+https://github.com/rust-lang/crates.io-index#rusticata-macros@4.1.0,registry+https://github.com/rust-lang/crates.io-index#thiserror@2.0.20,registry+https://github.com/rust-lang/crates.io-index#time@0.3.55
registry+https://github.com/rust-lang/crates.io-index#xml-rs@0.8.29	
registry+https://github.com/rust-lang/crates.io-index#xmltree@0.10.3	registry+https://github.com/rust-lang/crates.io-index#xml-rs@0.8.29
registry+https://github.com/rust-lang/crates.io-index#yamux@0.12.1	registry+https://github.com/rust-lang/crates.io-index#futures@0.3.34,registry+https://github.com/rust-lang/crates.io-index#log@0.4.34,registry+https://github.com/rust-lang/crates.io-index#nohash-hasher@0.2.0,registry+https://github.com/rust-lang/crates.io-index#parking_lot@0.12.5,registry+https://github.com/rust-lang/crates.io-index#pin-project@1.1.13,registry+https://github.com/rust-lang/crates.io-index#rand@0.8.8,registry+https://github.com/rust-lang/crates.io-index#static_assertions@1.1.0
registry+https://github.com/rust-lang/crates.io-index#yamux@0.13.10	registry+https://github.com/rust-lang/crates.io-index#futures@0.3.34,registry+https://github.com/rust-lang/crates.io-index#log@0.4.34,registry+https://github.com/rust-lang/crates.io-index#nohash-hasher@0.2.0,registry+https://github.com/rust-lang/crates.io-index#parking_lot@0.12.5,registry+https://github.com/rust-lang/crates.io-index#pin-project@1.1.13,registry+https://github.com/rust-lang/crates.io-index#rand@0.9.5,registry+https://github.com/rust-lang/crates.io-index#static_assertions@1.1.0,registry+https://github.com/rust-lang/crates.io-index#web-time@1.1.0
registry+https://github.com/rust-lang/crates.io-index#yasna@0.5.2	registry+https://github.com/rust-lang/crates.io-index#time@0.3.55
registry+https://github.com/rust-lang/crates.io-index#yoke@0.8.3	registry+https://github.com/rust-lang/crates.io-index#stable_deref_trait@1.2.1,registry+https://github.com/rust-lang/crates.io-index#yoke-derive@0.8.2,registry+https://github.com/rust-lang/crates.io-index#zerofrom@0.1.8
registry+https://github.com/rust-lang/crates.io-index#yoke-derive@0.8.2	registry+https://github.com/rust-lang/crates.io-index#proc-macro2@1.0.107,registry+https://github.com/rust-lang/crates.io-index#quote@1.0.47,registry+https://github.com/rust-lang/crates.io-index#syn@2.0.119,registry+https://github.com/rust-lang/crates.io-index#synstructure@0.13.2
registry+https://github.com/rust-lang/crates.io-index#zerocopy@0.8.56	registry+https://github.com/rust-lang/crates.io-index#zerocopy-derive@0.8.56
registry+https://github.com/rust-lang/crates.io-index#zerocopy-derive@0.8.56	registry+https://github.com/rust-lang/crates.io-index#proc-macro2@1.0.107,registry+https://github.com/rust-lang/crates.io-index#quote@1.0.47,registry+https://github.com/rust-lang/crates.io-index#syn@2.0.119
registry+https://github.com/rust-lang/crates.io-index#zerofrom@0.1.8	registry+https://github.com/rust-lang/crates.io-index#zerofrom-derive@0.1.7
registry+https://github.com/rust-lang/crates.io-index#zerofrom-derive@0.1.7	registry+https://github.com/rust-lang/crates.io-index#proc-macro2@1.0.107,registry+https://github.com/rust-lang/crates.io-index#quote@1.0.47,registry+https://github.com/rust-lang/crates.io-index#syn@2.0.119,registry+https://github.com/rust-lang/crates.io-index#synstructure@0.13.2
registry+https://github.com/rust-lang/crates.io-index#zeroize@1.9.0	registry+https://github.com/rust-lang/crates.io-index#zeroize_derive@1.5.0
registry+https://github.com/rust-lang/crates.io-index#zeroize_derive@1.5.0	registry+https://github.com/rust-lang/crates.io-index#proc-macro2@1.0.107,registry+https://github.com/rust-lang/crates.io-index#quote@1.0.47,registry+https://github.com/rust-lang/crates.io-index#syn@2.0.119
registry+https://github.com/rust-lang/crates.io-index#zerotrie@0.2.5	registry+https://github.com/rust-lang/crates.io-index#displaydoc@0.2.7,registry+https://github.com/rust-lang/crates.io-index#yoke@0.8.3,registry+https://github.com/rust-lang/crates.io-index#zerofrom@0.1.8
registry+https://github.com/rust-lang/crates.io-index#zerovec@0.11.8	registry+https://github.com/rust-lang/crates.io-index#yoke@0.8.3,registry+https://github.com/rust-lang/crates.io-index#zerofrom@0.1.8,registry+https://github.com/rust-lang/crates.io-index#zerovec-derive@0.11.6
registry+https://github.com/rust-lang/crates.io-index#zerovec-derive@0.11.6	registry+https://github.com/rust-lang/crates.io-index#proc-macro2@1.0.107,registry+https://github.com/rust-lang/crates.io-index#quote@1.0.47,registry+https://github.com/rust-lang/crates.io-index#syn@3.0.4
path+file:///home/katana/zeo/ZEROX/deepseek/W06c/ws/crates/zx-consensus#0.0.0	registry+https://github.com/rust-lang/crates.io-index#primitive-types@0.14.0,registry+https://github.com/rust-lang/crates.io-index#proptest@1.11.0,registry+https://github.com/rust-lang/crates.io-index#thiserror@2.0.20,path+file:///home/katana/zeo/ZEROX/deepseek/W06c/ws/crates/zx-core#0.0.0
path+file:///home/katana/zeo/ZEROX/deepseek/W06c/ws/crates/zx-core#0.0.0	registry+https://github.com/rust-lang/crates.io-index#bech32@0.12.0,registry+https://github.com/rust-lang/crates.io-index#ed25519-zebra@4.2.0,registry+https://github.com/rust-lang/crates.io-index#hex@0.4.3,registry+https://github.com/rust-lang/crates.io-index#primitive-types@0.14.0,registry+https://github.com/rust-lang/crates.io-index#proptest@1.11.0,registry+https://github.com/rust-lang/crates.io-index#sha3@0.12.0,registry+https://github.com/rust-lang/crates.io-index#thiserror@2.0.20
path+file:///home/katana/zeo/ZEROX/deepseek/W06c/ws/crates/zx-dag#0.0.0	registry+https://github.com/rust-lang/crates.io-index#primitive-types@0.14.0,registry+https://github.com/rust-lang/crates.io-index#proptest@1.11.0,registry+https://github.com/rust-lang/crates.io-index#thiserror@2.0.20,path+file:///home/katana/zeo/ZEROX/deepseek/W06c/ws/crates/zx-core#0.0.0
path+file:///home/katana/zeo/ZEROX/deepseek/W06c/ws/crates/zx-farmer#0.0.0	registry+https://github.com/rust-lang/crates.io-index#async-lock@3.4.2,registry+https://github.com/rust-lang/crates.io-index#blake3@1.8.7,registry+https://github.com/rust-lang/crates.io-index#futures@0.3.34,registry+https://github.com/rust-lang/crates.io-index#parity-scale-codec@3.7.5,path+file:///home/katana/zeo/ZEROX/deepseek/W06c/ws/PDF/autonomys-subspace/crates/subspace-core-primitives#0.1.0,path+file:///home/katana/zeo/ZEROX/deepseek/W06c/ws/PDF/autonomys-subspace/shared/subspace-data-retrieval#0.1.0,path+file:///home/katana/zeo/ZEROX/deepseek/W06c/ws/PDF/autonomys-subspace/crates/subspace-erasure-coding#0.1.0,path+file:///home/katana/zeo/ZEROX/deepseek/W06c/ws/PDF/autonomys-subspace/crates/subspace-farmer-components#0.1.0,path+file:///home/katana/zeo/ZEROX/deepseek/W06c/ws/PDF/autonomys-subspace/shared/subspace-kzg#0.1.0,path+file:///home/katana/zeo/ZEROX/deepseek/W06c/ws/PDF/autonomys-subspace/crates/subspace-proof-of-space#0.1.0,path+file:///home/katana/zeo/ZEROX/deepseek/W06c/ws/PDF/autonomys-subspace/crates/subspace-verification#0.1.0,registry+https://github.com/rust-lang/crates.io-index#thiserror@2.0.20,path+file:///home/katana/zeo/ZEROX/deepseek/W06c/ws/crates/zx-core#0.0.0,path+file:///home/katana/zeo/ZEROX/deepseek/W06c/ws/crates/zx-poas#0.0.0
path+file:///home/katana/zeo/ZEROX/deepseek/W06c/ws/crates/zx-p2p#0.0.0	registry+https://github.com/rust-lang/crates.io-index#async-trait@0.1.92,registry+https://github.com/rust-lang/crates.io-index#futures@0.3.34,registry+https://github.com/rust-lang/crates.io-index#futures_ringbuf@0.4.0,registry+https://github.com/rust-lang/crates.io-index#libp2p@0.56.0,registry+https://github.com/rust-lang/crates.io-index#thiserror@2.0.20,registry+https://github.com/rust-lang/crates.io-index#tokio@1.53.1,registry+https://github.com/rust-lang/crates.io-index#tracing@0.1.44,path+file:///home/katana/zeo/ZEROX/deepseek/W06c/ws/crates/zx-core#0.0.0
path+file:///home/katana/zeo/ZEROX/deepseek/W06c/ws/crates/zx-poas#0.0.0	path+file:///home/katana/zeo/ZEROX/deepseek/W06c/ws/PDF/autonomys-subspace/shared/ab-proof-of-space#0.1.0,registry+https://github.com/rust-lang/crates.io-index#blake3@1.8.7,registry+https://github.com/rust-lang/crates.io-index#proptest@1.11.0,registry+https://github.com/rust-lang/crates.io-index#rand@0.9.5,registry+https://github.com/rust-lang/crates.io-index#rand_chacha@0.9.0,path+file:///home/katana/zeo/ZEROX/deepseek/W06c/ws/PDF/autonomys-subspace/crates/subspace-archiving#0.1.0,path+file:///home/katana/zeo/ZEROX/deepseek/W06c/ws/PDF/autonomys-subspace/crates/subspace-core-primitives#0.1.0,path+file:///home/katana/zeo/ZEROX/deepseek/W06c/ws/PDF/autonomys-subspace/crates/subspace-erasure-coding#0.1.0,path+file:///home/katana/zeo/ZEROX/deepseek/W06c/ws/PDF/autonomys-subspace/crates/subspace-farmer-components#0.1.0,path+file:///home/katana/zeo/ZEROX/deepseek/W06c/ws/PDF/autonomys-subspace/shared/subspace-kzg#0.1.0,path+file:///home/katana/zeo/ZEROX/deepseek/W06c/ws/PDF/autonomys-subspace/crates/subspace-proof-of-space#0.1.0,path+file:///home/katana/zeo/ZEROX/deepseek/W06c/ws/PDF/autonomys-subspace/crates/subspace-verification#0.1.0,registry+https://github.com/rust-lang/crates.io-index#thiserror@2.0.20,path+file:///home/katana/zeo/ZEROX/deepseek/W06c/ws/crates/zx-consensus#0.0.0,path+file:///home/katana/zeo/ZEROX/deepseek/W06c/ws/crates/zx-core#0.0.0
path+file:///home/katana/zeo/ZEROX/deepseek/W06c/ws/crates/zx-pot#0.0.0	registry+https://github.com/rust-lang/crates.io-index#aes@0.9.3,registry+https://github.com/rust-lang/crates.io-index#blake3@1.8.7,registry+https://github.com/rust-lang/crates.io-index#cpufeatures@0.2.17,registry+https://github.com/rust-lang/crates.io-index#thiserror@2.0.20
