dsh: reasoning:
Let me start by reading the order file and the LINEO.md file.
dsh: reasoning:
Let me read the LINEO.md file entirely (as instructed), the contract, the T01-B order, and explore the T01 workspace.
dsh: reasoning:
This is a large task. Let me create a goal since this is a long-running objective. Actually, let me first understand the task fully. Let me read the key files: CONTRATO-v0.md, ORDEN-T01-B.md, the source files, REVISION-T01-B.md, and the existing report.

Let me read them in parallel. Let me first check the sizes.

Let me read the contract, order T01-B, and the source files. These are large. Let me plan.

Let me create a todo list and a goal. Actually the task is a long-running objective — should I create a goal? The user directly asked me to fulfill the order. It's a multi-step objective. I'll create a goal.

But wait — the instructions say create_goal for long-running completion objective. This is a task of ~1 hour budget, multiple steps. I think creating a goal is appropriate. But let me first do reconnaissance before making a plan. Actually, let me not create goal yet; let me understand first. Hmm, the guidance says goal tools for one long-running completion objective. This qualifies. Let me create it after reconnaissance? The instructions say "create_goal may infer goal intent from a direct human request". I'll create it now with the objective from the order.

Let me first read everything. Let me read the contract and source files.

Let me be efficient. I'll read:
- CONTRATO-v0.md (25KB)
- ORDEN-T01-B.md (6KB)
- src/Transicion.jl
- src/seleccion.jl
- src/nodo.jl
- src/generadores.jl
- src/lector_vectores.jl
- run.jl
- exportar.jl
- test/runtests.jl
- REVISION-T01-B.md
- INFORME.md
- PROGRESO.md
- METODO.md
- ENTRADA-T01-C.sha256
- resultados/vectores-transicion-v0.txt (sample)
- resultados/*.log

That's a lot. Let me start with the contract and the B order, plus core sources. I'll batch reads.

Let me use bash wc to see sizes first? I can read directly. Let me batch several reads.
dsh: reasoning:
The ENTRADA-T01-C.sha256 is at /home/katana/zeo/ZEROX/P-ZRX/P-TRANSICION/ENTRADA-T01-C.sha256 (parent dir). Let me read it. Also read the source files.

Let me now read the source files: Transicion.jl, seleccion.jl, nodo.jl, generadores.jl, lector_vectores.jl, run.jl, exportar.jl, test/runtests.jl.

Let me check file sizes first via bash wc, then read.
dsh: reasoning:
Now let me read the core source files. Start with Transicion.jl (887 lines), seleccion.jl (113), nodo.jl (55), generadores.jl (649), exportar.jl (316), lector_vectores.jl (309), run.jl (214), test/runtests.jl (413).

Let me read the main ones.
dsh: reasoning:
Now let me read seleccion.jl, nodo.jl, generadores.jl, exportar.jl, lector_vectores.jl, run.jl, test/runtests.jl. Also INFORME.md, PROGRESO.md, METODO.md.

Let me read seleccion, nodo, generadores first.
dsh: reasoning:
Now let's read exportar.jl, lector_vectores.jl, run.jl, test/runtests.jl, INFORME.md, PROGRESO.md, METODO.md.
dsh: reasoning:
Now let me read run.jl, test/runtests.jl, INFORME.md, PROGRESO.md, METODO.md, and the format doc (P-FORMATO/FORMATO-v0.md maybe referenced). The order T01-C mentions "formato" T01-B. Let me look at run.jl and tests.
dsh: reasoning:
Now I have a good picture. Let me read the INFORME.md and PROGRESO.md to understand the reporting style, plus METODO.md. Also look at sample of vectores-transicion-v0.txt to see the exact format.

Let me also check the format doc P-FORMATO/FORMATO-v0.md that's referenced, to understand R-8/R-9 alignment. But the order says the format is per T01-B, and the error names are from the oracle. Let me check whether FORMATO-v0 exists. Actually T01-C says "mismo formato de líneas que T01-B". So I mainly need the existing format.

Now, the task T01-C: create a new file `resultados/vectores-transicion-negativos-v0.txt` + `.sha256`, with a separate exporter (or extend generadores.jl / new file) generating directed negative-transaction cases covering all required error families, each ≥30 times. The key requirement: "cada caso con el error esperado escrito a mano y comprobado contra el oráculo". And "relectura con tu lector independiente: 0 discrepancias".

Crucially, T01-B's exporter drops cases whose reopened RES doesn't match the hand-built expected error. For T01-C, we need each family ≥30 occurrences in the new file. That means we need to generate many cases (probably a few hundred) each covering a specific error family, in multiple grid points and both phases where applicable.

Let me carefully parse the required families and their members:

- `ErrSaldo`:
  - transferencia que crea valor (Σ salidas > Σ entradas)
  - depósito que no cuadra (total != importe)
  - retiro mayor que el activo
  - liberación mayor que lo vencido
  - importe 0 de R-8 (CoinbasePost, Deposito, Retiro, Liberacion)
  - transferencia sin salidas de R-9
- `ErrDobleGasto`:
  - misma entrada dos veces en una tx
  - misma entrada en dos txs del mismo bloque
  - gasto de una salida ya gastada
- `ErrRetiroPendiente`
- `ErrAutorizacion`:
  - transferencia, depósito, retiro y liberación firmados por otra clave
- `ErrInmaduro`:
  - coinbase PoW en PoW y cruzando el corte con `M_res_slots`
  - depósito pendiente usado para producir ⇒ `ErrGarantia` aparte
  - liberación antes de `R_slots` (el error que dé el oráculo, declarado)
- `ErrEmision` (R-6, R-7, R-9)
- `ErrOperacionFase` (liberación y evidencia en PoW)

Also the order says "Familias mínimas (≥ 30 casos cada una, en varios puntos de la rejilla por defecto y en ambas fases cuando aplique)".

"cada familia de rechazo de transacción del contrato (v0.1) aparece al menos 30 veces en el fichero nuevo, con el error esperado construido a mano y confirmado por el oráculo"

So the falsifiable question: each rejection family appears ≥30 times, with expected error built by hand and confirmed by the oracle, and independent reread gives 0 discrepancies.

The families to count by error: ErrSaldo, ErrDobleGasto, ErrRetiroPendiente, ErrAutorizacion, ErrInmaduro, ErrEmision, ErrOperacionFase, plus ErrGarantia (for the depósito pendiente ≥30? "depósito pendiente usado para producir ⇒ ErrGarantia aparte"). It says "ErrGarantia aparte" meaning it's a separate required family. So ErrGarantia ≥30 as well.

So 8 families each ≥30 = ≥240 cases minimum. But each case is a full history, and there could be multiple blocks. Better to generate ~30+ per family per phase and per grid point. The order says "en varios puntos de la rejilla por defecto y en ambas fases cuando aplique". So, probably: for each of several default grid points (the same 3 by default? or all default points?), generate ≥30 cases per family. If we do 3 points × 30+ per family, that's 8×3×30 = 720 cases. That's fine.

Actually, re-reading: "cada familia ... aparece al menos 30 veces en el fichero nuevo, con el error esperado construido a mano y confirmado por el oráculo". So overall ≥30 per family. But also "en varios puntos de la rejilla por defecto y en ambas fases cuando aplique" — this suggests the 30 should be spread across several grid points, not just one. To be safe, I'll target ≥30 per family per default grid point? That may be a lot but manageable. Let me think about time budget: 1h. The oracle is slow-ish but these histories are small (≤ ~12 blocks). 240 cases × 3 points = 720 histories, each maybe a few ms. Fine.

Actually, let me reconsider. The default grid (`puntos_por_defecto`) has SEC0, CUT_HWPhi, FC3. How many points? Let me compute. The reduced grid enumerates:
- H_dep ∈ {1,2} (2)
- M_cb ∈ {1,3} (2)
- M_dep ∈ {0,2} (2)
- H_corte_min ∈ {base, base+1} (2)
- W_min ∈ {1,4} (2)
- S_min ∈ {1,10} (2)
- K_min ∈ {1,2} (2)
- q ∈ {1,5} (2)
- M_res_slots ∈ {1,3} (2)
- M_dep_slots ∈ {1,2} (2)
- M_rec_slots ∈ {1,2} (2)
- R_slots ∈ {1,3} (2)
- F_slots ∈ {2, typemax} (2)
- sec ∈ {SEC0, SECA} (2)
- corte ∈ {CUT_HWPhi, CUT_H, CUT_W} (3)
- seleccion ∈ {FC3,FC1,FC2} (3)

Total reducida = 2*2*2*2 * 2*2*2*2 * 2*2*2*2 * 2 * 2*3*3 = let's compute: first four (H_dep,M_cb,M_dep,H_corte) = 2^4=16. Next 8 params (W_min..F_slots): W_min,S_min,K_min,q = 2^4=16; M_res,M_dep_s,M_rec,R_s = 2^4=16; so 16*16=256. Then sec=2 → 512; corte=3 → 1536; sel=3 → 4608. So reducida has 4608 points. With SEC0=..., CUT_HWPhi, FC3: 2304? Let's see: half SEC0 → 2304, then /3 corte → 768, /3 sel → 256. So 256 default points. Hmm wait: 4608 / 2 (sec) = 2304; /3 (corte) = 768; /3 (sel) = 256. So 256 default points. T01-B used indices 1, mid, last (3 points).

Let me verify with the exportar.log or by running Julia. But this is important. Actually the T01-C order says "en varios puntos de la rejilla por defecto" — likely the same 3 points as T01-B (first, middle, last). To be consistent, I'll use the 3 by index as in T01-B. But it also says "en ambas fases cuando aplique". So for each family, I need cases in both PoW and PoST phases where applicable.

Hmm, but the 3 points chosen by index might not include all needed variety. Actually T01-B chose idxs = unique([1, div(1+N,2), N]) → for N=256, that's [1, 128, 256]. Note: these are indices into the 256-point list. But are the first and last points SEC0/CUT_HWPhi/FC3? Yes, filtered. The first point has specific params (H_dep=1, M_cb=1, M_dep=0, H_corte_min=base=2, W_min=1, S_min=1, K_min=1, q=1, M_res=1, M_dep_s=1, M_rec=1, R_s=1, F_s=2). The last point has H_dep=2,M_cb=3,M_dep=2, H_corte_min=base+1, W_min=4,S_min=10,K_min=2,q=5, M_res=3,M_dep_s=2,M_rec=2,R_s=3,F_s=typemax. The middle one is somewhere.

Now, important: the negative cases need to be constructed so that the awaited error is produced by the oracle AND is releíble (i.e., the prefijo reproduces the state from genesis, and the exported story reprocesses to the same RES).

This is the key difficulty: T01-B's approach builds a "prefijo" (list of blocks) that reproduces the parent state, then appends the invalid block. The reader reconstructs the story and recomputes RES. For a directed case to be releíble, the prefix must be a valid chain ending at a terminal (for PoST cases) or any valid state (for PoW cases).

For T01-C, we need many negative cases. A clean approach: build a valid prefix once (PoW chain, possibly with terminal + PoST suffix for phase-PoST cases), then for each negative case, construct a block B on top of the prefix's tip (or on a valid state) whose application yields the awaited error. Export the story = prefix + [B]. The reader recomputes and checks.

But there's a subtlety with the RES format: the exporter writes RES for each block as its contextual validity on its parent state. For the invalid B, RES = the error. For prefix blocks, RES=OK. Also `SEL` and final state correspond to `seleccionar(bloques)`. Since B is invalid, selection picks the prefix tip. Good.

Also we must count errors per family: The requirement is that the new FILE contains each family ≥30 times. Since each case has one (or more) invalid block, we can count `RES` error names. Actually "cada familia de rechazo de transacción ... aparece al menos 30 veces". The natural count: number of cases whose directed expected error is that family, confirmed by the oracle. I'll report a table of counts by error.

The catch: the order says "con el error esperado construido a mano y confirmado por el oráculo". So each negative case must have a hand-declared expected error, and the exporter must verify oracle==declared, and fail loudly (or count) if mismatch. Plus reread 0 discrepancies.

Now let me think about the "written by hand" requirement. For each generated case I'll associate `esperado::Err`. Then check `aplicar(padre, B, P) == esperado`. If not, that's a bug; the export should error or warn. I think the cleanest is: the exporter builds the case list, and for each asserts the oracle matches; if not, it reports and fails (exit nonzero). Then writes the file only with confirmed cases. Also the reader independently recomputes.

Now let me design the generators. I need to construct, for each error family, valid stories producing the error, in PoW and PoST phases, across ≥30 occurrences.

Approach: I'll write a new file `src/generadores_negativos.jl` (or extend generadores.jl) with functions that build negative cases on given prefixes. Then a new exporter `exportar_negativos.jl` writing the required file. Then extend/modify `src/lector_vectores.jl`? The order says "relectura con tu lector independiente". T01-B's lector reads the T01-B file. For T01-C, I need a reader for the new file. The order says "relectura con tu lector independiente: 0 discrepancias". I think I can reuse `src/lector_vectores.jl` by passing the new file as ARGS[1], since the format is the same. That's "tu lector independiente". Good — the reader is independent of the exporter. But note the reader has extra checks keyed on case names (X-16, X-19, X-20) which won't match the new names; that's fine. Also the reader errors on "tipo de tx no releíble en formato v0 (SEC-0): $tipo" for AltaSector/PruebaSector — but our new file uses SEC0 only and won't include those (they're ErrFueraDeAlcanceV0, not among the required families). Good. The required families don't include sector ops.

Wait — but the reader only reads a single file and exits 0/1. I can run it on the new file. Good. But the order says "relectura con tu lector independiente" maybe it's fine. However, to be safe and explicit, maybe I should add a separate reader? No — reusing the independent reader is exactly the point: it doesn't reuse exporter functions. Actually, the requirement in T01-C §3.3: "Fichero: ... mismo formato de líneas que T01-B; relectura con tu lector independiente: 0 discrepancias". So running the existing independent reader on the new file suffices.

But hold on: the reader's `parsear_tx` reconstructs `Salida` with `OrigenTx` hard-coded for all outputs of type Coinbase/Transferencia. In `tx_coinbase(sal)`, the Salida's origen is set by the creator's `Salida(...)` constructor, and `aplicar_tx!` for TxCoinbase creates UTXOs with `OrigenCoinbasePow` regardless of the Salida's origen field (via `crear_utxos!` which overrides origen). Let me verify: `crear_utxos!(E, tx.salidas, OrigenTx, ...)` in transfer, and for coinbase `crear_utxos!(E, tx.salidas, OrigenCoinbasePow, B.altura, -1)`. So the `origen` field of the input Salida is ignored. Good, so reader's OrigenTx hardcoding doesn't matter. Also `creada_en_altura/slot` are set by crear_utxos. Good.

Now, one important constraint: the reader parses `RES` lines and rebuilds blocks; it recomputes RES via `construir_validos` + `aplicar`. It compares `caso.res` with recomputed. For invalid blocks, the exported RES is computed the same way in exporter (`res_por_bloque`). So they'll match by construction, unless there's a bug. Also SEL/UTXO/GAR/EST recomputed with `seleccionar`. Good.

Now: many negative cases. Let me design the case generation.

We need a valid base state. Two kinds:
1. **PoW phase**: a valid PoW chain from genesis up to some height h (without triggering terminal, or with terminal but we apply the invalid block as a PoW sibling/child? careful).
2. **PoST phase**: a valid PoW chain that has a terminal, plus a PoST suffix (so the tip state is FasePoST), then apply the invalid PoST block.

For each error family, some cases are naturally PoW or PoST.

Let me enumerate required sub-cases and design each:

### ErrSaldo
(a) transferencia que crea valor: PoW and PoST. Need a tip with a spendable UTXO owned by firmante. Transfer with entradas [o], salidas totaling > o.valor. Note: in `aplicar_txs!`, before calling `aplicar_transferencia!`, it checks `vs <= ve` and returns ErrSaldo. So it's ErrSaldo either way. Good. But careful: for the case to be "releíble", the UTXO must exist in the parent state and be spendable, and the entradas must be non-empty and salidas non-empty.

(b) depósito que no cuadra: total entradas != importe. `aplicar_deposito!` calls consumir_entradas, then `total == tx.importe || return ErrSaldo`. But note: before that, in `aplicar_txs!`, for non-transfer tx it calls `aplicar_tx!` → `aplicar_deposito!`. Need fase (PoW: B.altura >= H_dep; PoST always). Note `tx.importe != 0`. Also firmante==clave.

Wait — the order says "depósito que no cuadra" as ErrSaldo. Good.

(c) retiro mayor que el activo: `tx.importe <= g.activo || ErrSaldo`. Need a garantía activa. In PoW after depositing (with M_dep=0 maybe active) or in PoST. Build deposit first in prefix. Then retire amount > activo. Note firmante==clave and no pending retiro.

(d) liberación mayor que lo vencido: PoST only. Need en_retirada with inicio + R_slots <= B.slot, and tx.importe > vencido. Build prefix with a retiro whose retention has elapsed, then liberación with importe > vencido. Actually simpler: no en_retirada at all → vencido=0, tx.importe=1 > 0 → ErrSaldo. But that might be less "real". The order says "liberación mayor que lo vencido", so we need some vencido then ask more. Let's build a retiro of amount r, wait R_slots, then liberación of amount r+1 (if r+1 <= activo? no, the check is against vencido). We need tx.importe != 0. Good.

(e) importe 0 de R-8: CoinbasePost (PoST), Deposito (PoW+PoST), Retiro (PoW+PoST), Liberacion (PoST). Note CoinbasePost importe 0 → ErrSaldo only when E.fase==PoST. Actually `aplicar_tx!` for TxCoinbasePost: `E.fase == FasePoST || return ErrOperacionFase; tx.importe == 0 && return ErrSaldo`. So CoinbasePost in PoST with 0 → ErrSaldo. Deposito 0: `aplicar_deposito!` returns ErrSaldo before fase check? Let's see: `tx.importe == 0 && return ErrSaldo` is first, before fase/H_dep checks. So deposito 0 in PoW at h<H_dep gives ErrSaldo (not ErrDepositoTemprano). Fine. Retiro 0 → ErrSaldo (first check after)? `aplicar_retiro!`: `tx.importe == 0 && return ErrSaldo` first, then firmante check. Good. Liberacion 0: `E.fase == FasePoST || return ErrOperacionFase` FIRST, then `tx.importe == 0 && return ErrSaldo`. So liberacion 0 in PoW → ErrOperacionFase, in PoST → ErrSaldo. Good.

(f) transferencia sin salidas de R-9: handled in `aplicar_txs!`: with entradas and empty salidas → ErrSaldo (before `aplicar_transferencia!`). Need entradas non-empty and exist. Actually the check `isempty(tx.salidas) && return ErrSaldo` happens after `isempty(tx.entradas) && return ErrEmision`. So transfer with entradas and no salidas → ErrSaldo, regardless of whether entradas exist? It checks entradas only later in the value computation. Actually order in code:
```
isempty(tx.entradas) && return ErrEmision
isempty(tx.salidas) && return ErrSaldo
ve = ... (checks utxo existence → ErrDobleGasto)
```
So yes, ErrSaldo even if entradas nonexistent. But we want it clean: use valid entradas.

### ErrDobleGasto
(a) misma entrada dos veces en una tx: transfer or deposito with [o,o]. `consumir_entradas!` detects duplicate → ErrDobleGasto. But for transfer, `aplicar_txs!` first computes `ve` by iterating entradas and `get(E.utxo,id)`; duplicate still exists so no error there; then `vs <= ve` check; then `aplicar_transferencia!` → `consumir_entradas!` → duplicate → ErrDobleGasto. Good. For deposito, `aplicar_deposito!` → consumir_entradas → duplicate. But careful: deposito checks `total == tx.importe` after consumir. Since consumir returns error first, fine. But note for deposito, importe must equal total; duplicate detection first. Good.

Actually also `crear_utxos!` checks duplicate salida ids → ErrDobleGasto. But that's for outputs with duplicate ids. Could be another source but the order specifically says "misma entrada dos veces en una tx".

(b) misma entrada en dos txs del mismo bloque: tx1 consumes o, tx2 consumes o again. In `aplicar_txs!`, first tx succeeds and deletes o, second tx: for transfer, `ve` computation `get(E.utxo,id)` → nothing → ErrDobleGasto. For deposito second, consumir → nothing → ErrDobleGasto. Good. Note: must be two separate txs; the block has one coinbase (first) plus these? We can build block with coinbase first, then tx1 and tx2. But careful: block must have exactly one coinbase and it must be first. So include a coinbase, then tx1, tx2. Fine.

(c) gasto de una salida ya gastada: a block (or later block) spends an output already consumed in an earlier block of the same prefix. Since we append a single invalid block B after a valid prefix, we can have the prefix consume output X in an earlier block, then B's tx spends X → ErrDobleGasto (because get returns nothing). Good. Alternatively "misma entrada dos veces en dos txs del mismo bloque" vs "gasto de una salida ya gastada" (across blocks). Both needed.

### ErrRetiroPendiente
Need a garantía with an existing en_retirada, then a second retiro. Must have activo >= first importe. In PoW (retiro allowed) or PoST. Build prefix: deposit to get activo, then a retiro (creates en_retirada with inicio=slot in PoW = s0=0), then second retiro in same or later block → ErrRetiroPendiente. Note: `aplicar_retiro!` checks `tx.importe == 0` then firmante then `tx.importe <= g.activo` then `isempty(g.en_retirada)`. So if second importe <= activo and there's a pending, ErrRetiroPendiente. Good.

### ErrAutorizacion
- transferencia firmada por otra clave: entradas owned by clave A, firmante = B (B != owner). `consumir_entradas!`: `o.dueño == firmante || return ErrAutorizacion`. Good. But wait, in `aplicar_txs!` for transfer, it first computes `ve` (existence only, no owner check), then value check, then `aplicar_transferencia!` → consumir → owner check → ErrAutorizacion. Good.
- depósito firmado por otra clave: `aplicar_deposito!`: `tx.firmante == tx.clave || return ErrAutorizacion`. So firmante != clave. But also entradas must be owned by firmante (checked later). To isolate: use clave=1, firmante=2, entradas owned by 2? But then `total == importe`. Hmm, if firmante=2 and clave=1, returns ErrAutorizacion first. Good. But careful: `tx.importe == 0` check first. Use nonzero.
- retiro firmado por otra clave: `tx.firmante == tx.clave || return ErrAutorizacion`. Good.
- liberación firmada por otra clave: `E.fase==PoST || ErrOperacionFase` first, then importe 0 check, then firmante==clave. So in PoST, firmante != clave → ErrAutorizacion. Good.

Also "depósito que acredita a una clave distinta de la que firma la aceptación" is X-06 = same as depósito firmante != clave.

### ErrInmaduro
- coinbase PoW en PoW: spend immature coinbase_pow created at h' with h < h'+M_cb. Build prefix where a coinbase is created at height h (not matured), then B at height h+k (k<M_cb) spends it. Actually simpler: create coinbase in block at height h, then in the SAME block try to spend it (like X-03). In `aplicar_txs!`, tarifas computation gets o from E.utxo? Wait: in the same block, `aplicar_txs!` computes `ve` from `E.utxo` BEFORE the coinbase is created! Because the coinbase tx is processed in the loop; `E` is the parent state at the start. Actually the loop processes txs in order; for transfer it looks up `E.utxo`. The coinbase was already applied earlier in the loop (if it's first) which added the output to E.utxo. So spending it in the same block works for existence, then `aplicar_transferencia!` → `gastable` checks maturity → ErrInmaduro. This is X-03. Good.
  Alternatively spend in a later block within M_cb. Both fine.
- "y cruzando el corte con M_res_slots": PoST phase, spend a coinbase_pow that was created too late to mature before terminal (creada_en_altura + M_cb > altura_terminal) and slot < s0 + M_res_slots. `gastable_en` in PoST: `o.creada_en_altura + P.M_cb <= altura_terminal && return true; return punto >= s0 + M_res_slots`. With s0=0, punto=B.slot, so ErrInmaduro if B.slot < M_res_slots. Need M_res_slots > 1 and a suitable output. X-03b does this. Good.
- depósito pendiente usado para producir ⇒ ErrGarantia aparte. In PoST, a producer whose garantía activo < q (only pending) → ErrGarantia. This is a separate family.
- liberación antes de R_slots ⇒ "el error que dé el oráculo, declarado". Let's figure: In `aplicar_liberacion!`, loops en_retirada, vencido = sum where inicio+R_slots <= B.slot. Before R_slots, vencido=0, then `Int128(tx.importe) <= vencido` → for importe>0, ErrSaldo. So liberación before R_slots gives ErrSaldo. So the "error that the oracle gives" is ErrSaldo. But the order lists it under ErrInmaduro section. Hmm: "`ErrInmaduro` (...; liberación antes de `R_slots` (el error que dé el oráculo, declarado))". So they expect us to try a liberación before R_slots and report whatever error the oracle yields, declared. The oracle yields ErrSaldo. We must declare this. And does it count toward ErrSaldo family or ErrInmaduro? It says the family is ErrInmaduro for that bullet, but the actual error is declared. This is a bit ambiguous — I should flag it as a "falta de definición" perhaps? The instruction says "Si detectas una falta de definición, infórmala antes de editar." Hmm. Well, the order itself acknowledges the error may differ and says to declare it. So it's defined: we include the case, declare the error is ErrSaldo (not ErrInmaduro), and document it. It doesn't necessarily count toward any ≥30 family; but to be safe I'll include ≥30 such cases and declare them. Actually since they map to ErrSaldo, they help ErrSaldo count. But then the count by error would count them as ErrSaldo. I'll report both: a table of errors found and a table of intended families.

Hmm, wait. Let me reconsider. Perhaps I should flag this as a genuine ambiguity before editing: whether liberación-antes-de-R_slots should count toward ErrInmaduro's ≥30 or ErrSaldo's. But the order explicitly says "el error que dé el oráculo, declarado", which resolves the expected error. It doesn't change the family count requirement beyond that. I think it's cleanly handled by declaring it. I'll note it in the informe. The instruction "Si detectas una falta de definición, infórmala antes de editar" — I should mention if I find something genuinely undefined. Let me keep looking for real gaps.

### ErrEmision (R-6, R-7, R-9)
- R-6: coinbase not first (in a block with ≥1 tx and exactly one coinbase) → ErrEmision. In PoW or PoST.
- R-7: coinbase PoW with no outputs → ErrEmision. (Also genesis coinbase without outputs.) Order says R-7. 
- R-9: transferencia sin entradas → ErrEmision.
Note R-9 also gives ErrSaldo for transfer with entradas no salidas (counted under ErrSaldo).

Wait, the order's ErrEmision bullet is "ErrEmision (R-6, R-7, R-9)". So all three. Good.

Also possible: coinbase over subsidy (X-02) is ErrEmision, but that's not "de transacción"? The order focuses on R-6/R-7/R-9. I could include X-02 too but not required.

### ErrOperacionFase
- liberación en PoW → ErrOperacionFase.
- evidencia en PoW → ErrOperacionFase.
Note: In PoW, TxEvidencia → ErrOperacionFase. But careful: a block whose txs are [coinbase, evidencia]? Evidencia is not coinbase. `aplicar_txs!` ncb counts only coinbase types. So [tx_coinbase, tx_evidencia] → coinbase first, then evidencia → ErrOperacionFase. Good. Or just [tx_evidencia] with no coinbase? Then ncb=0, no coinbase; subsidio check: coinbase_pagada=0 <= subsidio → OK; the evidencia returns ErrOperacionFase. But R-7 doesn't require coinbase presence in a PoW block? Actually `aplicar_txs!` doesn't require a coinbase; a block with no coinbase is allowed (coinbase_pagada=0). So simplest is a block with just tx_evidencia. But to be realistic and consistent, include a coinbase first.

Now, the important architectural question: how to build these cases such that they are releíbles and the prefix is valid.

Let me design a helper that builds, for a given Params P:
- A valid PoW chain `bloques_w` up to a height `h_pre` (no terminal), with states. This yields a parent state in FasePoW.
- A valid PoW chain up to terminal + PoST suffix, yielding a parent state in FasePoST.

But the specific cases need specific UTXOs and garantías. It may be easier to build custom prefixes for each family.

Given the time budget (1h) and complexity, I think a robust approach: construct a "rich" valid prefix for each grid point once, then derive many negative blocks from it. But different errors need different conditions. Let me think of a general prefix builder that produces:
- UTXO with coinbase outputs owned by keys 1 and 2 at various heights/maturities.
- A garantía activa for key 1 (via deposits).
- A garantía with en_retirada for key 1 (a retiro).
- A garantía pending (deposit not yet matured) for some key (for the ErrGarantia case).
- PoST phase variant: same but tip is PoST.

Let me design two prefix families per Params:
**PrefixPoW(P; h)** → valid PoW chain of height h, states, with:
  - coinbase outputs: each height creates output(s) owned by key 1 (and maybe 2).
  - deposits: at each height after H_dep, deposit matured coinbase outputs to key 1 (so garantía activa grows), and maybe a deposit to key 2.
  - a retiro for key 1 at some height (leaves en_retirada).
  - Hmm but we also need an immature coinbase and mature ones.

Actually, maybe simpler: build a base prefix using the existing `construir_poW` with `depositar=true`, `transferir=false`. That gives coinbase outputs and deposits to key 1 (prod=1). Let me examine `construir_poW`:
- h=1: coinbase outputs [out_id: 5 to key1, out_id+1: 5 to key2] (if not sin_clave1).
- h>=2: coinbase output 10 to prod (default key 1).
- deposits: for each mature coinbase output (originated coinbase and h >= creada+M_cb), deposit it to `o.dueño` with importe = o.valor, firmante = o.dueño. So it deposits every spendable coinbase output each height. Deposits to key 1 (and key 2 for the h=1 output).
- retiro_en: if set, a retiro of 1 for prod if activo>=q.
- Note: the tip's `garantias` will have activo for keys 1/2 depending on M_dep. If M_dep=0, deposits become active immediately.

`construir_poW` breaks when `E.terminal == B.id`. So if P's H_corte_min etc. cause a terminal (with CUT_HWPhi, requires phi), the chain stops at terminal. For PoW-phase negative cases, we want a chain that is NOT terminal (so we can apply a PoW block). For that, we can ensure terminal not reached. But the same prefix is used for PoST cases where we NEED a terminal.

Hmm. Let me think about how T01-B built directed cases:
- `gen_only = construir_poW(hasta=0)` for genesis-only cases.
- `tb = construir_poW(hasta=10)` for terminal cases; ET=E tip; T=last block. If ET.terminal != -1, use X-03b, X-07, X-09, X-10, X-12.
- X-04/X-05/X-06 use prefixes up to H_dep-ish (with depositar=false so no terminal? Actually depositar doesn't matter; terminal requires phi which requires garantía; with depositar=false phi may be false, so no terminal).
- X-08/X-11 use prefixes up to H_corte_min-1 (no terminal).
- X-13/X-14 use genesis-only.

For T01-C, I need ≥30 occurrences per family. The cleanest way to get many occurrences: generate them across multiple prefix variants (e.g., different states/heights/keys) and across the 3 default grid points. Let me aim for a design where for each grid point P and each "phase", I build a deterministic prefix and generate a batch of cases.

Actually, re-reading the order: "Familias mínimas (≥ 30 casos cada una, en varios puntos de la rejilla por defecto y en ambas fases cuando aplique)". I interpret: for each family, ≥30 cases total; these should span several default grid points and both phases when the error can happen in both. So I don't need 30 per point. I'll target: for each of the 3 default points, and each phase, build a prefix and generate a good number of cases per family. If I generate, say, ~12-15 cases per family per phase per point, with 3 points × 2 phases = 6 combos, that's ~72-90 per family. That comfortably exceeds 30 and satisfies "varios puntos ... ambas fases". But some families only apply to one phase (e.g., ErrOperacionFase only PoW; ErrRetiroPendiente both; ErrGarantia only PoST). Fine.

But building 12-15 distinct negative blocks per family is a lot of code. Alternative: generate one or a few negative blocks per family per prefix, but vary the prefix across many heights/keys/amounts. With 3 grid points, to reach 30 per family across points, I'd need ≥10 distinct cases per family per point.

Hmm, let me think about a more parameterized generator: For a given parent state E (PoW or PoST) and available UTXOs, generate negative blocks by iterating over a list of "recipes", each recipe constructing a specific error. Then for each recipe and each selected output/key, create a case. E.g.:
- ErrSaldo-transfer-crea-valor: for each mature output o owned by firmante f, block with coinbase + transfer([o], [salida(o.valor+1, f)], f). That's as many as available outputs.
- ErrSaldo-transfer-sin-salidas: for each output.
- ErrDobleGasto-duplicada-en-tx: for each output.
- ErrDobleGasto-dos-txs: for each output.
- ErrAutorizacion-transfer: for each output with owner f, firmante = other key.
- ErrInmaduro-immature: for each immature output (or same-block coinbase).
- etc.

This "for each output" approach naturally yields many cases and covers multiple points. But we must ensure the block is constructed so the awaited error fires and nothing else earlier. E.g., for ErrSaldo transfer-crea-valor, need vs > ve → ErrSaldo in aplicar_txs! before any owner check. Good.

Also, importantly, each negative case should be a valid block EXCEPT for the targeted error. Since we only append one block to the prefix, and the error is on that block, fine.

Now about the prefix: to generate the rich variety, I'll build for each Params P:
1. **PoW prefix** `prefW(P)` = valid PoW chain (no terminal) with deposits and retiros, and spawn states. Actually we need a state where there are: mature outputs, immature outputs, garantía activa, garantía en_retirada, garantía pending.
2. **PoST prefix** `prefS(P)` = valid PoW chain ending in terminal + PoST suffix, with garantías.

But constructing these robustly across all 3 default points and all Params values is non-trivial. Let me use `construir_poW` with parameters and inspect. Since the grid has variety (M_cb 1/3, M_dep 0/2, H_corte_min, etc.), I need to be careful.

Alternative robust approach: For each Params P, build a **long** valid PoW chain with `depositar=true`, `retirar_en` set, `transferir=false`, and `alta_en/prueba_en` for SECA. Then:
- The final state may or may not have a terminal. If it has a terminal, then to get a PoW-phase state I can use an earlier state (before the terminal) from `estados`. I can pick a prefix state `E_pre = estados[end-?]` such that E_pre.terminal == -1 and E_pre.fase == FasePoW. Then build the negative block on top with altura = E_pre.altura+1 and padre = corresponding block id. But then the exported story must be the prefix blocks up to that state, and the reader recomputes. That's fine — I can truncate the prefix.

- For PoST-phase, use the full chain (terminal + PoST suffix). If no terminal with these params (e.g., W_min too high, or phi false), then no PoST cases for that point. Hmm — T01-B's default points: since `puntos_por_defecto` uses CUT_HWPhi and FC3, a terminal requires phi. With depositar=true, garantía activa forms if M_dep is small enough and coinbase matures. Given H_corte_min = base = max(H_dep,1+M_cb)+M_dep, and chain goes to height 10, there should be deposits mature by then. Likely terminal occurs. Let me just test empirically.

Actually, let me step back and consider: the negative cases don't strictly need a terminal for PoST-phase errors! We can build the PoST phase manually only via `aplicar` on a terminal. The PoST phase begins when a PoST block is applied to a PoW state with terminal. So we do need a terminal.

Let me now assess time. This is a substantial implementation. Let me plan to:
1. Explore the environment: Julia availability, run existing tests/export quickly.
2. Build a helper file `src/generadores_negativos.jl` included from Transicion.jl (after generadores.jl) OR a separate file included by the exporter. The order says "Solo añades generadores de casos (`src/generadores.jl` o un fichero nuevo) y la exportación." So I can add `src/generadores_negativos.jl` and include it in Transicion.jl (that modifies Transicion.jl, but only adding an include — semantics unchanged). Actually the order says "No cambies la semántica de src/Transicion.jl... Solo añades generadores ... y la exportación." Adding an `include` line is not semantic change. Fine. Alternatively put everything in the exporter to avoid touching Transicion.jl. But the reader needs `Transicion` only. I think adding a new file and including it is cleanest and matches "src/generadores.jl o un fichero nuevo".

Actually, to minimize risk, I'll create `src/generadores_negativos.jl` and include it from `Transicion.jl` after `generadores.jl`. Then export the new functions.

3. Create `exportar_negativos.jl` that:
   - builds cases (declared error + story),
   - verifies each against oracle,
   - writes `resultados/vectores-transicion-negativos-v0.txt` with same format,
   - writes `.sha256` in `sha256sum` format: `<hash>  <nombre>` (order requires this format, unlike T01-B's bare hash!).
   - prints counts by family.

4. Run the independent reader `src/lector_vectores.jl` on the new file → 0 discrepancies.
5. Update INFORME.md, PROGRESO.md, HORAS.log.
6. Verify `test/runtests.jl` still passes.
7. Check ENTRADA-T01-C sha256 at start and end.

Wait — the required sha256 format: T01-C §3.3 says "`.sha256` (en formato `sha256sum`, es decir, `<hash>  <nombre>`)". T01-B's was bare hash. So for T01-C use the two-space format with the file basename. Good, explicit.

Now, the header line format from T01-B:
`# vectores-transicion-v0 · T01 · <fecha> · sha256 del contrato <hash>`

For T01-C, should the header say `vectores-transicion-negativos-v0`? The format says "mismo formato de líneas que T01-B". The header is a comment line; I'll use `# vectores-transicion-negativos-v0 · T01-C · <fecha> · sha256 del contrato <hash>`. Hmm, but the reader ignores comment lines. The order says "mismo formato de líneas que T01-B". I think keeping the same header except the name is fine. Let me keep it aligned but identify T01-C. Actually to be safe, I'll mirror T01-B exactly but with the filename/name changed and T01-C. The reader skips `#`. Determinism: the date would be part of the hash. T01-B had a fecha. For determinism of two runs, I must fix the date via `--fecha`, like T01-B. The order says "determinista". T01-B used `--fecha`. I'll do the same, and run with a fixed fecha. Actually, to make the published file deterministic, pass `--fecha` explicitly. The order doesn't require a specific date. I'll use the date at generation but then determinism check = run twice with same `--fecha` yields same sha. Hmm, T01-B's determinism likely ran with same fecha. I'll do: first generation with `--fecha "$(date -Is)"`, record sha; second generation to a temp output with the same fecha and compare. Good.

Actually, let me look at T01-B's determinismo.log and exportar.log to mirror the process. And INFORME/PROGRESO for style. Let me read those.

Let me also check the environment: is Julia available? `veritas/julia.sh`? Let me find. The T01 folder has Project.toml, Manifest.toml, .julia-depot. There's likely a wrapper. Let me check HORAS.log and the launch scripts.

Let me read INFORME.md, PROGRESO.md, HORAS.log, METODO.md, and the logs.
dsh: reasoning:
Now let me check the environment and get Julia running. Let me read PROGRESO.md and METODO.md too, and check environment variables. Also examine a sample of the vector file and the exportar.log/determinismo.log/relectura.log.

Let me batch bash and reads.
dsh: reasoning:
Important discovery: T01-B's `puntos_por_defecto()` gives **8192** points, not 256. My earlier count was wrong. Let me recompute: The reduced grid has 147456 points total (from PROGRESO: "147 456"). With SEC0 (half) → 73728; CUT_HWPhi (/3) → 24576; FC3 (/3) → 8192. Yes, 8192 default points. Good.

T01-B took directed cases at indices 1, 4096, 8192. So for T01-C, "varios puntos de la rejilla por defecto" → I'll use the same 3 indices (1, 4096, 8192), consistent with T01-B. Good.

Now let me check environment. Let me find julia and the wrapper.

Let me check the bash environment: JULIA_DEPOT_PATH etc. Let me look for veritas/julia.sh and the julia binary. Also verify the ENTRADA-T01-C.sha256 now.

Actually, first: the task instruction says "Si detectas una falta de definición, infórmala antes de editar." I should identify any genuine ambiguities and report them before editing. Let me think about what's genuinely underdefined in T01-C:

1. **CoinbasePost importe 0**: R-8 says importe 0 in CoinbasePost ⇒ ErrSaldo. But `aplicar_tx!` for TxCoinbasePost checks `E.fase == FasePoST || return ErrOperacionFase` BEFORE the importe==0 check. So in PoW a CoinbasePost 0 → ErrOperacionFase, not ErrSaldo. But R-8 clearly is about PoST CoinbasePost. In PoST it's ErrSaldo. Fine, no ambiguity for the PoST case.

2. **"liberación antes de R_slots (el error que dé el oráculo, declarado)"** — the oracle gives ErrSaldo. This is explicitly left to the oracle. I'll declare it.

3. **`ErrInmaduro` bullet includes "depósito pendiente usado para producir ⇒ ErrGarantia aparte"** — means a case where a deposit is still pending (not matured) so garantía activa < q, and the block production gives ErrGarantia. So ErrGarantia is a separate family to cover (≥30). Clear.

4. **The `ErrEmision` bullet lists R-6, R-7, R-9.** R-6 requires a block with exactly one coinbase not first. But careful: `aplicar_txs!` checks `ncb > 1 && ErrEmision` and `ncb==1 && idx_cb != 1 && ErrEmision`. So R-6 case: a block with one coinbase in position 2. R-7: coinbase with no outputs. R-9: transfer with no inputs. Clear.

5. **Counting**: "cada familia ... aparece al menos 30 veces en el fichero nuevo". Ambiguity: does "familia" mean the group headings (ErrSaldo, ErrDobleGasto, ...) and count cases whose RES is that error? Or per sub-bullet? I'll interpret family = error name, count cases by the oracle-confirmed error. But I'll also report per sub-bullet counts to be safe. This is a reasonable reading, not a blocking ambiguity.

6. **Reread**: "relectura con tu lector independiente". The existing reader is for T01-B. It can read the new file. But the reader's `parsear_tx` errors on `AltaSector`/`PruebaSector` types — we won't include those. It also has hardcoded extra checks for names X-16/X-19/X-20 which won't fire. Fine.

7. **sha256 format**: explicitly `sha256sum` format. Clear.

8. **Which default grid points**: "varios puntos de la rejilla por defecto". I'll use the 3 from T01-B.

Hmm, but here's a real potential issue: **Will the generated negative cases be releíbles with the 3 chosen params points?** Particularly for PoST-phase cases, we need a terminal. Let me test.

Also, a subtle issue: **`PARAM` line format doesn't include `sec`, `corte`, `seleccion`** — the reader hardcodes SEC0/CUT_HWPhi/FC3. Since the order says only default interfaces, that's fine.

Another subtle issue: T01-C requires "ambas fases cuando aplique". So I need PoW-phase and PoST-phase variants.

Let me now think hard about constructing a robust generator.

Let me first get Julia running and explore the actual prefix states for the 3 points. Let me write a small exploration script (in the T01 dir, but I should be careful — writing exploration scripts in T01 is allowed as long as within T01). Actually the order says only add generators and export. A temporary exploration script is fine; I can delete it or keep it. Let me use `julia -e` inline to avoid clutter.

Let me set up environment.

Let me find the julia binary and test.
dsh: reasoning:
There's a `julia` at /home/katana/torio/.juliaup/bin/julia but the pinned one is /home/katana/.julia/juliaup/julia-1.13.0+.../bin/julia. Let me verify it runs. Also there's `/home/katana/zeo/ZEROX/veritas/julia.sh`? Let me check. Actually T01 is not under veritas; it's a different tree. Let me just use the pinned binary.

Let me test a quick command with the depot path.
dsh: reasoning:
Good. Now let me explore the default points and prefix states. Let me write a small exploration script via `-e` or a temp file. Given complexity, a temp file in T01 (`explorar.jl`) is fine but I'll remove it later. Actually I can just use `-e` with a multi-line string passed to bash. Let me do that.

I want to understand, for the 3 points (idx 1, 4096, 8192):
- Their Params.
- Build `construir_poW(hasta=10, depositar=true)` and see if terminal, at what height, garantías, utxos.
- Also `retirar_en`.

Let me write an exploration script to a temp file and run it.

Actually, let me think more strategically. I'll design the generator to be robust regardless of the specifics. Let me first inspect.

Let me create a temporary file /tmp? No, sandbox writable is T01. `/tmp` may be writable ("Some platform temporary areas may also be writable"). Let me just write in T01 and delete.

Let me write `explorar_t01c.jl`.
dsh: reasoning:
Sorting pairs fails because Garantia isn't comparable. Fix: sort keys first. Let me fix.
dsh: reasoning:
My sed mangled the comprehension. Let me just rewrite the exploration file cleanly.
dsh: reasoning:
The file was changed by sed since I wrote it. I need to re-read it before writing. Let me read it then write. Actually the policy requires reading before overwrite if changed. Let me read quickly then write.
dsh: reasoning:
Interesting. Important observations:

- `construir_poW(hasta=10)` with `retirar_en=H_corte_min` stops at terminal. For punto 1, terminal at altura 2 (nbloques=3); the last state ET is FasePoW (terminal recorded). The UTXO only has one output 1002 (10 to key 1) created at altura 2. Wait — deposits consumed the earlier outputs. And a retiro was created at h=H_corte_min=2 for key1 (en_retirada has 1 element).

- For PoST, ET2 terminal; `extender_post` builds up to 3 blocks. For punto 1, slot=4, gains liberaciones. UTXO includes 1002 (coinbase pow at alt 2) and liberaciones.

Hmm, the last PoW state (with terminal) is a good parent for PoST blocks (fase=PoW). But for **PoW-phase** negative cases, we need a state with `terminal == -1` so that `aplicar_pow!` accepts a PoW block. Actually `aplicar_pow!` returns ErrPowTrasCorte if `E.terminal != -1`. So to test a negative transaction error in PoW, we need a parent state without terminal.

For the 3 points, the chain reaches terminal at the end. But we can take an earlier state (before terminal) as the PoW parent! E.g., for punto 1, terminal at h=2; state before that is h=1 (after block id=2). For puntos 4096/8192, terminal at h=7; the state at h=6 (block id=7) is FasePoW without terminal.

But wait — we also need UTXOs and garantías in that earlier state. Let me inspect the per-block states. Let me print states at each height.

Also, a cleaner approach for PoW-phase cases: build the PoW chain with `depositar=true, retirar_en=...` but stop BEFORE the terminal. We can select a prefix of `bloques` up to the first block that makes terminal, minus one. Then the state `estados[k]` is FasePoW with terminal==-1. Then append the negative block at altura = E.altura+1.

But there's a catch: `construir_poW` breaks immediately when terminal occurs, so `estados` includes the terminal state as last. `estados[end-1]` is the pre-terminal state, and `bloques[end-1]` the pre-terminal block. Good.

However, using a pre-terminal state may have different UTXOs/garantías. For punto 1, `estados[end-1]` = h=1. Let me inspect.

Actually, maybe a simpler and more flexible approach: build the PoW prefix **without triggering terminal**, by using `construir_poW` with `depositar=true` and a high `W_min`? No, P is fixed (W_min etc.). Alternatively, truncate at `E.terminal == -1`. But to have garantías mature, we need enough height. With puntos 4096/8192, terminal at h=7 because phi becomes true then. Pre-terminal state h=6 has garantías? Let's see: H_corte_min=7, M_cb=3, M_dep=2. Deposits at h>=H_dep: coinbase at h=1 (5 to key1, 5 to key2), matures at h=1+3=4; deposited at h=4 → active at h=6 (M_dep=2). So at h=6, key1 should have activo>0, maybe. Let me inspect states per height.

Let me also consider constructing custom prefixes designed for the negative cases:
- **PoW parent** for negative PoW blocks: a chain of height ~ (M_cb + M_dep + 2) before terminal. But if terminal triggers earlier, we just use pre-terminal state.
- **PoST parent**: the full PoST-extended state.

Let me print per-height states for the 3 points to design.

Actually, let me think about what's really needed and design a robust builder that doesn't depend heavily on the chosen params:

For each point P, I'll build a **PoW base** `(bloques_w, estados_w)` using `construir_poW` with `depositar=true, transferir=false, retirar_en = <some height>`—but ensure at least a few blocks. The terminal may occur; take the **longest prefix state with terminal==-1** for PoW cases. Additionally, I can build a **second PoW base** with `depositar=false` to get immature coinbases (for ErrInmaduro) and to avoid phi.

Actually here's a cleaner design. Since I need to construct many varied negative blocks, let me define helper constructors that operate on a given parent `E`, a parent block id `pid`, and the "next block" shape (PoW at altura or PoST at slot). I'll generate negative blocks by scanning `E`:
- For each UTXO `o` in `E.utxo` with a given owner and spendability, create recipe cases.
- For garantías, create deposit/retiro/liberacion cases.

Then, for each point, I build a parent state that has a good variety. Let me design the parent states:

**Parent PW (PoW phase):** a valid PoW chain of modest height, no terminal, with:
- several UTXOs (coinbase_pow) owned by keys 1 and 2, some mature, some maybe immature.
- garantía activa for key 1 (deposit matured).
- garantía with an `en_retirada` (a retiro done).
- possibly a pending garantía.

But building this generically is fiddly. Let me consider building a *custom* valid PoW chain using `gen_pow` and explicit txs, parameterized by P. Since coinbase subsidy is 10 per PoW block and deposits move value to garantía, I can design:

Chain:
- Genesis (id 1).
- Block h=1 (id 2): coinbase outputs: A=10 to key1, B=10 to key2? Wait `construir_poW` gives 5/5 at h=1 but we can custom. Let's use coinbase with [10 to key1, 10 to key2]. Subsidy 10, so total 20 > 10 → ErrEmision! Coinbase must be ≤ subsidy (10). So one coinbase can pay at most 10 total. So at h=1 we can output 10 (to key1) or split 5/5. Let's do 5 to key1, 5 to key2 (to have two owners). Then each subsequent block coinbase 10 to key1 (or alternating).
- Deposits: deposit mature coinbase outputs. But maturity depends on M_cb.
- Retiro: needs activo ≥ importe. 

Hmm, but a valid chain must also not become terminal (for PoW cases). Terminal requires phi true (garantía activa total >= S_min, count keys >= K_min). With S_min=1..10, K_min=1..2, terminal may occur quickly once deposits mature. To avoid terminal for the PoW parent, we can keep garantía below S_min or keep keys count < K_min. But then we can't have garantía activa for the negative deposit/retiro cases... Actually we can have activo but the terminal also needs altura >= H_corte_min and trabajo >= W_min. We can keep altura < H_corte_min? But M_cb+M_dep may require many blocks. Hmm.

Wait, for PoW-phase negative cases, the parent just needs `terminal == -1`. Terminal also requires `B.altura >= H_corte_min`. If we build a chain that ends at altura < H_corte_min, no terminal. But deposits need M_cb maturity then M_dep. H_corte_min = max(H_dep, 1+M_cb)+M_dep. To have a deposit active: deposit at h ≥ H_dep consuming coinbase created at h0 with h ≥ h0+M_cb, and deposit matures at h+M_dep. The earliest active deposit height = h0+M_cb + M_dep. If h0 = 1 (h=1 coinbase), earliest = 1+M_cb+M_dep. And H_corte_min = max(H_dep, 1+M_cb)+M_dep ≥ 1+M_cb+M_dep (since max(H_dep,1+M_cb) ≥ 1+M_cb). So earliest active deposit height ≤ H_corte_min. Hmm, so we can have active garantía before H_corte_min. Good. But terminal also requires trabajo_acum >= W_min and altura >= H_corte_min.

So if we stop the PoW chain at altura = H_corte_min - 1, we avoid terminal (since altura < H_corte_min), yet may have active garantía, mature/inmature UTXOs, and even a retiro. 

But wait: if the params have H_corte_min small (e.g., 2 for punto 1), then a chain of height 1 has UTXOs but maybe no deposits. For punto 1: H_dep=1, M_cb=1, M_dep=0, H_corte_min=2. Chain height 1: coinbase created at h=1, at h=1 it's not mature (needs h>=2). So no deposit possible. But we can still test many errors at h=2? At h=2 the terminal would trigger? No: terminal requires phi; at h=2 if we build chain to height 2, `aplicar_pow!` on h=2 would set terminal because phi true (activo... wait garantía activa at h=2?). Let's see: at h=2, we could deposit the h=1 coinbase? It matured at h=2 (h>=1+1). But `promover` happens before txs; the deposit is created in the same block with M_dep=0 → R-4 immediate active. So at h=2, phi could be true and B.altura=2 >= H_corte_min=2 → terminal. So h=2 PoW block would be terminal; then we can't use it as pre-terminal parent, but we CAN use h=1 as parent for a negative h=2 block... and if the negative block errors before terminal check, fine! Because `aplicar_pow!` checks terminal only after applying txs. Actually order in `aplicar_pow!`: pow_ok, trabajo, altura; then `promover!`, `aplicar_txs!` (which produces our directed error), and only after success does it set terminal. So if the tx errors, we get the error regardless of H_corte_min. 

So for PoW-phase negative cases, we don't even need the parent to be pre-terminal necessarily — the parent must have `terminal == -1` (else ErrPowTrasCorte short-circuits before txs). And the parent is a state in the chain. So we need a valid PoW state with terminal==-1, and then a block B at altura = E.altura+1 that triggers our error. If E.altura+1 >= H_corte_min, that's fine as long as txs error first.

So I can use `estados[1]` (after genesis, h=0) up to `estados[end-1]` (pre-terminal). Even the genesis state has no UTXOs. Need at least some UTXOs.

Hmm, but to have garantía activa for the retiro/liberación cases in PoW, I need a state with garantías. Let me build a **dedicated PoW chain** for each point, designed to reach a state with:
- active garantía for key1,
- a spendable coinbase UTXO,
- an immature coinbase UTXO,
- and `terminal == -1`.

I can then use this single state as the parent for all PoW-negative blocks. But for "both phases", I also need a PoST parent.

Let me think about whether I can just use `estados[end-1]` from `construir_poW(hasta=10, depositar=true, retirar_en=H_corte_min)`:
- punto 1: estados[end-1] = h=1. UTXOs: from h=1 coinbase 5/5 (ids 1000,1001). Garantías: none. We need garantía for retiro/liberación cases. Hmm, plus at h=2, if we deposit then... but the negative block is at h=2 and can include the deposit itself plus the error? No, each case is one block with possibly multiple txs. Actually we can include a valid deposit AND a negative retiro in the same block? The retiro is processed after the deposit, and if M_dep=0 the deposit is immediately active (R-4), so a retiro in the same block could succeed using that activo! But then the negative retiro (importe > activo, or pending) could error. Hmm, but that complicates "hand-built expected error".

Alternatively, build a dedicated longer chain for punto 1 that reaches h with garantía but no terminal. Since H_corte_min=2, any block at h>=2 with phi true becomes terminal. So the only pre-terminal states are h=0 and h=1. At h=1 there's no garantía. So for punto 1, a PoW-phase parent with garantía is impossible without terminal. BUT: `CUT_HWPhi` terminal requires phi; we could avoid phi by not meeting S_min/K_min. At punto 1, S_min=1, K_min=1, q=1. A deposit of 10 to key1 gives activo=10 >= S_min=1, and count keys with activo>=q = 1 >= K_min=1 → phi true. So at h>=2 terminal. Unless the deposit is still pending (M_dep... =0 at punto1, so active immediately). So no way.

Therefore, for punto 1, PoW retiro cases would need to be tested with the parent at h=1, where there's no garantía → `aplicar_retiro!` gives ErrSaldo (importe>0 > activo 0), not ErrRetiroPendiente. Hmm.

But wait — the retiro case is also applicable in PoST phase. The order says "en ambas fases cuando aplique". Maybe ErrRetiroPendiente doesn't need to be in both phases for punto 1; it just needs ≥30 total across points and phases. Since punto 1's PoW can't have a pending retiro, we cover ErrRetiroPendiente in PoST (punto 1, 4096, 8192) and PoW (puntos 4096, 8192 where pre-terminal states have garantías). Good.

Actually, I realize there's a cleaner solution for PoW with garantías even at punto 1: use a **manual approach** where we don't run the terminal check. But we can't bypass `aplicar_pow!`.

Hmm, alternatively, use `M_dep` such that deposit is pending and phi false, then at a later block the deposit matures and gives garantía, but at that point h might be < H_corte_min. For punto 1, M_dep=0, so no. Fine.

OK. Let me now think of a different, more scalable strategy: **Generate negative blocks not from a single parent but from a set of "parent states" obtained by running the T01 random generator** and then constructing errors relative to whatever UTXOs/garantías exist. But the required errors need specific conditions; a generic wrapper can handle most.

Actually, here's a thought: Since the order requires "≥30 casos por familia", and the existing random generator `generar_historia` produces histories with 0 ErrSaldo etc. because it only emits valid txs plus `bloque_invalido` random cases, I could instead generate many *directed* negative cases by iterating over the 3 points × multiple parent states (varying seeds/heights) × recipe templates. That should give plenty.

Let me design a "recipe" framework:

Given a parent state `E` (with phase PoW or PoST), parent block `Bp` (id, altura/slot), define `aplicar_neg(E, B, P)` and expected error. I'll construct blocks with the correct familia/slot/altura:
- If E.fase == FasePoW: a PoW block at altura = E.altura+1, padre=Bp.id. Must not have terminal... E.terminal must be -1. Also needs `pow_ok=true, trabajo>=1`, and for PoST we'd need terminal.
- If E.fase == FasePoST: a PoST block at slot = E.slot+1 (or later), padre=Bp.id, productor must have activo>=q, peso>=1. For SEC0, sector ignored. Also `B.slot >= 1`.

Wait, for PoST phase, a PoST block with `slot > E.slot`? `aplicar_post!` in FasePoST: `B.slot > E.slot || return ErrSlot`. So slot must be > current slot. Use E.slot+1.

Now recipes need to ensure the error is the FIRST one encountered. Let me enumerate with exact code-path ordering:

**In PoST phase** (`aplicar_post!`): order:
1. fase checks / slot progression
2. peso >= 1
3. promover!
4. garantía activo >= q → ErrGarantia
5. then `aplicar_txs!`.

So for any transaction-level error in PoST, the producing key must have activo >= q. Use productor = key1 (which has activo >= q in the PoST parents). Good.
Then `aplicar_txs!`:
- R-6/R-7/R-9 checks; then for each tx in order:
  - transfer: R-9 checks, value check, then aplicar_transferencia.
  - other: aplicar_tx.

**In PoW phase** (`aplicar_pow!`): pow_ok/trabajo/altura, promover!, aplicar_txs!.

OK. Now let me enumerate the recipes precisely.

Let me define a helper `bloque_pow(E, pid, txs; trabajo=1)` and `bloque_post(E, pid, txs; productor=1, peso=1)`.

Note: each negative block should include exactly one coinbase first when relevant (R-6 needs one coinbase not first; R-7 needs a coinbase with no outputs; for other errors, including a coinbase is optional but realistic; but careful: including a valid coinbase can change `tarifas`). Actually, for most negative cases we can include a valid coinbase (10 to key1) first. But wait: if the case is a transfer-crea-valor with `vs > ve`, the ErrSaldo triggers in `aplicar_txs!` before `aplicar_transferencia!`; coinbase is applied first, so UTXO gets the coinbase output. That's fine, but then the transfer's `ve` reads from E.utxo which now includes the new coinbase output if entradas reference it. We'll use pre-existing entradas, so fine.

Hmm, but there's a subtlety: For `ErrDobleGasto` "misma entrada en dos txs del mismo bloque", we need the first tx to succeed and consume the input, and the second to fail. Including a coinbase first is fine.

Actually, to keep it simple and avoid the coinbase subsidy/fee interactions, I could omit the coinbase in most negative blocks. `aplicar_txs!` allows blocks with no coinbase? Let me check: ncb=0 → no R-6 error; `coinbase_pagada=0`; at the end subsidio check passes. So a block with zero coinbase is valid (except for... no rule requires a coinbase in a PoW block). Is that acceptable as a "transaction rejection vector"? It is a valid contextual block shape. But the format's `RES` should reflect the directed error. However, for realism and to avoid surprising the reader, including a coinbase matches T01-B's style. But there's a risk: For R-6 (coinbase not first), we MUST include a coinbase. For R-7, we include a coinbase with no outputs. For R-9 transfer-without-inputs, the coinbase... if the coinbase is first and valid, then the transfer (no inputs) → ErrEmision. Fine.

Hmm, but wait: for `ErrEmision` R-6 case, note `aplicar_txs!` checks ncb>1 and idx_cb!=1 BEFORE processing. So a block [transfer, coinbase] → ErrEmision even if transfer is valid. Good.

Let me decide: Include a valid coinbase first in most cases (matching T01-B style), except where the recipe needs R-6/R-7. Actually, for `ErrDobleGasto` "gasto de salida ya gastada", including a coinbase doesn't matter.

Wait, there's a catch with including a coinbase: the coinbase outputs `10 to key1` added each block. Since the negative block fails overall, its state isn't created anyway. Fine.

Now, recipes by family:

Let me denote `f` = firmante/owner key. Available keys: key1 (prod), key2 (from h=1 5/5 split). For PoST parents, key1 has activo.

I'll collect candidate UTXOs from E.utxo:
- `mature` = UTXOs of origin CoinbasePow that are spendable at the point (for PoW: E.altura >= creada+M_cb; for PoST: gastable_en).
- `immature` = coinbase_pow UTXOs not spendable.
- `any` = all UTXOs (including Tx/Liberacion which are always spendable).

Actually, `gastable_en` for OrigenTx/Liberacion returns true. For coinbase_pow checks maturity.

**ErrSaldo recipes:**
S1. transfer-en-PoW: for each mature output o (any origin), transfer [o] → [Salida(newid, o.valor+1, o.dueño)]. Expected ErrSaldo.
S2. transfer-sin-salidas: transfer [o] → []. Expected ErrSaldo.
S3. depósito-descuadre: deposit [o] with importe = o.valor + 1 (firmante=clave=o.dueño). Requires O.dueño == firmante; and in PoW h>=H_dep? No: `aplicar_deposito!` checks importe!=0, firmante==clave, then H_dep check, then consumir. If H_dep > current h, it returns ErrDepositoTemprano, not ErrSaldo. So to get ErrSaldo we need (for PoW) B.altura >= H_dep. For PoST, no H_dep check. Also `total == tx.importe` check after consuming; total = o.valor, importe = o.valor+1 → ErrSaldo. Good. But careful: if importe = o.valor+1 and there are multiple entradas... use one.
   Actually the "depósito que no cuadra" could be importe != total. Use importe = total+1.
S4. retiro-mayor-que-activo: retiro(key, importe = activo+1). Need garantía. firmante=clave. In PoW via `aplicar_retiro!`: importe!=0, firmante==clave, `importe <= activo`? activo+1 > activo → ErrSaldo. Good. In PoST same.
S5. liberación-mayor-que-vencido: PoST only. Need en_retirada with some vencido `v`. liberacion(clave, v+1, clave). `aplicar_liberacion!`: fase PoST, importe!=0, firmante==clave, vencido computed; importe > vencido → ErrSaldo. If v=0 → importe=1. Good.
S6. importe-0: 
   - CoinbasePost(0) in PoST → ErrSaldo.
   - Deposito(entradas, clave, 0, firmante) → ErrSaldo (even before fase).
   - Retiro(clave, 0, firmante) → ErrSaldo.
   - Liberacion(clave, 0, firmante) in PoST → ErrSaldo.
S7 (liberación-antes-de-R_slots): PoST, en_retirada with inicio such that inicio+R_slots > slot; liberacion(importe=1) → vencido=0 → ErrSaldo. This maps to ErrSaldo, declared.

**ErrDobleGasto recipes:**
D1. misma-entrada-dos-veces-en-una-tx: transfer([o,o], [salida], f) → ErrDobleGasto. Or deposito([o,o], ...). Use transfer (needs vs<=ve check; ve counts o twice → ve=2*valor, salida ≤ that; then consumir detects duplicate). Good.
D2. misma-entrada-en-dos-txs-del-mismo-bloque: block with [coinbase, transfer([o],...), transfer([o],...)] → first succeeds (deletes o), second: ve computation `get` returns nothing → ErrDobleGasto. Good.
D3. salida-ya-gastada (cross-block): the parent state E is reached by a chain that already consumed output X; a negative block spends X → ErrDobleGasto. But X must not exist in E.utxo. So I need a record of an output that WAS spent. I can track this by building the chain and recording spent ids. Alternatively, use an output id that never existed (e.g., 999999) → `get` nothing → ErrDobleGasto for transfer (ve computation) or deposito (consumir). But that's "salida inexistente", not "ya gastada". The order says "gasto de una salida ya gastada". I want a real already-spent output. Let me track: when building the base chain, note the coinbase output at h=1 that got deposited (spent) — e.g., 1000 and 1001. In the PoST/PoW parent states, those are consumed. So spending 1000 in a negative block → ErrDobleGasto. 
   For punto 1 Pow parent h=1: outputs 1000,1001 exist (not spent). Hmm. For PoST parent, they're spent. So D3 applies in PoST. Alternatively, in PoW parent I can create a block that spends an output and then a subsequent block spends it again — but the parent for the negative block would need to be the post-spend state, which is valid. I can construct a dedicated 2-step: first a valid block that spends o (creating a new state), then negative block spends o again. This requires building a valid intermediate block. More code.
   Simpler: for D3, use a "spent id" tracked from the base chain (the deposits consume specific coinbase ids). I'll collect `spent_ids` during chain construction by scanning deposit txs' entradas. In the final parent state, those ids are absent → spending them → ErrDobleGasto. Good.

**ErrRetiroPendiente:**
R1. PoW or PoST: parent has garantía with en_retirada (non-empty), and activo >= importe. Then retiro(clave, importe, clave) → ErrRetiroPendiente. Need importe != 0 and <= activo.
   - Punto 1: PoW parent h=1 has no garantía, so can't. PoST parent has en_retirada? For punto1 PoST parent: garantías shows key1 activo=9, en_retirada count 0, creditos 1. Hmm, the retiro was done then liberado? At punto 1 R_s=1, so the retiro done at H_corte_min=2 became liberable quickly, and extender_post liberated it. So en_retirada empty. Hmm. We need a parent WITH en_retirada. 
   Options: create a retiro in the SAME negative block then a second retiro? No—if the first retiro is in the same block and succeeds, then the second retiro in the same block sees en_retirada non-empty → ErrRetiroPendiente. But both are in the same block; `aplicar_txs!` processes sequentially. That works! Block txs: [coinbase, retiro(key,1,key) (valid), retiro(key,1,key) (ErrRetiroPendiente)]. But wait: the block as a whole fails (returns ErrRetiroPendiente), so the first retiro's effect is discarded. But for the RES computation, `aplicar(memo[padre], B)` returns ErrRetiroPendiente because it processes the first retiro, mutating the cloned state, then the second errors. Good. This is a valid directed case with a hand-built expected error.
   But is the first retiro "valid" in this block? We need garantía activa >= 1 at that point. The parent must have activo>0. For punto1 PoW parent h=1, garantía none. Could we include a deposit first to create activo? With M_dep=0, deposit → active immediately. But retiro requires `firmante==clave`; and `aplicar_retiro!` doesn't check fase for PoW (retiro allowed in PoW). So a block [coinbase, deposito([o],1,valor,1), retiro(1,1,1), retiro(1,1,1)] → deposit adds activo, first retiro OK, second → ErrRetiroPendiente. But careful: deposit requires B.altura >= H_dep (punto1 H_dep=1, h=2 fine) and maturity of o. At h=2, o=1000 created at h=1, M_cb=1 → mature. Good. Then retiro importe 1 <= activo. Then second retiro → ErrRetiroPendiente. Nice, this works in PoW for punto1.
   But this "same block" chain of txs is more complex but fine. However, for a clean "hand-built" expected error, maybe better to build a dedicated parent state via a valid intermediate block. But that requires the intermediate block to be valid and the parent chain to include it. Let me consider: I can extend the base chain by adding valid blocks BEFORE the negative block. Since each case is an independent story, I can prepend additional valid blocks. That's the `prefijo` mechanism. So for ErrRetiroPendiente, I can build a story: base chain (valid) + a valid block that does a retiro + negative block that does a second retiro. The valid block that does the retiro must not trigger terminal (if PoW). Hmm, again terminal constraints.

   Actually, the "same block, two retiros" approach is simplest and robust. Let me use that as one recipe, and also a cross-block variant where possible.

   Alternatively, I can use the **PoST parent** and add a valid PoST block with a retiro? But that requires the parent chain to include the valid PoST block. I can construct the story as: PoST base + valid PoST block with retiro + negative PoST block with second retiro. Since these are all PoST, and slot progression is easy, this works. But the valid PoST block has slot and must have producer with garantía; okay.

   Actually, EASIEST: For each family, generate the negative block directly on a parent that already satisfies the precondition. I can build a *separate* valid chain specialized to create the precondition. E.g., for ErrRetiroPendiente, build a chain where a retiro has been applied and not yet liberated. Given R_slots, we can stop the chain right after the retiro. Let me build a custom chain:
   - Use `construir_poW(hasta=..., depositar=true, retirar_en=<h_r>)` but it breaks at terminal. For punto 4096, terminal at h=7; retirar_en=H_corte_min=7 happens at the terminal block, so by the terminal state, en_retirada has 1. The pre-terminal state (h=6) has no en_retirada. Hmm.
   - Could set `retirar_en` earlier, e.g., at the height right after a deposit matures. For punto 4096: deposit active at h=6 (M_dep=2 from h=4 deposit) or so. Retiro at h=5 or 6. Then pre-terminal state at h=6 has en_retirada. Let me just set `retirar_en = min(H_corte_min - 1, <enough>)` maybe. 
   - Or simply craft the retiro in the negative block after a valid deposit in the same block (M_dep could be 0 or >0). If M_dep>0, the deposit stays pending, so no activo. Hmm. So same-block works only if M_dep=0 or activo already present.

   This is getting complicated. Let me step back and think about a **generic and robust approach using the existing random-ish generator with a post-processing "mutator"**: Take a valid history (from `generar_historia`), which has valid blocks with coinbases, deposits, retiros, transfers, liberaciones. Then, choose a valid block B in the history and **mutate** one of its transactions or the block to provoke each error, keeping the prefix before B fixed. This guarantees the parent state exists and has whatever UTXOs/garantías the valid history had. Then the story = prefix + [mutated B]. The reader recomputes.

   This is powerful: I can generate a corpus of valid histories (with different seeds and the 3 points), find valid blocks, and for each, derive negative cases by mutating. Since `generar_historia` produces ~ (n_valid + n_invalid) blocks with lots of txs, there are many opportunities.

   For each valid block B in a valid history, with parent state E (the state before B):
   - If B is PoW (and E.terminal==-1): can test PoW-phase errors.
   - If B is PoST: can test PoST-phase errors.
   - B's txs include coinbase, deposits, retiros, transfers, liberaciones. I can mutate:
     * Take a valid deposit tx in B (if any): change importe to mismatch → ErrSaldo; change firmante → ErrAutorizacion; duplicate entrada → ErrDobleGasto; importe 0 → ErrSaldo.
     * Take a valid transfer tx: add output value → ErrSaldo; remove outputs → ErrSaldo; duplicate entrada → ErrDobleGasto; change firmante → ErrAutorizacion.
     * Take a valid retiro tx: increase importe → ErrSaldo; duplicate another retiro → ErrRetiroPendiente; importe 0 → ErrSaldo; other firmante → ErrAutorizacion.
     * Take a valid liberacion tx (PoST): increase importe → ErrSaldo; importe 0 → ErrSaldo; other firmante → ErrAutorizacion; remove the retiro so vencido=0 → ErrSaldo (liberación antes de R_slots).
     * Coinbase: remove outputs → ErrEmision (R-7); move coinbase to non-first → ErrEmision (R-6); add a transfer with no inputs → ErrEmision (R-9).
     * Immature: take a coinbase output created in B or recent block and spend it in a later block (if there's a later block). Or spend a coinbase created in B within B itself (same block) → ErrInmaduro.
     * ErrOperacionFase: insert a tx_liberacion or tx_evidencia in a PoW block.
     * ErrDobleGasto cross-block: spend an output already spent earlier.
     * ErrGarantia: for a PoST block, change productor to a key with activo < q.

   This "mutate valid histories" approach yields lots of cases naturally and across points and phases, and the parents are genuine valid states. 

   But the "hand-built expected error" requirement: each mutation has a declared expected error, checked against the oracle. Good.

   However, generating a valid history and then mutating requires the history to be exportable as a story: prefix + mutated block. If B is not the last block, then the story would be prefix + mutated B, dropping the rest. That's fine. But if B is a PoST block whose parent is a PoST block, prefix includes the PoW + earlier PoST blocks. Good.

   For the parent state E, I recompute it by `construir_validos` or by tracking `estados` from the generator. `generar_historia` returns only `bloques`, not states. But I can use `construir_validos(bloques, P)` to get `memo` mapping block id → state. Then for each valid block B, E = memo[B.padre]. Good. But the history mixes valid and invalid blocks appended randomly; `memo` only contains valid ones. Fine.

   So: for each point P_i (3 points), generate H valid histories with seeds, get memo, and for each valid block B with parent state E, produce mutations. This could produce a LOT of cases. I'll cap per family to keep file size reasonable, e.g., collect up to ~20-40 per family per phase per point.

   Actually, simpler and more controllable: For each point, generate a single "rich" valid history with a fixed seed (the one used by exportar: `generar_historia(StableRNG(0x5a5a + r), P; max_altura=9, max_post=3)`). Let me check what a random history looks like and how many valid blocks/txs. Then generate mutations. With 3 points and maybe 2-4 histories per point, we can get plenty.

Let me explore a generated history to see its composition.

Also, note that `generar_historia` uses `construir_poW(hasta=9, depositar=true, transferir=true, retirar_en=...)` then `extender_post`. Let me inspect one for punto 1 and 4096. Let me write an exploration.

Let me also reconsider: maybe simpler to construct a dedicated prefix per point that yields many different valid blocks, then mutate. But the random history is easier.

Let me inspect.

Actually, there's a subtlety: `generar_historia` pushes invalid blocks but those are separate; the valid prefix+PoST suffix is what `memo` covers. Let me explore.

Let me write a second exploration script that:
- For each point, generate a few histories with different seeds.
- Print, for each valid block: id, familia, altura/slot, parent state's utxo count, garantías, and tx types.
- Count mutation opportunities.

Let me do that.
dsh: reasoning:
The output got truncated at the top (punto 1). Let me see punto 1. But I got a good picture for 4096/8192: valid chain: genesis + PoW h=1..7 + terminal at h=7 (id 8) + PoST blocks at ids 9,10,11. Wait, actually id=8 PoW at alt=7 has TxRetiro, and its resulting state has en_retirada=1. Is id=8 the terminal? terminal is set when `es_terminal_condiciones` true. At h=7 = H_corte_min, phi true? State after id=8: activo key1=14, so yes terminal. So id=8 is terminal, and PoST blocks 9-11 build on it.

Great, so for 4096/8192:
- PoW states with terminal==-1: states of ids 1..7 (id 7 state is after h=6, terminal==-1). Parent states available.
- PoST states: ids 9,10,11.

Key observations for generating mutations:
- At id=8 (PoW h=7), txs = [Coinbase, Deposito, Retiro]. The parent state after id=7 has garantías key1 activo=5, key2 activo=5, and UTXOs. Perfect for mutation: mutate the deposit/retiro.
- At id=7 (PoW h=6), txs = [Coinbase, Deposito], parent state after id=6 has key1 pending, etc.
- At id=5 (PoW h=4), txs = [Coinbase, Deposito, Deposito].
- PoST id=9: [CoinbasePost]; id=10: [CoinbasePost]; id=11: [CoinbasePost, TxLiberacion].

But wait — for mutations, if I mutate block id=8 which is the terminal, the story is prefix (ids 1..7) + mutated id=8. The parent state is that after id=7 (terminal==-1), good. For mutations of PoST id=11, prefix = ids 1..10, parent = state after id=10 (FasePoST). Good.

However, the **terminal issue**: if I mutate a PoW block at h=7 (id=8) with an error, `aplicar_pow!` returns the error before setting terminal. Good. But if I mutate a PoW block earlier (e.g., id=5) and the mutation is a non-error change... no, all mutations are errors.

Now, the important thing: I need enough distinct cases per family. Let me think about what mutation opportunities exist across the 3 points and the valid blocks.

The valid histories for punto 4096/8192 are basically identical structure (genesis + 7 PoW + terminal + 3 PoST). Punto 1 differs (H_corte_min=2, so terminal at h=2). Let me see punto 1 output (it was cut off). Let me re-run and capture the head.

Actually, I have the earlier exploration for punto 1: `construir_poW` with retirar_en gave terminal at h=2. The random history (`generar_historia`) uses `max_altura=9`, `retirar_en = max_altura>=H_corte_min ? H_corte_min : -1` = 2. Let me get its structure.

Let me re-run with head.

But before that, let me reconsider the approach. The mutation approach has a complication: after generating a case (prefix + mutated block), I must write it in the format. The exporter's `escribir_caso` computes `res_por_bloque(bloques, P)` which recomputes RES for each block. It requires that the blocks form a valid chain except the negative one. Since prefix is valid and mutated block errors, RES = error on the last block and OK on prefix. Good.

But there's a concern: the reader's `parsear_bloque` reconstructs `sector=0` and `padre` etc. Fine.

Another concern: We must ensure the prefix is a **valid chain** under `construir_validos`. The valid history blocks include the terminal (id=8) and PoST blocks. If I mutate id=8 (the terminal), the prefix ids 1..7 is valid, mutated id=8 errors. But `construir_validos` will process id=8 and fail → the PoST descendants won't be included, but they're not in the story. Good.

If I mutate a PoST block id=11 with prefix 1..10, the prefix valid.

Now, an issue: the "prefix" for a mutated block must be the blocks leading to its parent. The valid history has ids 1..N. If I mutate block at position k, prefix = first k-1 blocks. For the reader to recompute, all prefix blocks must be valid. They are. And the parent must be found via `b.padre`: the mutated block's padre = prefix last block id. Good.

Now, one more issue: The valid history for punto 1 (H_corte_min=2) has terminal at h=2 and PoST blocks after. Let me get details.

Let me consider the number of mutation opportunities:
- For 4096/8192, per valid block:
  - id=5 (h=4): [Coinbase, Deposito, Deposito] → mutations of deposits: importe mismatch (ErrSaldo), firmante mismatch (ErrAutorizacion), duplicate entrada (ErrDobleGasto), importe 0 (ErrSaldo). 2 deposits × 4 = 8 cases.
  - id=6 (h=5): [Coinbase, Deposito] → 4 cases.
  - id=7 (h=6): [Coinbase, Deposito] → 4 cases.
  - id=8 (h=7): [Coinbase, Deposito, Retiro] → deposit 4 + retiro: importe>activo (ErrSaldo), importe 0 (ErrSaldo), firmante mismatch (ErrAutorizacion), duplicate retiro (ErrRetiroPendiente) = 4. Total ~8.
  - id=9,10 PoST: [CoinbasePost] → coinbasepost importe 0 (ErrSaldo); productor without garantía (ErrGarantia, e.g., productor=3); produce using pending deposit (ErrGarantia); evidence in PoST? That's ErrFueraDeAlcanceV0, not required. transfer errors? No txs. 
  - id=11 PoST: [CoinbasePost, Liberacion] → liberacion mutations: importe 0 (ErrSaldo), importe > vencido (ErrSaldo), firmante mismatch (ErrAutorizacion), liberación before R_slots? The liberacion in id=11 might already be after R_slots; to test before, remove the retiro... hmm.

This yields maybe ~30 per point, ×2 points for PoW, +PoST. ErrOperacionFase (liberación/evidencia en PoW): insert into any PoW block → many.

But some families need specific construction:
- ErrDobleGasto "misma entrada en dos txs del mismo bloque" and "gasto de salida ya gastada": need special blocks.
- ErrInmaduro: need immature coinbase. In the histories, coinbases mature quickly; but the same-block spend (coinbase created in the block and spent within the same block) is easy: append a transfer spending the block's own coinbase output. But careful: `aplicar_txs!` for transfer computes `ve` from E.utxo which includes the coinbase output created in the same block (since coinbase is first). Then `aplicar_transferencia!` → gastable? For PoW block at height h, coinbase created at h, M_cb>=1 → h < h+M_cb → ErrInmaduro. 
   For PoST: coinbase_pow residual maturity: spend a coinbase_pow whose creada_en_altura + M_cb > altura_terminal and slot < s0+M_res. In punto 4096, M_res=3; create a PoST block at slot=1 spending an immature coinbase. Which coinbase is immature at the terminal? At terminal h=7, coinbases created at h=7 (id=8's coinbase) matures at h=10 > 7, so it's immature in PoST. Also id=7's coinbase (h=6) matures at 9>7. But wait, the terminal block id=8's coinbase output — is it in ET.utxo? State after id=8 (terminal) has UTXOs. Let me check: the coinbase of id=8 (10 to key1) remains unless deposited. The txs at id=8 are [Coinbase, Deposito, Retiro] — the Deposito consumes a mature output, not the new coinbase. So the coinbase of id=8 (immature) stays in UTXO. In PoST, spending it at slot < M_res → ErrInmaduro. Good; T01-B's X-03b does that.
   Also "depósito pendiente usado para producir ⇒ ErrGarantia aparte": In PoST, productor whose activo<q but has pending. E.g., key2 in 4096 has activo=5? Actually after id=8, key2 activo=5, q=5 → qualifies. Need a key with only pending. In punto 4096, at state after id=6, key1 activo=0 pending=2 — but that's PoW. In PoST (state after id=8), key1 activo=14. Hmm. We could use a key with only pending in PoST by constructing: a PoST block that deposits (deposit in PoST creates pending if M_dep_slots>0) to key3, then produces with key3 in the next block → ErrGarantia. Or simpler: produce with a key that has pending but no active. Let me build a dedicated case.

- ErrGarantia (depósito pendiente usado para producir): e.g., in PoST, do a block that deposits to key 3 (creating pending), then next PoST block produced by key3 → ErrGarantia. Or in PoW? No, PoST only. Need key3's garantía activo < q. This is a chain of 2 blocks, both valid until the second. I can build the prefix as: valid history + a valid PoST block that deposits to key3. Then negative block with productor=key3. The first block must be valid: deposit requires entradas owned by firmante=key3. Hmm, key3 doesn't own UTXOs. So deposit by key3 requires consuming key3's outputs. We could have key3 own a coinbase output. Or deposit by key1 but credit to key3? `aplicar_deposito!` requires `firmante == clave`. So no.
   Alternative: a key with only pending: key1 in punto 4096 at some earlier state. In PoW we can't have PoST. Hmm.
   Actually "depósito pendiente usado para producir" means: a producer P has a deposit still pending (not matured), so its activo is below q, and it tries to produce a PoST block → ErrGarantia. We can construct this by building a PoST prefix where a deposit to key1 is still pending and key1's activo < q. How? Start from terminal state, then a PoST block that creates a pending deposit for key1? But key1 already has activo >= q. Hmm.
   Better: use a **different key**, e.g., key4, and give it a coinbase_pow output before the terminal. Actually, the PoW chain can create coinbase outputs to arbitrary keys. `construir_poW` assigns coinbases to `prod` or `claves_extra`. If I use `claves_extra=[4]`, then coinbases after h=1 go to key4? Let me check: `dst = isempty(claves_extra) ? prod : claves_extra[mod1(h, length(claves_extra))]`. So with claves_extra=[4], coinbases at h>=2 go to key4. Deposits then go to key4 (deposit `o.dueño`). Then at terminal, key4 would have activo (matured). Hmm, so it'd qualify.
   To have pending-only, we need a deposit created close to the terminal with M_dep_slots > 0 so it's still pending in PoST. E.g., the deposit made in the terminal block id=8 (M_dep=2 for 4096) — at state after id=8, key1 has pendientes count 2! Look: `B id=8 ... act=[(1, 14, 2, 1, 0), ...]` → key1 activo=14, pending=2. So key1 has pending deposits but also active. If q were larger than activo 14... q=5. Can't.
   Use key2: after id=8, key2 activo=5. If we plant a deposit to key2 that's pending and... key2 activo=5>=q.
   Hmm. Let me instead construct a dedicated PoST prefix where the producer key's only garantía is pending. Simplest: build a PoW chain where a key K gets a coinbase output, but the deposit to K is created at the terminal block (pending), and K has no other active. Use `claves_extra=[2]` so all coinbases go to key2? Then key2's deposits would mature before the terminal. Unless we choose a key that never deposits until the terminal block.
   
   Alternative approach for ErrGarantia: just change the PoST block's productor to a key that has no garantía at all (e.g., 3 or 9999). Then `activo=0 < q` → ErrGarantia. That directly tests "produce with insufficient garantía". The order says "depósito pendiente usado para producir ⇒ ErrGarantia aparte" — it wants specifically the pending case. But a plain "no garantía" also yields ErrGarantia. To satisfy the spirit, I can create a case where key3 has only a pending deposit. 

   Let me think: In a PoST block, deposit to key3 requires key3 to own inputs. What if we create in the **PoW chain** a coinbase to key3 that is immature at terminal, and then in the first PoST block we deposit it (but it's immature → ErrInmaduro, not allowed). Hmm.

   Alternative: Use a **PoST** deposit to key3 where key3 owns an output released via liberación. E.g., key1 has activo, withdraws to create en_retirada, liberates to get a UTXO owned by key1... but clave must equal firmante. We can make key3 own a UTXO by having a transfer to key3 earlier (in PoW with `transferir=true` or via a custom transfer). Then key3 can deposit its own UTXO in a PoST block → pending deposit to key3 (if M_dep_slots>0). Then key3 tries to produce next → ErrGarantia. That's doable but requires building a custom valid prefix with a transfer to key3.

   Actually, simpler: A PoST block can have productor=key1 (valid), and among its txs a deposit to key1 of a UTXO owned by key1, creating a pending deposit. Then the next PoST block with productor=key1 might still have activo>=q, so no error. Unless q > activo. Hmm.

   Let me reconsider: maybe the cleanest is to construct the ErrGarantia case in the **first PoST block (transition block)** using a key whose garantía is only pending at the terminal. How to get a key with only pending at terminal? In PoW, deposits created at height h with M_dep>0 mature at h+M_dep; if h+M_dep > altura(T), the pending "residual" matures in PoST at s0+M_dep_slots. So create a deposit in the **last PoW block(s)** before terminal such that M_dep pushes maturity beyond terminal. In `construir_poW`, deposits happen every height for mature coinbase outputs. At the terminal block id=8 (h=7), deposits were created → pending (count 2). Those belong to key1 and key2. key1 has activo 14, key2 activo 5. So neither is below q.

   But if we use `claves_extra=[3]` so that coinbases after h=1 go to key3 and deposits go to key3, then at terminal key3 would have maturing/pending. But `construir_poW` sets `prod=1` and deposits `o.dueño`, so if coinbases go to key3, deposits go to key3. Then key3 would accumulate activo too. At terminal, key3 activo = sum of matured deposits. To make it only pending, we need the last deposit to be pending AND all previous deposits not yet matured. But with M_cb=3 and heights, deposits mature over time.

   Alternative: manually craft a PoW chain specifically:
   - Genesis.
   - h=1..h0: coinbases to key3 (no deposits).
   - At the last block before terminal, deposit the h=... coinbase to key3 → pending at terminal, and key3 has no other active. But `construir_poW` automatically deposits all mature outputs each height. I could build manually with `gen_pow` and explicit txs.
   
   Actually, I can use `construir_poW(..., depositar=false, claves_extra=[3])` to get coinbases to key3 with no deposits. Then manually append a block that deposits one mature coinbase to key3, making it terminal (if it satisfies phi? phi requires total activo >= S_min and count keys with activo>=q >= K_min; with only pending, phi is false, so it wouldn't be terminal!). Hmm, but the terminal must exist for PoST. If key3's deposit is pending and no other garantía, phi is false → not terminal. Unless other keys have garantía.

   OK here's a robust design: Build a base PoW chain with `construir_poW(depositar=true)` so it reaches terminal with key1 active (satisfies phi). Then, for the ErrGarantia-pending case, add a valid PoST block that **deposits to key3** using a UTXO owned by key3, then try to produce with key3.
   To have a UTXO owned by key3, I can modify the base chain to include a coinbase output to key3. `construir_poW(depositar=false, claves_extra=[3])` gives coinbases to key3 but then no garantía → no terminal. Mix: I can post-process the generated blocks to redirect one coinbase output to key3? That changes the chain but might still be valid (coinbase outputs can go to any key). Actually yes! I can take a valid PoW chain and modify a coinbase's output owner to key3. But then subsequent deposits that consumed that output would fail (owner mismatch) — invalid. Hmm.

   Alternatively, use `transferir=true` in `construir_poW`, which creates transfers to random keys 1..3. Then key3 may own a UTXO. But not guaranteed.

   Hmm, this is getting heavy. Let me consider a much simpler way to create a pending-only garantía in PoST:
   - In a PoST block, include a deposit from key1's UTXO credited to key1 (firmante=clave=key1), creating a pending deposit. Then in the NEXT PoST block, use a productor=key1. But key1 has other active. To make activo<q, I could choose a key whose active is already low. In punto 4096, key2 has activo=5, q=5. If I make key2's deposit pending... no.
   
   What about using a **fresh key** with pending garantía created via a deposit that doesn't require ownership? Deposit requires firmante==clave and consumir_entradas checks `o.dueño == firmante`. So the depositor must own the inputs.
   
   Another idea: credit a pending deposit to key3 by having key3 own a coinbase output created in the **terminal PoW block** (immature but that's fine for deposit? No—deposit of immature coinbase → ErrInmaduro). Hmm.

   Alternatively: Use a **PoST deposit of an OrigenTx/Liberacion output**. In the PoST prefix, there are liberación outputs owned by key1. If we could make one owned by key3... The base chain with `transferir=true` might create outputs to key3. Let me check whether the random histories have transfers to key3. From the output above, the transferir=true histories for 4096 show no transfers in the first 3 (deposits consumed outputs). Hmm.

   Let me look at punto 1 output, which had transfers maybe. The head was truncated. Let me re-run and capture punto 1.

   Actually, maybe I'm overcomplicating. Let me reconsider the exact wording: "`ErrInmaduro` (coinbase PoW en PoW y cruzando el corte con `M_res_slots`; depósito pendiente usado para producir ⇒ `ErrGarantia` aparte)". I read this as: within the ErrInmaduro family description, there's a sub-case: a deposit that is still pending used to produce → but that's actually ErrGarantia, handled separately. So the order just wants ErrGarantia covered (≥30), specifically the scenario where a producer relies on a pending (unmatured) deposit. It doesn't necessarily require a unique "pending-only" setup; any case where garantía activo < q while there are pending deposits qualifies. Simplest: a PoST block produced by a key that has a pending deposit but activo < q. 
   
   We can construct: In a PoST block, deposit to key2 (pending, since M_dep_slots>0). key2 currently has activo=5, q=5, so it qualifies. Hmm, need q > activo. In punto 4096, key2 activo=5, q=5. If we make key2 spend/withdraw its activo? Retiro reduces activo. E.g., a PoST block: [coinbasepost, retiro key2 for 5] → key2 activo becomes 0, en_retirada=5. Then next PoST block productor=key2 → activo=0 < q → ErrGarantia. But no pending deposit. Hmm.

   Alternatively, in punto 4096 after the terminal, add a valid PoST block with a deposit to key2 (pending). Then key2 activo=5 (still >= q). To drop below q we could retiro first. Complex.

   Alternatively, in punto 1: q=1, M_dep_s=1, M_res=1. The PoST parent has key1 activo=9, key2 activo=5. Both >= q.

   Hmm, what if we simply make the negative PoST block produced by a key with **no garantía** (e.g., key 3 or 7)? Then activo=0 < q → ErrGarantia. That satisfies "ErrGarantia ≥30". And separately, to specifically demonstrate "pending deposit doesn't count", I can construct a case where the producer key has a pending deposit but no active: 
   - Take a valid PoST state, and build a PoST block with productor=key3 where the txs include a deposit to key3? But the deposit is processed AFTER the garantía check (`aplicar_post!` checks garantía BEFORE `aplicar_txs!`). So a pending deposit in the SAME block doesn't count. To have it count as pending in a prior block, we need a prior valid PoST block with the deposit. 
   
   OK, let me just construct a dedicated helper: `prefijo_garantia_pendiente(P)`:
   - Build valid PoW chain with terminal, but ensure some key K owns a coinbase output at a height h0 such that at the terminal it's immature OR a deposit to K is pending.
   
   Actually, you know what? There's an even simpler path. The `Deposito` in the terminal PoW block leaves pending deposits for the depositor keys. In punto 4096, after terminal, key1 has pending=2, key2 pending=1? Actually output says key1: activo=14, pend=2; key2: activo=5. So key1 has pending deposits. If q were 20, activo 14 < 20 and it has pending → ErrGarantia. But q is fixed per point.
   
   What if I choose the PoST block's productor = a key that has **only pending**: At the terminal state after id=8, is there any key with activo < q and pending > 0? key2 activo=5=q → no. Hmm.

   Let me think differently: use **punto 1**. At punto 1, terminal is at h=2. The random history for punto 1 (need to see). H_dep=1, M_cb=1, M_dep=0, H_corte_min=2, q=1, M_dep_s=1. At terminal h=2, deposits created at h=2 with M_dep=0 become immediately active (R-4). So no pending at terminal. Hmm.

   Hmm OK. Let me construct a scenario manually for ErrGarantia-pending using **PoST deposits**:
   - Start with terminal PoST state where key1 has activo >= q.
   - Build valid PoST block V1 at slot s1: [coinbasepost, deposit from a UTXO owned by key5 credited to key5]. But key5 needs a UTXO.
   
   Getting a UTXO to key5: We can create it in the PoW chain by using `transferir=true` with destination keys 1:3 only (rand 1:3). So key3 possible. Or we can post-process. Actually, `construir_poW` with `sin_clave1=true` creates h=1 coinbase output to key2. With `claves_extra`, coinbases go to that key. With `depositar=false`, coinbases are not deposited, so the key holds them. But then phi (no garantía) false → no terminal.
   
   Combine two things: build the PoW chain to terminal using key1 garantía, and ALSO have a coinbase output owned by key3 that isn't deposited. How? `construir_poW` deposits **all** mature coinbase outputs. But if I use `claves_extra=[3]`, then coinbases go to key3 and get deposited to key3, giving key3 activo. Not good.
   
   What if I make the chain such that a coinbase output to key3 is **immature** at terminal? Coinbases created at h where h+M_cb > terminal height. E.g., terminal at h=7, M_cb=3: coinbase created at h=7 (the terminal block) is immature. If the terminal block's coinbase pays key3, then at terminal state key3 owns an immature coinbase output (not deposited because immature). Then in PoST, that output could be... immature for spending until M_res. Hmm.
   
   Actually, for the pending-garantía scenario, we need to deposit to key3 in PoST. The deposit source must be spendable in PoST. An immature coinbase at terminal becomes spendable at s0+M_res_slots. At slot >= M_res, we can deposit it to key3 (firmante=clave=key3), creating a pending deposit with M_dep_slots. Then the next block produced by key3 → activo 0 (pending only) < q → ErrGarantia. That works! But the terminal block's coinbase currently pays key1. I can modify the isterminal design: write a custom `construir_poW` variant that pays the last coinbase to key3. But modifying the block changes whether it's terminal? Terminal depends on phi of the state after applying it; the coinbase owner doesn't affect phi unless the output is deposited. At terminal block, the coinbase is immature and not deposited, so phi is determined by existing garantías. So I can redirect the terminal block's coinbase output to key3, and the block remains valid & terminal. 

   Actually simpler: after building a valid terminal chain, I can **append** a valid PoW block? No—after terminal, PoW blocks are rejected (ErrPowTrasCorte). 

   Hmm, so the terminal block is the last PoW. Its coinbase is immature. I can construct this terminal chain manually: essentially take `construir_poW` output and change the owner of the terminal block's coinbase output from key1 to key3. But then depositing that output in later PoST is possible at slot>=M_res. However, the coinbase output is created at `creada_en_altura = terminal height`. In PoST, `gastable_en` checks `o.creada_en_altura + M_cb <= altura_terminal` → false, so requires `punto >= s0 + M_res_slots`. Since s0=0, at slot >= M_res it's spendable. Good.

   But wait: modifying the terminal block's coinbase output owner is a divergence from the "valid history" but the resulting chain is still valid (coinbase can pay anyone; the deposit logic in construir_poW already ran, but we're post-editing the block). However, when the exporter/reader recompute the story from genesis, they'll apply this modified block and get a valid state. Good, as long as the modified block is indeed valid. Redirecting a coinbase output owner doesn't affect validity. 

   But hold on: the median `construir_poW` with `depositar=true` might have deposited the terminal block's coinbase? No—immature at the same block (M_cb>=1), so not deposited.

   OK this is doable but requires constructing the story carefully.

Given the complexity, let me now seriously consider whether to **flag a lack of definition** and ask. But the instruction says to report before editing only if I detect one. I don't think there's a true blocking ambiguity; the order is implementable. The phrase "el error que dé el oráculo, declarado" handles the liberación-before-R_slots. So I should proceed, reporting minor interpretation decisions in PROGRESO.

Actually, let me reconsider the whole design once more for simplicity and robustness. Perhaps the cleanest approach is to write a **general negative-case generator** that, for each Params P, builds ONE rich valid PoW prefix and ONE rich valid PoST prefix, then generates a fixed battery of negative blocks. And to get ≥30 per family, replicate across many (seed, parameters) combos? But we only have 3 points. Hmm.

Wait, re-read the requirement: "Familias mínimas (≥ 30 casos cada una, en varios puntos de la rejilla por defecto y en ambas fases cuando aplique)". It says ≥30 cases per family, in several default grid points and both phases. It does NOT say 30 per point. So total ≥30 per family, spread across the 3 points. So per point I need ~10+ per family. That's very manageable.

So: for each of the 3 points, generate ~10-15 negative cases per family, covering both phases. Total ~30-45 per family. 

Let me now design a concrete, robust generator using "rich prefixes + recipe list". I'll build the prefixes from the random valid history (which is guaranteed valid and gives terminal + PoST), and add manual valid PoST blocks when needed.

Plan per point P:
1. Generate `hist = generar_historia(StableRNG(0x5a5a), P; max_altura=9, max_post=3)`.
2. `memo, por_id = construir_validos(hist, P)`.
3. Identify valid blocks. Let `validos = [b for b in hist if haskey(memo,b.id)]`.
4. For each valid block b (excluding genesis), with parent state `Ep = memo[b.padre]`:
   - Generate mutations of b appropriate to its familia, using Ep.
   This yields cases for PoW blocks and PoST blocks.

But for some families I need extra context (e.g., immature coinbase, spent output, pending deposit). Let me design specific recipes using the parent state and the block's own txs.

Let me define a case as `(nombre, esperado, prefijo::Vector{Bloque}, B::Bloque)` where `prefijo` is the list of blocks up to the parent (valid). Story = vcat(prefijo, [B]). Then export.

To get `prefijo` for block b: it's the first `k-1` blocks of `validos` (in order) where k is b's index. Since the valid chain is linear, `prefijo = validos[1:idx-1]`. But the random history appends invalid blocks interleaved; I must use only valid blocks in order. Since the chain is linear (each valid block's parent is the previous valid block), `validos` in order forms the chain. Actually, are all valid blocks in `memo` a single chain? The generator builds a single chain, so yes. But `construir_validos` could include only the chain. The invalid blocks appended by `bloque_invalido` might accidentally be valid? They have random parents among all blocks, could sometimes be valid and create branches! Let me be careful: `bloque_invalido` creates blocks with random parent; type 3/4 are PoST with productor 9999 → ErrGarantia; type 1 bad pow; type 2 coinbase > subsidy? etc. Some might be valid for some params (e.g., type 4 has peso=0 → ErrSlot; type 3 slot=0 in PoW → ErrSinTerminal). Probably all invalid, but to be safe, I'll construct my own valid chain rather than rely on `memo`.

Actually, better: build the valid chain explicitly:
- `tb = construir_poW(StableRNG(...), P; hasta=9, depositar=true, transferir=false, retirar_en=...)` → gives linear valid PoW chain, possibly ending at terminal.
- Then `extender_post(...)` to add PoST blocks.
- This gives `validos` (the chain) and `estados` (states after each block). These are guaranteed valid and linear.

So `prefijo` for block at index k is `validos[1:k-1]`, and parent state is `estados[k-1]`. 

But `construir_poW` returns `estados` aligned with `bloques` (estados[i] is state after bloques[i]). Let me verify: `bloques = [genesis]`, `estados = [E after genesis]`; then each loop pushes B and E. So `bloques[i]` ↔ `estados[i]`. `estados[i]` is the state after block i, which is the parent state for block i+1. Good.

`extender_post` similarly returns updated bloques/estados.

So: build `(bloques, estados, next_id, out_id, prod)` then `extender_post`. Now I have a linear valid chain with states.

Now, for each index k (2..n), block `Bk = bloques[k]`, parent state `Ep = estados[k-1]`. Generate mutations.

The mutations depend on Bk's txs and Ep. Let me enumerate recipes generically:

Let `txs` = Bk.txs. Identify:
- `cb` = the coinbase tx (TxCoinbase or TxCoinbasePost) if present (first).
- deposits = txs with tipo TxDeposito
- transfers = txs with tipo TxTransferencia
- retiros = txs with tipo TxRetiro
- liberaciones = txs with tipo TxLiberacion

Also available UTXOs in Ep:
- For each output, compute gastable at the block's point (altura for PoW, slot for PoST).
- `gastables` = spendable outputs.
- `inmaduros` = coinbase_pow outputs not spendable.
- Also `gastados` = output ids consumed in `bloques[1:k-1]` (track by scanning deposit/transfer entradas). Actually simplest: `existentes = keys(Ep.utxo)`. An id not in Ep.utxo but referenced earlier = already spent.

Recipe list (each yields one case with declared expected error):

**A. ErrEmision (R-6/R-7/R-9):**
- A1 (R-7): Build B with coinbase having empty outputs, other txs valid/simple. `tx_coinbase(Salida[])` as first. Expected ErrEmision. (Works in PoW or PoST: PoST coinbasepost has no salidas concept; R-7 is about TxCoinbase. In PoST a TxCoinbase → ErrOperacionFase. So R-7 only PoW. Use Bk.familia==PoW.)
- A2 (R-6): Place the coinbase in a non-first position. E.g., build txs = [deposit-or-transfer..., coinbase]. Expected ErrEmision. Works both phases (need a non-coinbase tx before it; we can use a simple valid transfer or deposit). Actually simplest: txs = [tx_transferencia([some], [out], owner), coinbase]. Even if the transfer would be valid, R-6 triggers before processing. Good. For PoST, [tx_transferencia(...), tx_coinbase_post(3)]. But wait `aplicar_post!` checks garantía first; productor with activo>=q. Use productor=1. Good.
- A3 (R-9): transfer with empty entradas. txs = [coinbase, tx_transferencia(Int[], [out], f)]. Expected ErrEmision. Both phases.
  Note: need `salidas` non-empty? If both empty, R-9 checks `isempty(entradas)` first → ErrEmision. So either.

**B. ErrSaldo:**
- B1 (transfer crea valor): need a spendable UTXO o owned by f. txs=[coinbase, transfer([o], [Salida(nid, o.valor+1, f)], f)]. Expected ErrSaldo. Both phases.
- B2 (transfer sin salidas): txs=[coinbase, transfer([o], Salida[], f)]. Expected ErrSaldo. Both phases. (Need o spendable; the code checks empty salidas before existence, so any o works, but use real one.)
- B3 (depósito no cuadra): txs=[coinbase, tx_deposito([o], f, Int(o.valor)+1, f)]. Need (PoW) Bk.altura>=H_dep; (PoST) always. Expected ErrSaldo. Use a spendable o owned by f.
- B4 (retiro > activo): need garantía for key g with activo a>=0; txs=[coinbase, tx_retiro(g, a+1, g)]. Expected ErrSaldo. Works both phases (in PoW, retiro allowed). But in PoW `aplicar_retiro!` doesn't require fase. However, `g` must exist; if not, obtener_garantia creates activo 0 → importe 1 > 0 → ErrSaldo. Fine. But if a+1 > typemax? no.
  Careful: if the garantía has en_retirada non-empty, the code checks `importe <= activo` first (a+1 > a) → ErrSaldo anyway. Good.
- B5 (liberación > vencido): PoST only. Need key g with en_retirada. Let v = sum of vencido amounts. txs=[tx_coinbase_post(3), tx_liberacion(g, v+1, g)]. If v=0, importe 1. Expected ErrSaldo.
- B6 (importe 0):
  - B6a: PoST coinbasepost importe 0 → ErrSaldo.
  - B6b: deposito importe 0 → ErrSaldo (both phases).
  - B6c: retiro importe 0 → ErrSaldo (both phases).
  - B6d: liberacion importe 0 in PoST → ErrSaldo.
- B7 (liberación antes de R_slots): PoST; find a garantía with en_retirada whose inicio+R_slots > B.slot (not yet vencido), then liberacion(g, 1, g) → vencido=0 → ErrSaldo. If no such, construct via same block? Since the same block processes sequentially, we can do [coinbasepost, retiro(g,1,g) (valid), liberacion(g,1,g)] — the retiro just started at B.slot, so inicio+R_slots > B.slot (R_slots>=1) → liberacion vencido=0 → ErrSaldo. This tests before-R_slots explicitly. But careful: the first retiro requires activo>=1 and no pending retiro. If g has no activo, retiro fails with ErrSaldo (not ErrRetiroPendiente). Choose g with activo>=1 and no en_retirada. Then the first retiro succeeds, then liberacion before R_slots → ErrSaldo. Good. This is the declared-oracle-error case.

**C. ErrDobleGasto:**
- C1 (misma entrada dos veces en una tx): txs=[coinbase, transfer([o,o], [salida ≤ 2*valor], f)] → duplicates → ErrDobleGasto. Or deposito([o,o],...). Both phases.
- C2 (misma entrada en dos txs del mismo bloque): txs=[coinbase, transfer([o],[out1],f), transfer([o],[out2],f)] → second: e inexistente → ErrDobleGasto. Both phases. Need o spendable.
- C3 (salida ya gastada): pick a spent id (tracked from chain). txs=[coinbase, transfer([spent],[out],f)] → ErrDobleGasto. Both phases. Or deposito([spent],...). 
  Also could use two deposits consuming the same output in one tx.
  Note: `crear_utxos!` duplicate output ids also gives ErrDobleGasto but that's not required.

**D. ErrRetiroPendiente:**
- D1: find g with en_retirada non-empty and activo >= 1. txs=[coinbase, tx_retiro(g,1,g)] → ErrRetiroPendiente. Both phases, if such g exists in Ep.
- D2 (if no en_retirada in Ep): same-block: txs=[coinbase, retiro(g,1,g), retiro(g,1,g)] → first valid, second ErrRetiroPendiente. Both phases (in PoW, retiro allowed). Need activo>=1, no en_retirada.

**E. ErrAutorizacion:**
- E1 (transfer otra clave): txs=[coinbase, transfer([o], [out], f2)] with f2 != o.dueño → ErrAutorizacion. Both phases.
- E2 (depósito otra clave): txs=[coinbase, tx_deposito([o], clave, importe, firmante)] with firmante != clave → ErrAutorizacion. Need importe != 0. Both phases. Note firmante check happens before entradas ownership, so any firmante != clave works.
- E3 (retiro otra clave): txs=[coinbase, tx_retiro(clave, importe, firmante)] with firmante != clave, importe != 0 → ErrAutorizacion. Both phases.
- E4 (liberación otra clave): PoST; tx_liberacion(clave, importe, firmante) with firmante != clave, importe != 0 → ErrAutorizacion. (fase PoST first, importe !=0, then firmante).

**F. ErrInmaduro:**
- F1 (coinbase PoW en PoW): in a PoW block, create a coinbase output O at block height h, then transfer spending O in the SAME block → immature → ErrInmaduro. txs=[coinbase with output id nid 10 to f, transfer([nid],[out],f)]. This works for any PoW block (M_cb>=1). Both phases? In PoST, spending a coinbase created in the same PoST block (coinbasepost isn't a UTXO; it's a credit). So F1 only PoW.
- F2 (cruce del corte con M_res_slots): PoST block at slot < s0+M_res_slots spending an immature coinbase_pow present in Ep (creada+M_cb > altura_terminal) → ErrInmaduro. Requires such an output. In the terminal state, the terminal block's own coinbase is immature (if not deposited). Also the last few coinbases. Should exist.
- F3 (same-block coinbase in PoW via deposito): deposit of the just-created coinbase → ErrInmaduro. Could add variety.
- F4 (depósito pendiente → ErrGarantia): separate family.

**G. ErrGarantia:**
- G1: PoST block with productor = key with activo < q (including no garantía) → ErrGarantia. Use a key like 3 or 9999. 
- G2 (pending deposit): a PoST block produced by a key whose only garantía is pending. Need setup. I'll attempt to construct a prefix: take PoST state, add a valid PoST block that deposits to key K (pending) — but K must own an input. Hmm.
  Alternative G2: use the terminal state where a key has pending but activo<q. If none, we can create one by choosing productor=key2 and, if key2 activo>=q, first withdraw key2's activo in the same/prior block. E.g., a prefix PoST block V: [coinbasepost, retiro(key2, activo2, key2)] → key2 activo=0, en_retirada. Then negative block: [coinbasepost, deposito from a key2-owned UTXO?]... hmm, no pending.
  
  Actually, "depósito pendiente usado para producir" can be demonstrated more simply with a **PoW** pending deposit and then a PoST transition? At the terminal, pending deposits from the terminal block are pending. If the producer in the transition block is key1, activo may be >= q. But if we construct a chain where the ONLY garantía is a pending deposit, phi would be false → no terminal. So impossible to have a terminal with only pending garantía (phi requires active). Therefore, the producer in a valid PoST must have some active garantía somewhere. A specific key could have only pending while another key provides phi. E.g., key1 provides phi (active), key2 has only pending (activo<q). Then a PoST block produced by key2 → ErrGarantia. 
  
  How to get key2 with only pending at the terminal? Construct a PoW chain where key2's deposits are all created in the last block (pending beyond terminal) and key1 has active. This requires custom construction. 
  
  Let me consider constructing the base chain manually for this specific sub-case, per point. It's some work but doable. Alternatively, I can use a **two-step PoST** approach:
   - Start from terminal PoST state where key1 active.
   - Valid PoST block V1: producer key1, includes a deposit to key2 from a UTXO owned by key2, creating pending garantía for key2. For this, key2 must own a spendable UTXO in the terminal state. Does key2 own a UTXO? In punto 4096 terminal state: from the exploration, `utxo` had only coinbase_pow outputs owned by key1 (1005,1006,1007). Hmm, key2's outputs were deposited. But with `transferir=false` and deposit-all, key2's h=1 output got deposited. So key2 owns no UTXO. 
   - However, I can build the PoW chain with `transferir=true` so that key2 (or key3) may get UTXOs. Not reliable.
   
  Simplest robust construction: use `claves_extra` to direct coinbases to multiple keys and `depositar=false` for some configuration. But then phi... Let me think again.
  
  What if I build a chain with `claves_extra=[1,2]` and `depositar=true`? Then coinbases alternate keys 1,2. Deposits go to the owner. At the terminal, both keys have active garantía. Not helpful.

  What if I build the chain with `depositar=false` for key2 but deposits for key1? Can't selectively.

  New idea: Use **PoW transfers to key2** to give key2 a UTXO, then in PoST deposit it to key2 → pending. To reliably give key2 a UTXO, I can craft a valid PoW block manually with a transfer to key2. E.g., after building the valid chain up to some height, add a valid PoW block with [coinbase, transfer([o1],[Salida(nid,1,2,...)], owner)] sending 1 to key2. But adding a PoW block may trigger terminal earlier. Hmm, but I can insert it before the terminal block. Actually, I can just take the existing chain and modify one transfer... 

  Alternatively, build the whole base chain myself with explicit valid blocks designed to have: key1 active (phi), key2 owning a small UTXO. Let me just do that for the 3 points? Params differ but the logic can be generic:
  
  Base chain (valid PoW):
  - Genesis.
  - h=1: coinbase [10 to key1] (subsidy 10).
  - h=2: coinbase [10 to key1].
  - ... up to h = H_corte_min - 1 or until terminal. Deposits to key1 to build garantía. And a transfer from key1 to key2 of 1 brek (giving key2 a UTXO) at some height.
  This is essentially reimplementing construir_poW with transfer. Too much.

  Let me use the existing generator: `construir_poW(rng, P; hasta=..., depositar=true, transferir=true)`. It randomly transfers when possible. With a fixed seed, I can check if the resulting chain has a UTXO owned by key2 or key3 in the terminal state. If not, try other seeds. Given randomness (transfer to dst=rand(1:3), and spends a random gastable output), likely some seed yields key2/key3 UTXOs. Since I need this for 3 points, I can search a seed per point that produces at least one non-key1 UTXO at terminal. That's easy.

  Then for G2: prefix = PoST-extended chain; V1 = valid PoST block including a deposit to key K (owner of the UTXO) creating pending; then negative block produced by K → ErrGarantia. But V1 must be a valid block in the exported story prefix, so the story = base + V1 + negative. And V1's deposit must be valid (spendable UTXO, M_dep_slots>0 so it stays pending). Since K has activo=0 (if K is key2/key3 and never deposited), the deposit creates pending only. Then negative block producer=K → activo 0 < q → ErrGarantia. This directly demonstrates "pending deposit used to produce". 

  But wait: is V1 valid as a PoST block? `aplicar_post!` checks productor=1 (key1) has activo>=q, then applies txs including deposit to K. Yes, valid. Good. And V1's slot must be > current slot.

  Then negative block at slot > V1.slot, productor=K. Expected ErrGarantia. 

  This is a good recipe but requires V1 as part of the prefix and a valid UTXO owned by K. I'll implement a search for a suitable base chain.

**H. ErrOperacionFase:**
- H1 (liberación en PoW): PoW block with [coinbase, tx_liberacion(1,1,1)] → ErrOperacionFase.
- H2 (evidencia en PoW): PoW block with [coinbase, tx_evidencia(1)] → ErrOperacionFase.
Both easily generated for every PoW block.

OK. This is a lot but manageable. However, I worry about time (1h budget). Writing and debugging all these recipes could take a while. Let me simplify by leveraging the valid chain's existing blocks: for many recipes I can **mutate existing txs** rather than build from scratch. But creating from scratch using the parent state is straightforward too.

Let me reconsider the scale: I have 3 points. Per point, the valid chain has ~7 PoW blocks + 3 PoST blocks (for 4096/8192) and ~3 PoW + 3 PoST (punto1). For each valid block, I can generate a handful of recipes. Let me aim for a fixed set of recipes applied to a few selected blocks, plus family-specific constructions. The total number of cases will be ~200-400, comfortably giving ≥30 per family.

Now, the crucial requirement: each case's expected error must be confirmed by the oracle, and exported. If a recipe doesn't produce the expected error for a given block, I should skip it (not count it). But the order says each family must reach ≥30 **confirmed** occurrences. So after generating, I verify counts and, if short, add more. Good.

Let me now also think about **both phases**: Some recipes work in both; I'll generate them in both by iterating over both PoW and PoST blocks.

Let me now design the code structure.

New file `src/generadores_negativos.jl`:
```julia
# Generación de casos negativos de transacción (ORDEN-T01-C).

# Estructura de un caso negativo dirigido.
struct CasoNegativo
    nombre::String      # p.ej. "Saldo-transfer-crea-valor"
    esperado::Err       # error construido a mano
    prefijo::Vector{Bloque}  # cadena válida hasta el padre
    B::Bloque           # bloque negativo
end

# Prefijos...
```

Helper to build a base chain for a point:
```julia
function cadena_base(P; seed=..., max_post=3)
    tb = construir_poW(StableRNG(seed), P; hasta=9, depositar=true, transferir=false,
                       retirar_en = <algo>)
    ...
end
```
But I want a chain that reaches a terminal (for PoST). `construir_poW` breaks at terminal. Good. Then `extender_post`. But for punto1, terminal at h=2 → chain short (3 blocks incl genesis) + 3 PoST. PoW blocks available: only h=1,2. That's few. For PoW negative cases at punto1, I can still use block h=2 (parent h=1) and block h=1 (parent genesis). But h=1 parent (genesis) has no UTXOs → many recipes unavailable. h=2 parent has UTXOs from h=1 (5/5). Let me check: at punto1, h=1 creates outputs 1000 (5 key1), 1001 (5 key2). Then block h=2 is [coinbase, deposits, retiro] and is terminal. Parent for h=2 is state after h=1 with UTXOs 1000,1001. Good: recipes can use 1000/1001. Mature at h=2 (M_cb=1). So B1/B2/B3/C1/C2/E1/E2/E3/F1/H1/H2 all work with parent h=1. 

So for punto1, use block h=2's parent as the PoW parent. And PoST blocks give PoST cases.

Also, for punto1, the terminal block h=2 has txs [coinbase, deposits, retiro]. But when I mutate *that* block, I replace its txs entirely with the recipe. So I don't reuse its txs. Fine.

Wait, but the prefix for a negative block is `validos[1:k-1]` where k is the block's index. For punto1, validos = [genesis, h=1, h=2(terminal), post...]. For the h=2 block, prefix=[genesis,h=1]. Good. For a PoST block, prefix includes through terminal.

Now, a concern: `construir_poW` with `retirar_en=H_corte_min` requires the terminal block to have a retiro; but for punto1 M_dep=0 so deposits active same block. The h=2 block is terminal. Fine.

Let me also consider whether `construir_poW` might not reach terminal for some params. For the 3 chosen points, we saw it does (with depositar=true, retirar_en=H_corte_min). Actually the earlier exploration used seed 7 and retirar_en=H_corte_min; it reached terminal. Let me use the same. But to be robust, if no terminal, skip PoST cases for that point (and maybe try another seed). Let me instead generate the base chain with the same code as `generar_historia` (`construir_poW(hasta=9, depositar=true, transferir=false, retirar_en = max_altura>=H_corte_min ? H_corte_min : -1)`) then `extender_post`. That's what T01-B uses and it works for these points.

Hmm wait, `generar_historia` uses `transferir=true`, which changes the chain. But `construir_poW` with transferir=false is deterministic-ish. Let me just test.

Let me now decide the exact set of generated cases. I'll write the generator to be fairly exhaustive, then check counts.

Let me define, for a valid chain `(bloques, estados)` and a function `punto_de(P, b, E)`:
- For each index k in 2:length(bloques):
  - `Ep = estados[k-1]`; `Bk = bloques[k]`; `prefijo = bloques[1:k-1]`.
  - Determine fase of Bk's application: if Bk.familia==PoW → applying on Ep (Ep.fase should be FasePoW). If PoST → Ep.fase should be FasePoW (transition) or FasePoST.
  - Build recipes.

Let me enumerate recipe generators as functions returning `Vector{CasoNegativo}`:

I'll implement a function `casos_para_bloque(P, prefijo, Ep, Bk)` that dispatches recipes based on `Bk.familia`.

Common helpers:
- `salida_nueva(id, valor, dueño)` = `Salida(id, UInt64(valor), dueño, OrigenTx, -1, -1)`.
- `nid` counter to avoid duplicate output ids across cases — but each case is independent, so I can use a per-case fresh id. However, within a case, ids must not collide with existing UTXOs in Ep. I'll use a large base like 900000 + counter. Actually `crear_utxos!` checks collision with E.utxo; using 900000+ avoids existing ids (coinbase ids are 1000+). Good.
- To find spendable outputs: iterate Ep.utxo and test `gastable(Ep, o, P, punto)` where `punto = Bk.familia==PoW ? Bk.altura : Bk.slot`. Actually careful: for a PoST block, the point is Bk.slot. For a PoW block, Bk.altura.
- For each recipe, pick a specific spendable output deterministically (e.g., first sorted by id). To get many cases, I can generate one case per spendable output for some recipes (e.g., B1 per output). But that inflates; I'll cap per block.

Let me think about how many cases each block yields:
- For a PoW block with parent having spendable outputs (list `sp`), garants `gar`:
  - B1: one per sp (cap 3) → up to 3
  - B2: 1
  - B3: 1
  - B4: one per garantía (cap 2)
  - B6b/B6c: 1 each
  - C1: 1
  - C2: 1
  - C3: 1 (if spent ids exist)
  - D1/D2: 1
  - E1: 1, E2: 1, E3: 1
  - F1: 1
  - H1: 1, H2: 1
  - A1/A2/A3
  That's ~18 per PoW block. With 7 PoW blocks × 2 points + 1 block × 1 point = 15 blocks → ~270 PoW cases. Plenty.
- For PoST blocks: B1,B2,B3,B4,B5,B6,B7,C1,C2,C3,D1,D2,E1..E4,F2,G1,G2,A2,A3 → ~18 per PoST block. ~3 PoST blocks × 3 points = 9 → ~160. Plenty.

Total ~400+ cases. File size maybe ~1-2 MB. Fine.

But there's a catch: not all recipes yield the expected error for all blocks (e.g., B5 needs en_retirada; D1 needs en_retirada; F2 needs immature coinbase). I'll verify with the oracle and only keep cases where `aplicar(Ep, B, P) == esperado`. If a recipe's expected error isn't produced, skip it. This guarantees "confirmed by the oracle".

But wait — the requirement is "cada caso con el error esperado escrito a mano y comprobado contra el oráculo". So generating and then filtering by oracle match could be seen as circular ("expected" derived from oracle). To be faithful, the expected error is declared in the recipe (by construction/design), and the oracle check confirms it. Filtering out mismatches is fine as long as we don't relabel. I'll keep a counter of mismatches and assert 0? If a recipe is designed correctly, mismatches should be 0. If a recipe doesn't apply (precondition absent), I skip it before constructing. Let me design preconditions carefully so the expected error is guaranteed, and then assert `aplicar == esperado` for every generated case; if any mismatch, report it (not silently relabel). This is stronger and matches "confirmado por el oráculo". I'll collect mismatches and print them; if >0, the export fails. Given careful design, expect 0.

Hmm, but there's risk of subtle mismatches. Let me be careful and possibly include a fallback: if mismatch, record it in a "descartados" list and continue, but require 0 to pass. Actually the order's T01-B exporter counts `dirigidos_con_error_inesperado`. I'll do the same: count mismatches and require 0.

Now let me think about the **RES** computation and the story for each case. The exporter's `escribir_caso` expects a `Vector{Bloque}` = full story, computes `res_por_bloque` via `construir_validos`. For our story `prefijo + [B]`, the prefix must be valid. Since prefix = `bloques[1:k-1]` from a valid chain, it's valid. But when `construir_validos` processes the story, it starts from genesis, follows parents; B's parent is the last prefix block → it applies B and gets the error. Good. RES for prefix blocks = OK, B = error.

One concern: `escribir_caso` writes `SEL punta=...` using `seleccionar(bloques, P)`. Since B is invalid, selection picks the prefix tip (or maybe an earlier tip?). The prefix is a linear chain so the tip is the last valid block. Good.

Another concern: the **same block ids** across cases don't matter (each case is independent). But within a case, prefix block ids come from the base chain, and B's id must be > prefix tip id and unique. I'll set B.id = prefix_tip.id + 1 (and for recipes with an extra valid block V1 in the prefix, that V1 gets an id too). Actually if I need V1 (for G2), the prefix becomes `prefijo + [V1]` and B.id = V1.id+1. I'll handle that.

Now, **determinism**: I must ensure iteration order is deterministic. I'll iterate keys in sorted order, use fixed seeds. Good.

Now, the **naming**: The order's format has `nombre=<X-nn|aleatorio>`. For T01-C, names should identify the family/subcase. I'll use names like `N-Saldo-transfer-valor`, `N-DobleGasto-dup-intra`, etc. The reader doesn't care about names except for hardcoded X-16/X-19/X-20. Good.

Wait — but the reread requirement says "relectura con tu lector independiente: 0 discrepancias". The existing reader `src/lector_vectores.jl` is independent. But the order T01-C might expect a **new independent reader**? It says "tu lector independiente" (singular, definite) — likely the one from T01-B. Using it is fine and demonstrates independence. Good. I might extend it slightly? No, don't touch it; it's already independent.

Hmm, but there's an issue: The reader's `verificar_caso` for cases named X-16/X-19/X-20 has extra checks; our names differ, so no extra checks. Fine. Also the reader reconstructs `Salida(...OrigenTx...)` — as discussed, origen is overridden. But wait: `parsear_salidas` creates Salida with `OrigenTx` for **all** outputs, including coinbase outputs. When re-applying a coinbase tx, `crear_utxos!` overrides origen to OrigenCoinbasePow. Good. When re-applying a transfer, `crear_utxos!` overrides to OrigenTx. Good. So fine.

But there's another subtlety: the reader uses `Bloque(...sector=0...)` hardcoded. Since SEC0, ignored. Good. And `requisito_declarado` parsed from `reqdecl`. Fine.

Now, the exporter must write `n` sequential and `FIN`. I'll reuse the same `escribir_caso` logic but in a new exporter script. To avoid duplicating a lot, I could factor `escribir_caso` etc. into a shared file. But the order says "el exportador solo lee resultados de aplicar, seleccionar y el estado" and the reader must not reuse exporter functions. The exporter can reuse its own helpers. I'll write a new `exportar_negativos.jl` that duplicates the rendering functions (or includes a shared render module). Simpler: copy the relevant render functions into `exportar_negativos.jl`. It's ~150 lines. That's acceptable. Actually, to reduce duplication and risk, I could `include("exportar.jl")`? But exportar.jl calls `main()` at the end and uses ARGS. Not good.

Alternatively, refactor `exportar.jl` to expose its render functions in a module and have both exporters use it. But that modifies T01-B's code, which is risky (must keep `test/runtests.jl` passing — not affected — and not break T01-B). The order says only add generators and export. Modifying exportar.jl is not forbidden but "No cambies la semántica de src/Transicion.jl, src/seleccion.jl ni src/nodo.jl". exportar.jl isn't in that list. Still, I'd rather not touch T01-B's exporter to avoid regressions. I'll create `exportar_negativos.jl` with its own copy of the format renderers (clearly derived). That's fine.

Hmm, but then the format must match exactly. I'll copy the functions verbatim from exportar.jl. Since `exportar_negativos.jl` is a script, I can define them.

Actually, a cleaner approach: create `src/formato_vectores.jl` with the rendering functions, and have `exportar_negativos.jl` include/use it. But then the reader is still independent. However, adding a shared module used by the new exporter is fine. Let me just put the render functions directly in `exportar_negativos.jl` (self-contained). Less moving parts.

Now let me think about the **file naming and header**. Required: `T01/resultados/vectores-transicion-negativos-v0.txt` + `.sha256` in `sha256sum` format `<hash>  <nombre>`. 

`nombre` — should it be the basename or relative path? `sha256sum` format: `<hash>  <nombre>`. If run as `sha256sum resultados/vectores-...txt` from T01, nombre = `resultados/vectores-...txt`. If run from resultados dir, nombre = basename. The order just says `<hash>  <nombre>`. I'll write `<hash>  vectores-transicion-negativos-v0.txt` (basename) so that `sha256sum -c` works from the `resultados/` directory. Hmm, or relative to T01? T01-B put bare hash. To be safe and match "formato sha256sum", I'll write `<hash>  resultados/vectores-transicion-negativos-v0.txt`? Then `cd T01 && sha256sum -c resultados/....sha256` works. Actually the .sha256 file is inside `resultados/`, and if it contains `resultados/vectores-...txt`, then `sha256sum -c resultados/x.sha256` from T01 works. If it contains the basename, `cd resultados && sha256sum -c x.sha256` works. Which is more natural? T01-B's `.sha256` was in resultados with bare hash. For T01-C, the order says `sha256sum` format, `<hash>  <nombre>`. I'll use the basename and verify with `cd resultados && sha256sum -c ...`. I'll document the command. Hmm, but the director might run from T01. Let me include the path relative to T01: `resultados/vectores-transicion-negativos-v0.txt`. Then verifying from T01: `sha256sum -c resultados/vectores-transicion-negativos-v0.sha256`. That seems most robust. Actually, wait: the director's REVISION-T01-B noted "el `.sha256` contiene solo el hash, no el formato de `sha256sum -c`: comprobado a mano". For T01-C they explicitly want the sha256sum format, presumably so `sha256sum -c` works. I'll choose the path that works from T01 (the working dir): `resultados/vectores-transicion-negativos-v0.txt`. And I'll test it.

Hmm, but if they `cd resultados` it fails. I'll document `cd T01 && sha256sum -c resultados/...`. I think that's fine.

Now, let me also handle the **header line**. `escribir_caso` from T01-B writes the header. I'll write:
`# vectores-transicion-negativos-v0 · T01-C · <fecha> · sha256 del contrato <hash>`
The reader skips `#`.

Now, **counts table by error**. I'll have the exporter print a table and also write it to a log. And the informe will include it.

Now let me also consider the **budget**: 1 h, 1 thread, 4 GiB. Our generation is small. Fine.

Let me now also reconsider: do I need to add anything to `test/runtests.jl`? The order says "test/runtests.jl sigue pasando" (must keep passing), not that I must add tests. But it'd be good to add a testset for the new negative vectors? The order doesn't require it. "Presupuesto 1 h". Adding tests could increase time. I'll not modify runtests.jl; I'll just run it to confirm it passes. Actually, verifying that `test/runtests.jl` still passes is required. Since I'm only adding a new included file with new functions (no changes to existing semantics), it should pass. But note: `include("generadores_negativos.jl")` in Transicion.jl adds functions to the module; no side effects. Good.

Wait, will including a new file require recompiling the precompiled `Transicion`? Yes, it'll precompile. Fine.

Now, let me reconsider whether to create `src/generadores_negativos.jl` and include it, or put the generator code directly in `exportar_negativos.jl`. The order says "Solo añades generadores de casos (`src/generadores.jl` o un fichero nuevo) y la exportación." This implies generators in src and export separately. I'll put generators in `src/generadores_negativos.jl` and include from `Transicion.jl`. The exporter uses them.

Now, let me think about the **exporting of a valid intermediate block V1** for the pending-garantía case. Since it complicates things, maybe I can get the pending case without V1 by using an existing PoST prefix that already has a pending deposit for a key with activo<q. Let me search the base chains for such a key. In punto 4096, at state after id=9 (first PoST), key1 activo=14, pending=2. Not <q. Hmm.

Let me reconsider: maybe I can satisfy the "depósito pendiente usado para producir" by constructing the negative block to include a deposit AND be produced by the depositor, where the deposit's maturity is in the future. But the garantía check happens BEFORE the txs, so the deposit in the same block doesn't affect the check. However, if the key already has activo < q and the block also deposits, the check still fails (activo<q) → ErrGarantia, and the block contains a pending deposit. That's a valid demonstration: the producer tries to use a pending deposit (created in the same block) to produce, but the oracle checks past state only → ErrGarantia. Actually the deposit in the same block isn't part of `past(B)`, so it shouldn't count; the oracle correctly rejects. That IS the semantics of "depósito pendiente usado para producir" (perhaps the producer thought the deposit counts, but it doesn't). 

So a simpler recipe G2: PoST block with productor=K (activo<K), txs=[coinbasepost, deposit to K] where the deposit requires K to own a spendable UTXO. If K owns a UTXO, the block would (if the garantía check passed) create a pending deposit. But the garantía check fails first → ErrGarantia. So we just need K to own a spendable UTXO. Then we can declare expected ErrGarantia and note the deposit is pending-until-maturity. Hmm, but the deposit tx is never processed (error before), so it's a bit artificial.

Better: the prior-block approach. Let me just implement V1 as a valid extra block for the specific case. It's not too bad: 
- Find a spendable UTXO `o` in the PoST parent state `Ep` owned by key K != 1 (so K has activo 0).
- If none, skip G2 (but then ErrGarantia count might still be met by G1 across 9 PoST blocks × maybe 2-3 producers = 18-27; plus we can generate G1 with multiple keys per block). Let me generate G1 for several keys (2,3,7,9999) per PoST block → 3 PoST blocks × 3 points × 4 = 36 G1 cases. That alone meets ≥30 for ErrGarantia. So G2 is a bonus; I can include it only when a non-key1 UTXO exists. Good — simplifies.

Actually, hold on: the order explicitly says "depósito pendiente usado para producir ⇒ `ErrGarantia` aparte". I think including the specific pending-deposit scenario is important for correctness of the deliverable. But I can include it in a robust way: create the pending deposit in a **prior valid PoST block** as part of the prefix, then produce with the depositor key. Let me see if a non-key1 UTXO exists in the PoST parent state for our points. For punto1 PoST state: UTXOs 1002 (key1), 1003 (key1 Liberacion), 1004 (key1 Liberacion). No non-key1. For 4096: all key1. Hmm.

So I'd need to create a non-key1 UTXO. I can do that by adding a **valid PoW transfer to key2** before the terminal. But that changes the chain. Alternatively, use `transferir=true` when building the base chain, with a seed that yields a non-key1 UTXO at terminal. Let me check if `transferir=true` yields non-key1 UTXOs. Let me explore. Actually from the earlier random history exploration (which uses transferir=true), the states showed UTXOs? I didn't print UTXOs for random histories. Let me test quickly whether any PoST state has a non-key1 UTXO with transferir=true and some seed.

Actually, maybe an even simpler route: use `tx_transferencia` in a valid PoST prefix block to send 1 brek from key1 to key2, then in the next PoST block, key2 deposits that UTXO (pending), then in the next, key2 produces → ErrGarantia. But adding two valid PoST blocks as prefix. Both are valid and easy:
- V0 (PoST, productor key1): [coinbasepost(3), transfer([o1], [Salida(nid, 1, 2)], 1)] where o1 owned by key1 spendable, o1.valor>=2 (so output 1 ≤ input). This gives key2 a UTXO.
- V1 (PoST, productor key1): [coinbasepost(3), deposit([nid], clave=2, importe=1, firmante=2)] → creates pending deposit for key2 (M_dep_slots>0; if M_dep_slots=0 it becomes active → then key2 would have activo, so no error; check M_dep_slots>0).
- Negative B (PoST, productor key2): [coinbasepost(3)] → activo(key2)=0 < q → ErrGarantia.
This is a 3-block construction with only valid prefix blocks. It works for any point with M_dep_slots>0 (all points have M_dep_slots>=1). And requires a spendable key1 UTXO with valor>=2 in the PoST parent. The PoST parent states have coinbase outputs of value 10 owned by key1 → yes. 

But wait: after we transfer 1 to key2, key2 owns a UTXO. Then V1 deposits it to key2. But `aplicar_deposito!` checks `tx.firmante == tx.clave` → 2==2 ok, and consumes the UTXO owned by firmante=2 → ok. Then pending. Good. Then B productor=2 → `g.activo = 0 < q` → ErrGarantia. 

This requires building V0, V1 as valid blocks. I'll construct them in the generator and include them in the case's prefix. To keep the format's `RES` correct, the exporter recomputes and V0/V1 should be OK. I'll verify with the oracle.

This construction also gives us a UTXO for key2 that we can use in other recipes (e.g., E1 transfer owner=2 firmante=3). Nice.

Hmm, but there's an even simpler observation: I can put V0 and V1 in the prefix for **all** PoST cases, giving key2 a UTXO and pending garantía. But that changes the parent state for other recipes. Not necessary.

OK, let me now also handle the **immature cross-cut** case F2 for PoST. The PoST parent state has immature coinbase_pow outputs? For 4096 terminal at h=7, M_cb=3: coinbases at h=7 (terminal block itself) mature at 10 > 7. Is the terminal block's coinbase in the PoST parent's UTXO? Let me check the earlier exploration `utxo_post` for punto 4096 with seed 77: [(1005,10,key1,CoinbasePow,5), (1006,10,key1,6), (1007,10,key1,7), (1008,1,key1,Liberacion,slot3)]. So yes, 1007 is coinbase at h=7, immature (7+3=10>7). At PoST slot=1 < M_res=3, spending it → ErrInmaduro. So F2 works in the PoST parent at low slot. But the PoST parent for 4096 is at slot=3 (after extender_post). At slot=3, M_res=3 → 3>=3 → spendable! Hmm, so by the time slot=3, 1007 (h=7) requires slot >= 0+3=3 → spendable. So F2 needs a PoST block at slot < M_res. But our base PoST chain advanced to slot 3. To test F2 at slot=1, I can use the **transition block** itself (slot=1) as the negative block, with prefix = PoW chain up to terminal (no PoST blocks yet). The parent state is the terminal state (FasePoW), and applying a PoST block triggers `aplicar_post!` with E.fase==FasePoW branch: sets fase PoST, s0=0. Then `gastable_en`: creada+M_cb <= altura_terminal? 7+3=10 <= 7 false → require punto >= 0+M_res_slots=3. slot=1 < 3 → ErrInmaduro. 

So F2 uses the transition block (first PoST), which is one of our base blocks (the block after terminal). At that point `Ep = terminal state`, and the negative PoST block at slot=1 spends the immature coinbase. Good. I'll generate F2 for the first PoST block specifically (when M_res_slots>1 and an immature coinbase exists).

Also F1 (same-block coinbase PoW) and F3 (deposit immature) cover ErrInmaduro in PoW. Good.

Now, what about the **residual maturity in PoST with M_res_slots=1**? For punto1 M_res=1; at slot=1, 1>=1 → spendable, so no ErrInmaduro. So F2 only where M_res>1 (4096/8192). Fine.

Now the **ErrInmaduro "coinbase PoW en PoW"**: F1 same-block. Also a cross-block variant: spend a coinbase created in the previous block if M_cb>1. E.g., at PoW block h, spend coinbase created at h-1 if h < (h-1)+M_cb i.e. M_cb>1. For 4096 M_cb=3, we can spend the coinbase from the immediately preceding block → ErrInmaduro. I'll add F1b: find an immature (by maturity at B.altura) coinbase_pow output in Ep and spend it. Actually just scan Ep.utxo for coinbase_pow outputs where `!gastable(Ep, o, P, Bk.altura)` → spend → ErrInmaduro. That covers both cross-block and (if present) same-block. But same-block needs the coinbase from the block itself, which isn't in Ep. So F1 (same block) is separate.

Now, the **ErrSaldo "importe 0 de R-8"** includes CoinbasePost, Deposito, Retiro, Liberacion. Good.

Now the **"ambas fases"**: For each family, ensure the generated set includes PoW and PoST where applicable. My per-block iteration covers both.

Let me now also reconsider: the order says "con el error esperado construido a mano y confirmado por el oráculo". And "Cada familia ... aparece al menos 30 veces en el fichero nuevo". I'll produce a table of counts by error and by family, and ensure ≥30 each. Let me target more to be safe.

Now, let me also handle **X-12-like** cases? No, T01-C is about transaction rejections, not the X cases.

Let me now consider potential pitfalls:
1. `consumir_entradas!` checks ownership before maturity. So for transfer of an immature output owned by firmante, order: duplicate check, then for each id: existence, owner, maturity. So to get ErrInmaduro we need owner==firmante first. Good.
2. For `ErrAutorizacion` transfer, the `aplicar_txs!` pre-check computes `ve` (existence only) and `vs`. If `vs > ve` it would return ErrSaldo before the owner check! So for E1 I must ensure `vs <= ve`. Use output value ≤ input total. E.g., [o] → [Salida(nid, o.valor, f2)] with f2 != owner. vs == ve → passes, then owner check → ErrAutorizacion. Good.
3. For `ErrDobleGasto` C1 (duplicate entry in one tx), the `aplicar_txs!` pre-check: `ve` counts o twice = 2v; `vs` must be ≤ 2v. Use one output v. Then `aplicar_transferencia!` → duplicate → ErrDobleGasto. Good.
4. For `ErrDobleGasto` C2 (two txs same input), first tx valid: must satisfy vs<=ve and owner and maturity. For the first transfer use a spendable output owned by f with output value = v (or v-1). Then second tx uses same id → `ve` get → nothing → ErrDobleGasto. Good. But note: the first tx also adds `tarifas = ve - vs`; fine.
5. For `ErrSaldo` B1 (creates value): `vs > ve` triggers ErrSaldo before owner/maturity checks. Use a spendable output anyway.
6. For B3 deposit mismatch: `aplicar_deposito!` checks importe!=0, firmante==clave, then H_dep (PoW), then consumir (needs owner==firmante and maturity), then total==importe. So use a spendable output owned by clave, and importe = total+1. If key's garantía exists, the `total == importe` fails → ErrSaldo. Good. But note: before that, `consumir_entradas!` DELETES the entradas from E (mutation) then returns total; since we return ErrSaldo, the whole block errors and the state is discarded. Fine.
7. For B4 retiro>activo: `aplicar_retiro!` calls `obtener_garantia!` which creates a Garantia if absent, with activo 0. importe=1 > 0 → ErrSaldo. So even keys without garantía work.
8. For B5 liberación>vencido: `aplicar_liberacion!` requires fase PoST, importe!=0, firmante==clave, then vencido. If key has no en_retirada, vencido=0, importe=1 > 0 → ErrSaldo. So any key works in PoST.
9. For D1 ErrRetiroPendiente: need en_retirada non-empty and importe<=activo. If Ep has a garantía with en_retirada, use it with importe=1 and require activo>=1. If activo=0 (all withdrawn), then importe 1 > 0 → ErrSaldo first. So check activo>=1.
10. For D2 same-block: first retiro requires activo>=1 and en_retirada empty; second retiro then → ErrRetiroPendiente (importe<=activo still true if activo>=2 or even 1: after first retiro, activo decreases by 1; if activo was 1, activo becomes 0, second importe 1 > 0 → ErrSaldo! So need activo>=2 for the second importe 1 to pass the `<= activo` check. Actually order: second retiro: importe=1 <= activo(=activo0-1)? Need activo0-1 >= 1 → activo0>=2. Then isempty(en_retirada)? false → ErrRetiroPendiente. So use a key with activo>=2. Good.
11. For B7 (liberación antes R_slots) same-block: first retiro(g,1,g) requires activo>=1 and en_retirada empty; then liberacion(g,1,g) → vencido=0 → ErrSaldo. Good. (The first retiro reduces activo; no issue.)
12. For E4 liberación otra clave: fase PoST, importe!=0, firmante!=clave → ErrAutorizacion. Good.

Potential issue: A PoST block recipe must have `peso>=1` and productor with activo>=q. If the parent is FasePoW (transition block), `aplicar_post!` sets fase=PoST then checks `B.peso>=1`, promotes, checks productor garantía. So productor must have activo>=q in the terminal state. key1 does. Good. For a PoST block whose parent is FasePoST, same.

For the transition block, `B.padre == E.terminal` is required. Our prefix tip is the terminal, and B.padre = tip.id. Good.

Now, the recipes that need a **spendable output with a specific owner**:
- For E1 (transfer another key): need output o with owner f1, and firmante f2 != f1. Use firmante = (owner == 1 ? 2 : 1). Good.
- For B1/B2/B3 etc. use owner as firmante.

Now, building the block `B`: must preserve the familia and required fields. For PoW: `gen_pow(id=..., padre=tip.id, altura=Ep.altura+1, txs=txs, trabajo=1, pow_ok=true)`. For PoST: if Ep.fase==FasePoW (transition) then `gen_post(id, padre=tip.id, slot=Ep.slot+1? ...)`. Careful: for the transition block, slot must be >=1 and there's no constraint vs Ep.slot (Ep is PoW, slot=0). Use slot=1. For a PoST parent, slot must be > Ep.slot; use Ep.slot+1. Productor=1, peso=1, sector=0.

But for the negative block, the error must occur before/at the tx stage. The block's own validity prerequisites (pow_ok, trabajo, altura/slot, peso, productor garantía) must pass so we reach the tx error. For PoW: altura=Ep.altura+1, trabajo=1, pow_ok=true. For PoST: slot>Ep.slot, peso=1, productor=1 with activo>=q. Good.

Now, **which block to mutate**: I'll iterate over the base chain blocks (indices 2..n) and generate recipes for each. But the negative block doesn't reuse Bk's txs; it's constructed from scratch using Ep. So really I just need the parent states `Ep` and the corresponding prefix. The specific Bk only determines the point (altura/slot) and phase. So I can iterate over indices and use `Ep`, `Bk` (for familia and point). Good.

Now let me reconsider the base chain construction to have enough PoW blocks and PoST blocks:
- Use `construir_poW(StableRNG(seed), P; hasta=9, depositar=true, transferir=false, retirar_en = (H_corte_min <= 9 ? H_corte_min : -1))`. For punto1, terminal at h=2 (because phi after deposit at h=2). Wait, `construir_poW` breaks when `E.terminal == B.id`, and terminal is set when conditions met. For punto1, at h=2, deposit (M_dep=0) → active, phi true, altura=2>=H_corte_min=2, trabajo=2>=W_min=1 → terminal. So chain = [genesis, h1, h2] (3 blocks). PoW blocks available: h1 (parent genesis), h2 (parent h1). Good.
- For 4096/8192, terminal at h=7. Chain = genesis + h1..h7 = 8 blocks. Good.
- Then `extender_post(...)` adds up to 3 PoST blocks.

Now, one concern: `construir_poW` with `retirar_en=H_corte_min` at punto1: at h=2, before the retiro, `Et.garantias[prod].activo >= q`? After deposits at h=2, activo = 5+5=10 >= 1. Retiro of 1 → en_retirada. Then terminal. Good.

For 4096: at h=7, deposit makes activo=14, retiro 1. Good.

Let me now also ensure `extender_post` doesn't fail (e.g., productor garantía). It uses prod=1 with activo>=q. Good.

Now let me write the generator. This is the bulk of the work. Let me be systematic.

Actually, wait. Let me reconsider the **counting and "spread across several points and both phases"**. I'll produce for each of the 3 points and each phase. Good.

Let me now think about how many cases I'll actually generate and verify. I'll iterate:
```
for (punto, P) in puntos:
    base = cadena_base(P)   # (bloques, estados)
    for k in 2:length(bloques):
        Ep = estados[k-1]; Bk = bloques[k]; pref = bloques[1:k-1]
        append!(casos, recetas(P, pref, Ep, Bk))
    # plus special prefix-based recipes (ErrGarantia pendiente, etc.)
```
`recetas` returns cases with `esperado` and story.

For each case: `r = aplicar(Ep, B, P)`; assert `r == esperado`; else record mismatch (name, expected, got). Since we're generating, if mismatch we drop the case? Better to abort and print, so I can fix. But given time, I'll collect mismatches and report; require 0.

Hmm, but I must be careful that `Ep` is the correct parent state and that `prefijo` reproduces Ep. I'll assert `hash_canonico(last(estados[k-1]))`... actually `Ep` came from the chain, so it's fine. But to double-check, in verification I can recompute `construir_validos(vcat(pref,[B]))`.

Now, the **output ordering**: iterate points in index order, blocks in order, recipes in defined order. Deterministic.

Now, the header `punto` field = the grid index (1, 4096, 8192). `semilla` = "-" (directed). Good.

Now let me also handle the requirement "en varios puntos de la rejilla por defecto". 3 points qualifies as "varios". Good. I'll use [1, 4096, 8192] exactly like T01-B.

Now, let me write the code. I'll write `src/generadores_negativos.jl`.

Let me define:

```julia
# --- utilidades ---
const ID_SALIDA_NEG = 900_000

function salida_neg(id, valor, dueño)
    Salida(id, UInt64(valor), dueño, OrigenTx, -1, -1)
end

punto_de(P, B) = B.familia == PoW ? B.altura : B.slot

# outputs spendable in Ep at the point of Bk
function gastables_en(Ep, P, Bk)
    pt = punto_de(P, Bk)
    os = Salida[]
    for (_, o) in Ep.utxo
        gastable(Ep, o, P, pt) && push!(os, o)
    end
    return sort(os, by = o -> o.id)
end

function inmaduros_en(Ep, P, Bk)
    pt = punto_de(P, Bk)
    os = Salida[]
    for (_, o) in Ep.utxo
        o.origen == OrigenCoinbasePow || continue
        gastable(Ep, o, P, pt) || push!(os, o)
    end
    return sort(os, by = o -> o.id)
end
```

Note: `gastable` uses `punto` and E.fase. For a PoW Bk, point = altura; for a PoST Bk, point = slot. But `gastable(Ep, o, P, pt)` uses `Ep.fase`; if Bk is a transition PoST block, Ep.fase is FasePoW, but the block will be applied in FasePoST. Hmm, `gastable_en` takes `fase` explicitly; `gastable(E, o, P, punto)` passes `E.fase`. For the transition block, the applicable phase is PoST but Ep.fase is PoW. The code in `aplicar_post!` sets `E.fase = FasePoST` BEFORE `aplicar_txs!`. So the correct maturity check is with fase=PoST. So for determining spendability for a transition block, I should use `gastable_en(o, FasePoST, Ep.altura_terminal, Ep.s0, P, pt)`. Let me make a helper `gastable_para(Ep, o, P, Bk)` that uses fase = (Bk.familia==PoST ? FasePoST : FasePoW). Actually more precisely, `aplicar_post!` sets fase to PoST for the transition block; for subsequent PoST blocks Ep.fase is already PoST. So:
```
function fase_de_aplicacion(Ep, Bk)
    Bk.familia == PoST ? FasePoST : FasePoW
end
gastable_para(Ep, o, P, Bk) = gastable_en(o, fase_de_aplicacion(Ep,Bk), Ep.altura_terminal, Ep.s0, P, punto_de(P,Bk))
```
Good.

Now the block builders:
```julia
function bloque_pow_neg(id, padre, altura, txs)
    gen_pow(id = id, padre = padre, altura = altura, txs = txs, trabajo = 1, pow_ok = true)
end
function bloque_post_neg(id, padre, slot, txs; productor = 1, peso = 1, sector = 0)
    gen_post(id = id, padre = padre, slot = slot, productor = productor, peso = peso, sector = sector, txs = txs)
end
```
And `construir_B(pref, Ep, P, Bk, txs; productor=1, peso=1)`:
```
base = last(pref).id  # prefix tip
idb = base + 1
if Bk.familia == PoW
    B = bloque_pow_neg(idb, base, Ep.altura + 1, txs)
else
    slot = Ep.fase == FasePoW ? 1 : Ep.slot + 1
    B = bloque_post_neg(idb, base, slot, txs; productor=productor, peso=peso)
end
```
Wait, using `Ep.fase` to decide slot: for transition Ep.fase==FasePoW → slot=1; but for punto where M_res>1 and we want F2 at slot=1, fine. For subsequent PoST Ep.fase==FasePoST → slot=Ep.slot+1.

But careful: `last(pref)` must be the parent block (Ep's block). Since prefix = bloques[1:k-1] and Ep = estados[k-1], yes `last(pref).id == Bk.padre` and Ep is the state after last(pref). Good.

Now recipes. Let me write a function `recetas_bloque(P, pref, Ep, Bk)`.

Let me pick `sp = gastables_para(Ep, P, Bk)` (spendable outputs), `inm = inmaduros_para(...)`, `gkeys = sorted keys of Ep.garantias`.

For each recipe, I'll create at most a few cases. Let me write them:

```julia
function recetas_bloque(P, pref, Ep, Bk)
    casos = CasoNegativo[]
    add(nombre, esperado, txs; productor=1, peso=1) = ... verify later
```
Actually I'll make a local function `push_caso!(casos, nombre, esperado, txs; productor=1)` that builds B and pushes a `CasoNegativo`. Verification happens in the exporter.

Let me be concrete. I'll create helper `mk(nombre, esperado, txs; productor=1)`.

Now the tx constructors:
- `tx_coinbase([salida_neg(id, 10, 1)])` for PoW (subsidy 10). For PoST, `tx_coinbase_post(3)`.
- For recipes that include a coinbase, use subsidy-valid values.

Note: including a valid coinbase is optional. For R-6/R-7 we specifically need coinbase handling. For others, I'll include a coinbase to mirror T01-B, but it adds complexity for PoST (productor credit). Let me include it for consistency. But for the PoST transition block, a coinbasepost(3) credits the productor's garantía; fine.

Wait, but there's a subtlety with `aplicar_txs!` and coinbase count: if a recipe's txs include a coinbase post and also a transfer, ncb=1, idx=1, fine.

Let me now define each recipe with `cb` = coinbase tx:
```
cb = Bk.familia == PoW ? tx_coinbase([salida_neg(910000, 10, 1)]) : tx_coinbase_post(3)
```
Actually the output id 910000 might collide if multiple coinbase outputs in same block; each case is separate so fine. But `crear_utxos!` stores by id; if a transfer later references a different id, fine.

Hmm, careful: For the R-7 recipe, cb has empty outputs. For R-6, cb is placed second.

Let me enumerate the recipes in code terms. I'll use a unique output-id generator per case: pass an integer base and increment. To keep it simple, I'll use a global-ish counter inside the function (local `oid = Ref(920000)`).

Let me write:

```julia
function recetas_bloque(P, pref, Ep, Bk)
    casos = CasoNegativo[]
    es_pow = Bk.familia == PoW
    pt = punto_de(P, Bk)
    sp = gastables_para(Ep, P, Bk)
    inm = inmaduros_para(Ep, P, Bk)
    gkeys = sort(collect(keys(Ep.garantias)))
    oid = 920000
    nuevo() = (oid += 1)
    cb() = es_pow ? tx_coinbase([salida_neg(nuevo(), 10, 1)]) : tx_coinbase_post(3)
    ...
end
```

Hmm, `cb()` called multiple times gives different ids; fine.

Wait, for PoW, the coinbase output id must be unique within the block and not collide with Ep.utxo. Using 920000+ is safe.

Now, the recipes:

**ErrEmision**
- If es_pow: 
  - `A1-R7`: txs=[tx_coinbase(Salida[])] → ErrEmision.
  - `A2-R6`: txs=[transfer-valid..., coinbase]. Need a valid transfer? Not necessary; R-6 is checked before processing, so any first tx works. But `aplicar_txs!` counts ncb first, then idx; returns ErrEmision. So txs=[tx_transferencia(Int[], [salida], 1), cb()] works even if transfer invalid. But let me use a valid-looking transfer. Use `tx_transferencia([sp[1].id], [salida_neg(nuevo(), sp[1].valor, sp[1].dueño)], sp[1].dueño)` if sp nonempty, else `tx_transferencia(Int[], [salida], 1)`. Then cb().
  - `A3-R9`: txs=[cb(), tx_transferencia(Int[], [salida_neg(nuevo(),1,1)], 1)] → ErrEmision.
- If !es_pow:
  - `A2-R6`: txs=[tx_transferencia(...), tx_coinbase_post(3)] → ErrEmision (checked before processing). But careful: `aplicar_post!` checks garantía first (productor=1 has activo>=q) and slot/peso. Then `aplicar_txs!` → ncb=1 at idx2 → ErrEmision. Good.
  - `A3-R9`: txs=[tx_coinbase_post(3), tx_transferencia(Int[], [salida], 1)] → ErrEmision.
  (R-7 doesn't apply to PoST.)

Note: A2-R6 in both phases.

**ErrSaldo**
- For each spendable o in sp (take up to 2):
  - `B1`: txs=[cb(), tx_transferencia([o.id], [salida_neg(nuevo(), Int(o.valor)+1, o.dueño)], o.dueño)] → ErrSaldo.
  - `B2`: txs=[cb(), tx_transferencia([o.id], Salida[], o.dueño)] → ErrSaldo.
  - `B3`: txs=[cb(), tx_deposito([o.id], o.dueño, Int(o.valor)+1, o.dueño)] → ErrSaldo. But for PoW, need Bk.altura >= H_dep, else ErrDepositoTemprano. I'll only add if `!es_pow || pt >= P.H_dep`. Also o must be spendable (done). Also importe must be nonzero (yes).
- `B4`: for each g in gkeys (up to 2): `tx_retiro(g, Int(Ep.garantias[g].activo)+1, g)` → ErrSaldo. Works both phases. But if activo+1 overflows? no.
- `B5` (PoST only): for each g with en_retirada non-empty: compute vencido; `tx_liberacion(g, vencido+1, g)`. If no en_retirada, use g=1 with importe 1 (v=0) → ErrSaldo. Actually to be safe, always add B5 with g=1, importe = vencido(1)+1. If g=1 has no en_retirada, vencido=0 → importe 1. Good. Add for a couple gkeys.
- `B6`:
  - `B6a` (PoST): txs=[tx_coinbase_post(0)] → ErrSaldo.
  - `B6b`: txs=[cb(), tx_deposito([o.id], o.dueño, 0, o.dueño)] → ErrSaldo (importe 0 checked first). Works both phases. Use any spendable o (or empty entradas; importe 0 check first, so entradas irrelevant). Use `tx_deposito(Int[], 1, 0, 1)`.
  - `B6c`: txs=[cb(), tx_retiro(1, 0, 1)] → ErrSaldo.
  - `B6d` (PoST): txs=[cb(), tx_liberacion(1, 0, 1)] → ErrSaldo.
- `B7` (PoST, liberación antes de R_slots): need a key g with en_retirada empty and activo>=1, or just construct: txs=[cb(), tx_retiro(g,1,g), tx_liberacion(g,1,g)]. The first retiro requires activo>=1 and en_retirada empty. Then liberación at same slot: inicio=slot, inicio+R_slots > slot → vencido 0 → ErrSaldo. I'll pick g with activo>=1, en_retirada empty; if none, skip. Note: verify the first retiro is valid (activo>=1). 
  Actually, to make the semantics explicit ("liberación antes de R_slots"), this is the intended construction. Good.

**ErrDobleGasto**
- For spendable o (up to 2):
  - `C1`: txs=[cb(), tx_transferencia([o.id,o.id], [salida_neg(nuevo(), o.valor, o.dueño)], o.dueño)] → ErrDobleGasto. (vs = v ≤ ve = 2v.)
  - `C2`: txs=[cb(), tx_transferencia([o.id], [salida_neg(nuevo(), max(o.valor-1,0)... )], o.dueño), tx_transferencia([o.id], [salida_neg(nuevo(),1,o.dueño)], o.dueño)] → ErrDobleGasto in second. But the first transfer must be valid: output value ≤ input; use value 1 (o.valor>=1 always; coinbase values 5/10). Actually if o.valor==0? not in our chain. Use 1. Also if o.valor < 1? no.
    Note: if o is owned by dueño, first tx firmante=dueño. Good. The first tx consumes o. Second: `ve` get nothing → ErrDobleGasto.
    But careful: `aplicar_txs!` for the first transfer computes `ve` from E.utxo, vs=1≤ve. Then `aplicar_transferencia!` consumes. The second transfer: ve get nothing → ErrDobleGasto. Good.
  - `C3` (salida ya gastada): need a spent id. I'll track spent ids across the chain. But `recetas_bloque` only gets Ep and pref. I can compute spent ids by scanning `pref`'s txs' entradas:
    ```
    gastados = Set{Int}()
    for b in pref, tx in b.txs, e in tx.entradas; push!(gastados, e); end
    ```
    Also include ids that were created then consumed. An id in `gastados` but not in `Ep.utxo` is "already spent". Use one (sorted, first). txs=[cb(), tx_transferencia([id], [salida_neg(nuevo(),1,1)], 1)] → ErrDobleGasto. But firmante/owner doesn't matter because get returns nothing before owner check. Actually `aplicar_txs!` transfer pre-check: `ve` loop `get` → nothing → ErrDobleGasto. So firmante irrelevant. Good.
    For deposito variant: `tx_deposito([id], 1, 1, 1)` → consumir → get nothing → ErrDobleGasto. Add both.

**ErrRetiroPendiente**
- `D1`: find g in gkeys with en_retirada non-empty and activo>=1. txs=[cb(), tx_retiro(g,1,g)] → ErrRetiroPendiente.
- `D2`: find g with en_retirada empty and activo>=2. txs=[cb(), tx_retiro(g,1,g), tx_retiro(g,1,g)] → ErrRetiroPendiente.

**ErrAutorizacion**
- `E1`: spendable o, firmante f2 != o.dueño. txs=[cb(), tx_transferencia([o.id], [salida_neg(nuevo(), o.valor, o.dueño)], f2)] → ErrAutorizacion (vs==ve). Wait: the pre-check `vs <= ve`; output value = o.valor → vs=ve, ok. Then owner check → ErrAutorizacion. But also `consumir_entradas!` checks owner AFTER duplicate and existence. Good.
- `E2`: `tx_deposito([o.id], clave, importe, firmante)` with firmante != clave. importe = o.valor (so it'd pass total check if it got there). Expected ErrAutorizacion (firmante check first). Both phases; for PoW need pt>=H_dep else ErrDepositoTemprano comes first. Actually `aplicar_deposito!` order: importe!=0, firmante==clave, H_dep, consumir. So firmante check is before H_dep → ErrAutorizacion regardless of height. Good, no H_dep needed.
- `E3`: `tx_retiro(clave, importe, firmante)` with firmante != clave, importe=1 → ErrAutorizacion.
- `E4` (PoST): `tx_liberacion(clave, importe, firmante)` with firmante != clave, importe=1 → ErrAutorizacion.

Each can be generated for a couple o/g.

**ErrInmaduro**
- `F1` (PoW only): same-block coinbase spend. cb_out_id = nuevo(); cb = tx_coinbase([salida_neg(cb_out_id, 10, 1)]); txs=[cb, tx_transferencia([cb_out_id], [salida_neg(nuevo(),9,1)], 1)] → ErrInmaduro. For this, `aplicar_txs!`'s transfer pre-check reads E.utxo containing cb_out_id (coinbase applied first) → ve=10, vs=9 ok; then consumir → gastable? coinbase created at Bk... wait, the coinbase is created in this block at height `Ep.altura+1`; `gastable` checks `punto >= creada_en_altura + M_cb` where punto = Ep.altura+1. So (Ep.altura+1) >= (Ep.altura+1)+M_cb → M_cb<=0 false → ErrInmaduro. Good (M_cb>=1).
- `F1b` (PoW only): cross-block immature. For each o in inm (up to 2): txs=[cb(), tx_transferencia([o.id], [salida_neg(nuevo(), 1, o.dueño)], o.dueño)] → ErrInmaduro. But owner must match firmante to pass owner check before maturity. o.dueño==firmante. Good.
- `F3` (PoW only): deposit of immature coinbase in same block: txs=[tx_coinbase([salida_neg(cb_out_id,10,o.dueño)]), tx_deposito([cb_out_id], o.dueño, 10, o.dueño)] → ErrInmaduro. But need Bk.altura>=H_dep? order: importe!=0, firmante==clave, H_dep check, consumir. If altura<H_dep → ErrDepositoTemprano. So only if pt>=H_dep. Add if satisfied.
- `F2` (PoST only): spend an immature coinbase_pow in Ep at slot < s0+M_res. For each o in inm (up to 2): txs=[tx_coinbase_post(3), tx_transferencia([o.id], [salida_neg(nuevo(),1,o.dueño)], o.dueño)] → ErrInmaduro. Requires that `gastable_para` is false because of the residual maturity (not because creada+M_cb>altura_terminal? That's exactly the condition). Good.

Wait: `inm` computed with `gastable_para`, which for a PoST block at slot=Ep.slot+1... For the transition block (Ep.fase=PoW), slot=1. For a later PoST block, slot=Ep.slot+1. The condition `punto >= s0 + M_res_slots`; if slot is large, possibly spendable. So `inm` correctly identifies non-spendable. Good.

**ErrGarantia**
- `G1`: PoST only. For productor in [2,3,7,9999] (activ actual < q or no garantía): txs=[tx_coinbase_post(3)] → ErrGarantia. But careful: for productor=2, in some states activo could be >= q (e.g., 4096 key2 activo=5, q=5 → qualifies! So productor=2 would NOT give ErrGarantia). So only add G1 for productor whose activo < q. Compute `activo_de(Ep,k)`. Use keys in sorted union with 0. Let me pick productores with activo < q among [2,3,7,9999] (and skip 2 if activo>=q). To ensure ≥30, include several guaranteed-low keys: 3, 7, 9999, plus 2 if low. For punto1 q=1, key2 activo=5 → skip 2; 3,7,9999 work. That's 3 per PoST block × 9 blocks = 27. Hmm, plus key2 for 3 points? Let me also include productor=1 with... no. Let me add more arbitrary keys: [2,3,4,5,7,9999] filtered by activo<q. For q=1, all except key2 (activo5) and key1 (activo>0). So 3,4,5,7,9999 = 5 per block × 9 = 45. Good.
  Also for a valid producer with activo>=q but with `q` large... fine.
- `G2` (pending deposit): construct the V0/V1 prefix. I'll handle this as a separate function `casos_garantia_pendiente(P, punto, base)`.

Wait — but there's another subtlety for G1: `aplicar_post!` checks `B.peso>=1` and slot progression before garantía. Our block has peso=1 and correct slot. Good. Also for the transition block, `B.padre==E.terminal`. Good.

**ErrOperacionFase**
- `H1` (PoW): txs=[cb(), tx_liberacion(1,1,1)] → ErrOperacionFase.
- `H2` (PoW): txs=[cb(), tx_evidencia(1)] → ErrOperacionFase.
Also `H3` (PoW): tx_liberacion alone without coinbase? redundant.

Now, also the order mentions ErrEmision R-9 (transfer without inputs) — covered. R-6, R-7 — covered.

Let me also cover **ErrSaldo "depósito que no cuadra"** in both phases — B3. And **retiro mayor que activo** — B4. And **liberación mayor que lo vencido** — B5. And **importe 0 R-8** — B6a-d. And **transferencia sin salidas R-9** — B2. Good.

Now, the **"misma entrada dos veces en dos txs del mismo bloque"** — C2. **"gasto de una salida ya gastada"** — C3. Good.

Now let me also think about the **"liberación antes de R_slots"** case count. B7 requires a garantía with activo>=1 and en_retirada empty at the block's parent. For PoST blocks, key1 often has en_retirada non-empty (from the base chain retiro). But after liberación in the base chain, en_retirada may become empty. Let me just add B7 whenever such g exists. Also add a variant using a key with no garantía but including a deposit first? Hmm. To ensure ≥30, I can also construct B7 as: same block [cb, tx_deposito from a spendable key1 UTXO to key1 (making activo), tx_retiro(key1,1,key1), tx_liberacion(key1,1,key1)]. But deposit may be pending if M_dep_slots>0 → no activo. Hmm.
   Alternative for B7: if key1 has activo>=1 but en_retirada non-empty, first tx_retiro would give ErrRetiroPendiente. Not B7.
   Let me count B7 availability: For each PoST parent, check for a g with activo>=1 and en_retirada empty. In punto1 PoST parent: key1 activo=9, en_retirada 0 → yes. In 4096 PoST parents: after extender_post, key1 en_retirada sometimes 0. Let me check: base PoST states for 4096 with seed 7: after terminal, en_retirada=1; extender_post does retiro if activo>q and then liberación when vencido. Let me not rely; the generator will find whichever states allow. Across 9 PoST blocks, likely several allow B7. But to be safe, I'll add B7 for **all** gkeys with activo>=1 and en_retirada empty. Plus, if none, skip. To boost the count, I can use the G2-style prefix where we control state. Actually, since ErrSaldo already has tons of cases, B7 doesn't need to hit 30 by itself (it's a sub-case of ErrSaldo). The family ErrSaldo count is what matters. So fine.

Similarly for D1/D2 (ErrRetiroPendiente), need ≥30. D1 needs en_retirada non-empty; the terminal block's state has en_retirada (from the retiro at H_corte_min). So the **transition block** parent (terminal) has en_retirada → D1 works for the transition block of every point. Also later PoST states may have en_retirada. D2 (same-block) needs activo>=2 and en_retirada empty; available in many states. So ErrRetiroPendiente should reach ≥30 (2 recipes × 9 PoST blocks × maybe 1 = ~18). Hmm, might be short. Let me add more: D1 for each g with en_retirada non-empty (key1, maybe key2), and D2 for each g with activo>=2. Also PoW blocks can host D2 (retiro allowed in PoW). For 4096/8192 PoW parent states have garantías with activo>=2 (key1). So D2 in PoW too. That adds ~15. Should exceed 30. Good.

Similarly ErrDobleGasto, ErrAutorizacion, ErrInmaduro, ErrEmision, ErrOperacionFase, ErrSaldo, ErrGarantia should all exceed 30.

Hold on — `ErrOperacionFase` (H1/H2) only in PoW. PoW blocks: for punto1, 1 (h=2 parent h=1); for 4096/8192, 7 each → total 15 blocks × 2 recipes = 30. Exactly 30. To be safe, add H3 (evidencia alone) and H4 (liberacion alone) → 4 per block → 60. But wait, blocks without a coinbase: H4 = [tx_liberacion(1,1,1)] → `aplicar_txs!` ncb=0, processes liberación → ErrOperacionFase. Good. H3 = [tx_evidencia(1)] → ErrOperacionFase. These are fine. So 4 recipes per PoW block.

But actually, the "both phases when applicable": ErrOperacionFase is only PoW (evidencia/liberación in PoW). In PoST, liberación is valid and evidencia is ErrFueraDeAlcanceV0. So "when applicable" = PoW only. Good.

Now `ErrEmision`: R-6 and R-9 in both phases, R-7 PoW. Per block: ~3. PoW blocks 15 + PoST blocks 9 = 24 blocks × ~2.5 = 60. Good.

Now `ErrGarantia`: G1 × 9 PoST blocks × ~5 keys = 45, plus G2. Good.

Now `ErrInmaduro`: F1/F1b/F3 in PoW (15 blocks × 2-3) + F2 PoST (~9) → >30. Good.

Now `ErrAutorizacion`: E1,E2,E3 (both phases) + E4 (PoST) → lots. Good.

Now let me reconsider **whether the generated negative block's `RES` will indeed be the expected error** and not something else. The main risks:
- For PoW, `aplicar_pow!` requires `E.terminal == -1`. Are all the parent states we use terminal-free? For a PoW block Bk in the base chain, Ep = state after Bk's predecessor. The base chain is linear and terminal occurs at the last PoW block (the terminal). For the terminal block itself, Ep is terminal-free. For earlier PoW blocks, also terminal-free. Good. So every PoW block's parent is terminal-free. ✓.
- But wait: `construir_poW` breaks at terminal, so the terminal block is the last PoW. Its parent is terminal-free. ✓.
- For a PoST block Bk (transition), Ep is the terminal state (FasePoW, terminal set). `aplicar_post!` transition branch: `E.terminal != -1` ✓, `B.padre == E.terminal` — is B.padre == terminal id? The base chain: terminal block is the last PoW; the first PoST block's padre is the terminal id. ✓. `B.slot>=1` ✓ (slot=1). Then sets fase PoST. Good.
- For subsequent PoST blocks, Ep.fase == FasePoST and B.slot = Ep.slot+1 > Ep.slot ✓.
- `B.peso>=1` ✓.
- productor garantía: for recipes not targeting ErrGarantia, productor=1 which has activo>=q? In the terminal state, key1 activo should be >= q (since phi true). In later PoST states, key1 activo might drop below q after retiros. Hmm. For the base chain, retiros are small (1) and liberaciones restore UTXO but activo decreases. Let me check: in the base chain, key1 activo stays large (14, 34...). For punto1, activo 9. So productor=1 qualifies. But in some states, key1 might have activo=0 after a big retiro? The generator's retiros are importe 1. So activo stays >0 unless q large. For 4096 q=5: terminal activo=14; after retiro 1 → 13; extender_post may retiro and liberate; activo stays >5. Let me not assume; I'll **verify** each case and skip those where the productor garantía fails (i.e., where the oracle returns ErrGarantia instead of the expected tx error). But that could cause a mismatch. Better: when generating a recipe that requires a valid productor, check `activo_de(Ep,1) >= P.q`; if not, skip the recipe (or use a qualified productor). I'll add a guard: for PoST recipes other than G1/G2, require that key1 qualifies; else skip. Good.

- For PoW recipes, no garantía prerequisite.

Now, another risk: For PoST recipes, `aplicar_post!` calls `promover!(E, B.slot, true)` before the garantía check. Promotion could add activo (if a pending matures at this slot). That's fine.

Now, the **ErrGarantia G1**: I filter productores with activo<q at Ep. But `promover!` at B.slot might promote a pending deposit and raise activo>=q! Then the expected ErrGarantia wouldn't occur. To be safe, choose productor keys with **no pendientes/creditos** that could mature, or verify. Actually, `promover!` only promotes if `madura_en_slot <= punto`. For a fresh key with no entries, nothing. Use keys 3,4,5,7,9999 which have no garantía at all → activo 0, no pending → ErrGarantia guaranteed. For key2 (which may have activo/pending), only use if activo<q and no pending maturing. I'll just use keys with no garantía to be safe, and pick many distinct fresh keys. That gives 5 per PoST block. To demonstrate "pending deposit used to produce", use G2.

Now G2 construction: I'll write `casos_garantia_pendiente(P, pref, Ep, Bk)` for PoST blocks. But it needs to build V0, V1 and B. Let me implement it as a separate function called for the **transition PoST block** (or any PoST block) when the parent has a spendable key1 output with valor>=2.

Construction:
- parent = Ep, prefijo0 = pref, tip = last(pref).
- V0: PoST block at slot0 = (Ep.fase==FasePoW ? 1 : Ep.slot+1), productor=1, peso=1, txs=[tx_coinbase_post(3), tx_transferencia([o1.id], [Salida(k1, 1, K, OrigenTx,-1,-1)], o1.dueño)] where K = 2 (or any fresh key != 1), o1 spendable owned by 1, valor>=2. This is valid (need to verify: transfer vs=1<=ve, owner matches, spendable). Then state E1.
- V1: PoST block at slot0+1, productor=1, txs=[tx_coinbase_post(3), tx_deposito([k1], K, 1, K)] → creates pending deposit for K (requires M_dep_slots>=1; if 0 it becomes active; still, if it becomes active then K has activo=1 which might be <q (q>=1 → 1>=q only if q=1). For q=1, activo=1 would qualify, so no ErrGarantia. Hmm. So for q=1 points, M_dep_slots=1>0 so it stays pending anyway. For M_dep_slots=0 (does any default point have that? M_dep_slots ∈ {1,2} in the reduced grid, so min 1). Good, always pending.
  Wait, is `M_dep_slots` ever 0? The grid has M_dep_s in [1,2] for reducida. So >=1. Good.
- B (negative): PoST at slot0+2, productor=K, txs=[tx_coinbase_post(3)] → activo(K)=0 < q → ErrGarantia.
- Ensure all V0, V1 are valid by oracle check; if not, skip. Since these are constructed carefully, should be valid.

But wait: `tx_deposito([k1], K, 1, K)` requires the input k1 (the transfer output) to be spendable and owned by K. It was created in V0 at slot0; `creada_en_slot = slot0` (OrigenTx). `gastable` for OrigenTx returns true always. Good. Also firmante==clave=K. Good.

Now, V0's transfer: it must not create value; vs=1<=ve=o1.valor. Good.

Then the story for the G2 case is `prefijo0 + [V0, V1, B]`. The exporter writes all blocks and RES; V0/V1 should be OK, B = ErrGarantia. Good.

But the **format's `RES`** for prefix blocks is computed via `construir_validos`, which recomputes; fine.

Now I realize there may be an issue: `tx_coinbase_post(3)` in V0, V1, B credits the **productor**, not a fixed key. For V0/V1 productor=1 → credits key1. For B productor=K → the credit is created only if the block succeeds; it errors at garantía, so no credit. Fine.

Now, another concern: The subsidy check `Int128(coinbase_pagada) <= subsidio + tarifas`. For PoST `subsidio_post = 3`, coinbasepost(3) → OK.

Now, let me also think about **duplicate output ids** in the format. Each case is independent, so id collisions across cases don't matter. Within a block, ids must be unique. I'm using 920000+ increments per case.

Now, let me write the code. I'll also add a function `casos_negativos(P; ...)` that assembles all cases for a point, and `puntos_por_defecto_neg()` returning the 3 points.

Let me be careful about performance: each case verification calls `aplicar(Ep, B, P)` and later `escribir_caso` calls `construir_validos` (which re-applies the prefix) + `seleccionar` (re-applies again). With ~400 cases and prefixes up to ~11 blocks, that's trivial.

Let me now write the generator file. I'll aim for clarity.

Actually, one more thought: the order says "con el error esperado construido a mano". To make this explicit, I'll define a named error per recipe and a comment. Good.

Let me also decide the **case naming** to encode family+subcase+phase+point, e.g.:
`neg-saldo-transfer-valor-pow` and maybe include point. The `nombre` field in the format has no spaces. I'll use names like `S1`, `S2`, ... mapping to the sub-cases, since names must be space-free. Let me use descriptive hyphenated names: `neg-saldo-transfer-valor`, etc. The point is in `punto=`. Fine.

Now let me write `src/generadores_negativos.jl`.

I'll define struct `CasoNegativo` with fields `nombre`, `esperado::Err`, `bloques::Vector{Bloque}` (the full story, prefix+negative). Then the exporter just writes `c.bloques`. Actually simpler: store the story directly.

Let me define:
```julia
struct CasoNegativo
    nombre::String
    esperado::Err
    fase::Symbol        # :PoW o :PoST, para el recuento
    familia::String     # "Saldo", ...
    bloques::Vector{Bloque}
end
```

Then `casos_negativos(P)` returns `Vector{CasoNegativo}`.

Let me write helper `mk_caso(nombre, esperado, familia, pref, Bk, Ep, P, txs; productor=1, peso=1)` that builds B and the story. Actually building B requires knowing the tip. Let me write:

```julia
function bloque_neg(P, pref, Ep, Bk, txs; productor = 1, peso = 1)
    tip = last(pref).id
    idb = tip + 1
    if Bk.familia == PoW
        return gen_pow(id = idb, padre = tip, altura = Ep.altura + 1,
                       txs = txs, trabajo = 1, pow_ok = true)
    else
        slot = Ep.fase == FasePoW ? max(Ep.slot + 1, 1) : Ep.slot + 1
        return gen_post(id = idb, padre = tip, slot = slot, productor = productor,
                        peso = peso, sector = 0, txs = txs)
    end
end
```
Wait, for the transition block Ep.slot=0 → max(1,1)=1. Good. For a PoST parent Ep.slot>=1 → Ep.slot+1.

Now, the story = vcat(pref, [B]). But `pref` is a slice of the base chain; it's a new vector. Fine.

Now, for `esperado` verification, the exporter will call `aplicar(Ep, B, P)`. But `CasoNegativo` doesn't store Ep. The exporter can recompute Ep as `construir_validos(story, P)`? That would give the state for the prefix. Actually simpler: the exporter can verify by using `construir_validos(story, P)`: for the last block B, if not in memo, apply on memo[B.padre]. But that's what `res_por_bloque` does. To verify the hand-built expected error, I can compute `res_por_bloque(story, P)[B.id]` and compare to `string(esperado)`. That's exactly what T01-B did. Good; no need to store Ep. But I do want an explicit oracle check. I'll do it in the exporter.

Now, the story must be a single linear chain. `pref` from the base chain is linear. For G2, pref is `vcat(pref0, [V0, V1])` where V0.padre=tip0, V1.padre=V0.id, B.padre=V1.id. Linear. Good.

Let me now write the code. I'll write it carefully.

One more consideration: `gen_post` requires `sector` default 0; in SEC0 ignored. Good.

Let me also double check `tx_deposito(entradas, clave, importe, firmante)` — signature is `tx_deposito(entradas::Vector{Int}, clave::Integer, importe::Integer, firmante::Integer)`. Good.

`tx_transferencia(entradas::Vector{Int}, salidas::Vector{Salida}, firmante::Integer)`. Good.

Now let me write the file.

Actually, let me reconsider the base chain and states: I need the base chain to include the terminal PoW block and PoST blocks. `construir_poW` returns `bloques, estados, next_id, out_id, prod`. Then `extender_post(rng, P, bloques, estados, next_id, out_id, prod; max_post=3)` returns updated. But for multiple seeds, `construir_poW` may produce slightly different structures. I'll use a fixed seed per point to be deterministic. Let me use seed = 707 (or the same for all). Actually, to have variety, I'll use a few seeds per point and concatenate cases (each seed's chain is independent). But that reduces determinism? No, fixed seeds are deterministic. More seeds → more cases. But each chain must reach terminal. Let me use seeds [707, 808, 909] per point and generate cases for each. That triples the case count and provides variety. But some seeds might not reach terminal (if construir_poW doesn't hit terminal within hasta=9). For the 3 points, seed 7 reached terminal. Let me test a few seeds. Actually, `construir_poW` with `depositar=true` and `retirar_en=H_corte_min` should reach terminal for these points because phi becomes true. The `retirar_en` only matters at H_corte_min. Let me verify with a couple seeds in code; if a chain lacks terminal, I'll still generate PoW cases from it and skip PoST.

Let me now write the generator and a debug export. Given the complexity, I'll iterate.

Let me write `src/generadores_negativos.jl`.

I'll structure:

```julia
# T01-C — generadores de casos negativos de transacción.
# ... comments ...

const ID_NEG = 900_000

salida_neg(id, valor, dueño) = Salida(Int(id), UInt64(valor), Int(dueño), OrigenTx, -1, -1)

activo_de(E, k) = haskey(E.garantias, k) ? E.garantias[k].activo : UInt64(0)

function punto_neg(P, B)
    return B.familia == PoW ? B.altura : B.slot
end

function fase_aplicacion(Ep, Bk)
    return Bk.familia == PoST ? FasePoST : FasePoW
end

function gastable_neg(Ep, o, P, Bk)
    return gastable_en(o, fase_aplicacion(Ep, Bk), Ep.altura_terminal, Ep.s0, P,
                       punto_neg(P, Bk))
end

function gastables_neg(Ep, P, Bk)
    os = Salida[]
    for (_, o) in Ep.utxo
        gastable_neg(Ep, o, P, Bk) && push!(os, o)
    end
    return sort(os, by = o -> o.id)
end

function inmaduros_neg(Ep, P, Bk)
    os = Salida[]
    for (_, o) in Ep.utxo
        o.origen == OrigenCoinbasePow || continue
        gastable_neg(Ep, o, P, Bk) || push!(os, o)
    end
    return sort(os, by = o -> o.id)
end
```

Then `bloque_neg`.

Then `struct CasoNegativo`.

Then `casos_bloque(P, pref, Ep, Bk)` returning `CasoNegativo[]`.

I'll implement a small closure `agrega!(casos, nombre, familia, esperado, txs; productor=1, peso=1, prefijo=pref)`.

Let me write it now. I'll handle each family.

For output ids, I'll use a local counter seeded from a deterministic number based on the tip id to avoid collisions:
```
oid = Ref(900000 + 37 * (last(pref).id))
nuevo() = (oid[] += 1; oid[])
```
Fine.

Let me now write the whole file.

Also, for the `gastados` set:
```
function ids_gastados(pref)
    s = Set{Int}()
    for b in pref, tx in b.txs, e in tx.entradas
        push!(s, e)
    end
    return s
end
```

Now, the recipes. Let me write them.

```julia
function casos_bloque(P, pref, Ep, Bk)
    casos = CasoNegativo[]
    es_pow = Bk.familia == PoW
    fase = es_pow ? "PoW" : "PoST"
    pt = punto_neg(P, Bk)
    sp = gastables_neg(Ep, P, Bk)
    inm = inmaduros_neg(Ep, P, Bk)
    gkeys = sort(collect(keys(Ep.garantias)))
    gastados = ids_gastados(pref)
    oid = Ref(900000 + 37 * last(pref).id)
    nuevo() = (oid[] += 1; oid[])
    cb_tx() = es_pow ? tx_coinbase([salida_neg(nuevo(), 10, 1)]) : tx_coinbase_post(3)
    prod_ok = activo_de(Ep, 1) >= UInt64(P.q)

    function agrega(nombre, familia, esperado, txs; productor = 1, peso = 1, prefijo = pref)
        B = bloque_neg(P, prefijo, Ep, Bk, txs; productor = productor, peso = peso)
        push!(casos, CasoNegativo(nombre, esperado, fase, familia, vcat(prefijo, [B])))
        return nothing
    end
    ...
```

Wait, for G2 the prefix is different and Ep changes; I'll handle G2 outside this function with its own builder.

Let me now write the recipes:

```julia
    # ---- ErrEmision ----
    if es_pow
        agrega("neg-emision-r7-coinbase-vacia", "Emision", ErrEmision,
               [tx_coinbase(Salida[])])
        txs6 = sp_any = isempty(sp) ? Int[] : [sp[1].id]
        agrega("neg-emision-r6-coinbase-no-primera", "Emision", ErrEmision,
               [tx_transferencia(isempty(sp) ? Int[] : [sp[1].id],
                                 [salida_neg(nuevo(), 1, 1)], 1),
                tx_coinbase([salida_neg(nuevo(), 10, 1)])])
    else
        agrega("neg-emision-r6-coinbase-no-primera", "Emision", ErrEmision,
               [tx_transferencia(isempty(sp) ? Int[] : [sp[1].id],
                                 [salida_neg(nuevo(), 1, 1)], 1),
                tx_coinbase_post(3)])
    end
    agrega("neg-emision-r9-transfer-sin-entradas", "Emision", ErrEmision,
           [cb_tx(), tx_transferencia(Int[], [salida_neg(nuevo(), 1, 1)], 1)])
```

Hmm wait, for the R-6 transfer first tx with `sp[1].id` — that tx is never processed (R-6 error preempts), so it doesn't matter. But for PoST, if sp[1] is empty list, the transfer has no entradas; that's fine because R-6 preempts. Good.

Wait, R-9: `[cb_tx(), tx_transferencia(Int[], [salida], 1)]`. For PoST, `aplicar_post!` requires prod_ok; if not prod_ok, returns ErrGarantia. So only add R-9 if prod_ok (for PoST). For PoW, no constraint. So guard PoST recipes with prod_ok. Let me wrap all non-Garantia PoST recipes under `if !es_pow && !prod_ok` skip. Actually simpler: at the top, `if !es_pow && !prod_ok` return early (only G1 handled separately outside). But some PoST recipes could still be generated with a qualifying productor. If prod_ok false, skip all tx recipes. I'll do: `if !es_pow && !prod_ok; return casos; end` after computing. But G1 (ErrGarantia) is generated by the caller, not here. Good.

Hmm, but `prod_ok` uses `activo_de(Ep,1) >= q`. For the transition block, `aplicar_post!` calls `promover!` first, which may raise activo. So `prod_ok` might be false before promotion but true after. To be safe, compute prod_ok as: activo after promotion. Hard. Let me instead use productor = a key that definitely qualifies after promotion at B.slot. Simplest: compute `activo_promovido = activo_de(clon promoted Ep)`. But that's complex. Alternatively, just verify each case with the oracle and skip mismatches. Since mismatches would be ErrGarantia instead of the intended error, I can detect and skip. But then I lose cases. Given the base chain, key1 activo is likely >= q after promotion. Let me just verify and see; if prod_ok is false for some PoST parents, skip. I'll implement the exporter to verify and count mismatches; if a PoST case gives ErrGarantia instead of expected, that's a mismatch and I'd rather not generate it. To avoid, I'll compute prod_ok conservatively: simulate promotion.

Actually, I can compute the state after `promover!` easily: `E2 = clonar(Ep); promover!(E2, slot, true); activo_de(E2,1) >= q`. Use that. Let me define `prod_ok_en(P, Ep, slot)`. But `promover!` mutates; clone. Good.

But careful: promotion in the base chain already happened when the PoST block was applied, so Ep already reflects promotions up to Ep.slot. At the new slot (Ep.slot+1), a pending maturing at exactly that slot would promote. So cloning and promoting at B.slot is accurate.

Let me define:
```julia
function activo_en_punto(Ep, P, slot, k)
    E2 = clonar(Ep)
    promover!(E2, slot, true)
    return activo_de(E2, k)
end
```
Wait, `promover!` signature is `promover!(E, punto, es_post)`. Good.

Then `prod_ok = activo_en_punto(Ep, P, slot_b, 1) >= q`. I need `slot_b` = the negative block's slot. For the transition block, slot=1 (or max(Ep.slot+1,1)); for a PoST parent, Ep.slot+1. Compute in `casos_bloque`.

Hmm, but the recipes for PoW blocks don't need this. Fine.

OK, let me continue writing recipes.

Given the length, let me just write the file and then debug via running.

Let me define an `agrega` that also records the phase. For PoST, `fase="PoST"`.

Let me also record `familia` for the report (the order's family heading): "Saldo", "DobleGasto", "RetiroPendiente", "Autorizacion", "Inmaduro", "Garantia", "Emision", "OperacionFase". I'll set it per recipe. `esperado` gives the error.

Now let me write the recipes fully.

Let me also make sure to generate the "importe 0" variants for both phases. For B6a/B6d PoST only.

Let me write B3 (depósito descuadre) with `Int(o.valor)+1`. If `o.valor` is 0? Not in our chains. But to be safe `max(Int(o.valor)+1, 1)`.

Let me write everything now.

One more: for `C3` (spent id), `gastados` includes ids consumed. But it also includes ids consumed in the **current** base chain that might be re-created? No re-creation. An id in `gastados` and not in Ep.utxo is spent. Let me compute `spent = [id for id in gastados if !haskey(Ep.utxo, id)]`. Use sorted. Take first.

Now, `C3` transfer: `tx_transferencia([id], [salida_neg(nuevo(),1,1)], 1)`. `aplicar_txs!` pre-check: ve loop get → nothing → ErrDobleGasto. Good. For deposito variant: `tx_deposito([id], 1, 1, 1)` → `aplicar_deposito!` importe 1 !=0, firmante==clave, H_dep maybe, consumir → get nothing → ErrDobleGasto. If H_dep not met in PoW → ErrDepositoTemprano. So guard `pt >= H_dep` for the deposito variant in PoW.

Now, let me write the G2 function.

```julia
function casos_garantia_pendiente(P, pref0, Ep0, Bk0)
    # Busca una salida gastable de la clave 1 con valor >= 2.
    sp = [o for o in gastables_neg(Ep0, P, Bk0) if o.dueño == 1 && o.valor >= 2]
    isempty(sp) && return CasoNegativo[]
    o1 = sp[1]
    tip0 = last(pref0).id
    K = 2
    # V0: transferencia válida 1 brek a K
    slot0 = Ep0.fase == FasePoW ? 1 : Ep0.slot + 1
    k1 = 930000 + tip0
    V0 = gen_post(id = tip0 + 1, padre = tip0, slot = slot0, productor = 1, peso = 1,
                  sector = 0, txs = [tx_coinbase_post(3),
                                     tx_transferencia([o1.id],
                                        [salida_neg(k1, 1, K)], o1.dueño)])
    E0 = aplicar(Ep0, V0, P)
    E0 isa Err && return CasoNegativo[]
    # V1: depósito pendiente de K
    V1 = gen_post(id = V0.id + 1, padre = V0.id, slot = slot0 + 1, productor = 1,
                  peso = 1, sector = 0,
                  txs = [tx_coinbase_post(3), tx_deposito([k1], K, 1, K)])
    E1 = aplicar(E0, V1, P)
    E1 isa Err && return CasoNegativo[]
    # B: productor K sin garantía activa (solo el pendiente)
    B = gen_post(id = V1.id + 1, padre = V1.id, slot = slot0 + 2, productor = K,
                 peso = 1, sector = 0, txs = [tx_coinbase_post(3)])
    return [CasoNegativo("neg-garantia-deposito-pendiente", ErrGarantia,
                         "PoST", "Garantia", vcat(pref0, [V0, V1, B]))]
end
```
Wait: `E0 = aplicar(Ep0, V0, P)` — `Ep0` might be FasePoW (transition) or FasePoST. `aplicar` handles. Good. But `o1` must be spendable under V0's application phase. `gastables_neg` used Bk0's phase; if Bk0 is the transition block, phase PoST; V0 is also PoST at slot0. Good. For a later PoST block, also fine.

But careful: Bk0's slot might be Ep0.slot+1, and slot0 = Ep0.slot+1 too. Good. But if Bk0 is a PoW block? G2 only for PoST blocks, so Bk0.familia==PoST.

Also, `tx_coinbase_post(3)` in V0/V1 credits productor=1, adding to key1's creditos (pending, M_rec_slots). Fine.

Now, `k1` output id must not collide with Ep0.utxo. 930000+ is safe.

Now, the story `pref0 + [V0,V1,B]` must be linear and valid. V0.padre=tip0, V1.padre=V0.id, B.padre=V1.id. Good.

Now, the caller `casos_negativos(P)`:
```julia
function casos_negativos(P; seeds = [707, 808, 909], max_post = 3)
    casos = CasoNegativo[]
    for seed in seeds
        base = cadena_base(P, seed; max_post = max_post)
        base === nothing && continue
        bloques, estados = base
        for k in 2:length(bloques)
            Ep = estados[k-1]
            Bk = bloques[k]
            pref = bloques[1:k-1]
            append!(casos, casos_bloque(P, pref, Ep, Bk))
            # G1: productores sin garantía
            append!(casos, casos_garantia_insuficiente(P, pref, Ep, Bk))
            # G2
            if Bk.familia == PoST
                append!(casos, casos_garantia_pendiente(P, pref, Ep, Bk))
            end
        end
    end
    return casos
end
```

`cadena_base`:
```julia
function cadena_base(P; seed, max_post = 3)
    retirar = 9 >= P.H_corte_min ? P.H_corte_min : -1
    tb = construir_poW(StableRNG(seed), P; hasta = 9, depositar = true,
                       transferir = false, retirar_en = retirar)
    bloques, estados = tb[1], tb[2]
    E = estados[end]
    if E.terminal != -1
        post = extender_post(StableRNG(seed + 1), P, bloques, estados, tb[3],
                             tb[4], tb[5]; max_post = max_post)
        bloques, estados = post[1], post[2]
    end
    return bloques, estados
end
```

Hmm, `construir_poW` with `retirar_en=H_corte_min`: at h==H_corte_min, the retiro is attempted only if `g.activo >= q`. For 4096, at h=7 deposit makes activo 14 >= 5. Good. For punto1, at h=2 activo 10 >= 1. Good. For seed variation, deposits may differ slightly, but should be fine.

Now `casos_garantia_insuficiente`:
```julia
function casos_garantia_insuficiente(P, pref, Ep, Bk)
    Bk.familia == PoST || return CasoNegativo[]
    out = CasoNegativo[]
    for K in (3, 4, 5, 7, 9999)
        # solo si K no tiene garantía activa ni pendientes que maduren ahora
        activo_de(Ep, K) == 0 || continue
        # el bloque no procesa txs por el error de garantía
        B = bloque_neg(P, pref, Ep, Bk, [tx_coinbase_post(3)]; productor = K)
        push!(out, CasoNegativo("neg-garantia-sin-activo", ErrGarantia, "PoST",
                                "Garantia", vcat(pref, [B])))
    end
    return out
end
```
Wait, `activo_de(Ep,K)==0` but `promover!` might create activo from a pending credit. For K in (3,4,5,7,9999), no garantía at all, so nothing. Good. But to be safe, check `!haskey(Ep.garantias, K)` or all zero. Use `activo_de(Ep,K)==0 && (no pendientes/creditos)`. Since fresh keys, fine.

Now, I realize `casos_bloque` early-returns if `!es_pow && !prod_ok`. Let me include that.

Let me now also double check the `R-6` PoST recipe: `[tx_transferencia(...), tx_coinbase_post(3)]`. `aplicar_txs!` counts ncb=1, idx=2 → ErrEmision. Good, before processing. But `aplicar_post!` checks prod_ok and slot/peso before `aplicar_txs!`. So need prod_ok. Guarded.

Now, for PoW `sp` might be empty (e.g., parent genesis state has no UTXOs). For the h=1 block of punto1, parent is genesis with no UTXOs. Recipes requiring sp will be skipped (via `isempty` checks). But recipes like B4 (retiro) don't need sp. B6b/c don't need sp. H1/H2 don't need sp. A1/A2/A3 don't. So still some cases. Good.

Now, let me write the full file. I'll be verbose but careful.

Let me also add a helper to build the story's `B` and then verify. Actually verification in the exporter.

Let me write.

Actually, I realize I should double-check the behavior of `gen_post` in a PoW-parent transition: `aplicar_post!` requires `B.padre == E.terminal`. Our `bloque_neg` uses `tip = last(pref).id`. For the transition block Bk, `pref = bloques[1:k-1]` and `last(pref)` is the terminal block. So B.padre == terminal. Good.

Now, one concern: In `cadena_base`, after `extender_post`, the `estados` vector is extended. For `k` corresponding to a PoST block, `Ep = estados[k-1]`. Good.

Now let me write the file.

Let me also handle the case where `construir_poW` doesn't reach terminal: then no PoST blocks; PoW cases only.

Let me write it.

Also: the order's required families include "ErrInmaduro (... depósito pendiente usado para producir ⇒ ErrGarantia aparte)". I'm covering ErrGarantia with G1 + G2. Good.

Let me write the code now.

For the exporter, I'll write `exportar_negativos.jl` that:
- uses Transicion
- defines render functions (copied)
- `main()`:
  - parse args (--fecha, --salida, --contrato, --seeds?)
  - puntos = [1, mid, last] of default points
  - for each punto, `casos = casos_negativos(P)`
  - verify each case: `resmap = res_por_bloque(c.bloques, P); got = resmap[last_id]; got == string(c.esperado)`. Collect mismatches.
  - if mismatches > 0, print and exit 1 (or still write? The order wants confirmed cases). I'll abort if any mismatch, so I can fix.
  - write header + cases.
  - compute sha, write `.sha256` with `<hash>  resultados/vectores-transicion-negativos-v0.txt`.
  - print count table by error and by family and by phase.

But careful: `res_por_bloque` recomputes `construir_validos` for each case; with ~1000 cases, each small, fine.

Actually, verifying `got == string(c.esperado)` where `got = resmap[B.id]`: for a valid negative block, `B.id` not in memo (invalid), and `res_por_bloque` applies on parent → the error. Good. But if the prefix itself is invalid (bug in construction), the RES might be ErrSinPadre or something. The check catches it.

Let me now also think: The order requires the **error expected written by hand and confirmed by the oracle**. I'll add an explicit assertion in the generator? No — the exporter's verification does it. Good.

Let me write the generator file now.

I need to be careful with Julia syntax. Let me write and then run a quick test.

Let me write `src/generadores_negativos.jl`.

I'll include it in Transicion.jl after generadores.jl.

Let me write the whole thing.

Regarding `Salida` id: `crear_utxos!` uses `s.id in vistos`. Our ids 900000+ are unique per case. Good.

Let me consider the `agrega` closure capturing `pref`, `Ep`, `Bk`, `P`, `casos`. In Julia, nested closures are fine.

Let me write the code.

Also note: `Err` comparison `r == c.esperado` uses enum equality. Good.

Now, the phase string: `es_pow ? "PoW" : "PoST"`.

Let me write.

Actually, I want to double-check one thing about `aplicar_txs!` and the coinbase: For PoW, `cb_tx()` uses `tx_coinbase([salida_neg(nuevo(), 10, 1)])`. The subsidy is `subsidio_pow=10`. coinbase_pagada=10 <= 10 + tarifas. Good. For cases with transfers that create tarifas, still fine.

For B1 (transfer creates value), `aplicar_txs!` processes coinbase first (adds UTXO), then the transfer: R-9 checks pass (entradas non-empty, salidas non-empty), ve computed, vs>ve → ErrSaldo. Good. Note: coinbase output id `nuevo()` and the transfer output id `nuevo()` are distinct. Good.

For B2 (transfer no salidas): R-9 `isempty(salidas)` → ErrSaldo. Good.

Now, an important subtlety: In `aplicar_txs!`, the transfer pre-check `vs <= ve` uses `ve` computed from entradas that must exist; if `o` is not in E.utxo (e.g., we used a stale output), it returns ErrDobleGasto instead of ErrSaldo. Since we choose `sp` from Ep.utxo at the correct point, and the block's coinbase doesn't remove them, they exist. Good.

Now, let me write.

Let me also make sure the `CasoNegativo` struct is defined before use and exported? The exporter uses it; since it's in the module, it needs to be exported or accessed as `Transicion.CasoNegativo`. I'll export it.

Let me write the file now.
dsh: reasoning:
Good, entrada OK. Now let me check FORMATO-v0.md quickly for any constraints on vector format / error names. But T01-C says same format as T01-B, so probably not needed. Let me grep for the relevant error names in FORMATO-v0 to ensure our error names map correctly (e.g., ErrForma(ImporteCero)). But the oracle uses its own names; reader uses those. Fine.

Now, let me create the goal and todo list, then write the generator.

Actually, let me reconsider whether to create a goal. This is a long-running objective. I'll create it.

Let me set up the todo list.

Let me now write the generator file. I'll be thorough.

I need to re-read Transicion.jl before editing to add the include. I already read it. The edit tool requires reading first — done.

Let me write `src/generadores_negativos.jl`.

Let me carefully write it.

One more design detail: The order says "en ambas fases cuando aplique". I should also make sure that for each family, we have PoW and PoST cases. Let me generate and then check counts per (family, phase).

Let me write the code now. I'll include a `resumen_negativos(casos)` helper for counts.

Let me write.

I'll also add a function `casos_negativos(P; seeds)`.

For robustness, the base chain seeds: let me use `[707, 808, 909]`. But I'll first test with one seed.

Let me write the file.
dsh: reasoning:
Now let me report the "falta de definición" before editing. The instruction says: "Si detectas una falta de definición, infórmala antes de editar." I should state it now in my response and then proceed. There are a few interpretation points; I'll state them and proceed (none blocking). Then write the code.

Let me state them succinctly:
1. "liberación antes de R_slots": the order itself delegates the error to the oracle; the oracle gives ErrSaldo (vencido=0 → importe>vencido). I'll declare it.
2. Counting unit: "familia" = error name; I'll count by RES error and also report per sub-case. 
3. "varios puntos de la rejilla por defecto": I'll use the same three points as T01-B (indices 1, 4096, 8192 of the 8192 points with default interfaces).
4. sha256sum naming: I'll use `resultados/vectores-transicion-negativos-v0.txt` as `<nombre>` so `sha256sum -c` works from T01.
5. The four PoST "importe 0" R-8 sub-cases etc.

Actually, let me reconsider #3: The order says T01-B was reviewed as having 55 directed cases in 3 points. T01-C says "en varios puntos de la rejilla por defecto". Using the same 3 points is the natural reading. Fine.

None of these are blocking. Let me inform and proceed. Given the instruction "antes de editar", I should output this info in my message before making edits. Since I'm in a single assistant turn, I'll write the message content along with the tool calls. Actually, to be safe, I'll state the findings in text, then proceed with edits in the same turn. That satisfies "informarla antes de editar" (the text precedes the tool calls in the same message).

Now let me write the generator.

Let me draft the file content.

I need to double-check `tx_coinbase_post` import name. Yes.

Let me write carefully. I'll produce the file.

```julia
# generadores_negativos.jl — T01-C
#
# Generadores de casos negativos de TRANSACCIÓN (ORDEN-T01-C §3.2). Cada caso
# lleva el error esperado escrito a mano (campo `esperado`) y se confirma contra
# el oráculo en `exportar_negativos.jl` antes de escribirlo. No modifica ninguna
# semántica: solo construye bloques sobre estados válidos de T01.

const FAMILIA_SALDO = "Saldo"
...
```

Actually let me use plain strings inline.

Let me write out the whole file.

For the `agrega` closure, since Julia closures capture variables, and `pref` is a parameter, fine.

Potential issue: `sort(collect(keys(Ep.garantias)))` returns Vector{Int}. Good.

Let me write.

I'll define `CasoNegativo` struct:
```julia
struct CasoNegativo
    nombre::String
    esperado::Err
    fase::String
    familia::String
    bloques::Vector{Bloque}
end
```

Now `bloque_neg`:
```julia
function bloque_neg(P::Params, pref::Vector{Bloque}, Ep::Estado, Bk::Bloque,
                    txs::Vector{Tx}; productor::Int = 1, peso::Int = 1)
    tip = last(pref).id
    if Bk.familia == PoW
        return gen_pow(id = tip + 1, padre = tip, altura = Ep.altura + 1,
                       txs = txs, trabajo = 1, pow_ok = true)
    else
        slot = Ep.fase == FasePoW ? max(Ep.slot + 1, 1) : Ep.slot + 1
        return gen_post(id = tip + 1, padre = tip, slot = slot,
                        productor = productor, peso = peso, sector = 0, txs = txs)
    end
end
```

Now `casos_bloque`. Let me carefully write all recipes.

I'll write a helper to pick the first element or default:
```julia
primero(v) = isempty(v) ? nothing : v[1]
```

Let me now write the recipes:

```julia
function casos_bloque(P::Params, pref::Vector{Bloque}, Ep::Estado, Bk::Bloque)
    casos = CasoNegativo[]
    es_pow = Bk.familia == PoW
    fase = es_pow ? "PoW" : "PoST"
    pt = punto_neg(P, Bk)
    sp = gastables_neg(Ep, P, Bk)
    inm = inmaduros_neg(Ep, P, Bk)
    gkeys = sort(collect(keys(Ep.garantias)))
    gastados = sort(collect(ids_gastados(pref)))
    oid = Ref(900000 + 37 * last(pref).id)
    nuevo() = (oid[] += 1; oid[])
    cb() = es_pow ? tx_coinbase([salida_neg(nuevo(), 10, 1)]) : tx_coinbase_post(3)

    # productor válido de un bloque PoST (clave 1 con garantía activa)
    pslot = Ep.fase == FasePoW ? max(Ep.slot + 1, 1) : Ep.slot + 1
    prod_ok = activo_promovido(Ep, P, pslot, 1) >= UInt64(P.q)

    agrega(nombre, familia, esperado, txs; productor = 1, peso = 1) = begin
        B = bloque_neg(P, pref, Ep, Bk, txs; productor = productor, peso = peso)
        push!(casos, CasoNegativo(nombre, esperado, fase, familia, vcat(pref, [B])))
    end

    # ===== ErrEmision (R-6, R-7, R-9) =====
    if es_pow
        # R-7: coinbase PoW sin salidas.
        agrega("neg-emision-r7-coinbase-vacia", "Emision", ErrEmision,
               [tx_coinbase(Salida[])])
    end
    # R-6: única coinbase en posición distinta de la primera.
    let prev = isempty(sp) ? tx_transferencia(Int[], [salida_neg(nuevo(), 1, 1)], 1) :
                            tx_transferencia([sp[1].id], [salida_neg(nuevo(), 1, sp[1].dueño)], sp[1].dueño)
        cbx = es_pow ? tx_coinbase([salida_neg(nuevo(), 10, 1)]) : tx_coinbase_post(3)
        if es_pow || prod_ok
            agrega("neg-emision-r6-coinbase-no-primera", "Emision", ErrEmision,
                   [prev, cbx])
        end
    end
    # R-9: transferencia sin entradas.
    if es_pow || prod_ok
        agrega("neg-emision-r9-transfer-sin-entradas", "Emision", ErrEmision,
               [cb(), tx_transferencia(Int[], [salida_neg(nuevo(), 1, 1)], 1)])
    end
```

Hmm wait, `prev` for R-6 in PoST: if `sp[1]` exists, it uses a real input; the transfer is never processed, so no problem. Good.

Continue:

```julia
    if !es_pow && !prod_ok
        return casos   # el resto de recetas PoST exige productor válido
    end
```

Hmm, but G1 is separate. And the R-6/R-9 above already guarded. Let me place the early return right after the ErrEmision section. But `prev` etc. Fine.

Actually, I realize `agrega` for PoW doesn't need prod_ok. For PoST it does. Let me structure: compute `prod_ok`, and for each recipe that applies to both, guard.

Let me just write `if es_pow || prod_ok` around each such recipe, and after the ErrEmision section do `if !es_pow && !prod_ok; return casos; end`.

Now ErrSaldo:

```julia
    # ===== ErrSaldo =====
    # S1 transferencia que crea valor
    for o in Iterators.take(sp, 2)
        agrega("neg-saldo-transfer-crea-valor", "Saldo", ErrSaldo,
               [cb(), tx_transferencia([o.id],
                        [salida_neg(nuevo(), Int(o.valor) + 1, o.dueño)], o.dueño)])
    end
    # S2 transferencia con entradas y sin salidas (R-9)
    for o in Iterators.take(sp, 2)
        agrega("neg-saldo-transfer-sin-salidas", "Saldo", ErrSaldo,
               [cb(), tx_transferencia([o.id], Salida[], o.dueño)])
    end
    # S3 depósito que no cuadra
    if es_pow
        pt >= P.H_dep && for o in Iterators.take(sp, 2)
            agrega("neg-saldo-deposito-descuadra", "Saldo", ErrSaldo,
                   [cb(), tx_deposito([o.id], o.dueño, Int(o.valor) + 1, o.dueño)])
        end
    else
        for o in Iterators.take(sp, 2)
            agrega("neg-saldo-deposito-descuadra", "Saldo", ErrSaldo,
                   [cb(), tx_deposito([o.id], o.dueño, Int(o.valor) + 1, o.dueño)])
        end
    end
```

Hmm, `cond && for ... end` is valid Julia? `cond && (for ... end)` maybe needs parens. Let me use explicit if. Let me avoid clever syntax.

```julia
    if es_pow
        if pt >= P.H_dep
            for o in Iterators.take(sp, 2)
                agrega(...)
            end
        end
    else
        for o in Iterators.take(sp, 2)
            agrega(...)
        end
    end
```

Actually I can simplify: deposit descuadre works in both phases when `!es_pow || pt >= P.H_dep`.
```julia
    if !es_pow || pt >= P.H_dep
        for o in Iterators.take(sp, 2)
            ...
        end
    end
```

Good.

```julia
    # S4 retiro mayor que el activo
    for g in Iterators.take(gkeys, 2)
        agrega("neg-saldo-retiro-mayor-activo", "Saldo", ErrSaldo,
               [cb(), tx_retiro(g, Int(activo_de(Ep, g)) + 1, g)])
    end
    # S5 liberación mayor que lo vencido (solo PoST)
    if !es_pow
        for g in Iterators.take(gkeys, 2)
            v = vencido_de(Ep, g, Bk.slot, P)
            agrega("neg-saldo-liberacion-mayor-vencido", "Saldo", ErrSaldo,
                   [cb(), tx_liberacion(g, v + 1, g)])
        end
    end
    # S6 importe 0 (R-8)
    if !es_pow
        agrega("neg-saldo-r8-coinbasepost-cero", "Saldo", ErrSaldo,
               [tx_coinbase_post(0)])
    end
    agrega("neg-saldo-r8-deposito-cero", "Saldo", ErrSaldo,
           [cb(), tx_deposito(Int[], 1, 0, 1)])
    agrega("neg-saldo-r8-retiro-cero", "Saldo", ErrSaldo,
           [cb(), tx_retiro(1, 0, 1)])
    if !es_pow
        agrega("neg-saldo-r8-liberacion-cero", "Saldo", ErrSaldo,
               [cb(), tx_liberacion(1, 0, 1)])
        # S7 liberación antes de R_slots: retiro en el mismo bloque y liberación
        for g in Iterators.take(gkeys, 2)
            if activo_de(Ep, g) >= UInt64(2) && isempty(Ep.garantias[g].en_retirada)
                agrega("neg-saldo-liberacion-antes-R", "Saldo", ErrSaldo,
                       [cb(), tx_retiro(g, 1, g), tx_liberacion(g, 1, g)])
            end
        end
    end
```

Hmm, for S7 the first retiro needs `activo >= 1`; I use >=2 (for safety). The liberación then importe 1, vencido 0 → ErrSaldo. Good.

`vencido_de`:
```julia
function vencido_de(E, g, slot, P)
    haskey(E.garantias, g) || return UInt64(0)
    v = Int128(0)
    for r in E.garantias[g].en_retirada
        r.inicio_slot + P.R_slots <= slot && (v += Int128(r.importe))
    end
    return v
end
```
But `tx_liberacion` importe is UInt64; `v+1` is Int128 → convert. `tx_liberacion(g, v+1, g)` calls `UInt64(importe)` — UInt64(Int128) works if nonneg. v+1 might exceed UInt64? no. Good. Actually `tx_liberacion(clave::Integer, importe::Integer, firmante::Integer)` does `UInt64(importe)`. Int128→UInt64 conversion works. Fine. But to be safe, `tx_liberacion(g, Int(v)+1, g)`.

Now ErrDobleGasto:
```julia
    for o in Iterators.take(sp, 2)
        # D1 misma entrada dos veces en una tx
        agrega("neg-doblegasto-entrada-duplicada-tx", "DobleGasto", ErrDobleGasto,
               [cb(), tx_transferencia([o.id, o.id],
                        [salida_neg(nuevo(), Int(o.valor), o.dueño)], o.dueño)])
        # D2 misma entrada en dos txs del mismo bloque
        agrega("neg-doblegasto-entrada-dos-txs", "DobleGasto", ErrDobleGasto,
               [cb(),
                tx_transferencia([o.id], [salida_neg(nuevo(), 1, o.dueño)], o.dueño),
                tx_transferencia([o.id], [salida_neg(nuevo(), 1, o.dueño)], o.dueño)])
        # D3 salida ya gastada
        ...
    end
```
Wait, D2's first transfer spends o. But `o` is used in D1 too; each case is independent. Fine.
D3 uses `gastados`:
```julia
    for id in Iterators.take(gastados, 2)
        haskey(Ep.utxo, id) && continue
        agrega("neg-doblegasto-salida-ya-gastada", "DobleGasto", ErrDobleGasto,
               [cb(), tx_transferencia([id], [salida_neg(nuevo(), 1, 1)], 1)])
    end
```
Hmm, `gastados` may include ids that are still in Ep.utxo? No, if consumed, not in Ep.utxo. But an id might be consumed and re-created by a later block with the same id? `crear_utxos!` checks collisions with current utxo, not past; re-creating a previously spent id is allowed? It checks `s.id in vistos` and `haskey(E.utxo, s.id)` (current). So an id could be reused later. In our base chain, ids are unique. So fine. I'll keep the `haskey` guard.

Also deposito variant maybe. Add:
```julia
        if !es_pow || pt >= P.H_dep
            agrega("neg-doblegasto-deposito-salida-gastada", "DobleGasto", ErrDobleGasto,
                   [cb(), tx_deposito([id], 1, 1, 1)])
        end
```
Wait, `tx_deposito([id], 1, 1, 1)` firmante=1=clave; importe 1. `aplicar_deposito!` consumir → get nothing → ErrDobleGasto. But only if pt>=H_dep in PoW. Good. However if importe != total... it never gets there because consumir errors first.

Now ErrRetiroPendiente:
```julia
    for g in Iterators.take(gkeys, 3)
        # D1: ya hay una retirada viva
        if !isempty(Ep.garantias[g].en_retirada) && activo_de(Ep, g) >= UInt64(1)
            agrega("neg-retiropendiente-segunda", "RetiroPendiente", ErrRetiroPendiente,
                   [cb(), tx_retiro(g, 1, g)])
        end
        # D2: dos retiros en el mismo bloque
        if isempty(Ep.garantias[g].en_retirada) && activo_de(Ep, g) >= UInt64(2)
            agrega("neg-retiropendiente-dos-en-bloque", "RetiroPendiente", ErrRetiroPendiente,
                   [cb(), tx_retiro(g, 1, g), tx_retiro(g, 1, g)])
        end
    end
```

But note: for PoST, the productor garantía check happens, but g is the retirante, not the productor. productor=1. Fine (prod_ok guarded). For PoW, fine.

Also, retiro is allowed in PoW. Good.

Now ErrAutorizacion:
```julia
    for o in Iterators.take(sp, 2)
        f2 = o.dueño == 1 ? 2 : 1
        agrega("neg-autorizacion-transfer", "Autorizacion", ErrAutorizacion,
               [cb(), tx_transferencia([o.id], [salida_neg(nuevo(), Int(o.valor), o.dueño)], f2)])
    end
    agrega("neg-autorizacion-deposito", "Autorizacion", ErrAutorizacion,
           [cb(), tx_deposito(Int[], 1, 1, 2)])
    agrega("neg-autorizacion-retiro", "Autorizacion", ErrAutorizacion,
           [cb(), tx_retiro(1, 1, 2)])
    if !es_pow
        agrega("neg-autorizacion-liberacion", "Autorizacion", ErrAutorizacion,
               [cb(), tx_liberacion(1, 1, 2)])
    end
```
Wait, `tx_transferencia([o.id], [salida_neg(..., o.valor, o.dueño)], f2)` → vs=ve, then consumir: owner check `o.dueño == firmante(f2)`? false → ErrAutorizacion. Good. But note the pre-check `ve` loop: `get(E.utxo,o.id)` exists. vs==ve. Then aplicar_transferencia → consumir → duplicate none, existence ok, owner != f2 → ErrAutorizacion. Good.
`tx_deposito(Int[], 1, 1, 2)`: `aplicar_deposito!` importe=1 !=0, firmante(2)==clave(1)? false → ErrAutorizacion. Good (entradas irrelevant).
`tx_retiro(1,1,2)`: importe!=0, firmante(2)==clave(1)? false → ErrAutorizacion. Good.
`tx_liberacion(1,1,2)` PoST: fase PoST, importe!=0, firmante!=clave → ErrAutorizacion. Good.

Now ErrInmaduro:
```julia
    if es_pow
        # F1: gasto de la coinbase del propio bloque
        cbid = nuevo()
        agrega("neg-inmaduro-coinbase-mismo-bloque", "Inmaduro", ErrInmaduro,
               [tx_coinbase([salida_neg(cbid, 10, 1)]),
                tx_transferencia([cbid], [salida_neg(nuevo(), 9, 1)], 1)])
        # F1b: gasto de una coinbase inmadura del estado padre
        for o in Iterators.take(inm, 2)
            agrega("neg-inmaduro-coinbase-inmadura-prev", "Inmaduro", ErrInmaduro,
                   [cb(), tx_transferencia([o.id], [salida_neg(nuevo(), 1, o.dueño)], o.dueño)])
        end
        # F3: depósito de la coinbase del propio bloque
        if pt >= P.H_dep
            cbid2 = nuevo()
            agrega("neg-inmaduro-deposito-mismo-bloque", "Inmaduro", ErrInmaduro,
                   [tx_coinbase([salida_neg(cbid2, 10, 1)]),
                    tx_deposito([cbid2], 1, 10, 1)])
        end
    else
        # F2: cruce del corte (madurez residual)
        for o in Iterators.take(inm, 2)
            agrega("neg-inmaduro-cruce-corte", "Inmaduro", ErrInmaduro,
                   [cb(), tx_transferencia([o.id], [salida_neg(nuevo(), 1, o.dueño)], o.dueño)])
        end
    end
```
For F1 in PoW: the coinbase output `cbid` created by the block's own coinbase; then transfer spends it. `aplicar_txs!` transfer pre-check: ve loop get(cbid) → exists (coinbase applied first) → ve=10; vs=9 ≤10; then consumir → gastable? point = Bk.altura = Ep.altura+1; creada_en_altura = Bk.altura (in crear_utxos, `B.altura`). So punto >= creada+M_cb → (Ep.altura+1) >= (Ep.altura+1)+M_cb false → ErrInmaduro. Good.
For F3: deposit of own coinbase; `aplicar_deposito!` importe 10 !=0, firmante==clave, H_dep check, consumir → gastable false → ErrInmaduro. Good.
For F2 in PoST: `inm` computed with `gastable_neg` using phase PoST, so yes.

But wait: in F2, `o` might be immature because of `creada_en_altura + M_cb > altura_terminal`. `gastable_en` in PoST returns false only if that's the case AND punto < s0+M_res. So yes. Good.

Now ErrGarantia (G1) — I'll do in `casos_garantia_insuficiente`, and G2 in `casos_garantia_pendiente`.

Now ErrOperacionFase (es_pow only):
```julia
    if es_pow
        agrega("neg-operacionfase-liberacion-pow", "OperacionFase", ErrOperacionFase,
               [cb(), tx_liberacion(1, 1, 1)])
        agrega("neg-operacionfase-evidencia-pow", "OperacionFase", ErrOperacionFase,
               [cb(), tx_evidencia(1)])
        agrega("neg-operacionfase-liberacion-sola-pow", "OperacionFase", ErrOperacionFase,
               [tx_liberacion(1, 1, 1)])
        agrega("neg-operacionfase-evidencia-sola-pow", "OperacionFase", ErrOperacionFase,
               [tx_evidencia(1)])
    end
```

Hmm, `tx_evidencia(1)` in a block: `aplicar_tx!` → `E.fase == FasePoW && return ErrOperacionFase`. Good. But `aplicar_txs!` ncb=0 (no coinbase) → coinbase_pagada=0; the evidencia returns ErrOperacionFase. Good.

Now, is `[tx_evidencia(1)]` with no coinbase allowed to reach `aplicar_tx!`? Yes.

Now, one concern: `tx_liberacion(1,1,1)` in `[tx_liberacion(1,1,1)]` (no coinbase): `aplicar_txs!` ncb=0; loop tx → `aplicar_tx!` → `aplicar_liberacion!` → fase PoW → ErrOperacionFase. Good.

Now let me write the file. I'll also add `casos_negativos(P; seeds)`.

Let me also compute counts. The exporter will do counts.

Let me now write the actual file.

Wait, one more important consideration: `activo_promovido`:
```julia
function activo_promovido(Ep, P, slot, k)
    E2 = clonar(Ep)
    promover!(E2, slot, true)
    return activo_de(E2, k)
end
```
For a transition block, `Ep.fase == FasePoW` and `promover!(E2, slot, true)` uses `es_post=true`, promoting pendientes with `madura_en_slot`. In the terminal PoW state, pendientes have `madura_en_slot = s0 + M_dep_slots`. With s0=0, at slot pslot=1, if M_dep_slots=1, it promotes. Good. This matches `aplicar_post!`.

Now, `ids_gastados(pref)`:
```julia
function ids_gastados(pref)
    s = Set{Int}()
    for b in pref, tx in b.txs, e in tx.entradas
        push!(s, e)
    end
    return s
end
```

Now let me write. I'll produce the file content.

Let me be careful about Julia's scoping: the `agrega` closure uses `pref`, `Ep`, `Bk`, `P`, `casos`. Since `agrega` is defined inside `casos_bloque`, it captures. Assigning to `casos` via push! is fine (mutation, not reassignment).

Let me write.

Also note: `Iterators.take(sp, 2)` returns an iterator; `for o in Iterators.take(sp,2)` works.

Let me write the file.
dsh: reasoning:
Now I need to include this file in Transicion.jl and export the new names. Let me edit Transicion.jl: add export lines and the include.

Edit 1: add exports near the others. I'll add after the existing generadores export block (line 40-43).

Edit 2: include after generadores.jl.

Let me do it.
dsh: reasoning:
Now let me test the generator quickly via a small script that counts cases and mismatches. Let me write the exporter first? Maybe test the generator inline first.

Let me run a quick test: load Transicion, get points, for each generate casos, verify each with `res_por_bloque`-like logic. But `res_por_bloque` is defined in exportar.jl, not the module. I can replicate: use `construir_validos` and apply. Let me write a quick test script `probar_neg.jl` (temporary) or use `-e`.

Let me write a temporary test script to check counts and mismatches.
dsh: reasoning:
Good, we have useful signal but the script errored due to soft scope. Let me wrap in a function. Also there are mismatches:

1. `neg-garantia-deposito-pendiente` got=OK: The B block with productor=K returned OK?! That means K had garantía activa >= q. Why? Possibly because V1's deposit became **active** (M_dep_slots could promote?). Wait, M_dep_slots >=1. Hmm, or maybe the `V1` deposit with `importe=1` and `tx_deposito([k1], K, 1, K)` — but perhaps `promover!` in B... no. Got=OK means `aplicar` returned a state: so `aplicar_post!` succeeded, meaning activo(K) >= q. How? 
   Ah — I see: `tx_coinbase_post(3)` credits the **productor**. In V0 and V1, productor=1, so key1. In B, productor=K=2, and the check `activo >= q` happens before txs, so should be 0. Unless K=2 already had garantía. In punto1, key2 has activo=5 (from the h=1 5/5 coinbase deposit). Indeed! In punto1, key2 has activo>=q=1. So productor=2 qualifies → OK. So G2 must pick a K with activo < q at Ep0. Let me choose K from keys with activo<q, e.g., 3. But then V0 transfers to 3 and V1 deposits to 3. Use K = first key in [3,4,5] with activo 0 and not haskey. Let me pick K=3.
   But also, the V1 deposit might mature by B's slot? B is at slot0+2, V1 deposit at slot0+1 with M_dep_slots>=1 → madura at slot0+1+M_dep_slots >= slot0+2. If M_dep_slots==1, madura at slot0+2 = B.slot → promoted at B → active! Then activo(K)=1 >= q=1 → no ErrGarantia. Ah, that's the real issue for punto1 (M_dep_slots=1). So the "pending at B" requires `slot0+2 < slot0+1+M_dep_slots`, i.e., M_dep_slots > 1. For punto1 M_dep_slots=1, so it matures exactly at B.slot. Hmm.
   To handle: place B at a slot such that the deposit is still pending: B.slot < V1.slot + M_dep_slots. If M_dep_slots=1, impossible if B.slot = V1.slot+1 (equals maturity). Could put B at the SAME slot as V1? No, slot must strictly increase. Or delay V1 relative... Actually if M_dep_slots=1 and V1 at slot s, deposit madura at s+1. B at s+1 promotes it → active. So can't demonstrate pending with M_dep_slots=1 unless B is at s (impossible). So G2 only works for M_dep_slots >= 2. For punto1 (M_dep_slots=1), skip G2. Since ErrGarantia already has G1 cases (many), fine. But I want the pending case at least for 4096/8192 (M_dep_slots=2). There, V1 at slot s, madura s+2, B at s+1 → still pending → ErrGarantia. Good. So guard: only generate G2 if `P.M_dep_slots >= 2`.
   Also choose K with activo<q and no garantía.

2. `neg-saldo-retiro-mayor-activo` got=OK or ErrRetiroPendiente: The retiro `tx_retiro(g, activo+1, g)`. Got OK means... hmm. If `g` has activo=0, `tx_retiro(g, 1, g)`: importe 1 > activo 0 → ErrSaldo. Should be fine. Got OK means the retiro succeeded with importe activo+1 <= activo? Impossible unless activo changed after promotion. Ah: `Ep` here is the parent state, but the block is a PoST block and `promover!` runs before txs, increasing activo. So `Int(activo_de(Ep,g))+1` may become ≤ promoted activo. E.g., Ep activo=0 but pending matures at B.slot → activo becomes large → retiro succeeds. Got OK. And when Ep already has en_retirada, got ErrRetiroPendiente (before the saldo check). So I must compute the retiro amount using the **promoted** activo, and choose g with no en_retirada for the "mayor que activo" case. 
   For PoST recipes, I should use the promoted state's garantías. Let me create `Ep_tx` = `clonar(Ep); promover!(Ep_tx, pslot, true)` for PoST (and for PoW, `promover!(Ep_tx, Bk.altura, false)`). Then use `Ep_tx` for computing activo, vencido, en_retirada, etc. Actually the block's transactions are applied after promotion, so all state-dependent quantities should be computed from the promoted state. For PoW, `aplicar_pow!` also calls `promover!(E, B.altura, false)` before txs. So yes, I should use the promoted state for recipes.

   So let me compute `Ef` = estado tras promoción en el punto del bloque (fase correspondiente). Use `Ef` for `activo_de`, `vencido_de`, `en_retirada`, and `gastables`/`inmaduros`. But note: the UTXO is unaffected by promotion, so `sp`/`inm` are the same. Only garantías change. And `prod_ok` uses promoted activo. Let me restructure: compute `Ef` and use it for garantía-dependent recipes.

   Also, for `neg-saldo-retiro-mayor-activo`, guard `isempty(Ef.garantias[g].en_retirada)` so it doesn't return ErrRetiroPendiente before the saldo check. Actually order: importe<=activo checked BEFORE isempty(en_retirada). So if importe = activo+1 > activo, it returns ErrSaldo regardless of en_retirada. Wait code:
   ```
   tx.importe == 0 && return ErrSaldo
   tx.firmante == tx.clave || return ErrAutorizacion
   g = obtener_garantia!(...)
   tx.importe <= g.activo || return ErrSaldo
   isempty(g.en_retirada) || return ErrRetiroPendiente
   ```
   So if importe = activo+1, it returns ErrSaldo before the en_retirada check. The mismatches "got ErrRetiroPendiente" happened because importe (based on Ep activo) was <= promoted activo, so it passed the saldo check and then hit en_retirada. With Ef-based importe = promoted_activo+1, it'll always be > activo → ErrSaldo. Good.

3. `neg-garantia-deposito-pendiente` also had `got=OK` due to K=2 having activo. Fix K and M_dep_slots guard.

Let me also double check other mismatches might be hidden by the early stop. The script errored after 15 mismatches at punto1. Let me fix and re-run with a function wrapper.

Let me rewrite `probar_neg.jl` with a function and fixes to the generator.

First, fix generator:
- Compute `Ef` = promoted state.
- Replace uses of Ep for garantías in recipes with Ef.
- `prod_ok` uses Ef.
- G2: choose K with activo<q, no garantía; guard M_dep_slots>=2.
- Also `gastables_neg`/`inmaduros_neg` use Ep (UTXO unaffected) — fine.

Wait, but `promover!` for a PoW block might add activo from pendientes (madura_en_altura). So `Ef` should be used. Let me compute:
```julia
function estado_promovido(Ep, P, Bk)
    E2 = clonar(Ep)
    if Bk.familia == PoW
        promover!(E2, Bk.altura, false)
    else
        promover!(E2, punto_neg(P, Bk), true)   # == slot
    end
    return E2
end
```
But careful: for a transition PoST block, `aplicar_post!` sets fase and s0 BEFORE promover!, then promover!(E, B.slot, true). The `E.fase` is set to PoST before promoting, which affects `promover!`? `promover!` uses `es_post` argument, not E.fase. So fine. And `E.altura_terminal`/`s0` are used in `gastable`, not promotion. So `estado_promovido` is fine.

Actually `promover!` for post promotes both pendientes and creditos with madura_en_slot <= punto. For the transition block, s0=0 and pendientes have madura_en_slot = s0+M_dep_slots. Good.

Let me edit the generator.

Also, for `neg-saldo-liberacion-mayor-vencido`, `vencido_de(Ef, g, Bk.slot)`. Good.
For `neg-saldo-liberacion-antes-R`, use `Ef`.
For `neg-retiropendiente-*`, use `Ef`.
For `neg-autorizacion-*` (no garantía needed).
For `neg-inmaduro` uses inm from Ep (UTXO) fine.
For G1 use Ep/Ef (activo same after promotion for fresh keys). Fine.
For G2 choose K.

Let me also double-check `neg-saldo-liberacion-mayor-vencido`: if Ef has en_retirada with vencido v, importe v+1 > v → ErrSaldo. Good. If no en_retirada, v=0, importe 1 → ErrSaldo. Good.

Also, `neg-saldo-liberacion-antes-R`: `activo_de(Ef,g)>=2` and `isempty(Ef.garantias[g].en_retirada)`. Then [cb(), retiro(g,1,g), liberacion(g,1,g)]. First retiro: activo>=2 → ok, creates en_retirada at slot Bk.slot. Then liberación: vencido = (Bk.slot + R_slots <= Bk.slot)? false → 0; importe 1 > 0 → ErrSaldo. Good.

But wait: for the transition block, `Ep.fase==FasePoW`, and `Ef` promoted with s0? `Ef` has fase still FasePoW (promover! doesn't change fase). `vencido_de` uses only en_retirada, fine. `activo_de` fine.

Now, `neg-retiropendiente-dos-en-bloque` for PoST: after promotion, activo>=2. But the first retiro's `inicio = E.fase == FasePoW ? E.s0 : B.slot`. In a transition block, `aplicar_post!` sets E.fase=PoST before txs, so inicio = B.slot. Fine.

Now let me also reconsider `neg-saldo-r8-deposito-cero` and `neg-saldo-r8-retiro-cero`: these don't depend on state. Good.

Now let me apply the edits to the generator. I'll replace the relevant portion of `casos_bloque`.

Let me view the current function region and edit.

Actually, I'll do targeted edits:
1. Add `Ef = estado_promovido(Ep, P, Bk)` after computing `prod_ok`? But `prod_ok` currently uses `activo_promovido`. Let me compute `Ef` and define `prod_ok = activo_de(Ef, 1) >= q`.
2. Replace uses of `Ep.garantias` and `activo_de(Ep, ...)` with `Ef` in the recipe sections.
3. Fix G2.

Let me do the edits. Since there are several occurrences, let me be careful. Maybe easier to rewrite the `casos_bloque` function wholesale. Let me read the file's relevant line numbers first. Actually I wrote it, but let me just do targeted `edit` calls.

First, add `estado_promovido` helper. Let me add it after `activo_promovido`. Actually I can replace `activo_promovido` with a function returning the state, and keep activo_promovido using it. Let me edit.

Let me make the edits.
dsh: reasoning:
Now update `casos_bloque` to compute Ef and use it. Let me edit the block that defines `prod_ok`.
dsh: reasoning:
Now replace state-dependent uses of `Ep` with `Ef` in the recipe sections. Let me list occurrences via grep.
dsh: reasoning:
Line 121 `gkeys` is computed before `Ef`. I should compute gkeys from Ef (same keys, but promotion doesn't add keys—`promover!` iterates existing garantías only, `obtener_garantia!` isn't called. So keys are the same). But to be safe, use Ef. However `Ef` is defined after line 121? Let me check the order. Line 121 is `gkeys` in the initial block, and `Ef` is defined later (near pslot). Let me move `Ef` earlier or just use Ef where needed. Let me view lines 110-135.
dsh: reasoning:
Let me restructure lines 119-129 so that Ef is computed first, and gkeys uses Ef. Let me edit.
dsh: reasoning:
Now replace the remaining `Ep.garantias`/`activo_de(Ep`/`vencido_de(Ep` in the recipe sections (lines ~188-252) with Ef. Let me do replace_all for these patterns, but line 332 (G1) should also use Ef? G1 is about fresh keys; activo_de(Ef,K)=0. Using Ef is fine and consistent. Let me replace all `activo_de(Ep,` → `activo_de(Ef,`, `Ep.garantias` → `Ef.garantias`, `vencido_de(Ep` → `vencido_de(Ef`. But line 119-121 already handled (now uses Ef). Let me check there are no remaining Ep.garantias in utility functions (no). Let me do replace_all.

Wait, `estado_promovido` uses `Ep` parameter name; replacing `Ep.garantias` won't affect it. `Ep.utxo` stays. Good.

But careful: `activo_de(Ep, K)` at line 332 in `casos_garantia_insuficiente`: I'll change to `Ef`? There's no `Ef` in that function. That function has parameters `(P, pref, Ep, Bk)`. It uses Ep directly, not promoted. For fresh keys, promotion doesn't matter. Keep Ep there. So I should NOT replace_all blindly. Let me do targeted edits for the lines in `casos_bloque` only.

Let me use sed-like edits via the edit tool with unique context. Let me view lines 180-260.
dsh: reasoning:
Let me replace these lines using targeted edits.

Edit 1: lines 187 and 192 and 203-204.
dsh: reasoning:
Now fix G2 (`casos_garantia_pendiente`): choose K with activo<q and no garantía, and guard M_dep_slots>=2. Also, `activo_de(Ep,K)` should be checked after promotion? For a fresh key, no difference. Let me rewrite the function.

Current function lines ~330+. Let me read it.
dsh: reasoning:
Let me rewrite `casos_garantia_pendiente`. Key points:
- Guard `P.M_dep_slots >= 2` (so the deposit is still pending at B).
- Choose K with `activo < q` and no garantía.
- Compute `Ef0 = estado_promovido(Ep0, P, Bk0)` to pick candidate UTXO? UTXO unaffected, so `gastables_neg(Ep0,...)` fine. But the requirement for V0 validity: the transfer must be valid. Using `gastables_neg(Ep0, ...)` at Bk0's point is fine.
- Ensure `slot0 + 2 < slot0 + 1 + M_dep_slots` → `M_dep_slots > 1`. Guard.
- Also ensure that after V0/V1, K's activo is 0. Since K has no garantía and deposit is pending, activo=0. Good.
- Also, the deposit `tx_deposito([k1], K, 1, K)` requires k1 spendable, owned by K. V0 created it as OrigenTx at slot0 → always spendable. Good.
- Also V0/V1 productor=1 must have activo>=q. `Ep0` after promotion at slot0. In our base chains key1 qualifies. The `aplicar(Ep0, V0, P)` check catches if not.
- Return the case only if all valid.

Let me also make V0's transfer choose an owner==1 output. Good.

Let me rewrite.
dsh: reasoning:
Now let me fix the `probar_neg.jl` soft scope by wrapping in a function, and re-run.
dsh: reasoning:
Progress. Now:
- `neg-saldo-deposito-descuadra` in PoST got ErrInmaduro: because the chosen spendable output `o` — wait, we chose from `gastables_neg(Ep,...)` which uses `gastable_neg` with the right phase. So why ErrInmaduro? Hmm. For a PoST block, `gastable_neg(Ep, o, P, Bk)` uses `fase_aplicacion(Ep,Bk)=FasePoST` and `Ep.altura_terminal`, `Ep.s0`, point=Bk.slot. But `Ep` here is the parent state; for a PoST block, Ep.fase=PoST, altura_terminal set. That should match `aplicar_post!` (which promotes then applies txs with the same E.fase=PoST). So why Inmaduro?
   Ah — the issue: for a **transition block** (first PoST), `aplicar_post!` sets `E.s0 = 0` and `E.fase = FasePoST`, then `promover!`, then txs with `punto = B.slot`. `Ep` is the terminal PoW state with fase=PoW, `Ep.altura_terminal` set. `gastable_neg` uses `fase_aplicacion` = PoST but passes `Ep.s0` which is 0 (s0 set at terminal? In `aplicar_pow!`, s0 stays 0). Actually s0=0 always. And `Ep.altura_terminal` is set. So same. Hmm.
   Wait, maybe the mismatch is for a **later PoST block** where `Ep.fase=FasePoST`. `gastable_neg` uses FasePoST. `aplicar_post!` uses FasePoST. Same. Hmm.

   Let me think about which deposits get ErrInmaduro: `aplicar_deposito!` calls `consumir_entradas!` which checks `gastable(E, o, P, punto)` where punto is passed as `B.slot`. So the maturity check is the same. Unless... `aplicar_post!` passes `punto = B.slot`, yes.

   Oh wait! I see. In `aplicar_deposito!`, the flow is:
   ```
   tx.importe == 0 && return ErrSaldo
   tx.firmante == tx.clave || return ErrAutorizacion
   ... (fase checks)
   r, total = consumir_entradas!(E, tx.entradas, tx.firmante, P, punto)
   total == tx.importe || return ErrSaldo
   ```
   `consumir_entradas!` checks `gastable` and returns ErrInmaduro. So if `o` is spendable per `gastable_neg`, it shouldn't be Inmaduro. Unless the output `o` is owned by a **different** key than firmante? No, owner mismatch → ErrAutorizacion, not Inmaduro.

   Hmm, wait: maybe `Ep` in the recipe is not exactly the state used by the oracle, because the oracle applies the block on `memo[b.padre]`, and `memo` is built via `construir_validos` which may apply the prefix differently than my `estados` chain? For the base chain, `estados` come from `construir_poW`/`extender_post`. `construir_validos` re-applies the same blocks and should produce identical states. But there's a subtlety: `extender_post` generates blocks using `aplicar` and pushes them; `construir_validos` applies them from genesis. Should match.

   But the mismatch is only for `neg-saldo-deposito-descuadra` (deposit) and `neg-doblegasto-entrada-dos-txs` (two transfers, second spends same input). Both involve consuming inputs whose maturity matters. `neg-doblegasto-entrada-dos-txs` first transfer succeeds, second: `aplicar_txs!` pre-check `ve` loop → `get(E.utxo,id)` — but wait, for transfer the pre-check `get` returns nothing after the first transfer consumed it → ErrDobleGasto. That should be independent of maturity. But got ErrInmaduro — meaning the FIRST transfer failed with ErrInmaduro! Because `o` wasn't actually spendable at the oracle. So `gastable_neg` said spendable but the oracle says immature.

   So my `gastable_neg` is wrong for these cases. Why? Let me reconsider: `o` is chosen from `gastables_neg(Ep, P, Bk)`. Those are outputs spendable in `Ep` per phase. But the block's transaction is applied after **promotion**... promotion doesn't affect UTXO. Hmm.

   Oh! I think I see: For a PoST block, the oracle's `aplicar_post!` sets `E.s0 = 0` only in the **transition** branch. In subsequent branches, s0 stays whatever. And `gastable_en` uses `s0 + M_res_slots`. `Ep.s0` for a PoST state is 0. Fine.

   Wait, could the issue be that `Ep` I use is the state *after* the block `Bk`, not before? Let me re-check the loop:
   ```
   for k in 2:length(bloques)
       Ep = estados[k-1]
       Bk = bloques[k]
       pref = bloques[1:k-1]
   ```
   `estados[1]` = state after genesis = state before bloques[2]. So for k=2, Ep=estados[1] (before bloques[2]). Correct.

   Hmm. Let me look more concretely: print the failing cases' details. Let me modify the debug script to dump the mismatch details: P params, parent state's utxos, the chosen input, etc.

   Actually, wait. I bet the issue is this: `gastable_neg` for a **PoST transition block** uses `Ep.s0`. But in the terminal PoW state, `Ep.s0` might not be 0? Let me check: `aplicar_pow!` doesn't set s0; it's set in `estado_inicial` to 0 and never changed in PoW. So s0=0. Fine.

   Another thought: `gastable_en` for `o.origen == OrigenCoinbasePow` in PoST:
   ```
   o.creada_en_altura + P.M_cb <= altura_terminal && return true
   return punto >= s0 + P.M_res_slots
   ```
   So if `creada_en_altura + M_cb <= altura_terminal` → spendable regardless of slot. Otherwise requires slot >= s0+M_res.
   In `Ep` (terminal state), `altura_terminal` = terminal height. This is fixed. The oracle's state `memo[b.padre]` should have the same. So same result.

   Unless `Ep.altura_terminal` differs from the oracle's because `extender_post` updates `altura_terminal`? No.

   Hmm, let me just debug. Let me print the mismatch case in detail. I'll write a focused debug script.

   Actually — I wonder if the mismatch is due to the **coinbase included in the block**. For `neg-saldo-deposito-descuadra`, txs=[cb(), deposit([o.id],...)]. The coinbase is applied first. For a PoST block, `cb()` = tx_coinbase_post(3), which credits the productor. Doesn't affect UTXO. Then deposit consumes o. Fine.

   Wait, for `neg-saldo-deposito-descuadra` we set importe = o.valor+1. `aplicar_deposito!` calls consumir first. If o is spendable, total=o.valor, then importe != total → ErrSaldo. Got ErrInmaduro means consumir returned Inmaduro. So o is NOT spendable at the oracle. 

   Let me directly compare `gastable_neg(Ep,o,P,Bk)` vs `gastable_en(o, FasePoST, memo[b.padre].altura_terminal, memo[b.padre].s0, P, Bk.slot)`.

   Possible bug: `memo[b.padre]` may not be `Ep` if the base chain's prefix contains a block that `construir_validos` treats differently. But then other recipes would fail too. Actually many recipes did fail only for these specific ones (8 mismatches out of 763). So most matched. The failing ones involve **specific outputs** that might be spendable per my Ep but not per the oracle.

   Let me hypothesize: The base chain built by `construir_poW` has `retirar_en` etc. `extender_post` uses `rand(rng, ...)` and random transfers. The states `estados` come from that. `construir_validos` re-applies blocks. They should match... unless `construir_validos` includes **only the chain reachable via parent links**, and the base chain is linear. Should match.

   Hmm, let me just debug by printing for the first mismatch. Let me write a quick focused script.

Let me add debug to probar_neg for the first mismatch in punto 4096: print o.id, o.origen, o.creada_en_altura, Ep.altura_terminal, Ep.s0, Bk.slot, P.M_cb, P.M_res_slots, gastable_neg result, and the oracle's gastable result.

Let me do that.
dsh: reasoning:
`gastable_neg` isn't exported. Let me qualify with `Transicion.gastable_neg`. Also `cadena_base` is exported. Let me fix.
dsh: reasoning:
No DIF printed, meaning `gastable_neg` and oracle agree for the PoW-terminal PoST blocks. So the mismatch must be for the **transition** block (k=9, Ep.fase=PoW). My debug only checked `Eo.fase == FasePoST` but for the transition block Eo (state after applying Bk... wait, I used `memo` from `bloques[1:k]`, so memo[Bk.padre] for k=9 is state after block 8 (terminal), which is FasePoW. So the condition `Eo.fase == FasePoST` skipped the transition block. Yet `gastable_neg` for the transition block uses `fase_aplicacion` = PoST and `Ep.s0` (0) and `Ep.altura_terminal`. The oracle for the transition block sets `E.fase=PoST` and then applies. So they should match... but my debug condition skipped it. Let me also check the transition case.

But actually the mismatch `neg-saldo-deposito-descuadra` occurred 2 times per point for 4096/8192. There are 3 PoST blocks; the transition is one. Also `neg-doblegasto-entrada-dos-txs` 2 times. So probably the transition block and one other? Hmm, but the debug found no diffs for the non-transition PoST blocks. Let me check the transition.

Wait, the mismatch counts: 8 mismatches total per point: deposito-descuadra (4?) and doblegasto-dos-txs (4?). The printed list showed 4 deposito and 4 doblegasto = 8. The depósito-descuadra recipe is generated per PoST block? No—only for the first 2 spendable outputs, once per block. There are 3 PoST blocks → up to 3 deposito cases (×2 outputs? no, the loop is per output, so up to 2 per block = up to 6). And doblegasto-dos-txs per output, up to 2 per block.

Hmm. Let me revisit: maybe the issue is with the **transition** block, where `Ep.fase == FasePoW` and `Ep.altura_terminal` is set. `gastable_neg` uses `fase_aplicacion=PoST` and `Ep.altura_terminal`. But when the oracle applies the transition block, `aplicar_post!` does:
```
E.fase = FasePoST
E.s0 = 0
...
r = promover!(E, B.slot, true)
g = ...
activo >= q || ErrGarantia
...
r = aplicar_txs!(E, B, P, B.slot)
```
So `consumir_entradas!` uses `gastable(E, o, P, punto)` = `gastable_en(o, E.fase=FasePoST, E.altura_terminal, E.s0=0, P, B.slot)`. My `gastable_neg` computes exactly that with `Ep.altura_terminal` and `Ep.s0`. Same.

Unless... `Ep.altura_terminal` in the terminal state is set correctly. In `aplicar_pow!`, when terminal conditions met, `E.altura_terminal = B.altura`. Yes.

Hmm, but there's a subtle bug: `gastable_neg` is called during case **generation**, using `Ep` from `estados[k-1]`. But `estados` from `extender_post` might have a **different `altura_terminal`** than the oracle's re-applied state? Let me check the terminal detection: `extender_post` doesn't modify altura_terminal. `construir_poW` sets it. Should match.

Actually, wait: maybe the mismatch is in the **later PoST block** but with a specific output that became spendable at a later slot in my Ep but the oracle's parent state has a *different slot*. Let me reconsider `estados` alignment: `extender_post` returns `bloques, estados` where it pushes blocks and states. But does `extender_post` break early if a block fails? Yes: `r = aplicar(Ebase, B, P); r isa Err && break`. If it breaks, the block isn't pushed. Fine.

Hold on — maybe the real issue: In `casos_bloque`, `sp = gastables_neg(Ep, P, Bk)` is computed, then I iterate `for o in Iterators.take(sp, 2)` for deposito-descuadra. But the **same `sp` list** is used for the PoW case too. Wait no. The mismatch is PoST.

Let me just extend the debug to include the transition case and all blocks, printing `g1` vs the oracle's actual `gastable` computed from `memo[Bk.padre]` for both phases. Actually, more directly: for each mismatch case, print the recipe details. Let me instrument `probar_neg` to print for the first mismatch: `c.nombre`, the block B, its txs, the parent state utxos, and apply step by step. That's heavy. 

Alternative: The mismatches are only 8 out of 763 and only for two recipes. Maybe I can simply **verify and drop** mismatched cases, but the order says expected built by hand and confirmed; dropping is acceptable if I ensure counts remain ≥30 (they do comfortably). But I'd rather understand.

Let me think once more. `neg-saldo-deposito-descuadra` got ErrInmaduro. The deposit consumes `o`. For the transition block, `gastable_neg` says spendable. But maybe the **coinbase in the same block** is the issue? No.

OH WAIT. I think I found it. In `casos_bloque`, `sp = gastables_neg(Ep, P, Bk)`. But `Ep` is the state **before promotion**. For a PoST block, promotion doesn't affect UTXO, so `sp` is fine. BUT the output `o` might be created in the **previous PoST block** with `creada_en_slot` = that block's slot. `gastable_en` for OrigenTx/Liberacion returns true always; for OrigenCoinbasePow uses height. Fine.

Hmm, what if `o` is an output created in the **same base block Bk**? No, Bk's txs aren't in Ep.

Let me look at the actual mismatching output. Let me modify the debug to, for every block k and every coinbase_pow output in Ep that is in `sp`, print details if the oracle's application of the corresponding recipe would give Inmaduro. Simpler: reconstruct the exact failing case by searching casos_negativos for the name and mismatch, then print.

Let me write a targeted debug: iterate casos from `casos_negativos(P)`, find first mismatch for `neg-saldo-deposito-descuadra`, print:
- P params
- the block B (last of c.bloques): id, familia, slot, txs
- the parent state Ep (recompute via memo)
- the input output o (from B's deposit entradas) as seen in Ep
- gastable_neg(Ep,o,P,B) and gastable(Ep,o,P,punto) and gastable_en with oracle phase.

Let me do that.
dsh: reasoning:
Now I see it: B id=10, slot=2, Ep.alt_term=7, M_cb=3, o.creada=5 → 5+3=8 > 7 → requires slot >= s0+M_res = 3. slot=2 < 3 → not spendable. But my `gastables_neg` said it was spendable, so it included it. Why?

Because `gastables_neg(Ep, P, Bk)` uses `Bk` = bloques[k] = the base block Bk, not the negative block B! Wait — `gastables_neg(Ep, P, Bk)` uses `punto_neg(P, Bk)` = Bk.slot. For the base block Bk, the slot might be 2. The negative block B is built with `bloque_neg(P, pref, Ep, Bk, ...)` whose slot = `Ep.slot+1`. Are these the same? For Bk = bloques[k], `Bk.slot` should equal `Ep.slot + 1`? Not necessarily! `extender_post` may skip slots: `slot += rand(rng, 1:2)`. So the base block's slot could be Ep.slot+2, while my negative block uses Ep.slot+1. That's the bug: the maturity check for selecting spendable outputs must use the **negative block's** point, not the base block's.

For B id=10 (based on base block with slot=2?): Actually the negative block built from parent Ep (state after bloques[k-1]) uses slot=Ep.slot+1. In the failing case, the generated B had slot=2, and `gastables_neg(Ep, P, Bk)` used Bk.slot which was likely 4 (base block slot). Hmm, but the debug shows B slot=2. Let me think: `Ep` is state after block 9 (slot maybe 1 or 2). Bk = block 10 with slot maybe 2 or 3. `bloque_neg` uses Ep.slot+1. If Ep.slot=1, B.slot=2. `gastables_neg(Ep,P,Bk)` uses Bk.slot (e.g., 3) → considers o spendable at slot 3, but B is at slot 2 → immature. Exactly.

So the fix: compute the **negative block's** slot first, and use that for `gastables_neg`/`inmaduros_neg`. Let me define `slot_neg(Ep, Bk)` and pass a synthetic block or just the point. Simplest: create a "punto" variable and a variant of `gastables_neg` that takes an explicit point and phase.

Let me refactor:
```julia
function gastables_punto(Ep, P, fase, punto)
    os = Salida[]
    for (_, o) in Ep.utxo
        gastable_en(o, fase, Ep.altura_terminal, Ep.s0, P, punto) && push!(os,o)
    end
    return sort(os, by=o->o.id)
end
```
And similarly for inmaduros.

In `casos_bloque`:
```julia
faseA = es_pow ? FasePoW : FasePoST
pto = es_pow ? Ep.altura + 1 : (Ep.fase == FasePoW ? max(Ep.slot+1,1) : Ep.slot+1)
sp = gastables_punto(Ep, P, faseA, pto)
inm = inmaduros_punto(Ep, P, faseA, pto)
Ef = estado_promovido_punto(Ep, P, faseA, pto)
```
Then `bloque_neg` can use `pto` for slot. Let me pass `pto` to `bloque_neg` or compute consistently. Actually `bloque_neg` computes slot the same way, so `pto` matches. Good.

Also `estado_promovido` should use `pto`. Let me make `estado_promovido(Ep, P, faseA, pto)`.

But G2 uses `gastables_neg(Ep0, P, Bk0)` — same issue. Fix similarly.

Also `casos_garantia_insuficiente` doesn't use sp.

Let me refactor. I'll replace `gastables_neg`/`inmaduros_neg`/`estado_promovido` to take explicit phase+point, and keep Bk-based wrappers? Simpler to just change the calls.

Let me do it:
1. Replace `gastable_neg`, `gastables_neg`, `inmaduros_neg` with point/phase-based versions. Keep `gastable_neg` maybe unused. Let me rewrite that utility block.
2. Replace `estado_promovido(Ep,P,Bk)` with `estado_promovido(Ep,P,fase,punto)`.
3. Update `casos_bloque`.
4. Update `casos_garantia_pendiente`.
5. Remove `activo_promovido` if unused (it is now unused). Keep or remove; remove to avoid confusion. Actually it's not exported; fine to remove.

Let me view lines 40-110 to edit precisely.
dsh: reasoning:
Let me rewrite lines 34-84 (the utility block) to use explicit phase+point. Let me view lines 30-40.

Actually, let me replace from `fase_aplicacion` through `activo_promovido`.

New utility block:
```julia
fase_bloque(B::Bloque) = B.familia == PoST ? FasePoST : FasePoW

# Punto (altura PoW o slot PoST) del bloque negativo que se construirá sobre Ep.
punto_bloque_neg(Ep::Estado, B::Bloque) =
    B.familia == PoW ? Ep.altura + 1 :
    (Ep.fase == FasePoW ? max(Ep.slot + 1, 1) : Ep.slot + 1)

gastable_punto(Ep::Estado, o::Salida, P::Params, fase::Fase, punto::Int) =
    gastable_en(o, fase, Ep.altura_terminal, Ep.s0, P, punto)

function gastables_punto(Ep::Estado, P::Params, fase::Fase, punto::Int)
    os = Salida[]
    for (_, o) in Ep.utxo
        gastable_punto(Ep, o, P, fase, punto) && push!(os, o)
    end
    return sort(os, by = o -> o.id)
end

function inmaduros_punto(Ep::Estado, P::Params, fase::Fase, punto::Int)
    os = Salida[]
    for (_, o) in Ep.utxo
        o.origen == OrigenCoinbasePow || continue
        gastable_punto(Ep, o, P, fase, punto) || push!(os, o)
    end
    return sort(os, by = o -> o.id)
end

# Estado del padre tras la promoción de pendientes en el punto del bloque
# (paso (b) de `aplicar_pow!`/`aplicar_post!`, antes de las transacciones).
function estado_promovido(Ep::Estado, P::Params, fase::Fase, punto::Int)
    E2 = clonar(Ep)
    promover!(E2, punto, fase == FasePoST)
    return E2
end
```

But `bloque_neg` uses `Bk.familia` and `Ep`. Keep it but add optional `punto`? It computes the same. I'll leave `bloque_neg` as is (it derives slot/altura consistently). Good.

Now update `casos_bloque`:
```julia
    es_pow = Bk.familia == PoW
    fase = es_pow ? "PoW" : "PoST"
    faseA = fase_bloque(Bk)
    pto = punto_bloque_neg(Ep, Bk)
    sp = gastables_punto(Ep, P, faseA, pto)
    inm = inmaduros_punto(Ep, P, faseA, pto)
    Ef = estado_promovido(Ep, P, faseA, pto)
```

And remove `pt = punto_neg(P, Bk)`? `pt` is used for H_dep checks. Should use `pto` instead (the negative block's point). For PoW, pto = Ep.altura+1 = actual altura. For PoST, H_dep checks only apply to PoW. So use `pt = pto`. Let me set `pt = pto`.

Also `Bk.slot` in `vencido_de(Ef, g, Bk.slot, P)` should be `pto` (negative block slot). Change to `pto`.

Now `casos_garantia_pendiente` should use `pto0 = punto_bloque_neg(Ep0, Bk0)` and `faseA0 = fase_bloque(Bk0)` for `gastables_punto`.

Let me apply these edits.

First, replace the utility block.
dsh: reasoning:
Now `punto_neg(P, B)` is still used? It was used in `gastable_neg` and `estado_promovido`, both removed. Let me check remaining uses. Also `fase_aplicacion` removed. Let me grep.
dsh: reasoning:
Let me update lines 111-115 in `casos_bloque`. Let me read around there.
dsh: reasoning:
Now update `vencido_de(Ef, g, Bk.slot, P)` to use `pt`. Let me grep for `Bk.slot`.
dsh: reasoning:
Now update `casos_garantia_pendiente` line 350. Let me view around 344-360.
dsh: reasoning:
Now `punto_neg` is unused (line 34). Let me remove it to avoid dead code. Actually it may be harmless. Let me remove it for cleanliness. Also check no other references.

grep says only line 34 now. Let me remove line 34.
dsh: reasoning:
The `casos_garantia_pendiente` uses V0/V1 slots `slot0`, `slot0+1`, `slot0+2`. `pto0 = Ep0.slot+1`. Good.

But there's still a subtle issue: `gastables_punto(Ep0, P, fase_bloque(Bk0), pto0)` for a **transition** block uses fase PoST and point pto0 = 1. Good.

Also `K` selection uses `activo_de(Ep0, cand)` before promotion. For a fresh key it's 0. Fine.

Now re-run `probar_neg.jl`.
dsh: reasoning:
All 0 mismatches now. Counts per family (total across points):
- ErrSaldo: 159+206+206 = 571 ✓
- ErrDobleGasto: 78+114+114 = 306 ✓
- ErrRetiroPendiente: 18+30+30 = 78 ✓
- ErrAutorizacion: 60+90+90 = 240 ✓
- ErrInmaduro: 12+90+87 = 189 ✓
- ErrGarantia: 45+48+48 = 141 ✓
- ErrEmision: 36+81+81 = 198 ✓
- ErrOperacionFase: 24+84+84 = 192 ✓

All ≥30, and all have PoW and PoST where applicable. ErrOperacionFase only PoW (as expected). ErrGarantia only PoST. ErrInmaduro both.

Note: punto1 has ErrInmaduro only PoW (12) and no PoST because M_res=1 means no residual immaturity at slot>=1. That's fine — the family overall has PoST in 4096/8192.

Now, one thing to verify: the order says the new file should have "≥30 casos cada una ... en varios puntos de la rejilla por defecto y en ambas fases cuando aplique". Satisfied.

Now let me also double check that no case has an error in an earlier block (the prefix). `res_ultimo` verifies only the last block. But the format's RES is written per block and re-read by the reader. If a prefix block were invalid, the reader would catch it. Since prefixes come from valid chains and G2's V0/V1 are verified via `aplicar`, they're valid. The reader will confirm.

But wait: in `CasoNegativo`, the story for G2 includes V0, V1 (valid) and B. The `res_ultimo` check only tested B. Good. The reader will fully verify.

Now, there's a concern about the total case count: 1915 cases. Each case file block count: prefixes up to ~11 blocks; ~1915 cases × ~10 blocks = ~19000 block lines plus txs. File size maybe 1.5-3 MB. Fine.

However, the same base chain (seeds 707,808,909) for each point may generate duplicate cases (identical blocks). That's acceptable — the order wants ≥30 occurrences, duplication is allowed but perhaps not ideal. Let me check whether the 3 seeds produce distinct chains. Probably yes. Also, the cases within a block include duplicates by name (e.g., `neg-saldo-r8-deposito-cero` appears once per block). That's fine.

Actually, hold on. There may be an issue with **duplicate case names** and the reader/tests. The format allows the same `nombre` for multiple cases (T01-B had "aleatorio" repeated). Fine.

Now, let me also consider: the order says "cada caso con el error esperado escrito a mano y comprobado contra el oráculo". My exporter will verify `RES[last]` equals `esperado` for each case and count mismatches, requiring 0. Good.

Now let me write `exportar_negativos.jl`. I'll copy the render functions from `exportar.jl`.

Important: The reader `src/lector_vectores.jl` parses the file. It handles `CASO`, `PARAM`, `BLOQUE`, `TX`, `RES`, `SEL`, `UTXO`, `GAR`, `EST`, `FIN`. Our file will have the same. It errors on unknown `TX` types; we only use Coinbase, CoinbasePost, Transferencia, Deposito, Retiro, Liberacion, Evidencia (in PoW). `parsear_tx` handles all those. Good. It does NOT handle AltaSector/PruebaSector, but we don't generate them (SEC0). Good.

Wait: `tx_evidencia` → tipo "Evidencia" → reader handles. Good.

Also, the reader's `parsear_bloque` uses `c["sector"]`? No, it hardcodes sector=0. Good.

Now, one concern: the reader's `parsear_params` hardcodes `sec=SEC0, corte=CUT_HWPhi, seleccion=FC3`. Our PARAM lines don't include sec/corte/sel (same as T01-B). Good.

Now, the exporter:

```julia
# exportar_negativos.jl
using Transicion
using SHA
using Printf

const CONTRATO_DEF = ".../CONTRATO-v0.md"
const SALIDA_DEF = "resultados/vectores-transicion-negativos-v0.txt"
...
```

I'll copy `param_str`, `bloque_str`, `tx_str`, `utxo_str`, `gar_str`, `estado_str`, `res_por_bloque`, `escribir_caso` from exportar.jl. Also `parsear`, `fecha_por_defecto`, `sha256_archivo`.

The `escribir_caso` writes `nombre` etc.

Main:
```julia
function main()
    cfg = parsear(ARGS)
    fecha = get(cfg, "fecha", fecha_por_defecto())
    salida = get(cfg, "salida", SALIDA_DEF)
    contrato = get(cfg, "contrato", CONTRATO_DEF)
    idxs, puntos = puntos_negativos()
    ...
    io = open(salida, "w")
    println(io, "# vectores-transicion-negativos-v0 · T01-C · ", fecha, " · sha256 del contrato ", sha256_archivo(contrato))
    n = 0
    malos = 0
    conteo = Dict{String,Int}()
    conteo_fam = Dict{String,Int}()
    for i in idxs
        P = puntos[i]
        for c in casos_negativos(P)
            # verificar oráculo
            resmap = res_por_bloque(c.bloques, P)
            got = resmap[last(c.bloques).id]
            if got != string(c.esperado)
                malos += 1
                println(stderr, "INESPERADO ", c.nombre, " esperado=", c.esperado, " got=", got)
                continue   # no escribir casos no confirmados
            end
            n += 1
            escribir_caso(io, n, c.nombre, i, "-", c.bloques, P)
            conteo[string(c.esperado)] = get(conteo, string(c.esperado), 0) + 1
            conteo_fam[c.familia] = ...
        end
    end
    close(io)
    h = sha256_archivo(salida)
    sha_path = replace(salida, r"\.txt$" => "") * ".sha256"
    write(sha_path, h * "  " * salida * "\n")
    ...
end
```

Wait: the sha line should be `<hash>  <nombre>`. If `salida` is the default relative path `resultados/vectores-transicion-negativos-v0.txt`, then `<nombre>` = that path. `sha256sum -c` from T01 works. But if the user passes `--salida` with an absolute path, the `<nombre>` would be absolute; still valid for `sha256sum -c` on that machine. Fine.

Hmm, but the order says `.sha256` in `sha256sum` format. The standard format is `<hash>  <filename>`. `sha256sum -c file.sha256` reads filenames relative to the CWD. So writing `resultados/...` works from T01. Good.

Now, the "conteo por familia" and "por error" need to go somewhere. I'll print to stdout and also write a small log? The Informe will contain the table. I'll print in a parseable way. Also write `resultados/exportar-negativos.log`? The order doesn't require a log, but I'll capture the console output to a log file when running. I'll also write a summary comment? The header could include counts, but that would complicate determinism (still deterministic). I'll keep the header simple and produce a separate log outside the hashed file.

Actually, wait — will the version `n` be sequential over written cases only? Yes. If I skip mismatches, n doesn't increment. Since 0 mismatches, n = total.

Now, one more consideration: the reader `verificar_caso` uses `caso.n` only for messages. Fine.

Now, potential problem: the reader parses `RES` lines and `SEL` etc. But our file has ~1915 cases; reader will re-apply each. Should be fast (<10 s).

Let me now write the exporter. I'll include the render functions. Also, determinism: `casos_negativos` iterates `Ep.utxo` Dict (unordered) in `gastables_punto`, but I sort by id. `gkeys` sorted. `gastados` sorted. `K` selection deterministic. `Iterators.take` deterministic. Good. However, `activo_de`/`vencido_de` iterate `en_retirada` vectors in insertion order (deterministic). Good.

Also the `sha256` of the output file depends on the fecha. I'll pass a fixed `--fecha`.

Let me write `exportar_negativos.jl`.

One thing: I should also verify that `res_por_bloque` from exportar.jl and the reader agree. They do (same algorithm). Good.

Let me write.

Also, I want to write the counts to a separate `resultados/exportar-negativos.log` via shell redirection when running. The log will include both stdout and the counts. I'll print the table.

Let me write the file now.
dsh: reasoning:
There's a silly line: `@printf("exportar-negativos: puntos=%s n_casos_objetivo=%d salida=%s\n", string(idxs), 1, salida)` — the `n_casos_objetivo` is meaningless. Let me remove it or replace with `length(casos)` — but we don't know yet. Let me just print points and salida. Let me fix that.

Also, I use `res_por_bloque` which is not exported by Transicion. It's defined in exportar.jl (a script), not in the module. So `res_por_bloque` is undefined in `exportar_negativos.jl`! I need to define it there. Let me add it (copy from exportar.jl).

Let me fix both.
dsh: reasoning:
Now let me run the exporter with a fixed fecha and capture to a log. Let me use `date -Is` to get a timestamp first, then run.

Let me run:
```
FECHA=$(date -Is)
time julia ... exportar_negativos.jl --fecha "$FECHA" > resultados/exportar-negativos.log 2>&1
```
Then check the log and the file.

Let me do it.
dsh: reasoning:
The exporter worked. Let me see the head of the log for the counts by error/family and the file size / hash.
dsh: reasoning:
Now let me run the independent reader on the new file. It should give 0 discrepancies.

Also, let me verify the sha256sum check.
dsh: reasoning:
Excellent! Reader 0 discrepancies, sha256sum check OK.

Now determinism: run the exporter again to a temp file with the same fecha and compare. Let me do that.

Also run `test/runtests.jl` to confirm it still passes. And run `run.jl --replicas 50`? The order says "test/runtests.jl sigue pasando". It doesn't require run.jl. But T01-B's review mentioned run.jl. T01-C §4 says "test/runtests.jl sigue pasando; tabla de recuentos por error en el informe." So just runtests.jl. But since I modified `src/Transicion.jl` (added an include), runtests will exercise the new module load. Let me run Pkg.test.

Let me first do determinism (fast) and then the test (may take ~2 min).

Determinism: 
```
FECHA=2026-09-26T02:59:21+02:00
julia exportar_negativos.jl --fecha "$FECHA" --salida resultados/det-neg.txt
sha256sum ...
compare with the delivered file's sha.
```
Wait, if I pass `--salida resultados/det-neg.txt`, the `.sha256` will be `resultados/det-neg.sha256` and the `<nombre>` field will be `resultados/det-neg.txt`. The content file header has the same fecha. The file contents should be identical to the delivered file (same cases, same fecha, same header line including contract hash). So sha256 should match `2e407c...`. Let me verify.

Then remove the temp files.

Let me run determinism.
dsh: reasoning:
Determinism confirmed. Now run `test/runtests.jl`. This will recompile the module. Let me run it, capturing to `resultados/test-T01-C.log`.

The test may take ~2 min. Let me run it in the background? The instruction says track background jobs. But I need the result before continuing to write the report (or I can write the report while it runs). Let me run it in the background and meanwhile update the report/notes. Actually, the report depends on the test result. Let me run it in background and prepare edits while it runs.

Let me start it in background.
dsh: reasoning:
While the test runs, let me prepare the INFORME.md and PROGRESO.md sections. But I should wait until I know the test result. I can draft.

Actually, let me also double check the sample cases for each family to make sure they're semantically correct — particularly the G2 pending case (6 occurrences) and the liberación-before-R case. Let me grep the file for those case names and inspect one instance.

Let me look at a G2 case and a liberacion-antes-R case.

Actually, the reader confirmed 0 discrepancies, but I want to sanity-check the semantics manually for the key sub-cases. Let me extract one G2 case and one `neg-saldo-liberacion-antes-R`.
dsh: reasoning:
I see a problem with the `neg-saldo-liberacion-antes-R` case: it's in **PoW** phase (bloque id=4 fam=PoST? no wait). Let me look: CASE n=50 punto=1. Blocks: 1 genesis, 2 PoW h1, 3 PoW h2, 4 PoST slot=1. The RES of block 4 is ErrSaldo. But the txs are [CoinbasePost, Retiro(2,1,2), Liberacion(2,1,2)]. Wait, this is a **PoST** block (fam=PoST), not PoW. The `fase` recorded for the case is the phase of the block being applied (PoST). Good. The liberación-antes-R recipe is only generated for `!es_pow` (PoST blocks). Good.

But hold on: block 4's liberación is by clave 2. The parent state (after block 3) has garantía for key 2 with activo 5, no en_retirada. The first tx retiro(2,1,2) succeeds (activo 5→4, en_retirada [1@slot1]). Then liberación(2,1,2): vencido = inicio(1)+R_slots(1) <= slot(1)? 2<=1 false → 0; importe 1 > 0 → ErrSaldo. Correct.

Wait, but there's a subtlety: The recipe `[cb(), tx_retiro(g,1,g), tx_liberacion(g,1,g)]` uses `g` from gkeys. Here g=2. Fine.

Now, the G2 case (`neg-garantia-deposito-pendiente`) — I only saw the first part (truncated at 40 lines). Let me see the rest to confirm the pending deposit and B. Let me print the whole case.

Actually, I realize there might be an issue with the G2 case: The `V0`/`V1` blocks were appended to `pref0`, and `pref0` already includes the full base PoST chain up to the transition (or later). Wait, in `casos_garantia_pendiente`, `pref0` is `bloques[1:k-1]`. For the first PoST block (k=9 in the 4096 chain), pref0 = blocks 1..8 (up to terminal). Then V0, V1, B are appended: V0 at slot=pto0=1, V1 at slot 2, B at slot 3. But the base chain also has PoST blocks 9,10,11 which are NOT in pref0 (they're after k-1). So the story is prefix 1..8 + V0 + V1 + B. That's fine and linear. But wait: for k=9 (the base transition block), `pto0 = Ep0.slot+1`. Ep0 = state after block 8 (terminal), Ep0.fase=PoW, Ep0.slot=0 → pto0=1. Good.

But the G2 case appears 6 times total (in 4096/8192 across 3 seeds?). Actually the log says `neg-garantia-deposito-pendiente ErrGarantia:6`. So 3 seeds × 2 points = 6. Good.

Hmm, but the story I saw (n=680, punto=4096) has blocks 1..11, where 9 is CoinbasePost, 10 has Liberacion, 11 has ... This looks like the **base chain** (with retiro and liberacion), not the G2 V0/V1 story. Wait, the case is `neg-garantia-deposito-pendiente` but the blocks shown are the base chain PoST blocks 9,10,11 with RES OK. That doesn't look like V0/V1. Let me look more carefully: the header says nombre=neg-garantia-deposito-pendiente, and blocks: id=9 PoST slot=1 prod=1 ntx=1; id=10 PoST slot=3 prod=1 ntx=2 [CoinbasePost, Liberacion]; id=11 PoST slot=4 prod=1 ntx=2 [CoinbasePost, ...]. Hmm, this is the base chain, not V0/V1. But wait — could `casos_garantia_pendiente` have been called with `pref0` = blocks 1..8 and Bk0 = block 9? Then V0.id = 9, V1.id=10, B.id=11. V0 would be id=9 with slot=1, productor=1, txs=[CoinbasePost, Transferencia]. But the shown id=9 has ntx=1 (just CoinbasePost). So the shown case is NOT the G2 story... 

Oh! I see: the awk captured from the FIRST occurrence of `nombre=neg-garantia-deposito-pendiente` but `capture=1` starts at the **CASO line before** the match? Let me re-read my awk: `/^CASO/{buf=$0; capture=0} /nombre=.../{capture=1} capture{print}`. The `CASO` line sets capture=0, then the `nombre` pattern matches the same CASO line (since nombre is on the CASO line), setting capture=1, then prints. So it printed from the CASO line. Good. So n=680 is the G2 case's CASO. But the blocks shown are base chain with slots 1,3,4 and prod=1... 

Hmm, that suggests the G2 case's story is `pref0 + [V0,V1,B]` where pref0 = blocks 1..8, and V0/V1/B have ids 9,10,11. But the shown block 9 has slot=1, prod=1, ntx=1 (only CoinbasePost). V0 should have ntx=2. So either this isn't G2, or my reading of the case name vs blocks is off.

Wait, maybe the case shown is `neg-garantia-deposito-pendiente` at **punto=4096** but generated from a seed where `casos_garantia_pendiente` succeeded with `V0` built on a **later** PoST block? No.

Let me just print the full n=680 case to a file and inspect. Actually the output was truncated at 40 lines by `head -40`. Let me print the whole case (up to FIN).

Let me re-run the awk and show the full case.
dsh: reasoning:
The G2 case is exactly as designed:
- V0 = block 11: transfers 1 to key3 (firmante=1, ent=[1005]).
- V1 = block 12: key3 deposits its output 930370 (importe 1, firmante=3, clave=3) → GAR clave=3 activo=0 pend=[1@s7].
- B = block 13: productor=3, CoinbasePost → RES = ErrGarantia. 
- The `GAR clave=3 activo=0 pend=[1@s7]` confirms the pending deposit (madura en slot 7 = slot 6 + M_dep_slots 1? wait M_dep_slots=2, V1 at slot 5, madura at slot 7; B at slot 6, so still pending at B). 

This directly demonstrates "depósito pendiente usado para producir ⇒ ErrGarantia". 

Note: `V0` used `gastables_punto` and transferred 1 to key3 while key3 had no garantía. Good.

Now, one issue: The order says "en ambas fases cuando aplique". The G2 only exists in PoST, which is where it applies. Good.

Now let me also verify a `neg-inmaduro-cruce-corte` case to be sure it's genuinely crossing the cut. And a `neg-doblegasto-salida-ya-gastada`. But the reader 0 discrepancies and generator-level correctness give me confidence. Let me spot-check one inmaduro-cruce.

Actually, let me first check the background test job status. Let me continue with the report while waiting.

Let me now draft the INFORME.md T01-C section and PROGRESO.md T01-C section. I need the test result first; I'll write the sections and fill the test result after.

Let me get the counts in a form I can paste. I already have them.

Let me now think about the exact content of the report:

**INFORME.md — T01-C section:**
- Veredicto: SUPERADO.
- Fichero: 3 783 196 B, 61 843 líneas, 1 915 casos, solo interfaces por defecto, 3 puntos (1, 4096, 8192).
- sha256: 2e407c88...1792 (formato sha256sum).
- Recuento por error: table.
- Recuento por fase.
- Relectura independiente: leidos=1915, discrepancias=0.
- Determinismo: same sha.
- Declaración de la liberación-antes-de-R_slots (ErrSaldo).
- test/runtests.jl pasa.
- Budget used.

**PROGRESO.md — T01-C section:**
- Entrada check.
- Decisions/interpretation (no blocking).
- Code added.
- Commands and results.
- Timings.
- Closing entrada check.

Let me also record the HORAS.log entries: start 02:50 (order launched) and now. I'll append `date -Is` at key points. The order says "HORAS.log actualizado". Let me append the current timestamp now and at the end.

Let me append now. Actually, let me wait to batch. Let me check the test job.

Let me poll job output. Actually the instructions say I'm notified when a background job finishes; don't busy-poll. But I can continue preparing. Let me write the INFORME/PROGRESO sections now, leaving the test result to fill in. Actually, I need the exact test summary numbers. Let me wait for the job with `job_output` wait:true since I'm blocked on it for the report. Let me do that after drafting.

Actually, I can write the report sections now with placeholders and then update once the test finishes. But simpler: wait for the test (it takes ~2 min; we're maybe 1 min in). Let me do some other useful work: check the entrada hash at the end, and prepare the diff. Hmm.

Let me look at the test log progress via job_output (non-blocking read).

Actually, let me use the waiting time to verify a couple more semantic cases and to check the full file for any anomaly (e.g., any RES = ErrSinPadre, or prefix not OK). The reader already found 0 discrepancies, so all RES match the recomputation, but let me check that no prefix block has non-OK RES (which would indicate an invalid prefix). Let me count RES values.

Let me grep RES lines and count.
dsh: reasoning:
The `neg-inmaduro-cruce-corte` case: block 9 is the transition PoST at slot=1, spending coinbase_pow output 1005 created at altura=5. M_cb=3, altura_terminal=7. Check: 5+3=8 > 7, so residual maturity; slot=1 < s0(0)+M_res(3)=3 → ErrInmaduro. Correct, crossing the cut.

All RES values are exactly the 8 target errors, no ErrSinPadre or other. 1915 CASO = 1915 FIN. 

Now let me check the background test job. Let me read its output with wait (I'm blocked on it for the report). Actually, let me first draft the report, and then collect. But the report needs the test result. Let me check the job now.

Let me use job_output with wait:true, timeout maybe 180000 (3 min).
dsh: reasoning:
Test suite passes (PKGTEST_EXIT=0). 

Now let me finalize:
1. Update HORAS.log with timestamps.
2. Add T01-C sections to INFORME.md and PROGRESO.md.
3. Remove temporary exploration/debug scripts (`explorar_t01c.jl`, `probar_neg.jl`, `depurar_neg.jl`). These are not deliverables. I should delete them to keep the zone clean. But wait, `probar_neg.jl` could be seen as an extra verification script. The order says only add generators and the export. I'll remove the three temporary scripts.
4. Final entrada hash check.
5. Update goal.

Let me first record the timestamp for HORAS.log. The launch was 02:50; work started ~02:50. Let me append 02:50-ish? I only have the current time. Let me append 02:50 (from T01-C-dsh.stderr / lanzamiento) and the current time. Actually HORAS.log entries are `date -Is` outputs. I'll append the current timestamp now and at the end. Let me check the launch time from the file timestamps: `T01-C-lanzamiento.txt` at 02:50. I'll add `2026-09-26T02:50:00+02:00`? The previous entries are exact `date -Is` captures. I'll just append the timestamps I actually captured: I ran `date -Is` → 2026-09-26T02:59:42+02:00. Let me capture a final one after finishing. I'll append the start (02:50:00 might be inaccurate). Hmm, the order says "HORAS.log actualizado" and "Las horas solo salen de date -Is". The launch happened at 02:50 (file mtime). Let me read the launch files.

Let me check `T01-C-lanzamiento.txt` and `T01-C-dsh.stderr`.

Actually, I already saw the directory listing: `T01-C-dsh.stderr` 78 bytes, `T01-C-lanzamiento.txt` 26 bytes, both at 02:50. The current session started then. I'll append `2026-09-26T02:50:00+02:00`? That's not from `date -Is`. Better to append only real `date -Is` captures I made: 02:59:42. Let me capture another at the end. Two entries is fine. But the convention includes the start of the session. Let me look at the stderr file to see if it has a timestamp.

Let me read the launch artifacts.
dsh: reasoning:
Oops, the `T01-C-dsh.stdout`? No, I mistakenly cat'd the *lanzamiento* file and got my own conversation? Wait, the output shows huge text that looks like my own earlier reasoning/analysis text (about D1/D2 recipes, etc.). That's very strange. The `T01-C-lanzamiento.txt` contained 26 bytes originally but now the `cat` printed a huge block. Actually, I think the harness spilled my prior turn's content into the tool output? No — look: the output after `cat T01-C-lanzamiento.txt` shows text that is clearly my internal reasoning from earlier in *this* session ("...ada dos veces en una tx", "D3 uses gastados:", etc.). This suggests the bash tool output got mixed with the harness's captured stream. Hmm, or the `T01-C-dsh.stderr` file grew (it's 245KB+?) and contains the headless agent's streamed reasoning, which includes the previous T01-C run? Wait — `T01-C-dsh.stderr` mtime is 03:01:24, which is *now*. That's the current session's stderr being written by the harness! The launch command redirects stdout/stderr to `../T01-C-dsh.stdout` and `../T01-C-dsh.stderr`. So while I run, my own agent output is being appended to `T01-C-dsh.stderr`. And `cat T01-C-dsh.stderr` printed the streamed reasoning from my session (including internal thoughts). That's the harness's doing.

Interesting: the "reasoning" text I see is not exactly my private chain-of-thought but rather prior assistant messages? It contains my planning. This is a bit concerning but not something I need to act on. The key point: `T01-C-lanzamiento.txt` is 26 bytes and `T01-C-dsh.stderr` is being written live.

I should NOT cat the stderr file. Let me just read the small lanzamiento file properly. Actually, the output got confused because the `cat T01-C-dsh.stderr` printed the live stream. Let me avoid that.

Also note: the timestamp 03:01:24 is the stderr file's current mtime. So the current time is ~03:01. I started ~02:50. Budget 1h, so plenty of time.

Let me be careful not to cat the dsh stderr again.

Let me now:
1. Read `T01-C-lanzamiento.txt` (small).
2. Append HORAS.log entries: I'll use `date -Is` now.
3. Write INFORME/PROGRESO sections.
4. Delete temp scripts.
5. Final entrada check.

Let me get the lanzamiento file content via `read` tool instead.
dsh: reasoning:
The lanzamiento timestamp is 2026-09-26T02:50:25+02:00. Good — that's the session start, and it is a `date -Is`-formatted timestamp. I'll append it to HORAS.log, then the current one at 03:01:31, and a final one at the end.

Let me append now: 02:50:25 (start) and 03:01:31.

Actually, I can append multiple entries. Let me append the start and current. Then final at end.

Let me now write the INFORME.md T01-C section. I'll append to the end of INFORME.md.

INFORME.md content (in Spanish, matching style):

```
---

# INFORME — T01-C (vectores negativos de transacción)

## C.1. Veredicto

**SUPERADO.** `resultados/vectores-transicion-negativos-v0.txt` contiene **1 915** casos
dirigidos con el error esperado escrito a mano y confirmado por el oráculo (0 inesperados), en
los tres puntos de la rejilla por defecto que usa T01-B (índices 1, 4096 y 8192 de los 8 192
puntos con interfaces por defecto) y en ambas fases. Cada familia de rechazo de transacción
alcanza con holgura el mínimo de 30 (tabla C.2). Un lector independiente
(`src/lector_vectores.jl`, sin funciones del exportador) reconstruye y reejecuta los 1 915 casos
con **0 discrepancias**; dos ejecuciones con la misma `--fecha` dan el mismo `sha256`.

## C.2. Recuento por familia (RES confirmado por el oráculo)

| Familia (error) | Casos | PoW | PoST | Subcasos |
|...|

## C.3. Subcasos exigidos por §3.2
...

## C.4. Relectura y determinismo
...

## C.5. Entorno, comandos y tiempos
...

## C.6. Declaración sobre «liberación antes de R_slots»
...

## C.7. Lo que T01-C NO demuestra
...
```

Let me get the exact per-family PoW/PoST counts from the log for the table. From `probar_neg` output (and the exporter log), the per-phase counts:
- ErrSaldo: PoW 30+105+105 = 240; PoST 129+101+101 = 331; total 571.
- ErrDobleGasto: PoW 12+66+66 = 144; PoST 66+48+48 = 162; total 306.
- ErrRetiroPendiente: PoW 0+12+12 = 24; PoST 18+18+18 = 54; total 78.
- ErrAutorizacion: PoW 18+57+57 = 132; PoST 42+33+33 = 108; total 240.
- ErrInmaduro: PoW 12+78+75 = 165; PoST 0+12+12 = 24; total 189.
- ErrEmision: PoW 18+63+63 = 144; PoST 18+18+18 = 54; total 198.
- ErrOperacionFase: PoW 24+84+84 = 192; PoST 0; total 192.
- ErrGarantia: PoW 0; PoST 45+48+48 = 141; total 141.

Let me verify these sums from the exporter log's RECUENTO POR FASE: PoW=1041, PoST=874. Sum of PoW column: 240+144+24+132+165+144+192+0 = 1041. ✓. PoST: 331+162+54+108+24+54+0+141 = 874. ✓.

Great.

Subcase counts (from log):
- Saldo: transfer-crea-valor 63, transfer-sin-salidas 63, deposito-descuadra 63, retiro-mayor-activo 90, liberacion-mayor-vencido 54, r8-coinbasepost-cero 27, r8-deposito-cero 75, r8-retiro-cero 75, r8-liberacion-cero 27, liberacion-antes-R 34. Sum: 63+63+63+90+54+27+75+75+27+34 = 571 ✓.
- DobleGasto: entrada-duplicada-tx 63, entrada-dos-txs 63, salida-ya-gastada 90, deposito-salida-gastada 90 = 306 ✓.
- RetiroPendiente: segunda 20, dos-en-bloque 58 = 78 ✓.
- Autorizacion: transfer 63, deposito 75, retiro 75, liberacion 27 = 240 ✓.
- Inmaduro: coinbase-mismo-bloque 48, coinbase-inmadura-prev 72, deposito-mismo-bloque 45, cruce-corte 24 = 189 ✓.
- Emision: r7 48, r6 75, r9 75 = 198 ✓.
- OperacionFase: liberacion 48, evidencia 48, liberacion-sola 48, evidencia-sola 48 = 192 ✓.
- Garantia: sin-activo 135, deposito-pendiente 6 = 141 ✓.

Good.

Now let me write the sections. I'll append to INFORME.md (read it first? I already read it fully earlier in this session, and I haven't edited it, so the edit tool should be fine; but the write policy requires reading before overwrite — for `edit` it says read the file first unless just created/edited. I read it earlier this session, so OK. Let me use `edit` to append after the last line. Actually `edit` requires an `old_string`; I'll match the last lines of INFORME.md.

The last lines of INFORME.md (from earlier read):
```
- **No demuestra determinismo entre máquinas**: solo reproducibilidad en esta
  máquina, versión y semilla; el orden del `Dict` interno se neutraliza con
  ordenaciones explícitas, pero no se ha comparado con otro hardware.
```

I'll append after that.

Similarly for PROGRESO.md, the last lines:
```
Nada fuera de `T01/` se modificó; sin commit ni push; sin secretos; sin Python.
Presupuesto (1 h 30 min, 1 hilo, 8 GiB) respetado con holgura: sesión
02:08–02:25 (~17 min de reloj).
```

Let me now compose the edits.

Also, HORAS.log: append 02:50:25 and 03:01:31, plus a final timestamp later. Let me append now via bash `printf`. Since it's a simple append, use bash. But the fs policy allows workspace-write; T01 is the workspace. Good.

Let me do HORAS.log append and the two edits.

First HORAS.log.
dsh: reasoning:
Now let me add the INFORME.md T01-C section. I'll append after the last line. Let me craft it carefully.

I need the file size and line count: 3 783 196 B, 61 843 líneas.

sha256: 2e407c88118828d4ca2357fcdc21b43beb4b03f5874858b03c4860fb717e1792

Contract sha: e84d5717bb1293054b4adfbbe3ed152e9a9c643e2e55a57bec80f65b2f02c916

Fecha: 2026-09-26T02:59:21+02:00

Timings: exportar_negativos.jl wall 3.34 s, maxRSS ≈ 446 608 KB (≈436 MiB); lector 2.08 s, 389 916 KB.

Test: all testsets pass; PKGTEST_EXIT=0.

Let me write the INFORME section. Use `edit` with the last block as old_string.
dsh: reasoning:
Now the PROGRESO.md T01-C section. Let me append after the last lines.

Content:
```
---

# PROGRESO — T01-C

Bitácora de la orden T01-C (vectores negativos de transacción). Presupuesto
declarado ANTES de ejecutar: 1 h de reloj, 1 hilo, 4 GiB, 1 hilo; prohibido
Python. Horas solo de `date -Is` (`HORAS.log`).

## T01-C.1. Entrada congelada (inicio)
...
## T01-C.2. Falta de definición detectada antes de editar
...
## T01-C.3. Código añadido
...
## T01-C.4. Exportación, recuentos, relectura y determinismo
...
## T01-C.5. Tests y cierre
...
```

Let me write it.

I need the entrada check output: from earlier:
```
P-ZRX/P-TRANSICION/ORDEN-T01-C.md: OK
P-ZRX/P-TRANSICION/CONTRATO-v0.md: OK
P-ZRX/P-TRANSICION/ORDEN-T01-B.md: OK
V-ZRX/LINEO.md: OK
```
I'll include it at the end too (need to run the final check). Let me run the final check now and include it.

Also, I should delete the temp scripts before the final check? The entrada hash only covers the 4 frozen files, so temp scripts don't matter. But let me delete them.

Let me first delete the temp scripts, then run the final entrada check, then write PROGRESO with the final check result.
dsh: reasoning:
Now let me write the PROGRESO.md T01-C section. Let me capture the final timestamp too after. I'll write the section now and append a final HORAS.log entry after.

Let me append to PROGRESO.md using edit with the last lines as anchor.
dsh: reasoning:
Now I need to:
1. Double-check the INFORME/PROGRESO edits are consistent (e.g., the "0 OK in the negative block" claim — actually I wrote "no aparece ... ningún OK en el bloque negativo (10 810 OK en los prefijos válidos)". Let me re-read: "Solo se exportan `RES` con **un** error de la lista objetivo; no aparece ningún `ErrSinPadre`, ..., ni `OK` en el bloque negativo (10 810 `OK` en los prefijos válidos)." The phrase "ni OK en el bloque negativo" is a bit odd but fine: the last block always has an error; prefixes are OK. OK.

2. The sessions line in INFORME says "02:50:25–03:0x". Fine.

3. Append the final HORAS.log timestamp.

4. Verify the INFORME/PROGRESO are well-formed (no broken markdown tables).

5. Re-run the full test? Already done after the code changes. The report edits don't affect code. Good.

6. Consider: The order says "tabla de recuentos por error en el informe" — done.

7. The order says "Sección «T01-C» en INFORME.md y PROGRESO.md" — done.

8. The order says "HORAS.log" — updated.

9. The order says "nada fuera de T01/" — I only wrote in T01. The `rm` and edits are all in T01. The final entropy check reads outside but doesn't modify. Good.

10. The order says "sin commit ni push" — I won't.

Wait — one issue: I created `depurar_neg.jl` and removed it; but `T01-C-dsh.stderr` and `.stdout` in the parent dir are being written by the harness, not me. Nada fuera de T01 modificado por mí. Fine.

Let me now do a final review of the code and report. Let me re-read the generator file fully to ensure there are no leftover issues (e.g., unused `P` parameters, or the `casos_garantia_pendiente` K loop using `activo_de(Ep0,cand) < UInt64(P.q)` redundantly with `==0`). Let me read it.

Also, I want to double check the `neg-garantia-sin-activo` case count 135: 5 keys × 3 seeds × ... wait, 5 keys per PoST block. PoST blocks per point: 3 blocks × 3 seeds = 9; × 3 points = 27 blocks; ×5 = 135. ✓. But note that `casos_garantia_insuficiente` is called for every base block, including PoW (returns early) and PoST. And it's also called for the transition block. Good.

But wait: `casos_garantia_insuficiente` uses `!haskey(Ep.garantias, K)`; for K=9999 etc. always true. Good.

Let me re-read the generator to ensure the final version is coherent.

Also, an important detail: In `casos_negativos`, for each seed I generate cases and append. But the `CasoNegativo` stories reuse block ids across seeds, which is fine (separate cases). 

Let me read the generator file fully once.
dsh: reasoning:
The generator looks good. One minor issue: line 340-341 checks `activo_de(Ep0,cand)==0 && !haskey(...) && activo_de(Ep0,cand) < q` — the third condition is redundant but harmless.

Now, a subtle semantic concern: In `casos_garantia_pendiente`, the `V0` and `V1` are valid blocks generated with `aplicar`. But the exported case includes `pref0` (the base chain up to Bk0's parent) + V0 + V1 + B. Wait, for the first PoST block (transition), `pref0` = blocks up to terminal. But for other PoST blocks (k=10, k=11), `pref0` includes earlier PoST blocks. Then V0's slot = `pto0` = Ep0.slot+1. For k=10, Ep0 = state after block 9 (slot 1), pto0=2. V0 at slot 2, V1 at slot 3, B at slot 4. But the base chain's block 10 has slot 3. Our V0 at slot 2 is fine (slot must be > Ep0.slot=1). Good. But then the story `pref0 + [V0,V1,B]` drops the base block 10 (which is fine, it's a different case). 

However, the G2 case is only generated once per PoST block that has a spendable key1 UTXO with valor>=2. The log shows 6 total = 3 seeds × 2 points × 1 block? Actually each point with M_dep_slots>=2 (4096, 8192) × 3 seeds = 6. So it's generated once per seed, presumably at the transition block (k=9), and for later blocks `slot0` differs but it's still generated? If it were generated for each PoST block, the count would be higher. Maybe later PoST blocks don't have a spendable key1 UTXO with valor>=2 (they do: 1005/1006/1007 are spendable at later slots). Hmm, then why only 6? Let me think: `casos_garantia_pendiente` is called for every PoST block. For k=9 (transition), candidate o1 from `gastables_punto(Ep0, PoST, pto0=1)`: outputs 1005 (h5, needs slot>=3), 1006 (h6, needs slot>=3), 1007 (h7, needs slot>=3). At slot=1, none spendable except non-coinbase ones. Wait, are there non-coinbase outputs? For the terminal state, UTXO might include Liberacion outputs? In the base chain, no liberaciones before PoST (retiro happens at terminal, not liberated). So at slot=1, no spendable output with valor>=2 → G2 skipped for the transition.
For k=10 (second PoST block), pref0 = blocks 1..9, Ep0 = state after block 9 (slot 1 or 2), pto0 = Ep0.slot+1. At that slot, 1005 might be spendable if Im_res<=... For 4096, M_res=3, so needs slot>=3. If Ep0.slot=1 → pto0=2 <3 → not spendable. If Ep0.slot=2 → pto0=3 → spendable. Depends on `extender_post` slots.
For k=11, Ep0 slot may be 2 or 3, pto0 3 or 4 → spendable → G2 generated. So likely one of the later blocks generates it per seed. 6 total is consistent.

Anyway, the count is 6 which is fine as a demonstration (ErrGarantia total 141 ≥30). Good.

Now let me reconsider one potential issue with the report: I wrote "(10 810 `OK` en los prefijos válidos)". That's from the RES count. Correct.

Now, one more thing: the order §4 says "Presupuesto 1 h, 1 hilo, 4 GiB." I used ~436 MiB. Good.

Now let me verify the INFORME/PROGRESO sections render correctly. Let me read the appended INFORME section quickly.

Also, I should double check the `PROGRESO.md` claim "sesión de ~12 min de reloj" — start 02:50:25, now ~03:05. That's ~15 min. Let me set it to "~15 min" or just "menos de 1 h". Let me capture the final time and adjust. Actually, let me finalize the HORAS.log and then update that phrase.

Let me get the current time and append to HORAS.log, then fix the phrase if needed.

Also, I realize the INFORME says "Tiempo total de la sesión: 02:50:25–03:0x". Let me make it concrete with the final timestamp.

Let me get the final time.
dsh: reasoning:
Current time 03:02:18. Session start 02:50:25 → ~12 min. Good, "~12 min" is accurate. 

The `relectura-negativos.log` contains the `/usr/bin/time -v` output too (since I redirected the whole command including time). Fine.

Now let me append the final HORAS.log timestamp (03:02:18) and fix the INFORME session line to concrete. Let me append.

Then do a final read of INFORME/PROGRESO sections to verify.

Let me append HORAS.log and edit the INFORME line.
dsh: reasoning:
Now let me update the INFORME session line "02:50:25–03:0x" to "02:50:25–03:02:18". And the PROGRESO "~12 min" is fine.

Let me edit the INFORME line.
dsh: reasoning:
Now let me do a final review of the two report sections and the overall deliverables. Let me read the appended INFORME section and PROGRESO section.

Also, I should double check that `resultados/relectura.log` (T01-B) etc. weren't touched. Not needed.

Let me read the INFORME C section.
dsh: reasoning:
The INFORME section looks good. One small numerical inaccuracy: In C.2, the table says ErrSaldo subcasos = 10. Let me count: transfer-crea-valor, transfer-sin-salidas, deposito-descuadra, retiro-mayor-activo, liberacion-mayor-vencido, r8-coinbasepost-cero, r8-deposito-cero, r8-retiro-cero, r8-liberacion-cero, liberacion-antes-R = 10. ✓
ErrDobleGasto: 4 (entrada-duplicada-tx, entrada-dos-txs, salida-ya-gastada, deposito-salida-gastada). ✓
ErrRetiroPendiente: 2. ✓
ErrAutorizacion: 4. ✓
ErrInmaduro: 4 (coinbase-mismo-bloque, coinbase-inmadura-prev, deposito-mismo-bloque, cruce-corte). ✓
ErrEmision: 3. ✓
ErrOperacionFase: 4. ✓
ErrGarantia: 2. ✓

Good.

Now, there's a claim in C.3 about `ErrInmaduro`: "gasto de la coinbase del propio bloque en PoW (48); gasto de una coinbase inmadura del estado padre (72); depósito de la coinbase del propio bloque (45); y gasto cruzando el corte antes de s0 + M_res_slots (24)." Sum 48+72+45+24 = 189 ✓.

Now let me verify the PROGRESO section too. Let me read the appended part.
dsh: reasoning:
The PROGRESO section line 355 says "sesión 02:50:25–03:0x". Let me fix to "03:02:18". Let me edit.

Also, `test/runtests.jl no se toca` — correct, I didn't modify it.

Let me fix the timestamp.
dsh: reasoning:
Now, let me consider whether I've fully satisfied the order. Let me re-read the order's key requirements:

§3.2 families:
- ErrSaldo: transferencia que crea valor ✓; depósito que no cuadra ✓; retiro mayor que el activo ✓; liberación mayor que lo vencido ✓; importe 0 de R-8 ✓; transferencia sin salidas de R-9 ✓.
- ErrDobleGasto: misma entrada dos veces en una tx ✓; misma entrada en dos txs del mismo bloque ✓; gasto de una salida ya gastada ✓.
- ErrRetiroPendiente ✓.
- ErrAutorizacion: transferencia, depósito, retiro y liberación firmados por otra clave ✓.
- ErrInmaduro: coinbase PoW en PoW ✓ y cruzando el corte con M_res_slots ✓; depósito pendiente usado para producir ⇒ ErrGarantia aparte ✓; liberación antes de R_slots (error del oráculo declarado) ✓.
- ErrEmision (R-6, R-7, R-9) ✓.
- ErrOperacionFase (liberación y evidencia en PoW) ✓.

§3.3 Fichero: `vectores-transicion-negativos-v0.txt` + `.sha256` en formato sha256sum ✓; mismo formato de líneas que T01-B ✓; relectura con lector independiente: 0 discrepancias ✓; determinista ✓.

§4: `test/runtests.jl` sigue pasando ✓; tabla de recuentos por error en el informe ✓; presupuesto 1h/1hilo/4GiB ✓; prohibido Python ✓; sección T01-C en INFORME.md y PROGRESO.md ✓; HORAS.log ✓; nada fuera de T01/ ✓; sin commit ni push ✓; sin secretos ✓.

One more requirement: "Familias mínimas (≥ 30 casos cada una, en varios puntos de la rejilla por defecto y en ambas fases cuando aplique)". We have 3 points. But wait — does each family appear in **several** points? Let me verify: The cases are generated per point, and each family is generated for all 3 points (except point-specific skips). Let me confirm per-point distribution. From `probar_neg`: 
- ErrSaldo: 159/206/206 (all 3).
- ErrDobleGasto: 78/114/114.
- ErrRetiroPendiente: 18/30/30.
- ErrAutorizacion: 60/90/90.
- ErrInmaduro: 12/90/87.
- ErrEmision: 36/81/81.
- ErrOperacionFase: 24/84/84.
- ErrGarantia: 45/48/48.
All families appear in all 3 points. ✓

"en ambas fases cuando aplique": ErrOperacionFase only PoW (correct, it only applies in PoW). ErrGarantia only PoST (correct). Others both phases. ErrInmaduro: PoW in all 3 points; PoST in 4096/8192 (not point1 because M_res=1). That's "when applicable". ✓

Now, one thing I should double-check: the order §3.1 says "No cambies la semántica de src/Transicion.jl, src/seleccion.jl ni src/nodo.jl. Solo añades generadores de casos (src/generadores.jl o un fichero nuevo) y la exportación." I added an `include` and exports to Transicion.jl — that's necessary to load the new generator module. It doesn't change semantics. Good.

Now, let me also verify that the T01-B artifacts are unchanged (I didn't touch exportar.jl, lector_vectores.jl, vectores-transicion-v0.txt). I didn't. Good. Let me double-check the sha of vectores-transicion-v0.txt matches T01-B's 06d95324... Let me verify.

Also, let me re-run the T01-B reader on the T01-B file to ensure it still works (not required but a good sanity check that I didn't break the module for T01-B). Actually, `test/runtests.jl` passed, which is the requirement. The T01-B reader uses the same module; adding functions doesn't break it. But let me quickly verify the T01-B vector sha is unchanged and the T01-B reader still gives 0 discrepancies. Cheap (~2s).

Let me do that. Also verify the new file's sha again and the entrada.

Let me run a final consolidated check.
dsh: reasoning:
T01-B is intact and still reads cleanly.

Now let me do a final check of the complete T01 file listing and confirm nothing outside T01 was modified by me. The only files I created/modified:
- src/generadores_negativos.jl (new)
- src/Transicion.jl (added include + exports)
- exportar_negativos.jl (new)
- resultados/vectores-transicion-negativos-v0.txt (new)
- resultados/vectores-transicion-negativos-v0.sha256 (new)
- resultados/exportar-negativos.log (new)
- resultados/relectura-negativos.log (new)
- resultados/determinismo-negativos.log (new)
- resultados/test-T01-C.log (new)
- INFORME.md (appended)
- PROGRESO.md (appended)
- HORAS.log (appended)
- temp scripts created and removed.

Also the `T01-C-dsh.stdout` and `.stderr` in the parent dir are written by the harness, not me.

Now, one potential concern: I appended `2026-09-26T03:01:31` and `03:02:18` to HORAS.log but the "HORAS.log" convention seems to record specific events. That's fine.

Let me also update the `todo_write` list and mark things complete, and update the goal.

Before finalizing, let me reconsider whether there's any risk in the G2 case: The `V0` transfer sends 1 brek to key K from key1's UTXO. But in the exported story, the block V0's `RES` is computed by the exporter and should be OK; the reader confirmed 0 discrepancies. Good.

Also, I want to ensure the order's requirement "con el error esperado construido a mano y confirmado por el oráculo" is satisfied in a way the director can verify. The exporter prints `inesperados=0` and the generator has the expected error per recipe. Good.

Now, could the director object that some of my "expected errors" are just derived from the oracle by trial and error rather than "by hand"? The recipes are designed by reasoning about the code paths (I documented in the report), and the exporter verifies. This is the same approach T01-B used. I think it's fine.

Let me now also double check that the `PARAM` line for the new file only uses default interfaces (no sec/corte/sel fields). The reader hardcodes them, so the exporter must only use SEC0/CUT_HWPhi/FC3. `puntos_negativos()` filters. And `casos_negativos` uses `Params` from those points. But note: the `P` used in the cases is the filtered point, so its `sec`, `corte`, `seleccion` are default. However, the generated blocks (e.g., `tx_alta_sector`) — we don't generate sector txs. Good.

One more: The order says the file should be "en varios puntos de la rejilla por defecto". We export 3 points. Good.

Let me also confirm there are no non-ASCII issues in the file (the format is UTF-8; the `dueño` field key contains `ñ`? In the format, `UTXO dueño=`. Yes, T01-B uses `dueño`. The file is UTF-8. Fine.

Now let me update the goal to complete. First get_goal, then update.

Also update the todo list.

Let me get the goal.
dsh: reasoning:
The goal is active. Since I've completed the objective, I should mark it complete. The instruction says "During an automatic continuation of the current goal, complete and blocked are also allowed." But I'm not in an automatic continuation; this is the direct human request turn. Hmm: "edit, pause, and resume require a direct top-level human request. During an automatic continuation of the current goal, complete and blocked are also allowed." That phrasing suggests `complete` is allowed during automatic continuation. But this turn is the human request itself, which created the goal. The goal was created in this turn. Should I mark it complete now? The tool description says complete requires... Let me re-read: "update_goal: Update the exact current goal revision. edit, pause, and resume require a direct top-level human request. During an automatic continuation of the current goal, complete and blocked are also allowed."

This could be interpreted as: `complete`/`blocked` are only allowed during automatic continuation rounds, not in the initial human turn. If so, calling complete now might be rejected. But the objective is achieved. Let me try; if rejected, that's fine.

Actually, the goal might not be necessary at all; but since I created it, I should close it. Let me try `complete`.

Wait — if complete is rejected in this context, I shouldn't force it. Let me just attempt it once. If it errors, I'll leave it and explain.

Actually, re-reading: "You may infer that intent without requiring the user to say 'create a goal'." and "Mark complete only when the objective is actually achieved." I think `complete` is allowed when the objective is achieved. Let me try.

Actually the update_goal says "During an automatic continuation of the current goal, complete and blocked are also allowed." This implies that outside automatic continuation, complete/blocked may NOT be allowed. But the very purpose of goal tools is to complete. Hmm. Let me just try. If it fails, no harm.

Let me call update_goal with action complete, goal_id, revision.
dsh: reasoning:
The goal is complete.

Let me do a final summary to the user. But first, let me make sure I haven't missed anything. Let me do a final `git status`? The order says no commit/push, but checking status is fine. The repo root — is ZEROX a git repo? The order says "sin commit ni push". I won't. But let me not run git to avoid any side effects. Actually `git status` is read-only. Let me check what's modified to confirm scope. But the workspace is T01, and ZEROX may be a repo. Let me check `git -C /home/katana/zeo/ZEROX status --short` — this is read-only. It might be helpful to confirm nothing outside T01 changed. But running git could hit sandbox restrictions (read-only is fine). Let me try, but if it fails, no matter.

Actually, the sandbox is workspace-write on T01; reading git metadata of ZEROX might be allowed. Let me try.

Also, let me list the final artifacts in T01 and confirm the logs. Let me do a final consolidated verification:
- entrada OK
- new file sha and size
- reader 0 discrepancies
- test log exit 0
- determinism identical

I've already verified all. Let me just present the final summary.

One more consideration: The order's falsifiable question: «Cada familia de rechazo de transacción del contrato (v0.1) aparece al menos 30 veces en el fichero nuevo, con el error esperado construido a mano y confirmado por el oráculo, y la relectura independiente da 0 discrepancias.» → SATISFIED.

Let me produce the final answer summarizing.

Actually, let me double-check one subtle thing: the order says "tabla de recuentos por error en el informe". I put it in INFORME §C.2 and PROGRESO §T01-C.4. Good.

Also, "Sección «T01-C» en INFORME.md y PROGRESO.md". The headings are "# INFORME — T01-C (...)" and "# PROGRESO — T01-C". Good.

Let me also make sure I didn't accidentally leave `resultados/exportar-negativos.log` with stderr noise. It's fine.

Let me do the final git status check and listing, then answer.
dsh: reasoning:
The `git status` shows a huge number of deleted files, which is pre-existing repo state (not caused by me). It's odd but not my concern; I didn't delete anything outside T01. Note that I did `rm` three temp scripts I created in T01, which were untracked. The git status output shows deletions across the whole repo (P-2.1 etc.), which must be a pre-existing condition (perhaps the repo index vs working tree mismatch from prior operations). I should not touch it. The order says no commit/push, and I'm not committing.

Wait, this is concerning: could my `rm -f explorar_t01c.jl probar_neg.jl depurar_neg.jl` have triggered this? No, those are in T01 and untracked. The deletions shown are all over the repo and were likely already staged/deleted before my session (the repo working tree apparently only contains P-ZRX/P-TRANSICION, etc.). Actually, the listing of /home/katana/zeo/ZEROX earlier showed only P-ZRX and V-ZRX? Let me not worry; it's pre-existing.

Hmm, but let me check whether the git status includes T01 changes. The `git status --short | head -40` was truncated. It doesn't matter. I didn't commit.

Actually, wait: I should double check that the ginormous " D " list isn't something I caused. It says files under `P-ZRX/P-2.1/...` are deleted from the working tree. If they're truly missing, that predates me. My session only touched T01. So fine.

The final grep `grep -c 'res=Err'` = 1915, confirming every case's last block (and only error blocks) — actually `res=Err` counts all RES lines with errors, which is exactly 1915 (one per case). Combined with `res=OK` 10810. Good.

Now, the answer to the user. Let me summarize:
- Done, all requirements met.
- Key numbers.
- Files.
- Declared interpretations.
- Note: I flagged no blocking lack of definition, but reported 5 interpretation decisions.
- Frozen input verified at start and end.
- No commit/push; nothing outside T01.

Let me write the final response in Spanish (the user wrote in Spanish).

I should be concise but complete. Let me include the counts table and evidence.

One more check: the order says "sin secretos". I didn't handle secrets. Good.

Let me present.

Also, the goa: complete.

Let me write the final answer.
