# ADL-v1 · regiones: A(L_suelo, F, I, D) con L derivada por C-FLU-01
# generado = 2026-09-21T10:50:07.130
# instrumento = ADL-v1.0 (P-ZRX/P-ADELANTO/investigacion/veritas/seguridad/adelanto-v1)

# W_dec=20.0  S_max=150.0  rho=2.0  rho_max=2.5  t_obs=1.0e6
# 'manda_F' indica si L = F_slots (realimentación F→L activa) o si manda el suelo

F_slots	L_suelo	I_slots	D	L_slots	manda_F	vivo	A_core	A_D	A_frontera	A_frontera_inf	rho_estrella	coste_rel	lineas	nucleos
1019.0	0.0	151.0	0.0	1019.0	true	true	1073.5	1073.5	1150.0	1150.0	6.882352941176471	7.748344370860927	8.0	0.7446158940397352
1019.0	0.0	151.0	1.0	1019.0	true	true	1073.5	1072.5	1149.0	1149.0	6.882352941176471	7.748344370860927	8.0	0.7446158940397352
1019.0	0.0	151.0	4.0	1019.0	true	true	1073.5	1069.5	1146.0	1146.0	6.882352941176471	7.748344370860927	8.0	0.7446158940397352
1019.0	0.0	151.0	15.0	1019.0	true	true	1073.5	1058.5	1135.0	1135.0	6.882352941176471	7.748344370860927	8.0	0.7446158940397352
1019.0	0.0	151.0	45.0	1019.0	true	true	1073.5	1028.5	1105.0	1105.0	6.882352941176471	7.748344370860927	8.0	0.7446158940397352
1019.0	0.0	151.0	150.0	1019.0	true	true	1073.5	923.5	1000.0	1000.0	6.882352941176471	7.748344370860927	8.0	0.7446158940397352
1019.0	0.0	151.0	300.0	1019.0	true	true	1073.5	773.5	850.0	850.0	6.882352941176471	7.748344370860927	8.0	0.7446158940397352
1019.0	0.0	151.0	1000.0	1019.0	true	false	1073.5	73.5	150.0	150.0	6.882352941176471	7.748344370860927	8.0	0.7446158940397352
1019.0	0.0	300.0	0.0	1019.0	true	true	1148.0	1148.0	1299.0	1299.0	4.1347962382445145	4.3966666666666665	5.0	0.4225196666666667
1019.0	0.0	300.0	1.0	1019.0	true	true	1148.0	1147.0	1298.0	1298.0	4.1347962382445145	4.3966666666666665	5.0	0.4225196666666667
1019.0	0.0	300.0	4.0	1019.0	true	true	1148.0	1144.0	1295.0	1295.0	4.1347962382445145	4.3966666666666665	5.0	0.4225196666666667
1019.0	0.0	300.0	15.0	1019.0	true	true	1148.0	1133.0	1284.0	1284.0	4.1347962382445145	4.3966666666666665	5.0	0.4225196666666667
1019.0	0.0	300.0	45.0	1019.0	true	true	1148.0	1103.0	1254.0	1254.0	4.1347962382445145	4.3966666666666665	5.0	0.4225196666666667
1019.0	0.0	300.0	150.0	1019.0	true	true	1148.0	998.0	1149.0	1149.0	4.1347962382445145	4.3966666666666665	5.0	0.4225196666666667
1019.0	0.0	300.0	300.0	1019.0	true	true	1148.0	848.0	999.0	999.0	4.1347962382445145	4.3966666666666665	5.0	0.4225196666666667
1019.0	0.0	300.0	1000.0	1019.0	true	false	1148.0	148.0	299.0	299.0	4.1347962382445145	4.3966666666666665	5.0	0.4225196666666667
1019.0	0.0	851.0	0.0	1019.0	true	true	1423.5	1423.5	1850.0	1850.0	2.1494252873563218	2.1974148061104586	3.0	0.21117156286721508
1019.0	0.0	851.0	1.0	1019.0	true	true	1423.5	1422.5	1849.0	1849.0	2.1494252873563218	2.1974148061104586	3.0	0.21117156286721508
1019.0	0.0	851.0	4.0	1019.0	true	true	1423.5	1419.5	1846.0	1846.0	2.1494252873563218	2.1974148061104586	3.0	0.21117156286721508
1019.0	0.0	851.0	15.0	1019.0	true	true	1423.5	1408.5	1835.0	1835.0	2.1494252873563218	2.1974148061104586	3.0	0.21117156286721508
1019.0	0.0	851.0	45.0	1019.0	true	true	1423.5	1378.5	1805.0	1805.0	2.1494252873563218	2.1974148061104586	3.0	0.21117156286721508
1019.0	0.0	851.0	150.0	1019.0	true	true	1423.5	1273.5	1700.0	1700.0	2.1494252873563218	2.1974148061104586	3.0	0.21117156286721508
1019.0	0.0	851.0	300.0	1019.0	true	true	1423.5	1123.5	1550.0	1550.0	2.1494252873563218	2.1974148061104586	3.0	0.21117156286721508
1019.0	0.0	851.0	1000.0	1019.0	true	false	1423.5	423.5	850.0	850.0	2.1494252873563218	2.1974148061104586	3.0	0.21117156286721508
1019.0	0.0	1875.0	0.0	1019.0	true	true	1935.5	1935.5	2874.0	2874.0	1.5279831045406547	1.5434666666666668	2.0	0.1483271466666667
1019.0	0.0	1875.0	1.0	1019.0	true	true	1935.5	1934.5	2873.0	2873.0	1.5279831045406547	1.5434666666666668	2.0	0.1483271466666667
1019.0	0.0	1875.0	4.0	1019.0	true	true	1935.5	1931.5	2870.0	2870.0	1.5279831045406547	1.5434666666666668	2.0	0.1483271466666667
1019.0	0.0	1875.0	15.0	1019.0	true	true	1935.5	1920.5	2859.0	2859.0	1.5279831045406547	1.5434666666666668	2.0	0.1483271466666667
1019.0	0.0	1875.0	45.0	1019.0	true	true	1935.5	1890.5	2829.0	2829.0	1.5279831045406547	1.5434666666666668	2.0	0.1483271466666667
1019.0	0.0	1875.0	150.0	1019.0	true	true	1935.5	1785.5	2724.0	2724.0	1.5279831045406547	1.5434666666666668	2.0	0.1483271466666667
1019.0	0.0	1875.0	300.0	1019.0	true	true	1935.5	1635.5	2574.0	2574.0	1.5279831045406547	1.5434666666666668	2.0	0.1483271466666667
1019.0	0.0	1875.0	1000.0	1019.0	true	false	1935.5	935.5	1874.0	1874.0	1.5279831045406547	1.5434666666666668	2.0	0.1483271466666667
1019.0	0.0	4725.0	0.0	1019.0	true	true	3360.5	3360.5	5724.0	5724.0	1.2107925801011805	1.2156613756613757	2.0	0.11682505820105821
1019.0	0.0	4725.0	1.0	1019.0	true	true	3360.5	3359.5	5723.0	5723.0	1.2107925801011805	1.2156613756613757	2.0	0.11682505820105821
1019.0	0.0	4725.0	4.0	1019.0	true	true	3360.5	3356.5	5720.0	5720.0	1.2107925801011805	1.2156613756613757	2.0	0.11682505820105821
1019.0	0.0	4725.0	15.0	1019.0	true	true	3360.5	3345.5	5709.0	5709.0	1.2107925801011805	1.2156613756613757	2.0	0.11682505820105821
1019.0	0.0	4725.0	45.0	1019.0	true	true	3360.5	3315.5	5679.0	5679.0	1.2107925801011805	1.2156613756613757	2.0	0.11682505820105821
1019.0	0.0	4725.0	150.0	1019.0	true	true	3360.5	3210.5	5574.0	5574.0	1.2107925801011805	1.2156613756613757	2.0	0.11682505820105821
1019.0	0.0	4725.0	300.0	1019.0	true	true	3360.5	3060.5	5424.0	5424.0	1.2107925801011805	1.2156613756613757	2.0	0.11682505820105821
1019.0	0.0	4725.0	1000.0	1019.0	true	false	3360.5	2360.5	4724.0	4724.0	1.2107925801011805	1.2156613756613757	2.0	0.11682505820105821
1019.0	0.0	19180.0	0.0	1019.0	true	true	10588.0	10588.0	20179.0	20179.0	1.0520860461482369	1.053128258602711	2.0	0.10120562565172055
1019.0	0.0	19180.0	1.0	1019.0	true	true	10588.0	10587.0	20178.0	20178.0	1.0520860461482369	1.053128258602711	2.0	0.10120562565172055
1019.0	0.0	19180.0	4.0	1019.0	true	true	10588.0	10584.0	20175.0	20175.0	1.0520860461482369	1.053128258602711	2.0	0.10120562565172055
1019.0	0.0	19180.0	15.0	1019.0	true	true	10588.0	10573.0	20164.0	20164.0	1.0520860461482369	1.053128258602711	2.0	0.10120562565172055
1019.0	0.0	19180.0	45.0	1019.0	true	true	10588.0	10543.0	20134.0	20134.0	1.0520860461482369	1.053128258602711	2.0	0.10120562565172055
1019.0	0.0	19180.0	150.0	1019.0	true	true	10588.0	10438.0	20029.0	20029.0	1.0520860461482369	1.053128258602711	2.0	0.10120562565172055
1019.0	0.0	19180.0	300.0	1019.0	true	true	10588.0	10288.0	19879.0	19879.0	1.0520860461482369	1.053128258602711	2.0	0.10120562565172055
1019.0	0.0	19180.0	1000.0	1019.0	true	false	10588.0	9588.0	19179.0	19179.0	1.0520860461482369	1.053128258602711	2.0	0.10120562565172055
1019.0	500.0	151.0	0.0	1019.0	true	true	1073.5	1073.5	1150.0	1150.0	6.882352941176471	7.748344370860927	8.0	0.7446158940397352
1019.0	500.0	151.0	1.0	1019.0	true	true	1073.5	1072.5	1149.0	1149.0	6.882352941176471	7.748344370860927	8.0	0.7446158940397352
1019.0	500.0	151.0	4.0	1019.0	true	true	1073.5	1069.5	1146.0	1146.0	6.882352941176471	7.748344370860927	8.0	0.7446158940397352
1019.0	500.0	151.0	15.0	1019.0	true	true	1073.5	1058.5	1135.0	1135.0	6.882352941176471	7.748344370860927	8.0	0.7446158940397352
1019.0	500.0	151.0	45.0	1019.0	true	true	1073.5	1028.5	1105.0	1105.0	6.882352941176471	7.748344370860927	8.0	0.7446158940397352
1019.0	500.0	151.0	150.0	1019.0	true	true	1073.5	923.5	1000.0	1000.0	6.882352941176471	7.748344370860927	8.0	0.7446158940397352
1019.0	500.0	151.0	300.0	1019.0	true	true	1073.5	773.5	850.0	850.0	6.882352941176471	7.748344370860927	8.0	0.7446158940397352
1019.0	500.0	151.0	1000.0	1019.0	true	false	1073.5	73.5	150.0	150.0	6.882352941176471	7.748344370860927	8.0	0.7446158940397352
1019.0	500.0	300.0	0.0	1019.0	true	true	1148.0	1148.0	1299.0	1299.0	4.1347962382445145	4.3966666666666665	5.0	0.4225196666666667
1019.0	500.0	300.0	1.0	1019.0	true	true	1148.0	1147.0	1298.0	1298.0	4.1347962382445145	4.3966666666666665	5.0	0.4225196666666667
1019.0	500.0	300.0	4.0	1019.0	true	true	1148.0	1144.0	1295.0	1295.0	4.1347962382445145	4.3966666666666665	5.0	0.4225196666666667
1019.0	500.0	300.0	15.0	1019.0	true	true	1148.0	1133.0	1284.0	1284.0	4.1347962382445145	4.3966666666666665	5.0	0.4225196666666667
1019.0	500.0	300.0	45.0	1019.0	true	true	1148.0	1103.0	1254.0	1254.0	4.1347962382445145	4.3966666666666665	5.0	0.4225196666666667
1019.0	500.0	300.0	150.0	1019.0	true	true	1148.0	998.0	1149.0	1149.0	4.1347962382445145	4.3966666666666665	5.0	0.4225196666666667
1019.0	500.0	300.0	300.0	1019.0	true	true	1148.0	848.0	999.0	999.0	4.1347962382445145	4.3966666666666665	5.0	0.4225196666666667
1019.0	500.0	300.0	1000.0	1019.0	true	false	1148.0	148.0	299.0	299.0	4.1347962382445145	4.3966666666666665	5.0	0.4225196666666667
1019.0	500.0	851.0	0.0	1019.0	true	true	1423.5	1423.5	1850.0	1850.0	2.1494252873563218	2.1974148061104586	3.0	0.21117156286721508
1019.0	500.0	851.0	1.0	1019.0	true	true	1423.5	1422.5	1849.0	1849.0	2.1494252873563218	2.1974148061104586	3.0	0.21117156286721508
1019.0	500.0	851.0	4.0	1019.0	true	true	1423.5	1419.5	1846.0	1846.0	2.1494252873563218	2.1974148061104586	3.0	0.21117156286721508
1019.0	500.0	851.0	15.0	1019.0	true	true	1423.5	1408.5	1835.0	1835.0	2.1494252873563218	2.1974148061104586	3.0	0.21117156286721508
1019.0	500.0	851.0	45.0	1019.0	true	true	1423.5	1378.5	1805.0	1805.0	2.1494252873563218	2.1974148061104586	3.0	0.21117156286721508
1019.0	500.0	851.0	150.0	1019.0	true	true	1423.5	1273.5	1700.0	1700.0	2.1494252873563218	2.1974148061104586	3.0	0.21117156286721508
1019.0	500.0	851.0	300.0	1019.0	true	true	1423.5	1123.5	1550.0	1550.0	2.1494252873563218	2.1974148061104586	3.0	0.21117156286721508
1019.0	500.0	851.0	1000.0	1019.0	true	false	1423.5	423.5	850.0	850.0	2.1494252873563218	2.1974148061104586	3.0	0.21117156286721508
1019.0	500.0	1875.0	0.0	1019.0	true	true	1935.5	1935.5	2874.0	2874.0	1.5279831045406547	1.5434666666666668	2.0	0.1483271466666667
1019.0	500.0	1875.0	1.0	1019.0	true	true	1935.5	1934.5	2873.0	2873.0	1.5279831045406547	1.5434666666666668	2.0	0.1483271466666667
1019.0	500.0	1875.0	4.0	1019.0	true	true	1935.5	1931.5	2870.0	2870.0	1.5279831045406547	1.5434666666666668	2.0	0.1483271466666667
1019.0	500.0	1875.0	15.0	1019.0	true	true	1935.5	1920.5	2859.0	2859.0	1.5279831045406547	1.5434666666666668	2.0	0.1483271466666667
1019.0	500.0	1875.0	45.0	1019.0	true	true	1935.5	1890.5	2829.0	2829.0	1.5279831045406547	1.5434666666666668	2.0	0.1483271466666667
1019.0	500.0	1875.0	150.0	1019.0	true	true	1935.5	1785.5	2724.0	2724.0	1.5279831045406547	1.5434666666666668	2.0	0.1483271466666667
1019.0	500.0	1875.0	300.0	1019.0	true	true	1935.5	1635.5	2574.0	2574.0	1.5279831045406547	1.5434666666666668	2.0	0.1483271466666667
1019.0	500.0	1875.0	1000.0	1019.0	true	false	1935.5	935.5	1874.0	1874.0	1.5279831045406547	1.5434666666666668	2.0	0.1483271466666667
1019.0	500.0	4725.0	0.0	1019.0	true	true	3360.5	3360.5	5724.0	5724.0	1.2107925801011805	1.2156613756613757	2.0	0.11682505820105821
1019.0	500.0	4725.0	1.0	1019.0	true	true	3360.5	3359.5	5723.0	5723.0	1.2107925801011805	1.2156613756613757	2.0	0.11682505820105821
1019.0	500.0	4725.0	4.0	1019.0	true	true	3360.5	3356.5	5720.0	5720.0	1.2107925801011805	1.2156613756613757	2.0	0.11682505820105821
1019.0	500.0	4725.0	15.0	1019.0	true	true	3360.5	3345.5	5709.0	5709.0	1.2107925801011805	1.2156613756613757	2.0	0.11682505820105821
1019.0	500.0	4725.0	45.0	1019.0	true	true	3360.5	3315.5	5679.0	5679.0	1.2107925801011805	1.2156613756613757	2.0	0.11682505820105821
1019.0	500.0	4725.0	150.0	1019.0	true	true	3360.5	3210.5	5574.0	5574.0	1.2107925801011805	1.2156613756613757	2.0	0.11682505820105821
1019.0	500.0	4725.0	300.0	1019.0	true	true	3360.5	3060.5	5424.0	5424.0	1.2107925801011805	1.2156613756613757	2.0	0.11682505820105821
1019.0	500.0	4725.0	1000.0	1019.0	true	false	3360.5	2360.5	4724.0	4724.0	1.2107925801011805	1.2156613756613757	2.0	0.11682505820105821
1019.0	500.0	19180.0	0.0	1019.0	true	true	10588.0	10588.0	20179.0	20179.0	1.0520860461482369	1.053128258602711	2.0	0.10120562565172055
1019.0	500.0	19180.0	1.0	1019.0	true	true	10588.0	10587.0	20178.0	20178.0	1.0520860461482369	1.053128258602711	2.0	0.10120562565172055
1019.0	500.0	19180.0	4.0	1019.0	true	true	10588.0	10584.0	20175.0	20175.0	1.0520860461482369	1.053128258602711	2.0	0.10120562565172055
1019.0	500.0	19180.0	15.0	1019.0	true	true	10588.0	10573.0	20164.0	20164.0	1.0520860461482369	1.053128258602711	2.0	0.10120562565172055
1019.0	500.0	19180.0	45.0	1019.0	true	true	10588.0	10543.0	20134.0	20134.0	1.0520860461482369	1.053128258602711	2.0	0.10120562565172055
1019.0	500.0	19180.0	150.0	1019.0	true	true	10588.0	10438.0	20029.0	20029.0	1.0520860461482369	1.053128258602711	2.0	0.10120562565172055
1019.0	500.0	19180.0	300.0	1019.0	true	true	10588.0	10288.0	19879.0	19879.0	1.0520860461482369	1.053128258602711	2.0	0.10120562565172055
1019.0	500.0	19180.0	1000.0	1019.0	true	false	10588.0	9588.0	19179.0	19179.0	1.0520860461482369	1.053128258602711	2.0	0.10120562565172055
1019.0	3600.0	151.0	0.0	3600.0	false	true	3654.5	3654.5	3731.0	3731.0	22.064705882352943	24.841059602649008	25.0	2.3872258278145697
1019.0	3600.0	151.0	1.0	3600.0	false	true	3654.5	3653.5	3730.0	3730.0	22.064705882352943	24.841059602649008	25.0	2.3872258278145697
1019.0	3600.0	151.0	4.0	3600.0	false	true	3654.5	3650.5	3727.0	3727.0	22.064705882352943	24.841059602649008	25.0	2.3872258278145697
1019.0	3600.0	151.0	15.0	3600.0	false	true	3654.5	3639.5	3716.0	3716.0	22.064705882352943	24.841059602649008	25.0	2.3872258278145697
1019.0	3600.0	151.0	45.0	3600.0	false	true	3654.5	3609.5	3686.0	3686.0	22.064705882352943	24.841059602649008	25.0	2.3872258278145697
1019.0	3600.0	151.0	150.0	3600.0	false	true	3654.5	3504.5	3581.0	3581.0	22.064705882352943	24.841059602649008	25.0	2.3872258278145697
1019.0	3600.0	151.0	300.0	3600.0	false	true	3654.5	3354.5	3431.0	3431.0	22.064705882352943	24.841059602649008	25.0	2.3872258278145697
1019.0	3600.0	151.0	1000.0	3600.0	false	true	3654.5	2654.5	2731.0	2731.0	22.064705882352943	24.841059602649008	25.0	2.3872258278145697
1019.0	3600.0	300.0	0.0	3600.0	false	true	3729.0	3729.0	3880.0	3880.0	12.225705329153605	13.0	13.0	1.2493
1019.0	3600.0	300.0	1.0	3600.0	false	true	3729.0	3728.0	3879.0	3879.0	12.225705329153605	13.0	13.0	1.2493
1019.0	3600.0	300.0	4.0	3600.0	false	true	3729.0	3725.0	3876.0	3876.0	12.225705329153605	13.0	13.0	1.2493
1019.0	3600.0	300.0	15.0	3600.0	false	true	3729.0	3714.0	3865.0	3865.0	12.225705329153605	13.0	13.0	1.2493
1019.0	3600.0	300.0	45.0	3600.0	false	true	3729.0	3684.0	3835.0	3835.0	12.225705329153605	13.0	13.0	1.2493
1019.0	3600.0	300.0	150.0	3600.0	false	true	3729.0	3579.0	3730.0	3730.0	12.225705329153605	13.0	13.0	1.2493
1019.0	3600.0	300.0	300.0	3600.0	false	true	3729.0	3429.0	3580.0	3580.0	12.225705329153605	13.0	13.0	1.2493
1019.0	3600.0	300.0	1000.0	3600.0	false	true	3729.0	2729.0	2880.0	2880.0	12.225705329153605	13.0	13.0	1.2493
1019.0	3600.0	851.0	0.0	3600.0	false	true	4004.5	4004.5	4431.0	4431.0	5.1160919540229886	5.230317273795535	6.0	0.502633490011751
1019.0	3600.0	851.0	1.0	3600.0	false	true	4004.5	4003.5	4430.0	4430.0	5.1160919540229886	5.230317273795535	6.0	0.502633490011751
1019.0	3600.0	851.0	4.0	3600.0	false	true	4004.5	4000.5	4427.0	4427.0	5.1160919540229886	5.230317273795535	6.0	0.502633490011751
1019.0	3600.0	851.0	15.0	3600.0	false	true	4004.5	3989.5	4416.0	4416.0	5.1160919540229886	5.230317273795535	6.0	0.502633490011751
1019.0	3600.0	851.0	45.0	3600.0	false	true	4004.5	3959.5	4386.0	4386.0	5.1160919540229886	5.230317273795535	6.0	0.502633490011751
1019.0	3600.0	851.0	150.0	3600.0	false	true	4004.5	3854.5	4281.0	4281.0	5.1160919540229886	5.230317273795535	6.0	0.502633490011751
1019.0	3600.0	851.0	300.0	3600.0	false	true	4004.5	3704.5	4131.0	4131.0	5.1160919540229886	5.230317273795535	6.0	0.502633490011751
1019.0	3600.0	851.0	1000.0	3600.0	false	true	4004.5	3004.5	3431.0	3431.0	5.1160919540229886	5.230317273795535	6.0	0.502633490011751
1019.0	3600.0	1875.0	0.0	3600.0	false	true	4516.5	4516.5	5455.0	5455.0	2.8907074973600846	2.92	3.0	0.28061200000000003
1019.0	3600.0	1875.0	1.0	3600.0	false	true	4516.5	4515.5	5454.0	5454.0	2.8907074973600846	2.92	3.0	0.28061200000000003
1019.0	3600.0	1875.0	4.0	3600.0	false	true	4516.5	4512.5	5451.0	5451.0	2.8907074973600846	2.92	3.0	0.28061200000000003
1019.0	3600.0	1875.0	15.0	3600.0	false	true	4516.5	4501.5	5440.0	5440.0	2.8907074973600846	2.92	3.0	0.28061200000000003
1019.0	3600.0	1875.0	45.0	3600.0	false	true	4516.5	4471.5	5410.0	5410.0	2.8907074973600846	2.92	3.0	0.28061200000000003
1019.0	3600.0	1875.0	150.0	3600.0	false	true	4516.5	4366.5	5305.0	5305.0	2.8907074973600846	2.92	3.0	0.28061200000000003
1019.0	3600.0	1875.0	300.0	3600.0	false	true	4516.5	4216.5	5155.0	5155.0	2.8907074973600846	2.92	3.0	0.28061200000000003
1019.0	3600.0	1875.0	1000.0	3600.0	false	true	4516.5	3516.5	4455.0	4455.0	2.8907074973600846	2.92	3.0	0.28061200000000003
1019.0	3600.0	4725.0	0.0	3600.0	false	true	5941.5	5941.5	8305.0	8305.0	1.754848229342327	1.7619047619047619	2.0	0.16931904761904762
1019.0	3600.0	4725.0	1.0	3600.0	false	true	5941.5	5940.5	8304.0	8304.0	1.754848229342327	1.7619047619047619	2.0	0.16931904761904762
1019.0	3600.0	4725.0	4.0	3600.0	false	true	5941.5	5937.5	8301.0	8301.0	1.754848229342327	1.7619047619047619	2.0	0.16931904761904762
1019.0	3600.0	4725.0	15.0	3600.0	false	true	5941.5	5926.5	8290.0	8290.0	1.754848229342327	1.7619047619047619	2.0	0.16931904761904762
1019.0	3600.0	4725.0	45.0	3600.0	false	true	5941.5	5896.5	8260.0	8260.0	1.754848229342327	1.7619047619047619	2.0	0.16931904761904762
1019.0	3600.0	4725.0	150.0	3600.0	false	true	5941.5	5791.5	8155.0	8155.0	1.754848229342327	1.7619047619047619	2.0	0.16931904761904762
1019.0	3600.0	4725.0	300.0	3600.0	false	true	5941.5	5641.5	8005.0	8005.0	1.754848229342327	1.7619047619047619	2.0	0.16931904761904762
1019.0	3600.0	4725.0	1000.0	3600.0	false	true	5941.5	4941.5	7305.0	7305.0	1.754848229342327	1.7619047619047619	2.0	0.16931904761904762
1019.0	3600.0	19180.0	0.0	3600.0	false	true	13169.0	13169.0	22760.0	22760.0	1.1865201312568363	1.1876955161626694	2.0	0.11413753910323254
1019.0	3600.0	19180.0	1.0	3600.0	false	true	13169.0	13168.0	22759.0	22759.0	1.1865201312568363	1.1876955161626694	2.0	0.11413753910323254
1019.0	3600.0	19180.0	4.0	3600.0	false	true	13169.0	13165.0	22756.0	22756.0	1.1865201312568363	1.1876955161626694	2.0	0.11413753910323254
1019.0	3600.0	19180.0	15.0	3600.0	false	true	13169.0	13154.0	22745.0	22745.0	1.1865201312568363	1.1876955161626694	2.0	0.11413753910323254
1019.0	3600.0	19180.0	45.0	3600.0	false	true	13169.0	13124.0	22715.0	22715.0	1.1865201312568363	1.1876955161626694	2.0	0.11413753910323254
1019.0	3600.0	19180.0	150.0	3600.0	false	true	13169.0	13019.0	22610.0	22610.0	1.1865201312568363	1.1876955161626694	2.0	0.11413753910323254
1019.0	3600.0	19180.0	300.0	3600.0	false	true	13169.0	12869.0	22460.0	22460.0	1.1865201312568363	1.1876955161626694	2.0	0.11413753910323254
1019.0	3600.0	19180.0	1000.0	3600.0	false	true	13169.0	12169.0	21760.0	21760.0	1.1865201312568363	1.1876955161626694	2.0	0.11413753910323254
1019.0	20000.0	151.0	0.0	20000.0	false	true	20054.5	20054.5	20131.0	20131.0	118.53529411764706	133.4503311258278	134.0	12.824576821192052
1019.0	20000.0	151.0	1.0	20000.0	false	true	20054.5	20053.5	20130.0	20130.0	118.53529411764706	133.4503311258278	134.0	12.824576821192052
1019.0	20000.0	151.0	4.0	20000.0	false	true	20054.5	20050.5	20127.0	20127.0	118.53529411764706	133.4503311258278	134.0	12.824576821192052
1019.0	20000.0	151.0	15.0	20000.0	false	true	20054.5	20039.5	20116.0	20116.0	118.53529411764706	133.4503311258278	134.0	12.824576821192052
1019.0	20000.0	151.0	45.0	20000.0	false	true	20054.5	20009.5	20086.0	20086.0	118.53529411764706	133.4503311258278	134.0	12.824576821192052
1019.0	20000.0	151.0	150.0	20000.0	false	true	20054.5	19904.5	19981.0	19981.0	118.53529411764706	133.4503311258278	134.0	12.824576821192052
1019.0	20000.0	151.0	300.0	20000.0	false	true	20054.5	19754.5	19831.0	19831.0	118.53529411764706	133.4503311258278	134.0	12.824576821192052
1019.0	20000.0	151.0	1000.0	20000.0	false	true	20054.5	19054.5	19131.0	19131.0	118.53529411764706	133.4503311258278	134.0	12.824576821192052
1019.0	20000.0	300.0	0.0	20000.0	false	true	20129.0	20129.0	20280.0	20280.0	63.63636363636363	67.66666666666667	68.0	6.502766666666667
1019.0	20000.0	300.0	1.0	20000.0	false	true	20129.0	20128.0	20279.0	20279.0	63.63636363636363	67.66666666666667	68.0	6.502766666666667
1019.0	20000.0	300.0	4.0	20000.0	false	true	20129.0	20125.0	20276.0	20276.0	63.63636363636363	67.66666666666667	68.0	6.502766666666667
1019.0	20000.0	300.0	15.0	20000.0	false	true	20129.0	20114.0	20265.0	20265.0	63.63636363636363	67.66666666666667	68.0	6.502766666666667
1019.0	20000.0	300.0	45.0	20000.0	false	true	20129.0	20084.0	20235.0	20235.0	63.63636363636363	67.66666666666667	68.0	6.502766666666667
1019.0	20000.0	300.0	150.0	20000.0	false	true	20129.0	19979.0	20130.0	20130.0	63.63636363636363	67.66666666666667	68.0	6.502766666666667
1019.0	20000.0	300.0	300.0	20000.0	false	true	20129.0	19829.0	19980.0	19980.0	63.63636363636363	67.66666666666667	68.0	6.502766666666667
1019.0	20000.0	300.0	1000.0	20000.0	false	true	20129.0	19129.0	19280.0	19280.0	63.63636363636363	67.66666666666667	68.0	6.502766666666667
1019.0	20000.0	851.0	0.0	20000.0	false	true	20404.5	20404.5	20831.0	20831.0	23.966666666666665	24.501762632197416	25.0	2.3546193889541716
1019.0	20000.0	851.0	1.0	20000.0	false	true	20404.5	20403.5	20830.0	20830.0	23.966666666666665	24.501762632197416	25.0	2.3546193889541716
1019.0	20000.0	851.0	4.0	20000.0	false	true	20404.5	20400.5	20827.0	20827.0	23.966666666666665	24.501762632197416	25.0	2.3546193889541716
1019.0	20000.0	851.0	15.0	20000.0	false	true	20404.5	20389.5	20816.0	20816.0	23.966666666666665	24.501762632197416	25.0	2.3546193889541716
1019.0	20000.0	851.0	45.0	20000.0	false	true	20404.5	20359.5	20786.0	20786.0	23.966666666666665	24.501762632197416	25.0	2.3546193889541716
1019.0	20000.0	851.0	150.0	20000.0	false	true	20404.5	20254.5	20681.0	20681.0	23.966666666666665	24.501762632197416	25.0	2.3546193889541716
1019.0	20000.0	851.0	300.0	20000.0	false	true	20404.5	20104.5	20531.0	20531.0	23.966666666666665	24.501762632197416	25.0	2.3546193889541716
1019.0	20000.0	851.0	1000.0	20000.0	false	true	20404.5	19404.5	19831.0	19831.0	23.966666666666665	24.501762632197416	25.0	2.3546193889541716
1019.0	20000.0	1875.0	0.0	20000.0	false	true	20916.5	20916.5	21855.0	21855.0	11.549630411826822	11.666666666666666	12.0	1.1211666666666666
1019.0	20000.0	1875.0	1.0	20000.0	false	true	20916.5	20915.5	21854.0	21854.0	11.549630411826822	11.666666666666666	12.0	1.1211666666666666
1019.0	20000.0	1875.0	4.0	20000.0	false	true	20916.5	20912.5	21851.0	21851.0	11.549630411826822	11.666666666666666	12.0	1.1211666666666666
1019.0	20000.0	1875.0	15.0	20000.0	false	true	20916.5	20901.5	21840.0	21840.0	11.549630411826822	11.666666666666666	12.0	1.1211666666666666
1019.0	20000.0	1875.0	45.0	20000.0	false	true	20916.5	20871.5	21810.0	21810.0	11.549630411826822	11.666666666666666	12.0	1.1211666666666666
1019.0	20000.0	1875.0	150.0	20000.0	false	true	20916.5	20766.5	21705.0	21705.0	11.549630411826822	11.666666666666666	12.0	1.1211666666666666
1019.0	20000.0	1875.0	300.0	20000.0	false	true	20916.5	20616.5	21555.0	21555.0	11.549630411826822	11.666666666666666	12.0	1.1211666666666666
1019.0	20000.0	1875.0	1000.0	20000.0	false	true	20916.5	19916.5	20855.0	20855.0	11.549630411826822	11.666666666666666	12.0	1.1211666666666666
1019.0	20000.0	4725.0	0.0	20000.0	false	true	22341.5	22341.5	24705.0	24705.0	5.211846543001687	5.232804232804233	6.0	0.5028724867724867
1019.0	20000.0	4725.0	1.0	20000.0	false	true	22341.5	22340.5	24704.0	24704.0	5.211846543001687	5.232804232804233	6.0	0.5028724867724867
1019.0	20000.0	4725.0	4.0	20000.0	false	true	22341.5	22337.5	24701.0	24701.0	5.211846543001687	5.232804232804233	6.0	0.5028724867724867
1019.0	20000.0	4725.0	15.0	20000.0	false	true	22341.5	22326.5	24690.0	24690.0	5.211846543001687	5.232804232804233	6.0	0.5028724867724867
1019.0	20000.0	4725.0	45.0	20000.0	false	true	22341.5	22296.5	24660.0	24660.0	5.211846543001687	5.232804232804233	6.0	0.5028724867724867
1019.0	20000.0	4725.0	150.0	20000.0	false	true	22341.5	22191.5	24555.0	24555.0	5.211846543001687	5.232804232804233	6.0	0.5028724867724867
1019.0	20000.0	4725.0	300.0	20000.0	false	true	22341.5	22041.5	24405.0	24405.0	5.211846543001687	5.232804232804233	6.0	0.5028724867724867
1019.0	20000.0	4725.0	1000.0	20000.0	false	true	22341.5	21341.5	23705.0	23705.0	5.211846543001687	5.232804232804233	6.0	0.5028724867724867
1019.0	20000.0	19180.0	0.0	20000.0	false	true	29569.0	29569.0	39160.0	39160.0	2.040731288087921	2.042752867570386	3.0	0.1963085505735141
1019.0	20000.0	19180.0	1.0	20000.0	false	true	29569.0	29568.0	39159.0	39159.0	2.040731288087921	2.042752867570386	3.0	0.1963085505735141
1019.0	20000.0	19180.0	4.0	20000.0	false	true	29569.0	29565.0	39156.0	39156.0	2.040731288087921	2.042752867570386	3.0	0.1963085505735141
1019.0	20000.0	19180.0	15.0	20000.0	false	true	29569.0	29554.0	39145.0	39145.0	2.040731288087921	2.042752867570386	3.0	0.1963085505735141
1019.0	20000.0	19180.0	45.0	20000.0	false	true	29569.0	29524.0	39115.0	39115.0	2.040731288087921	2.042752867570386	3.0	0.1963085505735141
1019.0	20000.0	19180.0	150.0	20000.0	false	true	29569.0	29419.0	39010.0	39010.0	2.040731288087921	2.042752867570386	3.0	0.1963085505735141
1019.0	20000.0	19180.0	300.0	20000.0	false	true	29569.0	29269.0	38860.0	38860.0	2.040731288087921	2.042752867570386	3.0	0.1963085505735141
1019.0	20000.0	19180.0	1000.0	20000.0	false	true	29569.0	28569.0	38160.0	38160.0	2.040731288087921	2.042752867570386	3.0	0.1963085505735141
1249.0	0.0	151.0	0.0	1249.0	true	true	1303.5	1303.5	1380.0	1380.0	8.235294117647058	9.271523178807946	10.0	0.8909933774834436
1249.0	0.0	151.0	1.0	1249.0	true	true	1303.5	1302.5	1379.0	1379.0	8.235294117647058	9.271523178807946	10.0	0.8909933774834436
1249.0	0.0	151.0	4.0	1249.0	true	true	1303.5	1299.5	1376.0	1376.0	8.235294117647058	9.271523178807946	10.0	0.8909933774834436
1249.0	0.0	151.0	15.0	1249.0	true	true	1303.5	1288.5	1365.0	1365.0	8.235294117647058	9.271523178807946	10.0	0.8909933774834436
1249.0	0.0	151.0	45.0	1249.0	true	true	1303.5	1258.5	1335.0	1335.0	8.235294117647058	9.271523178807946	10.0	0.8909933774834436
1249.0	0.0	151.0	150.0	1249.0	true	true	1303.5	1153.5	1230.0	1230.0	8.235294117647058	9.271523178807946	10.0	0.8909933774834436
1249.0	0.0	151.0	300.0	1249.0	true	true	1303.5	1003.5	1080.0	1080.0	8.235294117647058	9.271523178807946	10.0	0.8909933774834436
1249.0	0.0	151.0	1000.0	1249.0	true	true	1303.5	303.5	380.0	380.0	8.235294117647058	9.271523178807946	10.0	0.8909933774834436
1249.0	0.0	300.0	0.0	1249.0	true	true	1378.0	1378.0	1529.0	1529.0	4.855799373040752	5.163333333333333	6.0	0.49619633333333335
1249.0	0.0	300.0	1.0	1249.0	true	true	1378.0	1377.0	1528.0	1528.0	4.855799373040752	5.163333333333333	6.0	0.49619633333333335
1249.0	0.0	300.0	4.0	1249.0	true	true	1378.0	1374.0	1525.0	1525.0	4.855799373040752	5.163333333333333	6.0	0.49619633333333335
1249.0	0.0	300.0	15.0	1249.0	true	true	1378.0	1363.0	1514.0	1514.0	4.855799373040752	5.163333333333333	6.0	0.49619633333333335
1249.0	0.0	300.0	45.0	1249.0	true	true	1378.0	1333.0	1484.0	1484.0	4.855799373040752	5.163333333333333	6.0	0.49619633333333335
1249.0	0.0	300.0	150.0	1249.0	true	true	1378.0	1228.0	1379.0	1379.0	4.855799373040752	5.163333333333333	6.0	0.49619633333333335
1249.0	0.0	300.0	300.0	1249.0	true	true	1378.0	1078.0	1229.0	1229.0	4.855799373040752	5.163333333333333	6.0	0.49619633333333335
1249.0	0.0	300.0	1000.0	1249.0	true	true	1378.0	378.0	529.0	529.0	4.855799373040752	5.163333333333333	6.0	0.49619633333333335
1249.0	0.0	851.0	0.0	1249.0	true	true	1653.5	1653.5	2080.0	2080.0	2.413793103448276	2.4676850763807288	3.0	0.23714453584018805
1249.0	0.0	851.0	1.0	1249.0	true	true	1653.5	1652.5	2079.0	2079.0	2.413793103448276	2.4676850763807288	3.0	0.23714453584018805
1249.0	0.0	851.0	4.0	1249.0	true	true	1653.5	1649.5	2076.0	2076.0	2.413793103448276	2.4676850763807288	3.0	0.23714453584018805
1249.0	0.0	851.0	15.0	1249.0	true	true	1653.5	1638.5	2065.0	2065.0	2.413793103448276	2.4676850763807288	3.0	0.23714453584018805
1249.0	0.0	851.0	45.0	1249.0	true	true	1653.5	1608.5	2035.0	2035.0	2.413793103448276	2.4676850763807288	3.0	0.23714453584018805
1249.0	0.0	851.0	150.0	1249.0	true	true	1653.5	1503.5	1930.0	1930.0	2.413793103448276	2.4676850763807288	3.0	0.23714453584018805
1249.0	0.0	851.0	300.0	1249.0	true	true	1653.5	1353.5	1780.0	1780.0	2.413793103448276	2.4676850763807288	3.0	0.23714453584018805
1249.0	0.0	851.0	1000.0	1249.0	true	true	1653.5	653.5	1080.0	1080.0	2.413793103448276	2.4676850763807288	3.0	0.23714453584018805
1249.0	0.0	1875.0	0.0	1249.0	true	true	2165.5	2165.5	3104.0	3104.0	1.6494192185850052	1.6661333333333332	2.0	0.16011541333333335
1249.0	0.0	1875.0	1.0	1249.0	true	true	2165.5	2164.5	3103.0	3103.0	1.6494192185850052	1.6661333333333332	2.0	0.16011541333333335
1249.0	0.0	1875.0	4.0	1249.0	true	true	2165.5	2161.5	3100.0	3100.0	1.6494192185850052	1.6661333333333332	2.0	0.16011541333333335
1249.0	0.0	1875.0	15.0	1249.0	true	true	2165.5	2150.5	3089.0	3089.0	1.6494192185850052	1.6661333333333332	2.0	0.16011541333333335
1249.0	0.0	1875.0	45.0	1249.0	true	true	2165.5	2120.5	3059.0	3059.0	1.6494192185850052	1.6661333333333332	2.0	0.16011541333333335
1249.0	0.0	1875.0	150.0	1249.0	true	true	2165.5	2015.5	2954.0	2954.0	1.6494192185850052	1.6661333333333332	2.0	0.16011541333333335
1249.0	0.0	1875.0	300.0	1249.0	true	true	2165.5	1865.5	2804.0	2804.0	1.6494192185850052	1.6661333333333332	2.0	0.16011541333333335
1249.0	0.0	1875.0	1000.0	1249.0	true	true	2165.5	1165.5	2104.0	2104.0	1.6494192185850052	1.6661333333333332	2.0	0.16011541333333335
1249.0	0.0	4725.0	0.0	1249.0	true	true	3590.5	3590.5	5954.0	5954.0	1.2592748735244519	1.2643386243386243	2.0	0.1215029417989418
1249.0	0.0	4725.0	1.0	1249.0	true	true	3590.5	3589.5	5953.0	5953.0	1.2592748735244519	1.2643386243386243	2.0	0.1215029417989418
1249.0	0.0	4725.0	4.0	1249.0	true	true	3590.5	3586.5	5950.0	5950.0	1.2592748735244519	1.2643386243386243	2.0	0.1215029417989418
1249.0	0.0	4725.0	15.0	1249.0	true	true	3590.5	3575.5	5939.0	5939.0	1.2592748735244519	1.2643386243386243	2.0	0.1215029417989418
1249.0	0.0	4725.0	45.0	1249.0	true	true	3590.5	3545.5	5909.0	5909.0	1.2592748735244519	1.2643386243386243	2.0	0.1215029417989418
1249.0	0.0	4725.0	150.0	1249.0	true	true	3590.5	3440.5	5804.0	5804.0	1.2592748735244519	1.2643386243386243	2.0	0.1215029417989418
1249.0	0.0	4725.0	300.0	1249.0	true	true	3590.5	3290.5	5654.0	5654.0	1.2592748735244519	1.2643386243386243	2.0	0.1215029417989418
1249.0	0.0	4725.0	1000.0	1249.0	true	true	3590.5	2590.5	4954.0	4954.0	1.2592748735244519	1.2643386243386243	2.0	0.1215029417989418
1249.0	0.0	19180.0	0.0	1249.0	true	true	10818.0	10818.0	20409.0	20409.0	1.0640658367623315	1.0651199165797707	2.0	0.10235802398331596
1249.0	0.0	19180.0	1.0	1249.0	true	true	10818.0	10817.0	20408.0	20408.0	1.0640658367623315	1.0651199165797707	2.0	0.10235802398331596
1249.0	0.0	19180.0	4.0	1249.0	true	true	10818.0	10814.0	20405.0	20405.0	1.0640658367623315	1.0651199165797707	2.0	0.10235802398331596
1249.0	0.0	19180.0	15.0	1249.0	true	true	10818.0	10803.0	20394.0	20394.0	1.0640658367623315	1.0651199165797707	2.0	0.10235802398331596
1249.0	0.0	19180.0	45.0	1249.0	true	true	10818.0	10773.0	20364.0	20364.0	1.0640658367623315	1.0651199165797707	2.0	0.10235802398331596
1249.0	0.0	19180.0	150.0	1249.0	true	true	10818.0	10668.0	20259.0	20259.0	1.0640658367623315	1.0651199165797707	2.0	0.10235802398331596
1249.0	0.0	19180.0	300.0	1249.0	true	true	10818.0	10518.0	20109.0	20109.0	1.0640658367623315	1.0651199165797707	2.0	0.10235802398331596
1249.0	0.0	19180.0	1000.0	1249.0	true	true	10818.0	9818.0	19409.0	19409.0	1.0640658367623315	1.0651199165797707	2.0	0.10235802398331596
1249.0	500.0	151.0	0.0	1249.0	true	true	1303.5	1303.5	1380.0	1380.0	8.235294117647058	9.271523178807946	10.0	0.8909933774834436
1249.0	500.0	151.0	1.0	1249.0	true	true	1303.5	1302.5	1379.0	1379.0	8.235294117647058	9.271523178807946	10.0	0.8909933774834436
1249.0	500.0	151.0	4.0	1249.0	true	true	1303.5	1299.5	1376.0	1376.0	8.235294117647058	9.271523178807946	10.0	0.8909933774834436
1249.0	500.0	151.0	15.0	1249.0	true	true	1303.5	1288.5	1365.0	1365.0	8.235294117647058	9.271523178807946	10.0	0.8909933774834436
1249.0	500.0	151.0	45.0	1249.0	true	true	1303.5	1258.5	1335.0	1335.0	8.235294117647058	9.271523178807946	10.0	0.8909933774834436
1249.0	500.0	151.0	150.0	1249.0	true	true	1303.5	1153.5	1230.0	1230.0	8.235294117647058	9.271523178807946	10.0	0.8909933774834436
1249.0	500.0	151.0	300.0	1249.0	true	true	1303.5	1003.5	1080.0	1080.0	8.235294117647058	9.271523178807946	10.0	0.8909933774834436
1249.0	500.0	151.0	1000.0	1249.0	true	true	1303.5	303.5	380.0	380.0	8.235294117647058	9.271523178807946	10.0	0.8909933774834436
1249.0	500.0	300.0	0.0	1249.0	true	true	1378.0	1378.0	1529.0	1529.0	4.855799373040752	5.163333333333333	6.0	0.49619633333333335
1249.0	500.0	300.0	1.0	1249.0	true	true	1378.0	1377.0	1528.0	1528.0	4.855799373040752	5.163333333333333	6.0	0.49619633333333335
1249.0	500.0	300.0	4.0	1249.0	true	true	1378.0	1374.0	1525.0	1525.0	4.855799373040752	5.163333333333333	6.0	0.49619633333333335
1249.0	500.0	300.0	15.0	1249.0	true	true	1378.0	1363.0	1514.0	1514.0	4.855799373040752	5.163333333333333	6.0	0.49619633333333335
1249.0	500.0	300.0	45.0	1249.0	true	true	1378.0	1333.0	1484.0	1484.0	4.855799373040752	5.163333333333333	6.0	0.49619633333333335
1249.0	500.0	300.0	150.0	1249.0	true	true	1378.0	1228.0	1379.0	1379.0	4.855799373040752	5.163333333333333	6.0	0.49619633333333335
1249.0	500.0	300.0	300.0	1249.0	true	true	1378.0	1078.0	1229.0	1229.0	4.855799373040752	5.163333333333333	6.0	0.49619633333333335
1249.0	500.0	300.0	1000.0	1249.0	true	true	1378.0	378.0	529.0	529.0	4.855799373040752	5.163333333333333	6.0	0.49619633333333335
1249.0	500.0	851.0	0.0	1249.0	true	true	1653.5	1653.5	2080.0	2080.0	2.413793103448276	2.4676850763807288	3.0	0.23714453584018805
1249.0	500.0	851.0	1.0	1249.0	true	true	1653.5	1652.5	2079.0	2079.0	2.413793103448276	2.4676850763807288	3.0	0.23714453584018805
1249.0	500.0	851.0	4.0	1249.0	true	true	1653.5	1649.5	2076.0	2076.0	2.413793103448276	2.4676850763807288	3.0	0.23714453584018805
1249.0	500.0	851.0	15.0	1249.0	true	true	1653.5	1638.5	2065.0	2065.0	2.413793103448276	2.4676850763807288	3.0	0.23714453584018805
1249.0	500.0	851.0	45.0	1249.0	true	true	1653.5	1608.5	2035.0	2035.0	2.413793103448276	2.4676850763807288	3.0	0.23714453584018805
1249.0	500.0	851.0	150.0	1249.0	true	true	1653.5	1503.5	1930.0	1930.0	2.413793103448276	2.4676850763807288	3.0	0.23714453584018805
1249.0	500.0	851.0	300.0	1249.0	true	true	1653.5	1353.5	1780.0	1780.0	2.413793103448276	2.4676850763807288	3.0	0.23714453584018805
1249.0	500.0	851.0	1000.0	1249.0	true	true	1653.5	653.5	1080.0	1080.0	2.413793103448276	2.4676850763807288	3.0	0.23714453584018805
1249.0	500.0	1875.0	0.0	1249.0	true	true	2165.5	2165.5	3104.0	3104.0	1.6494192185850052	1.6661333333333332	2.0	0.16011541333333335
1249.0	500.0	1875.0	1.0	1249.0	true	true	2165.5	2164.5	3103.0	3103.0	1.6494192185850052	1.6661333333333332	2.0	0.16011541333333335
1249.0	500.0	1875.0	4.0	1249.0	true	true	2165.5	2161.5	3100.0	3100.0	1.6494192185850052	1.6661333333333332	2.0	0.16011541333333335
1249.0	500.0	1875.0	15.0	1249.0	true	true	2165.5	2150.5	3089.0	3089.0	1.6494192185850052	1.6661333333333332	2.0	0.16011541333333335
1249.0	500.0	1875.0	45.0	1249.0	true	true	2165.5	2120.5	3059.0	3059.0	1.6494192185850052	1.6661333333333332	2.0	0.16011541333333335
1249.0	500.0	1875.0	150.0	1249.0	true	true	2165.5	2015.5	2954.0	2954.0	1.6494192185850052	1.6661333333333332	2.0	0.16011541333333335
1249.0	500.0	1875.0	300.0	1249.0	true	true	2165.5	1865.5	2804.0	2804.0	1.6494192185850052	1.6661333333333332	2.0	0.16011541333333335
1249.0	500.0	1875.0	1000.0	1249.0	true	true	2165.5	1165.5	2104.0	2104.0	1.6494192185850052	1.6661333333333332	2.0	0.16011541333333335
1249.0	500.0	4725.0	0.0	1249.0	true	true	3590.5	3590.5	5954.0	5954.0	1.2592748735244519	1.2643386243386243	2.0	0.1215029417989418
1249.0	500.0	4725.0	1.0	1249.0	true	true	3590.5	3589.5	5953.0	5953.0	1.2592748735244519	1.2643386243386243	2.0	0.1215029417989418
1249.0	500.0	4725.0	4.0	1249.0	true	true	3590.5	3586.5	5950.0	5950.0	1.2592748735244519	1.2643386243386243	2.0	0.1215029417989418
1249.0	500.0	4725.0	15.0	1249.0	true	true	3590.5	3575.5	5939.0	5939.0	1.2592748735244519	1.2643386243386243	2.0	0.1215029417989418
1249.0	500.0	4725.0	45.0	1249.0	true	true	3590.5	3545.5	5909.0	5909.0	1.2592748735244519	1.2643386243386243	2.0	0.1215029417989418
1249.0	500.0	4725.0	150.0	1249.0	true	true	3590.5	3440.5	5804.0	5804.0	1.2592748735244519	1.2643386243386243	2.0	0.1215029417989418
1249.0	500.0	4725.0	300.0	1249.0	true	true	3590.5	3290.5	5654.0	5654.0	1.2592748735244519	1.2643386243386243	2.0	0.1215029417989418
1249.0	500.0	4725.0	1000.0	1249.0	true	true	3590.5	2590.5	4954.0	4954.0	1.2592748735244519	1.2643386243386243	2.0	0.1215029417989418
1249.0	500.0	19180.0	0.0	1249.0	true	true	10818.0	10818.0	20409.0	20409.0	1.0640658367623315	1.0651199165797707	2.0	0.10235802398331596
1249.0	500.0	19180.0	1.0	1249.0	true	true	10818.0	10817.0	20408.0	20408.0	1.0640658367623315	1.0651199165797707	2.0	0.10235802398331596
1249.0	500.0	19180.0	4.0	1249.0	true	true	10818.0	10814.0	20405.0	20405.0	1.0640658367623315	1.0651199165797707	2.0	0.10235802398331596
1249.0	500.0	19180.0	15.0	1249.0	true	true	10818.0	10803.0	20394.0	20394.0	1.0640658367623315	1.0651199165797707	2.0	0.10235802398331596
1249.0	500.0	19180.0	45.0	1249.0	true	true	10818.0	10773.0	20364.0	20364.0	1.0640658367623315	1.0651199165797707	2.0	0.10235802398331596
1249.0	500.0	19180.0	150.0	1249.0	true	true	10818.0	10668.0	20259.0	20259.0	1.0640658367623315	1.0651199165797707	2.0	0.10235802398331596
1249.0	500.0	19180.0	300.0	1249.0	true	true	10818.0	10518.0	20109.0	20109.0	1.0640658367623315	1.0651199165797707	2.0	0.10235802398331596
1249.0	500.0	19180.0	1000.0	1249.0	true	true	10818.0	9818.0	19409.0	19409.0	1.0640658367623315	1.0651199165797707	2.0	0.10235802398331596
1249.0	3600.0	151.0	0.0	3600.0	false	true	3654.5	3654.5	3731.0	3731.0	22.064705882352943	24.841059602649008	25.0	2.3872258278145697
1249.0	3600.0	151.0	1.0	3600.0	false	true	3654.5	3653.5	3730.0	3730.0	22.064705882352943	24.841059602649008	25.0	2.3872258278145697
1249.0	3600.0	151.0	4.0	3600.0	false	true	3654.5	3650.5	3727.0	3727.0	22.064705882352943	24.841059602649008	25.0	2.3872258278145697
1249.0	3600.0	151.0	15.0	3600.0	false	true	3654.5	3639.5	3716.0	3716.0	22.064705882352943	24.841059602649008	25.0	2.3872258278145697
1249.0	3600.0	151.0	45.0	3600.0	false	true	3654.5	3609.5	3686.0	3686.0	22.064705882352943	24.841059602649008	25.0	2.3872258278145697
1249.0	3600.0	151.0	150.0	3600.0	false	true	3654.5	3504.5	3581.0	3581.0	22.064705882352943	24.841059602649008	25.0	2.3872258278145697
1249.0	3600.0	151.0	300.0	3600.0	false	true	3654.5	3354.5	3431.0	3431.0	22.064705882352943	24.841059602649008	25.0	2.3872258278145697
1249.0	3600.0	151.0	1000.0	3600.0	false	true	3654.5	2654.5	2731.0	2731.0	22.064705882352943	24.841059602649008	25.0	2.3872258278145697
1249.0	3600.0	300.0	0.0	3600.0	false	true	3729.0	3729.0	3880.0	3880.0	12.225705329153605	13.0	13.0	1.2493
1249.0	3600.0	300.0	1.0	3600.0	false	true	3729.0	3728.0	3879.0	3879.0	12.225705329153605	13.0	13.0	1.2493
1249.0	3600.0	300.0	4.0	3600.0	false	true	3729.0	3725.0	3876.0	3876.0	12.225705329153605	13.0	13.0	1.2493
1249.0	3600.0	300.0	15.0	3600.0	false	true	3729.0	3714.0	3865.0	3865.0	12.225705329153605	13.0	13.0	1.2493
1249.0	3600.0	300.0	45.0	3600.0	false	true	3729.0	3684.0	3835.0	3835.0	12.225705329153605	13.0	13.0	1.2493
1249.0	3600.0	300.0	150.0	3600.0	false	true	3729.0	3579.0	3730.0	3730.0	12.225705329153605	13.0	13.0	1.2493
1249.0	3600.0	300.0	300.0	3600.0	false	true	3729.0	3429.0	3580.0	3580.0	12.225705329153605	13.0	13.0	1.2493
1249.0	3600.0	300.0	1000.0	3600.0	false	true	3729.0	2729.0	2880.0	2880.0	12.225705329153605	13.0	13.0	1.2493
1249.0	3600.0	851.0	0.0	3600.0	false	true	4004.5	4004.5	4431.0	4431.0	5.1160919540229886	5.230317273795535	6.0	0.502633490011751
1249.0	3600.0	851.0	1.0	3600.0	false	true	4004.5	4003.5	4430.0	4430.0	5.1160919540229886	5.230317273795535	6.0	0.502633490011751
1249.0	3600.0	851.0	4.0	3600.0	false	true	4004.5	4000.5	4427.0	4427.0	5.1160919540229886	5.230317273795535	6.0	0.502633490011751
1249.0	3600.0	851.0	15.0	3600.0	false	true	4004.5	3989.5	4416.0	4416.0	5.1160919540229886	5.230317273795535	6.0	0.502633490011751
1249.0	3600.0	851.0	45.0	3600.0	false	true	4004.5	3959.5	4386.0	4386.0	5.1160919540229886	5.230317273795535	6.0	0.502633490011751
1249.0	3600.0	851.0	150.0	3600.0	false	true	4004.5	3854.5	4281.0	4281.0	5.1160919540229886	5.230317273795535	6.0	0.502633490011751
1249.0	3600.0	851.0	300.0	3600.0	false	true	4004.5	3704.5	4131.0	4131.0	5.1160919540229886	5.230317273795535	6.0	0.502633490011751
1249.0	3600.0	851.0	1000.0	3600.0	false	true	4004.5	3004.5	3431.0	3431.0	5.1160919540229886	5.230317273795535	6.0	0.502633490011751
1249.0	3600.0	1875.0	0.0	3600.0	false	true	4516.5	4516.5	5455.0	5455.0	2.8907074973600846	2.92	3.0	0.28061200000000003
1249.0	3600.0	1875.0	1.0	3600.0	false	true	4516.5	4515.5	5454.0	5454.0	2.8907074973600846	2.92	3.0	0.28061200000000003
1249.0	3600.0	1875.0	4.0	3600.0	false	true	4516.5	4512.5	5451.0	5451.0	2.8907074973600846	2.92	3.0	0.28061200000000003
1249.0	3600.0	1875.0	15.0	3600.0	false	true	4516.5	4501.5	5440.0	5440.0	2.8907074973600846	2.92	3.0	0.28061200000000003
1249.0	3600.0	1875.0	45.0	3600.0	false	true	4516.5	4471.5	5410.0	5410.0	2.8907074973600846	2.92	3.0	0.28061200000000003
1249.0	3600.0	1875.0	150.0	3600.0	false	true	4516.5	4366.5	5305.0	5305.0	2.8907074973600846	2.92	3.0	0.28061200000000003
1249.0	3600.0	1875.0	300.0	3600.0	false	true	4516.5	4216.5	5155.0	5155.0	2.8907074973600846	2.92	3.0	0.28061200000000003
1249.0	3600.0	1875.0	1000.0	3600.0	false	true	4516.5	3516.5	4455.0	4455.0	2.8907074973600846	2.92	3.0	0.28061200000000003
1249.0	3600.0	4725.0	0.0	3600.0	false	true	5941.5	5941.5	8305.0	8305.0	1.754848229342327	1.7619047619047619	2.0	0.16931904761904762
1249.0	3600.0	4725.0	1.0	3600.0	false	true	5941.5	5940.5	8304.0	8304.0	1.754848229342327	1.7619047619047619	2.0	0.16931904761904762
1249.0	3600.0	4725.0	4.0	3600.0	false	true	5941.5	5937.5	8301.0	8301.0	1.754848229342327	1.7619047619047619	2.0	0.16931904761904762
1249.0	3600.0	4725.0	15.0	3600.0	false	true	5941.5	5926.5	8290.0	8290.0	1.754848229342327	1.7619047619047619	2.0	0.16931904761904762
1249.0	3600.0	4725.0	45.0	3600.0	false	true	5941.5	5896.5	8260.0	8260.0	1.754848229342327	1.7619047619047619	2.0	0.16931904761904762
1249.0	3600.0	4725.0	150.0	3600.0	false	true	5941.5	5791.5	8155.0	8155.0	1.754848229342327	1.7619047619047619	2.0	0.16931904761904762
1249.0	3600.0	4725.0	300.0	3600.0	false	true	5941.5	5641.5	8005.0	8005.0	1.754848229342327	1.7619047619047619	2.0	0.16931904761904762
1249.0	3600.0	4725.0	1000.0	3600.0	false	true	5941.5	4941.5	7305.0	7305.0	1.754848229342327	1.7619047619047619	2.0	0.16931904761904762
1249.0	3600.0	19180.0	0.0	3600.0	false	true	13169.0	13169.0	22760.0	22760.0	1.1865201312568363	1.1876955161626694	2.0	0.11413753910323254
1249.0	3600.0	19180.0	1.0	3600.0	false	true	13169.0	13168.0	22759.0	22759.0	1.1865201312568363	1.1876955161626694	2.0	0.11413753910323254
1249.0	3600.0	19180.0	4.0	3600.0	false	true	13169.0	13165.0	22756.0	22756.0	1.1865201312568363	1.1876955161626694	2.0	0.11413753910323254
1249.0	3600.0	19180.0	15.0	3600.0	false	true	13169.0	13154.0	22745.0	22745.0	1.1865201312568363	1.1876955161626694	2.0	0.11413753910323254
1249.0	3600.0	19180.0	45.0	3600.0	false	true	13169.0	13124.0	22715.0	22715.0	1.1865201312568363	1.1876955161626694	2.0	0.11413753910323254
1249.0	3600.0	19180.0	150.0	3600.0	false	true	13169.0	13019.0	22610.0	22610.0	1.1865201312568363	1.1876955161626694	2.0	0.11413753910323254
1249.0	3600.0	19180.0	300.0	3600.0	false	true	13169.0	12869.0	22460.0	22460.0	1.1865201312568363	1.1876955161626694	2.0	0.11413753910323254
1249.0	3600.0	19180.0	1000.0	3600.0	false	true	13169.0	12169.0	21760.0	21760.0	1.1865201312568363	1.1876955161626694	2.0	0.11413753910323254
1249.0	20000.0	151.0	0.0	20000.0	false	true	20054.5	20054.5	20131.0	20131.0	118.53529411764706	133.4503311258278	134.0	12.824576821192052
1249.0	20000.0	151.0	1.0	20000.0	false	true	20054.5	20053.5	20130.0	20130.0	118.53529411764706	133.4503311258278	134.0	12.824576821192052
1249.0	20000.0	151.0	4.0	20000.0	false	true	20054.5	20050.5	20127.0	20127.0	118.53529411764706	133.4503311258278	134.0	12.824576821192052
1249.0	20000.0	151.0	15.0	20000.0	false	true	20054.5	20039.5	20116.0	20116.0	118.53529411764706	133.4503311258278	134.0	12.824576821192052
1249.0	20000.0	151.0	45.0	20000.0	false	true	20054.5	20009.5	20086.0	20086.0	118.53529411764706	133.4503311258278	134.0	12.824576821192052
1249.0	20000.0	151.0	150.0	20000.0	false	true	20054.5	19904.5	19981.0	19981.0	118.53529411764706	133.4503311258278	134.0	12.824576821192052
1249.0	20000.0	151.0	300.0	20000.0	false	true	20054.5	19754.5	19831.0	19831.0	118.53529411764706	133.4503311258278	134.0	12.824576821192052
1249.0	20000.0	151.0	1000.0	20000.0	false	true	20054.5	19054.5	19131.0	19131.0	118.53529411764706	133.4503311258278	134.0	12.824576821192052
1249.0	20000.0	300.0	0.0	20000.0	false	true	20129.0	20129.0	20280.0	20280.0	63.63636363636363	67.66666666666667	68.0	6.502766666666667
1249.0	20000.0	300.0	1.0	20000.0	false	true	20129.0	20128.0	20279.0	20279.0	63.63636363636363	67.66666666666667	68.0	6.502766666666667
1249.0	20000.0	300.0	4.0	20000.0	false	true	20129.0	20125.0	20276.0	20276.0	63.63636363636363	67.66666666666667	68.0	6.502766666666667
1249.0	20000.0	300.0	15.0	20000.0	false	true	20129.0	20114.0	20265.0	20265.0	63.63636363636363	67.66666666666667	68.0	6.502766666666667
1249.0	20000.0	300.0	45.0	20000.0	false	true	20129.0	20084.0	20235.0	20235.0	63.63636363636363	67.66666666666667	68.0	6.502766666666667
1249.0	20000.0	300.0	150.0	20000.0	false	true	20129.0	19979.0	20130.0	20130.0	63.63636363636363	67.66666666666667	68.0	6.502766666666667
1249.0	20000.0	300.0	300.0	20000.0	false	true	20129.0	19829.0	19980.0	19980.0	63.63636363636363	67.66666666666667	68.0	6.502766666666667
1249.0	20000.0	300.0	1000.0	20000.0	false	true	20129.0	19129.0	19280.0	19280.0	63.63636363636363	67.66666666666667	68.0	6.502766666666667
1249.0	20000.0	851.0	0.0	20000.0	false	true	20404.5	20404.5	20831.0	20831.0	23.966666666666665	24.501762632197416	25.0	2.3546193889541716
1249.0	20000.0	851.0	1.0	20000.0	false	true	20404.5	20403.5	20830.0	20830.0	23.966666666666665	24.501762632197416	25.0	2.3546193889541716
1249.0	20000.0	851.0	4.0	20000.0	false	true	20404.5	20400.5	20827.0	20827.0	23.966666666666665	24.501762632197416	25.0	2.3546193889541716
1249.0	20000.0	851.0	15.0	20000.0	false	true	20404.5	20389.5	20816.0	20816.0	23.966666666666665	24.501762632197416	25.0	2.3546193889541716
1249.0	20000.0	851.0	45.0	20000.0	false	true	20404.5	20359.5	20786.0	20786.0	23.966666666666665	24.501762632197416	25.0	2.3546193889541716
1249.0	20000.0	851.0	150.0	20000.0	false	true	20404.5	20254.5	20681.0	20681.0	23.966666666666665	24.501762632197416	25.0	2.3546193889541716
1249.0	20000.0	851.0	300.0	20000.0	false	true	20404.5	20104.5	20531.0	20531.0	23.966666666666665	24.501762632197416	25.0	2.3546193889541716
1249.0	20000.0	851.0	1000.0	20000.0	false	true	20404.5	19404.5	19831.0	19831.0	23.966666666666665	24.501762632197416	25.0	2.3546193889541716
1249.0	20000.0	1875.0	0.0	20000.0	false	true	20916.5	20916.5	21855.0	21855.0	11.549630411826822	11.666666666666666	12.0	1.1211666666666666
1249.0	20000.0	1875.0	1.0	20000.0	false	true	20916.5	20915.5	21854.0	21854.0	11.549630411826822	11.666666666666666	12.0	1.1211666666666666
1249.0	20000.0	1875.0	4.0	20000.0	false	true	20916.5	20912.5	21851.0	21851.0	11.549630411826822	11.666666666666666	12.0	1.1211666666666666
1249.0	20000.0	1875.0	15.0	20000.0	false	true	20916.5	20901.5	21840.0	21840.0	11.549630411826822	11.666666666666666	12.0	1.1211666666666666
1249.0	20000.0	1875.0	45.0	20000.0	false	true	20916.5	20871.5	21810.0	21810.0	11.549630411826822	11.666666666666666	12.0	1.1211666666666666
1249.0	20000.0	1875.0	150.0	20000.0	false	true	20916.5	20766.5	21705.0	21705.0	11.549630411826822	11.666666666666666	12.0	1.1211666666666666
1249.0	20000.0	1875.0	300.0	20000.0	false	true	20916.5	20616.5	21555.0	21555.0	11.549630411826822	11.666666666666666	12.0	1.1211666666666666
1249.0	20000.0	1875.0	1000.0	20000.0	false	true	20916.5	19916.5	20855.0	20855.0	11.549630411826822	11.666666666666666	12.0	1.1211666666666666
1249.0	20000.0	4725.0	0.0	20000.0	false	true	22341.5	22341.5	24705.0	24705.0	5.211846543001687	5.232804232804233	6.0	0.5028724867724867
1249.0	20000.0	4725.0	1.0	20000.0	false	true	22341.5	22340.5	24704.0	24704.0	5.211846543001687	5.232804232804233	6.0	0.5028724867724867
1249.0	20000.0	4725.0	4.0	20000.0	false	true	22341.5	22337.5	24701.0	24701.0	5.211846543001687	5.232804232804233	6.0	0.5028724867724867
1249.0	20000.0	4725.0	15.0	20000.0	false	true	22341.5	22326.5	24690.0	24690.0	5.211846543001687	5.232804232804233	6.0	0.5028724867724867
1249.0	20000.0	4725.0	45.0	20000.0	false	true	22341.5	22296.5	24660.0	24660.0	5.211846543001687	5.232804232804233	6.0	0.5028724867724867
1249.0	20000.0	4725.0	150.0	20000.0	false	true	22341.5	22191.5	24555.0	24555.0	5.211846543001687	5.232804232804233	6.0	0.5028724867724867
1249.0	20000.0	4725.0	300.0	20000.0	false	true	22341.5	22041.5	24405.0	24405.0	5.211846543001687	5.232804232804233	6.0	0.5028724867724867
1249.0	20000.0	4725.0	1000.0	20000.0	false	true	22341.5	21341.5	23705.0	23705.0	5.211846543001687	5.232804232804233	6.0	0.5028724867724867
1249.0	20000.0	19180.0	0.0	20000.0	false	true	29569.0	29569.0	39160.0	39160.0	2.040731288087921	2.042752867570386	3.0	0.1963085505735141
1249.0	20000.0	19180.0	1.0	20000.0	false	true	29569.0	29568.0	39159.0	39159.0	2.040731288087921	2.042752867570386	3.0	0.1963085505735141
1249.0	20000.0	19180.0	4.0	20000.0	false	true	29569.0	29565.0	39156.0	39156.0	2.040731288087921	2.042752867570386	3.0	0.1963085505735141
1249.0	20000.0	19180.0	15.0	20000.0	false	true	29569.0	29554.0	39145.0	39145.0	2.040731288087921	2.042752867570386	3.0	0.1963085505735141
1249.0	20000.0	19180.0	45.0	20000.0	false	true	29569.0	29524.0	39115.0	39115.0	2.040731288087921	2.042752867570386	3.0	0.1963085505735141
1249.0	20000.0	19180.0	150.0	20000.0	false	true	29569.0	29419.0	39010.0	39010.0	2.040731288087921	2.042752867570386	3.0	0.1963085505735141
1249.0	20000.0	19180.0	300.0	20000.0	false	true	29569.0	29269.0	38860.0	38860.0	2.040731288087921	2.042752867570386	3.0	0.1963085505735141
1249.0	20000.0	19180.0	1000.0	20000.0	false	true	29569.0	28569.0	38160.0	38160.0	2.040731288087921	2.042752867570386	3.0	0.1963085505735141
3547.0	0.0	151.0	0.0	3547.0	true	true	3601.5	3601.5	3678.0	3678.0	21.75294117647059	24.490066225165563	25.0	2.3534953642384107
3547.0	0.0	151.0	1.0	3547.0	true	true	3601.5	3600.5	3677.0	3677.0	21.75294117647059	24.490066225165563	25.0	2.3534953642384107
3547.0	0.0	151.0	4.0	3547.0	true	true	3601.5	3597.5	3674.0	3674.0	21.75294117647059	24.490066225165563	25.0	2.3534953642384107
3547.0	0.0	151.0	15.0	3547.0	true	true	3601.5	3586.5	3663.0	3663.0	21.75294117647059	24.490066225165563	25.0	2.3534953642384107
3547.0	0.0	151.0	45.0	3547.0	true	true	3601.5	3556.5	3633.0	3633.0	21.75294117647059	24.490066225165563	25.0	2.3534953642384107
3547.0	0.0	151.0	150.0	3547.0	true	true	3601.5	3451.5	3528.0	3528.0	21.75294117647059	24.490066225165563	25.0	2.3534953642384107
3547.0	0.0	151.0	300.0	3547.0	true	true	3601.5	3301.5	3378.0	3378.0	21.75294117647059	24.490066225165563	25.0	2.3534953642384107
3547.0	0.0	151.0	1000.0	3547.0	true	true	3601.5	2601.5	2678.0	2678.0	21.75294117647059	24.490066225165563	25.0	2.3534953642384107
3547.0	0.0	300.0	0.0	3547.0	true	true	3676.0	3676.0	3827.0	3827.0	12.059561128526646	12.823333333333334	13.0	1.2323223333333335
3547.0	0.0	300.0	1.0	3547.0	true	true	3676.0	3675.0	3826.0	3826.0	12.059561128526646	12.823333333333334	13.0	1.2323223333333335
3547.0	0.0	300.0	4.0	3547.0	true	true	3676.0	3672.0	3823.0	3823.0	12.059561128526646	12.823333333333334	13.0	1.2323223333333335
3547.0	0.0	300.0	15.0	3547.0	true	true	3676.0	3661.0	3812.0	3812.0	12.059561128526646	12.823333333333334	13.0	1.2323223333333335
3547.0	0.0	300.0	45.0	3547.0	true	true	3676.0	3631.0	3782.0	3782.0	12.059561128526646	12.823333333333334	13.0	1.2323223333333335
3547.0	0.0	300.0	150.0	3547.0	true	true	3676.0	3526.0	3677.0	3677.0	12.059561128526646	12.823333333333334	13.0	1.2323223333333335
3547.0	0.0	300.0	300.0	3547.0	true	true	3676.0	3376.0	3527.0	3527.0	12.059561128526646	12.823333333333334	13.0	1.2323223333333335
3547.0	0.0	300.0	1000.0	3547.0	true	true	3676.0	2676.0	2827.0	2827.0	12.059561128526646	12.823333333333334	13.0	1.2323223333333335
3547.0	0.0	851.0	0.0	3547.0	true	true	3951.5	3951.5	4378.0	4378.0	5.055172413793104	5.1680376028202115	6.0	0.49664841363102236
3547.0	0.0	851.0	1.0	3547.0	true	true	3951.5	3950.5	4377.0	4377.0	5.055172413793104	5.1680376028202115	6.0	0.49664841363102236
3547.0	0.0	851.0	4.0	3547.0	true	true	3951.5	3947.5	4374.0	4374.0	5.055172413793104	5.1680376028202115	6.0	0.49664841363102236
3547.0	0.0	851.0	15.0	3547.0	true	true	3951.5	3936.5	4363.0	4363.0	5.055172413793104	5.1680376028202115	6.0	0.49664841363102236
3547.0	0.0	851.0	45.0	3547.0	true	true	3951.5	3906.5	4333.0	4333.0	5.055172413793104	5.1680376028202115	6.0	0.49664841363102236
3547.0	0.0	851.0	150.0	3547.0	true	true	3951.5	3801.5	4228.0	4228.0	5.055172413793104	5.1680376028202115	6.0	0.49664841363102236
3547.0	0.0	851.0	300.0	3547.0	true	true	3951.5	3651.5	4078.0	4078.0	5.055172413793104	5.1680376028202115	6.0	0.49664841363102236
3547.0	0.0	851.0	1000.0	3547.0	true	true	3951.5	2951.5	3378.0	3378.0	5.055172413793104	5.1680376028202115	6.0	0.49664841363102236
3547.0	0.0	1875.0	0.0	3547.0	true	true	4463.5	4463.5	5402.0	5402.0	2.86272439281943	2.8917333333333333	3.0	0.27789557333333337
3547.0	0.0	1875.0	1.0	3547.0	true	true	4463.5	4462.5	5401.0	5401.0	2.86272439281943	2.8917333333333333	3.0	0.27789557333333337
3547.0	0.0	1875.0	4.0	3547.0	true	true	4463.5	4459.5	5398.0	5398.0	2.86272439281943	2.8917333333333333	3.0	0.27789557333333337
3547.0	0.0	1875.0	15.0	3547.0	true	true	4463.5	4448.5	5387.0	5387.0	2.86272439281943	2.8917333333333333	3.0	0.27789557333333337
3547.0	0.0	1875.0	45.0	3547.0	true	true	4463.5	4418.5	5357.0	5357.0	2.86272439281943	2.8917333333333333	3.0	0.27789557333333337
3547.0	0.0	1875.0	150.0	3547.0	true	true	4463.5	4313.5	5252.0	5252.0	2.86272439281943	2.8917333333333333	3.0	0.27789557333333337
3547.0	0.0	1875.0	300.0	3547.0	true	true	4463.5	4163.5	5102.0	5102.0	2.86272439281943	2.8917333333333333	3.0	0.27789557333333337
3547.0	0.0	1875.0	1000.0	3547.0	true	true	4463.5	3463.5	4402.0	4402.0	2.86272439281943	2.8917333333333333	3.0	0.27789557333333337
3547.0	0.0	4725.0	0.0	3547.0	true	true	5888.5	5888.5	8252.0	8252.0	1.7436762225969646	1.7506878306878306	2.0	0.16824110052910052
3547.0	0.0	4725.0	1.0	3547.0	true	true	5888.5	5887.5	8251.0	8251.0	1.7436762225969646	1.7506878306878306	2.0	0.16824110052910052
3547.0	0.0	4725.0	4.0	3547.0	true	true	5888.5	5884.5	8248.0	8248.0	1.7436762225969646	1.7506878306878306	2.0	0.16824110052910052
3547.0	0.0	4725.0	15.0	3547.0	true	true	5888.5	5873.5	8237.0	8237.0	1.7436762225969646	1.7506878306878306	2.0	0.16824110052910052
3547.0	0.0	4725.0	45.0	3547.0	true	true	5888.5	5843.5	8207.0	8207.0	1.7436762225969646	1.7506878306878306	2.0	0.16824110052910052
3547.0	0.0	4725.0	150.0	3547.0	true	true	5888.5	5738.5	8102.0	8102.0	1.7436762225969646	1.7506878306878306	2.0	0.16824110052910052
3547.0	0.0	4725.0	300.0	3547.0	true	true	5888.5	5588.5	7952.0	7952.0	1.7436762225969646	1.7506878306878306	2.0	0.16824110052910052
3547.0	0.0	4725.0	1000.0	3547.0	true	true	5888.5	4888.5	7252.0	7252.0	1.7436762225969646	1.7506878306878306	2.0	0.16824110052910052
3547.0	0.0	19180.0	0.0	3547.0	true	true	13116.0	13116.0	22707.0	22707.0	1.1837595708109798	1.184932221063608	2.0	0.11387198644421273
3547.0	0.0	19180.0	1.0	3547.0	true	true	13116.0	13115.0	22706.0	22706.0	1.1837595708109798	1.184932221063608	2.0	0.11387198644421273
3547.0	0.0	19180.0	4.0	3547.0	true	true	13116.0	13112.0	22703.0	22703.0	1.1837595708109798	1.184932221063608	2.0	0.11387198644421273
3547.0	0.0	19180.0	15.0	3547.0	true	true	13116.0	13101.0	22692.0	22692.0	1.1837595708109798	1.184932221063608	2.0	0.11387198644421273
3547.0	0.0	19180.0	45.0	3547.0	true	true	13116.0	13071.0	22662.0	22662.0	1.1837595708109798	1.184932221063608	2.0	0.11387198644421273
3547.0	0.0	19180.0	150.0	3547.0	true	true	13116.0	12966.0	22557.0	22557.0	1.1837595708109798	1.184932221063608	2.0	0.11387198644421273
3547.0	0.0	19180.0	300.0	3547.0	true	true	13116.0	12816.0	22407.0	22407.0	1.1837595708109798	1.184932221063608	2.0	0.11387198644421273
3547.0	0.0	19180.0	1000.0	3547.0	true	true	13116.0	12116.0	21707.0	21707.0	1.1837595708109798	1.184932221063608	2.0	0.11387198644421273
3547.0	500.0	151.0	0.0	3547.0	true	true	3601.5	3601.5	3678.0	3678.0	21.75294117647059	24.490066225165563	25.0	2.3534953642384107
3547.0	500.0	151.0	1.0	3547.0	true	true	3601.5	3600.5	3677.0	3677.0	21.75294117647059	24.490066225165563	25.0	2.3534953642384107
3547.0	500.0	151.0	4.0	3547.0	true	true	3601.5	3597.5	3674.0	3674.0	21.75294117647059	24.490066225165563	25.0	2.3534953642384107
3547.0	500.0	151.0	15.0	3547.0	true	true	3601.5	3586.5	3663.0	3663.0	21.75294117647059	24.490066225165563	25.0	2.3534953642384107
3547.0	500.0	151.0	45.0	3547.0	true	true	3601.5	3556.5	3633.0	3633.0	21.75294117647059	24.490066225165563	25.0	2.3534953642384107
3547.0	500.0	151.0	150.0	3547.0	true	true	3601.5	3451.5	3528.0	3528.0	21.75294117647059	24.490066225165563	25.0	2.3534953642384107
3547.0	500.0	151.0	300.0	3547.0	true	true	3601.5	3301.5	3378.0	3378.0	21.75294117647059	24.490066225165563	25.0	2.3534953642384107
3547.0	500.0	151.0	1000.0	3547.0	true	true	3601.5	2601.5	2678.0	2678.0	21.75294117647059	24.490066225165563	25.0	2.3534953642384107
3547.0	500.0	300.0	0.0	3547.0	true	true	3676.0	3676.0	3827.0	3827.0	12.059561128526646	12.823333333333334	13.0	1.2323223333333335
3547.0	500.0	300.0	1.0	3547.0	true	true	3676.0	3675.0	3826.0	3826.0	12.059561128526646	12.823333333333334	13.0	1.2323223333333335
3547.0	500.0	300.0	4.0	3547.0	true	true	3676.0	3672.0	3823.0	3823.0	12.059561128526646	12.823333333333334	13.0	1.2323223333333335
3547.0	500.0	300.0	15.0	3547.0	true	true	3676.0	3661.0	3812.0	3812.0	12.059561128526646	12.823333333333334	13.0	1.2323223333333335
3547.0	500.0	300.0	45.0	3547.0	true	true	3676.0	3631.0	3782.0	3782.0	12.059561128526646	12.823333333333334	13.0	1.2323223333333335
3547.0	500.0	300.0	150.0	3547.0	true	true	3676.0	3526.0	3677.0	3677.0	12.059561128526646	12.823333333333334	13.0	1.2323223333333335
3547.0	500.0	300.0	300.0	3547.0	true	true	3676.0	3376.0	3527.0	3527.0	12.059561128526646	12.823333333333334	13.0	1.2323223333333335
3547.0	500.0	300.0	1000.0	3547.0	true	true	3676.0	2676.0	2827.0	2827.0	12.059561128526646	12.823333333333334	13.0	1.2323223333333335
3547.0	500.0	851.0	0.0	3547.0	true	true	3951.5	3951.5	4378.0	4378.0	5.055172413793104	5.1680376028202115	6.0	0.49664841363102236
3547.0	500.0	851.0	1.0	3547.0	true	true	3951.5	3950.5	4377.0	4377.0	5.055172413793104	5.1680376028202115	6.0	0.49664841363102236
3547.0	500.0	851.0	4.0	3547.0	true	true	3951.5	3947.5	4374.0	4374.0	5.055172413793104	5.1680376028202115	6.0	0.49664841363102236
3547.0	500.0	851.0	15.0	3547.0	true	true	3951.5	3936.5	4363.0	4363.0	5.055172413793104	5.1680376028202115	6.0	0.49664841363102236
3547.0	500.0	851.0	45.0	3547.0	true	true	3951.5	3906.5	4333.0	4333.0	5.055172413793104	5.1680376028202115	6.0	0.49664841363102236
3547.0	500.0	851.0	150.0	3547.0	true	true	3951.5	3801.5	4228.0	4228.0	5.055172413793104	5.1680376028202115	6.0	0.49664841363102236
3547.0	500.0	851.0	300.0	3547.0	true	true	3951.5	3651.5	4078.0	4078.0	5.055172413793104	5.1680376028202115	6.0	0.49664841363102236
3547.0	500.0	851.0	1000.0	3547.0	true	true	3951.5	2951.5	3378.0	3378.0	5.055172413793104	5.1680376028202115	6.0	0.49664841363102236
3547.0	500.0	1875.0	0.0	3547.0	true	true	4463.5	4463.5	5402.0	5402.0	2.86272439281943	2.8917333333333333	3.0	0.27789557333333337
3547.0	500.0	1875.0	1.0	3547.0	true	true	4463.5	4462.5	5401.0	5401.0	2.86272439281943	2.8917333333333333	3.0	0.27789557333333337
3547.0	500.0	1875.0	4.0	3547.0	true	true	4463.5	4459.5	5398.0	5398.0	2.86272439281943	2.8917333333333333	3.0	0.27789557333333337
3547.0	500.0	1875.0	15.0	3547.0	true	true	4463.5	4448.5	5387.0	5387.0	2.86272439281943	2.8917333333333333	3.0	0.27789557333333337
3547.0	500.0	1875.0	45.0	3547.0	true	true	4463.5	4418.5	5357.0	5357.0	2.86272439281943	2.8917333333333333	3.0	0.27789557333333337
3547.0	500.0	1875.0	150.0	3547.0	true	true	4463.5	4313.5	5252.0	5252.0	2.86272439281943	2.8917333333333333	3.0	0.27789557333333337
3547.0	500.0	1875.0	300.0	3547.0	true	true	4463.5	4163.5	5102.0	5102.0	2.86272439281943	2.8917333333333333	3.0	0.27789557333333337
3547.0	500.0	1875.0	1000.0	3547.0	true	true	4463.5	3463.5	4402.0	4402.0	2.86272439281943	2.8917333333333333	3.0	0.27789557333333337
3547.0	500.0	4725.0	0.0	3547.0	true	true	5888.5	5888.5	8252.0	8252.0	1.7436762225969646	1.7506878306878306	2.0	0.16824110052910052
3547.0	500.0	4725.0	1.0	3547.0	true	true	5888.5	5887.5	8251.0	8251.0	1.7436762225969646	1.7506878306878306	2.0	0.16824110052910052
3547.0	500.0	4725.0	4.0	3547.0	true	true	5888.5	5884.5	8248.0	8248.0	1.7436762225969646	1.7506878306878306	2.0	0.16824110052910052
3547.0	500.0	4725.0	15.0	3547.0	true	true	5888.5	5873.5	8237.0	8237.0	1.7436762225969646	1.7506878306878306	2.0	0.16824110052910052
3547.0	500.0	4725.0	45.0	3547.0	true	true	5888.5	5843.5	8207.0	8207.0	1.7436762225969646	1.7506878306878306	2.0	0.16824110052910052
3547.0	500.0	4725.0	150.0	3547.0	true	true	5888.5	5738.5	8102.0	8102.0	1.7436762225969646	1.7506878306878306	2.0	0.16824110052910052
3547.0	500.0	4725.0	300.0	3547.0	true	true	5888.5	5588.5	7952.0	7952.0	1.7436762225969646	1.7506878306878306	2.0	0.16824110052910052
3547.0	500.0	4725.0	1000.0	3547.0	true	true	5888.5	4888.5	7252.0	7252.0	1.7436762225969646	1.7506878306878306	2.0	0.16824110052910052
3547.0	500.0	19180.0	0.0	3547.0	true	true	13116.0	13116.0	22707.0	22707.0	1.1837595708109798	1.184932221063608	2.0	0.11387198644421273
3547.0	500.0	19180.0	1.0	3547.0	true	true	13116.0	13115.0	22706.0	22706.0	1.1837595708109798	1.184932221063608	2.0	0.11387198644421273
3547.0	500.0	19180.0	4.0	3547.0	true	true	13116.0	13112.0	22703.0	22703.0	1.1837595708109798	1.184932221063608	2.0	0.11387198644421273
3547.0	500.0	19180.0	15.0	3547.0	true	true	13116.0	13101.0	22692.0	22692.0	1.1837595708109798	1.184932221063608	2.0	0.11387198644421273
3547.0	500.0	19180.0	45.0	3547.0	true	true	13116.0	13071.0	22662.0	22662.0	1.1837595708109798	1.184932221063608	2.0	0.11387198644421273
3547.0	500.0	19180.0	150.0	3547.0	true	true	13116.0	12966.0	22557.0	22557.0	1.1837595708109798	1.184932221063608	2.0	0.11387198644421273
3547.0	500.0	19180.0	300.0	3547.0	true	true	13116.0	12816.0	22407.0	22407.0	1.1837595708109798	1.184932221063608	2.0	0.11387198644421273
3547.0	500.0	19180.0	1000.0	3547.0	true	true	13116.0	12116.0	21707.0	21707.0	1.1837595708109798	1.184932221063608	2.0	0.11387198644421273
3547.0	3600.0	151.0	0.0	3600.0	false	true	3654.5	3654.5	3731.0	3731.0	22.064705882352943	24.841059602649008	25.0	2.3872258278145697
3547.0	3600.0	151.0	1.0	3600.0	false	true	3654.5	3653.5	3730.0	3730.0	22.064705882352943	24.841059602649008	25.0	2.3872258278145697
3547.0	3600.0	151.0	4.0	3600.0	false	true	3654.5	3650.5	3727.0	3727.0	22.064705882352943	24.841059602649008	25.0	2.3872258278145697
3547.0	3600.0	151.0	15.0	3600.0	false	true	3654.5	3639.5	3716.0	3716.0	22.064705882352943	24.841059602649008	25.0	2.3872258278145697
3547.0	3600.0	151.0	45.0	3600.0	false	true	3654.5	3609.5	3686.0	3686.0	22.064705882352943	24.841059602649008	25.0	2.3872258278145697
3547.0	3600.0	151.0	150.0	3600.0	false	true	3654.5	3504.5	3581.0	3581.0	22.064705882352943	24.841059602649008	25.0	2.3872258278145697
3547.0	3600.0	151.0	300.0	3600.0	false	true	3654.5	3354.5	3431.0	3431.0	22.064705882352943	24.841059602649008	25.0	2.3872258278145697
3547.0	3600.0	151.0	1000.0	3600.0	false	true	3654.5	2654.5	2731.0	2731.0	22.064705882352943	24.841059602649008	25.0	2.3872258278145697
3547.0	3600.0	300.0	0.0	3600.0	false	true	3729.0	3729.0	3880.0	3880.0	12.225705329153605	13.0	13.0	1.2493
3547.0	3600.0	300.0	1.0	3600.0	false	true	3729.0	3728.0	3879.0	3879.0	12.225705329153605	13.0	13.0	1.2493
3547.0	3600.0	300.0	4.0	3600.0	false	true	3729.0	3725.0	3876.0	3876.0	12.225705329153605	13.0	13.0	1.2493
3547.0	3600.0	300.0	15.0	3600.0	false	true	3729.0	3714.0	3865.0	3865.0	12.225705329153605	13.0	13.0	1.2493
3547.0	3600.0	300.0	45.0	3600.0	false	true	3729.0	3684.0	3835.0	3835.0	12.225705329153605	13.0	13.0	1.2493
3547.0	3600.0	300.0	150.0	3600.0	false	true	3729.0	3579.0	3730.0	3730.0	12.225705329153605	13.0	13.0	1.2493
3547.0	3600.0	300.0	300.0	3600.0	false	true	3729.0	3429.0	3580.0	3580.0	12.225705329153605	13.0	13.0	1.2493
3547.0	3600.0	300.0	1000.0	3600.0	false	true	3729.0	2729.0	2880.0	2880.0	12.225705329153605	13.0	13.0	1.2493
3547.0	3600.0	851.0	0.0	3600.0	false	true	4004.5	4004.5	4431.0	4431.0	5.1160919540229886	5.230317273795535	6.0	0.502633490011751
3547.0	3600.0	851.0	1.0	3600.0	false	true	4004.5	4003.5	4430.0	4430.0	5.1160919540229886	5.230317273795535	6.0	0.502633490011751
3547.0	3600.0	851.0	4.0	3600.0	false	true	4004.5	4000.5	4427.0	4427.0	5.1160919540229886	5.230317273795535	6.0	0.502633490011751
3547.0	3600.0	851.0	15.0	3600.0	false	true	4004.5	3989.5	4416.0	4416.0	5.1160919540229886	5.230317273795535	6.0	0.502633490011751
3547.0	3600.0	851.0	45.0	3600.0	false	true	4004.5	3959.5	4386.0	4386.0	5.1160919540229886	5.230317273795535	6.0	0.502633490011751
3547.0	3600.0	851.0	150.0	3600.0	false	true	4004.5	3854.5	4281.0	4281.0	5.1160919540229886	5.230317273795535	6.0	0.502633490011751
3547.0	3600.0	851.0	300.0	3600.0	false	true	4004.5	3704.5	4131.0	4131.0	5.1160919540229886	5.230317273795535	6.0	0.502633490011751
3547.0	3600.0	851.0	1000.0	3600.0	false	true	4004.5	3004.5	3431.0	3431.0	5.1160919540229886	5.230317273795535	6.0	0.502633490011751
3547.0	3600.0	1875.0	0.0	3600.0	false	true	4516.5	4516.5	5455.0	5455.0	2.8907074973600846	2.92	3.0	0.28061200000000003
3547.0	3600.0	1875.0	1.0	3600.0	false	true	4516.5	4515.5	5454.0	5454.0	2.8907074973600846	2.92	3.0	0.28061200000000003
3547.0	3600.0	1875.0	4.0	3600.0	false	true	4516.5	4512.5	5451.0	5451.0	2.8907074973600846	2.92	3.0	0.28061200000000003
3547.0	3600.0	1875.0	15.0	3600.0	false	true	4516.5	4501.5	5440.0	5440.0	2.8907074973600846	2.92	3.0	0.28061200000000003
3547.0	3600.0	1875.0	45.0	3600.0	false	true	4516.5	4471.5	5410.0	5410.0	2.8907074973600846	2.92	3.0	0.28061200000000003
3547.0	3600.0	1875.0	150.0	3600.0	false	true	4516.5	4366.5	5305.0	5305.0	2.8907074973600846	2.92	3.0	0.28061200000000003
3547.0	3600.0	1875.0	300.0	3600.0	false	true	4516.5	4216.5	5155.0	5155.0	2.8907074973600846	2.92	3.0	0.28061200000000003
3547.0	3600.0	1875.0	1000.0	3600.0	false	true	4516.5	3516.5	4455.0	4455.0	2.8907074973600846	2.92	3.0	0.28061200000000003
3547.0	3600.0	4725.0	0.0	3600.0	false	true	5941.5	5941.5	8305.0	8305.0	1.754848229342327	1.7619047619047619	2.0	0.16931904761904762
3547.0	3600.0	4725.0	1.0	3600.0	false	true	5941.5	5940.5	8304.0	8304.0	1.754848229342327	1.7619047619047619	2.0	0.16931904761904762
3547.0	3600.0	4725.0	4.0	3600.0	false	true	5941.5	5937.5	8301.0	8301.0	1.754848229342327	1.7619047619047619	2.0	0.16931904761904762
3547.0	3600.0	4725.0	15.0	3600.0	false	true	5941.5	5926.5	8290.0	8290.0	1.754848229342327	1.7619047619047619	2.0	0.16931904761904762
3547.0	3600.0	4725.0	45.0	3600.0	false	true	5941.5	5896.5	8260.0	8260.0	1.754848229342327	1.7619047619047619	2.0	0.16931904761904762
3547.0	3600.0	4725.0	150.0	3600.0	false	true	5941.5	5791.5	8155.0	8155.0	1.754848229342327	1.7619047619047619	2.0	0.16931904761904762
3547.0	3600.0	4725.0	300.0	3600.0	false	true	5941.5	5641.5	8005.0	8005.0	1.754848229342327	1.7619047619047619	2.0	0.16931904761904762
3547.0	3600.0	4725.0	1000.0	3600.0	false	true	5941.5	4941.5	7305.0	7305.0	1.754848229342327	1.7619047619047619	2.0	0.16931904761904762
3547.0	3600.0	19180.0	0.0	3600.0	false	true	13169.0	13169.0	22760.0	22760.0	1.1865201312568363	1.1876955161626694	2.0	0.11413753910323254
3547.0	3600.0	19180.0	1.0	3600.0	false	true	13169.0	13168.0	22759.0	22759.0	1.1865201312568363	1.1876955161626694	2.0	0.11413753910323254
3547.0	3600.0	19180.0	4.0	3600.0	false	true	13169.0	13165.0	22756.0	22756.0	1.1865201312568363	1.1876955161626694	2.0	0.11413753910323254
3547.0	3600.0	19180.0	15.0	3600.0	false	true	13169.0	13154.0	22745.0	22745.0	1.1865201312568363	1.1876955161626694	2.0	0.11413753910323254
3547.0	3600.0	19180.0	45.0	3600.0	false	true	13169.0	13124.0	22715.0	22715.0	1.1865201312568363	1.1876955161626694	2.0	0.11413753910323254
3547.0	3600.0	19180.0	150.0	3600.0	false	true	13169.0	13019.0	22610.0	22610.0	1.1865201312568363	1.1876955161626694	2.0	0.11413753910323254
3547.0	3600.0	19180.0	300.0	3600.0	false	true	13169.0	12869.0	22460.0	22460.0	1.1865201312568363	1.1876955161626694	2.0	0.11413753910323254
3547.0	3600.0	19180.0	1000.0	3600.0	false	true	13169.0	12169.0	21760.0	21760.0	1.1865201312568363	1.1876955161626694	2.0	0.11413753910323254
3547.0	20000.0	151.0	0.0	20000.0	false	true	20054.5	20054.5	20131.0	20131.0	118.53529411764706	133.4503311258278	134.0	12.824576821192052
3547.0	20000.0	151.0	1.0	20000.0	false	true	20054.5	20053.5	20130.0	20130.0	118.53529411764706	133.4503311258278	134.0	12.824576821192052
3547.0	20000.0	151.0	4.0	20000.0	false	true	20054.5	20050.5	20127.0	20127.0	118.53529411764706	133.4503311258278	134.0	12.824576821192052
3547.0	20000.0	151.0	15.0	20000.0	false	true	20054.5	20039.5	20116.0	20116.0	118.53529411764706	133.4503311258278	134.0	12.824576821192052
3547.0	20000.0	151.0	45.0	20000.0	false	true	20054.5	20009.5	20086.0	20086.0	118.53529411764706	133.4503311258278	134.0	12.824576821192052
3547.0	20000.0	151.0	150.0	20000.0	false	true	20054.5	19904.5	19981.0	19981.0	118.53529411764706	133.4503311258278	134.0	12.824576821192052
3547.0	20000.0	151.0	300.0	20000.0	false	true	20054.5	19754.5	19831.0	19831.0	118.53529411764706	133.4503311258278	134.0	12.824576821192052
3547.0	20000.0	151.0	1000.0	20000.0	false	true	20054.5	19054.5	19131.0	19131.0	118.53529411764706	133.4503311258278	134.0	12.824576821192052
3547.0	20000.0	300.0	0.0	20000.0	false	true	20129.0	20129.0	20280.0	20280.0	63.63636363636363	67.66666666666667	68.0	6.502766666666667
3547.0	20000.0	300.0	1.0	20000.0	false	true	20129.0	20128.0	20279.0	20279.0	63.63636363636363	67.66666666666667	68.0	6.502766666666667
3547.0	20000.0	300.0	4.0	20000.0	false	true	20129.0	20125.0	20276.0	20276.0	63.63636363636363	67.66666666666667	68.0	6.502766666666667
3547.0	20000.0	300.0	15.0	20000.0	false	true	20129.0	20114.0	20265.0	20265.0	63.63636363636363	67.66666666666667	68.0	6.502766666666667
3547.0	20000.0	300.0	45.0	20000.0	false	true	20129.0	20084.0	20235.0	20235.0	63.63636363636363	67.66666666666667	68.0	6.502766666666667
3547.0	20000.0	300.0	150.0	20000.0	false	true	20129.0	19979.0	20130.0	20130.0	63.63636363636363	67.66666666666667	68.0	6.502766666666667
3547.0	20000.0	300.0	300.0	20000.0	false	true	20129.0	19829.0	19980.0	19980.0	63.63636363636363	67.66666666666667	68.0	6.502766666666667
3547.0	20000.0	300.0	1000.0	20000.0	false	true	20129.0	19129.0	19280.0	19280.0	63.63636363636363	67.66666666666667	68.0	6.502766666666667
3547.0	20000.0	851.0	0.0	20000.0	false	true	20404.5	20404.5	20831.0	20831.0	23.966666666666665	24.501762632197416	25.0	2.3546193889541716
3547.0	20000.0	851.0	1.0	20000.0	false	true	20404.5	20403.5	20830.0	20830.0	23.966666666666665	24.501762632197416	25.0	2.3546193889541716
3547.0	20000.0	851.0	4.0	20000.0	false	true	20404.5	20400.5	20827.0	20827.0	23.966666666666665	24.501762632197416	25.0	2.3546193889541716
3547.0	20000.0	851.0	15.0	20000.0	false	true	20404.5	20389.5	20816.0	20816.0	23.966666666666665	24.501762632197416	25.0	2.3546193889541716
3547.0	20000.0	851.0	45.0	20000.0	false	true	20404.5	20359.5	20786.0	20786.0	23.966666666666665	24.501762632197416	25.0	2.3546193889541716
3547.0	20000.0	851.0	150.0	20000.0	false	true	20404.5	20254.5	20681.0	20681.0	23.966666666666665	24.501762632197416	25.0	2.3546193889541716
3547.0	20000.0	851.0	300.0	20000.0	false	true	20404.5	20104.5	20531.0	20531.0	23.966666666666665	24.501762632197416	25.0	2.3546193889541716
3547.0	20000.0	851.0	1000.0	20000.0	false	true	20404.5	19404.5	19831.0	19831.0	23.966666666666665	24.501762632197416	25.0	2.3546193889541716
3547.0	20000.0	1875.0	0.0	20000.0	false	true	20916.5	20916.5	21855.0	21855.0	11.549630411826822	11.666666666666666	12.0	1.1211666666666666
3547.0	20000.0	1875.0	1.0	20000.0	false	true	20916.5	20915.5	21854.0	21854.0	11.549630411826822	11.666666666666666	12.0	1.1211666666666666
3547.0	20000.0	1875.0	4.0	20000.0	false	true	20916.5	20912.5	21851.0	21851.0	11.549630411826822	11.666666666666666	12.0	1.1211666666666666
3547.0	20000.0	1875.0	15.0	20000.0	false	true	20916.5	20901.5	21840.0	21840.0	11.549630411826822	11.666666666666666	12.0	1.1211666666666666
3547.0	20000.0	1875.0	45.0	20000.0	false	true	20916.5	20871.5	21810.0	21810.0	11.549630411826822	11.666666666666666	12.0	1.1211666666666666
3547.0	20000.0	1875.0	150.0	20000.0	false	true	20916.5	20766.5	21705.0	21705.0	11.549630411826822	11.666666666666666	12.0	1.1211666666666666
3547.0	20000.0	1875.0	300.0	20000.0	false	true	20916.5	20616.5	21555.0	21555.0	11.549630411826822	11.666666666666666	12.0	1.1211666666666666
3547.0	20000.0	1875.0	1000.0	20000.0	false	true	20916.5	19916.5	20855.0	20855.0	11.549630411826822	11.666666666666666	12.0	1.1211666666666666
3547.0	20000.0	4725.0	0.0	20000.0	false	true	22341.5	22341.5	24705.0	24705.0	5.211846543001687	5.232804232804233	6.0	0.5028724867724867
3547.0	20000.0	4725.0	1.0	20000.0	false	true	22341.5	22340.5	24704.0	24704.0	5.211846543001687	5.232804232804233	6.0	0.5028724867724867
3547.0	20000.0	4725.0	4.0	20000.0	false	true	22341.5	22337.5	24701.0	24701.0	5.211846543001687	5.232804232804233	6.0	0.5028724867724867
3547.0	20000.0	4725.0	15.0	20000.0	false	true	22341.5	22326.5	24690.0	24690.0	5.211846543001687	5.232804232804233	6.0	0.5028724867724867
3547.0	20000.0	4725.0	45.0	20000.0	false	true	22341.5	22296.5	24660.0	24660.0	5.211846543001687	5.232804232804233	6.0	0.5028724867724867
3547.0	20000.0	4725.0	150.0	20000.0	false	true	22341.5	22191.5	24555.0	24555.0	5.211846543001687	5.232804232804233	6.0	0.5028724867724867
3547.0	20000.0	4725.0	300.0	20000.0	false	true	22341.5	22041.5	24405.0	24405.0	5.211846543001687	5.232804232804233	6.0	0.5028724867724867
3547.0	20000.0	4725.0	1000.0	20000.0	false	true	22341.5	21341.5	23705.0	23705.0	5.211846543001687	5.232804232804233	6.0	0.5028724867724867
3547.0	20000.0	19180.0	0.0	20000.0	false	true	29569.0	29569.0	39160.0	39160.0	2.040731288087921	2.042752867570386	3.0	0.1963085505735141
3547.0	20000.0	19180.0	1.0	20000.0	false	true	29569.0	29568.0	39159.0	39159.0	2.040731288087921	2.042752867570386	3.0	0.1963085505735141
3547.0	20000.0	19180.0	4.0	20000.0	false	true	29569.0	29565.0	39156.0	39156.0	2.040731288087921	2.042752867570386	3.0	0.1963085505735141
3547.0	20000.0	19180.0	15.0	20000.0	false	true	29569.0	29554.0	39145.0	39145.0	2.040731288087921	2.042752867570386	3.0	0.1963085505735141
3547.0	20000.0	19180.0	45.0	20000.0	false	true	29569.0	29524.0	39115.0	39115.0	2.040731288087921	2.042752867570386	3.0	0.1963085505735141
3547.0	20000.0	19180.0	150.0	20000.0	false	true	29569.0	29419.0	39010.0	39010.0	2.040731288087921	2.042752867570386	3.0	0.1963085505735141
3547.0	20000.0	19180.0	300.0	20000.0	false	true	29569.0	29269.0	38860.0	38860.0	2.040731288087921	2.042752867570386	3.0	0.1963085505735141
3547.0	20000.0	19180.0	1000.0	20000.0	false	true	29569.0	28569.0	38160.0	38160.0	2.040731288087921	2.042752867570386	3.0	0.1963085505735141
7200.0	0.0	151.0	0.0	7200.0	true	true	7254.5	7254.5	7331.0	7331.0	43.241176470588236	48.682119205298015	49.0	4.67835165562914
7200.0	0.0	151.0	1.0	7200.0	true	true	7254.5	7253.5	7330.0	7330.0	43.241176470588236	48.682119205298015	49.0	4.67835165562914
7200.0	0.0	151.0	4.0	7200.0	true	true	7254.5	7250.5	7327.0	7327.0	43.241176470588236	48.682119205298015	49.0	4.67835165562914
7200.0	0.0	151.0	15.0	7200.0	true	true	7254.5	7239.5	7316.0	7316.0	43.241176470588236	48.682119205298015	49.0	4.67835165562914
7200.0	0.0	151.0	45.0	7200.0	true	true	7254.5	7209.5	7286.0	7286.0	43.241176470588236	48.682119205298015	49.0	4.67835165562914
7200.0	0.0	151.0	150.0	7200.0	true	true	7254.5	7104.5	7181.0	7181.0	43.241176470588236	48.682119205298015	49.0	4.67835165562914
7200.0	0.0	151.0	300.0	7200.0	true	true	7254.5	6954.5	7031.0	7031.0	43.241176470588236	48.682119205298015	49.0	4.67835165562914
7200.0	0.0	151.0	1000.0	7200.0	true	true	7254.5	6254.5	6331.0	6331.0	43.241176470588236	48.682119205298015	49.0	4.67835165562914
7200.0	0.0	300.0	0.0	7200.0	true	true	7329.0	7329.0	7480.0	7480.0	23.510971786833856	25.0	25.0	2.4025000000000003
7200.0	0.0	300.0	1.0	7200.0	true	true	7329.0	7328.0	7479.0	7479.0	23.510971786833856	25.0	25.0	2.4025000000000003
7200.0	0.0	300.0	4.0	7200.0	true	true	7329.0	7325.0	7476.0	7476.0	23.510971786833856	25.0	25.0	2.4025000000000003
7200.0	0.0	300.0	15.0	7200.0	true	true	7329.0	7314.0	7465.0	7465.0	23.510971786833856	25.0	25.0	2.4025000000000003
7200.0	0.0	300.0	45.0	7200.0	true	true	7329.0	7284.0	7435.0	7435.0	23.510971786833856	25.0	25.0	2.4025000000000003
7200.0	0.0	300.0	150.0	7200.0	true	true	7329.0	7179.0	7330.0	7330.0	23.510971786833856	25.0	25.0	2.4025000000000003
7200.0	0.0	300.0	300.0	7200.0	true	true	7329.0	7029.0	7180.0	7180.0	23.510971786833856	25.0	25.0	2.4025000000000003
7200.0	0.0	300.0	1000.0	7200.0	true	true	7329.0	6329.0	6480.0	6480.0	23.510971786833856	25.0	25.0	2.4025000000000003
7200.0	0.0	851.0	0.0	7200.0	true	true	7604.5	7604.5	8031.0	8031.0	9.254022988505747	9.46063454759107	10.0	0.9091669800235018
7200.0	0.0	851.0	1.0	7200.0	true	true	7604.5	7603.5	8030.0	8030.0	9.254022988505747	9.46063454759107	10.0	0.9091669800235018
7200.0	0.0	851.0	4.0	7200.0	true	true	7604.5	7600.5	8027.0	8027.0	9.254022988505747	9.46063454759107	10.0	0.9091669800235018
7200.0	0.0	851.0	15.0	7200.0	true	true	7604.5	7589.5	8016.0	8016.0	9.254022988505747	9.46063454759107	10.0	0.9091669800235018
7200.0	0.0	851.0	45.0	7200.0	true	true	7604.5	7559.5	7986.0	7986.0	9.254022988505747	9.46063454759107	10.0	0.9091669800235018
7200.0	0.0	851.0	150.0	7200.0	true	true	7604.5	7454.5	7881.0	7881.0	9.254022988505747	9.46063454759107	10.0	0.9091669800235018
7200.0	0.0	851.0	300.0	7200.0	true	true	7604.5	7304.5	7731.0	7731.0	9.254022988505747	9.46063454759107	10.0	0.9091669800235018
7200.0	0.0	851.0	1000.0	7200.0	true	true	7604.5	6604.5	7031.0	7031.0	9.254022988505747	9.46063454759107	10.0	0.9091669800235018
7200.0	0.0	1875.0	0.0	7200.0	true	true	8116.5	8116.5	9055.0	9055.0	4.791446673706441	4.84	5.0	0.46512400000000004
7200.0	0.0	1875.0	1.0	7200.0	true	true	8116.5	8115.5	9054.0	9054.0	4.791446673706441	4.84	5.0	0.46512400000000004
7200.0	0.0	1875.0	4.0	7200.0	true	true	8116.5	8112.5	9051.0	9051.0	4.791446673706441	4.84	5.0	0.46512400000000004
7200.0	0.0	1875.0	15.0	7200.0	true	true	8116.5	8101.5	9040.0	9040.0	4.791446673706441	4.84	5.0	0.46512400000000004
7200.0	0.0	1875.0	45.0	7200.0	true	true	8116.5	8071.5	9010.0	9010.0	4.791446673706441	4.84	5.0	0.46512400000000004
7200.0	0.0	1875.0	150.0	7200.0	true	true	8116.5	7966.5	8905.0	8905.0	4.791446673706441	4.84	5.0	0.46512400000000004
7200.0	0.0	1875.0	300.0	7200.0	true	true	8116.5	7816.5	8755.0	8755.0	4.791446673706441	4.84	5.0	0.46512400000000004
7200.0	0.0	1875.0	1000.0	7200.0	true	true	8116.5	7116.5	8055.0	8055.0	4.791446673706441	4.84	5.0	0.46512400000000004
7200.0	0.0	4725.0	0.0	7200.0	true	true	9541.5	9541.5	11905.0	11905.0	2.513701517706577	2.5238095238095237	3.0	0.24253809523809525
7200.0	0.0	4725.0	1.0	7200.0	true	true	9541.5	9540.5	11904.0	11904.0	2.513701517706577	2.5238095238095237	3.0	0.24253809523809525
7200.0	0.0	4725.0	4.0	7200.0	true	true	9541.5	9537.5	11901.0	11901.0	2.513701517706577	2.5238095238095237	3.0	0.24253809523809525
7200.0	0.0	4725.0	15.0	7200.0	true	true	9541.5	9526.5	11890.0	11890.0	2.513701517706577	2.5238095238095237	3.0	0.24253809523809525
7200.0	0.0	4725.0	45.0	7200.0	true	true	9541.5	9496.5	11860.0	11860.0	2.513701517706577	2.5238095238095237	3.0	0.24253809523809525
7200.0	0.0	4725.0	150.0	7200.0	true	true	9541.5	9391.5	11755.0	11755.0	2.513701517706577	2.5238095238095237	3.0	0.24253809523809525
7200.0	0.0	4725.0	300.0	7200.0	true	true	9541.5	9241.5	11605.0	11605.0	2.513701517706577	2.5238095238095237	3.0	0.24253809523809525
7200.0	0.0	4725.0	1000.0	7200.0	true	true	9541.5	8541.5	10905.0	10905.0	2.513701517706577	2.5238095238095237	3.0	0.24253809523809525
7200.0	0.0	19180.0	0.0	7200.0	true	true	16769.0	16769.0	26360.0	26360.0	1.3740298973904892	1.3753910323253389	2.0	0.13217507820646507
7200.0	0.0	19180.0	1.0	7200.0	true	true	16769.0	16768.0	26359.0	26359.0	1.3740298973904892	1.3753910323253389	2.0	0.13217507820646507
7200.0	0.0	19180.0	4.0	7200.0	true	true	16769.0	16765.0	26356.0	26356.0	1.3740298973904892	1.3753910323253389	2.0	0.13217507820646507
7200.0	0.0	19180.0	15.0	7200.0	true	true	16769.0	16754.0	26345.0	26345.0	1.3740298973904892	1.3753910323253389	2.0	0.13217507820646507
7200.0	0.0	19180.0	45.0	7200.0	true	true	16769.0	16724.0	26315.0	26315.0	1.3740298973904892	1.3753910323253389	2.0	0.13217507820646507
7200.0	0.0	19180.0	150.0	7200.0	true	true	16769.0	16619.0	26210.0	26210.0	1.3740298973904892	1.3753910323253389	2.0	0.13217507820646507
7200.0	0.0	19180.0	300.0	7200.0	true	true	16769.0	16469.0	26060.0	26060.0	1.3740298973904892	1.3753910323253389	2.0	0.13217507820646507
7200.0	0.0	19180.0	1000.0	7200.0	true	true	16769.0	15769.0	25360.0	25360.0	1.3740298973904892	1.3753910323253389	2.0	0.13217507820646507
7200.0	500.0	151.0	0.0	7200.0	true	true	7254.5	7254.5	7331.0	7331.0	43.241176470588236	48.682119205298015	49.0	4.67835165562914
7200.0	500.0	151.0	1.0	7200.0	true	true	7254.5	7253.5	7330.0	7330.0	43.241176470588236	48.682119205298015	49.0	4.67835165562914
7200.0	500.0	151.0	4.0	7200.0	true	true	7254.5	7250.5	7327.0	7327.0	43.241176470588236	48.682119205298015	49.0	4.67835165562914
7200.0	500.0	151.0	15.0	7200.0	true	true	7254.5	7239.5	7316.0	7316.0	43.241176470588236	48.682119205298015	49.0	4.67835165562914
7200.0	500.0	151.0	45.0	7200.0	true	true	7254.5	7209.5	7286.0	7286.0	43.241176470588236	48.682119205298015	49.0	4.67835165562914
7200.0	500.0	151.0	150.0	7200.0	true	true	7254.5	7104.5	7181.0	7181.0	43.241176470588236	48.682119205298015	49.0	4.67835165562914
7200.0	500.0	151.0	300.0	7200.0	true	true	7254.5	6954.5	7031.0	7031.0	43.241176470588236	48.682119205298015	49.0	4.67835165562914
7200.0	500.0	151.0	1000.0	7200.0	true	true	7254.5	6254.5	6331.0	6331.0	43.241176470588236	48.682119205298015	49.0	4.67835165562914
7200.0	500.0	300.0	0.0	7200.0	true	true	7329.0	7329.0	7480.0	7480.0	23.510971786833856	25.0	25.0	2.4025000000000003
7200.0	500.0	300.0	1.0	7200.0	true	true	7329.0	7328.0	7479.0	7479.0	23.510971786833856	25.0	25.0	2.4025000000000003
7200.0	500.0	300.0	4.0	7200.0	true	true	7329.0	7325.0	7476.0	7476.0	23.510971786833856	25.0	25.0	2.4025000000000003
7200.0	500.0	300.0	15.0	7200.0	true	true	7329.0	7314.0	7465.0	7465.0	23.510971786833856	25.0	25.0	2.4025000000000003
7200.0	500.0	300.0	45.0	7200.0	true	true	7329.0	7284.0	7435.0	7435.0	23.510971786833856	25.0	25.0	2.4025000000000003
7200.0	500.0	300.0	150.0	7200.0	true	true	7329.0	7179.0	7330.0	7330.0	23.510971786833856	25.0	25.0	2.4025000000000003
7200.0	500.0	300.0	300.0	7200.0	true	true	7329.0	7029.0	7180.0	7180.0	23.510971786833856	25.0	25.0	2.4025000000000003
7200.0	500.0	300.0	1000.0	7200.0	true	true	7329.0	6329.0	6480.0	6480.0	23.510971786833856	25.0	25.0	2.4025000000000003
7200.0	500.0	851.0	0.0	7200.0	true	true	7604.5	7604.5	8031.0	8031.0	9.254022988505747	9.46063454759107	10.0	0.9091669800235018
7200.0	500.0	851.0	1.0	7200.0	true	true	7604.5	7603.5	8030.0	8030.0	9.254022988505747	9.46063454759107	10.0	0.9091669800235018
7200.0	500.0	851.0	4.0	7200.0	true	true	7604.5	7600.5	8027.0	8027.0	9.254022988505747	9.46063454759107	10.0	0.9091669800235018
7200.0	500.0	851.0	15.0	7200.0	true	true	7604.5	7589.5	8016.0	8016.0	9.254022988505747	9.46063454759107	10.0	0.9091669800235018
7200.0	500.0	851.0	45.0	7200.0	true	true	7604.5	7559.5	7986.0	7986.0	9.254022988505747	9.46063454759107	10.0	0.9091669800235018
7200.0	500.0	851.0	150.0	7200.0	true	true	7604.5	7454.5	7881.0	7881.0	9.254022988505747	9.46063454759107	10.0	0.9091669800235018
7200.0	500.0	851.0	300.0	7200.0	true	true	7604.5	7304.5	7731.0	7731.0	9.254022988505747	9.46063454759107	10.0	0.9091669800235018
7200.0	500.0	851.0	1000.0	7200.0	true	true	7604.5	6604.5	7031.0	7031.0	9.254022988505747	9.46063454759107	10.0	0.9091669800235018
7200.0	500.0	1875.0	0.0	7200.0	true	true	8116.5	8116.5	9055.0	9055.0	4.791446673706441	4.84	5.0	0.46512400000000004
7200.0	500.0	1875.0	1.0	7200.0	true	true	8116.5	8115.5	9054.0	9054.0	4.791446673706441	4.84	5.0	0.46512400000000004
7200.0	500.0	1875.0	4.0	7200.0	true	true	8116.5	8112.5	9051.0	9051.0	4.791446673706441	4.84	5.0	0.46512400000000004
7200.0	500.0	1875.0	15.0	7200.0	true	true	8116.5	8101.5	9040.0	9040.0	4.791446673706441	4.84	5.0	0.46512400000000004
7200.0	500.0	1875.0	45.0	7200.0	true	true	8116.5	8071.5	9010.0	9010.0	4.791446673706441	4.84	5.0	0.46512400000000004
7200.0	500.0	1875.0	150.0	7200.0	true	true	8116.5	7966.5	8905.0	8905.0	4.791446673706441	4.84	5.0	0.46512400000000004
7200.0	500.0	1875.0	300.0	7200.0	true	true	8116.5	7816.5	8755.0	8755.0	4.791446673706441	4.84	5.0	0.46512400000000004
7200.0	500.0	1875.0	1000.0	7200.0	true	true	8116.5	7116.5	8055.0	8055.0	4.791446673706441	4.84	5.0	0.46512400000000004
7200.0	500.0	4725.0	0.0	7200.0	true	true	9541.5	9541.5	11905.0	11905.0	2.513701517706577	2.5238095238095237	3.0	0.24253809523809525
7200.0	500.0	4725.0	1.0	7200.0	true	true	9541.5	9540.5	11904.0	11904.0	2.513701517706577	2.5238095238095237	3.0	0.24253809523809525
7200.0	500.0	4725.0	4.0	7200.0	true	true	9541.5	9537.5	11901.0	11901.0	2.513701517706577	2.5238095238095237	3.0	0.24253809523809525
7200.0	500.0	4725.0	15.0	7200.0	true	true	9541.5	9526.5	11890.0	11890.0	2.513701517706577	2.5238095238095237	3.0	0.24253809523809525
7200.0	500.0	4725.0	45.0	7200.0	true	true	9541.5	9496.5	11860.0	11860.0	2.513701517706577	2.5238095238095237	3.0	0.24253809523809525
7200.0	500.0	4725.0	150.0	7200.0	true	true	9541.5	9391.5	11755.0	11755.0	2.513701517706577	2.5238095238095237	3.0	0.24253809523809525
7200.0	500.0	4725.0	300.0	7200.0	true	true	9541.5	9241.5	11605.0	11605.0	2.513701517706577	2.5238095238095237	3.0	0.24253809523809525
7200.0	500.0	4725.0	1000.0	7200.0	true	true	9541.5	8541.5	10905.0	10905.0	2.513701517706577	2.5238095238095237	3.0	0.24253809523809525
7200.0	500.0	19180.0	0.0	7200.0	true	true	16769.0	16769.0	26360.0	26360.0	1.3740298973904892	1.3753910323253389	2.0	0.13217507820646507
7200.0	500.0	19180.0	1.0	7200.0	true	true	16769.0	16768.0	26359.0	26359.0	1.3740298973904892	1.3753910323253389	2.0	0.13217507820646507
7200.0	500.0	19180.0	4.0	7200.0	true	true	16769.0	16765.0	26356.0	26356.0	1.3740298973904892	1.3753910323253389	2.0	0.13217507820646507
7200.0	500.0	19180.0	15.0	7200.0	true	true	16769.0	16754.0	26345.0	26345.0	1.3740298973904892	1.3753910323253389	2.0	0.13217507820646507
7200.0	500.0	19180.0	45.0	7200.0	true	true	16769.0	16724.0	26315.0	26315.0	1.3740298973904892	1.3753910323253389	2.0	0.13217507820646507
7200.0	500.0	19180.0	150.0	7200.0	true	true	16769.0	16619.0	26210.0	26210.0	1.3740298973904892	1.3753910323253389	2.0	0.13217507820646507
7200.0	500.0	19180.0	300.0	7200.0	true	true	16769.0	16469.0	26060.0	26060.0	1.3740298973904892	1.3753910323253389	2.0	0.13217507820646507
7200.0	500.0	19180.0	1000.0	7200.0	true	true	16769.0	15769.0	25360.0	25360.0	1.3740298973904892	1.3753910323253389	2.0	0.13217507820646507
7200.0	3600.0	151.0	0.0	7200.0	true	true	7254.5	7254.5	7331.0	7331.0	43.241176470588236	48.682119205298015	49.0	4.67835165562914
7200.0	3600.0	151.0	1.0	7200.0	true	true	7254.5	7253.5	7330.0	7330.0	43.241176470588236	48.682119205298015	49.0	4.67835165562914
7200.0	3600.0	151.0	4.0	7200.0	true	true	7254.5	7250.5	7327.0	7327.0	43.241176470588236	48.682119205298015	49.0	4.67835165562914
7200.0	3600.0	151.0	15.0	7200.0	true	true	7254.5	7239.5	7316.0	7316.0	43.241176470588236	48.682119205298015	49.0	4.67835165562914
7200.0	3600.0	151.0	45.0	7200.0	true	true	7254.5	7209.5	7286.0	7286.0	43.241176470588236	48.682119205298015	49.0	4.67835165562914
7200.0	3600.0	151.0	150.0	7200.0	true	true	7254.5	7104.5	7181.0	7181.0	43.241176470588236	48.682119205298015	49.0	4.67835165562914
7200.0	3600.0	151.0	300.0	7200.0	true	true	7254.5	6954.5	7031.0	7031.0	43.241176470588236	48.682119205298015	49.0	4.67835165562914
7200.0	3600.0	151.0	1000.0	7200.0	true	true	7254.5	6254.5	6331.0	6331.0	43.241176470588236	48.682119205298015	49.0	4.67835165562914
7200.0	3600.0	300.0	0.0	7200.0	true	true	7329.0	7329.0	7480.0	7480.0	23.510971786833856	25.0	25.0	2.4025000000000003
7200.0	3600.0	300.0	1.0	7200.0	true	true	7329.0	7328.0	7479.0	7479.0	23.510971786833856	25.0	25.0	2.4025000000000003
7200.0	3600.0	300.0	4.0	7200.0	true	true	7329.0	7325.0	7476.0	7476.0	23.510971786833856	25.0	25.0	2.4025000000000003
7200.0	3600.0	300.0	15.0	7200.0	true	true	7329.0	7314.0	7465.0	7465.0	23.510971786833856	25.0	25.0	2.4025000000000003
7200.0	3600.0	300.0	45.0	7200.0	true	true	7329.0	7284.0	7435.0	7435.0	23.510971786833856	25.0	25.0	2.4025000000000003
7200.0	3600.0	300.0	150.0	7200.0	true	true	7329.0	7179.0	7330.0	7330.0	23.510971786833856	25.0	25.0	2.4025000000000003
7200.0	3600.0	300.0	300.0	7200.0	true	true	7329.0	7029.0	7180.0	7180.0	23.510971786833856	25.0	25.0	2.4025000000000003
7200.0	3600.0	300.0	1000.0	7200.0	true	true	7329.0	6329.0	6480.0	6480.0	23.510971786833856	25.0	25.0	2.4025000000000003
7200.0	3600.0	851.0	0.0	7200.0	true	true	7604.5	7604.5	8031.0	8031.0	9.254022988505747	9.46063454759107	10.0	0.9091669800235018
7200.0	3600.0	851.0	1.0	7200.0	true	true	7604.5	7603.5	8030.0	8030.0	9.254022988505747	9.46063454759107	10.0	0.9091669800235018
7200.0	3600.0	851.0	4.0	7200.0	true	true	7604.5	7600.5	8027.0	8027.0	9.254022988505747	9.46063454759107	10.0	0.9091669800235018
7200.0	3600.0	851.0	15.0	7200.0	true	true	7604.5	7589.5	8016.0	8016.0	9.254022988505747	9.46063454759107	10.0	0.9091669800235018
7200.0	3600.0	851.0	45.0	7200.0	true	true	7604.5	7559.5	7986.0	7986.0	9.254022988505747	9.46063454759107	10.0	0.9091669800235018
7200.0	3600.0	851.0	150.0	7200.0	true	true	7604.5	7454.5	7881.0	7881.0	9.254022988505747	9.46063454759107	10.0	0.9091669800235018
7200.0	3600.0	851.0	300.0	7200.0	true	true	7604.5	7304.5	7731.0	7731.0	9.254022988505747	9.46063454759107	10.0	0.9091669800235018
7200.0	3600.0	851.0	1000.0	7200.0	true	true	7604.5	6604.5	7031.0	7031.0	9.254022988505747	9.46063454759107	10.0	0.9091669800235018
7200.0	3600.0	1875.0	0.0	7200.0	true	true	8116.5	8116.5	9055.0	9055.0	4.791446673706441	4.84	5.0	0.46512400000000004
7200.0	3600.0	1875.0	1.0	7200.0	true	true	8116.5	8115.5	9054.0	9054.0	4.791446673706441	4.84	5.0	0.46512400000000004
7200.0	3600.0	1875.0	4.0	7200.0	true	true	8116.5	8112.5	9051.0	9051.0	4.791446673706441	4.84	5.0	0.46512400000000004
7200.0	3600.0	1875.0	15.0	7200.0	true	true	8116.5	8101.5	9040.0	9040.0	4.791446673706441	4.84	5.0	0.46512400000000004
7200.0	3600.0	1875.0	45.0	7200.0	true	true	8116.5	8071.5	9010.0	9010.0	4.791446673706441	4.84	5.0	0.46512400000000004
7200.0	3600.0	1875.0	150.0	7200.0	true	true	8116.5	7966.5	8905.0	8905.0	4.791446673706441	4.84	5.0	0.46512400000000004
7200.0	3600.0	1875.0	300.0	7200.0	true	true	8116.5	7816.5	8755.0	8755.0	4.791446673706441	4.84	5.0	0.46512400000000004
7200.0	3600.0	1875.0	1000.0	7200.0	true	true	8116.5	7116.5	8055.0	8055.0	4.791446673706441	4.84	5.0	0.46512400000000004
7200.0	3600.0	4725.0	0.0	7200.0	true	true	9541.5	9541.5	11905.0	11905.0	2.513701517706577	2.5238095238095237	3.0	0.24253809523809525
7200.0	3600.0	4725.0	1.0	7200.0	true	true	9541.5	9540.5	11904.0	11904.0	2.513701517706577	2.5238095238095237	3.0	0.24253809523809525
7200.0	3600.0	4725.0	4.0	7200.0	true	true	9541.5	9537.5	11901.0	11901.0	2.513701517706577	2.5238095238095237	3.0	0.24253809523809525
7200.0	3600.0	4725.0	15.0	7200.0	true	true	9541.5	9526.5	11890.0	11890.0	2.513701517706577	2.5238095238095237	3.0	0.24253809523809525
7200.0	3600.0	4725.0	45.0	7200.0	true	true	9541.5	9496.5	11860.0	11860.0	2.513701517706577	2.5238095238095237	3.0	0.24253809523809525
7200.0	3600.0	4725.0	150.0	7200.0	true	true	9541.5	9391.5	11755.0	11755.0	2.513701517706577	2.5238095238095237	3.0	0.24253809523809525
7200.0	3600.0	4725.0	300.0	7200.0	true	true	9541.5	9241.5	11605.0	11605.0	2.513701517706577	2.5238095238095237	3.0	0.24253809523809525
7200.0	3600.0	4725.0	1000.0	7200.0	true	true	9541.5	8541.5	10905.0	10905.0	2.513701517706577	2.5238095238095237	3.0	0.24253809523809525
7200.0	3600.0	19180.0	0.0	7200.0	true	true	16769.0	16769.0	26360.0	26360.0	1.3740298973904892	1.3753910323253389	2.0	0.13217507820646507
7200.0	3600.0	19180.0	1.0	7200.0	true	true	16769.0	16768.0	26359.0	26359.0	1.3740298973904892	1.3753910323253389	2.0	0.13217507820646507
7200.0	3600.0	19180.0	4.0	7200.0	true	true	16769.0	16765.0	26356.0	26356.0	1.3740298973904892	1.3753910323253389	2.0	0.13217507820646507
7200.0	3600.0	19180.0	15.0	7200.0	true	true	16769.0	16754.0	26345.0	26345.0	1.3740298973904892	1.3753910323253389	2.0	0.13217507820646507
7200.0	3600.0	19180.0	45.0	7200.0	true	true	16769.0	16724.0	26315.0	26315.0	1.3740298973904892	1.3753910323253389	2.0	0.13217507820646507
7200.0	3600.0	19180.0	150.0	7200.0	true	true	16769.0	16619.0	26210.0	26210.0	1.3740298973904892	1.3753910323253389	2.0	0.13217507820646507
7200.0	3600.0	19180.0	300.0	7200.0	true	true	16769.0	16469.0	26060.0	26060.0	1.3740298973904892	1.3753910323253389	2.0	0.13217507820646507
7200.0	3600.0	19180.0	1000.0	7200.0	true	true	16769.0	15769.0	25360.0	25360.0	1.3740298973904892	1.3753910323253389	2.0	0.13217507820646507
7200.0	20000.0	151.0	0.0	20000.0	false	true	20054.5	20054.5	20131.0	20131.0	118.53529411764706	133.4503311258278	134.0	12.824576821192052
7200.0	20000.0	151.0	1.0	20000.0	false	true	20054.5	20053.5	20130.0	20130.0	118.53529411764706	133.4503311258278	134.0	12.824576821192052
7200.0	20000.0	151.0	4.0	20000.0	false	true	20054.5	20050.5	20127.0	20127.0	118.53529411764706	133.4503311258278	134.0	12.824576821192052
7200.0	20000.0	151.0	15.0	20000.0	false	true	20054.5	20039.5	20116.0	20116.0	118.53529411764706	133.4503311258278	134.0	12.824576821192052
7200.0	20000.0	151.0	45.0	20000.0	false	true	20054.5	20009.5	20086.0	20086.0	118.53529411764706	133.4503311258278	134.0	12.824576821192052
7200.0	20000.0	151.0	150.0	20000.0	false	true	20054.5	19904.5	19981.0	19981.0	118.53529411764706	133.4503311258278	134.0	12.824576821192052
7200.0	20000.0	151.0	300.0	20000.0	false	true	20054.5	19754.5	19831.0	19831.0	118.53529411764706	133.4503311258278	134.0	12.824576821192052
7200.0	20000.0	151.0	1000.0	20000.0	false	true	20054.5	19054.5	19131.0	19131.0	118.53529411764706	133.4503311258278	134.0	12.824576821192052
7200.0	20000.0	300.0	0.0	20000.0	false	true	20129.0	20129.0	20280.0	20280.0	63.63636363636363	67.66666666666667	68.0	6.502766666666667
7200.0	20000.0	300.0	1.0	20000.0	false	true	20129.0	20128.0	20279.0	20279.0	63.63636363636363	67.66666666666667	68.0	6.502766666666667
7200.0	20000.0	300.0	4.0	20000.0	false	true	20129.0	20125.0	20276.0	20276.0	63.63636363636363	67.66666666666667	68.0	6.502766666666667
7200.0	20000.0	300.0	15.0	20000.0	false	true	20129.0	20114.0	20265.0	20265.0	63.63636363636363	67.66666666666667	68.0	6.502766666666667
7200.0	20000.0	300.0	45.0	20000.0	false	true	20129.0	20084.0	20235.0	20235.0	63.63636363636363	67.66666666666667	68.0	6.502766666666667
7200.0	20000.0	300.0	150.0	20000.0	false	true	20129.0	19979.0	20130.0	20130.0	63.63636363636363	67.66666666666667	68.0	6.502766666666667
7200.0	20000.0	300.0	300.0	20000.0	false	true	20129.0	19829.0	19980.0	19980.0	63.63636363636363	67.66666666666667	68.0	6.502766666666667
7200.0	20000.0	300.0	1000.0	20000.0	false	true	20129.0	19129.0	19280.0	19280.0	63.63636363636363	67.66666666666667	68.0	6.502766666666667
7200.0	20000.0	851.0	0.0	20000.0	false	true	20404.5	20404.5	20831.0	20831.0	23.966666666666665	24.501762632197416	25.0	2.3546193889541716
7200.0	20000.0	851.0	1.0	20000.0	false	true	20404.5	20403.5	20830.0	20830.0	23.966666666666665	24.501762632197416	25.0	2.3546193889541716
7200.0	20000.0	851.0	4.0	20000.0	false	true	20404.5	20400.5	20827.0	20827.0	23.966666666666665	24.501762632197416	25.0	2.3546193889541716
7200.0	20000.0	851.0	15.0	20000.0	false	true	20404.5	20389.5	20816.0	20816.0	23.966666666666665	24.501762632197416	25.0	2.3546193889541716
7200.0	20000.0	851.0	45.0	20000.0	false	true	20404.5	20359.5	20786.0	20786.0	23.966666666666665	24.501762632197416	25.0	2.3546193889541716
7200.0	20000.0	851.0	150.0	20000.0	false	true	20404.5	20254.5	20681.0	20681.0	23.966666666666665	24.501762632197416	25.0	2.3546193889541716
7200.0	20000.0	851.0	300.0	20000.0	false	true	20404.5	20104.5	20531.0	20531.0	23.966666666666665	24.501762632197416	25.0	2.3546193889541716
7200.0	20000.0	851.0	1000.0	20000.0	false	true	20404.5	19404.5	19831.0	19831.0	23.966666666666665	24.501762632197416	25.0	2.3546193889541716
7200.0	20000.0	1875.0	0.0	20000.0	false	true	20916.5	20916.5	21855.0	21855.0	11.549630411826822	11.666666666666666	12.0	1.1211666666666666
7200.0	20000.0	1875.0	1.0	20000.0	false	true	20916.5	20915.5	21854.0	21854.0	11.549630411826822	11.666666666666666	12.0	1.1211666666666666
7200.0	20000.0	1875.0	4.0	20000.0	false	true	20916.5	20912.5	21851.0	21851.0	11.549630411826822	11.666666666666666	12.0	1.1211666666666666
7200.0	20000.0	1875.0	15.0	20000.0	false	true	20916.5	20901.5	21840.0	21840.0	11.549630411826822	11.666666666666666	12.0	1.1211666666666666
7200.0	20000.0	1875.0	45.0	20000.0	false	true	20916.5	20871.5	21810.0	21810.0	11.549630411826822	11.666666666666666	12.0	1.1211666666666666
7200.0	20000.0	1875.0	150.0	20000.0	false	true	20916.5	20766.5	21705.0	21705.0	11.549630411826822	11.666666666666666	12.0	1.1211666666666666
7200.0	20000.0	1875.0	300.0	20000.0	false	true	20916.5	20616.5	21555.0	21555.0	11.549630411826822	11.666666666666666	12.0	1.1211666666666666
7200.0	20000.0	1875.0	1000.0	20000.0	false	true	20916.5	19916.5	20855.0	20855.0	11.549630411826822	11.666666666666666	12.0	1.1211666666666666
7200.0	20000.0	4725.0	0.0	20000.0	false	true	22341.5	22341.5	24705.0	24705.0	5.211846543001687	5.232804232804233	6.0	0.5028724867724867
7200.0	20000.0	4725.0	1.0	20000.0	false	true	22341.5	22340.5	24704.0	24704.0	5.211846543001687	5.232804232804233	6.0	0.5028724867724867
7200.0	20000.0	4725.0	4.0	20000.0	false	true	22341.5	22337.5	24701.0	24701.0	5.211846543001687	5.232804232804233	6.0	0.5028724867724867
7200.0	20000.0	4725.0	15.0	20000.0	false	true	22341.5	22326.5	24690.0	24690.0	5.211846543001687	5.232804232804233	6.0	0.5028724867724867
7200.0	20000.0	4725.0	45.0	20000.0	false	true	22341.5	22296.5	24660.0	24660.0	5.211846543001687	5.232804232804233	6.0	0.5028724867724867
7200.0	20000.0	4725.0	150.0	20000.0	false	true	22341.5	22191.5	24555.0	24555.0	5.211846543001687	5.232804232804233	6.0	0.5028724867724867
7200.0	20000.0	4725.0	300.0	20000.0	false	true	22341.5	22041.5	24405.0	24405.0	5.211846543001687	5.232804232804233	6.0	0.5028724867724867
7200.0	20000.0	4725.0	1000.0	20000.0	false	true	22341.5	21341.5	23705.0	23705.0	5.211846543001687	5.232804232804233	6.0	0.5028724867724867
7200.0	20000.0	19180.0	0.0	20000.0	false	true	29569.0	29569.0	39160.0	39160.0	2.040731288087921	2.042752867570386	3.0	0.1963085505735141
7200.0	20000.0	19180.0	1.0	20000.0	false	true	29569.0	29568.0	39159.0	39159.0	2.040731288087921	2.042752867570386	3.0	0.1963085505735141
7200.0	20000.0	19180.0	4.0	20000.0	false	true	29569.0	29565.0	39156.0	39156.0	2.040731288087921	2.042752867570386	3.0	0.1963085505735141
7200.0	20000.0	19180.0	15.0	20000.0	false	true	29569.0	29554.0	39145.0	39145.0	2.040731288087921	2.042752867570386	3.0	0.1963085505735141
7200.0	20000.0	19180.0	45.0	20000.0	false	true	29569.0	29524.0	39115.0	39115.0	2.040731288087921	2.042752867570386	3.0	0.1963085505735141
7200.0	20000.0	19180.0	150.0	20000.0	false	true	29569.0	29419.0	39010.0	39010.0	2.040731288087921	2.042752867570386	3.0	0.1963085505735141
7200.0	20000.0	19180.0	300.0	20000.0	false	true	29569.0	29269.0	38860.0	38860.0	2.040731288087921	2.042752867570386	3.0	0.1963085505735141
7200.0	20000.0	19180.0	1000.0	20000.0	false	true	29569.0	28569.0	38160.0	38160.0	2.040731288087921	2.042752867570386	3.0	0.1963085505735141
19180.0	0.0	151.0	0.0	19180.0	true	true	19234.5	19234.5	19311.0	19311.0	113.71176470588236	128.01986754966887	129.0	12.30270927152318
19180.0	0.0	151.0	1.0	19180.0	true	true	19234.5	19233.5	19310.0	19310.0	113.71176470588236	128.01986754966887	129.0	12.30270927152318
19180.0	0.0	151.0	4.0	19180.0	true	true	19234.5	19230.5	19307.0	19307.0	113.71176470588236	128.01986754966887	129.0	12.30270927152318
19180.0	0.0	151.0	15.0	19180.0	true	true	19234.5	19219.5	19296.0	19296.0	113.71176470588236	128.01986754966887	129.0	12.30270927152318
19180.0	0.0	151.0	45.0	19180.0	true	true	19234.5	19189.5	19266.0	19266.0	113.71176470588236	128.01986754966887	129.0	12.30270927152318
19180.0	0.0	151.0	150.0	19180.0	true	true	19234.5	19084.5	19161.0	19161.0	113.71176470588236	128.01986754966887	129.0	12.30270927152318
19180.0	0.0	151.0	300.0	19180.0	true	true	19234.5	18934.5	19011.0	19011.0	113.71176470588236	128.01986754966887	129.0	12.30270927152318
19180.0	0.0	151.0	1000.0	19180.0	true	true	19234.5	18234.5	18311.0	18311.0	113.71176470588236	128.01986754966887	129.0	12.30270927152318
19180.0	0.0	300.0	0.0	19180.0	true	true	19309.0	19309.0	19460.0	19460.0	61.06583072100314	64.93333333333334	65.0	6.240093333333334
19180.0	0.0	300.0	1.0	19180.0	true	true	19309.0	19308.0	19459.0	19459.0	61.06583072100314	64.93333333333334	65.0	6.240093333333334
19180.0	0.0	300.0	4.0	19180.0	true	true	19309.0	19305.0	19456.0	19456.0	61.06583072100314	64.93333333333334	65.0	6.240093333333334
19180.0	0.0	300.0	15.0	19180.0	true	true	19309.0	19294.0	19445.0	19445.0	61.06583072100314	64.93333333333334	65.0	6.240093333333334
19180.0	0.0	300.0	45.0	19180.0	true	true	19309.0	19264.0	19415.0	19415.0	61.06583072100314	64.93333333333334	65.0	6.240093333333334
19180.0	0.0	300.0	150.0	19180.0	true	true	19309.0	19159.0	19310.0	19310.0	61.06583072100314	64.93333333333334	65.0	6.240093333333334
19180.0	0.0	300.0	300.0	19180.0	true	true	19309.0	19009.0	19160.0	19160.0	61.06583072100314	64.93333333333334	65.0	6.240093333333334
19180.0	0.0	300.0	1000.0	19180.0	true	true	19309.0	18309.0	18460.0	18460.0	61.06583072100314	64.93333333333334	65.0	6.240093333333334
19180.0	0.0	851.0	0.0	19180.0	true	true	19584.5	19584.5	20011.0	20011.0	23.02413793103448	23.53819036427732	24.0	2.2620200940070507
19180.0	0.0	851.0	1.0	19180.0	true	true	19584.5	19583.5	20010.0	20010.0	23.02413793103448	23.53819036427732	24.0	2.2620200940070507
19180.0	0.0	851.0	4.0	19180.0	true	true	19584.5	19580.5	20007.0	20007.0	23.02413793103448	23.53819036427732	24.0	2.2620200940070507
19180.0	0.0	851.0	15.0	19180.0	true	true	19584.5	19569.5	19996.0	19996.0	23.02413793103448	23.53819036427732	24.0	2.2620200940070507
19180.0	0.0	851.0	45.0	19180.0	true	true	19584.5	19539.5	19966.0	19966.0	23.02413793103448	23.53819036427732	24.0	2.2620200940070507
19180.0	0.0	851.0	150.0	19180.0	true	true	19584.5	19434.5	19861.0	19861.0	23.02413793103448	23.53819036427732	24.0	2.2620200940070507
19180.0	0.0	851.0	300.0	19180.0	true	true	19584.5	19284.5	19711.0	19711.0	23.02413793103448	23.53819036427732	24.0	2.2620200940070507
19180.0	0.0	851.0	1000.0	19180.0	true	true	19584.5	18584.5	19011.0	19011.0	23.02413793103448	23.53819036427732	24.0	2.2620200940070507
19180.0	0.0	1875.0	0.0	19180.0	true	true	20096.5	20096.5	21035.0	21035.0	11.116684266103485	11.229333333333333	12.0	1.0791389333333334
19180.0	0.0	1875.0	1.0	19180.0	true	true	20096.5	20095.5	21034.0	21034.0	11.116684266103485	11.229333333333333	12.0	1.0791389333333334
19180.0	0.0	1875.0	4.0	19180.0	true	true	20096.5	20092.5	21031.0	21031.0	11.116684266103485	11.229333333333333	12.0	1.0791389333333334
19180.0	0.0	1875.0	15.0	19180.0	true	true	20096.5	20081.5	21020.0	21020.0	11.116684266103485	11.229333333333333	12.0	1.0791389333333334
19180.0	0.0	1875.0	45.0	19180.0	true	true	20096.5	20051.5	20990.0	20990.0	11.116684266103485	11.229333333333333	12.0	1.0791389333333334
19180.0	0.0	1875.0	150.0	19180.0	true	true	20096.5	19946.5	20885.0	20885.0	11.116684266103485	11.229333333333333	12.0	1.0791389333333334
19180.0	0.0	1875.0	300.0	19180.0	true	true	20096.5	19796.5	20735.0	20735.0	11.116684266103485	11.229333333333333	12.0	1.0791389333333334
19180.0	0.0	1875.0	1000.0	19180.0	true	true	20096.5	19096.5	20035.0	20035.0	11.116684266103485	11.229333333333333	12.0	1.0791389333333334
19180.0	0.0	4725.0	0.0	19180.0	true	true	21521.5	21521.5	23885.0	23885.0	5.038996627318719	5.059259259259259	6.0	0.48619481481481486
19180.0	0.0	4725.0	1.0	19180.0	true	true	21521.5	21520.5	23884.0	23884.0	5.038996627318719	5.059259259259259	6.0	0.48619481481481486
19180.0	0.0	4725.0	4.0	19180.0	true	true	21521.5	21517.5	23881.0	23881.0	5.038996627318719	5.059259259259259	6.0	0.48619481481481486
19180.0	0.0	4725.0	15.0	19180.0	true	true	21521.5	21506.5	23870.0	23870.0	5.038996627318719	5.059259259259259	6.0	0.48619481481481486
19180.0	0.0	4725.0	45.0	19180.0	true	true	21521.5	21476.5	23840.0	23840.0	5.038996627318719	5.059259259259259	6.0	0.48619481481481486
19180.0	0.0	4725.0	150.0	19180.0	true	true	21521.5	21371.5	23735.0	23735.0	5.038996627318719	5.059259259259259	6.0	0.48619481481481486
19180.0	0.0	4725.0	300.0	19180.0	true	true	21521.5	21221.5	23585.0	23585.0	5.038996627318719	5.059259259259259	6.0	0.48619481481481486
19180.0	0.0	4725.0	1000.0	19180.0	true	true	21521.5	20521.5	22885.0	22885.0	5.038996627318719	5.059259259259259	6.0	0.48619481481481486
19180.0	0.0	19180.0	0.0	19180.0	true	true	28749.0	28749.0	38340.0	38340.0	1.998020730246367	2.0	2.0	0.1922
19180.0	0.0	19180.0	1.0	19180.0	true	true	28749.0	28748.0	38339.0	38339.0	1.998020730246367	2.0	2.0	0.1922
19180.0	0.0	19180.0	4.0	19180.0	true	true	28749.0	28745.0	38336.0	38336.0	1.998020730246367	2.0	2.0	0.1922
19180.0	0.0	19180.0	15.0	19180.0	true	true	28749.0	28734.0	38325.0	38325.0	1.998020730246367	2.0	2.0	0.1922
19180.0	0.0	19180.0	45.0	19180.0	true	true	28749.0	28704.0	38295.0	38295.0	1.998020730246367	2.0	2.0	0.1922
19180.0	0.0	19180.0	150.0	19180.0	true	true	28749.0	28599.0	38190.0	38190.0	1.998020730246367	2.0	2.0	0.1922
19180.0	0.0	19180.0	300.0	19180.0	true	true	28749.0	28449.0	38040.0	38040.0	1.998020730246367	2.0	2.0	0.1922
19180.0	0.0	19180.0	1000.0	19180.0	true	true	28749.0	27749.0	37340.0	37340.0	1.998020730246367	2.0	2.0	0.1922
19180.0	500.0	151.0	0.0	19180.0	true	true	19234.5	19234.5	19311.0	19311.0	113.71176470588236	128.01986754966887	129.0	12.30270927152318
19180.0	500.0	151.0	1.0	19180.0	true	true	19234.5	19233.5	19310.0	19310.0	113.71176470588236	128.01986754966887	129.0	12.30270927152318
19180.0	500.0	151.0	4.0	19180.0	true	true	19234.5	19230.5	19307.0	19307.0	113.71176470588236	128.01986754966887	129.0	12.30270927152318
19180.0	500.0	151.0	15.0	19180.0	true	true	19234.5	19219.5	19296.0	19296.0	113.71176470588236	128.01986754966887	129.0	12.30270927152318
19180.0	500.0	151.0	45.0	19180.0	true	true	19234.5	19189.5	19266.0	19266.0	113.71176470588236	128.01986754966887	129.0	12.30270927152318
19180.0	500.0	151.0	150.0	19180.0	true	true	19234.5	19084.5	19161.0	19161.0	113.71176470588236	128.01986754966887	129.0	12.30270927152318
19180.0	500.0	151.0	300.0	19180.0	true	true	19234.5	18934.5	19011.0	19011.0	113.71176470588236	128.01986754966887	129.0	12.30270927152318
19180.0	500.0	151.0	1000.0	19180.0	true	true	19234.5	18234.5	18311.0	18311.0	113.71176470588236	128.01986754966887	129.0	12.30270927152318
19180.0	500.0	300.0	0.0	19180.0	true	true	19309.0	19309.0	19460.0	19460.0	61.06583072100314	64.93333333333334	65.0	6.240093333333334
19180.0	500.0	300.0	1.0	19180.0	true	true	19309.0	19308.0	19459.0	19459.0	61.06583072100314	64.93333333333334	65.0	6.240093333333334
19180.0	500.0	300.0	4.0	19180.0	true	true	19309.0	19305.0	19456.0	19456.0	61.06583072100314	64.93333333333334	65.0	6.240093333333334
19180.0	500.0	300.0	15.0	19180.0	true	true	19309.0	19294.0	19445.0	19445.0	61.06583072100314	64.93333333333334	65.0	6.240093333333334
19180.0	500.0	300.0	45.0	19180.0	true	true	19309.0	19264.0	19415.0	19415.0	61.06583072100314	64.93333333333334	65.0	6.240093333333334
19180.0	500.0	300.0	150.0	19180.0	true	true	19309.0	19159.0	19310.0	19310.0	61.06583072100314	64.93333333333334	65.0	6.240093333333334
19180.0	500.0	300.0	300.0	19180.0	true	true	19309.0	19009.0	19160.0	19160.0	61.06583072100314	64.93333333333334	65.0	6.240093333333334
19180.0	500.0	300.0	1000.0	19180.0	true	true	19309.0	18309.0	18460.0	18460.0	61.06583072100314	64.93333333333334	65.0	6.240093333333334
19180.0	500.0	851.0	0.0	19180.0	true	true	19584.5	19584.5	20011.0	20011.0	23.02413793103448	23.53819036427732	24.0	2.2620200940070507
19180.0	500.0	851.0	1.0	19180.0	true	true	19584.5	19583.5	20010.0	20010.0	23.02413793103448	23.53819036427732	24.0	2.2620200940070507
19180.0	500.0	851.0	4.0	19180.0	true	true	19584.5	19580.5	20007.0	20007.0	23.02413793103448	23.53819036427732	24.0	2.2620200940070507
19180.0	500.0	851.0	15.0	19180.0	true	true	19584.5	19569.5	19996.0	19996.0	23.02413793103448	23.53819036427732	24.0	2.2620200940070507
19180.0	500.0	851.0	45.0	19180.0	true	true	19584.5	19539.5	19966.0	19966.0	23.02413793103448	23.53819036427732	24.0	2.2620200940070507
19180.0	500.0	851.0	150.0	19180.0	true	true	19584.5	19434.5	19861.0	19861.0	23.02413793103448	23.53819036427732	24.0	2.2620200940070507
19180.0	500.0	851.0	300.0	19180.0	true	true	19584.5	19284.5	19711.0	19711.0	23.02413793103448	23.53819036427732	24.0	2.2620200940070507
19180.0	500.0	851.0	1000.0	19180.0	true	true	19584.5	18584.5	19011.0	19011.0	23.02413793103448	23.53819036427732	24.0	2.2620200940070507
19180.0	500.0	1875.0	0.0	19180.0	true	true	20096.5	20096.5	21035.0	21035.0	11.116684266103485	11.229333333333333	12.0	1.0791389333333334
19180.0	500.0	1875.0	1.0	19180.0	true	true	20096.5	20095.5	21034.0	21034.0	11.116684266103485	11.229333333333333	12.0	1.0791389333333334
19180.0	500.0	1875.0	4.0	19180.0	true	true	20096.5	20092.5	21031.0	21031.0	11.116684266103485	11.229333333333333	12.0	1.0791389333333334
19180.0	500.0	1875.0	15.0	19180.0	true	true	20096.5	20081.5	21020.0	21020.0	11.116684266103485	11.229333333333333	12.0	1.0791389333333334
19180.0	500.0	1875.0	45.0	19180.0	true	true	20096.5	20051.5	20990.0	20990.0	11.116684266103485	11.229333333333333	12.0	1.0791389333333334
19180.0	500.0	1875.0	150.0	19180.0	true	true	20096.5	19946.5	20885.0	20885.0	11.116684266103485	11.229333333333333	12.0	1.0791389333333334
19180.0	500.0	1875.0	300.0	19180.0	true	true	20096.5	19796.5	20735.0	20735.0	11.116684266103485	11.229333333333333	12.0	1.0791389333333334
19180.0	500.0	1875.0	1000.0	19180.0	true	true	20096.5	19096.5	20035.0	20035.0	11.116684266103485	11.229333333333333	12.0	1.0791389333333334
19180.0	500.0	4725.0	0.0	19180.0	true	true	21521.5	21521.5	23885.0	23885.0	5.038996627318719	5.059259259259259	6.0	0.48619481481481486
19180.0	500.0	4725.0	1.0	19180.0	true	true	21521.5	21520.5	23884.0	23884.0	5.038996627318719	5.059259259259259	6.0	0.48619481481481486
19180.0	500.0	4725.0	4.0	19180.0	true	true	21521.5	21517.5	23881.0	23881.0	5.038996627318719	5.059259259259259	6.0	0.48619481481481486
19180.0	500.0	4725.0	15.0	19180.0	true	true	21521.5	21506.5	23870.0	23870.0	5.038996627318719	5.059259259259259	6.0	0.48619481481481486
19180.0	500.0	4725.0	45.0	19180.0	true	true	21521.5	21476.5	23840.0	23840.0	5.038996627318719	5.059259259259259	6.0	0.48619481481481486
19180.0	500.0	4725.0	150.0	19180.0	true	true	21521.5	21371.5	23735.0	23735.0	5.038996627318719	5.059259259259259	6.0	0.48619481481481486
19180.0	500.0	4725.0	300.0	19180.0	true	true	21521.5	21221.5	23585.0	23585.0	5.038996627318719	5.059259259259259	6.0	0.48619481481481486
19180.0	500.0	4725.0	1000.0	19180.0	true	true	21521.5	20521.5	22885.0	22885.0	5.038996627318719	5.059259259259259	6.0	0.48619481481481486
19180.0	500.0	19180.0	0.0	19180.0	true	true	28749.0	28749.0	38340.0	38340.0	1.998020730246367	2.0	2.0	0.1922
19180.0	500.0	19180.0	1.0	19180.0	true	true	28749.0	28748.0	38339.0	38339.0	1.998020730246367	2.0	2.0	0.1922
19180.0	500.0	19180.0	4.0	19180.0	true	true	28749.0	28745.0	38336.0	38336.0	1.998020730246367	2.0	2.0	0.1922
19180.0	500.0	19180.0	15.0	19180.0	true	true	28749.0	28734.0	38325.0	38325.0	1.998020730246367	2.0	2.0	0.1922
19180.0	500.0	19180.0	45.0	19180.0	true	true	28749.0	28704.0	38295.0	38295.0	1.998020730246367	2.0	2.0	0.1922
19180.0	500.0	19180.0	150.0	19180.0	true	true	28749.0	28599.0	38190.0	38190.0	1.998020730246367	2.0	2.0	0.1922
19180.0	500.0	19180.0	300.0	19180.0	true	true	28749.0	28449.0	38040.0	38040.0	1.998020730246367	2.0	2.0	0.1922
19180.0	500.0	19180.0	1000.0	19180.0	true	true	28749.0	27749.0	37340.0	37340.0	1.998020730246367	2.0	2.0	0.1922
19180.0	3600.0	151.0	0.0	19180.0	true	true	19234.5	19234.5	19311.0	19311.0	113.71176470588236	128.01986754966887	129.0	12.30270927152318
19180.0	3600.0	151.0	1.0	19180.0	true	true	19234.5	19233.5	19310.0	19310.0	113.71176470588236	128.01986754966887	129.0	12.30270927152318
19180.0	3600.0	151.0	4.0	19180.0	true	true	19234.5	19230.5	19307.0	19307.0	113.71176470588236	128.01986754966887	129.0	12.30270927152318
19180.0	3600.0	151.0	15.0	19180.0	true	true	19234.5	19219.5	19296.0	19296.0	113.71176470588236	128.01986754966887	129.0	12.30270927152318
19180.0	3600.0	151.0	45.0	19180.0	true	true	19234.5	19189.5	19266.0	19266.0	113.71176470588236	128.01986754966887	129.0	12.30270927152318
19180.0	3600.0	151.0	150.0	19180.0	true	true	19234.5	19084.5	19161.0	19161.0	113.71176470588236	128.01986754966887	129.0	12.30270927152318
19180.0	3600.0	151.0	300.0	19180.0	true	true	19234.5	18934.5	19011.0	19011.0	113.71176470588236	128.01986754966887	129.0	12.30270927152318
19180.0	3600.0	151.0	1000.0	19180.0	true	true	19234.5	18234.5	18311.0	18311.0	113.71176470588236	128.01986754966887	129.0	12.30270927152318
19180.0	3600.0	300.0	0.0	19180.0	true	true	19309.0	19309.0	19460.0	19460.0	61.06583072100314	64.93333333333334	65.0	6.240093333333334
19180.0	3600.0	300.0	1.0	19180.0	true	true	19309.0	19308.0	19459.0	19459.0	61.06583072100314	64.93333333333334	65.0	6.240093333333334
19180.0	3600.0	300.0	4.0	19180.0	true	true	19309.0	19305.0	19456.0	19456.0	61.06583072100314	64.93333333333334	65.0	6.240093333333334
19180.0	3600.0	300.0	15.0	19180.0	true	true	19309.0	19294.0	19445.0	19445.0	61.06583072100314	64.93333333333334	65.0	6.240093333333334
19180.0	3600.0	300.0	45.0	19180.0	true	true	19309.0	19264.0	19415.0	19415.0	61.06583072100314	64.93333333333334	65.0	6.240093333333334
19180.0	3600.0	300.0	150.0	19180.0	true	true	19309.0	19159.0	19310.0	19310.0	61.06583072100314	64.93333333333334	65.0	6.240093333333334
19180.0	3600.0	300.0	300.0	19180.0	true	true	19309.0	19009.0	19160.0	19160.0	61.06583072100314	64.93333333333334	65.0	6.240093333333334
19180.0	3600.0	300.0	1000.0	19180.0	true	true	19309.0	18309.0	18460.0	18460.0	61.06583072100314	64.93333333333334	65.0	6.240093333333334
19180.0	3600.0	851.0	0.0	19180.0	true	true	19584.5	19584.5	20011.0	20011.0	23.02413793103448	23.53819036427732	24.0	2.2620200940070507
19180.0	3600.0	851.0	1.0	19180.0	true	true	19584.5	19583.5	20010.0	20010.0	23.02413793103448	23.53819036427732	24.0	2.2620200940070507
19180.0	3600.0	851.0	4.0	19180.0	true	true	19584.5	19580.5	20007.0	20007.0	23.02413793103448	23.53819036427732	24.0	2.2620200940070507
19180.0	3600.0	851.0	15.0	19180.0	true	true	19584.5	19569.5	19996.0	19996.0	23.02413793103448	23.53819036427732	24.0	2.2620200940070507
19180.0	3600.0	851.0	45.0	19180.0	true	true	19584.5	19539.5	19966.0	19966.0	23.02413793103448	23.53819036427732	24.0	2.2620200940070507
19180.0	3600.0	851.0	150.0	19180.0	true	true	19584.5	19434.5	19861.0	19861.0	23.02413793103448	23.53819036427732	24.0	2.2620200940070507
19180.0	3600.0	851.0	300.0	19180.0	true	true	19584.5	19284.5	19711.0	19711.0	23.02413793103448	23.53819036427732	24.0	2.2620200940070507
19180.0	3600.0	851.0	1000.0	19180.0	true	true	19584.5	18584.5	19011.0	19011.0	23.02413793103448	23.53819036427732	24.0	2.2620200940070507
19180.0	3600.0	1875.0	0.0	19180.0	true	true	20096.5	20096.5	21035.0	21035.0	11.116684266103485	11.229333333333333	12.0	1.0791389333333334
19180.0	3600.0	1875.0	1.0	19180.0	true	true	20096.5	20095.5	21034.0	21034.0	11.116684266103485	11.229333333333333	12.0	1.0791389333333334
19180.0	3600.0	1875.0	4.0	19180.0	true	true	20096.5	20092.5	21031.0	21031.0	11.116684266103485	11.229333333333333	12.0	1.0791389333333334
19180.0	3600.0	1875.0	15.0	19180.0	true	true	20096.5	20081.5	21020.0	21020.0	11.116684266103485	11.229333333333333	12.0	1.0791389333333334
19180.0	3600.0	1875.0	45.0	19180.0	true	true	20096.5	20051.5	20990.0	20990.0	11.116684266103485	11.229333333333333	12.0	1.0791389333333334
19180.0	3600.0	1875.0	150.0	19180.0	true	true	20096.5	19946.5	20885.0	20885.0	11.116684266103485	11.229333333333333	12.0	1.0791389333333334
19180.0	3600.0	1875.0	300.0	19180.0	true	true	20096.5	19796.5	20735.0	20735.0	11.116684266103485	11.229333333333333	12.0	1.0791389333333334
19180.0	3600.0	1875.0	1000.0	19180.0	true	true	20096.5	19096.5	20035.0	20035.0	11.116684266103485	11.229333333333333	12.0	1.0791389333333334
19180.0	3600.0	4725.0	0.0	19180.0	true	true	21521.5	21521.5	23885.0	23885.0	5.038996627318719	5.059259259259259	6.0	0.48619481481481486
19180.0	3600.0	4725.0	1.0	19180.0	true	true	21521.5	21520.5	23884.0	23884.0	5.038996627318719	5.059259259259259	6.0	0.48619481481481486
19180.0	3600.0	4725.0	4.0	19180.0	true	true	21521.5	21517.5	23881.0	23881.0	5.038996627318719	5.059259259259259	6.0	0.48619481481481486
19180.0	3600.0	4725.0	15.0	19180.0	true	true	21521.5	21506.5	23870.0	23870.0	5.038996627318719	5.059259259259259	6.0	0.48619481481481486
19180.0	3600.0	4725.0	45.0	19180.0	true	true	21521.5	21476.5	23840.0	23840.0	5.038996627318719	5.059259259259259	6.0	0.48619481481481486
19180.0	3600.0	4725.0	150.0	19180.0	true	true	21521.5	21371.5	23735.0	23735.0	5.038996627318719	5.059259259259259	6.0	0.48619481481481486
19180.0	3600.0	4725.0	300.0	19180.0	true	true	21521.5	21221.5	23585.0	23585.0	5.038996627318719	5.059259259259259	6.0	0.48619481481481486
19180.0	3600.0	4725.0	1000.0	19180.0	true	true	21521.5	20521.5	22885.0	22885.0	5.038996627318719	5.059259259259259	6.0	0.48619481481481486
19180.0	3600.0	19180.0	0.0	19180.0	true	true	28749.0	28749.0	38340.0	38340.0	1.998020730246367	2.0	2.0	0.1922
19180.0	3600.0	19180.0	1.0	19180.0	true	true	28749.0	28748.0	38339.0	38339.0	1.998020730246367	2.0	2.0	0.1922
19180.0	3600.0	19180.0	4.0	19180.0	true	true	28749.0	28745.0	38336.0	38336.0	1.998020730246367	2.0	2.0	0.1922
19180.0	3600.0	19180.0	15.0	19180.0	true	true	28749.0	28734.0	38325.0	38325.0	1.998020730246367	2.0	2.0	0.1922
19180.0	3600.0	19180.0	45.0	19180.0	true	true	28749.0	28704.0	38295.0	38295.0	1.998020730246367	2.0	2.0	0.1922
19180.0	3600.0	19180.0	150.0	19180.0	true	true	28749.0	28599.0	38190.0	38190.0	1.998020730246367	2.0	2.0	0.1922
19180.0	3600.0	19180.0	300.0	19180.0	true	true	28749.0	28449.0	38040.0	38040.0	1.998020730246367	2.0	2.0	0.1922
19180.0	3600.0	19180.0	1000.0	19180.0	true	true	28749.0	27749.0	37340.0	37340.0	1.998020730246367	2.0	2.0	0.1922
19180.0	20000.0	151.0	0.0	20000.0	false	true	20054.5	20054.5	20131.0	20131.0	118.53529411764706	133.4503311258278	134.0	12.824576821192052
19180.0	20000.0	151.0	1.0	20000.0	false	true	20054.5	20053.5	20130.0	20130.0	118.53529411764706	133.4503311258278	134.0	12.824576821192052
19180.0	20000.0	151.0	4.0	20000.0	false	true	20054.5	20050.5	20127.0	20127.0	118.53529411764706	133.4503311258278	134.0	12.824576821192052
19180.0	20000.0	151.0	15.0	20000.0	false	true	20054.5	20039.5	20116.0	20116.0	118.53529411764706	133.4503311258278	134.0	12.824576821192052
19180.0	20000.0	151.0	45.0	20000.0	false	true	20054.5	20009.5	20086.0	20086.0	118.53529411764706	133.4503311258278	134.0	12.824576821192052
19180.0	20000.0	151.0	150.0	20000.0	false	true	20054.5	19904.5	19981.0	19981.0	118.53529411764706	133.4503311258278	134.0	12.824576821192052
19180.0	20000.0	151.0	300.0	20000.0	false	true	20054.5	19754.5	19831.0	19831.0	118.53529411764706	133.4503311258278	134.0	12.824576821192052
19180.0	20000.0	151.0	1000.0	20000.0	false	true	20054.5	19054.5	19131.0	19131.0	118.53529411764706	133.4503311258278	134.0	12.824576821192052
19180.0	20000.0	300.0	0.0	20000.0	false	true	20129.0	20129.0	20280.0	20280.0	63.63636363636363	67.66666666666667	68.0	6.502766666666667
19180.0	20000.0	300.0	1.0	20000.0	false	true	20129.0	20128.0	20279.0	20279.0	63.63636363636363	67.66666666666667	68.0	6.502766666666667
19180.0	20000.0	300.0	4.0	20000.0	false	true	20129.0	20125.0	20276.0	20276.0	63.63636363636363	67.66666666666667	68.0	6.502766666666667
19180.0	20000.0	300.0	15.0	20000.0	false	true	20129.0	20114.0	20265.0	20265.0	63.63636363636363	67.66666666666667	68.0	6.502766666666667
19180.0	20000.0	300.0	45.0	20000.0	false	true	20129.0	20084.0	20235.0	20235.0	63.63636363636363	67.66666666666667	68.0	6.502766666666667
19180.0	20000.0	300.0	150.0	20000.0	false	true	20129.0	19979.0	20130.0	20130.0	63.63636363636363	67.66666666666667	68.0	6.502766666666667
19180.0	20000.0	300.0	300.0	20000.0	false	true	20129.0	19829.0	19980.0	19980.0	63.63636363636363	67.66666666666667	68.0	6.502766666666667
19180.0	20000.0	300.0	1000.0	20000.0	false	true	20129.0	19129.0	19280.0	19280.0	63.63636363636363	67.66666666666667	68.0	6.502766666666667
19180.0	20000.0	851.0	0.0	20000.0	false	true	20404.5	20404.5	20831.0	20831.0	23.966666666666665	24.501762632197416	25.0	2.3546193889541716
19180.0	20000.0	851.0	1.0	20000.0	false	true	20404.5	20403.5	20830.0	20830.0	23.966666666666665	24.501762632197416	25.0	2.3546193889541716
19180.0	20000.0	851.0	4.0	20000.0	false	true	20404.5	20400.5	20827.0	20827.0	23.966666666666665	24.501762632197416	25.0	2.3546193889541716
19180.0	20000.0	851.0	15.0	20000.0	false	true	20404.5	20389.5	20816.0	20816.0	23.966666666666665	24.501762632197416	25.0	2.3546193889541716
19180.0	20000.0	851.0	45.0	20000.0	false	true	20404.5	20359.5	20786.0	20786.0	23.966666666666665	24.501762632197416	25.0	2.3546193889541716
19180.0	20000.0	851.0	150.0	20000.0	false	true	20404.5	20254.5	20681.0	20681.0	23.966666666666665	24.501762632197416	25.0	2.3546193889541716
19180.0	20000.0	851.0	300.0	20000.0	false	true	20404.5	20104.5	20531.0	20531.0	23.966666666666665	24.501762632197416	25.0	2.3546193889541716
19180.0	20000.0	851.0	1000.0	20000.0	false	true	20404.5	19404.5	19831.0	19831.0	23.966666666666665	24.501762632197416	25.0	2.3546193889541716
19180.0	20000.0	1875.0	0.0	20000.0	false	true	20916.5	20916.5	21855.0	21855.0	11.549630411826822	11.666666666666666	12.0	1.1211666666666666
19180.0	20000.0	1875.0	1.0	20000.0	false	true	20916.5	20915.5	21854.0	21854.0	11.549630411826822	11.666666666666666	12.0	1.1211666666666666
19180.0	20000.0	1875.0	4.0	20000.0	false	true	20916.5	20912.5	21851.0	21851.0	11.549630411826822	11.666666666666666	12.0	1.1211666666666666
19180.0	20000.0	1875.0	15.0	20000.0	false	true	20916.5	20901.5	21840.0	21840.0	11.549630411826822	11.666666666666666	12.0	1.1211666666666666
19180.0	20000.0	1875.0	45.0	20000.0	false	true	20916.5	20871.5	21810.0	21810.0	11.549630411826822	11.666666666666666	12.0	1.1211666666666666
19180.0	20000.0	1875.0	150.0	20000.0	false	true	20916.5	20766.5	21705.0	21705.0	11.549630411826822	11.666666666666666	12.0	1.1211666666666666
19180.0	20000.0	1875.0	300.0	20000.0	false	true	20916.5	20616.5	21555.0	21555.0	11.549630411826822	11.666666666666666	12.0	1.1211666666666666
19180.0	20000.0	1875.0	1000.0	20000.0	false	true	20916.5	19916.5	20855.0	20855.0	11.549630411826822	11.666666666666666	12.0	1.1211666666666666
19180.0	20000.0	4725.0	0.0	20000.0	false	true	22341.5	22341.5	24705.0	24705.0	5.211846543001687	5.232804232804233	6.0	0.5028724867724867
19180.0	20000.0	4725.0	1.0	20000.0	false	true	22341.5	22340.5	24704.0	24704.0	5.211846543001687	5.232804232804233	6.0	0.5028724867724867
19180.0	20000.0	4725.0	4.0	20000.0	false	true	22341.5	22337.5	24701.0	24701.0	5.211846543001687	5.232804232804233	6.0	0.5028724867724867
19180.0	20000.0	4725.0	15.0	20000.0	false	true	22341.5	22326.5	24690.0	24690.0	5.211846543001687	5.232804232804233	6.0	0.5028724867724867
19180.0	20000.0	4725.0	45.0	20000.0	false	true	22341.5	22296.5	24660.0	24660.0	5.211846543001687	5.232804232804233	6.0	0.5028724867724867
19180.0	20000.0	4725.0	150.0	20000.0	false	true	22341.5	22191.5	24555.0	24555.0	5.211846543001687	5.232804232804233	6.0	0.5028724867724867
19180.0	20000.0	4725.0	300.0	20000.0	false	true	22341.5	22041.5	24405.0	24405.0	5.211846543001687	5.232804232804233	6.0	0.5028724867724867
19180.0	20000.0	4725.0	1000.0	20000.0	false	true	22341.5	21341.5	23705.0	23705.0	5.211846543001687	5.232804232804233	6.0	0.5028724867724867
19180.0	20000.0	19180.0	0.0	20000.0	false	true	29569.0	29569.0	39160.0	39160.0	2.040731288087921	2.042752867570386	3.0	0.1963085505735141
19180.0	20000.0	19180.0	1.0	20000.0	false	true	29569.0	29568.0	39159.0	39159.0	2.040731288087921	2.042752867570386	3.0	0.1963085505735141
19180.0	20000.0	19180.0	4.0	20000.0	false	true	29569.0	29565.0	39156.0	39156.0	2.040731288087921	2.042752867570386	3.0	0.1963085505735141
19180.0	20000.0	19180.0	15.0	20000.0	false	true	29569.0	29554.0	39145.0	39145.0	2.040731288087921	2.042752867570386	3.0	0.1963085505735141
19180.0	20000.0	19180.0	45.0	20000.0	false	true	29569.0	29524.0	39115.0	39115.0	2.040731288087921	2.042752867570386	3.0	0.1963085505735141
19180.0	20000.0	19180.0	150.0	20000.0	false	true	29569.0	29419.0	39010.0	39010.0	2.040731288087921	2.042752867570386	3.0	0.1963085505735141
19180.0	20000.0	19180.0	300.0	20000.0	false	true	29569.0	29269.0	38860.0	38860.0	2.040731288087921	2.042752867570386	3.0	0.1963085505735141
19180.0	20000.0	19180.0	1000.0	20000.0	false	true	29569.0	28569.0	38160.0	38160.0	2.040731288087921	2.042752867570386	3.0	0.1963085505735141
