operacion,detalle,lote,muestra,ns
G-pot-avx512f_vaes,200032000 iteraciones; 8 checkpoints,1,0,93072814
G-pot-avx512f_vaes,200032000 iteraciones; 8 checkpoints,1,1,93703262
G-pot-avx512f_vaes,200032000 iteraciones; 8 checkpoints,1,2,93135063
G-pot-avx512f_vaes,200032000 iteraciones; 8 checkpoints,1,3,93712582
G-pot-avx512f_vaes,200032000 iteraciones; 8 checkpoints,1,4,93737392
G-pot-avx512f_vaes,200032000 iteraciones; 8 checkpoints,1,5,94269351
G-pot-avx512f_vaes,200032000 iteraciones; 8 checkpoints,1,6,93429647
G-pot-avx512f_vaes,200032000 iteraciones; 8 checkpoints,1,7,93606044
G-pot-avx512f_vaes,200032000 iteraciones; 8 checkpoints,1,8,93773811
G-pot-avx512f_vaes,200032000 iteraciones; 8 checkpoints,1,9,93173033
G-pot-avx512f_vaes,200032000 iteraciones; 8 checkpoints,1,10,93506216
G-pot-avx512f_vaes,200032000 iteraciones; 8 checkpoints,1,11,94240323
G-pot-avx512f_vaes,200032000 iteraciones; 8 checkpoints,1,12,92915037
G-pot-avx512f_vaes,200032000 iteraciones; 8 checkpoints,1,13,93778141
G-pot-avx512f_vaes,200032000 iteraciones; 8 checkpoints,1,14,93621824
G-pot-avx512f_vaes,200032000 iteraciones; 8 checkpoints,1,15,93740941
G-pot-avx512f_vaes,200032000 iteraciones; 8 checkpoints,1,16,93427168
G-pot-avx512f_vaes,200032000 iteraciones; 8 checkpoints,1,17,93770701
G-pot-avx512f_vaes,200032000 iteraciones; 8 checkpoints,1,18,93517546
G-pot-avx512f_vaes,200032000 iteraciones; 8 checkpoints,1,19,93440987
G-pot-avx512f_vaes,200032000 iteraciones; 8 checkpoints,1,20,92072113
G-pot-avx512f_vaes,200032000 iteraciones; 8 checkpoints,1,21,93279460
G-pot-avx512f_vaes,200032000 iteraciones; 8 checkpoints,1,22,93380518
G-pot-avx512f_vaes,200032000 iteraciones; 8 checkpoints,1,23,92463816
G-pot-avx512f_vaes,200032000 iteraciones; 8 checkpoints,1,24,93615355
G-pot-avx512f_vaes,200032000 iteraciones; 8 checkpoints,1,25,92098693
G-pot-avx512f_vaes,200032000 iteraciones; 8 checkpoints,1,26,92958486
G-pot-avx512f_vaes,200032000 iteraciones; 8 checkpoints,1,27,92764100
G-pot-avx512f_vaes,200032000 iteraciones; 8 checkpoints,1,28,93281900
G-pot-avx512f_vaes,200032000 iteraciones; 8 checkpoints,1,29,92282309
G-pot-avx2_vaes,200032000 iteraciones; 8 checkpoints,1,0,101192640
G-pot-avx2_vaes,200032000 iteraciones; 8 checkpoints,1,1,101677190
G-pot-avx2_vaes,200032000 iteraciones; 8 checkpoints,1,2,101161240
G-pot-avx2_vaes,200032000 iteraciones; 8 checkpoints,1,3,101695280
G-pot-avx2_vaes,200032000 iteraciones; 8 checkpoints,1,4,101444195
G-pot-avx2_vaes,200032000 iteraciones; 8 checkpoints,1,5,101229729
G-pot-avx2_vaes,200032000 iteraciones; 8 checkpoints,1,6,101803628
G-pot-avx2_vaes,200032000 iteraciones; 8 checkpoints,1,7,101125661
G-pot-avx2_vaes,200032000 iteraciones; 8 checkpoints,1,8,101900956
G-pot-avx2_vaes,200032000 iteraciones; 8 checkpoints,1,9,101293158
G-pot-avx2_vaes,200032000 iteraciones; 8 checkpoints,1,10,101523083
G-pot-avx2_vaes,200032000 iteraciones; 8 checkpoints,1,11,102136601
G-pot-avx2_vaes,200032000 iteraciones; 8 checkpoints,1,12,101033403
G-pot-avx2_vaes,200032000 iteraciones; 8 checkpoints,1,13,102582733
G-pot-avx2_vaes,200032000 iteraciones; 8 checkpoints,1,14,101434065
G-pot-avx2_vaes,200032000 iteraciones; 8 checkpoints,1,15,101576692
G-pot-avx2_vaes,200032000 iteraciones; 8 checkpoints,1,16,102256289
G-pot-avx2_vaes,200032000 iteraciones; 8 checkpoints,1,17,100965874
G-pot-avx2_vaes,200032000 iteraciones; 8 checkpoints,1,18,101573332
G-pot-avx2_vaes,200032000 iteraciones; 8 checkpoints,1,19,100960144
G-pot-avx2_vaes,200032000 iteraciones; 8 checkpoints,1,20,101157010
G-pot-avx2_vaes,200032000 iteraciones; 8 checkpoints,1,21,101999414
G-pot-avx2_vaes,200032000 iteraciones; 8 checkpoints,1,22,100960884
G-pot-avx2_vaes,200032000 iteraciones; 8 checkpoints,1,23,101531643
G-pot-avx2_vaes,200032000 iteraciones; 8 checkpoints,1,24,101291078
G-pot-avx2_vaes,200032000 iteraciones; 8 checkpoints,1,25,101043192
G-pot-avx2_vaes,200032000 iteraciones; 8 checkpoints,1,26,101850627
G-pot-avx2_vaes,200032000 iteraciones; 8 checkpoints,1,27,100940474
G-pot-avx2_vaes,200032000 iteraciones; 8 checkpoints,1,28,101766089
G-pot-avx2_vaes,200032000 iteraciones; 8 checkpoints,1,29,101137681
G-pot-aes_sse41,200032000 iteraciones; 8 checkpoints,1,0,189899197
G-pot-aes_sse41,200032000 iteraciones; 8 checkpoints,1,1,191096605
G-pot-aes_sse41,200032000 iteraciones; 8 checkpoints,1,2,190982837
G-pot-aes_sse41,200032000 iteraciones; 8 checkpoints,1,3,190825380
G-pot-aes_sse41,200032000 iteraciones; 8 checkpoints,1,4,190020885
G-pot-aes_sse41,200032000 iteraciones; 8 checkpoints,1,5,190873409
G-pot-aes_sse41,200032000 iteraciones; 8 checkpoints,1,6,190989037
G-pot-aes_sse41,200032000 iteraciones; 8 checkpoints,1,7,190834420
G-pot-aes_sse41,200032000 iteraciones; 8 checkpoints,1,8,190019605
G-pot-aes_sse41,200032000 iteraciones; 8 checkpoints,1,9,190940167
G-pot-aes_sse41,200032000 iteraciones; 8 checkpoints,1,10,190491876
G-pot-aes_sse41,200032000 iteraciones; 8 checkpoints,1,11,190260760
G-pot-aes_sse41,200032000 iteraciones; 8 checkpoints,1,12,190780421
G-pot-aes_sse41,200032000 iteraciones; 8 checkpoints,1,13,190046305
G-pot-aes_sse41,200032000 iteraciones; 8 checkpoints,1,14,190584484
G-pot-aes_sse41,200032000 iteraciones; 8 checkpoints,1,15,190807790
G-pot-aes_sse41,200032000 iteraciones; 8 checkpoints,1,16,190565094
G-pot-aes_sse41,200032000 iteraciones; 8 checkpoints,1,17,190232031
G-pot-aes_sse41,200032000 iteraciones; 8 checkpoints,1,18,190931638
G-pot-aes_sse41,200032000 iteraciones; 8 checkpoints,1,19,190518726
G-pot-aes_sse41,200032000 iteraciones; 8 checkpoints,1,20,190997466
G-pot-aes_sse41,200032000 iteraciones; 8 checkpoints,1,21,189804469
G-pot-aes_sse41,200032000 iteraciones; 8 checkpoints,1,22,190663663
G-pot-aes_sse41,200032000 iteraciones; 8 checkpoints,1,23,190999936
G-pot-aes_sse41,200032000 iteraciones; 8 checkpoints,1,24,190292850
G-pot-aes_sse41,200032000 iteraciones; 8 checkpoints,1,25,190250370
G-pot-aes_sse41,200032000 iteraciones; 8 checkpoints,1,26,190460906
G-pot-aes_sse41,200032000 iteraciones; 8 checkpoints,1,27,191080805
G-pot-aes_sse41,200032000 iteraciones; 8 checkpoints,1,28,190925308
G-pot-aes_sse41,200032000 iteraciones; 8 checkpoints,1,29,189958616
G-pot-crate-aes,200032000 iteraciones; 8 checkpoints,1,0,943898213
G-pot-crate-aes,200032000 iteraciones; 8 checkpoints,1,1,947556553
G-pot-crate-aes,200032000 iteraciones; 8 checkpoints,1,2,944322284
G-pot-crate-aes,200032000 iteraciones; 8 checkpoints,1,3,942775604
G-pot-crate-aes,200032000 iteraciones; 8 checkpoints,1,4,945205438
G-pot-crate-aes,200032000 iteraciones; 8 checkpoints,1,5,942341703
G-pot-crate-aes,200032000 iteraciones; 8 checkpoints,1,6,951445348
G-pot-crate-aes,200032000 iteraciones; 8 checkpoints,1,7,952933720
G-pot-crate-aes,200032000 iteraciones; 8 checkpoints,1,8,952735284
G-pot-crate-aes,200032000 iteraciones; 8 checkpoints,1,9,937692361
G-pot-crate-aes,200032000 iteraciones; 8 checkpoints,1,10,941775743
G-pot-crate-aes,200032000 iteraciones; 8 checkpoints,1,11,948525805
G-pot-crate-aes,200032000 iteraciones; 8 checkpoints,1,12,943583058
G-pot-crate-aes,200032000 iteraciones; 8 checkpoints,1,13,946962414
G-pot-crate-aes,200032000 iteraciones; 8 checkpoints,1,14,939279801
A,verify_solution ChiaTable K=20; piece_check_params,1,0,1199597
A,verify_solution ChiaTable K=20; piece_check_params,1,1,1233737
A,verify_solution ChiaTable K=20; piece_check_params,1,2,1196657
A,verify_solution ChiaTable K=20; piece_check_params,1,3,1195817
A,verify_solution ChiaTable K=20; piece_check_params,1,4,1195137
A,verify_solution ChiaTable K=20; piece_check_params,1,5,1195107
A,verify_solution ChiaTable K=20; piece_check_params,1,6,1231517
A,verify_solution ChiaTable K=20; piece_check_params,1,7,1196178
A,verify_solution ChiaTable K=20; piece_check_params,1,8,1196247
A,verify_solution ChiaTable K=20; piece_check_params,1,9,1194277
A,verify_solution ChiaTable K=20; piece_check_params,1,10,1223946
A,verify_solution ChiaTable K=20; piece_check_params,1,11,1194917
A,verify_solution ChiaTable K=20; piece_check_params,1,12,1193328
A,verify_solution ChiaTable K=20; piece_check_params,1,13,1194098
A,verify_solution ChiaTable K=20; piece_check_params,1,14,1226246
A,verify_solution ChiaTable K=20; piece_check_params,1,15,1201867
A,verify_solution ChiaTable K=20; piece_check_params,1,16,1192247
A,verify_solution ChiaTable K=20; piece_check_params,1,17,1192237
A,verify_solution ChiaTable K=20; piece_check_params,1,18,1194857
A,verify_solution ChiaTable K=20; piece_check_params,1,19,1227037
A,verify_solution ChiaTable K=20; piece_check_params,1,20,1194197
A,verify_solution ChiaTable K=20; piece_check_params,1,21,1201997
A,verify_solution ChiaTable K=20; piece_check_params,1,22,1198127
A,verify_solution ChiaTable K=20; piece_check_params,1,23,1229106
A,verify_solution ChiaTable K=20; piece_check_params,1,24,1193847
A,verify_solution ChiaTable K=20; piece_check_params,1,25,1270696
A,verify_solution ChiaTable K=20; piece_check_params,1,26,1191977
A,verify_solution ChiaTable K=20; piece_check_params,1,27,1195337
A,verify_solution ChiaTable K=20; piece_check_params,1,28,1228586
A,verify_solution ChiaTable K=20; piece_check_params,1,29,1198667
A,verify_solution ChiaTable K=20; piece_check_params,1,30,1197368
A,verify_solution ChiaTable K=20; piece_check_params,1,31,1195888
A,verify_solution ChiaTable K=20; piece_check_params,1,32,1228547
A,verify_solution ChiaTable K=20; piece_check_params,1,33,1193907
A,verify_solution ChiaTable K=20; piece_check_params,1,34,1251096
A,verify_solution ChiaTable K=20; piece_check_params,1,35,1204747
A,verify_solution ChiaTable K=20; piece_check_params,1,36,1228776
A,verify_solution ChiaTable K=20; piece_check_params,1,37,1196537
A,verify_solution ChiaTable K=20; piece_check_params,1,38,1195847
A,verify_solution ChiaTable K=20; piece_check_params,1,39,1194187
A,verify_solution ChiaTable K=20; piece_check_params,1,40,1196518
A,verify_solution ChiaTable K=20; piece_check_params,1,41,1225107
A,verify_solution ChiaTable K=20; piece_check_params,1,42,1193627
A,verify_solution ChiaTable K=20; piece_check_params,1,43,1194547
A,verify_solution ChiaTable K=20; piece_check_params,1,44,1192038
A,verify_solution ChiaTable K=20; piece_check_params,1,45,1224127
A,verify_solution ChiaTable K=20; piece_check_params,1,46,1191197
A,verify_solution ChiaTable K=20; piece_check_params,1,47,1191467
A,verify_solution ChiaTable K=20; piece_check_params,1,48,1238157
A,verify_solution ChiaTable K=20; piece_check_params,1,49,1204887
A,verify_solution ChiaTable K=20; piece_check_params,1,50,1243956
A,verify_solution ChiaTable K=20; piece_check_params,1,51,1197387
A,verify_solution ChiaTable K=20; piece_check_params,1,52,1193738
A,verify_solution ChiaTable K=20; piece_check_params,1,53,1192707
A,verify_solution ChiaTable K=20; piece_check_params,1,54,1226837
A,verify_solution ChiaTable K=20; piece_check_params,1,55,1193297
A,verify_solution ChiaTable K=20; piece_check_params,1,56,1208057
A,verify_solution ChiaTable K=20; piece_check_params,1,57,1192687
A,verify_solution ChiaTable K=20; piece_check_params,1,58,1222397
A,verify_solution ChiaTable K=20; piece_check_params,1,59,1191387
A,verify_solution ChiaTable K=20; piece_check_params,1,60,1191067
A,verify_solution ChiaTable K=20; piece_check_params,1,61,1191977
A,verify_solution ChiaTable K=20; piece_check_params,1,62,1262266
A,verify_solution ChiaTable K=20; piece_check_params,1,63,1224476
A,verify_solution ChiaTable K=20; piece_check_params,1,64,1190328
A,verify_solution ChiaTable K=20; piece_check_params,1,65,1195638
A,verify_solution ChiaTable K=20; piece_check_params,1,66,1194757
A,verify_solution ChiaTable K=20; piece_check_params,1,67,1228096
A,verify_solution ChiaTable K=20; piece_check_params,1,68,1194467
A,verify_solution ChiaTable K=20; piece_check_params,1,69,1192608
A,verify_solution ChiaTable K=20; piece_check_params,1,70,1193698
A,verify_solution ChiaTable K=20; piece_check_params,1,71,1200008
A,verify_solution ChiaTable K=20; piece_check_params,1,72,1225977
A,verify_solution ChiaTable K=20; piece_check_params,1,73,1192367
A,verify_solution ChiaTable K=20; piece_check_params,1,74,1192577
A,verify_solution ChiaTable K=20; piece_check_params,1,75,1196137
A,verify_solution ChiaTable K=20; piece_check_params,1,76,1271186
A,verify_solution ChiaTable K=20; piece_check_params,1,77,1192077
A,verify_solution ChiaTable K=20; piece_check_params,1,78,1191537
A,verify_solution ChiaTable K=20; piece_check_params,1,79,1192187
A,verify_solution ChiaTable K=20; piece_check_params,1,80,1221517
A,verify_solution ChiaTable K=20; piece_check_params,1,81,1193547
A,verify_solution ChiaTable K=20; piece_check_params,1,82,1192177
A,verify_solution ChiaTable K=20; piece_check_params,1,83,1192867
A,verify_solution ChiaTable K=20; piece_check_params,1,84,1204727
A,verify_solution ChiaTable K=20; piece_check_params,1,85,1406823
A,verify_solution ChiaTable K=20; piece_check_params,1,86,1200257
A,verify_solution ChiaTable K=20; piece_check_params,1,87,1199117
A,verify_solution ChiaTable K=20; piece_check_params,1,88,1196437
A,verify_solution ChiaTable K=20; piece_check_params,1,89,1273625
A,verify_solution ChiaTable K=20; piece_check_params,1,90,1193617
A,verify_solution ChiaTable K=20; piece_check_params,1,91,1193128
A,verify_solution ChiaTable K=20; piece_check_params,1,92,1191927
A,verify_solution ChiaTable K=20; piece_check_params,1,93,1224926
A,verify_solution ChiaTable K=20; piece_check_params,1,94,1195927
A,verify_solution ChiaTable K=20; piece_check_params,1,95,1192367
A,verify_solution ChiaTable K=20; piece_check_params,1,96,1190048
A,verify_solution ChiaTable K=20; piece_check_params,1,97,1193137
A,verify_solution ChiaTable K=20; piece_check_params,1,98,1224746
A,verify_solution ChiaTable K=20; piece_check_params,1,99,1193717
B-pos,PoS sola ChiaTable K=20,1,0,9100
B-pos,PoS sola ChiaTable K=20,1,1,9070
B-pos,PoS sola ChiaTable K=20,1,2,9030
B-pos,PoS sola ChiaTable K=20,1,3,9039
B-pos,PoS sola ChiaTable K=20,1,4,9070
B-pos,PoS sola ChiaTable K=20,1,5,9070
B-pos,PoS sola ChiaTable K=20,1,6,9040
B-pos,PoS sola ChiaTable K=20,1,7,9030
B-pos,PoS sola ChiaTable K=20,1,8,9040
B-pos,PoS sola ChiaTable K=20,1,9,9110
B-pos,PoS sola ChiaTable K=20,1,10,9089
B-pos,PoS sola ChiaTable K=20,1,11,9110
B-pos,PoS sola ChiaTable K=20,1,12,9100
B-pos,PoS sola ChiaTable K=20,1,13,9070
B-pos,PoS sola ChiaTable K=20,1,14,9100
B-pos,PoS sola ChiaTable K=20,1,15,9110
B-pos,PoS sola ChiaTable K=20,1,16,9090
B-pos,PoS sola ChiaTable K=20,1,17,9009
B-pos,PoS sola ChiaTable K=20,1,18,9030
B-pos,PoS sola ChiaTable K=20,1,19,9020
B-pos,PoS sola ChiaTable K=20,1,20,9040
B-pos,PoS sola ChiaTable K=20,1,21,9030
B-pos,PoS sola ChiaTable K=20,1,22,9030
B-pos,PoS sola ChiaTable K=20,1,23,9030
B-pos,PoS sola ChiaTable K=20,1,24,9039
B-pos,PoS sola ChiaTable K=20,1,25,9030
B-pos,PoS sola ChiaTable K=20,1,26,9390
B-pos,PoS sola ChiaTable K=20,1,27,9100
B-pos,PoS sola ChiaTable K=20,1,28,9100
B-pos,PoS sola ChiaTable K=20,1,29,9050
B-pos,PoS sola ChiaTable K=20,1,30,9050
B-pos,PoS sola ChiaTable K=20,1,31,9019
B-pos,PoS sola ChiaTable K=20,1,32,9010
B-pos,PoS sola ChiaTable K=20,1,33,9000
B-pos,PoS sola ChiaTable K=20,1,34,8989
B-pos,PoS sola ChiaTable K=20,1,35,8980
B-pos,PoS sola ChiaTable K=20,1,36,9000
B-pos,PoS sola ChiaTable K=20,1,37,9000
B-pos,PoS sola ChiaTable K=20,1,38,8959
B-pos,PoS sola ChiaTable K=20,1,39,8970
B-pos,PoS sola ChiaTable K=20,1,40,8990
B-pos,PoS sola ChiaTable K=20,1,41,8989
B-pos,PoS sola ChiaTable K=20,1,42,8960
B-pos,PoS sola ChiaTable K=20,1,43,8970
B-pos,PoS sola ChiaTable K=20,1,44,8970
B-pos,PoS sola ChiaTable K=20,1,45,8950
B-pos,PoS sola ChiaTable K=20,1,46,8960
B-pos,PoS sola ChiaTable K=20,1,47,8970
B-pos,PoS sola ChiaTable K=20,1,48,8969
B-pos,PoS sola ChiaTable K=20,1,49,8980
B-kzg,Kzg::verify chunk (NUM_S_BUCKETS),1,0,585359
B-kzg,Kzg::verify chunk (NUM_S_BUCKETS),1,1,583729
B-kzg,Kzg::verify chunk (NUM_S_BUCKETS),1,2,583869
B-kzg,Kzg::verify chunk (NUM_S_BUCKETS),1,3,584189
B-kzg,Kzg::verify chunk (NUM_S_BUCKETS),1,4,583709
B-kzg,Kzg::verify chunk (NUM_S_BUCKETS),1,5,585398
B-kzg,Kzg::verify chunk (NUM_S_BUCKETS),1,6,588469
B-kzg,Kzg::verify chunk (NUM_S_BUCKETS),1,7,586999
B-kzg,Kzg::verify chunk (NUM_S_BUCKETS),1,8,584809
B-kzg,Kzg::verify chunk (NUM_S_BUCKETS),1,9,582019
B-kzg,Kzg::verify chunk (NUM_S_BUCKETS),1,10,584079
B-kzg,Kzg::verify chunk (NUM_S_BUCKETS),1,11,621388
B-kzg,Kzg::verify chunk (NUM_S_BUCKETS),1,12,585569
B-kzg,Kzg::verify chunk (NUM_S_BUCKETS),1,13,583458
B-kzg,Kzg::verify chunk (NUM_S_BUCKETS),1,14,582529
B-kzg,Kzg::verify chunk (NUM_S_BUCKETS),1,15,585939
B-kzg,Kzg::verify chunk (NUM_S_BUCKETS),1,16,616368
B-kzg,Kzg::verify chunk (NUM_S_BUCKETS),1,17,585219
B-kzg,Kzg::verify chunk (NUM_S_BUCKETS),1,18,585809
B-kzg,Kzg::verify chunk (NUM_S_BUCKETS),1,19,582619
B-kzg,Kzg::verify chunk (NUM_S_BUCKETS),1,20,585059
B-kzg,Kzg::verify chunk (NUM_S_BUCKETS),1,21,582819
B-kzg,Kzg::verify chunk (NUM_S_BUCKETS),1,22,584008
B-kzg,Kzg::verify chunk (NUM_S_BUCKETS),1,23,585469
B-kzg,Kzg::verify chunk (NUM_S_BUCKETS),1,24,582249
B-kzg,Kzg::verify chunk (NUM_S_BUCKETS),1,25,616618
B-kzg,Kzg::verify chunk (NUM_S_BUCKETS),1,26,582139
B-kzg,Kzg::verify chunk (NUM_S_BUCKETS),1,27,584519
B-kzg,Kzg::verify chunk (NUM_S_BUCKETS),1,28,585019
B-kzg,Kzg::verify chunk (NUM_S_BUCKETS),1,29,582029
B-kzg,Kzg::verify chunk (NUM_S_BUCKETS),1,30,584329
B-kzg,Kzg::verify chunk (NUM_S_BUCKETS),1,31,583529
B-kzg,Kzg::verify chunk (NUM_S_BUCKETS),1,32,584199
B-kzg,Kzg::verify chunk (NUM_S_BUCKETS),1,33,583119
B-kzg,Kzg::verify chunk (NUM_S_BUCKETS),1,34,612898
B-kzg,Kzg::verify chunk (NUM_S_BUCKETS),1,35,583439
B-kzg,Kzg::verify chunk (NUM_S_BUCKETS),1,36,582099
B-kzg,Kzg::verify chunk (NUM_S_BUCKETS),1,37,583388
B-kzg,Kzg::verify chunk (NUM_S_BUCKETS),1,38,583919
B-kzg,Kzg::verify chunk (NUM_S_BUCKETS),1,39,621398
B-kzg,Kzg::verify chunk (NUM_S_BUCKETS),1,40,588639
B-kzg,Kzg::verify chunk (NUM_S_BUCKETS),1,41,581739
B-kzg,Kzg::verify chunk (NUM_S_BUCKETS),1,42,583479
B-kzg,Kzg::verify chunk (NUM_S_BUCKETS),1,43,615779
B-kzg,Kzg::verify chunk (NUM_S_BUCKETS),1,44,583029
B-kzg,Kzg::verify chunk (NUM_S_BUCKETS),1,45,585949
B-kzg,Kzg::verify chunk (NUM_S_BUCKETS),1,46,583519
B-kzg,Kzg::verify chunk (NUM_S_BUCKETS),1,47,584559
B-kzg,Kzg::verify chunk (NUM_S_BUCKETS),1,48,582499
B-kzg,Kzg::verify chunk (NUM_S_BUCKETS),1,49,583169
B-kzg-hist,Kzg::verify parametros del banco historico (RawRecord::NUM_CHUNKS, indice 0),1,0,587979
B-kzg-hist,Kzg::verify parametros del banco historico (RawRecord::NUM_CHUNKS, indice 0),1,1,584699
B-kzg-hist,Kzg::verify parametros del banco historico (RawRecord::NUM_CHUNKS, indice 0),1,2,587129
B-kzg-hist,Kzg::verify parametros del banco historico (RawRecord::NUM_CHUNKS, indice 0),1,3,584809
B-kzg-hist,Kzg::verify parametros del banco historico (RawRecord::NUM_CHUNKS, indice 0),1,4,706207
B-kzg-hist,Kzg::verify parametros del banco historico (RawRecord::NUM_CHUNKS, indice 0),1,5,586069
B-kzg-hist,Kzg::verify parametros del banco historico (RawRecord::NUM_CHUNKS, indice 0),1,6,582508
B-kzg-hist,Kzg::verify parametros del banco historico (RawRecord::NUM_CHUNKS, indice 0),1,7,584799
B-kzg-hist,Kzg::verify parametros del banco historico (RawRecord::NUM_CHUNKS, indice 0),1,8,584179
B-kzg-hist,Kzg::verify parametros del banco historico (RawRecord::NUM_CHUNKS, indice 0),1,9,585299
B-kzg-hist,Kzg::verify parametros del banco historico (RawRecord::NUM_CHUNKS, indice 0),1,10,585258
B-kzg-hist,Kzg::verify parametros del banco historico (RawRecord::NUM_CHUNKS, indice 0),1,11,584299
B-kzg-hist,Kzg::verify parametros del banco historico (RawRecord::NUM_CHUNKS, indice 0),1,12,585589
B-kzg-hist,Kzg::verify parametros del banco historico (RawRecord::NUM_CHUNKS, indice 0),1,13,615138
B-kzg-hist,Kzg::verify parametros del banco historico (RawRecord::NUM_CHUNKS, indice 0),1,14,585489
B-kzg-hist,Kzg::verify parametros del banco historico (RawRecord::NUM_CHUNKS, indice 0),1,15,585618
B-kzg-hist,Kzg::verify parametros del banco historico (RawRecord::NUM_CHUNKS, indice 0),1,16,583579
B-kzg-hist,Kzg::verify parametros del banco historico (RawRecord::NUM_CHUNKS, indice 0),1,17,585099
B-kzg-hist,Kzg::verify parametros del banco historico (RawRecord::NUM_CHUNKS, indice 0),1,18,583679
B-kzg-hist,Kzg::verify parametros del banco historico (RawRecord::NUM_CHUNKS, indice 0),1,19,586519
B-kzg-hist,Kzg::verify parametros del banco historico (RawRecord::NUM_CHUNKS, indice 0),1,20,587049
B-kzg-hist,Kzg::verify parametros del banco historico (RawRecord::NUM_CHUNKS, indice 0),1,21,584419
B-kzg-hist,Kzg::verify parametros del banco historico (RawRecord::NUM_CHUNKS, indice 0),1,22,617999
B-kzg-hist,Kzg::verify parametros del banco historico (RawRecord::NUM_CHUNKS, indice 0),1,23,585048
B-kzg-hist,Kzg::verify parametros del banco historico (RawRecord::NUM_CHUNKS, indice 0),1,24,586889
B-kzg-hist,Kzg::verify parametros del banco historico (RawRecord::NUM_CHUNKS, indice 0),1,25,586789
B-kzg-hist,Kzg::verify parametros del banco historico (RawRecord::NUM_CHUNKS, indice 0),1,26,585678
B-kzg-hist,Kzg::verify parametros del banco historico (RawRecord::NUM_CHUNKS, indice 0),1,27,587469
B-kzg-hist,Kzg::verify parametros del banco historico (RawRecord::NUM_CHUNKS, indice 0),1,28,582489
B-kzg-hist,Kzg::verify parametros del banco historico (RawRecord::NUM_CHUNKS, indice 0),1,29,585679
B-kzg-hist,Kzg::verify parametros del banco historico (RawRecord::NUM_CHUNKS, indice 0),1,30,584779
B-kzg-hist,Kzg::verify parametros del banco historico (RawRecord::NUM_CHUNKS, indice 0),1,31,618578
B-kzg-hist,Kzg::verify parametros del banco historico (RawRecord::NUM_CHUNKS, indice 0),1,32,587319
B-kzg-hist,Kzg::verify parametros del banco historico (RawRecord::NUM_CHUNKS, indice 0),1,33,585259
B-kzg-hist,Kzg::verify parametros del banco historico (RawRecord::NUM_CHUNKS, indice 0),1,34,586218
B-kzg-hist,Kzg::verify parametros del banco historico (RawRecord::NUM_CHUNKS, indice 0),1,35,584149
B-kzg-hist,Kzg::verify parametros del banco historico (RawRecord::NUM_CHUNKS, indice 0),1,36,585909
B-kzg-hist,Kzg::verify parametros del banco historico (RawRecord::NUM_CHUNKS, indice 0),1,37,586009
B-kzg-hist,Kzg::verify parametros del banco historico (RawRecord::NUM_CHUNKS, indice 0),1,38,583789
B-kzg-hist,Kzg::verify parametros del banco historico (RawRecord::NUM_CHUNKS, indice 0),1,39,586019
B-kzg-hist,Kzg::verify parametros del banco historico (RawRecord::NUM_CHUNKS, indice 0),1,40,617248
B-kzg-hist,Kzg::verify parametros del banco historico (RawRecord::NUM_CHUNKS, indice 0),1,41,585659
B-kzg-hist,Kzg::verify parametros del banco historico (RawRecord::NUM_CHUNKS, indice 0),1,42,586009
B-kzg-hist,Kzg::verify parametros del banco historico (RawRecord::NUM_CHUNKS, indice 0),1,43,584849
B-kzg-hist,Kzg::verify parametros del banco historico (RawRecord::NUM_CHUNKS, indice 0),1,44,587129
B-kzg-hist,Kzg::verify parametros del banco historico (RawRecord::NUM_CHUNKS, indice 0),1,45,584929
B-kzg-hist,Kzg::verify parametros del banco historico (RawRecord::NUM_CHUNKS, indice 0),1,46,586758
B-kzg-hist,Kzg::verify parametros del banco historico (RawRecord::NUM_CHUNKS, indice 0),1,47,586829
B-kzg-hist,Kzg::verify parametros del banco historico (RawRecord::NUM_CHUNKS, indice 0),1,48,583789
B-kzg-hist,Kzg::verify parametros del banco historico (RawRecord::NUM_CHUNKS, indice 0),1,49,615528
C,sello Ed25519 ZIP-215 sobre 492 B,1,0,15319
C,sello Ed25519 ZIP-215 sobre 492 B,1,1,15350
C,sello Ed25519 ZIP-215 sobre 492 B,1,2,15299
C,sello Ed25519 ZIP-215 sobre 492 B,1,3,15240
C,sello Ed25519 ZIP-215 sobre 492 B,1,4,15230
C,sello Ed25519 ZIP-215 sobre 492 B,1,5,15270
C,sello Ed25519 ZIP-215 sobre 492 B,1,6,15240
C,sello Ed25519 ZIP-215 sobre 492 B,1,7,15279
C,sello Ed25519 ZIP-215 sobre 492 B,1,8,15230
C,sello Ed25519 ZIP-215 sobre 492 B,1,9,15260
C,sello Ed25519 ZIP-215 sobre 492 B,1,10,15280
C,sello Ed25519 ZIP-215 sobre 492 B,1,11,15230
C,sello Ed25519 ZIP-215 sobre 492 B,1,12,15259
C,sello Ed25519 ZIP-215 sobre 492 B,1,13,15240
C,sello Ed25519 ZIP-215 sobre 492 B,1,14,15290
C,sello Ed25519 ZIP-215 sobre 492 B,1,15,15250
C,sello Ed25519 ZIP-215 sobre 492 B,1,16,15250
C,sello Ed25519 ZIP-215 sobre 492 B,1,17,15249
C,sello Ed25519 ZIP-215 sobre 492 B,1,18,15250
C,sello Ed25519 ZIP-215 sobre 492 B,1,19,15240
C,sello Ed25519 ZIP-215 sobre 492 B,1,20,15270
C,sello Ed25519 ZIP-215 sobre 492 B,1,21,15240
C,sello Ed25519 ZIP-215 sobre 492 B,1,22,15249
C,sello Ed25519 ZIP-215 sobre 492 B,1,23,15260
C,sello Ed25519 ZIP-215 sobre 492 B,1,24,15260
C,sello Ed25519 ZIP-215 sobre 492 B,1,25,15260
C,sello Ed25519 ZIP-215 sobre 492 B,1,26,15280
C,sello Ed25519 ZIP-215 sobre 492 B,1,27,15270
C,sello Ed25519 ZIP-215 sobre 492 B,1,28,15260
C,sello Ed25519 ZIP-215 sobre 492 B,1,29,15259
C,sello Ed25519 ZIP-215 sobre 492 B,1,30,15270
C,sello Ed25519 ZIP-215 sobre 492 B,1,31,15290
C,sello Ed25519 ZIP-215 sobre 492 B,1,32,15270
C,sello Ed25519 ZIP-215 sobre 492 B,1,33,15270
C,sello Ed25519 ZIP-215 sobre 492 B,1,34,15249
C,sello Ed25519 ZIP-215 sobre 492 B,1,35,15230
C,sello Ed25519 ZIP-215 sobre 492 B,1,36,15250
C,sello Ed25519 ZIP-215 sobre 492 B,1,37,15270
C,sello Ed25519 ZIP-215 sobre 492 B,1,38,15250
C,sello Ed25519 ZIP-215 sobre 492 B,1,39,15239
C,sello Ed25519 ZIP-215 sobre 492 B,1,40,15240
C,sello Ed25519 ZIP-215 sobre 492 B,1,41,15249
C,sello Ed25519 ZIP-215 sobre 492 B,1,42,15270
C,sello Ed25519 ZIP-215 sobre 492 B,1,43,15230
C,sello Ed25519 ZIP-215 sobre 492 B,1,44,15179
C,sello Ed25519 ZIP-215 sobre 492 B,1,45,15190
C,sello Ed25519 ZIP-215 sobre 492 B,1,46,15239
C,sello Ed25519 ZIP-215 sobre 492 B,1,47,15230
C,sello Ed25519 ZIP-215 sobre 492 B,1,48,15190
C,sello Ed25519 ZIP-215 sobre 492 B,1,49,15179
C,sello Ed25519 ZIP-215 sobre 492 B,1,50,15160
C,sello Ed25519 ZIP-215 sobre 492 B,1,51,15149
C,sello Ed25519 ZIP-215 sobre 492 B,1,52,15130
C,sello Ed25519 ZIP-215 sobre 492 B,1,53,15170
C,sello Ed25519 ZIP-215 sobre 492 B,1,54,15170
C,sello Ed25519 ZIP-215 sobre 492 B,1,55,15160
C,sello Ed25519 ZIP-215 sobre 492 B,1,56,15149
C,sello Ed25519 ZIP-215 sobre 492 B,1,57,15140
C,sello Ed25519 ZIP-215 sobre 492 B,1,58,15110
C,sello Ed25519 ZIP-215 sobre 492 B,1,59,15210
C,sello Ed25519 ZIP-215 sobre 492 B,1,60,15130
C,sello Ed25519 ZIP-215 sobre 492 B,1,61,15169
C,sello Ed25519 ZIP-215 sobre 492 B,1,62,15150
C,sello Ed25519 ZIP-215 sobre 492 B,1,63,15150
C,sello Ed25519 ZIP-215 sobre 492 B,1,64,15170
C,sello Ed25519 ZIP-215 sobre 492 B,1,65,15140
C,sello Ed25519 ZIP-215 sobre 492 B,1,66,15139
C,sello Ed25519 ZIP-215 sobre 492 B,1,67,15140
C,sello Ed25519 ZIP-215 sobre 492 B,1,68,15149
C,sello Ed25519 ZIP-215 sobre 492 B,1,69,15140
C,sello Ed25519 ZIP-215 sobre 492 B,1,70,15170
C,sello Ed25519 ZIP-215 sobre 492 B,1,71,15159
C,sello Ed25519 ZIP-215 sobre 492 B,1,72,15150
C,sello Ed25519 ZIP-215 sobre 492 B,1,73,15159
C,sello Ed25519 ZIP-215 sobre 492 B,1,74,15140
C,sello Ed25519 ZIP-215 sobre 492 B,1,75,15140
C,sello Ed25519 ZIP-215 sobre 492 B,1,76,15129
C,sello Ed25519 ZIP-215 sobre 492 B,1,77,15160
C,sello Ed25519 ZIP-215 sobre 492 B,1,78,15179
C,sello Ed25519 ZIP-215 sobre 492 B,1,79,15150
C,sello Ed25519 ZIP-215 sobre 492 B,1,80,15140
C,sello Ed25519 ZIP-215 sobre 492 B,1,81,15130
C,sello Ed25519 ZIP-215 sobre 492 B,1,82,15160
C,sello Ed25519 ZIP-215 sobre 492 B,1,83,15129
C,sello Ed25519 ZIP-215 sobre 492 B,1,84,15140
C,sello Ed25519 ZIP-215 sobre 492 B,1,85,15170
C,sello Ed25519 ZIP-215 sobre 492 B,1,86,15130
C,sello Ed25519 ZIP-215 sobre 492 B,1,87,15140
C,sello Ed25519 ZIP-215 sobre 492 B,1,88,16779
C,sello Ed25519 ZIP-215 sobre 492 B,1,89,15170
C,sello Ed25519 ZIP-215 sobre 492 B,1,90,15160
C,sello Ed25519 ZIP-215 sobre 492 B,1,91,15130
C,sello Ed25519 ZIP-215 sobre 492 B,1,92,15120
C,sello Ed25519 ZIP-215 sobre 492 B,1,93,15099
C,sello Ed25519 ZIP-215 sobre 492 B,1,94,15140
C,sello Ed25519 ZIP-215 sobre 492 B,1,95,15250
C,sello Ed25519 ZIP-215 sobre 492 B,1,96,15200
C,sello Ed25519 ZIP-215 sobre 492 B,1,97,15100
C,sello Ed25519 ZIP-215 sobre 492 B,1,98,15099
C,sello Ed25519 ZIP-215 sobre 492 B,1,99,15110
D-92,block_hash cabecera 92 B (x100; dividido),1,0,213
D-92,block_hash cabecera 92 B (x100; dividido),1,1,213
D-92,block_hash cabecera 92 B (x100; dividido),1,2,213
D-92,block_hash cabecera 92 B (x100; dividido),1,3,213
D-92,block_hash cabecera 92 B (x100; dividido),1,4,213
D-92,block_hash cabecera 92 B (x100; dividido),1,5,213
D-92,block_hash cabecera 92 B (x100; dividido),1,6,213
D-92,block_hash cabecera 92 B (x100; dividido),1,7,213
D-92,block_hash cabecera 92 B (x100; dividido),1,8,213
D-92,block_hash cabecera 92 B (x100; dividido),1,9,213
D-92,block_hash cabecera 92 B (x100; dividido),1,10,213
D-92,block_hash cabecera 92 B (x100; dividido),1,11,213
D-92,block_hash cabecera 92 B (x100; dividido),1,12,213
D-92,block_hash cabecera 92 B (x100; dividido),1,13,213
D-92,block_hash cabecera 92 B (x100; dividido),1,14,213
D-92,block_hash cabecera 92 B (x100; dividido),1,15,213
D-92,block_hash cabecera 92 B (x100; dividido),1,16,213
D-92,block_hash cabecera 92 B (x100; dividido),1,17,213
D-92,block_hash cabecera 92 B (x100; dividido),1,18,213
D-92,block_hash cabecera 92 B (x100; dividido),1,19,213
D-92,block_hash cabecera 92 B (x100; dividido),1,20,213
D-92,block_hash cabecera 92 B (x100; dividido),1,21,213
D-92,block_hash cabecera 92 B (x100; dividido),1,22,213
D-92,block_hash cabecera 92 B (x100; dividido),1,23,213
D-92,block_hash cabecera 92 B (x100; dividido),1,24,227
D-92,block_hash cabecera 92 B (x100; dividido),1,25,213
D-92,block_hash cabecera 92 B (x100; dividido),1,26,214
D-92,block_hash cabecera 92 B (x100; dividido),1,27,215
D-92,block_hash cabecera 92 B (x100; dividido),1,28,215
D-92,block_hash cabecera 92 B (x100; dividido),1,29,216
D-92,block_hash cabecera 92 B (x100; dividido),1,30,216
D-92,block_hash cabecera 92 B (x100; dividido),1,31,556
D-92,block_hash cabecera 92 B (x100; dividido),1,32,215
D-92,block_hash cabecera 92 B (x100; dividido),1,33,215
D-92,block_hash cabecera 92 B (x100; dividido),1,34,215
D-92,block_hash cabecera 92 B (x100; dividido),1,35,215
D-92,block_hash cabecera 92 B (x100; dividido),1,36,215
D-92,block_hash cabecera 92 B (x100; dividido),1,37,215
D-92,block_hash cabecera 92 B (x100; dividido),1,38,215
D-92,block_hash cabecera 92 B (x100; dividido),1,39,215
D-92,block_hash cabecera 92 B (x100; dividido),1,40,215
D-92,block_hash cabecera 92 B (x100; dividido),1,41,215
D-92,block_hash cabecera 92 B (x100; dividido),1,42,215
D-92,block_hash cabecera 92 B (x100; dividido),1,43,215
D-92,block_hash cabecera 92 B (x100; dividido),1,44,214
D-92,block_hash cabecera 92 B (x100; dividido),1,45,215
D-92,block_hash cabecera 92 B (x100; dividido),1,46,215
D-92,block_hash cabecera 92 B (x100; dividido),1,47,215
D-92,block_hash cabecera 92 B (x100; dividido),1,48,215
D-92,block_hash cabecera 92 B (x100; dividido),1,49,215
D-92,block_hash cabecera 92 B (x100; dividido),1,50,215
D-92,block_hash cabecera 92 B (x100; dividido),1,51,215
D-92,block_hash cabecera 92 B (x100; dividido),1,52,215
D-92,block_hash cabecera 92 B (x100; dividido),1,53,215
D-92,block_hash cabecera 92 B (x100; dividido),1,54,215
D-92,block_hash cabecera 92 B (x100; dividido),1,55,214
D-92,block_hash cabecera 92 B (x100; dividido),1,56,215
D-92,block_hash cabecera 92 B (x100; dividido),1,57,214
D-92,block_hash cabecera 92 B (x100; dividido),1,58,215
D-92,block_hash cabecera 92 B (x100; dividido),1,59,230
D-92,block_hash cabecera 92 B (x100; dividido),1,60,215
D-92,block_hash cabecera 92 B (x100; dividido),1,61,216
D-92,block_hash cabecera 92 B (x100; dividido),1,62,215
D-92,block_hash cabecera 92 B (x100; dividido),1,63,216
D-92,block_hash cabecera 92 B (x100; dividido),1,64,216
D-92,block_hash cabecera 92 B (x100; dividido),1,65,216
D-92,block_hash cabecera 92 B (x100; dividido),1,66,215
D-92,block_hash cabecera 92 B (x100; dividido),1,67,216
D-92,block_hash cabecera 92 B (x100; dividido),1,68,216
D-92,block_hash cabecera 92 B (x100; dividido),1,69,216
D-92,block_hash cabecera 92 B (x100; dividido),1,70,216
D-92,block_hash cabecera 92 B (x100; dividido),1,71,216
D-92,block_hash cabecera 92 B (x100; dividido),1,72,216
D-92,block_hash cabecera 92 B (x100; dividido),1,73,216
D-92,block_hash cabecera 92 B (x100; dividido),1,74,215
D-92,block_hash cabecera 92 B (x100; dividido),1,75,215
D-92,block_hash cabecera 92 B (x100; dividido),1,76,215
D-92,block_hash cabecera 92 B (x100; dividido),1,77,215
D-92,block_hash cabecera 92 B (x100; dividido),1,78,216
D-92,block_hash cabecera 92 B (x100; dividido),1,79,216
D-92,block_hash cabecera 92 B (x100; dividido),1,80,216
D-92,block_hash cabecera 92 B (x100; dividido),1,81,215
D-92,block_hash cabecera 92 B (x100; dividido),1,82,216
D-92,block_hash cabecera 92 B (x100; dividido),1,83,216
D-92,block_hash cabecera 92 B (x100; dividido),1,84,216
D-92,block_hash cabecera 92 B (x100; dividido),1,85,216
D-92,block_hash cabecera 92 B (x100; dividido),1,86,216
D-92,block_hash cabecera 92 B (x100; dividido),1,87,215
D-92,block_hash cabecera 92 B (x100; dividido),1,88,215
D-92,block_hash cabecera 92 B (x100; dividido),1,89,216
D-92,block_hash cabecera 92 B (x100; dividido),1,90,215
D-92,block_hash cabecera 92 B (x100; dividido),1,91,216
D-92,block_hash cabecera 92 B (x100; dividido),1,92,216
D-92,block_hash cabecera 92 B (x100; dividido),1,93,215
D-92,block_hash cabecera 92 B (x100; dividido),1,94,216
D-92,block_hash cabecera 92 B (x100; dividido),1,95,229
D-92,block_hash cabecera 92 B (x100; dividido),1,96,216
D-92,block_hash cabecera 92 B (x100; dividido),1,97,216
D-92,block_hash cabecera 92 B (x100; dividido),1,98,216
D-92,block_hash cabecera 92 B (x100; dividido),1,99,216
D-92,block_hash cabecera 92 B (x100; dividido),1,100,216
D-92,block_hash cabecera 92 B (x100; dividido),1,101,216
D-92,block_hash cabecera 92 B (x100; dividido),1,102,216
D-92,block_hash cabecera 92 B (x100; dividido),1,103,216
D-92,block_hash cabecera 92 B (x100; dividido),1,104,216
D-92,block_hash cabecera 92 B (x100; dividido),1,105,216
D-92,block_hash cabecera 92 B (x100; dividido),1,106,216
D-92,block_hash cabecera 92 B (x100; dividido),1,107,216
D-92,block_hash cabecera 92 B (x100; dividido),1,108,216
D-92,block_hash cabecera 92 B (x100; dividido),1,109,216
D-92,block_hash cabecera 92 B (x100; dividido),1,110,216
D-92,block_hash cabecera 92 B (x100; dividido),1,111,216
D-92,block_hash cabecera 92 B (x100; dividido),1,112,215
D-92,block_hash cabecera 92 B (x100; dividido),1,113,216
D-92,block_hash cabecera 92 B (x100; dividido),1,114,216
D-92,block_hash cabecera 92 B (x100; dividido),1,115,216
D-92,block_hash cabecera 92 B (x100; dividido),1,116,215
D-92,block_hash cabecera 92 B (x100; dividido),1,117,216
D-92,block_hash cabecera 92 B (x100; dividido),1,118,216
D-92,block_hash cabecera 92 B (x100; dividido),1,119,216
D-92,block_hash cabecera 92 B (x100; dividido),1,120,216
D-92,block_hash cabecera 92 B (x100; dividido),1,121,216
D-92,block_hash cabecera 92 B (x100; dividido),1,122,216
D-92,block_hash cabecera 92 B (x100; dividido),1,123,215
D-92,block_hash cabecera 92 B (x100; dividido),1,124,216
D-92,block_hash cabecera 92 B (x100; dividido),1,125,216
D-92,block_hash cabecera 92 B (x100; dividido),1,126,216
D-92,block_hash cabecera 92 B (x100; dividido),1,127,216
D-92,block_hash cabecera 92 B (x100; dividido),1,128,216
D-92,block_hash cabecera 92 B (x100; dividido),1,129,216
D-92,block_hash cabecera 92 B (x100; dividido),1,130,216
D-92,block_hash cabecera 92 B (x100; dividido),1,131,220
D-92,block_hash cabecera 92 B (x100; dividido),1,132,216
D-92,block_hash cabecera 92 B (x100; dividido),1,133,215
D-92,block_hash cabecera 92 B (x100; dividido),1,134,215
D-92,block_hash cabecera 92 B (x100; dividido),1,135,216
D-92,block_hash cabecera 92 B (x100; dividido),1,136,215
D-92,block_hash cabecera 92 B (x100; dividido),1,137,216
D-92,block_hash cabecera 92 B (x100; dividido),1,138,216
D-92,block_hash cabecera 92 B (x100; dividido),1,139,216
D-92,block_hash cabecera 92 B (x100; dividido),1,140,215
D-92,block_hash cabecera 92 B (x100; dividido),1,141,216
D-92,block_hash cabecera 92 B (x100; dividido),1,142,216
D-92,block_hash cabecera 92 B (x100; dividido),1,143,216
D-92,block_hash cabecera 92 B (x100; dividido),1,144,216
D-92,block_hash cabecera 92 B (x100; dividido),1,145,216
D-92,block_hash cabecera 92 B (x100; dividido),1,146,216
D-92,block_hash cabecera 92 B (x100; dividido),1,147,216
D-92,block_hash cabecera 92 B (x100; dividido),1,148,216
D-92,block_hash cabecera 92 B (x100; dividido),1,149,216
D-92,block_hash cabecera 92 B (x100; dividido),1,150,216
D-92,block_hash cabecera 92 B (x100; dividido),1,151,216
D-92,block_hash cabecera 92 B (x100; dividido),1,152,216
D-92,block_hash cabecera 92 B (x100; dividido),1,153,215
D-92,block_hash cabecera 92 B (x100; dividido),1,154,216
D-92,block_hash cabecera 92 B (x100; dividido),1,155,216
D-92,block_hash cabecera 92 B (x100; dividido),1,156,216
D-92,block_hash cabecera 92 B (x100; dividido),1,157,215
D-92,block_hash cabecera 92 B (x100; dividido),1,158,216
D-92,block_hash cabecera 92 B (x100; dividido),1,159,216
D-92,block_hash cabecera 92 B (x100; dividido),1,160,216
D-92,block_hash cabecera 92 B (x100; dividido),1,161,215
D-92,block_hash cabecera 92 B (x100; dividido),1,162,216
D-92,block_hash cabecera 92 B (x100; dividido),1,163,215
D-92,block_hash cabecera 92 B (x100; dividido),1,164,217
D-92,block_hash cabecera 92 B (x100; dividido),1,165,216
D-92,block_hash cabecera 92 B (x100; dividido),1,166,216
D-92,block_hash cabecera 92 B (x100; dividido),1,167,219
D-92,block_hash cabecera 92 B (x100; dividido),1,168,216
D-92,block_hash cabecera 92 B (x100; dividido),1,169,216
D-92,block_hash cabecera 92 B (x100; dividido),1,170,215
D-92,block_hash cabecera 92 B (x100; dividido),1,171,216
D-92,block_hash cabecera 92 B (x100; dividido),1,172,216
D-92,block_hash cabecera 92 B (x100; dividido),1,173,216
D-92,block_hash cabecera 92 B (x100; dividido),1,174,216
D-92,block_hash cabecera 92 B (x100; dividido),1,175,215
D-92,block_hash cabecera 92 B (x100; dividido),1,176,216
D-92,block_hash cabecera 92 B (x100; dividido),1,177,216
D-92,block_hash cabecera 92 B (x100; dividido),1,178,216
D-92,block_hash cabecera 92 B (x100; dividido),1,179,216
D-92,block_hash cabecera 92 B (x100; dividido),1,180,216
D-92,block_hash cabecera 92 B (x100; dividido),1,181,216
D-92,block_hash cabecera 92 B (x100; dividido),1,182,216
D-92,block_hash cabecera 92 B (x100; dividido),1,183,216
D-92,block_hash cabecera 92 B (x100; dividido),1,184,216
D-92,block_hash cabecera 92 B (x100; dividido),1,185,216
D-92,block_hash cabecera 92 B (x100; dividido),1,186,215
D-92,block_hash cabecera 92 B (x100; dividido),1,187,215
D-92,block_hash cabecera 92 B (x100; dividido),1,188,216
D-92,block_hash cabecera 92 B (x100; dividido),1,189,216
D-92,block_hash cabecera 92 B (x100; dividido),1,190,216
D-92,block_hash cabecera 92 B (x100; dividido),1,191,216
D-92,block_hash cabecera 92 B (x100; dividido),1,192,216
D-92,block_hash cabecera 92 B (x100; dividido),1,193,216
D-92,block_hash cabecera 92 B (x100; dividido),1,194,216
D-92,block_hash cabecera 92 B (x100; dividido),1,195,216
D-92,block_hash cabecera 92 B (x100; dividido),1,196,215
D-92,block_hash cabecera 92 B (x100; dividido),1,197,216
D-92,block_hash cabecera 92 B (x100; dividido),1,198,215
D-92,block_hash cabecera 92 B (x100; dividido),1,199,216
D-92,block_hash cabecera 92 B (x100; dividido),1,200,216
D-92,block_hash cabecera 92 B (x100; dividido),1,201,215
D-92,block_hash cabecera 92 B (x100; dividido),1,202,216
D-92,block_hash cabecera 92 B (x100; dividido),1,203,220
D-92,block_hash cabecera 92 B (x100; dividido),1,204,216
D-92,block_hash cabecera 92 B (x100; dividido),1,205,216
D-92,block_hash cabecera 92 B (x100; dividido),1,206,216
D-92,block_hash cabecera 92 B (x100; dividido),1,207,216
D-92,block_hash cabecera 92 B (x100; dividido),1,208,216
D-92,block_hash cabecera 92 B (x100; dividido),1,209,217
D-92,block_hash cabecera 92 B (x100; dividido),1,210,216
D-92,block_hash cabecera 92 B (x100; dividido),1,211,216
D-92,block_hash cabecera 92 B (x100; dividido),1,212,216
D-92,block_hash cabecera 92 B (x100; dividido),1,213,216
D-92,block_hash cabecera 92 B (x100; dividido),1,214,216
D-92,block_hash cabecera 92 B (x100; dividido),1,215,216
D-92,block_hash cabecera 92 B (x100; dividido),1,216,216
D-92,block_hash cabecera 92 B (x100; dividido),1,217,215
D-92,block_hash cabecera 92 B (x100; dividido),1,218,216
D-92,block_hash cabecera 92 B (x100; dividido),1,219,216
D-92,block_hash cabecera 92 B (x100; dividido),1,220,216
D-92,block_hash cabecera 92 B (x100; dividido),1,221,216
D-92,block_hash cabecera 92 B (x100; dividido),1,222,217
D-92,block_hash cabecera 92 B (x100; dividido),1,223,216
D-92,block_hash cabecera 92 B (x100; dividido),1,224,216
D-92,block_hash cabecera 92 B (x100; dividido),1,225,216
D-92,block_hash cabecera 92 B (x100; dividido),1,226,216
D-92,block_hash cabecera 92 B (x100; dividido),1,227,216
D-92,block_hash cabecera 92 B (x100; dividido),1,228,216
D-92,block_hash cabecera 92 B (x100; dividido),1,229,216
D-92,block_hash cabecera 92 B (x100; dividido),1,230,216
D-92,block_hash cabecera 92 B (x100; dividido),1,231,216
D-92,block_hash cabecera 92 B (x100; dividido),1,232,217
D-92,block_hash cabecera 92 B (x100; dividido),1,233,217
D-92,block_hash cabecera 92 B (x100; dividido),1,234,216
D-92,block_hash cabecera 92 B (x100; dividido),1,235,216
D-92,block_hash cabecera 92 B (x100; dividido),1,236,216
D-92,block_hash cabecera 92 B (x100; dividido),1,237,216
D-92,block_hash cabecera 92 B (x100; dividido),1,238,237
D-92,block_hash cabecera 92 B (x100; dividido),1,239,216
D-92,block_hash cabecera 92 B (x100; dividido),1,240,216
D-92,block_hash cabecera 92 B (x100; dividido),1,241,217
D-92,block_hash cabecera 92 B (x100; dividido),1,242,217
D-92,block_hash cabecera 92 B (x100; dividido),1,243,216
D-92,block_hash cabecera 92 B (x100; dividido),1,244,217
D-92,block_hash cabecera 92 B (x100; dividido),1,245,216
D-92,block_hash cabecera 92 B (x100; dividido),1,246,217
D-92,block_hash cabecera 92 B (x100; dividido),1,247,216
D-92,block_hash cabecera 92 B (x100; dividido),1,248,217
D-92,block_hash cabecera 92 B (x100; dividido),1,249,217
D-92,block_hash cabecera 92 B (x100; dividido),1,250,217
D-92,block_hash cabecera 92 B (x100; dividido),1,251,217
D-92,block_hash cabecera 92 B (x100; dividido),1,252,216
D-92,block_hash cabecera 92 B (x100; dividido),1,253,217
D-92,block_hash cabecera 92 B (x100; dividido),1,254,216
D-92,block_hash cabecera 92 B (x100; dividido),1,255,216
D-92,block_hash cabecera 92 B (x100; dividido),1,256,217
D-92,block_hash cabecera 92 B (x100; dividido),1,257,217
D-92,block_hash cabecera 92 B (x100; dividido),1,258,217
D-92,block_hash cabecera 92 B (x100; dividido),1,259,217
D-92,block_hash cabecera 92 B (x100; dividido),1,260,217
D-92,block_hash cabecera 92 B (x100; dividido),1,261,217
D-92,block_hash cabecera 92 B (x100; dividido),1,262,217
D-92,block_hash cabecera 92 B (x100; dividido),1,263,217
D-92,block_hash cabecera 92 B (x100; dividido),1,264,217
D-92,block_hash cabecera 92 B (x100; dividido),1,265,217
D-92,block_hash cabecera 92 B (x100; dividido),1,266,217
D-92,block_hash cabecera 92 B (x100; dividido),1,267,217
D-92,block_hash cabecera 92 B (x100; dividido),1,268,217
D-92,block_hash cabecera 92 B (x100; dividido),1,269,217
D-92,block_hash cabecera 92 B (x100; dividido),1,270,217
D-92,block_hash cabecera 92 B (x100; dividido),1,271,217
D-92,block_hash cabecera 92 B (x100; dividido),1,272,217
D-92,block_hash cabecera 92 B (x100; dividido),1,273,216
D-92,block_hash cabecera 92 B (x100; dividido),1,274,237
D-92,block_hash cabecera 92 B (x100; dividido),1,275,217
D-92,block_hash cabecera 92 B (x100; dividido),1,276,217
D-92,block_hash cabecera 92 B (x100; dividido),1,277,217
D-92,block_hash cabecera 92 B (x100; dividido),1,278,218
D-92,block_hash cabecera 92 B (x100; dividido),1,279,217
D-92,block_hash cabecera 92 B (x100; dividido),1,280,217
D-92,block_hash cabecera 92 B (x100; dividido),1,281,217
D-92,block_hash cabecera 92 B (x100; dividido),1,282,217
D-92,block_hash cabecera 92 B (x100; dividido),1,283,217
D-92,block_hash cabecera 92 B (x100; dividido),1,284,217
D-92,block_hash cabecera 92 B (x100; dividido),1,285,216
D-92,block_hash cabecera 92 B (x100; dividido),1,286,216
D-92,block_hash cabecera 92 B (x100; dividido),1,287,217
D-92,block_hash cabecera 92 B (x100; dividido),1,288,217
D-92,block_hash cabecera 92 B (x100; dividido),1,289,217
D-92,block_hash cabecera 92 B (x100; dividido),1,290,216
D-92,block_hash cabecera 92 B (x100; dividido),1,291,217
D-92,block_hash cabecera 92 B (x100; dividido),1,292,217
D-92,block_hash cabecera 92 B (x100; dividido),1,293,217
D-92,block_hash cabecera 92 B (x100; dividido),1,294,217
D-92,block_hash cabecera 92 B (x100; dividido),1,295,217
D-92,block_hash cabecera 92 B (x100; dividido),1,296,217
D-92,block_hash cabecera 92 B (x100; dividido),1,297,217
D-92,block_hash cabecera 92 B (x100; dividido),1,298,217
D-92,block_hash cabecera 92 B (x100; dividido),1,299,217
D-556,H_d replica sha3 0.12.0 sobre 556 B (x100; dividido),1,0,1010
D-556,H_d replica sha3 0.12.0 sobre 556 B (x100; dividido),1,1,1032
D-556,H_d replica sha3 0.12.0 sobre 556 B (x100; dividido),1,2,1011
D-556,H_d replica sha3 0.12.0 sobre 556 B (x100; dividido),1,3,1012
D-556,H_d replica sha3 0.12.0 sobre 556 B (x100; dividido),1,4,1011
D-556,H_d replica sha3 0.12.0 sobre 556 B (x100; dividido),1,5,1011
D-556,H_d replica sha3 0.12.0 sobre 556 B (x100; dividido),1,6,1010
D-556,H_d replica sha3 0.12.0 sobre 556 B (x100; dividido),1,7,1011
D-556,H_d replica sha3 0.12.0 sobre 556 B (x100; dividido),1,8,1011
D-556,H_d replica sha3 0.12.0 sobre 556 B (x100; dividido),1,9,1011
D-556,H_d replica sha3 0.12.0 sobre 556 B (x100; dividido),1,10,1010
D-556,H_d replica sha3 0.12.0 sobre 556 B (x100; dividido),1,11,1022
D-556,H_d replica sha3 0.12.0 sobre 556 B (x100; dividido),1,12,1010
D-556,H_d replica sha3 0.12.0 sobre 556 B (x100; dividido),1,13,1011
D-556,H_d replica sha3 0.12.0 sobre 556 B (x100; dividido),1,14,1011
D-556,H_d replica sha3 0.12.0 sobre 556 B (x100; dividido),1,15,1011
D-556,H_d replica sha3 0.12.0 sobre 556 B (x100; dividido),1,16,1012
D-556,H_d replica sha3 0.12.0 sobre 556 B (x100; dividido),1,17,1011
D-556,H_d replica sha3 0.12.0 sobre 556 B (x100; dividido),1,18,1012
D-556,H_d replica sha3 0.12.0 sobre 556 B (x100; dividido),1,19,1011
D-556,H_d replica sha3 0.12.0 sobre 556 B (x100; dividido),1,20,1026
D-556,H_d replica sha3 0.12.0 sobre 556 B (x100; dividido),1,21,1013
D-556,H_d replica sha3 0.12.0 sobre 556 B (x100; dividido),1,22,1013
D-556,H_d replica sha3 0.12.0 sobre 556 B (x100; dividido),1,23,1013
D-556,H_d replica sha3 0.12.0 sobre 556 B (x100; dividido),1,24,1012
D-556,H_d replica sha3 0.12.0 sobre 556 B (x100; dividido),1,25,1013
D-556,H_d replica sha3 0.12.0 sobre 556 B (x100; dividido),1,26,1013
D-556,H_d replica sha3 0.12.0 sobre 556 B (x100; dividido),1,27,1012
D-556,H_d replica sha3 0.12.0 sobre 556 B (x100; dividido),1,28,1012
D-556,H_d replica sha3 0.12.0 sobre 556 B (x100; dividido),1,29,1034
D-556,H_d replica sha3 0.12.0 sobre 556 B (x100; dividido),1,30,1011
D-556,H_d replica sha3 0.12.0 sobre 556 B (x100; dividido),1,31,1318
D-556,H_d replica sha3 0.12.0 sobre 556 B (x100; dividido),1,32,1009
D-556,H_d replica sha3 0.12.0 sobre 556 B (x100; dividido),1,33,1009
D-556,H_d replica sha3 0.12.0 sobre 556 B (x100; dividido),1,34,1008
D-556,H_d replica sha3 0.12.0 sobre 556 B (x100; dividido),1,35,1009
D-556,H_d replica sha3 0.12.0 sobre 556 B (x100; dividido),1,36,1009
D-556,H_d replica sha3 0.12.0 sobre 556 B (x100; dividido),1,37,1007
D-556,H_d replica sha3 0.12.0 sobre 556 B (x100; dividido),1,38,1035
D-556,H_d replica sha3 0.12.0 sobre 556 B (x100; dividido),1,39,1010
D-556,H_d replica sha3 0.12.0 sobre 556 B (x100; dividido),1,40,1010
D-556,H_d replica sha3 0.12.0 sobre 556 B (x100; dividido),1,41,1008
D-556,H_d replica sha3 0.12.0 sobre 556 B (x100; dividido),1,42,1009
D-556,H_d replica sha3 0.12.0 sobre 556 B (x100; dividido),1,43,1011
D-556,H_d replica sha3 0.12.0 sobre 556 B (x100; dividido),1,44,1009
D-556,H_d replica sha3 0.12.0 sobre 556 B (x100; dividido),1,45,1009
D-556,H_d replica sha3 0.12.0 sobre 556 B (x100; dividido),1,46,1010
D-556,H_d replica sha3 0.12.0 sobre 556 B (x100; dividido),1,47,1013
D-556,H_d replica sha3 0.12.0 sobre 556 B (x100; dividido),1,48,1024
D-556,H_d replica sha3 0.12.0 sobre 556 B (x100; dividido),1,49,1010
D-556,H_d replica sha3 0.12.0 sobre 556 B (x100; dividido),1,50,1009
D-556,H_d replica sha3 0.12.0 sobre 556 B (x100; dividido),1,51,1009
D-556,H_d replica sha3 0.12.0 sobre 556 B (x100; dividido),1,52,1008
D-556,H_d replica sha3 0.12.0 sobre 556 B (x100; dividido),1,53,1008
D-556,H_d replica sha3 0.12.0 sobre 556 B (x100; dividido),1,54,1009
D-556,H_d replica sha3 0.12.0 sobre 556 B (x100; dividido),1,55,1009
D-556,H_d replica sha3 0.12.0 sobre 556 B (x100; dividido),1,56,1009
D-556,H_d replica sha3 0.12.0 sobre 556 B (x100; dividido),1,57,1024
D-556,H_d replica sha3 0.12.0 sobre 556 B (x100; dividido),1,58,1010
D-556,H_d replica sha3 0.12.0 sobre 556 B (x100; dividido),1,59,1010
D-556,H_d replica sha3 0.12.0 sobre 556 B (x100; dividido),1,60,1011
D-556,H_d replica sha3 0.12.0 sobre 556 B (x100; dividido),1,61,1009
D-556,H_d replica sha3 0.12.0 sobre 556 B (x100; dividido),1,62,1010
D-556,H_d replica sha3 0.12.0 sobre 556 B (x100; dividido),1,63,1011
D-556,H_d replica sha3 0.12.0 sobre 556 B (x100; dividido),1,64,1010
D-556,H_d replica sha3 0.12.0 sobre 556 B (x100; dividido),1,65,1010
D-556,H_d replica sha3 0.12.0 sobre 556 B (x100; dividido),1,66,1023
D-556,H_d replica sha3 0.12.0 sobre 556 B (x100; dividido),1,67,1010
D-556,H_d replica sha3 0.12.0 sobre 556 B (x100; dividido),1,68,1009
D-556,H_d replica sha3 0.12.0 sobre 556 B (x100; dividido),1,69,1009
D-556,H_d replica sha3 0.12.0 sobre 556 B (x100; dividido),1,70,1010
D-556,H_d replica sha3 0.12.0 sobre 556 B (x100; dividido),1,71,1009
D-556,H_d replica sha3 0.12.0 sobre 556 B (x100; dividido),1,72,1010
D-556,H_d replica sha3 0.12.0 sobre 556 B (x100; dividido),1,73,1010
D-556,H_d replica sha3 0.12.0 sobre 556 B (x100; dividido),1,74,1010
D-556,H_d replica sha3 0.12.0 sobre 556 B (x100; dividido),1,75,1014
D-556,H_d replica sha3 0.12.0 sobre 556 B (x100; dividido),1,76,1009
D-556,H_d replica sha3 0.12.0 sobre 556 B (x100; dividido),1,77,1010
D-556,H_d replica sha3 0.12.0 sobre 556 B (x100; dividido),1,78,1010
D-556,H_d replica sha3 0.12.0 sobre 556 B (x100; dividido),1,79,1010
D-556,H_d replica sha3 0.12.0 sobre 556 B (x100; dividido),1,80,1009
D-556,H_d replica sha3 0.12.0 sobre 556 B (x100; dividido),1,81,1325
D-556,H_d replica sha3 0.12.0 sobre 556 B (x100; dividido),1,82,1010
D-556,H_d replica sha3 0.12.0 sobre 556 B (x100; dividido),1,83,1009
D-556,H_d replica sha3 0.12.0 sobre 556 B (x100; dividido),1,84,1013
D-556,H_d replica sha3 0.12.0 sobre 556 B (x100; dividido),1,85,1019
D-556,H_d replica sha3 0.12.0 sobre 556 B (x100; dividido),1,86,1009
D-556,H_d replica sha3 0.12.0 sobre 556 B (x100; dividido),1,87,1009
D-556,H_d replica sha3 0.12.0 sobre 556 B (x100; dividido),1,88,1010
D-556,H_d replica sha3 0.12.0 sobre 556 B (x100; dividido),1,89,1009
D-556,H_d replica sha3 0.12.0 sobre 556 B (x100; dividido),1,90,1010
D-556,H_d replica sha3 0.12.0 sobre 556 B (x100; dividido),1,91,1008
D-556,H_d replica sha3 0.12.0 sobre 556 B (x100; dividido),1,92,1011
D-556,H_d replica sha3 0.12.0 sobre 556 B (x100; dividido),1,93,1009
D-556,H_d replica sha3 0.12.0 sobre 556 B (x100; dividido),1,94,1022
D-556,H_d replica sha3 0.12.0 sobre 556 B (x100; dividido),1,95,1009
D-556,H_d replica sha3 0.12.0 sobre 556 B (x100; dividido),1,96,1010
D-556,H_d replica sha3 0.12.0 sobre 556 B (x100; dividido),1,97,1009
D-556,H_d replica sha3 0.12.0 sobre 556 B (x100; dividido),1,98,1010
D-556,H_d replica sha3 0.12.0 sobre 556 B (x100; dividido),1,99,1009
D-556,H_d replica sha3 0.12.0 sobre 556 B (x100; dividido),1,100,1010
D-556,H_d replica sha3 0.12.0 sobre 556 B (x100; dividido),1,101,1009
D-556,H_d replica sha3 0.12.0 sobre 556 B (x100; dividido),1,102,1010
D-556,H_d replica sha3 0.12.0 sobre 556 B (x100; dividido),1,103,1023
D-556,H_d replica sha3 0.12.0 sobre 556 B (x100; dividido),1,104,1009
D-556,H_d replica sha3 0.12.0 sobre 556 B (x100; dividido),1,105,1008
D-556,H_d replica sha3 0.12.0 sobre 556 B (x100; dividido),1,106,1009
D-556,H_d replica sha3 0.12.0 sobre 556 B (x100; dividido),1,107,1010
D-556,H_d replica sha3 0.12.0 sobre 556 B (x100; dividido),1,108,1009
D-556,H_d replica sha3 0.12.0 sobre 556 B (x100; dividido),1,109,1010
D-556,H_d replica sha3 0.12.0 sobre 556 B (x100; dividido),1,110,1009
D-556,H_d replica sha3 0.12.0 sobre 556 B (x100; dividido),1,111,1009
D-556,H_d replica sha3 0.12.0 sobre 556 B (x100; dividido),1,112,1014
D-556,H_d replica sha3 0.12.0 sobre 556 B (x100; dividido),1,113,1027
D-556,H_d replica sha3 0.12.0 sobre 556 B (x100; dividido),1,114,1009
D-556,H_d replica sha3 0.12.0 sobre 556 B (x100; dividido),1,115,1009
D-556,H_d replica sha3 0.12.0 sobre 556 B (x100; dividido),1,116,1010
D-556,H_d replica sha3 0.12.0 sobre 556 B (x100; dividido),1,117,1010
D-556,H_d replica sha3 0.12.0 sobre 556 B (x100; dividido),1,118,1009
D-556,H_d replica sha3 0.12.0 sobre 556 B (x100; dividido),1,119,1010
D-556,H_d replica sha3 0.12.0 sobre 556 B (x100; dividido),1,120,1009
D-556,H_d replica sha3 0.12.0 sobre 556 B (x100; dividido),1,121,1010
D-556,H_d replica sha3 0.12.0 sobre 556 B (x100; dividido),1,122,1027
D-556,H_d replica sha3 0.12.0 sobre 556 B (x100; dividido),1,123,1009
D-556,H_d replica sha3 0.12.0 sobre 556 B (x100; dividido),1,124,1009
D-556,H_d replica sha3 0.12.0 sobre 556 B (x100; dividido),1,125,1009
D-556,H_d replica sha3 0.12.0 sobre 556 B (x100; dividido),1,126,1010
D-556,H_d replica sha3 0.12.0 sobre 556 B (x100; dividido),1,127,1010
D-556,H_d replica sha3 0.12.0 sobre 556 B (x100; dividido),1,128,1010
D-556,H_d replica sha3 0.12.0 sobre 556 B (x100; dividido),1,129,1315
D-556,H_d replica sha3 0.12.0 sobre 556 B (x100; dividido),1,130,1010
D-556,H_d replica sha3 0.12.0 sobre 556 B (x100; dividido),1,131,1029
D-556,H_d replica sha3 0.12.0 sobre 556 B (x100; dividido),1,132,1010
D-556,H_d replica sha3 0.12.0 sobre 556 B (x100; dividido),1,133,1010
D-556,H_d replica sha3 0.12.0 sobre 556 B (x100; dividido),1,134,1011
D-556,H_d replica sha3 0.12.0 sobre 556 B (x100; dividido),1,135,1010
D-556,H_d replica sha3 0.12.0 sobre 556 B (x100; dividido),1,136,1011
D-556,H_d replica sha3 0.12.0 sobre 556 B (x100; dividido),1,137,1011
D-556,H_d replica sha3 0.12.0 sobre 556 B (x100; dividido),1,138,1010
D-556,H_d replica sha3 0.12.0 sobre 556 B (x100; dividido),1,139,1010
D-556,H_d replica sha3 0.12.0 sobre 556 B (x100; dividido),1,140,1024
D-556,H_d replica sha3 0.12.0 sobre 556 B (x100; dividido),1,141,1010
D-556,H_d replica sha3 0.12.0 sobre 556 B (x100; dividido),1,142,1008
D-556,H_d replica sha3 0.12.0 sobre 556 B (x100; dividido),1,143,1008
D-556,H_d replica sha3 0.12.0 sobre 556 B (x100; dividido),1,144,1007
D-556,H_d replica sha3 0.12.0 sobre 556 B (x100; dividido),1,145,1007
D-556,H_d replica sha3 0.12.0 sobre 556 B (x100; dividido),1,146,1008
D-556,H_d replica sha3 0.12.0 sobre 556 B (x100; dividido),1,147,1007
D-556,H_d replica sha3 0.12.0 sobre 556 B (x100; dividido),1,148,1007
D-556,H_d replica sha3 0.12.0 sobre 556 B (x100; dividido),1,149,1011
D-556,H_d replica sha3 0.12.0 sobre 556 B (x100; dividido),1,150,1034
D-556,H_d replica sha3 0.12.0 sobre 556 B (x100; dividido),1,151,1011
D-556,H_d replica sha3 0.12.0 sobre 556 B (x100; dividido),1,152,1009
D-556,H_d replica sha3 0.12.0 sobre 556 B (x100; dividido),1,153,1010
D-556,H_d replica sha3 0.12.0 sobre 556 B (x100; dividido),1,154,1010
D-556,H_d replica sha3 0.12.0 sobre 556 B (x100; dividido),1,155,1010
D-556,H_d replica sha3 0.12.0 sobre 556 B (x100; dividido),1,156,1011
D-556,H_d replica sha3 0.12.0 sobre 556 B (x100; dividido),1,157,1010
D-556,H_d replica sha3 0.12.0 sobre 556 B (x100; dividido),1,158,1010
D-556,H_d replica sha3 0.12.0 sobre 556 B (x100; dividido),1,159,1027
D-556,H_d replica sha3 0.12.0 sobre 556 B (x100; dividido),1,160,1013
D-556,H_d replica sha3 0.12.0 sobre 556 B (x100; dividido),1,161,1011
D-556,H_d replica sha3 0.12.0 sobre 556 B (x100; dividido),1,162,1013
D-556,H_d replica sha3 0.12.0 sobre 556 B (x100; dividido),1,163,1013
D-556,H_d replica sha3 0.12.0 sobre 556 B (x100; dividido),1,164,1012
D-556,H_d replica sha3 0.12.0 sobre 556 B (x100; dividido),1,165,1013
D-556,H_d replica sha3 0.12.0 sobre 556 B (x100; dividido),1,166,1013
D-556,H_d replica sha3 0.12.0 sobre 556 B (x100; dividido),1,167,1012
D-556,H_d replica sha3 0.12.0 sobre 556 B (x100; dividido),1,168,1028
D-556,H_d replica sha3 0.12.0 sobre 556 B (x100; dividido),1,169,1011
D-556,H_d replica sha3 0.12.0 sobre 556 B (x100; dividido),1,170,1009
D-556,H_d replica sha3 0.12.0 sobre 556 B (x100; dividido),1,171,1010
D-556,H_d replica sha3 0.12.0 sobre 556 B (x100; dividido),1,172,1009
D-556,H_d replica sha3 0.12.0 sobre 556 B (x100; dividido),1,173,1010
D-556,H_d replica sha3 0.12.0 sobre 556 B (x100; dividido),1,174,1010
D-556,H_d replica sha3 0.12.0 sobre 556 B (x100; dividido),1,175,1011
D-556,H_d replica sha3 0.12.0 sobre 556 B (x100; dividido),1,176,1010
D-556,H_d replica sha3 0.12.0 sobre 556 B (x100; dividido),1,177,1013
D-556,H_d replica sha3 0.12.0 sobre 556 B (x100; dividido),1,178,1010
D-556,H_d replica sha3 0.12.0 sobre 556 B (x100; dividido),1,179,1326
D-556,H_d replica sha3 0.12.0 sobre 556 B (x100; dividido),1,180,1010
D-556,H_d replica sha3 0.12.0 sobre 556 B (x100; dividido),1,181,1009
D-556,H_d replica sha3 0.12.0 sobre 556 B (x100; dividido),1,182,1010
D-556,H_d replica sha3 0.12.0 sobre 556 B (x100; dividido),1,183,1010
D-556,H_d replica sha3 0.12.0 sobre 556 B (x100; dividido),1,184,1010
D-556,H_d replica sha3 0.12.0 sobre 556 B (x100; dividido),1,185,1009
D-556,H_d replica sha3 0.12.0 sobre 556 B (x100; dividido),1,186,1014
D-556,H_d replica sha3 0.12.0 sobre 556 B (x100; dividido),1,187,1009
D-556,H_d replica sha3 0.12.0 sobre 556 B (x100; dividido),1,188,1010
D-556,H_d replica sha3 0.12.0 sobre 556 B (x100; dividido),1,189,1011
D-556,H_d replica sha3 0.12.0 sobre 556 B (x100; dividido),1,190,1010
D-556,H_d replica sha3 0.12.0 sobre 556 B (x100; dividido),1,191,1009
D-556,H_d replica sha3 0.12.0 sobre 556 B (x100; dividido),1,192,1010
D-556,H_d replica sha3 0.12.0 sobre 556 B (x100; dividido),1,193,1009
D-556,H_d replica sha3 0.12.0 sobre 556 B (x100; dividido),1,194,1010
D-556,H_d replica sha3 0.12.0 sobre 556 B (x100; dividido),1,195,1010
D-556,H_d replica sha3 0.12.0 sobre 556 B (x100; dividido),1,196,1023
D-556,H_d replica sha3 0.12.0 sobre 556 B (x100; dividido),1,197,1010
D-556,H_d replica sha3 0.12.0 sobre 556 B (x100; dividido),1,198,1009
D-556,H_d replica sha3 0.12.0 sobre 556 B (x100; dividido),1,199,1010
D-556,H_d replica sha3 0.12.0 sobre 556 B (x100; dividido),1,200,1010
D-556,H_d replica sha3 0.12.0 sobre 556 B (x100; dividido),1,201,1010
D-556,H_d replica sha3 0.12.0 sobre 556 B (x100; dividido),1,202,1011
D-556,H_d replica sha3 0.12.0 sobre 556 B (x100; dividido),1,203,1011
D-556,H_d replica sha3 0.12.0 sobre 556 B (x100; dividido),1,204,1010
D-556,H_d replica sha3 0.12.0 sobre 556 B (x100; dividido),1,205,1023
D-556,H_d replica sha3 0.12.0 sobre 556 B (x100; dividido),1,206,1010
D-556,H_d replica sha3 0.12.0 sobre 556 B (x100; dividido),1,207,1010
D-556,H_d replica sha3 0.12.0 sobre 556 B (x100; dividido),1,208,1010
D-556,H_d replica sha3 0.12.0 sobre 556 B (x100; dividido),1,209,1010
D-556,H_d replica sha3 0.12.0 sobre 556 B (x100; dividido),1,210,1010
D-556,H_d replica sha3 0.12.0 sobre 556 B (x100; dividido),1,211,1009
D-556,H_d replica sha3 0.12.0 sobre 556 B (x100; dividido),1,212,1010
D-556,H_d replica sha3 0.12.0 sobre 556 B (x100; dividido),1,213,1009
D-556,H_d replica sha3 0.12.0 sobre 556 B (x100; dividido),1,214,1014
D-556,H_d replica sha3 0.12.0 sobre 556 B (x100; dividido),1,215,1009
D-556,H_d replica sha3 0.12.0 sobre 556 B (x100; dividido),1,216,1010
D-556,H_d replica sha3 0.12.0 sobre 556 B (x100; dividido),1,217,1010
D-556,H_d replica sha3 0.12.0 sobre 556 B (x100; dividido),1,218,1009
D-556,H_d replica sha3 0.12.0 sobre 556 B (x100; dividido),1,219,1010
D-556,H_d replica sha3 0.12.0 sobre 556 B (x100; dividido),1,220,1010
D-556,H_d replica sha3 0.12.0 sobre 556 B (x100; dividido),1,221,1009
D-556,H_d replica sha3 0.12.0 sobre 556 B (x100; dividido),1,222,1009
D-556,H_d replica sha3 0.12.0 sobre 556 B (x100; dividido),1,223,1010
D-556,H_d replica sha3 0.12.0 sobre 556 B (x100; dividido),1,224,1028
D-556,H_d replica sha3 0.12.0 sobre 556 B (x100; dividido),1,225,1010
D-556,H_d replica sha3 0.12.0 sobre 556 B (x100; dividido),1,226,1010
D-556,H_d replica sha3 0.12.0 sobre 556 B (x100; dividido),1,227,1010
D-556,H_d replica sha3 0.12.0 sobre 556 B (x100; dividido),1,228,1010
D-556,H_d replica sha3 0.12.0 sobre 556 B (x100; dividido),1,229,1317
D-556,H_d replica sha3 0.12.0 sobre 556 B (x100; dividido),1,230,1010
D-556,H_d replica sha3 0.12.0 sobre 556 B (x100; dividido),1,231,1011
D-556,H_d replica sha3 0.12.0 sobre 556 B (x100; dividido),1,232,1010
D-556,H_d replica sha3 0.12.0 sobre 556 B (x100; dividido),1,233,1023
D-556,H_d replica sha3 0.12.0 sobre 556 B (x100; dividido),1,234,1009
D-556,H_d replica sha3 0.12.0 sobre 556 B (x100; dividido),1,235,1009
D-556,H_d replica sha3 0.12.0 sobre 556 B (x100; dividido),1,236,1009
D-556,H_d replica sha3 0.12.0 sobre 556 B (x100; dividido),1,237,1009
D-556,H_d replica sha3 0.12.0 sobre 556 B (x100; dividido),1,238,1009
D-556,H_d replica sha3 0.12.0 sobre 556 B (x100; dividido),1,239,1008
D-556,H_d replica sha3 0.12.0 sobre 556 B (x100; dividido),1,240,1009
D-556,H_d replica sha3 0.12.0 sobre 556 B (x100; dividido),1,241,1008
D-556,H_d replica sha3 0.12.0 sobre 556 B (x100; dividido),1,242,1021
D-556,H_d replica sha3 0.12.0 sobre 556 B (x100; dividido),1,243,1008
D-556,H_d replica sha3 0.12.0 sobre 556 B (x100; dividido),1,244,1008
D-556,H_d replica sha3 0.12.0 sobre 556 B (x100; dividido),1,245,1008
D-556,H_d replica sha3 0.12.0 sobre 556 B (x100; dividido),1,246,1007
D-556,H_d replica sha3 0.12.0 sobre 556 B (x100; dividido),1,247,1008
D-556,H_d replica sha3 0.12.0 sobre 556 B (x100; dividido),1,248,1008
D-556,H_d replica sha3 0.12.0 sobre 556 B (x100; dividido),1,249,1008
D-556,H_d replica sha3 0.12.0 sobre 556 B (x100; dividido),1,250,1009
D-556,H_d replica sha3 0.12.0 sobre 556 B (x100; dividido),1,251,1012
D-556,H_d replica sha3 0.12.0 sobre 556 B (x100; dividido),1,252,1009
D-556,H_d replica sha3 0.12.0 sobre 556 B (x100; dividido),1,253,1010
D-556,H_d replica sha3 0.12.0 sobre 556 B (x100; dividido),1,254,1010
D-556,H_d replica sha3 0.12.0 sobre 556 B (x100; dividido),1,255,1009
D-556,H_d replica sha3 0.12.0 sobre 556 B (x100; dividido),1,256,1010
D-556,H_d replica sha3 0.12.0 sobre 556 B (x100; dividido),1,257,1010
D-556,H_d replica sha3 0.12.0 sobre 556 B (x100; dividido),1,258,1009
D-556,H_d replica sha3 0.12.0 sobre 556 B (x100; dividido),1,259,1010
D-556,H_d replica sha3 0.12.0 sobre 556 B (x100; dividido),1,260,1010
D-556,H_d replica sha3 0.12.0 sobre 556 B (x100; dividido),1,261,1022
D-556,H_d replica sha3 0.12.0 sobre 556 B (x100; dividido),1,262,1010
D-556,H_d replica sha3 0.12.0 sobre 556 B (x100; dividido),1,263,1008
D-556,H_d replica sha3 0.12.0 sobre 556 B (x100; dividido),1,264,1008
D-556,H_d replica sha3 0.12.0 sobre 556 B (x100; dividido),1,265,1009
D-556,H_d replica sha3 0.12.0 sobre 556 B (x100; dividido),1,266,1008
D-556,H_d replica sha3 0.12.0 sobre 556 B (x100; dividido),1,267,1008
D-556,H_d replica sha3 0.12.0 sobre 556 B (x100; dividido),1,268,1009
D-556,H_d replica sha3 0.12.0 sobre 556 B (x100; dividido),1,269,1008
D-556,H_d replica sha3 0.12.0 sobre 556 B (x100; dividido),1,270,1027
D-556,H_d replica sha3 0.12.0 sobre 556 B (x100; dividido),1,271,1009
D-556,H_d replica sha3 0.12.0 sobre 556 B (x100; dividido),1,272,1010
D-556,H_d replica sha3 0.12.0 sobre 556 B (x100; dividido),1,273,1009
D-556,H_d replica sha3 0.12.0 sobre 556 B (x100; dividido),1,274,1009
D-556,H_d replica sha3 0.12.0 sobre 556 B (x100; dividido),1,275,1010
D-556,H_d replica sha3 0.12.0 sobre 556 B (x100; dividido),1,276,1011
D-556,H_d replica sha3 0.12.0 sobre 556 B (x100; dividido),1,277,1010
D-556,H_d replica sha3 0.12.0 sobre 556 B (x100; dividido),1,278,1320
D-556,H_d replica sha3 0.12.0 sobre 556 B (x100; dividido),1,279,1030
D-556,H_d replica sha3 0.12.0 sobre 556 B (x100; dividido),1,280,1009
D-556,H_d replica sha3 0.12.0 sobre 556 B (x100; dividido),1,281,1010
D-556,H_d replica sha3 0.12.0 sobre 556 B (x100; dividido),1,282,1010
D-556,H_d replica sha3 0.12.0 sobre 556 B (x100; dividido),1,283,1010
D-556,H_d replica sha3 0.12.0 sobre 556 B (x100; dividido),1,284,1010
D-556,H_d replica sha3 0.12.0 sobre 556 B (x100; dividido),1,285,1010
D-556,H_d replica sha3 0.12.0 sobre 556 B (x100; dividido),1,286,1010
D-556,H_d replica sha3 0.12.0 sobre 556 B (x100; dividido),1,287,1010
D-556,H_d replica sha3 0.12.0 sobre 556 B (x100; dividido),1,288,1014
D-556,H_d replica sha3 0.12.0 sobre 556 B (x100; dividido),1,289,1011
D-556,H_d replica sha3 0.12.0 sobre 556 B (x100; dividido),1,290,1010
D-556,H_d replica sha3 0.12.0 sobre 556 B (x100; dividido),1,291,1008
D-556,H_d replica sha3 0.12.0 sobre 556 B (x100; dividido),1,292,1010
D-556,H_d replica sha3 0.12.0 sobre 556 B (x100; dividido),1,293,1010
D-556,H_d replica sha3 0.12.0 sobre 556 B (x100; dividido),1,294,1009
D-556,H_d replica sha3 0.12.0 sobre 556 B (x100; dividido),1,295,1009
D-556,H_d replica sha3 0.12.0 sobre 556 B (x100; dividido),1,296,1009
D-556,H_d replica sha3 0.12.0 sobre 556 B (x100; dividido),1,297,1008
D-556,H_d replica sha3 0.12.0 sobre 556 B (x100; dividido),1,298,1040
D-556,H_d replica sha3 0.12.0 sobre 556 B (x100; dividido),1,299,1008
E-571,merkle_root 571 txids,1,0,122778
E-571,merkle_root 571 txids,1,1,122708
E-571,merkle_root 571 txids,1,2,122748
E-571,merkle_root 571 txids,1,3,122738
E-571,merkle_root 571 txids,1,4,124958
E-571,merkle_root 571 txids,1,5,122788
E-571,merkle_root 571 txids,1,6,122858
E-571,merkle_root 571 txids,1,7,122478
E-571,merkle_root 571 txids,1,8,122657
E-571,merkle_root 571 txids,1,9,122818
E-571,merkle_root 571 txids,1,10,122647
E-571,merkle_root 571 txids,1,11,122728
E-571,merkle_root 571 txids,1,12,124077
E-571,merkle_root 571 txids,1,13,122758
E-571,merkle_root 571 txids,1,14,122528
E-571,merkle_root 571 txids,1,15,122798
E-571,merkle_root 571 txids,1,16,154087
E-571,merkle_root 571 txids,1,17,122528
E-571,merkle_root 571 txids,1,18,122818
E-571,merkle_root 571 txids,1,19,122688
E-571,merkle_root 571 txids,1,20,125547
E-571,merkle_root 571 txids,1,21,122578
E-571,merkle_root 571 txids,1,22,122767
E-571,merkle_root 571 txids,1,23,122728
E-571,merkle_root 571 txids,1,24,122667
E-571,merkle_root 571 txids,1,25,122708
E-571,merkle_root 571 txids,1,26,122647
E-571,merkle_root 571 txids,1,27,124368
E-571,merkle_root 571 txids,1,28,122607
E-571,merkle_root 571 txids,1,29,122578
E-571,merkle_root 571 txids,1,30,122407
E-571,merkle_root 571 txids,1,31,122578
E-571,merkle_root 571 txids,1,32,122638
E-571,merkle_root 571 txids,1,33,122748
E-571,merkle_root 571 txids,1,34,122518
E-571,merkle_root 571 txids,1,35,123807
E-571,merkle_root 571 txids,1,36,122568
E-571,merkle_root 571 txids,1,37,122687
E-571,merkle_root 571 txids,1,38,123818
E-571,merkle_root 571 txids,1,39,122627
E-571,merkle_root 571 txids,1,40,122748
E-571,merkle_root 571 txids,1,41,122727
E-571,merkle_root 571 txids,1,42,122778
E-571,merkle_root 571 txids,1,43,124388
E-571,merkle_root 571 txids,1,44,122568
E-571,merkle_root 571 txids,1,45,122698
E-571,merkle_root 571 txids,1,46,122567
E-571,merkle_root 571 txids,1,47,122728
E-571,merkle_root 571 txids,1,48,122737
E-571,merkle_root 571 txids,1,49,122488
E-571,merkle_root 571 txids,1,50,122607
E-571,merkle_root 571 txids,1,51,124188
E-571,merkle_root 571 txids,1,52,122937
E-571,merkle_root 571 txids,1,53,122748
E-571,merkle_root 571 txids,1,54,122697
E-571,merkle_root 571 txids,1,55,122688
E-571,merkle_root 571 txids,1,56,122828
E-571,merkle_root 571 txids,1,57,153117
E-571,merkle_root 571 txids,1,58,124008
E-571,merkle_root 571 txids,1,59,122508
E-571,merkle_root 571 txids,1,60,122698
E-571,merkle_root 571 txids,1,61,122718
E-571,merkle_root 571 txids,1,62,122677
E-571,merkle_root 571 txids,1,63,122788
E-571,merkle_root 571 txids,1,64,122687
E-571,merkle_root 571 txids,1,65,122758
E-571,merkle_root 571 txids,1,66,123967
E-571,merkle_root 571 txids,1,67,122628
E-571,merkle_root 571 txids,1,68,122567
E-571,merkle_root 571 txids,1,69,122488
E-571,merkle_root 571 txids,1,70,122768
E-571,merkle_root 571 txids,1,71,122908
E-571,merkle_root 571 txids,1,72,122568
E-571,merkle_root 571 txids,1,73,122727
E-571,merkle_root 571 txids,1,74,124718
E-571,merkle_root 571 txids,1,75,123087
E-571,merkle_root 571 txids,1,76,123188
E-571,merkle_root 571 txids,1,77,122937
E-571,merkle_root 571 txids,1,78,123178
E-571,merkle_root 571 txids,1,79,123027
E-571,merkle_root 571 txids,1,80,122928
E-571,merkle_root 571 txids,1,81,124797
E-571,merkle_root 571 txids,1,82,122928
E-571,merkle_root 571 txids,1,83,122587
E-571,merkle_root 571 txids,1,84,122278
E-571,merkle_root 571 txids,1,85,122407
E-571,merkle_root 571 txids,1,86,122528
E-571,merkle_root 571 txids,1,87,122728
E-571,merkle_root 571 txids,1,88,122358
E-571,merkle_root 571 txids,1,89,124898
E-571,merkle_root 571 txids,1,90,122887
E-571,merkle_root 571 txids,1,91,122758
E-571,merkle_root 571 txids,1,92,122567
E-571,merkle_root 571 txids,1,93,122378
E-571,merkle_root 571 txids,1,94,122637
E-571,merkle_root 571 txids,1,95,122618
E-571,merkle_root 571 txids,1,96,122657
E-571,merkle_root 571 txids,1,97,124508
E-571,merkle_root 571 txids,1,98,154427
E-571,merkle_root 571 txids,1,99,122668
E-4464,merkle_root 4464 txids (techo Q1),1,0,959111
E-4464,merkle_root 4464 txids (techo Q1),1,1,952872
E-4464,merkle_root 4464 txids (techo Q1),1,2,949432
E-4464,merkle_root 4464 txids (techo Q1),1,3,998621
E-4464,merkle_root 4464 txids (techo Q1),1,4,958122
E-4464,merkle_root 4464 txids (techo Q1),1,5,954972
E-4464,merkle_root 4464 txids (techo Q1),1,6,954791
E-4464,merkle_root 4464 txids (techo Q1),1,7,955252
E-4464,merkle_root 4464 txids (techo Q1),1,8,987971
E-4464,merkle_root 4464 txids (techo Q1),1,9,954612
E-4464,merkle_root 4464 txids (techo Q1),1,10,954142
E-4464,merkle_root 4464 txids (techo Q1),1,11,953972
E-4464,merkle_root 4464 txids (techo Q1),1,12,954042
E-4464,merkle_root 4464 txids (techo Q1),1,13,955191
E-4464,merkle_root 4464 txids (techo Q1),1,14,986312
E-4464,merkle_root 4464 txids (techo Q1),1,15,956201
E-4464,merkle_root 4464 txids (techo Q1),1,16,956402
E-4464,merkle_root 4464 txids (techo Q1),1,17,956012
E-4464,merkle_root 4464 txids (techo Q1),1,18,954862
E-4464,merkle_root 4464 txids (techo Q1),1,19,984011
E-4464,merkle_root 4464 txids (techo Q1),1,20,953632
E-4464,merkle_root 4464 txids (techo Q1),1,21,953482
E-4464,merkle_root 4464 txids (techo Q1),1,22,953941
E-4464,merkle_root 4464 txids (techo Q1),1,23,954362
E-4464,merkle_root 4464 txids (techo Q1),1,24,956552
E-4464,merkle_root 4464 txids (techo Q1),1,25,987321
E-4464,merkle_root 4464 txids (techo Q1),1,26,954391
E-4464,merkle_root 4464 txids (techo Q1),1,27,954202
E-4464,merkle_root 4464 txids (techo Q1),1,28,954082
E-4464,merkle_root 4464 txids (techo Q1),1,29,958721
F-1,justificacion PoT vs cache; 1 slot x128 B (x10000; dividido),1,0,1
F-1,justificacion PoT vs cache; 1 slot x128 B (x10000; dividido),1,1,1
F-1,justificacion PoT vs cache; 1 slot x128 B (x10000; dividido),1,2,1
F-1,justificacion PoT vs cache; 1 slot x128 B (x10000; dividido),1,3,1
F-1,justificacion PoT vs cache; 1 slot x128 B (x10000; dividido),1,4,1
F-1,justificacion PoT vs cache; 1 slot x128 B (x10000; dividido),1,5,1
F-1,justificacion PoT vs cache; 1 slot x128 B (x10000; dividido),1,6,1
F-1,justificacion PoT vs cache; 1 slot x128 B (x10000; dividido),1,7,1
F-1,justificacion PoT vs cache; 1 slot x128 B (x10000; dividido),1,8,1
F-1,justificacion PoT vs cache; 1 slot x128 B (x10000; dividido),1,9,1
F-1,justificacion PoT vs cache; 1 slot x128 B (x10000; dividido),1,10,1
F-1,justificacion PoT vs cache; 1 slot x128 B (x10000; dividido),1,11,1
F-1,justificacion PoT vs cache; 1 slot x128 B (x10000; dividido),1,12,1
F-1,justificacion PoT vs cache; 1 slot x128 B (x10000; dividido),1,13,1
F-1,justificacion PoT vs cache; 1 slot x128 B (x10000; dividido),1,14,1
F-1,justificacion PoT vs cache; 1 slot x128 B (x10000; dividido),1,15,1
F-1,justificacion PoT vs cache; 1 slot x128 B (x10000; dividido),1,16,1
F-1,justificacion PoT vs cache; 1 slot x128 B (x10000; dividido),1,17,1
F-1,justificacion PoT vs cache; 1 slot x128 B (x10000; dividido),1,18,1
F-1,justificacion PoT vs cache; 1 slot x128 B (x10000; dividido),1,19,1
F-1,justificacion PoT vs cache; 1 slot x128 B (x10000; dividido),1,20,1
F-1,justificacion PoT vs cache; 1 slot x128 B (x10000; dividido),1,21,1
F-1,justificacion PoT vs cache; 1 slot x128 B (x10000; dividido),1,22,1
F-1,justificacion PoT vs cache; 1 slot x128 B (x10000; dividido),1,23,1
F-1,justificacion PoT vs cache; 1 slot x128 B (x10000; dividido),1,24,1
F-1,justificacion PoT vs cache; 1 slot x128 B (x10000; dividido),1,25,1
F-1,justificacion PoT vs cache; 1 slot x128 B (x10000; dividido),1,26,1
F-1,justificacion PoT vs cache; 1 slot x128 B (x10000; dividido),1,27,1
F-1,justificacion PoT vs cache; 1 slot x128 B (x10000; dividido),1,28,1
F-1,justificacion PoT vs cache; 1 slot x128 B (x10000; dividido),1,29,1
F-1,justificacion PoT vs cache; 1 slot x128 B (x10000; dividido),1,30,1
F-1,justificacion PoT vs cache; 1 slot x128 B (x10000; dividido),1,31,1
F-1,justificacion PoT vs cache; 1 slot x128 B (x10000; dividido),1,32,1
F-1,justificacion PoT vs cache; 1 slot x128 B (x10000; dividido),1,33,1
F-1,justificacion PoT vs cache; 1 slot x128 B (x10000; dividido),1,34,1
F-1,justificacion PoT vs cache; 1 slot x128 B (x10000; dividido),1,35,1
F-1,justificacion PoT vs cache; 1 slot x128 B (x10000; dividido),1,36,1
F-1,justificacion PoT vs cache; 1 slot x128 B (x10000; dividido),1,37,1
F-1,justificacion PoT vs cache; 1 slot x128 B (x10000; dividido),1,38,1
F-1,justificacion PoT vs cache; 1 slot x128 B (x10000; dividido),1,39,1
F-1,justificacion PoT vs cache; 1 slot x128 B (x10000; dividido),1,40,1
F-1,justificacion PoT vs cache; 1 slot x128 B (x10000; dividido),1,41,1
F-1,justificacion PoT vs cache; 1 slot x128 B (x10000; dividido),1,42,1
F-1,justificacion PoT vs cache; 1 slot x128 B (x10000; dividido),1,43,1
F-1,justificacion PoT vs cache; 1 slot x128 B (x10000; dividido),1,44,1
F-1,justificacion PoT vs cache; 1 slot x128 B (x10000; dividido),1,45,1
F-1,justificacion PoT vs cache; 1 slot x128 B (x10000; dividido),1,46,1
F-1,justificacion PoT vs cache; 1 slot x128 B (x10000; dividido),1,47,1
F-1,justificacion PoT vs cache; 1 slot x128 B (x10000; dividido),1,48,1
F-1,justificacion PoT vs cache; 1 slot x128 B (x10000; dividido),1,49,1
F-1,justificacion PoT vs cache; 1 slot x128 B (x10000; dividido),1,50,1
F-1,justificacion PoT vs cache; 1 slot x128 B (x10000; dividido),1,51,1
F-1,justificacion PoT vs cache; 1 slot x128 B (x10000; dividido),1,52,1
F-1,justificacion PoT vs cache; 1 slot x128 B (x10000; dividido),1,53,1
F-1,justificacion PoT vs cache; 1 slot x128 B (x10000; dividido),1,54,1
F-1,justificacion PoT vs cache; 1 slot x128 B (x10000; dividido),1,55,1
F-1,justificacion PoT vs cache; 1 slot x128 B (x10000; dividido),1,56,1
F-1,justificacion PoT vs cache; 1 slot x128 B (x10000; dividido),1,57,1
F-1,justificacion PoT vs cache; 1 slot x128 B (x10000; dividido),1,58,1
F-1,justificacion PoT vs cache; 1 slot x128 B (x10000; dividido),1,59,1
F-1,justificacion PoT vs cache; 1 slot x128 B (x10000; dividido),1,60,1
F-1,justificacion PoT vs cache; 1 slot x128 B (x10000; dividido),1,61,1
F-1,justificacion PoT vs cache; 1 slot x128 B (x10000; dividido),1,62,1
F-1,justificacion PoT vs cache; 1 slot x128 B (x10000; dividido),1,63,1
F-1,justificacion PoT vs cache; 1 slot x128 B (x10000; dividido),1,64,1
F-1,justificacion PoT vs cache; 1 slot x128 B (x10000; dividido),1,65,1
F-1,justificacion PoT vs cache; 1 slot x128 B (x10000; dividido),1,66,1
F-1,justificacion PoT vs cache; 1 slot x128 B (x10000; dividido),1,67,2
F-1,justificacion PoT vs cache; 1 slot x128 B (x10000; dividido),1,68,2
F-1,justificacion PoT vs cache; 1 slot x128 B (x10000; dividido),1,69,2
F-1,justificacion PoT vs cache; 1 slot x128 B (x10000; dividido),1,70,2
F-1,justificacion PoT vs cache; 1 slot x128 B (x10000; dividido),1,71,2
F-1,justificacion PoT vs cache; 1 slot x128 B (x10000; dividido),1,72,2
F-1,justificacion PoT vs cache; 1 slot x128 B (x10000; dividido),1,73,2
F-1,justificacion PoT vs cache; 1 slot x128 B (x10000; dividido),1,74,2
F-1,justificacion PoT vs cache; 1 slot x128 B (x10000; dividido),1,75,2
F-1,justificacion PoT vs cache; 1 slot x128 B (x10000; dividido),1,76,2
F-1,justificacion PoT vs cache; 1 slot x128 B (x10000; dividido),1,77,2
F-1,justificacion PoT vs cache; 1 slot x128 B (x10000; dividido),1,78,2
F-1,justificacion PoT vs cache; 1 slot x128 B (x10000; dividido),1,79,1
F-1,justificacion PoT vs cache; 1 slot x128 B (x10000; dividido),1,80,1
F-1,justificacion PoT vs cache; 1 slot x128 B (x10000; dividido),1,81,2
F-1,justificacion PoT vs cache; 1 slot x128 B (x10000; dividido),1,82,2
F-1,justificacion PoT vs cache; 1 slot x128 B (x10000; dividido),1,83,3
F-1,justificacion PoT vs cache; 1 slot x128 B (x10000; dividido),1,84,2
F-1,justificacion PoT vs cache; 1 slot x128 B (x10000; dividido),1,85,2
F-1,justificacion PoT vs cache; 1 slot x128 B (x10000; dividido),1,86,2
F-1,justificacion PoT vs cache; 1 slot x128 B (x10000; dividido),1,87,2
F-1,justificacion PoT vs cache; 1 slot x128 B (x10000; dividido),1,88,2
F-1,justificacion PoT vs cache; 1 slot x128 B (x10000; dividido),1,89,2
F-1,justificacion PoT vs cache; 1 slot x128 B (x10000; dividido),1,90,2
F-1,justificacion PoT vs cache; 1 slot x128 B (x10000; dividido),1,91,2
F-1,justificacion PoT vs cache; 1 slot x128 B (x10000; dividido),1,92,2
F-1,justificacion PoT vs cache; 1 slot x128 B (x10000; dividido),1,93,2
F-1,justificacion PoT vs cache; 1 slot x128 B (x10000; dividido),1,94,2
F-1,justificacion PoT vs cache; 1 slot x128 B (x10000; dividido),1,95,2
F-1,justificacion PoT vs cache; 1 slot x128 B (x10000; dividido),1,96,2
F-1,justificacion PoT vs cache; 1 slot x128 B (x10000; dividido),1,97,2
F-1,justificacion PoT vs cache; 1 slot x128 B (x10000; dividido),1,98,2
F-1,justificacion PoT vs cache; 1 slot x128 B (x10000; dividido),1,99,2
F-1,justificacion PoT vs cache; 1 slot x128 B (x10000; dividido),1,100,2
F-1,justificacion PoT vs cache; 1 slot x128 B (x10000; dividido),1,101,2
F-1,justificacion PoT vs cache; 1 slot x128 B (x10000; dividido),1,102,2
F-1,justificacion PoT vs cache; 1 slot x128 B (x10000; dividido),1,103,2
F-1,justificacion PoT vs cache; 1 slot x128 B (x10000; dividido),1,104,2
F-1,justificacion PoT vs cache; 1 slot x128 B (x10000; dividido),1,105,2
F-1,justificacion PoT vs cache; 1 slot x128 B (x10000; dividido),1,106,2
F-1,justificacion PoT vs cache; 1 slot x128 B (x10000; dividido),1,107,2
F-1,justificacion PoT vs cache; 1 slot x128 B (x10000; dividido),1,108,2
F-1,justificacion PoT vs cache; 1 slot x128 B (x10000; dividido),1,109,1
F-1,justificacion PoT vs cache; 1 slot x128 B (x10000; dividido),1,110,1
F-1,justificacion PoT vs cache; 1 slot x128 B (x10000; dividido),1,111,1
F-1,justificacion PoT vs cache; 1 slot x128 B (x10000; dividido),1,112,1
F-1,justificacion PoT vs cache; 1 slot x128 B (x10000; dividido),1,113,1
F-1,justificacion PoT vs cache; 1 slot x128 B (x10000; dividido),1,114,1
F-1,justificacion PoT vs cache; 1 slot x128 B (x10000; dividido),1,115,1
F-1,justificacion PoT vs cache; 1 slot x128 B (x10000; dividido),1,116,1
F-1,justificacion PoT vs cache; 1 slot x128 B (x10000; dividido),1,117,1
F-1,justificacion PoT vs cache; 1 slot x128 B (x10000; dividido),1,118,1
F-1,justificacion PoT vs cache; 1 slot x128 B (x10000; dividido),1,119,1
F-1,justificacion PoT vs cache; 1 slot x128 B (x10000; dividido),1,120,1
F-1,justificacion PoT vs cache; 1 slot x128 B (x10000; dividido),1,121,1
F-1,justificacion PoT vs cache; 1 slot x128 B (x10000; dividido),1,122,1
F-1,justificacion PoT vs cache; 1 slot x128 B (x10000; dividido),1,123,1
F-1,justificacion PoT vs cache; 1 slot x128 B (x10000; dividido),1,124,1
F-1,justificacion PoT vs cache; 1 slot x128 B (x10000; dividido),1,125,1
F-1,justificacion PoT vs cache; 1 slot x128 B (x10000; dividido),1,126,1
F-1,justificacion PoT vs cache; 1 slot x128 B (x10000; dividido),1,127,1
F-1,justificacion PoT vs cache; 1 slot x128 B (x10000; dividido),1,128,1
F-1,justificacion PoT vs cache; 1 slot x128 B (x10000; dividido),1,129,1
F-1,justificacion PoT vs cache; 1 slot x128 B (x10000; dividido),1,130,1
F-1,justificacion PoT vs cache; 1 slot x128 B (x10000; dividido),1,131,1
F-1,justificacion PoT vs cache; 1 slot x128 B (x10000; dividido),1,132,1
F-1,justificacion PoT vs cache; 1 slot x128 B (x10000; dividido),1,133,1
F-1,justificacion PoT vs cache; 1 slot x128 B (x10000; dividido),1,134,1
F-1,justificacion PoT vs cache; 1 slot x128 B (x10000; dividido),1,135,1
F-1,justificacion PoT vs cache; 1 slot x128 B (x10000; dividido),1,136,2
F-1,justificacion PoT vs cache; 1 slot x128 B (x10000; dividido),1,137,2
F-1,justificacion PoT vs cache; 1 slot x128 B (x10000; dividido),1,138,2
F-1,justificacion PoT vs cache; 1 slot x128 B (x10000; dividido),1,139,2
F-1,justificacion PoT vs cache; 1 slot x128 B (x10000; dividido),1,140,2
F-1,justificacion PoT vs cache; 1 slot x128 B (x10000; dividido),1,141,2
F-1,justificacion PoT vs cache; 1 slot x128 B (x10000; dividido),1,142,2
F-1,justificacion PoT vs cache; 1 slot x128 B (x10000; dividido),1,143,2
F-1,justificacion PoT vs cache; 1 slot x128 B (x10000; dividido),1,144,2
F-1,justificacion PoT vs cache; 1 slot x128 B (x10000; dividido),1,145,2
F-1,justificacion PoT vs cache; 1 slot x128 B (x10000; dividido),1,146,1
F-1,justificacion PoT vs cache; 1 slot x128 B (x10000; dividido),1,147,1
F-1,justificacion PoT vs cache; 1 slot x128 B (x10000; dividido),1,148,2
F-1,justificacion PoT vs cache; 1 slot x128 B (x10000; dividido),1,149,2
F-1,justificacion PoT vs cache; 1 slot x128 B (x10000; dividido),1,150,2
F-1,justificacion PoT vs cache; 1 slot x128 B (x10000; dividido),1,151,2
F-1,justificacion PoT vs cache; 1 slot x128 B (x10000; dividido),1,152,2
F-1,justificacion PoT vs cache; 1 slot x128 B (x10000; dividido),1,153,2
F-1,justificacion PoT vs cache; 1 slot x128 B (x10000; dividido),1,154,2
F-1,justificacion PoT vs cache; 1 slot x128 B (x10000; dividido),1,155,2
F-1,justificacion PoT vs cache; 1 slot x128 B (x10000; dividido),1,156,1
F-1,justificacion PoT vs cache; 1 slot x128 B (x10000; dividido),1,157,1
F-1,justificacion PoT vs cache; 1 slot x128 B (x10000; dividido),1,158,1
F-1,justificacion PoT vs cache; 1 slot x128 B (x10000; dividido),1,159,1
F-1,justificacion PoT vs cache; 1 slot x128 B (x10000; dividido),1,160,1
F-1,justificacion PoT vs cache; 1 slot x128 B (x10000; dividido),1,161,1
F-1,justificacion PoT vs cache; 1 slot x128 B (x10000; dividido),1,162,1
F-1,justificacion PoT vs cache; 1 slot x128 B (x10000; dividido),1,163,1
F-1,justificacion PoT vs cache; 1 slot x128 B (x10000; dividido),1,164,1
F-1,justificacion PoT vs cache; 1 slot x128 B (x10000; dividido),1,165,1
F-1,justificacion PoT vs cache; 1 slot x128 B (x10000; dividido),1,166,1
F-1,justificacion PoT vs cache; 1 slot x128 B (x10000; dividido),1,167,1
F-1,justificacion PoT vs cache; 1 slot x128 B (x10000; dividido),1,168,1
F-1,justificacion PoT vs cache; 1 slot x128 B (x10000; dividido),1,169,1
F-1,justificacion PoT vs cache; 1 slot x128 B (x10000; dividido),1,170,1
F-1,justificacion PoT vs cache; 1 slot x128 B (x10000; dividido),1,171,1
F-1,justificacion PoT vs cache; 1 slot x128 B (x10000; dividido),1,172,1
F-1,justificacion PoT vs cache; 1 slot x128 B (x10000; dividido),1,173,2
F-1,justificacion PoT vs cache; 1 slot x128 B (x10000; dividido),1,174,2
F-1,justificacion PoT vs cache; 1 slot x128 B (x10000; dividido),1,175,2
F-1,justificacion PoT vs cache; 1 slot x128 B (x10000; dividido),1,176,2
F-1,justificacion PoT vs cache; 1 slot x128 B (x10000; dividido),1,177,2
F-1,justificacion PoT vs cache; 1 slot x128 B (x10000; dividido),1,178,2
F-1,justificacion PoT vs cache; 1 slot x128 B (x10000; dividido),1,179,2
F-1,justificacion PoT vs cache; 1 slot x128 B (x10000; dividido),1,180,2
F-1,justificacion PoT vs cache; 1 slot x128 B (x10000; dividido),1,181,2
F-1,justificacion PoT vs cache; 1 slot x128 B (x10000; dividido),1,182,2
F-1,justificacion PoT vs cache; 1 slot x128 B (x10000; dividido),1,183,2
F-1,justificacion PoT vs cache; 1 slot x128 B (x10000; dividido),1,184,2
F-1,justificacion PoT vs cache; 1 slot x128 B (x10000; dividido),1,185,2
F-1,justificacion PoT vs cache; 1 slot x128 B (x10000; dividido),1,186,1
F-1,justificacion PoT vs cache; 1 slot x128 B (x10000; dividido),1,187,1
F-1,justificacion PoT vs cache; 1 slot x128 B (x10000; dividido),1,188,2
F-1,justificacion PoT vs cache; 1 slot x128 B (x10000; dividido),1,189,2
F-1,justificacion PoT vs cache; 1 slot x128 B (x10000; dividido),1,190,2
F-1,justificacion PoT vs cache; 1 slot x128 B (x10000; dividido),1,191,2
F-1,justificacion PoT vs cache; 1 slot x128 B (x10000; dividido),1,192,2
F-1,justificacion PoT vs cache; 1 slot x128 B (x10000; dividido),1,193,2
F-1,justificacion PoT vs cache; 1 slot x128 B (x10000; dividido),1,194,2
F-1,justificacion PoT vs cache; 1 slot x128 B (x10000; dividido),1,195,2
F-1,justificacion PoT vs cache; 1 slot x128 B (x10000; dividido),1,196,1
F-1,justificacion PoT vs cache; 1 slot x128 B (x10000; dividido),1,197,1
F-1,justificacion PoT vs cache; 1 slot x128 B (x10000; dividido),1,198,1
F-1,justificacion PoT vs cache; 1 slot x128 B (x10000; dividido),1,199,1
F-1,justificacion PoT vs cache; 1 slot x128 B (x10000; dividido),1,200,1
F-1,justificacion PoT vs cache; 1 slot x128 B (x10000; dividido),1,201,1
F-1,justificacion PoT vs cache; 1 slot x128 B (x10000; dividido),1,202,1
F-1,justificacion PoT vs cache; 1 slot x128 B (x10000; dividido),1,203,1
F-1,justificacion PoT vs cache; 1 slot x128 B (x10000; dividido),1,204,1
F-1,justificacion PoT vs cache; 1 slot x128 B (x10000; dividido),1,205,1
F-1,justificacion PoT vs cache; 1 slot x128 B (x10000; dividido),1,206,1
F-1,justificacion PoT vs cache; 1 slot x128 B (x10000; dividido),1,207,1
F-1,justificacion PoT vs cache; 1 slot x128 B (x10000; dividido),1,208,1
F-1,justificacion PoT vs cache; 1 slot x128 B (x10000; dividido),1,209,1
F-1,justificacion PoT vs cache; 1 slot x128 B (x10000; dividido),1,210,1
F-1,justificacion PoT vs cache; 1 slot x128 B (x10000; dividido),1,211,1
F-1,justificacion PoT vs cache; 1 slot x128 B (x10000; dividido),1,212,2
F-1,justificacion PoT vs cache; 1 slot x128 B (x10000; dividido),1,213,2
F-1,justificacion PoT vs cache; 1 slot x128 B (x10000; dividido),1,214,2
F-1,justificacion PoT vs cache; 1 slot x128 B (x10000; dividido),1,215,2
F-1,justificacion PoT vs cache; 1 slot x128 B (x10000; dividido),1,216,2
F-1,justificacion PoT vs cache; 1 slot x128 B (x10000; dividido),1,217,2
F-1,justificacion PoT vs cache; 1 slot x128 B (x10000; dividido),1,218,2
F-1,justificacion PoT vs cache; 1 slot x128 B (x10000; dividido),1,219,2
F-1,justificacion PoT vs cache; 1 slot x128 B (x10000; dividido),1,220,2
F-1,justificacion PoT vs cache; 1 slot x128 B (x10000; dividido),1,221,1
F-1,justificacion PoT vs cache; 1 slot x128 B (x10000; dividido),1,222,1
F-1,justificacion PoT vs cache; 1 slot x128 B (x10000; dividido),1,223,1
F-1,justificacion PoT vs cache; 1 slot x128 B (x10000; dividido),1,224,1
F-1,justificacion PoT vs cache; 1 slot x128 B (x10000; dividido),1,225,1
F-1,justificacion PoT vs cache; 1 slot x128 B (x10000; dividido),1,226,1
F-1,justificacion PoT vs cache; 1 slot x128 B (x10000; dividido),1,227,1
F-1,justificacion PoT vs cache; 1 slot x128 B (x10000; dividido),1,228,1
F-1,justificacion PoT vs cache; 1 slot x128 B (x10000; dividido),1,229,1
F-1,justificacion PoT vs cache; 1 slot x128 B (x10000; dividido),1,230,1
F-1,justificacion PoT vs cache; 1 slot x128 B (x10000; dividido),1,231,1
F-1,justificacion PoT vs cache; 1 slot x128 B (x10000; dividido),1,232,1
F-1,justificacion PoT vs cache; 1 slot x128 B (x10000; dividido),1,233,1
F-1,justificacion PoT vs cache; 1 slot x128 B (x10000; dividido),1,234,1
F-1,justificacion PoT vs cache; 1 slot x128 B (x10000; dividido),1,235,1
F-1,justificacion PoT vs cache; 1 slot x128 B (x10000; dividido),1,236,1
F-1,justificacion PoT vs cache; 1 slot x128 B (x10000; dividido),1,237,1
F-1,justificacion PoT vs cache; 1 slot x128 B (x10000; dividido),1,238,1
F-1,justificacion PoT vs cache; 1 slot x128 B (x10000; dividido),1,239,1
F-1,justificacion PoT vs cache; 1 slot x128 B (x10000; dividido),1,240,1
F-1,justificacion PoT vs cache; 1 slot x128 B (x10000; dividido),1,241,1
F-1,justificacion PoT vs cache; 1 slot x128 B (x10000; dividido),1,242,1
F-1,justificacion PoT vs cache; 1 slot x128 B (x10000; dividido),1,243,1
F-1,justificacion PoT vs cache; 1 slot x128 B (x10000; dividido),1,244,1
F-1,justificacion PoT vs cache; 1 slot x128 B (x10000; dividido),1,245,1
F-1,justificacion PoT vs cache; 1 slot x128 B (x10000; dividido),1,246,1
F-1,justificacion PoT vs cache; 1 slot x128 B (x10000; dividido),1,247,1
F-1,justificacion PoT vs cache; 1 slot x128 B (x10000; dividido),1,248,1
F-1,justificacion PoT vs cache; 1 slot x128 B (x10000; dividido),1,249,1
F-1,justificacion PoT vs cache; 1 slot x128 B (x10000; dividido),1,250,1
F-1,justificacion PoT vs cache; 1 slot x128 B (x10000; dividido),1,251,1
F-1,justificacion PoT vs cache; 1 slot x128 B (x10000; dividido),1,252,1
F-1,justificacion PoT vs cache; 1 slot x128 B (x10000; dividido),1,253,1
F-1,justificacion PoT vs cache; 1 slot x128 B (x10000; dividido),1,254,1
F-1,justificacion PoT vs cache; 1 slot x128 B (x10000; dividido),1,255,1
F-1,justificacion PoT vs cache; 1 slot x128 B (x10000; dividido),1,256,1
F-1,justificacion PoT vs cache; 1 slot x128 B (x10000; dividido),1,257,1
F-1,justificacion PoT vs cache; 1 slot x128 B (x10000; dividido),1,258,1
F-1,justificacion PoT vs cache; 1 slot x128 B (x10000; dividido),1,259,1
F-1,justificacion PoT vs cache; 1 slot x128 B (x10000; dividido),1,260,1
F-1,justificacion PoT vs cache; 1 slot x128 B (x10000; dividido),1,261,1
F-1,justificacion PoT vs cache; 1 slot x128 B (x10000; dividido),1,262,1
F-1,justificacion PoT vs cache; 1 slot x128 B (x10000; dividido),1,263,1
F-1,justificacion PoT vs cache; 1 slot x128 B (x10000; dividido),1,264,1
F-1,justificacion PoT vs cache; 1 slot x128 B (x10000; dividido),1,265,1
F-1,justificacion PoT vs cache; 1 slot x128 B (x10000; dividido),1,266,1
F-1,justificacion PoT vs cache; 1 slot x128 B (x10000; dividido),1,267,1
F-1,justificacion PoT vs cache; 1 slot x128 B (x10000; dividido),1,268,1
F-1,justificacion PoT vs cache; 1 slot x128 B (x10000; dividido),1,269,1
F-1,justificacion PoT vs cache; 1 slot x128 B (x10000; dividido),1,270,1
F-1,justificacion PoT vs cache; 1 slot x128 B (x10000; dividido),1,271,1
F-1,justificacion PoT vs cache; 1 slot x128 B (x10000; dividido),1,272,1
F-1,justificacion PoT vs cache; 1 slot x128 B (x10000; dividido),1,273,1
F-1,justificacion PoT vs cache; 1 slot x128 B (x10000; dividido),1,274,1
F-1,justificacion PoT vs cache; 1 slot x128 B (x10000; dividido),1,275,1
F-1,justificacion PoT vs cache; 1 slot x128 B (x10000; dividido),1,276,1
F-1,justificacion PoT vs cache; 1 slot x128 B (x10000; dividido),1,277,1
F-1,justificacion PoT vs cache; 1 slot x128 B (x10000; dividido),1,278,1
F-1,justificacion PoT vs cache; 1 slot x128 B (x10000; dividido),1,279,1
F-1,justificacion PoT vs cache; 1 slot x128 B (x10000; dividido),1,280,1
F-1,justificacion PoT vs cache; 1 slot x128 B (x10000; dividido),1,281,1
F-1,justificacion PoT vs cache; 1 slot x128 B (x10000; dividido),1,282,1
F-1,justificacion PoT vs cache; 1 slot x128 B (x10000; dividido),1,283,1
F-1,justificacion PoT vs cache; 1 slot x128 B (x10000; dividido),1,284,1
F-1,justificacion PoT vs cache; 1 slot x128 B (x10000; dividido),1,285,1
F-1,justificacion PoT vs cache; 1 slot x128 B (x10000; dividido),1,286,1
F-1,justificacion PoT vs cache; 1 slot x128 B (x10000; dividido),1,287,1
F-1,justificacion PoT vs cache; 1 slot x128 B (x10000; dividido),1,288,1
F-1,justificacion PoT vs cache; 1 slot x128 B (x10000; dividido),1,289,1
F-1,justificacion PoT vs cache; 1 slot x128 B (x10000; dividido),1,290,1
F-1,justificacion PoT vs cache; 1 slot x128 B (x10000; dividido),1,291,1
F-1,justificacion PoT vs cache; 1 slot x128 B (x10000; dividido),1,292,1
F-1,justificacion PoT vs cache; 1 slot x128 B (x10000; dividido),1,293,1
F-1,justificacion PoT vs cache; 1 slot x128 B (x10000; dividido),1,294,1
F-1,justificacion PoT vs cache; 1 slot x128 B (x10000; dividido),1,295,1
F-1,justificacion PoT vs cache; 1 slot x128 B (x10000; dividido),1,296,1
F-1,justificacion PoT vs cache; 1 slot x128 B (x10000; dividido),1,297,1
F-1,justificacion PoT vs cache; 1 slot x128 B (x10000; dividido),1,298,1
F-1,justificacion PoT vs cache; 1 slot x128 B (x10000; dividido),1,299,1
F-150,justificacion PoT vs cache; 150 slots (S_max; x100; dividido),1,0,232
F-150,justificacion PoT vs cache; 150 slots (S_max; x100; dividido),1,1,233
F-150,justificacion PoT vs cache; 150 slots (S_max; x100; dividido),1,2,232
F-150,justificacion PoT vs cache; 150 slots (S_max; x100; dividido),1,3,232
F-150,justificacion PoT vs cache; 150 slots (S_max; x100; dividido),1,4,233
F-150,justificacion PoT vs cache; 150 slots (S_max; x100; dividido),1,5,232
F-150,justificacion PoT vs cache; 150 slots (S_max; x100; dividido),1,6,232
F-150,justificacion PoT vs cache; 150 slots (S_max; x100; dividido),1,7,232
F-150,justificacion PoT vs cache; 150 slots (S_max; x100; dividido),1,8,232
F-150,justificacion PoT vs cache; 150 slots (S_max; x100; dividido),1,9,233
F-150,justificacion PoT vs cache; 150 slots (S_max; x100; dividido),1,10,233
F-150,justificacion PoT vs cache; 150 slots (S_max; x100; dividido),1,11,233
F-150,justificacion PoT vs cache; 150 slots (S_max; x100; dividido),1,12,233
F-150,justificacion PoT vs cache; 150 slots (S_max; x100; dividido),1,13,232
F-150,justificacion PoT vs cache; 150 slots (S_max; x100; dividido),1,14,232
F-150,justificacion PoT vs cache; 150 slots (S_max; x100; dividido),1,15,233
F-150,justificacion PoT vs cache; 150 slots (S_max; x100; dividido),1,16,232
F-150,justificacion PoT vs cache; 150 slots (S_max; x100; dividido),1,17,233
F-150,justificacion PoT vs cache; 150 slots (S_max; x100; dividido),1,18,232
F-150,justificacion PoT vs cache; 150 slots (S_max; x100; dividido),1,19,232
F-150,justificacion PoT vs cache; 150 slots (S_max; x100; dividido),1,20,232
F-150,justificacion PoT vs cache; 150 slots (S_max; x100; dividido),1,21,233
F-150,justificacion PoT vs cache; 150 slots (S_max; x100; dividido),1,22,233
F-150,justificacion PoT vs cache; 150 slots (S_max; x100; dividido),1,23,232
F-150,justificacion PoT vs cache; 150 slots (S_max; x100; dividido),1,24,232
F-150,justificacion PoT vs cache; 150 slots (S_max; x100; dividido),1,25,232
F-150,justificacion PoT vs cache; 150 slots (S_max; x100; dividido),1,26,232
F-150,justificacion PoT vs cache; 150 slots (S_max; x100; dividido),1,27,257
F-150,justificacion PoT vs cache; 150 slots (S_max; x100; dividido),1,28,232
F-150,justificacion PoT vs cache; 150 slots (S_max; x100; dividido),1,29,232
F-150,justificacion PoT vs cache; 150 slots (S_max; x100; dividido),1,30,234
F-150,justificacion PoT vs cache; 150 slots (S_max; x100; dividido),1,31,232
F-150,justificacion PoT vs cache; 150 slots (S_max; x100; dividido),1,32,234
F-150,justificacion PoT vs cache; 150 slots (S_max; x100; dividido),1,33,232
F-150,justificacion PoT vs cache; 150 slots (S_max; x100; dividido),1,34,232
F-150,justificacion PoT vs cache; 150 slots (S_max; x100; dividido),1,35,233
F-150,justificacion PoT vs cache; 150 slots (S_max; x100; dividido),1,36,234
F-150,justificacion PoT vs cache; 150 slots (S_max; x100; dividido),1,37,232
F-150,justificacion PoT vs cache; 150 slots (S_max; x100; dividido),1,38,232
F-150,justificacion PoT vs cache; 150 slots (S_max; x100; dividido),1,39,232
F-150,justificacion PoT vs cache; 150 slots (S_max; x100; dividido),1,40,234
F-150,justificacion PoT vs cache; 150 slots (S_max; x100; dividido),1,41,234
F-150,justificacion PoT vs cache; 150 slots (S_max; x100; dividido),1,42,234
F-150,justificacion PoT vs cache; 150 slots (S_max; x100; dividido),1,43,232
F-150,justificacion PoT vs cache; 150 slots (S_max; x100; dividido),1,44,232
F-150,justificacion PoT vs cache; 150 slots (S_max; x100; dividido),1,45,234
F-150,justificacion PoT vs cache; 150 slots (S_max; x100; dividido),1,46,551
F-150,justificacion PoT vs cache; 150 slots (S_max; x100; dividido),1,47,234
F-150,justificacion PoT vs cache; 150 slots (S_max; x100; dividido),1,48,234
F-150,justificacion PoT vs cache; 150 slots (S_max; x100; dividido),1,49,234
F-150,justificacion PoT vs cache; 150 slots (S_max; x100; dividido),1,50,232
F-150,justificacion PoT vs cache; 150 slots (S_max; x100; dividido),1,51,234
F-150,justificacion PoT vs cache; 150 slots (S_max; x100; dividido),1,52,233
F-150,justificacion PoT vs cache; 150 slots (S_max; x100; dividido),1,53,234
F-150,justificacion PoT vs cache; 150 slots (S_max; x100; dividido),1,54,234
F-150,justificacion PoT vs cache; 150 slots (S_max; x100; dividido),1,55,233
F-150,justificacion PoT vs cache; 150 slots (S_max; x100; dividido),1,56,233
F-150,justificacion PoT vs cache; 150 slots (S_max; x100; dividido),1,57,232
F-150,justificacion PoT vs cache; 150 slots (S_max; x100; dividido),1,58,233
F-150,justificacion PoT vs cache; 150 slots (S_max; x100; dividido),1,59,232
F-150,justificacion PoT vs cache; 150 slots (S_max; x100; dividido),1,60,252
F-150,justificacion PoT vs cache; 150 slots (S_max; x100; dividido),1,61,232
F-150,justificacion PoT vs cache; 150 slots (S_max; x100; dividido),1,62,232
F-150,justificacion PoT vs cache; 150 slots (S_max; x100; dividido),1,63,233
F-150,justificacion PoT vs cache; 150 slots (S_max; x100; dividido),1,64,232
F-150,justificacion PoT vs cache; 150 slots (S_max; x100; dividido),1,65,232
F-150,justificacion PoT vs cache; 150 slots (S_max; x100; dividido),1,66,232
F-150,justificacion PoT vs cache; 150 slots (S_max; x100; dividido),1,67,232
F-150,justificacion PoT vs cache; 150 slots (S_max; x100; dividido),1,68,232
F-150,justificacion PoT vs cache; 150 slots (S_max; x100; dividido),1,69,232
F-150,justificacion PoT vs cache; 150 slots (S_max; x100; dividido),1,70,233
F-150,justificacion PoT vs cache; 150 slots (S_max; x100; dividido),1,71,233
F-150,justificacion PoT vs cache; 150 slots (S_max; x100; dividido),1,72,232
F-150,justificacion PoT vs cache; 150 slots (S_max; x100; dividido),1,73,232
F-150,justificacion PoT vs cache; 150 slots (S_max; x100; dividido),1,74,232
F-150,justificacion PoT vs cache; 150 slots (S_max; x100; dividido),1,75,232
F-150,justificacion PoT vs cache; 150 slots (S_max; x100; dividido),1,76,233
F-150,justificacion PoT vs cache; 150 slots (S_max; x100; dividido),1,77,233
F-150,justificacion PoT vs cache; 150 slots (S_max; x100; dividido),1,78,233
F-150,justificacion PoT vs cache; 150 slots (S_max; x100; dividido),1,79,232
F-150,justificacion PoT vs cache; 150 slots (S_max; x100; dividido),1,80,233
F-150,justificacion PoT vs cache; 150 slots (S_max; x100; dividido),1,81,233
F-150,justificacion PoT vs cache; 150 slots (S_max; x100; dividido),1,82,232
F-150,justificacion PoT vs cache; 150 slots (S_max; x100; dividido),1,83,233
F-150,justificacion PoT vs cache; 150 slots (S_max; x100; dividido),1,84,232
F-150,justificacion PoT vs cache; 150 slots (S_max; x100; dividido),1,85,233
F-150,justificacion PoT vs cache; 150 slots (S_max; x100; dividido),1,86,233
F-150,justificacion PoT vs cache; 150 slots (S_max; x100; dividido),1,87,232
F-150,justificacion PoT vs cache; 150 slots (S_max; x100; dividido),1,88,232
F-150,justificacion PoT vs cache; 150 slots (S_max; x100; dividido),1,89,232
F-150,justificacion PoT vs cache; 150 slots (S_max; x100; dividido),1,90,232
F-150,justificacion PoT vs cache; 150 slots (S_max; x100; dividido),1,91,232
F-150,justificacion PoT vs cache; 150 slots (S_max; x100; dividido),1,92,233
F-150,justificacion PoT vs cache; 150 slots (S_max; x100; dividido),1,93,232
F-150,justificacion PoT vs cache; 150 slots (S_max; x100; dividido),1,94,242
F-150,justificacion PoT vs cache; 150 slots (S_max; x100; dividido),1,95,232
F-150,justificacion PoT vs cache; 150 slots (S_max; x100; dividido),1,96,232
F-150,justificacion PoT vs cache; 150 slots (S_max; x100; dividido),1,97,233
F-150,justificacion PoT vs cache; 150 slots (S_max; x100; dividido),1,98,232
F-150,justificacion PoT vs cache; 150 slots (S_max; x100; dividido),1,99,232
H-571,decode+txid 571 tx sinteticas (348 B/tx),1,0,976492
H-571,decode+txid 571 tx sinteticas (348 B/tx),1,1,981901
H-571,decode+txid 571 tx sinteticas (348 B/tx),1,2,978961
H-571,decode+txid 571 tx sinteticas (348 B/tx),1,3,981231
H-571,decode+txid 571 tx sinteticas (348 B/tx),1,4,978701
H-571,decode+txid 571 tx sinteticas (348 B/tx),1,5,1014021
H-571,decode+txid 571 tx sinteticas (348 B/tx),1,6,988841
H-571,decode+txid 571 tx sinteticas (348 B/tx),1,7,980921
H-571,decode+txid 571 tx sinteticas (348 B/tx),1,8,978411
H-571,decode+txid 571 tx sinteticas (348 B/tx),1,9,982231
H-571,decode+txid 571 tx sinteticas (348 B/tx),1,10,1012441
H-571,decode+txid 571 tx sinteticas (348 B/tx),1,11,982231
H-571,decode+txid 571 tx sinteticas (348 B/tx),1,12,980171
H-571,decode+txid 571 tx sinteticas (348 B/tx),1,13,978831
H-571,decode+txid 571 tx sinteticas (348 B/tx),1,14,979492
H-571,decode+txid 571 tx sinteticas (348 B/tx),1,15,981532
H-571,decode+txid 571 tx sinteticas (348 B/tx),1,16,1009911
H-571,decode+txid 571 tx sinteticas (348 B/tx),1,17,978982
H-571,decode+txid 571 tx sinteticas (348 B/tx),1,18,979022
H-571,decode+txid 571 tx sinteticas (348 B/tx),1,19,980341
H-571,decode+txid 571 tx sinteticas (348 B/tx),1,20,980251
H-571,decode+txid 571 tx sinteticas (348 B/tx),1,21,1011261
H-571,decode+txid 571 tx sinteticas (348 B/tx),1,22,981671
H-571,decode+txid 571 tx sinteticas (348 B/tx),1,23,979591
H-571,decode+txid 571 tx sinteticas (348 B/tx),1,24,978981
H-571,decode+txid 571 tx sinteticas (348 B/tx),1,25,981071
H-571,decode+txid 571 tx sinteticas (348 B/tx),1,26,1011121
H-571,decode+txid 571 tx sinteticas (348 B/tx),1,27,980521
H-571,decode+txid 571 tx sinteticas (348 B/tx),1,28,982351
H-571,decode+txid 571 tx sinteticas (348 B/tx),1,29,980921
H-4464,decode+txid 4464 tx sinteticas (348 B/tx),1,0,7705513
H-4464,decode+txid 4464 tx sinteticas (348 B/tx),1,1,7726832
H-4464,decode+txid 4464 tx sinteticas (348 B/tx),1,2,7696803
H-4464,decode+txid 4464 tx sinteticas (348 B/tx),1,3,7729382
H-4464,decode+txid 4464 tx sinteticas (348 B/tx),1,4,7695893
H-4464,decode+txid 4464 tx sinteticas (348 B/tx),1,5,7723883
H-4464,decode+txid 4464 tx sinteticas (348 B/tx),1,6,7686553
H-4464,decode+txid 4464 tx sinteticas (348 B/tx),1,7,7750402
H-4464,decode+txid 4464 tx sinteticas (348 B/tx),1,8,7721693
H-4464,decode+txid 4464 tx sinteticas (348 B/tx),1,9,7698283
H-4464,decode+txid 4464 tx sinteticas (348 B/tx),1,10,7741842
H-4464,decode+txid 4464 tx sinteticas (348 B/tx),1,11,7715352
H-4464,decode+txid 4464 tx sinteticas (348 B/tx),1,12,7747882
H-4464,decode+txid 4464 tx sinteticas (348 B/tx),1,13,7696243
H-4464,decode+txid 4464 tx sinteticas (348 B/tx),1,14,7727393
H-4464,decode+txid 4464 tx sinteticas (348 B/tx),1,15,7683884
H-4464,decode+txid 4464 tx sinteticas (348 B/tx),1,16,7685023
H-4464,decode+txid 4464 tx sinteticas (348 B/tx),1,17,7715203
H-4464,decode+txid 4464 tx sinteticas (348 B/tx),1,18,7692063
H-4464,decode+txid 4464 tx sinteticas (348 B/tx),1,19,7720622
H-4464,decode+txid 4464 tx sinteticas (348 B/tx),1,20,7687604
H-4464,decode+txid 4464 tx sinteticas (348 B/tx),1,21,7721822
H-4464,decode+txid 4464 tx sinteticas (348 B/tx),1,22,7692033
H-4464,decode+txid 4464 tx sinteticas (348 B/tx),1,23,7716373
H-4464,decode+txid 4464 tx sinteticas (348 B/tx),1,24,7751722
H-4464,decode+txid 4464 tx sinteticas (348 B/tx),1,25,9553448
H-4464,decode+txid 4464 tx sinteticas (348 B/tx),1,26,7728553
H-4464,decode+txid 4464 tx sinteticas (348 B/tx),1,27,7733062
H-4464,decode+txid 4464 tx sinteticas (348 B/tx),1,28,7715683
H-4464,decode+txid 4464 tx sinteticas (348 B/tx),1,29,7749622
H-txid-571,solo txid 571 tx sinteticas (348 B/tx),1,0,926453
H-txid-571,solo txid 571 tx sinteticas (348 B/tx),1,1,931162
H-txid-571,solo txid 571 tx sinteticas (348 B/tx),1,2,962511
H-txid-571,solo txid 571 tx sinteticas (348 B/tx),1,3,932662
H-txid-571,solo txid 571 tx sinteticas (348 B/tx),1,4,931992
H-txid-571,solo txid 571 tx sinteticas (348 B/tx),1,5,932093
H-txid-571,solo txid 571 tx sinteticas (348 B/tx),1,6,932142
H-txid-571,solo txid 571 tx sinteticas (348 B/tx),1,7,932552
H-txid-571,solo txid 571 tx sinteticas (348 B/tx),1,8,962141
H-txid-571,solo txid 571 tx sinteticas (348 B/tx),1,9,931553
H-txid-571,solo txid 571 tx sinteticas (348 B/tx),1,10,929453
H-txid-571,solo txid 571 tx sinteticas (348 B/tx),1,11,929252
H-txid-571,solo txid 571 tx sinteticas (348 B/tx),1,12,929772
H-txid-571,solo txid 571 tx sinteticas (348 B/tx),1,13,931182
H-txid-571,solo txid 571 tx sinteticas (348 B/tx),1,14,962451
H-txid-571,solo txid 571 tx sinteticas (348 B/tx),1,15,925993
H-txid-571,solo txid 571 tx sinteticas (348 B/tx),1,16,929512
H-txid-571,solo txid 571 tx sinteticas (348 B/tx),1,17,929222
H-txid-571,solo txid 571 tx sinteticas (348 B/tx),1,18,931602
H-txid-571,solo txid 571 tx sinteticas (348 B/tx),1,19,960572
H-txid-571,solo txid 571 tx sinteticas (348 B/tx),1,20,929332
H-txid-571,solo txid 571 tx sinteticas (348 B/tx),1,21,931522
H-txid-571,solo txid 571 tx sinteticas (348 B/tx),1,22,930712
H-txid-571,solo txid 571 tx sinteticas (348 B/tx),1,23,928002
H-txid-571,solo txid 571 tx sinteticas (348 B/tx),1,24,929032
H-txid-571,solo txid 571 tx sinteticas (348 B/tx),1,25,960892
H-txid-571,solo txid 571 tx sinteticas (348 B/tx),1,26,931182
H-txid-571,solo txid 571 tx sinteticas (348 B/tx),1,27,929312
H-txid-571,solo txid 571 tx sinteticas (348 B/tx),1,28,931032
H-txid-571,solo txid 571 tx sinteticas (348 B/tx),1,29,930822
H-txid-4464,solo txid 4464 tx sinteticas (348 B/tx),1,0,7254692
H-txid-4464,solo txid 4464 tx sinteticas (348 B/tx),1,1,7309051
H-txid-4464,solo txid 4464 tx sinteticas (348 B/tx),1,2,7338680
H-txid-4464,solo txid 4464 tx sinteticas (348 B/tx),1,3,7307061
H-txid-4464,solo txid 4464 tx sinteticas (348 B/tx),1,4,7300401
H-txid-4464,solo txid 4464 tx sinteticas (348 B/tx),1,5,7326691
H-txid-4464,solo txid 4464 tx sinteticas (348 B/tx),1,6,7293080
H-txid-4464,solo txid 4464 tx sinteticas (348 B/tx),1,7,7306351
H-txid-4464,solo txid 4464 tx sinteticas (348 B/tx),1,8,7333180
H-txid-4464,solo txid 4464 tx sinteticas (348 B/tx),1,9,7310420
H-txid-4464,solo txid 4464 tx sinteticas (348 B/tx),1,10,7322151
H-txid-4464,solo txid 4464 tx sinteticas (348 B/tx),1,11,7289521
H-txid-4464,solo txid 4464 tx sinteticas (348 B/tx),1,12,7297031
H-txid-4464,solo txid 4464 tx sinteticas (348 B/tx),1,13,7319530
H-txid-4464,solo txid 4464 tx sinteticas (348 B/tx),1,14,7298371
H-txid-4464,solo txid 4464 tx sinteticas (348 B/tx),1,15,7311460
H-txid-4464,solo txid 4464 tx sinteticas (348 B/tx),1,16,7331210
H-txid-4464,solo txid 4464 tx sinteticas (348 B/tx),1,17,7305421
H-txid-4464,solo txid 4464 tx sinteticas (348 B/tx),1,18,7419228
H-txid-4464,solo txid 4464 tx sinteticas (348 B/tx),1,19,7294061
H-txid-4464,solo txid 4464 tx sinteticas (348 B/tx),1,20,7294800
H-txid-4464,solo txid 4464 tx sinteticas (348 B/tx),1,21,7394479
H-txid-4464,solo txid 4464 tx sinteticas (348 B/tx),1,22,7303661
H-txid-4464,solo txid 4464 tx sinteticas (348 B/tx),1,23,7301660
H-txid-4464,solo txid 4464 tx sinteticas (348 B/tx),1,24,7373580
H-txid-4464,solo txid 4464 tx sinteticas (348 B/tx),1,25,8923619
H-txid-4464,solo txid 4464 tx sinteticas (348 B/tx),1,26,7563655
H-txid-4464,solo txid 4464 tx sinteticas (348 B/tx),1,27,7295811
H-txid-4464,solo txid 4464 tx sinteticas (348 B/tx),1,28,7309970
H-txid-4464,solo txid 4464 tx sinteticas (348 B/tx),1,29,7270602
G-pot-aes-soft,200032000 iteraciones; 8 checkpoints,1,0,8288098943
G-pot-aes-soft,200032000 iteraciones; 8 checkpoints,1,1,8336021478
G-pot-aes-soft,200032000 iteraciones; 8 checkpoints,1,2,8315050277
G-pot-aes-soft,200032000 iteraciones; 8 checkpoints,1,3,8303502608
G-pot-aes-soft,200032000 iteraciones; 8 checkpoints,1,4,8273445261
G-pot-aes-soft,200032000 iteraciones; 8 checkpoints,1,5,8250499699
G-pot-aes-soft,200032000 iteraciones; 8 checkpoints,1,6,8288119751
G-pot-aes-soft,200032000 iteraciones; 8 checkpoints,1,7,8300989976
G-pot-aes-soft,200032000 iteraciones; 8 checkpoints,1,8,8285652369
G-pot-aes-soft,200032000 iteraciones; 8 checkpoints,1,9,8293308542
G-pot-avx512f_vaes,200032000 iteraciones; 8 checkpoints,2,0,91445216
G-pot-avx512f_vaes,200032000 iteraciones; 8 checkpoints,2,1,90502604
G-pot-avx512f_vaes,200032000 iteraciones; 8 checkpoints,2,2,90624661
G-pot-avx512f_vaes,200032000 iteraciones; 8 checkpoints,2,3,91201360
G-pot-avx512f_vaes,200032000 iteraciones; 8 checkpoints,2,4,90605171
G-pot-avx512f_vaes,200032000 iteraciones; 8 checkpoints,2,5,90573872
G-pot-avx512f_vaes,200032000 iteraciones; 8 checkpoints,2,6,91234020
G-pot-avx512f_vaes,200032000 iteraciones; 8 checkpoints,2,7,90665471
G-pot-avx512f_vaes,200032000 iteraciones; 8 checkpoints,2,8,91409196
G-pot-avx512f_vaes,200032000 iteraciones; 8 checkpoints,2,9,90864927
G-pot-avx512f_vaes,200032000 iteraciones; 8 checkpoints,2,10,90879436
G-pot-avx512f_vaes,200032000 iteraciones; 8 checkpoints,2,11,91093502
G-pot-avx512f_vaes,200032000 iteraciones; 8 checkpoints,2,12,90580652
G-pot-avx512f_vaes,200032000 iteraciones; 8 checkpoints,2,13,90748270
G-pot-avx512f_vaes,200032000 iteraciones; 8 checkpoints,2,14,91303608
G-pot-avx512f_vaes,200032000 iteraciones; 8 checkpoints,2,15,90614712
G-pot-avx512f_vaes,200032000 iteraciones; 8 checkpoints,2,16,90572182
G-pot-avx512f_vaes,200032000 iteraciones; 8 checkpoints,2,17,90901786
G-pot-avx512f_vaes,200032000 iteraciones; 8 checkpoints,2,18,90564632
G-pot-avx512f_vaes,200032000 iteraciones; 8 checkpoints,2,19,90811588
G-pot-avx512f_vaes,200032000 iteraciones; 8 checkpoints,2,20,90509044
G-pot-avx512f_vaes,200032000 iteraciones; 8 checkpoints,2,21,90591132
G-pot-avx512f_vaes,200032000 iteraciones; 8 checkpoints,2,22,90763559
G-pot-avx512f_vaes,200032000 iteraciones; 8 checkpoints,2,23,90424845
G-pot-avx512f_vaes,200032000 iteraciones; 8 checkpoints,2,24,90728590
G-pot-avx512f_vaes,200032000 iteraciones; 8 checkpoints,2,25,91038844
G-pot-avx512f_vaes,200032000 iteraciones; 8 checkpoints,2,26,92105503
G-pot-avx512f_vaes,200032000 iteraciones; 8 checkpoints,2,27,92067914
G-pot-avx512f_vaes,200032000 iteraciones; 8 checkpoints,2,28,91842058
G-pot-avx512f_vaes,200032000 iteraciones; 8 checkpoints,2,29,91004924
G-pot-avx2_vaes,200032000 iteraciones; 8 checkpoints,2,0,101402845
G-pot-avx2_vaes,200032000 iteraciones; 8 checkpoints,2,1,101141391
G-pot-avx2_vaes,200032000 iteraciones; 8 checkpoints,2,2,101837507
G-pot-avx2_vaes,200032000 iteraciones; 8 checkpoints,2,3,101735129
G-pot-avx2_vaes,200032000 iteraciones; 8 checkpoints,2,4,101631151
G-pot-avx2_vaes,200032000 iteraciones; 8 checkpoints,2,5,101457604
G-pot-avx2_vaes,200032000 iteraciones; 8 checkpoints,2,6,101239469
G-pot-avx2_vaes,200032000 iteraciones; 8 checkpoints,2,7,101401035
G-pot-avx2_vaes,200032000 iteraciones; 8 checkpoints,2,8,100995844
G-pot-avx2_vaes,200032000 iteraciones; 8 checkpoints,2,9,101460825
G-pot-avx2_vaes,200032000 iteraciones; 8 checkpoints,2,10,101064042
G-pot-avx2_vaes,200032000 iteraciones; 8 checkpoints,2,11,101213079
G-pot-avx2_vaes,200032000 iteraciones; 8 checkpoints,2,12,101334697
G-pot-avx2_vaes,200032000 iteraciones; 8 checkpoints,2,13,101137011
G-pot-avx2_vaes,200032000 iteraciones; 8 checkpoints,2,14,101463344
G-pot-avx2_vaes,200032000 iteraciones; 8 checkpoints,2,15,101070982
G-pot-avx2_vaes,200032000 iteraciones; 8 checkpoints,2,16,101169351
G-pot-avx2_vaes,200032000 iteraciones; 8 checkpoints,2,17,101312668
G-pot-avx2_vaes,200032000 iteraciones; 8 checkpoints,2,18,101444955
G-pot-avx2_vaes,200032000 iteraciones; 8 checkpoints,2,19,101742749
G-pot-avx2_vaes,200032000 iteraciones; 8 checkpoints,2,20,101348547
G-pot-avx2_vaes,200032000 iteraciones; 8 checkpoints,2,21,101319428
G-pot-avx2_vaes,200032000 iteraciones; 8 checkpoints,2,22,101270469
G-pot-avx2_vaes,200032000 iteraciones; 8 checkpoints,2,23,101039903
G-pot-avx2_vaes,200032000 iteraciones; 8 checkpoints,2,24,101501294
G-pot-avx2_vaes,200032000 iteraciones; 8 checkpoints,2,25,101409405
G-pot-avx2_vaes,200032000 iteraciones; 8 checkpoints,2,26,101256519
G-pot-avx2_vaes,200032000 iteraciones; 8 checkpoints,2,27,101193090
G-pot-avx2_vaes,200032000 iteraciones; 8 checkpoints,2,28,101169630
G-pot-avx2_vaes,200032000 iteraciones; 8 checkpoints,2,29,101646191
G-pot-aes_sse41,200032000 iteraciones; 8 checkpoints,2,0,190410608
G-pot-aes_sse41,200032000 iteraciones; 8 checkpoints,2,1,190447937
G-pot-aes_sse41,200032000 iteraciones; 8 checkpoints,2,2,190464017
G-pot-aes_sse41,200032000 iteraciones; 8 checkpoints,2,3,190467307
G-pot-aes_sse41,200032000 iteraciones; 8 checkpoints,2,4,190568985
G-pot-aes_sse41,200032000 iteraciones; 8 checkpoints,2,5,190430658
G-pot-aes_sse41,200032000 iteraciones; 8 checkpoints,2,6,190272821
G-pot-aes_sse41,200032000 iteraciones; 8 checkpoints,2,7,190087094
G-pot-aes_sse41,200032000 iteraciones; 8 checkpoints,2,8,190424258
G-pot-aes_sse41,200032000 iteraciones; 8 checkpoints,2,9,190431057
G-pot-aes_sse41,200032000 iteraciones; 8 checkpoints,2,10,190310520
G-pot-aes_sse41,200032000 iteraciones; 8 checkpoints,2,11,189790460
G-pot-aes_sse41,200032000 iteraciones; 8 checkpoints,2,12,190541106
G-pot-aes_sse41,200032000 iteraciones; 8 checkpoints,2,13,190342070
G-pot-aes_sse41,200032000 iteraciones; 8 checkpoints,2,14,190524736
G-pot-aes_sse41,200032000 iteraciones; 8 checkpoints,2,15,190090054
G-pot-aes_sse41,200032000 iteraciones; 8 checkpoints,2,16,190363929
G-pot-aes_sse41,200032000 iteraciones; 8 checkpoints,2,17,190121664
G-pot-aes_sse41,200032000 iteraciones; 8 checkpoints,2,18,189998486
G-pot-aes_sse41,200032000 iteraciones; 8 checkpoints,2,19,190339589
G-pot-aes_sse41,200032000 iteraciones; 8 checkpoints,2,20,190302920
G-pot-aes_sse41,200032000 iteraciones; 8 checkpoints,2,21,190639354
G-pot-aes_sse41,200032000 iteraciones; 8 checkpoints,2,22,190692353
G-pot-aes_sse41,200032000 iteraciones; 8 checkpoints,2,23,190280141
G-pot-aes_sse41,200032000 iteraciones; 8 checkpoints,2,24,189872358
G-pot-aes_sse41,200032000 iteraciones; 8 checkpoints,2,25,190618234
G-pot-aes_sse41,200032000 iteraciones; 8 checkpoints,2,26,190509746
G-pot-aes_sse41,200032000 iteraciones; 8 checkpoints,2,27,191269221
G-pot-aes_sse41,200032000 iteraciones; 8 checkpoints,2,28,189781660
G-pot-aes_sse41,200032000 iteraciones; 8 checkpoints,2,29,190449408
G-pot-crate-aes,200032000 iteraciones; 8 checkpoints,2,0,946950187
G-pot-crate-aes,200032000 iteraciones; 8 checkpoints,2,1,950662746
G-pot-crate-aes,200032000 iteraciones; 8 checkpoints,2,2,948145794
G-pot-crate-aes,200032000 iteraciones; 8 checkpoints,2,3,947250671
G-pot-crate-aes,200032000 iteraciones; 8 checkpoints,2,4,947487237
G-pot-crate-aes,200032000 iteraciones; 8 checkpoints,2,5,953553022
G-pot-crate-aes,200032000 iteraciones; 8 checkpoints,2,6,946592625
G-pot-crate-aes,200032000 iteraciones; 8 checkpoints,2,7,950223065
G-pot-crate-aes,200032000 iteraciones; 8 checkpoints,2,8,951267245
G-pot-crate-aes,200032000 iteraciones; 8 checkpoints,2,9,953555221
G-pot-crate-aes,200032000 iteraciones; 8 checkpoints,2,10,949002709
G-pot-crate-aes,200032000 iteraciones; 8 checkpoints,2,11,946769641
G-pot-crate-aes,200032000 iteraciones; 8 checkpoints,2,12,943059391
G-pot-crate-aes,200032000 iteraciones; 8 checkpoints,2,13,944373286
G-pot-crate-aes,200032000 iteraciones; 8 checkpoints,2,14,945304719
A,verify_solution ChiaTable K=20; piece_check_params,2,0,1222677
A,verify_solution ChiaTable K=20; piece_check_params,2,1,1191758
A,verify_solution ChiaTable K=20; piece_check_params,2,2,1193387
A,verify_solution ChiaTable K=20; piece_check_params,2,3,1192567
A,verify_solution ChiaTable K=20; piece_check_params,2,4,1227916
A,verify_solution ChiaTable K=20; piece_check_params,2,5,1190518
A,verify_solution ChiaTable K=20; piece_check_params,2,6,1188827
A,verify_solution ChiaTable K=20; piece_check_params,2,7,1190417
A,verify_solution ChiaTable K=20; piece_check_params,2,8,1222916
A,verify_solution ChiaTable K=20; piece_check_params,2,9,1192718
A,verify_solution ChiaTable K=20; piece_check_params,2,10,1190827
A,verify_solution ChiaTable K=20; piece_check_params,2,11,1192137
A,verify_solution ChiaTable K=20; piece_check_params,2,12,1191967
A,verify_solution ChiaTable K=20; piece_check_params,2,13,1222057
A,verify_solution ChiaTable K=20; piece_check_params,2,14,1193617
A,verify_solution ChiaTable K=20; piece_check_params,2,15,1191287
A,verify_solution ChiaTable K=20; piece_check_params,2,16,1190487
A,verify_solution ChiaTable K=20; piece_check_params,2,17,1226297
A,verify_solution ChiaTable K=20; piece_check_params,2,18,1195977
A,verify_solution ChiaTable K=20; piece_check_params,2,19,1194617
A,verify_solution ChiaTable K=20; piece_check_params,2,20,1192537
A,verify_solution ChiaTable K=20; piece_check_params,2,21,1192117
A,verify_solution ChiaTable K=20; piece_check_params,2,22,1219787
A,verify_solution ChiaTable K=20; piece_check_params,2,23,1188567
A,verify_solution ChiaTable K=20; piece_check_params,2,24,1189877
A,verify_solution ChiaTable K=20; piece_check_params,2,25,1189448
A,verify_solution ChiaTable K=20; piece_check_params,2,26,1222407
A,verify_solution ChiaTable K=20; piece_check_params,2,27,1187527
A,verify_solution ChiaTable K=20; piece_check_params,2,28,1189878
A,verify_solution ChiaTable K=20; piece_check_params,2,29,1191038
A,verify_solution ChiaTable K=20; piece_check_params,2,30,1190888
A,verify_solution ChiaTable K=20; piece_check_params,2,31,1223716
A,verify_solution ChiaTable K=20; piece_check_params,2,32,1181778
A,verify_solution ChiaTable K=20; piece_check_params,2,33,1187677
A,verify_solution ChiaTable K=20; piece_check_params,2,34,1196397
A,verify_solution ChiaTable K=20; piece_check_params,2,35,1227776
A,verify_solution ChiaTable K=20; piece_check_params,2,36,1194658
A,verify_solution ChiaTable K=20; piece_check_params,2,37,1192877
A,verify_solution ChiaTable K=20; piece_check_params,2,38,1191797
A,verify_solution ChiaTable K=20; piece_check_params,2,39,1194337
A,verify_solution ChiaTable K=20; piece_check_params,2,40,1296525
A,verify_solution ChiaTable K=20; piece_check_params,2,41,1193257
A,verify_solution ChiaTable K=20; piece_check_params,2,42,1421453
A,verify_solution ChiaTable K=20; piece_check_params,2,43,1692228
A,verify_solution ChiaTable K=20; piece_check_params,2,44,1612040
A,verify_solution ChiaTable K=20; piece_check_params,2,45,1341914
A,verify_solution ChiaTable K=20; piece_check_params,2,46,1213196
A,verify_solution ChiaTable K=20; piece_check_params,2,47,1231347
A,verify_solution ChiaTable K=20; piece_check_params,2,48,1199997
A,verify_solution ChiaTable K=20; piece_check_params,2,49,1202897
A,verify_solution ChiaTable K=20; piece_check_params,2,50,1198578
A,verify_solution ChiaTable K=20; piece_check_params,2,51,1196707
A,verify_solution ChiaTable K=20; piece_check_params,2,52,1228336
A,verify_solution ChiaTable K=20; piece_check_params,2,53,1194737
A,verify_solution ChiaTable K=20; piece_check_params,2,54,1194697
A,verify_solution ChiaTable K=20; piece_check_params,2,55,1197437
A,verify_solution ChiaTable K=20; piece_check_params,2,56,1226357
A,verify_solution ChiaTable K=20; piece_check_params,2,57,1193647
A,verify_solution ChiaTable K=20; piece_check_params,2,58,1190667
A,verify_solution ChiaTable K=20; piece_check_params,2,59,1191767
A,verify_solution ChiaTable K=20; piece_check_params,2,60,1227117
A,verify_solution ChiaTable K=20; piece_check_params,2,61,1194227
A,verify_solution ChiaTable K=20; piece_check_params,2,62,1193727
A,verify_solution ChiaTable K=20; piece_check_params,2,63,1192037
A,verify_solution ChiaTable K=20; piece_check_params,2,64,1191947
A,verify_solution ChiaTable K=20; piece_check_params,2,65,1224187
A,verify_solution ChiaTable K=20; piece_check_params,2,66,1191677
A,verify_solution ChiaTable K=20; piece_check_params,2,67,1191257
A,verify_solution ChiaTable K=20; piece_check_params,2,68,1192018
A,verify_solution ChiaTable K=20; piece_check_params,2,69,1223177
A,verify_solution ChiaTable K=20; piece_check_params,2,70,1192527
A,verify_solution ChiaTable K=20; piece_check_params,2,71,1191667
A,verify_solution ChiaTable K=20; piece_check_params,2,72,1188798
A,verify_solution ChiaTable K=20; piece_check_params,2,73,1188868
A,verify_solution ChiaTable K=20; piece_check_params,2,74,1222946
A,verify_solution ChiaTable K=20; piece_check_params,2,75,1193587
A,verify_solution ChiaTable K=20; piece_check_params,2,76,1190718
A,verify_solution ChiaTable K=20; piece_check_params,2,77,1190377
A,verify_solution ChiaTable K=20; piece_check_params,2,78,1222456
A,verify_solution ChiaTable K=20; piece_check_params,2,79,1190518
A,verify_solution ChiaTable K=20; piece_check_params,2,80,1190938
A,verify_solution ChiaTable K=20; piece_check_params,2,81,1189817
A,verify_solution ChiaTable K=20; piece_check_params,2,82,1188937
A,verify_solution ChiaTable K=20; piece_check_params,2,83,1220667
A,verify_solution ChiaTable K=20; piece_check_params,2,84,1188827
A,verify_solution ChiaTable K=20; piece_check_params,2,85,1190657
A,verify_solution ChiaTable K=20; piece_check_params,2,86,1188367
A,verify_solution ChiaTable K=20; piece_check_params,2,87,1218407
A,verify_solution ChiaTable K=20; piece_check_params,2,88,1192357
A,verify_solution ChiaTable K=20; piece_check_params,2,89,1192037
A,verify_solution ChiaTable K=20; piece_check_params,2,90,1192127
A,verify_solution ChiaTable K=20; piece_check_params,2,91,1221757
A,verify_solution ChiaTable K=20; piece_check_params,2,92,1190777
A,verify_solution ChiaTable K=20; piece_check_params,2,93,1190337
A,verify_solution ChiaTable K=20; piece_check_params,2,94,1189408
A,verify_solution ChiaTable K=20; piece_check_params,2,95,1190447
A,verify_solution ChiaTable K=20; piece_check_params,2,96,1222656
A,verify_solution ChiaTable K=20; piece_check_params,2,97,1189688
A,verify_solution ChiaTable K=20; piece_check_params,2,98,1189258
A,verify_solution ChiaTable K=20; piece_check_params,2,99,1194597
B-pos,PoS sola ChiaTable K=20,2,0,9069
B-pos,PoS sola ChiaTable K=20,2,1,9150
B-pos,PoS sola ChiaTable K=20,2,2,9120
B-pos,PoS sola ChiaTable K=20,2,3,9119
B-pos,PoS sola ChiaTable K=20,2,4,9120
B-pos,PoS sola ChiaTable K=20,2,5,9110
B-pos,PoS sola ChiaTable K=20,2,6,9149
B-pos,PoS sola ChiaTable K=20,2,7,9110
B-pos,PoS sola ChiaTable K=20,2,8,9110
B-pos,PoS sola ChiaTable K=20,2,9,9130
B-pos,PoS sola ChiaTable K=20,2,10,9099
B-pos,PoS sola ChiaTable K=20,2,11,9110
B-pos,PoS sola ChiaTable K=20,2,12,9060
B-pos,PoS sola ChiaTable K=20,2,13,9069
B-pos,PoS sola ChiaTable K=20,2,14,9100
B-pos,PoS sola ChiaTable K=20,2,15,9070
B-pos,PoS sola ChiaTable K=20,2,16,9060
B-pos,PoS sola ChiaTable K=20,2,17,9069
B-pos,PoS sola ChiaTable K=20,2,18,9100
B-pos,PoS sola ChiaTable K=20,2,19,9040
B-pos,PoS sola ChiaTable K=20,2,20,9070
B-pos,PoS sola ChiaTable K=20,2,21,9070
B-pos,PoS sola ChiaTable K=20,2,22,9070
B-pos,PoS sola ChiaTable K=20,2,23,39809
B-pos,PoS sola ChiaTable K=20,2,24,9080
B-pos,PoS sola ChiaTable K=20,2,25,9050
B-pos,PoS sola ChiaTable K=20,2,26,9050
B-pos,PoS sola ChiaTable K=20,2,27,9060
B-pos,PoS sola ChiaTable K=20,2,28,9070
B-pos,PoS sola ChiaTable K=20,2,29,9089
B-pos,PoS sola ChiaTable K=20,2,30,9410
B-pos,PoS sola ChiaTable K=20,2,31,9070
B-pos,PoS sola ChiaTable K=20,2,32,9099
B-pos,PoS sola ChiaTable K=20,2,33,9060
B-pos,PoS sola ChiaTable K=20,2,34,9060
B-pos,PoS sola ChiaTable K=20,2,35,9050
B-pos,PoS sola ChiaTable K=20,2,36,9009
B-pos,PoS sola ChiaTable K=20,2,37,9060
B-pos,PoS sola ChiaTable K=20,2,38,9040
B-pos,PoS sola ChiaTable K=20,2,39,9040
B-pos,PoS sola ChiaTable K=20,2,40,9040
B-pos,PoS sola ChiaTable K=20,2,41,9070
B-pos,PoS sola ChiaTable K=20,2,42,9070
B-pos,PoS sola ChiaTable K=20,2,43,9079
B-pos,PoS sola ChiaTable K=20,2,44,9060
B-pos,PoS sola ChiaTable K=20,2,45,9050
B-pos,PoS sola ChiaTable K=20,2,46,9090
B-pos,PoS sola ChiaTable K=20,2,47,9090
B-pos,PoS sola ChiaTable K=20,2,48,9050
B-pos,PoS sola ChiaTable K=20,2,49,9070
B-kzg,Kzg::verify chunk (NUM_S_BUCKETS),2,0,582459
B-kzg,Kzg::verify chunk (NUM_S_BUCKETS),2,1,581359
B-kzg,Kzg::verify chunk (NUM_S_BUCKETS),2,2,582679
B-kzg,Kzg::verify chunk (NUM_S_BUCKETS),2,3,615368
B-kzg,Kzg::verify chunk (NUM_S_BUCKETS),2,4,581429
B-kzg,Kzg::verify chunk (NUM_S_BUCKETS),2,5,581379
B-kzg,Kzg::verify chunk (NUM_S_BUCKETS),2,6,579049
B-kzg,Kzg::verify chunk (NUM_S_BUCKETS),2,7,584178
B-kzg,Kzg::verify chunk (NUM_S_BUCKETS),2,8,582229
B-kzg,Kzg::verify chunk (NUM_S_BUCKETS),2,9,585699
B-kzg,Kzg::verify chunk (NUM_S_BUCKETS),2,10,584549
B-kzg,Kzg::verify chunk (NUM_S_BUCKETS),2,11,583569
B-kzg,Kzg::verify chunk (NUM_S_BUCKETS),2,12,616609
B-kzg,Kzg::verify chunk (NUM_S_BUCKETS),2,13,583748
B-kzg,Kzg::verify chunk (NUM_S_BUCKETS),2,14,584969
B-kzg,Kzg::verify chunk (NUM_S_BUCKETS),2,15,584109
B-kzg,Kzg::verify chunk (NUM_S_BUCKETS),2,16,582329
B-kzg,Kzg::verify chunk (NUM_S_BUCKETS),2,17,583738
B-kzg,Kzg::verify chunk (NUM_S_BUCKETS),2,18,582259
B-kzg,Kzg::verify chunk (NUM_S_BUCKETS),2,19,583269
B-kzg,Kzg::verify chunk (NUM_S_BUCKETS),2,20,583779
B-kzg,Kzg::verify chunk (NUM_S_BUCKETS),2,21,612398
B-kzg,Kzg::verify chunk (NUM_S_BUCKETS),2,22,583409
B-kzg,Kzg::verify chunk (NUM_S_BUCKETS),2,23,581929
B-kzg,Kzg::verify chunk (NUM_S_BUCKETS),2,24,584549
B-kzg,Kzg::verify chunk (NUM_S_BUCKETS),2,25,583229
B-kzg,Kzg::verify chunk (NUM_S_BUCKETS),2,26,581329
B-kzg,Kzg::verify chunk (NUM_S_BUCKETS),2,27,584058
B-kzg,Kzg::verify chunk (NUM_S_BUCKETS),2,28,581629
B-kzg,Kzg::verify chunk (NUM_S_BUCKETS),2,29,583769
B-kzg,Kzg::verify chunk (NUM_S_BUCKETS),2,30,615898
B-kzg,Kzg::verify chunk (NUM_S_BUCKETS),2,31,598319
B-kzg,Kzg::verify chunk (NUM_S_BUCKETS),2,32,583949
B-kzg,Kzg::verify chunk (NUM_S_BUCKETS),2,33,581529
B-kzg,Kzg::verify chunk (NUM_S_BUCKETS),2,34,582299
B-kzg,Kzg::verify chunk (NUM_S_BUCKETS),2,35,581099
B-kzg,Kzg::verify chunk (NUM_S_BUCKETS),2,36,585318
B-kzg,Kzg::verify chunk (NUM_S_BUCKETS),2,37,586029
B-kzg,Kzg::verify chunk (NUM_S_BUCKETS),2,38,583699
B-kzg,Kzg::verify chunk (NUM_S_BUCKETS),2,39,616468
B-kzg,Kzg::verify chunk (NUM_S_BUCKETS),2,40,582879
B-kzg,Kzg::verify chunk (NUM_S_BUCKETS),2,41,584289
B-kzg,Kzg::verify chunk (NUM_S_BUCKETS),2,42,583689
B-kzg,Kzg::verify chunk (NUM_S_BUCKETS),2,43,582379
B-kzg,Kzg::verify chunk (NUM_S_BUCKETS),2,44,583979
B-kzg,Kzg::verify chunk (NUM_S_BUCKETS),2,45,581778
B-kzg,Kzg::verify chunk (NUM_S_BUCKETS),2,46,584169
B-kzg,Kzg::verify chunk (NUM_S_BUCKETS),2,47,584399
B-kzg,Kzg::verify chunk (NUM_S_BUCKETS),2,48,614118
B-kzg,Kzg::verify chunk (NUM_S_BUCKETS),2,49,586289
B-kzg-hist,Kzg::verify parametros del banco historico (RawRecord::NUM_CHUNKS, indice 0),2,0,585859
B-kzg-hist,Kzg::verify parametros del banco historico (RawRecord::NUM_CHUNKS, indice 0),2,1,614639
B-kzg-hist,Kzg::verify parametros del banco historico (RawRecord::NUM_CHUNKS, indice 0),2,2,585178
B-kzg-hist,Kzg::verify parametros del banco historico (RawRecord::NUM_CHUNKS, indice 0),2,3,582689
B-kzg-hist,Kzg::verify parametros del banco historico (RawRecord::NUM_CHUNKS, indice 0),2,4,583999
B-kzg-hist,Kzg::verify parametros del banco historico (RawRecord::NUM_CHUNKS, indice 0),2,5,584239
B-kzg-hist,Kzg::verify parametros del banco historico (RawRecord::NUM_CHUNKS, indice 0),2,6,582428
B-kzg-hist,Kzg::verify parametros del banco historico (RawRecord::NUM_CHUNKS, indice 0),2,7,584889
B-kzg-hist,Kzg::verify parametros del banco historico (RawRecord::NUM_CHUNKS, indice 0),2,8,583439
B-kzg-hist,Kzg::verify parametros del banco historico (RawRecord::NUM_CHUNKS, indice 0),2,9,584449
B-kzg-hist,Kzg::verify parametros del banco historico (RawRecord::NUM_CHUNKS, indice 0),2,10,616189
B-kzg-hist,Kzg::verify parametros del banco historico (RawRecord::NUM_CHUNKS, indice 0),2,11,583899
B-kzg-hist,Kzg::verify parametros del banco historico (RawRecord::NUM_CHUNKS, indice 0),2,12,584869
B-kzg-hist,Kzg::verify parametros del banco historico (RawRecord::NUM_CHUNKS, indice 0),2,13,582089
B-kzg-hist,Kzg::verify parametros del banco historico (RawRecord::NUM_CHUNKS, indice 0),2,14,583429
B-kzg-hist,Kzg::verify parametros del banco historico (RawRecord::NUM_CHUNKS, indice 0),2,15,583369
B-kzg-hist,Kzg::verify parametros del banco historico (RawRecord::NUM_CHUNKS, indice 0),2,16,582099
B-kzg-hist,Kzg::verify parametros del banco historico (RawRecord::NUM_CHUNKS, indice 0),2,17,585909
B-kzg-hist,Kzg::verify parametros del banco historico (RawRecord::NUM_CHUNKS, indice 0),2,18,583409
B-kzg-hist,Kzg::verify parametros del banco historico (RawRecord::NUM_CHUNKS, indice 0),2,19,614678
B-kzg-hist,Kzg::verify parametros del banco historico (RawRecord::NUM_CHUNKS, indice 0),2,20,583659
B-kzg-hist,Kzg::verify parametros del banco historico (RawRecord::NUM_CHUNKS, indice 0),2,21,583658
B-kzg-hist,Kzg::verify parametros del banco historico (RawRecord::NUM_CHUNKS, indice 0),2,22,584939
B-kzg-hist,Kzg::verify parametros del banco historico (RawRecord::NUM_CHUNKS, indice 0),2,23,583869
B-kzg-hist,Kzg::verify parametros del banco historico (RawRecord::NUM_CHUNKS, indice 0),2,24,585339
B-kzg-hist,Kzg::verify parametros del banco historico (RawRecord::NUM_CHUNKS, indice 0),2,25,585649
B-kzg-hist,Kzg::verify parametros del banco historico (RawRecord::NUM_CHUNKS, indice 0),2,26,583399
B-kzg-hist,Kzg::verify parametros del banco historico (RawRecord::NUM_CHUNKS, indice 0),2,27,584539
B-kzg-hist,Kzg::verify parametros del banco historico (RawRecord::NUM_CHUNKS, indice 0),2,28,615308
B-kzg-hist,Kzg::verify parametros del banco historico (RawRecord::NUM_CHUNKS, indice 0),2,29,584979
B-kzg-hist,Kzg::verify parametros del banco historico (RawRecord::NUM_CHUNKS, indice 0),2,30,584499
B-kzg-hist,Kzg::verify parametros del banco historico (RawRecord::NUM_CHUNKS, indice 0),2,31,582889
B-kzg-hist,Kzg::verify parametros del banco historico (RawRecord::NUM_CHUNKS, indice 0),2,32,584339
B-kzg-hist,Kzg::verify parametros del banco historico (RawRecord::NUM_CHUNKS, indice 0),2,33,582849
B-kzg-hist,Kzg::verify parametros del banco historico (RawRecord::NUM_CHUNKS, indice 0),2,34,584469
B-kzg-hist,Kzg::verify parametros del banco historico (RawRecord::NUM_CHUNKS, indice 0),2,35,583189
B-kzg-hist,Kzg::verify parametros del banco historico (RawRecord::NUM_CHUNKS, indice 0),2,36,585769
B-kzg-hist,Kzg::verify parametros del banco historico (RawRecord::NUM_CHUNKS, indice 0),2,37,614848
B-kzg-hist,Kzg::verify parametros del banco historico (RawRecord::NUM_CHUNKS, indice 0),2,38,582349
B-kzg-hist,Kzg::verify parametros del banco historico (RawRecord::NUM_CHUNKS, indice 0),2,39,584038
B-kzg-hist,Kzg::verify parametros del banco historico (RawRecord::NUM_CHUNKS, indice 0),2,40,582479
B-kzg-hist,Kzg::verify parametros del banco historico (RawRecord::NUM_CHUNKS, indice 0),2,41,585799
B-kzg-hist,Kzg::verify parametros del banco historico (RawRecord::NUM_CHUNKS, indice 0),2,42,582409
B-kzg-hist,Kzg::verify parametros del banco historico (RawRecord::NUM_CHUNKS, indice 0),2,43,579669
B-kzg-hist,Kzg::verify parametros del banco historico (RawRecord::NUM_CHUNKS, indice 0),2,44,584808
B-kzg-hist,Kzg::verify parametros del banco historico (RawRecord::NUM_CHUNKS, indice 0),2,45,583649
B-kzg-hist,Kzg::verify parametros del banco historico (RawRecord::NUM_CHUNKS, indice 0),2,46,617828
B-kzg-hist,Kzg::verify parametros del banco historico (RawRecord::NUM_CHUNKS, indice 0),2,47,585409
B-kzg-hist,Kzg::verify parametros del banco historico (RawRecord::NUM_CHUNKS, indice 0),2,48,583739
B-kzg-hist,Kzg::verify parametros del banco historico (RawRecord::NUM_CHUNKS, indice 0),2,49,585318
C,sello Ed25519 ZIP-215 sobre 492 B,2,0,15340
C,sello Ed25519 ZIP-215 sobre 492 B,2,1,15339
C,sello Ed25519 ZIP-215 sobre 492 B,2,2,15320
C,sello Ed25519 ZIP-215 sobre 492 B,2,3,15320
C,sello Ed25519 ZIP-215 sobre 492 B,2,4,15350
C,sello Ed25519 ZIP-215 sobre 492 B,2,5,15320
C,sello Ed25519 ZIP-215 sobre 492 B,2,6,15319
C,sello Ed25519 ZIP-215 sobre 492 B,2,7,15300
C,sello Ed25519 ZIP-215 sobre 492 B,2,8,15329
C,sello Ed25519 ZIP-215 sobre 492 B,2,9,15340
C,sello Ed25519 ZIP-215 sobre 492 B,2,10,15320
C,sello Ed25519 ZIP-215 sobre 492 B,2,11,15339
C,sello Ed25519 ZIP-215 sobre 492 B,2,12,15330
C,sello Ed25519 ZIP-215 sobre 492 B,2,13,15319
C,sello Ed25519 ZIP-215 sobre 492 B,2,14,15350
C,sello Ed25519 ZIP-215 sobre 492 B,2,15,15320
C,sello Ed25519 ZIP-215 sobre 492 B,2,16,15329
C,sello Ed25519 ZIP-215 sobre 492 B,2,17,15340
C,sello Ed25519 ZIP-215 sobre 492 B,2,18,15309
C,sello Ed25519 ZIP-215 sobre 492 B,2,19,15300
C,sello Ed25519 ZIP-215 sobre 492 B,2,20,15310
C,sello Ed25519 ZIP-215 sobre 492 B,2,21,15319
C,sello Ed25519 ZIP-215 sobre 492 B,2,22,15330
C,sello Ed25519 ZIP-215 sobre 492 B,2,23,15319
C,sello Ed25519 ZIP-215 sobre 492 B,2,24,15320
C,sello Ed25519 ZIP-215 sobre 492 B,2,25,15330
C,sello Ed25519 ZIP-215 sobre 492 B,2,26,15329
C,sello Ed25519 ZIP-215 sobre 492 B,2,27,15300
C,sello Ed25519 ZIP-215 sobre 492 B,2,28,15299
C,sello Ed25519 ZIP-215 sobre 492 B,2,29,15310
C,sello Ed25519 ZIP-215 sobre 492 B,2,30,15340
C,sello Ed25519 ZIP-215 sobre 492 B,2,31,15329
C,sello Ed25519 ZIP-215 sobre 492 B,2,32,15350
C,sello Ed25519 ZIP-215 sobre 492 B,2,33,15299
C,sello Ed25519 ZIP-215 sobre 492 B,2,34,15230
C,sello Ed25519 ZIP-215 sobre 492 B,2,35,15170
C,sello Ed25519 ZIP-215 sobre 492 B,2,36,15209
C,sello Ed25519 ZIP-215 sobre 492 B,2,37,15210
C,sello Ed25519 ZIP-215 sobre 492 B,2,38,15219
C,sello Ed25519 ZIP-215 sobre 492 B,2,39,15180
C,sello Ed25519 ZIP-215 sobre 492 B,2,40,15190
C,sello Ed25519 ZIP-215 sobre 492 B,2,41,15189
C,sello Ed25519 ZIP-215 sobre 492 B,2,42,15190
C,sello Ed25519 ZIP-215 sobre 492 B,2,43,16279
C,sello Ed25519 ZIP-215 sobre 492 B,2,44,15240
C,sello Ed25519 ZIP-215 sobre 492 B,2,45,15170
C,sello Ed25519 ZIP-215 sobre 492 B,2,46,15210
C,sello Ed25519 ZIP-215 sobre 492 B,2,47,15170
C,sello Ed25519 ZIP-215 sobre 492 B,2,48,15209
C,sello Ed25519 ZIP-215 sobre 492 B,2,49,15190
C,sello Ed25519 ZIP-215 sobre 492 B,2,50,15190
C,sello Ed25519 ZIP-215 sobre 492 B,2,51,15180
C,sello Ed25519 ZIP-215 sobre 492 B,2,52,15190
C,sello Ed25519 ZIP-215 sobre 492 B,2,53,15219
C,sello Ed25519 ZIP-215 sobre 492 B,2,54,15200
C,sello Ed25519 ZIP-215 sobre 492 B,2,55,15160
C,sello Ed25519 ZIP-215 sobre 492 B,2,56,15180
C,sello Ed25519 ZIP-215 sobre 492 B,2,57,15210
C,sello Ed25519 ZIP-215 sobre 492 B,2,58,15169
C,sello Ed25519 ZIP-215 sobre 492 B,2,59,15180
C,sello Ed25519 ZIP-215 sobre 492 B,2,60,15210
C,sello Ed25519 ZIP-215 sobre 492 B,2,61,15210
C,sello Ed25519 ZIP-215 sobre 492 B,2,62,15220
C,sello Ed25519 ZIP-215 sobre 492 B,2,63,15189
C,sello Ed25519 ZIP-215 sobre 492 B,2,64,15180
C,sello Ed25519 ZIP-215 sobre 492 B,2,65,15180
C,sello Ed25519 ZIP-215 sobre 492 B,2,66,15210
C,sello Ed25519 ZIP-215 sobre 492 B,2,67,15200
C,sello Ed25519 ZIP-215 sobre 492 B,2,68,15199
C,sello Ed25519 ZIP-215 sobre 492 B,2,69,15200
C,sello Ed25519 ZIP-215 sobre 492 B,2,70,15200
C,sello Ed25519 ZIP-215 sobre 492 B,2,71,15190
C,sello Ed25519 ZIP-215 sobre 492 B,2,72,15190
C,sello Ed25519 ZIP-215 sobre 492 B,2,73,15209
C,sello Ed25519 ZIP-215 sobre 492 B,2,74,15190
C,sello Ed25519 ZIP-215 sobre 492 B,2,75,15190
C,sello Ed25519 ZIP-215 sobre 492 B,2,76,15190
C,sello Ed25519 ZIP-215 sobre 492 B,2,77,15190
C,sello Ed25519 ZIP-215 sobre 492 B,2,78,15209
C,sello Ed25519 ZIP-215 sobre 492 B,2,79,15200
C,sello Ed25519 ZIP-215 sobre 492 B,2,80,15200
C,sello Ed25519 ZIP-215 sobre 492 B,2,81,15150
C,sello Ed25519 ZIP-215 sobre 492 B,2,82,15160
C,sello Ed25519 ZIP-215 sobre 492 B,2,83,15129
C,sello Ed25519 ZIP-215 sobre 492 B,2,84,15120
C,sello Ed25519 ZIP-215 sobre 492 B,2,85,15120
C,sello Ed25519 ZIP-215 sobre 492 B,2,86,15129
C,sello Ed25519 ZIP-215 sobre 492 B,2,87,15110
C,sello Ed25519 ZIP-215 sobre 492 B,2,88,15139
C,sello Ed25519 ZIP-215 sobre 492 B,2,89,15150
C,sello Ed25519 ZIP-215 sobre 492 B,2,90,15510
C,sello Ed25519 ZIP-215 sobre 492 B,2,91,15120
C,sello Ed25519 ZIP-215 sobre 492 B,2,92,15120
C,sello Ed25519 ZIP-215 sobre 492 B,2,93,15109
C,sello Ed25519 ZIP-215 sobre 492 B,2,94,15110
C,sello Ed25519 ZIP-215 sobre 492 B,2,95,15100
C,sello Ed25519 ZIP-215 sobre 492 B,2,96,15130
C,sello Ed25519 ZIP-215 sobre 492 B,2,97,15140
C,sello Ed25519 ZIP-215 sobre 492 B,2,98,15129
C,sello Ed25519 ZIP-215 sobre 492 B,2,99,15140
D-92,block_hash cabecera 92 B (x100; dividido),2,0,212
D-92,block_hash cabecera 92 B (x100; dividido),2,1,213
D-92,block_hash cabecera 92 B (x100; dividido),2,2,213
D-92,block_hash cabecera 92 B (x100; dividido),2,3,213
D-92,block_hash cabecera 92 B (x100; dividido),2,4,212
D-92,block_hash cabecera 92 B (x100; dividido),2,5,213
D-92,block_hash cabecera 92 B (x100; dividido),2,6,213
D-92,block_hash cabecera 92 B (x100; dividido),2,7,212
D-92,block_hash cabecera 92 B (x100; dividido),2,8,213
D-92,block_hash cabecera 92 B (x100; dividido),2,9,212
D-92,block_hash cabecera 92 B (x100; dividido),2,10,212
D-92,block_hash cabecera 92 B (x100; dividido),2,11,213
D-92,block_hash cabecera 92 B (x100; dividido),2,12,212
D-92,block_hash cabecera 92 B (x100; dividido),2,13,212
D-92,block_hash cabecera 92 B (x100; dividido),2,14,213
D-92,block_hash cabecera 92 B (x100; dividido),2,15,214
D-92,block_hash cabecera 92 B (x100; dividido),2,16,214
D-92,block_hash cabecera 92 B (x100; dividido),2,17,214
D-92,block_hash cabecera 92 B (x100; dividido),2,18,214
D-92,block_hash cabecera 92 B (x100; dividido),2,19,214
D-92,block_hash cabecera 92 B (x100; dividido),2,20,214
D-92,block_hash cabecera 92 B (x100; dividido),2,21,214
D-92,block_hash cabecera 92 B (x100; dividido),2,22,214
D-92,block_hash cabecera 92 B (x100; dividido),2,23,214
D-92,block_hash cabecera 92 B (x100; dividido),2,24,214
D-92,block_hash cabecera 92 B (x100; dividido),2,25,217
D-92,block_hash cabecera 92 B (x100; dividido),2,26,214
D-92,block_hash cabecera 92 B (x100; dividido),2,27,214
D-92,block_hash cabecera 92 B (x100; dividido),2,28,214
D-92,block_hash cabecera 92 B (x100; dividido),2,29,214
D-92,block_hash cabecera 92 B (x100; dividido),2,30,214
D-92,block_hash cabecera 92 B (x100; dividido),2,31,214
D-92,block_hash cabecera 92 B (x100; dividido),2,32,214
D-92,block_hash cabecera 92 B (x100; dividido),2,33,214
D-92,block_hash cabecera 92 B (x100; dividido),2,34,214
D-92,block_hash cabecera 92 B (x100; dividido),2,35,214
D-92,block_hash cabecera 92 B (x100; dividido),2,36,214
D-92,block_hash cabecera 92 B (x100; dividido),2,37,214
D-92,block_hash cabecera 92 B (x100; dividido),2,38,214
D-92,block_hash cabecera 92 B (x100; dividido),2,39,214
D-92,block_hash cabecera 92 B (x100; dividido),2,40,214
D-92,block_hash cabecera 92 B (x100; dividido),2,41,214
D-92,block_hash cabecera 92 B (x100; dividido),2,42,213
D-92,block_hash cabecera 92 B (x100; dividido),2,43,214
D-92,block_hash cabecera 92 B (x100; dividido),2,44,214
D-92,block_hash cabecera 92 B (x100; dividido),2,45,214
D-92,block_hash cabecera 92 B (x100; dividido),2,46,214
D-92,block_hash cabecera 92 B (x100; dividido),2,47,214
D-92,block_hash cabecera 92 B (x100; dividido),2,48,214
D-92,block_hash cabecera 92 B (x100; dividido),2,49,214
D-92,block_hash cabecera 92 B (x100; dividido),2,50,215
D-92,block_hash cabecera 92 B (x100; dividido),2,51,216
D-92,block_hash cabecera 92 B (x100; dividido),2,52,215
D-92,block_hash cabecera 92 B (x100; dividido),2,53,216
D-92,block_hash cabecera 92 B (x100; dividido),2,54,216
D-92,block_hash cabecera 92 B (x100; dividido),2,55,215
D-92,block_hash cabecera 92 B (x100; dividido),2,56,215
D-92,block_hash cabecera 92 B (x100; dividido),2,57,216
D-92,block_hash cabecera 92 B (x100; dividido),2,58,215
D-92,block_hash cabecera 92 B (x100; dividido),2,59,215
D-92,block_hash cabecera 92 B (x100; dividido),2,60,215
D-92,block_hash cabecera 92 B (x100; dividido),2,61,215
D-92,block_hash cabecera 92 B (x100; dividido),2,62,239
D-92,block_hash cabecera 92 B (x100; dividido),2,63,216
D-92,block_hash cabecera 92 B (x100; dividido),2,64,215
D-92,block_hash cabecera 92 B (x100; dividido),2,65,215
D-92,block_hash cabecera 92 B (x100; dividido),2,66,215
D-92,block_hash cabecera 92 B (x100; dividido),2,67,215
D-92,block_hash cabecera 92 B (x100; dividido),2,68,215
D-92,block_hash cabecera 92 B (x100; dividido),2,69,215
D-92,block_hash cabecera 92 B (x100; dividido),2,70,215
D-92,block_hash cabecera 92 B (x100; dividido),2,71,215
D-92,block_hash cabecera 92 B (x100; dividido),2,72,215
D-92,block_hash cabecera 92 B (x100; dividido),2,73,215
D-92,block_hash cabecera 92 B (x100; dividido),2,74,215
D-92,block_hash cabecera 92 B (x100; dividido),2,75,215
D-92,block_hash cabecera 92 B (x100; dividido),2,76,215
D-92,block_hash cabecera 92 B (x100; dividido),2,77,215
D-92,block_hash cabecera 92 B (x100; dividido),2,78,215
D-92,block_hash cabecera 92 B (x100; dividido),2,79,215
D-92,block_hash cabecera 92 B (x100; dividido),2,80,215
D-92,block_hash cabecera 92 B (x100; dividido),2,81,215
D-92,block_hash cabecera 92 B (x100; dividido),2,82,215
D-92,block_hash cabecera 92 B (x100; dividido),2,83,216
D-92,block_hash cabecera 92 B (x100; dividido),2,84,215
D-92,block_hash cabecera 92 B (x100; dividido),2,85,215
D-92,block_hash cabecera 92 B (x100; dividido),2,86,215
D-92,block_hash cabecera 92 B (x100; dividido),2,87,216
D-92,block_hash cabecera 92 B (x100; dividido),2,88,216
D-92,block_hash cabecera 92 B (x100; dividido),2,89,216
D-92,block_hash cabecera 92 B (x100; dividido),2,90,217
D-92,block_hash cabecera 92 B (x100; dividido),2,91,217
D-92,block_hash cabecera 92 B (x100; dividido),2,92,216
D-92,block_hash cabecera 92 B (x100; dividido),2,93,216
D-92,block_hash cabecera 92 B (x100; dividido),2,94,216
D-92,block_hash cabecera 92 B (x100; dividido),2,95,216
D-92,block_hash cabecera 92 B (x100; dividido),2,96,216
D-92,block_hash cabecera 92 B (x100; dividido),2,97,216
D-92,block_hash cabecera 92 B (x100; dividido),2,98,259
D-92,block_hash cabecera 92 B (x100; dividido),2,99,217
D-92,block_hash cabecera 92 B (x100; dividido),2,100,216
D-92,block_hash cabecera 92 B (x100; dividido),2,101,216
D-92,block_hash cabecera 92 B (x100; dividido),2,102,216
D-92,block_hash cabecera 92 B (x100; dividido),2,103,216
D-92,block_hash cabecera 92 B (x100; dividido),2,104,216
D-92,block_hash cabecera 92 B (x100; dividido),2,105,216
D-92,block_hash cabecera 92 B (x100; dividido),2,106,216
D-92,block_hash cabecera 92 B (x100; dividido),2,107,216
D-92,block_hash cabecera 92 B (x100; dividido),2,108,216
D-92,block_hash cabecera 92 B (x100; dividido),2,109,216
D-92,block_hash cabecera 92 B (x100; dividido),2,110,216
D-92,block_hash cabecera 92 B (x100; dividido),2,111,216
D-92,block_hash cabecera 92 B (x100; dividido),2,112,217
D-92,block_hash cabecera 92 B (x100; dividido),2,113,216
D-92,block_hash cabecera 92 B (x100; dividido),2,114,216
D-92,block_hash cabecera 92 B (x100; dividido),2,115,216
D-92,block_hash cabecera 92 B (x100; dividido),2,116,216
D-92,block_hash cabecera 92 B (x100; dividido),2,117,216
D-92,block_hash cabecera 92 B (x100; dividido),2,118,216
D-92,block_hash cabecera 92 B (x100; dividido),2,119,217
D-92,block_hash cabecera 92 B (x100; dividido),2,120,217
D-92,block_hash cabecera 92 B (x100; dividido),2,121,217
D-92,block_hash cabecera 92 B (x100; dividido),2,122,216
D-92,block_hash cabecera 92 B (x100; dividido),2,123,217
D-92,block_hash cabecera 92 B (x100; dividido),2,124,217
D-92,block_hash cabecera 92 B (x100; dividido),2,125,217
D-92,block_hash cabecera 92 B (x100; dividido),2,126,217
D-92,block_hash cabecera 92 B (x100; dividido),2,127,217
D-92,block_hash cabecera 92 B (x100; dividido),2,128,217
D-92,block_hash cabecera 92 B (x100; dividido),2,129,217
D-92,block_hash cabecera 92 B (x100; dividido),2,130,216
D-92,block_hash cabecera 92 B (x100; dividido),2,131,217
D-92,block_hash cabecera 92 B (x100; dividido),2,132,217
D-92,block_hash cabecera 92 B (x100; dividido),2,133,216
D-92,block_hash cabecera 92 B (x100; dividido),2,134,234
D-92,block_hash cabecera 92 B (x100; dividido),2,135,217
D-92,block_hash cabecera 92 B (x100; dividido),2,136,217
D-92,block_hash cabecera 92 B (x100; dividido),2,137,217
D-92,block_hash cabecera 92 B (x100; dividido),2,138,217
D-92,block_hash cabecera 92 B (x100; dividido),2,139,217
D-92,block_hash cabecera 92 B (x100; dividido),2,140,217
D-92,block_hash cabecera 92 B (x100; dividido),2,141,217
D-92,block_hash cabecera 92 B (x100; dividido),2,142,217
D-92,block_hash cabecera 92 B (x100; dividido),2,143,217
D-92,block_hash cabecera 92 B (x100; dividido),2,144,217
D-92,block_hash cabecera 92 B (x100; dividido),2,145,217
D-92,block_hash cabecera 92 B (x100; dividido),2,146,217
D-92,block_hash cabecera 92 B (x100; dividido),2,147,217
D-92,block_hash cabecera 92 B (x100; dividido),2,148,216
D-92,block_hash cabecera 92 B (x100; dividido),2,149,217
D-92,block_hash cabecera 92 B (x100; dividido),2,150,216
D-92,block_hash cabecera 92 B (x100; dividido),2,151,217
D-92,block_hash cabecera 92 B (x100; dividido),2,152,217
D-92,block_hash cabecera 92 B (x100; dividido),2,153,217
D-92,block_hash cabecera 92 B (x100; dividido),2,154,217
D-92,block_hash cabecera 92 B (x100; dividido),2,155,217
D-92,block_hash cabecera 92 B (x100; dividido),2,156,217
D-92,block_hash cabecera 92 B (x100; dividido),2,157,217
D-92,block_hash cabecera 92 B (x100; dividido),2,158,217
D-92,block_hash cabecera 92 B (x100; dividido),2,159,217
D-92,block_hash cabecera 92 B (x100; dividido),2,160,217
D-92,block_hash cabecera 92 B (x100; dividido),2,161,217
D-92,block_hash cabecera 92 B (x100; dividido),2,162,217
D-92,block_hash cabecera 92 B (x100; dividido),2,163,217
D-92,block_hash cabecera 92 B (x100; dividido),2,164,216
D-92,block_hash cabecera 92 B (x100; dividido),2,165,216
D-92,block_hash cabecera 92 B (x100; dividido),2,166,527
D-92,block_hash cabecera 92 B (x100; dividido),2,167,216
D-92,block_hash cabecera 92 B (x100; dividido),2,168,216
D-92,block_hash cabecera 92 B (x100; dividido),2,169,228
D-92,block_hash cabecera 92 B (x100; dividido),2,170,216
D-92,block_hash cabecera 92 B (x100; dividido),2,171,217
D-92,block_hash cabecera 92 B (x100; dividido),2,172,217
D-92,block_hash cabecera 92 B (x100; dividido),2,173,217
D-92,block_hash cabecera 92 B (x100; dividido),2,174,217
D-92,block_hash cabecera 92 B (x100; dividido),2,175,217
D-92,block_hash cabecera 92 B (x100; dividido),2,176,216
D-92,block_hash cabecera 92 B (x100; dividido),2,177,216
D-92,block_hash cabecera 92 B (x100; dividido),2,178,217
D-92,block_hash cabecera 92 B (x100; dividido),2,179,216
D-92,block_hash cabecera 92 B (x100; dividido),2,180,217
D-92,block_hash cabecera 92 B (x100; dividido),2,181,217
D-92,block_hash cabecera 92 B (x100; dividido),2,182,216
D-92,block_hash cabecera 92 B (x100; dividido),2,183,217
D-92,block_hash cabecera 92 B (x100; dividido),2,184,216
D-92,block_hash cabecera 92 B (x100; dividido),2,185,216
D-92,block_hash cabecera 92 B (x100; dividido),2,186,217
D-92,block_hash cabecera 92 B (x100; dividido),2,187,217
D-92,block_hash cabecera 92 B (x100; dividido),2,188,217
D-92,block_hash cabecera 92 B (x100; dividido),2,189,216
D-92,block_hash cabecera 92 B (x100; dividido),2,190,216
D-92,block_hash cabecera 92 B (x100; dividido),2,191,216
D-92,block_hash cabecera 92 B (x100; dividido),2,192,216
D-92,block_hash cabecera 92 B (x100; dividido),2,193,216
D-92,block_hash cabecera 92 B (x100; dividido),2,194,216
D-92,block_hash cabecera 92 B (x100; dividido),2,195,216
D-92,block_hash cabecera 92 B (x100; dividido),2,196,216
D-92,block_hash cabecera 92 B (x100; dividido),2,197,216
D-92,block_hash cabecera 92 B (x100; dividido),2,198,216
D-92,block_hash cabecera 92 B (x100; dividido),2,199,216
D-92,block_hash cabecera 92 B (x100; dividido),2,200,216
D-92,block_hash cabecera 92 B (x100; dividido),2,201,216
D-92,block_hash cabecera 92 B (x100; dividido),2,202,216
D-92,block_hash cabecera 92 B (x100; dividido),2,203,216
D-92,block_hash cabecera 92 B (x100; dividido),2,204,216
D-92,block_hash cabecera 92 B (x100; dividido),2,205,220
D-92,block_hash cabecera 92 B (x100; dividido),2,206,216
D-92,block_hash cabecera 92 B (x100; dividido),2,207,217
D-92,block_hash cabecera 92 B (x100; dividido),2,208,216
D-92,block_hash cabecera 92 B (x100; dividido),2,209,217
D-92,block_hash cabecera 92 B (x100; dividido),2,210,216
D-92,block_hash cabecera 92 B (x100; dividido),2,211,216
D-92,block_hash cabecera 92 B (x100; dividido),2,212,216
D-92,block_hash cabecera 92 B (x100; dividido),2,213,216
D-92,block_hash cabecera 92 B (x100; dividido),2,214,216
D-92,block_hash cabecera 92 B (x100; dividido),2,215,216
D-92,block_hash cabecera 92 B (x100; dividido),2,216,216
D-92,block_hash cabecera 92 B (x100; dividido),2,217,216
D-92,block_hash cabecera 92 B (x100; dividido),2,218,216
D-92,block_hash cabecera 92 B (x100; dividido),2,219,216
D-92,block_hash cabecera 92 B (x100; dividido),2,220,216
D-92,block_hash cabecera 92 B (x100; dividido),2,221,216
D-92,block_hash cabecera 92 B (x100; dividido),2,222,216
D-92,block_hash cabecera 92 B (x100; dividido),2,223,217
D-92,block_hash cabecera 92 B (x100; dividido),2,224,216
D-92,block_hash cabecera 92 B (x100; dividido),2,225,216
D-92,block_hash cabecera 92 B (x100; dividido),2,226,216
D-92,block_hash cabecera 92 B (x100; dividido),2,227,216
D-92,block_hash cabecera 92 B (x100; dividido),2,228,216
D-92,block_hash cabecera 92 B (x100; dividido),2,229,216
D-92,block_hash cabecera 92 B (x100; dividido),2,230,217
D-92,block_hash cabecera 92 B (x100; dividido),2,231,216
D-92,block_hash cabecera 92 B (x100; dividido),2,232,216
D-92,block_hash cabecera 92 B (x100; dividido),2,233,216
D-92,block_hash cabecera 92 B (x100; dividido),2,234,216
D-92,block_hash cabecera 92 B (x100; dividido),2,235,216
D-92,block_hash cabecera 92 B (x100; dividido),2,236,216
D-92,block_hash cabecera 92 B (x100; dividido),2,237,216
D-92,block_hash cabecera 92 B (x100; dividido),2,238,216
D-92,block_hash cabecera 92 B (x100; dividido),2,239,216
D-92,block_hash cabecera 92 B (x100; dividido),2,240,216
D-92,block_hash cabecera 92 B (x100; dividido),2,241,220
D-92,block_hash cabecera 92 B (x100; dividido),2,242,249
D-92,block_hash cabecera 92 B (x100; dividido),2,243,216
D-92,block_hash cabecera 92 B (x100; dividido),2,244,216
D-92,block_hash cabecera 92 B (x100; dividido),2,245,216
D-92,block_hash cabecera 92 B (x100; dividido),2,246,216
D-92,block_hash cabecera 92 B (x100; dividido),2,247,216
D-92,block_hash cabecera 92 B (x100; dividido),2,248,216
D-92,block_hash cabecera 92 B (x100; dividido),2,249,216
D-92,block_hash cabecera 92 B (x100; dividido),2,250,217
D-92,block_hash cabecera 92 B (x100; dividido),2,251,216
D-92,block_hash cabecera 92 B (x100; dividido),2,252,216
D-92,block_hash cabecera 92 B (x100; dividido),2,253,217
D-92,block_hash cabecera 92 B (x100; dividido),2,254,216
D-92,block_hash cabecera 92 B (x100; dividido),2,255,216
D-92,block_hash cabecera 92 B (x100; dividido),2,256,216
D-92,block_hash cabecera 92 B (x100; dividido),2,257,217
D-92,block_hash cabecera 92 B (x100; dividido),2,258,217
D-92,block_hash cabecera 92 B (x100; dividido),2,259,216
D-92,block_hash cabecera 92 B (x100; dividido),2,260,217
D-92,block_hash cabecera 92 B (x100; dividido),2,261,216
D-92,block_hash cabecera 92 B (x100; dividido),2,262,216
D-92,block_hash cabecera 92 B (x100; dividido),2,263,216
D-92,block_hash cabecera 92 B (x100; dividido),2,264,217
D-92,block_hash cabecera 92 B (x100; dividido),2,265,216
D-92,block_hash cabecera 92 B (x100; dividido),2,266,216
D-92,block_hash cabecera 92 B (x100; dividido),2,267,215
D-92,block_hash cabecera 92 B (x100; dividido),2,268,215
D-92,block_hash cabecera 92 B (x100; dividido),2,269,216
D-92,block_hash cabecera 92 B (x100; dividido),2,270,216
D-92,block_hash cabecera 92 B (x100; dividido),2,271,216
D-92,block_hash cabecera 92 B (x100; dividido),2,272,216
D-92,block_hash cabecera 92 B (x100; dividido),2,273,216
D-92,block_hash cabecera 92 B (x100; dividido),2,274,215
D-92,block_hash cabecera 92 B (x100; dividido),2,275,215
D-92,block_hash cabecera 92 B (x100; dividido),2,276,216
D-92,block_hash cabecera 92 B (x100; dividido),2,277,216
D-92,block_hash cabecera 92 B (x100; dividido),2,278,233
D-92,block_hash cabecera 92 B (x100; dividido),2,279,216
D-92,block_hash cabecera 92 B (x100; dividido),2,280,216
D-92,block_hash cabecera 92 B (x100; dividido),2,281,216
D-92,block_hash cabecera 92 B (x100; dividido),2,282,215
D-92,block_hash cabecera 92 B (x100; dividido),2,283,215
D-92,block_hash cabecera 92 B (x100; dividido),2,284,216
D-92,block_hash cabecera 92 B (x100; dividido),2,285,215
D-92,block_hash cabecera 92 B (x100; dividido),2,286,215
D-92,block_hash cabecera 92 B (x100; dividido),2,287,216
D-92,block_hash cabecera 92 B (x100; dividido),2,288,215
D-92,block_hash cabecera 92 B (x100; dividido),2,289,215
D-92,block_hash cabecera 92 B (x100; dividido),2,290,215
D-92,block_hash cabecera 92 B (x100; dividido),2,291,215
D-92,block_hash cabecera 92 B (x100; dividido),2,292,215
D-92,block_hash cabecera 92 B (x100; dividido),2,293,216
D-92,block_hash cabecera 92 B (x100; dividido),2,294,215
D-92,block_hash cabecera 92 B (x100; dividido),2,295,216
D-92,block_hash cabecera 92 B (x100; dividido),2,296,215
D-92,block_hash cabecera 92 B (x100; dividido),2,297,215
D-92,block_hash cabecera 92 B (x100; dividido),2,298,215
D-92,block_hash cabecera 92 B (x100; dividido),2,299,215
D-556,H_d replica sha3 0.12.0 sobre 556 B (x100; dividido),2,0,998
D-556,H_d replica sha3 0.12.0 sobre 556 B (x100; dividido),2,1,997
D-556,H_d replica sha3 0.12.0 sobre 556 B (x100; dividido),2,2,997
D-556,H_d replica sha3 0.12.0 sobre 556 B (x100; dividido),2,3,1016
D-556,H_d replica sha3 0.12.0 sobre 556 B (x100; dividido),2,4,998
D-556,H_d replica sha3 0.12.0 sobre 556 B (x100; dividido),2,5,998
D-556,H_d replica sha3 0.12.0 sobre 556 B (x100; dividido),2,6,997
D-556,H_d replica sha3 0.12.0 sobre 556 B (x100; dividido),2,7,998
D-556,H_d replica sha3 0.12.0 sobre 556 B (x100; dividido),2,8,999
D-556,H_d replica sha3 0.12.0 sobre 556 B (x100; dividido),2,9,999
D-556,H_d replica sha3 0.12.0 sobre 556 B (x100; dividido),2,10,998
D-556,H_d replica sha3 0.12.0 sobre 556 B (x100; dividido),2,11,998
D-556,H_d replica sha3 0.12.0 sobre 556 B (x100; dividido),2,12,1036
D-556,H_d replica sha3 0.12.0 sobre 556 B (x100; dividido),2,13,999
D-556,H_d replica sha3 0.12.0 sobre 556 B (x100; dividido),2,14,999
D-556,H_d replica sha3 0.12.0 sobre 556 B (x100; dividido),2,15,1000
D-556,H_d replica sha3 0.12.0 sobre 556 B (x100; dividido),2,16,999
D-556,H_d replica sha3 0.12.0 sobre 556 B (x100; dividido),2,17,1000
D-556,H_d replica sha3 0.12.0 sobre 556 B (x100; dividido),2,18,1321
D-556,H_d replica sha3 0.12.0 sobre 556 B (x100; dividido),2,19,999
D-556,H_d replica sha3 0.12.0 sobre 556 B (x100; dividido),2,20,999
D-556,H_d replica sha3 0.12.0 sobre 556 B (x100; dividido),2,21,1002
D-556,H_d replica sha3 0.12.0 sobre 556 B (x100; dividido),2,22,999
D-556,H_d replica sha3 0.12.0 sobre 556 B (x100; dividido),2,23,1000
D-556,H_d replica sha3 0.12.0 sobre 556 B (x100; dividido),2,24,999
D-556,H_d replica sha3 0.12.0 sobre 556 B (x100; dividido),2,25,999
D-556,H_d replica sha3 0.12.0 sobre 556 B (x100; dividido),2,26,999
D-556,H_d replica sha3 0.12.0 sobre 556 B (x100; dividido),2,27,999
D-556,H_d replica sha3 0.12.0 sobre 556 B (x100; dividido),2,28,999
D-556,H_d replica sha3 0.12.0 sobre 556 B (x100; dividido),2,29,999
D-556,H_d replica sha3 0.12.0 sobre 556 B (x100; dividido),2,30,998
D-556,H_d replica sha3 0.12.0 sobre 556 B (x100; dividido),2,31,1018
D-556,H_d replica sha3 0.12.0 sobre 556 B (x100; dividido),2,32,998
D-556,H_d replica sha3 0.12.0 sobre 556 B (x100; dividido),2,33,997
D-556,H_d replica sha3 0.12.0 sobre 556 B (x100; dividido),2,34,998
D-556,H_d replica sha3 0.12.0 sobre 556 B (x100; dividido),2,35,997
D-556,H_d replica sha3 0.12.0 sobre 556 B (x100; dividido),2,36,998
D-556,H_d replica sha3 0.12.0 sobre 556 B (x100; dividido),2,37,996
D-556,H_d replica sha3 0.12.0 sobre 556 B (x100; dividido),2,38,997
D-556,H_d replica sha3 0.12.0 sobre 556 B (x100; dividido),2,39,995
D-556,H_d replica sha3 0.12.0 sobre 556 B (x100; dividido),2,40,1017
D-556,H_d replica sha3 0.12.0 sobre 556 B (x100; dividido),2,41,996
D-556,H_d replica sha3 0.12.0 sobre 556 B (x100; dividido),2,42,996
D-556,H_d replica sha3 0.12.0 sobre 556 B (x100; dividido),2,43,995
D-556,H_d replica sha3 0.12.0 sobre 556 B (x100; dividido),2,44,996
D-556,H_d replica sha3 0.12.0 sobre 556 B (x100; dividido),2,45,995
D-556,H_d replica sha3 0.12.0 sobre 556 B (x100; dividido),2,46,995
D-556,H_d replica sha3 0.12.0 sobre 556 B (x100; dividido),2,47,995
D-556,H_d replica sha3 0.12.0 sobre 556 B (x100; dividido),2,48,995
D-556,H_d replica sha3 0.12.0 sobre 556 B (x100; dividido),2,49,995
D-556,H_d replica sha3 0.12.0 sobre 556 B (x100; dividido),2,50,1008
D-556,H_d replica sha3 0.12.0 sobre 556 B (x100; dividido),2,51,997
D-556,H_d replica sha3 0.12.0 sobre 556 B (x100; dividido),2,52,996
D-556,H_d replica sha3 0.12.0 sobre 556 B (x100; dividido),2,53,997
D-556,H_d replica sha3 0.12.0 sobre 556 B (x100; dividido),2,54,996
D-556,H_d replica sha3 0.12.0 sobre 556 B (x100; dividido),2,55,996
D-556,H_d replica sha3 0.12.0 sobre 556 B (x100; dividido),2,56,996
D-556,H_d replica sha3 0.12.0 sobre 556 B (x100; dividido),2,57,996
D-556,H_d replica sha3 0.12.0 sobre 556 B (x100; dividido),2,58,996
D-556,H_d replica sha3 0.12.0 sobre 556 B (x100; dividido),2,59,1014
D-556,H_d replica sha3 0.12.0 sobre 556 B (x100; dividido),2,60,997
D-556,H_d replica sha3 0.12.0 sobre 556 B (x100; dividido),2,61,996
D-556,H_d replica sha3 0.12.0 sobre 556 B (x100; dividido),2,62,996
D-556,H_d replica sha3 0.12.0 sobre 556 B (x100; dividido),2,63,996
D-556,H_d replica sha3 0.12.0 sobre 556 B (x100; dividido),2,64,996
D-556,H_d replica sha3 0.12.0 sobre 556 B (x100; dividido),2,65,996
D-556,H_d replica sha3 0.12.0 sobre 556 B (x100; dividido),2,66,997
D-556,H_d replica sha3 0.12.0 sobre 556 B (x100; dividido),2,67,997
D-556,H_d replica sha3 0.12.0 sobre 556 B (x100; dividido),2,68,1019
D-556,H_d replica sha3 0.12.0 sobre 556 B (x100; dividido),2,69,998
D-556,H_d replica sha3 0.12.0 sobre 556 B (x100; dividido),2,70,999
D-556,H_d replica sha3 0.12.0 sobre 556 B (x100; dividido),2,71,998
D-556,H_d replica sha3 0.12.0 sobre 556 B (x100; dividido),2,72,998
D-556,H_d replica sha3 0.12.0 sobre 556 B (x100; dividido),2,73,998
D-556,H_d replica sha3 0.12.0 sobre 556 B (x100; dividido),2,74,997
D-556,H_d replica sha3 0.12.0 sobre 556 B (x100; dividido),2,75,997
D-556,H_d replica sha3 0.12.0 sobre 556 B (x100; dividido),2,76,999
D-556,H_d replica sha3 0.12.0 sobre 556 B (x100; dividido),2,77,998
D-556,H_d replica sha3 0.12.0 sobre 556 B (x100; dividido),2,78,1018
D-556,H_d replica sha3 0.12.0 sobre 556 B (x100; dividido),2,79,998
D-556,H_d replica sha3 0.12.0 sobre 556 B (x100; dividido),2,80,998
D-556,H_d replica sha3 0.12.0 sobre 556 B (x100; dividido),2,81,999
D-556,H_d replica sha3 0.12.0 sobre 556 B (x100; dividido),2,82,998
D-556,H_d replica sha3 0.12.0 sobre 556 B (x100; dividido),2,83,999
D-556,H_d replica sha3 0.12.0 sobre 556 B (x100; dividido),2,84,998
D-556,H_d replica sha3 0.12.0 sobre 556 B (x100; dividido),2,85,998
D-556,H_d replica sha3 0.12.0 sobre 556 B (x100; dividido),2,86,997
D-556,H_d replica sha3 0.12.0 sobre 556 B (x100; dividido),2,87,1203
D-556,H_d replica sha3 0.12.0 sobre 556 B (x100; dividido),2,88,998
D-556,H_d replica sha3 0.12.0 sobre 556 B (x100; dividido),2,89,998
D-556,H_d replica sha3 0.12.0 sobre 556 B (x100; dividido),2,90,999
D-556,H_d replica sha3 0.12.0 sobre 556 B (x100; dividido),2,91,997
D-556,H_d replica sha3 0.12.0 sobre 556 B (x100; dividido),2,92,998
D-556,H_d replica sha3 0.12.0 sobre 556 B (x100; dividido),2,93,998
D-556,H_d replica sha3 0.12.0 sobre 556 B (x100; dividido),2,94,998
D-556,H_d replica sha3 0.12.0 sobre 556 B (x100; dividido),2,95,998
D-556,H_d replica sha3 0.12.0 sobre 556 B (x100; dividido),2,96,1034
D-556,H_d replica sha3 0.12.0 sobre 556 B (x100; dividido),2,97,999
D-556,H_d replica sha3 0.12.0 sobre 556 B (x100; dividido),2,98,999
D-556,H_d replica sha3 0.12.0 sobre 556 B (x100; dividido),2,99,998
D-556,H_d replica sha3 0.12.0 sobre 556 B (x100; dividido),2,100,998
D-556,H_d replica sha3 0.12.0 sobre 556 B (x100; dividido),2,101,997
D-556,H_d replica sha3 0.12.0 sobre 556 B (x100; dividido),2,102,998
D-556,H_d replica sha3 0.12.0 sobre 556 B (x100; dividido),2,103,996
D-556,H_d replica sha3 0.12.0 sobre 556 B (x100; dividido),2,104,994
D-556,H_d replica sha3 0.12.0 sobre 556 B (x100; dividido),2,105,992
D-556,H_d replica sha3 0.12.0 sobre 556 B (x100; dividido),2,106,1025
D-556,H_d replica sha3 0.12.0 sobre 556 B (x100; dividido),2,107,993
D-556,H_d replica sha3 0.12.0 sobre 556 B (x100; dividido),2,108,993
D-556,H_d replica sha3 0.12.0 sobre 556 B (x100; dividido),2,109,992
D-556,H_d replica sha3 0.12.0 sobre 556 B (x100; dividido),2,110,993
D-556,H_d replica sha3 0.12.0 sobre 556 B (x100; dividido),2,111,993
D-556,H_d replica sha3 0.12.0 sobre 556 B (x100; dividido),2,112,992
D-556,H_d replica sha3 0.12.0 sobre 556 B (x100; dividido),2,113,994
D-556,H_d replica sha3 0.12.0 sobre 556 B (x100; dividido),2,114,995
D-556,H_d replica sha3 0.12.0 sobre 556 B (x100; dividido),2,115,1018
D-556,H_d replica sha3 0.12.0 sobre 556 B (x100; dividido),2,116,996
D-556,H_d replica sha3 0.12.0 sobre 556 B (x100; dividido),2,117,996
D-556,H_d replica sha3 0.12.0 sobre 556 B (x100; dividido),2,118,1315
D-556,H_d replica sha3 0.12.0 sobre 556 B (x100; dividido),2,119,996
D-556,H_d replica sha3 0.12.0 sobre 556 B (x100; dividido),2,120,996
D-556,H_d replica sha3 0.12.0 sobre 556 B (x100; dividido),2,121,996
D-556,H_d replica sha3 0.12.0 sobre 556 B (x100; dividido),2,122,995
D-556,H_d replica sha3 0.12.0 sobre 556 B (x100; dividido),2,123,996
D-556,H_d replica sha3 0.12.0 sobre 556 B (x100; dividido),2,124,995
D-556,H_d replica sha3 0.12.0 sobre 556 B (x100; dividido),2,125,1018
D-556,H_d replica sha3 0.12.0 sobre 556 B (x100; dividido),2,126,997
D-556,H_d replica sha3 0.12.0 sobre 556 B (x100; dividido),2,127,996
D-556,H_d replica sha3 0.12.0 sobre 556 B (x100; dividido),2,128,997
D-556,H_d replica sha3 0.12.0 sobre 556 B (x100; dividido),2,129,996
D-556,H_d replica sha3 0.12.0 sobre 556 B (x100; dividido),2,130,996
D-556,H_d replica sha3 0.12.0 sobre 556 B (x100; dividido),2,131,996
D-556,H_d replica sha3 0.12.0 sobre 556 B (x100; dividido),2,132,998
D-556,H_d replica sha3 0.12.0 sobre 556 B (x100; dividido),2,133,996
D-556,H_d replica sha3 0.12.0 sobre 556 B (x100; dividido),2,134,1015
D-556,H_d replica sha3 0.12.0 sobre 556 B (x100; dividido),2,135,998
D-556,H_d replica sha3 0.12.0 sobre 556 B (x100; dividido),2,136,998
D-556,H_d replica sha3 0.12.0 sobre 556 B (x100; dividido),2,137,1030
D-556,H_d replica sha3 0.12.0 sobre 556 B (x100; dividido),2,138,998
D-556,H_d replica sha3 0.12.0 sobre 556 B (x100; dividido),2,139,998
D-556,H_d replica sha3 0.12.0 sobre 556 B (x100; dividido),2,140,997
D-556,H_d replica sha3 0.12.0 sobre 556 B (x100; dividido),2,141,997
D-556,H_d replica sha3 0.12.0 sobre 556 B (x100; dividido),2,142,997
D-556,H_d replica sha3 0.12.0 sobre 556 B (x100; dividido),2,143,1027
D-556,H_d replica sha3 0.12.0 sobre 556 B (x100; dividido),2,144,997
D-556,H_d replica sha3 0.12.0 sobre 556 B (x100; dividido),2,145,996
D-556,H_d replica sha3 0.12.0 sobre 556 B (x100; dividido),2,146,996
D-556,H_d replica sha3 0.12.0 sobre 556 B (x100; dividido),2,147,996
D-556,H_d replica sha3 0.12.0 sobre 556 B (x100; dividido),2,148,996
D-556,H_d replica sha3 0.12.0 sobre 556 B (x100; dividido),2,149,996
D-556,H_d replica sha3 0.12.0 sobre 556 B (x100; dividido),2,150,996
D-556,H_d replica sha3 0.12.0 sobre 556 B (x100; dividido),2,151,998
D-556,H_d replica sha3 0.12.0 sobre 556 B (x100; dividido),2,152,998
D-556,H_d replica sha3 0.12.0 sobre 556 B (x100; dividido),2,153,1013
D-556,H_d replica sha3 0.12.0 sobre 556 B (x100; dividido),2,154,996
D-556,H_d replica sha3 0.12.0 sobre 556 B (x100; dividido),2,155,998
D-556,H_d replica sha3 0.12.0 sobre 556 B (x100; dividido),2,156,997
D-556,H_d replica sha3 0.12.0 sobre 556 B (x100; dividido),2,157,998
D-556,H_d replica sha3 0.12.0 sobre 556 B (x100; dividido),2,158,998
D-556,H_d replica sha3 0.12.0 sobre 556 B (x100; dividido),2,159,998
D-556,H_d replica sha3 0.12.0 sobre 556 B (x100; dividido),2,160,999
D-556,H_d replica sha3 0.12.0 sobre 556 B (x100; dividido),2,161,1000
D-556,H_d replica sha3 0.12.0 sobre 556 B (x100; dividido),2,162,1011
D-556,H_d replica sha3 0.12.0 sobre 556 B (x100; dividido),2,163,999
D-556,H_d replica sha3 0.12.0 sobre 556 B (x100; dividido),2,164,998
D-556,H_d replica sha3 0.12.0 sobre 556 B (x100; dividido),2,165,998
D-556,H_d replica sha3 0.12.0 sobre 556 B (x100; dividido),2,166,999
D-556,H_d replica sha3 0.12.0 sobre 556 B (x100; dividido),2,167,999
D-556,H_d replica sha3 0.12.0 sobre 556 B (x100; dividido),2,168,1324
D-556,H_d replica sha3 0.12.0 sobre 556 B (x100; dividido),2,169,1001
D-556,H_d replica sha3 0.12.0 sobre 556 B (x100; dividido),2,170,1000
D-556,H_d replica sha3 0.12.0 sobre 556 B (x100; dividido),2,171,1020
D-556,H_d replica sha3 0.12.0 sobre 556 B (x100; dividido),2,172,1001
D-556,H_d replica sha3 0.12.0 sobre 556 B (x100; dividido),2,173,1000
D-556,H_d replica sha3 0.12.0 sobre 556 B (x100; dividido),2,174,1001
D-556,H_d replica sha3 0.12.0 sobre 556 B (x100; dividido),2,175,999
D-556,H_d replica sha3 0.12.0 sobre 556 B (x100; dividido),2,176,1000
D-556,H_d replica sha3 0.12.0 sobre 556 B (x100; dividido),2,177,1001
D-556,H_d replica sha3 0.12.0 sobre 556 B (x100; dividido),2,178,1001
D-556,H_d replica sha3 0.12.0 sobre 556 B (x100; dividido),2,179,998
D-556,H_d replica sha3 0.12.0 sobre 556 B (x100; dividido),2,180,998
D-556,H_d replica sha3 0.12.0 sobre 556 B (x100; dividido),2,181,1012
D-556,H_d replica sha3 0.12.0 sobre 556 B (x100; dividido),2,182,998
D-556,H_d replica sha3 0.12.0 sobre 556 B (x100; dividido),2,183,999
D-556,H_d replica sha3 0.12.0 sobre 556 B (x100; dividido),2,184,999
D-556,H_d replica sha3 0.12.0 sobre 556 B (x100; dividido),2,185,998
D-556,H_d replica sha3 0.12.0 sobre 556 B (x100; dividido),2,186,998
D-556,H_d replica sha3 0.12.0 sobre 556 B (x100; dividido),2,187,1000
D-556,H_d replica sha3 0.12.0 sobre 556 B (x100; dividido),2,188,998
D-556,H_d replica sha3 0.12.0 sobre 556 B (x100; dividido),2,189,999
D-556,H_d replica sha3 0.12.0 sobre 556 B (x100; dividido),2,190,1011
D-556,H_d replica sha3 0.12.0 sobre 556 B (x100; dividido),2,191,998
D-556,H_d replica sha3 0.12.0 sobre 556 B (x100; dividido),2,192,999
D-556,H_d replica sha3 0.12.0 sobre 556 B (x100; dividido),2,193,997
D-556,H_d replica sha3 0.12.0 sobre 556 B (x100; dividido),2,194,998
D-556,H_d replica sha3 0.12.0 sobre 556 B (x100; dividido),2,195,999
D-556,H_d replica sha3 0.12.0 sobre 556 B (x100; dividido),2,196,999
D-556,H_d replica sha3 0.12.0 sobre 556 B (x100; dividido),2,197,999
D-556,H_d replica sha3 0.12.0 sobre 556 B (x100; dividido),2,198,999
D-556,H_d replica sha3 0.12.0 sobre 556 B (x100; dividido),2,199,999
D-556,H_d replica sha3 0.12.0 sobre 556 B (x100; dividido),2,200,1013
D-556,H_d replica sha3 0.12.0 sobre 556 B (x100; dividido),2,201,998
D-556,H_d replica sha3 0.12.0 sobre 556 B (x100; dividido),2,202,999
D-556,H_d replica sha3 0.12.0 sobre 556 B (x100; dividido),2,203,999
D-556,H_d replica sha3 0.12.0 sobre 556 B (x100; dividido),2,204,999
D-556,H_d replica sha3 0.12.0 sobre 556 B (x100; dividido),2,205,999
D-556,H_d replica sha3 0.12.0 sobre 556 B (x100; dividido),2,206,998
D-556,H_d replica sha3 0.12.0 sobre 556 B (x100; dividido),2,207,998
D-556,H_d replica sha3 0.12.0 sobre 556 B (x100; dividido),2,208,998
D-556,H_d replica sha3 0.12.0 sobre 556 B (x100; dividido),2,209,1012
D-556,H_d replica sha3 0.12.0 sobre 556 B (x100; dividido),2,210,999
D-556,H_d replica sha3 0.12.0 sobre 556 B (x100; dividido),2,211,998
D-556,H_d replica sha3 0.12.0 sobre 556 B (x100; dividido),2,212,998
D-556,H_d replica sha3 0.12.0 sobre 556 B (x100; dividido),2,213,999
D-556,H_d replica sha3 0.12.0 sobre 556 B (x100; dividido),2,214,999
D-556,H_d replica sha3 0.12.0 sobre 556 B (x100; dividido),2,215,999
D-556,H_d replica sha3 0.12.0 sobre 556 B (x100; dividido),2,216,998
D-556,H_d replica sha3 0.12.0 sobre 556 B (x100; dividido),2,217,1313
D-556,H_d replica sha3 0.12.0 sobre 556 B (x100; dividido),2,218,1012
D-556,H_d replica sha3 0.12.0 sobre 556 B (x100; dividido),2,219,998
D-556,H_d replica sha3 0.12.0 sobre 556 B (x100; dividido),2,220,999
D-556,H_d replica sha3 0.12.0 sobre 556 B (x100; dividido),2,221,999
D-556,H_d replica sha3 0.12.0 sobre 556 B (x100; dividido),2,222,999
D-556,H_d replica sha3 0.12.0 sobre 556 B (x100; dividido),2,223,999
D-556,H_d replica sha3 0.12.0 sobre 556 B (x100; dividido),2,224,998
D-556,H_d replica sha3 0.12.0 sobre 556 B (x100; dividido),2,225,999
D-556,H_d replica sha3 0.12.0 sobre 556 B (x100; dividido),2,226,998
D-556,H_d replica sha3 0.12.0 sobre 556 B (x100; dividido),2,227,998
D-556,H_d replica sha3 0.12.0 sobre 556 B (x100; dividido),2,228,1012
D-556,H_d replica sha3 0.12.0 sobre 556 B (x100; dividido),2,229,1000
D-556,H_d replica sha3 0.12.0 sobre 556 B (x100; dividido),2,230,998
D-556,H_d replica sha3 0.12.0 sobre 556 B (x100; dividido),2,231,998
D-556,H_d replica sha3 0.12.0 sobre 556 B (x100; dividido),2,232,999
D-556,H_d replica sha3 0.12.0 sobre 556 B (x100; dividido),2,233,998
D-556,H_d replica sha3 0.12.0 sobre 556 B (x100; dividido),2,234,999
D-556,H_d replica sha3 0.12.0 sobre 556 B (x100; dividido),2,235,997
D-556,H_d replica sha3 0.12.0 sobre 556 B (x100; dividido),2,236,997
D-556,H_d replica sha3 0.12.0 sobre 556 B (x100; dividido),2,237,1011
D-556,H_d replica sha3 0.12.0 sobre 556 B (x100; dividido),2,238,997
D-556,H_d replica sha3 0.12.0 sobre 556 B (x100; dividido),2,239,996
D-556,H_d replica sha3 0.12.0 sobre 556 B (x100; dividido),2,240,997
D-556,H_d replica sha3 0.12.0 sobre 556 B (x100; dividido),2,241,997
D-556,H_d replica sha3 0.12.0 sobre 556 B (x100; dividido),2,242,996
D-556,H_d replica sha3 0.12.0 sobre 556 B (x100; dividido),2,243,996
D-556,H_d replica sha3 0.12.0 sobre 556 B (x100; dividido),2,244,997
D-556,H_d replica sha3 0.12.0 sobre 556 B (x100; dividido),2,245,998
D-556,H_d replica sha3 0.12.0 sobre 556 B (x100; dividido),2,246,997
D-556,H_d replica sha3 0.12.0 sobre 556 B (x100; dividido),2,247,1007
D-556,H_d replica sha3 0.12.0 sobre 556 B (x100; dividido),2,248,997
D-556,H_d replica sha3 0.12.0 sobre 556 B (x100; dividido),2,249,998
D-556,H_d replica sha3 0.12.0 sobre 556 B (x100; dividido),2,250,998
D-556,H_d replica sha3 0.12.0 sobre 556 B (x100; dividido),2,251,998
D-556,H_d replica sha3 0.12.0 sobre 556 B (x100; dividido),2,252,998
D-556,H_d replica sha3 0.12.0 sobre 556 B (x100; dividido),2,253,998
D-556,H_d replica sha3 0.12.0 sobre 556 B (x100; dividido),2,254,998
D-556,H_d replica sha3 0.12.0 sobre 556 B (x100; dividido),2,255,997
D-556,H_d replica sha3 0.12.0 sobre 556 B (x100; dividido),2,256,1021
D-556,H_d replica sha3 0.12.0 sobre 556 B (x100; dividido),2,257,999
D-556,H_d replica sha3 0.12.0 sobre 556 B (x100; dividido),2,258,999
D-556,H_d replica sha3 0.12.0 sobre 556 B (x100; dividido),2,259,999
D-556,H_d replica sha3 0.12.0 sobre 556 B (x100; dividido),2,260,999
D-556,H_d replica sha3 0.12.0 sobre 556 B (x100; dividido),2,261,999
D-556,H_d replica sha3 0.12.0 sobre 556 B (x100; dividido),2,262,998
D-556,H_d replica sha3 0.12.0 sobre 556 B (x100; dividido),2,263,997
D-556,H_d replica sha3 0.12.0 sobre 556 B (x100; dividido),2,264,997
D-556,H_d replica sha3 0.12.0 sobre 556 B (x100; dividido),2,265,1023
D-556,H_d replica sha3 0.12.0 sobre 556 B (x100; dividido),2,266,997
D-556,H_d replica sha3 0.12.0 sobre 556 B (x100; dividido),2,267,996
D-556,H_d replica sha3 0.12.0 sobre 556 B (x100; dividido),2,268,1307
D-556,H_d replica sha3 0.12.0 sobre 556 B (x100; dividido),2,269,997
D-556,H_d replica sha3 0.12.0 sobre 556 B (x100; dividido),2,270,996
D-556,H_d replica sha3 0.12.0 sobre 556 B (x100; dividido),2,271,997
D-556,H_d replica sha3 0.12.0 sobre 556 B (x100; dividido),2,272,996
D-556,H_d replica sha3 0.12.0 sobre 556 B (x100; dividido),2,273,996
D-556,H_d replica sha3 0.12.0 sobre 556 B (x100; dividido),2,274,995
D-556,H_d replica sha3 0.12.0 sobre 556 B (x100; dividido),2,275,1012
D-556,H_d replica sha3 0.12.0 sobre 556 B (x100; dividido),2,276,995
D-556,H_d replica sha3 0.12.0 sobre 556 B (x100; dividido),2,277,996
D-556,H_d replica sha3 0.12.0 sobre 556 B (x100; dividido),2,278,996
D-556,H_d replica sha3 0.12.0 sobre 556 B (x100; dividido),2,279,996
D-556,H_d replica sha3 0.12.0 sobre 556 B (x100; dividido),2,280,995
D-556,H_d replica sha3 0.12.0 sobre 556 B (x100; dividido),2,281,995
D-556,H_d replica sha3 0.12.0 sobre 556 B (x100; dividido),2,282,997
D-556,H_d replica sha3 0.12.0 sobre 556 B (x100; dividido),2,283,996
D-556,H_d replica sha3 0.12.0 sobre 556 B (x100; dividido),2,284,1025
D-556,H_d replica sha3 0.12.0 sobre 556 B (x100; dividido),2,285,996
D-556,H_d replica sha3 0.12.0 sobre 556 B (x100; dividido),2,286,996
D-556,H_d replica sha3 0.12.0 sobre 556 B (x100; dividido),2,287,995
D-556,H_d replica sha3 0.12.0 sobre 556 B (x100; dividido),2,288,995
D-556,H_d replica sha3 0.12.0 sobre 556 B (x100; dividido),2,289,996
D-556,H_d replica sha3 0.12.0 sobre 556 B (x100; dividido),2,290,996
D-556,H_d replica sha3 0.12.0 sobre 556 B (x100; dividido),2,291,997
D-556,H_d replica sha3 0.12.0 sobre 556 B (x100; dividido),2,292,997
D-556,H_d replica sha3 0.12.0 sobre 556 B (x100; dividido),2,293,1002
D-556,H_d replica sha3 0.12.0 sobre 556 B (x100; dividido),2,294,1013
D-556,H_d replica sha3 0.12.0 sobre 556 B (x100; dividido),2,295,999
D-556,H_d replica sha3 0.12.0 sobre 556 B (x100; dividido),2,296,998
D-556,H_d replica sha3 0.12.0 sobre 556 B (x100; dividido),2,297,998
D-556,H_d replica sha3 0.12.0 sobre 556 B (x100; dividido),2,298,999
D-556,H_d replica sha3 0.12.0 sobre 556 B (x100; dividido),2,299,999
E-571,merkle_root 571 txids,2,0,122998
E-571,merkle_root 571 txids,2,1,124338
E-571,merkle_root 571 txids,2,2,122968
E-571,merkle_root 571 txids,2,3,122967
E-571,merkle_root 571 txids,2,4,122878
E-571,merkle_root 571 txids,2,5,122817
E-571,merkle_root 571 txids,2,6,122968
E-571,merkle_root 571 txids,2,7,123257
E-571,merkle_root 571 txids,2,8,155037
E-571,merkle_root 571 txids,2,9,122988
E-571,merkle_root 571 txids,2,10,122877
E-571,merkle_root 571 txids,2,11,122948
E-571,merkle_root 571 txids,2,12,122887
E-571,merkle_root 571 txids,2,13,122988
E-571,merkle_root 571 txids,2,14,122707
E-571,merkle_root 571 txids,2,15,122498
E-571,merkle_root 571 txids,2,16,123827
E-571,merkle_root 571 txids,2,17,122598
E-571,merkle_root 571 txids,2,18,122348
E-571,merkle_root 571 txids,2,19,122448
E-571,merkle_root 571 txids,2,20,122428
E-571,merkle_root 571 txids,2,21,122537
E-571,merkle_root 571 txids,2,22,122608
E-571,merkle_root 571 txids,2,23,122667
E-571,merkle_root 571 txids,2,24,124048
E-571,merkle_root 571 txids,2,25,122937
E-571,merkle_root 571 txids,2,26,122658
E-571,merkle_root 571 txids,2,27,122858
E-571,merkle_root 571 txids,2,28,122798
E-571,merkle_root 571 txids,2,29,122778
E-571,merkle_root 571 txids,2,30,122667
E-571,merkle_root 571 txids,2,31,122848
E-571,merkle_root 571 txids,2,32,123947
E-571,merkle_root 571 txids,2,33,123088
E-571,merkle_root 571 txids,2,34,122887
E-571,merkle_root 571 txids,2,35,122658
E-571,merkle_root 571 txids,2,36,122787
E-571,merkle_root 571 txids,2,37,122778
E-571,merkle_root 571 txids,2,38,122827
E-571,merkle_root 571 txids,2,39,124318
E-571,merkle_root 571 txids,2,40,122777
E-571,merkle_root 571 txids,2,41,122868
E-571,merkle_root 571 txids,2,42,122758
E-571,merkle_root 571 txids,2,43,122648
E-571,merkle_root 571 txids,2,44,122708
E-571,merkle_root 571 txids,2,45,122847
E-571,merkle_root 571 txids,2,46,122868
E-571,merkle_root 571 txids,2,47,125597
E-571,merkle_root 571 txids,2,48,122828
E-571,merkle_root 571 txids,2,49,154827
E-571,merkle_root 571 txids,2,50,122757
E-571,merkle_root 571 txids,2,51,122638
E-571,merkle_root 571 txids,2,52,122657
E-571,merkle_root 571 txids,2,53,122678
E-571,merkle_root 571 txids,2,54,122588
E-571,merkle_root 571 txids,2,55,126088
E-571,merkle_root 571 txids,2,56,122718
E-571,merkle_root 571 txids,2,57,122617
E-571,merkle_root 571 txids,2,58,122718
E-571,merkle_root 571 txids,2,59,122657
E-571,merkle_root 571 txids,2,60,122768
E-571,merkle_root 571 txids,2,61,122697
E-571,merkle_root 571 txids,2,62,125268
E-571,merkle_root 571 txids,2,63,122757
E-571,merkle_root 571 txids,2,64,122718
E-571,merkle_root 571 txids,2,65,122847
E-571,merkle_root 571 txids,2,66,122858
E-571,merkle_root 571 txids,2,67,122878
E-571,merkle_root 571 txids,2,68,122878
E-571,merkle_root 571 txids,2,69,122598
E-571,merkle_root 571 txids,2,70,124458
E-571,merkle_root 571 txids,2,71,122658
E-571,merkle_root 571 txids,2,72,122777
E-571,merkle_root 571 txids,2,73,122838
E-571,merkle_root 571 txids,2,74,122597
E-571,merkle_root 571 txids,2,75,122638
E-571,merkle_root 571 txids,2,76,122677
E-571,merkle_root 571 txids,2,77,122668
E-571,merkle_root 571 txids,2,78,124128
E-571,merkle_root 571 txids,2,79,122768
E-571,merkle_root 571 txids,2,80,122798
E-571,merkle_root 571 txids,2,81,122837
E-571,merkle_root 571 txids,2,82,122848
E-571,merkle_root 571 txids,2,83,122837
E-571,merkle_root 571 txids,2,84,122718
E-571,merkle_root 571 txids,2,85,122707
E-571,merkle_root 571 txids,2,86,124008
E-571,merkle_root 571 txids,2,87,122767
E-571,merkle_root 571 txids,2,88,122728
E-571,merkle_root 571 txids,2,89,122588
E-571,merkle_root 571 txids,2,90,122837
E-571,merkle_root 571 txids,2,91,153677
E-571,merkle_root 571 txids,2,92,122998
E-571,merkle_root 571 txids,2,93,124177
E-571,merkle_root 571 txids,2,94,122778
E-571,merkle_root 571 txids,2,95,122857
E-571,merkle_root 571 txids,2,96,123038
E-571,merkle_root 571 txids,2,97,122907
E-571,merkle_root 571 txids,2,98,122938
E-571,merkle_root 571 txids,2,99,122837
E-4464,merkle_root 4464 txids (techo Q1),2,0,956082
E-4464,merkle_root 4464 txids (techo Q1),2,1,955512
E-4464,merkle_root 4464 txids (techo Q1),2,2,986251
E-4464,merkle_root 4464 txids (techo Q1),2,3,955332
E-4464,merkle_root 4464 txids (techo Q1),2,4,956072
E-4464,merkle_root 4464 txids (techo Q1),2,5,954832
E-4464,merkle_root 4464 txids (techo Q1),2,6,955191
E-4464,merkle_root 4464 txids (techo Q1),2,7,986562
E-4464,merkle_root 4464 txids (techo Q1),2,8,955191
E-4464,merkle_root 4464 txids (techo Q1),2,9,956462
E-4464,merkle_root 4464 txids (techo Q1),2,10,955502
E-4464,merkle_root 4464 txids (techo Q1),2,11,955342
E-4464,merkle_root 4464 txids (techo Q1),2,12,1000341
E-4464,merkle_root 4464 txids (techo Q1),2,13,987301
E-4464,merkle_root 4464 txids (techo Q1),2,14,953742
E-4464,merkle_root 4464 txids (techo Q1),2,15,952482
E-4464,merkle_root 4464 txids (techo Q1),2,16,1023931
E-4464,merkle_root 4464 txids (techo Q1),2,17,958201
E-4464,merkle_root 4464 txids (techo Q1),2,18,990371
E-4464,merkle_root 4464 txids (techo Q1),2,19,956382
E-4464,merkle_root 4464 txids (techo Q1),2,20,955572
E-4464,merkle_root 4464 txids (techo Q1),2,21,956602
E-4464,merkle_root 4464 txids (techo Q1),2,22,953932
E-4464,merkle_root 4464 txids (techo Q1),2,23,987041
E-4464,merkle_root 4464 txids (techo Q1),2,24,955932
E-4464,merkle_root 4464 txids (techo Q1),2,25,955241
E-4464,merkle_root 4464 txids (techo Q1),2,26,954622
E-4464,merkle_root 4464 txids (techo Q1),2,27,952812
E-4464,merkle_root 4464 txids (techo Q1),2,28,955141
E-4464,merkle_root 4464 txids (techo Q1),2,29,987992
F-1,justificacion PoT vs cache; 1 slot x128 B (x10000; dividido),2,0,1
F-1,justificacion PoT vs cache; 1 slot x128 B (x10000; dividido),2,1,1
F-1,justificacion PoT vs cache; 1 slot x128 B (x10000; dividido),2,2,1
F-1,justificacion PoT vs cache; 1 slot x128 B (x10000; dividido),2,3,1
F-1,justificacion PoT vs cache; 1 slot x128 B (x10000; dividido),2,4,1
F-1,justificacion PoT vs cache; 1 slot x128 B (x10000; dividido),2,5,1
F-1,justificacion PoT vs cache; 1 slot x128 B (x10000; dividido),2,6,1
F-1,justificacion PoT vs cache; 1 slot x128 B (x10000; dividido),2,7,1
F-1,justificacion PoT vs cache; 1 slot x128 B (x10000; dividido),2,8,1
F-1,justificacion PoT vs cache; 1 slot x128 B (x10000; dividido),2,9,1
F-1,justificacion PoT vs cache; 1 slot x128 B (x10000; dividido),2,10,1
F-1,justificacion PoT vs cache; 1 slot x128 B (x10000; dividido),2,11,1
F-1,justificacion PoT vs cache; 1 slot x128 B (x10000; dividido),2,12,1
F-1,justificacion PoT vs cache; 1 slot x128 B (x10000; dividido),2,13,1
F-1,justificacion PoT vs cache; 1 slot x128 B (x10000; dividido),2,14,1
F-1,justificacion PoT vs cache; 1 slot x128 B (x10000; dividido),2,15,1
F-1,justificacion PoT vs cache; 1 slot x128 B (x10000; dividido),2,16,1
F-1,justificacion PoT vs cache; 1 slot x128 B (x10000; dividido),2,17,1
F-1,justificacion PoT vs cache; 1 slot x128 B (x10000; dividido),2,18,1
F-1,justificacion PoT vs cache; 1 slot x128 B (x10000; dividido),2,19,1
F-1,justificacion PoT vs cache; 1 slot x128 B (x10000; dividido),2,20,1
F-1,justificacion PoT vs cache; 1 slot x128 B (x10000; dividido),2,21,1
F-1,justificacion PoT vs cache; 1 slot x128 B (x10000; dividido),2,22,1
F-1,justificacion PoT vs cache; 1 slot x128 B (x10000; dividido),2,23,1
F-1,justificacion PoT vs cache; 1 slot x128 B (x10000; dividido),2,24,1
F-1,justificacion PoT vs cache; 1 slot x128 B (x10000; dividido),2,25,1
F-1,justificacion PoT vs cache; 1 slot x128 B (x10000; dividido),2,26,1
F-1,justificacion PoT vs cache; 1 slot x128 B (x10000; dividido),2,27,1
F-1,justificacion PoT vs cache; 1 slot x128 B (x10000; dividido),2,28,1
F-1,justificacion PoT vs cache; 1 slot x128 B (x10000; dividido),2,29,1
F-1,justificacion PoT vs cache; 1 slot x128 B (x10000; dividido),2,30,1
F-1,justificacion PoT vs cache; 1 slot x128 B (x10000; dividido),2,31,1
F-1,justificacion PoT vs cache; 1 slot x128 B (x10000; dividido),2,32,1
F-1,justificacion PoT vs cache; 1 slot x128 B (x10000; dividido),2,33,1
F-1,justificacion PoT vs cache; 1 slot x128 B (x10000; dividido),2,34,1
F-1,justificacion PoT vs cache; 1 slot x128 B (x10000; dividido),2,35,1
F-1,justificacion PoT vs cache; 1 slot x128 B (x10000; dividido),2,36,1
F-1,justificacion PoT vs cache; 1 slot x128 B (x10000; dividido),2,37,1
F-1,justificacion PoT vs cache; 1 slot x128 B (x10000; dividido),2,38,1
F-1,justificacion PoT vs cache; 1 slot x128 B (x10000; dividido),2,39,1
F-1,justificacion PoT vs cache; 1 slot x128 B (x10000; dividido),2,40,1
F-1,justificacion PoT vs cache; 1 slot x128 B (x10000; dividido),2,41,1
F-1,justificacion PoT vs cache; 1 slot x128 B (x10000; dividido),2,42,1
F-1,justificacion PoT vs cache; 1 slot x128 B (x10000; dividido),2,43,1
F-1,justificacion PoT vs cache; 1 slot x128 B (x10000; dividido),2,44,1
F-1,justificacion PoT vs cache; 1 slot x128 B (x10000; dividido),2,45,1
F-1,justificacion PoT vs cache; 1 slot x128 B (x10000; dividido),2,46,1
F-1,justificacion PoT vs cache; 1 slot x128 B (x10000; dividido),2,47,1
F-1,justificacion PoT vs cache; 1 slot x128 B (x10000; dividido),2,48,1
F-1,justificacion PoT vs cache; 1 slot x128 B (x10000; dividido),2,49,1
F-1,justificacion PoT vs cache; 1 slot x128 B (x10000; dividido),2,50,1
F-1,justificacion PoT vs cache; 1 slot x128 B (x10000; dividido),2,51,1
F-1,justificacion PoT vs cache; 1 slot x128 B (x10000; dividido),2,52,1
F-1,justificacion PoT vs cache; 1 slot x128 B (x10000; dividido),2,53,1
F-1,justificacion PoT vs cache; 1 slot x128 B (x10000; dividido),2,54,1
F-1,justificacion PoT vs cache; 1 slot x128 B (x10000; dividido),2,55,1
F-1,justificacion PoT vs cache; 1 slot x128 B (x10000; dividido),2,56,1
F-1,justificacion PoT vs cache; 1 slot x128 B (x10000; dividido),2,57,1
F-1,justificacion PoT vs cache; 1 slot x128 B (x10000; dividido),2,58,1
F-1,justificacion PoT vs cache; 1 slot x128 B (x10000; dividido),2,59,1
F-1,justificacion PoT vs cache; 1 slot x128 B (x10000; dividido),2,60,1
F-1,justificacion PoT vs cache; 1 slot x128 B (x10000; dividido),2,61,1
F-1,justificacion PoT vs cache; 1 slot x128 B (x10000; dividido),2,62,1
F-1,justificacion PoT vs cache; 1 slot x128 B (x10000; dividido),2,63,1
F-1,justificacion PoT vs cache; 1 slot x128 B (x10000; dividido),2,64,1
F-1,justificacion PoT vs cache; 1 slot x128 B (x10000; dividido),2,65,1
F-1,justificacion PoT vs cache; 1 slot x128 B (x10000; dividido),2,66,1
F-1,justificacion PoT vs cache; 1 slot x128 B (x10000; dividido),2,67,1
F-1,justificacion PoT vs cache; 1 slot x128 B (x10000; dividido),2,68,1
F-1,justificacion PoT vs cache; 1 slot x128 B (x10000; dividido),2,69,1
F-1,justificacion PoT vs cache; 1 slot x128 B (x10000; dividido),2,70,1
F-1,justificacion PoT vs cache; 1 slot x128 B (x10000; dividido),2,71,1
F-1,justificacion PoT vs cache; 1 slot x128 B (x10000; dividido),2,72,1
F-1,justificacion PoT vs cache; 1 slot x128 B (x10000; dividido),2,73,1
F-1,justificacion PoT vs cache; 1 slot x128 B (x10000; dividido),2,74,1
F-1,justificacion PoT vs cache; 1 slot x128 B (x10000; dividido),2,75,1
F-1,justificacion PoT vs cache; 1 slot x128 B (x10000; dividido),2,76,1
F-1,justificacion PoT vs cache; 1 slot x128 B (x10000; dividido),2,77,1
F-1,justificacion PoT vs cache; 1 slot x128 B (x10000; dividido),2,78,1
F-1,justificacion PoT vs cache; 1 slot x128 B (x10000; dividido),2,79,1
F-1,justificacion PoT vs cache; 1 slot x128 B (x10000; dividido),2,80,1
F-1,justificacion PoT vs cache; 1 slot x128 B (x10000; dividido),2,81,1
F-1,justificacion PoT vs cache; 1 slot x128 B (x10000; dividido),2,82,1
F-1,justificacion PoT vs cache; 1 slot x128 B (x10000; dividido),2,83,1
F-1,justificacion PoT vs cache; 1 slot x128 B (x10000; dividido),2,84,1
F-1,justificacion PoT vs cache; 1 slot x128 B (x10000; dividido),2,85,1
F-1,justificacion PoT vs cache; 1 slot x128 B (x10000; dividido),2,86,1
F-1,justificacion PoT vs cache; 1 slot x128 B (x10000; dividido),2,87,1
F-1,justificacion PoT vs cache; 1 slot x128 B (x10000; dividido),2,88,1
F-1,justificacion PoT vs cache; 1 slot x128 B (x10000; dividido),2,89,1
F-1,justificacion PoT vs cache; 1 slot x128 B (x10000; dividido),2,90,1
F-1,justificacion PoT vs cache; 1 slot x128 B (x10000; dividido),2,91,1
F-1,justificacion PoT vs cache; 1 slot x128 B (x10000; dividido),2,92,1
F-1,justificacion PoT vs cache; 1 slot x128 B (x10000; dividido),2,93,1
F-1,justificacion PoT vs cache; 1 slot x128 B (x10000; dividido),2,94,1
F-1,justificacion PoT vs cache; 1 slot x128 B (x10000; dividido),2,95,1
F-1,justificacion PoT vs cache; 1 slot x128 B (x10000; dividido),2,96,1
F-1,justificacion PoT vs cache; 1 slot x128 B (x10000; dividido),2,97,1
F-1,justificacion PoT vs cache; 1 slot x128 B (x10000; dividido),2,98,1
F-1,justificacion PoT vs cache; 1 slot x128 B (x10000; dividido),2,99,1
F-1,justificacion PoT vs cache; 1 slot x128 B (x10000; dividido),2,100,1
F-1,justificacion PoT vs cache; 1 slot x128 B (x10000; dividido),2,101,1
F-1,justificacion PoT vs cache; 1 slot x128 B (x10000; dividido),2,102,1
F-1,justificacion PoT vs cache; 1 slot x128 B (x10000; dividido),2,103,1
F-1,justificacion PoT vs cache; 1 slot x128 B (x10000; dividido),2,104,1
F-1,justificacion PoT vs cache; 1 slot x128 B (x10000; dividido),2,105,1
F-1,justificacion PoT vs cache; 1 slot x128 B (x10000; dividido),2,106,1
F-1,justificacion PoT vs cache; 1 slot x128 B (x10000; dividido),2,107,1
F-1,justificacion PoT vs cache; 1 slot x128 B (x10000; dividido),2,108,1
F-1,justificacion PoT vs cache; 1 slot x128 B (x10000; dividido),2,109,1
F-1,justificacion PoT vs cache; 1 slot x128 B (x10000; dividido),2,110,1
F-1,justificacion PoT vs cache; 1 slot x128 B (x10000; dividido),2,111,1
F-1,justificacion PoT vs cache; 1 slot x128 B (x10000; dividido),2,112,1
F-1,justificacion PoT vs cache; 1 slot x128 B (x10000; dividido),2,113,1
F-1,justificacion PoT vs cache; 1 slot x128 B (x10000; dividido),2,114,1
F-1,justificacion PoT vs cache; 1 slot x128 B (x10000; dividido),2,115,1
F-1,justificacion PoT vs cache; 1 slot x128 B (x10000; dividido),2,116,1
F-1,justificacion PoT vs cache; 1 slot x128 B (x10000; dividido),2,117,1
F-1,justificacion PoT vs cache; 1 slot x128 B (x10000; dividido),2,118,1
F-1,justificacion PoT vs cache; 1 slot x128 B (x10000; dividido),2,119,1
F-1,justificacion PoT vs cache; 1 slot x128 B (x10000; dividido),2,120,1
F-1,justificacion PoT vs cache; 1 slot x128 B (x10000; dividido),2,121,1
F-1,justificacion PoT vs cache; 1 slot x128 B (x10000; dividido),2,122,1
F-1,justificacion PoT vs cache; 1 slot x128 B (x10000; dividido),2,123,1
F-1,justificacion PoT vs cache; 1 slot x128 B (x10000; dividido),2,124,1
F-1,justificacion PoT vs cache; 1 slot x128 B (x10000; dividido),2,125,1
F-1,justificacion PoT vs cache; 1 slot x128 B (x10000; dividido),2,126,1
F-1,justificacion PoT vs cache; 1 slot x128 B (x10000; dividido),2,127,1
F-1,justificacion PoT vs cache; 1 slot x128 B (x10000; dividido),2,128,1
F-1,justificacion PoT vs cache; 1 slot x128 B (x10000; dividido),2,129,1
F-1,justificacion PoT vs cache; 1 slot x128 B (x10000; dividido),2,130,1
F-1,justificacion PoT vs cache; 1 slot x128 B (x10000; dividido),2,131,1
F-1,justificacion PoT vs cache; 1 slot x128 B (x10000; dividido),2,132,1
F-1,justificacion PoT vs cache; 1 slot x128 B (x10000; dividido),2,133,1
F-1,justificacion PoT vs cache; 1 slot x128 B (x10000; dividido),2,134,1
F-1,justificacion PoT vs cache; 1 slot x128 B (x10000; dividido),2,135,1
F-1,justificacion PoT vs cache; 1 slot x128 B (x10000; dividido),2,136,1
F-1,justificacion PoT vs cache; 1 slot x128 B (x10000; dividido),2,137,1
F-1,justificacion PoT vs cache; 1 slot x128 B (x10000; dividido),2,138,1
F-1,justificacion PoT vs cache; 1 slot x128 B (x10000; dividido),2,139,1
F-1,justificacion PoT vs cache; 1 slot x128 B (x10000; dividido),2,140,1
F-1,justificacion PoT vs cache; 1 slot x128 B (x10000; dividido),2,141,1
F-1,justificacion PoT vs cache; 1 slot x128 B (x10000; dividido),2,142,1
F-1,justificacion PoT vs cache; 1 slot x128 B (x10000; dividido),2,143,1
F-1,justificacion PoT vs cache; 1 slot x128 B (x10000; dividido),2,144,1
F-1,justificacion PoT vs cache; 1 slot x128 B (x10000; dividido),2,145,1
F-1,justificacion PoT vs cache; 1 slot x128 B (x10000; dividido),2,146,1
F-1,justificacion PoT vs cache; 1 slot x128 B (x10000; dividido),2,147,1
F-1,justificacion PoT vs cache; 1 slot x128 B (x10000; dividido),2,148,1
F-1,justificacion PoT vs cache; 1 slot x128 B (x10000; dividido),2,149,1
F-1,justificacion PoT vs cache; 1 slot x128 B (x10000; dividido),2,150,1
F-1,justificacion PoT vs cache; 1 slot x128 B (x10000; dividido),2,151,1
F-1,justificacion PoT vs cache; 1 slot x128 B (x10000; dividido),2,152,1
F-1,justificacion PoT vs cache; 1 slot x128 B (x10000; dividido),2,153,1
F-1,justificacion PoT vs cache; 1 slot x128 B (x10000; dividido),2,154,1
F-1,justificacion PoT vs cache; 1 slot x128 B (x10000; dividido),2,155,1
F-1,justificacion PoT vs cache; 1 slot x128 B (x10000; dividido),2,156,1
F-1,justificacion PoT vs cache; 1 slot x128 B (x10000; dividido),2,157,1
F-1,justificacion PoT vs cache; 1 slot x128 B (x10000; dividido),2,158,1
F-1,justificacion PoT vs cache; 1 slot x128 B (x10000; dividido),2,159,1
F-1,justificacion PoT vs cache; 1 slot x128 B (x10000; dividido),2,160,1
F-1,justificacion PoT vs cache; 1 slot x128 B (x10000; dividido),2,161,1
F-1,justificacion PoT vs cache; 1 slot x128 B (x10000; dividido),2,162,1
F-1,justificacion PoT vs cache; 1 slot x128 B (x10000; dividido),2,163,1
F-1,justificacion PoT vs cache; 1 slot x128 B (x10000; dividido),2,164,1
F-1,justificacion PoT vs cache; 1 slot x128 B (x10000; dividido),2,165,1
F-1,justificacion PoT vs cache; 1 slot x128 B (x10000; dividido),2,166,1
F-1,justificacion PoT vs cache; 1 slot x128 B (x10000; dividido),2,167,1
F-1,justificacion PoT vs cache; 1 slot x128 B (x10000; dividido),2,168,1
F-1,justificacion PoT vs cache; 1 slot x128 B (x10000; dividido),2,169,1
F-1,justificacion PoT vs cache; 1 slot x128 B (x10000; dividido),2,170,1
F-1,justificacion PoT vs cache; 1 slot x128 B (x10000; dividido),2,171,1
F-1,justificacion PoT vs cache; 1 slot x128 B (x10000; dividido),2,172,1
F-1,justificacion PoT vs cache; 1 slot x128 B (x10000; dividido),2,173,1
F-1,justificacion PoT vs cache; 1 slot x128 B (x10000; dividido),2,174,1
F-1,justificacion PoT vs cache; 1 slot x128 B (x10000; dividido),2,175,1
F-1,justificacion PoT vs cache; 1 slot x128 B (x10000; dividido),2,176,1
F-1,justificacion PoT vs cache; 1 slot x128 B (x10000; dividido),2,177,1
F-1,justificacion PoT vs cache; 1 slot x128 B (x10000; dividido),2,178,1
F-1,justificacion PoT vs cache; 1 slot x128 B (x10000; dividido),2,179,1
F-1,justificacion PoT vs cache; 1 slot x128 B (x10000; dividido),2,180,1
F-1,justificacion PoT vs cache; 1 slot x128 B (x10000; dividido),2,181,1
F-1,justificacion PoT vs cache; 1 slot x128 B (x10000; dividido),2,182,1
F-1,justificacion PoT vs cache; 1 slot x128 B (x10000; dividido),2,183,1
F-1,justificacion PoT vs cache; 1 slot x128 B (x10000; dividido),2,184,1
F-1,justificacion PoT vs cache; 1 slot x128 B (x10000; dividido),2,185,1
F-1,justificacion PoT vs cache; 1 slot x128 B (x10000; dividido),2,186,1
F-1,justificacion PoT vs cache; 1 slot x128 B (x10000; dividido),2,187,1
F-1,justificacion PoT vs cache; 1 slot x128 B (x10000; dividido),2,188,1
F-1,justificacion PoT vs cache; 1 slot x128 B (x10000; dividido),2,189,1
F-1,justificacion PoT vs cache; 1 slot x128 B (x10000; dividido),2,190,1
F-1,justificacion PoT vs cache; 1 slot x128 B (x10000; dividido),2,191,1
F-1,justificacion PoT vs cache; 1 slot x128 B (x10000; dividido),2,192,1
F-1,justificacion PoT vs cache; 1 slot x128 B (x10000; dividido),2,193,1
F-1,justificacion PoT vs cache; 1 slot x128 B (x10000; dividido),2,194,1
F-1,justificacion PoT vs cache; 1 slot x128 B (x10000; dividido),2,195,1
F-1,justificacion PoT vs cache; 1 slot x128 B (x10000; dividido),2,196,1
F-1,justificacion PoT vs cache; 1 slot x128 B (x10000; dividido),2,197,1
F-1,justificacion PoT vs cache; 1 slot x128 B (x10000; dividido),2,198,1
F-1,justificacion PoT vs cache; 1 slot x128 B (x10000; dividido),2,199,1
F-1,justificacion PoT vs cache; 1 slot x128 B (x10000; dividido),2,200,1
F-1,justificacion PoT vs cache; 1 slot x128 B (x10000; dividido),2,201,1
F-1,justificacion PoT vs cache; 1 slot x128 B (x10000; dividido),2,202,1
F-1,justificacion PoT vs cache; 1 slot x128 B (x10000; dividido),2,203,1
F-1,justificacion PoT vs cache; 1 slot x128 B (x10000; dividido),2,204,1
F-1,justificacion PoT vs cache; 1 slot x128 B (x10000; dividido),2,205,1
F-1,justificacion PoT vs cache; 1 slot x128 B (x10000; dividido),2,206,1
F-1,justificacion PoT vs cache; 1 slot x128 B (x10000; dividido),2,207,1
F-1,justificacion PoT vs cache; 1 slot x128 B (x10000; dividido),2,208,1
F-1,justificacion PoT vs cache; 1 slot x128 B (x10000; dividido),2,209,1
F-1,justificacion PoT vs cache; 1 slot x128 B (x10000; dividido),2,210,1
F-1,justificacion PoT vs cache; 1 slot x128 B (x10000; dividido),2,211,1
F-1,justificacion PoT vs cache; 1 slot x128 B (x10000; dividido),2,212,1
F-1,justificacion PoT vs cache; 1 slot x128 B (x10000; dividido),2,213,1
F-1,justificacion PoT vs cache; 1 slot x128 B (x10000; dividido),2,214,1
F-1,justificacion PoT vs cache; 1 slot x128 B (x10000; dividido),2,215,1
F-1,justificacion PoT vs cache; 1 slot x128 B (x10000; dividido),2,216,1
F-1,justificacion PoT vs cache; 1 slot x128 B (x10000; dividido),2,217,1
F-1,justificacion PoT vs cache; 1 slot x128 B (x10000; dividido),2,218,1
F-1,justificacion PoT vs cache; 1 slot x128 B (x10000; dividido),2,219,1
F-1,justificacion PoT vs cache; 1 slot x128 B (x10000; dividido),2,220,1
F-1,justificacion PoT vs cache; 1 slot x128 B (x10000; dividido),2,221,1
F-1,justificacion PoT vs cache; 1 slot x128 B (x10000; dividido),2,222,1
F-1,justificacion PoT vs cache; 1 slot x128 B (x10000; dividido),2,223,1
F-1,justificacion PoT vs cache; 1 slot x128 B (x10000; dividido),2,224,1
F-1,justificacion PoT vs cache; 1 slot x128 B (x10000; dividido),2,225,1
F-1,justificacion PoT vs cache; 1 slot x128 B (x10000; dividido),2,226,1
F-1,justificacion PoT vs cache; 1 slot x128 B (x10000; dividido),2,227,1
F-1,justificacion PoT vs cache; 1 slot x128 B (x10000; dividido),2,228,1
F-1,justificacion PoT vs cache; 1 slot x128 B (x10000; dividido),2,229,1
F-1,justificacion PoT vs cache; 1 slot x128 B (x10000; dividido),2,230,1
F-1,justificacion PoT vs cache; 1 slot x128 B (x10000; dividido),2,231,1
F-1,justificacion PoT vs cache; 1 slot x128 B (x10000; dividido),2,232,1
F-1,justificacion PoT vs cache; 1 slot x128 B (x10000; dividido),2,233,1
F-1,justificacion PoT vs cache; 1 slot x128 B (x10000; dividido),2,234,1
F-1,justificacion PoT vs cache; 1 slot x128 B (x10000; dividido),2,235,1
F-1,justificacion PoT vs cache; 1 slot x128 B (x10000; dividido),2,236,1
F-1,justificacion PoT vs cache; 1 slot x128 B (x10000; dividido),2,237,1
F-1,justificacion PoT vs cache; 1 slot x128 B (x10000; dividido),2,238,1
F-1,justificacion PoT vs cache; 1 slot x128 B (x10000; dividido),2,239,1
F-1,justificacion PoT vs cache; 1 slot x128 B (x10000; dividido),2,240,1
F-1,justificacion PoT vs cache; 1 slot x128 B (x10000; dividido),2,241,1
F-1,justificacion PoT vs cache; 1 slot x128 B (x10000; dividido),2,242,1
F-1,justificacion PoT vs cache; 1 slot x128 B (x10000; dividido),2,243,1
F-1,justificacion PoT vs cache; 1 slot x128 B (x10000; dividido),2,244,1
F-1,justificacion PoT vs cache; 1 slot x128 B (x10000; dividido),2,245,1
F-1,justificacion PoT vs cache; 1 slot x128 B (x10000; dividido),2,246,1
F-1,justificacion PoT vs cache; 1 slot x128 B (x10000; dividido),2,247,1
F-1,justificacion PoT vs cache; 1 slot x128 B (x10000; dividido),2,248,1
F-1,justificacion PoT vs cache; 1 slot x128 B (x10000; dividido),2,249,1
F-1,justificacion PoT vs cache; 1 slot x128 B (x10000; dividido),2,250,1
F-1,justificacion PoT vs cache; 1 slot x128 B (x10000; dividido),2,251,1
F-1,justificacion PoT vs cache; 1 slot x128 B (x10000; dividido),2,252,1
F-1,justificacion PoT vs cache; 1 slot x128 B (x10000; dividido),2,253,1
F-1,justificacion PoT vs cache; 1 slot x128 B (x10000; dividido),2,254,1
F-1,justificacion PoT vs cache; 1 slot x128 B (x10000; dividido),2,255,1
F-1,justificacion PoT vs cache; 1 slot x128 B (x10000; dividido),2,256,1
F-1,justificacion PoT vs cache; 1 slot x128 B (x10000; dividido),2,257,1
F-1,justificacion PoT vs cache; 1 slot x128 B (x10000; dividido),2,258,1
F-1,justificacion PoT vs cache; 1 slot x128 B (x10000; dividido),2,259,1
F-1,justificacion PoT vs cache; 1 slot x128 B (x10000; dividido),2,260,1
F-1,justificacion PoT vs cache; 1 slot x128 B (x10000; dividido),2,261,1
F-1,justificacion PoT vs cache; 1 slot x128 B (x10000; dividido),2,262,1
F-1,justificacion PoT vs cache; 1 slot x128 B (x10000; dividido),2,263,1
F-1,justificacion PoT vs cache; 1 slot x128 B (x10000; dividido),2,264,1
F-1,justificacion PoT vs cache; 1 slot x128 B (x10000; dividido),2,265,1
F-1,justificacion PoT vs cache; 1 slot x128 B (x10000; dividido),2,266,1
F-1,justificacion PoT vs cache; 1 slot x128 B (x10000; dividido),2,267,1
F-1,justificacion PoT vs cache; 1 slot x128 B (x10000; dividido),2,268,1
F-1,justificacion PoT vs cache; 1 slot x128 B (x10000; dividido),2,269,1
F-1,justificacion PoT vs cache; 1 slot x128 B (x10000; dividido),2,270,1
F-1,justificacion PoT vs cache; 1 slot x128 B (x10000; dividido),2,271,1
F-1,justificacion PoT vs cache; 1 slot x128 B (x10000; dividido),2,272,1
F-1,justificacion PoT vs cache; 1 slot x128 B (x10000; dividido),2,273,1
F-1,justificacion PoT vs cache; 1 slot x128 B (x10000; dividido),2,274,1
F-1,justificacion PoT vs cache; 1 slot x128 B (x10000; dividido),2,275,1
F-1,justificacion PoT vs cache; 1 slot x128 B (x10000; dividido),2,276,1
F-1,justificacion PoT vs cache; 1 slot x128 B (x10000; dividido),2,277,1
F-1,justificacion PoT vs cache; 1 slot x128 B (x10000; dividido),2,278,1
F-1,justificacion PoT vs cache; 1 slot x128 B (x10000; dividido),2,279,1
F-1,justificacion PoT vs cache; 1 slot x128 B (x10000; dividido),2,280,1
F-1,justificacion PoT vs cache; 1 slot x128 B (x10000; dividido),2,281,1
F-1,justificacion PoT vs cache; 1 slot x128 B (x10000; dividido),2,282,1
F-1,justificacion PoT vs cache; 1 slot x128 B (x10000; dividido),2,283,1
F-1,justificacion PoT vs cache; 1 slot x128 B (x10000; dividido),2,284,1
F-1,justificacion PoT vs cache; 1 slot x128 B (x10000; dividido),2,285,1
F-1,justificacion PoT vs cache; 1 slot x128 B (x10000; dividido),2,286,1
F-1,justificacion PoT vs cache; 1 slot x128 B (x10000; dividido),2,287,1
F-1,justificacion PoT vs cache; 1 slot x128 B (x10000; dividido),2,288,1
F-1,justificacion PoT vs cache; 1 slot x128 B (x10000; dividido),2,289,1
F-1,justificacion PoT vs cache; 1 slot x128 B (x10000; dividido),2,290,1
F-1,justificacion PoT vs cache; 1 slot x128 B (x10000; dividido),2,291,1
F-1,justificacion PoT vs cache; 1 slot x128 B (x10000; dividido),2,292,1
F-1,justificacion PoT vs cache; 1 slot x128 B (x10000; dividido),2,293,1
F-1,justificacion PoT vs cache; 1 slot x128 B (x10000; dividido),2,294,1
F-1,justificacion PoT vs cache; 1 slot x128 B (x10000; dividido),2,295,1
F-1,justificacion PoT vs cache; 1 slot x128 B (x10000; dividido),2,296,1
F-1,justificacion PoT vs cache; 1 slot x128 B (x10000; dividido),2,297,1
F-1,justificacion PoT vs cache; 1 slot x128 B (x10000; dividido),2,298,1
F-1,justificacion PoT vs cache; 1 slot x128 B (x10000; dividido),2,299,1
F-150,justificacion PoT vs cache; 150 slots (S_max; x100; dividido),2,0,231
F-150,justificacion PoT vs cache; 150 slots (S_max; x100; dividido),2,1,230
F-150,justificacion PoT vs cache; 150 slots (S_max; x100; dividido),2,2,230
F-150,justificacion PoT vs cache; 150 slots (S_max; x100; dividido),2,3,230
F-150,justificacion PoT vs cache; 150 slots (S_max; x100; dividido),2,4,230
F-150,justificacion PoT vs cache; 150 slots (S_max; x100; dividido),2,5,230
F-150,justificacion PoT vs cache; 150 slots (S_max; x100; dividido),2,6,230
F-150,justificacion PoT vs cache; 150 slots (S_max; x100; dividido),2,7,230
F-150,justificacion PoT vs cache; 150 slots (S_max; x100; dividido),2,8,230
F-150,justificacion PoT vs cache; 150 slots (S_max; x100; dividido),2,9,230
F-150,justificacion PoT vs cache; 150 slots (S_max; x100; dividido),2,10,231
F-150,justificacion PoT vs cache; 150 slots (S_max; x100; dividido),2,11,231
F-150,justificacion PoT vs cache; 150 slots (S_max; x100; dividido),2,12,231
F-150,justificacion PoT vs cache; 150 slots (S_max; x100; dividido),2,13,231
F-150,justificacion PoT vs cache; 150 slots (S_max; x100; dividido),2,14,231
F-150,justificacion PoT vs cache; 150 slots (S_max; x100; dividido),2,15,231
F-150,justificacion PoT vs cache; 150 slots (S_max; x100; dividido),2,16,231
F-150,justificacion PoT vs cache; 150 slots (S_max; x100; dividido),2,17,231
F-150,justificacion PoT vs cache; 150 slots (S_max; x100; dividido),2,18,231
F-150,justificacion PoT vs cache; 150 slots (S_max; x100; dividido),2,19,231
F-150,justificacion PoT vs cache; 150 slots (S_max; x100; dividido),2,20,231
F-150,justificacion PoT vs cache; 150 slots (S_max; x100; dividido),2,21,244
F-150,justificacion PoT vs cache; 150 slots (S_max; x100; dividido),2,22,231
F-150,justificacion PoT vs cache; 150 slots (S_max; x100; dividido),2,23,231
F-150,justificacion PoT vs cache; 150 slots (S_max; x100; dividido),2,24,231
F-150,justificacion PoT vs cache; 150 slots (S_max; x100; dividido),2,25,231
F-150,justificacion PoT vs cache; 150 slots (S_max; x100; dividido),2,26,231
F-150,justificacion PoT vs cache; 150 slots (S_max; x100; dividido),2,27,231
F-150,justificacion PoT vs cache; 150 slots (S_max; x100; dividido),2,28,231
F-150,justificacion PoT vs cache; 150 slots (S_max; x100; dividido),2,29,231
F-150,justificacion PoT vs cache; 150 slots (S_max; x100; dividido),2,30,231
F-150,justificacion PoT vs cache; 150 slots (S_max; x100; dividido),2,31,231
F-150,justificacion PoT vs cache; 150 slots (S_max; x100; dividido),2,32,231
F-150,justificacion PoT vs cache; 150 slots (S_max; x100; dividido),2,33,231
F-150,justificacion PoT vs cache; 150 slots (S_max; x100; dividido),2,34,231
F-150,justificacion PoT vs cache; 150 slots (S_max; x100; dividido),2,35,231
F-150,justificacion PoT vs cache; 150 slots (S_max; x100; dividido),2,36,231
F-150,justificacion PoT vs cache; 150 slots (S_max; x100; dividido),2,37,231
F-150,justificacion PoT vs cache; 150 slots (S_max; x100; dividido),2,38,231
F-150,justificacion PoT vs cache; 150 slots (S_max; x100; dividido),2,39,231
F-150,justificacion PoT vs cache; 150 slots (S_max; x100; dividido),2,40,231
F-150,justificacion PoT vs cache; 150 slots (S_max; x100; dividido),2,41,231
F-150,justificacion PoT vs cache; 150 slots (S_max; x100; dividido),2,42,231
F-150,justificacion PoT vs cache; 150 slots (S_max; x100; dividido),2,43,231
F-150,justificacion PoT vs cache; 150 slots (S_max; x100; dividido),2,44,231
F-150,justificacion PoT vs cache; 150 slots (S_max; x100; dividido),2,45,231
F-150,justificacion PoT vs cache; 150 slots (S_max; x100; dividido),2,46,231
F-150,justificacion PoT vs cache; 150 slots (S_max; x100; dividido),2,47,231
F-150,justificacion PoT vs cache; 150 slots (S_max; x100; dividido),2,48,231
F-150,justificacion PoT vs cache; 150 slots (S_max; x100; dividido),2,49,231
F-150,justificacion PoT vs cache; 150 slots (S_max; x100; dividido),2,50,231
F-150,justificacion PoT vs cache; 150 slots (S_max; x100; dividido),2,51,231
F-150,justificacion PoT vs cache; 150 slots (S_max; x100; dividido),2,52,231
F-150,justificacion PoT vs cache; 150 slots (S_max; x100; dividido),2,53,231
F-150,justificacion PoT vs cache; 150 slots (S_max; x100; dividido),2,54,231
F-150,justificacion PoT vs cache; 150 slots (S_max; x100; dividido),2,55,250
F-150,justificacion PoT vs cache; 150 slots (S_max; x100; dividido),2,56,231
F-150,justificacion PoT vs cache; 150 slots (S_max; x100; dividido),2,57,231
F-150,justificacion PoT vs cache; 150 slots (S_max; x100; dividido),2,58,231
F-150,justificacion PoT vs cache; 150 slots (S_max; x100; dividido),2,59,231
F-150,justificacion PoT vs cache; 150 slots (S_max; x100; dividido),2,60,231
F-150,justificacion PoT vs cache; 150 slots (S_max; x100; dividido),2,61,231
F-150,justificacion PoT vs cache; 150 slots (S_max; x100; dividido),2,62,231
F-150,justificacion PoT vs cache; 150 slots (S_max; x100; dividido),2,63,231
F-150,justificacion PoT vs cache; 150 slots (S_max; x100; dividido),2,64,231
F-150,justificacion PoT vs cache; 150 slots (S_max; x100; dividido),2,65,231
F-150,justificacion PoT vs cache; 150 slots (S_max; x100; dividido),2,66,231
F-150,justificacion PoT vs cache; 150 slots (S_max; x100; dividido),2,67,231
F-150,justificacion PoT vs cache; 150 slots (S_max; x100; dividido),2,68,231
F-150,justificacion PoT vs cache; 150 slots (S_max; x100; dividido),2,69,231
F-150,justificacion PoT vs cache; 150 slots (S_max; x100; dividido),2,70,231
F-150,justificacion PoT vs cache; 150 slots (S_max; x100; dividido),2,71,231
F-150,justificacion PoT vs cache; 150 slots (S_max; x100; dividido),2,72,231
F-150,justificacion PoT vs cache; 150 slots (S_max; x100; dividido),2,73,231
F-150,justificacion PoT vs cache; 150 slots (S_max; x100; dividido),2,74,231
F-150,justificacion PoT vs cache; 150 slots (S_max; x100; dividido),2,75,231
F-150,justificacion PoT vs cache; 150 slots (S_max; x100; dividido),2,76,231
F-150,justificacion PoT vs cache; 150 slots (S_max; x100; dividido),2,77,231
F-150,justificacion PoT vs cache; 150 slots (S_max; x100; dividido),2,78,231
F-150,justificacion PoT vs cache; 150 slots (S_max; x100; dividido),2,79,231
F-150,justificacion PoT vs cache; 150 slots (S_max; x100; dividido),2,80,231
F-150,justificacion PoT vs cache; 150 slots (S_max; x100; dividido),2,81,231
F-150,justificacion PoT vs cache; 150 slots (S_max; x100; dividido),2,82,231
F-150,justificacion PoT vs cache; 150 slots (S_max; x100; dividido),2,83,231
F-150,justificacion PoT vs cache; 150 slots (S_max; x100; dividido),2,84,231
F-150,justificacion PoT vs cache; 150 slots (S_max; x100; dividido),2,85,540
F-150,justificacion PoT vs cache; 150 slots (S_max; x100; dividido),2,86,231
F-150,justificacion PoT vs cache; 150 slots (S_max; x100; dividido),2,87,231
F-150,justificacion PoT vs cache; 150 slots (S_max; x100; dividido),2,88,245
F-150,justificacion PoT vs cache; 150 slots (S_max; x100; dividido),2,89,233
F-150,justificacion PoT vs cache; 150 slots (S_max; x100; dividido),2,90,232
F-150,justificacion PoT vs cache; 150 slots (S_max; x100; dividido),2,91,232
F-150,justificacion PoT vs cache; 150 slots (S_max; x100; dividido),2,92,232
F-150,justificacion PoT vs cache; 150 slots (S_max; x100; dividido),2,93,232
F-150,justificacion PoT vs cache; 150 slots (S_max; x100; dividido),2,94,232
F-150,justificacion PoT vs cache; 150 slots (S_max; x100; dividido),2,95,232
F-150,justificacion PoT vs cache; 150 slots (S_max; x100; dividido),2,96,232
F-150,justificacion PoT vs cache; 150 slots (S_max; x100; dividido),2,97,232
F-150,justificacion PoT vs cache; 150 slots (S_max; x100; dividido),2,98,232
F-150,justificacion PoT vs cache; 150 slots (S_max; x100; dividido),2,99,232
H-571,decode+txid 571 tx sinteticas (348 B/tx),2,0,982151
H-571,decode+txid 571 tx sinteticas (348 B/tx),2,1,1012091
H-571,decode+txid 571 tx sinteticas (348 B/tx),2,2,981211
H-571,decode+txid 571 tx sinteticas (348 B/tx),2,3,981761
H-571,decode+txid 571 tx sinteticas (348 B/tx),2,4,980751
H-571,decode+txid 571 tx sinteticas (348 B/tx),2,5,983741
H-571,decode+txid 571 tx sinteticas (348 B/tx),2,6,1013941
H-571,decode+txid 571 tx sinteticas (348 B/tx),2,7,983701
H-571,decode+txid 571 tx sinteticas (348 B/tx),2,8,981201
H-571,decode+txid 571 tx sinteticas (348 B/tx),2,9,987711
H-571,decode+txid 571 tx sinteticas (348 B/tx),2,10,987141
H-571,decode+txid 571 tx sinteticas (348 B/tx),2,11,1019951
H-571,decode+txid 571 tx sinteticas (348 B/tx),2,12,987941
H-571,decode+txid 571 tx sinteticas (348 B/tx),2,13,988281
H-571,decode+txid 571 tx sinteticas (348 B/tx),2,14,986481
H-571,decode+txid 571 tx sinteticas (348 B/tx),2,15,987451
H-571,decode+txid 571 tx sinteticas (348 B/tx),2,16,989571
H-571,decode+txid 571 tx sinteticas (348 B/tx),2,17,1020920
H-571,decode+txid 571 tx sinteticas (348 B/tx),2,18,986491
H-571,decode+txid 571 tx sinteticas (348 B/tx),2,19,991602
H-571,decode+txid 571 tx sinteticas (348 B/tx),2,20,1019831
H-571,decode+txid 571 tx sinteticas (348 B/tx),2,21,990391
H-571,decode+txid 571 tx sinteticas (348 B/tx),2,22,1025700
H-571,decode+txid 571 tx sinteticas (348 B/tx),2,23,1197767
H-571,decode+txid 571 tx sinteticas (348 B/tx),2,24,1158428
H-571,decode+txid 571 tx sinteticas (348 B/tx),2,25,1431043
H-571,decode+txid 571 tx sinteticas (348 B/tx),2,26,1453052
H-571,decode+txid 571 tx sinteticas (348 B/tx),2,27,973172
H-571,decode+txid 571 tx sinteticas (348 B/tx),2,28,975362
H-571,decode+txid 571 tx sinteticas (348 B/tx),2,29,974291
H-4464,decode+txid 4464 tx sinteticas (348 B/tx),2,0,7682983
H-4464,decode+txid 4464 tx sinteticas (348 B/tx),2,1,8661464
H-4464,decode+txid 4464 tx sinteticas (348 B/tx),2,2,8269872
H-4464,decode+txid 4464 tx sinteticas (348 B/tx),2,3,7648734
H-4464,decode+txid 4464 tx sinteticas (348 B/tx),2,4,7678214
H-4464,decode+txid 4464 tx sinteticas (348 B/tx),2,5,7641744
H-4464,decode+txid 4464 tx sinteticas (348 B/tx),2,6,7699973
H-4464,decode+txid 4464 tx sinteticas (348 B/tx),2,7,7646964
H-4464,decode+txid 4464 tx sinteticas (348 B/tx),2,8,7676293
H-4464,decode+txid 4464 tx sinteticas (348 B/tx),2,9,7647954
H-4464,decode+txid 4464 tx sinteticas (348 B/tx),2,10,7650234
H-4464,decode+txid 4464 tx sinteticas (348 B/tx),2,11,7673304
H-4464,decode+txid 4464 tx sinteticas (348 B/tx),2,12,7647194
H-4464,decode+txid 4464 tx sinteticas (348 B/tx),2,13,7705693
H-4464,decode+txid 4464 tx sinteticas (348 B/tx),2,14,7641815
H-4464,decode+txid 4464 tx sinteticas (348 B/tx),2,15,7673084
H-4464,decode+txid 4464 tx sinteticas (348 B/tx),2,16,7642104
H-4464,decode+txid 4464 tx sinteticas (348 B/tx),2,17,7674944
H-4464,decode+txid 4464 tx sinteticas (348 B/tx),2,18,7684104
H-4464,decode+txid 4464 tx sinteticas (348 B/tx),2,19,7655414
H-4464,decode+txid 4464 tx sinteticas (348 B/tx),2,20,7682463
H-4464,decode+txid 4464 tx sinteticas (348 B/tx),2,21,7717423
H-4464,decode+txid 4464 tx sinteticas (348 B/tx),2,22,7691933
H-4464,decode+txid 4464 tx sinteticas (348 B/tx),2,23,7645874
H-4464,decode+txid 4464 tx sinteticas (348 B/tx),2,24,7678333
H-4464,decode+txid 4464 tx sinteticas (348 B/tx),2,25,7649374
H-4464,decode+txid 4464 tx sinteticas (348 B/tx),2,26,7638184
H-4464,decode+txid 4464 tx sinteticas (348 B/tx),2,27,7677024
H-4464,decode+txid 4464 tx sinteticas (348 B/tx),2,28,7654684
H-4464,decode+txid 4464 tx sinteticas (348 B/tx),2,29,7681223
H-txid-571,solo txid 571 tx sinteticas (348 B/tx),2,0,916063
H-txid-571,solo txid 571 tx sinteticas (348 B/tx),2,1,917622
H-txid-571,solo txid 571 tx sinteticas (348 B/tx),2,2,1330365
H-txid-571,solo txid 571 tx sinteticas (348 B/tx),2,3,1118919
H-txid-571,solo txid 571 tx sinteticas (348 B/tx),2,4,1217657
H-txid-571,solo txid 571 tx sinteticas (348 B/tx),2,5,1235226
H-txid-571,solo txid 571 tx sinteticas (348 B/tx),2,6,1021330
H-txid-571,solo txid 571 tx sinteticas (348 B/tx),2,7,925202
H-txid-571,solo txid 571 tx sinteticas (348 B/tx),2,8,926273
H-txid-571,solo txid 571 tx sinteticas (348 B/tx),2,9,926762
H-txid-571,solo txid 571 tx sinteticas (348 B/tx),2,10,925082
H-txid-571,solo txid 571 tx sinteticas (348 B/tx),2,11,925172
H-txid-571,solo txid 571 tx sinteticas (348 B/tx),2,12,955262
H-txid-571,solo txid 571 tx sinteticas (348 B/tx),2,13,921652
H-txid-571,solo txid 571 tx sinteticas (348 B/tx),2,14,921743
H-txid-571,solo txid 571 tx sinteticas (348 B/tx),2,15,924813
H-txid-571,solo txid 571 tx sinteticas (348 B/tx),2,16,924082
H-txid-571,solo txid 571 tx sinteticas (348 B/tx),2,17,924862
H-txid-571,solo txid 571 tx sinteticas (348 B/tx),2,18,952142
H-txid-571,solo txid 571 tx sinteticas (348 B/tx),2,19,923932
H-txid-571,solo txid 571 tx sinteticas (348 B/tx),2,20,921203
H-txid-571,solo txid 571 tx sinteticas (348 B/tx),2,21,924353
H-txid-571,solo txid 571 tx sinteticas (348 B/tx),2,22,925462
H-txid-571,solo txid 571 tx sinteticas (348 B/tx),2,23,952752
H-txid-571,solo txid 571 tx sinteticas (348 B/tx),2,24,923072
H-txid-571,solo txid 571 tx sinteticas (348 B/tx),2,25,923422
H-txid-571,solo txid 571 tx sinteticas (348 B/tx),2,26,923123
H-txid-571,solo txid 571 tx sinteticas (348 B/tx),2,27,917983
H-txid-571,solo txid 571 tx sinteticas (348 B/tx),2,28,922292
H-txid-571,solo txid 571 tx sinteticas (348 B/tx),2,29,955652
H-txid-4464,solo txid 4464 tx sinteticas (348 B/tx),2,0,8545197
H-txid-4464,solo txid 4464 tx sinteticas (348 B/tx),2,1,7704763
H-txid-4464,solo txid 4464 tx sinteticas (348 B/tx),2,2,7236172
H-txid-4464,solo txid 4464 tx sinteticas (348 B/tx),2,3,7238382
H-txid-4464,solo txid 4464 tx sinteticas (348 B/tx),2,4,7271812
H-txid-4464,solo txid 4464 tx sinteticas (348 B/tx),2,5,7272101
H-txid-4464,solo txid 4464 tx sinteticas (348 B/tx),2,6,7254511
H-txid-4464,solo txid 4464 tx sinteticas (348 B/tx),2,7,7285881
H-txid-4464,solo txid 4464 tx sinteticas (348 B/tx),2,8,7234682
H-txid-4464,solo txid 4464 tx sinteticas (348 B/tx),2,9,7250292
H-txid-4464,solo txid 4464 tx sinteticas (348 B/tx),2,10,7300921
H-txid-4464,solo txid 4464 tx sinteticas (348 B/tx),2,11,7233162
H-txid-4464,solo txid 4464 tx sinteticas (348 B/tx),2,12,7236202
H-txid-4464,solo txid 4464 tx sinteticas (348 B/tx),2,13,7244852
H-txid-4464,solo txid 4464 tx sinteticas (348 B/tx),2,14,7239601
H-txid-4464,solo txid 4464 tx sinteticas (348 B/tx),2,15,7304521
H-txid-4464,solo txid 4464 tx sinteticas (348 B/tx),2,16,7237372
H-txid-4464,solo txid 4464 tx sinteticas (348 B/tx),2,17,7223783
H-txid-4464,solo txid 4464 tx sinteticas (348 B/tx),2,18,7264432
H-txid-4464,solo txid 4464 tx sinteticas (348 B/tx),2,19,7240522
H-txid-4464,solo txid 4464 tx sinteticas (348 B/tx),2,20,7203372
H-txid-4464,solo txid 4464 tx sinteticas (348 B/tx),2,21,7262402
H-txid-4464,solo txid 4464 tx sinteticas (348 B/tx),2,22,7203593
H-txid-4464,solo txid 4464 tx sinteticas (348 B/tx),2,23,7207842
H-txid-4464,solo txid 4464 tx sinteticas (348 B/tx),2,24,7328381
H-txid-4464,solo txid 4464 tx sinteticas (348 B/tx),2,25,7217543
H-txid-4464,solo txid 4464 tx sinteticas (348 B/tx),2,26,7246391
H-txid-4464,solo txid 4464 tx sinteticas (348 B/tx),2,27,7198633
H-txid-4464,solo txid 4464 tx sinteticas (348 B/tx),2,28,7213692
H-txid-4464,solo txid 4464 tx sinteticas (348 B/tx),2,29,7268041
G-pot-aes-soft,200032000 iteraciones; 8 checkpoints,2,0,8340044967
G-pot-aes-soft,200032000 iteraciones; 8 checkpoints,2,1,8344204868
G-pot-aes-soft,200032000 iteraciones; 8 checkpoints,2,2,8353833834
G-pot-aes-soft,200032000 iteraciones; 8 checkpoints,2,3,8343272176
G-pot-aes-soft,200032000 iteraciones; 8 checkpoints,2,4,8312546792
G-pot-aes-soft,200032000 iteraciones; 8 checkpoints,2,5,8318602125
G-pot-aes-soft,200032000 iteraciones; 8 checkpoints,2,6,8348093783
G-pot-aes-soft,200032000 iteraciones; 8 checkpoints,2,7,8312416405
G-pot-aes-soft,200032000 iteraciones; 8 checkpoints,2,8,8303364277
G-pot-aes-soft,200032000 iteraciones; 8 checkpoints,2,9,8373805054
