operacion,detalle,lote,muestra,ns
G-pot-avx512f_vaes,200032000 iteraciones; 8 checkpoints,1,0,89774966
G-pot-avx512f_vaes,200032000 iteraciones; 8 checkpoints,1,1,89941243
G-pot-avx512f_vaes,200032000 iteraciones; 8 checkpoints,1,2,90105549
G-pot-avx512f_vaes,200032000 iteraciones; 8 checkpoints,1,3,89673918
G-pot-avx512f_vaes,200032000 iteraciones; 8 checkpoints,1,4,89829515
G-pot-avx512f_vaes,200032000 iteraciones; 8 checkpoints,1,5,89666348
G-pot-avx512f_vaes,200032000 iteraciones; 8 checkpoints,1,6,89666548
G-pot-avx512f_vaes,200032000 iteraciones; 8 checkpoints,1,7,89813235
G-pot-avx512f_vaes,200032000 iteraciones; 8 checkpoints,1,8,89659618
G-pot-avx512f_vaes,200032000 iteraciones; 8 checkpoints,1,9,89553451
G-pot-avx512f_vaes,200032000 iteraciones; 8 checkpoints,1,10,89908804
G-pot-avx512f_vaes,200032000 iteraciones; 8 checkpoints,1,11,89671968
G-pot-avx512f_vaes,200032000 iteraciones; 8 checkpoints,1,12,89862094
G-pot-avx512f_vaes,200032000 iteraciones; 8 checkpoints,1,13,89652018
G-pot-avx512f_vaes,200032000 iteraciones; 8 checkpoints,1,14,89648069
G-pot-avx512f_vaes,200032000 iteraciones; 8 checkpoints,1,15,89991132
G-pot-avx512f_vaes,200032000 iteraciones; 8 checkpoints,1,16,89605789
G-pot-avx512f_vaes,200032000 iteraciones; 8 checkpoints,1,17,89578729
G-pot-avx512f_vaes,200032000 iteraciones; 8 checkpoints,1,18,90004532
G-pot-avx512f_vaes,200032000 iteraciones; 8 checkpoints,1,19,89663418
G-pot-avx512f_vaes,200032000 iteraciones; 8 checkpoints,1,20,89611649
G-pot-avx512f_vaes,200032000 iteraciones; 8 checkpoints,1,21,90040671
G-pot-avx512f_vaes,200032000 iteraciones; 8 checkpoints,1,22,89676628
G-pot-avx512f_vaes,200032000 iteraciones; 8 checkpoints,1,23,89698328
G-pot-avx512f_vaes,200032000 iteraciones; 8 checkpoints,1,24,89858234
G-pot-avx512f_vaes,200032000 iteraciones; 8 checkpoints,1,25,89593099
G-pot-avx512f_vaes,200032000 iteraciones; 8 checkpoints,1,26,89899444
G-pot-avx512f_vaes,200032000 iteraciones; 8 checkpoints,1,27,89622649
G-pot-avx512f_vaes,200032000 iteraciones; 8 checkpoints,1,28,89663568
G-pot-avx512f_vaes,200032000 iteraciones; 8 checkpoints,1,29,90003741
G-pot-avx2_vaes,200032000 iteraciones; 8 checkpoints,1,0,99948432
G-pot-avx2_vaes,200032000 iteraciones; 8 checkpoints,1,1,100679358
G-pot-avx2_vaes,200032000 iteraciones; 8 checkpoints,1,2,100069899
G-pot-avx2_vaes,200032000 iteraciones; 8 checkpoints,1,3,100517390
G-pot-avx2_vaes,200032000 iteraciones; 8 checkpoints,1,4,100414263
G-pot-avx2_vaes,200032000 iteraciones; 8 checkpoints,1,5,100045529
G-pot-avx2_vaes,200032000 iteraciones; 8 checkpoints,1,6,100553010
G-pot-avx2_vaes,200032000 iteraciones; 8 checkpoints,1,7,100064329
G-pot-avx2_vaes,200032000 iteraciones; 8 checkpoints,1,8,100403923
G-pot-avx2_vaes,200032000 iteraciones; 8 checkpoints,1,9,100324054
G-pot-avx2_vaes,200032000 iteraciones; 8 checkpoints,1,10,100141018
G-pot-avx2_vaes,200032000 iteraciones; 8 checkpoints,1,11,100670388
G-pot-avx2_vaes,200032000 iteraciones; 8 checkpoints,1,12,100347575
G-pot-avx2_vaes,200032000 iteraciones; 8 checkpoints,1,13,100575020
G-pot-avx2_vaes,200032000 iteraciones; 8 checkpoints,1,14,100199107
G-pot-avx2_vaes,200032000 iteraciones; 8 checkpoints,1,15,100125838
G-pot-avx2_vaes,200032000 iteraciones; 8 checkpoints,1,16,100490712
G-pot-avx2_vaes,200032000 iteraciones; 8 checkpoints,1,17,100355694
G-pot-avx2_vaes,200032000 iteraciones; 8 checkpoints,1,18,100505561
G-pot-avx2_vaes,200032000 iteraciones; 8 checkpoints,1,19,100247475
G-pot-avx2_vaes,200032000 iteraciones; 8 checkpoints,1,20,100308855
G-pot-avx2_vaes,200032000 iteraciones; 8 checkpoints,1,21,100444742
G-pot-avx2_vaes,200032000 iteraciones; 8 checkpoints,1,22,100112458
G-pot-avx2_vaes,200032000 iteraciones; 8 checkpoints,1,23,100764876
G-pot-avx2_vaes,200032000 iteraciones; 8 checkpoints,1,24,100214666
G-pot-avx2_vaes,200032000 iteraciones; 8 checkpoints,1,25,100225857
G-pot-avx2_vaes,200032000 iteraciones; 8 checkpoints,1,26,100717157
G-pot-avx2_vaes,200032000 iteraciones; 8 checkpoints,1,27,100893244
G-pot-avx2_vaes,200032000 iteraciones; 8 checkpoints,1,28,100722407
G-pot-avx2_vaes,200032000 iteraciones; 8 checkpoints,1,29,100281115
G-pot-aes_sse41,200032000 iteraciones; 8 checkpoints,1,0,187942142
G-pot-aes_sse41,200032000 iteraciones; 8 checkpoints,1,1,189161458
G-pot-aes_sse41,200032000 iteraciones; 8 checkpoints,1,2,188802285
G-pot-aes_sse41,200032000 iteraciones; 8 checkpoints,1,3,188692617
G-pot-aes_sse41,200032000 iteraciones; 8 checkpoints,1,4,188368893
G-pot-aes_sse41,200032000 iteraciones; 8 checkpoints,1,5,188877864
G-pot-aes_sse41,200032000 iteraciones; 8 checkpoints,1,6,188979932
G-pot-aes_sse41,200032000 iteraciones; 8 checkpoints,1,7,188705358
G-pot-aes_sse41,200032000 iteraciones; 8 checkpoints,1,8,188139268
G-pot-aes_sse41,200032000 iteraciones; 8 checkpoints,1,9,188807666
G-pot-aes_sse41,200032000 iteraciones; 8 checkpoints,1,10,188418823
G-pot-aes_sse41,200032000 iteraciones; 8 checkpoints,1,11,189039341
G-pot-aes_sse41,200032000 iteraciones; 8 checkpoints,1,12,188281185
G-pot-aes_sse41,200032000 iteraciones; 8 checkpoints,1,13,188509191
G-pot-aes_sse41,200032000 iteraciones; 8 checkpoints,1,14,190774457
G-pot-aes_sse41,200032000 iteraciones; 8 checkpoints,1,15,191500973
G-pot-aes_sse41,200032000 iteraciones; 8 checkpoints,1,16,191760809
G-pot-aes_sse41,200032000 iteraciones; 8 checkpoints,1,17,193965726
G-pot-aes_sse41,200032000 iteraciones; 8 checkpoints,1,18,193960496
G-pot-aes_sse41,200032000 iteraciones; 8 checkpoints,1,19,193365258
G-pot-aes_sse41,200032000 iteraciones; 8 checkpoints,1,20,193506676
G-pot-aes_sse41,200032000 iteraciones; 8 checkpoints,1,21,193668023
G-pot-aes_sse41,200032000 iteraciones; 8 checkpoints,1,22,194545116
G-pot-aes_sse41,200032000 iteraciones; 8 checkpoints,1,23,194143013
G-pot-aes_sse41,200032000 iteraciones; 8 checkpoints,1,24,192706830
G-pot-aes_sse41,200032000 iteraciones; 8 checkpoints,1,25,191755359
G-pot-aes_sse41,200032000 iteraciones; 8 checkpoints,1,26,190569712
G-pot-aes_sse41,200032000 iteraciones; 8 checkpoints,1,27,189785797
G-pot-aes_sse41,200032000 iteraciones; 8 checkpoints,1,28,189200368
G-pot-aes_sse41,200032000 iteraciones; 8 checkpoints,1,29,188596739
G-pot-generica,200032000 iteraciones; 8 checkpoints,1,0,934809722
G-pot-generica,200032000 iteraciones; 8 checkpoints,1,1,935578168
G-pot-generica,200032000 iteraciones; 8 checkpoints,1,2,944446468
G-pot-generica,200032000 iteraciones; 8 checkpoints,1,3,923584506
G-pot-generica,200032000 iteraciones; 8 checkpoints,1,4,923587176
G-pot-generica,200032000 iteraciones; 8 checkpoints,1,5,923551047
G-pot-generica,200032000 iteraciones; 8 checkpoints,1,6,923625456
G-pot-generica,200032000 iteraciones; 8 checkpoints,1,7,923961389
G-pot-generica,200032000 iteraciones; 8 checkpoints,1,8,924746194
G-pot-generica,200032000 iteraciones; 8 checkpoints,1,9,923878141
G-pot-generica,200032000 iteraciones; 8 checkpoints,1,10,924227994
G-pot-generica,200032000 iteraciones; 8 checkpoints,1,11,924055557
G-pot-generica,200032000 iteraciones; 8 checkpoints,1,12,923372050
G-pot-generica,200032000 iteraciones; 8 checkpoints,1,13,925267974
G-pot-generica,200032000 iteraciones; 8 checkpoints,1,14,923667154
A,verify_solution ChiaTable K=20; piece_check_params,1,0,1187658
A,verify_solution ChiaTable K=20; piece_check_params,1,1,1188308
A,verify_solution ChiaTable K=20; piece_check_params,1,2,1190257
A,verify_solution ChiaTable K=20; piece_check_params,1,3,1188267
A,verify_solution ChiaTable K=20; piece_check_params,1,4,1188277
A,verify_solution ChiaTable K=20; piece_check_params,1,5,1187577
A,verify_solution ChiaTable K=20; piece_check_params,1,6,1187558
A,verify_solution ChiaTable K=20; piece_check_params,1,7,1188108
A,verify_solution ChiaTable K=20; piece_check_params,1,8,1200727
A,verify_solution ChiaTable K=20; piece_check_params,1,9,1193487
A,verify_solution ChiaTable K=20; piece_check_params,1,10,1189647
A,verify_solution ChiaTable K=20; piece_check_params,1,11,1191057
A,verify_solution ChiaTable K=20; piece_check_params,1,12,1189327
A,verify_solution ChiaTable K=20; piece_check_params,1,13,1190297
A,verify_solution ChiaTable K=20; piece_check_params,1,14,1190858
A,verify_solution ChiaTable K=20; piece_check_params,1,15,1189408
A,verify_solution ChiaTable K=20; piece_check_params,1,16,1189368
A,verify_solution ChiaTable K=20; piece_check_params,1,17,1189558
A,verify_solution ChiaTable K=20; piece_check_params,1,18,1189327
A,verify_solution ChiaTable K=20; piece_check_params,1,19,1187947
A,verify_solution ChiaTable K=20; piece_check_params,1,20,1187777
A,verify_solution ChiaTable K=20; piece_check_params,1,21,1187618
A,verify_solution ChiaTable K=20; piece_check_params,1,22,1188298
A,verify_solution ChiaTable K=20; piece_check_params,1,23,1189357
A,verify_solution ChiaTable K=20; piece_check_params,1,24,1188347
A,verify_solution ChiaTable K=20; piece_check_params,1,25,1187317
A,verify_solution ChiaTable K=20; piece_check_params,1,26,1187678
A,verify_solution ChiaTable K=20; piece_check_params,1,27,1188238
A,verify_solution ChiaTable K=20; piece_check_params,1,28,1188927
A,verify_solution ChiaTable K=20; piece_check_params,1,29,1187257
A,verify_solution ChiaTable K=20; piece_check_params,1,30,1188317
A,verify_solution ChiaTable K=20; piece_check_params,1,31,1187568
A,verify_solution ChiaTable K=20; piece_check_params,1,32,1187557
A,verify_solution ChiaTable K=20; piece_check_params,1,33,1190447
A,verify_solution ChiaTable K=20; piece_check_params,1,34,1188707
A,verify_solution ChiaTable K=20; piece_check_params,1,35,1187967
A,verify_solution ChiaTable K=20; piece_check_params,1,36,1187068
A,verify_solution ChiaTable K=20; piece_check_params,1,37,1187347
A,verify_solution ChiaTable K=20; piece_check_params,1,38,1188827
A,verify_solution ChiaTable K=20; piece_check_params,1,39,1187497
A,verify_solution ChiaTable K=20; piece_check_params,1,40,1188177
A,verify_solution ChiaTable K=20; piece_check_params,1,41,1187738
A,verify_solution ChiaTable K=20; piece_check_params,1,42,1187637
A,verify_solution ChiaTable K=20; piece_check_params,1,43,1189797
A,verify_solution ChiaTable K=20; piece_check_params,1,44,1188867
A,verify_solution ChiaTable K=20; piece_check_params,1,45,1188377
A,verify_solution ChiaTable K=20; piece_check_params,1,46,1187958
A,verify_solution ChiaTable K=20; piece_check_params,1,47,1188468
A,verify_solution ChiaTable K=20; piece_check_params,1,48,1189307
A,verify_solution ChiaTable K=20; piece_check_params,1,49,1188807
A,verify_solution ChiaTable K=20; piece_check_params,1,50,1190007
A,verify_solution ChiaTable K=20; piece_check_params,1,51,1188328
A,verify_solution ChiaTable K=20; piece_check_params,1,52,1189548
A,verify_solution ChiaTable K=20; piece_check_params,1,53,1191477
A,verify_solution ChiaTable K=20; piece_check_params,1,54,1192707
A,verify_solution ChiaTable K=20; piece_check_params,1,55,1190957
A,verify_solution ChiaTable K=20; piece_check_params,1,56,1189317
A,verify_solution ChiaTable K=20; piece_check_params,1,57,1189767
A,verify_solution ChiaTable K=20; piece_check_params,1,58,1193397
A,verify_solution ChiaTable K=20; piece_check_params,1,59,1191938
A,verify_solution ChiaTable K=20; piece_check_params,1,60,1199607
A,verify_solution ChiaTable K=20; piece_check_params,1,61,1189967
A,verify_solution ChiaTable K=20; piece_check_params,1,62,1189827
A,verify_solution ChiaTable K=20; piece_check_params,1,63,1190237
A,verify_solution ChiaTable K=20; piece_check_params,1,64,1189487
A,verify_solution ChiaTable K=20; piece_check_params,1,65,1191508
A,verify_solution ChiaTable K=20; piece_check_params,1,66,1191408
A,verify_solution ChiaTable K=20; piece_check_params,1,67,1189767
A,verify_solution ChiaTable K=20; piece_check_params,1,68,1190857
A,verify_solution ChiaTable K=20; piece_check_params,1,69,1191237
A,verify_solution ChiaTable K=20; piece_check_params,1,70,1189347
A,verify_solution ChiaTable K=20; piece_check_params,1,71,1189177
A,verify_solution ChiaTable K=20; piece_check_params,1,72,1189308
A,verify_solution ChiaTable K=20; piece_check_params,1,73,1190848
A,verify_solution ChiaTable K=20; piece_check_params,1,74,1191357
A,verify_solution ChiaTable K=20; piece_check_params,1,75,1190277
A,verify_solution ChiaTable K=20; piece_check_params,1,76,1193557
A,verify_solution ChiaTable K=20; piece_check_params,1,77,1187027
A,verify_solution ChiaTable K=20; piece_check_params,1,78,1187488
A,verify_solution ChiaTable K=20; piece_check_params,1,79,1191368
A,verify_solution ChiaTable K=20; piece_check_params,1,80,1189097
A,verify_solution ChiaTable K=20; piece_check_params,1,81,1188097
A,verify_solution ChiaTable K=20; piece_check_params,1,82,1189837
A,verify_solution ChiaTable K=20; piece_check_params,1,83,1192757
A,verify_solution ChiaTable K=20; piece_check_params,1,84,1194388
A,verify_solution ChiaTable K=20; piece_check_params,1,85,1189488
A,verify_solution ChiaTable K=20; piece_check_params,1,86,1195848
A,verify_solution ChiaTable K=20; piece_check_params,1,87,1193288
A,verify_solution ChiaTable K=20; piece_check_params,1,88,1192087
A,verify_solution ChiaTable K=20; piece_check_params,1,89,1189447
A,verify_solution ChiaTable K=20; piece_check_params,1,90,1191297
A,verify_solution ChiaTable K=20; piece_check_params,1,91,1191737
A,verify_solution ChiaTable K=20; piece_check_params,1,92,1187077
A,verify_solution ChiaTable K=20; piece_check_params,1,93,1194588
A,verify_solution ChiaTable K=20; piece_check_params,1,94,1194637
A,verify_solution ChiaTable K=20; piece_check_params,1,95,1189698
A,verify_solution ChiaTable K=20; piece_check_params,1,96,1189967
A,verify_solution ChiaTable K=20; piece_check_params,1,97,1189587
A,verify_solution ChiaTable K=20; piece_check_params,1,98,1187737
A,verify_solution ChiaTable K=20; piece_check_params,1,99,1190268
B-pos,PoS sola ChiaTable K=20,1,0,8999
B-pos,PoS sola ChiaTable K=20,1,1,9080
B-pos,PoS sola ChiaTable K=20,1,2,9040
B-pos,PoS sola ChiaTable K=20,1,3,9060
B-pos,PoS sola ChiaTable K=20,1,4,9039
B-pos,PoS sola ChiaTable K=20,1,5,9060
B-pos,PoS sola ChiaTable K=20,1,6,9030
B-pos,PoS sola ChiaTable K=20,1,7,9059
B-pos,PoS sola ChiaTable K=20,1,8,9050
B-pos,PoS sola ChiaTable K=20,1,9,9010
B-pos,PoS sola ChiaTable K=20,1,10,9000
B-pos,PoS sola ChiaTable K=20,1,11,8990
B-pos,PoS sola ChiaTable K=20,1,12,9010
B-pos,PoS sola ChiaTable K=20,1,13,9000
B-pos,PoS sola ChiaTable K=20,1,14,9009
B-pos,PoS sola ChiaTable K=20,1,15,9010
B-pos,PoS sola ChiaTable K=20,1,16,9010
B-pos,PoS sola ChiaTable K=20,1,17,9050
B-pos,PoS sola ChiaTable K=20,1,18,9059
B-pos,PoS sola ChiaTable K=20,1,19,9030
B-pos,PoS sola ChiaTable K=20,1,20,8990
B-pos,PoS sola ChiaTable K=20,1,21,8999
B-pos,PoS sola ChiaTable K=20,1,22,8970
B-pos,PoS sola ChiaTable K=20,1,23,8990
B-pos,PoS sola ChiaTable K=20,1,24,9000
B-pos,PoS sola ChiaTable K=20,1,25,8989
B-pos,PoS sola ChiaTable K=20,1,26,9020
B-pos,PoS sola ChiaTable K=20,1,27,9000
B-pos,PoS sola ChiaTable K=20,1,28,9049
B-pos,PoS sola ChiaTable K=20,1,29,9040
B-pos,PoS sola ChiaTable K=20,1,30,9070
B-pos,PoS sola ChiaTable K=20,1,31,9070
B-pos,PoS sola ChiaTable K=20,1,32,9439
B-pos,PoS sola ChiaTable K=20,1,33,8990
B-pos,PoS sola ChiaTable K=20,1,34,9000
B-pos,PoS sola ChiaTable K=20,1,35,8999
B-pos,PoS sola ChiaTable K=20,1,36,8990
B-pos,PoS sola ChiaTable K=20,1,37,9000
B-pos,PoS sola ChiaTable K=20,1,38,8990
B-pos,PoS sola ChiaTable K=20,1,39,9000
B-pos,PoS sola ChiaTable K=20,1,40,9020
B-pos,PoS sola ChiaTable K=20,1,41,9020
B-pos,PoS sola ChiaTable K=20,1,42,8979
B-pos,PoS sola ChiaTable K=20,1,43,9000
B-pos,PoS sola ChiaTable K=20,1,44,9010
B-pos,PoS sola ChiaTable K=20,1,45,9000
B-pos,PoS sola ChiaTable K=20,1,46,9020
B-pos,PoS sola ChiaTable K=20,1,47,9030
B-pos,PoS sola ChiaTable K=20,1,48,9000
B-pos,PoS sola ChiaTable K=20,1,49,9009
B-kzg,Kzg::verify chunk (NUM_S_BUCKETS),1,0,584709
B-kzg,Kzg::verify chunk (NUM_S_BUCKETS),1,1,582659
B-kzg,Kzg::verify chunk (NUM_S_BUCKETS),1,2,583669
B-kzg,Kzg::verify chunk (NUM_S_BUCKETS),1,3,583558
B-kzg,Kzg::verify chunk (NUM_S_BUCKETS),1,4,585079
B-kzg,Kzg::verify chunk (NUM_S_BUCKETS),1,5,582919
B-kzg,Kzg::verify chunk (NUM_S_BUCKETS),1,6,584049
B-kzg,Kzg::verify chunk (NUM_S_BUCKETS),1,7,584588
B-kzg,Kzg::verify chunk (NUM_S_BUCKETS),1,8,580559
B-kzg,Kzg::verify chunk (NUM_S_BUCKETS),1,9,583389
B-kzg,Kzg::verify chunk (NUM_S_BUCKETS),1,10,581529
B-kzg,Kzg::verify chunk (NUM_S_BUCKETS),1,11,585088
B-kzg,Kzg::verify chunk (NUM_S_BUCKETS),1,12,584219
B-kzg,Kzg::verify chunk (NUM_S_BUCKETS),1,13,582139
B-kzg,Kzg::verify chunk (NUM_S_BUCKETS),1,14,584169
B-kzg,Kzg::verify chunk (NUM_S_BUCKETS),1,15,581689
B-kzg,Kzg::verify chunk (NUM_S_BUCKETS),1,16,583329
B-kzg,Kzg::verify chunk (NUM_S_BUCKETS),1,17,583999
B-kzg,Kzg::verify chunk (NUM_S_BUCKETS),1,18,581749
B-kzg,Kzg::verify chunk (NUM_S_BUCKETS),1,19,583258
B-kzg,Kzg::verify chunk (NUM_S_BUCKETS),1,20,581529
B-kzg,Kzg::verify chunk (NUM_S_BUCKETS),1,21,583999
B-kzg,Kzg::verify chunk (NUM_S_BUCKETS),1,22,581809
B-kzg,Kzg::verify chunk (NUM_S_BUCKETS),1,23,582958
B-kzg,Kzg::verify chunk (NUM_S_BUCKETS),1,24,583709
B-kzg,Kzg::verify chunk (NUM_S_BUCKETS),1,25,582469
B-kzg,Kzg::verify chunk (NUM_S_BUCKETS),1,26,585629
B-kzg,Kzg::verify chunk (NUM_S_BUCKETS),1,27,582719
B-kzg,Kzg::verify chunk (NUM_S_BUCKETS),1,28,584599
B-kzg,Kzg::verify chunk (NUM_S_BUCKETS),1,29,584009
B-kzg,Kzg::verify chunk (NUM_S_BUCKETS),1,30,582779
B-kzg,Kzg::verify chunk (NUM_S_BUCKETS),1,31,584298
B-kzg,Kzg::verify chunk (NUM_S_BUCKETS),1,32,582509
B-kzg,Kzg::verify chunk (NUM_S_BUCKETS),1,33,583989
B-kzg,Kzg::verify chunk (NUM_S_BUCKETS),1,34,591888
B-kzg,Kzg::verify chunk (NUM_S_BUCKETS),1,35,581989
B-kzg,Kzg::verify chunk (NUM_S_BUCKETS),1,36,583149
B-kzg,Kzg::verify chunk (NUM_S_BUCKETS),1,37,581939
B-kzg,Kzg::verify chunk (NUM_S_BUCKETS),1,38,583258
B-kzg,Kzg::verify chunk (NUM_S_BUCKETS),1,39,583269
B-kzg,Kzg::verify chunk (NUM_S_BUCKETS),1,40,582289
B-kzg,Kzg::verify chunk (NUM_S_BUCKETS),1,41,583119
B-kzg,Kzg::verify chunk (NUM_S_BUCKETS),1,42,581888
B-kzg,Kzg::verify chunk (NUM_S_BUCKETS),1,43,583359
B-kzg,Kzg::verify chunk (NUM_S_BUCKETS),1,44,581869
B-kzg,Kzg::verify chunk (NUM_S_BUCKETS),1,45,582939
B-kzg,Kzg::verify chunk (NUM_S_BUCKETS),1,46,583119
B-kzg,Kzg::verify chunk (NUM_S_BUCKETS),1,47,582908
B-kzg,Kzg::verify chunk (NUM_S_BUCKETS),1,48,584059
B-kzg,Kzg::verify chunk (NUM_S_BUCKETS),1,49,581649
C,sello Ed25519 ZIP-215 sobre 492 B,1,0,15230
C,sello Ed25519 ZIP-215 sobre 492 B,1,1,15229
C,sello Ed25519 ZIP-215 sobre 492 B,1,2,15230
C,sello Ed25519 ZIP-215 sobre 492 B,1,3,15239
C,sello Ed25519 ZIP-215 sobre 492 B,1,4,15230
C,sello Ed25519 ZIP-215 sobre 492 B,1,5,15240
C,sello Ed25519 ZIP-215 sobre 492 B,1,6,15210
C,sello Ed25519 ZIP-215 sobre 492 B,1,7,15270
C,sello Ed25519 ZIP-215 sobre 492 B,1,8,15219
C,sello Ed25519 ZIP-215 sobre 492 B,1,9,15230
C,sello Ed25519 ZIP-215 sobre 492 B,1,10,15260
C,sello Ed25519 ZIP-215 sobre 492 B,1,11,15260
C,sello Ed25519 ZIP-215 sobre 492 B,1,12,15250
C,sello Ed25519 ZIP-215 sobre 492 B,1,13,15259
C,sello Ed25519 ZIP-215 sobre 492 B,1,14,15230
C,sello Ed25519 ZIP-215 sobre 492 B,1,15,16750
C,sello Ed25519 ZIP-215 sobre 492 B,1,16,15280
C,sello Ed25519 ZIP-215 sobre 492 B,1,17,15250
C,sello Ed25519 ZIP-215 sobre 492 B,1,18,15229
C,sello Ed25519 ZIP-215 sobre 492 B,1,19,15250
C,sello Ed25519 ZIP-215 sobre 492 B,1,20,15259
C,sello Ed25519 ZIP-215 sobre 492 B,1,21,15250
C,sello Ed25519 ZIP-215 sobre 492 B,1,22,15240
C,sello Ed25519 ZIP-215 sobre 492 B,1,23,15259
C,sello Ed25519 ZIP-215 sobre 492 B,1,24,15240
C,sello Ed25519 ZIP-215 sobre 492 B,1,25,15249
C,sello Ed25519 ZIP-215 sobre 492 B,1,26,15230
C,sello Ed25519 ZIP-215 sobre 492 B,1,27,15240
C,sello Ed25519 ZIP-215 sobre 492 B,1,28,15229
C,sello Ed25519 ZIP-215 sobre 492 B,1,29,15260
C,sello Ed25519 ZIP-215 sobre 492 B,1,30,15239
C,sello Ed25519 ZIP-215 sobre 492 B,1,31,15210
C,sello Ed25519 ZIP-215 sobre 492 B,1,32,15230
C,sello Ed25519 ZIP-215 sobre 492 B,1,33,15250
C,sello Ed25519 ZIP-215 sobre 492 B,1,34,15240
C,sello Ed25519 ZIP-215 sobre 492 B,1,35,15219
C,sello Ed25519 ZIP-215 sobre 492 B,1,36,15260
C,sello Ed25519 ZIP-215 sobre 492 B,1,37,15230
C,sello Ed25519 ZIP-215 sobre 492 B,1,38,15240
C,sello Ed25519 ZIP-215 sobre 492 B,1,39,15240
C,sello Ed25519 ZIP-215 sobre 492 B,1,40,15229
C,sello Ed25519 ZIP-215 sobre 492 B,1,41,15230
C,sello Ed25519 ZIP-215 sobre 492 B,1,42,15249
C,sello Ed25519 ZIP-215 sobre 492 B,1,43,15230
C,sello Ed25519 ZIP-215 sobre 492 B,1,44,15220
C,sello Ed25519 ZIP-215 sobre 492 B,1,45,15239
C,sello Ed25519 ZIP-215 sobre 492 B,1,46,15250
C,sello Ed25519 ZIP-215 sobre 492 B,1,47,15249
C,sello Ed25519 ZIP-215 sobre 492 B,1,48,15250
C,sello Ed25519 ZIP-215 sobre 492 B,1,49,15240
C,sello Ed25519 ZIP-215 sobre 492 B,1,50,15210
C,sello Ed25519 ZIP-215 sobre 492 B,1,51,15240
C,sello Ed25519 ZIP-215 sobre 492 B,1,52,15229
C,sello Ed25519 ZIP-215 sobre 492 B,1,53,15250
C,sello Ed25519 ZIP-215 sobre 492 B,1,54,15240
C,sello Ed25519 ZIP-215 sobre 492 B,1,55,15260
C,sello Ed25519 ZIP-215 sobre 492 B,1,56,15250
C,sello Ed25519 ZIP-215 sobre 492 B,1,57,15249
C,sello Ed25519 ZIP-215 sobre 492 B,1,58,15240
C,sello Ed25519 ZIP-215 sobre 492 B,1,59,15240
C,sello Ed25519 ZIP-215 sobre 492 B,1,60,15230
C,sello Ed25519 ZIP-215 sobre 492 B,1,61,15230
C,sello Ed25519 ZIP-215 sobre 492 B,1,62,16269
C,sello Ed25519 ZIP-215 sobre 492 B,1,63,15250
C,sello Ed25519 ZIP-215 sobre 492 B,1,64,15229
C,sello Ed25519 ZIP-215 sobre 492 B,1,65,15210
C,sello Ed25519 ZIP-215 sobre 492 B,1,66,15240
C,sello Ed25519 ZIP-215 sobre 492 B,1,67,15279
C,sello Ed25519 ZIP-215 sobre 492 B,1,68,15250
C,sello Ed25519 ZIP-215 sobre 492 B,1,69,15239
C,sello Ed25519 ZIP-215 sobre 492 B,1,70,15210
C,sello Ed25519 ZIP-215 sobre 492 B,1,71,15200
C,sello Ed25519 ZIP-215 sobre 492 B,1,72,15199
C,sello Ed25519 ZIP-215 sobre 492 B,1,73,15220
C,sello Ed25519 ZIP-215 sobre 492 B,1,74,15239
C,sello Ed25519 ZIP-215 sobre 492 B,1,75,15210
C,sello Ed25519 ZIP-215 sobre 492 B,1,76,15100
C,sello Ed25519 ZIP-215 sobre 492 B,1,77,15029
C,sello Ed25519 ZIP-215 sobre 492 B,1,78,15050
C,sello Ed25519 ZIP-215 sobre 492 B,1,79,15019
C,sello Ed25519 ZIP-215 sobre 492 B,1,80,15040
C,sello Ed25519 ZIP-215 sobre 492 B,1,81,15040
C,sello Ed25519 ZIP-215 sobre 492 B,1,82,15019
C,sello Ed25519 ZIP-215 sobre 492 B,1,83,15060
C,sello Ed25519 ZIP-215 sobre 492 B,1,84,15049
C,sello Ed25519 ZIP-215 sobre 492 B,1,85,15050
C,sello Ed25519 ZIP-215 sobre 492 B,1,86,15020
C,sello Ed25519 ZIP-215 sobre 492 B,1,87,15029
C,sello Ed25519 ZIP-215 sobre 492 B,1,88,15040
C,sello Ed25519 ZIP-215 sobre 492 B,1,89,15029
C,sello Ed25519 ZIP-215 sobre 492 B,1,90,15050
C,sello Ed25519 ZIP-215 sobre 492 B,1,91,15040
C,sello Ed25519 ZIP-215 sobre 492 B,1,92,15069
C,sello Ed25519 ZIP-215 sobre 492 B,1,93,15030
C,sello Ed25519 ZIP-215 sobre 492 B,1,94,15049
C,sello Ed25519 ZIP-215 sobre 492 B,1,95,15040
C,sello Ed25519 ZIP-215 sobre 492 B,1,96,15040
C,sello Ed25519 ZIP-215 sobre 492 B,1,97,15059
C,sello Ed25519 ZIP-215 sobre 492 B,1,98,15050
C,sello Ed25519 ZIP-215 sobre 492 B,1,99,15039
D-92,block_hash cabecera 92 B (x100; dividido),1,0,211
D-92,block_hash cabecera 92 B (x100; dividido),1,1,212
D-92,block_hash cabecera 92 B (x100; dividido),1,2,211
D-92,block_hash cabecera 92 B (x100; dividido),1,3,211
D-92,block_hash cabecera 92 B (x100; dividido),1,4,215
D-92,block_hash cabecera 92 B (x100; dividido),1,5,223
D-92,block_hash cabecera 92 B (x100; dividido),1,6,212
D-92,block_hash cabecera 92 B (x100; dividido),1,7,211
D-92,block_hash cabecera 92 B (x100; dividido),1,8,211
D-92,block_hash cabecera 92 B (x100; dividido),1,9,212
D-92,block_hash cabecera 92 B (x100; dividido),1,10,212
D-92,block_hash cabecera 92 B (x100; dividido),1,11,213
D-92,block_hash cabecera 92 B (x100; dividido),1,12,213
D-92,block_hash cabecera 92 B (x100; dividido),1,13,214
D-92,block_hash cabecera 92 B (x100; dividido),1,14,213
D-92,block_hash cabecera 92 B (x100; dividido),1,15,214
D-92,block_hash cabecera 92 B (x100; dividido),1,16,213
D-92,block_hash cabecera 92 B (x100; dividido),1,17,214
D-92,block_hash cabecera 92 B (x100; dividido),1,18,214
D-92,block_hash cabecera 92 B (x100; dividido),1,19,214
D-92,block_hash cabecera 92 B (x100; dividido),1,20,213
D-92,block_hash cabecera 92 B (x100; dividido),1,21,214
D-92,block_hash cabecera 92 B (x100; dividido),1,22,214
D-92,block_hash cabecera 92 B (x100; dividido),1,23,214
D-92,block_hash cabecera 92 B (x100; dividido),1,24,213
D-92,block_hash cabecera 92 B (x100; dividido),1,25,214
D-92,block_hash cabecera 92 B (x100; dividido),1,26,214
D-92,block_hash cabecera 92 B (x100; dividido),1,27,214
D-92,block_hash cabecera 92 B (x100; dividido),1,28,214
D-92,block_hash cabecera 92 B (x100; dividido),1,29,214
D-92,block_hash cabecera 92 B (x100; dividido),1,30,214
D-92,block_hash cabecera 92 B (x100; dividido),1,31,214
D-92,block_hash cabecera 92 B (x100; dividido),1,32,214
D-92,block_hash cabecera 92 B (x100; dividido),1,33,214
D-92,block_hash cabecera 92 B (x100; dividido),1,34,214
D-92,block_hash cabecera 92 B (x100; dividido),1,35,214
D-92,block_hash cabecera 92 B (x100; dividido),1,36,214
D-92,block_hash cabecera 92 B (x100; dividido),1,37,214
D-92,block_hash cabecera 92 B (x100; dividido),1,38,214
D-92,block_hash cabecera 92 B (x100; dividido),1,39,214
D-92,block_hash cabecera 92 B (x100; dividido),1,40,214
D-92,block_hash cabecera 92 B (x100; dividido),1,41,228
D-92,block_hash cabecera 92 B (x100; dividido),1,42,214
D-92,block_hash cabecera 92 B (x100; dividido),1,43,214
D-92,block_hash cabecera 92 B (x100; dividido),1,44,214
D-92,block_hash cabecera 92 B (x100; dividido),1,45,214
D-92,block_hash cabecera 92 B (x100; dividido),1,46,213
D-92,block_hash cabecera 92 B (x100; dividido),1,47,214
D-92,block_hash cabecera 92 B (x100; dividido),1,48,215
D-92,block_hash cabecera 92 B (x100; dividido),1,49,215
D-92,block_hash cabecera 92 B (x100; dividido),1,50,215
D-92,block_hash cabecera 92 B (x100; dividido),1,51,216
D-92,block_hash cabecera 92 B (x100; dividido),1,52,215
D-92,block_hash cabecera 92 B (x100; dividido),1,53,215
D-92,block_hash cabecera 92 B (x100; dividido),1,54,215
D-92,block_hash cabecera 92 B (x100; dividido),1,55,215
D-92,block_hash cabecera 92 B (x100; dividido),1,56,215
D-92,block_hash cabecera 92 B (x100; dividido),1,57,215
D-92,block_hash cabecera 92 B (x100; dividido),1,58,215
D-92,block_hash cabecera 92 B (x100; dividido),1,59,215
D-92,block_hash cabecera 92 B (x100; dividido),1,60,215
D-92,block_hash cabecera 92 B (x100; dividido),1,61,215
D-92,block_hash cabecera 92 B (x100; dividido),1,62,215
D-92,block_hash cabecera 92 B (x100; dividido),1,63,215
D-92,block_hash cabecera 92 B (x100; dividido),1,64,215
D-92,block_hash cabecera 92 B (x100; dividido),1,65,215
D-92,block_hash cabecera 92 B (x100; dividido),1,66,215
D-92,block_hash cabecera 92 B (x100; dividido),1,67,215
D-92,block_hash cabecera 92 B (x100; dividido),1,68,215
D-92,block_hash cabecera 92 B (x100; dividido),1,69,215
D-92,block_hash cabecera 92 B (x100; dividido),1,70,215
D-92,block_hash cabecera 92 B (x100; dividido),1,71,215
D-92,block_hash cabecera 92 B (x100; dividido),1,72,215
D-92,block_hash cabecera 92 B (x100; dividido),1,73,215
D-92,block_hash cabecera 92 B (x100; dividido),1,74,215
D-92,block_hash cabecera 92 B (x100; dividido),1,75,215
D-92,block_hash cabecera 92 B (x100; dividido),1,76,215
D-92,block_hash cabecera 92 B (x100; dividido),1,77,219
D-92,block_hash cabecera 92 B (x100; dividido),1,78,215
D-92,block_hash cabecera 92 B (x100; dividido),1,79,215
D-92,block_hash cabecera 92 B (x100; dividido),1,80,215
D-92,block_hash cabecera 92 B (x100; dividido),1,81,215
D-92,block_hash cabecera 92 B (x100; dividido),1,82,215
D-92,block_hash cabecera 92 B (x100; dividido),1,83,215
D-92,block_hash cabecera 92 B (x100; dividido),1,84,216
D-92,block_hash cabecera 92 B (x100; dividido),1,85,216
D-92,block_hash cabecera 92 B (x100; dividido),1,86,216
D-92,block_hash cabecera 92 B (x100; dividido),1,87,216
D-92,block_hash cabecera 92 B (x100; dividido),1,88,216
D-92,block_hash cabecera 92 B (x100; dividido),1,89,216
D-92,block_hash cabecera 92 B (x100; dividido),1,90,216
D-92,block_hash cabecera 92 B (x100; dividido),1,91,216
D-92,block_hash cabecera 92 B (x100; dividido),1,92,215
D-92,block_hash cabecera 92 B (x100; dividido),1,93,216
D-92,block_hash cabecera 92 B (x100; dividido),1,94,215
D-92,block_hash cabecera 92 B (x100; dividido),1,95,216
D-92,block_hash cabecera 92 B (x100; dividido),1,96,216
D-92,block_hash cabecera 92 B (x100; dividido),1,97,215
D-92,block_hash cabecera 92 B (x100; dividido),1,98,216
D-92,block_hash cabecera 92 B (x100; dividido),1,99,216
D-92,block_hash cabecera 92 B (x100; dividido),1,100,216
D-92,block_hash cabecera 92 B (x100; dividido),1,101,216
D-92,block_hash cabecera 92 B (x100; dividido),1,102,215
D-92,block_hash cabecera 92 B (x100; dividido),1,103,215
D-92,block_hash cabecera 92 B (x100; dividido),1,104,216
D-92,block_hash cabecera 92 B (x100; dividido),1,105,215
D-92,block_hash cabecera 92 B (x100; dividido),1,106,216
D-92,block_hash cabecera 92 B (x100; dividido),1,107,215
D-92,block_hash cabecera 92 B (x100; dividido),1,108,216
D-92,block_hash cabecera 92 B (x100; dividido),1,109,215
D-92,block_hash cabecera 92 B (x100; dividido),1,110,216
D-92,block_hash cabecera 92 B (x100; dividido),1,111,216
D-92,block_hash cabecera 92 B (x100; dividido),1,112,216
D-92,block_hash cabecera 92 B (x100; dividido),1,113,219
D-92,block_hash cabecera 92 B (x100; dividido),1,114,216
D-92,block_hash cabecera 92 B (x100; dividido),1,115,216
D-92,block_hash cabecera 92 B (x100; dividido),1,116,215
D-92,block_hash cabecera 92 B (x100; dividido),1,117,216
D-92,block_hash cabecera 92 B (x100; dividido),1,118,216
D-92,block_hash cabecera 92 B (x100; dividido),1,119,216
D-92,block_hash cabecera 92 B (x100; dividido),1,120,216
D-92,block_hash cabecera 92 B (x100; dividido),1,121,216
D-92,block_hash cabecera 92 B (x100; dividido),1,122,216
D-92,block_hash cabecera 92 B (x100; dividido),1,123,216
D-92,block_hash cabecera 92 B (x100; dividido),1,124,216
D-92,block_hash cabecera 92 B (x100; dividido),1,125,216
D-92,block_hash cabecera 92 B (x100; dividido),1,126,216
D-92,block_hash cabecera 92 B (x100; dividido),1,127,216
D-92,block_hash cabecera 92 B (x100; dividido),1,128,216
D-92,block_hash cabecera 92 B (x100; dividido),1,129,216
D-92,block_hash cabecera 92 B (x100; dividido),1,130,216
D-92,block_hash cabecera 92 B (x100; dividido),1,131,216
D-92,block_hash cabecera 92 B (x100; dividido),1,132,216
D-92,block_hash cabecera 92 B (x100; dividido),1,133,216
D-92,block_hash cabecera 92 B (x100; dividido),1,134,216
D-92,block_hash cabecera 92 B (x100; dividido),1,135,216
D-92,block_hash cabecera 92 B (x100; dividido),1,136,216
D-92,block_hash cabecera 92 B (x100; dividido),1,137,216
D-92,block_hash cabecera 92 B (x100; dividido),1,138,216
D-92,block_hash cabecera 92 B (x100; dividido),1,139,216
D-92,block_hash cabecera 92 B (x100; dividido),1,140,216
D-92,block_hash cabecera 92 B (x100; dividido),1,141,216
D-92,block_hash cabecera 92 B (x100; dividido),1,142,216
D-92,block_hash cabecera 92 B (x100; dividido),1,143,216
D-92,block_hash cabecera 92 B (x100; dividido),1,144,216
D-92,block_hash cabecera 92 B (x100; dividido),1,145,216
D-92,block_hash cabecera 92 B (x100; dividido),1,146,216
D-92,block_hash cabecera 92 B (x100; dividido),1,147,216
D-92,block_hash cabecera 92 B (x100; dividido),1,148,216
D-92,block_hash cabecera 92 B (x100; dividido),1,149,219
D-92,block_hash cabecera 92 B (x100; dividido),1,150,227
D-92,block_hash cabecera 92 B (x100; dividido),1,151,216
D-92,block_hash cabecera 92 B (x100; dividido),1,152,216
D-92,block_hash cabecera 92 B (x100; dividido),1,153,216
D-92,block_hash cabecera 92 B (x100; dividido),1,154,216
D-92,block_hash cabecera 92 B (x100; dividido),1,155,216
D-92,block_hash cabecera 92 B (x100; dividido),1,156,216
D-92,block_hash cabecera 92 B (x100; dividido),1,157,216
D-92,block_hash cabecera 92 B (x100; dividido),1,158,216
D-92,block_hash cabecera 92 B (x100; dividido),1,159,216
D-92,block_hash cabecera 92 B (x100; dividido),1,160,216
D-92,block_hash cabecera 92 B (x100; dividido),1,161,216
D-92,block_hash cabecera 92 B (x100; dividido),1,162,216
D-92,block_hash cabecera 92 B (x100; dividido),1,163,216
D-92,block_hash cabecera 92 B (x100; dividido),1,164,215
D-92,block_hash cabecera 92 B (x100; dividido),1,165,216
D-92,block_hash cabecera 92 B (x100; dividido),1,166,216
D-92,block_hash cabecera 92 B (x100; dividido),1,167,216
D-92,block_hash cabecera 92 B (x100; dividido),1,168,216
D-92,block_hash cabecera 92 B (x100; dividido),1,169,216
D-92,block_hash cabecera 92 B (x100; dividido),1,170,216
D-92,block_hash cabecera 92 B (x100; dividido),1,171,216
D-92,block_hash cabecera 92 B (x100; dividido),1,172,216
D-92,block_hash cabecera 92 B (x100; dividido),1,173,216
D-92,block_hash cabecera 92 B (x100; dividido),1,174,216
D-92,block_hash cabecera 92 B (x100; dividido),1,175,216
D-92,block_hash cabecera 92 B (x100; dividido),1,176,216
D-92,block_hash cabecera 92 B (x100; dividido),1,177,215
D-92,block_hash cabecera 92 B (x100; dividido),1,178,216
D-92,block_hash cabecera 92 B (x100; dividido),1,179,216
D-92,block_hash cabecera 92 B (x100; dividido),1,180,216
D-92,block_hash cabecera 92 B (x100; dividido),1,181,216
D-92,block_hash cabecera 92 B (x100; dividido),1,182,215
D-92,block_hash cabecera 92 B (x100; dividido),1,183,216
D-92,block_hash cabecera 92 B (x100; dividido),1,184,215
D-92,block_hash cabecera 92 B (x100; dividido),1,185,216
D-92,block_hash cabecera 92 B (x100; dividido),1,186,225
D-92,block_hash cabecera 92 B (x100; dividido),1,187,216
D-92,block_hash cabecera 92 B (x100; dividido),1,188,216
D-92,block_hash cabecera 92 B (x100; dividido),1,189,216
D-92,block_hash cabecera 92 B (x100; dividido),1,190,216
D-92,block_hash cabecera 92 B (x100; dividido),1,191,216
D-92,block_hash cabecera 92 B (x100; dividido),1,192,216
D-92,block_hash cabecera 92 B (x100; dividido),1,193,216
D-92,block_hash cabecera 92 B (x100; dividido),1,194,216
D-92,block_hash cabecera 92 B (x100; dividido),1,195,216
D-92,block_hash cabecera 92 B (x100; dividido),1,196,216
D-92,block_hash cabecera 92 B (x100; dividido),1,197,216
D-92,block_hash cabecera 92 B (x100; dividido),1,198,216
D-92,block_hash cabecera 92 B (x100; dividido),1,199,216
D-92,block_hash cabecera 92 B (x100; dividido),1,200,216
D-92,block_hash cabecera 92 B (x100; dividido),1,201,216
D-92,block_hash cabecera 92 B (x100; dividido),1,202,216
D-92,block_hash cabecera 92 B (x100; dividido),1,203,216
D-92,block_hash cabecera 92 B (x100; dividido),1,204,216
D-92,block_hash cabecera 92 B (x100; dividido),1,205,216
D-92,block_hash cabecera 92 B (x100; dividido),1,206,216
D-92,block_hash cabecera 92 B (x100; dividido),1,207,216
D-92,block_hash cabecera 92 B (x100; dividido),1,208,216
D-92,block_hash cabecera 92 B (x100; dividido),1,209,216
D-92,block_hash cabecera 92 B (x100; dividido),1,210,216
D-92,block_hash cabecera 92 B (x100; dividido),1,211,216
D-92,block_hash cabecera 92 B (x100; dividido),1,212,216
D-92,block_hash cabecera 92 B (x100; dividido),1,213,216
D-92,block_hash cabecera 92 B (x100; dividido),1,214,216
D-92,block_hash cabecera 92 B (x100; dividido),1,215,216
D-92,block_hash cabecera 92 B (x100; dividido),1,216,216
D-92,block_hash cabecera 92 B (x100; dividido),1,217,216
D-92,block_hash cabecera 92 B (x100; dividido),1,218,215
D-92,block_hash cabecera 92 B (x100; dividido),1,219,216
D-92,block_hash cabecera 92 B (x100; dividido),1,220,215
D-92,block_hash cabecera 92 B (x100; dividido),1,221,215
D-92,block_hash cabecera 92 B (x100; dividido),1,222,226
D-92,block_hash cabecera 92 B (x100; dividido),1,223,216
D-92,block_hash cabecera 92 B (x100; dividido),1,224,215
D-92,block_hash cabecera 92 B (x100; dividido),1,225,216
D-92,block_hash cabecera 92 B (x100; dividido),1,226,216
D-92,block_hash cabecera 92 B (x100; dividido),1,227,216
D-92,block_hash cabecera 92 B (x100; dividido),1,228,215
D-92,block_hash cabecera 92 B (x100; dividido),1,229,216
D-92,block_hash cabecera 92 B (x100; dividido),1,230,215
D-92,block_hash cabecera 92 B (x100; dividido),1,231,215
D-92,block_hash cabecera 92 B (x100; dividido),1,232,216
D-92,block_hash cabecera 92 B (x100; dividido),1,233,216
D-92,block_hash cabecera 92 B (x100; dividido),1,234,216
D-92,block_hash cabecera 92 B (x100; dividido),1,235,216
D-92,block_hash cabecera 92 B (x100; dividido),1,236,216
D-92,block_hash cabecera 92 B (x100; dividido),1,237,216
D-92,block_hash cabecera 92 B (x100; dividido),1,238,216
D-92,block_hash cabecera 92 B (x100; dividido),1,239,216
D-92,block_hash cabecera 92 B (x100; dividido),1,240,216
D-92,block_hash cabecera 92 B (x100; dividido),1,241,216
D-92,block_hash cabecera 92 B (x100; dividido),1,242,216
D-92,block_hash cabecera 92 B (x100; dividido),1,243,216
D-92,block_hash cabecera 92 B (x100; dividido),1,244,216
D-92,block_hash cabecera 92 B (x100; dividido),1,245,216
D-92,block_hash cabecera 92 B (x100; dividido),1,246,216
D-92,block_hash cabecera 92 B (x100; dividido),1,247,216
D-92,block_hash cabecera 92 B (x100; dividido),1,248,216
D-92,block_hash cabecera 92 B (x100; dividido),1,249,215
D-92,block_hash cabecera 92 B (x100; dividido),1,250,215
D-92,block_hash cabecera 92 B (x100; dividido),1,251,216
D-92,block_hash cabecera 92 B (x100; dividido),1,252,216
D-92,block_hash cabecera 92 B (x100; dividido),1,253,216
D-92,block_hash cabecera 92 B (x100; dividido),1,254,216
D-92,block_hash cabecera 92 B (x100; dividido),1,255,216
D-92,block_hash cabecera 92 B (x100; dividido),1,256,216
D-92,block_hash cabecera 92 B (x100; dividido),1,257,216
D-92,block_hash cabecera 92 B (x100; dividido),1,258,231
D-92,block_hash cabecera 92 B (x100; dividido),1,259,216
D-92,block_hash cabecera 92 B (x100; dividido),1,260,216
D-92,block_hash cabecera 92 B (x100; dividido),1,261,215
D-92,block_hash cabecera 92 B (x100; dividido),1,262,216
D-92,block_hash cabecera 92 B (x100; dividido),1,263,216
D-92,block_hash cabecera 92 B (x100; dividido),1,264,215
D-92,block_hash cabecera 92 B (x100; dividido),1,265,216
D-92,block_hash cabecera 92 B (x100; dividido),1,266,216
D-92,block_hash cabecera 92 B (x100; dividido),1,267,216
D-92,block_hash cabecera 92 B (x100; dividido),1,268,216
D-92,block_hash cabecera 92 B (x100; dividido),1,269,216
D-92,block_hash cabecera 92 B (x100; dividido),1,270,215
D-92,block_hash cabecera 92 B (x100; dividido),1,271,216
D-92,block_hash cabecera 92 B (x100; dividido),1,272,216
D-92,block_hash cabecera 92 B (x100; dividido),1,273,216
D-92,block_hash cabecera 92 B (x100; dividido),1,274,216
D-92,block_hash cabecera 92 B (x100; dividido),1,275,216
D-92,block_hash cabecera 92 B (x100; dividido),1,276,216
D-92,block_hash cabecera 92 B (x100; dividido),1,277,278
D-92,block_hash cabecera 92 B (x100; dividido),1,278,223
D-92,block_hash cabecera 92 B (x100; dividido),1,279,246
D-92,block_hash cabecera 92 B (x100; dividido),1,280,253
D-92,block_hash cabecera 92 B (x100; dividido),1,281,327
D-92,block_hash cabecera 92 B (x100; dividido),1,282,248
D-92,block_hash cabecera 92 B (x100; dividido),1,283,216
D-92,block_hash cabecera 92 B (x100; dividido),1,284,216
D-92,block_hash cabecera 92 B (x100; dividido),1,285,216
D-92,block_hash cabecera 92 B (x100; dividido),1,286,215
D-92,block_hash cabecera 92 B (x100; dividido),1,287,216
D-92,block_hash cabecera 92 B (x100; dividido),1,288,216
D-92,block_hash cabecera 92 B (x100; dividido),1,289,216
D-92,block_hash cabecera 92 B (x100; dividido),1,290,215
D-92,block_hash cabecera 92 B (x100; dividido),1,291,215
D-92,block_hash cabecera 92 B (x100; dividido),1,292,231
D-92,block_hash cabecera 92 B (x100; dividido),1,293,216
D-92,block_hash cabecera 92 B (x100; dividido),1,294,216
D-92,block_hash cabecera 92 B (x100; dividido),1,295,215
D-92,block_hash cabecera 92 B (x100; dividido),1,296,216
D-92,block_hash cabecera 92 B (x100; dividido),1,297,216
D-92,block_hash cabecera 92 B (x100; dividido),1,298,216
D-92,block_hash cabecera 92 B (x100; dividido),1,299,215
D-556,H_d replica sha3 0.12.0 sobre 556 B (x100; dividido),1,0,1003
D-556,H_d replica sha3 0.12.0 sobre 556 B (x100; dividido),1,1,1003
D-556,H_d replica sha3 0.12.0 sobre 556 B (x100; dividido),1,2,1003
D-556,H_d replica sha3 0.12.0 sobre 556 B (x100; dividido),1,3,1004
D-556,H_d replica sha3 0.12.0 sobre 556 B (x100; dividido),1,4,1004
D-556,H_d replica sha3 0.12.0 sobre 556 B (x100; dividido),1,5,1028
D-556,H_d replica sha3 0.12.0 sobre 556 B (x100; dividido),1,6,1003
D-556,H_d replica sha3 0.12.0 sobre 556 B (x100; dividido),1,7,1004
D-556,H_d replica sha3 0.12.0 sobre 556 B (x100; dividido),1,8,1005
D-556,H_d replica sha3 0.12.0 sobre 556 B (x100; dividido),1,9,1003
D-556,H_d replica sha3 0.12.0 sobre 556 B (x100; dividido),1,10,1004
D-556,H_d replica sha3 0.12.0 sobre 556 B (x100; dividido),1,11,1003
D-556,H_d replica sha3 0.12.0 sobre 556 B (x100; dividido),1,12,1003
D-556,H_d replica sha3 0.12.0 sobre 556 B (x100; dividido),1,13,1003
D-556,H_d replica sha3 0.12.0 sobre 556 B (x100; dividido),1,14,1004
D-556,H_d replica sha3 0.12.0 sobre 556 B (x100; dividido),1,15,1028
D-556,H_d replica sha3 0.12.0 sobre 556 B (x100; dividido),1,16,1004
D-556,H_d replica sha3 0.12.0 sobre 556 B (x100; dividido),1,17,1005
D-556,H_d replica sha3 0.12.0 sobre 556 B (x100; dividido),1,18,1006
D-556,H_d replica sha3 0.12.0 sobre 556 B (x100; dividido),1,19,1006
D-556,H_d replica sha3 0.12.0 sobre 556 B (x100; dividido),1,20,1005
D-556,H_d replica sha3 0.12.0 sobre 556 B (x100; dividido),1,21,1005
D-556,H_d replica sha3 0.12.0 sobre 556 B (x100; dividido),1,22,1006
D-556,H_d replica sha3 0.12.0 sobre 556 B (x100; dividido),1,23,1006
D-556,H_d replica sha3 0.12.0 sobre 556 B (x100; dividido),1,24,1030
D-556,H_d replica sha3 0.12.0 sobre 556 B (x100; dividido),1,25,1006
D-556,H_d replica sha3 0.12.0 sobre 556 B (x100; dividido),1,26,1004
D-556,H_d replica sha3 0.12.0 sobre 556 B (x100; dividido),1,27,1003
D-556,H_d replica sha3 0.12.0 sobre 556 B (x100; dividido),1,28,1002
D-556,H_d replica sha3 0.12.0 sobre 556 B (x100; dividido),1,29,1003
D-556,H_d replica sha3 0.12.0 sobre 556 B (x100; dividido),1,30,1004
D-556,H_d replica sha3 0.12.0 sobre 556 B (x100; dividido),1,31,1003
D-556,H_d replica sha3 0.12.0 sobre 556 B (x100; dividido),1,32,1004
D-556,H_d replica sha3 0.12.0 sobre 556 B (x100; dividido),1,33,1007
D-556,H_d replica sha3 0.12.0 sobre 556 B (x100; dividido),1,34,1003
D-556,H_d replica sha3 0.12.0 sobre 556 B (x100; dividido),1,35,1003
D-556,H_d replica sha3 0.12.0 sobre 556 B (x100; dividido),1,36,1003
D-556,H_d replica sha3 0.12.0 sobre 556 B (x100; dividido),1,37,1004
D-556,H_d replica sha3 0.12.0 sobre 556 B (x100; dividido),1,38,1004
D-556,H_d replica sha3 0.12.0 sobre 556 B (x100; dividido),1,39,1003
D-556,H_d replica sha3 0.12.0 sobre 556 B (x100; dividido),1,40,1003
D-556,H_d replica sha3 0.12.0 sobre 556 B (x100; dividido),1,41,1004
D-556,H_d replica sha3 0.12.0 sobre 556 B (x100; dividido),1,42,1003
D-556,H_d replica sha3 0.12.0 sobre 556 B (x100; dividido),1,43,1024
D-556,H_d replica sha3 0.12.0 sobre 556 B (x100; dividido),1,44,1004
D-556,H_d replica sha3 0.12.0 sobre 556 B (x100; dividido),1,45,1004
D-556,H_d replica sha3 0.12.0 sobre 556 B (x100; dividido),1,46,1004
D-556,H_d replica sha3 0.12.0 sobre 556 B (x100; dividido),1,47,1004
D-556,H_d replica sha3 0.12.0 sobre 556 B (x100; dividido),1,48,1003
D-556,H_d replica sha3 0.12.0 sobre 556 B (x100; dividido),1,49,1003
D-556,H_d replica sha3 0.12.0 sobre 556 B (x100; dividido),1,50,1004
D-556,H_d replica sha3 0.12.0 sobre 556 B (x100; dividido),1,51,1003
D-556,H_d replica sha3 0.12.0 sobre 556 B (x100; dividido),1,52,1019
D-556,H_d replica sha3 0.12.0 sobre 556 B (x100; dividido),1,53,1004
D-556,H_d replica sha3 0.12.0 sobre 556 B (x100; dividido),1,54,1002
D-556,H_d replica sha3 0.12.0 sobre 556 B (x100; dividido),1,55,1003
D-556,H_d replica sha3 0.12.0 sobre 556 B (x100; dividido),1,56,1003
D-556,H_d replica sha3 0.12.0 sobre 556 B (x100; dividido),1,57,1002
D-556,H_d replica sha3 0.12.0 sobre 556 B (x100; dividido),1,58,1003
D-556,H_d replica sha3 0.12.0 sobre 556 B (x100; dividido),1,59,1004
D-556,H_d replica sha3 0.12.0 sobre 556 B (x100; dividido),1,60,1003
D-556,H_d replica sha3 0.12.0 sobre 556 B (x100; dividido),1,61,1008
D-556,H_d replica sha3 0.12.0 sobre 556 B (x100; dividido),1,62,1003
D-556,H_d replica sha3 0.12.0 sobre 556 B (x100; dividido),1,63,1004
D-556,H_d replica sha3 0.12.0 sobre 556 B (x100; dividido),1,64,1006
D-556,H_d replica sha3 0.12.0 sobre 556 B (x100; dividido),1,65,1006
D-556,H_d replica sha3 0.12.0 sobre 556 B (x100; dividido),1,66,1004
D-556,H_d replica sha3 0.12.0 sobre 556 B (x100; dividido),1,67,1005
D-556,H_d replica sha3 0.12.0 sobre 556 B (x100; dividido),1,68,1005
D-556,H_d replica sha3 0.12.0 sobre 556 B (x100; dividido),1,69,1005
D-556,H_d replica sha3 0.12.0 sobre 556 B (x100; dividido),1,70,1005
D-556,H_d replica sha3 0.12.0 sobre 556 B (x100; dividido),1,71,1020
D-556,H_d replica sha3 0.12.0 sobre 556 B (x100; dividido),1,72,1005
D-556,H_d replica sha3 0.12.0 sobre 556 B (x100; dividido),1,73,1006
D-556,H_d replica sha3 0.12.0 sobre 556 B (x100; dividido),1,74,1006
D-556,H_d replica sha3 0.12.0 sobre 556 B (x100; dividido),1,75,1005
D-556,H_d replica sha3 0.12.0 sobre 556 B (x100; dividido),1,76,1006
D-556,H_d replica sha3 0.12.0 sobre 556 B (x100; dividido),1,77,1005
D-556,H_d replica sha3 0.12.0 sobre 556 B (x100; dividido),1,78,1005
D-556,H_d replica sha3 0.12.0 sobre 556 B (x100; dividido),1,79,1005
D-556,H_d replica sha3 0.12.0 sobre 556 B (x100; dividido),1,80,1019
D-556,H_d replica sha3 0.12.0 sobre 556 B (x100; dividido),1,81,1005
D-556,H_d replica sha3 0.12.0 sobre 556 B (x100; dividido),1,82,1004
D-556,H_d replica sha3 0.12.0 sobre 556 B (x100; dividido),1,83,1004
D-556,H_d replica sha3 0.12.0 sobre 556 B (x100; dividido),1,84,1004
D-556,H_d replica sha3 0.12.0 sobre 556 B (x100; dividido),1,85,1005
D-556,H_d replica sha3 0.12.0 sobre 556 B (x100; dividido),1,86,1004
D-556,H_d replica sha3 0.12.0 sobre 556 B (x100; dividido),1,87,1006
D-556,H_d replica sha3 0.12.0 sobre 556 B (x100; dividido),1,88,1005
D-556,H_d replica sha3 0.12.0 sobre 556 B (x100; dividido),1,89,1005
D-556,H_d replica sha3 0.12.0 sobre 556 B (x100; dividido),1,90,1022
D-556,H_d replica sha3 0.12.0 sobre 556 B (x100; dividido),1,91,1005
D-556,H_d replica sha3 0.12.0 sobre 556 B (x100; dividido),1,92,1006
D-556,H_d replica sha3 0.12.0 sobre 556 B (x100; dividido),1,93,1005
D-556,H_d replica sha3 0.12.0 sobre 556 B (x100; dividido),1,94,1004
D-556,H_d replica sha3 0.12.0 sobre 556 B (x100; dividido),1,95,1005
D-556,H_d replica sha3 0.12.0 sobre 556 B (x100; dividido),1,96,1006
D-556,H_d replica sha3 0.12.0 sobre 556 B (x100; dividido),1,97,1005
D-556,H_d replica sha3 0.12.0 sobre 556 B (x100; dividido),1,98,1004
D-556,H_d replica sha3 0.12.0 sobre 556 B (x100; dividido),1,99,1018
D-556,H_d replica sha3 0.12.0 sobre 556 B (x100; dividido),1,100,1004
D-556,H_d replica sha3 0.12.0 sobre 556 B (x100; dividido),1,101,1005
D-556,H_d replica sha3 0.12.0 sobre 556 B (x100; dividido),1,102,1004
D-556,H_d replica sha3 0.12.0 sobre 556 B (x100; dividido),1,103,1003
D-556,H_d replica sha3 0.12.0 sobre 556 B (x100; dividido),1,104,1003
D-556,H_d replica sha3 0.12.0 sobre 556 B (x100; dividido),1,105,1002
D-556,H_d replica sha3 0.12.0 sobre 556 B (x100; dividido),1,106,1004
D-556,H_d replica sha3 0.12.0 sobre 556 B (x100; dividido),1,107,1003
D-556,H_d replica sha3 0.12.0 sobre 556 B (x100; dividido),1,108,1016
D-556,H_d replica sha3 0.12.0 sobre 556 B (x100; dividido),1,109,1003
D-556,H_d replica sha3 0.12.0 sobre 556 B (x100; dividido),1,110,1004
D-556,H_d replica sha3 0.12.0 sobre 556 B (x100; dividido),1,111,1004
D-556,H_d replica sha3 0.12.0 sobre 556 B (x100; dividido),1,112,1003
D-556,H_d replica sha3 0.12.0 sobre 556 B (x100; dividido),1,113,1004
D-556,H_d replica sha3 0.12.0 sobre 556 B (x100; dividido),1,114,1005
D-556,H_d replica sha3 0.12.0 sobre 556 B (x100; dividido),1,115,1005
D-556,H_d replica sha3 0.12.0 sobre 556 B (x100; dividido),1,116,1004
D-556,H_d replica sha3 0.12.0 sobre 556 B (x100; dividido),1,117,1005
D-556,H_d replica sha3 0.12.0 sobre 556 B (x100; dividido),1,118,1023
D-556,H_d replica sha3 0.12.0 sobre 556 B (x100; dividido),1,119,1006
D-556,H_d replica sha3 0.12.0 sobre 556 B (x100; dividido),1,120,1005
D-556,H_d replica sha3 0.12.0 sobre 556 B (x100; dividido),1,121,1005
D-556,H_d replica sha3 0.12.0 sobre 556 B (x100; dividido),1,122,1005
D-556,H_d replica sha3 0.12.0 sobre 556 B (x100; dividido),1,123,1005
D-556,H_d replica sha3 0.12.0 sobre 556 B (x100; dividido),1,124,1005
D-556,H_d replica sha3 0.12.0 sobre 556 B (x100; dividido),1,125,1005
D-556,H_d replica sha3 0.12.0 sobre 556 B (x100; dividido),1,126,1006
D-556,H_d replica sha3 0.12.0 sobre 556 B (x100; dividido),1,127,1023
D-556,H_d replica sha3 0.12.0 sobre 556 B (x100; dividido),1,128,1006
D-556,H_d replica sha3 0.12.0 sobre 556 B (x100; dividido),1,129,1006
D-556,H_d replica sha3 0.12.0 sobre 556 B (x100; dividido),1,130,1005
D-556,H_d replica sha3 0.12.0 sobre 556 B (x100; dividido),1,131,1004
D-556,H_d replica sha3 0.12.0 sobre 556 B (x100; dividido),1,132,1005
D-556,H_d replica sha3 0.12.0 sobre 556 B (x100; dividido),1,133,1004
D-556,H_d replica sha3 0.12.0 sobre 556 B (x100; dividido),1,134,1003
D-556,H_d replica sha3 0.12.0 sobre 556 B (x100; dividido),1,135,1004
D-556,H_d replica sha3 0.12.0 sobre 556 B (x100; dividido),1,136,1038
D-556,H_d replica sha3 0.12.0 sobre 556 B (x100; dividido),1,137,1004
D-556,H_d replica sha3 0.12.0 sobre 556 B (x100; dividido),1,138,1003
D-556,H_d replica sha3 0.12.0 sobre 556 B (x100; dividido),1,139,1001
D-556,H_d replica sha3 0.12.0 sobre 556 B (x100; dividido),1,140,1000
D-556,H_d replica sha3 0.12.0 sobre 556 B (x100; dividido),1,141,999
D-556,H_d replica sha3 0.12.0 sobre 556 B (x100; dividido),1,142,1001
D-556,H_d replica sha3 0.12.0 sobre 556 B (x100; dividido),1,143,1000
D-556,H_d replica sha3 0.12.0 sobre 556 B (x100; dividido),1,144,1000
D-556,H_d replica sha3 0.12.0 sobre 556 B (x100; dividido),1,145,1000
D-556,H_d replica sha3 0.12.0 sobre 556 B (x100; dividido),1,146,1016
D-556,H_d replica sha3 0.12.0 sobre 556 B (x100; dividido),1,147,999
D-556,H_d replica sha3 0.12.0 sobre 556 B (x100; dividido),1,148,1001
D-556,H_d replica sha3 0.12.0 sobre 556 B (x100; dividido),1,149,1003
D-556,H_d replica sha3 0.12.0 sobre 556 B (x100; dividido),1,150,1002
D-556,H_d replica sha3 0.12.0 sobre 556 B (x100; dividido),1,151,1002
D-556,H_d replica sha3 0.12.0 sobre 556 B (x100; dividido),1,152,1003
D-556,H_d replica sha3 0.12.0 sobre 556 B (x100; dividido),1,153,1003
D-556,H_d replica sha3 0.12.0 sobre 556 B (x100; dividido),1,154,1003
D-556,H_d replica sha3 0.12.0 sobre 556 B (x100; dividido),1,155,1026
D-556,H_d replica sha3 0.12.0 sobre 556 B (x100; dividido),1,156,1002
D-556,H_d replica sha3 0.12.0 sobre 556 B (x100; dividido),1,157,1005
D-556,H_d replica sha3 0.12.0 sobre 556 B (x100; dividido),1,158,1007
D-556,H_d replica sha3 0.12.0 sobre 556 B (x100; dividido),1,159,1005
D-556,H_d replica sha3 0.12.0 sobre 556 B (x100; dividido),1,160,1004
D-556,H_d replica sha3 0.12.0 sobre 556 B (x100; dividido),1,161,1005
D-556,H_d replica sha3 0.12.0 sobre 556 B (x100; dividido),1,162,1005
D-556,H_d replica sha3 0.12.0 sobre 556 B (x100; dividido),1,163,1006
D-556,H_d replica sha3 0.12.0 sobre 556 B (x100; dividido),1,164,1005
D-556,H_d replica sha3 0.12.0 sobre 556 B (x100; dividido),1,165,1017
D-556,H_d replica sha3 0.12.0 sobre 556 B (x100; dividido),1,166,1005
D-556,H_d replica sha3 0.12.0 sobre 556 B (x100; dividido),1,167,1006
D-556,H_d replica sha3 0.12.0 sobre 556 B (x100; dividido),1,168,1005
D-556,H_d replica sha3 0.12.0 sobre 556 B (x100; dividido),1,169,1005
D-556,H_d replica sha3 0.12.0 sobre 556 B (x100; dividido),1,170,1005
D-556,H_d replica sha3 0.12.0 sobre 556 B (x100; dividido),1,171,1005
D-556,H_d replica sha3 0.12.0 sobre 556 B (x100; dividido),1,172,1005
D-556,H_d replica sha3 0.12.0 sobre 556 B (x100; dividido),1,173,1005
D-556,H_d replica sha3 0.12.0 sobre 556 B (x100; dividido),1,174,1028
D-556,H_d replica sha3 0.12.0 sobre 556 B (x100; dividido),1,175,1005
D-556,H_d replica sha3 0.12.0 sobre 556 B (x100; dividido),1,176,1005
D-556,H_d replica sha3 0.12.0 sobre 556 B (x100; dividido),1,177,1005
D-556,H_d replica sha3 0.12.0 sobre 556 B (x100; dividido),1,178,1005
D-556,H_d replica sha3 0.12.0 sobre 556 B (x100; dividido),1,179,1005
D-556,H_d replica sha3 0.12.0 sobre 556 B (x100; dividido),1,180,1005
D-556,H_d replica sha3 0.12.0 sobre 556 B (x100; dividido),1,181,1004
D-556,H_d replica sha3 0.12.0 sobre 556 B (x100; dividido),1,182,1004
D-556,H_d replica sha3 0.12.0 sobre 556 B (x100; dividido),1,183,1021
D-556,H_d replica sha3 0.12.0 sobre 556 B (x100; dividido),1,184,1005
D-556,H_d replica sha3 0.12.0 sobre 556 B (x100; dividido),1,185,1004
D-556,H_d replica sha3 0.12.0 sobre 556 B (x100; dividido),1,186,1005
D-556,H_d replica sha3 0.12.0 sobre 556 B (x100; dividido),1,187,1005
D-556,H_d replica sha3 0.12.0 sobre 556 B (x100; dividido),1,188,1005
D-556,H_d replica sha3 0.12.0 sobre 556 B (x100; dividido),1,189,1005
D-556,H_d replica sha3 0.12.0 sobre 556 B (x100; dividido),1,190,1006
D-556,H_d replica sha3 0.12.0 sobre 556 B (x100; dividido),1,191,1007
D-556,H_d replica sha3 0.12.0 sobre 556 B (x100; dividido),1,192,1005
D-556,H_d replica sha3 0.12.0 sobre 556 B (x100; dividido),1,193,1027
D-556,H_d replica sha3 0.12.0 sobre 556 B (x100; dividido),1,194,1005
D-556,H_d replica sha3 0.12.0 sobre 556 B (x100; dividido),1,195,1004
D-556,H_d replica sha3 0.12.0 sobre 556 B (x100; dividido),1,196,1005
D-556,H_d replica sha3 0.12.0 sobre 556 B (x100; dividido),1,197,1004
D-556,H_d replica sha3 0.12.0 sobre 556 B (x100; dividido),1,198,1005
D-556,H_d replica sha3 0.12.0 sobre 556 B (x100; dividido),1,199,1005
D-556,H_d replica sha3 0.12.0 sobre 556 B (x100; dividido),1,200,1005
D-556,H_d replica sha3 0.12.0 sobre 556 B (x100; dividido),1,201,1005
D-556,H_d replica sha3 0.12.0 sobre 556 B (x100; dividido),1,202,1031
D-556,H_d replica sha3 0.12.0 sobre 556 B (x100; dividido),1,203,1005
D-556,H_d replica sha3 0.12.0 sobre 556 B (x100; dividido),1,204,1005
D-556,H_d replica sha3 0.12.0 sobre 556 B (x100; dividido),1,205,1004
D-556,H_d replica sha3 0.12.0 sobre 556 B (x100; dividido),1,206,1005
D-556,H_d replica sha3 0.12.0 sobre 556 B (x100; dividido),1,207,1004
D-556,H_d replica sha3 0.12.0 sobre 556 B (x100; dividido),1,208,1005
D-556,H_d replica sha3 0.12.0 sobre 556 B (x100; dividido),1,209,1004
D-556,H_d replica sha3 0.12.0 sobre 556 B (x100; dividido),1,210,1005
D-556,H_d replica sha3 0.12.0 sobre 556 B (x100; dividido),1,211,1031
D-556,H_d replica sha3 0.12.0 sobre 556 B (x100; dividido),1,212,1005
D-556,H_d replica sha3 0.12.0 sobre 556 B (x100; dividido),1,213,1004
D-556,H_d replica sha3 0.12.0 sobre 556 B (x100; dividido),1,214,1005
D-556,H_d replica sha3 0.12.0 sobre 556 B (x100; dividido),1,215,1005
D-556,H_d replica sha3 0.12.0 sobre 556 B (x100; dividido),1,216,1004
D-556,H_d replica sha3 0.12.0 sobre 556 B (x100; dividido),1,217,1004
D-556,H_d replica sha3 0.12.0 sobre 556 B (x100; dividido),1,218,1005
D-556,H_d replica sha3 0.12.0 sobre 556 B (x100; dividido),1,219,1004
D-556,H_d replica sha3 0.12.0 sobre 556 B (x100; dividido),1,220,1004
D-556,H_d replica sha3 0.12.0 sobre 556 B (x100; dividido),1,221,1021
D-556,H_d replica sha3 0.12.0 sobre 556 B (x100; dividido),1,222,1004
D-556,H_d replica sha3 0.12.0 sobre 556 B (x100; dividido),1,223,1005
D-556,H_d replica sha3 0.12.0 sobre 556 B (x100; dividido),1,224,1003
D-556,H_d replica sha3 0.12.0 sobre 556 B (x100; dividido),1,225,1005
D-556,H_d replica sha3 0.12.0 sobre 556 B (x100; dividido),1,226,1004
D-556,H_d replica sha3 0.12.0 sobre 556 B (x100; dividido),1,227,1004
D-556,H_d replica sha3 0.12.0 sobre 556 B (x100; dividido),1,228,1004
D-556,H_d replica sha3 0.12.0 sobre 556 B (x100; dividido),1,229,1004
D-556,H_d replica sha3 0.12.0 sobre 556 B (x100; dividido),1,230,1027
D-556,H_d replica sha3 0.12.0 sobre 556 B (x100; dividido),1,231,1004
D-556,H_d replica sha3 0.12.0 sobre 556 B (x100; dividido),1,232,1003
D-556,H_d replica sha3 0.12.0 sobre 556 B (x100; dividido),1,233,1002
D-556,H_d replica sha3 0.12.0 sobre 556 B (x100; dividido),1,234,1002
D-556,H_d replica sha3 0.12.0 sobre 556 B (x100; dividido),1,235,1002
D-556,H_d replica sha3 0.12.0 sobre 556 B (x100; dividido),1,236,1002
D-556,H_d replica sha3 0.12.0 sobre 556 B (x100; dividido),1,237,1002
D-556,H_d replica sha3 0.12.0 sobre 556 B (x100; dividido),1,238,1001
D-556,H_d replica sha3 0.12.0 sobre 556 B (x100; dividido),1,239,1007
D-556,H_d replica sha3 0.12.0 sobre 556 B (x100; dividido),1,240,1003
D-556,H_d replica sha3 0.12.0 sobre 556 B (x100; dividido),1,241,1003
D-556,H_d replica sha3 0.12.0 sobre 556 B (x100; dividido),1,242,1005
D-556,H_d replica sha3 0.12.0 sobre 556 B (x100; dividido),1,243,1004
D-556,H_d replica sha3 0.12.0 sobre 556 B (x100; dividido),1,244,1005
D-556,H_d replica sha3 0.12.0 sobre 556 B (x100; dividido),1,245,1004
D-556,H_d replica sha3 0.12.0 sobre 556 B (x100; dividido),1,246,1004
D-556,H_d replica sha3 0.12.0 sobre 556 B (x100; dividido),1,247,1005
D-556,H_d replica sha3 0.12.0 sobre 556 B (x100; dividido),1,248,1005
D-556,H_d replica sha3 0.12.0 sobre 556 B (x100; dividido),1,249,1028
D-556,H_d replica sha3 0.12.0 sobre 556 B (x100; dividido),1,250,1006
D-556,H_d replica sha3 0.12.0 sobre 556 B (x100; dividido),1,251,1005
D-556,H_d replica sha3 0.12.0 sobre 556 B (x100; dividido),1,252,1005
D-556,H_d replica sha3 0.12.0 sobre 556 B (x100; dividido),1,253,1005
D-556,H_d replica sha3 0.12.0 sobre 556 B (x100; dividido),1,254,1004
D-556,H_d replica sha3 0.12.0 sobre 556 B (x100; dividido),1,255,1004
D-556,H_d replica sha3 0.12.0 sobre 556 B (x100; dividido),1,256,1005
D-556,H_d replica sha3 0.12.0 sobre 556 B (x100; dividido),1,257,1005
D-556,H_d replica sha3 0.12.0 sobre 556 B (x100; dividido),1,258,1027
D-556,H_d replica sha3 0.12.0 sobre 556 B (x100; dividido),1,259,1005
D-556,H_d replica sha3 0.12.0 sobre 556 B (x100; dividido),1,260,1005
D-556,H_d replica sha3 0.12.0 sobre 556 B (x100; dividido),1,261,1004
D-556,H_d replica sha3 0.12.0 sobre 556 B (x100; dividido),1,262,1004
D-556,H_d replica sha3 0.12.0 sobre 556 B (x100; dividido),1,263,1004
D-556,H_d replica sha3 0.12.0 sobre 556 B (x100; dividido),1,264,1004
D-556,H_d replica sha3 0.12.0 sobre 556 B (x100; dividido),1,265,1005
D-556,H_d replica sha3 0.12.0 sobre 556 B (x100; dividido),1,266,1004
D-556,H_d replica sha3 0.12.0 sobre 556 B (x100; dividido),1,267,1005
D-556,H_d replica sha3 0.12.0 sobre 556 B (x100; dividido),1,268,1014
D-556,H_d replica sha3 0.12.0 sobre 556 B (x100; dividido),1,269,1004
D-556,H_d replica sha3 0.12.0 sobre 556 B (x100; dividido),1,270,1004
D-556,H_d replica sha3 0.12.0 sobre 556 B (x100; dividido),1,271,1005
D-556,H_d replica sha3 0.12.0 sobre 556 B (x100; dividido),1,272,1004
D-556,H_d replica sha3 0.12.0 sobre 556 B (x100; dividido),1,273,1005
D-556,H_d replica sha3 0.12.0 sobre 556 B (x100; dividido),1,274,1005
D-556,H_d replica sha3 0.12.0 sobre 556 B (x100; dividido),1,275,1004
D-556,H_d replica sha3 0.12.0 sobre 556 B (x100; dividido),1,276,1005
D-556,H_d replica sha3 0.12.0 sobre 556 B (x100; dividido),1,277,1022
D-556,H_d replica sha3 0.12.0 sobre 556 B (x100; dividido),1,278,1005
D-556,H_d replica sha3 0.12.0 sobre 556 B (x100; dividido),1,279,1004
D-556,H_d replica sha3 0.12.0 sobre 556 B (x100; dividido),1,280,1003
D-556,H_d replica sha3 0.12.0 sobre 556 B (x100; dividido),1,281,1004
D-556,H_d replica sha3 0.12.0 sobre 556 B (x100; dividido),1,282,1004
D-556,H_d replica sha3 0.12.0 sobre 556 B (x100; dividido),1,283,1004
D-556,H_d replica sha3 0.12.0 sobre 556 B (x100; dividido),1,284,1079
D-556,H_d replica sha3 0.12.0 sobre 556 B (x100; dividido),1,285,1236
D-556,H_d replica sha3 0.12.0 sobre 556 B (x100; dividido),1,286,1031
D-556,H_d replica sha3 0.12.0 sobre 556 B (x100; dividido),1,287,1004
D-556,H_d replica sha3 0.12.0 sobre 556 B (x100; dividido),1,288,1004
D-556,H_d replica sha3 0.12.0 sobre 556 B (x100; dividido),1,289,1004
D-556,H_d replica sha3 0.12.0 sobre 556 B (x100; dividido),1,290,1143
D-556,H_d replica sha3 0.12.0 sobre 556 B (x100; dividido),1,291,1370
D-556,H_d replica sha3 0.12.0 sobre 556 B (x100; dividido),1,292,1377
D-556,H_d replica sha3 0.12.0 sobre 556 B (x100; dividido),1,293,1220
D-556,H_d replica sha3 0.12.0 sobre 556 B (x100; dividido),1,294,1024
D-556,H_d replica sha3 0.12.0 sobre 556 B (x100; dividido),1,295,1006
D-556,H_d replica sha3 0.12.0 sobre 556 B (x100; dividido),1,296,1005
D-556,H_d replica sha3 0.12.0 sobre 556 B (x100; dividido),1,297,1005
D-556,H_d replica sha3 0.12.0 sobre 556 B (x100; dividido),1,298,1003
D-556,H_d replica sha3 0.12.0 sobre 556 B (x100; dividido),1,299,1003
E-571,merkle_root 571 txids,1,0,123418
E-571,merkle_root 571 txids,1,1,136428
E-571,merkle_root 571 txids,1,2,123467
E-571,merkle_root 571 txids,1,3,123508
E-571,merkle_root 571 txids,1,4,123147
E-571,merkle_root 571 txids,1,5,123328
E-571,merkle_root 571 txids,1,6,123278
E-571,merkle_root 571 txids,1,7,123488
E-571,merkle_root 571 txids,1,8,123598
E-571,merkle_root 571 txids,1,9,125928
E-571,merkle_root 571 txids,1,10,127248
E-571,merkle_root 571 txids,1,11,148757
E-571,merkle_root 571 txids,1,12,123588
E-571,merkle_root 571 txids,1,13,123577
E-571,merkle_root 571 txids,1,14,123488
E-571,merkle_root 571 txids,1,15,123477
E-571,merkle_root 571 txids,1,16,126678
E-571,merkle_root 571 txids,1,17,123357
E-571,merkle_root 571 txids,1,18,123528
E-571,merkle_root 571 txids,1,19,123227
E-571,merkle_root 571 txids,1,20,123338
E-571,merkle_root 571 txids,1,21,123378
E-571,merkle_root 571 txids,1,22,123238
E-571,merkle_root 571 txids,1,23,123358
E-571,merkle_root 571 txids,1,24,126048
E-571,merkle_root 571 txids,1,25,123318
E-571,merkle_root 571 txids,1,26,123477
E-571,merkle_root 571 txids,1,27,123458
E-571,merkle_root 571 txids,1,28,123067
E-571,merkle_root 571 txids,1,29,123308
E-571,merkle_root 571 txids,1,30,123217
E-571,merkle_root 571 txids,1,31,123188
E-571,merkle_root 571 txids,1,32,125927
E-571,merkle_root 571 txids,1,33,124368
E-571,merkle_root 571 txids,1,34,123857
E-571,merkle_root 571 txids,1,35,123688
E-571,merkle_root 571 txids,1,36,123407
E-571,merkle_root 571 txids,1,37,123608
E-571,merkle_root 571 txids,1,38,123597
E-571,merkle_root 571 txids,1,39,125518
E-571,merkle_root 571 txids,1,40,123647
E-571,merkle_root 571 txids,1,41,123658
E-571,merkle_root 571 txids,1,42,123297
E-571,merkle_root 571 txids,1,43,123318
E-571,merkle_root 571 txids,1,44,123197
E-571,merkle_root 571 txids,1,45,123298
E-571,merkle_root 571 txids,1,46,123188
E-571,merkle_root 571 txids,1,47,126358
E-571,merkle_root 571 txids,1,48,123328
E-571,merkle_root 571 txids,1,49,123408
E-571,merkle_root 571 txids,1,50,123358
E-571,merkle_root 571 txids,1,51,123167
E-571,merkle_root 571 txids,1,52,123258
E-571,merkle_root 571 txids,1,53,123277
E-571,merkle_root 571 txids,1,54,123128
E-571,merkle_root 571 txids,1,55,125957
E-571,merkle_root 571 txids,1,56,123298
E-571,merkle_root 571 txids,1,57,123517
E-571,merkle_root 571 txids,1,58,123438
E-571,merkle_root 571 txids,1,59,123397
E-571,merkle_root 571 txids,1,60,123428
E-571,merkle_root 571 txids,1,61,123417
E-571,merkle_root 571 txids,1,62,123768
E-571,merkle_root 571 txids,1,63,125007
E-571,merkle_root 571 txids,1,64,123448
E-571,merkle_root 571 txids,1,65,123437
E-571,merkle_root 571 txids,1,66,123458
E-571,merkle_root 571 txids,1,67,123068
E-571,merkle_root 571 txids,1,68,123478
E-571,merkle_root 571 txids,1,69,123398
E-571,merkle_root 571 txids,1,70,124758
E-571,merkle_root 571 txids,1,71,123208
E-571,merkle_root 571 txids,1,72,123107
E-571,merkle_root 571 txids,1,73,123158
E-571,merkle_root 571 txids,1,74,123297
E-571,merkle_root 571 txids,1,75,123118
E-571,merkle_root 571 txids,1,76,123277
E-571,merkle_root 571 txids,1,77,123088
E-571,merkle_root 571 txids,1,78,124647
E-571,merkle_root 571 txids,1,79,123098
E-571,merkle_root 571 txids,1,80,123277
E-571,merkle_root 571 txids,1,81,123218
E-571,merkle_root 571 txids,1,82,123177
E-571,merkle_root 571 txids,1,83,123428
E-571,merkle_root 571 txids,1,84,123277
E-571,merkle_root 571 txids,1,85,123198
E-571,merkle_root 571 txids,1,86,124688
E-571,merkle_root 571 txids,1,87,123348
E-571,merkle_root 571 txids,1,88,123128
E-571,merkle_root 571 txids,1,89,123208
E-571,merkle_root 571 txids,1,90,122998
E-571,merkle_root 571 txids,1,91,123157
E-571,merkle_root 571 txids,1,92,123288
E-571,merkle_root 571 txids,1,93,124547
E-571,merkle_root 571 txids,1,94,123318
E-571,merkle_root 571 txids,1,95,123207
E-571,merkle_root 571 txids,1,96,123308
E-571,merkle_root 571 txids,1,97,123407
E-571,merkle_root 571 txids,1,98,123228
E-571,merkle_root 571 txids,1,99,123328
E-4464,merkle_root 4464 txids (techo Q1),1,0,956792
E-4464,merkle_root 4464 txids (techo Q1),1,1,957221
E-4464,merkle_root 4464 txids (techo Q1),1,2,956042
E-4464,merkle_root 4464 txids (techo Q1),1,3,957401
E-4464,merkle_root 4464 txids (techo Q1),1,4,958562
E-4464,merkle_root 4464 txids (techo Q1),1,5,958922
E-4464,merkle_root 4464 txids (techo Q1),1,6,958521
E-4464,merkle_root 4464 txids (techo Q1),1,7,956152
E-4464,merkle_root 4464 txids (techo Q1),1,8,959601
E-4464,merkle_root 4464 txids (techo Q1),1,9,956102
E-4464,merkle_root 4464 txids (techo Q1),1,10,956822
E-4464,merkle_root 4464 txids (techo Q1),1,11,956291
E-4464,merkle_root 4464 txids (techo Q1),1,12,956572
E-4464,merkle_root 4464 txids (techo Q1),1,13,955522
E-4464,merkle_root 4464 txids (techo Q1),1,14,954342
E-4464,merkle_root 4464 txids (techo Q1),1,15,956512
E-4464,merkle_root 4464 txids (techo Q1),1,16,958821
E-4464,merkle_root 4464 txids (techo Q1),1,17,956732
E-4464,merkle_root 4464 txids (techo Q1),1,18,955592
E-4464,merkle_root 4464 txids (techo Q1),1,19,957291
E-4464,merkle_root 4464 txids (techo Q1),1,20,956682
E-4464,merkle_root 4464 txids (techo Q1),1,21,957441
E-4464,merkle_root 4464 txids (techo Q1),1,22,955962
E-4464,merkle_root 4464 txids (techo Q1),1,23,955502
E-4464,merkle_root 4464 txids (techo Q1),1,24,956641
E-4464,merkle_root 4464 txids (techo Q1),1,25,954802
E-4464,merkle_root 4464 txids (techo Q1),1,26,956722
E-4464,merkle_root 4464 txids (techo Q1),1,27,957992
E-4464,merkle_root 4464 txids (techo Q1),1,28,955632
E-4464,merkle_root 4464 txids (techo Q1),1,29,956211
F-1,justificacion PoT vs cache; 1 slot x128 B (x10000; dividido),1,0,1
F-1,justificacion PoT vs cache; 1 slot x128 B (x10000; dividido),1,1,1
F-1,justificacion PoT vs cache; 1 slot x128 B (x10000; dividido),1,2,1
F-1,justificacion PoT vs cache; 1 slot x128 B (x10000; dividido),1,3,1
F-1,justificacion PoT vs cache; 1 slot x128 B (x10000; dividido),1,4,1
F-1,justificacion PoT vs cache; 1 slot x128 B (x10000; dividido),1,5,1
F-1,justificacion PoT vs cache; 1 slot x128 B (x10000; dividido),1,6,1
F-1,justificacion PoT vs cache; 1 slot x128 B (x10000; dividido),1,7,1
F-1,justificacion PoT vs cache; 1 slot x128 B (x10000; dividido),1,8,1
F-1,justificacion PoT vs cache; 1 slot x128 B (x10000; dividido),1,9,1
F-1,justificacion PoT vs cache; 1 slot x128 B (x10000; dividido),1,10,1
F-1,justificacion PoT vs cache; 1 slot x128 B (x10000; dividido),1,11,1
F-1,justificacion PoT vs cache; 1 slot x128 B (x10000; dividido),1,12,1
F-1,justificacion PoT vs cache; 1 slot x128 B (x10000; dividido),1,13,1
F-1,justificacion PoT vs cache; 1 slot x128 B (x10000; dividido),1,14,1
F-1,justificacion PoT vs cache; 1 slot x128 B (x10000; dividido),1,15,1
F-1,justificacion PoT vs cache; 1 slot x128 B (x10000; dividido),1,16,1
F-1,justificacion PoT vs cache; 1 slot x128 B (x10000; dividido),1,17,1
F-1,justificacion PoT vs cache; 1 slot x128 B (x10000; dividido),1,18,1
F-1,justificacion PoT vs cache; 1 slot x128 B (x10000; dividido),1,19,1
F-1,justificacion PoT vs cache; 1 slot x128 B (x10000; dividido),1,20,1
F-1,justificacion PoT vs cache; 1 slot x128 B (x10000; dividido),1,21,1
F-1,justificacion PoT vs cache; 1 slot x128 B (x10000; dividido),1,22,1
F-1,justificacion PoT vs cache; 1 slot x128 B (x10000; dividido),1,23,1
F-1,justificacion PoT vs cache; 1 slot x128 B (x10000; dividido),1,24,1
F-1,justificacion PoT vs cache; 1 slot x128 B (x10000; dividido),1,25,1
F-1,justificacion PoT vs cache; 1 slot x128 B (x10000; dividido),1,26,1
F-1,justificacion PoT vs cache; 1 slot x128 B (x10000; dividido),1,27,1
F-1,justificacion PoT vs cache; 1 slot x128 B (x10000; dividido),1,28,1
F-1,justificacion PoT vs cache; 1 slot x128 B (x10000; dividido),1,29,1
F-1,justificacion PoT vs cache; 1 slot x128 B (x10000; dividido),1,30,1
F-1,justificacion PoT vs cache; 1 slot x128 B (x10000; dividido),1,31,1
F-1,justificacion PoT vs cache; 1 slot x128 B (x10000; dividido),1,32,1
F-1,justificacion PoT vs cache; 1 slot x128 B (x10000; dividido),1,33,1
F-1,justificacion PoT vs cache; 1 slot x128 B (x10000; dividido),1,34,1
F-1,justificacion PoT vs cache; 1 slot x128 B (x10000; dividido),1,35,1
F-1,justificacion PoT vs cache; 1 slot x128 B (x10000; dividido),1,36,1
F-1,justificacion PoT vs cache; 1 slot x128 B (x10000; dividido),1,37,1
F-1,justificacion PoT vs cache; 1 slot x128 B (x10000; dividido),1,38,1
F-1,justificacion PoT vs cache; 1 slot x128 B (x10000; dividido),1,39,1
F-1,justificacion PoT vs cache; 1 slot x128 B (x10000; dividido),1,40,1
F-1,justificacion PoT vs cache; 1 slot x128 B (x10000; dividido),1,41,1
F-1,justificacion PoT vs cache; 1 slot x128 B (x10000; dividido),1,42,1
F-1,justificacion PoT vs cache; 1 slot x128 B (x10000; dividido),1,43,1
F-1,justificacion PoT vs cache; 1 slot x128 B (x10000; dividido),1,44,1
F-1,justificacion PoT vs cache; 1 slot x128 B (x10000; dividido),1,45,1
F-1,justificacion PoT vs cache; 1 slot x128 B (x10000; dividido),1,46,1
F-1,justificacion PoT vs cache; 1 slot x128 B (x10000; dividido),1,47,1
F-1,justificacion PoT vs cache; 1 slot x128 B (x10000; dividido),1,48,1
F-1,justificacion PoT vs cache; 1 slot x128 B (x10000; dividido),1,49,1
F-1,justificacion PoT vs cache; 1 slot x128 B (x10000; dividido),1,50,1
F-1,justificacion PoT vs cache; 1 slot x128 B (x10000; dividido),1,51,1
F-1,justificacion PoT vs cache; 1 slot x128 B (x10000; dividido),1,52,1
F-1,justificacion PoT vs cache; 1 slot x128 B (x10000; dividido),1,53,1
F-1,justificacion PoT vs cache; 1 slot x128 B (x10000; dividido),1,54,1
F-1,justificacion PoT vs cache; 1 slot x128 B (x10000; dividido),1,55,1
F-1,justificacion PoT vs cache; 1 slot x128 B (x10000; dividido),1,56,1
F-1,justificacion PoT vs cache; 1 slot x128 B (x10000; dividido),1,57,1
F-1,justificacion PoT vs cache; 1 slot x128 B (x10000; dividido),1,58,1
F-1,justificacion PoT vs cache; 1 slot x128 B (x10000; dividido),1,59,1
F-1,justificacion PoT vs cache; 1 slot x128 B (x10000; dividido),1,60,1
F-1,justificacion PoT vs cache; 1 slot x128 B (x10000; dividido),1,61,1
F-1,justificacion PoT vs cache; 1 slot x128 B (x10000; dividido),1,62,1
F-1,justificacion PoT vs cache; 1 slot x128 B (x10000; dividido),1,63,1
F-1,justificacion PoT vs cache; 1 slot x128 B (x10000; dividido),1,64,1
F-1,justificacion PoT vs cache; 1 slot x128 B (x10000; dividido),1,65,1
F-1,justificacion PoT vs cache; 1 slot x128 B (x10000; dividido),1,66,1
F-1,justificacion PoT vs cache; 1 slot x128 B (x10000; dividido),1,67,1
F-1,justificacion PoT vs cache; 1 slot x128 B (x10000; dividido),1,68,1
F-1,justificacion PoT vs cache; 1 slot x128 B (x10000; dividido),1,69,1
F-1,justificacion PoT vs cache; 1 slot x128 B (x10000; dividido),1,70,1
F-1,justificacion PoT vs cache; 1 slot x128 B (x10000; dividido),1,71,1
F-1,justificacion PoT vs cache; 1 slot x128 B (x10000; dividido),1,72,1
F-1,justificacion PoT vs cache; 1 slot x128 B (x10000; dividido),1,73,1
F-1,justificacion PoT vs cache; 1 slot x128 B (x10000; dividido),1,74,1
F-1,justificacion PoT vs cache; 1 slot x128 B (x10000; dividido),1,75,1
F-1,justificacion PoT vs cache; 1 slot x128 B (x10000; dividido),1,76,1
F-1,justificacion PoT vs cache; 1 slot x128 B (x10000; dividido),1,77,1
F-1,justificacion PoT vs cache; 1 slot x128 B (x10000; dividido),1,78,1
F-1,justificacion PoT vs cache; 1 slot x128 B (x10000; dividido),1,79,1
F-1,justificacion PoT vs cache; 1 slot x128 B (x10000; dividido),1,80,1
F-1,justificacion PoT vs cache; 1 slot x128 B (x10000; dividido),1,81,1
F-1,justificacion PoT vs cache; 1 slot x128 B (x10000; dividido),1,82,1
F-1,justificacion PoT vs cache; 1 slot x128 B (x10000; dividido),1,83,1
F-1,justificacion PoT vs cache; 1 slot x128 B (x10000; dividido),1,84,1
F-1,justificacion PoT vs cache; 1 slot x128 B (x10000; dividido),1,85,1
F-1,justificacion PoT vs cache; 1 slot x128 B (x10000; dividido),1,86,1
F-1,justificacion PoT vs cache; 1 slot x128 B (x10000; dividido),1,87,1
F-1,justificacion PoT vs cache; 1 slot x128 B (x10000; dividido),1,88,1
F-1,justificacion PoT vs cache; 1 slot x128 B (x10000; dividido),1,89,1
F-1,justificacion PoT vs cache; 1 slot x128 B (x10000; dividido),1,90,1
F-1,justificacion PoT vs cache; 1 slot x128 B (x10000; dividido),1,91,1
F-1,justificacion PoT vs cache; 1 slot x128 B (x10000; dividido),1,92,1
F-1,justificacion PoT vs cache; 1 slot x128 B (x10000; dividido),1,93,1
F-1,justificacion PoT vs cache; 1 slot x128 B (x10000; dividido),1,94,1
F-1,justificacion PoT vs cache; 1 slot x128 B (x10000; dividido),1,95,1
F-1,justificacion PoT vs cache; 1 slot x128 B (x10000; dividido),1,96,1
F-1,justificacion PoT vs cache; 1 slot x128 B (x10000; dividido),1,97,1
F-1,justificacion PoT vs cache; 1 slot x128 B (x10000; dividido),1,98,1
F-1,justificacion PoT vs cache; 1 slot x128 B (x10000; dividido),1,99,1
F-1,justificacion PoT vs cache; 1 slot x128 B (x10000; dividido),1,100,1
F-1,justificacion PoT vs cache; 1 slot x128 B (x10000; dividido),1,101,1
F-1,justificacion PoT vs cache; 1 slot x128 B (x10000; dividido),1,102,1
F-1,justificacion PoT vs cache; 1 slot x128 B (x10000; dividido),1,103,1
F-1,justificacion PoT vs cache; 1 slot x128 B (x10000; dividido),1,104,1
F-1,justificacion PoT vs cache; 1 slot x128 B (x10000; dividido),1,105,1
F-1,justificacion PoT vs cache; 1 slot x128 B (x10000; dividido),1,106,1
F-1,justificacion PoT vs cache; 1 slot x128 B (x10000; dividido),1,107,1
F-1,justificacion PoT vs cache; 1 slot x128 B (x10000; dividido),1,108,1
F-1,justificacion PoT vs cache; 1 slot x128 B (x10000; dividido),1,109,1
F-1,justificacion PoT vs cache; 1 slot x128 B (x10000; dividido),1,110,1
F-1,justificacion PoT vs cache; 1 slot x128 B (x10000; dividido),1,111,1
F-1,justificacion PoT vs cache; 1 slot x128 B (x10000; dividido),1,112,1
F-1,justificacion PoT vs cache; 1 slot x128 B (x10000; dividido),1,113,1
F-1,justificacion PoT vs cache; 1 slot x128 B (x10000; dividido),1,114,1
F-1,justificacion PoT vs cache; 1 slot x128 B (x10000; dividido),1,115,1
F-1,justificacion PoT vs cache; 1 slot x128 B (x10000; dividido),1,116,1
F-1,justificacion PoT vs cache; 1 slot x128 B (x10000; dividido),1,117,1
F-1,justificacion PoT vs cache; 1 slot x128 B (x10000; dividido),1,118,1
F-1,justificacion PoT vs cache; 1 slot x128 B (x10000; dividido),1,119,1
F-1,justificacion PoT vs cache; 1 slot x128 B (x10000; dividido),1,120,1
F-1,justificacion PoT vs cache; 1 slot x128 B (x10000; dividido),1,121,1
F-1,justificacion PoT vs cache; 1 slot x128 B (x10000; dividido),1,122,1
F-1,justificacion PoT vs cache; 1 slot x128 B (x10000; dividido),1,123,1
F-1,justificacion PoT vs cache; 1 slot x128 B (x10000; dividido),1,124,1
F-1,justificacion PoT vs cache; 1 slot x128 B (x10000; dividido),1,125,1
F-1,justificacion PoT vs cache; 1 slot x128 B (x10000; dividido),1,126,1
F-1,justificacion PoT vs cache; 1 slot x128 B (x10000; dividido),1,127,1
F-1,justificacion PoT vs cache; 1 slot x128 B (x10000; dividido),1,128,1
F-1,justificacion PoT vs cache; 1 slot x128 B (x10000; dividido),1,129,1
F-1,justificacion PoT vs cache; 1 slot x128 B (x10000; dividido),1,130,1
F-1,justificacion PoT vs cache; 1 slot x128 B (x10000; dividido),1,131,1
F-1,justificacion PoT vs cache; 1 slot x128 B (x10000; dividido),1,132,1
F-1,justificacion PoT vs cache; 1 slot x128 B (x10000; dividido),1,133,1
F-1,justificacion PoT vs cache; 1 slot x128 B (x10000; dividido),1,134,1
F-1,justificacion PoT vs cache; 1 slot x128 B (x10000; dividido),1,135,1
F-1,justificacion PoT vs cache; 1 slot x128 B (x10000; dividido),1,136,1
F-1,justificacion PoT vs cache; 1 slot x128 B (x10000; dividido),1,137,1
F-1,justificacion PoT vs cache; 1 slot x128 B (x10000; dividido),1,138,1
F-1,justificacion PoT vs cache; 1 slot x128 B (x10000; dividido),1,139,1
F-1,justificacion PoT vs cache; 1 slot x128 B (x10000; dividido),1,140,1
F-1,justificacion PoT vs cache; 1 slot x128 B (x10000; dividido),1,141,1
F-1,justificacion PoT vs cache; 1 slot x128 B (x10000; dividido),1,142,1
F-1,justificacion PoT vs cache; 1 slot x128 B (x10000; dividido),1,143,1
F-1,justificacion PoT vs cache; 1 slot x128 B (x10000; dividido),1,144,1
F-1,justificacion PoT vs cache; 1 slot x128 B (x10000; dividido),1,145,1
F-1,justificacion PoT vs cache; 1 slot x128 B (x10000; dividido),1,146,1
F-1,justificacion PoT vs cache; 1 slot x128 B (x10000; dividido),1,147,1
F-1,justificacion PoT vs cache; 1 slot x128 B (x10000; dividido),1,148,1
F-1,justificacion PoT vs cache; 1 slot x128 B (x10000; dividido),1,149,1
F-1,justificacion PoT vs cache; 1 slot x128 B (x10000; dividido),1,150,1
F-1,justificacion PoT vs cache; 1 slot x128 B (x10000; dividido),1,151,1
F-1,justificacion PoT vs cache; 1 slot x128 B (x10000; dividido),1,152,1
F-1,justificacion PoT vs cache; 1 slot x128 B (x10000; dividido),1,153,1
F-1,justificacion PoT vs cache; 1 slot x128 B (x10000; dividido),1,154,1
F-1,justificacion PoT vs cache; 1 slot x128 B (x10000; dividido),1,155,1
F-1,justificacion PoT vs cache; 1 slot x128 B (x10000; dividido),1,156,1
F-1,justificacion PoT vs cache; 1 slot x128 B (x10000; dividido),1,157,1
F-1,justificacion PoT vs cache; 1 slot x128 B (x10000; dividido),1,158,1
F-1,justificacion PoT vs cache; 1 slot x128 B (x10000; dividido),1,159,1
F-1,justificacion PoT vs cache; 1 slot x128 B (x10000; dividido),1,160,1
F-1,justificacion PoT vs cache; 1 slot x128 B (x10000; dividido),1,161,1
F-1,justificacion PoT vs cache; 1 slot x128 B (x10000; dividido),1,162,1
F-1,justificacion PoT vs cache; 1 slot x128 B (x10000; dividido),1,163,1
F-1,justificacion PoT vs cache; 1 slot x128 B (x10000; dividido),1,164,1
F-1,justificacion PoT vs cache; 1 slot x128 B (x10000; dividido),1,165,1
F-1,justificacion PoT vs cache; 1 slot x128 B (x10000; dividido),1,166,1
F-1,justificacion PoT vs cache; 1 slot x128 B (x10000; dividido),1,167,1
F-1,justificacion PoT vs cache; 1 slot x128 B (x10000; dividido),1,168,1
F-1,justificacion PoT vs cache; 1 slot x128 B (x10000; dividido),1,169,1
F-1,justificacion PoT vs cache; 1 slot x128 B (x10000; dividido),1,170,1
F-1,justificacion PoT vs cache; 1 slot x128 B (x10000; dividido),1,171,1
F-1,justificacion PoT vs cache; 1 slot x128 B (x10000; dividido),1,172,1
F-1,justificacion PoT vs cache; 1 slot x128 B (x10000; dividido),1,173,1
F-1,justificacion PoT vs cache; 1 slot x128 B (x10000; dividido),1,174,1
F-1,justificacion PoT vs cache; 1 slot x128 B (x10000; dividido),1,175,1
F-1,justificacion PoT vs cache; 1 slot x128 B (x10000; dividido),1,176,1
F-1,justificacion PoT vs cache; 1 slot x128 B (x10000; dividido),1,177,1
F-1,justificacion PoT vs cache; 1 slot x128 B (x10000; dividido),1,178,1
F-1,justificacion PoT vs cache; 1 slot x128 B (x10000; dividido),1,179,1
F-1,justificacion PoT vs cache; 1 slot x128 B (x10000; dividido),1,180,1
F-1,justificacion PoT vs cache; 1 slot x128 B (x10000; dividido),1,181,1
F-1,justificacion PoT vs cache; 1 slot x128 B (x10000; dividido),1,182,1
F-1,justificacion PoT vs cache; 1 slot x128 B (x10000; dividido),1,183,1
F-1,justificacion PoT vs cache; 1 slot x128 B (x10000; dividido),1,184,1
F-1,justificacion PoT vs cache; 1 slot x128 B (x10000; dividido),1,185,1
F-1,justificacion PoT vs cache; 1 slot x128 B (x10000; dividido),1,186,1
F-1,justificacion PoT vs cache; 1 slot x128 B (x10000; dividido),1,187,1
F-1,justificacion PoT vs cache; 1 slot x128 B (x10000; dividido),1,188,1
F-1,justificacion PoT vs cache; 1 slot x128 B (x10000; dividido),1,189,1
F-1,justificacion PoT vs cache; 1 slot x128 B (x10000; dividido),1,190,1
F-1,justificacion PoT vs cache; 1 slot x128 B (x10000; dividido),1,191,1
F-1,justificacion PoT vs cache; 1 slot x128 B (x10000; dividido),1,192,1
F-1,justificacion PoT vs cache; 1 slot x128 B (x10000; dividido),1,193,1
F-1,justificacion PoT vs cache; 1 slot x128 B (x10000; dividido),1,194,1
F-1,justificacion PoT vs cache; 1 slot x128 B (x10000; dividido),1,195,1
F-1,justificacion PoT vs cache; 1 slot x128 B (x10000; dividido),1,196,1
F-1,justificacion PoT vs cache; 1 slot x128 B (x10000; dividido),1,197,1
F-1,justificacion PoT vs cache; 1 slot x128 B (x10000; dividido),1,198,1
F-1,justificacion PoT vs cache; 1 slot x128 B (x10000; dividido),1,199,1
F-1,justificacion PoT vs cache; 1 slot x128 B (x10000; dividido),1,200,1
F-1,justificacion PoT vs cache; 1 slot x128 B (x10000; dividido),1,201,1
F-1,justificacion PoT vs cache; 1 slot x128 B (x10000; dividido),1,202,1
F-1,justificacion PoT vs cache; 1 slot x128 B (x10000; dividido),1,203,1
F-1,justificacion PoT vs cache; 1 slot x128 B (x10000; dividido),1,204,1
F-1,justificacion PoT vs cache; 1 slot x128 B (x10000; dividido),1,205,1
F-1,justificacion PoT vs cache; 1 slot x128 B (x10000; dividido),1,206,1
F-1,justificacion PoT vs cache; 1 slot x128 B (x10000; dividido),1,207,1
F-1,justificacion PoT vs cache; 1 slot x128 B (x10000; dividido),1,208,1
F-1,justificacion PoT vs cache; 1 slot x128 B (x10000; dividido),1,209,1
F-1,justificacion PoT vs cache; 1 slot x128 B (x10000; dividido),1,210,1
F-1,justificacion PoT vs cache; 1 slot x128 B (x10000; dividido),1,211,1
F-1,justificacion PoT vs cache; 1 slot x128 B (x10000; dividido),1,212,1
F-1,justificacion PoT vs cache; 1 slot x128 B (x10000; dividido),1,213,1
F-1,justificacion PoT vs cache; 1 slot x128 B (x10000; dividido),1,214,1
F-1,justificacion PoT vs cache; 1 slot x128 B (x10000; dividido),1,215,1
F-1,justificacion PoT vs cache; 1 slot x128 B (x10000; dividido),1,216,1
F-1,justificacion PoT vs cache; 1 slot x128 B (x10000; dividido),1,217,1
F-1,justificacion PoT vs cache; 1 slot x128 B (x10000; dividido),1,218,1
F-1,justificacion PoT vs cache; 1 slot x128 B (x10000; dividido),1,219,1
F-1,justificacion PoT vs cache; 1 slot x128 B (x10000; dividido),1,220,1
F-1,justificacion PoT vs cache; 1 slot x128 B (x10000; dividido),1,221,1
F-1,justificacion PoT vs cache; 1 slot x128 B (x10000; dividido),1,222,1
F-1,justificacion PoT vs cache; 1 slot x128 B (x10000; dividido),1,223,1
F-1,justificacion PoT vs cache; 1 slot x128 B (x10000; dividido),1,224,1
F-1,justificacion PoT vs cache; 1 slot x128 B (x10000; dividido),1,225,1
F-1,justificacion PoT vs cache; 1 slot x128 B (x10000; dividido),1,226,1
F-1,justificacion PoT vs cache; 1 slot x128 B (x10000; dividido),1,227,1
F-1,justificacion PoT vs cache; 1 slot x128 B (x10000; dividido),1,228,1
F-1,justificacion PoT vs cache; 1 slot x128 B (x10000; dividido),1,229,1
F-1,justificacion PoT vs cache; 1 slot x128 B (x10000; dividido),1,230,1
F-1,justificacion PoT vs cache; 1 slot x128 B (x10000; dividido),1,231,1
F-1,justificacion PoT vs cache; 1 slot x128 B (x10000; dividido),1,232,1
F-1,justificacion PoT vs cache; 1 slot x128 B (x10000; dividido),1,233,1
F-1,justificacion PoT vs cache; 1 slot x128 B (x10000; dividido),1,234,1
F-1,justificacion PoT vs cache; 1 slot x128 B (x10000; dividido),1,235,1
F-1,justificacion PoT vs cache; 1 slot x128 B (x10000; dividido),1,236,1
F-1,justificacion PoT vs cache; 1 slot x128 B (x10000; dividido),1,237,1
F-1,justificacion PoT vs cache; 1 slot x128 B (x10000; dividido),1,238,1
F-1,justificacion PoT vs cache; 1 slot x128 B (x10000; dividido),1,239,1
F-1,justificacion PoT vs cache; 1 slot x128 B (x10000; dividido),1,240,1
F-1,justificacion PoT vs cache; 1 slot x128 B (x10000; dividido),1,241,1
F-1,justificacion PoT vs cache; 1 slot x128 B (x10000; dividido),1,242,1
F-1,justificacion PoT vs cache; 1 slot x128 B (x10000; dividido),1,243,1
F-1,justificacion PoT vs cache; 1 slot x128 B (x10000; dividido),1,244,1
F-1,justificacion PoT vs cache; 1 slot x128 B (x10000; dividido),1,245,1
F-1,justificacion PoT vs cache; 1 slot x128 B (x10000; dividido),1,246,1
F-1,justificacion PoT vs cache; 1 slot x128 B (x10000; dividido),1,247,1
F-1,justificacion PoT vs cache; 1 slot x128 B (x10000; dividido),1,248,1
F-1,justificacion PoT vs cache; 1 slot x128 B (x10000; dividido),1,249,1
F-1,justificacion PoT vs cache; 1 slot x128 B (x10000; dividido),1,250,1
F-1,justificacion PoT vs cache; 1 slot x128 B (x10000; dividido),1,251,1
F-1,justificacion PoT vs cache; 1 slot x128 B (x10000; dividido),1,252,1
F-1,justificacion PoT vs cache; 1 slot x128 B (x10000; dividido),1,253,1
F-1,justificacion PoT vs cache; 1 slot x128 B (x10000; dividido),1,254,1
F-1,justificacion PoT vs cache; 1 slot x128 B (x10000; dividido),1,255,1
F-1,justificacion PoT vs cache; 1 slot x128 B (x10000; dividido),1,256,1
F-1,justificacion PoT vs cache; 1 slot x128 B (x10000; dividido),1,257,1
F-1,justificacion PoT vs cache; 1 slot x128 B (x10000; dividido),1,258,1
F-1,justificacion PoT vs cache; 1 slot x128 B (x10000; dividido),1,259,1
F-1,justificacion PoT vs cache; 1 slot x128 B (x10000; dividido),1,260,1
F-1,justificacion PoT vs cache; 1 slot x128 B (x10000; dividido),1,261,1
F-1,justificacion PoT vs cache; 1 slot x128 B (x10000; dividido),1,262,1
F-1,justificacion PoT vs cache; 1 slot x128 B (x10000; dividido),1,263,1
F-1,justificacion PoT vs cache; 1 slot x128 B (x10000; dividido),1,264,1
F-1,justificacion PoT vs cache; 1 slot x128 B (x10000; dividido),1,265,1
F-1,justificacion PoT vs cache; 1 slot x128 B (x10000; dividido),1,266,1
F-1,justificacion PoT vs cache; 1 slot x128 B (x10000; dividido),1,267,1
F-1,justificacion PoT vs cache; 1 slot x128 B (x10000; dividido),1,268,1
F-1,justificacion PoT vs cache; 1 slot x128 B (x10000; dividido),1,269,1
F-1,justificacion PoT vs cache; 1 slot x128 B (x10000; dividido),1,270,1
F-1,justificacion PoT vs cache; 1 slot x128 B (x10000; dividido),1,271,1
F-1,justificacion PoT vs cache; 1 slot x128 B (x10000; dividido),1,272,1
F-1,justificacion PoT vs cache; 1 slot x128 B (x10000; dividido),1,273,1
F-1,justificacion PoT vs cache; 1 slot x128 B (x10000; dividido),1,274,1
F-1,justificacion PoT vs cache; 1 slot x128 B (x10000; dividido),1,275,1
F-1,justificacion PoT vs cache; 1 slot x128 B (x10000; dividido),1,276,1
F-1,justificacion PoT vs cache; 1 slot x128 B (x10000; dividido),1,277,1
F-1,justificacion PoT vs cache; 1 slot x128 B (x10000; dividido),1,278,1
F-1,justificacion PoT vs cache; 1 slot x128 B (x10000; dividido),1,279,1
F-1,justificacion PoT vs cache; 1 slot x128 B (x10000; dividido),1,280,1
F-1,justificacion PoT vs cache; 1 slot x128 B (x10000; dividido),1,281,1
F-1,justificacion PoT vs cache; 1 slot x128 B (x10000; dividido),1,282,1
F-1,justificacion PoT vs cache; 1 slot x128 B (x10000; dividido),1,283,1
F-1,justificacion PoT vs cache; 1 slot x128 B (x10000; dividido),1,284,1
F-1,justificacion PoT vs cache; 1 slot x128 B (x10000; dividido),1,285,1
F-1,justificacion PoT vs cache; 1 slot x128 B (x10000; dividido),1,286,1
F-1,justificacion PoT vs cache; 1 slot x128 B (x10000; dividido),1,287,1
F-1,justificacion PoT vs cache; 1 slot x128 B (x10000; dividido),1,288,1
F-1,justificacion PoT vs cache; 1 slot x128 B (x10000; dividido),1,289,1
F-1,justificacion PoT vs cache; 1 slot x128 B (x10000; dividido),1,290,1
F-1,justificacion PoT vs cache; 1 slot x128 B (x10000; dividido),1,291,1
F-1,justificacion PoT vs cache; 1 slot x128 B (x10000; dividido),1,292,1
F-1,justificacion PoT vs cache; 1 slot x128 B (x10000; dividido),1,293,1
F-1,justificacion PoT vs cache; 1 slot x128 B (x10000; dividido),1,294,1
F-1,justificacion PoT vs cache; 1 slot x128 B (x10000; dividido),1,295,1
F-1,justificacion PoT vs cache; 1 slot x128 B (x10000; dividido),1,296,1
F-1,justificacion PoT vs cache; 1 slot x128 B (x10000; dividido),1,297,1
F-1,justificacion PoT vs cache; 1 slot x128 B (x10000; dividido),1,298,1
F-1,justificacion PoT vs cache; 1 slot x128 B (x10000; dividido),1,299,1
F-150,justificacion PoT vs cache; 150 slots (S_max; x100; dividido),1,0,234
F-150,justificacion PoT vs cache; 150 slots (S_max; x100; dividido),1,1,265
F-150,justificacion PoT vs cache; 150 slots (S_max; x100; dividido),1,2,230
F-150,justificacion PoT vs cache; 150 slots (S_max; x100; dividido),1,3,230
F-150,justificacion PoT vs cache; 150 slots (S_max; x100; dividido),1,4,230
F-150,justificacion PoT vs cache; 150 slots (S_max; x100; dividido),1,5,230
F-150,justificacion PoT vs cache; 150 slots (S_max; x100; dividido),1,6,231
F-150,justificacion PoT vs cache; 150 slots (S_max; x100; dividido),1,7,231
F-150,justificacion PoT vs cache; 150 slots (S_max; x100; dividido),1,8,231
F-150,justificacion PoT vs cache; 150 slots (S_max; x100; dividido),1,9,231
F-150,justificacion PoT vs cache; 150 slots (S_max; x100; dividido),1,10,231
F-150,justificacion PoT vs cache; 150 slots (S_max; x100; dividido),1,11,231
F-150,justificacion PoT vs cache; 150 slots (S_max; x100; dividido),1,12,231
F-150,justificacion PoT vs cache; 150 slots (S_max; x100; dividido),1,13,231
F-150,justificacion PoT vs cache; 150 slots (S_max; x100; dividido),1,14,271
F-150,justificacion PoT vs cache; 150 slots (S_max; x100; dividido),1,15,231
F-150,justificacion PoT vs cache; 150 slots (S_max; x100; dividido),1,16,231
F-150,justificacion PoT vs cache; 150 slots (S_max; x100; dividido),1,17,231
F-150,justificacion PoT vs cache; 150 slots (S_max; x100; dividido),1,18,231
F-150,justificacion PoT vs cache; 150 slots (S_max; x100; dividido),1,19,231
F-150,justificacion PoT vs cache; 150 slots (S_max; x100; dividido),1,20,231
F-150,justificacion PoT vs cache; 150 slots (S_max; x100; dividido),1,21,231
F-150,justificacion PoT vs cache; 150 slots (S_max; x100; dividido),1,22,231
F-150,justificacion PoT vs cache; 150 slots (S_max; x100; dividido),1,23,231
F-150,justificacion PoT vs cache; 150 slots (S_max; x100; dividido),1,24,231
F-150,justificacion PoT vs cache; 150 slots (S_max; x100; dividido),1,25,231
F-150,justificacion PoT vs cache; 150 slots (S_max; x100; dividido),1,26,231
F-150,justificacion PoT vs cache; 150 slots (S_max; x100; dividido),1,27,231
F-150,justificacion PoT vs cache; 150 slots (S_max; x100; dividido),1,28,231
F-150,justificacion PoT vs cache; 150 slots (S_max; x100; dividido),1,29,231
F-150,justificacion PoT vs cache; 150 slots (S_max; x100; dividido),1,30,231
F-150,justificacion PoT vs cache; 150 slots (S_max; x100; dividido),1,31,231
F-150,justificacion PoT vs cache; 150 slots (S_max; x100; dividido),1,32,231
F-150,justificacion PoT vs cache; 150 slots (S_max; x100; dividido),1,33,231
F-150,justificacion PoT vs cache; 150 slots (S_max; x100; dividido),1,34,234
F-150,justificacion PoT vs cache; 150 slots (S_max; x100; dividido),1,35,231
F-150,justificacion PoT vs cache; 150 slots (S_max; x100; dividido),1,36,231
F-150,justificacion PoT vs cache; 150 slots (S_max; x100; dividido),1,37,231
F-150,justificacion PoT vs cache; 150 slots (S_max; x100; dividido),1,38,231
F-150,justificacion PoT vs cache; 150 slots (S_max; x100; dividido),1,39,231
F-150,justificacion PoT vs cache; 150 slots (S_max; x100; dividido),1,40,231
F-150,justificacion PoT vs cache; 150 slots (S_max; x100; dividido),1,41,231
F-150,justificacion PoT vs cache; 150 slots (S_max; x100; dividido),1,42,232
F-150,justificacion PoT vs cache; 150 slots (S_max; x100; dividido),1,43,232
F-150,justificacion PoT vs cache; 150 slots (S_max; x100; dividido),1,44,231
F-150,justificacion PoT vs cache; 150 slots (S_max; x100; dividido),1,45,232
F-150,justificacion PoT vs cache; 150 slots (S_max; x100; dividido),1,46,231
F-150,justificacion PoT vs cache; 150 slots (S_max; x100; dividido),1,47,232
F-150,justificacion PoT vs cache; 150 slots (S_max; x100; dividido),1,48,231
F-150,justificacion PoT vs cache; 150 slots (S_max; x100; dividido),1,49,232
F-150,justificacion PoT vs cache; 150 slots (S_max; x100; dividido),1,50,231
F-150,justificacion PoT vs cache; 150 slots (S_max; x100; dividido),1,51,231
F-150,justificacion PoT vs cache; 150 slots (S_max; x100; dividido),1,52,232
F-150,justificacion PoT vs cache; 150 slots (S_max; x100; dividido),1,53,232
F-150,justificacion PoT vs cache; 150 slots (S_max; x100; dividido),1,54,232
F-150,justificacion PoT vs cache; 150 slots (S_max; x100; dividido),1,55,231
F-150,justificacion PoT vs cache; 150 slots (S_max; x100; dividido),1,56,232
F-150,justificacion PoT vs cache; 150 slots (S_max; x100; dividido),1,57,231
F-150,justificacion PoT vs cache; 150 slots (S_max; x100; dividido),1,58,231
F-150,justificacion PoT vs cache; 150 slots (S_max; x100; dividido),1,59,231
F-150,justificacion PoT vs cache; 150 slots (S_max; x100; dividido),1,60,231
F-150,justificacion PoT vs cache; 150 slots (S_max; x100; dividido),1,61,232
F-150,justificacion PoT vs cache; 150 slots (S_max; x100; dividido),1,62,231
F-150,justificacion PoT vs cache; 150 slots (S_max; x100; dividido),1,63,231
F-150,justificacion PoT vs cache; 150 slots (S_max; x100; dividido),1,64,231
F-150,justificacion PoT vs cache; 150 slots (S_max; x100; dividido),1,65,231
F-150,justificacion PoT vs cache; 150 slots (S_max; x100; dividido),1,66,231
F-150,justificacion PoT vs cache; 150 slots (S_max; x100; dividido),1,67,232
F-150,justificacion PoT vs cache; 150 slots (S_max; x100; dividido),1,68,235
F-150,justificacion PoT vs cache; 150 slots (S_max; x100; dividido),1,69,232
F-150,justificacion PoT vs cache; 150 slots (S_max; x100; dividido),1,70,232
F-150,justificacion PoT vs cache; 150 slots (S_max; x100; dividido),1,71,232
F-150,justificacion PoT vs cache; 150 slots (S_max; x100; dividido),1,72,232
F-150,justificacion PoT vs cache; 150 slots (S_max; x100; dividido),1,73,231
F-150,justificacion PoT vs cache; 150 slots (S_max; x100; dividido),1,74,231
F-150,justificacion PoT vs cache; 150 slots (S_max; x100; dividido),1,75,231
F-150,justificacion PoT vs cache; 150 slots (S_max; x100; dividido),1,76,232
F-150,justificacion PoT vs cache; 150 slots (S_max; x100; dividido),1,77,231
F-150,justificacion PoT vs cache; 150 slots (S_max; x100; dividido),1,78,231
F-150,justificacion PoT vs cache; 150 slots (S_max; x100; dividido),1,79,231
F-150,justificacion PoT vs cache; 150 slots (S_max; x100; dividido),1,80,231
F-150,justificacion PoT vs cache; 150 slots (S_max; x100; dividido),1,81,231
F-150,justificacion PoT vs cache; 150 slots (S_max; x100; dividido),1,82,231
F-150,justificacion PoT vs cache; 150 slots (S_max; x100; dividido),1,83,231
F-150,justificacion PoT vs cache; 150 slots (S_max; x100; dividido),1,84,231
F-150,justificacion PoT vs cache; 150 slots (S_max; x100; dividido),1,85,231
F-150,justificacion PoT vs cache; 150 slots (S_max; x100; dividido),1,86,231
F-150,justificacion PoT vs cache; 150 slots (S_max; x100; dividido),1,87,231
F-150,justificacion PoT vs cache; 150 slots (S_max; x100; dividido),1,88,231
F-150,justificacion PoT vs cache; 150 slots (S_max; x100; dividido),1,89,231
F-150,justificacion PoT vs cache; 150 slots (S_max; x100; dividido),1,90,231
F-150,justificacion PoT vs cache; 150 slots (S_max; x100; dividido),1,91,231
F-150,justificacion PoT vs cache; 150 slots (S_max; x100; dividido),1,92,231
F-150,justificacion PoT vs cache; 150 slots (S_max; x100; dividido),1,93,231
F-150,justificacion PoT vs cache; 150 slots (S_max; x100; dividido),1,94,231
F-150,justificacion PoT vs cache; 150 slots (S_max; x100; dividido),1,95,231
F-150,justificacion PoT vs cache; 150 slots (S_max; x100; dividido),1,96,231
F-150,justificacion PoT vs cache; 150 slots (S_max; x100; dividido),1,97,231
F-150,justificacion PoT vs cache; 150 slots (S_max; x100; dividido),1,98,231
F-150,justificacion PoT vs cache; 150 slots (S_max; x100; dividido),1,99,231
G-pot-avx512f_vaes,200032000 iteraciones; 8 checkpoints,2,0,89663388
G-pot-avx512f_vaes,200032000 iteraciones; 8 checkpoints,2,1,89845545
G-pot-avx512f_vaes,200032000 iteraciones; 8 checkpoints,2,2,89805965
G-pot-avx512f_vaes,200032000 iteraciones; 8 checkpoints,2,3,89605499
G-pot-avx512f_vaes,200032000 iteraciones; 8 checkpoints,2,4,89686038
G-pot-avx512f_vaes,200032000 iteraciones; 8 checkpoints,2,5,89583339
G-pot-avx512f_vaes,200032000 iteraciones; 8 checkpoints,2,6,89786856
G-pot-avx512f_vaes,200032000 iteraciones; 8 checkpoints,2,7,89794595
G-pot-avx512f_vaes,200032000 iteraciones; 8 checkpoints,2,8,89676758
G-pot-avx512f_vaes,200032000 iteraciones; 8 checkpoints,2,9,90226117
G-pot-avx512f_vaes,200032000 iteraciones; 8 checkpoints,2,10,91536943
G-pot-avx512f_vaes,200032000 iteraciones; 8 checkpoints,2,11,90190068
G-pot-avx512f_vaes,200032000 iteraciones; 8 checkpoints,2,12,89940402
G-pot-avx512f_vaes,200032000 iteraciones; 8 checkpoints,2,13,89848865
G-pot-avx512f_vaes,200032000 iteraciones; 8 checkpoints,2,14,89673707
G-pot-avx512f_vaes,200032000 iteraciones; 8 checkpoints,2,15,89774616
G-pot-avx512f_vaes,200032000 iteraciones; 8 checkpoints,2,16,89954093
G-pot-avx512f_vaes,200032000 iteraciones; 8 checkpoints,2,17,89864354
G-pot-avx512f_vaes,200032000 iteraciones; 8 checkpoints,2,18,89812075
G-pot-avx512f_vaes,200032000 iteraciones; 8 checkpoints,2,19,89665428
G-pot-avx512f_vaes,200032000 iteraciones; 8 checkpoints,2,20,89882374
G-pot-avx512f_vaes,200032000 iteraciones; 8 checkpoints,2,21,89777526
G-pot-avx512f_vaes,200032000 iteraciones; 8 checkpoints,2,22,89724837
G-pot-avx512f_vaes,200032000 iteraciones; 8 checkpoints,2,23,89725347
G-pot-avx512f_vaes,200032000 iteraciones; 8 checkpoints,2,24,89719107
G-pot-avx512f_vaes,200032000 iteraciones; 8 checkpoints,2,25,89543601
G-pot-avx512f_vaes,200032000 iteraciones; 8 checkpoints,2,26,89663478
G-pot-avx512f_vaes,200032000 iteraciones; 8 checkpoints,2,27,89620229
G-pot-avx512f_vaes,200032000 iteraciones; 8 checkpoints,2,28,89700148
G-pot-avx512f_vaes,200032000 iteraciones; 8 checkpoints,2,29,89670648
G-pot-avx2_vaes,200032000 iteraciones; 8 checkpoints,2,0,100277885
G-pot-avx2_vaes,200032000 iteraciones; 8 checkpoints,2,1,100062239
G-pot-avx2_vaes,200032000 iteraciones; 8 checkpoints,2,2,99972591
G-pot-avx2_vaes,200032000 iteraciones; 8 checkpoints,2,3,100152768
G-pot-avx2_vaes,200032000 iteraciones; 8 checkpoints,2,4,100214956
G-pot-avx2_vaes,200032000 iteraciones; 8 checkpoints,2,5,100285875
G-pot-avx2_vaes,200032000 iteraciones; 8 checkpoints,2,6,100063680
G-pot-avx2_vaes,200032000 iteraciones; 8 checkpoints,2,7,100121289
G-pot-avx2_vaes,200032000 iteraciones; 8 checkpoints,2,8,100314604
G-pot-avx2_vaes,200032000 iteraciones; 8 checkpoints,2,9,100277946
G-pot-avx2_vaes,200032000 iteraciones; 8 checkpoints,2,10,100109229
G-pot-avx2_vaes,200032000 iteraciones; 8 checkpoints,2,11,100161507
G-pot-avx2_vaes,200032000 iteraciones; 8 checkpoints,2,12,100122499
G-pot-avx2_vaes,200032000 iteraciones; 8 checkpoints,2,13,100420703
G-pot-avx2_vaes,200032000 iteraciones; 8 checkpoints,2,14,100014420
G-pot-avx2_vaes,200032000 iteraciones; 8 checkpoints,2,15,100330675
G-pot-avx2_vaes,200032000 iteraciones; 8 checkpoints,2,16,100180058
G-pot-avx2_vaes,200032000 iteraciones; 8 checkpoints,2,17,100041830
G-pot-avx2_vaes,200032000 iteraciones; 8 checkpoints,2,18,100220867
G-pot-avx2_vaes,200032000 iteraciones; 8 checkpoints,2,19,100360764
G-pot-avx2_vaes,200032000 iteraciones; 8 checkpoints,2,20,100763436
G-pot-avx2_vaes,200032000 iteraciones; 8 checkpoints,2,21,100010741
G-pot-avx2_vaes,200032000 iteraciones; 8 checkpoints,2,22,99988871
G-pot-avx2_vaes,200032000 iteraciones; 8 checkpoints,2,23,100843735
G-pot-avx2_vaes,200032000 iteraciones; 8 checkpoints,2,24,100069849
G-pot-avx2_vaes,200032000 iteraciones; 8 checkpoints,2,25,100323885
G-pot-avx2_vaes,200032000 iteraciones; 8 checkpoints,2,26,100234767
G-pot-avx2_vaes,200032000 iteraciones; 8 checkpoints,2,27,100141097
G-pot-avx2_vaes,200032000 iteraciones; 8 checkpoints,2,28,100381894
G-pot-avx2_vaes,200032000 iteraciones; 8 checkpoints,2,29,100212887
G-pot-aes_sse41,200032000 iteraciones; 8 checkpoints,2,0,187997120
G-pot-aes_sse41,200032000 iteraciones; 8 checkpoints,2,1,187983191
G-pot-aes_sse41,200032000 iteraciones; 8 checkpoints,2,2,188345655
G-pot-aes_sse41,200032000 iteraciones; 8 checkpoints,2,3,188200967
G-pot-aes_sse41,200032000 iteraciones; 8 checkpoints,2,4,188019311
G-pot-aes_sse41,200032000 iteraciones; 8 checkpoints,2,5,188202677
G-pot-aes_sse41,200032000 iteraciones; 8 checkpoints,2,6,188326544
G-pot-aes_sse41,200032000 iteraciones; 8 checkpoints,2,7,188248026
G-pot-aes_sse41,200032000 iteraciones; 8 checkpoints,2,8,188046140
G-pot-aes_sse41,200032000 iteraciones; 8 checkpoints,2,9,188311605
G-pot-aes_sse41,200032000 iteraciones; 8 checkpoints,2,10,188259296
G-pot-aes_sse41,200032000 iteraciones; 8 checkpoints,2,11,188358544
G-pot-aes_sse41,200032000 iteraciones; 8 checkpoints,2,12,190233378
G-pot-aes_sse41,200032000 iteraciones; 8 checkpoints,2,13,192062693
G-pot-aes_sse41,200032000 iteraciones; 8 checkpoints,2,14,192123762
G-pot-aes_sse41,200032000 iteraciones; 8 checkpoints,2,15,189073990
G-pot-aes_sse41,200032000 iteraciones; 8 checkpoints,2,16,189448323
G-pot-aes_sse41,200032000 iteraciones; 8 checkpoints,2,17,189392254
G-pot-aes_sse41,200032000 iteraciones; 8 checkpoints,2,18,189321055
G-pot-aes_sse41,200032000 iteraciones; 8 checkpoints,2,19,189152498
G-pot-aes_sse41,200032000 iteraciones; 8 checkpoints,2,20,189438403
G-pot-aes_sse41,200032000 iteraciones; 8 checkpoints,2,21,189318535
G-pot-aes_sse41,200032000 iteraciones; 8 checkpoints,2,22,189119050
G-pot-aes_sse41,200032000 iteraciones; 8 checkpoints,2,23,189281716
G-pot-aes_sse41,200032000 iteraciones; 8 checkpoints,2,24,189654079
G-pot-aes_sse41,200032000 iteraciones; 8 checkpoints,2,25,189089980
G-pot-aes_sse41,200032000 iteraciones; 8 checkpoints,2,26,189520931
G-pot-aes_sse41,200032000 iteraciones; 8 checkpoints,2,27,189436513
G-pot-aes_sse41,200032000 iteraciones; 8 checkpoints,2,28,189837156
G-pot-aes_sse41,200032000 iteraciones; 8 checkpoints,2,29,190442844
G-pot-generica,200032000 iteraciones; 8 checkpoints,2,0,937857764
G-pot-generica,200032000 iteraciones; 8 checkpoints,2,1,939093889
G-pot-generica,200032000 iteraciones; 8 checkpoints,2,2,928843685
G-pot-generica,200032000 iteraciones; 8 checkpoints,2,3,927420263
G-pot-generica,200032000 iteraciones; 8 checkpoints,2,4,929003463
G-pot-generica,200032000 iteraciones; 8 checkpoints,2,5,929064931
G-pot-generica,200032000 iteraciones; 8 checkpoints,2,6,927120048
G-pot-generica,200032000 iteraciones; 8 checkpoints,2,7,926447171
G-pot-generica,200032000 iteraciones; 8 checkpoints,2,8,927309585
G-pot-generica,200032000 iteraciones; 8 checkpoints,2,9,927021031
G-pot-generica,200032000 iteraciones; 8 checkpoints,2,10,926169127
G-pot-generica,200032000 iteraciones; 8 checkpoints,2,11,932935548
G-pot-generica,200032000 iteraciones; 8 checkpoints,2,12,926702737
G-pot-generica,200032000 iteraciones; 8 checkpoints,2,13,925629147
G-pot-generica,200032000 iteraciones; 8 checkpoints,2,14,925946921
A,verify_solution ChiaTable K=20; piece_check_params,2,0,1189527
A,verify_solution ChiaTable K=20; piece_check_params,2,1,1188728
A,verify_solution ChiaTable K=20; piece_check_params,2,2,1189327
A,verify_solution ChiaTable K=20; piece_check_params,2,3,1189017
A,verify_solution ChiaTable K=20; piece_check_params,2,4,1190207
A,verify_solution ChiaTable K=20; piece_check_params,2,5,1190777
A,verify_solution ChiaTable K=20; piece_check_params,2,6,1191248
A,verify_solution ChiaTable K=20; piece_check_params,2,7,1189058
A,verify_solution ChiaTable K=20; piece_check_params,2,8,1189497
A,verify_solution ChiaTable K=20; piece_check_params,2,9,1192777
A,verify_solution ChiaTable K=20; piece_check_params,2,10,1188567
A,verify_solution ChiaTable K=20; piece_check_params,2,11,1188247
A,verify_solution ChiaTable K=20; piece_check_params,2,12,1189078
A,verify_solution ChiaTable K=20; piece_check_params,2,13,1187968
A,verify_solution ChiaTable K=20; piece_check_params,2,14,1189167
A,verify_solution ChiaTable K=20; piece_check_params,2,15,1188117
A,verify_solution ChiaTable K=20; piece_check_params,2,16,1188337
A,verify_solution ChiaTable K=20; piece_check_params,2,17,1229187
A,verify_solution ChiaTable K=20; piece_check_params,2,18,1251296
A,verify_solution ChiaTable K=20; piece_check_params,2,19,1198627
A,verify_solution ChiaTable K=20; piece_check_params,2,20,1188567
A,verify_solution ChiaTable K=20; piece_check_params,2,21,1190127
A,verify_solution ChiaTable K=20; piece_check_params,2,22,1188787
A,verify_solution ChiaTable K=20; piece_check_params,2,23,1188367
A,verify_solution ChiaTable K=20; piece_check_params,2,24,1189348
A,verify_solution ChiaTable K=20; piece_check_params,2,25,1188137
A,verify_solution ChiaTable K=20; piece_check_params,2,26,1188997
A,verify_solution ChiaTable K=20; piece_check_params,2,27,1187977
A,verify_solution ChiaTable K=20; piece_check_params,2,28,1188837
A,verify_solution ChiaTable K=20; piece_check_params,2,29,1191328
A,verify_solution ChiaTable K=20; piece_check_params,2,30,1187838
A,verify_solution ChiaTable K=20; piece_check_params,2,31,1185667
A,verify_solution ChiaTable K=20; piece_check_params,2,32,1187047
A,verify_solution ChiaTable K=20; piece_check_params,2,33,1204057
A,verify_solution ChiaTable K=20; piece_check_params,2,34,1199177
A,verify_solution ChiaTable K=20; piece_check_params,2,35,1189987
A,verify_solution ChiaTable K=20; piece_check_params,2,36,1187667
A,verify_solution ChiaTable K=20; piece_check_params,2,37,1186288
A,verify_solution ChiaTable K=20; piece_check_params,2,38,1188977
A,verify_solution ChiaTable K=20; piece_check_params,2,39,1192417
A,verify_solution ChiaTable K=20; piece_check_params,2,40,1190777
A,verify_solution ChiaTable K=20; piece_check_params,2,41,1188677
A,verify_solution ChiaTable K=20; piece_check_params,2,42,1187668
A,verify_solution ChiaTable K=20; piece_check_params,2,43,1234807
A,verify_solution ChiaTable K=20; piece_check_params,2,44,1214756
A,verify_solution ChiaTable K=20; piece_check_params,2,45,1195267
A,verify_solution ChiaTable K=20; piece_check_params,2,46,1196547
A,verify_solution ChiaTable K=20; piece_check_params,2,47,1191708
A,verify_solution ChiaTable K=20; piece_check_params,2,48,1191428
A,verify_solution ChiaTable K=20; piece_check_params,2,49,1193107
A,verify_solution ChiaTable K=20; piece_check_params,2,50,1201137
A,verify_solution ChiaTable K=20; piece_check_params,2,51,1192667
A,verify_solution ChiaTable K=20; piece_check_params,2,52,1189537
A,verify_solution ChiaTable K=20; piece_check_params,2,53,1195707
A,verify_solution ChiaTable K=20; piece_check_params,2,54,1192297
A,verify_solution ChiaTable K=20; piece_check_params,2,55,1189437
A,verify_solution ChiaTable K=20; piece_check_params,2,56,1189327
A,verify_solution ChiaTable K=20; piece_check_params,2,57,1190988
A,verify_solution ChiaTable K=20; piece_check_params,2,58,1194708
A,verify_solution ChiaTable K=20; piece_check_params,2,59,1196238
A,verify_solution ChiaTable K=20; piece_check_params,2,60,1192047
A,verify_solution ChiaTable K=20; piece_check_params,2,61,1193507
A,verify_solution ChiaTable K=20; piece_check_params,2,62,1191107
A,verify_solution ChiaTable K=20; piece_check_params,2,63,1191427
A,verify_solution ChiaTable K=20; piece_check_params,2,64,1191797
A,verify_solution ChiaTable K=20; piece_check_params,2,65,1189877
A,verify_solution ChiaTable K=20; piece_check_params,2,66,1241837
A,verify_solution ChiaTable K=20; piece_check_params,2,67,1189578
A,verify_solution ChiaTable K=20; piece_check_params,2,68,1191097
A,verify_solution ChiaTable K=20; piece_check_params,2,69,1193867
A,verify_solution ChiaTable K=20; piece_check_params,2,70,1190747
A,verify_solution ChiaTable K=20; piece_check_params,2,71,1189207
A,verify_solution ChiaTable K=20; piece_check_params,2,72,1193597
A,verify_solution ChiaTable K=20; piece_check_params,2,73,1194457
A,verify_solution ChiaTable K=20; piece_check_params,2,74,1192498
A,verify_solution ChiaTable K=20; piece_check_params,2,75,1191837
A,verify_solution ChiaTable K=20; piece_check_params,2,76,1189907
A,verify_solution ChiaTable K=20; piece_check_params,2,77,1189757
A,verify_solution ChiaTable K=20; piece_check_params,2,78,1189977
A,verify_solution ChiaTable K=20; piece_check_params,2,79,1189107
A,verify_solution ChiaTable K=20; piece_check_params,2,80,1191217
A,verify_solution ChiaTable K=20; piece_check_params,2,81,1189388
A,verify_solution ChiaTable K=20; piece_check_params,2,82,1189837
A,verify_solution ChiaTable K=20; piece_check_params,2,83,1189607
A,verify_solution ChiaTable K=20; piece_check_params,2,84,1188197
A,verify_solution ChiaTable K=20; piece_check_params,2,85,1190827
A,verify_solution ChiaTable K=20; piece_check_params,2,86,1189948
A,verify_solution ChiaTable K=20; piece_check_params,2,87,1190968
A,verify_solution ChiaTable K=20; piece_check_params,2,88,1189257
A,verify_solution ChiaTable K=20; piece_check_params,2,89,1192407
A,verify_solution ChiaTable K=20; piece_check_params,2,90,1189947
A,verify_solution ChiaTable K=20; piece_check_params,2,91,1188267
A,verify_solution ChiaTable K=20; piece_check_params,2,92,1189527
A,verify_solution ChiaTable K=20; piece_check_params,2,93,1187288
A,verify_solution ChiaTable K=20; piece_check_params,2,94,1189637
A,verify_solution ChiaTable K=20; piece_check_params,2,95,1193657
A,verify_solution ChiaTable K=20; piece_check_params,2,96,1188957
A,verify_solution ChiaTable K=20; piece_check_params,2,97,1194407
A,verify_solution ChiaTable K=20; piece_check_params,2,98,1189328
A,verify_solution ChiaTable K=20; piece_check_params,2,99,1199667
B-pos,PoS sola ChiaTable K=20,2,0,9040
B-pos,PoS sola ChiaTable K=20,2,1,9040
B-pos,PoS sola ChiaTable K=20,2,2,9020
B-pos,PoS sola ChiaTable K=20,2,3,9039
B-pos,PoS sola ChiaTable K=20,2,4,9060
B-pos,PoS sola ChiaTable K=20,2,5,9090
B-pos,PoS sola ChiaTable K=20,2,6,9069
B-pos,PoS sola ChiaTable K=20,2,7,9070
B-pos,PoS sola ChiaTable K=20,2,8,9090
B-pos,PoS sola ChiaTable K=20,2,9,9030
B-pos,PoS sola ChiaTable K=20,2,10,9010
B-pos,PoS sola ChiaTable K=20,2,11,9030
B-pos,PoS sola ChiaTable K=20,2,12,9040
B-pos,PoS sola ChiaTable K=20,2,13,9029
B-pos,PoS sola ChiaTable K=20,2,14,9020
B-pos,PoS sola ChiaTable K=20,2,15,9040
B-pos,PoS sola ChiaTable K=20,2,16,9030
B-pos,PoS sola ChiaTable K=20,2,17,9070
B-pos,PoS sola ChiaTable K=20,2,18,9080
B-pos,PoS sola ChiaTable K=20,2,19,9080
B-pos,PoS sola ChiaTable K=20,2,20,9049
B-pos,PoS sola ChiaTable K=20,2,21,9060
B-pos,PoS sola ChiaTable K=20,2,22,9080
B-pos,PoS sola ChiaTable K=20,2,23,9040
B-pos,PoS sola ChiaTable K=20,2,24,9030
B-pos,PoS sola ChiaTable K=20,2,25,9030
B-pos,PoS sola ChiaTable K=20,2,26,9020
B-pos,PoS sola ChiaTable K=20,2,27,9019
B-pos,PoS sola ChiaTable K=20,2,28,9040
B-pos,PoS sola ChiaTable K=20,2,29,9030
B-pos,PoS sola ChiaTable K=20,2,30,9030
B-pos,PoS sola ChiaTable K=20,2,31,9030
B-pos,PoS sola ChiaTable K=20,2,32,9400
B-pos,PoS sola ChiaTable K=20,2,33,9060
B-pos,PoS sola ChiaTable K=20,2,34,9090
B-pos,PoS sola ChiaTable K=20,2,35,9060
B-pos,PoS sola ChiaTable K=20,2,36,9080
B-pos,PoS sola ChiaTable K=20,2,37,9079
B-pos,PoS sola ChiaTable K=20,2,38,9100
B-pos,PoS sola ChiaTable K=20,2,39,9070
B-pos,PoS sola ChiaTable K=20,2,40,9080
B-pos,PoS sola ChiaTable K=20,2,41,9080
B-pos,PoS sola ChiaTable K=20,2,42,9060
B-pos,PoS sola ChiaTable K=20,2,43,9030
B-pos,PoS sola ChiaTable K=20,2,44,9059
B-pos,PoS sola ChiaTable K=20,2,45,9040
B-pos,PoS sola ChiaTable K=20,2,46,9050
B-pos,PoS sola ChiaTable K=20,2,47,9090
B-pos,PoS sola ChiaTable K=20,2,48,9070
B-pos,PoS sola ChiaTable K=20,2,49,9080
B-kzg,Kzg::verify chunk (NUM_S_BUCKETS),2,0,583979
B-kzg,Kzg::verify chunk (NUM_S_BUCKETS),2,1,582719
B-kzg,Kzg::verify chunk (NUM_S_BUCKETS),2,2,584728
B-kzg,Kzg::verify chunk (NUM_S_BUCKETS),2,3,581419
B-kzg,Kzg::verify chunk (NUM_S_BUCKETS),2,4,583029
B-kzg,Kzg::verify chunk (NUM_S_BUCKETS),2,5,581719
B-kzg,Kzg::verify chunk (NUM_S_BUCKETS),2,6,583589
B-kzg,Kzg::verify chunk (NUM_S_BUCKETS),2,7,583649
B-kzg,Kzg::verify chunk (NUM_S_BUCKETS),2,8,581719
B-kzg,Kzg::verify chunk (NUM_S_BUCKETS),2,9,583879
B-kzg,Kzg::verify chunk (NUM_S_BUCKETS),2,10,581748
B-kzg,Kzg::verify chunk (NUM_S_BUCKETS),2,11,582919
B-kzg,Kzg::verify chunk (NUM_S_BUCKETS),2,12,583329
B-kzg,Kzg::verify chunk (NUM_S_BUCKETS),2,13,581709
B-kzg,Kzg::verify chunk (NUM_S_BUCKETS),2,14,583848
B-kzg,Kzg::verify chunk (NUM_S_BUCKETS),2,15,581649
B-kzg,Kzg::verify chunk (NUM_S_BUCKETS),2,16,584579
B-kzg,Kzg::verify chunk (NUM_S_BUCKETS),2,17,582409
B-kzg,Kzg::verify chunk (NUM_S_BUCKETS),2,18,580949
B-kzg,Kzg::verify chunk (NUM_S_BUCKETS),2,19,582219
B-kzg,Kzg::verify chunk (NUM_S_BUCKETS),2,20,580749
B-kzg,Kzg::verify chunk (NUM_S_BUCKETS),2,21,582159
B-kzg,Kzg::verify chunk (NUM_S_BUCKETS),2,22,581019
B-kzg,Kzg::verify chunk (NUM_S_BUCKETS),2,23,582279
B-kzg,Kzg::verify chunk (NUM_S_BUCKETS),2,24,582299
B-kzg,Kzg::verify chunk (NUM_S_BUCKETS),2,25,580769
B-kzg,Kzg::verify chunk (NUM_S_BUCKETS),2,26,582579
B-kzg,Kzg::verify chunk (NUM_S_BUCKETS),2,27,582399
B-kzg,Kzg::verify chunk (NUM_S_BUCKETS),2,28,582998
B-kzg,Kzg::verify chunk (NUM_S_BUCKETS),2,29,582609
B-kzg,Kzg::verify chunk (NUM_S_BUCKETS),2,30,580739
B-kzg,Kzg::verify chunk (NUM_S_BUCKETS),2,31,581899
B-kzg,Kzg::verify chunk (NUM_S_BUCKETS),2,32,581248
B-kzg,Kzg::verify chunk (NUM_S_BUCKETS),2,33,581989
B-kzg,Kzg::verify chunk (NUM_S_BUCKETS),2,34,583749
B-kzg,Kzg::verify chunk (NUM_S_BUCKETS),2,35,580579
B-kzg,Kzg::verify chunk (NUM_S_BUCKETS),2,36,583349
B-kzg,Kzg::verify chunk (NUM_S_BUCKETS),2,37,578589
B-kzg,Kzg::verify chunk (NUM_S_BUCKETS),2,38,582309
B-kzg,Kzg::verify chunk (NUM_S_BUCKETS),2,39,579169
B-kzg,Kzg::verify chunk (NUM_S_BUCKETS),2,40,583109
B-kzg,Kzg::verify chunk (NUM_S_BUCKETS),2,41,584358
B-kzg,Kzg::verify chunk (NUM_S_BUCKETS),2,42,582969
B-kzg,Kzg::verify chunk (NUM_S_BUCKETS),2,43,586129
B-kzg,Kzg::verify chunk (NUM_S_BUCKETS),2,44,582719
B-kzg,Kzg::verify chunk (NUM_S_BUCKETS),2,45,586089
B-kzg,Kzg::verify chunk (NUM_S_BUCKETS),2,46,584889
B-kzg,Kzg::verify chunk (NUM_S_BUCKETS),2,47,616088
B-kzg,Kzg::verify chunk (NUM_S_BUCKETS),2,48,585859
B-kzg,Kzg::verify chunk (NUM_S_BUCKETS),2,49,600998
C,sello Ed25519 ZIP-215 sobre 492 B,2,0,15250
C,sello Ed25519 ZIP-215 sobre 492 B,2,1,15239
C,sello Ed25519 ZIP-215 sobre 492 B,2,2,15250
C,sello Ed25519 ZIP-215 sobre 492 B,2,3,15270
C,sello Ed25519 ZIP-215 sobre 492 B,2,4,15249
C,sello Ed25519 ZIP-215 sobre 492 B,2,5,15300
C,sello Ed25519 ZIP-215 sobre 492 B,2,6,15299
C,sello Ed25519 ZIP-215 sobre 492 B,2,7,15280
C,sello Ed25519 ZIP-215 sobre 492 B,2,8,15250
C,sello Ed25519 ZIP-215 sobre 492 B,2,9,15260
C,sello Ed25519 ZIP-215 sobre 492 B,2,10,15280
C,sello Ed25519 ZIP-215 sobre 492 B,2,11,15249
C,sello Ed25519 ZIP-215 sobre 492 B,2,12,15260
C,sello Ed25519 ZIP-215 sobre 492 B,2,13,15250
C,sello Ed25519 ZIP-215 sobre 492 B,2,14,17950
C,sello Ed25519 ZIP-215 sobre 492 B,2,15,15250
C,sello Ed25519 ZIP-215 sobre 492 B,2,16,15249
C,sello Ed25519 ZIP-215 sobre 492 B,2,17,15280
C,sello Ed25519 ZIP-215 sobre 492 B,2,18,15279
C,sello Ed25519 ZIP-215 sobre 492 B,2,19,15280
C,sello Ed25519 ZIP-215 sobre 492 B,2,20,15260
C,sello Ed25519 ZIP-215 sobre 492 B,2,21,16650
C,sello Ed25519 ZIP-215 sobre 492 B,2,22,15220
C,sello Ed25519 ZIP-215 sobre 492 B,2,23,15279
C,sello Ed25519 ZIP-215 sobre 492 B,2,24,15240
C,sello Ed25519 ZIP-215 sobre 492 B,2,25,15259
C,sello Ed25519 ZIP-215 sobre 492 B,2,26,15170
C,sello Ed25519 ZIP-215 sobre 492 B,2,27,15110
C,sello Ed25519 ZIP-215 sobre 492 B,2,28,15119
C,sello Ed25519 ZIP-215 sobre 492 B,2,29,15090
C,sello Ed25519 ZIP-215 sobre 492 B,2,30,15099
C,sello Ed25519 ZIP-215 sobre 492 B,2,31,15110
C,sello Ed25519 ZIP-215 sobre 492 B,2,32,15120
C,sello Ed25519 ZIP-215 sobre 492 B,2,33,15109
C,sello Ed25519 ZIP-215 sobre 492 B,2,34,15120
C,sello Ed25519 ZIP-215 sobre 492 B,2,35,15089
C,sello Ed25519 ZIP-215 sobre 492 B,2,36,15110
C,sello Ed25519 ZIP-215 sobre 492 B,2,37,15100
C,sello Ed25519 ZIP-215 sobre 492 B,2,38,15090
C,sello Ed25519 ZIP-215 sobre 492 B,2,39,15100
C,sello Ed25519 ZIP-215 sobre 492 B,2,40,15099
C,sello Ed25519 ZIP-215 sobre 492 B,2,41,15100
C,sello Ed25519 ZIP-215 sobre 492 B,2,42,15110
C,sello Ed25519 ZIP-215 sobre 492 B,2,43,15100
C,sello Ed25519 ZIP-215 sobre 492 B,2,44,15090
C,sello Ed25519 ZIP-215 sobre 492 B,2,45,15119
C,sello Ed25519 ZIP-215 sobre 492 B,2,46,15100
C,sello Ed25519 ZIP-215 sobre 492 B,2,47,15110
C,sello Ed25519 ZIP-215 sobre 492 B,2,48,15080
C,sello Ed25519 ZIP-215 sobre 492 B,2,49,15100
C,sello Ed25519 ZIP-215 sobre 492 B,2,50,15129
C,sello Ed25519 ZIP-215 sobre 492 B,2,51,15100
C,sello Ed25519 ZIP-215 sobre 492 B,2,52,15090
C,sello Ed25519 ZIP-215 sobre 492 B,2,53,15120
C,sello Ed25519 ZIP-215 sobre 492 B,2,54,15120
C,sello Ed25519 ZIP-215 sobre 492 B,2,55,15099
C,sello Ed25519 ZIP-215 sobre 492 B,2,56,15090
C,sello Ed25519 ZIP-215 sobre 492 B,2,57,15099
C,sello Ed25519 ZIP-215 sobre 492 B,2,58,15100
C,sello Ed25519 ZIP-215 sobre 492 B,2,59,15100
C,sello Ed25519 ZIP-215 sobre 492 B,2,60,15109
C,sello Ed25519 ZIP-215 sobre 492 B,2,61,17240
C,sello Ed25519 ZIP-215 sobre 492 B,2,62,15119
C,sello Ed25519 ZIP-215 sobre 492 B,2,63,15110
C,sello Ed25519 ZIP-215 sobre 492 B,2,64,15090
C,sello Ed25519 ZIP-215 sobre 492 B,2,65,15109
C,sello Ed25519 ZIP-215 sobre 492 B,2,66,15130
C,sello Ed25519 ZIP-215 sobre 492 B,2,67,15089
C,sello Ed25519 ZIP-215 sobre 492 B,2,68,15110
C,sello Ed25519 ZIP-215 sobre 492 B,2,69,15110
C,sello Ed25519 ZIP-215 sobre 492 B,2,70,15079
C,sello Ed25519 ZIP-215 sobre 492 B,2,71,15080
C,sello Ed25519 ZIP-215 sobre 492 B,2,72,15079
C,sello Ed25519 ZIP-215 sobre 492 B,2,73,15080
C,sello Ed25519 ZIP-215 sobre 492 B,2,74,15070
C,sello Ed25519 ZIP-215 sobre 492 B,2,75,15069
C,sello Ed25519 ZIP-215 sobre 492 B,2,76,15070
C,sello Ed25519 ZIP-215 sobre 492 B,2,77,15069
C,sello Ed25519 ZIP-215 sobre 492 B,2,78,15070
C,sello Ed25519 ZIP-215 sobre 492 B,2,79,15070
C,sello Ed25519 ZIP-215 sobre 492 B,2,80,15099
C,sello Ed25519 ZIP-215 sobre 492 B,2,81,15090
C,sello Ed25519 ZIP-215 sobre 492 B,2,82,15049
C,sello Ed25519 ZIP-215 sobre 492 B,2,83,15060
C,sello Ed25519 ZIP-215 sobre 492 B,2,84,15060
C,sello Ed25519 ZIP-215 sobre 492 B,2,85,15039
C,sello Ed25519 ZIP-215 sobre 492 B,2,86,15060
C,sello Ed25519 ZIP-215 sobre 492 B,2,87,15069
C,sello Ed25519 ZIP-215 sobre 492 B,2,88,15090
C,sello Ed25519 ZIP-215 sobre 492 B,2,89,15050
C,sello Ed25519 ZIP-215 sobre 492 B,2,90,15049
C,sello Ed25519 ZIP-215 sobre 492 B,2,91,15080
C,sello Ed25519 ZIP-215 sobre 492 B,2,92,15079
C,sello Ed25519 ZIP-215 sobre 492 B,2,93,15080
C,sello Ed25519 ZIP-215 sobre 492 B,2,94,15110
C,sello Ed25519 ZIP-215 sobre 492 B,2,95,15079
C,sello Ed25519 ZIP-215 sobre 492 B,2,96,15060
C,sello Ed25519 ZIP-215 sobre 492 B,2,97,15089
C,sello Ed25519 ZIP-215 sobre 492 B,2,98,15090
C,sello Ed25519 ZIP-215 sobre 492 B,2,99,15070
D-92,block_hash cabecera 92 B (x100; dividido),2,0,213
D-92,block_hash cabecera 92 B (x100; dividido),2,1,212
D-92,block_hash cabecera 92 B (x100; dividido),2,2,212
D-92,block_hash cabecera 92 B (x100; dividido),2,3,216
D-92,block_hash cabecera 92 B (x100; dividido),2,4,212
D-92,block_hash cabecera 92 B (x100; dividido),2,5,212
D-92,block_hash cabecera 92 B (x100; dividido),2,6,212
D-92,block_hash cabecera 92 B (x100; dividido),2,7,212
D-92,block_hash cabecera 92 B (x100; dividido),2,8,212
D-92,block_hash cabecera 92 B (x100; dividido),2,9,213
D-92,block_hash cabecera 92 B (x100; dividido),2,10,214
D-92,block_hash cabecera 92 B (x100; dividido),2,11,214
D-92,block_hash cabecera 92 B (x100; dividido),2,12,214
D-92,block_hash cabecera 92 B (x100; dividido),2,13,215
D-92,block_hash cabecera 92 B (x100; dividido),2,14,213
D-92,block_hash cabecera 92 B (x100; dividido),2,15,214
D-92,block_hash cabecera 92 B (x100; dividido),2,16,213
D-92,block_hash cabecera 92 B (x100; dividido),2,17,213
D-92,block_hash cabecera 92 B (x100; dividido),2,18,213
D-92,block_hash cabecera 92 B (x100; dividido),2,19,214
D-92,block_hash cabecera 92 B (x100; dividido),2,20,213
D-92,block_hash cabecera 92 B (x100; dividido),2,21,213
D-92,block_hash cabecera 92 B (x100; dividido),2,22,213
D-92,block_hash cabecera 92 B (x100; dividido),2,23,213
D-92,block_hash cabecera 92 B (x100; dividido),2,24,214
D-92,block_hash cabecera 92 B (x100; dividido),2,25,214
D-92,block_hash cabecera 92 B (x100; dividido),2,26,213
D-92,block_hash cabecera 92 B (x100; dividido),2,27,214
D-92,block_hash cabecera 92 B (x100; dividido),2,28,213
D-92,block_hash cabecera 92 B (x100; dividido),2,29,213
D-92,block_hash cabecera 92 B (x100; dividido),2,30,213
D-92,block_hash cabecera 92 B (x100; dividido),2,31,213
D-92,block_hash cabecera 92 B (x100; dividido),2,32,213
D-92,block_hash cabecera 92 B (x100; dividido),2,33,213
D-92,block_hash cabecera 92 B (x100; dividido),2,34,214
D-92,block_hash cabecera 92 B (x100; dividido),2,35,213
D-92,block_hash cabecera 92 B (x100; dividido),2,36,213
D-92,block_hash cabecera 92 B (x100; dividido),2,37,213
D-92,block_hash cabecera 92 B (x100; dividido),2,38,213
D-92,block_hash cabecera 92 B (x100; dividido),2,39,214
D-92,block_hash cabecera 92 B (x100; dividido),2,40,245
D-92,block_hash cabecera 92 B (x100; dividido),2,41,214
D-92,block_hash cabecera 92 B (x100; dividido),2,42,214
D-92,block_hash cabecera 92 B (x100; dividido),2,43,213
D-92,block_hash cabecera 92 B (x100; dividido),2,44,213
D-92,block_hash cabecera 92 B (x100; dividido),2,45,214
D-92,block_hash cabecera 92 B (x100; dividido),2,46,215
D-92,block_hash cabecera 92 B (x100; dividido),2,47,216
D-92,block_hash cabecera 92 B (x100; dividido),2,48,215
D-92,block_hash cabecera 92 B (x100; dividido),2,49,217
D-92,block_hash cabecera 92 B (x100; dividido),2,50,215
D-92,block_hash cabecera 92 B (x100; dividido),2,51,215
D-92,block_hash cabecera 92 B (x100; dividido),2,52,216
D-92,block_hash cabecera 92 B (x100; dividido),2,53,216
D-92,block_hash cabecera 92 B (x100; dividido),2,54,215
D-92,block_hash cabecera 92 B (x100; dividido),2,55,216
D-92,block_hash cabecera 92 B (x100; dividido),2,56,215
D-92,block_hash cabecera 92 B (x100; dividido),2,57,216
D-92,block_hash cabecera 92 B (x100; dividido),2,58,216
D-92,block_hash cabecera 92 B (x100; dividido),2,59,215
D-92,block_hash cabecera 92 B (x100; dividido),2,60,216
D-92,block_hash cabecera 92 B (x100; dividido),2,61,216
D-92,block_hash cabecera 92 B (x100; dividido),2,62,216
D-92,block_hash cabecera 92 B (x100; dividido),2,63,216
D-92,block_hash cabecera 92 B (x100; dividido),2,64,216
D-92,block_hash cabecera 92 B (x100; dividido),2,65,216
D-92,block_hash cabecera 92 B (x100; dividido),2,66,216
D-92,block_hash cabecera 92 B (x100; dividido),2,67,216
D-92,block_hash cabecera 92 B (x100; dividido),2,68,216
D-92,block_hash cabecera 92 B (x100; dividido),2,69,216
D-92,block_hash cabecera 92 B (x100; dividido),2,70,215
D-92,block_hash cabecera 92 B (x100; dividido),2,71,216
D-92,block_hash cabecera 92 B (x100; dividido),2,72,216
D-92,block_hash cabecera 92 B (x100; dividido),2,73,216
D-92,block_hash cabecera 92 B (x100; dividido),2,74,216
D-92,block_hash cabecera 92 B (x100; dividido),2,75,216
D-92,block_hash cabecera 92 B (x100; dividido),2,76,232
D-92,block_hash cabecera 92 B (x100; dividido),2,77,216
D-92,block_hash cabecera 92 B (x100; dividido),2,78,216
D-92,block_hash cabecera 92 B (x100; dividido),2,79,216
D-92,block_hash cabecera 92 B (x100; dividido),2,80,216
D-92,block_hash cabecera 92 B (x100; dividido),2,81,216
D-92,block_hash cabecera 92 B (x100; dividido),2,82,217
D-92,block_hash cabecera 92 B (x100; dividido),2,83,217
D-92,block_hash cabecera 92 B (x100; dividido),2,84,217
D-92,block_hash cabecera 92 B (x100; dividido),2,85,218
D-92,block_hash cabecera 92 B (x100; dividido),2,86,217
D-92,block_hash cabecera 92 B (x100; dividido),2,87,217
D-92,block_hash cabecera 92 B (x100; dividido),2,88,217
D-92,block_hash cabecera 92 B (x100; dividido),2,89,217
D-92,block_hash cabecera 92 B (x100; dividido),2,90,217
D-92,block_hash cabecera 92 B (x100; dividido),2,91,217
D-92,block_hash cabecera 92 B (x100; dividido),2,92,217
D-92,block_hash cabecera 92 B (x100; dividido),2,93,217
D-92,block_hash cabecera 92 B (x100; dividido),2,94,217
D-92,block_hash cabecera 92 B (x100; dividido),2,95,217
D-92,block_hash cabecera 92 B (x100; dividido),2,96,217
D-92,block_hash cabecera 92 B (x100; dividido),2,97,217
D-92,block_hash cabecera 92 B (x100; dividido),2,98,217
D-92,block_hash cabecera 92 B (x100; dividido),2,99,217
D-92,block_hash cabecera 92 B (x100; dividido),2,100,217
D-92,block_hash cabecera 92 B (x100; dividido),2,101,217
D-92,block_hash cabecera 92 B (x100; dividido),2,102,217
D-92,block_hash cabecera 92 B (x100; dividido),2,103,217
D-92,block_hash cabecera 92 B (x100; dividido),2,104,217
D-92,block_hash cabecera 92 B (x100; dividido),2,105,217
D-92,block_hash cabecera 92 B (x100; dividido),2,106,217
D-92,block_hash cabecera 92 B (x100; dividido),2,107,217
D-92,block_hash cabecera 92 B (x100; dividido),2,108,218
D-92,block_hash cabecera 92 B (x100; dividido),2,109,217
D-92,block_hash cabecera 92 B (x100; dividido),2,110,217
D-92,block_hash cabecera 92 B (x100; dividido),2,111,217
D-92,block_hash cabecera 92 B (x100; dividido),2,112,245
D-92,block_hash cabecera 92 B (x100; dividido),2,113,217
D-92,block_hash cabecera 92 B (x100; dividido),2,114,217
D-92,block_hash cabecera 92 B (x100; dividido),2,115,218
D-92,block_hash cabecera 92 B (x100; dividido),2,116,217
D-92,block_hash cabecera 92 B (x100; dividido),2,117,217
D-92,block_hash cabecera 92 B (x100; dividido),2,118,216
D-92,block_hash cabecera 92 B (x100; dividido),2,119,217
D-92,block_hash cabecera 92 B (x100; dividido),2,120,217
D-92,block_hash cabecera 92 B (x100; dividido),2,121,217
D-92,block_hash cabecera 92 B (x100; dividido),2,122,216
D-92,block_hash cabecera 92 B (x100; dividido),2,123,217
D-92,block_hash cabecera 92 B (x100; dividido),2,124,216
D-92,block_hash cabecera 92 B (x100; dividido),2,125,217
D-92,block_hash cabecera 92 B (x100; dividido),2,126,217
D-92,block_hash cabecera 92 B (x100; dividido),2,127,217
D-92,block_hash cabecera 92 B (x100; dividido),2,128,217
D-92,block_hash cabecera 92 B (x100; dividido),2,129,216
D-92,block_hash cabecera 92 B (x100; dividido),2,130,216
D-92,block_hash cabecera 92 B (x100; dividido),2,131,217
D-92,block_hash cabecera 92 B (x100; dividido),2,132,217
D-92,block_hash cabecera 92 B (x100; dividido),2,133,217
D-92,block_hash cabecera 92 B (x100; dividido),2,134,217
D-92,block_hash cabecera 92 B (x100; dividido),2,135,217
D-92,block_hash cabecera 92 B (x100; dividido),2,136,217
D-92,block_hash cabecera 92 B (x100; dividido),2,137,217
D-92,block_hash cabecera 92 B (x100; dividido),2,138,217
D-92,block_hash cabecera 92 B (x100; dividido),2,139,217
D-92,block_hash cabecera 92 B (x100; dividido),2,140,217
D-92,block_hash cabecera 92 B (x100; dividido),2,141,217
D-92,block_hash cabecera 92 B (x100; dividido),2,142,216
D-92,block_hash cabecera 92 B (x100; dividido),2,143,217
D-92,block_hash cabecera 92 B (x100; dividido),2,144,216
D-92,block_hash cabecera 92 B (x100; dividido),2,145,217
D-92,block_hash cabecera 92 B (x100; dividido),2,146,216
D-92,block_hash cabecera 92 B (x100; dividido),2,147,217
D-92,block_hash cabecera 92 B (x100; dividido),2,148,240
D-92,block_hash cabecera 92 B (x100; dividido),2,149,217
D-92,block_hash cabecera 92 B (x100; dividido),2,150,217
D-92,block_hash cabecera 92 B (x100; dividido),2,151,217
D-92,block_hash cabecera 92 B (x100; dividido),2,152,217
D-92,block_hash cabecera 92 B (x100; dividido),2,153,217
D-92,block_hash cabecera 92 B (x100; dividido),2,154,216
D-92,block_hash cabecera 92 B (x100; dividido),2,155,217
D-92,block_hash cabecera 92 B (x100; dividido),2,156,217
D-92,block_hash cabecera 92 B (x100; dividido),2,157,217
D-92,block_hash cabecera 92 B (x100; dividido),2,158,216
D-92,block_hash cabecera 92 B (x100; dividido),2,159,217
D-92,block_hash cabecera 92 B (x100; dividido),2,160,216
D-92,block_hash cabecera 92 B (x100; dividido),2,161,217
D-92,block_hash cabecera 92 B (x100; dividido),2,162,217
D-92,block_hash cabecera 92 B (x100; dividido),2,163,216
D-92,block_hash cabecera 92 B (x100; dividido),2,164,216
D-92,block_hash cabecera 92 B (x100; dividido),2,165,217
D-92,block_hash cabecera 92 B (x100; dividido),2,166,217
D-92,block_hash cabecera 92 B (x100; dividido),2,167,217
D-92,block_hash cabecera 92 B (x100; dividido),2,168,217
D-92,block_hash cabecera 92 B (x100; dividido),2,169,217
D-92,block_hash cabecera 92 B (x100; dividido),2,170,217
D-92,block_hash cabecera 92 B (x100; dividido),2,171,216
D-92,block_hash cabecera 92 B (x100; dividido),2,172,217
D-92,block_hash cabecera 92 B (x100; dividido),2,173,217
D-92,block_hash cabecera 92 B (x100; dividido),2,174,217
D-92,block_hash cabecera 92 B (x100; dividido),2,175,217
D-92,block_hash cabecera 92 B (x100; dividido),2,176,216
D-92,block_hash cabecera 92 B (x100; dividido),2,177,217
D-92,block_hash cabecera 92 B (x100; dividido),2,178,216
D-92,block_hash cabecera 92 B (x100; dividido),2,179,217
D-92,block_hash cabecera 92 B (x100; dividido),2,180,216
D-92,block_hash cabecera 92 B (x100; dividido),2,181,216
D-92,block_hash cabecera 92 B (x100; dividido),2,182,216
D-92,block_hash cabecera 92 B (x100; dividido),2,183,217
D-92,block_hash cabecera 92 B (x100; dividido),2,184,246
D-92,block_hash cabecera 92 B (x100; dividido),2,185,217
D-92,block_hash cabecera 92 B (x100; dividido),2,186,217
D-92,block_hash cabecera 92 B (x100; dividido),2,187,216
D-92,block_hash cabecera 92 B (x100; dividido),2,188,217
D-92,block_hash cabecera 92 B (x100; dividido),2,189,217
D-92,block_hash cabecera 92 B (x100; dividido),2,190,217
D-92,block_hash cabecera 92 B (x100; dividido),2,191,216
D-92,block_hash cabecera 92 B (x100; dividido),2,192,246
D-92,block_hash cabecera 92 B (x100; dividido),2,193,217
D-92,block_hash cabecera 92 B (x100; dividido),2,194,217
D-92,block_hash cabecera 92 B (x100; dividido),2,195,217
D-92,block_hash cabecera 92 B (x100; dividido),2,196,217
D-92,block_hash cabecera 92 B (x100; dividido),2,197,216
D-92,block_hash cabecera 92 B (x100; dividido),2,198,217
D-92,block_hash cabecera 92 B (x100; dividido),2,199,217
D-92,block_hash cabecera 92 B (x100; dividido),2,200,217
D-92,block_hash cabecera 92 B (x100; dividido),2,201,217
D-92,block_hash cabecera 92 B (x100; dividido),2,202,217
D-92,block_hash cabecera 92 B (x100; dividido),2,203,217
D-92,block_hash cabecera 92 B (x100; dividido),2,204,217
D-92,block_hash cabecera 92 B (x100; dividido),2,205,216
D-92,block_hash cabecera 92 B (x100; dividido),2,206,238
D-92,block_hash cabecera 92 B (x100; dividido),2,207,217
D-92,block_hash cabecera 92 B (x100; dividido),2,208,217
D-92,block_hash cabecera 92 B (x100; dividido),2,209,217
D-92,block_hash cabecera 92 B (x100; dividido),2,210,217
D-92,block_hash cabecera 92 B (x100; dividido),2,211,217
D-92,block_hash cabecera 92 B (x100; dividido),2,212,217
D-92,block_hash cabecera 92 B (x100; dividido),2,213,216
D-92,block_hash cabecera 92 B (x100; dividido),2,214,217
D-92,block_hash cabecera 92 B (x100; dividido),2,215,217
D-92,block_hash cabecera 92 B (x100; dividido),2,216,217
D-92,block_hash cabecera 92 B (x100; dividido),2,217,226
D-92,block_hash cabecera 92 B (x100; dividido),2,218,217
D-92,block_hash cabecera 92 B (x100; dividido),2,219,237
D-92,block_hash cabecera 92 B (x100; dividido),2,220,217
D-92,block_hash cabecera 92 B (x100; dividido),2,221,217
D-92,block_hash cabecera 92 B (x100; dividido),2,222,216
D-92,block_hash cabecera 92 B (x100; dividido),2,223,217
D-92,block_hash cabecera 92 B (x100; dividido),2,224,217
D-92,block_hash cabecera 92 B (x100; dividido),2,225,217
D-92,block_hash cabecera 92 B (x100; dividido),2,226,217
D-92,block_hash cabecera 92 B (x100; dividido),2,227,217
D-92,block_hash cabecera 92 B (x100; dividido),2,228,217
D-92,block_hash cabecera 92 B (x100; dividido),2,229,216
D-92,block_hash cabecera 92 B (x100; dividido),2,230,216
D-92,block_hash cabecera 92 B (x100; dividido),2,231,216
D-92,block_hash cabecera 92 B (x100; dividido),2,232,216
D-92,block_hash cabecera 92 B (x100; dividido),2,233,216
D-92,block_hash cabecera 92 B (x100; dividido),2,234,216
D-92,block_hash cabecera 92 B (x100; dividido),2,235,216
D-92,block_hash cabecera 92 B (x100; dividido),2,236,216
D-92,block_hash cabecera 92 B (x100; dividido),2,237,216
D-92,block_hash cabecera 92 B (x100; dividido),2,238,216
D-92,block_hash cabecera 92 B (x100; dividido),2,239,216
D-92,block_hash cabecera 92 B (x100; dividido),2,240,216
D-92,block_hash cabecera 92 B (x100; dividido),2,241,216
D-92,block_hash cabecera 92 B (x100; dividido),2,242,216
D-92,block_hash cabecera 92 B (x100; dividido),2,243,216
D-92,block_hash cabecera 92 B (x100; dividido),2,244,216
D-92,block_hash cabecera 92 B (x100; dividido),2,245,216
D-92,block_hash cabecera 92 B (x100; dividido),2,246,216
D-92,block_hash cabecera 92 B (x100; dividido),2,247,216
D-92,block_hash cabecera 92 B (x100; dividido),2,248,216
D-92,block_hash cabecera 92 B (x100; dividido),2,249,216
D-92,block_hash cabecera 92 B (x100; dividido),2,250,216
D-92,block_hash cabecera 92 B (x100; dividido),2,251,216
D-92,block_hash cabecera 92 B (x100; dividido),2,252,216
D-92,block_hash cabecera 92 B (x100; dividido),2,253,216
D-92,block_hash cabecera 92 B (x100; dividido),2,254,216
D-92,block_hash cabecera 92 B (x100; dividido),2,255,246
D-92,block_hash cabecera 92 B (x100; dividido),2,256,216
D-92,block_hash cabecera 92 B (x100; dividido),2,257,216
D-92,block_hash cabecera 92 B (x100; dividido),2,258,216
D-92,block_hash cabecera 92 B (x100; dividido),2,259,216
D-92,block_hash cabecera 92 B (x100; dividido),2,260,216
D-92,block_hash cabecera 92 B (x100; dividido),2,261,216
D-92,block_hash cabecera 92 B (x100; dividido),2,262,216
D-92,block_hash cabecera 92 B (x100; dividido),2,263,216
D-92,block_hash cabecera 92 B (x100; dividido),2,264,216
D-92,block_hash cabecera 92 B (x100; dividido),2,265,216
D-92,block_hash cabecera 92 B (x100; dividido),2,266,216
D-92,block_hash cabecera 92 B (x100; dividido),2,267,216
D-92,block_hash cabecera 92 B (x100; dividido),2,268,216
D-92,block_hash cabecera 92 B (x100; dividido),2,269,216
D-92,block_hash cabecera 92 B (x100; dividido),2,270,216
D-92,block_hash cabecera 92 B (x100; dividido),2,271,216
D-92,block_hash cabecera 92 B (x100; dividido),2,272,216
D-92,block_hash cabecera 92 B (x100; dividido),2,273,216
D-92,block_hash cabecera 92 B (x100; dividido),2,274,216
D-92,block_hash cabecera 92 B (x100; dividido),2,275,216
D-92,block_hash cabecera 92 B (x100; dividido),2,276,216
D-92,block_hash cabecera 92 B (x100; dividido),2,277,217
D-92,block_hash cabecera 92 B (x100; dividido),2,278,216
D-92,block_hash cabecera 92 B (x100; dividido),2,279,216
D-92,block_hash cabecera 92 B (x100; dividido),2,280,216
D-92,block_hash cabecera 92 B (x100; dividido),2,281,216
D-92,block_hash cabecera 92 B (x100; dividido),2,282,216
D-92,block_hash cabecera 92 B (x100; dividido),2,283,215
D-92,block_hash cabecera 92 B (x100; dividido),2,284,216
D-92,block_hash cabecera 92 B (x100; dividido),2,285,216
D-92,block_hash cabecera 92 B (x100; dividido),2,286,216
D-92,block_hash cabecera 92 B (x100; dividido),2,287,216
D-92,block_hash cabecera 92 B (x100; dividido),2,288,216
D-92,block_hash cabecera 92 B (x100; dividido),2,289,216
D-92,block_hash cabecera 92 B (x100; dividido),2,290,216
D-92,block_hash cabecera 92 B (x100; dividido),2,291,246
D-92,block_hash cabecera 92 B (x100; dividido),2,292,216
D-92,block_hash cabecera 92 B (x100; dividido),2,293,216
D-92,block_hash cabecera 92 B (x100; dividido),2,294,216
D-92,block_hash cabecera 92 B (x100; dividido),2,295,216
D-92,block_hash cabecera 92 B (x100; dividido),2,296,216
D-92,block_hash cabecera 92 B (x100; dividido),2,297,216
D-92,block_hash cabecera 92 B (x100; dividido),2,298,216
D-92,block_hash cabecera 92 B (x100; dividido),2,299,217
D-556,H_d replica sha3 0.12.0 sobre 556 B (x100; dividido),2,0,1003
D-556,H_d replica sha3 0.12.0 sobre 556 B (x100; dividido),2,1,1004
D-556,H_d replica sha3 0.12.0 sobre 556 B (x100; dividido),2,2,1004
D-556,H_d replica sha3 0.12.0 sobre 556 B (x100; dividido),2,3,1004
D-556,H_d replica sha3 0.12.0 sobre 556 B (x100; dividido),2,4,1005
D-556,H_d replica sha3 0.12.0 sobre 556 B (x100; dividido),2,5,1005
D-556,H_d replica sha3 0.12.0 sobre 556 B (x100; dividido),2,6,1027
D-556,H_d replica sha3 0.12.0 sobre 556 B (x100; dividido),2,7,1006
D-556,H_d replica sha3 0.12.0 sobre 556 B (x100; dividido),2,8,1005
D-556,H_d replica sha3 0.12.0 sobre 556 B (x100; dividido),2,9,1004
D-556,H_d replica sha3 0.12.0 sobre 556 B (x100; dividido),2,10,1004
D-556,H_d replica sha3 0.12.0 sobre 556 B (x100; dividido),2,11,1003
D-556,H_d replica sha3 0.12.0 sobre 556 B (x100; dividido),2,12,1004
D-556,H_d replica sha3 0.12.0 sobre 556 B (x100; dividido),2,13,1003
D-556,H_d replica sha3 0.12.0 sobre 556 B (x100; dividido),2,14,1004
D-556,H_d replica sha3 0.12.0 sobre 556 B (x100; dividido),2,15,1004
D-556,H_d replica sha3 0.12.0 sobre 556 B (x100; dividido),2,16,1039
D-556,H_d replica sha3 0.12.0 sobre 556 B (x100; dividido),2,17,1003
D-556,H_d replica sha3 0.12.0 sobre 556 B (x100; dividido),2,18,1002
D-556,H_d replica sha3 0.12.0 sobre 556 B (x100; dividido),2,19,1002
D-556,H_d replica sha3 0.12.0 sobre 556 B (x100; dividido),2,20,1003
D-556,H_d replica sha3 0.12.0 sobre 556 B (x100; dividido),2,21,1003
D-556,H_d replica sha3 0.12.0 sobre 556 B (x100; dividido),2,22,1002
D-556,H_d replica sha3 0.12.0 sobre 556 B (x100; dividido),2,23,1003
D-556,H_d replica sha3 0.12.0 sobre 556 B (x100; dividido),2,24,1003
D-556,H_d replica sha3 0.12.0 sobre 556 B (x100; dividido),2,25,1033
D-556,H_d replica sha3 0.12.0 sobre 556 B (x100; dividido),2,26,1003
D-556,H_d replica sha3 0.12.0 sobre 556 B (x100; dividido),2,27,1005
D-556,H_d replica sha3 0.12.0 sobre 556 B (x100; dividido),2,28,1005
D-556,H_d replica sha3 0.12.0 sobre 556 B (x100; dividido),2,29,1006
D-556,H_d replica sha3 0.12.0 sobre 556 B (x100; dividido),2,30,1006
D-556,H_d replica sha3 0.12.0 sobre 556 B (x100; dividido),2,31,1005
D-556,H_d replica sha3 0.12.0 sobre 556 B (x100; dividido),2,32,1004
D-556,H_d replica sha3 0.12.0 sobre 556 B (x100; dividido),2,33,1007
D-556,H_d replica sha3 0.12.0 sobre 556 B (x100; dividido),2,34,1035
D-556,H_d replica sha3 0.12.0 sobre 556 B (x100; dividido),2,35,1006
D-556,H_d replica sha3 0.12.0 sobre 556 B (x100; dividido),2,36,1007
D-556,H_d replica sha3 0.12.0 sobre 556 B (x100; dividido),2,37,1007
D-556,H_d replica sha3 0.12.0 sobre 556 B (x100; dividido),2,38,1006
D-556,H_d replica sha3 0.12.0 sobre 556 B (x100; dividido),2,39,1006
D-556,H_d replica sha3 0.12.0 sobre 556 B (x100; dividido),2,40,1007
D-556,H_d replica sha3 0.12.0 sobre 556 B (x100; dividido),2,41,1007
D-556,H_d replica sha3 0.12.0 sobre 556 B (x100; dividido),2,42,1008
D-556,H_d replica sha3 0.12.0 sobre 556 B (x100; dividido),2,43,1007
D-556,H_d replica sha3 0.12.0 sobre 556 B (x100; dividido),2,44,1023
D-556,H_d replica sha3 0.12.0 sobre 556 B (x100; dividido),2,45,1007
D-556,H_d replica sha3 0.12.0 sobre 556 B (x100; dividido),2,46,1006
D-556,H_d replica sha3 0.12.0 sobre 556 B (x100; dividido),2,47,1004
D-556,H_d replica sha3 0.12.0 sobre 556 B (x100; dividido),2,48,1005
D-556,H_d replica sha3 0.12.0 sobre 556 B (x100; dividido),2,49,1006
D-556,H_d replica sha3 0.12.0 sobre 556 B (x100; dividido),2,50,1005
D-556,H_d replica sha3 0.12.0 sobre 556 B (x100; dividido),2,51,1005
D-556,H_d replica sha3 0.12.0 sobre 556 B (x100; dividido),2,52,1007
D-556,H_d replica sha3 0.12.0 sobre 556 B (x100; dividido),2,53,1034
D-556,H_d replica sha3 0.12.0 sobre 556 B (x100; dividido),2,54,1005
D-556,H_d replica sha3 0.12.0 sobre 556 B (x100; dividido),2,55,1005
D-556,H_d replica sha3 0.12.0 sobre 556 B (x100; dividido),2,56,1006
D-556,H_d replica sha3 0.12.0 sobre 556 B (x100; dividido),2,57,1006
D-556,H_d replica sha3 0.12.0 sobre 556 B (x100; dividido),2,58,1005
D-556,H_d replica sha3 0.12.0 sobre 556 B (x100; dividido),2,59,1005
D-556,H_d replica sha3 0.12.0 sobre 556 B (x100; dividido),2,60,1005
D-556,H_d replica sha3 0.12.0 sobre 556 B (x100; dividido),2,61,1005
D-556,H_d replica sha3 0.12.0 sobre 556 B (x100; dividido),2,62,1008
D-556,H_d replica sha3 0.12.0 sobre 556 B (x100; dividido),2,63,1005
D-556,H_d replica sha3 0.12.0 sobre 556 B (x100; dividido),2,64,1004
D-556,H_d replica sha3 0.12.0 sobre 556 B (x100; dividido),2,65,1004
D-556,H_d replica sha3 0.12.0 sobre 556 B (x100; dividido),2,66,1004
D-556,H_d replica sha3 0.12.0 sobre 556 B (x100; dividido),2,67,1005
D-556,H_d replica sha3 0.12.0 sobre 556 B (x100; dividido),2,68,1005
D-556,H_d replica sha3 0.12.0 sobre 556 B (x100; dividido),2,69,1006
D-556,H_d replica sha3 0.12.0 sobre 556 B (x100; dividido),2,70,1004
D-556,H_d replica sha3 0.12.0 sobre 556 B (x100; dividido),2,71,1005
D-556,H_d replica sha3 0.12.0 sobre 556 B (x100; dividido),2,72,1035
D-556,H_d replica sha3 0.12.0 sobre 556 B (x100; dividido),2,73,1005
D-556,H_d replica sha3 0.12.0 sobre 556 B (x100; dividido),2,74,1005
D-556,H_d replica sha3 0.12.0 sobre 556 B (x100; dividido),2,75,1005
D-556,H_d replica sha3 0.12.0 sobre 556 B (x100; dividido),2,76,1004
D-556,H_d replica sha3 0.12.0 sobre 556 B (x100; dividido),2,77,1004
D-556,H_d replica sha3 0.12.0 sobre 556 B (x100; dividido),2,78,1005
D-556,H_d replica sha3 0.12.0 sobre 556 B (x100; dividido),2,79,1004
D-556,H_d replica sha3 0.12.0 sobre 556 B (x100; dividido),2,80,1005
D-556,H_d replica sha3 0.12.0 sobre 556 B (x100; dividido),2,81,1021
D-556,H_d replica sha3 0.12.0 sobre 556 B (x100; dividido),2,82,1004
D-556,H_d replica sha3 0.12.0 sobre 556 B (x100; dividido),2,83,1004
D-556,H_d replica sha3 0.12.0 sobre 556 B (x100; dividido),2,84,1006
D-556,H_d replica sha3 0.12.0 sobre 556 B (x100; dividido),2,85,1004
D-556,H_d replica sha3 0.12.0 sobre 556 B (x100; dividido),2,86,1004
D-556,H_d replica sha3 0.12.0 sobre 556 B (x100; dividido),2,87,1006
D-556,H_d replica sha3 0.12.0 sobre 556 B (x100; dividido),2,88,1006
D-556,H_d replica sha3 0.12.0 sobre 556 B (x100; dividido),2,89,1004
D-556,H_d replica sha3 0.12.0 sobre 556 B (x100; dividido),2,90,1006
D-556,H_d replica sha3 0.12.0 sobre 556 B (x100; dividido),2,91,1033
D-556,H_d replica sha3 0.12.0 sobre 556 B (x100; dividido),2,92,1005
D-556,H_d replica sha3 0.12.0 sobre 556 B (x100; dividido),2,93,1005
D-556,H_d replica sha3 0.12.0 sobre 556 B (x100; dividido),2,94,1005
D-556,H_d replica sha3 0.12.0 sobre 556 B (x100; dividido),2,95,1006
D-556,H_d replica sha3 0.12.0 sobre 556 B (x100; dividido),2,96,1005
D-556,H_d replica sha3 0.12.0 sobre 556 B (x100; dividido),2,97,1005
D-556,H_d replica sha3 0.12.0 sobre 556 B (x100; dividido),2,98,1004
D-556,H_d replica sha3 0.12.0 sobre 556 B (x100; dividido),2,99,1005
D-556,H_d replica sha3 0.12.0 sobre 556 B (x100; dividido),2,100,1034
D-556,H_d replica sha3 0.12.0 sobre 556 B (x100; dividido),2,101,1005
D-556,H_d replica sha3 0.12.0 sobre 556 B (x100; dividido),2,102,1008
D-556,H_d replica sha3 0.12.0 sobre 556 B (x100; dividido),2,103,1008
D-556,H_d replica sha3 0.12.0 sobre 556 B (x100; dividido),2,104,1006
D-556,H_d replica sha3 0.12.0 sobre 556 B (x100; dividido),2,105,1007
D-556,H_d replica sha3 0.12.0 sobre 556 B (x100; dividido),2,106,1006
D-556,H_d replica sha3 0.12.0 sobre 556 B (x100; dividido),2,107,1006
D-556,H_d replica sha3 0.12.0 sobre 556 B (x100; dividido),2,108,1007
D-556,H_d replica sha3 0.12.0 sobre 556 B (x100; dividido),2,109,1037
D-556,H_d replica sha3 0.12.0 sobre 556 B (x100; dividido),2,110,1006
D-556,H_d replica sha3 0.12.0 sobre 556 B (x100; dividido),2,111,1007
D-556,H_d replica sha3 0.12.0 sobre 556 B (x100; dividido),2,112,1007
D-556,H_d replica sha3 0.12.0 sobre 556 B (x100; dividido),2,113,1006
D-556,H_d replica sha3 0.12.0 sobre 556 B (x100; dividido),2,114,1007
D-556,H_d replica sha3 0.12.0 sobre 556 B (x100; dividido),2,115,1006
D-556,H_d replica sha3 0.12.0 sobre 556 B (x100; dividido),2,116,1008
D-556,H_d replica sha3 0.12.0 sobre 556 B (x100; dividido),2,117,1006
D-556,H_d replica sha3 0.12.0 sobre 556 B (x100; dividido),2,118,1006
D-556,H_d replica sha3 0.12.0 sobre 556 B (x100; dividido),2,119,1020
D-556,H_d replica sha3 0.12.0 sobre 556 B (x100; dividido),2,120,1006
D-556,H_d replica sha3 0.12.0 sobre 556 B (x100; dividido),2,121,1007
D-556,H_d replica sha3 0.12.0 sobre 556 B (x100; dividido),2,122,1007
D-556,H_d replica sha3 0.12.0 sobre 556 B (x100; dividido),2,123,1007
D-556,H_d replica sha3 0.12.0 sobre 556 B (x100; dividido),2,124,1006
D-556,H_d replica sha3 0.12.0 sobre 556 B (x100; dividido),2,125,1007
D-556,H_d replica sha3 0.12.0 sobre 556 B (x100; dividido),2,126,1007
D-556,H_d replica sha3 0.12.0 sobre 556 B (x100; dividido),2,127,1006
D-556,H_d replica sha3 0.12.0 sobre 556 B (x100; dividido),2,128,1036
D-556,H_d replica sha3 0.12.0 sobre 556 B (x100; dividido),2,129,1006
D-556,H_d replica sha3 0.12.0 sobre 556 B (x100; dividido),2,130,1006
D-556,H_d replica sha3 0.12.0 sobre 556 B (x100; dividido),2,131,1007
D-556,H_d replica sha3 0.12.0 sobre 556 B (x100; dividido),2,132,1006
D-556,H_d replica sha3 0.12.0 sobre 556 B (x100; dividido),2,133,1005
D-556,H_d replica sha3 0.12.0 sobre 556 B (x100; dividido),2,134,1006
D-556,H_d replica sha3 0.12.0 sobre 556 B (x100; dividido),2,135,1005
D-556,H_d replica sha3 0.12.0 sobre 556 B (x100; dividido),2,136,1007
D-556,H_d replica sha3 0.12.0 sobre 556 B (x100; dividido),2,137,1037
D-556,H_d replica sha3 0.12.0 sobre 556 B (x100; dividido),2,138,1005
D-556,H_d replica sha3 0.12.0 sobre 556 B (x100; dividido),2,139,1006
D-556,H_d replica sha3 0.12.0 sobre 556 B (x100; dividido),2,140,1008
D-556,H_d replica sha3 0.12.0 sobre 556 B (x100; dividido),2,141,1006
D-556,H_d replica sha3 0.12.0 sobre 556 B (x100; dividido),2,142,1007
D-556,H_d replica sha3 0.12.0 sobre 556 B (x100; dividido),2,143,1006
D-556,H_d replica sha3 0.12.0 sobre 556 B (x100; dividido),2,144,1006
D-556,H_d replica sha3 0.12.0 sobre 556 B (x100; dividido),2,145,1006
D-556,H_d replica sha3 0.12.0 sobre 556 B (x100; dividido),2,146,1006
D-556,H_d replica sha3 0.12.0 sobre 556 B (x100; dividido),2,147,1030
D-556,H_d replica sha3 0.12.0 sobre 556 B (x100; dividido),2,148,1006
D-556,H_d replica sha3 0.12.0 sobre 556 B (x100; dividido),2,149,1007
D-556,H_d replica sha3 0.12.0 sobre 556 B (x100; dividido),2,150,1007
D-556,H_d replica sha3 0.12.0 sobre 556 B (x100; dividido),2,151,1006
D-556,H_d replica sha3 0.12.0 sobre 556 B (x100; dividido),2,152,1005
D-556,H_d replica sha3 0.12.0 sobre 556 B (x100; dividido),2,153,1005
D-556,H_d replica sha3 0.12.0 sobre 556 B (x100; dividido),2,154,1006
D-556,H_d replica sha3 0.12.0 sobre 556 B (x100; dividido),2,155,1007
D-556,H_d replica sha3 0.12.0 sobre 556 B (x100; dividido),2,156,1024
D-556,H_d replica sha3 0.12.0 sobre 556 B (x100; dividido),2,157,1007
D-556,H_d replica sha3 0.12.0 sobre 556 B (x100; dividido),2,158,1008
D-556,H_d replica sha3 0.12.0 sobre 556 B (x100; dividido),2,159,1009
D-556,H_d replica sha3 0.12.0 sobre 556 B (x100; dividido),2,160,1009
D-556,H_d replica sha3 0.12.0 sobre 556 B (x100; dividido),2,161,1009
D-556,H_d replica sha3 0.12.0 sobre 556 B (x100; dividido),2,162,1009
D-556,H_d replica sha3 0.12.0 sobre 556 B (x100; dividido),2,163,1008
D-556,H_d replica sha3 0.12.0 sobre 556 B (x100; dividido),2,164,1009
D-556,H_d replica sha3 0.12.0 sobre 556 B (x100; dividido),2,165,1032
D-556,H_d replica sha3 0.12.0 sobre 556 B (x100; dividido),2,166,1010
D-556,H_d replica sha3 0.12.0 sobre 556 B (x100; dividido),2,167,1009
D-556,H_d replica sha3 0.12.0 sobre 556 B (x100; dividido),2,168,1009
D-556,H_d replica sha3 0.12.0 sobre 556 B (x100; dividido),2,169,1010
D-556,H_d replica sha3 0.12.0 sobre 556 B (x100; dividido),2,170,1009
D-556,H_d replica sha3 0.12.0 sobre 556 B (x100; dividido),2,171,1009
D-556,H_d replica sha3 0.12.0 sobre 556 B (x100; dividido),2,172,1008
D-556,H_d replica sha3 0.12.0 sobre 556 B (x100; dividido),2,173,1010
D-556,H_d replica sha3 0.12.0 sobre 556 B (x100; dividido),2,174,1010
D-556,H_d replica sha3 0.12.0 sobre 556 B (x100; dividido),2,175,1036
D-556,H_d replica sha3 0.12.0 sobre 556 B (x100; dividido),2,176,1008
D-556,H_d replica sha3 0.12.0 sobre 556 B (x100; dividido),2,177,1010
D-556,H_d replica sha3 0.12.0 sobre 556 B (x100; dividido),2,178,1009
D-556,H_d replica sha3 0.12.0 sobre 556 B (x100; dividido),2,179,1008
D-556,H_d replica sha3 0.12.0 sobre 556 B (x100; dividido),2,180,1011
D-556,H_d replica sha3 0.12.0 sobre 556 B (x100; dividido),2,181,1009
D-556,H_d replica sha3 0.12.0 sobre 556 B (x100; dividido),2,182,1008
D-556,H_d replica sha3 0.12.0 sobre 556 B (x100; dividido),2,183,1008
D-556,H_d replica sha3 0.12.0 sobre 556 B (x100; dividido),2,184,1046
D-556,H_d replica sha3 0.12.0 sobre 556 B (x100; dividido),2,185,1007
D-556,H_d replica sha3 0.12.0 sobre 556 B (x100; dividido),2,186,1007
D-556,H_d replica sha3 0.12.0 sobre 556 B (x100; dividido),2,187,1006
D-556,H_d replica sha3 0.12.0 sobre 556 B (x100; dividido),2,188,1006
D-556,H_d replica sha3 0.12.0 sobre 556 B (x100; dividido),2,189,1006
D-556,H_d replica sha3 0.12.0 sobre 556 B (x100; dividido),2,190,1007
D-556,H_d replica sha3 0.12.0 sobre 556 B (x100; dividido),2,191,1006
D-556,H_d replica sha3 0.12.0 sobre 556 B (x100; dividido),2,192,1006
D-556,H_d replica sha3 0.12.0 sobre 556 B (x100; dividido),2,193,1022
D-556,H_d replica sha3 0.12.0 sobre 556 B (x100; dividido),2,194,1007
D-556,H_d replica sha3 0.12.0 sobre 556 B (x100; dividido),2,195,1007
D-556,H_d replica sha3 0.12.0 sobre 556 B (x100; dividido),2,196,1006
D-556,H_d replica sha3 0.12.0 sobre 556 B (x100; dividido),2,197,1008
D-556,H_d replica sha3 0.12.0 sobre 556 B (x100; dividido),2,198,1007
D-556,H_d replica sha3 0.12.0 sobre 556 B (x100; dividido),2,199,1007
D-556,H_d replica sha3 0.12.0 sobre 556 B (x100; dividido),2,200,1006
D-556,H_d replica sha3 0.12.0 sobre 556 B (x100; dividido),2,201,1008
D-556,H_d replica sha3 0.12.0 sobre 556 B (x100; dividido),2,202,1007
D-556,H_d replica sha3 0.12.0 sobre 556 B (x100; dividido),2,203,1028
D-556,H_d replica sha3 0.12.0 sobre 556 B (x100; dividido),2,204,1006
D-556,H_d replica sha3 0.12.0 sobre 556 B (x100; dividido),2,205,1008
D-556,H_d replica sha3 0.12.0 sobre 556 B (x100; dividido),2,206,1007
D-556,H_d replica sha3 0.12.0 sobre 556 B (x100; dividido),2,207,1007
D-556,H_d replica sha3 0.12.0 sobre 556 B (x100; dividido),2,208,1008
D-556,H_d replica sha3 0.12.0 sobre 556 B (x100; dividido),2,209,1007
D-556,H_d replica sha3 0.12.0 sobre 556 B (x100; dividido),2,210,1025
D-556,H_d replica sha3 0.12.0 sobre 556 B (x100; dividido),2,211,1006
D-556,H_d replica sha3 0.12.0 sobre 556 B (x100; dividido),2,212,1029
D-556,H_d replica sha3 0.12.0 sobre 556 B (x100; dividido),2,213,1007
D-556,H_d replica sha3 0.12.0 sobre 556 B (x100; dividido),2,214,1006
D-556,H_d replica sha3 0.12.0 sobre 556 B (x100; dividido),2,215,1007
D-556,H_d replica sha3 0.12.0 sobre 556 B (x100; dividido),2,216,1006
D-556,H_d replica sha3 0.12.0 sobre 556 B (x100; dividido),2,217,1008
D-556,H_d replica sha3 0.12.0 sobre 556 B (x100; dividido),2,218,1007
D-556,H_d replica sha3 0.12.0 sobre 556 B (x100; dividido),2,219,1008
D-556,H_d replica sha3 0.12.0 sobre 556 B (x100; dividido),2,220,1008
D-556,H_d replica sha3 0.12.0 sobre 556 B (x100; dividido),2,221,1028
D-556,H_d replica sha3 0.12.0 sobre 556 B (x100; dividido),2,222,1007
D-556,H_d replica sha3 0.12.0 sobre 556 B (x100; dividido),2,223,1008
D-556,H_d replica sha3 0.12.0 sobre 556 B (x100; dividido),2,224,1009
D-556,H_d replica sha3 0.12.0 sobre 556 B (x100; dividido),2,225,1007
D-556,H_d replica sha3 0.12.0 sobre 556 B (x100; dividido),2,226,1008
D-556,H_d replica sha3 0.12.0 sobre 556 B (x100; dividido),2,227,1009
D-556,H_d replica sha3 0.12.0 sobre 556 B (x100; dividido),2,228,1008
D-556,H_d replica sha3 0.12.0 sobre 556 B (x100; dividido),2,229,1008
D-556,H_d replica sha3 0.12.0 sobre 556 B (x100; dividido),2,230,1012
D-556,H_d replica sha3 0.12.0 sobre 556 B (x100; dividido),2,231,1018
D-556,H_d replica sha3 0.12.0 sobre 556 B (x100; dividido),2,232,1008
D-556,H_d replica sha3 0.12.0 sobre 556 B (x100; dividido),2,233,1007
D-556,H_d replica sha3 0.12.0 sobre 556 B (x100; dividido),2,234,1007
D-556,H_d replica sha3 0.12.0 sobre 556 B (x100; dividido),2,235,1007
D-556,H_d replica sha3 0.12.0 sobre 556 B (x100; dividido),2,236,1006
D-556,H_d replica sha3 0.12.0 sobre 556 B (x100; dividido),2,237,1008
D-556,H_d replica sha3 0.12.0 sobre 556 B (x100; dividido),2,238,1007
D-556,H_d replica sha3 0.12.0 sobre 556 B (x100; dividido),2,239,1007
D-556,H_d replica sha3 0.12.0 sobre 556 B (x100; dividido),2,240,1020
D-556,H_d replica sha3 0.12.0 sobre 556 B (x100; dividido),2,241,1007
D-556,H_d replica sha3 0.12.0 sobre 556 B (x100; dividido),2,242,1006
D-556,H_d replica sha3 0.12.0 sobre 556 B (x100; dividido),2,243,1006
D-556,H_d replica sha3 0.12.0 sobre 556 B (x100; dividido),2,244,1007
D-556,H_d replica sha3 0.12.0 sobre 556 B (x100; dividido),2,245,1007
D-556,H_d replica sha3 0.12.0 sobre 556 B (x100; dividido),2,246,1007
D-556,H_d replica sha3 0.12.0 sobre 556 B (x100; dividido),2,247,1007
D-556,H_d replica sha3 0.12.0 sobre 556 B (x100; dividido),2,248,1006
D-556,H_d replica sha3 0.12.0 sobre 556 B (x100; dividido),2,249,1022
D-556,H_d replica sha3 0.12.0 sobre 556 B (x100; dividido),2,250,1007
D-556,H_d replica sha3 0.12.0 sobre 556 B (x100; dividido),2,251,1007
D-556,H_d replica sha3 0.12.0 sobre 556 B (x100; dividido),2,252,1005
D-556,H_d replica sha3 0.12.0 sobre 556 B (x100; dividido),2,253,1005
D-556,H_d replica sha3 0.12.0 sobre 556 B (x100; dividido),2,254,1004
D-556,H_d replica sha3 0.12.0 sobre 556 B (x100; dividido),2,255,1006
D-556,H_d replica sha3 0.12.0 sobre 556 B (x100; dividido),2,256,1005
D-556,H_d replica sha3 0.12.0 sobre 556 B (x100; dividido),2,257,1005
D-556,H_d replica sha3 0.12.0 sobre 556 B (x100; dividido),2,258,1005
D-556,H_d replica sha3 0.12.0 sobre 556 B (x100; dividido),2,259,1015
D-556,H_d replica sha3 0.12.0 sobre 556 B (x100; dividido),2,260,1005
D-556,H_d replica sha3 0.12.0 sobre 556 B (x100; dividido),2,261,1004
D-556,H_d replica sha3 0.12.0 sobre 556 B (x100; dividido),2,262,1004
D-556,H_d replica sha3 0.12.0 sobre 556 B (x100; dividido),2,263,1005
D-556,H_d replica sha3 0.12.0 sobre 556 B (x100; dividido),2,264,1003
D-556,H_d replica sha3 0.12.0 sobre 556 B (x100; dividido),2,265,1006
D-556,H_d replica sha3 0.12.0 sobre 556 B (x100; dividido),2,266,1005
D-556,H_d replica sha3 0.12.0 sobre 556 B (x100; dividido),2,267,1005
D-556,H_d replica sha3 0.12.0 sobre 556 B (x100; dividido),2,268,1023
D-556,H_d replica sha3 0.12.0 sobre 556 B (x100; dividido),2,269,1005
D-556,H_d replica sha3 0.12.0 sobre 556 B (x100; dividido),2,270,1006
D-556,H_d replica sha3 0.12.0 sobre 556 B (x100; dividido),2,271,1004
D-556,H_d replica sha3 0.12.0 sobre 556 B (x100; dividido),2,272,1005
D-556,H_d replica sha3 0.12.0 sobre 556 B (x100; dividido),2,273,1004
D-556,H_d replica sha3 0.12.0 sobre 556 B (x100; dividido),2,274,1005
D-556,H_d replica sha3 0.12.0 sobre 556 B (x100; dividido),2,275,1005
D-556,H_d replica sha3 0.12.0 sobre 556 B (x100; dividido),2,276,1004
D-556,H_d replica sha3 0.12.0 sobre 556 B (x100; dividido),2,277,1020
D-556,H_d replica sha3 0.12.0 sobre 556 B (x100; dividido),2,278,1005
D-556,H_d replica sha3 0.12.0 sobre 556 B (x100; dividido),2,279,1004
D-556,H_d replica sha3 0.12.0 sobre 556 B (x100; dividido),2,280,1003
D-556,H_d replica sha3 0.12.0 sobre 556 B (x100; dividido),2,281,1003
D-556,H_d replica sha3 0.12.0 sobre 556 B (x100; dividido),2,282,1002
D-556,H_d replica sha3 0.12.0 sobre 556 B (x100; dividido),2,283,1003
D-556,H_d replica sha3 0.12.0 sobre 556 B (x100; dividido),2,284,1004
D-556,H_d replica sha3 0.12.0 sobre 556 B (x100; dividido),2,285,1003
D-556,H_d replica sha3 0.12.0 sobre 556 B (x100; dividido),2,286,1004
D-556,H_d replica sha3 0.12.0 sobre 556 B (x100; dividido),2,287,1016
D-556,H_d replica sha3 0.12.0 sobre 556 B (x100; dividido),2,288,1003
D-556,H_d replica sha3 0.12.0 sobre 556 B (x100; dividido),2,289,1004
D-556,H_d replica sha3 0.12.0 sobre 556 B (x100; dividido),2,290,1002
D-556,H_d replica sha3 0.12.0 sobre 556 B (x100; dividido),2,291,1004
D-556,H_d replica sha3 0.12.0 sobre 556 B (x100; dividido),2,292,1003
D-556,H_d replica sha3 0.12.0 sobre 556 B (x100; dividido),2,293,1005
D-556,H_d replica sha3 0.12.0 sobre 556 B (x100; dividido),2,294,1003
D-556,H_d replica sha3 0.12.0 sobre 556 B (x100; dividido),2,295,1004
D-556,H_d replica sha3 0.12.0 sobre 556 B (x100; dividido),2,296,1019
D-556,H_d replica sha3 0.12.0 sobre 556 B (x100; dividido),2,297,1003
D-556,H_d replica sha3 0.12.0 sobre 556 B (x100; dividido),2,298,1003
D-556,H_d replica sha3 0.12.0 sobre 556 B (x100; dividido),2,299,1003
E-571,merkle_root 571 txids,2,0,122518
E-571,merkle_root 571 txids,2,1,122778
E-571,merkle_root 571 txids,2,2,122848
E-571,merkle_root 571 txids,2,3,125568
E-571,merkle_root 571 txids,2,4,122867
E-571,merkle_root 571 txids,2,5,122608
E-571,merkle_root 571 txids,2,6,122537
E-571,merkle_root 571 txids,2,7,122698
E-571,merkle_root 571 txids,2,8,122527
E-571,merkle_root 571 txids,2,9,122518
E-571,merkle_root 571 txids,2,10,122488
E-571,merkle_root 571 txids,2,11,125828
E-571,merkle_root 571 txids,2,12,122578
E-571,merkle_root 571 txids,2,13,122418
E-571,merkle_root 571 txids,2,14,122388
E-571,merkle_root 571 txids,2,15,122218
E-571,merkle_root 571 txids,2,16,122298
E-571,merkle_root 571 txids,2,17,122428
E-571,merkle_root 571 txids,2,18,122308
E-571,merkle_root 571 txids,2,19,124787
E-571,merkle_root 571 txids,2,20,122488
E-571,merkle_root 571 txids,2,21,122407
E-571,merkle_root 571 txids,2,22,122618
E-571,merkle_root 571 txids,2,23,122827
E-571,merkle_root 571 txids,2,24,122618
E-571,merkle_root 571 txids,2,25,122657
E-571,merkle_root 571 txids,2,26,122798
E-571,merkle_root 571 txids,2,27,123788
E-571,merkle_root 571 txids,2,28,122498
E-571,merkle_root 571 txids,2,29,122238
E-571,merkle_root 571 txids,2,30,122407
E-571,merkle_root 571 txids,2,31,122288
E-571,merkle_root 571 txids,2,32,122407
E-571,merkle_root 571 txids,2,33,122568
E-571,merkle_root 571 txids,2,34,124297
E-571,merkle_root 571 txids,2,35,122538
E-571,merkle_root 571 txids,2,36,122407
E-571,merkle_root 571 txids,2,37,122328
E-571,merkle_root 571 txids,2,38,122468
E-571,merkle_root 571 txids,2,39,122478
E-571,merkle_root 571 txids,2,40,122548
E-571,merkle_root 571 txids,2,41,122458
E-571,merkle_root 571 txids,2,42,124028
E-571,merkle_root 571 txids,2,43,122447
E-571,merkle_root 571 txids,2,44,122558
E-571,merkle_root 571 txids,2,45,122547
E-571,merkle_root 571 txids,2,46,122768
E-571,merkle_root 571 txids,2,47,122677
E-571,merkle_root 571 txids,2,48,122518
E-571,merkle_root 571 txids,2,49,122538
E-571,merkle_root 571 txids,2,50,124028
E-571,merkle_root 571 txids,2,51,122548
E-571,merkle_root 571 txids,2,52,122648
E-571,merkle_root 571 txids,2,53,122668
E-571,merkle_root 571 txids,2,54,122707
E-571,merkle_root 571 txids,2,55,122728
E-571,merkle_root 571 txids,2,56,122687
E-571,merkle_root 571 txids,2,57,122678
E-571,merkle_root 571 txids,2,58,124157
E-571,merkle_root 571 txids,2,59,122638
E-571,merkle_root 571 txids,2,60,122647
E-571,merkle_root 571 txids,2,61,122428
E-571,merkle_root 571 txids,2,62,122488
E-571,merkle_root 571 txids,2,63,122688
E-571,merkle_root 571 txids,2,64,122788
E-571,merkle_root 571 txids,2,65,124178
E-571,merkle_root 571 txids,2,66,122658
E-571,merkle_root 571 txids,2,67,122758
E-571,merkle_root 571 txids,2,68,122728
E-571,merkle_root 571 txids,2,69,122557
E-571,merkle_root 571 txids,2,70,122768
E-571,merkle_root 571 txids,2,71,122777
E-571,merkle_root 571 txids,2,72,122778
E-571,merkle_root 571 txids,2,73,123957
E-571,merkle_root 571 txids,2,74,122588
E-571,merkle_root 571 txids,2,75,122398
E-571,merkle_root 571 txids,2,76,122518
E-571,merkle_root 571 txids,2,77,122468
E-571,merkle_root 571 txids,2,78,122627
E-571,merkle_root 571 txids,2,79,122618
E-571,merkle_root 571 txids,2,80,122447
E-571,merkle_root 571 txids,2,81,124228
E-571,merkle_root 571 txids,2,82,122497
E-571,merkle_root 571 txids,2,83,122578
E-571,merkle_root 571 txids,2,84,122477
E-571,merkle_root 571 txids,2,85,122538
E-571,merkle_root 571 txids,2,86,122467
E-571,merkle_root 571 txids,2,87,122538
E-571,merkle_root 571 txids,2,88,122207
E-571,merkle_root 571 txids,2,89,123808
E-571,merkle_root 571 txids,2,90,122618
E-571,merkle_root 571 txids,2,91,122658
E-571,merkle_root 571 txids,2,92,122668
E-571,merkle_root 571 txids,2,93,122747
E-571,merkle_root 571 txids,2,94,122668
E-571,merkle_root 571 txids,2,95,122857
E-571,merkle_root 571 txids,2,96,124028
E-571,merkle_root 571 txids,2,97,122667
E-571,merkle_root 571 txids,2,98,122688
E-571,merkle_root 571 txids,2,99,122538
E-4464,merkle_root 4464 txids (techo Q1),2,0,951812
E-4464,merkle_root 4464 txids (techo Q1),2,1,951462
E-4464,merkle_root 4464 txids (techo Q1),2,2,950011
E-4464,merkle_root 4464 txids (techo Q1),2,3,954102
E-4464,merkle_root 4464 txids (techo Q1),2,4,951672
E-4464,merkle_root 4464 txids (techo Q1),2,5,989941
E-4464,merkle_root 4464 txids (techo Q1),2,6,954421
E-4464,merkle_root 4464 txids (techo Q1),2,7,953032
E-4464,merkle_root 4464 txids (techo Q1),2,8,952532
E-4464,merkle_root 4464 txids (techo Q1),2,9,951731
E-4464,merkle_root 4464 txids (techo Q1),2,10,950822
E-4464,merkle_root 4464 txids (techo Q1),2,11,953382
E-4464,merkle_root 4464 txids (techo Q1),2,12,952452
E-4464,merkle_root 4464 txids (techo Q1),2,13,950142
E-4464,merkle_root 4464 txids (techo Q1),2,14,950902
E-4464,merkle_root 4464 txids (techo Q1),2,15,952512
E-4464,merkle_root 4464 txids (techo Q1),2,16,952251
E-4464,merkle_root 4464 txids (techo Q1),2,17,950552
E-4464,merkle_root 4464 txids (techo Q1),2,18,951382
E-4464,merkle_root 4464 txids (techo Q1),2,19,951772
E-4464,merkle_root 4464 txids (techo Q1),2,20,950991
E-4464,merkle_root 4464 txids (techo Q1),2,21,950882
E-4464,merkle_root 4464 txids (techo Q1),2,22,952182
E-4464,merkle_root 4464 txids (techo Q1),2,23,950742
E-4464,merkle_root 4464 txids (techo Q1),2,24,950571
E-4464,merkle_root 4464 txids (techo Q1),2,25,951802
E-4464,merkle_root 4464 txids (techo Q1),2,26,950762
E-4464,merkle_root 4464 txids (techo Q1),2,27,951682
E-4464,merkle_root 4464 txids (techo Q1),2,28,951202
E-4464,merkle_root 4464 txids (techo Q1),2,29,952242
F-1,justificacion PoT vs cache; 1 slot x128 B (x10000; dividido),2,0,1
F-1,justificacion PoT vs cache; 1 slot x128 B (x10000; dividido),2,1,1
F-1,justificacion PoT vs cache; 1 slot x128 B (x10000; dividido),2,2,1
F-1,justificacion PoT vs cache; 1 slot x128 B (x10000; dividido),2,3,1
F-1,justificacion PoT vs cache; 1 slot x128 B (x10000; dividido),2,4,1
F-1,justificacion PoT vs cache; 1 slot x128 B (x10000; dividido),2,5,1
F-1,justificacion PoT vs cache; 1 slot x128 B (x10000; dividido),2,6,1
F-1,justificacion PoT vs cache; 1 slot x128 B (x10000; dividido),2,7,1
F-1,justificacion PoT vs cache; 1 slot x128 B (x10000; dividido),2,8,1
F-1,justificacion PoT vs cache; 1 slot x128 B (x10000; dividido),2,9,1
F-1,justificacion PoT vs cache; 1 slot x128 B (x10000; dividido),2,10,1
F-1,justificacion PoT vs cache; 1 slot x128 B (x10000; dividido),2,11,1
F-1,justificacion PoT vs cache; 1 slot x128 B (x10000; dividido),2,12,1
F-1,justificacion PoT vs cache; 1 slot x128 B (x10000; dividido),2,13,1
F-1,justificacion PoT vs cache; 1 slot x128 B (x10000; dividido),2,14,1
F-1,justificacion PoT vs cache; 1 slot x128 B (x10000; dividido),2,15,1
F-1,justificacion PoT vs cache; 1 slot x128 B (x10000; dividido),2,16,1
F-1,justificacion PoT vs cache; 1 slot x128 B (x10000; dividido),2,17,1
F-1,justificacion PoT vs cache; 1 slot x128 B (x10000; dividido),2,18,1
F-1,justificacion PoT vs cache; 1 slot x128 B (x10000; dividido),2,19,1
F-1,justificacion PoT vs cache; 1 slot x128 B (x10000; dividido),2,20,1
F-1,justificacion PoT vs cache; 1 slot x128 B (x10000; dividido),2,21,1
F-1,justificacion PoT vs cache; 1 slot x128 B (x10000; dividido),2,22,1
F-1,justificacion PoT vs cache; 1 slot x128 B (x10000; dividido),2,23,1
F-1,justificacion PoT vs cache; 1 slot x128 B (x10000; dividido),2,24,1
F-1,justificacion PoT vs cache; 1 slot x128 B (x10000; dividido),2,25,1
F-1,justificacion PoT vs cache; 1 slot x128 B (x10000; dividido),2,26,1
F-1,justificacion PoT vs cache; 1 slot x128 B (x10000; dividido),2,27,1
F-1,justificacion PoT vs cache; 1 slot x128 B (x10000; dividido),2,28,1
F-1,justificacion PoT vs cache; 1 slot x128 B (x10000; dividido),2,29,1
F-1,justificacion PoT vs cache; 1 slot x128 B (x10000; dividido),2,30,1
F-1,justificacion PoT vs cache; 1 slot x128 B (x10000; dividido),2,31,1
F-1,justificacion PoT vs cache; 1 slot x128 B (x10000; dividido),2,32,1
F-1,justificacion PoT vs cache; 1 slot x128 B (x10000; dividido),2,33,1
F-1,justificacion PoT vs cache; 1 slot x128 B (x10000; dividido),2,34,1
F-1,justificacion PoT vs cache; 1 slot x128 B (x10000; dividido),2,35,1
F-1,justificacion PoT vs cache; 1 slot x128 B (x10000; dividido),2,36,1
F-1,justificacion PoT vs cache; 1 slot x128 B (x10000; dividido),2,37,1
F-1,justificacion PoT vs cache; 1 slot x128 B (x10000; dividido),2,38,1
F-1,justificacion PoT vs cache; 1 slot x128 B (x10000; dividido),2,39,1
F-1,justificacion PoT vs cache; 1 slot x128 B (x10000; dividido),2,40,1
F-1,justificacion PoT vs cache; 1 slot x128 B (x10000; dividido),2,41,1
F-1,justificacion PoT vs cache; 1 slot x128 B (x10000; dividido),2,42,1
F-1,justificacion PoT vs cache; 1 slot x128 B (x10000; dividido),2,43,1
F-1,justificacion PoT vs cache; 1 slot x128 B (x10000; dividido),2,44,1
F-1,justificacion PoT vs cache; 1 slot x128 B (x10000; dividido),2,45,1
F-1,justificacion PoT vs cache; 1 slot x128 B (x10000; dividido),2,46,1
F-1,justificacion PoT vs cache; 1 slot x128 B (x10000; dividido),2,47,1
F-1,justificacion PoT vs cache; 1 slot x128 B (x10000; dividido),2,48,1
F-1,justificacion PoT vs cache; 1 slot x128 B (x10000; dividido),2,49,1
F-1,justificacion PoT vs cache; 1 slot x128 B (x10000; dividido),2,50,1
F-1,justificacion PoT vs cache; 1 slot x128 B (x10000; dividido),2,51,1
F-1,justificacion PoT vs cache; 1 slot x128 B (x10000; dividido),2,52,1
F-1,justificacion PoT vs cache; 1 slot x128 B (x10000; dividido),2,53,1
F-1,justificacion PoT vs cache; 1 slot x128 B (x10000; dividido),2,54,1
F-1,justificacion PoT vs cache; 1 slot x128 B (x10000; dividido),2,55,1
F-1,justificacion PoT vs cache; 1 slot x128 B (x10000; dividido),2,56,1
F-1,justificacion PoT vs cache; 1 slot x128 B (x10000; dividido),2,57,1
F-1,justificacion PoT vs cache; 1 slot x128 B (x10000; dividido),2,58,1
F-1,justificacion PoT vs cache; 1 slot x128 B (x10000; dividido),2,59,1
F-1,justificacion PoT vs cache; 1 slot x128 B (x10000; dividido),2,60,1
F-1,justificacion PoT vs cache; 1 slot x128 B (x10000; dividido),2,61,1
F-1,justificacion PoT vs cache; 1 slot x128 B (x10000; dividido),2,62,1
F-1,justificacion PoT vs cache; 1 slot x128 B (x10000; dividido),2,63,1
F-1,justificacion PoT vs cache; 1 slot x128 B (x10000; dividido),2,64,1
F-1,justificacion PoT vs cache; 1 slot x128 B (x10000; dividido),2,65,1
F-1,justificacion PoT vs cache; 1 slot x128 B (x10000; dividido),2,66,1
F-1,justificacion PoT vs cache; 1 slot x128 B (x10000; dividido),2,67,1
F-1,justificacion PoT vs cache; 1 slot x128 B (x10000; dividido),2,68,1
F-1,justificacion PoT vs cache; 1 slot x128 B (x10000; dividido),2,69,1
F-1,justificacion PoT vs cache; 1 slot x128 B (x10000; dividido),2,70,1
F-1,justificacion PoT vs cache; 1 slot x128 B (x10000; dividido),2,71,1
F-1,justificacion PoT vs cache; 1 slot x128 B (x10000; dividido),2,72,1
F-1,justificacion PoT vs cache; 1 slot x128 B (x10000; dividido),2,73,1
F-1,justificacion PoT vs cache; 1 slot x128 B (x10000; dividido),2,74,1
F-1,justificacion PoT vs cache; 1 slot x128 B (x10000; dividido),2,75,1
F-1,justificacion PoT vs cache; 1 slot x128 B (x10000; dividido),2,76,1
F-1,justificacion PoT vs cache; 1 slot x128 B (x10000; dividido),2,77,1
F-1,justificacion PoT vs cache; 1 slot x128 B (x10000; dividido),2,78,1
F-1,justificacion PoT vs cache; 1 slot x128 B (x10000; dividido),2,79,1
F-1,justificacion PoT vs cache; 1 slot x128 B (x10000; dividido),2,80,1
F-1,justificacion PoT vs cache; 1 slot x128 B (x10000; dividido),2,81,1
F-1,justificacion PoT vs cache; 1 slot x128 B (x10000; dividido),2,82,1
F-1,justificacion PoT vs cache; 1 slot x128 B (x10000; dividido),2,83,1
F-1,justificacion PoT vs cache; 1 slot x128 B (x10000; dividido),2,84,1
F-1,justificacion PoT vs cache; 1 slot x128 B (x10000; dividido),2,85,1
F-1,justificacion PoT vs cache; 1 slot x128 B (x10000; dividido),2,86,1
F-1,justificacion PoT vs cache; 1 slot x128 B (x10000; dividido),2,87,1
F-1,justificacion PoT vs cache; 1 slot x128 B (x10000; dividido),2,88,1
F-1,justificacion PoT vs cache; 1 slot x128 B (x10000; dividido),2,89,1
F-1,justificacion PoT vs cache; 1 slot x128 B (x10000; dividido),2,90,1
F-1,justificacion PoT vs cache; 1 slot x128 B (x10000; dividido),2,91,1
F-1,justificacion PoT vs cache; 1 slot x128 B (x10000; dividido),2,92,1
F-1,justificacion PoT vs cache; 1 slot x128 B (x10000; dividido),2,93,1
F-1,justificacion PoT vs cache; 1 slot x128 B (x10000; dividido),2,94,1
F-1,justificacion PoT vs cache; 1 slot x128 B (x10000; dividido),2,95,1
F-1,justificacion PoT vs cache; 1 slot x128 B (x10000; dividido),2,96,1
F-1,justificacion PoT vs cache; 1 slot x128 B (x10000; dividido),2,97,1
F-1,justificacion PoT vs cache; 1 slot x128 B (x10000; dividido),2,98,1
F-1,justificacion PoT vs cache; 1 slot x128 B (x10000; dividido),2,99,1
F-1,justificacion PoT vs cache; 1 slot x128 B (x10000; dividido),2,100,1
F-1,justificacion PoT vs cache; 1 slot x128 B (x10000; dividido),2,101,1
F-1,justificacion PoT vs cache; 1 slot x128 B (x10000; dividido),2,102,1
F-1,justificacion PoT vs cache; 1 slot x128 B (x10000; dividido),2,103,1
F-1,justificacion PoT vs cache; 1 slot x128 B (x10000; dividido),2,104,1
F-1,justificacion PoT vs cache; 1 slot x128 B (x10000; dividido),2,105,1
F-1,justificacion PoT vs cache; 1 slot x128 B (x10000; dividido),2,106,1
F-1,justificacion PoT vs cache; 1 slot x128 B (x10000; dividido),2,107,1
F-1,justificacion PoT vs cache; 1 slot x128 B (x10000; dividido),2,108,1
F-1,justificacion PoT vs cache; 1 slot x128 B (x10000; dividido),2,109,1
F-1,justificacion PoT vs cache; 1 slot x128 B (x10000; dividido),2,110,1
F-1,justificacion PoT vs cache; 1 slot x128 B (x10000; dividido),2,111,1
F-1,justificacion PoT vs cache; 1 slot x128 B (x10000; dividido),2,112,1
F-1,justificacion PoT vs cache; 1 slot x128 B (x10000; dividido),2,113,1
F-1,justificacion PoT vs cache; 1 slot x128 B (x10000; dividido),2,114,1
F-1,justificacion PoT vs cache; 1 slot x128 B (x10000; dividido),2,115,1
F-1,justificacion PoT vs cache; 1 slot x128 B (x10000; dividido),2,116,1
F-1,justificacion PoT vs cache; 1 slot x128 B (x10000; dividido),2,117,1
F-1,justificacion PoT vs cache; 1 slot x128 B (x10000; dividido),2,118,1
F-1,justificacion PoT vs cache; 1 slot x128 B (x10000; dividido),2,119,1
F-1,justificacion PoT vs cache; 1 slot x128 B (x10000; dividido),2,120,1
F-1,justificacion PoT vs cache; 1 slot x128 B (x10000; dividido),2,121,1
F-1,justificacion PoT vs cache; 1 slot x128 B (x10000; dividido),2,122,1
F-1,justificacion PoT vs cache; 1 slot x128 B (x10000; dividido),2,123,1
F-1,justificacion PoT vs cache; 1 slot x128 B (x10000; dividido),2,124,1
F-1,justificacion PoT vs cache; 1 slot x128 B (x10000; dividido),2,125,1
F-1,justificacion PoT vs cache; 1 slot x128 B (x10000; dividido),2,126,1
F-1,justificacion PoT vs cache; 1 slot x128 B (x10000; dividido),2,127,1
F-1,justificacion PoT vs cache; 1 slot x128 B (x10000; dividido),2,128,1
F-1,justificacion PoT vs cache; 1 slot x128 B (x10000; dividido),2,129,1
F-1,justificacion PoT vs cache; 1 slot x128 B (x10000; dividido),2,130,1
F-1,justificacion PoT vs cache; 1 slot x128 B (x10000; dividido),2,131,1
F-1,justificacion PoT vs cache; 1 slot x128 B (x10000; dividido),2,132,1
F-1,justificacion PoT vs cache; 1 slot x128 B (x10000; dividido),2,133,1
F-1,justificacion PoT vs cache; 1 slot x128 B (x10000; dividido),2,134,1
F-1,justificacion PoT vs cache; 1 slot x128 B (x10000; dividido),2,135,1
F-1,justificacion PoT vs cache; 1 slot x128 B (x10000; dividido),2,136,1
F-1,justificacion PoT vs cache; 1 slot x128 B (x10000; dividido),2,137,1
F-1,justificacion PoT vs cache; 1 slot x128 B (x10000; dividido),2,138,1
F-1,justificacion PoT vs cache; 1 slot x128 B (x10000; dividido),2,139,1
F-1,justificacion PoT vs cache; 1 slot x128 B (x10000; dividido),2,140,1
F-1,justificacion PoT vs cache; 1 slot x128 B (x10000; dividido),2,141,1
F-1,justificacion PoT vs cache; 1 slot x128 B (x10000; dividido),2,142,1
F-1,justificacion PoT vs cache; 1 slot x128 B (x10000; dividido),2,143,1
F-1,justificacion PoT vs cache; 1 slot x128 B (x10000; dividido),2,144,1
F-1,justificacion PoT vs cache; 1 slot x128 B (x10000; dividido),2,145,1
F-1,justificacion PoT vs cache; 1 slot x128 B (x10000; dividido),2,146,1
F-1,justificacion PoT vs cache; 1 slot x128 B (x10000; dividido),2,147,1
F-1,justificacion PoT vs cache; 1 slot x128 B (x10000; dividido),2,148,1
F-1,justificacion PoT vs cache; 1 slot x128 B (x10000; dividido),2,149,1
F-1,justificacion PoT vs cache; 1 slot x128 B (x10000; dividido),2,150,1
F-1,justificacion PoT vs cache; 1 slot x128 B (x10000; dividido),2,151,1
F-1,justificacion PoT vs cache; 1 slot x128 B (x10000; dividido),2,152,1
F-1,justificacion PoT vs cache; 1 slot x128 B (x10000; dividido),2,153,1
F-1,justificacion PoT vs cache; 1 slot x128 B (x10000; dividido),2,154,1
F-1,justificacion PoT vs cache; 1 slot x128 B (x10000; dividido),2,155,1
F-1,justificacion PoT vs cache; 1 slot x128 B (x10000; dividido),2,156,1
F-1,justificacion PoT vs cache; 1 slot x128 B (x10000; dividido),2,157,1
F-1,justificacion PoT vs cache; 1 slot x128 B (x10000; dividido),2,158,1
F-1,justificacion PoT vs cache; 1 slot x128 B (x10000; dividido),2,159,1
F-1,justificacion PoT vs cache; 1 slot x128 B (x10000; dividido),2,160,1
F-1,justificacion PoT vs cache; 1 slot x128 B (x10000; dividido),2,161,1
F-1,justificacion PoT vs cache; 1 slot x128 B (x10000; dividido),2,162,1
F-1,justificacion PoT vs cache; 1 slot x128 B (x10000; dividido),2,163,1
F-1,justificacion PoT vs cache; 1 slot x128 B (x10000; dividido),2,164,1
F-1,justificacion PoT vs cache; 1 slot x128 B (x10000; dividido),2,165,1
F-1,justificacion PoT vs cache; 1 slot x128 B (x10000; dividido),2,166,1
F-1,justificacion PoT vs cache; 1 slot x128 B (x10000; dividido),2,167,1
F-1,justificacion PoT vs cache; 1 slot x128 B (x10000; dividido),2,168,1
F-1,justificacion PoT vs cache; 1 slot x128 B (x10000; dividido),2,169,1
F-1,justificacion PoT vs cache; 1 slot x128 B (x10000; dividido),2,170,1
F-1,justificacion PoT vs cache; 1 slot x128 B (x10000; dividido),2,171,1
F-1,justificacion PoT vs cache; 1 slot x128 B (x10000; dividido),2,172,1
F-1,justificacion PoT vs cache; 1 slot x128 B (x10000; dividido),2,173,1
F-1,justificacion PoT vs cache; 1 slot x128 B (x10000; dividido),2,174,1
F-1,justificacion PoT vs cache; 1 slot x128 B (x10000; dividido),2,175,1
F-1,justificacion PoT vs cache; 1 slot x128 B (x10000; dividido),2,176,1
F-1,justificacion PoT vs cache; 1 slot x128 B (x10000; dividido),2,177,1
F-1,justificacion PoT vs cache; 1 slot x128 B (x10000; dividido),2,178,1
F-1,justificacion PoT vs cache; 1 slot x128 B (x10000; dividido),2,179,1
F-1,justificacion PoT vs cache; 1 slot x128 B (x10000; dividido),2,180,1
F-1,justificacion PoT vs cache; 1 slot x128 B (x10000; dividido),2,181,1
F-1,justificacion PoT vs cache; 1 slot x128 B (x10000; dividido),2,182,1
F-1,justificacion PoT vs cache; 1 slot x128 B (x10000; dividido),2,183,1
F-1,justificacion PoT vs cache; 1 slot x128 B (x10000; dividido),2,184,1
F-1,justificacion PoT vs cache; 1 slot x128 B (x10000; dividido),2,185,1
F-1,justificacion PoT vs cache; 1 slot x128 B (x10000; dividido),2,186,1
F-1,justificacion PoT vs cache; 1 slot x128 B (x10000; dividido),2,187,1
F-1,justificacion PoT vs cache; 1 slot x128 B (x10000; dividido),2,188,1
F-1,justificacion PoT vs cache; 1 slot x128 B (x10000; dividido),2,189,1
F-1,justificacion PoT vs cache; 1 slot x128 B (x10000; dividido),2,190,1
F-1,justificacion PoT vs cache; 1 slot x128 B (x10000; dividido),2,191,1
F-1,justificacion PoT vs cache; 1 slot x128 B (x10000; dividido),2,192,1
F-1,justificacion PoT vs cache; 1 slot x128 B (x10000; dividido),2,193,1
F-1,justificacion PoT vs cache; 1 slot x128 B (x10000; dividido),2,194,1
F-1,justificacion PoT vs cache; 1 slot x128 B (x10000; dividido),2,195,1
F-1,justificacion PoT vs cache; 1 slot x128 B (x10000; dividido),2,196,1
F-1,justificacion PoT vs cache; 1 slot x128 B (x10000; dividido),2,197,1
F-1,justificacion PoT vs cache; 1 slot x128 B (x10000; dividido),2,198,1
F-1,justificacion PoT vs cache; 1 slot x128 B (x10000; dividido),2,199,1
F-1,justificacion PoT vs cache; 1 slot x128 B (x10000; dividido),2,200,1
F-1,justificacion PoT vs cache; 1 slot x128 B (x10000; dividido),2,201,1
F-1,justificacion PoT vs cache; 1 slot x128 B (x10000; dividido),2,202,1
F-1,justificacion PoT vs cache; 1 slot x128 B (x10000; dividido),2,203,1
F-1,justificacion PoT vs cache; 1 slot x128 B (x10000; dividido),2,204,1
F-1,justificacion PoT vs cache; 1 slot x128 B (x10000; dividido),2,205,1
F-1,justificacion PoT vs cache; 1 slot x128 B (x10000; dividido),2,206,1
F-1,justificacion PoT vs cache; 1 slot x128 B (x10000; dividido),2,207,1
F-1,justificacion PoT vs cache; 1 slot x128 B (x10000; dividido),2,208,1
F-1,justificacion PoT vs cache; 1 slot x128 B (x10000; dividido),2,209,1
F-1,justificacion PoT vs cache; 1 slot x128 B (x10000; dividido),2,210,1
F-1,justificacion PoT vs cache; 1 slot x128 B (x10000; dividido),2,211,1
F-1,justificacion PoT vs cache; 1 slot x128 B (x10000; dividido),2,212,1
F-1,justificacion PoT vs cache; 1 slot x128 B (x10000; dividido),2,213,1
F-1,justificacion PoT vs cache; 1 slot x128 B (x10000; dividido),2,214,1
F-1,justificacion PoT vs cache; 1 slot x128 B (x10000; dividido),2,215,1
F-1,justificacion PoT vs cache; 1 slot x128 B (x10000; dividido),2,216,1
F-1,justificacion PoT vs cache; 1 slot x128 B (x10000; dividido),2,217,1
F-1,justificacion PoT vs cache; 1 slot x128 B (x10000; dividido),2,218,1
F-1,justificacion PoT vs cache; 1 slot x128 B (x10000; dividido),2,219,1
F-1,justificacion PoT vs cache; 1 slot x128 B (x10000; dividido),2,220,1
F-1,justificacion PoT vs cache; 1 slot x128 B (x10000; dividido),2,221,1
F-1,justificacion PoT vs cache; 1 slot x128 B (x10000; dividido),2,222,1
F-1,justificacion PoT vs cache; 1 slot x128 B (x10000; dividido),2,223,1
F-1,justificacion PoT vs cache; 1 slot x128 B (x10000; dividido),2,224,1
F-1,justificacion PoT vs cache; 1 slot x128 B (x10000; dividido),2,225,1
F-1,justificacion PoT vs cache; 1 slot x128 B (x10000; dividido),2,226,1
F-1,justificacion PoT vs cache; 1 slot x128 B (x10000; dividido),2,227,1
F-1,justificacion PoT vs cache; 1 slot x128 B (x10000; dividido),2,228,1
F-1,justificacion PoT vs cache; 1 slot x128 B (x10000; dividido),2,229,1
F-1,justificacion PoT vs cache; 1 slot x128 B (x10000; dividido),2,230,1
F-1,justificacion PoT vs cache; 1 slot x128 B (x10000; dividido),2,231,1
F-1,justificacion PoT vs cache; 1 slot x128 B (x10000; dividido),2,232,1
F-1,justificacion PoT vs cache; 1 slot x128 B (x10000; dividido),2,233,1
F-1,justificacion PoT vs cache; 1 slot x128 B (x10000; dividido),2,234,1
F-1,justificacion PoT vs cache; 1 slot x128 B (x10000; dividido),2,235,1
F-1,justificacion PoT vs cache; 1 slot x128 B (x10000; dividido),2,236,1
F-1,justificacion PoT vs cache; 1 slot x128 B (x10000; dividido),2,237,1
F-1,justificacion PoT vs cache; 1 slot x128 B (x10000; dividido),2,238,1
F-1,justificacion PoT vs cache; 1 slot x128 B (x10000; dividido),2,239,1
F-1,justificacion PoT vs cache; 1 slot x128 B (x10000; dividido),2,240,1
F-1,justificacion PoT vs cache; 1 slot x128 B (x10000; dividido),2,241,1
F-1,justificacion PoT vs cache; 1 slot x128 B (x10000; dividido),2,242,1
F-1,justificacion PoT vs cache; 1 slot x128 B (x10000; dividido),2,243,1
F-1,justificacion PoT vs cache; 1 slot x128 B (x10000; dividido),2,244,1
F-1,justificacion PoT vs cache; 1 slot x128 B (x10000; dividido),2,245,1
F-1,justificacion PoT vs cache; 1 slot x128 B (x10000; dividido),2,246,1
F-1,justificacion PoT vs cache; 1 slot x128 B (x10000; dividido),2,247,1
F-1,justificacion PoT vs cache; 1 slot x128 B (x10000; dividido),2,248,1
F-1,justificacion PoT vs cache; 1 slot x128 B (x10000; dividido),2,249,1
F-1,justificacion PoT vs cache; 1 slot x128 B (x10000; dividido),2,250,1
F-1,justificacion PoT vs cache; 1 slot x128 B (x10000; dividido),2,251,1
F-1,justificacion PoT vs cache; 1 slot x128 B (x10000; dividido),2,252,1
F-1,justificacion PoT vs cache; 1 slot x128 B (x10000; dividido),2,253,1
F-1,justificacion PoT vs cache; 1 slot x128 B (x10000; dividido),2,254,1
F-1,justificacion PoT vs cache; 1 slot x128 B (x10000; dividido),2,255,1
F-1,justificacion PoT vs cache; 1 slot x128 B (x10000; dividido),2,256,1
F-1,justificacion PoT vs cache; 1 slot x128 B (x10000; dividido),2,257,1
F-1,justificacion PoT vs cache; 1 slot x128 B (x10000; dividido),2,258,1
F-1,justificacion PoT vs cache; 1 slot x128 B (x10000; dividido),2,259,1
F-1,justificacion PoT vs cache; 1 slot x128 B (x10000; dividido),2,260,1
F-1,justificacion PoT vs cache; 1 slot x128 B (x10000; dividido),2,261,1
F-1,justificacion PoT vs cache; 1 slot x128 B (x10000; dividido),2,262,1
F-1,justificacion PoT vs cache; 1 slot x128 B (x10000; dividido),2,263,1
F-1,justificacion PoT vs cache; 1 slot x128 B (x10000; dividido),2,264,1
F-1,justificacion PoT vs cache; 1 slot x128 B (x10000; dividido),2,265,1
F-1,justificacion PoT vs cache; 1 slot x128 B (x10000; dividido),2,266,1
F-1,justificacion PoT vs cache; 1 slot x128 B (x10000; dividido),2,267,1
F-1,justificacion PoT vs cache; 1 slot x128 B (x10000; dividido),2,268,1
F-1,justificacion PoT vs cache; 1 slot x128 B (x10000; dividido),2,269,1
F-1,justificacion PoT vs cache; 1 slot x128 B (x10000; dividido),2,270,1
F-1,justificacion PoT vs cache; 1 slot x128 B (x10000; dividido),2,271,1
F-1,justificacion PoT vs cache; 1 slot x128 B (x10000; dividido),2,272,1
F-1,justificacion PoT vs cache; 1 slot x128 B (x10000; dividido),2,273,1
F-1,justificacion PoT vs cache; 1 slot x128 B (x10000; dividido),2,274,1
F-1,justificacion PoT vs cache; 1 slot x128 B (x10000; dividido),2,275,1
F-1,justificacion PoT vs cache; 1 slot x128 B (x10000; dividido),2,276,1
F-1,justificacion PoT vs cache; 1 slot x128 B (x10000; dividido),2,277,1
F-1,justificacion PoT vs cache; 1 slot x128 B (x10000; dividido),2,278,1
F-1,justificacion PoT vs cache; 1 slot x128 B (x10000; dividido),2,279,1
F-1,justificacion PoT vs cache; 1 slot x128 B (x10000; dividido),2,280,1
F-1,justificacion PoT vs cache; 1 slot x128 B (x10000; dividido),2,281,1
F-1,justificacion PoT vs cache; 1 slot x128 B (x10000; dividido),2,282,1
F-1,justificacion PoT vs cache; 1 slot x128 B (x10000; dividido),2,283,1
F-1,justificacion PoT vs cache; 1 slot x128 B (x10000; dividido),2,284,1
F-1,justificacion PoT vs cache; 1 slot x128 B (x10000; dividido),2,285,1
F-1,justificacion PoT vs cache; 1 slot x128 B (x10000; dividido),2,286,1
F-1,justificacion PoT vs cache; 1 slot x128 B (x10000; dividido),2,287,1
F-1,justificacion PoT vs cache; 1 slot x128 B (x10000; dividido),2,288,1
F-1,justificacion PoT vs cache; 1 slot x128 B (x10000; dividido),2,289,1
F-1,justificacion PoT vs cache; 1 slot x128 B (x10000; dividido),2,290,1
F-1,justificacion PoT vs cache; 1 slot x128 B (x10000; dividido),2,291,1
F-1,justificacion PoT vs cache; 1 slot x128 B (x10000; dividido),2,292,1
F-1,justificacion PoT vs cache; 1 slot x128 B (x10000; dividido),2,293,1
F-1,justificacion PoT vs cache; 1 slot x128 B (x10000; dividido),2,294,1
F-1,justificacion PoT vs cache; 1 slot x128 B (x10000; dividido),2,295,1
F-1,justificacion PoT vs cache; 1 slot x128 B (x10000; dividido),2,296,1
F-1,justificacion PoT vs cache; 1 slot x128 B (x10000; dividido),2,297,1
F-1,justificacion PoT vs cache; 1 slot x128 B (x10000; dividido),2,298,1
F-1,justificacion PoT vs cache; 1 slot x128 B (x10000; dividido),2,299,1
F-150,justificacion PoT vs cache; 150 slots (S_max; x100; dividido),2,0,230
F-150,justificacion PoT vs cache; 150 slots (S_max; x100; dividido),2,1,230
F-150,justificacion PoT vs cache; 150 slots (S_max; x100; dividido),2,2,229
F-150,justificacion PoT vs cache; 150 slots (S_max; x100; dividido),2,3,229
F-150,justificacion PoT vs cache; 150 slots (S_max; x100; dividido),2,4,229
F-150,justificacion PoT vs cache; 150 slots (S_max; x100; dividido),2,5,229
F-150,justificacion PoT vs cache; 150 slots (S_max; x100; dividido),2,6,230
F-150,justificacion PoT vs cache; 150 slots (S_max; x100; dividido),2,7,229
F-150,justificacion PoT vs cache; 150 slots (S_max; x100; dividido),2,8,230
F-150,justificacion PoT vs cache; 150 slots (S_max; x100; dividido),2,9,230
F-150,justificacion PoT vs cache; 150 slots (S_max; x100; dividido),2,10,230
F-150,justificacion PoT vs cache; 150 slots (S_max; x100; dividido),2,11,230
F-150,justificacion PoT vs cache; 150 slots (S_max; x100; dividido),2,12,229
F-150,justificacion PoT vs cache; 150 slots (S_max; x100; dividido),2,13,230
F-150,justificacion PoT vs cache; 150 slots (S_max; x100; dividido),2,14,230
F-150,justificacion PoT vs cache; 150 slots (S_max; x100; dividido),2,15,230
F-150,justificacion PoT vs cache; 150 slots (S_max; x100; dividido),2,16,230
F-150,justificacion PoT vs cache; 150 slots (S_max; x100; dividido),2,17,230
F-150,justificacion PoT vs cache; 150 slots (S_max; x100; dividido),2,18,230
F-150,justificacion PoT vs cache; 150 slots (S_max; x100; dividido),2,19,230
F-150,justificacion PoT vs cache; 150 slots (S_max; x100; dividido),2,20,230
F-150,justificacion PoT vs cache; 150 slots (S_max; x100; dividido),2,21,230
F-150,justificacion PoT vs cache; 150 slots (S_max; x100; dividido),2,22,247
F-150,justificacion PoT vs cache; 150 slots (S_max; x100; dividido),2,23,230
F-150,justificacion PoT vs cache; 150 slots (S_max; x100; dividido),2,24,230
F-150,justificacion PoT vs cache; 150 slots (S_max; x100; dividido),2,25,230
F-150,justificacion PoT vs cache; 150 slots (S_max; x100; dividido),2,26,230
F-150,justificacion PoT vs cache; 150 slots (S_max; x100; dividido),2,27,230
F-150,justificacion PoT vs cache; 150 slots (S_max; x100; dividido),2,28,230
F-150,justificacion PoT vs cache; 150 slots (S_max; x100; dividido),2,29,230
F-150,justificacion PoT vs cache; 150 slots (S_max; x100; dividido),2,30,230
F-150,justificacion PoT vs cache; 150 slots (S_max; x100; dividido),2,31,230
F-150,justificacion PoT vs cache; 150 slots (S_max; x100; dividido),2,32,230
F-150,justificacion PoT vs cache; 150 slots (S_max; x100; dividido),2,33,231
F-150,justificacion PoT vs cache; 150 slots (S_max; x100; dividido),2,34,231
F-150,justificacion PoT vs cache; 150 slots (S_max; x100; dividido),2,35,231
F-150,justificacion PoT vs cache; 150 slots (S_max; x100; dividido),2,36,231
F-150,justificacion PoT vs cache; 150 slots (S_max; x100; dividido),2,37,231
F-150,justificacion PoT vs cache; 150 slots (S_max; x100; dividido),2,38,230
F-150,justificacion PoT vs cache; 150 slots (S_max; x100; dividido),2,39,231
F-150,justificacion PoT vs cache; 150 slots (S_max; x100; dividido),2,40,231
F-150,justificacion PoT vs cache; 150 slots (S_max; x100; dividido),2,41,231
F-150,justificacion PoT vs cache; 150 slots (S_max; x100; dividido),2,42,231
F-150,justificacion PoT vs cache; 150 slots (S_max; x100; dividido),2,43,231
F-150,justificacion PoT vs cache; 150 slots (S_max; x100; dividido),2,44,231
F-150,justificacion PoT vs cache; 150 slots (S_max; x100; dividido),2,45,231
F-150,justificacion PoT vs cache; 150 slots (S_max; x100; dividido),2,46,230
F-150,justificacion PoT vs cache; 150 slots (S_max; x100; dividido),2,47,231
F-150,justificacion PoT vs cache; 150 slots (S_max; x100; dividido),2,48,230
F-150,justificacion PoT vs cache; 150 slots (S_max; x100; dividido),2,49,231
F-150,justificacion PoT vs cache; 150 slots (S_max; x100; dividido),2,50,230
F-150,justificacion PoT vs cache; 150 slots (S_max; x100; dividido),2,51,230
F-150,justificacion PoT vs cache; 150 slots (S_max; x100; dividido),2,52,230
F-150,justificacion PoT vs cache; 150 slots (S_max; x100; dividido),2,53,230
F-150,justificacion PoT vs cache; 150 slots (S_max; x100; dividido),2,54,231
F-150,justificacion PoT vs cache; 150 slots (S_max; x100; dividido),2,55,231
F-150,justificacion PoT vs cache; 150 slots (S_max; x100; dividido),2,56,252
F-150,justificacion PoT vs cache; 150 slots (S_max; x100; dividido),2,57,230
F-150,justificacion PoT vs cache; 150 slots (S_max; x100; dividido),2,58,230
F-150,justificacion PoT vs cache; 150 slots (S_max; x100; dividido),2,59,230
F-150,justificacion PoT vs cache; 150 slots (S_max; x100; dividido),2,60,230
F-150,justificacion PoT vs cache; 150 slots (S_max; x100; dividido),2,61,230
F-150,justificacion PoT vs cache; 150 slots (S_max; x100; dividido),2,62,230
F-150,justificacion PoT vs cache; 150 slots (S_max; x100; dividido),2,63,230
F-150,justificacion PoT vs cache; 150 slots (S_max; x100; dividido),2,64,230
F-150,justificacion PoT vs cache; 150 slots (S_max; x100; dividido),2,65,230
F-150,justificacion PoT vs cache; 150 slots (S_max; x100; dividido),2,66,229
F-150,justificacion PoT vs cache; 150 slots (S_max; x100; dividido),2,67,229
F-150,justificacion PoT vs cache; 150 slots (S_max; x100; dividido),2,68,229
F-150,justificacion PoT vs cache; 150 slots (S_max; x100; dividido),2,69,229
F-150,justificacion PoT vs cache; 150 slots (S_max; x100; dividido),2,70,229
F-150,justificacion PoT vs cache; 150 slots (S_max; x100; dividido),2,71,229
F-150,justificacion PoT vs cache; 150 slots (S_max; x100; dividido),2,72,229
F-150,justificacion PoT vs cache; 150 slots (S_max; x100; dividido),2,73,229
F-150,justificacion PoT vs cache; 150 slots (S_max; x100; dividido),2,74,229
F-150,justificacion PoT vs cache; 150 slots (S_max; x100; dividido),2,75,229
F-150,justificacion PoT vs cache; 150 slots (S_max; x100; dividido),2,76,229
F-150,justificacion PoT vs cache; 150 slots (S_max; x100; dividido),2,77,229
F-150,justificacion PoT vs cache; 150 slots (S_max; x100; dividido),2,78,229
F-150,justificacion PoT vs cache; 150 slots (S_max; x100; dividido),2,79,229
F-150,justificacion PoT vs cache; 150 slots (S_max; x100; dividido),2,80,229
F-150,justificacion PoT vs cache; 150 slots (S_max; x100; dividido),2,81,229
F-150,justificacion PoT vs cache; 150 slots (S_max; x100; dividido),2,82,229
F-150,justificacion PoT vs cache; 150 slots (S_max; x100; dividido),2,83,229
F-150,justificacion PoT vs cache; 150 slots (S_max; x100; dividido),2,84,229
F-150,justificacion PoT vs cache; 150 slots (S_max; x100; dividido),2,85,229
F-150,justificacion PoT vs cache; 150 slots (S_max; x100; dividido),2,86,229
F-150,justificacion PoT vs cache; 150 slots (S_max; x100; dividido),2,87,229
F-150,justificacion PoT vs cache; 150 slots (S_max; x100; dividido),2,88,229
F-150,justificacion PoT vs cache; 150 slots (S_max; x100; dividido),2,89,229
F-150,justificacion PoT vs cache; 150 slots (S_max; x100; dividido),2,90,273
F-150,justificacion PoT vs cache; 150 slots (S_max; x100; dividido),2,91,229
F-150,justificacion PoT vs cache; 150 slots (S_max; x100; dividido),2,92,229
F-150,justificacion PoT vs cache; 150 slots (S_max; x100; dividido),2,93,229
F-150,justificacion PoT vs cache; 150 slots (S_max; x100; dividido),2,94,229
F-150,justificacion PoT vs cache; 150 slots (S_max; x100; dividido),2,95,229
F-150,justificacion PoT vs cache; 150 slots (S_max; x100; dividido),2,96,230
F-150,justificacion PoT vs cache; 150 slots (S_max; x100; dividido),2,97,230
F-150,justificacion PoT vs cache; 150 slots (S_max; x100; dividido),2,98,230
F-150,justificacion PoT vs cache; 150 slots (S_max; x100; dividido),2,99,230
