combo_id,objeto,topologia,n,grado,mediana_latencia_s,p99_latencia_s,ancho_banda_bps,tam_bloque_B,retardo_procesado_s,lambda_1_s,horizonte_s,rho,regimen,replica,semilla,n_bloques,eventos,segundos_pared,fraccion_creadores_top10,delta_barra_s,delta_barra_espacio_s,med_d50_s,p90_d50_s,p99_d50_s,max_d50_s,med_d90_s,p90_d90_s,p99_d90_s,max_d90_s,med_d99_s,p90_d99_s,p99_d99_s,max_d99_s,med_d100_s,p90_d100_s,p99_d100_s,max_d100_s
1010,cabecera-1p-1slot,erdos_renyi,100,8,0.08,0.5,5.967e7,716.0,0.0,1.0,600.0,0.0007679570973688621,estable,1,2395724528863226494,623,479087,0.03243613243103027,,0.1518674871371673,,0.14533993684648294,0.18481425581978783,0.24726884980503883,0.27920887796324223,0.20453979347908557,0.23689109189501778,0.30804790227693957,0.34104202591856847,0.2582166786682478,0.3105048717556542,0.3546241889114299,0.38730712494191266,0.28548331428834217,0.3452636785642085,0.39666467097822533,0.3972406388014633
1010,cabecera-1p-1slot,erdos_renyi,100,8,0.08,0.5,5.967e7,716.0,0.0,1.0,600.0,0.0007679570973688621,estable,2,7876839055803176355,624,507312,0.052635908126831055,,0.13176992358910447,,0.1301059430225564,0.15821509350979568,0.20155464694113334,0.20570251688224062,0.17427871166893283,0.20381960921247355,0.24285401377517246,0.2549459517231867,0.2115909794482036,0.24227804595219737,0.28664022729113015,0.2874081843884255,0.22500683651037434,0.26127122135650893,0.2884442686197417,0.2889044223416022
1010,cabecera-1p-1slot,erdos_renyi,100,8,0.08,0.5,5.967e7,716.0,0.0,1.0,600.0,0.0007679570973688621,estable,3,3482293340170506472,602,491834,0.02895522117614746,,0.14056121470158164,,0.13418134308147955,0.1735799897318202,0.21843921682987144,0.2665075290300365,0.1835255760788641,0.2167698605892383,0.2635444909722082,0.31420762028903937,0.2344392618832103,0.2847953355599202,0.324816105752177,0.34306782831487226,0.2701618909774126,0.3241600571389398,0.4045848150478193,0.4045848150478406
1010,cabecera-1p-1slot,erdos_renyi,100,8,0.08,0.5,5.967e7,716.0,0.0,1.0,600.0,0.0007679570973688621,estable,4,14392949489370369106,590,499730,0.028786897659301758,,0.12564307418887474,,0.12811361878490857,0.14391551630730248,0.1697047324422556,0.2094484683568254,0.1638292394598011,0.1832198106816918,0.20595748366349653,0.2492476908547019,0.19285918715027606,0.2117319743172743,0.22848629186944436,0.2683272635426448,0.21469136333691807,0.24793510689934806,0.2682312689054811,0.2773858455377223
1010,cabecera-1p-1slot,erdos_renyi,100,8,0.08,0.5,5.967e7,716.0,0.0,1.0,600.0,0.0007679570973688621,estable,5,17237553074620427753,597,477003,0.027024030685424805,,0.13178172008471895,,0.12957373258408467,0.1585599152818986,0.21349634642613857,0.21594586267508475,0.170668096882018,0.20072710924051407,0.2465124203070559,0.26336094658971465,0.21637888935001115,0.2447845168379672,0.2941539071026682,0.29444189101420193,0.22841435372885144,0.26621657248301744,0.2969975957175848,0.29718958499183934
1010,cabecera-1p-1slot,erdos_renyi,100,8,0.08,0.5,5.967e7,716.0,0.0,1.0,600.0,0.0007679570973688621,estable,6,2961509491053542602,606,524190,0.029705047607421875,,0.12909323248664456,,0.1237160302977145,0.15830381880726918,0.19877027146996795,0.28180093239609505,0.16688085837517974,0.20530459784725963,0.23859783064540752,0.31707671840081275,0.21498970583935773,0.24839233082548162,0.27274425882210096,0.35335728504969666,0.2846708675550076,0.3184206433210761,0.37194806159527616,0.3730040026041479
1010,cabecera-1p-1slot,erdos_renyi,100,8,0.08,0.5,5.967e7,716.0,0.0,1.0,600.0,0.0007679570973688621,estable,7,11535979888624931638,618,485130,0.0354151725769043,,0.1602367468010051,,0.15034154294858126,0.19701468443321346,0.24200753860343127,0.27042287992276215,0.21178394744811158,0.2552820237486344,0.2974150569376661,0.317545974903112,0.26545903601555665,0.3104096389922688,0.35216020802624826,0.3529281651236431,0.2831071993200567,0.33303610351646284,0.3718644578031558,0.3718644578032695
1010,cabecera-1p-1slot,erdos_renyi,100,8,0.08,0.5,5.967e7,716.0,0.0,1.0,600.0,0.0007679570973688621,estable,8,12104158070047482042,547,484095,0.026059865951538086,,0.1405155547106153,,0.13816160177782422,0.16963411525780714,0.20797965092492632,0.21969677832782963,0.1846321732917744,0.216574997878638,0.25211357294756453,0.2670822333244587,0.22650615172523203,0.25816270118306406,0.3003094752140498,0.31514138492389066,0.2411516663422123,0.2753433912006358,0.31799709938479737,0.3179970993849679
1010,cabecera-1p-1slot,erdos_renyi,100,8,0.08,0.5,5.967e7,716.0,0.0,1.0,600.0,0.0007679570973688621,estable,9,12669938561268609172,607,505631,0.028774023056030273,,0.1490298420539514,,0.14849787615725063,0.17858162264701605,0.21861159988748113,0.21861159988759482,0.19620220515372466,0.2221279815870929,0.25844029378686173,0.26546175568580566,0.22932618828934892,0.2589510971694722,0.29249122662523064,0.2992531136311527,0.2464096321276088,0.2825783023434383,0.3483080181979119,0.3490759752952499
1010,cabecera-1p-1slot,erdos_renyi,100,8,0.08,0.5,5.967e7,716.0,0.0,1.0,600.0,0.0007679570973688621,estable,10,17184741858397985241,649,495187,0.028032779693603516,,0.14381879754171345,,0.1427570220215557,0.1720541666408053,0.19787643331329718,0.23938142783492822,0.19049704904512055,0.22332690580196868,0.2442778516715407,0.2746401914289436,0.22262441889967022,0.25923069464005266,0.2807816095537419,0.32154003577409185,0.24766155106954102,0.2903368618493687,0.33196269321341276,0.3319626932134838
1010,cabecera-1p-1slot,erdos_renyi,100,8,0.08,0.5,5.967e7,716.0,0.0,1.0,600.0,0.0007679570973688621,estable,11,8033229294722057111,621,503631,0.028883934020996094,,0.12773726598008286,,0.12717622785049798,0.1502551808977728,0.17995451331100298,0.2000388344920907,0.16576975215312473,0.18986459260207766,0.2246969519967763,0.23917338418402778,0.19588034398093157,0.22391490060290842,0.25635435082764957,0.2802475372581057,0.21559034217744966,0.24773007922078705,0.2803435318952836,0.28053144106809214
1010,cabecera-1p-1slot,erdos_renyi,100,8,0.08,0.5,5.967e7,716.0,0.0,1.0,600.0,0.0007679570973688621,estable,12,12308505505834552026,568,461784,0.026031970977783203,,0.1314454481219459,,0.13049690129469127,0.16584554816739683,0.18685891728517845,0.19889727139380398,0.17544045040165201,0.2065213615679511,0.2305641545762569,0.23491134564568483,0.2051289037560764,0.24030980580289452,0.2655143986810913,0.2710401278919221,0.21762148018746075,0.2556641649740641,0.2886222029601555,0.288622202960255
1022,cabecera-4p-1slot,erdos_renyi,100,8,0.08,0.5,5.967e7,812.0,0.0,1.0,600.0,0.0008709234120998827,estable,1,3713084559979295440,585,462735,0.02868509292602539,,0.14970647879604934,,0.14654524056749096,0.18970155821665458,0.21245997768272673,0.21824458419916937,0.19700149474556383,0.2425802856891437,0.26693807052356533,0.26693807052356533,0.23638298671988878,0.2734156515449513,0.2895630586096445,0.29037292524583336,0.246644487361948,0.28479225065740366,0.29799749894453953,0.29833134123873606
1022,cabecera-4p-1slot,erdos_renyi,100,8,0.08,0.5,5.967e7,812.0,0.0,1.0,600.0,0.0008709234120998827,estable,2,8826985129720718992,588,495684,0.0270841121673584,,0.13739509579142023,,0.13418351243927873,0.16416136271232062,0.20368769587935276,0.22636230698001825,0.17804795177619326,0.20748839999143343,0.24482997911866278,0.26667182486545826,0.2191368927943742,0.25051541767589924,0.2910337035197017,0.30384925751613423,0.2340764845928902,0.2775044192564451,0.33163886583758995,0.3326186546759118
1022,cabecera-4p-1slot,erdos_renyi,100,8,0.08,0.5,5.967e7,812.0,0.0,1.0,600.0,0.0008709234120998827,estable,3,4308322279586175915,626,503930,0.031932830810546875,,0.13750436191241772,,0.1369083216596323,0.1665008368017311,0.183095120124392,0.2060598038402759,0.1818400692704074,0.20944123245129376,0.2301564620267058,0.26520816213883336,0.2143514535263762,0.24826116585967384,0.27569573071752984,0.28894330859885997,0.22449552198042966,0.2694512921301566,0.31072928997633653,0.311491347961919
1022,cabecera-4p-1slot,erdos_renyi,100,8,0.08,0.5,5.967e7,812.0,0.0,1.0,600.0,0.0008709234120998827,estable,4,1679178299548137068,599,472611,0.02913498878479004,,0.14288436216178543,,0.1381187287908574,0.17157079439095924,0.308924975393154,0.3089249753934382,0.18274203754725704,0.22295932566728993,0.3523836532232849,0.3523836532235691,0.23761688394728964,0.27471972395142075,0.3890651775294458,0.3890651775296874,0.3093604370992331,0.3593381710500694,0.3934190757994571,0.3937831796326918
1022,cabecera-4p-1slot,erdos_renyi,100,8,0.08,0.5,5.967e7,812.0,0.0,1.0,600.0,0.0008709234120998827,estable,5,11601166758125374291,610,488610,0.029725074768066406,,0.14344233516741375,,0.13630345095648977,0.17656156700053316,0.21566066331180878,0.2499318234798693,0.18601451365691446,0.22526998864367442,0.2716138100821013,0.2963367785848732,0.23272832987214542,0.28196552222846094,0.30990152115764147,0.3266532497049184,0.25895585525520914,0.3027169666979148,0.3419915785565877,0.3425359056891466
1022,cabecera-4p-1slot,erdos_renyi,100,8,0.08,0.5,5.967e7,812.0,0.0,1.0,600.0,0.0008709234120998827,estable,6,15409096292538463145,630,529830,0.028192996978759766,,0.13227643917452364,,0.131957031795082,0.1593021040281961,0.19475145138375183,0.19475145138392236,0.1733064343283388,0.20038250299086258,0.2365912361701703,0.23659123617039768,0.20737543376725398,0.2361733541462172,0.27959810797250384,0.27959810797267437,0.21711147912719753,0.25590275695856946,0.2868705283017903,0.2868705283020745
1022,cabecera-4p-1slot,erdos_renyi,100,8,0.08,0.5,5.967e7,812.0,0.0,1.0,600.0,0.0008709234120998827,estable,7,7298256835073612713,596,479780,0.08799409866333008,,0.13562161596228023,,0.13132417142105623,0.15747815457740444,0.2711590604508842,0.2711590604509233,0.1750564720591683,0.20249402493743673,0.30913192640204556,0.309131926402074,0.21804887413910023,0.25618218573397655,0.33735595533312335,0.33735595533315177,0.2730067995991021,0.3132918665862121,0.41017509997869084,0.4109371579644403
1022,cabecera-4p-1slot,erdos_renyi,100,8,0.08,0.5,5.967e7,812.0,0.0,1.0,600.0,0.0008709234120998827,estable,8,100916787662526271,635,504825,0.07064700126647949,,0.13980682139327266,,0.13158777600347094,0.17761757507128095,0.2785498240027664,0.27854982400310746,0.18228138307040354,0.23097227351382799,0.32898637789770646,0.3289863778979907,0.23011944378436056,0.27594879244804815,0.3658043324624032,0.36580433246263055,0.27898528570872827,0.33040192338785346,0.3948128154303845,0.3948128154307824
1022,cabecera-4p-1slot,erdos_renyi,100,8,0.08,0.5,5.967e7,812.0,0.0,1.0,600.0,0.0008709234120998827,estable,9,14841323103524074871,620,509020,0.042634010314941406,,0.12591824233200363,,0.12295704140160524,0.16340204100416145,0.1912166554062651,0.19121665540635746,0.16785862553513198,0.20588123288094096,0.2329758144193761,0.23297581441940451,0.20044045389164467,0.24108585872930632,0.255477225223558,0.28494131550510815,0.2108786951782804,0.2497784342605769,0.2858849672643373,0.2867558906761474
1022,cabecera-4p-1slot,erdos_renyi,100,8,0.08,0.5,5.967e7,812.0,0.0,1.0,600.0,0.0008709234120998827,estable,10,4116541528834534908,596,470244,0.09371495246887207,,0.14126555405675448,,0.13539345223438204,0.1667256253063878,0.32551908868481405,0.3255190886851551,0.18079760100562225,0.20689700665550959,0.36618902409048815,0.36618902409077236,0.23036108043817194,0.2629687300006083,0.3922090213706042,0.39220902137094527,0.3269630882235788,0.3747898988460179,0.4135763146750264,0.4137940455280358
1022,cabecera-4p-1slot,erdos_renyi,100,8,0.08,0.5,5.967e7,812.0,0.0,1.0,600.0,0.0008709234120998827,estable,11,1616564382697664401,554,408298,0.021152019500732422,,0.13841795723667644,,0.13527761631132762,0.1658580444284894,0.21768475063288406,0.21768475063299775,0.1813916204941961,0.21159045800516196,0.25624971918591655,0.2562497191862576,0.22135293212275542,0.2484686817463171,0.3195120853716844,0.3195120853716844,0.23589757405545697,0.2723541788258217,0.33063170768008376,0.3306317076801406
1022,cabecera-4p-1slot,erdos_renyi,100,8,0.08,0.5,5.967e7,812.0,0.0,1.0,600.0,0.0008709234120998827,estable,12,13823940400327118885,621,501147,0.026198148727416992,,0.146607849202216,,0.14486245138584763,0.17328990797602728,0.22926713405178845,0.25222929885069334,0.19616353200859749,0.2215840987264528,0.2687498163075368,0.28626444248607186,0.23443575124912286,0.26743152266067227,0.3049379967799766,0.3254865869716923,0.25849337213298895,0.29000993079182535,0.38098922391785806,0.38175128190368923
1034,anuncio-arranque-571tx,erdos_renyi,100,8,0.08,0.5,5.967e7,4238.0,0.0,1.0,600.0,0.004545533769063181,estable,1,7432802012406354177,608,530784,0.04325079917907715,,0.13449784980583565,,0.13586645648319973,0.16306227913440807,0.18148433772302042,0.19954232352449708,0.17679247254443453,0.20433304976876343,0.22541082235272825,0.23949830772841096,0.20536178270913297,0.24408369029356436,0.2679952381653834,0.26968415205737983,0.21862261865629762,0.2493281764607218,0.2830753517942526,0.283864673680398
1034,anuncio-arranque-571tx,erdos_renyi,100,8,0.08,0.5,5.967e7,4238.0,0.0,1.0,600.0,0.004545533769063181,estable,2,1811512982124814652,606,480558,0.031245946884155273,,0.14646356147817002,,0.14273440868174703,0.17979458931631598,0.26113469459403404,0.26113469459406247,0.19220128826806615,0.2244406622293127,0.3062675955887926,0.3062675955888494,0.22945467254965024,0.26764000139029065,0.3424610141275366,0.3424610141276574,0.264623494739908,0.3133020227905945,0.35878947444996356,0.35878947445019094
1034,anuncio-arranque-571tx,erdos_renyi,100,8,0.08,0.5,5.967e7,4238.0,0.0,1.0,600.0,0.004545533769063181,estable,3,4821976391667746302,567,443961,0.02885293960571289,,0.15480759743013667,,0.15403804409834265,0.18952272447597807,0.21721143752716898,0.21721143752722583,0.20292628617170294,0.2399198682039696,0.25887937499294367,0.2600064846119068,0.24055392352306626,0.27697995447033463,0.30500843788911425,0.30918306400400297,0.2523989714408543,0.2933317293741169,0.31822043628744723,0.32008706935333464
1034,anuncio-arranque-571tx,erdos_renyi,100,8,0.08,0.5,5.967e7,4238.0,0.0,1.0,600.0,0.004545533769063181,estable,4,16990535763412101192,590,432470,0.0281980037689209,,0.16697840706469141,,0.1591288691254249,0.1965074148735333,0.26981059222822523,0.31826712060401974,0.21870404744589678,0.2539099649727632,0.30890066814157535,0.3723517158039442,0.2855865276499685,0.322810589472585,0.3659856551792018,0.4094860121316515,0.32281265437310935,0.3776868902796764,0.410707230228752,0.4109974813584927
1034,anuncio-arranque-571tx,erdos_renyi,100,8,0.08,0.5,5.967e7,4238.0,0.0,1.0,600.0,0.004545533769063181,estable,5,3728182226934522476,619,445061,0.029122114181518555,,0.18178677506813465,,0.17098754697039453,0.2204618818188635,0.25040715830095905,0.6067414646699945,0.23572194154922954,0.2804959027868108,0.3132248276709646,0.6801495609101949,0.28150213325966433,0.33598676375197556,0.3502532494896968,0.7055925626046928,0.6086716060974027,0.6835587112366142,0.7187524862245596,0.7187524862249575
1034,anuncio-arranque-571tx,erdos_renyi,100,8,0.08,0.5,5.967e7,4238.0,0.0,1.0,600.0,0.004545533769063181,estable,6,2246171967261893496,652,526164,0.03442192077636719,,0.14504289763019376,,0.1397151381492563,0.1718417937565846,0.24657958306806904,0.37349791970726187,0.1855627635957262,0.22343873193273112,0.2860582720743423,0.4053729024292636,0.25471422330576843,0.29456063323010717,0.32950420974464123,0.4469174380162144,0.3815449699960709,0.40850446520414607,0.48794584417629494,0.48794584417646547
1034,anuncio-arranque-571tx,erdos_renyi,100,8,0.08,0.5,5.967e7,4238.0,0.0,1.0,600.0,0.004545533769063181,estable,7,16384707797440019602,610,506910,0.05338716506958008,,0.15151992983927276,,0.14715602137277983,0.18488623748078226,0.24454878962444582,0.24512473403949286,0.19549035113158197,0.22989727834135465,0.29403872345176296,0.2940387234519335,0.24406163939318049,0.282522326904882,0.3418414722439138,0.3418414722439991,0.26349000174673165,0.31013790114971584,0.35638545471670113,0.356700125239513
1034,anuncio-arranque-571tx,erdos_renyi,100,8,0.08,0.5,5.967e7,4238.0,0.0,1.0,600.0,0.004545533769063181,estable,8,4729211432737687045,604,477764,0.0313570499420166,,0.13955929971528508,,0.13708336815670918,0.1645840739082587,0.25287757400752753,0.25287757400758437,0.18160045586421347,0.20968712727059824,0.2896254007119978,0.2896254007121115,0.21766094173460715,0.2470365585133436,0.3317044164684546,0.33170441646848303,0.24859453229076678,0.28548439877465626,0.3342968742497021,0.33429687424975896
1034,anuncio-arranque-571tx,erdos_renyi,100,8,0.08,0.5,5.967e7,4238.0,0.0,1.0,600.0,0.004545533769063181,estable,9,16868000706137658549,597,455511,0.029829025268554688,,0.146247059143241,,0.14769378644280096,0.17600096534312826,0.19505371421411155,0.1962160926921257,0.19280117267865649,0.22136616558123023,0.23670521132032718,0.24604266798277763,0.21881249671162095,0.2561925585332574,0.2742370305691111,0.2768423770796602,0.22869141339407406,0.2631469489227314,0.2807233163323417,0.28640523354371794
1034,anuncio-arranque-571tx,erdos_renyi,100,8,0.08,0.5,5.967e7,4238.0,0.0,1.0,600.0,0.004545533769063181,estable,10,4202305124784570222,591,443841,0.02968883514404297,,0.14720160723419262,,0.1452209860474909,0.17579081705321187,0.24958044705192606,0.2495804470519829,0.1943013197933965,0.22771867813173685,0.2940531257624457,0.2940531257624741,0.24118545713425377,0.2736363627109313,0.3318553081178379,0.33185530811786634,0.26009921348656917,0.2932185275844077,0.3341421945132197,0.3364149613977929
1034,anuncio-arranque-571tx,erdos_renyi,100,8,0.08,0.5,5.967e7,4238.0,0.0,1.0,600.0,0.004545533769063181,estable,11,18315063821633345385,610,503250,0.03300905227661133,,0.14232159311549378,,0.1379371752126417,0.1773382287663594,0.1900542541687571,0.22768941625896133,0.18749692041346933,0.22488529233919508,0.2393768512602037,0.27142517035925096,0.22259969982766847,0.26189058444278146,0.28351066691433857,0.29533020724209536,0.23866901517033057,0.27978637120594385,0.3252068985220333,0.325775090243269
1034,anuncio-arranque-571tx,erdos_renyi,100,8,0.08,0.5,5.967e7,4238.0,0.0,1.0,600.0,0.004545533769063181,estable,12,6602934268654729783,631,543291,0.038221120834350586,,0.1356636225502351,,0.133807009594463,0.1607237878999257,0.22375842952973812,0.22375842952976654,0.17662287891636197,0.20183285271221507,0.2649248100386785,0.26492481003870694,0.21603864152064034,0.24218261250939577,0.28795672144889295,0.28795672144917717,0.232800799111601,0.27276703477517117,0.3034780477933907,0.30347804779341914
1046,cabecera-peor-caso-16p-150slot,erdos_renyi,100,8,0.08,0.5,5.967e7,20268.0,0.0,1.0,600.0,0.021738763197586726,estable,1,12839910979098630602,659,534449,0.08875489234924316,,0.17894445143301624,,0.17994104833894653,0.20671696686980567,0.2669670339971617,0.26696703399736066,0.2342845546679655,0.26666449914057466,0.31536886775631956,0.3190037712889193,0.284864235751229,0.31617726780575595,0.3582569927994328,0.36916082457269717,0.30034377669539936,0.3443839696448663,0.4053969663396515,0.40539696633970834
1046,cabecera-peor-caso-16p-150slot,erdos_renyi,100,8,0.08,0.5,5.967e7,20268.0,0.0,1.0,600.0,0.021738763197586726,estable,2,4725340868642324920,609,526785,0.0734708309173584,,0.1798657012389024,,0.18216819101988335,0.21014070218706138,0.2216967233456444,0.23237650819518763,0.23320802605562108,0.2610450357879017,0.2747423904374955,0.28710051565533945,0.2641770083530588,0.29457076480446176,0.3051853832131428,0.3247634091880798,0.27575275718970715,0.3055715051752941,0.33271789244580674,0.339700546887002
1046,cabecera-peor-caso-16p-150slot,erdos_renyi,100,8,0.08,0.5,5.967e7,20268.0,0.0,1.0,600.0,0.021738763197586726,estable,3,3546774629433152531,623,489055,0.039279937744140625,,0.18073160117299394,,0.17807503773940425,0.21049502922829788,0.25356080589604346,0.29531292060028136,0.23785291329193115,0.2686519971480834,0.30974548849778216,0.3447997867411061,0.287227960685982,0.3229067550069544,0.3511869606180653,0.3788683121391898,0.31193480247759453,0.3495087818820082,0.3761218759563927,0.3984635032671804
1046,cabecera-peor-caso-16p-150slot,erdos_renyi,100,8,0.08,0.5,5.967e7,20268.0,0.0,1.0,600.0,0.021738763197586726,estable,4,10591979889941712747,597,430437,0.09305906295776367,,0.18539387079939798,,0.186247553639447,0.21498655634911756,0.2590429248151054,0.2694067463460854,0.243667146557641,0.27392328387577436,0.3151612430693831,0.3169764734557603,0.28691684893379943,0.3187686948567965,0.3603996318393001,0.3685516680385206,0.30216510595596446,0.34258699968521,0.37077597261983897,0.3803381172813829
1046,cabecera-peor-caso-16p-150slot,erdos_renyi,100,8,0.08,0.5,5.967e7,20268.0,0.0,1.0,600.0,0.021738763197586726,estable,5,11482670616529399194,627,480909,0.032067060470581055,,0.1787340124247696,,0.17784221492945562,0.21271569371482713,0.23189699950285103,0.25336412289033206,0.23554382824946174,0.2665479605829262,0.2919896200864116,0.3093882611465233,0.2734789745014723,0.3125950419611172,0.32402635435127536,0.34481404918278713,0.28702379853992,0.3175879591005071,0.34526024551021806,0.3559073113883926
1046,cabecera-peor-caso-16p-150slot,erdos_renyi,100,8,0.08,0.5,5.967e7,20268.0,0.0,1.0,600.0,0.021738763197586726,estable,6,13705841109414021436,622,464634,0.031098127365112305,,0.17274857772838095,,0.17297194234956237,0.2052252761242528,0.23523231641536313,0.23688290911297827,0.22546790513098358,0.25318500679907174,0.27932539665192735,0.28804459289443685,0.260624054433265,0.29375050018091997,0.32259295941096866,0.3301222357499114,0.27474344580275556,0.31111503546537733,0.36927636550461784,0.3692763655046747
1046,cabecera-peor-caso-16p-150slot,erdos_renyi,100,8,0.08,0.5,5.967e7,20268.0,0.0,1.0,600.0,0.021738763197586726,estable,7,6743986476996114975,586,464698,0.031042814254760742,,0.18291279204241573,,0.18393081250729892,0.21030898737762982,0.24334520375776947,0.25220036960719483,0.23740305233474146,0.26849245109957565,0.3000488534639203,0.3124904644342905,0.2682876946050783,0.30574329980327164,0.33710877723569865,0.3610732161746455,0.28014094501943987,0.3150322801519465,0.34351178223701595,0.3693581657149707
1046,cabecera-peor-caso-16p-150slot,erdos_renyi,100,8,0.08,0.5,5.967e7,20268.0,0.0,1.0,600.0,0.021738763197586726,estable,8,2993029979968918784,573,442929,0.02976202964782715,,0.18334857890709463,,0.1797570805954365,0.21534357898269718,0.26348430913259335,0.26723018226920203,0.2388453750345434,0.2759911582136283,0.3285751048013026,0.33413269262993595,0.2859294330554576,0.31622790852833305,0.37200926311004423,0.3826408318134611,0.299589806449859,0.342118463713291,0.39604364962332284,0.3998039376404563
1046,cabecera-peor-caso-16p-150slot,erdos_renyi,100,8,0.08,0.5,5.967e7,20268.0,0.0,1.0,600.0,0.021738763197586726,estable,9,11984894219986050920,604,468100,0.04813718795776367,,0.17951079137895248,,0.16926194380115378,0.21598130360729328,0.40176497514397624,0.4062216001652814,0.23173236096334904,0.27628815749912405,0.45036933406561275,0.45761084176399436,0.284654944547583,0.32710936183130457,0.4824177344378313,0.49230072918282985,0.4005869536752016,0.4521678275015688,0.5244912309552774,0.5244912309553911
1046,cabecera-peor-caso-16p-150slot,erdos_renyi,100,8,0.08,0.5,5.967e7,20268.0,0.0,1.0,600.0,0.021738763197586726,estable,10,18429938963863844807,576,464832,0.024255990982055664,,0.18711737488837538,,0.18068433470949685,0.21524110543231245,0.3671350623306182,0.367377336337114,0.24284841785356548,0.27291991468484866,0.4068302974957305,0.40963156622234465,0.307134901330528,0.3488015045430899,0.4558189846923142,0.4584401460654135,0.3770168482370764,0.41851597884857483,0.4931540386770905,0.49858872947652344
1046,cabecera-peor-caso-16p-150slot,erdos_renyi,100,8,0.08,0.5,5.967e7,20268.0,0.0,1.0,600.0,0.021738763197586726,estable,11,10991345359902861362,581,460733,0.0242919921875,,0.19299738319177087,,0.1935833388328092,0.22686221751047242,0.2611770509794269,0.2611770509794553,0.25287477303663763,0.2908222456263019,0.32085170724451473,0.3208517072446426,0.29234345099746406,0.3364772015310109,0.35792015590476467,0.3579201559049352,0.3063697185529577,0.34941848912012574,0.3692069819391719,0.37860027548094877
1046,cabecera-peor-caso-16p-150slot,erdos_renyi,100,8,0.08,0.5,5.967e7,20268.0,0.0,1.0,600.0,0.021738763197586726,estable,12,10829302702816823932,631,491549,0.026818037033081055,,0.1761702999464373,,0.17859058362137148,0.20461341164167735,0.2302176462743546,0.2458804874263194,0.2291837503394163,0.26196264641663447,0.29695406718363415,0.30476161147026914,0.26653881913161115,0.298861407634476,0.33093189113731114,0.3357171245127404,0.28711632355577876,0.31905688834314105,0.3433727876477235,0.34342144310235767
1058,anuncio-techo-4464tx,erdos_renyi,100,8,0.08,0.5,5.967e7,27596.0,0.0,1.0,600.0,0.029598525222054632,estable,1,18171626502946490770,570,442890,0.02425408363342285,,0.21007365851119228,,0.20802237886505281,0.24722434181308017,0.29708128718218063,0.2972547430263148,0.2730802953526563,0.3120201881978204,0.3739449577570042,0.3739449577570326,0.31812766066195763,0.36026984730176537,0.40823828386942296,0.41656804181607754,0.3312434428097504,0.38470034640803874,0.4245515852374524,0.44558801411707805
1058,anuncio-techo-4464tx,erdos_renyi,100,8,0.08,0.5,5.967e7,27596.0,0.0,1.0,600.0,0.029598525222054632,estable,2,15594724619627820873,615,517215,0.02875208854675293,,0.1938559525556441,,0.18973507244800203,0.22753054141577422,0.2777864716550198,0.28021788578138285,0.25276162250946754,0.2931706788132118,0.3393076331276319,0.3428427334053481,0.2978495163210937,0.3380723057776436,0.3921612930869287,0.3945927072133486,0.31752605794736155,0.3746210604912221,0.4039656651539474,0.42177533461762096
1058,anuncio-techo-4464tx,erdos_renyi,100,8,0.08,0.5,5.967e7,27596.0,0.0,1.0,600.0,0.029598525222054632,estable,3,10302392817175129554,604,459644,0.05201292037963867,,0.19875468770751578,,0.19796453292622118,0.23204795229530362,0.2751305498483134,0.27513054984834984,0.26312114825051935,0.2917928745429208,0.3385914112407704,0.33859141124082726,0.30811121767916205,0.33261584157375523,0.368433246789607,0.3684332467897775,0.3249190454640143,0.35413111266581154,0.3893052860497619,0.40792210143271745
1058,anuncio-techo-4464tx,erdos_renyi,100,8,0.08,0.5,5.967e7,27596.0,0.0,1.0,600.0,0.029598525222054632,estable,4,7234102559223791111,614,472166,0.030341148376464844,,0.20329937099653578,,0.20060583634798945,0.24193674984923064,0.2800657013430481,0.291457622554276,0.26541575836500897,0.3067794509502164,0.3437321863451075,0.35660455493052723,0.31404985020714093,0.346593981998228,0.3877303415696076,0.40036814045913616,0.33041027889107966,0.37415470269780826,0.41115285922541034,0.41332696960864723
1058,anuncio-techo-4464tx,erdos_renyi,100,8,0.08,0.5,5.967e7,27596.0,0.0,1.0,600.0,0.029598525222054632,estable,5,4249924044793448451,603,491445,0.03193187713623047,,0.19216769832035027,,0.18775520318342842,0.21949025805679412,0.4514261113960458,0.451561474108928,0.24828977236262517,0.2818711442655797,0.510710333550719,0.5107103335508327,0.30259850402516264,0.3402850310658323,0.5354515949383369,0.54834880827201,0.47040045449364243,0.5237986622174162,0.5556096001074309,0.5976990443398336
1058,anuncio-techo-4464tx,erdos_renyi,100,8,0.08,0.5,5.967e7,27596.0,0.0,1.0,600.0,0.029598525222054632,estable,6,12807712985321080039,596,461900,0.029215097427368164,,0.20612003729383768,,0.20582096820078277,0.2541395454410562,0.2909440351304511,0.29932326400182774,0.2722107263318492,0.316672704372607,0.3494855993818362,0.3616718804839252,0.31447203948397373,0.3581693143401026,0.3877782994037773,0.41195988547099205,0.3284274574188544,0.3700319093139228,0.4067856144204143,0.41481131180017883
1058,anuncio-techo-4464tx,erdos_renyi,100,8,0.08,0.5,5.967e7,27596.0,0.0,1.0,600.0,0.029598525222054632,estable,7,2487662569035558414,596,486932,0.031230926513671875,,0.201537532594932,,0.20172535727851937,0.2333649564303073,0.32364430188818005,0.33006754768928204,0.2634400613218304,0.2975821370713163,0.3787634617334561,0.38818677583952876,0.30746237692017075,0.3401889094697026,0.4033883072197568,0.40874169205642374,0.33205719376991283,0.3861630930390305,0.41060828763531276,0.44046940057988593
1058,anuncio-techo-4464tx,erdos_renyi,100,8,0.08,0.5,5.967e7,27596.0,0.0,1.0,600.0,0.029598525222054632,estable,8,17165911900863587992,606,481770,0.0334010124206543,,0.1891936353689619,,0.1860868268394995,0.23042576386455949,0.2694568227814784,0.27375225000383807,0.24727966184241268,0.2875296134232883,0.32805105323348016,0.3329597127073498,0.2905633770802325,0.3323006578365266,0.39148498502601115,0.39159961838203117,0.30728545146064334,0.3511788347067011,0.4155422034215235,0.4184305870476237
1058,anuncio-techo-4464tx,erdos_renyi,100,8,0.08,0.5,5.967e7,27596.0,0.0,1.0,600.0,0.029598525222054632,estable,9,3247243194151863216,596,455940,0.026196002960205078,,0.1986558503100177,,0.19698503348286067,0.23517063131290783,0.2702181345568988,0.29129551872506454,0.2636165368791126,0.29743773670043083,0.3333547270141253,0.35424703896245546,0.3040190617271037,0.34682435311168547,0.38538247824828886,0.4055702172362601,0.3199095201400155,0.366568765809518,0.40900396211543466,0.42209378306733925
1058,anuncio-techo-4464tx,erdos_renyi,100,8,0.08,0.5,5.967e7,27596.0,0.0,1.0,600.0,0.029598525222054632,estable,10,1976120480430221237,609,513387,0.03316903114318848,,0.18410502673207652,,0.18183814863465386,0.210356915357778,0.2836080762354527,0.31012559630448777,0.2408901692756551,0.2722332386410926,0.35043324177223667,0.375072525953448,0.308609266889448,0.3487684068624759,0.42254701573041586,0.4398172938710445,0.33890194656572703,0.3880580904111355,0.4398172938710445,0.4523436466326416
1058,anuncio-techo-4464tx,erdos_renyi,100,8,0.08,0.5,5.967e7,27596.0,0.0,1.0,600.0,0.029598525222054632,estable,11,4734938741999615714,584,477128,0.0307009220123291,,0.19436499391916426,,0.19132524921957383,0.2255078332885887,0.2689619036370914,0.3397945246354084,0.2594037012652848,0.29062784922433593,0.32458347781337693,0.40311509811908763,0.31743683347222884,0.3601166788843386,0.3870668454696897,0.4167979249252767,0.3472663791640116,0.40245565347282763,0.43758509750955454,0.45936900437229156
1058,anuncio-techo-4464tx,erdos_renyi,100,8,0.08,0.5,5.967e7,27596.0,0.0,1.0,600.0,0.029598525222054632,estable,12,12646895381927147225,582,440574,0.02838301658630371,,0.2124854712727899,,0.20767714292290407,0.2548825174882836,0.39332951050318865,0.3985037130728415,0.2763172879503486,0.3167230516575046,0.45457930325770235,0.46308102083827407,0.3356465427005446,0.37955389720684707,0.47504794579849374,0.47771241972441203,0.3938141278640046,0.4459470849377034,0.5037537319626608,0.5037537319627461
1004,cabecera-1p-1slot,erdos_renyi,100,8,0.08,0.5,1.0e8,716.0,0.0,1.0,600.0,0.00045824,estable,1,16853930873261077568,604,474140,0.02990412712097168,,0.14080003281112013,,0.14096271623270695,0.16917888289145822,0.19951219128017783,0.2035824157769639,0.1847810432514052,0.2129499456490862,0.2428158228352686,0.24319511829833118,0.21710644933989443,0.24793915235923691,0.27688773465611405,0.2795465391356622,0.22974063558848457,0.2587192992202745,0.28210440609538523,0.2822189660954564
1004,cabecera-1p-1slot,erdos_renyi,100,8,0.08,0.5,1.0e8,716.0,0.0,1.0,600.0,0.00045824,estable,2,13234719594030222113,571,440241,0.036685943603515625,,0.1454558373512644,,0.1405186350355052,0.17449679017749986,0.2225500432596732,0.2368602264331372,0.19223138333254042,0.22558662007955377,0.2765746079168707,0.27963961894113254,0.2381751444734732,0.27068775507609644,0.3392383063928577,0.3509155343554653,0.2566996045412111,0.2968116256946587,0.3718525274676381,0.371909807467631
1004,cabecera-1p-1slot,erdos_renyi,100,8,0.08,0.5,1.0e8,716.0,0.0,1.0,600.0,0.00045824,estable,3,1506200473426404449,592,456432,0.02925705909729004,,0.14439610425412602,,0.14155416825906286,0.16933863438492835,0.2155867000213334,0.338991052864003,0.19100001872760686,0.216044814893376,0.25597242225080663,0.38360381049366765,0.2350464293464256,0.2721617001644745,0.29359067674096195,0.4104081259824994,0.3424344700914048,0.3866846099550685,0.41919722097998147,0.4191972209800312
1004,cabecera-1p-1slot,erdos_renyi,100,8,0.08,0.5,1.0e8,716.0,0.0,1.0,600.0,0.00045824,estable,4,8677547959555753965,585,500175,0.03183293342590332,,0.13427834786175752,,0.13373427908172175,0.16080765647689077,0.18844264616092232,0.18992309476652736,0.1772386443258256,0.20386538301841028,0.23043489429066,0.23744805562025562,0.21025653980322545,0.24045225092766032,0.26299472881953534,0.27277881296616613,0.22050948166727835,0.25375324733101934,0.286847293381328,0.2868472933813564
1004,cabecera-1p-1slot,erdos_renyi,100,8,0.08,0.5,1.0e8,716.0,0.0,1.0,600.0,0.00045824,estable,5,7305920389846507272,623,500269,0.032217979431152344,,0.14448064009852937,,0.14127225908737273,0.1780133196539282,0.2231046773969183,0.237738097338692,0.19116488759595995,0.22867454349155736,0.2652948962739856,0.2869976631356508,0.23315446258504835,0.27925662105465676,0.3121142176705689,0.3196049767215854,0.24873665634072495,0.2918378303595546,0.3361593864406984,0.33615938644084054
1004,cabecera-1p-1slot,erdos_renyi,100,8,0.08,0.5,1.0e8,716.0,0.0,1.0,600.0,0.00045824,estable,6,12825775853921178626,588,505092,0.03215312957763672,,0.13418061683583393,,0.13088659426796312,0.16380728555748192,0.20284776272541194,0.20284776272546878,0.17497521600614618,0.2079130101329838,0.25071120459629714,0.250711204596314,0.21253458113383772,0.24996733521101078,0.3039451186094908,0.30394511860953344,0.22460443634074068,0.2598044832727453,0.304122661241081,0.3041226612411947
1004,cabecera-1p-1slot,erdos_renyi,100,8,0.08,0.5,1.0e8,716.0,0.0,1.0,600.0,0.00045824,estable,7,9793552311888501075,614,485674,0.0517270565032959,,0.14483042344479624,,0.14104091639258343,0.18585605447191256,0.23109840516704594,0.2310984051671312,0.19160835748408545,0.23113720304584717,0.2742175149795685,0.27421751497968216,0.23130004567599372,0.2662590258031514,0.3248803961986937,0.3248803961987221,0.24456651760681325,0.2861456924925534,0.32721635926036896,0.3275600392604474
1004,cabecera-1p-1slot,erdos_renyi,100,8,0.08,0.5,1.0e8,716.0,0.0,1.0,600.0,0.00045824,estable,8,11414313923145753170,614,496726,0.031599998474121094,,0.13698896724212498,,0.13514390493992323,0.16379883039881804,0.23892697805854368,0.23892697805858631,0.17948139892649806,0.20952353190108397,0.2824618187220409,0.28246181872208354,0.21965643511549615,0.25415360493332173,0.31840518926691175,0.31840518926702543,0.24725329035191024,0.28680908077012646,0.3245019494686261,0.3247310694686689
1004,cabecera-1p-1slot,erdos_renyi,100,8,0.08,0.5,1.0e8,716.0,0.0,1.0,600.0,0.00045824,estable,9,16839478009139511702,582,467346,0.0296938419342041,,0.1527551897564063,,0.14687565712003448,0.18726802802268594,0.22356818651627464,0.2510840115929227,0.1991188586146393,0.2385107819107759,0.27691980151428197,0.2947841682157559,0.240399127840476,0.2873002324758289,0.32557323774904035,0.3264119973978268,0.25582324194365924,0.3061368191623046,0.34746118046027163,0.34774758046035004
1004,cabecera-1p-1slot,erdos_renyi,100,8,0.08,0.5,1.0e8,716.0,0.0,1.0,600.0,0.00045824,estable,10,176769117200295434,608,489440,0.03122997283935547,,0.15380128969321047,,0.15080598973008819,0.18215218171621927,0.2508799335662104,0.2588210244579301,0.19961047574031454,0.23077318736989128,0.3014512904864901,0.3065813176895329,0.25183443476930734,0.2822545325496719,0.33696258706834215,0.3521920495279076,0.27519859980333194,0.31859397484288365,0.39808538169347685,0.39808538169359053
1004,cabecera-1p-1slot,erdos_renyi,100,8,0.08,0.5,1.0e8,716.0,0.0,1.0,600.0,0.00045824,estable,11,11676606449588614171,625,495625,0.03152108192443848,,0.14967131055886684,,0.1490362977527866,0.18158163270648942,0.21370856458440812,0.21370856458454313,0.19975120751797704,0.22228244849557655,0.25431902891438085,0.25694200686803015,0.23321719949183262,0.2638597597542103,0.2814254843739832,0.28398039951468945,0.2406084776189914,0.2774125163238921,0.28961257955029396,0.2901853795505076
1004,cabecera-1p-1slot,erdos_renyi,100,8,0.08,0.5,1.0e8,716.0,0.0,1.0,600.0,0.00045824,estable,12,9502835437310239954,631,524361,0.03332996368408203,,0.14805776990868222,,0.14338830214228437,0.17855985394663776,0.3202812678907492,0.3202812678908913,0.19213546620850508,0.2242289952426404,0.3622090415191792,0.3622090415194634,0.2499643939335101,0.295628986463214,0.41400231929497977,0.4140023192951219,0.3205676678908276,0.36300222997454057,0.4583599228253661,0.4583599228255082
1016,cabecera-4p-1slot,erdos_renyi,100,8,0.08,0.5,1.0e8,812.0,0.0,1.0,600.0,0.00051968,estable,1,13864135206722561481,576,465984,0.0789179801940918,,0.13509643333442614,,0.13390921350685403,0.16276617131094895,0.17978911969532874,0.18812991022826964,0.17616552674803643,0.20564717914362518,0.21904304898043847,0.2352329612674957,0.2049533336478362,0.23568768126745,0.257912556607522,0.26287332872820457,0.21772453184829033,0.24753669783069654,0.2689547186775041,0.2690846386775547
1016,cabecera-4p-1slot,erdos_renyi,100,8,0.08,0.5,1.0e8,812.0,0.0,1.0,600.0,0.00051968,estable,2,17452357446374797716,627,478401,0.05027890205383301,,0.14607672130922225,,0.14719302154713887,0.1781814150574519,0.19812763664810973,0.20990794307340366,0.1934950939487976,0.2341253918135635,0.24592255052381518,0.2509723152704737,0.22481661892948068,0.2639934631604888,0.2822225414768127,0.2963126338302118,0.23623037926364532,0.2711083070794018,0.29683231383023667,0.3005518762344366
1016,cabecera-4p-1slot,erdos_renyi,100,8,0.08,0.5,1.0e8,812.0,0.0,1.0,600.0,0.00051968,estable,3,4901520953081041802,602,464142,0.04630279541015625,,0.13799899184329623,,0.13583709962637158,0.16275093080562897,0.21909503821626686,0.21909503821626686,0.17920304180148605,0.20710342331074116,0.26411497297979736,0.2644131859101577,0.22862866313130326,0.2628073117994063,0.3145863717069801,0.3145863717070796,0.2410967284806702,0.2805173136655412,0.3223124928889547,0.32231249288901154
1016,cabecera-4p-1slot,erdos_renyi,100,8,0.08,0.5,1.0e8,812.0,0.0,1.0,600.0,0.00051968,estable,4,10363154129613241503,604,488636,0.10108780860900879,,0.14715159233383082,,0.13820773740656023,0.18030676085345476,0.26247773875132907,0.2624777387513859,0.19221058746949327,0.23060988079919298,0.3193258589996617,0.31932585899971855,0.23986079547347572,0.28138814437714643,0.3439998569578506,0.34399985695787905,0.2663773454388547,0.31997545899974966,0.3480445401265442,0.3480445401266934
1016,cabecera-4p-1slot,erdos_renyi,100,8,0.08,0.5,1.0e8,812.0,0.0,1.0,600.0,0.00051968,estable,5,9497490680242163890,587,492493,0.03651595115661621,,0.14096681202864753,,0.14003308948787208,0.17069358435114168,0.23143533395659688,0.2314353339566253,0.1835199239573626,0.2118120759560611,0.2776568449026797,0.27765684490270814,0.22389908794923485,0.26386794202232977,0.3011053568155475,0.30110535681558304,0.24599373953742543,0.28336542958732025,0.3068729768162939,0.3070028968161296
1016,cabecera-4p-1slot,erdos_renyi,100,8,0.08,0.5,1.0e8,812.0,0.0,1.0,600.0,0.00051968,estable,6,2986378410993453805,581,490945,0.031462907791137695,,0.14004579292800748,,0.13916191411067302,0.16882409439818957,0.22288113369063467,0.22288113369077678,0.1837959669145448,0.21179249043220238,0.2687552123427963,0.2687552123429384,0.21571672992669733,0.2447329183270881,0.29950410205827893,0.29950410205830735,0.23430346918951273,0.2754363745385717,0.30197249820821526,0.3019724982083076
1016,cabecera-4p-1slot,erdos_renyi,100,8,0.08,0.5,1.0e8,812.0,0.0,1.0,600.0,0.00051968,estable,7,17872873382002583228,613,503273,0.032488107681274414,,0.13635919495891052,,0.13536733798369482,0.16801728353630097,0.18951056269497712,0.22002890615264903,0.1795431852240199,0.209879496662694,0.2306192913181917,0.25982487615236494,0.21432939025970654,0.24721386411033563,0.27085601792822445,0.2835442074063508,0.232051495012513,0.2624092504282771,0.289099888051787,0.28929476805180343
1016,cabecera-4p-1slot,erdos_renyi,100,8,0.08,0.5,1.0e8,812.0,0.0,1.0,600.0,0.00051968,estable,8,13489997271857122962,592,486032,0.03131294250488281,,0.13087959828485743,,0.13096378224446426,0.15093426261813647,0.18343437524805495,0.23515182535325607,0.17300098108717066,0.19332001195402881,0.21554191687437196,0.2792359036803873,0.20482585758006167,0.2285969082131487,0.23787514124280307,0.3061090509256701,0.24159619787553765,0.2801083170838652,0.3070352183116256,0.30781473831163453
1016,cabecera-4p-1slot,erdos_renyi,100,8,0.08,0.5,1.0e8,812.0,0.0,1.0,600.0,0.00051968,estable,9,17879238533979682282,614,475850,0.05129408836364746,,0.14605552958346496,,0.1450505415459986,0.16942355533649334,0.24331738274798909,0.24331738274804593,0.18964144975629438,0.21518293430261792,0.29398356201045317,0.2939835620106237,0.23906078989398338,0.2696980859385576,0.32991099122600076,0.33561494582878026,0.2589702163304537,0.2988959457584315,0.3768518486804169,0.37717664868046086
1016,cabecera-4p-1slot,erdos_renyi,100,8,0.08,0.5,1.0e8,812.0,0.0,1.0,600.0,0.00051968,estable,10,12947995303876496698,575,414575,0.02681112289428711,,0.14618521194796427,,0.1422751618665643,0.17370596115672754,0.20324928657737473,0.2279019005148939,0.18995277472807004,0.2216181755487696,0.24730602160252602,0.282746251068545,0.22506576637505304,0.26355666910377806,0.28560002436927334,0.3317592957892259,0.24517198653555283,0.28714709995364274,0.3375265195889483,0.33765643958897584
1016,cabecera-4p-1slot,erdos_renyi,100,8,0.08,0.5,1.0e8,812.0,0.0,1.0,600.0,0.00051968,estable,11,2936449287907481640,632,501176,0.032711029052734375,,0.14926044042583247,,0.14383154923655184,0.18141388325852859,0.2207864241884323,0.22078642418853178,0.19601860305942864,0.23611108774122158,0.27347911241290035,0.2734791124129572,0.229871849046134,0.2722219121830278,0.2993147155622182,0.2993147155623319,0.24621403020466914,0.2867675834493184,0.33855076814211316,0.3385507681421984
1016,cabecera-4p-1slot,erdos_renyi,100,8,0.08,0.5,1.0e8,812.0,0.0,1.0,600.0,0.00051968,estable,12,8739898112661209445,571,468791,0.030223846435546875,,0.14109638850328265,,0.13331117941038428,0.17227916425417966,0.26359548285944356,0.26359548285952883,0.18458845847135308,0.218652449086278,0.3053442161734665,0.3053442161735802,0.23344286490470267,0.27900595762125135,0.37617801666590367,0.37617801666613104,0.2696057512733887,0.3118363310886245,0.37938336895894054,0.3793833689590258
1028,anuncio-arranque-571tx,erdos_renyi,100,8,0.08,0.5,1.0e8,4238.0,0.0,1.0,600.0,0.00271232,estable,1,12136960943067597626,585,434655,0.04943704605102539,,0.16667115205348382,,0.1617842211422289,0.19815630902485282,0.2844817486358977,0.2844817486359261,0.21469280609693442,0.25379324692835326,0.32555877004844547,0.34435669778332567,0.2754642498034059,0.3270978168646934,0.36904747560396345,0.3690474756040345,0.3041481743601935,0.3491762660343056,0.3843709340619199,0.38437093406196254
1028,anuncio-arranque-571tx,erdos_renyi,100,8,0.08,0.5,1.0e8,4238.0,0.0,1.0,600.0,0.00271232,estable,2,472443249283725984,578,452574,0.02940201759338379,,0.13609383154117724,,0.1331287909661114,0.16563617538528774,0.21328662893384376,0.21717431693218714,0.17979164813831972,0.2117569928943368,0.2575700171296944,0.2687432828275007,0.22368928282486422,0.25818893808565235,0.3045694003723156,0.304569400372543,0.24122195266460267,0.2721582619219731,0.31650146007311264,0.31955282007311325
1028,anuncio-arranque-571tx,erdos_renyi,100,8,0.08,0.5,1.0e8,4238.0,0.0,1.0,600.0,0.00271232,estable,3,444936775657060066,573,441783,0.02885890007019043,,0.15138898107614923,,0.15251026224079567,0.17866442743138577,0.20695078888147123,0.20695078888151386,0.2001793625108803,0.22770394160858132,0.2582921175759907,0.258292117576012,0.22849931001110235,0.26240385294244106,0.27705599808703596,0.2770559980870644,0.24132421630974932,0.2718871237352829,0.2936055032856757,0.293605503285832
1028,anuncio-arranque-571tx,erdos_renyi,100,8,0.08,0.5,1.0e8,4238.0,0.0,1.0,600.0,0.00271232,estable,4,13530157693842462631,619,498295,0.032874107360839844,,0.1490722938766267,,0.14610045371773595,0.18493701686293207,0.2276587346270844,0.22765873462714126,0.19805178458437922,0.2278539442137344,0.27101429300262225,0.27101429300273594,0.2274827602740288,0.2651389587109634,0.2942698937138175,0.2942698937139596,0.24287280575362047,0.2794479564985295,0.297999333713733,0.29799933371396037
1028,anuncio-arranque-571tx,erdos_renyi,100,8,0.08,0.5,1.0e8,4238.0,0.0,1.0,600.0,0.00271232,estable,5,3066716177663089829,584,461944,0.02985405921936035,,0.1533933045361462,,0.14629386201829675,0.17906502047605954,0.30191869071092015,0.30191869071094857,0.1979763132462935,0.22751191003396798,0.36285830021961374,0.3646123232553009,0.2621434499674393,0.31888142231463235,0.42777616765761195,0.42777616765772564,0.3114391058734691,0.37171096230233047,0.45924215568516047,0.4592421556851889
1028,anuncio-arranque-571tx,erdos_renyi,100,8,0.08,0.5,1.0e8,4238.0,0.0,1.0,600.0,0.00271232,estable,6,18253636350693871067,527,436883,0.028296947479248047,,0.13761023714245785,,0.13338122021113463,0.16834147810587297,0.19917829780615648,0.19917829780622753,0.17692989134192771,0.21551473663566867,0.24146043824907792,0.24146043824924845,0.21321927348452618,0.2445971537731424,0.2721401741257523,0.27214017412593705,0.22297136007404106,0.25618533056672277,0.28699287727897627,0.28699287727907574
1028,anuncio-arranque-571tx,erdos_renyi,100,8,0.08,0.5,1.0e8,4238.0,0.0,1.0,600.0,0.00271232,estable,7,5813188263707013976,543,441459,0.030397891998291016,,0.13718041818793866,,0.13337701230568655,0.17258333362369171,0.19341939071514958,0.1990164352592103,0.17748897221684956,0.21099201080949115,0.23410356783210773,0.2414929268408912,0.21258769814227207,0.24779496242564392,0.2859580205241645,0.28992346314453243,0.22387414510289716,0.25936418702552544,0.2984201826902222,0.29842018269030746
1028,anuncio-arranque-571tx,erdos_renyi,100,8,0.08,0.5,1.0e8,4238.0,0.0,1.0,600.0,0.00271232,estable,8,3073974185196150306,608,513760,0.03458905220031738,,0.13876489977606846,,0.133678466702861,0.16851585477866138,0.23630204374853747,0.23689894496766328,0.18003988065673227,0.2159267444726627,0.2863456415198016,0.2869425427389274,0.23275135493395283,0.2694970472503826,0.3456018623432442,0.34560186234332946,0.2502308588055371,0.29215589140960674,0.36064322353138323,0.36064322353141165
1028,anuncio-arranque-571tx,erdos_renyi,100,8,0.08,0.5,1.0e8,4238.0,0.0,1.0,600.0,0.00271232,estable,9,5027069581130707824,592,428016,0.02789306640625,,0.15831302164555988,,0.1508880390487093,0.19932403599204918,0.2489138033398035,0.24891380333986035,0.20558010042842056,0.2484581482308954,0.29616899882501,0.2961689988251237,0.26263460225072777,0.3033443968903953,0.35521451708189034,0.3552145170819614,0.2747798490890432,0.31161010275252465,0.3587064114131806,0.358706411413209
1028,anuncio-arranque-571tx,erdos_renyi,100,8,0.08,0.5,1.0e8,4238.0,0.0,1.0,600.0,0.00271232,estable,10,12408226914028844984,601,448947,0.029356956481933594,,0.15842974829257428,,0.1570563437141601,0.19239694917035877,0.22489589814887267,0.2248958981489153,0.207900879601425,0.24600080171450855,0.27256114179255064,0.27256114179255064,0.24470663556826366,0.28476923605967386,0.31863160509220734,0.3186316050922642,0.26106040562423516,0.3047194150943824,0.3312321483025471,0.3335517012031062
1028,anuncio-arranque-571tx,erdos_renyi,100,8,0.08,0.5,1.0e8,4238.0,0.0,1.0,600.0,0.00271232,estable,11,18371088893771261298,604,497092,0.03200411796569824,,0.14238999902460614,,0.14275506217056044,0.16670349409270102,0.20878009941804976,0.21096946900315316,0.19242767638047553,0.21312301478172913,0.24818329863103372,0.25919338186270124,0.22182527690281262,0.25775785253506456,0.27099437202889476,0.2852178837592021,0.23537021821462645,0.2662489545310791,0.2866605108583258,0.28903379085842573
1028,anuncio-arranque-571tx,erdos_renyi,100,8,0.08,0.5,1.0e8,4238.0,0.0,1.0,600.0,0.00271232,estable,12,3947719339364087965,593,463133,0.02714991569519043,,0.14557630076808484,,0.1411968198035538,0.17340215746031618,0.259152884625081,0.2605802921396503,0.18904897689795064,0.22118900387684448,0.30290908846036757,0.3085970924814774,0.25048429559677743,0.2827211096648625,0.3369091866062206,0.33743683768477695,0.2808065974652436,0.3194940416066103,0.3381149176847771,0.33823382675109315
1040,cabecera-peor-caso-16p-150slot,erdos_renyi,100,8,0.08,0.5,1.0e8,20268.0,0.0,1.0,600.0,0.01297152,estable,1,17539164773503656969,579,453357,0.030670881271362305,,0.16546636231647163,,0.15539046785433186,0.20341340380238648,0.23898390377303258,0.26706687172489296,0.21433574578129821,0.2626627521988212,0.2998780307904667,0.3208783926224896,0.2667297649761764,0.3188336414647779,0.36015074411326964,0.37429598726185986,0.29689078807807334,0.3486280395682684,0.3993876508974097,0.4089581310677204
1040,cabecera-peor-caso-16p-150slot,erdos_renyi,100,8,0.08,0.5,1.0e8,20268.0,0.0,1.0,600.0,0.01297152,estable,2,17796015956543440423,595,456365,0.05090904235839844,,0.16799652487079877,,0.16908964144340644,0.19636634177913947,0.24893761612744925,0.2489376161275345,0.21811626003216134,0.2492746042595826,0.30287868960297715,0.3028786896030624,0.260058036203759,0.2905155579576899,0.32702618754898083,0.3270261875490519,0.2755348245349438,0.3152992353995754,0.3357571769818435,0.3392817977622258
1040,cabecera-peor-caso-16p-150slot,erdos_renyi,100,8,0.08,0.5,1.0e8,20268.0,0.0,1.0,600.0,0.01297152,estable,3,5218779082785131289,598,492154,0.03263998031616211,,0.1493669113075098,,0.14617517842265215,0.1778299668489467,0.2747164648955902,0.27471646489567547,0.1962112115455099,0.22572693409551903,0.3294974793536056,0.32949747935364826,0.2567414849607985,0.2994230254670356,0.3602351747464638,0.36023517474660594,0.29597906514015904,0.34052940552641076,0.37288250596250805,0.3777468259625181
1040,cabecera-peor-caso-16p-150slot,erdos_renyi,100,8,0.08,0.5,1.0e8,20268.0,0.0,1.0,600.0,0.01297152,estable,4,6065561671384185841,551,458983,0.030644893646240234,,0.1609470054230191,,0.16199855872812918,0.19046396294532997,0.2292041314305493,0.23741955640683443,0.2141776381325542,0.23851574605691894,0.27869587097154636,0.28115703098052336,0.2512184044138621,0.27942554290277144,0.3110043826510491,0.3110043826511628,0.26214665597734665,0.29656510537131453,0.3358191493453546,0.3515072016398335
1040,cabecera-peor-caso-16p-150slot,erdos_renyi,100,8,0.08,0.5,1.0e8,20268.0,0.0,1.0,600.0,0.01297152,estable,5,2534114832892025628,628,511820,0.03482413291931152,,0.15588371167529944,,0.1543866549724271,0.18532546023845953,0.214157747139609,0.21675392101423085,0.20552662285172119,0.2424416671143348,0.2676626792100052,0.27356902704269714,0.23760157933659798,0.2800164034678687,0.3051579335038923,0.3155514383294644,0.2528949374632443,0.29638909517223055,0.31718588390387126,0.3226325132852992
1040,cabecera-peor-caso-16p-150slot,erdos_renyi,100,8,0.08,0.5,1.0e8,20268.0,0.0,1.0,600.0,0.01297152,estable,6,13573875914725890371,599,489383,0.04143190383911133,,0.16906424644066137,,0.16312037873294116,0.19405415322052022,0.29524220836430004,0.2974010120034336,0.21845643647931468,0.25265765392303763,0.3536679036110115,0.35687023676018725,0.29488517220733,0.33642632388921356,0.4344467765096738,0.4344467765097306,0.3225888394330809,0.37226678183935036,0.4545254551445055,0.45452545514456233
1040,cabecera-peor-caso-16p-150slot,erdos_renyi,100,8,0.08,0.5,1.0e8,20268.0,0.0,1.0,600.0,0.01297152,estable,7,183358593985761882,578,427142,0.02773594856262207,,0.184528446891181,,0.17815351683373137,0.20920121366324906,0.41251280418558167,0.4125128041857806,0.23795186485074282,0.2749699508598269,0.4645614808539449,0.4687888757208327,0.31920790932502996,0.36915108784921813,0.5245601185723956,0.5245601185724809,0.4225183621016413,0.47928860163375475,0.5260039610308525,0.5335886760082076
1040,cabecera-peor-caso-16p-150slot,erdos_renyi,100,8,0.08,0.5,1.0e8,20268.0,0.0,1.0,600.0,0.01297152,estable,8,12880139397511462752,586,478762,0.03243517875671387,,0.15280809276520624,,0.15357714729644556,0.18016765613629104,0.2361659124964035,0.23958187783495077,0.20019449896557262,0.22792876570917997,0.27935678608299597,0.27935678608304215,0.2363716865064589,0.27595670251210436,0.3363433373646103,0.3363433373646103,0.25590316321404316,0.30086649227803264,0.353105218586677,0.36182582948885056
1040,cabecera-peor-caso-16p-150slot,erdos_renyi,100,8,0.08,0.5,1.0e8,20268.0,0.0,1.0,600.0,0.01297152,estable,9,14452415499599571804,600,498600,0.03370404243469238,,0.16304457348617307,,0.1635906394333233,0.18913848672605127,0.23398485935979352,0.2399321273724695,0.21291792241271423,0.24218928660229722,0.278347546327268,0.29283004568526394,0.2456190626295438,0.2765842278004982,0.30592986236638353,0.3100831892043061,0.25685580700326227,0.2917467299647569,0.31028280309931233,0.32109176406703455
1040,cabecera-peor-caso-16p-150slot,erdos_renyi,100,8,0.08,0.5,1.0e8,20268.0,0.0,1.0,600.0,0.01297152,estable,10,16585344130838884738,559,457821,0.03073596954345703,,0.16868262019579738,,0.16491022437935499,0.20238576065190728,0.3038029730465155,0.3038029730465439,0.21815813689761399,0.2538675456783608,0.3516812131894369,0.35168121318952217,0.2680748617358404,0.30559006455521853,0.3839202422441872,0.3839202422442156,0.3189952625806427,0.3574231482610344,0.38878456224438196,0.3989671291850527
1040,cabecera-peor-caso-16p-150slot,erdos_renyi,100,8,0.08,0.5,1.0e8,20268.0,0.0,1.0,600.0,0.01297152,estable,11,15294616229087146803,617,474473,0.03240394592285156,,0.1665418597971526,,0.16458167634397114,0.1898870329743545,0.24432294433864854,0.250558257530372,0.21660251756401294,0.25069544679001865,0.29501629852587996,0.3090553472304123,0.26181885007957817,0.3092105166052761,0.3516642204096456,0.36492535534671333,0.28016517398623364,0.3224470518451312,0.37587953681759245,0.3827866676171823
1040,cabecera-peor-caso-16p-150slot,erdos_renyi,100,8,0.08,0.5,1.0e8,20268.0,0.0,1.0,600.0,0.01297152,estable,12,602687329299138224,622,447218,0.05047011375427246,,0.16027314169117912,,0.15960315436859673,0.1892997878082383,0.23891011877560686,0.2500891467852284,0.20996439323268135,0.23672894551043555,0.2799555171910981,0.30486841974800427,0.25517042734381334,0.2780138996123469,0.326365131488501,0.3284085743491687,0.2738561079063402,0.3138554159439195,0.352540483295229,0.35740480329525326
1052,anuncio-techo-4464tx,erdos_renyi,100,8,0.08,0.5,1.0e8,27596.0,0.0,1.0,600.0,0.01766144,estable,1,13029429654622435568,635,480695,0.026493072509765625,,0.17348873112255805,,0.17057406715599654,0.20308615108079398,0.31156639189725865,0.3140564134901638,0.2217588639152268,0.2593702932702513,0.3634353401303514,0.36965705175174435,0.28697680654607893,0.33775310059702246,0.38940158937305114,0.39649942723525555,0.3249194101776993,0.3867802801174207,0.40745742549410124,0.4172459547423557
1052,anuncio-techo-4464tx,erdos_renyi,100,8,0.08,0.5,1.0e8,27596.0,0.0,1.0,600.0,0.01766144,estable,2,5534286723712605220,659,512043,0.03164100646972656,,0.18068488179874598,,0.17704941370497096,0.2118749233794972,0.26757951439952876,0.2936174058890515,0.23774318029961705,0.26909353047722107,0.32720126467859245,0.35188813336526437,0.2937103581280951,0.341311905026064,0.36971285002886134,0.3794992465095106,0.3176926794028532,0.3629265333650977,0.41151854781202246,0.42333374883827446
1052,anuncio-techo-4464tx,erdos_renyi,100,8,0.08,0.5,1.0e8,27596.0,0.0,1.0,600.0,0.01766144,estable,3,8826771324302123348,635,523875,0.030004024505615234,,0.17244060131935032,,0.17051220934928324,0.2053930452585746,0.2817762329443667,0.2915280435113061,0.22243569114033335,0.2568612153906429,0.3444483244471712,0.3523633893217095,0.26728011814736874,0.2919058300469164,0.375305696382668,0.383057147609577,0.2922610818446856,0.34375998163966415,0.37900786674458686,0.3867593179715243
1052,anuncio-techo-4464tx,erdos_renyi,100,8,0.08,0.5,1.0e8,27596.0,0.0,1.0,600.0,0.01766144,estable,4,5525322676595647233,613,488561,0.029875993728637695,,0.17604932976805862,,0.17351388199153917,0.21202418402720014,0.24205455647665985,0.24205455647672292,0.2328545438266474,0.27033799872424424,0.2974779674212016,0.30151295673283585,0.2693062403255908,0.3076317130237385,0.32662295610748515,0.33334243254910234,0.2804728372423142,0.32414647378334394,0.34101185678071033,0.3464630048276831
1052,anuncio-techo-4464tx,erdos_renyi,100,8,0.08,0.5,1.0e8,27596.0,0.0,1.0,600.0,0.01766144,estable,5,9199240557454733888,573,431469,0.02656388282775879,,0.18232654884366173,,0.18316540366066647,0.21054232171479725,0.24722517911385467,0.2627997773098514,0.23923548015126528,0.26708040919061204,0.3046842924468365,0.3239392769091296,0.27742600325075273,0.3067338653552838,0.3829635831956466,0.38501262016279725,0.29456477258554514,0.3310533834396665,0.3887854443365768,0.3887854443368042
1052,anuncio-techo-4464tx,erdos_renyi,100,8,0.08,0.5,1.0e8,27596.0,0.0,1.0,600.0,0.01766144,estable,6,8103514506740688389,613,475075,0.02919316291809082,,0.16794012043699882,,0.162479863431372,0.20547648370637717,0.24829036685692074,0.2562765038402688,0.22126310620787137,0.2639148241373164,0.30410300286311553,0.3138326658874462,0.2570450987664685,0.3007047384699888,0.35291694579140653,0.36070259109061453,0.2735746761806013,0.320942665437542,0.3621394919870369,0.3799707590238768
1052,anuncio-techo-4464tx,erdos_renyi,100,8,0.08,0.5,1.0e8,27596.0,0.0,1.0,600.0,0.01766144,estable,7,7870968797393837717,582,477822,0.08257889747619629,,0.1775051731097361,,0.17414059497139078,0.21607108116921836,0.29475949629437537,0.2965248204798385,0.22910567461144637,0.2745023710525629,0.34508462268727413,0.34877851812282756,0.2804942590756241,0.31535495689763593,0.3772706731152766,0.38065947841505476,0.31559440272587835,0.3592386634375302,0.41089813343691617,0.4108981334369446
1052,anuncio-techo-4464tx,erdos_renyi,100,8,0.08,0.5,1.0e8,27596.0,0.0,1.0,600.0,0.01766144,estable,8,8223618336248926312,654,544782,0.07370996475219727,,0.17400326138017125,,0.1686774175818755,0.1964812833512326,0.3215176407164222,0.33008362491938215,0.2194905007800685,0.24892767254510773,0.37644364816563325,0.3782669729576469,0.29436644724762573,0.35352681619906434,0.4363922278948138,0.43726094643039914,0.3424402525318442,0.3898616518512199,0.43956696794447225,0.4496383078948156
1052,anuncio-techo-4464tx,erdos_renyi,100,8,0.08,0.5,1.0e8,27596.0,0.0,1.0,600.0,0.01766144,estable,9,15956263279214828631,582,495282,0.03521013259887695,,0.16091934603582356,,0.16083597782971992,0.18947312623036794,0.2154493562686639,0.21925667327377596,0.21093873249265016,0.238249361061861,0.2613870834655643,0.26141503183021086,0.24268987771652917,0.27850845570222305,0.2960867207257607,0.296086720725782,0.25286526354060257,0.28704026371383407,0.3218670926800371,0.32186709268023606
1052,anuncio-techo-4464tx,erdos_renyi,100,8,0.08,0.5,1.0e8,27596.0,0.0,1.0,600.0,0.01766144,estable,10,4084229797134167670,593,469063,0.10163497924804688,,0.17543042385571617,,0.17248620629493416,0.20778145173369467,0.2659612945487311,0.27349906538631785,0.23053817372918672,0.2648443751857599,0.3269311383353113,0.3293946028729522,0.28418484174824243,0.33212336598751335,0.38073882512642854,0.3914178130508503,0.30414827172779724,0.3485818785307515,0.4135754153073208,0.4222908867054542
1052,anuncio-techo-4464tx,erdos_renyi,100,8,0.08,0.5,1.0e8,27596.0,0.0,1.0,600.0,0.01766144,estable,11,3062920832960454889,624,496080,0.02582406997680664,,0.1805713676974456,,0.17774632973852,0.21757024879360642,0.2602337390136711,0.26258173621732794,0.23587173544089524,0.27259764740632875,0.315446361730892,0.32087720613122883,0.28328681151495516,0.32274958258705055,0.35793656157767373,0.35793656157767373,0.30096774532495374,0.3434229776384825,0.37314618572565905,0.38829993261860807
1052,anuncio-techo-4464tx,erdos_renyi,100,8,0.08,0.5,1.0e8,27596.0,0.0,1.0,600.0,0.01766144,estable,12,8965200201368590904,605,460405,0.023901939392089844,,0.1835440402153856,,0.1777751213865031,0.21198547711185256,0.3852582444532402,0.3862057452714076,0.2387249773406097,0.2669799759938769,0.4383783508025658,0.44075584205319274,0.2968697203714896,0.3321739848666425,0.4853643121513187,0.48536431215137554,0.40297770405356914,0.45134445072380913,0.5132536676790664,0.5501028425974823
1007,cabecera-1p-1slot,regular,100,8,0.08,0.5,5.967e7,716.0,0.0,1.0,600.0,0.0007679570973688621,estable,1,9486333234514661247,586,469386,0.03288698196411133,,0.14100361033291875,,0.14350561705896325,0.16910484574947304,0.18447954329053573,0.18447954329059257,0.18607282203629438,0.20695471130142096,0.23237622727924645,0.23237622727936014,0.21096921079012532,0.2314531393894299,0.24923258959272232,0.24923258959279337,0.21977141320456894,0.25107026479409456,0.2645731408974257,0.26457314089749673
1007,cabecera-1p-1slot,regular,100,8,0.08,0.5,5.967e7,716.0,0.0,1.0,600.0,0.0007679570973688621,estable,2,12059563073561344313,623,499023,0.02998495101928711,,0.13712893014886593,,0.13504004132636283,0.1626889374821303,0.18812218104235967,0.20130603036187722,0.1803830591352522,0.20445372907289538,0.23665134434554602,0.24021256334225427,0.2173715004822725,0.24154799657111425,0.26518899352373637,0.2651889935239069,0.2258601829436202,0.2544407449437358,0.2691895058522533,0.26918950585229595
1007,cabecera-1p-1slot,regular,100,8,0.08,0.5,5.967e7,716.0,0.0,1.0,600.0,0.0007679570973688621,estable,3,3684795977614715965,624,499824,0.027377843856811523,,0.14510218598397673,,0.1475037662631422,0.16940146591218763,0.19302947176174712,0.1930294717618608,0.19325667790786838,0.21170524912090372,0.23567959521585635,0.23567959521597004,0.21760427577931551,0.24252518585458915,0.2634523773752484,0.2634523773753017,0.22302436335883158,0.24953913006544326,0.2655173256712544,0.2657093149455818
1007,cabecera-1p-1slot,regular,100,8,0.08,0.5,5.967e7,716.0,0.0,1.0,600.0,0.0007679570973688621,estable,4,1972598408558746370,576,461376,0.026589155197143555,,0.1465763081791005,,0.14951974062518048,0.17326585285445617,0.1891971111487578,0.18919711114892834,0.19528420885066744,0.21631919796584498,0.22842523728763808,0.2284252372876665,0.22127810139636495,0.24136963332169614,0.2635067210432567,0.2635067210434272,0.23048623770459642,0.2501962889160154,0.27540652874347415,0.27540652874358784
1007,cabecera-1p-1slot,regular,100,8,0.08,0.5,5.967e7,716.0,0.0,1.0,600.0,0.0007679570973688621,estable,5,13817317432653064666,626,501426,0.027034997940063477,,0.1356521968533732,,0.13473051689541649,0.16466939250972246,0.183445513445065,0.18524752971087294,0.17926517173071943,0.20656373853847754,0.22235465336839866,0.22939272395359467,0.20759082735514767,0.23529525316740774,0.2710243181260239,0.27102431812619443,0.2176029903192429,0.24933187287683722,0.27353317521374265,0.2736291698510058
1007,cabecera-1p-1slot,regular,100,8,0.08,0.5,5.967e7,716.0,0.0,1.0,600.0,0.0007679570973688621,estable,6,11942043779563668786,617,494217,0.026872873306274414,,0.14034331039550124,,0.13940509128008216,0.16778665606005916,0.18172434558196215,0.19015847374474504,0.18533136286299623,0.21313362267295588,0.226660847795074,0.23170398631668832,0.21437678666433158,0.24582778081611423,0.278787597998047,0.27878759799813224,0.22350216061857964,0.25184381002532064,0.2911075109425383,0.29110751094265197
1007,cabecera-1p-1slot,regular,100,8,0.08,0.5,5.967e7,716.0,0.0,1.0,600.0,0.0007679570973688621,estable,7,17692013483467145371,599,479799,0.0878150463104248,,0.14965778526927664,,0.15151960146238252,0.17362295709197895,0.19279354093384882,0.21880004581342405,0.1973528966732374,0.21748216823380861,0.24157429903107186,0.26358124284087125,0.22581011720485833,0.2544903701894441,0.2753981457669852,0.2840505021498245,0.23636019259359387,0.27216853117393214,0.2976437279962738,0.2976437279963875
1007,cabecera-1p-1slot,regular,100,8,0.08,0.5,5.967e7,716.0,0.0,1.0,600.0,0.0007679570973688621,estable,8,4433111016718613524,560,448560,0.0677790641784668,,0.1446313703511213,,0.14135577076984873,0.17085638328717323,0.20719309167326827,0.2071930916732896,0.1904681398283401,0.21475077229206363,0.2452996006300623,0.24529960063011913,0.22300315197168175,0.24907815021316537,0.28864325247681677,0.28864325247690203,0.2368402472840785,0.2688000963277659,0.2942549048316252,0.2942549048316607
1007,cabecera-1p-1slot,regular,100,8,0.08,0.5,5.967e7,716.0,0.0,1.0,600.0,0.0007679570973688621,estable,9,9856250640360316035,578,462978,0.0336308479309082,,0.13173980732977397,,0.1320836979482607,0.15108320428925026,0.17646583697842289,0.17646583697850815,0.17356849050059964,0.19414711318876243,0.2184297527244894,0.21842975272454623,0.19916328663003924,0.22280942083131094,0.2433029278112997,0.24330292781132812,0.20800151672554534,0.23432976060269084,0.2515075562575362,0.2515075562577067
1007,cabecera-1p-1slot,regular,100,8,0.08,0.5,5.967e7,716.0,0.0,1.0,600.0,0.0007679570973688621,estable,10,3903436585667970616,646,517446,0.10822916030883789,,0.14788608604116027,,0.15028878269538382,0.1664618873195991,0.19577730180068453,0.1957773018007174,0.19299143818591347,0.21455382111669508,0.24149630807352196,0.2414963080735788,0.2190498534128409,0.2499002453025696,0.2747926088166537,0.278763913680109,0.22841203527804055,0.26402626532046725,0.2837179248872417,0.2837179248872985
1007,cabecera-1p-1slot,regular,100,8,0.08,0.5,5.967e7,716.0,0.0,1.0,600.0,0.0007679570973688621,estable,11,2868775152574301700,635,508635,0.03429102897644043,,0.1356423241488138,,0.13578390560851972,0.1618590284392667,0.18130753345883477,0.185308245488784,0.17986817933419275,0.20285807445353043,0.23144155804573074,0.23780795974761304,0.2080845001389946,0.235604348339848,0.27065567790447176,0.2706556779046423,0.21911033434460592,0.24922757469170165,0.2760700441166364,0.2760700441168069
1007,cabecera-1p-1slot,regular,100,8,0.08,0.5,5.967e7,716.0,0.0,1.0,600.0,0.0007679570973688621,estable,12,4550763395705517009,580,464580,0.03171086311340332,,0.13418011823760678,,0.1377398002574921,0.15431740533841776,0.1808932543588071,0.18089325435903447,0.1769148721643603,0.19302759212229148,0.21992926405806656,0.2199292640581234,0.20071568126479633,0.2200252586952729,0.24739776734156393,0.2473977673415675,0.2097880363397735,0.2362925374946485,0.2681376162008462,0.2681376162008746
1019,cabecera-4p-1slot,regular,100,8,0.08,0.5,5.967e7,812.0,0.0,1.0,600.0,0.0008709234120998827,estable,1,4741733250435604752,606,485406,0.04137921333312988,,0.146452655229364,,0.1462153373788624,0.17080095211420598,0.19581628968109044,0.19581628968126097,0.19047266549262076,0.2145292283041158,0.24036969670515873,0.24036969670532926,0.21981660745439058,0.24401577783422113,0.26418370150184955,0.2641837015019064,0.2285132690757905,0.25668544016883743,0.2928753965776423,0.2928753965777986
1019,cabecera-4p-1slot,regular,100,8,0.08,0.5,5.967e7,812.0,0.0,1.0,600.0,0.0008709234120998827,estable,2,8928425504818233234,548,438948,0.029103994369506836,,0.13468029656583558,,0.1372716799671707,0.15415102208390863,0.17493448715697468,0.1824474963988223,0.17541971195623773,0.19351833775334626,0.21369999315129462,0.22411118204541935,0.2007469790921732,0.21927773211688972,0.2454795086133572,0.2649219002410348,0.20975642125364402,0.2339418030539946,0.26664566027173464,0.26675452569827485
1019,cabecera-4p-1slot,regular,100,8,0.08,0.5,5.967e7,812.0,0.0,1.0,600.0,0.0008709234120998827,estable,3,1365809736174432816,621,497421,0.03376579284667969,,0.14188537330892723,,0.1397670977101484,0.16697921695897477,0.20191509237787386,0.20191509237815808,0.18521680504034066,0.21207693510251602,0.24496749369487247,0.24496749369495774,0.21547114731603756,0.24785381961197572,0.2765868211350835,0.2768045519877944,0.22807828904655025,0.25535645704303533,0.3280265195915604,0.32824425044475447
1019,cabecera-4p-1slot,regular,100,8,0.08,0.5,5.967e7,812.0,0.0,1.0,600.0,0.0008709234120998827,estable,4,12558203926998755344,571,457371,0.030732154846191406,,0.1427564300559989,,0.1443051466486196,0.16711888287280807,0.19414256986800638,0.1941425698681769,0.18874402200145823,0.20889105174532574,0.23186217197483217,0.23761938717507292,0.2159754654057906,0.23599713522253296,0.24714559314475082,0.25595360623412944,0.2267957574668884,0.24725445857120576,0.2584413906038776,0.25844139060404814
1019,cabecera-4p-1slot,regular,100,8,0.08,0.5,5.967e7,812.0,0.0,1.0,600.0,0.0008709234120998827,estable,5,5310989627380257505,609,487809,0.032943010330200195,,0.13457038563391738,,0.13525178518227676,0.16189855640524797,0.18658599155457978,0.18658599155469346,0.1779515236383986,0.20736516454024922,0.22793543706313812,0.23210565699378094,0.20752955111953497,0.2342504134154808,0.27584356111296415,0.27584356111310626,0.2170744598656711,0.24801835571821584,0.2789999325419217,0.2789999325420922
1019,cabecera-4p-1slot,regular,100,8,0.08,0.5,5.967e7,812.0,0.0,1.0,600.0,0.0008709234120998827,estable,6,7468014553307193268,626,501426,0.054605960845947266,,0.14922663054897461,,0.1512746155875675,0.17382001331827723,0.19609543386133055,0.20526988097458343,0.19682928412811407,0.21911247298082515,0.2349325861498528,0.2398602810724313,0.22802861092628302,0.24632609571636976,0.26419210452138486,0.2641921045214133,0.2359022408564897,0.2613009420616095,0.2719752194241778,0.2719752194243483
1019,cabecera-4p-1slot,regular,100,8,0.08,0.5,5.967e7,812.0,0.0,1.0,600.0,0.0008709234120998827,estable,7,1627094437080679706,587,470187,0.026108980178833008,,0.13881633639817573,,0.13747582386664448,0.16799077835429443,0.18090628251297858,0.18090628251320595,0.17957317292755448,0.20721013197317006,0.22516722783672094,0.22516722783700516,0.20694853714775263,0.24095283851573868,0.2563543693710528,0.2563543693711381,0.21650859588692128,0.24728487526164145,0.26347508227519256,0.26358394770169014
1019,cabecera-4p-1slot,regular,100,8,0.08,0.5,5.967e7,812.0,0.0,1.0,600.0,0.0008709234120998827,estable,8,9745868007504584286,640,512640,0.028088092803955078,,0.1313749895981574,,0.13344693467956148,0.1558133378363209,0.18344620539483003,0.1868884217503819,0.17633351025114052,0.19547238280373946,0.22607454899036838,0.22641702246721707,0.20192604014843596,0.2217492024619503,0.25246382169586923,0.2525080430851858,0.21076845082706086,0.23812056464453235,0.2664782000080095,0.26680479628757325
1019,cabecera-4p-1slot,regular,100,8,0.08,0.5,5.967e7,812.0,0.0,1.0,600.0,0.0008709234120998827,estable,9,739710498430626329,618,495018,0.02783989906311035,,0.12767422541190673,,0.1312414013999259,0.14886265145837285,0.16981282204869785,0.16981282204881154,0.16883788497867158,0.1872167601778969,0.2069039590307966,0.21542673812862745,0.19416732111028523,0.21874238253360545,0.23113999492397852,0.2314470907423356,0.2038380939541753,0.2286622084373846,0.2384941770760136,0.23849417707617704
1019,cabecera-4p-1slot,regular,100,8,0.08,0.5,5.967e7,812.0,0.0,1.0,600.0,0.0008709234120998827,estable,10,5857405073186708422,547,438147,0.025062084197998047,,0.1316130167269251,,0.13479877382815175,0.16042762318985915,0.17937367505834345,0.17937367505835056,0.17641811620146086,0.1971426152431377,0.23119172856097236,0.23119172856098658,0.198916761647979,0.2239267592077141,0.25181868743726454,0.25181868743733204,0.20947334449023458,0.2385531531863876,0.2628053695957533,0.2629142350222651
1019,cabecera-4p-1slot,regular,100,8,0.08,0.5,5.967e7,812.0,0.0,1.0,600.0,0.0008709234120998827,estable,11,630215040691244489,602,482202,0.02764892578125,,0.1361577333302743,,0.13861527250975314,0.15464798907584054,0.18286825701392218,0.1828682570140927,0.17851438938913589,0.19454708702131995,0.2129950309653168,0.21299503096565786,0.2001847075000569,0.21705918982313932,0.23312290569322158,0.23312290569344896,0.2089216305989794,0.2249640735834646,0.24801448019559302,0.2484499419014412
1019,cabecera-4p-1slot,regular,100,8,0.08,0.5,5.967e7,812.0,0.0,1.0,600.0,0.0008709234120998827,estable,12,14034964499147380928,551,441351,0.02524399757385254,,0.14218955916751377,,0.14256821861779656,0.16598125584127388,0.18404380106215967,0.1953021343824446,0.1880434520077756,0.21051625329994295,0.2286706140771173,0.2395696605657065,0.21343801562358067,0.24030284771822608,0.25914917666250403,0.2633131776609048,0.22501920908399597,0.2568262018390328,0.2717756493664183,0.27177564936675935
1031,anuncio-arranque-571tx,regular,100,8,0.08,0.5,5.967e7,4238.0,0.0,1.0,600.0,0.004545533769063181,estable,1,13721903411178819729,565,452565,0.08631014823913574,,0.15775589928270656,,0.1608219694862214,0.18183208956773456,0.1998845667139051,0.2298124476063066,0.2064151662709719,0.23368665659654653,0.2479032245900612,0.2745503948340229,0.2380793139046773,0.26283110894564743,0.2752674748124946,0.30490075172986053,0.2534494780056975,0.28820354225251776,0.3152529330047287,0.3152529330048992
1031,anuncio-arranque-571tx,regular,100,8,0.08,0.5,5.967e7,4238.0,0.0,1.0,600.0,0.004545533769063181,estable,2,5515918763087128221,563,450963,0.06738901138305664,,0.16068441205130224,,0.16285165055154494,0.18668474613514263,0.2007585848937481,0.21145446339846785,0.2101750030303151,0.2353446215327608,0.2563949305816777,0.2600534001056758,0.23879365498873995,0.26398997328701057,0.28798313806683495,0.28798313806683495,0.25325863970363116,0.2774914627593432,0.29167036579900696,0.29172137983904634
1031,anuncio-arranque-571tx,regular,100,8,0.08,0.5,5.967e7,4238.0,0.0,1.0,600.0,0.004545533769063181,estable,3,5504587549220212565,589,471789,0.03313803672790527,,0.14215496859460008,,0.14559409009592628,0.16599806679758444,0.1854066403517578,0.1881436525983986,0.18781940101303007,0.207996653574412,0.2288596854312459,0.22885968543127433,0.21729862387681464,0.23757427537714193,0.2638154775194721,0.2642969879483985,0.22509705058604368,0.24178050470224832,0.2705107691932769,0.27107896091442285
1031,anuncio-arranque-571tx,regular,100,8,0.08,0.5,5.967e7,4238.0,0.0,1.0,600.0,0.004545533769063181,estable,4,6179466856276282316,592,474192,0.09641695022583008,,0.14518488991580147,,0.14624418641682269,0.16336628399449182,0.19876832616803597,0.1987683261681923,0.19174259038385344,0.21120318405610305,0.240653702338534,0.24065370233859085,0.21971122932981757,0.24329105645227855,0.2718476634224345,0.2718476634225908,0.22954337197671748,0.2528759151396329,0.28344146896105826,0.2834414689610867
1031,anuncio-arranque-571tx,regular,100,8,0.08,0.5,5.967e7,4238.0,0.0,1.0,600.0,0.004545533769063181,estable,5,11459838511164878372,608,487008,0.03412008285522461,,0.1423329295904169,,0.14695440481727928,0.16195079624415598,0.1814343308638513,0.18575781865894214,0.18791176247053443,0.20993712064336023,0.22472155307588082,0.24172882060901202,0.21349150662911143,0.23538722508544652,0.2537581006208711,0.2715415634511942,0.2269121710754689,0.24645080984547008,0.279588246037747,0.2801564377588761
1031,anuncio-arranque-571tx,regular,100,8,0.08,0.5,5.967e7,4238.0,0.0,1.0,600.0,0.004545533769063181,estable,6,12351946234809031111,597,478197,0.02867913246154785,,0.142197787336924,,0.1444454566115212,0.16261821144132682,0.19281652261173576,0.1928165226117926,0.18562769762792186,0.2058497830551005,0.2362611999178057,0.23626119991797623,0.21211344971214885,0.24322435442695678,0.2642000353468461,0.2642000353469598,0.22196462813735707,0.25240636896376145,0.27107894716152714,0.271078947161584
1031,anuncio-arranque-571tx,regular,100,8,0.08,0.5,5.967e7,4238.0,0.0,1.0,600.0,0.004545533769063181,estable,7,17774352357751997830,598,478998,0.029141902923583984,,0.13912880220705726,,0.14190495173414774,0.16242419854518175,0.1737970814185701,0.17794022591981218,0.1822032622064853,0.2030130563770456,0.22487014970658947,0.22487014970670316,0.20949457659418158,0.2299829857204827,0.24335382555977247,0.2552442297494508,0.2153865623188267,0.23715263615360982,0.2688432955299902,0.2702481910265533
1031,anuncio-arranque-571tx,regular,100,8,0.08,0.5,5.967e7,4238.0,0.0,1.0,600.0,0.004545533769063181,estable,8,994727653876510924,619,495819,0.028972864151000977,,0.15207348481158178,,0.15543251407416392,0.1767826249990776,0.20900547514111167,0.20900547514133905,0.20095429931541275,0.21995337042443452,0.24808247146359008,0.24808247146364693,0.22554679703000602,0.24664430613046306,0.27061991469724944,0.2710635698904724,0.23658169633902304,0.2552481950772858,0.2795359073938357,0.28600368273180266
1031,anuncio-arranque-571tx,regular,100,8,0.08,0.5,5.967e7,4238.0,0.0,1.0,600.0,0.004545533769063181,estable,9,10747105611298584890,632,506232,0.05196714401245117,,0.15694785190406912,,0.15611000035880807,0.18912067170549562,0.20860405016873074,0.20912326311542984,0.20750979961931648,0.23879034013475575,0.26116302726796903,0.2611630272680685,0.23864463551370818,0.2728522001534657,0.31156584746361204,0.3117407160604557,0.24750652721396893,0.2829304490845459,0.32859371569384166,0.3310400273829259
1031,anuncio-arranque-571tx,regular,100,8,0.08,0.5,5.967e7,4238.0,0.0,1.0,600.0,0.004545533769063181,estable,10,10060120195481987028,582,466182,0.030907869338989258,,0.1423877047768392,,0.14323603303685672,0.16364554888036764,0.18654700397860324,0.20136698758631155,0.18564416339961554,0.2089420940136506,0.2235506159780698,0.24094141954884662,0.21314301265422841,0.2378920188164102,0.24429020250295252,0.26268439298348767,0.22525519114142867,0.2462615639189778,0.27401720044957756,0.27401720044971967
1031,anuncio-arranque-571tx,regular,100,8,0.08,0.5,5.967e7,4238.0,0.0,1.0,600.0,0.004545533769063181,estable,11,5092183976054809028,594,475794,0.03186607360839844,,0.1546394468402593,,0.15828819097643532,0.17583829088744096,0.1971869151347505,0.19718691513492104,0.2039067238699772,0.22207609480989277,0.24070898864199286,0.24380794601120215,0.23015278792991012,0.24563586283966288,0.26235465838720984,0.27260698652443693,0.23733920390071717,0.2576825613737128,0.2773179185604704,0.2808319503737948
1031,anuncio-arranque-571tx,regular,100,8,0.08,0.5,5.967e7,4238.0,0.0,1.0,600.0,0.004545533769063181,estable,12,15729816831247851452,619,495819,0.03352212905883789,,0.14254433412607237,,0.14585163373533305,0.16470367829737143,0.1764757991937813,0.17962130082872818,0.1879685940592708,0.20637425093661932,0.21779230112690584,0.22157537010951955,0.2118797969460502,0.23007059592262635,0.2423570691655641,0.24235706916567779,0.21934454751772137,0.24110412486436417,0.25259205950730035,0.25426892693201353
1043,cabecera-peor-caso-16p-150slot,regular,100,8,0.08,0.5,5.967e7,20268.0,0.0,1.0,600.0,0.021738763197586726,estable,1,3688499435524694210,656,525456,0.03605794906616211,,0.18562361747936473,,0.18520819279380873,0.22055836700059217,0.24259353058994293,0.2635126880430505,0.24149881568615683,0.2746474267289045,0.2973696025854906,0.318237862520391,0.27909111458092184,0.3094163020593612,0.33692084188560045,0.3443256630558267,0.29543347790564667,0.3288920848969141,0.3489282779836316,0.3625150049822423
1043,cabecera-peor-caso-16p-150slot,regular,100,8,0.08,0.5,5.967e7,20268.0,0.0,1.0,600.0,0.021738763197586726,estable,2,3344703335287812019,627,502227,0.034487009048461914,,0.18513791368603863,,0.18866683913256566,0.21342377779541266,0.23636672124922598,0.23775155419264138,0.24120524296642998,0.2688382254981718,0.2939996062920045,0.2966811684521531,0.2764253341063636,0.3039038373726015,0.31677921676873666,0.32706792260478323,0.28929744018546444,0.3161762624319522,0.3349031778082434,0.3429421516057687
1043,cabecera-peor-caso-16p-150slot,regular,100,8,0.08,0.5,5.967e7,20268.0,0.0,1.0,600.0,0.021738763197586726,estable,3,14223681427216834708,601,481401,0.03335404396057129,,0.16744349624826815,,0.17002587392664736,0.1913699722452975,0.2182170663569991,0.2288813613899663,0.2193747257805967,0.24300930277345856,0.2672151367710853,0.282181351053282,0.24922699943977022,0.27322267094153574,0.29707606456207714,0.31098843555994904,0.26319587710884207,0.28810832312731804,0.31910610657210015,0.32897353585832434
1043,cabecera-peor-caso-16p-150slot,regular,100,8,0.08,0.5,5.967e7,20268.0,0.0,1.0,600.0,0.021738763197586726,estable,4,15256504111924958550,642,514242,0.035607099533081055,,0.1832339535729778,,0.1857113724975079,0.20774731326999785,0.2305560904437698,0.23886893165181533,0.2387500432208185,0.2669803654058569,0.2946540391872077,0.29619512718912233,0.27268879207531427,0.30637030399304876,0.33672109555715224,0.3367210955572375,0.2830841929520602,0.32275147065894316,0.34317075014490683,0.3509767198896867
1043,cabecera-peor-caso-16p-150slot,regular,100,8,0.08,0.5,5.967e7,20268.0,0.0,1.0,600.0,0.021738763197586726,estable,5,6898762098709058533,642,514242,0.03624987602233887,,0.18166854646816102,,0.18686453713604578,0.20685371941629516,0.22203611335882556,0.22616887678454134,0.2382641600555928,0.2614217949821409,0.27529262192251736,0.28150819087795753,0.26800506750862496,0.29453611185391537,0.3030071698547374,0.3217653701804011,0.2761933168016668,0.3018897993278813,0.32739703565285794,0.3326061024201685
1043,cabecera-peor-caso-16p-150slot,regular,100,8,0.08,0.5,5.967e7,20268.0,0.0,1.0,600.0,0.021738763197586726,estable,6,16591306883109189290,592,474192,0.03292989730834961,,0.17705857478014755,,0.17981400006920012,0.20603461055486605,0.236046974406122,0.23604697440620726,0.2315700393374982,0.2564133115787399,0.2793980737891957,0.28395789148785866,0.2603720826700453,0.29000052729233516,0.3136866837128309,0.3185949663951817,0.27314219396726,0.3020144723367366,0.31722052005079604,0.33622620111512447
1043,cabecera-peor-caso-16p-150slot,regular,100,8,0.08,0.5,5.967e7,20268.0,0.0,1.0,600.0,0.021738763197586726,estable,7,3868142624886763404,635,508635,0.034857988357543945,,0.16153749130123604,,0.16215559484331266,0.18287656279978393,0.2044330508427734,0.23393735257070603,0.20958907760825696,0.23233986577585597,0.2598048938449722,0.2812179371765069,0.24170743761669655,0.26575894095424246,0.2928879139828382,0.3100438636311651,0.25562519031188913,0.29036414018020196,0.31457097625150254,0.3239146795789217
1043,cabecera-peor-caso-16p-150slot,regular,100,8,0.08,0.5,5.967e7,20268.0,0.0,1.0,600.0,0.021738763197586726,estable,8,14131753877495716906,633,507033,0.0344548225402832,,0.17518316835562506,,0.18115884815694017,0.19281958129190002,0.2174420802593886,0.21859261400861385,0.23115051403848952,0.24706478987729952,0.2650788285911858,0.27482438609354176,0.25962917109620776,0.27957117253953356,0.2986836867324314,0.30485895772702243,0.26774432357115074,0.29154094565456035,0.30548113191963466,0.31122737915748644
1043,cabecera-peor-caso-16p-150slot,regular,100,8,0.08,0.5,5.967e7,20268.0,0.0,1.0,600.0,0.021738763197586726,estable,9,16330282992635101918,640,512640,0.03403019905090332,,0.1671554667981607,,0.1706107169650295,0.19408038691244656,0.20435835187815599,0.21917785768323483,0.22125583245792768,0.24559981459134406,0.25737301454580575,0.2631162659619122,0.24768282851596268,0.274815409648582,0.2867587661127118,0.28901400844540603,0.25812401987161593,0.28291193377333457,0.3012800087537819,0.30441122418496036
1043,cabecera-peor-caso-16p-150slot,regular,100,8,0.08,0.5,5.967e7,20268.0,0.0,1.0,600.0,0.021738763197586726,estable,10,1170582436718514030,587,470187,0.030520915985107422,,0.17997070157022155,,0.18507364474464794,0.20800882368109797,0.23428694698696972,0.2353352835452256,0.23662539138295902,0.25796793855298716,0.2803739774863061,0.2864055197370874,0.2675836378372196,0.2878646883075504,0.3173250914073833,0.3199028223895084,0.2782534835379238,0.3018158294805744,0.33115566777939875,0.34047939196332777
1043,cabecera-peor-caso-16p-150slot,regular,100,8,0.08,0.5,5.967e7,20268.0,0.0,1.0,600.0,0.021738763197586726,estable,11,14073936173390348235,561,449361,0.024441003799438477,,0.18358770772515962,,0.1820005308261443,0.22170971424228014,0.25948384996161167,0.2594838499616401,0.2402729469677638,0.2763008510088998,0.3093535722097158,0.31042080713470455,0.2797919104065727,0.31382315199812183,0.3549278102755693,0.35769049471119274,0.296471485640609,0.3306945752282786,0.3696632504374975,0.37868116689386966
1043,cabecera-peor-caso-16p-150slot,regular,100,8,0.08,0.5,5.967e7,20268.0,0.0,1.0,600.0,0.021738763197586726,estable,12,9037651080177446468,582,466182,0.02496194839477539,,0.1887094752394656,,0.1895641730536397,0.21414632836342662,0.253314750647462,0.260280572511121,0.24413031035282984,0.2696275778538393,0.3072283225500314,0.3073164619280817,0.27935887736617815,0.3024605083921319,0.32717431776376316,0.33792433951968803,0.28998414410318674,0.3197131833361482,0.3444722126433817,0.35784848466767016
1055,anuncio-techo-4464tx,regular,100,8,0.08,0.5,5.967e7,27596.0,0.0,1.0,600.0,0.029598525222054632,estable,1,3547831605139460187,594,475794,0.025150060653686523,,0.19189282166557828,,0.19462499152263035,0.21973077211850978,0.2520652400486938,0.2577991263032118,0.25262286037366266,0.2759440749888995,0.31104763535506663,0.3127487607042667,0.28685512993303064,0.3066778881789105,0.35257656870771825,0.35693924558654544,0.2975115203703922,0.3354402693518068,0.3598897421323386,0.37344084751669016
1055,anuncio-techo-4464tx,regular,100,8,0.08,0.5,5.967e7,27596.0,0.0,1.0,600.0,0.029598525222054632,estable,2,17987351892967339406,630,504630,0.028100967407226562,,0.1935848161353136,,0.19767851346256293,0.22347822090898717,0.23576570123822194,0.2568160556151611,0.2536990355531543,0.2771105081265546,0.2955702153798967,0.30744569494584084,0.2860605633880198,0.30587583564022225,0.3239241231743222,0.3533059397298075,0.29564854324115686,0.3202243075215563,0.33292972433616796,0.3566988402955644
1055,anuncio-techo-4464tx,regular,100,8,0.08,0.5,5.967e7,27596.0,0.0,1.0,600.0,0.029598525222054632,estable,3,14286157680726794797,605,484605,0.046525001525878906,,0.2116568949141359,,0.21311508229757692,0.2410819852210011,0.28906570335831816,0.29566752383993844,0.2728825890911537,0.3012572146970456,0.3425196492113116,0.3578299787703827,0.31612253120735545,0.34513316879491995,0.3889639091913182,0.3997788651802523,0.3284424144637885,0.37041868858133853,0.41403374080545063,0.42467963823054333
1055,anuncio-techo-4464tx,regular,100,8,0.08,0.5,5.967e7,27596.0,0.0,1.0,600.0,0.029598525222054632,estable,4,17086342325390189310,594,475794,0.029757022857666016,,0.18833283071306464,,0.19042001943557807,0.21238152816130196,0.2527863260491472,0.26410847938120696,0.2493381603694047,0.2721766035306814,0.3039041423603521,0.3154708866828173,0.28383502098148483,0.3051957827477132,0.339508254061343,0.3510036768105351,0.29638065058890106,0.3273497721896348,0.38249114009659024,0.3894384001465596
1055,anuncio-techo-4464tx,regular,100,8,0.08,0.5,5.967e7,27596.0,0.0,1.0,600.0,0.029598525222054632,estable,5,14317253175592030751,597,478197,0.026018142700195312,,0.1982933802944258,,0.2012602848533902,0.2320567218981182,0.2646905793808827,0.2725679180828138,0.2585209388429348,0.2887667098630544,0.31971902048388756,0.3250724856284677,0.29554820914967195,0.323357628093504,0.34177949108956795,0.35057635211660454,0.30940605589432835,0.34055971294975507,0.3828987550321017,0.4021762204264405
1055,anuncio-techo-4464tx,regular,100,8,0.08,0.5,5.967e7,27596.0,0.0,1.0,600.0,0.029598525222054632,estable,6,10657412036931857064,612,490212,0.02635478973388672,,0.19551342965422366,,0.19749915835200227,0.22720744592578512,0.2423357460829152,0.25863948311547347,0.25579903238710244,0.2827587740653712,0.30374537468753715,0.3200491117200954,0.2922950935515587,0.3188879167402092,0.3326812573744462,0.34898499440708974,0.3059643873862683,0.3319173069073713,0.36763246054465526,0.38393619757721353
1055,anuncio-techo-4464tx,regular,100,8,0.08,0.5,5.967e7,27596.0,0.0,1.0,600.0,0.029598525222054632,estable,7,11325731604538091775,616,493416,0.027053117752075195,,0.1873586530558277,,0.18828858521237635,0.2188158824585571,0.24357270234622774,0.25834095935283585,0.24555242156480972,0.27019796859002554,0.3047897838017164,0.31574375665900334,0.279337607987145,0.3078169670167199,0.3326280301660063,0.34157572581966633,0.28890320120922297,0.3268432036172726,0.351481541429564,0.3631767973439537
1055,anuncio-techo-4464tx,regular,100,8,0.08,0.5,5.967e7,27596.0,0.0,1.0,600.0,0.029598525222054632,estable,8,5204116100313154722,602,482202,0.02680492401123047,,0.18772884511946888,,0.19087780145605393,0.21502202193735798,0.2560265451134569,0.2606123596136172,0.24336078591569787,0.26574819182928877,0.3025992745267061,0.3138467984866793,0.2798029996212108,0.3042196874387457,0.3280676879518367,0.33771521634384527,0.29172607560751374,0.3179051867217737,0.36473000668260624,0.36473000668263467
1055,anuncio-techo-4464tx,regular,100,8,0.08,0.5,5.967e7,27596.0,0.0,1.0,600.0,0.029598525222054632,estable,9,16116051006731938199,574,459774,0.03436684608459473,,0.20230725283133982,,0.20430964709026966,0.2358856332924688,0.2786485307393036,0.27873146460299836,0.26283954847971813,0.2951755164993557,0.33624550246895524,0.33624550246895524,0.3028700685090371,0.34131154569723776,0.3682124954607744,0.3766052154037425,0.3193883384960259,0.3644497760481613,0.3862088519215199,0.3960817069644236
1055,anuncio-techo-4464tx,regular,100,8,0.08,0.5,5.967e7,27596.0,0.0,1.0,600.0,0.029598525222054632,estable,10,9945754165634180830,576,461376,0.025725126266479492,,0.18647208162716822,,0.1904122130042083,0.2115857270892718,0.22961528537518916,0.24452026282828854,0.24175768563702604,0.2684398182588552,0.2869066595753509,0.3060798973374972,0.2759555582180866,0.3118241409325524,0.32960845504283043,0.33700808634829116,0.28486414389402626,0.3181183058412955,0.3404400553790623,0.37632831987383497
1055,anuncio-techo-4464tx,regular,100,8,0.08,0.5,5.967e7,27596.0,0.0,1.0,600.0,0.029598525222054632,estable,11,14045138748189942155,648,519048,0.027946949005126953,,0.19167891493438782,,0.19361710388803033,0.21714311317202828,0.23034714513875088,0.2497393842247675,0.2492791618454362,0.27234677409217056,0.29276898309092303,0.32059662537017175,0.283253047313309,0.3167977449288628,0.33772041300994715,0.3424450916073738,0.29157718342759154,0.32875371848183477,0.3600388442785061,0.3713418585292061
1055,anuncio-techo-4464tx,regular,100,8,0.08,0.5,5.967e7,27596.0,0.0,1.0,600.0,0.029598525222054632,estable,12,13775887862474346171,621,497421,0.028606891632080078,,0.18910412583053754,,0.19377234000052113,0.21547306519021703,0.23804437287424207,0.2491811833651809,0.24776175025567682,0.2754119222955147,0.2974192342049946,0.30901965139969434,0.2797967914452215,0.3047373359792118,0.3253650745792811,0.3456539438956625,0.2929413370695215,0.32145095288012726,0.34565394389574067,0.3687401387199145
1001,cabecera-1p-1slot,regular,100,8,0.08,0.5,1.0e8,716.0,0.0,1.0,600.0,0.00045824,estable,1,8819179191604431485,622,498222,0.08974385261535645,,0.13973084696269014,,0.13910342685664645,0.1665198756263635,0.19123977203594222,0.21275198480066138,0.1845172156677961,0.21426413995351368,0.2385044905166751,0.25158844982206574,0.21564736652781846,0.24646870911550423,0.2658441098781168,0.28867394327323836,0.23292902940202964,0.2590040260963562,0.2903135390199765,0.29031353902007595
1001,cabecera-1p-1slot,regular,100,8,0.08,0.5,1.0e8,716.0,0.0,1.0,600.0,0.00045824,estable,2,4630733994570152608,654,523854,0.07419395446777344,,0.13206163032630566,,0.13192389663299764,0.15386101347769454,0.17383348418485411,0.1742725810683865,0.175320661886758,0.1959892906831442,0.2147669128273293,0.21476691282737193,0.20029653988063956,0.2212349048445077,0.23246914512435524,0.2327555451243839,0.21078192747071967,0.2281400936468856,0.24724449945108518,0.24730177945122023
1001,cabecera-1p-1slot,regular,100,8,0.08,0.5,1.0e8,716.0,0.0,1.0,600.0,0.00045824,estable,3,13282564593327405815,568,454968,0.03722500801086426,,0.1360409881185915,,0.1382397789265113,0.1622277031507906,0.195155344972477,0.1951553449725445,0.18070515245437946,0.20280322114959404,0.23602055180663228,0.23602055180663584,0.20856189936290548,0.2285924656710563,0.27539676434724925,0.2753967643473061,0.21913683400228479,0.24705204885901821,0.28471363759487645,0.2848854775950258
1001,cabecera-1p-1slot,regular,100,8,0.08,0.5,1.0e8,716.0,0.0,1.0,600.0,0.00045824,estable,4,9202193044154618516,587,470187,0.09232282638549805,,0.14652074261451334,,0.14981470167671773,0.17367239254983247,0.18735339025715803,0.18735339025715803,0.19196624433295995,0.213974536681377,0.22995241669860889,0.2307674313562984,0.21890751288674437,0.23842646716110494,0.25409498575527323,0.25681193756690845,0.23000969669863025,0.25176826700757715,0.2568119375669369,0.2668014468652018
1001,cabecera-1p-1slot,regular,100,8,0.08,0.5,1.0e8,716.0,0.0,1.0,600.0,0.00045824,estable,5,15829017431836751192,595,476595,0.025570154190063477,,0.1440071352628985,,0.14123707416143816,0.17716624569118267,0.22083460923236498,0.22097142766233446,0.1869496217369715,0.22344912150151686,0.2622496958765055,0.2622496958765623,0.2264317695001523,0.25615586893059117,0.2872772779107322,0.2872772779108743,0.2417646537226119,0.27868856620762017,0.3021894768168636,0.3021894768169062
1001,cabecera-1p-1slot,regular,100,8,0.08,0.5,1.0e8,716.0,0.0,1.0,600.0,0.00045824,estable,6,8411886034414688192,607,486207,0.026664018630981445,,0.13486634810628684,,0.1369900983822845,0.15858530087302825,0.18957241172404338,0.1933609532876801,0.17815982201585712,0.19795492078452526,0.2326639573403071,0.234223218836064,0.20487919043341662,0.22777504623584832,0.2508504203508721,0.2657305184438883,0.21824226494436516,0.2447464014961156,0.26648657743575654,0.26648657743578497
1001,cabecera-1p-1slot,regular,100,8,0.08,0.5,1.0e8,716.0,0.0,1.0,600.0,0.00045824,estable,7,16198759253815243133,604,483804,0.026521921157836914,,0.1442443348332872,,0.14394616123331616,0.17167503578982846,0.19740071785361124,0.20267175974356633,0.1898586124769963,0.2156250659430725,0.23948200722026058,0.24658737990466761,0.22149337653815593,0.2481674107138474,0.2648783574595086,0.27015011080209206,0.23296447969505607,0.2573290538194897,0.28413880290827365,0.28413880290838733
1001,cabecera-1p-1slot,regular,100,8,0.08,0.5,1.0e8,716.0,0.0,1.0,600.0,0.00045824,estable,8,14665316045427869290,551,441351,0.024866104125976562,,0.1464252119861858,,0.1459818396165531,0.17111244932539194,0.18542943788891364,0.20657872614333428,0.1925967038386034,0.21903414488504325,0.23709870295414248,0.24574944716848535,0.21988936217184119,0.2515501942524452,0.2672911913988969,0.2724557377916881,0.23313547608262297,0.25709998708754256,0.27262946077075867,0.27747099113845763
1001,cabecera-1p-1slot,regular,100,8,0.08,0.5,1.0e8,716.0,0.0,1.0,600.0,0.00045824,estable,9,11479029416890195423,606,485406,0.05012392997741699,,0.13596584753890656,,0.13884940420018665,0.1568157996549644,0.18040742086185446,0.19047061893104456,0.17805532750753628,0.19981848306349548,0.22197878308936225,0.2335921487576229,0.20540935493278312,0.23335268328378334,0.2549770057550518,0.2622253034678579,0.21619319016029692,0.24364786787805315,0.27043990471258894,0.2704399047126458
1001,cabecera-1p-1slot,regular,100,8,0.08,0.5,1.0e8,716.0,0.0,1.0,600.0,0.00045824,estable,10,8415002322143368139,638,511038,0.033167123794555664,,0.14724549351367303,,0.14893259841085182,0.1686237935465158,0.1954793246927693,0.22988835889000825,0.19329739410068214,0.20985141688646536,0.23582642772697682,0.2818503127548979,0.2235720535254586,0.24451071666433677,0.2618172030194046,0.299278037866884,0.24259995390971767,0.28246850746224084,0.3103857727529089,0.31055761275291616
1001,cabecera-1p-1slot,regular,100,8,0.08,0.5,1.0e8,716.0,0.0,1.0,600.0,0.00045824,estable,11,12645531805385713728,617,494217,0.032134056091308594,,0.13679517320449086,,0.1355956560830407,0.16353085528191968,0.17658353914911729,0.20506648431495478,0.18158620933400016,0.20712837888123659,0.22383270298470848,0.2504380818023151,0.211022103494372,0.23907216978719248,0.2522391924885312,0.26602695325118475,0.22346699733560627,0.25195490554381195,0.28076168027826043,0.2809908002783459
1001,cabecera-1p-1slot,regular,100,8,0.08,0.5,1.0e8,716.0,0.0,1.0,600.0,0.00045824,estable,12,13596014237409854733,613,491013,0.03173685073852539,,0.13766592803253125,,0.13734276854165728,0.16000156695528744,0.18364066594460837,0.1836406659446368,0.1820030083742239,0.19994365621829502,0.22511068194103245,0.22511068194125983,0.2050917996419912,0.2325656785288004,0.25164944879657014,0.2527058555122039,0.21660995524513282,0.24504762992671658,0.2676478029518421,0.26764780295189894
1013,cabecera-4p-1slot,regular,100,8,0.08,0.5,1.0e8,812.0,0.0,1.0,600.0,0.00051968,estable,1,1507039447296399413,628,503028,0.04935908317565918,,0.1429162697651695,,0.14135462960052791,0.1673743494845894,0.24094370416131028,0.2409437041613387,0.18658698605284485,0.2188335355692601,0.277177916056047,0.27717791605607545,0.2211091465163122,0.25106168399258877,0.31439940978189895,0.3143994097819416,0.24865256023586113,0.2816653268551761,0.32312763650440957,0.3231276365044238
1013,cabecera-4p-1slot,regular,100,8,0.08,0.5,1.0e8,812.0,0.0,1.0,600.0,0.00051968,estable,2,13095805287431674976,630,504630,0.029211997985839844,,0.14076506481745155,,0.14431788760953168,0.16163784825818084,0.1769301292629848,0.18202481529527859,0.18546109657899024,0.1997754115442376,0.22537546288414845,0.22710078840512438,0.2091657305476966,0.2350040146446304,0.2453516092459722,0.24633903154114023,0.22249777153101036,0.24178299826144212,0.25533657133829024,0.2555964113383311
1013,cabecera-4p-1slot,regular,100,8,0.08,0.5,1.0e8,812.0,0.0,1.0,600.0,0.00051968,estable,3,16481689427624856579,570,456570,0.026530981063842773,,0.13407565588586398,,0.13469005353479702,0.16071460017053596,0.1737612991573485,0.17376129915737692,0.1761173091117456,0.2025160557772665,0.21293387399884978,0.2145222810188443,0.20317546998694525,0.2224782089675621,0.24157901721358144,0.24157901721360986,0.21020194596110287,0.23527537719661495,0.2476043821903886,0.24760438219044545
1013,cabecera-4p-1slot,regular,100,8,0.08,0.5,1.0e8,812.0,0.0,1.0,600.0,0.00051968,estable,4,4820378082393719179,580,464580,0.027318954467773438,,0.1284889623921005,,0.1265137017202278,0.15220707467051398,0.18480143110690506,0.24961483113929717,0.16698040215152332,0.19354493396531325,0.216377800196085,0.2825597595263787,0.20211353826218215,0.22915503943767135,0.2587617777632545,0.3032729094314277,0.2548698980451434,0.28776924242583846,0.30875095607657954,0.30888087607667103
1013,cabecera-4p-1slot,regular,100,8,0.08,0.5,1.0e8,812.0,0.0,1.0,600.0,0.00051968,estable,5,4718186710694128170,608,487008,0.028597116470336914,,0.13955652726841475,,0.1399364028129746,0.16569854473286227,0.18441874866346097,0.18540494701043997,0.18121737710418984,0.2058165264349725,0.22551495796210475,0.2270871289145333,0.20998162231194328,0.2392486346898579,0.2620044353813853,0.2620044353814137,0.2201973888751354,0.25944942310658803,0.26986612781290376,0.27012596781310094
1013,cabecera-4p-1slot,regular,100,8,0.08,0.5,1.0e8,812.0,0.0,1.0,600.0,0.00051968,estable,6,2468827528165982848,581,465381,0.026707887649536133,,0.1359533626926548,,0.13732743339738818,0.1549356309871257,0.17228455008620358,0.18843667331748293,0.17725980504496874,0.1951573893985028,0.21565081217102033,0.23181033548934238,0.20094098185370513,0.22317321557187597,0.24545407000761088,0.2608346325165485,0.21158591788923786,0.2411323148483575,0.26606631560514415,0.2662611956051819
1013,cabecera-4p-1slot,regular,100,8,0.08,0.5,1.0e8,812.0,0.0,1.0,600.0,0.00051968,estable,7,6671428147293337827,591,473391,0.030183792114257812,,0.1392135216034397,,0.1421021517108727,0.16345401320815256,0.1906650976700348,0.19066509767009165,0.18583534983895333,0.20578074548834024,0.24081109765324982,0.24081109765330666,0.21219089622758247,0.22860849898415836,0.2607652719831606,0.260765271983189,0.22123428187262562,0.24771951593493213,0.26253262984923253,0.2626625498492672
1013,cabecera-4p-1slot,regular,100,8,0.08,0.5,1.0e8,812.0,0.0,1.0,600.0,0.00051968,estable,8,7516637937187400501,612,490212,0.028817176818847656,,0.14174604649594857,,0.14380715103919783,0.16453014913560082,0.18190601708141685,0.19653151795137092,0.18571435436658135,0.20698368481680518,0.22584586700014597,0.23317824376374574,0.2138038270513789,0.23406655991203706,0.2748077487169098,0.27480774871693825,0.22192907050498434,0.25479969188677387,0.28777704234519774,0.28777704234522616
1013,cabecera-4p-1slot,regular,100,8,0.08,0.5,1.0e8,812.0,0.0,1.0,600.0,0.00051968,estable,9,17950568056440074110,567,454167,0.02822089195251465,,0.13256045400852487,,0.1349850774062702,0.15991265035916058,0.18723232697198,0.18723232697203684,0.17648541520791383,0.20206636405805511,0.23138183921241762,0.23138183921247446,0.20206636405805511,0.23129003547938964,0.2548229466476357,0.254822946647721,0.21099311969715018,0.2401888170651887,0.25575789968601725,0.2557578996860457
1013,cabecera-4p-1slot,regular,100,8,0.08,0.5,1.0e8,812.0,0.0,1.0,600.0,0.00051968,estable,10,9664927994161084044,620,496620,0.03030109405517578,,0.13931208982246343,,0.14003056083208776,0.17335637709081197,0.18325725992747266,0.1928615818111865,0.1823110336820264,0.21527775054616072,0.22882529680384778,0.22882529680384778,0.21026971363026803,0.24245252348246993,0.25890190799287893,0.25890190799287893,0.21962537395705795,0.2490414471941449,0.2699426791867836,0.2699426791868227
1013,cabecera-4p-1slot,regular,100,8,0.08,0.5,1.0e8,812.0,0.0,1.0,600.0,0.00051968,estable,11,907275726649690313,635,508635,0.029443025588989258,,0.15018277678728406,,0.15383750846251587,0.17210608897531898,0.20280288724623574,0.2028028872464347,0.1970476413987967,0.21821539631469022,0.2430999657538564,0.24309996575391324,0.22380550963318768,0.2529206836465505,0.2766259571760088,0.2766259571761793,0.23563775023103517,0.2592136489599852,0.2766457241433784,0.27684060414338774
1013,cabecera-4p-1slot,regular,100,8,0.08,0.5,1.0e8,812.0,0.0,1.0,600.0,0.00051968,estable,12,17843237450616817503,613,491013,0.028859853744506836,,0.126947820569752,,0.12835642982497575,0.1507518741578906,0.17270385275725175,0.181614040961108,0.167830913887542,0.1934799543828376,0.21125142897363958,0.212532767934988,0.19702836331669005,0.2213087511130425,0.23984352557846478,0.2516459460346141,0.2056898277653545,0.2357153073861582,0.2615722581255113,0.2617021781255744
1025,anuncio-arranque-571tx,regular,100,8,0.08,0.5,1.0e8,4238.0,0.0,1.0,600.0,0.00271232,estable,1,4693865824042254931,597,478197,0.02542901039123535,,0.14862924702257227,,0.15038071652611507,0.17834710419782596,0.19009281840003212,0.19771689649169844,0.19918743887313894,0.22333137861505747,0.2438953285142702,0.24396672905629657,0.22698212699901887,0.2503585237409425,0.2773811717783019,0.27738117177835875,0.23609589735008285,0.2632183980700802,0.2847130142406513,0.2866481890673924
1025,anuncio-arranque-571tx,regular,100,8,0.08,0.5,1.0e8,4238.0,0.0,1.0,600.0,0.00271232,estable,2,15114458051680224192,600,480600,0.02561783790588379,,0.138699828061585,,0.1390636253025832,0.16361375360969532,0.18422731704131934,0.19266637858054025,0.1806474068839634,0.20289636506350917,0.22838524641400682,0.23324963948705602,0.20793295539036194,0.2306410079812622,0.25917126861384077,0.2681701027386394,0.2216601633124924,0.24140347051195477,0.28293368026413646,0.2832727202641667
1025,anuncio-arranque-571tx,regular,100,8,0.08,0.5,1.0e8,4238.0,0.0,1.0,600.0,0.00271232,estable,3,8446332564849748649,586,469386,0.026002883911132812,,0.13635617248531762,,0.13274071534550558,0.16714292521322704,0.20293280261336122,0.2029328026134607,0.17907030171473792,0.2080392762456995,0.2411274989216281,0.24112749892169916,0.20937373981487895,0.2349851161175316,0.27216617757613903,0.2721661775762385,0.22355716012839366,0.2513249384647338,0.28427053537888014,0.2852040876387605
1025,anuncio-arranque-571tx,regular,100,8,0.08,0.5,1.0e8,4238.0,0.0,1.0,600.0,0.00271232,estable,4,12665052866163950131,570,456570,0.05040788650512695,,0.13799598886567116,,0.13872428937028758,0.16527557953147465,0.1799741521808471,0.18848993570702532,0.18197282788187863,0.20847330409151255,0.2274191311454956,0.22910401072923037,0.21095165089880652,0.2375894069318747,0.2518635801292817,0.25323175796731334,0.21856727744034288,0.24453808490834206,0.25653357368611296,0.2565335736861982
1025,anuncio-arranque-571tx,regular,100,8,0.08,0.5,1.0e8,4238.0,0.0,1.0,600.0,0.00271232,estable,5,8849382549686870586,616,493416,0.03288602828979492,,0.14545237622775944,,0.1476201807508737,0.1722845541607967,0.1834376533618638,0.19767602222756864,0.1942495264011086,0.21403279248295348,0.23953588166267537,0.239535881662718,0.21926324115064233,0.23972362853498907,0.2555074676703839,0.2753604507926184,0.23406472856186156,0.2526656821993072,0.2792941964070792,0.27929419640710806
1025,anuncio-arranque-571tx,regular,100,8,0.08,0.5,1.0e8,4238.0,0.0,1.0,600.0,0.00271232,estable,6,17222639218760687125,597,478197,0.031599998474121094,,0.14323339019678594,,0.14589207855885888,0.17030344571264777,0.18347773841446724,0.2070323741087492,0.1887501084063956,0.21882708627204295,0.2330579190311255,0.2472391706578776,0.21588506484209802,0.2449881084446588,0.26274645159124077,0.2704103354783456,0.23012884425440916,0.2588002160441647,0.2707493754783741,0.2829139366921112
1025,anuncio-arranque-571tx,regular,100,8,0.08,0.5,1.0e8,4238.0,0.0,1.0,600.0,0.00271232,estable,7,4098703608715180155,589,471789,0.03172779083251953,,0.14140425067198548,,0.14277069532519704,0.1653660687460956,0.18840587107888496,0.1894349572252807,0.1876271039043047,0.2060554994377526,0.23104685697745708,0.23104685697754235,0.2125594406568183,0.24130254512169813,0.25583531784849356,0.2558353178486641,0.22268034600915598,0.25005600059046174,0.26057667773810067,0.2605766777381078
1025,anuncio-arranque-571tx,regular,100,8,0.08,0.5,1.0e8,4238.0,0.0,1.0,600.0,0.00271232,estable,8,8520944471124676256,605,484605,0.04103422164916992,,0.1549888910987501,,0.1530983862897699,0.18043107162432648,0.22939045105931655,0.2362150338161655,0.19977389800862966,0.23293912739302414,0.27571187395346897,0.2858122163644623,0.24074399087072607,0.27197793705869344,0.31880825146220104,0.3188082514622619,0.25797054265918007,0.29408283911777744,0.34814244806423833,0.34915956806423765
1025,anuncio-arranque-571tx,regular,100,8,0.08,0.5,1.0e8,4238.0,0.0,1.0,600.0,0.00271232,estable,9,2147851593619924334,643,515043,0.03465890884399414,,0.14980342559072926,,0.14956302582689318,0.18151300724738917,0.2120450221897272,0.21264343177301726,0.1934732252398419,0.22561776259414046,0.2516024643474566,0.2520465857285217,0.22572315787597574,0.2586201864115196,0.2811817704331361,0.28118177043320713,0.2373643417212179,0.2702508795821359,0.3017541608364809,0.30243224083642417
1025,anuncio-arranque-571tx,regular,100,8,0.08,0.5,1.0e8,4238.0,0.0,1.0,600.0,0.00271232,estable,10,8956090043142083738,605,484605,0.03339695930480957,,0.13533527083933355,,0.13425804730707114,0.1589976482282509,0.19481758519725645,0.19600501983637741,0.1777781735240751,0.19719311847416066,0.23478758607336658,0.23597502071248755,0.21029577943556887,0.23975728425676834,0.27500851318626474,0.2761959478253857,0.2204961583238969,0.2502819754200516,0.2794532177234714,0.2806406523625924
1025,anuncio-arranque-571tx,regular,100,8,0.08,0.5,1.0e8,4238.0,0.0,1.0,600.0,0.00271232,estable,11,2721577010177989320,608,487008,0.033349037170410156,,0.13255297154734386,,0.1330863316061368,0.15595423231457772,0.18877870072998348,0.20645629090020634,0.1750006578485852,0.19817972674621842,0.23033334186931143,0.24946962265961048,0.20645629089995055,0.2395259146676949,0.25070252297052775,0.2728924026131381,0.22303056394002851,0.2529118484742128,0.27328218421826733,0.27330234949446464
1025,anuncio-arranque-571tx,regular,100,8,0.08,0.5,1.0e8,4238.0,0.0,1.0,600.0,0.00271232,estable,12,3418939169761227927,594,475794,0.03171491622924805,,0.14665122406780537,,0.14781850511059247,0.17228364290895115,0.19027495742983547,0.1902749574298923,0.19267750601282074,0.22001665354372335,0.2402295121194129,0.24022951211951238,0.2221871775969646,0.2479875637621376,0.28294226068572925,0.2829422606857861,0.23082375773458352,0.2651199928853316,0.2870628855101245,0.28706288551020975
1037,cabecera-peor-caso-16p-150slot,regular,100,8,0.08,0.5,1.0e8,20268.0,0.0,1.0,600.0,0.01297152,estable,1,11324626868620929257,618,495018,0.03529787063598633,,0.16762715484938592,,0.17251374454360757,0.19140677804918482,0.21265054272595307,0.21485784543392583,0.22038737930020602,0.24044324858337518,0.2633014221642611,0.2636838162910635,0.24956762719938297,0.27624560011479105,0.2892928578899898,0.2916404452836332,0.2589503016498611,0.2890540842610676,0.2962954256745718,0.3034389898327845
1037,cabecera-peor-caso-16p-150slot,regular,100,8,0.08,0.5,1.0e8,20268.0,0.0,1.0,600.0,0.01297152,estable,2,14508144157780949028,571,457371,0.031905174255371094,,0.16578583309583433,,0.16884802693152778,0.19142652933186355,0.21860287108330567,0.22132234262369366,0.21982965288702871,0.23926530258756884,0.26906524813352917,0.2691015991650829,0.24781166444029168,0.2704593902994361,0.2854027983875653,0.2854027983875653,0.26136218707162584,0.2843444885113229,0.30785702808145743,0.308667612057377
1037,cabecera-peor-caso-16p-150slot,regular,100,8,0.08,0.5,1.0e8,20268.0,0.0,1.0,600.0,0.01297152,estable,3,16788767046041475908,583,466983,0.03263092041015625,,0.15434063766161266,,0.1580444149093969,0.177971324838893,0.2094550620303437,0.20945506203037212,0.20170475927051257,0.22952744928821733,0.2568934437803989,0.2568934437804842,0.23390102441425142,0.25481380615207483,0.2946866022020913,0.29468660220211973,0.2430343753828339,0.2701592484339699,0.3055388154278944,0.3055388154280081
1037,cabecera-peor-caso-16p-150slot,regular,100,8,0.08,0.5,1.0e8,20268.0,0.0,1.0,600.0,0.01297152,estable,4,4584931022462914872,605,484605,0.03338909149169922,,0.1640633082345058,,0.16850241864113968,0.18997464117609297,0.20903312295786236,0.20903312295789078,0.21658338335475946,0.24059135467626902,0.25168403594841493,0.2533291180891979,0.24422335313249732,0.26419491359035874,0.2863472783293446,0.29618879588053915,0.25403140649119393,0.27860181731546163,0.2961887958802123,0.30647215108365344
1037,cabecera-peor-caso-16p-150slot,regular,100,8,0.08,0.5,1.0e8,20268.0,0.0,1.0,600.0,0.01297152,estable,5,12520101536773934131,609,487809,0.03404712677001953,,0.1656474805748269,,0.16825195350043032,0.1921793805256371,0.21554289327905707,0.2179537369697755,0.21665164683690818,0.23707690916884872,0.26456778480576304,0.2727210651179348,0.24522848124118468,0.2732521349222452,0.2990320712704033,0.30285936582458817,0.255720862836057,0.28332516480560344,0.30285936582458817,0.30797396007244515
1037,cabecera-peor-caso-16p-150slot,regular,100,8,0.08,0.5,1.0e8,20268.0,0.0,1.0,600.0,0.01297152,estable,6,3873915384453754609,540,432540,0.028596878051757812,,0.1556257425902923,,0.1580311139810533,0.18155098881635467,0.2026232589984147,0.20373700243942494,0.2061135729088619,0.22992495626920118,0.2592165258620298,0.2592165258621435,0.22948697330457435,0.2600891572811861,0.2786679846582274,0.28168271614470086,0.23898982143299463,0.27325625745965,0.2883467963570183,0.29767365234818044
1037,cabecera-peor-caso-16p-150slot,regular,100,8,0.08,0.5,1.0e8,20268.0,0.0,1.0,600.0,0.01297152,estable,7,16655662165258859865,592,474192,0.0874168872833252,,0.16336725656888887,,0.16354047531325477,0.18957028199264414,0.20235631748852256,0.20395996151918894,0.21662608260209026,0.23840206214097348,0.2540185152246295,0.2593626244373013,0.24491936082201704,0.26961571046365407,0.2922032949083473,0.29220329490840413,0.25582759035569325,0.28563314962793385,0.31297994366644843,0.31460138366651336
1037,cabecera-peor-caso-16p-150slot,regular,100,8,0.08,0.5,1.0e8,20268.0,0.0,1.0,600.0,0.01297152,estable,8,1402028005686708605,571,457371,0.06773900985717773,,0.16164353923956046,,0.16438186549777356,0.18145419065973556,0.2244961760044646,0.22477640807471744,0.21068217494403996,0.2291366229524101,0.2765639677547256,0.2765639677548961,0.24275009699198336,0.2670686366268491,0.2979045020724982,0.29924922095000284,0.25360142332289115,0.285407860784062,0.30297138541873636,0.3029713854188003
1037,cabecera-peor-caso-16p-150slot,regular,100,8,0.08,0.5,1.0e8,20268.0,0.0,1.0,600.0,0.01297152,estable,9,11562672824173592655,629,503829,0.037780046463012695,,0.16336055076312864,,0.16552304636103088,0.18507633401213752,0.2124205124446803,0.2362777518530379,0.21363267779128137,0.2340723973849208,0.2604794963356767,0.2857998369234451,0.2495855597226182,0.28667714843595604,0.2946552342729376,0.3048906097789086,0.26365850591804474,0.296130303989969,0.31526613239287826,0.31827585663734226
1037,cabecera-peor-caso-16p-150slot,regular,100,8,0.08,0.5,1.0e8,20268.0,0.0,1.0,600.0,0.01297152,estable,10,4943285052645898551,624,499824,0.1053929328918457,,0.16124375590276946,,0.1633173043325442,0.18651701046678681,0.20942648006655418,0.21231295752158985,0.21085863331052224,0.24046698046720394,0.262423213347013,0.26427217529499103,0.24251763270012816,0.2726696762200618,0.3026745146346457,0.30449437412812586,0.25445353912148505,0.28278690896453895,0.3120126016734126,0.3120126016737004
1037,cabecera-peor-caso-16p-150slot,regular,100,8,0.08,0.5,1.0e8,20268.0,0.0,1.0,600.0,0.01297152,estable,11,4357445496980770539,626,501426,0.03443312644958496,,0.15368007978128118,,0.15391060909314547,0.18043697302016426,0.20815062693623076,0.23038984332757195,0.20080273887072053,0.22622732329463702,0.24903905636062973,0.2741089836781043,0.23694632503730872,0.2597205808790477,0.2761572346958019,0.30124975018784994,0.25091703582381797,0.27771267009541134,0.3071848830682029,0.31042776306821906
1037,cabecera-peor-caso-16p-150slot,regular,100,8,0.08,0.5,1.0e8,20268.0,0.0,1.0,600.0,0.01297152,estable,12,12006545731748994566,612,490212,0.034188032150268555,,0.1629645025164651,,0.1628085991672492,0.1927357232699478,0.22729706177557318,0.2285950577322069,0.21543486744479878,0.24403958890633248,0.2704918285200222,0.2704918285200506,0.24939310347517107,0.269883201738331,0.30083518737131953,0.3008351873713764,0.2608702164752117,0.2852689886403539,0.30677606142859304,0.3082812866580653
1049,anuncio-techo-4464tx,regular,100,8,0.08,0.5,1.0e8,27596.0,0.0,1.0,600.0,0.01766144,estable,1,1193266343497045720,565,452565,0.025128841400146484,,0.17066272631374957,,0.1682320391684442,0.20669871287026353,0.2390783792064326,0.23907837920648944,0.22034041420363337,0.25356589624044545,0.2958293637494762,0.2958293637495899,0.2551394713628099,0.29209340262217154,0.3509532448858863,0.350953244886,0.2723887022220879,0.3165480063537416,0.3550381151695774,0.3550381151696911
1049,anuncio-techo-4464tx,regular,100,8,0.08,0.5,1.0e8,27596.0,0.0,1.0,600.0,0.01766144,estable,2,17279643970899974283,619,495819,0.03649091720581055,,0.17995836766813433,,0.17952479486007178,0.20527855214987767,0.2522015495651999,0.26395876646233773,0.23560690863200762,0.2583494656210519,0.30646240560653837,0.33118738799237235,0.27635727676107535,0.29868950978828934,0.33913986319754486,0.3501515782337492,0.299140592013714,0.33075696004223687,0.3500267917814064,0.3593692155187682
1049,anuncio-techo-4464tx,regular,100,8,0.08,0.5,1.0e8,27596.0,0.0,1.0,600.0,0.01766144,estable,3,5370520298715434334,596,477396,0.028393030166625977,,0.17051913709888727,,0.1737774131015044,0.19714967143227824,0.23921384214725094,0.23921384214736463,0.2224965109332402,0.2456816311419061,0.2851460981693208,0.2851460981694345,0.2565843311692788,0.27719640469467777,0.32142573724482304,0.3214257372449083,0.2689898138469431,0.3006318382441009,0.32847117695769157,0.33808146755609414
1049,anuncio-techo-4464tx,regular,100,8,0.08,0.5,1.0e8,27596.0,0.0,1.0,600.0,0.01766144,estable,4,18175392772007158942,592,474192,0.026391983032226562,,0.16415745893800845,,0.1668684639832243,0.19049230278841378,0.20228440517649915,0.21339386253532666,0.21754307999771072,0.2412847863753882,0.2529645456569938,0.2578407798347371,0.2484360468012028,0.26978334625039224,0.2951501741948448,0.2951501741949869,0.259801052548319,0.28184054673076275,0.2966221731264227,0.3016637532236217
1049,anuncio-techo-4464tx,regular,100,8,0.08,0.5,1.0e8,27596.0,0.0,1.0,600.0,0.01766144,estable,5,1342549902550294008,604,483804,0.027286052703857422,,0.17359589884661675,,0.17921578780104142,0.1959301197979073,0.24214465463001034,0.24736322362446117,0.22777383477269098,0.244376556480006,0.29582212666795726,0.29693777070107785,0.2580547268092346,0.2825539051960959,0.3136846393454107,0.319001144714548,0.2755321203779886,0.30612840846822564,0.32538976864711344,0.32586012113472407
1049,anuncio-techo-4464tx,regular,100,8,0.08,0.5,1.0e8,27596.0,0.0,1.0,600.0,0.01766144,estable,6,1385423653770759775,630,504630,0.030768871307373047,,0.17521613382210777,,0.17642067405473938,0.20038148105814457,0.2316476426317422,0.24678892830479526,0.22839133725364036,0.2535936934430225,0.28887111765618556,0.3040124033291818,0.2627915587355574,0.2856523525544503,0.3059341715428161,0.3226938653388629,0.2765363429720651,0.30349821526829146,0.32016035491886896,0.33490573542076163
1049,anuncio-techo-4464tx,regular,100,8,0.08,0.5,1.0e8,27596.0,0.0,1.0,600.0,0.01766144,estable,7,12605725414472886443,662,530262,0.030194997787475586,,0.16976200976037142,,0.17117180430335566,0.19489227142565824,0.21990367016157109,0.22154261335992942,0.22399268575981068,0.24654429162637825,0.27055671236098533,0.2763780009866821,0.2563059302964916,0.27931169688781665,0.3006840491448912,0.30271177176007313,0.26574135389620324,0.2910374538942051,0.3247770018932101,0.3438058409369944
1049,anuncio-techo-4464tx,regular,100,8,0.08,0.5,1.0e8,27596.0,0.0,1.0,600.0,0.01766144,estable,8,1909918868278856777,600,480600,0.04842400550842285,,0.16852475661627966,,0.1703256017611352,0.1944810787683764,0.222505644827379,0.22250564482743584,0.22169669388688362,0.24343558875364124,0.2822273978847534,0.2860746106954082,0.25321365384871797,0.2775934068829429,0.3119636824283134,0.31236436555485625,0.2649236093909053,0.2920669857546727,0.3229011292178825,0.327316489217921
1049,anuncio-techo-4464tx,regular,100,8,0.08,0.5,1.0e8,27596.0,0.0,1.0,600.0,0.01766144,estable,9,10535353541421422759,653,523053,0.02851581573486328,,0.16952539219827437,,0.16893351046360294,0.20217233935699142,0.21870963731722526,0.2261579615274023,0.22069773249877755,0.25127255024665374,0.28136072481052565,0.28733248679830936,0.25209229549000156,0.2845450229878139,0.314526990002463,0.31791563666388,0.2656954152516562,0.30163521529428294,0.3192315861560928,0.3277916751962735
1049,anuncio-techo-4464tx,regular,100,8,0.08,0.5,1.0e8,27596.0,0.0,1.0,600.0,0.01766144,estable,10,3464346697663883920,597,478197,0.0270230770111084,,0.1760011246225663,,0.18212761089302631,0.19778220891498677,0.21338914625374628,0.2280776325342515,0.2308166367947706,0.25023930320776344,0.2643755129759029,0.285454874812757,0.2582060603787397,0.28219437475326004,0.2953429863863164,0.3029824021448917,0.26848730680620747,0.2938322972926244,0.30930533308014674,0.31563338945346686
1049,anuncio-techo-4464tx,regular,100,8,0.08,0.5,1.0e8,27596.0,0.0,1.0,600.0,0.01766144,estable,11,13048844239932404356,626,501426,0.028523921966552734,,0.17246714243131916,,0.17435188148002645,0.19117535576805267,0.21800191764904042,0.22368638911302696,0.22427002498346837,0.2425753154323047,0.2723425839113247,0.2780270553753894,0.25285678079109175,0.27164610684340573,0.3140626751008426,0.3197471465649073,0.26120019990705146,0.2832586943740125,0.3243813006150731,0.32565041207919876
1049,anuncio-techo-4464tx,regular,100,8,0.08,0.5,1.0e8,27596.0,0.0,1.0,600.0,0.01766144,estable,12,15716563279206199798,548,438948,0.025040864944458008,,0.1713047195297334,,0.17369330539793282,0.20632327834206876,0.23547969205100117,0.235479692051058,0.22370845806733541,0.26184275585922023,0.28497204309678636,0.28497204309690005,0.25936503033992153,0.29030852551881026,0.3238938402925271,0.32389384029261237,0.2698531744649131,0.299377638665419,0.3286461815576729,0.34382830211494664
1011,cabecera-1p-1slot,erdos_renyi,1000,8,0.08,0.5,5.967e7,716.0,0.0,1.0,600.0,0.0007679570973688621,estable,1,9255828017427078738,577,4643119,0.3007030487060547,,0.2051187638963638,,0.20473952831599718,0.23479858111002727,0.27706253325612806,0.32740465682655895,0.25324970409690195,0.2828648788998578,0.3260173033390572,0.3785759740461856,0.30367398871342743,0.335329365921325,0.3777220606487077,0.4308979906988668,0.4178604662783414,0.464029586476272,0.5137976273178708,0.553809066517952
1011,cabecera-1p-1slot,erdos_renyi,1000,8,0.08,0.5,5.967e7,716.0,0.0,1.0,600.0,0.0007679570973688621,estable,2,2056415226285894211,598,4873102,0.3288259506225586,,0.2051825411694512,,0.20326592417157485,0.23759925435775386,0.29668749318386745,0.43214580313923534,0.24961258860123792,0.2841637739156013,0.34820090261945325,0.4784110538987534,0.3028659867571264,0.33766006245480185,0.40333632550158427,0.533889924568598,0.4333360391739802,0.4871259248527622,0.5500778473857224,0.6150595721119885
1011,cabecera-1p-1slot,erdos_renyi,1000,8,0.08,0.5,5.967e7,716.0,0.0,1.0,600.0,0.0007679570973688621,estable,3,11935787686058093904,567,4550175,0.28490614891052246,,0.20108483714885522,,0.19989259191009978,0.23330966472971681,0.2857949351352147,0.337258302830719,0.24733810842042203,0.28143205540771987,0.3351312067294714,0.3867262537642091,0.29940609635724513,0.3311842344090792,0.3880819897902654,0.4335279672323509,0.4539433347241584,0.4988366506009356,0.5572766592548248,0.5982378625363793
1011,cabecera-1p-1slot,erdos_renyi,1000,8,0.08,0.5,5.967e7,716.0,0.0,1.0,600.0,0.0007679570973688621,estable,4,9866726204473974402,610,4940390,0.3206470012664795,,0.20227956285681417,,0.20216485179832944,0.23124336040899607,0.2753360944942642,0.36091538229629805,0.24778578888449942,0.2775332093477374,0.32269271619941264,0.40660683571741174,0.2944119216680292,0.32513778818093897,0.35972020711963637,0.4523147222308239,0.39835446917135187,0.4395414104774886,0.4859145381167025,0.5600601197132278
1011,cabecera-1p-1slot,erdos_renyi,1000,8,0.08,0.5,5.967e7,716.0,0.0,1.0,600.0,0.0007679570973688621,estable,5,15776200018884237197,595,4722515,0.3295300006866455,,0.20707925290434204,,0.20384685328008345,0.2422722594684501,0.29780704628871035,0.4033252401760592,0.25276393515127893,0.29076402491978115,0.34470175140546644,0.4506915741675357,0.30271853384709857,0.3416410272724306,0.39092650436049325,0.5045776295053201,0.4098268562747762,0.4544169754422285,0.5031526833179782,0.5659347148499307
1011,cabecera-1p-1slot,erdos_renyi,1000,8,0.08,0.5,5.967e7,716.0,0.0,1.0,600.0,0.0007679570973688621,estable,6,9762857812728432974,621,4907763,0.3267951011657715,,0.21108543465092905,,0.20823495469577225,0.24655220202362216,0.30345437654102625,0.3697482272533237,0.2578856246576322,0.2952869225236441,0.3543309337359233,0.4194506975361558,0.3100581176642052,0.3492655756848535,0.3944183613895973,0.464221952645953,0.385564051964451,0.4248980362137331,0.47023477703589833,0.556038848903305
1011,cabecera-1p-1slot,erdos_renyi,1000,8,0.08,0.5,5.967e7,716.0,0.0,1.0,600.0,0.0007679570973688621,estable,7,9290476958235131115,588,4715172,0.328016996383667,,0.20934412068855968,,0.2061971590952112,0.24275676137689572,0.32031789656571164,0.4539416082904211,0.2547442081754525,0.2912060863428678,0.3704491235573073,0.4999968933361334,0.3112465220559102,0.3459438297547308,0.43013917464008955,0.5512197652331317,0.45491640468293326,0.5070243838285009,0.5662554598113729,0.6451331406940994
1011,cabecera-1p-1slot,erdos_renyi,1000,8,0.08,0.5,5.967e7,716.0,0.0,1.0,600.0,0.0007679570973688621,estable,8,292866770032834438,617,4935383,0.3192629814147949,,0.2073652669066297,,0.20670911113961665,0.23778454111021574,0.2863250022642134,0.3556851890234469,0.2564402664587533,0.2857635389950701,0.3339722329571657,0.403952710979965,0.3085773496143247,0.33920241385050076,0.39156859261247234,0.45459391506528846,0.4911647070193226,0.5407347430893878,0.5924249182472181,0.6297041986377536
1011,cabecera-1p-1slot,erdos_renyi,1000,8,0.08,0.5,5.967e7,716.0,0.0,1.0,600.0,0.0007679570973688621,estable,9,16570461263920501432,595,4799865,0.38524699211120605,,0.2121041986883218,,0.2115650873964796,0.2412094802875231,0.30907072693321425,0.4771592168615939,0.25922095758630803,0.2898176187052428,0.3574861183257667,0.5217668474358561,0.31021371708237666,0.34189388786426633,0.4047428267717237,0.574107594919667,0.4765980301551167,0.5185482475685035,0.5971818893124805,0.6435346160292852
1011,cabecera-1p-1slot,erdos_renyi,1000,8,0.08,0.5,5.967e7,716.0,0.0,1.0,600.0,0.0007679570973688621,estable,10,18312501248270507964,604,4896628,0.3684959411621094,,0.2071932463065858,,0.20530447072280822,0.23682910879512065,0.2813940346233008,0.4027476768108329,0.2530496991929567,0.2822327031106511,0.3301422666710323,0.4504990905986972,0.3054020802100723,0.33496931663947294,0.3815305042593309,0.49392144771175595,0.44922728194234196,0.48819806797510523,0.5488468579207222,0.6019928868520026
1011,cabecera-1p-1slot,erdos_renyi,1000,8,0.08,0.5,5.967e7,716.0,0.0,1.0,600.0,0.0007679570973688621,estable,11,5115276372309600170,611,4906941,0.3083510398864746,,0.21047754968576013,,0.20954775762140798,0.24219344950347477,0.28387676751651725,0.35480299059736353,0.25894196960825866,0.2920340250601612,0.3298775109972212,0.4034924790092873,0.30958845727377593,0.34413538234583285,0.38617380423687564,0.45390222944615743,0.48734161221830163,0.5334689557967636,0.5856547763872726,0.6648918803194874
1011,cabecera-1p-1slot,erdos_renyi,1000,8,0.08,0.5,5.967e7,716.0,0.0,1.0,600.0,0.0007679570973688621,estable,12,18435352716132634451,622,4956718,0.32066893577575684,,0.20570329294118303,,0.20606753429950686,0.23533239284557794,0.27424887773426576,0.3080073636612042,0.2537818513796424,0.2814379901043793,0.3197716480405006,0.3561842484177191,0.30362404626384887,0.33463243847859303,0.37498576484344426,0.40669570502376473,0.4115040252235076,0.45866950614775703,0.5041117153209882,0.5397290021252843
1023,cabecera-4p-1slot,erdos_renyi,1000,8,0.08,0.5,5.967e7,812.0,0.0,1.0,600.0,0.0008709234120998827,estable,1,3854902329962321739,557,4544563,0.32213807106018066,,0.2065182073125399,,0.20296893385270565,0.24155730266809883,0.31771150656396685,0.3582832865446903,0.25065725922780757,0.2882420652846349,0.3651112494486597,0.4068252898589435,0.3030867274290472,0.3388766153870506,0.40906135618013195,0.45134092662243575,0.39687852112405153,0.4359598817503212,0.5069254613141538,0.520532354653426
1023,cabecera-4p-1slot,erdos_renyi,1000,8,0.08,0.5,5.967e7,812.0,0.0,1.0,600.0,0.0008709234120998827,estable,2,3155634769425094393,595,4696335,0.3060600757598877,,0.20354966614445189,,0.2017401869305786,0.24127887634881517,0.2860153293045187,0.3587536520055892,0.24907474758936132,0.28732346145076804,0.3322647225743367,0.40610423990597155,0.29984667946746413,0.33913462256788307,0.3884593291352303,0.45577960438959053,0.3697893618540604,0.4146239902253228,0.46780561989032776,0.5051322828113598
1023,cabecera-4p-1slot,erdos_renyi,1000,8,0.08,0.5,5.967e7,812.0,0.0,1.0,600.0,0.0008709234120998827,estable,3,6900050692695228092,578,4671974,0.3036229610443115,,0.20582641720423359,,0.20331330991047025,0.2360732547814166,0.3005475740006318,0.375769162473091,0.2508784391757217,0.282758936616915,0.3441068153520632,0.42355670568508685,0.30413455764812625,0.3378288509354661,0.3988405082955637,0.4855863933355522,0.48494725099448033,0.5326781209980709,0.5907371116064724,0.6883541386454795
1023,cabecera-4p-1slot,erdos_renyi,1000,8,0.08,0.5,5.967e7,812.0,0.0,1.0,600.0,0.0008709234120998827,estable,4,4339168642154781948,588,4876284,0.359882116317749,,0.20221381991622547,,0.2011208027195437,0.23603875997810064,0.30375856458789485,0.364395067286182,0.24850959447030618,0.28366036179648724,0.34999281150527395,0.4109596567358267,0.2938006978470753,0.3289835560226493,0.395110433762909,0.4540439784702812,0.3659538894423804,0.40872938261736635,0.46617134361383705,0.4972755346151416
1023,cabecera-4p-1slot,erdos_renyi,1000,8,0.08,0.5,5.967e7,812.0,0.0,1.0,600.0,0.0008709234120998827,estable,5,14592920850901971982,654,5228730,0.40057992935180664,,0.20579079424710034,,0.20534370794058532,0.23750084629386947,0.282301904126129,0.3020169650670823,0.2526003450183225,0.28551431882672773,0.32755601214491037,0.34907672977351467,0.3000230435382605,0.33320124858312283,0.376881547332129,0.3929345551667893,0.3630647423162259,0.4086624510623551,0.44795466451699895,0.49548229810861244
1023,cabecera-4p-1slot,erdos_renyi,1000,8,0.08,0.5,5.967e7,812.0,0.0,1.0,600.0,0.0008709234120998827,estable,6,5079878957599312937,578,4719370,0.3314950466156006,,0.20362821254263308,,0.20139369796764583,0.23488148350770643,0.298033316469855,0.42516712314386496,0.24771644732817322,0.27983903122179754,0.3440789074568329,0.4743802378484361,0.29838291485276613,0.33124523994831634,0.39490975984934273,0.5291780368078207,0.4513973624171115,0.4932752188095151,0.5597499102906909,0.615584278260485
1023,cabecera-4p-1slot,erdos_renyi,1000,8,0.08,0.5,5.967e7,812.0,0.0,1.0,600.0,0.0008709234120998827,estable,7,9779871981997865173,593,4688851,0.5251669883728027,,0.20734489084828958,,0.20654330815871447,0.23774250285862308,0.3066534448441871,0.3475111787621472,0.25491508378843264,0.28701821742001243,0.356058401182338,0.39529387946765837,0.298298037131417,0.3310332557098761,0.39992355324079654,0.43864673590752545,0.35846163899017824,0.3967947443812392,0.44780852613536126,0.49718398882038173
1023,cabecera-4p-1slot,erdos_renyi,1000,8,0.08,0.5,5.967e7,812.0,0.0,1.0,600.0,0.0008709234120998827,estable,8,6985647348350847493,574,4524842,0.376147985458374,,0.2140649095722782,,0.21221835643171616,0.251740786203726,0.29969476951316665,0.3263533988555878,0.262261997514031,0.30155169330524245,0.34949766467431687,0.38035929104631805,0.3140340536611177,0.35367748758881135,0.4054491473304722,0.4396466363042464,0.36475390160728693,0.40689894850083874,0.4556828882995205,0.4883598359459711
1023,cabecera-4p-1slot,erdos_renyi,1000,8,0.08,0.5,5.967e7,812.0,0.0,1.0,600.0,0.0008709234120998827,estable,9,16685370912776286099,605,4644585,0.35486912727355957,,0.20961135752964366,,0.20801851692624496,0.24262945081858334,0.30907456111651754,0.44898121713140426,0.2574598011178182,0.2900698344805619,0.3571263740730899,0.4953745712466713,0.30804090603567147,0.3423123716243026,0.41781230447463713,0.5470963829146669,0.4449777753853823,0.4949532668380243,0.5563918401477395,0.6047722017543151
1023,cabecera-4p-1slot,erdos_renyi,1000,8,0.08,0.5,5.967e7,812.0,0.0,1.0,600.0,0.0008709234120998827,estable,10,14929060270533654687,595,4696335,0.2990579605102539,,0.2075096280832285,,0.20531161655895858,0.23956207074252234,0.28942355127901465,0.33356135163765543,0.2540633543183901,0.2883143866416731,0.3344448648672369,0.3801131906005537,0.3067836333062246,0.34085198868928046,0.389038951127759,0.43371931697035393,0.3799196565072407,0.4207005913425519,0.4643722751262658,0.520680596985045
1023,cabecera-4p-1slot,erdos_renyi,1000,8,0.08,0.5,5.967e7,812.0,0.0,1.0,600.0,0.0008709234120998827,estable,11,4973634184914748929,627,5058009,0.3443770408630371,,0.2065736930874885,,0.20635528309693996,0.23730513855849722,0.2866025501076592,0.3695260856728737,0.25391873492480954,0.28682086348635494,0.33528487764181136,0.4160545539367604,0.30278575574914157,0.3340683613735962,0.38382735883271835,0.46285258787349903,0.380450136352664,0.422095037497229,0.4665853639784814,0.5217215576406602
1023,cabecera-4p-1slot,erdos_renyi,1000,8,0.08,0.5,5.967e7,812.0,0.0,1.0,600.0,0.0008709234120998827,estable,12,15620670580495115598,584,4766024,0.30977392196655273,,0.2087382706021011,,0.20652938933744736,0.24186836155075753,0.2747043147094246,0.3169651198770822,0.2550203051843596,0.2901160526606077,0.32154406976633254,0.3649300567890208,0.3099983686133214,0.3436891740333863,0.38087215703009747,0.4152059140025415,0.41116834416556003,0.45900432861263596,0.4922492953739379,0.5332091933852894
1035,anuncio-arranque-571tx,erdos_renyi,1000,8,0.08,0.5,5.967e7,4238.0,0.0,1.0,600.0,0.004545533769063181,estable,1,5683473261482956400,599,4644047,0.3051619529724121,,0.22402853300609715,,0.22413315685400903,0.2604004442657697,0.2910978585573645,0.3262160348623695,0.27462661092886265,0.3094221952389944,0.34154040843013433,0.37741435678213975,0.32156092591005603,0.3583221979270377,0.3882614081332463,0.41997365193248015,0.3943452515139825,0.43949473379467463,0.4878615830189119,0.5041073291506564
1035,anuncio-arranque-571tx,erdos_renyi,1000,8,0.08,0.5,5.967e7,4238.0,0.0,1.0,600.0,0.004545533769063181,estable,2,6089019155039187880,622,5079874,0.33373403549194336,,0.2209606475320095,,0.21926929848967802,0.2528750939982274,0.29636590461070966,0.4373402040695282,0.2689839073765796,0.30219623703442267,0.3483386358786973,0.4894248245614108,0.3163480970338526,0.34808995302734047,0.3984646683823101,0.5339175219352228,0.44034728597995354,0.49143507922485696,0.5475233173945071,0.5839569070622019
1035,anuncio-arranque-571tx,erdos_renyi,1000,8,0.08,0.5,5.967e7,4238.0,0.0,1.0,600.0,0.004545533769063181,estable,3,18060040728379395932,637,5162885,0.45640110969543457,,0.22062132851091049,,0.21859031959155573,0.2542483383816716,0.31097895825801913,0.36125761551585356,0.2693181108308522,0.30506875254332044,0.3613232721281463,0.41141271519734346,0.32948018818242986,0.3669065628812973,0.4243794381205248,0.4703024091645034,0.4415527215896873,0.4864596380335229,0.5388418700871966,0.5999383174808486
1035,anuncio-arranque-571tx,erdos_renyi,1000,8,0.08,0.5,5.967e7,4238.0,0.0,1.0,600.0,0.004545533769063181,estable,4,4332601109051500855,603,4666617,0.34047508239746094,,0.22800307391613528,,0.22585506479578044,0.2645022101671941,0.31332055890101174,0.34330546766591397,0.27812273711985114,0.3180620994332912,0.36729132626238936,0.3953179250187304,0.33292512345900604,0.3726233689784664,0.42178464670337235,0.45199765002178083,0.4571911096554686,0.5104544963914464,0.5462704109871765,0.5875037695032717
1035,anuncio-arranque-571tx,erdos_renyi,1000,8,0.08,0.5,5.967e7,4238.0,0.0,1.0,600.0,0.004545533769063181,estable,5,17797988642402519321,596,4811508,0.31237101554870605,,0.22020829123875177,,0.2178889052447488,0.24678056003710935,0.3113080895621465,0.5252719656593143,0.2666035939844704,0.29606802648277153,0.3578976796347888,0.5674297484816719,0.3191857949735777,0.34902011806440214,0.40943391194463175,0.6153870481527264,0.5362101808593138,0.5704192627847817,0.665716934656075,0.8331552969471687
1035,anuncio-arranque-571tx,erdos_renyi,1000,8,0.08,0.5,5.967e7,4238.0,0.0,1.0,600.0,0.004545533769063181,estable,6,6085665111565098565,610,4953810,0.34027886390686035,,0.2224755015443775,,0.22190982170820917,0.2551897509941341,0.3068768426510502,0.43264175503713886,0.2715187022906207,0.3042195553555871,0.35585523167495636,0.48269960354826935,0.32388876420407087,0.35639395123672557,0.39853553700663724,0.5337006808481419,0.46227319933760214,0.5073043695380193,0.5504060729205094,0.681078827892577
1035,anuncio-arranque-571tx,erdos_renyi,1000,8,0.08,0.5,5.967e7,4238.0,0.0,1.0,600.0,0.004545533769063181,estable,7,1819454987965804300,616,4862088,0.31978583335876465,,0.22124760496717366,,0.22153501067538173,0.2540705017099185,0.28768213102953766,0.34082249497151906,0.2708991458656147,0.3024318868657474,0.3390757500634436,0.39074458302866333,0.31949049211121583,0.35001025325055934,0.39208237171703786,0.436799349941964,0.381909042241773,0.4158679751598129,0.4559825219158782,0.5036499357188973
1035,anuncio-arranque-571tx,erdos_renyi,1000,8,0.08,0.5,5.967e7,4238.0,0.0,1.0,600.0,0.004545533769063181,estable,8,15301136576733415872,630,4917150,0.3250408172607422,,0.22481953911355576,,0.22276191084736752,0.25788527221777713,0.3142460476615838,0.43118019551320685,0.27352639772210807,0.3086098720167456,0.3683777016797478,0.4840846070738962,0.32303482639360936,0.3583323513822734,0.4117105066051181,0.5263234327762234,0.4349859674774521,0.48159545624179145,0.5346185115732851,0.5874295125187246
1035,anuncio-arranque-571tx,erdos_renyi,1000,8,0.08,0.5,5.967e7,4238.0,0.0,1.0,600.0,0.004545533769063181,estable,9,9603080384042842486,604,4789116,0.33946990966796875,,0.22619531892620728,,0.22417825656245327,0.2578162945467568,0.35131104285107995,0.45925187311334525,0.27534221176779283,0.30913879054475046,0.4012000436252947,0.5098790611939137,0.3381597182326175,0.3730185945101425,0.4687741437386421,0.5689834832345326,0.518894178309381,0.569126635436362,0.6402291768405632,0.6916845982872815
1035,anuncio-arranque-571tx,erdos_renyi,1000,8,0.08,0.5,5.967e7,4238.0,0.0,1.0,600.0,0.004545533769063181,estable,10,9414657123643403878,613,4854347,0.31237006187438965,,0.2240599854308277,,0.22319316184604787,0.2560856528621116,0.3122080208347313,0.3793635544902543,0.27269256878827264,0.30756673895166387,0.36191113694917476,0.4296413805633108,0.324874011978423,0.3571119482935501,0.41154950024034065,0.4833884906265098,0.4007021914292346,0.44085758311393874,0.5009947815470639,0.5613913793289385
1035,anuncio-arranque-571tx,erdos_renyi,1000,8,0.08,0.5,5.967e7,4238.0,0.0,1.0,600.0,0.004545533769063181,estable,11,3459817532533494994,630,5065830,0.3306238651275635,,0.21602488705892273,,0.21696401002773058,0.24669767127369369,0.29212007937809403,0.3450094286126273,0.26554901049615864,0.29547577793096025,0.34141339927748504,0.3942305413600593,0.31482537511323017,0.34584758147963157,0.3879638241797636,0.4395699597971543,0.3734911375926231,0.40858850643189726,0.453012731681099,0.5130502053632426
1035,anuncio-arranque-571tx,erdos_renyi,1000,8,0.08,0.5,5.967e7,4238.0,0.0,1.0,600.0,0.004545533769063181,estable,12,6634375201422746779,609,4812927,0.3400228023529053,,0.22241603804226204,,0.22354670038016877,0.25231271495113106,0.2869686451854818,0.3239964475285433,0.2734138787676841,0.30196193840798813,0.3387054184794813,0.375099277826223,0.3181935125444397,0.35018245455989927,0.38572950183345256,0.42028708629038647,0.36894588927371785,0.4075367106665908,0.44412308403977363,0.49754400238663266
1047,cabecera-peor-caso-16p-150slot,erdos_renyi,1000,8,0.08,0.5,5.967e7,20268.0,0.0,1.0,600.0,0.021738763197586726,estable,1,11918042067850488101,655,5416195,0.6190900802612305,,0.2598525239298078,,0.2612436542978571,0.2912526416762091,0.32690680133441674,0.3955683652863726,0.31871826245853185,0.34822345732629856,0.38584352508041775,0.4508422572525106,0.37113111207378324,0.40039402221766096,0.4424570943915853,0.49943549364144246,0.4393999066659262,0.4739161007494772,0.5060077658292812,0.5753000039335845
1047,cabecera-peor-caso-16p-150slot,erdos_renyi,1000,8,0.08,0.5,5.967e7,20268.0,0.0,1.0,600.0,0.021738763197586726,estable,2,1847661356614543400,605,4885375,0.40569400787353516,,0.2702634051405186,,0.2721249790174056,0.3043542351842916,0.3395365543376556,0.39509515364924397,0.3319888952942165,0.36471056516586486,0.4004210961716268,0.4537123595120889,0.38536166842727937,0.41866033169536365,0.45471880813621013,0.5072426247890007,0.4511140417912145,0.4893641568575049,0.5330643087582985,0.5865774219744537
1047,cabecera-peor-caso-16p-150slot,erdos_renyi,1000,8,0.08,0.5,5.967e7,20268.0,0.0,1.0,600.0,0.021738763197586726,estable,3,16868064737178976194,585,4664205,0.31714701652526855,,0.2731208356490783,,0.27184020745318094,0.31131043484532483,0.37257325304869937,0.3996073858705813,0.33225998413115576,0.36991366965917294,0.42695390346182194,0.461100461972876,0.3889825373473741,0.4275654484116558,0.4933955216499726,0.5231038225908264,0.4861822046743782,0.5454896030481109,0.602074513149887,0.6319254499088629
1047,cabecera-peor-caso-16p-150slot,erdos_renyi,1000,8,0.08,0.5,5.967e7,20268.0,0.0,1.0,600.0,0.021738763197586726,estable,4,17841540330679346086,643,5129211,0.3540341854095459,,0.27498004533973835,,0.2758352955640362,0.3098853469466576,0.36026893821033923,0.570888361854685,0.3356332136122546,0.36811504860929745,0.41848509497731357,0.6286653668437623,0.3956235286358947,0.4311032235514176,0.47499790424552657,0.6877021494336759,0.5748031991117557,0.630674013196824,0.6779361043460312,0.8316684789478472
1047,cabecera-peor-caso-16p-150slot,erdos_renyi,1000,8,0.08,0.5,5.967e7,20268.0,0.0,1.0,600.0,0.021738763197586726,estable,5,7893063339215768835,643,5129211,0.3241848945617676,,0.27767692354377504,,0.2771713334844321,0.31853341806760227,0.38234082588638785,0.4082688850476188,0.33821311895553396,0.3809889479933446,0.44309598594992394,0.4645721814139563,0.39764210417718004,0.4403121020745715,0.5079502300221748,0.5197814359593167,0.591958014205261,0.6532293535811959,0.7117138360251829,0.7367502060573612
1047,cabecera-peor-caso-16p-150slot,erdos_renyi,1000,8,0.08,0.5,5.967e7,20268.0,0.0,1.0,600.0,0.021738763197586726,estable,6,2908075574073299584,642,5139210,0.32523298263549805,,0.26457401979686945,,0.2635537365375171,0.2997936509597139,0.35928922075825653,0.4300086467614932,0.32175061160784324,0.3576908994979817,0.41933645024113275,0.48856442961567836,0.37599370125470627,0.41232075149798675,0.47512541356709903,0.5458458457162436,0.45443794777224866,0.4937537758233361,0.55591638048422,0.5851617333316597
1047,cabecera-peor-caso-16p-150slot,erdos_renyi,1000,8,0.08,0.5,5.967e7,20268.0,0.0,1.0,600.0,0.021738763197586726,estable,7,8169364639846457107,618,4908774,0.33340907096862793,,0.26996115667745485,,0.2695844393786331,0.30830382284688085,0.3518302773375126,0.459291983740286,0.33034108379877125,0.3678175605477918,0.41135245142586996,0.5227111576528785,0.3892449641104463,0.4291887604354372,0.4708849835752176,0.5719346203790394,0.5613380318593499,0.6232044933508334,0.6882127069727808,0.7177688379962035
1047,cabecera-peor-caso-16p-150slot,erdos_renyi,1000,8,0.08,0.5,5.967e7,20268.0,0.0,1.0,600.0,0.021738763197586726,estable,8,6678119163777966109,640,5141120,0.32364511489868164,,0.2735031841257173,,0.2750675649351706,0.310505167080791,0.3503351544923987,0.47325944307749523,0.333520599650285,0.36968177404639846,0.4116120571614772,0.5307719178444756,0.38621682068421137,0.42180156007546543,0.4644973877873042,0.5787619657497203,0.48402288300412977,0.5405272043638547,0.5770555539636462,0.6598017357241304
1047,cabecera-peor-caso-16p-150slot,erdos_renyi,1000,8,0.08,0.5,5.967e7,20268.0,0.0,1.0,600.0,0.021738763197586726,estable,9,5722656391729158820,591,4585569,0.2919960021972656,,0.27395855464372293,,0.2730760977454878,0.30718246559285944,0.38153306636951356,0.46369973132124187,0.3356017567770948,0.37096222396473877,0.44393647672910674,0.5226780513236804,0.3982592480336251,0.43130442927179047,0.5062547229495067,0.5776129101249694,0.6179204326296599,0.6761207701138403,0.7201316845058727,0.8247526565567682
1047,cabecera-peor-caso-16p-150slot,erdos_renyi,1000,8,0.08,0.5,5.967e7,20268.0,0.0,1.0,600.0,0.021738763197586726,estable,10,14238558671283918123,616,5002536,0.3447258472442627,,0.27251353583199756,,0.27119989509198206,0.312982933735384,0.36755033555778027,0.4848922996554279,0.33158068006753183,0.3732228537104447,0.429796471112013,0.5415288334904744,0.3865829814993731,0.42829974770277346,0.47609358211934705,0.590303263606927,0.5146535899372111,0.5667147525252858,0.6074364424164571,0.7303595529730842
1047,cabecera-peor-caso-16p-150slot,erdos_renyi,1000,8,0.08,0.5,5.967e7,20268.0,0.0,1.0,600.0,0.021738763197586726,estable,11,3514246737677977149,619,4930335,0.31894779205322266,,0.27524369091404915,,0.2756354026682857,0.31157449757432687,0.3618994210289088,0.45927151369252783,0.3350974806659792,0.3708949656007121,0.4217347573326151,0.5182426430248057,0.3878332080212772,0.4247234574542631,0.4768488473642378,0.5641802409718224,0.47920691756712586,0.5241476950342303,0.5754268767439044,0.6726260841864047
1047,cabecera-peor-caso-16p-150slot,erdos_renyi,1000,8,0.08,0.5,5.967e7,20268.0,0.0,1.0,600.0,0.021738763197586726,estable,12,18445641007386312356,621,4988493,0.34505796432495117,,0.2690867801135311,,0.26895843421374366,0.3029168908972224,0.36862182329748805,0.4175239450285799,0.3289441603131422,0.36267328507139496,0.4277900938250099,0.4768924344637968,0.39485532011252644,0.4281541761675953,0.48051643457257853,0.524324007544652,0.46908940619611883,0.5159200565666993,0.5819295408840901,0.5918247972977362
1059,anuncio-techo-4464tx,erdos_renyi,1000,8,0.08,0.5,5.967e7,27596.0,0.0,1.0,600.0,0.029598525222054632,estable,1,619423888259691991,614,4917526,0.33655691146850586,,0.29367170375588025,,0.29456396561300835,0.3301965724948843,0.4099393392630759,0.5074326029773033,0.35834804749822524,0.39387360031408747,0.47254706498301857,0.5779680723088063,0.4219875060643403,0.45796204626506665,0.5502594382723487,0.6282024573661831,0.7171972457979905,0.7751322609185536,0.8278104129319139,0.9794598232725207
1059,anuncio-techo-4464tx,erdos_renyi,1000,8,0.08,0.5,5.967e7,27596.0,0.0,1.0,600.0,0.029598525222054632,estable,2,4579115922596436543,571,4639375,0.2867119312286377,,0.29178063694414513,,0.2939431271706212,0.32551274270412023,0.3634859847509233,0.4049501954563084,0.3582104769815828,0.39040785079220086,0.42934695569988435,0.4693365809603165,0.41462417623063175,0.4484847153992746,0.49535757593969265,0.5208027088998506,0.4829745832671506,0.5261546216960085,0.5748697270653622,0.6042141225161402
1059,anuncio-techo-4464tx,erdos_renyi,1000,8,0.08,0.5,5.967e7,27596.0,0.0,1.0,600.0,0.029598525222054632,estable,3,16220307382379070546,571,4519465,0.2844979763031006,,0.29628038957913483,,0.29634429652034555,0.3303113226880754,0.39063295213878746,0.5040046750881828,0.3630227130965977,0.39672100363094387,0.45668523945221295,0.5652428641589182,0.4223538643659026,0.4550412478296266,0.5214458188181652,0.6300672087505461,0.5206459073572773,0.5779327202744469,0.6611607914428532,0.6711137594444878
1059,anuncio-techo-4464tx,erdos_renyi,1000,8,0.08,0.5,5.967e7,27596.0,0.0,1.0,600.0,0.029598525222054632,estable,4,7391435357969366969,593,4748151,0.32393598556518555,,0.28780740191466386,,0.2892037905271536,0.3212401011664099,0.37850762138072014,0.4639669256389425,0.3523823928515526,0.38489468856028,0.4405752686254232,0.527007067460886,0.4118148546360203,0.4460899632222777,0.50749573493556,0.5752652849225797,0.6609905167963461,0.7194485704638112,0.7806350321354785,0.8556195178534836
1059,anuncio-techo-4464tx,erdos_renyi,1000,8,0.08,0.5,5.967e7,27596.0,0.0,1.0,600.0,0.029598525222054632,estable,5,16808717363874903786,572,4573140,0.2861969470977783,,0.29658857312640385,,0.2986162188474637,0.33026897457727955,0.37156561468046334,0.4416285011237022,0.36351526483252883,0.3946383865547318,0.4325160968450348,0.5075753060015842,0.421563575214833,0.4531740321444886,0.4912096238908532,0.5589024128663311,0.5176811584895873,0.5653254782248496,0.6247528014547896,0.6693037522860692
1059,anuncio-techo-4464tx,erdos_renyi,1000,8,0.08,0.5,5.967e7,27596.0,0.0,1.0,600.0,0.029598525222054632,estable,6,4820169934402697027,616,4875640,0.3031349182128906,,0.2923747017056305,,0.29497484447520605,0.32619093534970034,0.37167081952989633,0.40934094950767985,0.3573265170372224,0.38845666415795677,0.43084147144858775,0.4762517407734208,0.4122816558657405,0.44284731510583697,0.4905613860780704,0.5274804221510294,0.5075788478372942,0.5634297975972231,0.6186679569496505,0.655928695913417
1059,anuncio-techo-4464tx,erdos_renyi,1000,8,0.08,0.5,5.967e7,27596.0,0.0,1.0,600.0,0.029598525222054632,estable,7,13443237469013854576,586,4661630,0.3132510185241699,,0.2960591689996556,,0.29619084419915964,0.33658424195843395,0.38759332936719737,0.45203791984414465,0.360771909261274,0.40173452155625,0.45121271312166655,0.5167536262121075,0.4172998523961837,0.46018895957951145,0.5071201772251541,0.570105962436827,0.47653768754236125,0.527284672458677,0.5783772105775142,0.6032425158064996
1059,anuncio-techo-4464tx,erdos_renyi,1000,8,0.08,0.5,5.967e7,27596.0,0.0,1.0,600.0,0.029598525222054632,estable,8,12579123915036794536,622,4879590,0.30880212783813477,,0.29810005497990194,,0.2977421066998147,0.33304147521698724,0.3811514546956385,0.6698033901155714,0.36360928477901666,0.40087052586623884,0.444542247130741,0.7342773300419515,0.4193450205629006,0.4591306298866584,0.502838722686306,0.795793099699036,0.6867978234118937,0.7515669106235521,0.8096412038962626,0.864445143461973
1059,anuncio-techo-4464tx,erdos_renyi,1000,8,0.08,0.5,5.967e7,27596.0,0.0,1.0,600.0,0.029598525222054632,estable,9,2104180700010032747,572,4465604,0.28108882904052734,,0.2893122353116379,,0.2902517802957618,0.32590791848872414,0.36794030406253597,0.5012779172766386,0.35460594715999605,0.3891416500456728,0.432516218442359,0.5660443976374836,0.4106830455557997,0.44598707941270277,0.49753576731378857,0.6170264519541888,0.539014608911657,0.6034613632511991,0.6619604692083954,0.6897443114870612
1059,anuncio-techo-4464tx,erdos_renyi,1000,8,0.08,0.5,5.967e7,27596.0,0.0,1.0,600.0,0.029598525222054632,estable,10,16088227831978707526,604,4848308,0.3382759094238281,,0.2924103162167209,,0.29333223053816937,0.33044975345637795,0.37383815494786177,0.40536974523593017,0.3571608805630717,0.39385392780559414,0.43974956587913994,0.4702362193850149,0.4134166677343216,0.4502919345691794,0.4946434437864866,0.5187391789049798,0.502401932747361,0.5504306901502787,0.6078822678551319,0.6242554748828013
1059,anuncio-techo-4464tx,erdos_renyi,1000,8,0.08,0.5,5.967e7,27596.0,0.0,1.0,600.0,0.029598525222054632,estable,11,17940513707172962181,601,4836247,0.3537120819091797,,0.2921157947646332,,0.2933091831867216,0.3327855047272692,0.3822233687062919,0.49203708533394774,0.3555356163972192,0.39474491132693856,0.4419308104466779,0.5544825560608047,0.40837613135857964,0.4500997313870698,0.4890564380432352,0.6116347368234187,0.5103256079052017,0.5642615145512195,0.615334552476213,0.6409777518936721
1059,anuncio-techo-4464tx,erdos_renyi,1000,8,0.08,0.5,5.967e7,27596.0,0.0,1.0,600.0,0.029598525222054632,estable,12,1834354369221244666,620,4912260,0.34551000595092773,,0.2893480096899917,,0.29040577685499613,0.3233570008143829,0.3747353102103119,0.39591354211869145,0.35380392683745754,0.38647090672998274,0.4382772058252442,0.46041205330183743,0.4072088083403287,0.4413895159790453,0.4854617870254714,0.5165625704840835,0.5415819553535357,0.5937955000712236,0.6464633266296005,0.6880036878814622
1005,cabecera-1p-1slot,erdos_renyi,1000,8,0.08,0.5,1.0e8,716.0,0.0,1.0,600.0,0.00045824,estable,1,5038414732425417206,622,5021406,0.3518660068511963,,0.20451124319722014,,0.20196166129647963,0.2383634926884497,0.2784071695900252,0.45930540493491634,0.24954241829618695,0.28532543092171636,0.325990091452141,0.5056914241132944,0.29583468392260315,0.33274602404117104,0.3697820442315418,0.5558102112952312,0.4577378029208461,0.5085575335714339,0.5554092512950319,0.6122977302834656
1005,cabecera-1p-1slot,erdos_renyi,1000,8,0.08,0.5,1.0e8,716.0,0.0,1.0,600.0,0.00045824,estable,2,15029132208302774287,609,4844595,0.3221018314361572,,0.20848950734332622,,0.20486518148319988,0.24574938157047654,0.3132425180650422,0.39862876791156054,0.25191333853911146,0.2916884267607003,0.3568545061249502,0.44399933422664617,0.30325628941326954,0.34437033730880273,0.39671148306907966,0.49308463203209385,0.403966340744887,0.4486814142258879,0.5039074200742562,0.5487290618937095
1005,cabecera-1p-1slot,erdos_renyi,1000,8,0.08,0.5,1.0e8,716.0,0.0,1.0,600.0,0.00045824,estable,3,15148021299093791069,615,4937835,0.45513010025024414,,0.19826611457879906,,0.19515270983350774,0.22994544032154351,0.2711524109186598,0.35205448945248463,0.2429251839021802,0.27828204837209114,0.3199166643973399,0.4017593076613366,0.29265159178970634,0.3252025347792795,0.36897998949314115,0.44608031904033396,0.3680940443276768,0.4073233450620535,0.46473672755178086,0.5274199350102435
1005,cabecera-1p-1slot,erdos_renyi,1000,8,0.08,0.5,1.0e8,716.0,0.0,1.0,600.0,0.00045824,estable,4,8624723891029765626,572,4625764,0.336306095123291,,0.20918771426686758,,0.20844642939630376,0.2433855537151075,0.29153897469149115,0.3420808990838111,0.25707041993001667,0.2936100885400492,0.34103262654519995,0.39300511059735754,0.3053341880943208,0.3389101030450661,0.3953440126992973,0.4445988848675597,0.38303373170390387,0.42342089508782266,0.469732670943813,0.520486546118974
1005,cabecera-1p-1slot,erdos_renyi,1000,8,0.08,0.5,1.0e8,716.0,0.0,1.0,600.0,0.00045824,estable,5,7806169797569471478,617,4887257,0.3200869560241699,,0.20945082268337284,,0.20820752234999418,0.24217128846188984,0.2834715204945155,0.31157378769250954,0.25678725578205785,0.2919088978682609,0.33487427712265116,0.3604032940464208,0.3065794901086747,0.3409011444233556,0.3877862091308657,0.4085632197094924,0.3629814831974727,0.4060250877939211,0.4520704373576905,0.4666934618733194
1005,cabecera-1p-1slot,erdos_renyi,1000,8,0.08,0.5,1.0e8,716.0,0.0,1.0,600.0,0.00045824,estable,6,6995513606727078923,588,4792788,0.3250291347503662,,0.19851943180131615,,0.19599898884003508,0.23136496912013627,0.27358447735855407,0.3827349993650273,0.2431115276221476,0.2786770653168844,0.32069030190137937,0.42985245509646575,0.28985883385706757,0.32613286920224027,0.37007668726224097,0.468374804565201,0.38846919387077605,0.4312769152435578,0.48165874256356034,0.5296517368551577
1005,cabecera-1p-1slot,erdos_renyi,1000,8,0.08,0.5,1.0e8,716.0,0.0,1.0,600.0,0.00045824,estable,7,2004911500227169796,578,4587586,0.29773807525634766,,0.21050191489686776,,0.20929137830250966,0.23955210720859554,0.2866740038745377,0.32929601713277634,0.25765649556539927,0.28969498172813246,0.33659223132949023,0.37764098698596626,0.3187667030169905,0.3515712728778908,0.4056670295233289,0.438711240932264,1.349475972718004,1.3928244354451635,1.4408898177392615,1.4887941021991082
1005,cabecera-1p-1slot,erdos_renyi,1000,8,0.08,0.5,1.0e8,716.0,0.0,1.0,600.0,0.00045824,estable,8,3548311912470277163,613,4876415,0.3210430145263672,,0.21501934484470275,,0.21313554564116544,0.2522087029446993,0.3049428307530775,0.3472244721510833,0.2625285357906364,0.2991651084900582,0.3504647959543945,0.3971155356171039,0.31393986415639574,0.34882090166485114,0.39485193905187543,0.4471957342736914,0.4074500469994291,0.4532836083087659,0.4994664678102936,0.5510610156079565
1005,cabecera-1p-1slot,erdos_renyi,1000,8,0.08,0.5,1.0e8,716.0,0.0,1.0,600.0,0.00045824,estable,9,16651799054327592245,550,4271850,0.32556986808776855,,0.21066083372808503,,0.20905692848603508,0.24163804007298495,0.3037012960248262,0.3405268167707334,0.2574021979185659,0.2910476844543268,0.3494538330966179,0.3846551068037911,0.3093470354893384,0.33857915125447846,0.40365364342005705,0.4347760726258514,0.5296897919636194,0.5800730366808295,0.6299427171359184,0.6795324553947353
1005,cabecera-1p-1slot,erdos_renyi,1000,8,0.08,0.5,1.0e8,716.0,0.0,1.0,600.0,0.00045824,estable,10,17671663666555754158,584,4565128,0.2793118953704834,,0.20864250141135987,,0.20448621781122256,0.23936128773380005,0.3328467766663721,0.6931969547264885,0.25333816994736935,0.2888286702972245,0.37933177078048175,0.7406538813626753,0.31303863645592855,0.34491914425439063,0.4396373852148372,0.7925169005820294,0.690797643250562,0.7420884664796148,0.8271309135857337,0.8800391446437743
1005,cabecera-1p-1slot,erdos_renyi,1000,8,0.08,0.5,1.0e8,716.0,0.0,1.0,600.0,0.00045824,estable,11,5696243355126213100,594,4796550,0.3005208969116211,,0.20273523610700858,,0.20368161549464503,0.2305007340203531,0.28692077201384336,0.3257089353556921,0.250577715894849,0.27562866747916814,0.3309535193430406,0.3695724892082808,0.2929471071431351,0.3201800002445907,0.3678581895680395,0.4136363836975647,0.3465121287274542,0.38343769914835946,0.4425378490425942,0.4549883884674273
1005,cabecera-1p-1slot,erdos_renyi,1000,8,0.08,0.5,1.0e8,716.0,0.0,1.0,600.0,0.00045824,estable,12,9694214313707301843,592,4695152,0.30522680282592773,,0.20915470300532663,,0.20754154546341752,0.24115474888051835,0.2897558233478321,0.3365323200602006,0.2578895905857337,0.29160195702968394,0.339386035400139,0.38518036231198494,0.3188287748755556,0.3496486068295894,0.39736723056054757,0.4377341021511256,0.3893515912507155,0.42942313074388494,0.47275238963720767,0.5337240880941181
1017,cabecera-4p-1slot,erdos_renyi,1000,8,0.08,0.5,1.0e8,812.0,0.0,1.0,600.0,0.00051968,estable,1,8127337175494597699,666,5230098,0.5744161605834961,,0.20731994201160098,,0.20480235974886796,0.2436077635516085,0.2912933413447547,0.3448018314009005,0.25256406586061075,0.2925520884234105,0.33836832441045317,0.3912221355467409,0.29781114899498107,0.33764011633513746,0.3799696502730683,0.4343828751484011,0.3632537909769553,0.4036474295354262,0.4568445607883689,0.5126610235884073
1017,cabecera-4p-1slot,erdos_renyi,1000,8,0.08,0.5,1.0e8,812.0,0.0,1.0,600.0,0.00051968,estable,2,5653211871369739855,604,4896628,0.41402602195739746,,0.20815711144638807,,0.20648288064234066,0.23916543669224666,0.27966803254471984,0.4382002930290696,0.2536277302473877,0.2860169847997156,0.3237659965259354,0.4853307899626884,0.3022243026922524,0.3312948034191834,0.3716088496397134,0.5313375030357292,0.4395359800895733,0.48765587936167165,0.5336211033863947,0.5864025192074109
1017,cabecera-4p-1slot,erdos_renyi,1000,8,0.08,0.5,1.0e8,812.0,0.0,1.0,600.0,0.00051968,estable,3,6171821889692407327,600,4741800,0.3119168281555176,,0.20888648956204184,,0.20713009064323273,0.24154305632135475,0.27840780315750635,0.4082750380295579,0.2571129450653302,0.29061431219537326,0.32754507416848355,0.45788164786745256,0.3125395485167246,0.34659701094577144,0.38400954736175663,0.5149451048966398,0.42080174895190225,0.4581017117960755,0.5015427399666237,0.5937965859874339
1017,cabecera-4p-1slot,erdos_renyi,1000,8,0.08,0.5,1.0e8,812.0,0.0,1.0,600.0,0.00051968,estable,4,5192573313431532625,577,4525411,0.295839786529541,,0.2122660180606956,,0.21110342183433772,0.24818648567247692,0.29483386787887866,0.31735030762751393,0.2611811556042767,0.2966999464356377,0.34633574796845323,0.3679421966967098,0.3122715579478381,0.34957661440119026,0.3928682530444121,0.42084003279058635,0.374248598109034,0.4170065513512782,0.47163491800301927,0.4938878877485422
1017,cabecera-4p-1slot,erdos_renyi,1000,8,0.08,0.5,1.0e8,812.0,0.0,1.0,600.0,0.00051968,estable,5,4024222712158022431,606,4904358,0.34796714782714844,,0.20043528867278132,,0.19852734136503614,0.2302314579470206,0.27231065920625497,0.35128122236697124,0.24575129464382073,0.2776085112188582,0.32125684611662564,0.3982594144839382,0.29881689422801117,0.33272205017982515,0.3737659334738055,0.44552043375004047,0.4476996725964568,0.4927196850316591,0.539423026839529,0.6114727084700675
1017,cabecera-4p-1slot,erdos_renyi,1000,8,0.08,0.5,1.0e8,812.0,0.0,1.0,600.0,0.00051968,estable,6,125663351113735513,610,4986750,0.3268880844116211,,0.2058929996110013,,0.20640910791399847,0.23572533790769512,0.2754574308486326,0.3106200413855049,0.25253335471546734,0.2817563122846991,0.320533459836156,0.35798758912818585,0.29574684138121654,0.3238110090787032,0.364948093919196,0.40366350104312687,0.3587080004501786,0.39718701009928736,0.4421536461708797,0.4887073655466949
1017,cabecera-4p-1slot,erdos_renyi,1000,8,0.08,0.5,1.0e8,812.0,0.0,1.0,600.0,0.00051968,estable,7,11850341115543103382,616,4831288,0.3363468647003174,,0.20977233118657443,,0.2068117699393497,0.2438595965238548,0.30164641666738135,0.3478268328978906,0.25552481523243387,0.2917977460758543,0.3483834747592738,0.39415745372581057,0.3083853144704847,0.34410738555473586,0.40388213758458846,0.44991430473335825,0.37120847059822637,0.4087336410578928,0.4654846448932517,0.48949354788555866
1017,cabecera-4p-1slot,erdos_renyi,1000,8,0.08,0.5,1.0e8,812.0,0.0,1.0,600.0,0.00051968,estable,8,15256986968782225512,600,4752600,0.30541419982910156,,0.2060041893443306,,0.2063178222143165,0.2345742563592239,0.2763766916124837,0.3665446616390895,0.25309519246769696,0.28130387248694433,0.32366169549533197,0.4125785584843342,0.30224845383668253,0.33112739543111047,0.3778068656413325,0.4558650821756771,0.39606245292452513,0.43369127252378803,0.47473960766313894,0.5752680163333395
1017,cabecera-4p-1slot,erdos_renyi,1000,8,0.08,0.5,1.0e8,812.0,0.0,1.0,600.0,0.00051968,estable,9,15278887252441506020,591,4738047,0.3067779541015625,,0.2014054602254745,,0.20155136187955236,0.23167856130305609,0.2664029787086406,0.347217690558125,0.24805261067791662,0.2784213268607232,0.3143234849008536,0.39533094141896186,0.2917154486320612,0.32456169539742064,0.3572447316759053,0.4334615263353214,0.36348702370493413,0.397841318019573,0.444636983167328,0.4852968376956994
1017,cabecera-4p-1slot,erdos_renyi,1000,8,0.08,0.5,1.0e8,812.0,0.0,1.0,600.0,0.00051968,estable,10,171054037259285577,600,4827000,0.3354220390319824,,0.20676653612113552,,0.2068484392177936,0.23491231408485191,0.28985167983961446,0.33326619586031825,0.25417706395680284,0.2825920946116298,0.3369027883111926,0.3791480932223976,0.30753982631998156,0.33739238228909585,0.38720501704153776,0.4478057726432212,0.42670895315927737,0.4733372611593154,0.543669897942209,0.5771626755960142
1017,cabecera-4p-1slot,erdos_renyi,1000,8,0.08,0.5,1.0e8,812.0,0.0,1.0,600.0,0.00051968,estable,11,6915223822360827397,573,4633851,0.297590970993042,,0.20450536451254042,,0.2005744679778445,0.24183687098351925,0.288515123964018,0.3102163075726594,0.250051487441759,0.28932830984649627,0.33709651730431744,0.36237441433934237,0.3006596249490485,0.34230196184547523,0.38503488894747306,0.40533853871227166,0.3685234691660071,0.4134162393493881,0.47376832186972706,0.5105502895576706
1017,cabecera-4p-1slot,erdos_renyi,1000,8,0.08,0.5,1.0e8,812.0,0.0,1.0,600.0,0.00051968,estable,12,2750127132318831445,640,5219200,0.34291911125183105,,0.20033179632477044,,0.20116334658871438,0.2286117600260411,0.26219874172358004,0.31154164078883184,0.24595102203957708,0.27320395747125303,0.3073194564820483,0.35590765344231556,0.2939115476422103,0.3216363403502669,0.3547653983337966,0.3977212627061455,0.39412937841080975,0.43208239573937135,0.4750299432222391,0.5106068249062901
1029,anuncio-arranque-571tx,erdos_renyi,1000,8,0.08,0.5,1.0e8,4238.0,0.0,1.0,600.0,0.00271232,estable,1,7552181824724023600,572,4608604,0.3007638454437256,,0.2087909859587378,,0.20853740871547188,0.24040808037199213,0.28337155110343915,0.3428793633108853,0.2559741115475731,0.2884836131286761,0.3315531438163042,0.3905212087813652,0.3009878787132436,0.3331002051073142,0.3752401782820627,0.42913839670842435,0.3656297357549647,0.405307663271401,0.44231355779720616,0.5018049426315088
1029,anuncio-arranque-571tx,erdos_renyi,1000,8,0.08,0.5,1.0e8,4238.0,0.0,1.0,600.0,0.00271232,estable,2,11623994082809097494,620,5070980,0.3255598545074463,,0.2124884777856005,,0.21062871231444547,0.24499371621232058,0.29742195246632264,0.34988500089812646,0.25902557565132156,0.292726967600629,0.3449974645185421,0.39903820619767316,0.30480071652351626,0.3383724114337383,0.394854471131282,0.4369268572078795,0.3635093489889982,0.4033993086562191,0.4521451397289411,0.48093209222210476
1029,anuncio-arranque-571tx,erdos_renyi,1000,8,0.08,0.5,1.0e8,4238.0,0.0,1.0,600.0,0.00271232,estable,3,11504428527465287702,588,4761036,0.3352491855621338,,0.21301049571985725,,0.21002723223122644,0.24528071690947684,0.30552023534772843,0.3757070604677608,0.25916026581862184,0.29524756083603165,0.3556226863959182,0.4225033215568601,0.31437465007513765,0.35013450889519504,0.41290564074000713,0.4696400727823118,0.40755412697637894,0.45185496190379126,0.5260994035858175,0.5395904471038122
1029,anuncio-arranque-571tx,erdos_renyi,1000,8,0.08,0.5,1.0e8,4238.0,0.0,1.0,600.0,0.00271232,estable,4,4968575269201006609,604,4940116,0.31585097312927246,,0.212617455789654,,0.208566787269433,0.24831310568100662,0.3079341341346975,0.37975384861329076,0.2586315512623969,0.2963568916404711,0.35846938663384265,0.4305652467978689,0.3180987267656974,0.35474564407252274,0.4211509198441945,0.48424000396420297,0.4534241717320242,0.5017342806934266,0.564401013429773,0.6151775853086363
1029,anuncio-arranque-571tx,erdos_renyi,1000,8,0.08,0.5,1.0e8,4238.0,0.0,1.0,600.0,0.00271232,estable,5,1508039139599635303,624,5078736,0.3307161331176758,,0.2085682426189647,,0.20870750906294688,0.2397072983494013,0.276745444480639,0.30352296248958055,0.25604945975192095,0.2859216293687723,0.326131823477283,0.3509533262920286,0.3003292635409025,0.3325611700015543,0.3714474768009808,0.3914369887377802,0.38895159191309236,0.42941329660646943,0.4675264612389327,0.4879606936043217
1029,anuncio-arranque-571tx,erdos_renyi,1000,8,0.08,0.5,1.0e8,4238.0,0.0,1.0,600.0,0.00271232,estable,6,5042172421678042791,580,4588380,0.2998950481414795,,0.21669702008897757,,0.21532903779325352,0.24948150151942627,0.30331812578100426,0.37962563209775624,0.2649131187832836,0.298443252339041,0.3510284999019859,0.43049632514443203,0.3132105973471653,0.3483988626404084,0.40020472759249515,0.4810094612411717,0.3982234741996251,0.44082135642553055,0.4874348754907487,0.5419422645888119
1029,anuncio-arranque-571tx,erdos_renyi,1000,8,0.08,0.5,1.0e8,4238.0,0.0,1.0,600.0,0.00271232,estable,7,6504396318317889780,588,4722228,0.32789182662963867,,0.21655668179404147,,0.21324924837989556,0.2509440117276256,0.32311596611273785,0.48413341294400425,0.2643766577999429,0.3002280740543597,0.37409578417094735,0.5344875228232979,0.31250564552271953,0.35335285065978894,0.42527577336710465,0.5830224882824382,0.4848036675948606,0.5377400859098884,0.6128191624973951,0.6352348433568977
1029,anuncio-arranque-571tx,erdos_renyi,1000,8,0.08,0.5,1.0e8,4238.0,0.0,1.0,600.0,0.00271232,estable,8,14971510944101970785,597,4817193,0.30718398094177246,,0.21245689779077473,,0.2113977141277843,0.24613707805713148,0.3095364324383354,0.41928347009258005,0.25971298020965605,0.294150197193602,0.3581862740259112,0.46714048020214705,0.3067671243927066,0.3417175342960377,0.40168179956742733,0.5058264720270245,0.42160161183150535,0.46845370513869966,0.5260412538358423,0.6026117057033389
1029,anuncio-arranque-571tx,erdos_renyi,1000,8,0.08,0.5,1.0e8,4238.0,0.0,1.0,600.0,0.00271232,estable,9,17664796251478551919,634,5108138,0.3263969421386719,,0.21359833079548457,,0.21189551956121022,0.2447134064977945,0.30918210558820647,0.3556238248736463,0.26087938558788437,0.2928763315505307,0.35909290586852194,0.4030592664767312,0.31788582824486866,0.3508466225195548,0.4055959176344004,0.465027055998803,0.4203025571887906,0.4605199887119369,0.5128438835297402,0.5882336397145309
1029,anuncio-arranque-571tx,erdos_renyi,1000,8,0.08,0.5,1.0e8,4238.0,0.0,1.0,600.0,0.00271232,estable,10,10357872184742837606,616,4883032,0.3480072021484375,,0.21405851672647877,,0.21220937379723637,0.2447383283133604,0.30366539986109586,0.34305635781828414,0.2606890729574616,0.29370369797828744,0.3528599786980351,0.39120316468938654,0.31403704024813806,0.34853871688979865,0.40528672098372454,0.44106558060428824,0.3708220085585481,0.40769522813471326,0.46250096432319765,0.49960420506548076
1029,anuncio-arranque-571tx,erdos_renyi,1000,8,0.08,0.5,1.0e8,4238.0,0.0,1.0,600.0,0.00271232,estable,11,4364553701887731698,608,4794080,0.33368396759033203,,0.21407812881429383,,0.2120319078844659,0.2487484520580665,0.29393132522756105,0.3443516512634801,0.2625075811059787,0.29958032952425384,0.34342239911575234,0.39449219412136927,0.3141707590400955,0.3529594288727367,0.4015429528003551,0.4369417399356905,0.39701648118648336,0.44510154544376945,0.49112076492372125,0.5438273602053698
1029,anuncio-arranque-571tx,erdos_renyi,1000,8,0.08,0.5,1.0e8,4238.0,0.0,1.0,600.0,0.00271232,estable,12,15068734182422192724,625,5070625,0.38459110260009766,,0.20347371162808156,,0.20273828073823097,0.23506412450487346,0.2690600495543549,0.35761296369236106,0.2505935004744515,0.28249524463927855,0.3151932306508485,0.40501993381559487,0.30399856737602704,0.3369237671095533,0.37794736196001466,0.4536430101048836,0.43194219749660334,0.4775914961300032,0.523683699868684,0.5770340152780591
1041,cabecera-peor-caso-16p-150slot,erdos_renyi,1000,8,0.08,0.5,1.0e8,20268.0,0.0,1.0,600.0,0.01297152,estable,1,806158973654969855,595,4747505,0.33142900466918945,,0.24957670209574576,,0.2480563800204436,0.27901103977785624,0.3857718676614468,0.6273623356265716,0.30167065423887607,0.3338349329128789,0.4400246512281569,0.6812625358939499,0.3614923145141802,0.39206894100277623,0.5014462256930301,0.7334388562080676,0.634184256077873,0.6861206285883839,0.7872714755810648,0.9367851193508727
1041,cabecera-peor-caso-16p-150slot,erdos_renyi,1000,8,0.08,0.5,1.0e8,20268.0,0.0,1.0,600.0,0.01297152,estable,2,4595360832747406169,592,4653712,0.29573607444763184,,0.24968535464936278,,0.24911587306314686,0.28852781606363465,0.34530321467542535,0.41092716905168913,0.3047971938135561,0.34257762102538436,0.40534346556182754,0.46761022503410743,0.36418042245094284,0.40546119552243454,0.4698374846344393,0.5224444419466892,0.4635705652335673,0.5068835406577357,0.5777194220962087,0.6262131610971267
1041,cabecera-peor-caso-16p-150slot,erdos_renyi,1000,8,0.08,0.5,1.0e8,20268.0,0.0,1.0,600.0,0.01297152,estable,3,17714839302857130460,592,4845520,0.31764698028564453,,0.24051945739002323,,0.24108611946638803,0.2712635126204077,0.32523951215270586,0.3594468685258221,0.2942486048350972,0.3249159279457672,0.3808105484739599,0.4130754060487334,0.34817635540071024,0.37934382520506915,0.43325798725311415,0.4617011480980864,0.4322571020735495,0.4712042185315397,0.5238335464698594,0.5603521290299796
1041,cabecera-peor-caso-16p-150slot,erdos_renyi,1000,8,0.08,0.5,1.0e8,20268.0,0.0,1.0,600.0,0.01297152,estable,4,13379453665799981508,583,4509505,0.32816505432128906,,0.24686836389131936,,0.24530878816267432,0.2842812396037857,0.34981218646930756,0.39008723926633593,0.3019223580941457,0.3390258116839391,0.40269167023319596,0.44463099251936455,0.3541494086319972,0.39129869337895684,0.4528876528922865,0.49810935643574794,0.4495074752509822,0.5070710497776645,0.5723970475757483,0.5957462964603835
1041,cabecera-peor-caso-16p-150slot,erdos_renyi,1000,8,0.08,0.5,1.0e8,20268.0,0.0,1.0,600.0,0.01297152,estable,5,15824639800530646411,611,4752969,0.30306100845336914,,0.24901780236135193,,0.247628883396537,0.28453177286121445,0.335851026230074,0.41045010035252005,0.3038398759898371,0.34126491622487265,0.38989596868505316,0.4641311673202324,0.3609241320999672,0.3968124712912413,0.4431382599859006,0.512288221569932,0.45020866908996027,0.48638548300334605,0.5436247037030739,0.6231522663801314
1041,cabecera-peor-caso-16p-150slot,erdos_renyi,1000,8,0.08,0.5,1.0e8,20268.0,0.0,1.0,600.0,0.01297152,estable,6,5931164639351673054,631,5097849,0.3298349380493164,,0.24699086669383122,,0.24684795773093526,0.27972867733933526,0.3220994159530335,0.3742439055351383,0.30127644867366143,0.332282541197344,0.37818197960481825,0.42866649692098235,0.35369220320239947,0.3859778941980494,0.4410178532396003,0.4853718591680831,0.5145856334994505,0.5663990076878029,0.6350699927272672,0.6678522083480516
1041,cabecera-peor-caso-16p-150slot,erdos_renyi,1000,8,0.08,0.5,1.0e8,20268.0,0.0,1.0,600.0,0.01297152,estable,7,11903628398380304402,607,4973151,0.3415048122406006,,0.23736645468122575,,0.23806373815023107,0.2680604882015132,0.30734345956415154,0.35395340920251783,0.29005428635596786,0.3202444224515375,0.3596433577897642,0.40574458392541146,0.33727837849950504,0.36994734435461396,0.404471440060604,0.4581272680763959,0.3901589087267894,0.4249452123539754,0.48156940229426937,0.502090243057296
1041,cabecera-peor-caso-16p-150slot,erdos_renyi,1000,8,0.08,0.5,1.0e8,20268.0,0.0,1.0,600.0,0.01297152,estable,8,17420113453512779164,617,4907001,0.3133378028869629,,0.2481308188421345,,0.24855074365997254,0.28374190056612747,0.33211669542356503,0.44180991858263496,0.30182507684293114,0.33709045573243657,0.38467799570372563,0.49845591860130867,0.35198837231138214,0.38560900751974714,0.43535265737946816,0.5416889612160958,0.4494261534441648,0.5022369471389254,0.5542350215087026,0.5952196323768817
1041,cabecera-peor-caso-16p-150slot,erdos_renyi,1000,8,0.08,0.5,1.0e8,20268.0,0.0,1.0,600.0,0.01297152,estable,9,4916150058476837023,584,4523080,0.3714120388031006,,0.25062780614016195,,0.2479301648004899,0.2867764987086616,0.37685381715601807,0.408039074396072,0.30356080651807815,0.34088476342686747,0.43241094045094997,0.4602796000414173,0.3600827501551862,0.3965347620314219,0.48333094689439804,0.5109297110850548,0.4937176744819567,0.5511903396090929,0.6336475264450314,0.668192250508298
1041,cabecera-peor-caso-16p-150slot,erdos_renyi,1000,8,0.08,0.5,1.0e8,20268.0,0.0,1.0,600.0,0.01297152,estable,10,1646324516270330566,605,4941035,0.3710470199584961,,0.24442793205795857,,0.2441887297310359,0.2787879624299876,0.32075365991670424,0.34297783891342704,0.2988192503992195,0.3327697469676423,0.37451761962512364,0.3965215975541696,0.3474195766932837,0.3811369629853516,0.4246267082375965,0.4370627414474342,0.49810065826737837,0.5475044779302181,0.5977704378685758,0.6413675425573473
1041,cabecera-peor-caso-16p-150slot,erdos_renyi,1000,8,0.08,0.5,1.0e8,20268.0,0.0,1.0,600.0,0.01297152,estable,11,8490513108139815255,556,4453004,0.28545379638671875,,0.2443263016090618,,0.24371068029199705,0.2766066439679662,0.32059264042887214,0.3567638870366068,0.29723803012745975,0.3296850720449811,0.3733893022335124,0.4097836929012715,0.3556104769667172,0.38675623383096536,0.43376828943269174,0.46811413525648504,0.4425224581147882,0.48490490746735304,0.5282466174987803,0.5649965319108219
1041,cabecera-peor-caso-16p-150slot,erdos_renyi,1000,8,0.08,0.5,1.0e8,20268.0,0.0,1.0,600.0,0.01297152,estable,12,13251047402950277707,599,4750669,0.3081851005554199,,0.2499707133629245,,0.24659058025551417,0.2948501135783488,0.3396489898037487,0.36452718845837584,0.30274382569287184,0.3505124668488975,0.39898119450475633,0.4183050619090576,0.36252509052303594,0.409389056537691,0.45326806836339983,0.47572466927010293,0.4663396559233206,0.5167978349627447,0.5700624642334375,0.6201689368974739
1053,anuncio-techo-4464tx,erdos_renyi,1000,8,0.08,0.5,1.0e8,27596.0,0.0,1.0,600.0,0.01766144,estable,1,4136074688531490843,575,4605175,0.3112330436706543,,0.26341721883367797,,0.2637479590542853,0.29862175517223477,0.3583251606572162,0.4044382086782434,0.32123024421793644,0.35627767060918814,0.41364728660221317,0.4675183146840176,0.3766990032511046,0.4098380035084688,0.47889328716081536,0.5249154089730759,0.45724671043990384,0.5003890862377602,0.5607313545274906,0.5906684043505379
1053,anuncio-techo-4464tx,erdos_renyi,1000,8,0.08,0.5,1.0e8,27596.0,0.0,1.0,600.0,0.01766144,estable,2,12166820980170368955,601,4642725,0.29125499725341797,,0.2628026847372069,,0.26342228086696196,0.3032025433361367,0.35677365670957784,0.38952538903174627,0.3217091344520213,0.36229700708082646,0.4153561782713666,0.44780982765689714,0.3754026804799935,0.41585938588664817,0.4652602495831104,0.49371133363968056,0.42848703537646315,0.47044356846061675,0.5212292647706818,0.5516671406296609
1053,anuncio-techo-4464tx,erdos_renyi,1000,8,0.08,0.5,1.0e8,27596.0,0.0,1.0,600.0,0.01766144,estable,3,2462773861245602981,583,4728713,0.306520938873291,,0.25400606982888013,,0.2539797626326106,0.28709146156273846,0.3580385552218104,0.3914547477778001,0.31024139529637296,0.3426296176868391,0.4119405119924977,0.45058953247297495,0.3591527422265699,0.39482011063103073,0.4669346719293799,0.5003035058354612,0.4222633863271561,0.4639401760434225,0.5317001938370822,0.5494274829237042
1053,anuncio-techo-4464tx,erdos_renyi,1000,8,0.08,0.5,1.0e8,27596.0,0.0,1.0,600.0,0.01766144,estable,4,16921820329226416901,625,5041875,0.35110902786254883,,0.25599113259371126,,0.25613248405645095,0.2890967999188092,0.3314278219811513,0.3631602592945171,0.31087471560783797,0.34343240303996936,0.38292476131692865,0.41447589540408103,0.3645570378312257,0.3948077900295175,0.43464241392314307,0.4699229188993854,0.4465209198772584,0.4891164441724527,0.5508792727454761,0.5734697679836245
1053,anuncio-techo-4464tx,erdos_renyi,1000,8,0.08,0.5,1.0e8,27596.0,0.0,1.0,600.0,0.01766144,estable,5,7865209393139774225,632,5014920,0.3829951286315918,,0.2609447869991118,,0.2611338698452954,0.29540323187873696,0.3435791095221825,0.398786214689963,0.3183799653771757,0.3515395476746619,0.4004225937579884,0.454206849852568,0.3680843333678041,0.4006425798091868,0.44865882334090657,0.5096334679136731,0.4285652960421089,0.4654240242451806,0.5203978561048643,0.5551765056685838
1053,anuncio-techo-4464tx,erdos_renyi,1000,8,0.08,0.5,1.0e8,27596.0,0.0,1.0,600.0,0.01766144,estable,6,9880278358810653894,637,5165433,0.3617739677429199,,0.25267022275793544,,0.2526845494035115,0.2907482512702586,0.3331016259489843,0.501918423535578,0.30882131559735626,0.3466046331594157,0.3897314196536854,0.5585016975053207,0.3578757773209418,0.3940503839446592,0.4330407235393068,0.6134326746077647,0.5165966838889631,0.5790950044709575,0.635181465460505,0.7029597675193102
1053,anuncio-techo-4464tx,erdos_renyi,1000,8,0.08,0.5,1.0e8,27596.0,0.0,1.0,600.0,0.01766144,estable,7,13838320241768974070,550,4337850,0.517219066619873,,0.2662519289536818,,0.26449003517859637,0.3010994289079463,0.3696534176882551,0.38539916880733927,0.323447013432002,0.3589415053726839,0.4299435447923088,0.447506566508423,0.38601247983433495,0.42115414167724907,0.49166146289218204,0.5080904092482683,0.5427816718912197,0.5998381440732601,0.6510108636117806,0.7028048615331386
1053,anuncio-techo-4464tx,erdos_renyi,1000,8,0.08,0.5,1.0e8,27596.0,0.0,1.0,600.0,0.01766144,estable,8,12130832596883563399,560,4581360,0.3772439956665039,,0.2574473080315718,,0.25797510234326637,0.2876474661228485,0.33878238646769887,0.38776422794944665,0.31418463620909165,0.34529617729819506,0.3954601235753117,0.4425912176309339,0.36281885402743796,0.3938695042979248,0.44505877329800114,0.4917931197362009,0.42752409915328826,0.4719391781204081,0.5229450667982007,0.5496801336057615
1053,anuncio-techo-4464tx,erdos_renyi,1000,8,0.08,0.5,1.0e8,27596.0,0.0,1.0,600.0,0.01766144,estable,9,17552571915456279665,558,4475718,0.3047199249267578,,0.2529006055634548,,0.2521085949128974,0.2866396984832136,0.3506359440835496,0.5095564318030483,0.30860018111192744,0.3427393491904809,0.40447391549054146,0.562583002204974,0.3687189969965914,0.40118176864021393,0.46987012140029094,0.6178638661331206,0.5096161362269243,0.5630128994632315,0.6108245383179991,0.6623729476822291
1053,anuncio-techo-4464tx,erdos_renyi,1000,8,0.08,0.5,1.0e8,27596.0,0.0,1.0,600.0,0.01766144,estable,10,18027975780985765903,653,5240325,0.34415292739868164,,0.25762356884496296,,0.25976920027341066,0.29292896734659735,0.31781223451798724,0.3924917753570867,0.3153420583618072,0.34859080915958884,0.37471718633725004,0.44692910009507614,0.36473884901442943,0.3969808944312092,0.42786611623347426,0.48658474580378197,0.4681441319339683,0.5191110683912257,0.5512020522776311,0.588092821710859
1053,anuncio-techo-4464tx,erdos_renyi,1000,8,0.08,0.5,1.0e8,27596.0,0.0,1.0,600.0,0.01766144,estable,11,1909987213344724914,628,5030908,0.3365509510040283,,0.25519018428548756,,0.2566931750346555,0.2881417942639928,0.3331102187940189,0.3666547917457592,0.3121212226392913,0.34433676459133267,0.3869103291448823,0.4230088652997779,0.3587425332201519,0.39303678266327324,0.43249920562381305,0.4645361575316542,0.41470205219077627,0.4522600311440179,0.5015385613421017,0.5231365951341331
1053,anuncio-techo-4464tx,erdos_renyi,1000,8,0.08,0.5,1.0e8,27596.0,0.0,1.0,600.0,0.01766144,estable,12,12196377790420829696,604,4781868,0.30288219451904297,,0.2549459099927882,,0.25531741569812993,0.29537981090902576,0.3303109410708487,0.3519120577780086,0.3126003842292384,0.35162806569672966,0.38516641452469,0.40868392773455753,0.36092120153816865,0.40003926377694654,0.4311042345536862,0.4527657765495974,0.4706471573055637,0.518090169372158,0.5654973151769127,0.5792646969388784
1008,cabecera-1p-1slot,regular,1000,8,0.08,0.5,5.967e7,716.0,0.0,1.0,600.0,0.0007679570973688621,estable,1,16377503544220475389,563,4504563,0.3237569332122803,,0.21451742224167786,,0.21752563082816323,0.24215717669198966,0.26210669497800154,0.2675472384960358,0.2618982457894994,0.28655320075313284,0.30840074934178574,0.3144960782636872,0.29437792596459644,0.31979659078893974,0.33900113852868685,0.343560529103101,0.32170991334464816,0.35256852916401726,0.37742850026762653,0.38317373493288187
1008,cabecera-1p-1slot,regular,1000,8,0.08,0.5,5.967e7,716.0,0.0,1.0,600.0,0.0007679570973688621,estable,2,16639845617051498114,590,4720590,0.3184959888458252,,0.21224206510721366,,0.2153757936244709,0.23857633203388673,0.26650257025100643,0.27826716336488744,0.26007503291332057,0.283505144295475,0.30887469455456085,0.3221194505343874,0.29259613063288725,0.3151763514983372,0.34004469446433916,0.3561299671454208,0.32087281989470284,0.34880506563146696,0.3742056424850375,0.3842280757631471
1008,cabecera-1p-1slot,regular,1000,8,0.08,0.5,5.967e7,716.0,0.0,1.0,600.0,0.0007679570973688621,estable,3,1445864911149623161,600,4800600,0.3153989315032959,,0.2153806200899003,,0.2184971783362073,0.24459656324836487,0.2650199503383277,0.29097647427022366,0.2630861135097007,0.28825476730460764,0.3080831248656182,0.33286030676279665,0.2961432983672694,0.32237811806032823,0.3420847332553194,0.36484237854119783,0.3293200946878869,0.3557397003084475,0.379401289813849,0.3904472027662962
1008,cabecera-1p-1slot,regular,1000,8,0.08,0.5,5.967e7,716.0,0.0,1.0,600.0,0.0007679570973688621,estable,4,2785844262110172477,600,4800600,0.35722804069519043,,0.20894892749255842,,0.2129227572398591,0.23336432937152551,0.2624854295265777,0.2764053639446047,0.256868731462788,0.2764847283247036,0.3047536437168148,0.32124044686003117,0.29055658993689804,0.3120652876573331,0.3375768133800392,0.3553730632886527,0.32109890792823137,0.3493020623122902,0.374159318946397,0.39137143586964385
1008,cabecera-1p-1slot,regular,1000,8,0.08,0.5,5.967e7,716.0,0.0,1.0,600.0,0.0007679570973688621,estable,5,13904027660654217591,562,4496562,0.32108592987060547,,0.21567634804253008,,0.21887651900033234,0.24290750710025577,0.2807329894741599,0.3033061372282191,0.26452458463629114,0.2885940295568332,0.3237503362121288,0.3501382464125413,0.29958951961680214,0.3244373158322844,0.3633019256057821,0.38308928482837246,0.33862867864186796,0.37089232873699984,0.4077111802394313,0.41344790295241296
1008,cabecera-1p-1slot,regular,1000,8,0.08,0.5,5.967e7,716.0,0.0,1.0,600.0,0.0007679570973688621,estable,6,5247372392259897151,599,4792599,0.34227991104125977,,0.2118995880094068,,0.2153670683105986,0.24017837068595327,0.27126699902458995,0.30384313534185914,0.2605823956117632,0.2854718909393057,0.3145476446527482,0.34764013279801453,0.29531337580090167,0.320288913568163,0.34966506580525447,0.3847175375322678,0.33437507690445045,0.36277063501637485,0.4007236358889372,0.4159220463391762
1008,cabecera-1p-1slot,regular,1000,8,0.08,0.5,5.967e7,716.0,0.0,1.0,600.0,0.0007679570973688621,estable,7,8085474935971067114,619,4952619,0.5382080078125,,0.2133138244198594,,0.2173218683564926,0.24207604298027263,0.2639548146580921,0.29339232655718206,0.26224982839184463,0.28633501452350174,0.3105080173584156,0.3381523246597453,0.2951356481513585,0.3211773160869882,0.3430196192132371,0.37677395352943677,0.32584483259972785,0.3544165177094101,0.3853969135699913,0.3858814456759774
1008,cabecera-1p-1slot,regular,1000,8,0.08,0.5,5.967e7,716.0,0.0,1.0,600.0,0.0007679570973688621,estable,8,5599307331729289702,628,5024628,0.4213120937347412,,0.2088703405055672,,0.21157776538939999,0.23721434391370622,0.25832795290352806,0.2871451941268788,0.2559868339372997,0.2813820164749359,0.3023575152063813,0.3314026590754793,0.28754650631481127,0.3120708162006167,0.3343700571708297,0.3576881898858346,0.32074906455885355,0.34301409636250213,0.36756433633388497,0.3974766372392651
1008,cabecera-1p-1slot,regular,1000,8,0.08,0.5,5.967e7,716.0,0.0,1.0,600.0,0.0007679570973688621,estable,9,923202290516973698,588,4704588,0.3227529525756836,,0.21182006551934976,,0.21553604609462695,0.24121027151751662,0.2589500388369288,0.2836226921194793,0.2601011922190537,0.2859892442904197,0.3047179857272795,0.33085531767227394,0.29199119698432696,0.3175180538538811,0.3366364318685129,0.3616006147693156,0.3244565207307488,0.3524332465883617,0.3710987037113256,0.39935918366097667
1008,cabecera-1p-1slot,regular,1000,8,0.08,0.5,5.967e7,716.0,0.0,1.0,600.0,0.0007679570973688621,estable,10,3726233319473790312,575,4600575,0.2998971939086914,,0.20855009401901717,,0.21077876912625015,0.23454966337726546,0.2693467594426764,0.287809484152433,0.2549872644710831,0.27929482859258314,0.31515695884684547,0.3317680435337138,0.29023011636559204,0.3147086346998549,0.3470477995745682,0.368375810745988,0.33624008096484204,0.3654200191784298,0.39296751393465,0.42429558302728765
1008,cabecera-1p-1slot,regular,1000,8,0.08,0.5,5.967e7,716.0,0.0,1.0,600.0,0.0007679570973688621,estable,11,3672368275787836180,625,5000625,0.34696292877197266,,0.2141522655796294,,0.21786922025944477,0.2423871815751113,0.268819338641606,0.305227251405654,0.26288073114665167,0.28699159313451617,0.31196473834455674,0.35275298955957624,0.29723198371436865,0.32108038079326207,0.3457215613871085,0.38692452940631483,0.3341710482991971,0.36486768525128355,0.38995533244957414,0.4065341990200295
1008,cabecera-1p-1slot,regular,1000,8,0.08,0.5,5.967e7,716.0,0.0,1.0,600.0,0.0007679570973688621,estable,12,6120655215169194890,617,4936617,0.32220911979675293,,0.21299930875303924,,0.21672311652247345,0.23888006153242713,0.2634760973721768,0.2810102192112822,0.26144963986791936,0.28374385622515774,0.30751688839336566,0.3266937098447329,0.2917951850615452,0.31483774438530077,0.33375560246162195,0.3603819389699794,0.31683765981981793,0.3420377936976706,0.3700532846539488,0.380219279858494
1020,cabecera-4p-1slot,regular,1000,8,0.08,0.5,5.967e7,812.0,0.0,1.0,600.0,0.0008709234120998827,estable,1,10419040538850725360,656,5248656,0.36133289337158203,,0.21734367875394053,,0.22087393689565715,0.24402374821377748,0.2681267610385021,0.2792728997364762,0.26665975159345123,0.28870828007956106,0.3137127601328302,0.3232531002804393,0.2988837093098198,0.32294765649656654,0.34661939031379063,0.35595619196743655,0.3268685829235096,0.35232828836183216,0.3766843870252998,0.3956682844901138
1020,cabecera-4p-1slot,regular,1000,8,0.08,0.5,5.967e7,812.0,0.0,1.0,600.0,0.0008709234120998827,estable,2,7400739318294145098,610,4880610,0.3293900489807129,,0.21176101854252502,,0.21401070898724583,0.241332939894761,0.2651589907932248,0.2822105820024845,0.26000310261935056,0.2857479075167362,0.3093040278076842,0.327259369480668,0.2944350646546354,0.31976272526972593,0.345220221202851,0.364276982746766,0.3240376697930287,0.35810684908591384,0.38354728598983456,0.3917194290542625
1020,cabecera-4p-1slot,regular,1000,8,0.08,0.5,5.967e7,812.0,0.0,1.0,600.0,0.0008709234120998827,estable,3,4800853518343720172,592,4736592,0.4353790283203125,,0.21264419337998844,,0.21568595854381556,0.24010423511708723,0.2796365143950581,0.29187944755496353,0.26044467176029684,0.2839979689422307,0.3248967350287444,0.33736780454341897,0.2930559387335734,0.3194124825498079,0.36182114805818344,0.37010234931109487,0.3297188739844188,0.3579016289223773,0.3875475276270208,0.39602448415788416
1020,cabecera-4p-1slot,regular,1000,8,0.08,0.5,5.967e7,812.0,0.0,1.0,600.0,0.0008709234120998827,estable,4,9401427771023430671,585,4680585,0.33261704444885254,,0.2142818547701307,,0.21790788135283634,0.23952392917698262,0.26752308432143934,0.2882224119158536,0.26268383785429705,0.28502967422963366,0.31181699318918277,0.3309445567476814,0.29533191846974205,0.3162306251818876,0.3431637262327456,0.36336674810843306,0.3254289904922416,0.351046602166889,0.3725132677761849,0.3930898277800452
1020,cabecera-4p-1slot,regular,1000,8,0.08,0.5,5.967e7,812.0,0.0,1.0,600.0,0.0008709234120998827,estable,5,4805685338063991680,594,4752594,0.3214080333709717,,0.21196805866501212,,0.21511536371001228,0.2375462510708246,0.2622169651002402,0.29578472156697444,0.2601434254656141,0.2823105544429154,0.3068734494609906,0.34190076173018724,0.29138326188088115,0.3144568339284888,0.33776232335048206,0.3756014802008849,0.32171977532834717,0.3498383320120695,0.3817732270320038,0.3955950644478321
1020,cabecera-4p-1slot,regular,1000,8,0.08,0.5,5.967e7,812.0,0.0,1.0,600.0,0.0008709234120998827,estable,6,17541725932911848904,616,4928616,0.346081018447876,,0.20995656688862524,,0.21295237532710587,0.2357768925205619,0.2639274502708986,0.2795387048397515,0.25728600931012124,0.2804815756948429,0.30781220594187175,0.3202642386718253,0.2902011939468707,0.313243639695429,0.33809645852511494,0.3591645993296311,0.3187182660306007,0.34490055706351086,0.3696111173682084,0.4025161099187926
1020,cabecera-4p-1slot,regular,1000,8,0.08,0.5,5.967e7,812.0,0.0,1.0,600.0,0.0008709234120998827,estable,7,12696280669603701964,573,4584573,0.29576587677001953,,0.21841516185795087,,0.22073637096264065,0.24955660300682325,0.26545397790425795,0.29394190973076917,0.26625291687861363,0.29574485721379773,0.31054180175954116,0.3390034132452513,0.2982432433463771,0.3265640115346855,0.34471782014628616,0.37180311785458997,0.32766360933557337,0.35626640272926124,0.37935268839567016,0.3899988838420825
1020,cabecera-4p-1slot,regular,1000,8,0.08,0.5,5.967e7,812.0,0.0,1.0,600.0,0.0008709234120998827,estable,8,294024330107376773,582,4656582,0.3165168762207031,,0.21842569090684366,,0.22174239015981811,0.24442115375325102,0.2740496342601517,0.28744590834355677,0.2673347322251516,0.28953325050345313,0.3190738743817576,0.3343249800262811,0.29930741734673916,0.3233067554147624,0.35331867448735466,0.3672886778889506,0.33106959638655553,0.35623895620210533,0.3901069927200673,0.4067630738297794
1020,cabecera-4p-1slot,regular,1000,8,0.08,0.5,5.967e7,812.0,0.0,1.0,600.0,0.0008709234120998827,estable,9,10134486517521383359,628,5024628,0.35286903381347656,,0.21140303288565318,,0.21490381593451957,0.23758511903474755,0.2582515717585352,0.28587222528032896,0.25938430205053464,0.28206426639229676,0.3031789117243875,0.328548468178397,0.2916294398022359,0.3143909308959678,0.3392048576796469,0.36067418513506766,0.32401610434283157,0.3493133696875361,0.3837581977001605,0.38990132622188867
1020,cabecera-4p-1slot,regular,1000,8,0.08,0.5,5.967e7,812.0,0.0,1.0,600.0,0.0008709234120998827,estable,10,5225029095549499237,587,4696587,0.3121070861816406,,0.21155370286732553,,0.21472783447897115,0.2396111752457486,0.2601493901723302,0.2870483121346865,0.25898929756695566,0.2853424311635422,0.30433122554251213,0.3335245751519693,0.29247545860567925,0.31686013927408396,0.33798919766309155,0.36641052574358923,0.3340109708806338,0.36731923613103845,0.4020723933246977,0.40689650467032834
1020,cabecera-4p-1slot,regular,1000,8,0.08,0.5,5.967e7,812.0,0.0,1.0,600.0,0.0008709234120998827,estable,11,9603368370501051890,587,4696587,0.30178117752075195,,0.2124985662384211,,0.21520954474146947,0.23728102909240079,0.26667443145943537,0.2789409108208929,0.26008537959910427,0.2828115406894369,0.31334500025965184,0.3226632091829629,0.2940743002687327,0.3174779903100102,0.34014715373643867,0.3575517885686281,0.3276486447838636,0.35518705266261463,0.38917983890104324,0.4002701225099372
1020,cabecera-4p-1slot,regular,1000,8,0.08,0.5,5.967e7,812.0,0.0,1.0,600.0,0.0008709234120998827,estable,12,2952548982222802016,614,4912614,0.3435978889465332,,0.21727957216407168,,0.22023964114686123,0.24529123564286692,0.26403390621641165,0.2830229499534198,0.26556636566749603,0.29109896044604966,0.3085539764074383,0.3264683907054149,0.2995622121155179,0.32449553348084237,0.34354269962392436,0.3681830584195609,0.336646892066085,0.3728028466475166,0.40839022728553687,0.43424342742343924
1032,anuncio-arranque-571tx,regular,1000,8,0.08,0.5,5.967e7,4238.0,0.0,1.0,600.0,0.004545533769063181,estable,1,3750503004795842354,593,4744593,0.5574591159820557,,0.22755196038860667,,0.23063260808226005,0.2556195797130272,0.27686985456756474,0.30759413288478754,0.27815044735294236,0.30272180515328273,0.3234197907875114,0.35547051797050244,0.31134779910922816,0.336644632538615,0.35473331022262755,0.39222893024776795,0.3483460652365693,0.3793795843503176,0.40690110033142446,0.42282895738532034
1032,anuncio-arranque-571tx,regular,1000,8,0.08,0.5,5.967e7,4238.0,0.0,1.0,600.0,0.004545533769063181,estable,2,12452861222346883091,586,4688586,0.4135878086090088,,0.22267076875676742,,0.2260346270548439,0.25007112412725974,0.2773867849427063,0.2940066789459479,0.27195303394267967,0.29790371008616034,0.32330877459264684,0.3407222011499016,0.3067913514174734,0.3322350646452037,0.35675931049054554,0.3786465236013328,0.3384264384170024,0.36702951585088783,0.3984276567409495,0.4105532951441546
1032,anuncio-arranque-571tx,regular,1000,8,0.08,0.5,5.967e7,4238.0,0.0,1.0,600.0,0.004545533769063181,estable,3,10090991310472867549,599,4792599,0.34009814262390137,,0.22458830357686002,,0.228381596729605,0.25073445775524306,0.272450241640243,0.3097689599296132,0.27520067580462637,0.29714461274545556,0.31865160923968006,0.3558647535566024,0.30779158012765606,0.3307251096667869,0.3478488514221567,0.3918681375106985,0.33931700076578863,0.36791505613678055,0.39452601982895885,0.42077069139134693
1032,anuncio-arranque-571tx,regular,1000,8,0.08,0.5,5.967e7,4238.0,0.0,1.0,600.0,0.004545533769063181,estable,4,14345041637236474839,606,4848606,0.326862096786499,,0.22464035242036948,,0.2268123369423165,0.2541154607393423,0.2875541537633808,0.30208651523525987,0.27374464106904384,0.300953123174196,0.3333304211896859,0.3483921868834443,0.3081366685969442,0.33540769834991124,0.36835502070357506,0.38015534577158405,0.34259865489428165,0.37132349914560336,0.39971608294183625,0.4207006652487735
1032,anuncio-arranque-571tx,regular,1000,8,0.08,0.5,5.967e7,4238.0,0.0,1.0,600.0,0.004545533769063181,estable,5,6822684018624875264,629,5032629,0.35954904556274414,,0.22241331421576843,,0.22601349571175433,0.24908055047455946,0.27157894354235523,0.3040183117018955,0.2715844057632637,0.2949718362947351,0.31979657671496753,0.3514827366384452,0.3057959940317687,0.32882834757715784,0.3493738982178698,0.3806215404092086,0.3396519484374494,0.36769805415517,0.3888943130205007,0.4199695792666489
1032,anuncio-arranque-571tx,regular,1000,8,0.08,0.5,5.967e7,4238.0,0.0,1.0,600.0,0.004545533769063181,estable,6,8801448907377156173,597,4776597,0.31786394119262695,,0.22495605502312202,,0.22947910857783427,0.2541945186679868,0.27302408469049055,0.2888747311634461,0.27539458789797777,0.2991219460200796,0.32042907143323873,0.33532412314946214,0.3078268659511423,0.3323120193095974,0.35478293174216446,0.36661032176357367,0.33607638292323827,0.3624350752727423,0.3908537392278504,0.40567881947669093
1032,anuncio-arranque-571tx,regular,1000,8,0.08,0.5,5.967e7,4238.0,0.0,1.0,600.0,0.004545533769063181,estable,7,13428301276003269099,586,4688586,0.3296830654144287,,0.2223707771484247,,0.22495171940386172,0.24948816450586264,0.2747892448978604,0.28407460166152987,0.2710478163677976,0.29464553799590476,0.3220018508757789,0.3305526399921632,0.3032238385415553,0.327859137922772,0.3544245192105109,0.3596429780081394,0.33324258609178514,0.36056536707297937,0.3921433793458391,0.4015905417296324
1032,anuncio-arranque-571tx,regular,1000,8,0.08,0.5,5.967e7,4238.0,0.0,1.0,600.0,0.004545533769063181,estable,8,15428418774043980797,613,4904613,0.3213520050048828,,0.2252314150962237,,0.2286022921029769,0.25243135528876337,0.28561599121667314,0.3221644252071627,0.27563408615123564,0.3005076466400851,0.33087878171977536,0.3689045991654183,0.31074121130933463,0.3350208562287378,0.3660917353576565,0.403858306275346,0.34527149225266385,0.3743753946810102,0.4025442003425397,0.43530918841224775
1032,anuncio-arranque-571tx,regular,1000,8,0.08,0.5,5.967e7,4238.0,0.0,1.0,600.0,0.004545533769063181,estable,9,15306130936764669724,588,4704588,0.31860995292663574,,0.22297565425818286,,0.22669406600610387,0.249381705178223,0.27620042297871805,0.2929454689877957,0.2728304480835675,0.29604416464832184,0.32275079899386583,0.34152719813147314,0.3057783363506701,0.3293890061748357,0.35152205803660763,0.3733813410855191,0.33471938031021864,0.36240689721330455,0.3969410018491146,0.4316127144484767
1032,anuncio-arranque-571tx,regular,1000,8,0.08,0.5,5.967e7,4238.0,0.0,1.0,600.0,0.004545533769063181,estable,10,10855927819828657127,620,4960620,0.3385000228881836,,0.22739758196459534,,0.23124350154802187,0.25513723723719295,0.2879780422025533,0.30591517991706496,0.27818814113317103,0.3030495318768658,0.33332658418828487,0.35184136409628763,0.3119313743004568,0.3352848175297254,0.3636991241701253,0.38421409579387955,0.34062356157505747,0.36631058278476303,0.3984130305363003,0.42258898304362447
1032,anuncio-arranque-571tx,regular,1000,8,0.08,0.5,5.967e7,4238.0,0.0,1.0,600.0,0.004545533769063181,estable,11,13996679555552779497,550,4400550,0.28859496116638184,,0.21832071688522883,,0.22283816490568142,0.24581278931873385,0.2723612638969257,0.2784591022632412,0.2674733862768619,0.2911538429376037,0.31851519557304186,0.3228706908330423,0.29914738644379213,0.3238320147527105,0.3480949641880784,0.3597629745726181,0.32614620339306555,0.3552515850352904,0.3772879427855287,0.3816693671925293
1032,anuncio-arranque-571tx,regular,1000,8,0.08,0.5,5.967e7,4238.0,0.0,1.0,600.0,0.004545533769063181,estable,12,13193671596921017246,576,4608576,0.31611013412475586,,0.22373164297501535,,0.22651401422558592,0.25242311676151985,0.27517789605497,0.2837544860875596,0.27377239530193265,0.2993153882990782,0.3204322344741968,0.3309898572668999,0.30618458989115993,0.3319195178884229,0.35357572526271497,0.3614582559173414,0.33595944003459266,0.3657502218298063,0.3936573516155022,0.405292202159103
1044,cabecera-peor-caso-16p-150slot,regular,1000,8,0.08,0.5,5.967e7,20268.0,0.0,1.0,600.0,0.021738763197586726,estable,1,15648723652276270573,594,4752594,0.3495969772338867,,0.27066952758652063,,0.27659135724536554,0.3006744068451326,0.3310752135914612,0.33960287212772755,0.3306352784065325,0.354277644904073,0.38428528354300795,0.39372526182336287,0.367705727393826,0.390536104224509,0.42086813667413026,0.4305088831322337,0.398184738267922,0.42506223705152024,0.4504346649126205,0.46190428805374495
1044,cabecera-peor-caso-16p-150slot,regular,1000,8,0.08,0.5,5.967e7,20268.0,0.0,1.0,600.0,0.021738763197586726,estable,2,7266550530327121243,610,4880610,0.31890416145324707,,0.2661447093945043,,0.27101170842241373,0.29693480475555134,0.32337166936001616,0.3554798493069029,0.3243532541074785,0.3502530478922381,0.37335836408061596,0.41003699233169755,0.36026863178238955,0.388916198637844,0.414951729413815,0.4444753477363008,0.3932839840132374,0.4197089827744662,0.4516203271063546,0.4859924161833362
1044,cabecera-peor-caso-16p-150slot,regular,1000,8,0.08,0.5,5.967e7,20268.0,0.0,1.0,600.0,0.021738763197586726,estable,3,6714922378228659988,635,5080635,0.3447248935699463,,0.26460000793077415,,0.26986003425810257,0.2942069513533738,0.3173060592288266,0.3321728522282328,0.3225803626017978,0.34697653434042763,0.37235497551409935,0.3862338609073319,0.358728239277184,0.3835356583494445,0.40684576877458767,0.4182974018291574,0.39122641461290186,0.4209978972450017,0.4403051330348262,0.4796565016162049
1044,cabecera-peor-caso-16p-150slot,regular,1000,8,0.08,0.5,5.967e7,20268.0,0.0,1.0,600.0,0.021738763197586726,estable,4,7467262279133072254,621,4968621,0.348006010055542,,0.2676436703452649,,0.2717483293394025,0.2964265200345153,0.3298226537395976,0.3487241570701656,0.3254845962894679,0.3497022892090058,0.3851173254503806,0.403013029733188,0.3638045800024656,0.38784580151593673,0.4197315556465355,0.4503373769260861,0.39666590844484517,0.4259229201790333,0.46826301603533693,0.48646721360751144
1044,cabecera-peor-caso-16p-150slot,regular,1000,8,0.08,0.5,5.967e7,20268.0,0.0,1.0,600.0,0.021738763197586726,estable,5,4617648492850033056,592,4736592,0.3157651424407959,,0.2677328812916693,,0.27349087465155986,0.2997770301846572,0.3253035116975269,0.3513604151761456,0.32665565257536855,0.3534675428440437,0.37790327396044887,0.4022395665259637,0.3619371096525583,0.390224135167216,0.4142023803080406,0.4374570538874991,0.39436799254314536,0.4252182361525456,0.4540021115070658,0.46834734748688334
1044,cabecera-peor-caso-16p-150slot,regular,1000,8,0.08,0.5,5.967e7,20268.0,0.0,1.0,600.0,0.021738763197586726,estable,6,9068655043171986403,600,4800600,0.3262150287628174,,0.26994152849179387,,0.27582455246363224,0.298313129537064,0.31736991514208057,0.3499890327394155,0.3293944783818006,0.35164993414855417,0.3710152463452232,0.40212522814141494,0.36563146447459616,0.3879637812791259,0.40847766018606535,0.43495854255979793,0.3947103321409031,0.42054874225505046,0.44573640780521373,0.48691210280281894
1044,cabecera-peor-caso-16p-150slot,regular,1000,8,0.08,0.5,5.967e7,20268.0,0.0,1.0,600.0,0.021738763197586726,estable,7,14639910248720385486,581,4648581,0.3320159912109375,,0.27035265122311847,,0.27551400684706095,0.2996601166655637,0.32791510946475455,0.33439552755271507,0.32916229344493786,0.3540480207865926,0.3815555168636706,0.38878548590611217,0.3657665680940454,0.3915548177708814,0.41713154750385684,0.4229296509147389,0.4008470079563722,0.43573787352153204,0.46134056124617473,0.4882346127928088
1044,cabecera-peor-caso-16p-150slot,regular,1000,8,0.08,0.5,5.967e7,20268.0,0.0,1.0,600.0,0.021738763197586726,estable,8,12909431619299479160,587,4696587,0.30014896392822266,,0.2701532530656911,,0.27564731635099093,0.2990039628307386,0.32382218810587915,0.3789736454689603,0.3295404167472711,0.35227052010611715,0.3768195303177606,0.43069369598850926,0.3667085650229467,0.389491815084297,0.4115874537745299,0.46397323352925923,0.4049172516304367,0.4432544099864302,0.484640690465028,0.4976524338467243
1044,cabecera-peor-caso-16p-150slot,regular,1000,8,0.08,0.5,5.967e7,20268.0,0.0,1.0,600.0,0.021738763197586726,estable,9,18222133609296582424,642,5136642,0.33396005630493164,,0.2704697922490781,,0.27559948148430635,0.29991000341334484,0.32384100986334374,0.35636993455443644,0.32873026335224154,0.3544265692595445,0.378145183159301,0.40713654463311855,0.365253442005546,0.39041015621177166,0.41529805023458266,0.4449263415653206,0.39649057543692834,0.4275407350767466,0.4573302198549527,0.47216138894830806
1044,cabecera-peor-caso-16p-150slot,regular,1000,8,0.08,0.5,5.967e7,20268.0,0.0,1.0,600.0,0.021738763197586726,estable,10,4885983679167034917,617,4936617,0.37540721893310547,,0.2688569204813771,,0.2736284828345035,0.29835417050884416,0.3216820113015899,0.3552887429661098,0.32753418745969043,0.35312655111717106,0.3760692601494995,0.4121111769471213,0.36463125976690025,0.3918247182060739,0.41213599745890406,0.45158105159308093,0.4026657258635282,0.4331384489904053,0.46283442936430674,0.4966207020108868
1044,cabecera-peor-caso-16p-150slot,regular,1000,8,0.08,0.5,5.967e7,20268.0,0.0,1.0,600.0,0.021738763197586726,estable,11,15659502129820005623,634,5072634,0.396090030670166,,0.2726937444705477,,0.27786746073184077,0.3024829548252512,0.32315446434353134,0.36556819753843683,0.33185301429676883,0.3560526694966768,0.37665789105687963,0.4199731152453978,0.3672398071614378,0.3928114512902141,0.4116655384358978,0.4563412900293997,0.40446442317757914,0.43219102086220573,0.4627253587144651,0.5051269450743234
1044,cabecera-peor-caso-16p-150slot,regular,1000,8,0.08,0.5,5.967e7,20268.0,0.0,1.0,600.0,0.021738763197586726,estable,12,2844875353951531353,608,4864608,0.3472270965576172,,0.267433414715197,,0.27286584895352917,0.29593115177709706,0.3207170445435281,0.34834276783462315,0.32609826664304364,0.350343053671736,0.37405970108545716,0.40246536820239953,0.3625278694946701,0.38603008722833465,0.4109941337688099,0.43690401189678596,0.39183778338248487,0.42158988846568946,0.44449401474918204,0.46896144762496306
1056,anuncio-techo-4464tx,regular,1000,8,0.08,0.5,5.967e7,27596.0,0.0,1.0,600.0,0.029598525222054632,estable,1,16323297007576940857,581,4648581,0.30884885787963867,,0.28761135506763014,,0.2929628112260616,0.31874285300727934,0.34625722781072454,0.39024843052655456,0.34969588899650716,0.3760265826492173,0.4018600060231279,0.4452211396459802,0.38872221853571887,0.41317563242165534,0.44381969227674745,0.49683685140126954,0.4276272621431474,0.45940940016066634,0.49207810233940563,0.5511836489373536
1056,anuncio-techo-4464tx,regular,1000,8,0.08,0.5,5.967e7,27596.0,0.0,1.0,600.0,0.029598525222054632,estable,2,14154782548865678297,592,4736592,0.3314039707183838,,0.282061490995559,,0.2865901539784659,0.3149426241211586,0.35110413158045617,0.3805325189611608,0.34343851956749916,0.3720891735332543,0.40946354532647433,0.4345952751214668,0.383461261379864,0.4110311381752467,0.44540635997691425,0.4737134649014365,0.4202338547597151,0.45180310381783784,0.4836982039873874,0.5188919554792477
1056,anuncio-techo-4464tx,regular,1000,8,0.08,0.5,5.967e7,27596.0,0.0,1.0,600.0,0.029598525222054632,estable,3,5808963636416634697,597,4776597,0.3114190101623535,,0.2895621135258874,,0.29546554353271404,0.3217572157666666,0.3444200371491206,0.3705060170001886,0.3527462761317963,0.3788383445370016,0.4014869783377435,0.42828034066365817,0.39203842986484005,0.4172581157240529,0.43933578397883366,0.4681218257880069,0.42579044472347505,0.45699923703250533,0.47557652165738773,0.492067649032947
1056,anuncio-techo-4464tx,regular,1000,8,0.08,0.5,5.967e7,27596.0,0.0,1.0,600.0,0.029598525222054632,estable,4,9560440338606760910,599,4792599,0.3224070072174072,,0.28949146337539255,,0.2956001938500492,0.3206710728522921,0.34931227944133525,0.3676543529822993,0.3523894646388612,0.37797637220978686,0.40572891877746997,0.4249120260179211,0.39085387560101026,0.41750449642370313,0.44498916123795595,0.4690455060398335,0.4250520685653214,0.4546832461681447,0.49143010482453064,0.5121423379443399
1056,anuncio-techo-4464tx,regular,1000,8,0.08,0.5,5.967e7,27596.0,0.0,1.0,600.0,0.029598525222054632,estable,5,1267828716442553681,608,4864608,0.3408999443054199,,0.29256338786136127,,0.2983475105489788,0.3246465950605284,0.34298244488430996,0.3640568514599636,0.3556853448172319,0.3820225389295899,0.4021394740731168,0.42366527373769713,0.3939300274255402,0.42125379224347625,0.4407916305946742,0.4591093641398629,0.4253500567849642,0.4541879935850375,0.48089704171731995,0.4913913748738423
1056,anuncio-techo-4464tx,regular,1000,8,0.08,0.5,5.967e7,27596.0,0.0,1.0,600.0,0.029598525222054632,estable,6,17191287157942321287,602,4816602,0.31709909439086914,,0.29178246866902996,,0.2973936560176824,0.3251189371736558,0.3543447269757962,0.37269821889373134,0.35563553086677757,0.3816124404501693,0.4111029942461073,0.4282385269723932,0.3954865705359474,0.4218726933624737,0.4531262741047535,0.47206951920901474,0.4282864851320767,0.46046308524501,0.491493029618141,0.5033159235368885
1056,anuncio-techo-4464tx,regular,1000,8,0.08,0.5,5.967e7,27596.0,0.0,1.0,600.0,0.029598525222054632,estable,7,10195785320444741013,656,5248656,0.36847805976867676,,0.2835408286709417,,0.2894853390947958,0.31355160372703494,0.341454779510002,0.36590173509836177,0.34551089413906766,0.370312526855324,0.39788214017224277,0.4218682447292963,0.3842442196955176,0.4097796203213875,0.44001558271145313,0.4656967089578643,0.42008661478189424,0.45442698461403097,0.4899133239373441,0.5193152112515804
1056,anuncio-techo-4464tx,regular,1000,8,0.08,0.5,5.967e7,27596.0,0.0,1.0,600.0,0.029598525222054632,estable,8,3436668240610186489,616,4928616,0.32322216033935547,,0.2843427722913662,,0.290013406045432,0.31531229790914495,0.34670242247449323,0.36074655658610766,0.3461885317859128,0.37154732224598774,0.4005609829065975,0.41761604161240484,0.3831555436391909,0.4093442340133322,0.43652566836090045,0.4576538986709693,0.41526950038689847,0.44563189220070853,0.47135027806376684,0.4851532679502384
1056,anuncio-techo-4464tx,regular,1000,8,0.08,0.5,5.967e7,27596.0,0.0,1.0,600.0,0.029598525222054632,estable,9,9132824561940972060,566,4528566,0.3736560344696045,,0.2954634844847642,,0.3006260329364068,0.3301910352534918,0.3527939175694996,0.3694484973360659,0.3587362570625885,0.3885817837283412,0.41348724569786555,0.4251964843999758,0.39736661783638283,0.42874155605460373,0.4565048643265186,0.4613483998393235,0.4319750326130247,0.46334946952435985,0.49674388948051273,0.509623677869854
1056,anuncio-techo-4464tx,regular,1000,8,0.08,0.5,5.967e7,27596.0,0.0,1.0,600.0,0.029598525222054632,estable,10,517096048809047357,570,4560570,0.3551039695739746,,0.28437731574667485,,0.2894884195299028,0.316354860079457,0.35380585918942487,0.392004993892499,0.3463117753324241,0.37232817806381036,0.4084365475526255,0.44549667787907765,0.3841722217140955,0.41025222942431583,0.4414958411794032,0.4861824733552993,0.4224477896963208,0.4557154870121849,0.4859582007374854,0.5194612643492746
1056,anuncio-techo-4464tx,regular,1000,8,0.08,0.5,5.967e7,27596.0,0.0,1.0,600.0,0.029598525222054632,estable,11,8629551837120205649,610,4880610,0.3197309970855713,,0.28801079880644104,,0.2928036604368458,0.3172014925115718,0.34956310745070596,0.368446857236961,0.35034014843120076,0.3743115423034169,0.4099757594383391,0.4263994756240663,0.39094634128389316,0.41401819983201005,0.4486270223337385,0.4658023844515782,0.42813255164787734,0.45831360425563616,0.49918701655271036,0.5124965753860238
1056,anuncio-techo-4464tx,regular,1000,8,0.08,0.5,5.967e7,27596.0,0.0,1.0,600.0,0.029598525222054632,estable,12,11157741086683421476,586,4688586,0.31031203269958496,,0.28991317553358054,,0.29641356459003276,0.3212653970314818,0.3527110384820844,0.3716768482105408,0.3529536258703274,0.3794194898828209,0.4097663983831694,0.42849430625523155,0.3908415578835758,0.4175986511949077,0.44808078911819393,0.4635508015502978,0.42365764794259775,0.45630439606964046,0.4897131918858655,0.4993739795726242
1002,cabecera-1p-1slot,regular,1000,8,0.08,0.5,1.0e8,716.0,0.0,1.0,600.0,0.00045824,estable,1,13481465476646131655,578,4624578,0.546929121017456,,0.20995736055416112,,0.21253522494885146,0.23643115144191995,0.2638953399592765,0.2668479971657689,0.2569537147950314,0.2797469272664159,0.30564834071719815,0.3115731546399729,0.28741430478186203,0.31194068880211034,0.3338233746072774,0.3455682837727352,0.31520492050719895,0.34146219797045774,0.3612983002367969,0.3704256757287112
1002,cabecera-1p-1slot,regular,1000,8,0.08,0.5,1.0e8,716.0,0.0,1.0,600.0,0.00045824,estable,2,16872570868931523783,633,5064633,0.4058868885040283,,0.2122328983560657,,0.2137671767201823,0.2402102678138931,0.2646470286217948,0.2807385963370166,0.25842915905576547,0.28384352124351153,0.31070934829244834,0.32406949824400044,0.29070593782265064,0.31658844078825155,0.33850597350840417,0.35291677483027684,0.319468979945043,0.3484066200991407,0.3770235715454646,0.39341928422710737
1002,cabecera-1p-1slot,regular,1000,8,0.08,0.5,1.0e8,716.0,0.0,1.0,600.0,0.00045824,estable,3,5689340914619090905,602,4816602,0.37627100944519043,,0.20716088787849632,,0.20949107189391114,0.233850523171796,0.2582199230190554,0.319724991417802,0.25372035940876003,0.2770695807710126,0.3017986130360555,0.3670087649452398,0.2847178862579085,0.3097997214035786,0.33775988669941626,0.39410522241549195,0.3292255092927121,0.3686964587802013,0.40254251346493675,0.4249543969582845
1002,cabecera-1p-1slot,regular,1000,8,0.08,0.5,1.0e8,716.0,0.0,1.0,600.0,0.00045824,estable,4,16183016008929164225,612,4896612,0.3392150402069092,,0.2131800018730564,,0.21548096531898864,0.24052736468890146,0.26894400359390147,0.302537089752434,0.2620440479252011,0.2871533539257314,0.31385228386704966,0.34938981380190626,0.2956174043421935,0.3210268670603682,0.35074087332509407,0.38329913715347175,0.3279182983340547,0.355869979632331,0.3882436157234679,0.39680584104183936
1002,cabecera-1p-1slot,regular,1000,8,0.08,0.5,1.0e8,716.0,0.0,1.0,600.0,0.00045824,estable,5,12815443094332610509,545,4360545,0.2868478298187256,,0.21271219318202325,,0.21536759007244655,0.2395913290322369,0.2651799893440625,0.27937841910881644,0.2614558697103675,0.284753926856979,0.3103128266852764,0.32396988145937655,0.2933095806108099,0.3178615247262542,0.34280194056776736,0.3534106680612865,0.32011573534730786,0.3499218885804112,0.37992756865753563,0.38734921110523146
1002,cabecera-1p-1slot,regular,1000,8,0.08,0.5,1.0e8,716.0,0.0,1.0,600.0,0.00045824,estable,6,1295636102061848837,574,4592574,0.30080389976501465,,0.21286034665997255,,0.21541117528054698,0.2407500484182492,0.26553857078778265,0.2803812269033301,0.26043192073291976,0.28647167405328133,0.311712502444351,0.32623624322278033,0.29374362830890277,0.31895853101795524,0.34378052695535644,0.3559479739176368,0.3226117208321284,0.35103680250716707,0.3789810611918938,0.4032216015214942
1002,cabecera-1p-1slot,regular,1000,8,0.08,0.5,1.0e8,716.0,0.0,1.0,600.0,0.00045824,estable,7,8120663886809964062,608,4864608,0.32320404052734375,,0.21187618451711054,,0.21545507950989418,0.23931894510562302,0.26009670160277665,0.2710227261824003,0.25913949722246343,0.2826231588571204,0.30514394105259157,0.3130561639022864,0.2889806929990755,0.31259615310978006,0.3347674935493501,0.3495683983241653,0.31649657707794177,0.3446568958787566,0.36294591408915267,0.3818353967130861
1002,cabecera-1p-1slot,regular,1000,8,0.08,0.5,1.0e8,716.0,0.0,1.0,600.0,0.00045824,estable,8,18212503767476990109,611,4888611,0.3488881587982178,,0.2127178039348877,,0.21580553784559697,0.2389854111513685,0.2773414443976776,0.30000371773172674,0.2600719932186166,0.2836737618779921,0.322708927554487,0.34367431120480774,0.2911774034792529,0.31466461648312816,0.3516568779359659,0.370292263080529,0.3254666828531185,0.35426633898160276,0.38239105245833116,0.40782321207453265
1002,cabecera-1p-1slot,regular,1000,8,0.08,0.5,1.0e8,716.0,0.0,1.0,600.0,0.00045824,estable,9,14326824603678893089,584,4672584,0.30751490592956543,,0.2103025840119359,,0.21472165411822175,0.2375019973243866,0.2543806561618567,0.27655305581433254,0.2579096069138558,0.2816884249110103,0.30000146512702486,0.32115490424828863,0.29044400490295175,0.3143656440178688,0.33237745956844833,0.34769958314080895,0.3236205899646585,0.34993488236725057,0.36825468580945575,0.3833514816593606
1002,cabecera-1p-1slot,regular,1000,8,0.08,0.5,1.0e8,716.0,0.0,1.0,600.0,0.00045824,estable,10,2180877460673843017,615,4920615,0.3508338928222656,,0.21591979601508074,,0.21959002130861904,0.243547953796309,0.26771446218174333,0.29401686212020195,0.264395149636357,0.2895498525998619,0.3118349074733828,0.3405645791033862,0.29650907101397195,0.321010594151403,0.3439730173398061,0.37083159186033754,0.32555980793711115,0.3530608775807309,0.38729604560967346,0.4003704404868813
1002,cabecera-1p-1slot,regular,1000,8,0.08,0.5,1.0e8,716.0,0.0,1.0,600.0,0.00045824,estable,11,9061445183954927811,610,4880610,0.3236391544342041,,0.21549787993400613,,0.21798313954263904,0.24280454994277534,0.2656624906458802,0.28721850253293724,0.2627739265570881,0.2882243047570796,0.3101630379141369,0.3305873279948628,0.2973455843971351,0.32175054755526844,0.34424769923467124,0.3636565231921054,0.32682250274729086,0.35409823883213676,0.38433432831567416,0.4093528217733251
1002,cabecera-1p-1slot,regular,1000,8,0.08,0.5,1.0e8,716.0,0.0,1.0,600.0,0.00045824,estable,12,5882077108964582474,618,4944618,0.3383059501647949,,0.20921750666183875,,0.21251521278105656,0.23448849302872077,0.25638909533421383,0.2703329909350378,0.2561654236599793,0.27931606554369637,0.29855073117255415,0.3140873277280889,0.28796085700957974,0.3104179395478468,0.33345176188407777,0.34327605574914033,0.3220134092059084,0.3518269949938144,0.37946928229570176,0.3968094448941315
1014,cabecera-4p-1slot,regular,1000,8,0.08,0.5,1.0e8,812.0,0.0,1.0,600.0,0.00051968,estable,1,4659349685404785714,611,4888611,0.3477940559387207,,0.2078424467256922,,0.2121555600223246,0.23240069814472974,0.25392200052380076,0.28079841948027706,0.25543998219865216,0.27641513558751285,0.29804240981775365,0.324709503550622,0.2861342187701297,0.30762789120398537,0.3275037633272291,0.36072835872730025,0.31962873722909535,0.34821080265086835,0.3710122608708275,0.40704795897997315
1014,cabecera-4p-1slot,regular,1000,8,0.08,0.5,1.0e8,812.0,0.0,1.0,600.0,0.00051968,estable,2,10227429491023833814,594,4752594,0.32822299003601074,,0.21344138664686174,,0.21625791118970028,0.24027621930866871,0.2706644745110225,0.340076275945421,0.26036731638384936,0.28388950059837725,0.3172710943875927,0.38771630598603224,0.29415549016579234,0.3177111691090886,0.34978484739576743,0.42261039145603263,0.34514749709677517,0.3891652922257549,0.4233664425509005,0.4543767062851316
1014,cabecera-4p-1slot,regular,1000,8,0.08,0.5,1.0e8,812.0,0.0,1.0,600.0,0.00051968,estable,3,8701821427793472219,618,4944618,0.3366971015930176,,0.21105021168202046,,0.21401237940142437,0.23948409151435612,0.2666107537687594,0.27459801475805534,0.25782800655056803,0.2840425244079938,0.3115383993316527,0.31876744613964547,0.2890011909251058,0.31503283915103,0.342480641277632,0.3498371153701072,0.314627578868226,0.34217361199745255,0.3590051795445106,0.3665829363316533
1014,cabecera-4p-1slot,regular,1000,8,0.08,0.5,1.0e8,812.0,0.0,1.0,600.0,0.00051968,estable,4,12858606408942563468,598,4784598,0.3448300361633301,,0.2139168261698279,,0.21787186840924733,0.23938091150262153,0.2697452027555869,0.2721324682389099,0.262908162761164,0.2846610152497391,0.31323779844143473,0.3172954213365582,0.29518657867910747,0.31642779534263354,0.3416027268427797,0.3454840562707773,0.32245986544455363,0.3463193906403035,0.3773518612917073,0.38558495256889813
1014,cabecera-4p-1slot,regular,1000,8,0.08,0.5,1.0e8,812.0,0.0,1.0,600.0,0.00051968,estable,5,13471434713950139162,565,4520565,0.3063840866088867,,0.20740480357632535,,0.21022051656183294,0.2343999502534757,0.2567492361725243,0.29234903265563617,0.2547214786783343,0.2779686478388612,0.30206248500093125,0.3377230522459058,0.28710962634545467,0.31061763639519313,0.33138031779508026,0.37383697350583134,0.31864868318837125,0.34783581633007543,0.37427754316797746,0.393877795356957
1014,cabecera-4p-1slot,regular,1000,8,0.08,0.5,1.0e8,812.0,0.0,1.0,600.0,0.00051968,estable,6,14058705303935448838,604,4832604,0.32100605964660645,,0.21020216178315945,,0.21167018334290333,0.23908759929622647,0.279011924242198,0.2995286749073216,0.2571889518783337,0.284142840819662,0.3261841970442845,0.3439291302783758,0.29079788830932785,0.3175257869761481,0.35882587176527636,0.37681147113710267,0.3260957117674934,0.35500402895183925,0.3873813331567817,0.39755886036937227
1014,cabecera-4p-1slot,regular,1000,8,0.08,0.5,1.0e8,812.0,0.0,1.0,600.0,0.00051968,estable,7,9169289045917374434,601,4808601,0.3447580337524414,,0.21287663623925,,0.21452425833049915,0.24264397881515265,0.2727931977001248,0.29675529220958197,0.2591227795532518,0.2881466676766422,0.31624300370909,0.34147268972020584,0.29333334421029367,0.32095869789066,0.3508345190473392,0.37666337819041473,0.3247252514159982,0.35844179474793236,0.39518589785851077,0.4029839403841322
1014,cabecera-4p-1slot,regular,1000,8,0.08,0.5,1.0e8,812.0,0.0,1.0,600.0,0.00051968,estable,8,6171225477417056332,638,5104638,0.34389805793762207,,0.2099988147852603,,0.2134777829851089,0.23770153318781695,0.25627227909899375,0.26755335169281125,0.25768436916769133,0.28120859883739513,0.3016156132470087,0.31238753170254085,0.28862397406828677,0.31237828439026316,0.3329710674761941,0.34087852013971087,0.3245693427894878,0.35222730063253493,0.3801650193200885,0.39436069479302205
1014,cabecera-4p-1slot,regular,1000,8,0.08,0.5,1.0e8,812.0,0.0,1.0,600.0,0.00051968,estable,9,716527758708155870,605,4840605,0.32993602752685547,,0.21451056775268604,,0.21775198513778093,0.24262704262460488,0.2621528166906728,0.2804245926507747,0.262873381771783,0.2875389256247871,0.3064745545623708,0.32367777558687294,0.293911629762988,0.31656100836698897,0.3374797348880989,0.35376407053331604,0.3207427515927179,0.34874793443856333,0.3665978153533729,0.38099314469855017
1014,cabecera-4p-1slot,regular,1000,8,0.08,0.5,1.0e8,812.0,0.0,1.0,600.0,0.00051968,estable,10,16837427174704722264,595,4760595,0.36249804496765137,,0.2120880293485474,,0.21500036704864556,0.23802846814066925,0.2621950546458649,0.2817195448559602,0.26008628821968216,0.28223149815062243,0.3079321113958713,0.32821778474416874,0.29354533640118063,0.3167724287968383,0.34140534406253664,0.3630758818743516,0.32638107654469195,0.35436712672684223,0.37990474350237946,0.3966840224406951
1014,cabecera-4p-1slot,regular,1000,8,0.08,0.5,1.0e8,812.0,0.0,1.0,600.0,0.00051968,estable,11,697106270010785954,623,4984623,0.3934609889984131,,0.21076998043616735,,0.21352117358145506,0.23737802908358674,0.2689556414842684,0.28122784147134894,0.25823847247352205,0.2813117465500454,0.31366106837890584,0.32499824356062845,0.2920089231251026,0.3138274466497819,0.3481047479245092,0.36447015359129864,0.3267270864787406,0.3527506840609931,0.3766282566442385,0.3986569485241489
1014,cabecera-4p-1slot,regular,1000,8,0.08,0.5,1.0e8,812.0,0.0,1.0,600.0,0.00051968,estable,12,2922624842922139370,581,4648581,0.3409900665283203,,0.21656745719095236,,0.22039578762939982,0.24291155606613302,0.2634320162329118,0.27518564040315496,0.26556710768107905,0.287875414629184,0.30760205182093614,0.32098787664548567,0.2971724728729441,0.3200200834103981,0.3382881610258437,0.35298516965504945,0.32603963891416754,0.35371495685875354,0.38327963194869596,0.3889090723010895
1026,anuncio-arranque-571tx,regular,1000,8,0.08,0.5,1.0e8,4238.0,0.0,1.0,600.0,0.00271232,estable,1,3272460280639164850,542,4336542,0.2901461124420166,,0.2167814668351493,,0.2213051628349305,0.24260656123489355,0.2699129610409159,0.2957658001380139,0.2676983492676257,0.28964876897725844,0.31425586733161026,0.3429879586340405,0.3024845432733514,0.32537815300332795,0.3518151162096501,0.3797712117282188,0.33597714708048443,0.36125486439738097,0.38818829944466415,0.41110840594788556
1026,anuncio-arranque-571tx,regular,1000,8,0.08,0.5,1.0e8,4238.0,0.0,1.0,600.0,0.00271232,estable,2,3503728894719814325,630,5040630,0.3542330265045166,,0.2167981475122957,,0.2209119222673337,0.24272516472134953,0.26433988174269984,0.277859491599429,0.26532425828168016,0.28757928087139817,0.3078259895835913,0.32331787043995064,0.2984464820083872,0.31778833364813863,0.3357244627069065,0.35900207196647216,0.3248964296514032,0.3493999333220472,0.3692596946665958,0.3827803871303672
1026,anuncio-arranque-571tx,regular,1000,8,0.08,0.5,1.0e8,4238.0,0.0,1.0,600.0,0.00271232,estable,3,9657701436250105984,616,4928616,0.3379819393157959,,0.2214880659732771,,0.2244291041689621,0.24879547913303668,0.26869049932639655,0.28101265589509694,0.27044455355233765,0.2940300334622492,0.3151166331447257,0.3243497851835855,0.3012416499437336,0.32551930797235684,0.345123714375859,0.35799256246673394,0.32672926671546065,0.35512114398486005,0.3769759451035952,0.3806153952915565
1026,anuncio-arranque-571tx,regular,1000,8,0.08,0.5,1.0e8,4238.0,0.0,1.0,600.0,0.00271232,estable,4,8270195732347073945,640,5120640,0.37746405601501465,,0.21993519107669793,,0.22196860739262547,0.24896408616140775,0.2747991860127428,0.29153646885606577,0.26772335148881865,0.29571520897820847,0.3187918452595113,0.33796266302954336,0.3020316568292145,0.3279171803511076,0.3555153836196041,0.37192565725695204,0.3334882203705547,0.3635131646970535,0.3868328688173506,0.4005272570144598
1026,anuncio-arranque-571tx,regular,1000,8,0.08,0.5,1.0e8,4238.0,0.0,1.0,600.0,0.00271232,estable,5,17462517558781883431,616,4928616,0.3184800148010254,,0.21850703584465453,,0.2214272462374538,0.24666053808908828,0.2769793836535541,0.2931182694258041,0.2665020763769732,0.2927813591090853,0.32147476613062054,0.33675694823801905,0.298829083152782,0.32459575666973706,0.3481824955223658,0.3661304155039602,0.32973552098216885,0.3562988220638772,0.4008685296715271,0.4036761529916362
1026,anuncio-arranque-571tx,regular,1000,8,0.08,0.5,1.0e8,4238.0,0.0,1.0,600.0,0.00271232,estable,6,15649895558029909609,579,4632579,0.31309080123901367,,0.21885509272143844,,0.22138593837197007,0.24807401672492801,0.27453412240538455,0.2979354213787957,0.26669628516378907,0.29461068863463424,0.31930629669497534,0.3435086929234785,0.3012469269772282,0.32895675666287616,0.35618385667203256,0.38173462657661617,0.33541459787369376,0.36222064616612215,0.38674622297395445,0.42511437032692356
1026,anuncio-arranque-571tx,regular,1000,8,0.08,0.5,1.0e8,4238.0,0.0,1.0,600.0,0.00271232,estable,7,7079973215506313411,599,4792599,0.338284969329834,,0.22072838289542507,,0.22350584724799205,0.24781394840590565,0.27498549314859133,0.30973208955474263,0.269527247502765,0.2934440158213647,0.319918783870321,0.3570599263918055,0.3024882271991771,0.3272238800079208,0.34893675574535266,0.3824180940147528,0.3395351007584395,0.37065703253631455,0.3911705790526412,0.40652677247604174
1026,anuncio-arranque-571tx,regular,1000,8,0.08,0.5,1.0e8,4238.0,0.0,1.0,600.0,0.00271232,estable,8,882409923281706186,580,4640580,0.31502604484558105,,0.21696462584709034,,0.2203825641728443,0.24441461558581068,0.2723292915118236,0.2989142474571054,0.26610007730096186,0.29072989804751614,0.314904395654537,0.34178814496806353,0.2995022698195271,0.32340182008692864,0.34623621927380555,0.3761444991224323,0.3340381619552204,0.3593459777781618,0.3837277225722744,0.41392517373864735
1026,anuncio-arranque-571tx,regular,1000,8,0.08,0.5,1.0e8,4238.0,0.0,1.0,600.0,0.00271232,estable,9,10452954234386064778,582,4656582,0.4026789665222168,,0.2218909835282703,,0.22425444885278978,0.2500092563738008,0.2814666702024624,0.3093981060151947,0.2701417916301807,0.2951187898802914,0.3273483019992227,0.35502790583028343,0.30493734169249365,0.33021288374001756,0.36037985414162677,0.3871918889554369,0.3486340658178051,0.3839651037985732,0.41592017781761115,0.4389074156144943
1026,anuncio-arranque-571tx,regular,1000,8,0.08,0.5,1.0e8,4238.0,0.0,1.0,600.0,0.00271232,estable,10,2067894409594120627,569,4552569,0.3534059524536133,,0.2171465289476443,,0.2212856833434671,0.24655811443670927,0.2713781417821792,0.2916399187519545,0.26701305739845793,0.29182253705607764,0.3186191814192796,0.33435960608072435,0.29969112215349014,0.325083190585957,0.3514353509783632,0.3738061105342467,0.32901753193459626,0.36110503012511685,0.3897136704062518,0.40095218085978956
1026,anuncio-arranque-571tx,regular,1000,8,0.08,0.5,1.0e8,4238.0,0.0,1.0,600.0,0.00271232,estable,11,11732521629530760994,558,4464558,0.3002190589904785,,0.21394730817762544,,0.2161858476672336,0.24363075157233993,0.2667087229675644,0.27081064604516314,0.26171889794740366,0.2882144088539462,0.3111930606290514,0.3175706623922139,0.2945893594081781,0.3225304515841003,0.3437544541570787,0.3526598498336,0.32316712094123545,0.3549224340909518,0.37813626704621583,0.3970294385341617
1026,anuncio-arranque-571tx,regular,1000,8,0.08,0.5,1.0e8,4238.0,0.0,1.0,600.0,0.00271232,estable,12,15408466143683044696,612,4896612,0.34702420234680176,,0.21517236012849636,,0.21767214333249285,0.24221442469706744,0.26679018199553184,0.28524526757752255,0.2630514503653103,0.28710518106009886,0.311080438709439,0.3292047762942616,0.2971629030810732,0.32186250065238653,0.3487203134167203,0.3632283539799346,0.32856193230821873,0.3556183545524618,0.38330034357107934,0.39327699580667286
1038,cabecera-peor-caso-16p-150slot,regular,1000,8,0.08,0.5,1.0e8,20268.0,0.0,1.0,600.0,0.01297152,estable,1,11957331042360955837,591,4728591,0.3100399971008301,,0.2497758371366446,,0.2553395936478182,0.2775107531101071,0.2972470783952872,0.32249040656643047,0.30614471812671695,0.3274061001846036,0.34809836688128826,0.3714282738686734,0.339589890030652,0.362551656079404,0.382186213661754,0.40152459410728625,0.36704635490737303,0.39471725766046006,0.41343794482232,0.432806014884477
1038,cabecera-peor-caso-16p-150slot,regular,1000,8,0.08,0.5,1.0e8,20268.0,0.0,1.0,600.0,0.01297152,estable,2,14580822306135830107,570,4560570,0.3044581413269043,,0.24588181740955295,,0.24985575422449813,0.275527746632207,0.29733967933693606,0.3145546826897885,0.30100708593067793,0.326778544301078,0.3466211979173863,0.3629436297678694,0.3360588592912279,0.3625043522706619,0.38286749962793465,0.40102539983266183,0.37198871135694844,0.4021406634902789,0.4255940146403532,0.4364484023998898
1038,cabecera-peor-caso-16p-150slot,regular,1000,8,0.08,0.5,1.0e8,20268.0,0.0,1.0,600.0,0.01297152,estable,3,5177587853542478355,571,4568571,0.3183119297027588,,0.24408074611244093,,0.2494611131683655,0.27039930412790625,0.29747554655364183,0.30750471187018746,0.29879357633689096,0.31999196085462245,0.3446729088597067,0.3572651886107181,0.3327897343464432,0.35552445201147975,0.3782751817498138,0.38839001486229563,0.3644348497583678,0.3915054759992884,0.41494360050427304,0.4387798541472421
1038,cabecera-peor-caso-16p-150slot,regular,1000,8,0.08,0.5,1.0e8,20268.0,0.0,1.0,600.0,0.01297152,estable,4,8924052421546729085,599,4792599,0.3685910701751709,,0.24570754137679615,,0.24932952179574386,0.27492553613188875,0.2965316776471809,0.33705821703483707,0.2993673214460557,0.3241479808597205,0.3456118372417336,0.3860540655770137,0.33487881995523594,0.35990659606360964,0.3822784412684328,0.4184084639741741,0.3667834265280021,0.3966700223245141,0.4178421178047813,0.45876671267808433
1038,cabecera-peor-caso-16p-150slot,regular,1000,8,0.08,0.5,1.0e8,20268.0,0.0,1.0,600.0,0.01297152,estable,5,13268543539901890647,609,4872609,0.3422861099243164,,0.2408183605024545,,0.24535355256091407,0.2698828604704886,0.2857534100292014,0.30663850151273664,0.29453492957532035,0.3188703356258884,0.3335300166201307,0.35586940370058073,0.32834293014860805,0.3521999789027177,0.3688402483288655,0.3870389923864934,0.3596398993623495,0.39088674504313303,0.41334465881953975,0.4355863439090797
1038,cabecera-peor-caso-16p-150slot,regular,1000,8,0.08,0.5,1.0e8,20268.0,0.0,1.0,600.0,0.01297152,estable,6,9603506282062599892,597,4776597,0.32828402519226074,,0.24297173991033705,,0.24649232667457,0.2711507887597975,0.3056374667995101,0.32057725725442765,0.2961510340045379,0.3208648701828736,0.3554723689691279,0.36945586603671643,0.33307944282285007,0.35854633734420815,0.3950115462550201,0.4102341451208531,0.3770694689912091,0.40873941464546704,0.43761195276948683,0.4702009394417317
1038,cabecera-peor-caso-16p-150slot,regular,1000,8,0.08,0.5,1.0e8,20268.0,0.0,1.0,600.0,0.01297152,estable,7,14925560846575308372,617,4936617,0.588932991027832,,0.24861960567743657,,0.25320410772530977,0.2771504262831854,0.30424015964121054,0.33083928320940004,0.30363094506751054,0.3268701922703485,0.3541422999508086,0.3773260821797635,0.33882217203487386,0.3630256820373461,0.3885954352396084,0.41325136550068464,0.3727432241974782,0.4005922185619397,0.4279221934295947,0.44759090756718933
1038,cabecera-peor-caso-16p-150slot,regular,1000,8,0.08,0.5,1.0e8,20268.0,0.0,1.0,600.0,0.01297152,estable,8,1928692742089391537,609,4872609,0.35044407844543457,,0.24262440860493562,,0.24615744041267362,0.270368850025136,0.29085386616202413,0.3038595222204492,0.29503327472048113,0.31887169143860206,0.33982623083335284,0.35188573462210115,0.32892128952943267,0.3554141472370702,0.37632939615295413,0.38858510038716076,0.35860163082111285,0.3845735599547879,0.4124753621268269,0.4419949230398288
1038,cabecera-peor-caso-16p-150slot,regular,1000,8,0.08,0.5,1.0e8,20268.0,0.0,1.0,600.0,0.01297152,estable,9,13861405584565953672,603,4824603,0.3691878318786621,,0.24505445098607004,,0.2504246630720104,0.2755661279053925,0.2949725933147249,0.30736409891460426,0.29930582204447376,0.32452582759219695,0.34630670776118677,0.3598812255031021,0.333291025977303,0.35916904126787585,0.3818326146800928,0.3934893427707493,0.36260085852109114,0.3916192727547241,0.4147811719474248,0.4314826837458323
1038,cabecera-peor-caso-16p-150slot,regular,1000,8,0.08,0.5,1.0e8,20268.0,0.0,1.0,600.0,0.01297152,estable,10,5319249263047297795,583,4664583,0.30380702018737793,,0.24201690639630988,,0.24596594434729013,0.2721598605413078,0.2895025749184015,0.3277400965894799,0.29588850717931336,0.3215020959825665,0.34075500805852244,0.3763828033274308,0.3311197946534321,0.3578227193748944,0.37583012272818905,0.4132198568939316,0.36575184527899296,0.39595498582322364,0.41970561689402075,0.44388406541025915
1038,cabecera-peor-caso-16p-150slot,regular,1000,8,0.08,0.5,1.0e8,20268.0,0.0,1.0,600.0,0.01297152,estable,11,2278280395613871697,622,4976622,0.3505971431732178,,0.24689586223500437,,0.2513150568118476,0.27579597347593676,0.30604207573310305,0.33426916863186307,0.30176577537149285,0.326249688818109,0.35618509389900055,0.3835664707946762,0.3383126955194484,0.3613642035026885,0.3913839546276563,0.4188387472732984,0.37343457255013845,0.4028750446597087,0.431258412684997,0.45925800777007453
1038,cabecera-peor-caso-16p-150slot,regular,1000,8,0.08,0.5,1.0e8,20268.0,0.0,1.0,600.0,0.01297152,estable,12,11005940776831222358,603,4824603,0.312175989151001,,0.24562769107594962,,0.24987974767023502,0.2750508842165118,0.2952439445583934,0.3349269066080751,0.30027637111018635,0.3258783246488406,0.3470378193745205,0.38731496907803376,0.33564592179148534,0.36088920967279137,0.3817501927088536,0.4179163206255794,0.36916132214054187,0.397711556920342,0.421762553549911,0.46363992070592985
1050,anuncio-techo-4464tx,regular,1000,8,0.08,0.5,1.0e8,27596.0,0.0,1.0,600.0,0.01766144,estable,1,15446601247350654856,625,5000625,0.3347170352935791,,0.2622367838214056,,0.26685094159432765,0.2919006607666006,0.31322503353612774,0.36876457400531404,0.31895381910970855,0.3448259452928113,0.3667898067547526,0.4208703407970704,0.35597411992000616,0.3804908500893589,0.40215494801771,0.45822495425743526,0.39230783556382676,0.4253594650502919,0.4551422204226583,0.49556122202013864
1050,anuncio-techo-4464tx,regular,1000,8,0.08,0.5,1.0e8,27596.0,0.0,1.0,600.0,0.01766144,estable,2,17920762003041391461,591,4728591,0.33327603340148926,,0.25983934154634053,,0.26491330304583016,0.2882731072028726,0.32984747161580685,0.35826370709526145,0.3170354473344901,0.3399732786621783,0.3845214949470517,0.40889024772366156,0.35271285848705247,0.3782211115459173,0.41651348771182484,0.4491429049002136,0.3877647405354878,0.42127833828092776,0.45088920360203133,0.48518944391412333
1050,anuncio-techo-4464tx,regular,1000,8,0.08,0.5,1.0e8,27596.0,0.0,1.0,600.0,0.01766144,estable,3,15191588549138900871,580,4640580,0.3891611099243164,,0.2640498067447383,,0.2678098682142718,0.29319884934847096,0.32936227495525827,0.33826614114497033,0.3212478674959698,0.34745878307307976,0.3791952436065458,0.3922840466425441,0.3586036632020324,0.38337544821092706,0.41769843749005986,0.4264811486107192,0.3918554335818101,0.4225952331121192,0.4623843013630733,0.4721715470267043
1050,anuncio-techo-4464tx,regular,1000,8,0.08,0.5,1.0e8,27596.0,0.0,1.0,600.0,0.01766144,estable,4,6220900160532438691,561,4488561,0.31520605087280273,,0.2593662329144872,,0.2639097689531127,0.28939966280600515,0.31075063135173764,0.33054736600166734,0.3157404252797562,0.3423420798216057,0.3635218138628318,0.3807550108070359,0.35359792014111235,0.37806895716721556,0.3970462105339152,0.4125327738800877,0.38549943652822094,0.4142640203402834,0.4436622838677806,0.4571464857183365
1050,anuncio-techo-4464tx,regular,1000,8,0.08,0.5,1.0e8,27596.0,0.0,1.0,600.0,0.01766144,estable,5,385481075064286800,576,4608576,0.3021879196166992,,0.26084528518218564,,0.26443021411267864,0.2928703312610992,0.31642262735280724,0.34391149225848494,0.3173260231867516,0.345927347743725,0.3697694615416083,0.39775956644541566,0.3535222601263044,0.381965226370653,0.40805015635862674,0.43177870952922603,0.3866293746539782,0.4199733778336281,0.4431276782923419,0.47821539040228345
1050,anuncio-techo-4464tx,regular,1000,8,0.08,0.5,1.0e8,27596.0,0.0,1.0,600.0,0.01766144,estable,6,4553133240441289077,610,4880610,0.3485100269317627,,0.2549374352547469,,0.26040872689266337,0.28435652696964553,0.3096204663415705,0.3474870344888359,0.3127942358073881,0.33595520680145796,0.36090294294553615,0.3972251271746927,0.3486007612560229,0.3721159618702359,0.40095731296426607,0.4375427848028721,0.38171484338695194,0.4118166409089099,0.4398410047645882,0.4655769191641639
1050,anuncio-techo-4464tx,regular,1000,8,0.08,0.5,1.0e8,27596.0,0.0,1.0,600.0,0.01766144,estable,7,10825026598573376529,616,4928616,0.3215310573577881,,0.2558685412023272,,0.2605918788699455,0.28466715880267657,0.3078049535531022,0.33973932397395856,0.3129297103481008,0.3359338105108236,0.3605746174019373,0.3901842802551414,0.35017130889695913,0.3725377350491499,0.397468409819453,0.43086121630256,0.38249682811692765,0.41022652255856684,0.45577082984971184,0.4627627365573801
1050,anuncio-techo-4464tx,regular,1000,8,0.08,0.5,1.0e8,27596.0,0.0,1.0,600.0,0.01766144,estable,8,654605799141850495,591,4728591,0.31398701667785645,,0.25692599086519524,,0.26204921412636395,0.28290590523994297,0.31849384037704453,0.34464641691346287,0.31443970782620867,0.3348124650990485,0.36779139148180207,0.39823938170593465,0.3509682793289244,0.3723160446559177,0.4064779664820435,0.43940300040071634,0.3885498701218921,0.41979088451208213,0.45523409645238644,0.46717331794822314
1050,anuncio-techo-4464tx,regular,1000,8,0.08,0.5,1.0e8,27596.0,0.0,1.0,600.0,0.01766144,estable,9,6193543265274004191,576,4608576,0.33391404151916504,,0.2592575732253546,,0.2638971338417804,0.2888224214807451,0.3145360593057376,0.33196043908176875,0.3165152249589509,0.3419904089888064,0.3680739643518791,0.3834998659091582,0.351476030501928,0.3776115132838527,0.4045474756832448,0.42011869703071625,0.3817641520234929,0.40810698565474013,0.4490110046047562,0.4575212436966467
1050,anuncio-techo-4464tx,regular,1000,8,0.08,0.5,1.0e8,27596.0,0.0,1.0,600.0,0.01766144,estable,10,15323514885967603773,561,4488561,0.29740405082702637,,0.2545999153094341,,0.25903994115913065,0.2852024345075108,0.3164636340463858,0.33542956206991903,0.3094851748482057,0.3349710514328308,0.36472799736452544,0.3862457173975713,0.3452211053950123,0.3716618629627533,0.4012761291337483,0.42076248867266486,0.37797212840177963,0.4080590761124938,0.45075602531517234,0.47696873057839184
1050,anuncio-techo-4464tx,regular,1000,8,0.08,0.5,1.0e8,27596.0,0.0,1.0,600.0,0.01766144,estable,11,727671490687560539,572,4576572,0.3196861743927002,,0.2589546009014126,,0.26379239042086056,0.28730253404135553,0.31440928415793223,0.34887723508865065,0.31728611343322655,0.3399526868349767,0.369998931385112,0.4005723503860281,0.35256804877383274,0.3763739253313041,0.4058579139418157,0.43547864795971236,0.38559957519271393,0.41531606364681295,0.4495071349726345,0.4638420511683421
1050,anuncio-techo-4464tx,regular,1000,8,0.08,0.5,1.0e8,27596.0,0.0,1.0,600.0,0.01766144,estable,12,14718690850498339072,624,4992624,0.34653592109680176,,0.2573489184812727,,0.2629438559535515,0.28873807848731303,0.310732783966273,0.3238250303892585,0.3154578683035254,0.340998827618364,0.36263321872661436,0.3782972831216824,0.35087698116205956,0.37660563963208915,0.39683997791576076,0.414829418015799,0.38093170966530465,0.4078638944596378,0.4338794392030536,0.45282206745985576
1012,cabecera-1p-1slot,erdos_renyi,10000,8,0.08,0.5,5.967e7,716.0,0.0,1.0,600.0,0.0007679570973688621,estable,1,9196324009799680679,611,48928269,4.446709156036377,,0.2729231092138937,,0.27202186088703684,0.30468600034089377,0.3463388157300358,0.4039211358336985,0.3200211310368104,0.3524955483848089,0.3947212212765123,0.451628479638714,0.3712289226086227,0.40418862758937735,0.4443131517268455,0.5048351800529502,0.7073747825515397,0.7517792038449329,0.8031536787031115,0.882926007964997
1012,cabecera-1p-1slot,erdos_renyi,10000,8,0.08,0.5,5.967e7,716.0,0.0,1.0,600.0,0.0007679570973688621,estable,2,3508239549044749789,570,45584610,4.18935489654541,,0.274862483430645,,0.27438353996433307,0.3085494654295644,0.3622744248268077,0.37654153323461514,0.3225092198723587,0.356147096753876,0.4116534906017364,0.424510718404008,0.3740430683198994,0.40760271661719116,0.46193431800423923,0.47691685424609886,0.5293117865439854,0.5726511346759651,0.6256884332671078,0.6446427851848284
1012,cabecera-1p-1slot,erdos_renyi,10000,8,0.08,0.5,5.967e7,716.0,0.0,1.0,600.0,0.0007679570973688621,estable,3,11304190744092615584,597,47647167,4.307377815246582,,0.27331961191758714,,0.2710556837743354,0.3062502669612286,0.3812724024328418,0.44027796020475307,0.31917816328092385,0.35395488146307486,0.42915946577522845,0.48820984272521173,0.37078165458748913,0.40537553735168785,0.48262814214365335,0.5403511274217863,0.8698351727787141,0.9205277222791324,0.9816432981683079,1.0715765131885178
1012,cabecera-1p-1slot,erdos_renyi,10000,8,0.08,0.5,5.967e7,716.0,0.0,1.0,600.0,0.0007679570973688621,estable,4,6847434180254017232,561,45202575,4.001144886016846,,0.2734771191920186,,0.2709718855887502,0.3078266280933235,0.3678291042876367,0.4139935944825055,0.31911887388149296,0.3548960550868401,0.41419187665553636,0.461082139248397,0.36878063163095476,0.4051691646172344,0.4643610058197396,0.5104114298060765,0.5151826199819425,0.5597017813993546,0.6342113397156481,0.6838128873736196
1012,cabecera-1p-1slot,erdos_renyi,10000,8,0.08,0.5,5.967e7,716.0,0.0,1.0,600.0,0.0007679570973688621,estable,5,6855163379224439714,636,51033276,4.68357515335083,,0.2751707588496728,,0.27289283016511945,0.3051980878760787,0.36496503974689176,0.6489946384593281,0.3209255101508859,0.35359087591101,0.41347714635725197,0.6975632816570112,0.37404559615629296,0.4069175251258912,0.46608972309985575,0.7503927356265194,0.8679422043159093,0.9150714149843964,0.960333542845035,1.2069273305401964
1012,cabecera-1p-1slot,erdos_renyi,10000,8,0.08,0.5,5.967e7,716.0,0.0,1.0,600.0,0.0007679570973688621,estable,6,16234188999540004459,637,51109695,4.59118390083313,,0.2738934046377835,,0.2728038606976497,0.3065735564923102,0.3441120021049642,0.4408576772392223,0.32130913269116634,0.3550397653410755,0.3919631934384711,0.48844569135621896,0.37366766693116915,0.4061930138587968,0.44481194135664737,0.5390581104606724,0.5892732180059284,0.6319735381237592,0.6740074213072944,0.7599945462472419
1012,cabecera-1p-1slot,erdos_renyi,10000,8,0.08,0.5,5.967e7,716.0,0.0,1.0,600.0,0.0007679570973688621,estable,7,4180297543069101805,644,51833628,4.795251131057739,,0.27256370008424535,,0.27085668106519734,0.306045861648812,0.3476308204839711,0.3960322647023986,0.31871951949219124,0.35404205555170165,0.3961369677182347,0.44407796326515836,0.36962982059981186,0.4040810850271441,0.4486758176661283,0.49443538772720785,0.5797429482930454,0.6263015771444884,0.6680818785666816,0.695391107529332
1012,cabecera-1p-1slot,erdos_renyi,10000,8,0.08,0.5,5.967e7,716.0,0.0,1.0,600.0,0.0007679570973688621,estable,8,9866720991899547560,645,51774795,4.65923285484314,,0.2741816009968829,,0.27299966888310223,0.30973319517400455,0.34812454176318397,0.4844893029234072,0.32101982958226927,0.3587252033655659,0.3965658429500536,0.5315748630163739,0.3712254983753951,0.40769983011466593,0.4487781104243709,0.5846514434226151,0.8725625776408492,0.9160231767897926,0.9541139870804756,1.0641089431598516
1012,cabecera-1p-1slot,erdos_renyi,10000,8,0.08,0.5,5.967e7,716.0,0.0,1.0,600.0,0.0007679570973688621,estable,9,1277038563937939674,643,51485653,4.569500923156738,,0.27510911691210366,,0.27403367030098025,0.30970465048935125,0.354262084889001,0.5031713155468083,0.32199180183872755,0.35761367113548204,0.40178547345908555,0.5514108634022818,0.37175899344615004,0.40792169026690317,0.4529428183598583,0.6035080617207882,0.5378525298975632,0.5801054619653314,0.6303328277844003,0.7805173813133024
1012,cabecera-1p-1slot,erdos_renyi,10000,8,0.08,0.5,5.967e7,716.0,0.0,1.0,600.0,0.0007679570973688621,estable,10,4729543512263277824,625,49783125,4.450858116149902,,0.2738364471207948,,0.271912656816653,0.3099855895258088,0.35476494275553705,0.4131180136601529,0.32071873723350564,0.3585510295031611,0.40286122966296034,0.4619394295258985,0.37418236549137873,0.41292673332964114,0.4547777375951796,0.5137156125515503,0.7437407088746113,0.7960252675110269,0.8389442081700906,0.9030436661269619
1012,cabecera-1p-1slot,erdos_renyi,10000,8,0.08,0.5,5.967e7,716.0,0.0,1.0,600.0,0.0007679570973688621,estable,11,15234857344329991921,589,47304357,4.273725986480713,,0.2715293404550008,,0.2708341823165483,0.3021853548404465,0.35764623941730633,0.3790410969031086,0.31902845532079027,0.3500660959850279,0.4055456729422531,0.4271445924149475,0.3676691224177375,0.40014350774606555,0.45254813047279185,0.4738863449511541,0.8761807811328026,0.9180275534301927,0.9564823431834384,0.9963564390995545
1012,cabecera-1p-1slot,erdos_renyi,10000,8,0.08,0.5,5.967e7,716.0,0.0,1.0,600.0,0.0007679570973688621,estable,12,13601857560471807717,610,48873810,4.450121164321899,,0.272635769141457,,0.27018584639836263,0.3057439567072464,0.3640132272672645,0.4162420610294362,0.3187164969741616,0.353416577938674,0.41296693822465613,0.4646865389308914,0.3724294287799239,0.40728094139109317,0.4659647259220492,0.516885138554585,0.681210078032052,0.7221209834688125,0.7797607203883103,0.8057677110492136
1024,cabecera-4p-1slot,erdos_renyi,10000,8,0.08,0.5,5.967e7,812.0,0.0,1.0,600.0,0.0008709234120998827,estable,1,513476224681568033,650,51701650,4.664302110671997,,0.2737448139507694,,0.27200372178276666,0.30691525361334016,0.3505174036973244,0.37351248375398427,0.32048036598098406,0.35547792530979905,0.39835030777800284,0.42174949712807575,0.37302448805576205,0.40714954110785584,0.448684576565455,0.4747014926178963,0.7564010240955383,0.8050318216250503,0.8446844388295744,0.893587189841476
1024,cabecera-4p-1slot,erdos_renyi,10000,8,0.08,0.5,5.967e7,812.0,0.0,1.0,600.0,0.0008709234120998827,estable,2,5921213881728576990,598,47972158,4.360298156738281,,0.2738350698573904,,0.27280434857991054,0.30548913133765154,0.34524345977638404,0.4616362024959244,0.32108933259996775,0.3541321763015617,0.3936905416907166,0.5097730403722665,0.37527818136879887,0.40790885211424666,0.44453600885515243,0.5635285676248145,0.621720468310059,0.6620489581719298,0.7094985339540543,0.8116986046940156
1024,cabecera-4p-1slot,erdos_renyi,10000,8,0.08,0.5,5.967e7,812.0,0.0,1.0,600.0,0.0008709234120998827,estable,3,15476609993650250879,587,46834969,4.158576965332031,,0.27453719252554043,,0.272622512083899,0.30749763108235584,0.3706230362993779,0.518554837438046,0.321515284087468,0.3563839176559327,0.4207423509170951,0.5670729503968914,0.3728729956188772,0.40710605514976805,0.47367698971220307,0.616384136206193,0.6123079189992211,0.6561809002843688,0.7273244513971946,0.9123739618307809
1024,cabecera-4p-1slot,erdos_renyi,10000,8,0.08,0.5,5.967e7,812.0,0.0,1.0,600.0,0.0008709234120998827,estable,4,5755212313768542485,621,49670685,4.4421021938323975,,0.27125677918272506,,0.2707791794099421,0.3046319054501794,0.35211395792298106,0.3949336403128427,0.31937419596971495,0.3529905359707186,0.4000793772879234,0.44270612571040147,0.370730961705533,0.4057761487272842,0.44999746296205956,0.4928448496692681,0.901557893468123,0.9488103679909727,0.9963139318138019,1.0235505951583264
1024,cabecera-4p-1slot,erdos_renyi,10000,8,0.08,0.5,5.967e7,812.0,0.0,1.0,600.0,0.0008709234120998827,estable,5,3702974006005561439,588,47366340,4.41339898109436,,0.271698940503304,,0.2704377018382047,0.30505514063733585,0.3529539097293082,0.4445928966625843,0.31846957548481214,0.3529667693205667,0.40107377999854066,0.4926387086067052,0.3696035576577259,0.4057073158765263,0.4504998622350591,0.5463804506831025,0.8296736458422487,0.8794065092026813,0.9281989112198517,1.0075153572672662
1024,cabecera-4p-1slot,erdos_renyi,10000,8,0.08,0.5,5.967e7,812.0,0.0,1.0,600.0,0.0008709234120998827,estable,6,4701202740813049342,607,48312951,4.257296085357666,,0.2769971818506463,,0.27481220858608424,0.31345193363216595,0.3503226946030509,0.40602590319429055,0.3235694801010993,0.36237261643040597,0.3989275050491301,0.45567484513412637,0.37585202653275473,0.4129712624771624,0.4513056815921317,0.5045117433491555,0.49977936408862433,0.5467883253907075,0.5904363571826252,0.6252291868112678
1024,cabecera-4p-1slot,erdos_renyi,10000,8,0.08,0.5,5.967e7,812.0,0.0,1.0,600.0,0.0008709234120998827,estable,7,5514004816466550354,638,51224382,5.480260848999023,,0.2748754254893556,,0.27384362614100155,0.3075257705251033,0.3577237467109313,0.49263601830648795,0.32304996343742687,0.35609859816668177,0.40569185872716673,0.5412496312512438,0.3750194657009729,0.4091679875456862,0.4588863197624278,0.5932147728696542,0.6266618707338196,0.6654062795510072,0.7281090621437443,0.8551843167878026
1024,cabecera-4p-1slot,erdos_renyi,10000,8,0.08,0.5,5.967e7,812.0,0.0,1.0,600.0,0.0008709234120998827,estable,8,4600849157658554005,584,46861912,4.631048917770386,,0.2745150898336662,,0.2729096456519642,0.3077586049216947,0.36461588911106446,0.39205874191167567,0.3219309899107401,0.3557885702722068,0.4130276231846892,0.44060397733628065,0.3729217623321688,0.4069285996560552,0.46410655784200117,0.4911792250011757,0.883980543598426,0.929892727994627,0.9914375762983809,1.0347968586231175
1024,cabecera-4p-1slot,erdos_renyi,10000,8,0.08,0.5,5.967e7,812.0,0.0,1.0,600.0,0.0008709234120998827,estable,9,12964722152757290718,572,45546644,4.066345930099487,,0.2770451185570908,,0.2761735078929064,0.3092978740606327,0.36433486228042966,0.44936890364974147,0.32479836601914513,0.35868927142826124,0.41326874378415823,0.4975599259295578,0.3742443664611983,0.4081908096242728,0.4603773169197325,0.5460714990999307,0.642235622959106,0.690752453336188,0.7399959652226471,0.8036264867284331
1024,cabecera-4p-1slot,erdos_renyi,10000,8,0.08,0.5,5.967e7,812.0,0.0,1.0,600.0,0.0008709234120998827,estable,10,9129258025032647687,573,45520839,4.171854019165039,,0.2783881488230149,,0.2737147334575809,0.3127549804754324,0.37964127036968875,0.5056675941846578,0.3228817504465269,0.36204633786698537,0.4296418785700098,0.5552994371686282,0.3780866290714471,0.4176906139899472,0.4843819843736128,0.6109563313078752,0.6890312267156276,0.7423679958156981,0.8241046856782646,0.9452607081670408
1024,cabecera-4p-1slot,erdos_renyi,10000,8,0.08,0.5,5.967e7,812.0,0.0,1.0,600.0,0.0008709234120998827,estable,11,5188242293453699260,593,47454825,4.35465407371521,,0.27167430720936825,,0.2693849800247108,0.30475517323367285,0.3439884408148828,0.57578763048474,0.31751707273499363,0.3520565705055674,0.39218411395199837,0.6235890651420277,0.3699084473220182,0.4052702567572055,0.4458628856446012,0.6760391187572736,0.5760639360836421,0.6211724421615656,0.6622886961706627,0.7920565967778828
1024,cabecera-4p-1slot,erdos_renyi,10000,8,0.08,0.5,5.967e7,812.0,0.0,1.0,600.0,0.0008709234120998827,estable,12,8214249009174426009,636,50838660,4.621785879135132,,0.27573491053636257,,0.2742702236442369,0.30750093393046996,0.3677999083326995,0.4918261787693723,0.323431121441061,0.3567601152771829,0.4176861822043918,0.540386081128986,0.3767614111444004,0.41021028544739124,0.46796254526935854,0.595669511267829,0.5311151251313504,0.5696446522296412,0.6297943221705111,0.7344057040328948
1036,anuncio-arranque-571tx,erdos_renyi,10000,8,0.08,0.5,5.967e7,4238.0,0.0,1.0,600.0,0.004545533769063181,estable,1,8361460406105474428,589,47323205,4.184185028076172,,0.2926073761286002,,0.29168059752345243,0.32888513772809347,0.37539864907284937,0.42261923342169894,0.34193385134960863,0.3786545523360587,0.4253949215325292,0.47236498534505245,0.3941044184055613,0.4302285526870264,0.47714874334781143,0.5243992062544862,0.7285017114159587,0.7823690992010626,0.8396514321682389,0.8706167849771589
1036,anuncio-arranque-571tx,erdos_renyi,10000,8,0.08,0.5,5.967e7,4238.0,0.0,1.0,600.0,0.004545533769063181,estable,2,6184390265398207858,606,48472122,4.406010150909424,,0.286434933036144,,0.2853693370985866,0.32136219913047626,0.3623677248530157,0.39579431083748773,0.3349303717179737,0.3711837452317468,0.4116688045851902,0.4449121996616583,0.3853989823339248,0.42317597672627016,0.462715387834578,0.49242084314762025,0.5269286473697434,0.5764955335354784,0.6151752998530071,0.6410082529969259
1036,anuncio-arranque-571tx,erdos_renyi,10000,8,0.08,0.5,5.967e7,4238.0,0.0,1.0,600.0,0.004545533769063181,estable,3,4384534249770418304,596,48180044,4.246393918991089,,0.2903189487080464,,0.2880607309367633,0.32316790535645623,0.39114246866006397,0.5250330046383738,0.3384528920059324,0.3730855851064234,0.44122595336006043,0.5757075987701228,0.3907124426579003,0.4258219297462915,0.4947794251924762,0.6275818234401527,0.7712593789101447,0.8146104312036186,0.8922698751345095,0.997557151946296
1036,anuncio-arranque-571tx,erdos_renyi,10000,8,0.08,0.5,5.967e7,4238.0,0.0,1.0,600.0,0.004545533769063181,estable,4,521792153251837580,617,49470443,4.4865899085998535,,0.28925204301324403,,0.288789700846678,0.3225475367824231,0.3964631238557672,0.47208923868045005,0.3383818686287441,0.3723560102005763,0.44709052759651513,0.5219310107743045,0.3889712441693831,0.42225931779341863,0.4964139609883773,0.5720612099104514,0.5233948269240756,0.5698062264708081,0.6333197168952438,0.6927298257468131
1036,anuncio-arranque-571tx,erdos_renyi,10000,8,0.08,0.5,5.967e7,4238.0,0.0,1.0,600.0,0.004545533769063181,estable,5,4562493526049972251,601,48020501,4.36857008934021,,0.2893111927890386,,0.2882417586472741,0.3207749206072492,0.37296947333334174,0.5167291233635041,0.33768495029798373,0.3698905214040451,0.4222641557879001,0.5669494995704412,0.38715496921410875,0.42043800605520687,0.4718483429284106,0.6172187778536511,0.7954872464503069,0.8443552705632484,0.895682450864939,1.056061515175827
1036,anuncio-arranque-571tx,erdos_renyi,10000,8,0.08,0.5,5.967e7,4238.0,0.0,1.0,600.0,0.004545533769063181,estable,6,7554889567630825154,608,48916640,4.405339956283569,,0.289357153070334,,0.2892589031463899,0.32333339021079155,0.35608523498831346,0.5177241182543035,0.33904199476582164,0.37269042800085117,0.4057527469949065,0.5666860222923482,0.39024581056622765,0.42538511019779435,0.45697779115847936,0.6159809693885308,0.5662210094803157,0.6073596236816456,0.6493076252061769,0.7704248477179902
1036,anuncio-arranque-571tx,erdos_renyi,10000,8,0.08,0.5,5.967e7,4238.0,0.0,1.0,600.0,0.004545533769063181,estable,7,2347266180678000939,620,49381140,4.395593881607056,,0.2930948271821788,,0.2914403236109422,0.3271614105005938,0.3781049670088805,0.4526359285641064,0.3421304362276487,0.3772798628476721,0.42990969137150614,0.5020976326794369,0.3938703443159284,0.4291123443903757,0.4813789742006853,0.5537352373859363,0.7073497603984151,0.7486081752288651,0.8083204265762163,0.8657591917387535
1036,anuncio-arranque-571tx,erdos_renyi,10000,8,0.08,0.5,5.967e7,4238.0,0.0,1.0,600.0,0.004545533769063181,estable,8,8832602544052970456,623,49892955,4.444072008132935,,0.2946280519010281,,0.2938629577097913,0.3313790222608475,0.39264030597320243,0.4498942882812287,0.34453439049275403,0.3812460587261768,0.441910313482083,0.5007079197592645,0.39800723185425113,0.43396386128652864,0.4944652532118994,0.5507824946680273,1.2331260947314462,1.2822779518539846,1.330703974714453,1.4222900366469844
1036,anuncio-arranque-571tx,erdos_renyi,10000,8,0.08,0.5,5.967e7,4238.0,0.0,1.0,600.0,0.004545533769063181,estable,9,1641122380038044081,587,47025157,4.314874172210693,,0.2869984566498023,,0.28589769394228615,0.3225751939686461,0.36576107514162004,0.4158152290647763,0.33631498580935215,0.3733327461286535,0.41630116481212553,0.4658745361827812,0.38885113996056475,0.4252508959867214,0.4697649728745432,0.5177378323141397,0.6622298782217513,0.7069072697764227,0.7560207332615505,0.8015396329275859
1036,anuncio-arranque-571tx,erdos_renyi,10000,8,0.08,0.5,5.967e7,4238.0,0.0,1.0,600.0,0.004545533769063181,estable,10,17468141851320345310,583,46873783,4.1621620655059814,,0.28884920178729095,,0.28753577617720794,0.3242785563414259,0.37771103016935115,0.4129594900902305,0.3368216190240787,0.37365832105592744,0.42715289927159006,0.4619383139248612,0.38669222718777974,0.42305230311956166,0.47557828882234787,0.5121493573443274,0.7433407881299132,0.7929932004974489,0.8448544911178502,0.8923604181599671
1036,anuncio-arranque-571tx,erdos_renyi,10000,8,0.08,0.5,5.967e7,4238.0,0.0,1.0,600.0,0.004545533769063181,estable,11,1807212716940737099,607,48654085,4.44013786315918,,0.2872278347725453,,0.28738527914829604,0.31980394811466795,0.37045165866940977,0.3965547837833583,0.3374037740717313,0.3697298475218531,0.41992262012688286,0.44600047317271674,0.3899242872953437,0.4207692429073404,0.46920938353429165,0.49632485225635037,1.0147344851628617,1.0638747874996284,1.1021054034685847,1.1120119774172395
1036,anuncio-arranque-571tx,erdos_renyi,10000,8,0.08,0.5,5.967e7,4238.0,0.0,1.0,600.0,0.004545533769063181,estable,12,9941020672034097284,619,50165617,4.620452880859375,,0.28998189787861134,,0.28920681409358906,0.3229267883994653,0.3709298407457027,0.512058650211145,0.3391929170278445,0.372941984703157,0.4208429642381475,0.5613900240781504,0.3912832743499415,0.4249057550060229,0.4734386338231502,0.6131126674179086,0.6264486092173343,0.681470193355068,0.7338723857406819,0.889119446522102
1048,cabecera-peor-caso-16p-150slot,erdos_renyi,10000,8,0.08,0.5,5.967e7,20268.0,0.0,1.0,600.0,0.021738763197586726,estable,1,3406125569270260184,601,48387111,5.119847059249878,,0.355149685973417,,0.3562356227241139,0.38940925743776234,0.42953759653660484,0.47713824071558975,0.41499477586359035,0.44911447994252285,0.4882218764261381,0.5366655611979922,0.4701509774905617,0.5043406434144515,0.54444155572196,0.5895573222856001,0.7303837145266527,0.7904126223713064,0.8400708104526871,0.8899461762471788
1048,cabecera-peor-caso-16p-150slot,erdos_renyi,10000,8,0.08,0.5,5.967e7,20268.0,0.0,1.0,600.0,0.021738763197586726,estable,2,191051712426484282,604,48672132,4.657073020935059,,0.35640362879120185,,0.35746841240188587,0.39006083055369345,0.4406377288564727,0.5362264342193157,0.4159589360502878,0.448757261859555,0.500520368587388,0.5941499132761692,0.47063020549313705,0.5031816648082668,0.556118505357631,0.6484759108712979,0.7004228600234086,0.748766832835372,0.7939280888581379,0.8732987039300042
1048,cabecera-peor-caso-16p-150slot,erdos_renyi,10000,8,0.08,0.5,5.967e7,20268.0,0.0,1.0,600.0,0.021738763197586726,estable,3,15636167869558428627,618,49156338,4.543856143951416,,0.3568939838389996,,0.3578872082494513,0.392684959768431,0.43647162541441276,0.4836345962464179,0.41774604706658636,0.45290336080256566,0.49613728838141924,0.5427687337029852,0.473328214102537,0.5090248260802923,0.5506066800415397,0.5959852114085606,0.7366646510782857,0.785276149140401,0.8441798630848893,0.8551693691346767
1048,cabecera-peor-caso-16p-150slot,erdos_renyi,10000,8,0.08,0.5,5.967e7,20268.0,0.0,1.0,600.0,0.021738763197586726,estable,4,9014791321345684015,596,48047732,4.285846948623657,,0.3596611122588135,,0.36004315216712257,0.39503616344279635,0.46246020928663256,0.6091907957725766,0.41892524101048423,0.45406668910417647,0.5215021588500832,0.6687091305313402,0.47528694471537847,0.5107384658792853,0.5776554032790813,0.7242912428463342,0.950691940711863,1.0093898184114494,1.0698258307554624,1.2423997272383076
1048,cabecera-peor-caso-16p-150slot,erdos_renyi,10000,8,0.08,0.5,5.967e7,20268.0,0.0,1.0,600.0,0.021738763197586726,estable,5,14830151974965581047,605,48537335,4.355632066726685,,0.363240752051406,,0.3623755322605575,0.40356968225026435,0.4439754619243672,0.5096745346330067,0.42262934381636796,0.4630786109165683,0.5048820593434584,0.5705482917319955,0.4788793731197529,0.5197557344070844,0.5608469810766792,0.627486987061161,0.7781463779314208,0.8372423219802556,0.8756231483132666,0.8992740219647999
1048,cabecera-peor-caso-16p-150slot,erdos_renyi,10000,8,0.08,0.5,5.967e7,20268.0,0.0,1.0,600.0,0.021738763197586726,estable,6,3280737937317418805,624,50044176,4.4093029499053955,,0.3597752030110631,,0.35977731183231754,0.3963933050178525,0.4507345944830661,0.5815236389495055,0.4197681870278984,0.45638811057807516,0.5115724392943832,0.6421684802818675,0.4761864999592831,0.5131989997735786,0.5672470584360241,0.6982269480595562,0.7142376002652213,0.7717687302613285,0.8305343099103197,0.9345575137051867
1048,cabecera-peor-caso-16p-150slot,erdos_renyi,10000,8,0.08,0.5,5.967e7,20268.0,0.0,1.0,600.0,0.021738763197586726,estable,7,3545696946979518013,607,48310523,4.33229923248291,,0.359133305240883,,0.36127195381720867,0.393124730349502,0.4429550909420641,0.48274822176153975,0.4210961096452621,0.45304998965343657,0.5025859164705935,0.5423533837095533,0.4762457641671176,0.5085650537481001,0.5593834543730054,0.5981164327589568,0.7364140489556235,0.7836433146478612,0.8274101373946223,0.8822141803235866
1048,cabecera-peor-caso-16p-150slot,erdos_renyi,10000,8,0.08,0.5,5.967e7,20268.0,0.0,1.0,600.0,0.021738763197586726,estable,8,8769316720471649714,595,47426855,4.4148499965667725,,0.35970338458990225,,0.36021492170158353,0.39573785388574834,0.46710610576388945,0.5175538771531478,0.42037045203184675,0.45644918957151503,0.526644017133151,0.5770591925150939,0.4793929757946245,0.5142616691610442,0.5867240420229223,0.6379846449970614,0.8803586849286944,0.9370634999741725,1.0033412717417605,1.0820422994713113
1048,cabecera-peor-caso-16p-150slot,erdos_renyi,10000,8,0.08,0.5,5.967e7,20268.0,0.0,1.0,600.0,0.021738763197586726,estable,9,3318155284420215759,566,45517154,4.082582950592041,,0.3584687296158338,,0.36065647434759285,0.3905427718363512,0.4680986467342336,0.5298762757875579,0.4197768675300182,0.4496694133289054,0.527376711936256,0.5900339573333326,0.4742068747267467,0.5056372530141857,0.57826668331154,0.6439010170962547,0.7003562259329073,0.7521963018017175,0.8250407713379673,0.8565975309339251
1048,cabecera-peor-caso-16p-150slot,erdos_renyi,10000,8,0.08,0.5,5.967e7,20268.0,0.0,1.0,600.0,0.021738763197586726,estable,10,13888898116897415927,617,49248323,4.330646991729736,,0.3573763269322983,,0.35832343106825704,0.39158679611581704,0.4446367775642557,0.597868865838393,0.41789260361179004,0.4514458450158543,0.5039279726612733,0.6574523848369722,0.4720871305362948,0.5059826195443975,0.5571198895351586,0.7138532715857195,0.6792480041395663,0.7413473462878954,0.7779563407519277,0.9119152338840877
1048,cabecera-peor-caso-16p-150slot,erdos_renyi,10000,8,0.08,0.5,5.967e7,20268.0,0.0,1.0,600.0,0.021738763197586726,estable,11,13047239778988002594,644,51055676,4.488662958145142,,0.36192078032649744,,0.361607965747055,0.3970219084720483,0.45799723228446965,0.5215943593180583,0.4214410095868857,0.45760669783379626,0.5180097342515069,0.5816952028441449,0.4805620292640924,0.5166293617523934,0.5765241899376292,0.6377849300166929,0.7380591589835035,0.7984042332413992,0.8692874588099357,0.9299713442511575
1048,cabecera-peor-caso-16p-150slot,erdos_renyi,10000,8,0.08,0.5,5.967e7,20268.0,0.0,1.0,600.0,0.021738763197586726,estable,12,6976711112554613797,579,46355319,4.181693077087402,,0.35846545823564596,,0.36021466194708296,0.3921389684077212,0.43565611732537945,0.463945611676877,0.41953564767344176,0.4516529733633661,0.4956651739781819,0.523892534453239,0.473148736586154,0.5054219558520003,0.5502725136499294,0.5777861678466252,0.7169904698742471,0.7696147886603342,0.8191019262189911,0.874268374858957
1060,anuncio-techo-4464tx,erdos_renyi,10000,8,0.08,0.5,5.967e7,27596.0,0.0,1.0,600.0,0.029598525222054632,estable,1,4292315414416152965,594,47629890,4.219942092895508,,0.38720132853973505,,0.3881833820222482,0.42339894080146223,0.49280378569346794,0.5803936280577773,0.4518154123125555,0.4860370982752329,0.556754012186019,0.6437303242032613,0.5089036326274368,0.5420026391068973,0.613849666823171,0.7045536604214817,0.805244355552162,0.8705769359712292,0.9240502924918701,1.0541183740181737
1060,anuncio-techo-4464tx,erdos_renyi,10000,8,0.08,0.5,5.967e7,27596.0,0.0,1.0,600.0,0.029598525222054632,estable,2,7638717388334901402,606,48715734,4.362247943878174,,0.38617618262390857,,0.38730278803222973,0.4244947233540586,0.45894402936325207,0.5188391876569085,0.45120283658394555,0.4887689957344037,0.5238575733914104,0.5860863137424985,0.5094355978855702,0.5465339943582137,0.5811894120154761,0.6456138886067038,0.7796821527258544,0.8418358327210171,0.8846695714591704,0.9621617257778325
1060,anuncio-techo-4464tx,erdos_renyi,10000,8,0.08,0.5,5.967e7,27596.0,0.0,1.0,600.0,0.029598525222054632,estable,3,16585418303136501400,650,52204750,4.7070488929748535,,0.38829907225231214,,0.38871358073086526,0.42704552543887075,0.47716712289474117,0.513176974773728,0.4524909792571563,0.4905349012678357,0.5449254170126778,0.5792787296280153,0.5125599765265179,0.5512049033808921,0.6066840919899903,0.641671510834783,0.8314816603077873,0.8860245946711984,0.9354794935503605,0.9856871343028502
1060,anuncio-techo-4464tx,erdos_renyi,10000,8,0.08,0.5,5.967e7,27596.0,0.0,1.0,600.0,0.029598525222054632,estable,4,12407069386102198044,678,54205422,4.799139976501465,,0.3863649297833722,,0.3876873263452012,0.4247805620119607,0.4763231250266813,0.5704144731133169,0.45191331020186,0.48885789948559477,0.5406061678352216,0.6355580547885324,0.511515040445147,0.548734325693431,0.6014311412925508,0.6954141959938909,0.6810038870785604,0.7269113421918405,0.7709410913812462,0.8429649959313394
1060,anuncio-techo-4464tx,erdos_renyi,10000,8,0.08,0.5,5.967e7,27596.0,0.0,1.0,600.0,0.029598525222054632,estable,5,5099801349397774143,567,45493245,4.116341829299927,,0.38624081772818336,,0.38691525125301496,0.4235251058224776,0.4898864614270977,0.5322012249384862,0.4505921608164982,0.48674062857736544,0.5570247245332638,0.595809218066762,0.5087690396146058,0.5458657797115052,0.6152968878102172,0.6510860142298043,0.6934690956719578,0.7450479883652577,0.8130492343411362,0.9112756829950897
1060,anuncio-techo-4464tx,erdos_renyi,10000,8,0.08,0.5,5.967e7,27596.0,0.0,1.0,600.0,0.029598525222054632,estable,6,10153871865257023412,582,46299846,4.0430309772491455,,0.3876834083215568,,0.3888351227731164,0.4227370603992995,0.4778470817331595,0.5168871060429296,0.4527852449820955,0.487881023997204,0.5419896481639626,0.5802830085315804,0.5125779044399792,0.5479191147069855,0.6025565400089476,0.6415560015670962,0.9808623433820287,1.037856828325971,1.107128838909773,1.1484245401732096
1060,anuncio-techo-4464tx,erdos_renyi,10000,8,0.08,0.5,5.967e7,27596.0,0.0,1.0,600.0,0.029598525222054632,estable,7,3456856345443132371,592,47289552,4.365795850753784,,0.3890008219368255,,0.38972539418927,0.4271541078064729,0.4733922914349904,0.5335265957628508,0.45483979981770517,0.4937830021132754,0.5369000283588861,0.5994701064574883,0.5133963375629378,0.5511346254127432,0.5957048972595915,0.6616479092606369,0.6824159634325611,0.7340855706856644,0.8020948400554175,0.8557479400975581
1060,anuncio-techo-4464tx,erdos_renyi,10000,8,0.08,0.5,5.967e7,27596.0,0.0,1.0,600.0,0.029598525222054632,estable,8,5198955168519907907,589,47164175,4.1632139682769775,,0.3877552475301088,,0.3871026689155528,0.4274118444368753,0.49196406332208653,0.5933303147481297,0.4514673326455636,0.4920480353342924,0.5559336918821032,0.6570964882815815,0.5106588474403679,0.5509543730232167,0.6158928210737713,0.716264462471031,0.7738678521249653,0.8383669488577681,0.8995836062765079,1.0495972703561165
1060,anuncio-techo-4464tx,erdos_renyi,10000,8,0.08,0.5,5.967e7,27596.0,0.0,1.0,600.0,0.029598525222054632,estable,9,10590076648735399671,582,46913274,4.140265941619873,,0.3851213051465876,,0.38485851901651813,0.42398981833315474,0.4613171900566613,0.5689274179010226,0.4491985384969439,0.4878918822103806,0.5249622540785879,0.6321925576294802,0.5083570593836839,0.5467425606852885,0.58496839206083,0.6910512875856512,1.206586700247044,1.2619651769812208,1.3230917697928817,1.3865253431340534
1060,anuncio-techo-4464tx,erdos_renyi,10000,8,0.08,0.5,5.967e7,27596.0,0.0,1.0,600.0,0.029598525222054632,estable,10,7155254607678798166,560,45044720,4.097223997116089,,0.385981625893375,,0.38565776767120497,0.4222182934616967,0.49951361741551636,0.6094869763473412,0.4500703674531792,0.4860930160274961,0.564589697060569,0.6727575436071334,0.5104015958952459,0.5466712952766386,0.6235193413839397,0.7313452722266902,0.8224407136563059,0.8863288813530517,0.946127776868984,1.0356838802516393
1060,anuncio-techo-4464tx,erdos_renyi,10000,8,0.08,0.5,5.967e7,27596.0,0.0,1.0,600.0,0.029598525222054632,estable,11,11170397164087870027,602,48042610,4.232954025268555,,0.38659744880716246,,0.38805818722913443,0.42575497119841543,0.4751081757128901,0.556810842411636,0.4516433955838579,0.4896158694870678,0.5390892139610699,0.6196051704160084,0.509795531102327,0.5482454032247119,0.5989333809027997,0.6737838325861105,1.072392412404028,1.119838693100121,1.1762722123445997,1.2476059142619818
1060,anuncio-techo-4464tx,erdos_renyi,10000,8,0.08,0.5,5.967e7,27596.0,0.0,1.0,600.0,0.029598525222054632,estable,12,18249523873380716917,546,43826874,3.9010250568389893,,0.38840162054573846,,0.38842549320894193,0.42562359672516337,0.4986296031746633,0.6878500114858639,0.4528106612855822,0.48946871317610885,0.5620597320515941,0.7514369820640354,0.5129372766745064,0.5485231905878436,0.6217287092476056,0.8088398626696858,1.214397945746441,1.2770842302692245,1.3417521386779754,1.4856681082608816
1006,cabecera-1p-1slot,erdos_renyi,10000,8,0.08,0.5,1.0e8,716.0,0.0,1.0,600.0,0.00045824,estable,1,9258922226923004383,597,47540901,4.269396066665649,,0.27529911668537843,,0.2743140686183523,0.3068165565535992,0.3674995678331925,0.41616781434254335,0.3226240564009686,0.35536333620707694,0.4165704322527546,0.4635801514380091,0.3729960296223567,0.40581779723189015,0.4655162037842757,0.511504507917266,0.7188223900417938,0.7627445915973681,0.818136096551342,0.8758887297966567
1006,cabecera-1p-1slot,erdos_renyi,10000,8,0.08,0.5,1.0e8,716.0,0.0,1.0,600.0,0.00045824,estable,2,9313875381675163851,606,48266082,4.448390960693359,,0.2722813096732044,,0.27128837208243795,0.3063332344983394,0.35057687194853315,0.44995229658866265,0.3193015975879234,0.3543650162166614,0.3988379664377817,0.4978301040430324,0.36916763025647015,0.4041024870571164,0.4492630868891183,0.5483172314168314,0.6142974092190912,0.6541363334546304,0.6942250028530665,0.771782003375165
1006,cabecera-1p-1slot,erdos_renyi,10000,8,0.08,0.5,1.0e8,716.0,0.0,1.0,600.0,0.00045824,estable,3,1662490802320994611,564,45155532,3.9874730110168457,,0.2729130676554905,,0.27123862311759694,0.3053139630996462,0.3522493258861168,0.44833310319336306,0.31932878251564034,0.3532926877489331,0.4008233280440301,0.49629373857237624,0.372105456848999,0.4052282721040683,0.45257685364473765,0.5488161145775621,0.701186819220603,0.7478622053159825,0.8016855973547763,0.9070479702189118
1006,cabecera-1p-1slot,erdos_renyi,10000,8,0.08,0.5,1.0e8,716.0,0.0,1.0,600.0,0.00045824,estable,4,15401436889673611985,581,47019749,4.1709678173065186,,0.27235674619477096,,0.27027934144229704,0.3069529643151441,0.36943236702234117,0.4359138296522076,0.3180539809994798,0.3546791207282354,0.4170434511013923,0.4832982722849266,0.3677915850569491,0.403886742630192,0.4679739189562042,0.5351538807476004,0.795493937278934,0.8408504351297665,0.9019362898170158,0.9552112367171617
1006,cabecera-1p-1slot,erdos_renyi,10000,8,0.08,0.5,1.0e8,716.0,0.0,1.0,600.0,0.00045824,estable,5,10790727253937788879,624,49815792,4.407499074935913,,0.27220629823685644,,0.2698339885731116,0.30802262678770376,0.3420015779700094,0.4481237079918401,0.3184358787917745,0.35558725652254,0.39091244991216456,0.4959653844252898,0.370348275208471,0.4086369137432371,0.4457422382263303,0.5513961090675252,0.7202493540013393,0.7710862248791841,0.8128104296767447,0.9455210142044166
1006,cabecera-1p-1slot,erdos_renyi,10000,8,0.08,0.5,1.0e8,716.0,0.0,1.0,600.0,0.00045824,estable,6,6870792409551462588,622,50264442,4.508307933807373,,0.27259061559634334,,0.27197945259047174,0.30467544905752675,0.34065931321924836,0.37945602096635866,0.3197633042702819,0.3527480623789643,0.38855546250715634,0.4279693050247033,0.3692259292736253,0.4029468230418729,0.4344535872425581,0.4736690455287089,0.514487965595066,0.5591552903648562,0.6026989584857319,0.625521422594268
1006,cabecera-1p-1slot,erdos_renyi,10000,8,0.08,0.5,1.0e8,716.0,0.0,1.0,600.0,0.00045824,estable,7,7665551432161566476,622,49521774,4.423857927322388,,0.2717164512665995,,0.27007492385666865,0.3024145675690306,0.3594908446696934,0.4051077024605547,0.31776823611141936,0.3501121405379308,0.40796506925588005,0.45196080672167227,0.3680734150507874,0.40074263572944346,0.45745698418377856,0.5012599267481619,0.5889788103190767,0.6341670632643854,0.6935428320083474,0.7169740997730827
1006,cabecera-1p-1slot,erdos_renyi,10000,8,0.08,0.5,1.0e8,716.0,0.0,1.0,600.0,0.00045824,estable,8,14230122561041968465,571,45914681,4.005424976348877,,0.2734604128392867,,0.2708333655876629,0.3059328091989073,0.3577014875461506,0.42139668144233156,0.3186597997066798,0.35387302100728846,0.4058254464080546,0.46930408756526276,0.36978983478660155,0.4051613213619589,0.4571441795896476,0.5211067497293698,0.7615690209986496,0.8082030169581742,0.8585098660516906,0.9395441964422275
1006,cabecera-1p-1slot,erdos_renyi,10000,8,0.08,0.5,1.0e8,716.0,0.0,1.0,600.0,0.00045824,estable,9,13900757438675026879,592,47297840,4.2564311027526855,,0.27613292890849084,,0.27430680226223103,0.30917871670425257,0.3727414087203442,0.4322391538339616,0.32344385628655914,0.3575773957846309,0.42101989898850434,0.4806145459443769,0.3736018128096532,0.4081825719763401,0.47253861755751814,0.5311852560367356,0.6325626974855254,0.6789953050194981,0.7395731486747366,0.7972461634652177
1006,cabecera-1p-1slot,erdos_renyi,10000,8,0.08,0.5,1.0e8,716.0,0.0,1.0,600.0,0.00045824,estable,10,17105959597319629191,624,49829520,4.510195016860962,,0.27016079013973293,,0.2685152829803741,0.30492516314717477,0.34873239645685317,0.3631948898896553,0.31648025809488445,0.3530302301496562,0.3965284323778633,0.4105586195427122,0.3681307695948135,0.4040005610121966,0.44710753302928197,0.46239927742209375,0.6259726066255098,0.6708412986308758,0.72364433833161,0.7691698664096407
1006,cabecera-1p-1slot,erdos_renyi,10000,8,0.08,0.5,1.0e8,716.0,0.0,1.0,600.0,0.00045824,estable,11,8091330390567958428,550,43877350,3.938768148422241,,0.2692393073636178,,0.26698541615002114,0.30312618508948574,0.3471124547691602,0.46285117125556496,0.31513589197663805,0.3517543782169419,0.3949594913844976,0.5107571586510886,0.36696584747701877,0.40181454688024587,0.445272815511089,0.5638007257118574,0.5482241596287452,0.5877881478573954,0.6432412876368119,0.7620585561996194
1006,cabecera-1p-1slot,erdos_renyi,10000,8,0.08,0.5,1.0e8,716.0,0.0,1.0,600.0,0.00045824,estable,12,2855717344806820549,611,48677759,4.402818918228149,,0.27253387105699484,,0.2706345510020469,0.305003724570156,0.35184926674776307,0.3864558839225083,0.31944903236859545,0.35371083903038425,0.39988993011775165,0.4350939875367885,0.37052411782980244,0.4055336087855608,0.4510930530176722,0.4873958222458441,0.7076518448505453,0.7571345070917914,0.7999621823036023,0.851382924286213
1018,cabecera-4p-1slot,erdos_renyi,10000,8,0.08,0.5,1.0e8,812.0,0.0,1.0,600.0,0.00051968,estable,1,15293858335022688748,603,48415473,4.999887943267822,,0.2690370205992976,,0.2685908907584462,0.3004018193342688,0.3496872725710318,0.4039559324624804,0.31656810926426715,0.34793210665849017,0.3975094604748506,0.45226737494084546,0.3697138007632912,0.4004876020855477,0.449665406717088,0.5046999889559629,0.7765636430954976,0.8251806641399071,0.8715964101738791,0.9176499589001992
1018,cabecera-4p-1slot,erdos_renyi,10000,8,0.08,0.5,1.0e8,812.0,0.0,1.0,600.0,0.00051968,estable,2,3672059045093363859,576,46429632,4.495091199874878,,0.2723609169236558,,0.27167267099645187,0.30406391248027376,0.3575918814528336,0.3840436843356656,0.3190544934709294,0.35185055505553464,0.4053037665343595,0.431524502363402,0.3673008423654096,0.4011194239565157,0.45190827482139184,0.48011784209967345,0.9279168471955757,0.9762528292371826,1.0244331166863958,1.0430113321793328
1018,cabecera-4p-1slot,erdos_renyi,10000,8,0.08,0.5,1.0e8,812.0,0.0,1.0,600.0,0.00051968,estable,3,9865513952775478293,607,48598241,4.36789608001709,,0.27235181210998144,,0.27132582339140754,0.3073421222290271,0.34868254494949724,0.4176554846353042,0.3194408934460853,0.3549180933874254,0.39669366768191594,0.4649456326426673,0.36871106924627384,0.4048259776852774,0.44597062268287857,0.5152553428496276,0.6598369286091099,0.7012883775410614,0.7539421353548619,0.8431442406994449
1018,cabecera-4p-1slot,erdos_renyi,10000,8,0.08,0.5,1.0e8,812.0,0.0,1.0,600.0,0.00051968,estable,4,10393921791225759397,595,47537525,4.273026943206787,,0.27101884625391315,,0.2698915600984719,0.3027749690944006,0.36114147602853564,0.42532002466651875,0.31807394321489824,0.35145803981686186,0.4082827992841658,0.4744698298357548,0.37176827351760267,0.4056222562252003,0.4650383354170913,0.5289119231391055,0.7854182334627922,0.8317267170742753,0.8876986561448348,0.9753932279538162
1018,cabecera-4p-1slot,erdos_renyi,10000,8,0.08,0.5,1.0e8,812.0,0.0,1.0,600.0,0.00051968,estable,5,8608391298229689117,627,50031465,4.4761998653411865,,0.2752871433474007,,0.2734746687247025,0.3084270170018044,0.3676653349834851,0.4190898372374363,0.32195820598943214,0.35638406661493605,0.4161244085400426,0.46709450814944375,0.3751095323275422,0.4100170375790526,0.4690435208181043,0.522404649567136,0.6031762535631913,0.6484634481309541,0.7003412245090175,0.7435315585318563
1018,cabecera-4p-1slot,erdos_renyi,10000,8,0.08,0.5,1.0e8,812.0,0.0,1.0,600.0,0.00051968,estable,6,11099493065344104099,555,44603685,3.941049814224243,,0.2686020762002757,,0.2682320911353031,0.29716442239913476,0.33807117543884857,0.39070484088853163,0.3156748087807273,0.34518416576833744,0.38475993985953494,0.43799151567796457,0.36678057089975624,0.39519600821273926,0.43681290173915954,0.4861725514270461,0.49638364187944717,0.5378848592844179,0.5807981906316968,0.6283410603330566
1018,cabecera-4p-1slot,erdos_renyi,10000,8,0.08,0.5,1.0e8,812.0,0.0,1.0,600.0,0.00051968,estable,7,14235311020756056774,635,50580925,4.587700843811035,,0.27058508728387926,,0.26956362307987547,0.3043780509480598,0.35338590509257983,0.3759000429468813,0.3174219457504819,0.3521396646291777,0.4021085453837827,0.42333562745756126,0.36862690373425266,0.4033382337097038,0.453528538578837,0.4756696563881633,0.7678908430567617,0.8185961677426121,0.863186681111074,0.9152015310647812
1018,cabecera-4p-1slot,erdos_renyi,10000,8,0.08,0.5,1.0e8,812.0,0.0,1.0,600.0,0.00051968,estable,8,5876899232891978714,591,47086743,4.349388122558594,,0.2750153103376022,,0.2738839258765893,0.3052054478966397,0.3533761756675631,0.655445489970333,0.3215581284106861,0.3534524518849622,0.4011480003405268,0.7025339675910516,0.37333204027754974,0.40506846543263464,0.4513739417020588,0.7493846655591199,0.6956380406541598,0.7389443705099978,0.7670400462166072,1.0680531561867497
1018,cabecera-4p-1slot,erdos_renyi,10000,8,0.08,0.5,1.0e8,812.0,0.0,1.0,600.0,0.00051968,estable,9,15981426656045220941,559,44807763,4.057841062545776,,0.27446140388625323,,0.27379927746176236,0.30942339002967856,0.3454211265237177,0.37476048829955744,0.32159861601337525,0.3572243325918407,0.3924042517997748,0.4236134923251029,0.3727366663036378,0.4076708806467195,0.445212045556616,0.47569645835396557,0.6300611383361456,0.6736153356019372,0.7236818134699661,0.7512291672315428
1018,cabecera-4p-1slot,erdos_renyi,10000,8,0.08,0.5,1.0e8,812.0,0.0,1.0,600.0,0.00051968,estable,10,17919206953789584852,626,50314750,4.514846086502075,,0.27329222122192737,,0.2719551188675515,0.3081024294230872,0.3671422218107452,0.4867946467869615,0.3203119339464706,0.3556387324994148,0.4145645413137302,0.5354090671287395,0.37301283521887285,0.40898183729342463,0.4709032353336724,0.5871645138490749,0.824129819359996,0.8702440663889774,0.9262373318150026,1.0767341053236805
1018,cabecera-4p-1slot,erdos_renyi,10000,8,0.08,0.5,1.0e8,812.0,0.0,1.0,600.0,0.00051968,estable,11,13351513619554118221,581,46683931,4.17263388633728,,0.2741892134470331,,0.27297031629052526,0.3059635906976155,0.35412663769477604,0.4044341093506887,0.3214153276056777,0.3543345167067571,0.40382877401555106,0.45232505436450765,0.37480554686965206,0.40719578552364055,0.45504800539978874,0.506931361423824,1.602928481416626,1.649113722635434,1.697368179645025,1.7252434359625113
1018,cabecera-4p-1slot,erdos_renyi,10000,8,0.08,0.5,1.0e8,812.0,0.0,1.0,600.0,0.00051968,estable,12,641085401450856538,606,48840570,4.450361967086792,,0.273580004790112,,0.2730246005332333,0.3084642983429262,0.3574780172829293,0.47303619005396413,0.3206473276725319,0.3562082450461048,0.40503235585822495,0.5207293900878476,0.3703766673035318,0.4060684877504741,0.4520328054721148,0.5691955513701998,0.5812316686741497,0.627010384730669,0.6687877613604911,0.805251717747069
1030,anuncio-arranque-571tx,erdos_renyi,10000,8,0.08,0.5,1.0e8,4238.0,0.0,1.0,600.0,0.00271232,estable,1,8117070575012337461,585,46324395,4.080693006515503,,0.28261350745061936,,0.2818113987337938,0.3144927981576018,0.3615010187701557,0.39127307896472985,0.3319415940434851,0.36480048434873424,0.41159640103111883,0.4416352587969641,0.38583409453784157,0.41834452074328965,0.4663354516993081,0.49355343442471167,1.247915979427205,1.2972518645911464,1.3519779473061249,1.398194831001092
1030,anuncio-arranque-571tx,erdos_renyi,10000,8,0.08,0.5,1.0e8,4238.0,0.0,1.0,600.0,0.00271232,estable,2,9858021584842337371,580,46340260,4.088104009628296,,0.2853928239696314,,0.2842961839730265,0.32003037191452677,0.36355571959029476,0.39590353761843744,0.3341274911663277,0.370682104462162,0.41380226003593634,0.4457845829001599,0.38694727057414013,0.42374798391745117,0.46841150587692937,0.4954232426980525,0.6173927657871445,0.66498099683281,0.7160641128614316,0.7559937000805803
1030,anuncio-arranque-571tx,erdos_renyi,10000,8,0.08,0.5,1.0e8,4238.0,0.0,1.0,600.0,0.00271232,estable,3,1764147602490134985,530,42485330,3.7706100940704346,,0.2829318109367427,,0.28115818841189366,0.312108163698781,0.38909870830596205,0.8866327050258747,0.33070973123346903,0.3609714014235692,0.4393258337924326,0.935775737574545,0.38260843089233276,0.412899497481547,0.48604817806823064,0.986521549183351,1.7319693195410082,1.781891432948214,1.8354615049000316,2.3245270187887286
1030,anuncio-arranque-571tx,erdos_renyi,10000,8,0.08,0.5,1.0e8,4238.0,0.0,1.0,600.0,0.00271232,estable,4,7783680473748588745,591,47364513,4.155663013458252,,0.28542191372851455,,0.2831270000911559,0.3203183289328777,0.3766452919996368,0.5631061859996862,0.33266978207048226,0.37004794261519436,0.4264058289431887,0.6135901076316941,0.3856124383524957,0.42266426003489244,0.4804895091014032,0.6646916918503507,0.6019482779871055,0.6429022977608554,0.7006876557626356,0.899756369874467
1030,anuncio-arranque-571tx,erdos_renyi,10000,8,0.08,0.5,1.0e8,4238.0,0.0,1.0,600.0,0.00271232,estable,5,9842656592930349753,593,47471429,4.238039970397949,,0.2821950125285445,,0.2813753064479556,0.3160698383518934,0.37305707358223117,0.49165696068664033,0.3305545531621874,0.36553841781056917,0.4223967248685483,0.5410462729458061,0.3832975583580662,0.4167975775518471,0.4770023442633544,0.5950871435975955,0.5893076566795798,0.6335224226419314,0.6775534820500582,0.7752701123772283
1030,anuncio-arranque-571tx,erdos_renyi,10000,8,0.08,0.5,1.0e8,4238.0,0.0,1.0,600.0,0.00271232,estable,6,15533027636100193713,603,48405825,4.4161670207977295,,0.28021606760234957,,0.27886333074173564,0.31323430131179464,0.3591981378191349,0.41788348302463874,0.3282015521844883,0.36315934710302145,0.40964763168005547,0.46796836593421176,0.37881655994772245,0.41341823823870527,0.4569901963923151,0.5203860741833068,0.579095506429951,0.6275289058324347,0.6752049120645047,0.7287336718708275
1030,anuncio-arranque-571tx,erdos_renyi,10000,8,0.08,0.5,1.0e8,4238.0,0.0,1.0,600.0,0.00271232,estable,7,18162152673534108128,611,48869613,4.401641845703125,,0.2820013134869282,,0.2801513971149916,0.3146528040956582,0.3875525311462411,0.48423178801465383,0.3295060915406509,0.3638613131015518,0.43684287202808036,0.5332634766347155,0.3834977683206944,0.41853551624319607,0.4904207983067863,0.5900410861478917,0.6943538425966267,0.7434296505764451,0.8152142950896177,0.8792924028300035
1030,anuncio-arranque-571tx,erdos_renyi,10000,8,0.08,0.5,1.0e8,4238.0,0.0,1.0,600.0,0.00271232,estable,8,1848113649821801106,598,47986510,4.330610036849976,,0.2800779077567878,,0.2788077067783661,0.3162947594863965,0.35758118659776983,0.4524902847115868,0.32802573228194376,0.3657147355422694,0.40709530615271206,0.5013837074407661,0.38119327535264347,0.4177918484377585,0.4607857091703522,0.558382782939816,0.5731612747351917,0.6173810929786896,0.6681506708773668,0.7672720163910753
1030,anuncio-arranque-571tx,erdos_renyi,10000,8,0.08,0.5,1.0e8,4238.0,0.0,1.0,600.0,0.00271232,estable,9,384560766925755599,582,46562910,4.207986116409302,,0.28055815144707885,,0.2807771879357488,0.3141917079186811,0.3501344807526152,0.4613967038986502,0.33046471431254076,0.3630090545577218,0.3997430038384948,0.5105616654817631,0.38184354904063866,0.41460776194176674,0.44939145878872466,0.5624953086329292,0.5930646283088663,0.6340410578870035,0.6725971540899423,0.7923776043733071
1030,anuncio-arranque-571tx,erdos_renyi,10000,8,0.08,0.5,1.0e8,4238.0,0.0,1.0,600.0,0.00271232,estable,10,17725707046339576602,606,48462426,4.361577987670898,,0.2818595139610046,,0.28094340107924154,0.3185558040164356,0.36223543116005885,0.4087805820742574,0.3295159920095898,0.36768777087971216,0.41104088780230086,0.45695185941451655,0.37959442664309506,0.4170378683631384,0.4595882920848169,0.5055645033310725,0.6113554104791774,0.6527568103951467,0.6951156638887426,0.7414833772701286
1030,anuncio-arranque-571tx,erdos_renyi,10000,8,0.08,0.5,1.0e8,4238.0,0.0,1.0,600.0,0.00271232,estable,11,2840859739199530512,585,46695285,4.214553117752075,,0.2836249383593114,,0.28272214854229105,0.31918373146612566,0.3764011222555066,0.4083022686993445,0.33287332857491947,0.3691221667458535,0.42532717374434625,0.45803798285712105,0.3872045581184693,0.4237160848193753,0.48071438253663246,0.5133985351388048,0.6446223379980438,0.692682042404158,0.7480420480314933,0.7761217360260275
1030,anuncio-arranque-571tx,erdos_renyi,10000,8,0.08,0.5,1.0e8,4238.0,0.0,1.0,600.0,0.00271232,estable,12,14560604761468003472,583,46408549,4.118052005767822,,0.2810246255143262,,0.2791984800454088,0.31433968018514946,0.36315898924715384,0.45535078993420086,0.328656166212113,0.3634403837837894,0.4133033399563715,0.5035303659733046,0.3777811598610157,0.4134705805217038,0.4655394258893466,0.5519777188820143,0.8855532209209969,0.9302549296412508,0.9778841669921121,1.0398862454403712
1042,cabecera-peor-caso-16p-150slot,erdos_renyi,10000,8,0.08,0.5,1.0e8,20268.0,0.0,1.0,600.0,0.01297152,estable,1,8970471460263759483,621,49411107,4.495609998703003,,0.3232909388601024,,0.3219222527897134,0.35756554430941456,0.4014024336769211,0.7795266904861933,0.37761750340382605,0.4127820700386451,0.4579214378794063,0.835549870813793,0.43439719154338263,0.46849841329822084,0.5146166710360376,0.8930514797413593,0.8767381583166856,0.9267018169490484,0.9778012847324931,1.282817430555724
1042,cabecera-peor-caso-16p-150slot,erdos_renyi,10000,8,0.08,0.5,1.0e8,20268.0,0.0,1.0,600.0,0.01297152,estable,2,7579671734982306240,529,42277151,3.7132999897003174,,0.32420444110326346,,0.3235931411998081,0.356669128948397,0.40748047062669457,0.7654725361309147,0.3783518884352475,0.4119242951978208,0.4621504048761267,0.82060819642777,0.4344060135257166,0.46784624402272357,0.517656537877599,0.8763558538201437,1.4356404568412415,1.4892081142750442,1.5412410375730872,1.9010456909197728
1042,cabecera-peor-caso-16p-150slot,erdos_renyi,10000,8,0.08,0.5,1.0e8,20268.0,0.0,1.0,600.0,0.01297152,estable,3,16442209321784876758,546,43791930,3.910313129425049,,0.3223779118751189,,0.32308052986167013,0.3555857438939114,0.39111224670045885,0.4709613690546348,0.378016618169454,0.40983078960473307,0.4460758337935431,0.5243258402381343,0.4281420897380315,0.4613747157124237,0.49801853660483175,0.5750943026347386,0.7383136319585333,0.7846879597860266,0.838139745142712,0.9130357789206869
1042,cabecera-peor-caso-16p-150slot,erdos_renyi,10000,8,0.08,0.5,1.0e8,20268.0,0.0,1.0,600.0,0.01297152,estable,4,4521781728298952941,562,44945950,3.9269959926605225,,0.32678623986544486,,0.32672450426248645,0.3626577051145432,0.40997279834687106,0.4838231364226431,0.38138736446745725,0.4174104409708548,0.46456801669592096,0.5386976070313949,0.4352302719854748,0.4718768280295649,0.5195875790198556,0.591860515517908,0.8205303045776731,0.8770909365660486,0.9198798860737725,1.0125523414838256
1042,cabecera-peor-caso-16p-150slot,erdos_renyi,10000,8,0.08,0.5,1.0e8,20268.0,0.0,1.0,600.0,0.01297152,estable,5,8997042654877494693,583,46637085,4.127064943313599,,0.3252597799749577,,0.32483000494590897,0.3580330447774145,0.406908031383324,0.4465360768539739,0.3789766145090425,0.41240656526633757,0.46177534013173727,0.5014972748184192,0.434300300132179,0.46833019357953276,0.5149208468306199,0.5576941709151271,0.8409548811022773,0.8912527981580354,0.9480621047289333,1.006362062767856
1042,cabecera-peor-caso-16p-150slot,erdos_renyi,10000,8,0.08,0.5,1.0e8,20268.0,0.0,1.0,600.0,0.01297152,estable,6,2628094716845741059,664,53083480,4.792836904525757,,0.32610476074423633,,0.32500017026006844,0.3649295544743154,0.4132332652973787,0.49529091752845034,0.38015787608844676,0.4198357738218874,0.4677455320561137,0.550164285339747,0.4351494465096266,0.4758399305833336,0.5243735015600066,0.607061222680727,0.7988586014747838,0.8580210354668907,0.9026855570158432,0.9954277386904096
1042,cabecera-peor-caso-16p-150slot,erdos_renyi,10000,8,0.08,0.5,1.0e8,20268.0,0.0,1.0,600.0,0.01297152,estable,7,4486795715735642793,609,48635349,4.355295181274414,,0.32773103232897643,,0.32807125687460825,0.36294893103718096,0.4251890673431262,0.5165817405831419,0.38362721390484467,0.41764887317572175,0.48045066967486605,0.5722334664135609,0.43569419227668504,0.47104802869293394,0.5292362079262318,0.6249616851332469,0.7847474985074996,0.8395434022042991,0.8866778492219041,0.9964830231964221
1042,cabecera-peor-caso-16p-150slot,erdos_renyi,10000,8,0.08,0.5,1.0e8,20268.0,0.0,1.0,600.0,0.01297152,estable,8,5654773849619372036,565,45262715,3.9860000610351562,,0.32481682259721456,,0.32479018207250476,0.36087474412067877,0.414565660287451,0.4702057975681555,0.37908453259422004,0.4148770671846762,0.4696022175755843,0.5238335905658573,0.4298711134539701,0.4663019116269993,0.5205652021237483,0.5732619778983121,0.7225163595319941,0.7765203841594541,0.8290490640832111,0.8672982980683344
1042,cabecera-peor-caso-16p-150slot,erdos_renyi,10000,8,0.08,0.5,1.0e8,20268.0,0.0,1.0,600.0,0.01297152,estable,9,15487987177895329754,583,46825977,4.278793096542358,,0.3216864159423767,,0.32227685399715256,0.355262727247748,0.402308367159506,0.47263532844894485,0.3769543759381122,0.41031046368340185,0.45777081616896,0.5276153282413532,0.4329645311806871,0.4666435989636284,0.5169478649749522,0.5827234799166376,0.7206452279004054,0.7723342453358555,0.8176806590499979,0.8551243761584146
1042,cabecera-peor-caso-16p-150slot,erdos_renyi,10000,8,0.08,0.5,1.0e8,20268.0,0.0,1.0,600.0,0.01297152,estable,10,2824667125576084936,610,48826230,4.290880918502808,,0.32371943874244274,,0.3233154367023303,0.35653703147802673,0.4134922648872248,0.4787213777958641,0.37851145938293485,0.41131614790636206,0.4677064101668975,0.5335522601599791,0.4340356679426236,0.4675537264859031,0.5249685047078856,0.5885721994828828,0.7113512100264074,0.7609718480776451,0.8130799211500523,0.914517899665725
1042,cabecera-peor-caso-16p-150slot,erdos_renyi,10000,8,0.08,0.5,1.0e8,20268.0,0.0,1.0,600.0,0.01297152,estable,11,13813948778822157206,623,49334747,4.469772100448608,,0.3270819606244488,,0.3273329328357022,0.3625053267115277,0.41671123023495227,0.4838750978494204,0.3828437047973239,0.4182094701269534,0.47225584866080794,0.5390079272282833,0.43862550551139634,0.4747011426705967,0.530049399640248,0.5947708340026452,0.7393191979801941,0.7954184751989715,0.8415696131874029,0.8629097567365704
1042,cabecera-peor-caso-16p-150slot,erdos_renyi,10000,8,0.08,0.5,1.0e8,20268.0,0.0,1.0,600.0,0.01297152,estable,12,3544608339990555112,630,49823550,4.40400505065918,,0.325336399227922,,0.32620202278963006,0.35902089238936696,0.3946299595330629,0.4450896364027983,0.38163266365563686,0.41448139210569934,0.44995115893675575,0.5000459730068485,0.43682525460960164,0.47011526208453347,0.5033202314853042,0.5566635646458735,0.7039332843328694,0.7456599793044916,0.7817507669752501,0.8521211116361318
1054,anuncio-techo-4464tx,erdos_renyi,10000,8,0.08,0.5,1.0e8,27596.0,0.0,1.0,600.0,0.01766144,estable,1,7712156595027210306,588,46986492,4.179795980453491,,0.34313121890045883,,0.3437350625264912,0.3779321685450441,0.450752692027379,0.5038155006781722,0.40106359675104386,0.4349369522939526,0.5077617498066616,0.561616337055284,0.45649406653637925,0.49009416493890967,0.5643093066593963,0.6202812980154704,1.1284518309159637,1.1814288610651502,1.2426916968103114,1.310035777909242
1054,anuncio-techo-4464tx,erdos_renyi,10000,8,0.08,0.5,1.0e8,27596.0,0.0,1.0,600.0,0.01766144,estable,2,9201296162660565923,580,46399420,4.3295509815216064,,0.34159004662641,,0.343580564413287,0.37636248117115656,0.41955265673010445,0.48533888354864985,0.401068895448077,0.43418317079806457,0.47844436420143666,0.5416669547520314,0.4548000349822132,0.4888157692513033,0.5311472104023096,0.5928040356596966,0.6843684773162977,0.7357735045969775,0.7717599258087375,0.8448977458020863
1054,anuncio-techo-4464tx,erdos_renyi,10000,8,0.08,0.5,1.0e8,27596.0,0.0,1.0,600.0,0.01766144,estable,3,7592916522763955038,579,46234887,4.213956117630005,,0.3430968857984492,,0.3431552613333224,0.3786825465128345,0.43479504579013906,0.48458577793638824,0.4009343605383151,0.43636982723239726,0.49254359218462085,0.5424458989408549,0.4569654926524436,0.49229007928312285,0.5510203049139513,0.598172235823256,0.6561273319869088,0.7046592846339763,0.7551748687918689,0.812866035828165
1054,anuncio-techo-4464tx,erdos_renyi,10000,8,0.08,0.5,1.0e8,27596.0,0.0,1.0,600.0,0.01766144,estable,4,13950549499645147677,567,45258507,4.019121170043945,,0.34340785794843826,,0.34392297826912,0.3780964924586101,0.41635094274840867,0.4481300991815651,0.40139498819061714,0.4349663270548376,0.4750096476136605,0.5059760982835968,0.45671669822496597,0.49193968147085343,0.5315161648337607,0.5609081311314519,0.6966690589759992,0.7491227880713893,0.7880186982758914,0.815266879063266
1054,anuncio-techo-4464tx,erdos_renyi,10000,8,0.08,0.5,1.0e8,27596.0,0.0,1.0,600.0,0.01766144,estable,5,17882104399941127055,579,46311315,4.187144994735718,,0.3450479410751224,,0.346229578422367,0.38018857650649807,0.4283190676147335,0.49296845459355154,0.40368793208546094,0.43713844396108925,0.4871779748106242,0.5504799108528005,0.4582790036527342,0.4915988051207023,0.540171153041797,0.6094423800401501,0.6488872038195155,0.7061795082152855,0.7456661511312745,0.8426019689652549
1054,anuncio-techo-4464tx,erdos_renyi,10000,8,0.08,0.5,1.0e8,27596.0,0.0,1.0,600.0,0.01766144,estable,6,14725587463430145972,578,46205898,4.095798015594482,,0.3425642852248346,,0.34348532760527917,0.37747990613200955,0.4300586494009053,0.7817923627431753,0.40067618236901126,0.4342443229047035,0.48592172571409264,0.8384463117228336,0.4543858394401923,0.4879332380691608,0.5425982786979375,0.8883381485804591,0.9105648982393291,0.9607657359209156,1.0184393668220082,1.3060130678318842
1054,anuncio-techo-4464tx,erdos_renyi,10000,8,0.08,0.5,1.0e8,27596.0,0.0,1.0,600.0,0.01766144,estable,7,17572548739118029887,602,48119666,5.025388956069946,,0.34167283971359197,,0.3424383019569177,0.37718999725075264,0.4286392603427487,0.4821674058023291,0.39949137647860766,0.43529653794152523,0.48582870022434577,0.5393579210324333,0.4562104463449259,0.49130673229817035,0.5417679295446192,0.5970047531130831,0.6836487559097577,0.731962819565581,0.7882000234706226,0.853220169333099
1054,anuncio-techo-4464tx,erdos_renyi,10000,8,0.08,0.5,1.0e8,27596.0,0.0,1.0,600.0,0.01766144,estable,8,9851109677439026749,577,45963243,4.434844017028809,,0.3435167638116129,,0.3442192311807446,0.378536041662187,0.44019941186803635,0.4942539384520537,0.40221017275302984,0.436433504518277,0.49829134736211245,0.5517520600926427,0.4570911890047,0.49155425005218945,0.5527133153331079,0.6033865848002555,1.273647351223417,1.323585733014994,1.3707845187016119,1.3908248666223537
1054,anuncio-techo-4464tx,erdos_renyi,10000,8,0.08,0.5,1.0e8,27596.0,0.0,1.0,600.0,0.01766144,estable,9,11557809646374472972,595,47419715,4.2936389446258545,,0.34534474985834374,,0.3457191052412725,0.3818837058580584,0.4377768416943013,0.4979377375184413,0.4028681521419628,0.4397276427955603,0.4961114822897912,0.5553426467288887,0.4564501118913995,0.49361936719270716,0.5503515279112889,0.6123057829068443,0.6253157488794159,0.6796842769092564,0.7546877063250577,0.7903544453563995
1054,anuncio-techo-4464tx,erdos_renyi,10000,8,0.08,0.5,1.0e8,27596.0,0.0,1.0,600.0,0.01766144,estable,10,2316346824156563144,575,46090275,4.1346518993377686,,0.3405113635785858,,0.3421311526417412,0.3742453094924372,0.4094271870447983,0.4382716886078031,0.39931800669887707,0.4310312781389172,0.4665495372096302,0.4954031008986597,0.4524895873737762,0.48581024477442725,0.5220625155005791,0.5472347247955307,0.8180734048630551,0.8675634406198469,0.9082013674246552,0.9266594442250096
1054,anuncio-techo-4464tx,erdos_renyi,10000,8,0.08,0.5,1.0e8,27596.0,0.0,1.0,600.0,0.01766144,estable,11,7683706636407779868,647,51963805,4.747437000274658,,0.3456819636394866,,0.34556462511528707,0.3809605662905824,0.4458995501223626,0.6203169586956392,0.4029654337151669,0.4381825133124164,0.5025920097172047,0.6796983059329023,0.4571578881719347,0.4915738222659627,0.5551195630947063,0.7382779219693703,0.805558585300373,0.8644459874834922,0.9133775493082794,1.054795651691677
1054,anuncio-techo-4464tx,erdos_renyi,10000,8,0.08,0.5,1.0e8,27596.0,0.0,1.0,600.0,0.01766144,estable,12,12965755470186047817,600,47877000,4.228632926940918,,0.34232624371117953,,0.34131694467137663,0.38041866774273103,0.4315620431379301,0.4704965503568985,0.39881136150842167,0.4382932306940006,0.4880447483463968,0.5282375211174326,0.452706644370096,0.4910314426596756,0.540246865607088,0.5801226007958178,1.4372324629644595,1.4973890308928333,1.5459792904297274,1.5774104292263473
1009,cabecera-1p-1slot,regular,10000,8,0.08,0.5,5.967e7,716.0,0.0,1.0,600.0,0.0007679570973688621,estable,1,1952320501982066924,588,47040588,4.287057161331177,,0.287237113949912,,0.2893798832261325,0.3168792822991122,0.3532302540303931,0.36451857479352157,0.3344579012155009,0.3623092842233575,0.39889051671423204,0.4097974027949931,0.3680312721034795,0.39539347422271476,0.43195930012205963,0.4438264917931747,0.4221840805171837,0.45339156938587166,0.48863419402955444,0.5099405581327687
1009,cabecera-1p-1slot,regular,10000,8,0.08,0.5,5.967e7,716.0,0.0,1.0,600.0,0.0007679570973688621,estable,2,9175762237535051065,573,45840573,4.180823087692261,,0.2875872802995905,,0.29159926633423083,0.31442956372700337,0.33427637859649906,0.35697497240829534,0.33656607518719284,0.35919194812299793,0.37944157351572017,0.4023887423606425,0.3693127933177891,0.3918080397577661,0.4105234576468604,0.4355724240012364,0.4194424985663545,0.44632755355351605,0.4695139771334027,0.4995364673611107
1009,cabecera-1p-1slot,regular,10000,8,0.08,0.5,5.967e7,716.0,0.0,1.0,600.0,0.0007679570973688621,estable,3,14763892994225273731,583,46640583,4.163534879684448,,0.2859960992497582,,0.28905498190835033,0.31237909029175626,0.3426140209877673,0.3963863916500827,0.33395250554565337,0.35714189024359655,0.3871930244501556,0.4411913774987397,0.3671581539078943,0.39086295629184065,0.42033676138758835,0.4746623443259068,0.4301720899628947,0.46235991852529423,0.4903921687874515,0.5195368423814841
1009,cabecera-1p-1slot,regular,10000,8,0.08,0.5,5.967e7,716.0,0.0,1.0,600.0,0.0007679570973688621,estable,4,11064231656483402432,578,46240578,4.2195188999176025,,0.2855413418586396,,0.28915142617540823,0.3131286786294254,0.33567836587684496,0.35774390719382154,0.33383085645419897,0.35764647875419087,0.380285738794214,0.4023914542227658,0.3669882497900403,0.3905795513132517,0.41397972331259325,0.43567433204754025,0.4187728324335467,0.4447469654892302,0.47193330888796936,0.48363868050651604
1009,cabecera-1p-1slot,regular,10000,8,0.08,0.5,5.967e7,716.0,0.0,1.0,600.0,0.0007679570973688621,estable,5,16186186234716944165,593,47440593,4.276274919509888,,0.2870033363283945,,0.2911159044801934,0.31347060190262255,0.3389297279368293,0.3587991405298112,0.3359997658642975,0.35860893539182825,0.3838664821664679,0.4041395165277777,0.3695797266403247,0.3916103498958705,0.4180636838116243,0.4357553868879336,0.424813191415808,0.45129056740142914,0.4759069432443539,0.49334866470888983
1009,cabecera-1p-1slot,regular,10000,8,0.08,0.5,5.967e7,716.0,0.0,1.0,600.0,0.0007679570973688621,estable,6,11458891586181486256,613,49040613,4.455946922302246,,0.2865379921653768,,0.2898387671056071,0.31614969958206984,0.3391239754909634,0.37094417373396027,0.33480113119702537,0.36091573102442,0.3839298478653177,0.41589806562251397,0.36825098299181036,0.3940582098772438,0.41698550641234533,0.45020780089771506,0.43320818684242113,0.47077600992889757,0.5031666478532202,0.5207561375673322
1009,cabecera-1p-1slot,regular,10000,8,0.08,0.5,5.967e7,716.0,0.0,1.0,600.0,0.0007679570973688621,estable,7,10980820288463662434,613,49040613,5.112053871154785,,0.2894276427065382,,0.2940285453727256,0.31855243691609303,0.3365438329632866,0.36662771849216824,0.33858222216500167,0.3637735080028506,0.3818344746712796,0.41049931701098785,0.371219805221898,0.3960065830227677,0.41484251983598597,0.4442485375614069,0.42292829656740594,0.45156904965764966,0.4689461056007076,0.49407623934916955
1009,cabecera-1p-1slot,regular,10000,8,0.08,0.5,5.967e7,716.0,0.0,1.0,600.0,0.0007679570973688621,estable,8,11934799062412438361,606,48480606,4.671993017196655,,0.286592532538186,,0.2903397518176689,0.31493188371780434,0.3449768154483195,0.377235314168729,0.33517174101125136,0.35995382970534706,0.38983709269444944,0.42108792124975025,0.3687295057628148,0.3936714146814211,0.42206942028363414,0.4543027107548596,0.4231051038420617,0.44786830010593803,0.47820264467827656,0.5233126968921624
1009,cabecera-1p-1slot,regular,10000,8,0.08,0.5,5.967e7,716.0,0.0,1.0,600.0,0.0007679570973688621,estable,9,6647201264143598745,569,45520569,4.194162845611572,,0.2853090750608289,,0.2894482727753598,0.31455085042586006,0.3359245560311592,0.3565561428301862,0.3343620538702794,0.35937197448811276,0.3810355291167298,0.4020013412279013,0.3672850216967163,0.3921698089318397,0.4160393514588634,0.43374701604102484,0.42468426025698136,0.4555538477968728,0.49109943526305244,0.49431462087099476
1009,cabecera-1p-1slot,regular,10000,8,0.08,0.5,5.967e7,716.0,0.0,1.0,600.0,0.0007679570973688621,estable,10,11321447649765985839,662,52960662,4.821438789367676,,0.2872191692256527,,0.29145173577219907,0.3134585477919245,0.34309460571375894,0.37710226497746646,0.3365154105567001,0.3591435748237757,0.3877098119925222,0.421887240232671,0.3703705952658538,0.39304427805376463,0.42214296143708907,0.4564384330723428,0.43907204035900804,0.47148489022748663,0.5017181305452141,0.5239809029323084
1009,cabecera-1p-1slot,regular,10000,8,0.08,0.5,5.967e7,716.0,0.0,1.0,600.0,0.0007679570973688621,estable,11,15308973333141712550,593,47440593,4.252230882644653,,0.2856181684195374,,0.28873819216630636,0.3121525272399026,0.347513005962071,0.3712495571805903,0.33388451902783345,0.3567165799511258,0.39153947423346835,0.41615051440720663,0.3669683543637916,0.39150275371252974,0.4262068779313495,0.4495883705955066,0.42207961976725983,0.44760110919935414,0.48432557362303186,0.5018280667930526
1009,cabecera-1p-1slot,regular,10000,8,0.08,0.5,5.967e7,716.0,0.0,1.0,600.0,0.0007679570973688621,estable,12,15621670926674536904,567,45360567,4.002664089202881,,0.2861195223266964,,0.2893794254194688,0.31503525635278606,0.344617237427542,0.357543169283872,0.3345217142336594,0.35997726109172845,0.3894541664718645,0.4022178817627946,0.3672058944865171,0.39261165125437003,0.42338245162386556,0.43534844050225274,0.41761048348337226,0.44359105540701194,0.4762070608803697,0.4904110898564369
1021,cabecera-4p-1slot,regular,10000,8,0.08,0.5,5.967e7,812.0,0.0,1.0,600.0,0.0008709234120998827,estable,1,9071080438485083307,600,48000600,4.3550310134887695,,0.2852605196318057,,0.28866171304741783,0.3120621885953483,0.3446774491922042,0.38056577783918044,0.3332920929811962,0.3569218786751094,0.38948197375532345,0.42480408603493913,0.36623053439980424,0.39031065493617234,0.4225771926887205,0.4571174213083822,0.418740483965621,0.44579849436530594,0.474116546586572,0.4977964452016579
1021,cabecera-4p-1slot,regular,10000,8,0.08,0.5,5.967e7,812.0,0.0,1.0,600.0,0.0008709234120998827,estable,2,9859974858901759502,641,51280641,4.64306116104126,,0.28790248170338095,,0.2909137575737759,0.31596081576941515,0.3408970863014247,0.37278279844187523,0.3359815914652131,0.36096200636222875,0.3856450156197866,0.4177342551169687,0.369205718399769,0.3940141215491053,0.41973539071790356,0.4512981415355952,0.4266432588631943,0.4562738625097609,0.4807415659626031,0.5032504751874143
1021,cabecera-4p-1slot,regular,10000,8,0.08,0.5,5.967e7,812.0,0.0,1.0,600.0,0.0008709234120998827,estable,3,946508154729853983,606,48480606,4.340759992599487,,0.2853705501013527,,0.2883542581174652,0.3116987138159857,0.3418343243953359,0.3806392584182845,0.33293886173311193,0.3563767154486559,0.38675081714376347,0.4253187394988913,0.3654983008334227,0.3892580794849607,0.42017641684475393,0.45779275626679805,0.4232611123564993,0.45353285076043903,0.4898539305605709,0.5160037849221908
1021,cabecera-4p-1slot,regular,10000,8,0.08,0.5,5.967e7,812.0,0.0,1.0,600.0,0.0008709234120998827,estable,4,12937590786767442970,661,52880661,4.72871208190918,,0.2854261417149868,,0.28760396559914625,0.3133661986551033,0.3404809626822498,0.3670516805752584,0.33259942804806997,0.3581148580797162,0.38445178070526254,0.4115402389263636,0.36667837341474296,0.3919487567347204,0.41811330521272794,0.4477166139377289,0.42319996408019733,0.454410371090205,0.4906284480624663,0.497876121815068
1021,cabecera-4p-1slot,regular,10000,8,0.08,0.5,5.967e7,812.0,0.0,1.0,600.0,0.0008709234120998827,estable,5,6261564664342024614,618,49440618,4.46618390083313,,0.2845266974374515,,0.28763283966225117,0.3120289353548742,0.33564855152036444,0.3577348229928248,0.33206272379308643,0.35677974322896944,0.3802351295560129,0.40306148888276994,0.3653592686092395,0.3898168654812082,0.4138036261968523,0.4369642047192883,0.4508606085225324,0.48859088664310946,0.5240941747509282,0.5417069883970953
1021,cabecera-4p-1slot,regular,10000,8,0.08,0.5,5.967e7,812.0,0.0,1.0,600.0,0.0008709234120998827,estable,6,4277524695704846523,603,48240603,4.436291933059692,,0.2883379325862083,,0.29111367460049564,0.31751692415235766,0.3443249990639856,0.3854354731840317,0.33651696191014935,0.3626987822950696,0.3894698328115851,0.430437895815885,0.3698699480358414,0.3955418094953558,0.4235698946884554,0.4637853018014084,0.42405978542903,0.45226870214276005,0.48059674254216134,0.5106324307631098
1021,cabecera-4p-1slot,regular,10000,8,0.08,0.5,5.967e7,812.0,0.0,1.0,600.0,0.0008709234120998827,estable,7,1312645406253338533,569,45520569,4.070154905319214,,0.2866387302742016,,0.28995425101237515,0.315423395536925,0.3352439000567813,0.3804693031447641,0.33493213864113613,0.36088143171801335,0.3806055102789401,0.42575208399475173,0.3680861018667656,0.39372229923378654,0.413625952374332,0.45813231049649517,0.41957881714247947,0.45116464395516687,0.481294850607469,0.4968529550939138
1021,cabecera-4p-1slot,regular,10000,8,0.08,0.5,5.967e7,812.0,0.0,1.0,600.0,0.0008709234120998827,estable,8,16864972467275755204,571,45680571,4.117916822433472,,0.2873493498291217,,0.2907589483048696,0.31385352206609696,0.3385208604630874,0.35789144757706026,0.33570466410158595,0.3583624552278657,0.38349981338018235,0.4031352289612187,0.36797978263382447,0.3911876412468587,0.4166507545370859,0.4356220991535906,0.4171809794065666,0.4419883648916425,0.4668774314691291,0.4837072584066391
1021,cabecera-4p-1slot,regular,10000,8,0.08,0.5,5.967e7,812.0,0.0,1.0,600.0,0.0008709234120998827,estable,9,4403095319265829029,664,53120664,4.8850038051605225,,0.2867767081711252,,0.2900636312610345,0.31446930341394363,0.34281538491075025,0.3723110805742067,0.3351864821676145,0.3595125287722283,0.3872032774277159,0.41765178227069555,0.36874735236422396,0.39317133564705387,0.4208919001061986,0.4504586162771602,0.43037307122341417,0.46520492695458415,0.4935047918435771,0.5501245038810154
1021,cabecera-4p-1slot,regular,10000,8,0.08,0.5,5.967e7,812.0,0.0,1.0,600.0,0.0008709234120998827,estable,10,9762981652686329026,600,48000600,4.3443498611450195,,0.28850493166514873,,0.2913804002284337,0.31768498278381685,0.3394059263264353,0.36412517786118315,0.3369449675562919,0.362531656719284,0.38453108541375514,0.4084623789509578,0.3707577401805793,0.39583924545720706,0.4196415691800439,0.44320166836860153,0.4317277093588814,0.4646551267939003,0.49078306921285275,0.512152371148261
1021,cabecera-4p-1slot,regular,10000,8,0.08,0.5,5.967e7,812.0,0.0,1.0,600.0,0.0008709234120998827,estable,11,14917325420864044019,595,47600595,4.351675987243652,,0.2877924483042238,,0.29147361661912896,0.3124711743933517,0.345343122874624,0.41731966347077787,0.3370931555466541,0.35855482946715256,0.39019966079200685,0.4628133499089131,0.3710351188693153,0.39333971825573144,0.42544799013217016,0.49669314024083633,0.43526679994158,0.4619645653809812,0.5045199276031838,0.5410067057757715
1021,cabecera-4p-1slot,regular,10000,8,0.08,0.5,5.967e7,812.0,0.0,1.0,600.0,0.0008709234120998827,estable,12,4375534614071586978,598,47840598,4.258947849273682,,0.28592450010161735,,0.28944821802156184,0.3139128250758745,0.33992064068786476,0.356237028627163,0.3342520521366623,0.35863443403098927,0.38527234300670443,0.400743611356404,0.36735079464580167,0.39095115369372024,0.4197767713773146,0.4337729701341573,0.4261948804573308,0.4546705604948329,0.48640454974406566,0.5069922933022895
1033,anuncio-arranque-571tx,regular,10000,8,0.08,0.5,5.967e7,4238.0,0.0,1.0,600.0,0.004545533769063181,estable,1,15335502594622888011,606,48480606,5.187498092651367,,0.29622573557546594,,0.300603207440588,0.32392069754735076,0.3480430824497489,0.3896993908266495,0.34692113496743104,0.3701367055204514,0.3935929986804183,0.43694012822015793,0.3809771889918352,0.40406993420009485,0.4278435742510851,0.47156361247914447,0.4376848205251065,0.4661588091543081,0.4945211556312685,0.5383280241287594
1033,anuncio-arranque-571tx,regular,10000,8,0.08,0.5,5.967e7,4238.0,0.0,1.0,600.0,0.004545533769063181,estable,2,12267704071421970653,647,51760647,5.1806800365448,,0.30146496324470573,,0.3050865526024893,0.3307558289494068,0.3650236972381151,0.3764029450413773,0.3516468525081109,0.37748174668115553,0.4112426179479485,0.42277936026459884,0.3857505553902456,0.4116889459852757,0.4450876732803124,0.45751382606954394,0.4436153019807705,0.47743293297401124,0.5045734887618494,0.5173366084690088
1033,anuncio-arranque-571tx,regular,10000,8,0.08,0.5,5.967e7,4238.0,0.0,1.0,600.0,0.004545533769063181,estable,3,15323605237074687641,624,49920624,4.567214012145996,,0.2997390522196917,,0.30269079599042925,0.3290163634705152,0.34906943442155125,0.38420996746538094,0.3489483129175852,0.3748705682288289,0.39482094097706977,0.4306317362123764,0.3824732855265438,0.4090400898152211,0.4289293503033491,0.46420451875127355,0.4334628663459057,0.4609347481696773,0.48587074081768833,0.5196446177695293
1033,anuncio-arranque-571tx,regular,10000,8,0.08,0.5,5.967e7,4238.0,0.0,1.0,600.0,0.004545533769063181,estable,4,5245233694603544667,610,48800610,4.413889169692993,,0.3007329481890971,,0.3055539690811315,0.328771539331413,0.3526129980375572,0.3743542078937594,0.35150974229750886,0.37510954705885524,0.3987083982933086,0.4212742736787618,0.3851220353504061,0.4088990871872511,0.43327406306519833,0.4531421459278704,0.44108405380939075,0.46889809371620217,0.48878608408836044,0.5278173387203822
1033,anuncio-arranque-571tx,regular,10000,8,0.08,0.5,5.967e7,4238.0,0.0,1.0,600.0,0.004545533769063181,estable,5,15675845478406981903,637,50960637,4.586964845657349,,0.2998185609846096,,0.30343606160229797,0.3278858495831969,0.36970085571101663,0.3906500743186143,0.35005345139364863,0.3745848586178795,0.41569503666542573,0.4382195124181294,0.3836356681794655,0.40889588891252515,0.4481294128395348,0.4690686716384107,0.43834019236112454,0.46797213864354603,0.5012399599142157,0.5389869737978756
1033,anuncio-arranque-571tx,regular,10000,8,0.08,0.5,5.967e7,4238.0,0.0,1.0,600.0,0.004545533769063181,estable,6,8193019590611387482,604,48320604,4.390713930130005,,0.29997109028653135,,0.30332398830483953,0.32971406486672095,0.35635285963817864,0.38131727341192345,0.3497701028036886,0.3762954802064655,0.40261410050453605,0.42827550464278374,0.3843444509749361,0.40988228389824144,0.4362077555261692,0.4644822635800665,0.4410068693769489,0.4713635426460314,0.5028253385340804,0.5223370912876817
1033,anuncio-arranque-571tx,regular,10000,8,0.08,0.5,5.967e7,4238.0,0.0,1.0,600.0,0.004545533769063181,estable,7,6122834391639943085,569,45520569,4.159228086471558,,0.29920382655672223,,0.30338715225573765,0.32870561705344414,0.34839999366721486,0.36777418336333767,0.35037913326080883,0.3754445274281579,0.3955216447238996,0.41396716727828675,0.38375216111097643,0.40868336571085706,0.4287099890743775,0.44683893929865803,0.4327573290159279,0.4598624167321077,0.4877095670510698,0.5225804313736262
1033,anuncio-arranque-571tx,regular,10000,8,0.08,0.5,5.967e7,4238.0,0.0,1.0,600.0,0.004545533769063181,estable,8,3725519453159603145,617,49360617,4.582667827606201,,0.30105166500572045,,0.3049299338585172,0.3274002099557265,0.35425468111111513,0.3743107533761929,0.3515228589555264,0.37470746180974857,0.4010050088314756,0.4207679390631256,0.3859036408630345,0.40852910041775203,0.4337772775909343,0.4556083090362222,0.44177264644980596,0.46882736569750705,0.49513812868963214,0.5189901701858162
1033,anuncio-arranque-571tx,regular,10000,8,0.08,0.5,5.967e7,4238.0,0.0,1.0,600.0,0.004545533769063181,estable,9,8647779289263664518,622,49760622,4.530280113220215,,0.29897305353293663,,0.3032297352155524,0.3256213377943453,0.3483749107631642,0.36713069462894055,0.34932746380218305,0.3717386667427718,0.39542438975336314,0.4130393169027684,0.38291983114186223,0.40584176933117533,0.42920646386174965,0.44667280388330255,0.4408646648612944,0.4676644978879949,0.496139343237175,0.513503317634445
1033,anuncio-arranque-571tx,regular,10000,8,0.08,0.5,5.967e7,4238.0,0.0,1.0,600.0,0.004545533769063181,estable,10,389785306535017031,574,45920574,4.137015104293823,,0.3020419986358923,,0.3054016361303553,0.32907654764358085,0.3511085377015064,0.37710416238614375,0.3522159055821703,0.37555672490526604,0.3974638019080885,0.42376152527117905,0.38606562713403036,0.41017781755394367,0.43197557585102686,0.4576283922484672,0.4363763033434225,0.4644094227387541,0.49758932498704667,0.5177022957165036
1033,anuncio-arranque-571tx,regular,10000,8,0.08,0.5,5.967e7,4238.0,0.0,1.0,600.0,0.004545533769063181,estable,11,4567710039273541122,577,46160577,4.253243923187256,,0.30351349609135586,,0.30709943131859063,0.3310375559954082,0.36166336404568256,0.39148369717617015,0.35405910181523836,0.37806265475461487,0.40914223656068316,0.4384027404404378,0.38827180011071505,0.4128430103567098,0.4436333785568536,0.47342290571606327,0.4452278060718484,0.47245739784759166,0.5028254341426361,0.5281064645164975
1033,anuncio-arranque-571tx,regular,10000,8,0.08,0.5,5.967e7,4238.0,0.0,1.0,600.0,0.004545533769063181,estable,12,16658047331428638784,664,53120664,4.897247076034546,,0.2984727817281148,,0.3020076916285461,0.3248982952407573,0.34813389513726634,0.3915609615897324,0.34837389765755233,0.37104128387824176,0.39510043261071814,0.4373606094293052,0.3818494476249015,0.4049961471304755,0.42885092580122297,0.470509692745793,0.43379313076229664,0.4610394912519382,0.4796198079641272,0.5207325317120848
1045,cabecera-peor-caso-16p-150slot,regular,10000,8,0.08,0.5,5.967e7,20268.0,0.0,1.0,600.0,0.021738763197586726,estable,1,13120458542950608168,622,49760622,4.414715051651001,,0.3614863608434915,,0.36684700321393393,0.3896859470432332,0.4168467476673072,0.4460223506370653,0.4208243849251403,0.44334989880962894,0.4708274264693628,0.4994663382242095,0.4584150110513292,0.4808104846315473,0.5084564720709892,0.5395496852471524,0.521927929883816,0.5567920867573353,0.5865491977530723,0.6156591951565247
1045,cabecera-peor-caso-16p-150slot,regular,10000,8,0.08,0.5,5.967e7,20268.0,0.0,1.0,600.0,0.021738763197586726,estable,2,4295696211690891073,579,46320579,4.106090068817139,,0.36022211599182064,,0.36672622617498973,0.39146022183854257,0.416641156239308,0.42842856370322124,0.42091071031893534,0.44590751876251034,0.4707256417372605,0.4835431247097972,0.45879659540997864,0.4825483978426064,0.509414760874165,0.5205367729514023,0.5150978581710319,0.5452836277469544,0.5747956111838448,0.593260853503466
1045,cabecera-peor-caso-16p-150slot,regular,10000,8,0.08,0.5,5.967e7,20268.0,0.0,1.0,600.0,0.021738763197586726,estable,3,446995075257728474,594,47520594,4.284960031509399,,0.36036626490697987,,0.36571649406093343,0.38881224122229696,0.42556880633571836,0.45621660821319665,0.41942805233253466,0.44299740588644454,0.4791034651037478,0.50937502414547,0.45752933898467063,0.4807783601158917,0.5166763864023665,0.5463769786811099,0.5331598686857433,0.5786812268625567,0.6175810479593338,0.650485386188052
1045,cabecera-peor-caso-16p-150slot,regular,10000,8,0.08,0.5,5.967e7,20268.0,0.0,1.0,600.0,0.021738763197586726,estable,4,9424676065958604534,571,45680571,4.107662916183472,,0.3588667567957751,,0.3638664956312141,0.3891303456364881,0.4199518717960018,0.4372576394199399,0.417296931102328,0.44234880183438463,0.4732498315018461,0.49108032430314097,0.4546919953355655,0.4795575386948485,0.5094846430871485,0.5271761185886419,0.5173587834220399,0.5535952138566245,0.5834894215921906,0.5966519420666145
1045,cabecera-peor-caso-16p-150slot,regular,10000,8,0.08,0.5,5.967e7,20268.0,0.0,1.0,600.0,0.021738763197586726,estable,5,8529675532377871658,606,48480606,4.282268047332764,,0.36079057225174926,,0.3670560155389353,0.39000141383839093,0.4163661523238602,0.4409036722546489,0.4210173615578583,0.4437809580091425,0.4694448069056705,0.49544025005297954,0.45790326364472733,0.48144055146650544,0.5056245207593975,0.5345650083500004,0.513330902000348,0.5409707825868395,0.5647867927698087,0.5905775007499443
1045,cabecera-peor-caso-16p-150slot,regular,10000,8,0.08,0.5,5.967e7,20268.0,0.0,1.0,600.0,0.021738763197586726,estable,6,239602454313794195,614,49120614,4.400407791137695,,0.3606733164966023,,0.36659907744780185,0.3916177930951221,0.4156031760669521,0.43833550783600117,0.42025075880303575,0.44548298093049254,0.4704657282028961,0.4915702306471985,0.45752645497704236,0.48307971235294644,0.5089451732586667,0.5281010212511603,0.5148412256028188,0.5438068091477817,0.5719703820219308,0.5870587214908483
1045,cabecera-peor-caso-16p-150slot,regular,10000,8,0.08,0.5,5.967e7,20268.0,0.0,1.0,600.0,0.021738763197586726,estable,7,16480353885470072571,637,50960637,4.6323230266571045,,0.3585373769530319,,0.3633318889598627,0.39078760174913896,0.4152576543635007,0.43756798798916563,0.41692525053292684,0.44410116016302936,0.46864846862439435,0.49254691143907614,0.4545349688527267,0.4813335187645862,0.5070517109884065,0.5300689624814101,0.516453569661472,0.5504223212618626,0.5842575406096273,0.5928845216936907
1045,cabecera-peor-caso-16p-150slot,regular,10000,8,0.08,0.5,5.967e7,20268.0,0.0,1.0,600.0,0.021738763197586726,estable,8,16029250485993323291,597,47760597,4.404428958892822,,0.35970276522257294,,0.36545446222508104,0.38994125869231766,0.41289059806585726,0.4352116075004915,0.4196074395977121,0.44422414238545116,0.46637027563711797,0.48853019566303146,0.4566019846542986,0.48128601285230843,0.504238689275212,0.5280439245898378,0.5125579787611798,0.5405069190241818,0.5731280182106957,0.5884698847816594
1045,cabecera-peor-caso-16p-150slot,regular,10000,8,0.08,0.5,5.967e7,20268.0,0.0,1.0,600.0,0.021738763197586726,estable,9,9900031120502170605,590,47200590,4.219588041305542,,0.3610601630641524,,0.367031038531195,0.391495461690738,0.4197607520574138,0.43879763110402337,0.42093346414058885,0.44542163721189354,0.4732950349635985,0.4929438523219005,0.4580512927219331,0.4831254155221245,0.5095729370728463,0.5314042444555866,0.5171606917162208,0.5455128795312021,0.5759852574488491,0.5900352119747794
1045,cabecera-peor-caso-16p-150slot,regular,10000,8,0.08,0.5,5.967e7,20268.0,0.0,1.0,600.0,0.021738763197586726,estable,10,16146849335934479962,602,48160602,4.41457200050354,,0.3648946745758224,,0.37012095168034875,0.39702649805380474,0.43090815658450765,0.4777820138069089,0.42394650266629696,0.450828938878999,0.4857672240671036,0.5317779532088167,0.46197425462456465,0.48939614335643,0.5232993852360437,0.5687904148891434,0.5228616563600781,0.5560715668043485,0.5852257471831877,0.6151908565543351
1045,cabecera-peor-caso-16p-150slot,regular,10000,8,0.08,0.5,5.967e7,20268.0,0.0,1.0,600.0,0.021738763197586726,estable,11,16299225698346350812,592,47360592,4.262614965438843,,0.36407566875452024,,0.3685941539725093,0.3957801494887576,0.4370967367064509,0.4427859945743702,0.4224503277895906,0.44998757624466634,0.4913358570252626,0.49797228550758277,0.4602794311836078,0.48701091553624565,0.5291520917000412,0.537387159104096,0.5178456952308466,0.5472767624724497,0.5908122050584552,0.6225440795330996
1045,cabecera-peor-caso-16p-150slot,regular,10000,8,0.08,0.5,5.967e7,20268.0,0.0,1.0,600.0,0.021738763197586726,estable,12,15659206005089623684,596,47680596,4.253583908081055,,0.3589150814081232,,0.36435032663359834,0.3875988785894151,0.4138979138940613,0.43465625453245593,0.41804801425217875,0.44093497828907857,0.46722796270660183,0.4881762146828805,0.45509638177583156,0.4782598875248141,0.5044657565755415,0.5240196421303835,0.5142718920481002,0.5447636952447397,0.5829398924548954,0.5939457416112077
1057,anuncio-techo-4464tx,regular,10000,8,0.08,0.5,5.967e7,27596.0,0.0,1.0,600.0,0.029598525222054632,estable,1,8248699446629736159,558,44640558,4.070758104324341,,0.3868620572582853,,0.39336694197126576,0.4195832704577924,0.4431886241755194,0.4646474663136928,0.45067763946724426,0.47710379485727117,0.5003201839350311,0.5213205903609719,0.4907456629865692,0.5165608990957935,0.5410890158125454,0.5611923283469764,0.5473278867112299,0.5807878564610576,0.6037036829814575,0.6253769083506313
1057,anuncio-techo-4464tx,regular,10000,8,0.08,0.5,5.967e7,27596.0,0.0,1.0,600.0,0.029598525222054632,estable,2,15815829696315264050,585,46800585,4.262391090393066,,0.3872580067255196,,0.39252108130216357,0.41949656196425167,0.4524744724838001,0.48703303392790076,0.45025287546029347,0.4772533041337397,0.5087838928343444,0.5447347680673005,0.4895490835419878,0.5158271758783997,0.5476295470302261,0.5870328510185345,0.5509059907494134,0.5832013712119988,0.6177066220493543,0.637627549720662
1057,anuncio-techo-4464tx,regular,10000,8,0.08,0.5,5.967e7,27596.0,0.0,1.0,600.0,0.029598525222054632,estable,3,9348442669203916678,583,46640583,4.278065919876099,,0.388185686819504,,0.39384995269836054,0.4230088893158097,0.44629573207095063,0.49591367259603203,0.4511434477486773,0.4801369747688682,0.5039525867041448,0.5529149796877846,0.49051516900340175,0.5184136161136053,0.5461098677993732,0.5925048028023241,0.5573200356980124,0.5946310174882186,0.6232054593271812,0.6604576869988534
1057,anuncio-techo-4464tx,regular,10000,8,0.08,0.5,5.967e7,27596.0,0.0,1.0,600.0,0.029598525222054632,estable,4,13695698087688941328,625,50000625,4.518543004989624,,0.3876739171511691,,0.39383527569839316,0.41844970178527774,0.4460244017400612,0.4822359320605152,0.4514756672304543,0.47552237196231595,0.5035440554738955,0.5409633630627511,0.49030939294300424,0.5160212073556404,0.5422604002974936,0.5794410658914586,0.5536997871963507,0.5896344998799634,0.6227235963451676,0.6418216366096203
1057,anuncio-techo-4464tx,regular,10000,8,0.08,0.5,5.967e7,27596.0,0.0,1.0,600.0,0.029598525222054632,estable,5,285578965102758057,586,46880586,4.270702838897705,,0.3890500215101562,,0.395432818481936,0.4207173096888823,0.4481985583305743,0.4610185645154843,0.45319864918263875,0.47783528253788177,0.5060787524199384,0.517492483919483,0.4922682559943041,0.5169796750598152,0.5460551409770957,0.5559060099271846,0.5533469650814027,0.5824241912114871,0.6150406052388462,0.626999821241327
1057,anuncio-techo-4464tx,regular,10000,8,0.08,0.5,5.967e7,27596.0,0.0,1.0,600.0,0.029598525222054632,estable,6,7316722522519536762,565,45200565,4.0339860916137695,,0.38958576513113036,,0.3947246264438036,0.42295186361860715,0.44682647842813594,0.49207680076878546,0.45235765232877156,0.48090651508499604,0.5041848218917835,0.5490507022271913,0.49177874857088,0.5210265371068772,0.542369238049389,0.5871553833559631,0.5547602299169512,0.5838324996383335,0.6173293040263843,0.6367373308330002
1057,anuncio-techo-4464tx,regular,10000,8,0.08,0.5,5.967e7,27596.0,0.0,1.0,600.0,0.029598525222054632,estable,7,8668775090166161346,592,47360592,4.266993045806885,,0.38702897379138806,,0.39338013384366377,0.419192889223865,0.44061200897763797,0.4533762120141773,0.450555316339603,0.4763259340535342,0.4971141944024069,0.5097873750256667,0.4895313792262641,0.5155405584571611,0.5371031679368272,0.546636238188853,0.5473254483019332,0.578124025290208,0.6086718232503401,0.6301713116916687
1057,anuncio-techo-4464tx,regular,10000,8,0.08,0.5,5.967e7,27596.0,0.0,1.0,600.0,0.029598525222054632,estable,8,7868175354584260535,608,48640608,4.386502027511597,,0.38787905549165363,,0.39357861131486516,0.41957859355568417,0.4454060806575626,0.47135237585621326,0.4511337718827235,0.47722834051057816,0.5024776060241152,0.5301528296631659,0.4901740162564465,0.5163085090233039,0.5419579859192254,0.569691100811724,0.5463194459619416,0.5783279329840383,0.5991467878582739,0.6366878550973354
1057,anuncio-techo-4464tx,regular,10000,8,0.08,0.5,5.967e7,27596.0,0.0,1.0,600.0,0.029598525222054632,estable,9,6279455552328364598,612,48960612,4.3988869190216064,,0.38934622640508837,,0.39571996778306584,0.4198591143820636,0.4437539789119569,0.4575648996670907,0.45285690419541424,0.47738331954280966,0.5020114798321771,0.5147327280159288,0.49167842596159517,0.5160423996654799,0.5437316627890922,0.5529200857808121,0.5469566169065416,0.5736183477372947,0.5986095161651974,0.6186803657486166
1057,anuncio-techo-4464tx,regular,10000,8,0.08,0.5,5.967e7,27596.0,0.0,1.0,600.0,0.029598525222054632,estable,10,4201518046444124827,593,47440593,4.197268962860107,,0.38407187884960187,,0.38896779872493426,0.41910621095701117,0.4490128010050398,0.4871701291946806,0.4457776045938999,0.476169687834215,0.5048784346784032,0.5446228728632718,0.48464601821581255,0.5147369670635271,0.5440301977148465,0.5827258700978746,0.5497714240087817,0.5855657808453998,0.6175589404060702,0.6344158873047263
1057,anuncio-techo-4464tx,regular,10000,8,0.08,0.5,5.967e7,27596.0,0.0,1.0,600.0,0.029598525222054632,estable,11,6617402384674050946,643,51440643,4.613243818283081,,0.3860774776204884,,0.3924817021105582,0.4174430141565608,0.44438011856823323,0.4622377942852154,0.4494307899162493,0.4747029617780072,0.5004755639879477,0.520360852860108,0.4889221701558313,0.5138093993618895,0.5404578810293117,0.5606440417317344,0.5527740442570348,0.5819482718640643,0.6052421992192762,0.6296017419718964
1057,anuncio-techo-4464tx,regular,10000,8,0.08,0.5,5.967e7,27596.0,0.0,1.0,600.0,0.029598525222054632,estable,12,15408079207283564674,644,51520644,4.62870192527771,,0.38624514175774327,,0.3934640060607535,0.41802649674400527,0.4402407404780888,0.4539590106371918,0.45095737401680935,0.4751812052795117,0.4978060539432363,0.5118889025359294,0.49055118936547615,0.5147804649598129,0.5373157491461313,0.5521598717706411,0.5490020015412824,0.5779879771139349,0.6134639649080782,0.6287469383643156
1003,cabecera-1p-1slot,regular,10000,8,0.08,0.5,1.0e8,716.0,0.0,1.0,600.0,0.00045824,estable,1,7373627133131871657,588,47040588,4.850692987442017,,0.28448308576411574,,0.28758203332903065,0.3123057081054128,0.3392679548650932,0.36400255010471483,0.33229051827979106,0.3569353431485922,0.38445641414989495,0.40839168217729593,0.36558070188891634,0.390075060470366,0.417881080437013,0.4421966579482728,0.4166289967357102,0.44500178729163054,0.4778950628902976,0.4906034897853715
1003,cabecera-1p-1slot,regular,10000,8,0.08,0.5,1.0e8,716.0,0.0,1.0,600.0,0.00045824,estable,2,6219692877492326625,551,44080551,4.384778022766113,,0.28423778329630683,,0.28757995302811423,0.3123479508994649,0.33446011135995946,0.35919087736061783,0.332206303266787,0.3567596706379845,0.37992294573803065,0.40344056600679323,0.36523358069416645,0.390435005014524,0.41261075675220127,0.435686061965896,0.42879861044588097,0.4572193504844222,0.4893621353018034,0.5061053820915618
1003,cabecera-1p-1slot,regular,10000,8,0.08,0.5,1.0e8,716.0,0.0,1.0,600.0,0.00045824,estable,3,17001315699047639876,609,48720609,4.474222183227539,,0.284541861321379,,0.28798455469791406,0.3124982772560543,0.33855726245779394,0.3653405999806978,0.3327349044375296,0.357203320481716,0.3835831394623135,0.4102176983239474,0.36496027096958983,0.3903189027911651,0.41741760991038035,0.44292331661654316,0.41812465576433056,0.44797565990549515,0.4722394132659673,0.5106758587010063
1003,cabecera-1p-1slot,regular,10000,8,0.08,0.5,1.0e8,716.0,0.0,1.0,600.0,0.00045824,estable,4,4509125866887532065,569,45520569,4.214015960693359,,0.2850273579439023,,0.2891736288594302,0.3117873896075878,0.3351449961238018,0.3527464360067256,0.3339327885199168,0.35690577645311805,0.38010120586642415,0.39751774580611254,0.36695349230865304,0.3896838443075721,0.4128314854947348,0.4295959849840756,0.4244728392886259,0.4514297136048526,0.4785854971010508,0.4915888078260764
1003,cabecera-1p-1slot,regular,10000,8,0.08,0.5,1.0e8,716.0,0.0,1.0,600.0,0.00045824,estable,5,13204875611326184062,619,49520619,4.5871100425720215,,0.28529980969476404,,0.2884044685822573,0.31565146526406807,0.33451242087312494,0.3664008495028952,0.3334498597608331,0.3605124494778238,0.37911909836680024,0.4107815427503283,0.3658871511503321,0.393364077040701,0.4122811956475516,0.44471773693351224,0.4182019188688173,0.44795796417315614,0.47010029077097215,0.49214122861218357
1003,cabecera-1p-1slot,regular,10000,8,0.08,0.5,1.0e8,716.0,0.0,1.0,600.0,0.00045824,estable,6,17977366361046124584,604,48320604,4.307241916656494,,0.2843930518295993,,0.2879689652685329,0.31300933095646144,0.33344267045185916,0.37139156044297295,0.33271265306132136,0.35768774775502266,0.3784988194292964,0.416247555310008,0.36528320725591,0.3900103590363386,0.40994365871290483,0.4493675369232335,0.41516977080777906,0.44327592235069346,0.46621864261697965,0.5038368750416566
1003,cabecera-1p-1slot,regular,10000,8,0.08,0.5,1.0e8,716.0,0.0,1.0,600.0,0.00045824,estable,7,2045403405644475760,645,51600645,4.620185852050781,,0.2861972008883872,,0.2901172667003493,0.3119637724333728,0.33907699184766216,0.36270298074269647,0.33493217666256214,0.35677116678925813,0.3836094564106247,0.4067521031783201,0.3677072486999009,0.3891138375841052,0.4168737878085267,0.44256461034487415,0.4164217476375143,0.43994704039357657,0.4646758820701393,0.48508403098482233
1003,cabecera-1p-1slot,regular,10000,8,0.08,0.5,1.0e8,716.0,0.0,1.0,600.0,0.00045824,estable,8,16561897907479433716,583,46640583,4.303575038909912,,0.287853338403247,,0.29174459592189805,0.315619467325007,0.34089535566832296,0.3741825352722685,0.3365299565409714,0.3605195892782831,0.38531760147816385,0.41864814753478186,0.3697239493023545,0.394565650435311,0.4193106341691646,0.45458547120711046,0.4224149010574365,0.45092876337699295,0.4828992848751952,0.5132253487893195
1003,cabecera-1p-1slot,regular,10000,8,0.08,0.5,1.0e8,716.0,0.0,1.0,600.0,0.00045824,estable,9,796579104064997478,575,46000575,4.261554002761841,,0.2852369885544367,,0.2881555165888443,0.31164416560682184,0.3339768827872973,0.34952617109627226,0.33278503943421356,0.3563538409137834,0.3778783383586415,0.39371931940411287,0.36614935053944464,0.3899170714828273,0.41312291441391835,0.42712604809565846,0.42320952560259606,0.4504430471863543,0.4771031731863786,0.48693123560553886
1003,cabecera-1p-1slot,regular,10000,8,0.08,0.5,1.0e8,716.0,0.0,1.0,600.0,0.00045824,estable,10,18358387823782438842,611,48880611,4.413137912750244,,0.28440462074614775,,0.2885601850290982,0.3102345692856545,0.3382698786929552,0.36594233210424676,0.33306684679246246,0.3551623576269094,0.3835211386926858,0.4110348252802991,0.365617188826036,0.3880865689106088,0.4161347236247934,0.44370780485690053,0.414118333037961,0.4395322206957317,0.46963905518123283,0.49217377186863587
1003,cabecera-1p-1slot,regular,10000,8,0.08,0.5,1.0e8,716.0,0.0,1.0,600.0,0.00045824,estable,11,12854795793643666679,572,45760572,4.176217794418335,,0.28580188963782677,,0.28899829389251863,0.31442995258842643,0.34327628159729073,0.35183278633246573,0.3334213471883345,0.35903553581511005,0.38767992989595257,0.39610114256102236,0.3665021895544669,0.39298744594503887,0.4214554677396727,0.42886836420778707,0.42204081634122304,0.45152218674058986,0.48473400417210044,0.4979098680470315
1003,cabecera-1p-1slot,regular,10000,8,0.08,0.5,1.0e8,716.0,0.0,1.0,600.0,0.00045824,estable,12,2498009906300652917,620,49600620,4.526810884475708,,0.28415732381647757,,0.28679714409608437,0.31332250968677045,0.33615223167009844,0.3447829355392287,0.3318106185887473,0.35809674090512544,0.38127208293380477,0.38849066433544976,0.36482536901991125,0.3917514198897152,0.41374955231711397,0.4222274888987272,0.4161783377207655,0.4436945306884539,0.4611119419677152,0.4773973896460575
1015,cabecera-4p-1slot,regular,10000,8,0.08,0.5,1.0e8,812.0,0.0,1.0,600.0,0.00051968,estable,1,9466972864358915843,600,48000600,4.351125955581665,,0.28419474729707395,,0.28723473492780727,0.3116135678258729,0.3378705199109362,0.40005687605437856,0.3316937743896986,0.35577409315004616,0.38180315991033353,0.4447970496904361,0.3643104830601942,0.3888985442644639,0.4152900089389533,0.4773793863649871,0.4342434063891858,0.4679027553547712,0.49858858394429717,0.5271677846640159
1015,cabecera-4p-1slot,regular,10000,8,0.08,0.5,1.0e8,812.0,0.0,1.0,600.0,0.00051968,estable,2,4850985881677499258,621,49680621,4.436905145645142,,0.28529330865481256,,0.28905323703790486,0.3131452288759746,0.33901640987784987,0.3570348876888261,0.3338844484151835,0.357924580510371,0.38372988884129455,0.4016195277067709,0.36656571603009525,0.39016318644530656,0.4152369698977445,0.4337213362344414,0.4211045066709289,0.4489276659003565,0.47061439877518296,0.49538051606509725
1015,cabecera-4p-1slot,regular,10000,8,0.08,0.5,1.0e8,812.0,0.0,1.0,600.0,0.00051968,estable,3,13405573539084602171,594,47520594,4.345544099807739,,0.28604524166508205,,0.2888093607183464,0.3140506630119262,0.3362264669896149,0.3559701339414403,0.33440245582085026,0.35928373027146776,0.3812947144053851,0.39980814934065734,0.3678970320538042,0.39355452272046776,0.4138504933158629,0.43368838662146914,0.424402528801636,0.4552274192091659,0.4855135749265571,0.5076254921264649
1015,cabecera-4p-1slot,regular,10000,8,0.08,0.5,1.0e8,812.0,0.0,1.0,600.0,0.00051968,estable,4,16051867570915716003,590,47200590,4.270735025405884,,0.28432844028260884,,0.28830883400723906,0.31084890844968527,0.337893205479304,0.3750303229348333,0.3330082780332475,0.35569709191565835,0.3830069100288256,0.41977634475409786,0.36660236153433345,0.38924400564928874,0.4157584452265155,0.4529744723012925,0.41886058168472573,0.4477150904635323,0.47750768978414726,0.5107248118002019
1015,cabecera-4p-1slot,regular,10000,8,0.08,0.5,1.0e8,812.0,0.0,1.0,600.0,0.00051968,estable,5,7763534271948585055,562,44960562,4.098692893981934,,0.28421837384299214,,0.2882536782792613,0.3108957247206128,0.34136182687193417,0.3600307813116501,0.33304731594148507,0.3556249245063654,0.3859940826421463,0.40599425172985093,0.3673058872380466,0.3903858434343306,0.41891364508790396,0.4420150304715662,0.4232456126308648,0.44939263065742807,0.47601099774271916,0.49018841646966393
1015,cabecera-4p-1slot,regular,10000,8,0.08,0.5,1.0e8,812.0,0.0,1.0,600.0,0.00051968,estable,6,5579512412481067199,594,47520594,4.342656135559082,,0.2865956609225176,,0.28966401438196954,0.31593719212455085,0.3421505183196132,0.3565669331546246,0.3347202529110973,0.3607793938762711,0.3875175534771529,0.40142024260353537,0.36743840009552287,0.39317886183891915,0.42102451575607347,0.43573125247252165,0.419210112728166,0.4484035523920511,0.47193090086973655,0.48337947050474384
1015,cabecera-4p-1slot,regular,10000,8,0.08,0.5,1.0e8,812.0,0.0,1.0,600.0,0.00051968,estable,7,11380721870105801294,623,49840623,4.554524898529053,,0.2867034599499159,,0.28913671254726125,0.317228651017615,0.33400769590036816,0.35506909375135365,0.33374405385512773,0.36201024515435165,0.37829537161718463,0.39961677361969805,0.36676738210832127,0.39451161261280276,0.4122980054760319,0.43179656524506527,0.41929347558858865,0.44722073740737756,0.4757245972340911,0.49239360783781194
1015,cabecera-4p-1slot,regular,10000,8,0.08,0.5,1.0e8,812.0,0.0,1.0,600.0,0.00051968,estable,8,18154091923709030541,627,50160627,4.535640001296997,,0.2842916401371337,,0.2881774038915239,0.3114849737179952,0.33391668565167265,0.36776185531704186,0.3324789440874838,0.3561019471636655,0.37842105907151335,0.41306516736483445,0.3656443245205878,0.389207922843525,0.4116018858903203,0.4468256493756826,0.4259721340039846,0.45558725038395664,0.48580118394681904,0.525471278329718
1015,cabecera-4p-1slot,regular,10000,8,0.08,0.5,1.0e8,812.0,0.0,1.0,600.0,0.00051968,estable,9,2151462443796526732,612,48960612,4.451527833938599,,0.2840575423788812,,0.28700715022148415,0.3112276606506157,0.33072816430194507,0.3690933357015638,0.33148305762836117,0.35540600552127444,0.375517377264714,0.41371871138949246,0.3637687623626391,0.38753178325941917,0.40687140596719473,0.44580400973984524,0.4253474141006137,0.45496152237586784,0.48037720709967857,0.5260316005452523
1015,cabecera-4p-1slot,regular,10000,8,0.08,0.5,1.0e8,812.0,0.0,1.0,600.0,0.00051968,estable,10,13416933467836844960,576,46080576,4.226492881774902,,0.2865257193484649,,0.28984068483839565,0.31485993737885565,0.3362704293688239,0.3492163792488441,0.3348424865366155,0.3596850395155684,0.3817473168288359,0.39447524532707234,0.3682515067699157,0.3926174595020484,0.41465241771012984,0.4296115070381461,0.4289898714779383,0.45773311339820566,0.48397199715216743,0.5004276628634727
1015,cabecera-4p-1slot,regular,10000,8,0.08,0.5,1.0e8,812.0,0.0,1.0,600.0,0.00051968,estable,11,6530268828421424486,609,48720609,4.355010986328125,,0.28502117368408175,,0.28911159702942557,0.31130748043392487,0.33643430117763273,0.35595598266178285,0.33308642046708314,0.3561310359741299,0.38109062193812804,0.4007908669973119,0.36559442583165946,0.3882362401077728,0.41298576329478465,0.43327717632320173,0.41398751981630966,0.44139591771192954,0.4677151910673274,0.48084683714535004
1015,cabecera-4p-1slot,regular,10000,8,0.08,0.5,1.0e8,812.0,0.0,1.0,600.0,0.00051968,estable,12,15447368301195476024,658,52640658,4.663315057754517,,0.28575666788090537,,0.28959027471398713,0.31145642504310445,0.3445126287702749,0.3578355573514287,0.33461219543055876,0.3563334857691416,0.38995674456239726,0.4037182651203395,0.368309592087428,0.39023982735977825,0.42412073849733645,0.43826357564724816,0.4272320468577,0.4595752781747535,0.4971709430878164,0.5132120925427728
1027,anuncio-arranque-571tx,regular,10000,8,0.08,0.5,1.0e8,4238.0,0.0,1.0,600.0,0.00271232,estable,1,17101064156196960849,593,47440593,4.236870050430298,,0.2938307685109798,,0.2971176127156525,0.3225420122817013,0.34671515030274236,0.36265652403972126,0.3427791419985624,0.3677603714122881,0.39240585091198454,0.40798277554051765,0.37640606667292786,0.40161395383216814,0.4246783795532849,0.4404500005493901,0.4305022026999268,0.46291545602076667,0.4890715585343628,0.5107408135322089
1027,anuncio-arranque-571tx,regular,10000,8,0.08,0.5,1.0e8,4238.0,0.0,1.0,600.0,0.00271232,estable,2,15413381109576539590,632,50560632,4.6769490242004395,,0.29415020712842704,,0.2977464796750269,0.32231198801406435,0.3481390616923363,0.40787181744440204,0.3432609988757349,0.3674543593468229,0.394335402780257,0.4541080329609031,0.37799073452436005,0.40115695338255364,0.42719427305280533,0.4870827033940941,0.4407514650100097,0.471617072416052,0.49974011902122584,0.5408797828110892
1027,anuncio-arranque-571tx,regular,10000,8,0.08,0.5,1.0e8,4238.0,0.0,1.0,600.0,0.00271232,estable,3,13693113470129547781,578,46240578,4.183729887008667,,0.2954031131592517,,0.3002711334545438,0.3235236210291532,0.3446334065659613,0.36078719203089804,0.3460792674410982,0.36932197547449164,0.39113913561648417,0.4059314235337297,0.379727345335084,0.4025552373525443,0.42381074265914265,0.44060605244260387,0.43707018301186595,0.46249250087043947,0.48348048446884206,0.4989185040965367
1027,anuncio-arranque-571tx,regular,10000,8,0.08,0.5,1.0e8,4238.0,0.0,1.0,600.0,0.00271232,estable,4,7441505278800563661,603,48240603,4.435899019241333,,0.2917006332442678,,0.2956549608613841,0.32152380531988456,0.34749663096539507,0.3820131192009768,0.341071814544911,0.36698126151037513,0.39265976169338046,0.4275761997269427,0.3745389522915161,0.40054033420199175,0.42618194474232496,0.4609270827774665,0.42425784853770665,0.4532388161589722,0.48029557261287437,0.5255124531188926
1027,anuncio-arranque-571tx,regular,10000,8,0.08,0.5,1.0e8,4238.0,0.0,1.0,600.0,0.00271232,estable,5,17660333634292958988,607,48560607,4.495527029037476,,0.29168936421135133,,0.295823241894027,0.3200129670591423,0.3407152244338931,0.34821415634401376,0.3414080411581608,0.36522844672188626,0.38702274134061554,0.3928164686150737,0.37461546702843407,0.3984789572241425,0.419416137925964,0.4264723187957884,0.4340355794936386,0.46142506503980485,0.4847482034580253,0.5150315147989204
1027,anuncio-arranque-571tx,regular,10000,8,0.08,0.5,1.0e8,4238.0,0.0,1.0,600.0,0.00271232,estable,6,15915250371508291082,584,46720584,4.281136989593506,,0.29375114164075167,,0.2965357931857113,0.32195201697078346,0.35248382475435847,0.43469083925302243,0.34253754227015065,0.3677775163637307,0.3977299143639357,0.48110904389574216,0.3771630809107762,0.40161123020595824,0.4323222087028853,0.5137904507133157,0.4465286484855824,0.4869753393267615,0.5295535730444954,0.5688241938709666
1027,anuncio-arranque-571tx,regular,10000,8,0.08,0.5,1.0e8,4238.0,0.0,1.0,600.0,0.00271232,estable,7,13344655394914914895,598,47840598,4.3289079666137695,,0.2940013922912747,,0.2975104438487506,0.3201030237139548,0.35200953406092594,0.36748836325148204,0.34298830110918743,0.36594075834898376,0.39774605337071733,0.41418295028472585,0.3768217752845544,0.3992134382855852,0.43310146674458494,0.4474313400578467,0.42871673344956207,0.4540623266603916,0.4883236234765036,0.5137254752096965
1027,anuncio-arranque-571tx,regular,10000,8,0.08,0.5,1.0e8,4238.0,0.0,1.0,600.0,0.00271232,estable,8,11455600597212234639,602,48160602,4.352759122848511,,0.29207564734960134,,0.2953604548921476,0.32010664431702196,0.34351700129769824,0.35558966207565845,0.3413638451031602,0.3664025008500005,0.39038664720021643,0.40047333371586546,0.3745479941077292,0.40075551049521607,0.42310060233859303,0.4364547846270739,0.42925454745522984,0.45646743539435874,0.4833503915945556,0.4934389213868826
1027,anuncio-arranque-571tx,regular,10000,8,0.08,0.5,1.0e8,4238.0,0.0,1.0,600.0,0.00271232,estable,9,7858423856854083882,626,50080626,4.470155954360962,,0.29314644411244334,,0.2972592321494858,0.3202537872825246,0.3478408496000611,0.35618354664575236,0.34291699748746396,0.36561430537256,0.3933753226630188,0.40112828715064097,0.37610754769434607,0.39989013493696746,0.427014811644824,0.43564865651404716,0.43055381856063946,0.45716507963834374,0.4899742131678977,0.5041793573902709
1027,anuncio-arranque-571tx,regular,10000,8,0.08,0.5,1.0e8,4238.0,0.0,1.0,600.0,0.00271232,estable,10,12750792737425947314,626,50080626,4.445913791656494,,0.2919270236630082,,0.2955919366729063,0.31942504975137354,0.3485987630939462,0.37672133950110265,0.34107315043820563,0.3651902545724397,0.3944821042438207,0.42230788844199196,0.3751259107609002,0.3991666751661569,0.4279468611307493,0.45486049958356034,0.43142024372204446,0.45842897633190205,0.48911355501383014,0.5075405268563884
1027,anuncio-arranque-571tx,regular,10000,8,0.08,0.5,1.0e8,4238.0,0.0,1.0,600.0,0.00271232,estable,11,3792104384457919528,643,51440643,4.726070880889893,,0.2944627167965567,,0.29860456231779153,0.3205802253503176,0.3441364185072686,0.3661557655661909,0.3444096553633216,0.3660830320172348,0.390567868511944,0.411846944519084,0.37730748202039877,0.3987379291458524,0.4236019709829293,0.44497124661552334,0.43589244312262565,0.4641390650345443,0.4918641377383324,0.5042843001983357
1027,anuncio-arranque-571tx,regular,10000,8,0.08,0.5,1.0e8,4238.0,0.0,1.0,600.0,0.00271232,estable,12,17435926516368308423,607,48560607,4.4790167808532715,,0.293905004821569,,0.298644538509393,0.3203345792368282,0.35711725478680023,0.37408345026184975,0.344214098098405,0.3660173312034658,0.40186804304869383,0.4197387134321673,0.3775766006610297,0.3996372752260413,0.4328679778634523,0.45285232585553103,0.4407849374209718,0.47452555963918286,0.5058877600531844,0.5208319217122153
1039,cabecera-peor-caso-16p-150slot,regular,10000,8,0.08,0.5,1.0e8,20268.0,0.0,1.0,600.0,0.01297152,estable,1,8450280096553525714,570,45600570,4.1836278438568115,,0.3310793496791286,,0.3359082594324718,0.3602550195238905,0.3811008429837841,0.39996154707068854,0.3862391191293497,0.4101852667205321,0.4308803470923408,0.4499216115040099,0.42174558752680014,0.44629543896411406,0.4673951938302707,0.4858545466471469,0.4796837674844028,0.5134650830020178,0.5356060213733826,0.5559604524413544
1039,cabecera-peor-caso-16p-150slot,regular,10000,8,0.08,0.5,1.0e8,20268.0,0.0,1.0,600.0,0.01297152,estable,2,9601038629004761099,593,47440593,4.372910976409912,,0.32841898650831985,,0.33353910113265783,0.35978545131206374,0.3842182593508028,0.41108636971597434,0.38348613531638875,0.40924550941775806,0.4341022271163695,0.461211422391159,0.41852938127600225,0.44541978790613257,0.4700175340058479,0.49758910265353506,0.4691692794856408,0.4975912410818637,0.521003455614391,0.5494236339465601
1039,cabecera-peor-caso-16p-150slot,regular,10000,8,0.08,0.5,1.0e8,20268.0,0.0,1.0,600.0,0.01297152,estable,3,11283267916375780427,632,50560632,4.569073915481567,,0.3301815806302482,,0.33502519372260053,0.3601884101452697,0.38674233453139095,0.39350654474640123,0.3851333651317361,0.4099006409769572,0.4360040629103423,0.44390130432458363,0.42013173643567825,0.4457612624923968,0.47140094695640755,0.4803300370758734,0.4783887900617003,0.5120352868704572,0.5355909274944679,0.5644059434254771
1039,cabecera-peor-caso-16p-150slot,regular,10000,8,0.08,0.5,1.0e8,20268.0,0.0,1.0,600.0,0.01297152,estable,4,10486732614721172190,605,48400605,4.347687005996704,,0.3303726036118381,,0.3347843856403081,0.36036894923071827,0.38758512111155596,0.4049535470543191,0.38491445373141175,0.4105500305990972,0.4383071030148358,0.4557832342765522,0.42059856639014015,0.4460203242765317,0.47415404903171066,0.48912190465127026,0.474963493292492,0.5031623368579403,0.5376738768890164,0.5516567721238061
1039,cabecera-peor-caso-16p-150slot,regular,10000,8,0.08,0.5,1.0e8,20268.0,0.0,1.0,600.0,0.01297152,estable,5,1475387046759707245,626,50080626,4.547746896743774,,0.3308127816211149,,0.33462994053101625,0.3621366897257303,0.38974085479867426,0.403885214376146,0.38498898958681593,0.412281223222692,0.439927389544323,0.4545553596225318,0.42104727636584016,0.4483725301011532,0.4760297108480245,0.4918058278622084,0.4756569877827985,0.5067476029457225,0.5321553577292661,0.5536364597963939
1039,cabecera-peor-caso-16p-150slot,regular,10000,8,0.08,0.5,1.0e8,20268.0,0.0,1.0,600.0,0.01297152,estable,6,17048185392499570775,596,47680596,4.176941156387329,,0.3299938321835315,,0.3339568464003264,0.36009505319054824,0.3933612219162228,0.4013648750516836,0.3839586179116736,0.4102685904648524,0.44407670330321025,0.4512041357294265,0.419784480273961,0.44582714638383436,0.4794042107583323,0.48885590410429813,0.48128156024063173,0.5141282702278875,0.5415495585287999,0.560123393281053
1039,cabecera-peor-caso-16p-150slot,regular,10000,8,0.08,0.5,1.0e8,20268.0,0.0,1.0,600.0,0.01297152,estable,7,6574148268099581969,617,49360617,5.317934036254883,,0.3298181688277597,,0.33451798308584557,0.3576340187544389,0.38586705746257977,0.40196749540692167,0.38484807230757667,0.40802166929222494,0.4349506896166986,0.4514264713043872,0.4196393988641205,0.4428157689569616,0.46908696890346846,0.4875023981022366,0.4705384204522147,0.49974505865736774,0.5222236651213734,0.5407545665956945
1039,cabecera-peor-caso-16p-150slot,regular,10000,8,0.08,0.5,1.0e8,20268.0,0.0,1.0,600.0,0.01297152,estable,8,4170805435453151938,611,48880611,4.7214319705963135,,0.3291414652411025,,0.3340977155997962,0.35756827425524307,0.3818065846544414,0.4045249171249452,0.3838271279236096,0.40766060739405674,0.43106367441839666,0.45442938135659006,0.4193167031874623,0.4436316875708428,0.46582638084362316,0.48825734558728584,0.48242721206695194,0.5172784490684421,0.5448962298460742,0.5624599329456714
1039,cabecera-peor-caso-16p-150slot,regular,10000,8,0.08,0.5,1.0e8,20268.0,0.0,1.0,600.0,0.01297152,estable,9,820802009463601684,582,46560582,4.199908018112183,,0.3310299050246996,,0.33576232142415385,0.360176103712206,0.3895626310533089,0.4014759482711554,0.3863137174096636,0.4107422777988745,0.4403845760294871,0.45105801225696496,0.4220824410114119,0.4460219389872293,0.4769110570832944,0.48691807692301836,0.4745496268826628,0.5028668335439335,0.53452962794222,0.5543749321560085
1039,cabecera-peor-caso-16p-150slot,regular,10000,8,0.08,0.5,1.0e8,20268.0,0.0,1.0,600.0,0.01297152,estable,10,337078431194395277,612,48960612,4.47868013381958,,0.32989836653727894,,0.33575912782464457,0.35807346430835807,0.38218864700525046,0.4003482691657041,0.38558969648693164,0.4076728362318818,0.4319221807230633,0.45011988068337416,0.4203336404979723,0.4435627408530536,0.4654848907963469,0.4858045634074699,0.47481831875182934,0.5043509335334377,0.5300344598089168,0.5432430155196641
1039,cabecera-peor-caso-16p-150slot,regular,10000,8,0.08,0.5,1.0e8,20268.0,0.0,1.0,600.0,0.01297152,estable,11,15998757143908170494,607,48560607,4.401423931121826,,0.32809618636374765,,0.3325640407828132,0.3581457555561176,0.38126502321171074,0.40229357530103016,0.38265684229861563,0.40792163022861416,0.43044328721504144,0.45181596117731715,0.4178471389014362,0.44374480082160517,0.4665646194716828,0.4864535955659903,0.4776561408323232,0.509187814375764,0.5385151115805229,0.5556061398818883
1039,cabecera-peor-caso-16p-150slot,regular,10000,8,0.08,0.5,1.0e8,20268.0,0.0,1.0,600.0,0.01297152,estable,12,4803573279164410653,625,50000625,4.430613994598389,,0.3328600376442039,,0.33775346404708984,0.36285206214546406,0.3886829873276838,0.4217987681192241,0.38865167056292194,0.41363120864900793,0.43922339020309664,0.472820015854726,0.42447872609841397,0.4505578161425774,0.47430518200513916,0.5112447791500792,0.48353412962869413,0.513811328208817,0.5383473911056171,0.5632906505589297
1051,anuncio-techo-4464tx,regular,10000,8,0.08,0.5,1.0e8,27596.0,0.0,1.0,600.0,0.01766144,estable,1,8062954849113547771,563,45040563,4.03984808921814,,0.3482265120341653,,0.35417652861090687,0.37611014231950435,0.40138544093440487,0.4234222358937245,0.4067863248976096,0.4290663971103186,0.4533707527106685,0.4762203986851432,0.4438569429257768,0.4666949156603266,0.49020926805013687,0.5131359413201153,0.5024873367347595,0.5285608383040596,0.5529439147995845,0.5606645937307633
1051,anuncio-techo-4464tx,regular,10000,8,0.08,0.5,1.0e8,27596.0,0.0,1.0,600.0,0.01766144,estable,2,12634707854652768180,636,50880636,4.593235015869141,,0.34624632557358825,,0.3507565018276182,0.37453338766499655,0.40141921032756045,0.41689701344324703,0.4031246958651664,0.426235180632375,0.45320161342016263,0.46765682397102637,0.43897837961361574,0.46189852903864903,0.4901449988436184,0.5047804802764517,0.4909541807228379,0.518739171095973,0.5442196205216305,0.5602355074603338
1051,anuncio-techo-4464tx,regular,10000,8,0.08,0.5,1.0e8,27596.0,0.0,1.0,600.0,0.01766144,estable,3,9768365109037285430,588,47040588,4.208204984664917,,0.34801819279435503,,0.3537109991508487,0.3788880497612013,0.40978883321929516,0.4350077654361826,0.4058977588690311,0.43077956448269106,0.46204936322675394,0.48842576446571684,0.4432337967007811,0.46786520239231777,0.4997256406489896,0.5252942097620803,0.5022639658367609,0.5329105674974812,0.5703517064015386,0.6088365105742071
1051,anuncio-techo-4464tx,regular,10000,8,0.08,0.5,1.0e8,27596.0,0.0,1.0,600.0,0.01766144,estable,4,9975768237896077996,624,49920624,4.416380167007446,,0.34704268547313477,,0.3524875292116576,0.3787872996823465,0.40512880194822287,0.42440080219608944,0.40472950085268167,0.4308593491379966,0.45621631505633786,0.4756155188172926,0.44171718654715164,0.4674760909312283,0.4930054710675904,0.5102020837046126,0.5008436372370966,0.532356689648168,0.560046971196698,0.5770015721013237
1051,anuncio-techo-4464tx,regular,10000,8,0.08,0.5,1.0e8,27596.0,0.0,1.0,600.0,0.01766144,estable,5,11138520510474602243,563,45040563,4.12627387046814,,0.34656341113633726,,0.35240770031711577,0.3776867509525914,0.3995820597452848,0.41002597220199277,0.4039037273233337,0.4295785696639314,0.4512083907454212,0.4619552744637758,0.43995847922519715,0.4656130871933044,0.4882736588020862,0.4974385627161553,0.5146666137835325,0.5593372587358658,0.597920862607765,0.6024224715528561
1051,anuncio-techo-4464tx,regular,10000,8,0.08,0.5,1.0e8,27596.0,0.0,1.0,600.0,0.01766144,estable,6,56226561931345562,618,49440618,4.469520807266235,,0.3493781342653285,,0.3549956088531303,0.37816235223188244,0.41159672049377605,0.4211180941790076,0.4075423181769793,0.43058377410989124,0.46352524566030695,0.4740875185303537,0.44461808643103495,0.46771784737438793,0.5010007785800781,0.511382399122084,0.5002704913335947,0.5273705274781548,0.5546337528970184,0.5877573986671365
1051,anuncio-techo-4464tx,regular,10000,8,0.08,0.5,1.0e8,27596.0,0.0,1.0,600.0,0.01766144,estable,7,6211878487446573993,581,46480581,4.22969388961792,,0.3487494064493295,,0.35364160375661413,0.3768169306111986,0.4140899648037646,0.4291075309690484,0.4062349903490059,0.4293056014143417,0.46660114577980494,0.48132882134075317,0.4425561143395953,0.466355935718866,0.5024192953477495,0.5190352190977023,0.4983899792457578,0.5296658922493407,0.5675765053570387,0.604253332865369
1051,anuncio-techo-4464tx,regular,10000,8,0.08,0.5,1.0e8,27596.0,0.0,1.0,600.0,0.01766144,estable,8,9353135880010324278,585,46800585,4.242636203765869,,0.34716824643502886,,0.35219818371234624,0.37648938297465406,0.4017680108809145,0.4322615399927372,0.40410786351426964,0.4290697056561896,0.45492404664872765,0.48434548078904527,0.4407989311367828,0.4646364636287217,0.49092512567307267,0.5181663208625764,0.5064126358445264,0.5399391961251467,0.579391503928889,0.6111541568671157
1051,anuncio-techo-4464tx,regular,10000,8,0.08,0.5,1.0e8,27596.0,0.0,1.0,600.0,0.01766144,estable,9,9864991736487828373,597,47760597,4.304296016693115,,0.3438643144777682,,0.34820366636847666,0.37563815742583984,0.39678990072707165,0.4066647001018282,0.4002617079513584,0.4282043362787249,0.44883082950354947,0.45866736054281887,0.4363565659859887,0.464260502038087,0.4861663349159926,0.4956323333713897,0.4926984791712812,0.5237568577171601,0.5477694560842963,0.5558891801800314
1051,anuncio-techo-4464tx,regular,10000,8,0.08,0.5,1.0e8,27596.0,0.0,1.0,600.0,0.01766144,estable,10,223268127713197578,583,46640583,4.252980947494507,,0.349326885777421,,0.3551069971473453,0.3795040181186593,0.4080344600908461,0.42774801869836665,0.4076930848025313,0.43169059828365874,0.46076052923086763,0.4811358716497125,0.44499697819270523,0.46953960665530303,0.49750687324336695,0.5183182743910493,0.499748809125407,0.5287133942081823,0.5661069192335617,0.59646791901298
1051,anuncio-techo-4464tx,regular,10000,8,0.08,0.5,1.0e8,27596.0,0.0,1.0,600.0,0.01766144,estable,11,14825014606562843078,632,50560632,4.630141019821167,,0.34745164429908104,,0.35296489707195633,0.37526026164781,0.39850740204129664,0.4206119527251104,0.4054030998386793,0.4270253688403045,0.4501112946076873,0.4726698814908019,0.44181873919620784,0.4632908329230645,0.4870617099430774,0.5076257320840369,0.4957110216493561,0.5236193218848371,0.544693537351975,0.577347331507525
1051,anuncio-techo-4464tx,regular,10000,8,0.08,0.5,1.0e8,27596.0,0.0,1.0,600.0,0.01766144,estable,12,18268346228947164506,620,49600620,4.563241004943848,,0.3474563228440669,,0.35132533160754065,0.3803255519408708,0.40993346357396376,0.44576604927983965,0.4033797543830886,0.431708800298793,0.46163299852375417,0.4975986259969716,0.43997290789934596,0.46889603674077307,0.497539413190367,0.5351136187888557,0.5048072848541096,0.5382046354288832,0.5694695880068252,0.5997294983754955
